rank,candidate_id,x_steps,learning_rate,weight_decay,dropout,tao2,val_acc_mean,val_acc_std,val_acc_min,val_acc_max,test_acc_mean,test_acc_std,test_acc_min,test_acc_max,n
1,901,32,0.01,0,0.25,0.1,66.3169021606,0,66.3169021606,66.3169021606,67.3084335327,0,67.3084335327,67.3084335327,1
2,916,32,0.01,0.0001,0.25,0.1,66.3169021606,0,66.3169021606,66.3169021606,67.3084335327,0,67.3084335327,67.3084335327,1
3,931,32,0.01,0.001,0.25,0.1,66.3169021606,0,66.3169021606,66.3169021606,67.3084335327,0,67.3084335327,67.3084335327,1
4,946,32,0.01,0.01,0.25,0.1,66.3169021606,0,66.3169021606,66.3169021606,67.3180541992,0,67.3180541992,67.3180541992,1
5,903,32,0.01,0,0.25,0.5,66.2495193481,0,66.2495193481,66.2495193481,67.3565597534,0,67.3565597534,67.3565597534,1
6,918,32,0.01,0.0001,0.25,0.5,66.2495193481,0,66.2495193481,66.2495193481,67.3565597534,0,67.3565597534,67.3565597534,1
7,902,32,0.01,0,0.25,0.3,66.2398910522,0,66.2398910522,66.2398910522,67.2988052368,0,67.2988052368,67.2988052368,1
8,917,32,0.01,0.0001,0.25,0.3,66.2398910522,0,66.2398910522,66.2398910522,67.2988052368,0,67.2988052368,67.2988052368,1
9,932,32,0.01,0.001,0.25,0.3,66.2398910522,0,66.2398910522,66.2398910522,67.2988052368,0,67.2988052368,67.2988052368,1
10,947,32,0.01,0.01,0.25,0.3,66.2398910522,0,66.2398910522,66.2398910522,67.2988052368,0,67.2988052368,67.2988052368,1
11,933,32,0.01,0.001,0.25,0.5,66.201385498,0,66.201385498,66.201385498,67.3180541992,0,67.3180541992,67.3180541992,1
12,948,32,0.01,0.01,0.25,0.5,66.201385498,0,66.201385498,66.201385498,67.3180541992,0,67.3180541992,67.3180541992,1
13,230,2,0.01,0.01,0.25,0.9,66.1821289062,0,66.1821289062,66.1821289062,66.3939208984,0,66.3939208984,66.3939208984,1
14,904,32,0.01,0,0.25,0.7,66.1821289062,0,66.1821289062,66.1821289062,67.2602996826,0,67.2602996826,67.2602996826,1
15,919,32,0.01,0.0001,0.25,0.7,66.1821289062,0,66.1821289062,66.1821289062,67.2602996826,0,67.2602996826,67.2602996826,1
16,934,32,0.01,0.001,0.25,0.7,66.1821289062,0,66.1821289062,66.1821289062,67.2506713867,0,67.2506713867,67.2506713867,1
17,949,32,0.01,0.01,0.25,0.7,66.1821289062,0,66.1821289062,66.1821289062,67.2506713867,0,67.2506713867,67.2506713867,1
18,905,32,0.01,0,0.25,0.9,65.845199585,0,65.845199585,65.845199585,67.0003814697,0,67.0003814697,67.0003814697,1
19,920,32,0.01,0.0001,0.25,0.9,65.845199585,0,65.845199585,65.845199585,67.0003814697,0,67.0003814697,67.0003814697,1
20,935,32,0.01,0.001,0.25,0.9,65.845199585,0,65.845199585,65.845199585,67.0003814697,0,67.0003814697,67.0003814697,1
21,950,32,0.01,0.01,0.25,0.9,65.845199585,0,65.845199585,65.845199585,67.0100097656,0,67.0100097656,67.0100097656,1
22,1081,64,0.01,0,0.25,0.1,63.8814048767,0,63.8814048767,63.8814048767,65.075088501,0,65.075088501,65.075088501,1
23,1096,64,0.01,0.0001,0.25,0.1,63.8814048767,0,63.8814048767,63.8814048767,65.075088501,0,65.075088501,65.075088501,1
24,1111,64,0.01,0.001,0.25,0.1,63.8814048767,0,63.8814048767,63.8814048767,65.075088501,0,65.075088501,65.075088501,1
25,1126,64,0.01,0.01,0.25,0.1,63.8814048767,0,63.8814048767,63.8814048767,65.075088501,0,65.075088501,65.075088501,1
26,1083,64,0.01,0,0.25,0.5,63.8717765808,0,63.8717765808,63.8717765808,65.1328430176,0,65.1328430176,65.1328430176,1
27,1098,64,0.01,0.0001,0.25,0.5,63.8717765808,0,63.8717765808,63.8717765808,65.1328430176,0,65.1328430176,65.1328430176,1
28,1113,64,0.01,0.001,0.25,0.5,63.8717765808,0,63.8717765808,63.8717765808,65.1328430176,0,65.1328430176,65.1328430176,1
29,1128,64,0.01,0.01,0.25,0.5,63.8717765808,0,63.8717765808,63.8717765808,65.1328430176,0,65.1328430176,65.1328430176,1
30,1082,64,0.01,0,0.25,0.3,63.7466316223,0,63.7466316223,63.7466316223,65.075088501,0,65.075088501,65.075088501,1
31,1097,64,0.01,0.0001,0.25,0.3,63.7466316223,0,63.7466316223,63.7466316223,65.075088501,0,65.075088501,65.075088501,1
32,1112,64,0.01,0.001,0.25,0.3,63.7466316223,0,63.7466316223,63.7466316223,65.075088501,0,65.075088501,65.075088501,1
33,1127,64,0.01,0.01,0.25,0.3,63.7466316223,0,63.7466316223,63.7466316223,65.075088501,0,65.075088501,65.075088501,1
34,1114,64,0.01,0.001,0.25,0.7,63.7081260681,0,63.7081260681,63.7081260681,64.9499435425,0,64.9499435425,64.9499435425,1
35,1129,64,0.01,0.01,0.25,0.7,63.7081260681,0,63.7081260681,63.7081260681,64.9499435425,0,64.9499435425,64.9499435425,1
36,1084,64,0.01,0,0.25,0.7,63.6985015869,0,63.6985015869,63.6985015869,64.9499435425,0,64.9499435425,64.9499435425,1
37,1099,64,0.01,0.0001,0.25,0.7,63.6985015869,0,63.6985015869,63.6985015869,64.9499435425,0,64.9499435425,64.9499435425,1
38,724,16,0.01,0,0.25,0.7,63.6214866638,0,63.6214866638,63.6214866638,64.0931854248,0,64.0931854248,64.0931854248,1
39,739,16,0.01,0.0001,0.25,0.7,63.6214866638,0,63.6214866638,63.6214866638,64.0931854248,0,64.0931854248,64.0931854248,1
40,754,16,0.01,0.001,0.25,0.7,63.6214866638,0,63.6214866638,63.6214866638,64.0931854248,0,64.0931854248,64.0931854248,1
41,767,16,0.01,0.01,0.25,0.3,63.6214866638,0,63.6214866638,63.6214866638,64.1220626831,0,64.1220626831,64.1220626831,1
42,769,16,0.01,0.01,0.25,0.7,63.6214866638,0,63.6214866638,63.6214866638,64.1028137207,0,64.1028137207,64.1028137207,1
43,722,16,0.01,0,0.25,0.3,63.6118583679,0,63.6118583679,63.6118583679,64.1220626831,0,64.1220626831,64.1220626831,1
44,737,16,0.01,0.0001,0.25,0.3,63.6118583679,0,63.6118583679,63.6118583679,64.1220626831,0,64.1220626831,64.1220626831,1
45,752,16,0.01,0.001,0.25,0.3,63.6118583679,0,63.6118583679,63.6118583679,64.1220626831,0,64.1220626831,64.1220626831,1
46,721,16,0.01,0,0.25,0.1,63.5926055908,0,63.5926055908,63.5926055908,64.0835571289,0,64.0835571289,64.0835571289,1
47,736,16,0.01,0.0001,0.25,0.1,63.5926055908,0,63.5926055908,63.5926055908,64.0835571289,0,64.0835571289,64.0835571289,1
48,751,16,0.01,0.001,0.25,0.1,63.5926055908,0,63.5926055908,63.5926055908,64.0835571289,0,64.0835571289,64.0835571289,1
49,766,16,0.01,0.01,0.25,0.1,63.5733528137,0,63.5733528137,63.5733528137,64.0835571289,0,64.0835571289,64.0835571289,1
50,723,16,0.01,0,0.25,0.5,63.5637283325,0,63.5637283325,63.5637283325,64.073928833,0,64.073928833,64.073928833,1
51,738,16,0.01,0.0001,0.25,0.5,63.5637283325,0,63.5637283325,63.5637283325,64.073928833,0,64.073928833,64.073928833,1
52,753,16,0.01,0.001,0.25,0.5,63.5637283325,0,63.5637283325,63.5637283325,64.073928833,0,64.073928833,64.073928833,1
53,768,16,0.01,0.01,0.25,0.5,63.5637283325,0,63.5637283325,63.5637283325,64.073928833,0,64.073928833,64.073928833,1
54,725,16,0.01,0,0.25,0.9,63.4289550781,0,63.4289550781,63.4289550781,64.8729324341,0,64.8729324341,64.8729324341,1
55,740,16,0.01,0.0001,0.25,0.9,63.4289550781,0,63.4289550781,63.4289550781,64.8729324341,0,64.8729324341,64.8729324341,1
56,755,16,0.01,0.001,0.25,0.9,63.4289550781,0,63.4289550781,63.4289550781,64.8729324341,0,64.8729324341,64.8729324341,1
57,770,16,0.01,0.01,0.25,0.9,63.4289550781,0,63.4289550781,63.4289550781,64.8729324341,0,64.8729324341,64.8729324341,1
58,1085,64,0.01,0,0.25,0.9,63.21717453,0,63.21717453,63.21717453,64.1220626831,0,64.1220626831,64.1220626831,1
59,1100,64,0.01,0.0001,0.25,0.9,63.21717453,0,63.21717453,63.21717453,64.1220626831,0,64.1220626831,64.1220626831,1
60,1115,64,0.01,0.001,0.25,0.9,63.21717453,0,63.21717453,63.21717453,64.1220626831,0,64.1220626831,64.1220626831,1
61,1130,64,0.01,0.01,0.25,0.9,63.21717453,0,63.21717453,63.21717453,64.1220626831,0,64.1220626831,64.1220626831,1
62,215,2,0.01,0.001,0.25,0.9,63.1401596069,0,63.1401596069,63.1401596069,63.6407394409,0,63.6407394409,63.6407394409,1
63,185,2,0.01,0,0.25,0.9,62.0138626099,0,62.0138626099,62.0138626099,62.6395835876,0,62.6395835876,62.6395835876,1
64,545,8,0.01,0,0.25,0.9,61.7346954346,0,61.7346954346,61.7346954346,62.7069702148,0,62.7069702148,62.7069702148,1
65,560,8,0.01,0.0001,0.25,0.9,61.7346954346,0,61.7346954346,61.7346954346,62.7069702148,0,62.7069702148,62.7069702148,1
66,575,8,0.01,0.001,0.25,0.9,61.7346954346,0,61.7346954346,61.7346954346,62.7069702148,0,62.7069702148,62.7069702148,1
67,590,8,0.01,0.01,0.25,0.9,61.7346954346,0,61.7346954346,61.7346954346,62.7069702148,0,62.7069702148,62.7069702148,1
68,907,32,0.01,0,0.5,0.3,61.7346954346,0,61.7346954346,61.7346954346,62.4181747437,0,62.4181747437,62.4181747437,1
69,922,32,0.01,0.0001,0.5,0.3,61.7346954346,0,61.7346954346,61.7346954346,62.4181747437,0,62.4181747437,62.4181747437,1
70,937,32,0.01,0.001,0.5,0.3,61.7346954346,0,61.7346954346,61.7346954346,62.4181747437,0,62.4181747437,62.4181747437,1
71,906,32,0.01,0,0.5,0.1,61.7250671387,0,61.7250671387,61.7250671387,62.2641487122,0,62.2641487122,62.2641487122,1
72,921,32,0.01,0.0001,0.5,0.1,61.7250671387,0,61.7250671387,61.7250671387,62.2641487122,0,62.2641487122,62.2641487122,1
73,936,32,0.01,0.001,0.5,0.1,61.7250671387,0,61.7250671387,61.7250671387,62.2641487122,0,62.2641487122,62.2641487122,1
74,951,32,0.01,0.01,0.5,0.1,61.7250671387,0,61.7250671387,61.7250671387,62.2641487122,0,62.2641487122,62.2641487122,1
75,952,32,0.01,0.01,0.5,0.3,61.7250671387,0,61.7250671387,61.7250671387,62.3989219666,0,62.3989219666,62.3989219666,1
76,544,8,0.01,0,0.25,0.7,61.6480522156,0,61.6480522156,61.6480522156,62.7165985107,0,62.7165985107,62.7165985107,1
77,559,8,0.01,0.0001,0.25,0.7,61.6480522156,0,61.6480522156,61.6480522156,62.7165985107,0,62.7165985107,62.7165985107,1
78,574,8,0.01,0.001,0.25,0.7,61.6480522156,0,61.6480522156,61.6480522156,62.7165985107,0,62.7165985107,62.7165985107,1
79,589,8,0.01,0.01,0.25,0.7,61.6480522156,0,61.6480522156,61.6480522156,62.7165985107,0,62.7165985107,62.7165985107,1
80,541,8,0.01,0,0.25,0.1,61.6287994385,0,61.6287994385,61.6287994385,62.6395835876,0,62.6395835876,62.6395835876,1
81,556,8,0.01,0.0001,0.25,0.1,61.6287994385,0,61.6287994385,61.6287994385,62.6395835876,0,62.6395835876,62.6395835876,1
82,571,8,0.01,0.001,0.25,0.1,61.6287994385,0,61.6287994385,61.6287994385,62.6395835876,0,62.6395835876,62.6395835876,1
83,586,8,0.01,0.01,0.25,0.1,61.6287994385,0,61.6287994385,61.6287994385,62.6395835876,0,62.6395835876,62.6395835876,1
84,542,8,0.01,0,0.25,0.3,61.6095466614,0,61.6095466614,61.6095466614,62.6684608459,0,62.6684608459,62.6684608459,1
85,557,8,0.01,0.0001,0.25,0.3,61.6095466614,0,61.6095466614,61.6095466614,62.6684608459,0,62.6684608459,62.6684608459,1
86,572,8,0.01,0.001,0.25,0.3,61.6095466614,0,61.6095466614,61.6095466614,62.6684608459,0,62.6684608459,62.6684608459,1
87,587,8,0.01,0.01,0.25,0.3,61.6095466614,0,61.6095466614,61.6095466614,62.6684608459,0,62.6684608459,62.6684608459,1
88,543,8,0.01,0,0.25,0.5,61.5999221802,0,61.5999221802,61.5999221802,62.6010780334,0,62.6010780334,62.6010780334,1
89,558,8,0.01,0.0001,0.25,0.5,61.5999221802,0,61.5999221802,61.5999221802,62.6010780334,0,62.6010780334,62.6010780334,1
90,573,8,0.01,0.001,0.25,0.5,61.5999221802,0,61.5999221802,61.5999221802,62.6010780334,0,62.6010780334,62.6010780334,1
91,588,8,0.01,0.01,0.25,0.5,61.5999221802,0,61.5999221802,61.5999221802,62.6010780334,0,62.6010780334,62.6010780334,1
92,908,32,0.01,0,0.5,0.5,61.5229110718,0,61.5229110718,61.5229110718,62.1678886414,0,62.1678886414,62.1678886414,1
93,923,32,0.01,0.0001,0.5,0.5,61.5229110718,0,61.5229110718,61.5229110718,62.1678886414,0,62.1678886414,62.1678886414,1
94,938,32,0.01,0.001,0.5,0.5,61.5229110718,0,61.5229110718,61.5229110718,62.1678886414,0,62.1678886414,62.1678886414,1
95,953,32,0.01,0.01,0.5,0.5,61.5229110718,0,61.5229110718,61.5229110718,62.1678886414,0,62.1678886414,62.1678886414,1
96,200,2,0.01,0.0001,0.25,0.9,61.5132865906,0,61.5132865906,61.5132865906,61.311126709,0,61.311126709,61.311126709,1
97,33,0,0.01,0.001,0.25,0.5,61.3785133362,0,61.3785133362,61.3785133362,62.4855575562,0,62.4855575562,62.4855575562,1
98,909,32,0.01,0,0.5,0.7,61.2148628235,0,61.2148628235,61.2148628235,62.0234909058,0,62.0234909058,62.0234909058,1
99,924,32,0.01,0.0001,0.5,0.7,61.2148628235,0,61.2148628235,61.2148628235,62.0234909058,0,62.0234909058,62.0234909058,1
100,939,32,0.01,0.001,0.5,0.7,61.2148628235,0,61.2148628235,61.2148628235,62.0234909058,0,62.0234909058,62.0234909058,1
101,954,32,0.01,0.01,0.5,0.7,61.2148628235,0,61.2148628235,61.2148628235,62.0234909058,0,62.0234909058,62.0234909058,1
102,729,16,0.01,0,0.5,0.7,61.089717865,0,61.089717865,61.089717865,61.8694648743,0,61.8694648743,61.8694648743,1
103,744,16,0.01,0.0001,0.5,0.7,61.089717865,0,61.089717865,61.089717865,61.8694648743,0,61.8694648743,61.8694648743,1
104,759,16,0.01,0.001,0.5,0.7,61.089717865,0,61.089717865,61.089717865,61.8694648743,0,61.8694648743,61.8694648743,1
105,774,16,0.01,0.01,0.5,0.7,61.089717865,0,61.089717865,61.089717865,61.8694648743,0,61.8694648743,61.8694648743,1
106,730,16,0.01,0,0.5,0.9,61.0608406067,0,61.0608406067,61.0608406067,62.1101264954,0,62.1101264954,62.1101264954,1
107,745,16,0.01,0.0001,0.5,0.9,61.0608406067,0,61.0608406067,61.0608406067,62.1101264954,0,62.1101264954,62.1101264954,1
108,760,16,0.01,0.001,0.5,0.9,61.0608406067,0,61.0608406067,61.0608406067,62.1101264954,0,62.1101264954,62.1101264954,1
109,775,16,0.01,0.01,0.5,0.9,61.0608406067,0,61.0608406067,61.0608406067,62.1101264954,0,62.1101264954,62.1101264954,1
110,31,0,0.01,0.001,0.25,0.1,61.0415878296,0,61.0415878296,61.0415878296,61.8020782471,0,61.8020782471,61.8020782471,1
111,726,16,0.01,0,0.5,0.1,60.9356956482,0,60.9356956482,60.9356956482,61.9657287598,0,61.9657287598,61.9657287598,1
112,741,16,0.01,0.0001,0.5,0.1,60.9356956482,0,60.9356956482,60.9356956482,61.9657287598,0,61.9657287598,61.9657287598,1
113,756,16,0.01,0.001,0.5,0.1,60.9356956482,0,60.9356956482,60.9356956482,61.9657287598,0,61.9657287598,61.9657287598,1
114,771,16,0.01,0.01,0.5,0.1,60.9356956482,0,60.9356956482,60.9356956482,61.9657287598,0,61.9657287598,61.9657287598,1
115,727,16,0.01,0,0.5,0.3,60.9164428711,0,60.9164428711,60.9164428711,61.8887176514,0,61.8887176514,61.8887176514,1
116,742,16,0.01,0.0001,0.5,0.3,60.9164428711,0,60.9164428711,60.9164428711,61.8887176514,0,61.8887176514,61.8887176514,1
117,757,16,0.01,0.001,0.5,0.3,60.9164428711,0,60.9164428711,60.9164428711,61.8887176514,0,61.8887176514,61.8887176514,1
118,772,16,0.01,0.01,0.5,0.3,60.9164428711,0,60.9164428711,60.9164428711,61.8887176514,0,61.8887176514,61.8887176514,1
119,728,16,0.01,0,0.5,0.5,60.8490600586,0,60.8490600586,60.8490600586,61.8983459473,0,61.8983459473,61.8983459473,1
120,743,16,0.01,0.0001,0.5,0.5,60.8490600586,0,60.8490600586,60.8490600586,61.8983459473,0,61.8983459473,61.8983459473,1
121,758,16,0.01,0.001,0.5,0.5,60.8490600586,0,60.8490600586,60.8490600586,61.8983459473,0,61.8983459473,61.8983459473,1
122,773,16,0.01,0.01,0.5,0.5,60.8490600586,0,60.8490600586,60.8490600586,61.8983459473,0,61.8983459473,61.8983459473,1
123,49,0,0.01,0.01,0.25,0.7,60.8394317627,0,60.8394317627,60.8394317627,62.3219070435,0,62.3219070435,62.3219070435,1
124,35,0,0.01,0.001,0.25,0.9,60.7912940979,0,60.7912940979,60.7912940979,62.2448997498,0,62.2448997498,62.2448997498,1
125,34,0,0.01,0.001,0.25,0.7,60.7142868042,0,60.7142868042,60.7142868042,61.2726211548,0,61.2726211548,61.2726211548,1
126,605,8,0.001,0,0.25,0.9,60.7046585083,0,60.7046585083,60.7046585083,61.6287994385,0,61.6287994385,61.6287994385,1
127,620,8,0.001,0.0001,0.25,0.9,60.7046585083,0,60.7046585083,60.7046585083,61.6287994385,0,61.6287994385,61.6287994385,1
128,635,8,0.001,0.001,0.25,0.9,60.7046585083,0,60.7046585083,60.7046585083,61.6287994385,0,61.6287994385,61.6287994385,1
129,650,8,0.001,0.01,0.25,0.9,60.7046585083,0,60.7046585083,60.7046585083,61.6287994385,0,61.6287994385,61.6287994385,1
130,604,8,0.001,0,0.25,0.7,60.5121307373,0,60.5121307373,60.5121307373,61.1282234192,0,61.1282234192,61.1282234192,1
131,619,8,0.001,0.0001,0.25,0.7,60.5121307373,0,60.5121307373,60.5121307373,61.1282234192,0,61.1282234192,61.1282234192,1
132,649,8,0.001,0.01,0.25,0.7,60.5121307373,0,60.5121307373,60.5121307373,61.0800933838,0,61.0800933838,61.0800933838,1
133,634,8,0.001,0.001,0.25,0.7,60.5025062561,0,60.5025062561,60.5025062561,61.1185951233,0,61.1185951233,61.1185951233,1
134,4,0,0.01,0,0.25,0.7,60.4736213684,0,60.4736213684,60.4736213684,62.0716209412,0,62.0716209412,62.0716209412,1
135,50,0,0.01,0.01,0.25,0.9,60.4543685913,0,60.4543685913,60.4543685913,61.3303833008,0,61.3303833008,61.3303833008,1
136,20,0,0.01,0.0001,0.25,0.9,60.4351158142,0,60.4351158142,60.4351158142,60.9838256836,0,60.9838256836,60.9838256836,1
137,910,32,0.01,0,0.5,0.9,60.425491333,0,60.425491333,60.425491333,61.089717865,0,61.089717865,61.089717865,1
138,925,32,0.01,0.0001,0.5,0.9,60.425491333,0,60.425491333,60.425491333,61.089717865,0,61.089717865,61.089717865,1
139,955,32,0.01,0.01,0.5,0.9,60.425491333,0,60.425491333,60.425491333,61.0993461609,0,61.0993461609,61.0993461609,1
140,940,32,0.01,0.001,0.5,0.9,60.4158630371,0,60.4158630371,60.4158630371,61.089717865,0,61.089717865,61.089717865,1
141,603,8,0.001,0,0.25,0.5,60.3773574829,0,60.3773574829,60.3773574829,60.7816696167,0,60.7816696167,60.7816696167,1
142,618,8,0.001,0.0001,0.25,0.5,60.3773574829,0,60.3773574829,60.3773574829,60.7816696167,0,60.7816696167,60.7816696167,1
143,633,8,0.001,0.001,0.25,0.5,60.3773574829,0,60.3773574829,60.3773574829,60.7816696167,0,60.7816696167,60.7816696167,1
144,648,8,0.001,0.01,0.25,0.5,60.3773574829,0,60.3773574829,60.3773574829,60.7816696167,0,60.7816696167,60.7816696167,1
145,1,0,0.01,0,0.25,0.1,60.3292274475,0,60.3292274475,60.3292274475,60.9645729065,0,60.9645729065,60.9645729065,1
146,18,0,0.01,0.0001,0.25,0.5,60.3195953369,0,60.3195953369,60.3195953369,60.8586845398,0,60.8586845398,60.8586845398,1
147,785,16,0.001,0,0.25,0.9,60.3003425598,0,60.3003425598,60.3003425598,61.3207511902,0,61.3207511902,61.3207511902,1
148,800,16,0.001,0.0001,0.25,0.9,60.3003425598,0,60.3003425598,60.3003425598,61.3207511902,0,61.3207511902,61.3207511902,1
149,815,16,0.001,0.001,0.25,0.9,60.3003425598,0,60.3003425598,60.3003425598,61.3207511902,0,61.3207511902,61.3207511902,1
150,830,16,0.001,0.01,0.25,0.9,60.3003425598,0,60.3003425598,60.3003425598,61.3207511902,0,61.3207511902,61.3207511902,1
151,47,0,0.01,0.01,0.25,0.3,60.2907180786,0,60.2907180786,60.2907180786,60.9934577942,0,60.9934577942,60.9934577942,1
152,602,8,0.001,0,0.25,0.3,60.2907180786,0,60.2907180786,60.2907180786,60.5602607727,0,60.5602607727,60.5602607727,1
153,617,8,0.001,0.0001,0.25,0.3,60.2907180786,0,60.2907180786,60.2907180786,60.5602607727,0,60.5602607727,60.5602607727,1
154,632,8,0.001,0.001,0.25,0.3,60.2907180786,0,60.2907180786,60.2907180786,60.5602607727,0,60.5602607727,60.5602607727,1
155,647,8,0.001,0.01,0.25,0.3,60.2810935974,0,60.2810935974,60.2810935974,60.5410079956,0,60.5410079956,60.5410079956,1
156,601,8,0.001,0,0.25,0.1,60.2329597473,0,60.2329597473,60.2329597473,60.4639930725,0,60.4639930725,60.4639930725,1
157,616,8,0.001,0.0001,0.25,0.1,60.2329597473,0,60.2329597473,60.2329597473,60.4639930725,0,60.4639930725,60.4639930725,1
158,646,8,0.001,0.01,0.25,0.1,60.2329597473,0,60.2329597473,60.2329597473,60.6372718811,0,60.6372718811,60.6372718811,1
159,470,4,0.001,0.01,0.25,0.9,60.2233352661,0,60.2233352661,60.2233352661,59.8671569824,0,59.8671569824,59.8671569824,1
160,631,8,0.001,0.001,0.25,0.1,60.2233352661,0,60.2233352661,60.2233352661,60.4736213684,0,60.4736213684,60.4736213684,1
161,214,2,0.01,0.001,0.25,0.7,60.2137069702,0,60.2137069702,60.2137069702,59.7420082092,0,59.7420082092,59.7420082092,1
162,425,4,0.001,0,0.25,0.9,60.1944580078,0,60.1944580078,60.1944580078,59.9634170532,0,59.9634170532,59.9634170532,1
163,440,4,0.001,0.0001,0.25,0.9,60.1944580078,0,60.1944580078,60.1944580078,59.9634170532,0,59.9634170532,59.9634170532,1
164,784,16,0.001,0,0.25,0.7,60.1848297119,0,60.1848297119,60.1848297119,60.7431640625,0,60.7431640625,60.7431640625,1
165,799,16,0.001,0.0001,0.25,0.7,60.1848297119,0,60.1848297119,60.1848297119,60.7431640625,0,60.7431640625,60.7431640625,1
166,814,16,0.001,0.001,0.25,0.7,60.1848297119,0,60.1848297119,60.1848297119,60.7527923584,0,60.7527923584,60.7527923584,1
167,455,4,0.001,0.001,0.25,0.9,60.1752052307,0,60.1752052307,60.1752052307,59.953792572,0,59.953792572,59.953792572,1
168,680,8,0.0001,0.0001,0.25,0.9,60.1752052307,0,60.1752052307,60.1752052307,60.7816696167,0,60.7816696167,60.7816696167,1
169,829,16,0.001,0.01,0.25,0.7,60.1752052307,0,60.1752052307,60.1752052307,60.7431640625,0,60.7431640625,60.7431640625,1
170,695,8,0.0001,0.001,0.25,0.9,60.1655769348,0,60.1655769348,60.1655769348,60.7527923584,0,60.7527923584,60.7527923584,1
171,710,8,0.0001,0.01,0.25,0.9,60.1559524536,0,60.1559524536,60.1559524536,60.7624168396,0,60.7624168396,60.7624168396,1
172,17,0,0.01,0.0001,0.25,0.3,60.1366920471,0,60.1366920471,60.1366920471,60.3292274475,0,60.3292274475,60.3292274475,1
173,665,8,0.0001,0,0.25,0.9,60.1174430847,0,60.1174430847,60.1174430847,60.6661567688,0,60.6661567688,60.6661567688,1
174,781,16,0.001,0,0.25,0.1,60.0404319763,0,60.0404319763,60.0404319763,60.6854095459,0,60.6854095459,60.6854095459,1
175,796,16,0.001,0.0001,0.25,0.1,60.0404319763,0,60.0404319763,60.0404319763,60.6854095459,0,60.6854095459,60.6854095459,1
176,811,16,0.001,0.001,0.25,0.1,60.0404319763,0,60.0404319763,60.0404319763,60.6854095459,0,60.6854095459,60.6854095459,1
177,826,16,0.001,0.01,0.25,0.1,60.0404319763,0,60.0404319763,60.0404319763,60.6854095459,0,60.6854095459,60.6854095459,1
178,782,16,0.001,0,0.25,0.3,60.0308074951,0,60.0308074951,60.0308074951,60.6950340271,0,60.6950340271,60.6950340271,1
179,797,16,0.001,0.0001,0.25,0.3,60.0308074951,0,60.0308074951,60.0308074951,60.6950340271,0,60.6950340271,60.6950340271,1
180,812,16,0.001,0.001,0.25,0.3,60.0308074951,0,60.0308074951,60.0308074951,60.6950340271,0,60.6950340271,60.6950340271,1
181,439,4,0.001,0.0001,0.25,0.7,60.011554718,0,60.011554718,60.011554718,59.2895622253,0,59.2895622253,59.2895622253,1
182,827,16,0.001,0.01,0.25,0.3,60.011554718,0,60.011554718,60.011554718,60.7239112854,0,60.7239112854,60.7239112854,1
183,424,4,0.001,0,0.25,0.7,60.0019264221,0,60.0019264221,60.0019264221,59.2799377441,0,59.2799377441,59.2799377441,1
184,16,0,0.01,0.0001,0.25,0.1,59.9923019409,0,59.9923019409,59.9923019409,60.3099708557,0,60.3099708557,60.3099708557,1
185,454,4,0.001,0.001,0.25,0.7,59.9923019409,0,59.9923019409,59.9923019409,59.6168632507,0,59.6168632507,59.6168632507,1
186,828,16,0.001,0.01,0.25,0.5,59.9826698303,0,59.9826698303,59.9826698303,60.7335395813,0,60.7335395813,60.7335395813,1
187,469,4,0.001,0.01,0.25,0.7,59.9730415344,0,59.9730415344,59.9730415344,59.6264915466,0,59.6264915466,59.6264915466,1
188,783,16,0.001,0,0.25,0.5,59.9730415344,0,59.9730415344,59.9730415344,60.7335395813,0,60.7335395813,60.7335395813,1
189,798,16,0.001,0.0001,0.25,0.5,59.9730415344,0,59.9730415344,59.9730415344,60.7335395813,0,60.7335395813,60.7335395813,1
190,813,16,0.001,0.001,0.25,0.5,59.9634170532,0,59.9634170532,59.9634170532,60.7335395813,0,60.7335395813,60.7335395813,1
191,422,4,0.001,0,0.25,0.3,59.9441642761,0,59.9441642761,59.9441642761,59.0777816772,0,59.0777816772,59.0777816772,1
192,437,4,0.001,0.0001,0.25,0.3,59.9441642761,0,59.9441642761,59.9441642761,59.0874061584,0,59.0874061584,59.0874061584,1
193,453,4,0.001,0.001,0.25,0.5,59.9152870178,0,59.9152870178,59.9152870178,59.1451644897,0,59.1451644897,59.1451644897,1
194,423,4,0.001,0,0.25,0.5,59.9056587219,0,59.9056587219,59.9056587219,59.1547966003,0,59.1547966003,59.1547966003,1
195,468,4,0.001,0.01,0.25,0.5,59.9056587219,0,59.9056587219,59.9056587219,59.1547966003,0,59.1547966003,59.1547966003,1
196,438,4,0.001,0.0001,0.25,0.5,59.8960342407,0,59.8960342407,59.8960342407,59.1547966003,0,59.1547966003,59.1547966003,1
197,452,4,0.001,0.001,0.25,0.3,59.8960342407,0,59.8960342407,59.8960342407,59.0007705688,0,59.0007705688,59.0007705688,1
198,550,8,0.01,0,0.5,0.9,59.8382759094,0,59.8382759094,59.8382759094,60.5025062561,0,60.5025062561,60.5025062561,1
199,565,8,0.01,0.0001,0.5,0.9,59.8382759094,0,59.8382759094,59.8382759094,60.5025062561,0,60.5025062561,60.5025062561,1
200,580,8,0.01,0.001,0.5,0.9,59.8382759094,0,59.8382759094,59.8382759094,60.5025062561,0,60.5025062561,60.5025062561,1
201,595,8,0.01,0.01,0.5,0.9,59.8382759094,0,59.8382759094,59.8382759094,60.5025062561,0,60.5025062561,60.5025062561,1
202,467,4,0.001,0.01,0.25,0.3,59.8286514282,0,59.8286514282,59.8286514282,59.510974884,0,59.510974884,59.510974884,1
203,421,4,0.001,0,0.25,0.1,59.8093910217,0,59.8093910217,59.8093910217,58.9815216064,0,58.9815216064,58.9815216064,1
204,436,4,0.001,0.0001,0.25,0.1,59.8093910217,0,59.8093910217,59.8093910217,58.9815216064,0,58.9815216064,58.9815216064,1
205,466,4,0.001,0.01,0.25,0.1,59.8093910217,0,59.8093910217,59.8093910217,59.0103988647,0,59.0103988647,59.0103988647,1
206,451,4,0.001,0.001,0.25,0.1,59.7901420593,0,59.7901420593,59.7901420593,59.5494804382,0,59.5494804382,59.5494804382,1
207,3,0,0.01,0,0.25,0.5,59.7708892822,0,59.7708892822,59.7708892822,60.4736213684,0,60.4736213684,60.4736213684,1
208,5,0,0.01,0,0.25,0.9,59.7227554321,0,59.7227554321,59.7227554321,60.9164428711,0,60.9164428711,60.9164428711,1
209,592,8,0.01,0.01,0.5,0.3,59.5976104736,0,59.5976104736,59.5976104736,60.2233352661,0,60.2233352661,60.2233352661,1
210,546,8,0.01,0,0.5,0.1,59.5783576965,0,59.5783576965,59.5783576965,60.1944580078,0,60.1944580078,60.1944580078,1
211,547,8,0.01,0,0.5,0.3,59.5783576965,0,59.5783576965,59.5783576965,60.2233352661,0,60.2233352661,60.2233352661,1
212,549,8,0.01,0,0.5,0.7,59.5783576965,0,59.5783576965,59.5783576965,60.2714653015,0,60.2714653015,60.2714653015,1
213,561,8,0.01,0.0001,0.5,0.1,59.5783576965,0,59.5783576965,59.5783576965,60.1944580078,0,60.1944580078,60.1944580078,1
214,562,8,0.01,0.0001,0.5,0.3,59.5783576965,0,59.5783576965,59.5783576965,60.2233352661,0,60.2233352661,60.2233352661,1
215,564,8,0.01,0.0001,0.5,0.7,59.5783576965,0,59.5783576965,59.5783576965,60.2714653015,0,60.2714653015,60.2714653015,1
216,576,8,0.01,0.001,0.5,0.1,59.5783576965,0,59.5783576965,59.5783576965,60.1944580078,0,60.1944580078,60.1944580078,1
217,577,8,0.01,0.001,0.5,0.3,59.5783576965,0,59.5783576965,59.5783576965,60.2233352661,0,60.2233352661,60.2233352661,1
218,579,8,0.01,0.001,0.5,0.7,59.5783576965,0,59.5783576965,59.5783576965,60.2714653015,0,60.2714653015,60.2714653015,1
219,591,8,0.01,0.01,0.5,0.1,59.5783576965,0,59.5783576965,59.5783576965,60.1944580078,0,60.1944580078,60.1944580078,1
220,594,8,0.01,0.01,0.5,0.7,59.5783576965,0,59.5783576965,59.5783576965,60.2714653015,0,60.2714653015,60.2714653015,1
221,548,8,0.01,0,0.5,0.5,59.4917221069,0,59.4917221069,59.4917221069,60.2233352661,0,60.2233352661,60.2233352661,1
222,563,8,0.01,0.0001,0.5,0.5,59.4917221069,0,59.4917221069,59.4917221069,60.2233352661,0,60.2233352661,60.2233352661,1
223,578,8,0.01,0.001,0.5,0.5,59.4917221069,0,59.4917221069,59.4917221069,60.2233352661,0,60.2233352661,60.2233352661,1
224,593,8,0.01,0.01,0.5,0.5,59.4917221069,0,59.4917221069,59.4917221069,60.2233352661,0,60.2233352661,60.2233352661,1
225,679,8,0.0001,0.0001,0.25,0.7,59.4628410339,0,59.4628410339,59.4628410339,59.8864059448,0,59.8864059448,59.8864059448,1
226,694,8,0.0001,0.001,0.25,0.7,59.4628410339,0,59.4628410339,59.4628410339,60.1270675659,0,60.1270675659,60.1270675659,1
227,709,8,0.0001,0.01,0.25,0.7,59.4435882568,0,59.4435882568,59.4435882568,60.1270675659,0,60.1270675659,60.1270675659,1
228,364,4,0.01,0,0.25,0.7,59.4339599609,0,59.4339599609,59.4339599609,60.6661567688,0,60.6661567688,60.6661567688,1
229,379,4,0.01,0.0001,0.25,0.7,59.4339599609,0,59.4339599609,59.4339599609,60.6661567688,0,60.6661567688,60.6661567688,1
230,394,4,0.01,0.001,0.25,0.7,59.4339599609,0,59.4339599609,59.4339599609,60.6565284729,0,60.6565284729,60.6565284729,1
231,409,4,0.01,0.01,0.25,0.7,59.4339599609,0,59.4339599609,59.4339599609,60.6468963623,0,60.6468963623,60.6468963623,1
232,2,0,0.01,0,0.25,0.3,59.4243354797,0,59.4243354797,59.4243354797,60.4447441101,0,60.4447441101,60.4447441101,1
233,500,4,0.0001,0.0001,0.25,0.9,59.4243354797,0,59.4243354797,59.4243354797,59.8767814636,0,59.8767814636,59.8767814636,1
234,664,8,0.0001,0,0.25,0.7,59.4243354797,0,59.4243354797,59.4243354797,60.1174430847,0,60.1174430847,60.1174430847,1
235,19,0,0.01,0.0001,0.25,0.7,59.3954544067,0,59.3954544067,59.3954544067,60.6950340271,0,60.6950340271,60.6950340271,1
236,363,4,0.01,0,0.25,0.5,59.3858299255,0,59.3858299255,59.3858299255,60.5217590332,0,60.5217590332,60.5217590332,1
237,378,4,0.01,0.0001,0.25,0.5,59.3858299255,0,59.3858299255,59.3858299255,60.5217590332,0,60.5217590332,60.5217590332,1
238,393,4,0.01,0.001,0.25,0.5,59.3858299255,0,59.3858299255,59.3858299255,60.5217590332,0,60.5217590332,60.5217590332,1
239,408,4,0.01,0.01,0.25,0.5,59.3858299255,0,59.3858299255,59.3858299255,60.5217590332,0,60.5217590332,60.5217590332,1
240,693,8,0.0001,0.001,0.25,0.5,59.3473243713,0,59.3473243713,59.3473243713,59.7516365051,0,59.7516365051,59.7516365051,1
241,362,4,0.01,0,0.25,0.3,59.3376998901,0,59.3376998901,59.3376998901,60.5217590332,0,60.5217590332,60.5217590332,1
242,365,4,0.01,0,0.25,0.9,59.3376998901,0,59.3376998901,59.3376998901,60.7431640625,0,60.7431640625,60.7431640625,1
243,377,4,0.01,0.0001,0.25,0.3,59.3376998901,0,59.3376998901,59.3376998901,60.5217590332,0,60.5217590332,60.5217590332,1
244,380,4,0.01,0.0001,0.25,0.9,59.3376998901,0,59.3376998901,59.3376998901,60.7431640625,0,60.7431640625,60.7431640625,1
245,395,4,0.01,0.001,0.25,0.9,59.3376998901,0,59.3376998901,59.3376998901,60.7431640625,0,60.7431640625,60.7431640625,1
246,678,8,0.0001,0.0001,0.25,0.5,59.3376998901,0,59.3376998901,59.3376998901,59.9923019409,0,59.9923019409,59.9923019409,1
247,663,8,0.0001,0,0.25,0.5,59.3280715942,0,59.3280715942,59.3280715942,59.6842536926,0,59.6842536926,59.6842536926,1
248,677,8,0.0001,0.0001,0.25,0.3,59.3280715942,0,59.3280715942,59.3280715942,59.6746253967,0,59.6746253967,59.6746253967,1
249,691,8,0.0001,0.001,0.25,0.1,59.3280715942,0,59.3280715942,59.3280715942,59.6072387695,0,59.6072387695,59.6072387695,1
250,692,8,0.0001,0.001,0.25,0.3,59.3280715942,0,59.3280715942,59.3280715942,59.7420082092,0,59.7420082092,59.7420082092,1
251,707,8,0.0001,0.01,0.25,0.3,59.3280715942,0,59.3280715942,59.3280715942,59.6842536926,0,59.6842536926,59.6842536926,1
252,530,4,0.0001,0.01,0.25,0.9,59.318447113,0,59.318447113,59.318447113,59.9634170532,0,59.9634170532,59.9634170532,1
253,708,8,0.0001,0.01,0.25,0.5,59.318447113,0,59.318447113,59.318447113,59.8286514282,0,59.8286514282,59.8286514282,1
254,485,4,0.0001,0,0.25,0.9,59.3088150024,0,59.3088150024,59.3088150024,59.8960342407,0,59.8960342407,59.8960342407,1
255,410,4,0.01,0.01,0.25,0.9,59.2991905212,0,59.2991905212,59.2991905212,60.7046585083,0,60.7046585083,60.7046585083,1
256,661,8,0.0001,0,0.25,0.1,59.2991905212,0,59.2991905212,59.2991905212,59.6553726196,0,59.6553726196,59.6553726196,1
257,662,8,0.0001,0,0.25,0.3,59.2991905212,0,59.2991905212,59.2991905212,59.7708892822,0,59.7708892822,59.7708892822,1
258,361,4,0.01,0,0.25,0.1,59.2703094482,0,59.2703094482,59.2703094482,60.4639930725,0,60.4639930725,60.4639930725,1
259,376,4,0.01,0.0001,0.25,0.1,59.2703094482,0,59.2703094482,59.2703094482,60.4639930725,0,60.4639930725,60.4639930725,1
260,391,4,0.01,0.001,0.25,0.1,59.2703094482,0,59.2703094482,59.2703094482,60.4639930725,0,60.4639930725,60.4639930725,1
261,392,4,0.01,0.001,0.25,0.3,59.2703094482,0,59.2703094482,59.2703094482,60.4832458496,0,60.4832458496,60.4832458496,1
262,406,4,0.01,0.01,0.25,0.1,59.2703094482,0,59.2703094482,59.2703094482,60.4639930725,0,60.4639930725,60.4639930725,1
263,407,4,0.01,0.01,0.25,0.3,59.260684967,0,59.260684967,59.260684967,60.4832458496,0,60.4832458496,60.4832458496,1
264,515,4,0.0001,0.001,0.25,0.9,59.2510566711,0,59.2510566711,59.2510566711,59.9634170532,0,59.9634170532,59.9634170532,1
265,706,8,0.0001,0.01,0.25,0.1,59.2510566711,0,59.2510566711,59.2510566711,59.6072387695,0,59.6072387695,59.6072387695,1
266,676,8,0.0001,0.0001,0.25,0.1,59.1547966003,0,59.1547966003,59.1547966003,59.5591049194,0,59.5591049194,59.5591049194,1
267,198,2,0.01,0.0001,0.25,0.5,59.039276123,0,59.039276123,59.039276123,58.9526367188,0,58.9526367188,58.9526367188,1
268,430,4,0.001,0,0.5,0.9,59.0007705688,0,59.0007705688,59.0007705688,59.645740509,0,59.645740509,59.645740509,1
269,445,4,0.001,0.0001,0.5,0.9,59.0007705688,0,59.0007705688,59.0007705688,59.645740509,0,59.645740509,59.645740509,1
270,651,8,0.001,0.01,0.5,0.1,59.0007705688,0,59.0007705688,59.0007705688,59.6264915466,0,59.6264915466,59.6264915466,1
271,460,4,0.001,0.001,0.5,0.9,58.9911460876,0,58.9911460876,58.9911460876,59.645740509,0,59.645740509,59.645740509,1
272,514,4,0.0001,0.001,0.25,0.7,58.9815216064,0,58.9815216064,58.9815216064,59.4147071838,0,59.4147071838,59.4147071838,1
273,606,8,0.001,0,0.5,0.1,58.9815216064,0,58.9815216064,58.9815216064,59.6168632507,0,59.6168632507,59.6168632507,1
274,621,8,0.001,0.0001,0.5,0.1,58.9815216064,0,58.9815216064,58.9815216064,59.6361160278,0,59.6361160278,59.6361160278,1
275,636,8,0.001,0.001,0.5,0.1,58.9815216064,0,58.9815216064,58.9815216064,59.6168632507,0,59.6168632507,59.6168632507,1
276,640,8,0.001,0.001,0.5,0.9,58.9815216064,0,58.9815216064,58.9815216064,59.6650009155,0,59.6650009155,59.6650009155,1
277,655,8,0.001,0.01,0.5,0.9,58.9815216064,0,58.9815216064,58.9815216064,59.645740509,0,59.645740509,59.645740509,1
278,610,8,0.001,0,0.5,0.9,58.9718894958,0,58.9718894958,58.9718894958,59.6650009155,0,59.6650009155,59.6650009155,1
279,625,8,0.001,0.0001,0.5,0.9,58.9718894958,0,58.9718894958,58.9718894958,59.6650009155,0,59.6650009155,59.6650009155,1
280,1135,64,0.01,0.01,0.5,0.9,58.9622612,0,58.9622612,58.9622612,59.5879859924,0,59.5879859924,59.5879859924,1
281,608,8,0.001,0,0.5,0.5,58.9526367188,0,58.9526367188,58.9526367188,59.6072387695,0,59.6072387695,59.6072387695,1
282,623,8,0.001,0.0001,0.5,0.5,58.9526367188,0,58.9526367188,58.9526367188,59.6072387695,0,59.6072387695,59.6072387695,1
283,638,8,0.001,0.001,0.5,0.5,58.9526367188,0,58.9526367188,58.9526367188,59.5976104736,0,59.5976104736,59.5976104736,1
284,653,8,0.001,0.01,0.5,0.5,58.9526367188,0,58.9526367188,58.9526367188,59.6361160278,0,59.6361160278,59.6361160278,1
285,1090,64,0.01,0,0.5,0.9,58.9526367188,0,58.9526367188,58.9526367188,59.6072387695,0,59.6072387695,59.6072387695,1
286,1105,64,0.01,0.0001,0.5,0.9,58.9526367188,0,58.9526367188,58.9526367188,59.6072387695,0,59.6072387695,59.6072387695,1
287,1120,64,0.01,0.001,0.5,0.9,58.9526367188,0,58.9526367188,58.9526367188,59.6072387695,0,59.6072387695,59.6072387695,1
288,607,8,0.001,0,0.5,0.3,58.9333839417,0,58.9333839417,58.9333839417,59.6072387695,0,59.6072387695,59.6072387695,1
289,622,8,0.001,0.0001,0.5,0.3,58.9333839417,0,58.9333839417,58.9333839417,59.6072387695,0,59.6072387695,59.6072387695,1
290,637,8,0.001,0.001,0.5,0.3,58.9333839417,0,58.9333839417,58.9333839417,59.5879859924,0,59.5879859924,59.5879859924,1
291,32,0,0.01,0.001,0.25,0.3,58.9237556458,0,58.9237556458,58.9237556458,60.6565284729,0,60.6565284729,60.6565284729,1
292,652,8,0.001,0.01,0.5,0.3,58.9237556458,0,58.9237556458,58.9237556458,59.5494804382,0,59.5494804382,59.5494804382,1
293,1089,64,0.01,0,0.5,0.7,58.9237556458,0,58.9237556458,58.9237556458,59.318447113,0,59.318447113,59.318447113,1
294,1104,64,0.01,0.0001,0.5,0.7,58.9237556458,0,58.9237556458,58.9237556458,59.318447113,0,59.318447113,59.318447113,1
295,1119,64,0.01,0.001,0.5,0.7,58.9237556458,0,58.9237556458,58.9237556458,59.318447113,0,59.318447113,59.318447113,1
296,1134,64,0.01,0.01,0.5,0.7,58.9237556458,0,58.9237556458,58.9237556458,59.318447113,0,59.318447113,59.318447113,1
297,499,4,0.0001,0.0001,0.25,0.7,58.9141311646,0,58.9141311646,58.9141311646,59.318447113,0,59.318447113,59.318447113,1
298,290,2,0.001,0.01,0.25,0.9,58.9045028687,0,58.9045028687,58.9045028687,58.2210235596,0,58.2210235596,58.2210235596,1
299,484,4,0.0001,0,0.25,0.7,58.9045028687,0,58.9045028687,58.9045028687,59.2895622253,0,59.2895622253,59.2895622253,1
300,275,2,0.001,0.001,0.25,0.9,58.8948783875,0,58.8948783875,58.8948783875,58.1921463013,0,58.1921463013,58.1921463013,1
301,260,2,0.001,0.0001,0.25,0.9,58.8852539062,0,58.8852539062,58.8852539062,58.163269043,0,58.163269043,58.163269043,1
302,245,2,0.001,0,0.25,0.9,58.8756256104,0,58.8756256104,58.8756256104,58.163269043,0,58.163269043,58.163269043,1
303,609,8,0.001,0,0.5,0.7,58.8756256104,0,58.8756256104,58.8756256104,59.5976104736,0,59.5976104736,59.5976104736,1
304,624,8,0.001,0.0001,0.5,0.7,58.8756256104,0,58.8756256104,58.8756256104,59.5976104736,0,59.5976104736,59.5976104736,1
305,639,8,0.001,0.001,0.5,0.7,58.8756256104,0,58.8756256104,58.8756256104,59.6072387695,0,59.6072387695,59.6072387695,1
306,1088,64,0.01,0,0.5,0.5,58.8756256104,0,58.8756256104,58.8756256104,59.2895622253,0,59.2895622253,59.2895622253,1
307,1103,64,0.01,0.0001,0.5,0.5,58.8756256104,0,58.8756256104,58.8756256104,59.2895622253,0,59.2895622253,59.2895622253,1
308,1118,64,0.01,0.001,0.5,0.5,58.8756256104,0,58.8756256104,58.8756256104,59.2895622253,0,59.2895622253,59.2895622253,1
309,1133,64,0.01,0.01,0.5,0.5,58.8756256104,0,58.8756256104,58.8756256104,59.2895622253,0,59.2895622253,59.2895622253,1
310,654,8,0.001,0.01,0.5,0.7,58.8660011292,0,58.8660011292,58.8660011292,59.6168632507,0,59.6168632507,59.6168632507,1
311,1086,64,0.01,0,0.5,0.1,58.8660011292,0,58.8660011292,58.8660011292,59.3280715942,0,59.3280715942,59.3280715942,1
312,1101,64,0.01,0.0001,0.5,0.1,58.8660011292,0,58.8660011292,58.8660011292,59.3280715942,0,59.3280715942,59.3280715942,1
313,1116,64,0.01,0.001,0.5,0.1,58.8660011292,0,58.8660011292,58.8660011292,59.3280715942,0,59.3280715942,59.3280715942,1
314,1131,64,0.01,0.01,0.5,0.1,58.8660011292,0,58.8660011292,58.8660011292,59.3280715942,0,59.3280715942,59.3280715942,1
315,184,2,0.01,0,0.25,0.7,58.8563728333,0,58.8563728333,58.8563728333,59.2414321899,0,59.2414321899,59.2414321899,1
316,1087,64,0.01,0,0.5,0.3,58.8563728333,0,58.8563728333,58.8563728333,59.2510566711,0,59.2510566711,59.2510566711,1
317,1102,64,0.01,0.0001,0.5,0.3,58.8563728333,0,58.8563728333,58.8563728333,59.2510566711,0,59.2510566711,59.2510566711,1
318,1117,64,0.01,0.001,0.5,0.3,58.8563728333,0,58.8563728333,58.8563728333,59.2510566711,0,59.2510566711,59.2510566711,1
319,1132,64,0.01,0.01,0.5,0.3,58.8563728333,0,58.8563728333,58.8563728333,59.2510566711,0,59.2510566711,59.2510566711,1
320,529,4,0.0001,0.01,0.25,0.7,58.827495575,0,58.827495575,58.827495575,59.2703094482,0,59.2703094482,59.2703094482,1
321,182,2,0.01,0,0.25,0.3,58.7312278748,0,58.7312278748,58.7312278748,58.3076667786,0,58.3076667786,58.3076667786,1
322,197,2,0.01,0.0001,0.25,0.3,58.7312278748,0,58.7312278748,58.7312278748,58.3076667786,0,58.3076667786,58.3076667786,1
323,212,2,0.01,0.001,0.25,0.3,58.7312278748,0,58.7312278748,58.7312278748,58.3076667786,0,58.3076667786,58.3076667786,1
324,227,2,0.01,0.01,0.25,0.3,58.7312278748,0,58.7312278748,58.7312278748,58.3076667786,0,58.3076667786,58.3076667786,1
325,370,4,0.01,0,0.5,0.9,58.7312278748,0,58.7312278748,58.7312278748,59.8093910217,0,59.8093910217,59.8093910217,1
326,385,4,0.01,0.0001,0.5,0.9,58.7312278748,0,58.7312278748,58.7312278748,59.8093910217,0,59.8093910217,59.8093910217,1
327,400,4,0.01,0.001,0.5,0.9,58.7312278748,0,58.7312278748,58.7312278748,59.8093910217,0,59.8093910217,59.8093910217,1
328,415,4,0.01,0.01,0.5,0.9,58.7312278748,0,58.7312278748,58.7312278748,59.8093910217,0,59.8093910217,59.8093910217,1
329,498,4,0.0001,0.0001,0.25,0.5,58.7023506165,0,58.7023506165,58.7023506165,59.2895622253,0,59.2895622253,59.2895622253,1
330,513,4,0.0001,0.001,0.25,0.5,58.6927223206,0,58.6927223206,58.6927223206,59.3280715942,0,59.3280715942,59.3280715942,1
331,483,4,0.0001,0,0.25,0.5,58.6830978394,0,58.6830978394,58.6830978394,59.231803894,0,59.231803894,59.231803894,1
332,183,2,0.01,0,0.25,0.5,58.6734695435,0,58.6734695435,58.6734695435,58.2787818909,0,58.2787818909,58.2787818909,1
333,213,2,0.01,0.001,0.25,0.5,58.6734695435,0,58.6734695435,58.6734695435,58.2787818909,0,58.2787818909,58.2787818909,1
334,228,2,0.01,0.01,0.25,0.5,58.6734695435,0,58.6734695435,58.6734695435,58.2787818909,0,58.2787818909,58.2787818909,1
335,527,4,0.0001,0.01,0.25,0.3,58.6734695435,0,58.6734695435,58.6734695435,59.2510566711,0,59.2510566711,59.2510566711,1
336,475,4,0.001,0.01,0.5,0.9,58.6638450623,0,58.6638450623,58.6638450623,59.4917221069,0,59.4917221069,59.4917221069,1
337,199,2,0.01,0.0001,0.25,0.7,58.6542205811,0,58.6542205811,58.6542205811,58.4135513306,0,58.4135513306,58.4135513306,1
338,229,2,0.01,0.01,0.25,0.7,58.6542205811,0,58.6542205811,58.6542205811,58.4135513306,0,58.4135513306,58.4135513306,1
339,295,2,0.001,0.01,0.5,0.9,58.6542205811,0,58.6542205811,58.6542205811,58.548324585,0,58.548324585,58.548324585,1
340,482,4,0.0001,0,0.25,0.3,58.6542205811,0,58.6542205811,58.6542205811,59.2414321899,0,59.2414321899,59.2414321899,1
341,497,4,0.0001,0.0001,0.25,0.3,58.6542205811,0,58.6542205811,58.6542205811,59.2221794128,0,59.2221794128,59.2221794128,1
342,528,4,0.0001,0.01,0.25,0.5,58.6349601746,0,58.6349601746,58.6349601746,59.3473243713,0,59.3473243713,59.3473243713,1
343,496,4,0.0001,0.0001,0.25,0.1,58.6253356934,0,58.6253356934,58.6253356934,59.2029266357,0,59.2029266357,59.2029266357,1
344,526,4,0.0001,0.01,0.25,0.1,58.6060829163,0,58.6060829163,58.6060829163,59.1547966003,0,59.1547966003,59.1547966003,1
345,250,2,0.001,0,0.5,0.9,58.5964546204,0,58.5964546204,58.5964546204,58.6927223206,0,58.6927223206,58.6927223206,1
346,265,2,0.001,0.0001,0.5,0.9,58.5964546204,0,58.5964546204,58.5964546204,58.6927223206,0,58.6927223206,58.6927223206,1
347,280,2,0.001,0.001,0.5,0.9,58.5964546204,0,58.5964546204,58.5964546204,58.6927223206,0,58.6927223206,58.6927223206,1
348,512,4,0.0001,0.001,0.25,0.3,58.5964546204,0,58.5964546204,58.5964546204,59.231803894,0,59.231803894,59.231803894,1
349,48,0,0.01,0.01,0.25,0.5,58.5675773621,0,58.5675773621,58.5675773621,59.9441642761,0,59.9441642761,59.9441642761,1
350,181,2,0.01,0,0.25,0.1,58.548324585,0,58.548324585,58.548324585,58.1440162659,0,58.1440162659,58.1440162659,1
351,196,2,0.01,0.0001,0.25,0.1,58.548324585,0,58.548324585,58.548324585,58.1440162659,0,58.1440162659,58.1440162659,1
352,211,2,0.01,0.001,0.25,0.1,58.548324585,0,58.548324585,58.548324585,58.1440162659,0,58.1440162659,58.1440162659,1
353,226,2,0.01,0.01,0.25,0.1,58.548324585,0,58.548324585,58.548324585,58.1440162659,0,58.1440162659,58.1440162659,1
354,259,2,0.001,0.0001,0.25,0.7,58.5290718079,0,58.5290718079,58.5290718079,57.7589492798,0,57.7589492798,57.7589492798,1
355,511,4,0.0001,0.001,0.25,0.1,58.5290718079,0,58.5290718079,58.5290718079,59.2125549316,0,59.2125549316,59.2125549316,1
356,481,4,0.0001,0,0.25,0.1,58.5001945496,0,58.5001945496,58.5001945496,59.1740493774,0,59.1740493774,59.1740493774,1
357,274,2,0.001,0.001,0.25,0.7,58.4905700684,0,58.4905700684,58.4905700684,57.7782020569,0,57.7782020569,57.7782020569,1
358,381,4,0.01,0.0001,0.5,0.1,58.4905700684,0,58.4905700684,58.4905700684,58.2787818909,0,58.2787818909,58.2787818909,1
359,396,4,0.01,0.001,0.5,0.1,58.4905700684,0,58.4905700684,58.4905700684,58.2787818909,0,58.2787818909,58.2787818909,1
360,411,4,0.01,0.01,0.5,0.1,58.4905700684,0,58.4905700684,58.4905700684,58.269153595,0,58.269153595,58.269153595,1
361,366,4,0.01,0,0.5,0.1,58.4809417725,0,58.4809417725,58.4809417725,58.2787818909,0,58.2787818909,58.2787818909,1
362,367,4,0.01,0,0.5,0.3,58.4713096619,0,58.4713096619,58.4713096619,58.2402763367,0,58.2402763367,58.2402763367,1
363,382,4,0.01,0.0001,0.5,0.3,58.4713096619,0,58.4713096619,58.4713096619,58.2402763367,0,58.2402763367,58.2402763367,1
364,397,4,0.01,0.001,0.5,0.3,58.4713096619,0,58.4713096619,58.4713096619,58.2402763367,0,58.2402763367,58.2402763367,1
365,412,4,0.01,0.01,0.5,0.3,58.4713096619,0,58.4713096619,58.4713096619,58.2402763367,0,58.2402763367,58.2402763367,1
366,242,2,0.001,0,0.25,0.3,58.4520568848,0,58.4520568848,58.4520568848,57.9514808655,0,57.9514808655,57.9514808655,1
367,249,2,0.001,0,0.5,0.7,58.4424324036,0,58.4424324036,58.4424324036,58.2595291138,0,58.2595291138,58.2595291138,1
368,264,2,0.001,0.0001,0.5,0.7,58.4424324036,0,58.4424324036,58.4424324036,58.2499008179,0,58.2499008179,58.2499008179,1
369,289,2,0.001,0.01,0.25,0.7,58.4424324036,0,58.4424324036,58.4424324036,57.8070869446,0,57.8070869446,57.8070869446,1
370,444,4,0.001,0.0001,0.5,0.7,58.4424324036,0,58.4424324036,58.4424324036,59.0970344543,0,59.0970344543,59.0970344543,1
371,272,2,0.001,0.001,0.25,0.3,58.4328041077,0,58.4328041077,58.4328041077,57.9611053467,0,57.9611053467,57.9611053467,1
372,279,2,0.001,0.001,0.5,0.7,58.4328041077,0,58.4328041077,58.4328041077,58.2499008179,0,58.2499008179,58.2499008179,1
373,429,4,0.001,0,0.5,0.7,58.4328041077,0,58.4328041077,58.4328041077,59.0970344543,0,59.0970344543,59.0970344543,1
374,459,4,0.001,0.001,0.5,0.7,58.4231796265,0,58.4231796265,58.4231796265,59.0970344543,0,59.0970344543,59.0970344543,1
375,243,2,0.001,0,0.25,0.5,58.4135513306,0,58.4135513306,58.4135513306,57.7397003174,0,57.7397003174,57.7397003174,1
376,257,2,0.001,0.0001,0.25,0.3,58.4135513306,0,58.4135513306,58.4135513306,57.85521698,0,57.85521698,57.85521698,1
377,287,2,0.001,0.01,0.25,0.3,58.4135513306,0,58.4135513306,58.4135513306,58.0284957886,0,58.0284957886,58.0284957886,1
378,294,2,0.001,0.01,0.5,0.7,58.4039268494,0,58.4039268494,58.4039268494,58.269153595,0,58.269153595,58.269153595,1
379,474,4,0.001,0.01,0.5,0.7,58.4039268494,0,58.4039268494,58.4039268494,59.0970344543,0,59.0970344543,59.0970344543,1
380,244,2,0.001,0,0.25,0.7,58.3943023682,0,58.3943023682,58.3943023682,57.8263397217,0,57.8263397217,57.8263397217,1
381,258,2,0.001,0.0001,0.25,0.5,58.3846740723,0,58.3846740723,58.3846740723,57.7397003174,0,57.7397003174,57.7397003174,1
382,273,2,0.001,0.001,0.25,0.5,58.3750495911,0,58.3750495911,58.3750495911,57.9707374573,0,57.9707374573,57.9707374573,1
383,369,4,0.01,0,0.5,0.7,58.3654212952,0,58.3654212952,58.3654212952,59.5302276611,0,59.5302276611,59.5302276611,1
384,384,4,0.01,0.0001,0.5,0.7,58.3654212952,0,58.3654212952,58.3654212952,59.5302276611,0,59.5302276611,59.5302276611,1
385,399,4,0.01,0.001,0.5,0.7,58.3654212952,0,58.3654212952,58.3654212952,59.5302276611,0,59.5302276611,59.5302276611,1
386,414,4,0.01,0.01,0.5,0.7,58.3654212952,0,58.3654212952,58.3654212952,59.5302276611,0,59.5302276611,59.5302276611,1
387,288,2,0.001,0.01,0.25,0.5,58.355796814,0,58.355796814,58.355796814,57.9899902344,0,57.9899902344,57.9899902344,1
388,293,2,0.001,0.01,0.5,0.5,58.355796814,0,58.355796814,58.355796814,58.2884063721,0,58.2884063721,58.2884063721,1
389,428,4,0.001,0,0.5,0.5,58.3461685181,0,58.3461685181,58.3461685181,58.7119750977,0,58.7119750977,58.7119750977,1
390,443,4,0.001,0.0001,0.5,0.5,58.3461685181,0,58.3461685181,58.3461685181,58.7119750977,0,58.7119750977,58.7119750977,1
391,458,4,0.001,0.001,0.5,0.5,58.3365440369,0,58.3365440369,58.3365440369,58.7119750977,0,58.7119750977,58.7119750977,1
392,241,2,0.001,0,0.25,0.1,58.3269195557,0,58.3269195557,58.3269195557,58.0092430115,0,58.0092430115,58.0092430115,1
393,248,2,0.001,0,0.5,0.5,58.3269195557,0,58.3269195557,58.3269195557,58.3076667786,0,58.3076667786,58.3076667786,1
394,441,4,0.001,0.0001,0.5,0.1,58.3269195557,0,58.3269195557,58.3269195557,58.7793579102,0,58.7793579102,58.7793579102,1
395,456,4,0.001,0.001,0.5,0.1,58.3269195557,0,58.3269195557,58.3269195557,58.7793579102,0,58.7793579102,58.7793579102,1
396,473,4,0.001,0.01,0.5,0.5,58.3269195557,0,58.3269195557,58.3269195557,58.7023506165,0,58.7023506165,58.7023506165,1
397,271,2,0.001,0.001,0.25,0.1,58.3172912598,0,58.3172912598,58.3172912598,57.9707374573,0,57.9707374573,57.9707374573,1
398,278,2,0.001,0.001,0.5,0.5,58.3172912598,0,58.3172912598,58.3172912598,58.3076667786,0,58.3076667786,58.3076667786,1
399,286,2,0.001,0.01,0.25,0.1,58.3172912598,0,58.3172912598,58.3172912598,57.9418525696,0,57.9418525696,57.9418525696,1
400,368,4,0.01,0,0.5,0.5,58.3172912598,0,58.3172912598,58.3172912598,59.5494804382,0,59.5494804382,59.5494804382,1
401,383,4,0.01,0.0001,0.5,0.5,58.3172912598,0,58.3172912598,58.3172912598,59.5494804382,0,59.5494804382,59.5494804382,1
402,398,4,0.01,0.001,0.5,0.5,58.3172912598,0,58.3172912598,58.3172912598,59.5494804382,0,59.5494804382,59.5494804382,1
403,413,4,0.01,0.01,0.5,0.5,58.3172912598,0,58.3172912598,58.3172912598,59.5494804382,0,59.5494804382,59.5494804382,1
404,426,4,0.001,0,0.5,0.1,58.3172912598,0,58.3172912598,58.3172912598,58.7793579102,0,58.7793579102,58.7793579102,1
405,471,4,0.001,0.01,0.5,0.1,58.3172912598,0,58.3172912598,58.3172912598,58.769733429,0,58.769733429,58.769733429,1
406,786,16,0.001,0,0.5,0.1,58.3172912598,0,58.3172912598,58.3172912598,58.6060829163,0,58.6060829163,58.6060829163,1
407,801,16,0.001,0.0001,0.5,0.1,58.3172912598,0,58.3172912598,58.3172912598,58.6060829163,0,58.6060829163,58.6060829163,1
408,816,16,0.001,0.001,0.5,0.1,58.3172912598,0,58.3172912598,58.3172912598,58.6157073975,0,58.6157073975,58.6157073975,1
409,831,16,0.001,0.01,0.5,0.1,58.3172912598,0,58.3172912598,58.3172912598,58.6060829163,0,58.6060829163,58.6060829163,1
410,256,2,0.001,0.0001,0.25,0.1,58.3076667786,0,58.3076667786,58.3076667786,57.9707374573,0,57.9707374573,57.9707374573,1
411,263,2,0.001,0.0001,0.5,0.5,58.298034668,0,58.298034668,58.298034668,58.3172912598,0,58.3172912598,58.3172912598,1
412,860,16,0.0001,0.0001,0.25,0.9,58.2884063721,0,58.2884063721,58.2884063721,58.5098190308,0,58.5098190308,58.5098190308,1
413,845,16,0.0001,0,0.25,0.9,58.2787818909,0,58.2787818909,58.2787818909,58.5290718079,0,58.5290718079,58.5290718079,1
414,875,16,0.0001,0.001,0.25,0.9,58.2499008179,0,58.2499008179,58.2499008179,58.7504806519,0,58.7504806519,58.7504806519,1
415,890,16,0.0001,0.01,0.25,0.9,58.2499008179,0,58.2499008179,58.2499008179,58.7504806519,0,58.7504806519,58.7504806519,1
416,247,2,0.001,0,0.5,0.3,58.2402763367,0,58.2402763367,58.2402763367,58.2499008179,0,58.2499008179,58.2499008179,1
417,262,2,0.001,0.0001,0.5,0.3,58.2402763367,0,58.2402763367,58.2402763367,58.2595291138,0,58.2595291138,58.2595291138,1
418,277,2,0.001,0.001,0.5,0.3,58.2402763367,0,58.2402763367,58.2402763367,58.2595291138,0,58.2595291138,58.2595291138,1
419,427,4,0.001,0,0.5,0.3,58.2402763367,0,58.2402763367,58.2402763367,58.7601051331,0,58.7601051331,58.7601051331,1
420,442,4,0.001,0.0001,0.5,0.3,58.2402763367,0,58.2402763367,58.2402763367,58.7601051331,0,58.7601051331,58.7601051331,1
421,457,4,0.001,0.001,0.5,0.3,58.2402763367,0,58.2402763367,58.2402763367,58.7601051331,0,58.7601051331,58.7601051331,1
422,292,2,0.001,0.01,0.5,0.3,58.2306518555,0,58.2306518555,58.2306518555,58.2595291138,0,58.2595291138,58.2595291138,1
423,472,4,0.001,0.01,0.5,0.3,58.2210235596,0,58.2210235596,58.2210235596,58.769733429,0,58.769733429,58.769733429,1
424,276,2,0.001,0.001,0.5,0.1,58.2017707825,0,58.2017707825,58.2017707825,58.2595291138,0,58.2595291138,58.2595291138,1
425,291,2,0.001,0.01,0.5,0.1,58.2017707825,0,58.2017707825,58.2017707825,58.2499008179,0,58.2499008179,58.2499008179,1
426,246,2,0.001,0,0.5,0.1,58.1921463013,0,58.1921463013,58.1921463013,58.2787818909,0,58.2787818909,58.2787818909,1
427,261,2,0.001,0.0001,0.5,0.1,58.1921463013,0,58.1921463013,58.1921463013,58.2595291138,0,58.2595291138,58.2595291138,1
428,819,16,0.001,0.001,0.5,0.7,58.1728935242,0,58.1728935242,58.1728935242,58.7793579102,0,58.7793579102,58.7793579102,1
429,789,16,0.001,0,0.5,0.7,58.163269043,0,58.163269043,58.163269043,58.7793579102,0,58.7793579102,58.7793579102,1
430,804,16,0.001,0.0001,0.5,0.7,58.163269043,0,58.163269043,58.163269043,58.7793579102,0,58.7793579102,58.7793579102,1
431,834,16,0.001,0.01,0.5,0.7,58.163269043,0,58.163269043,58.163269043,58.7889862061,0,58.7889862061,58.7889862061,1
432,787,16,0.001,0,0.5,0.3,58.1536407471,0,58.1536407471,58.1536407471,58.5964546204,0,58.5964546204,58.5964546204,1
433,802,16,0.001,0.0001,0.5,0.3,58.1536407471,0,58.1536407471,58.1536407471,58.5964546204,0,58.5964546204,58.5964546204,1
434,817,16,0.001,0.001,0.5,0.3,58.1536407471,0,58.1536407471,58.1536407471,58.6060829163,0,58.6060829163,58.6060829163,1
435,832,16,0.001,0.01,0.5,0.3,58.1536407471,0,58.1536407471,58.1536407471,58.5964546204,0,58.5964546204,58.5964546204,1
436,46,0,0.01,0.01,0.25,0.1,58.1343841553,0,58.1343841553,58.1343841553,59.1259117126,0,59.1259117126,59.1259117126,1
437,788,16,0.001,0,0.5,0.5,58.1151313782,0,58.1151313782,58.1151313782,58.7312278748,0,58.7312278748,58.7312278748,1
438,803,16,0.001,0.0001,0.5,0.5,58.1151313782,0,58.1151313782,58.1151313782,58.7312278748,0,58.7312278748,58.7312278748,1
439,818,16,0.001,0.001,0.5,0.5,58.1151313782,0,58.1151313782,58.1151313782,58.7312278748,0,58.7312278748,58.7312278748,1
440,833,16,0.001,0.01,0.5,0.5,58.1151313782,0,58.1151313782,58.1151313782,58.7312278748,0,58.7312278748,58.7312278748,1
441,189,2,0.01,0,0.5,0.7,58.0958786011,0,58.0958786011,58.0958786011,58.2499008179,0,58.2499008179,58.2499008179,1
442,204,2,0.01,0.0001,0.5,0.7,58.0958786011,0,58.0958786011,58.0958786011,58.2499008179,0,58.2499008179,58.2499008179,1
443,219,2,0.01,0.001,0.5,0.7,58.0958786011,0,58.0958786011,58.0958786011,58.2402763367,0,58.2402763367,58.2402763367,1
444,234,2,0.01,0.01,0.5,0.7,58.0958786011,0,58.0958786011,58.0958786011,58.2402763367,0,58.2402763367,58.2402763367,1
445,188,2,0.01,0,0.5,0.5,58.0573730469,0,58.0573730469,58.0573730469,58.1728935242,0,58.1728935242,58.1728935242,1
446,203,2,0.01,0.0001,0.5,0.5,58.0573730469,0,58.0573730469,58.0573730469,58.1728935242,0,58.1728935242,58.1728935242,1
447,218,2,0.01,0.001,0.5,0.5,58.0573730469,0,58.0573730469,58.0573730469,58.1728935242,0,58.1728935242,58.1728935242,1
448,233,2,0.01,0.01,0.5,0.5,58.0573730469,0,58.0573730469,58.0573730469,58.1728935242,0,58.1728935242,58.1728935242,1
449,190,2,0.01,0,0.5,0.9,58.0284957886,0,58.0284957886,58.0284957886,58.1440162659,0,58.1440162659,58.1440162659,1
450,205,2,0.01,0.0001,0.5,0.9,58.0284957886,0,58.0284957886,58.0284957886,58.1440162659,0,58.1440162659,58.1440162659,1
451,220,2,0.01,0.001,0.5,0.9,58.0284957886,0,58.0284957886,58.0284957886,58.1440162659,0,58.1440162659,58.1440162659,1
452,235,2,0.01,0.01,0.5,0.9,57.9803657532,0,57.9803657532,57.9803657532,58.2210235596,0,58.2210235596,58.2210235596,1
453,790,16,0.001,0,0.5,0.9,57.9803657532,0,57.9803657532,57.9803657532,58.5098190308,0,58.5098190308,58.5098190308,1
454,805,16,0.001,0.0001,0.5,0.9,57.9803657532,0,57.9803657532,57.9803657532,58.5098190308,0,58.5098190308,58.5098190308,1
455,820,16,0.001,0.001,0.5,0.9,57.9803657532,0,57.9803657532,57.9803657532,58.5098190308,0,58.5098190308,58.5098190308,1
456,835,16,0.001,0.01,0.5,0.9,57.9803657532,0,57.9803657532,57.9803657532,58.5098190308,0,58.5098190308,58.5098190308,1
457,186,2,0.01,0,0.5,0.1,57.9707374573,0,57.9707374573,57.9707374573,58.2113990784,0,58.2113990784,58.2113990784,1
458,187,2,0.01,0,0.5,0.3,57.9707374573,0,57.9707374573,57.9707374573,58.1728935242,0,58.1728935242,58.1728935242,1
459,201,2,0.01,0.0001,0.5,0.1,57.9707374573,0,57.9707374573,57.9707374573,58.2113990784,0,58.2113990784,58.2113990784,1
460,202,2,0.01,0.0001,0.5,0.3,57.9707374573,0,57.9707374573,57.9707374573,58.1728935242,0,58.1728935242,58.1728935242,1
461,216,2,0.01,0.001,0.5,0.1,57.9707374573,0,57.9707374573,57.9707374573,58.2113990784,0,58.2113990784,58.2113990784,1
462,217,2,0.01,0.001,0.5,0.3,57.9707374573,0,57.9707374573,57.9707374573,58.1728935242,0,58.1728935242,58.1728935242,1
463,231,2,0.01,0.01,0.5,0.1,57.9707374573,0,57.9707374573,57.9707374573,58.2113990784,0,58.2113990784,58.2113990784,1
464,232,2,0.01,0.01,0.5,0.3,57.9707374573,0,57.9707374573,57.9707374573,58.1728935242,0,58.1728935242,58.1728935242,1
465,490,4,0.0001,0,0.5,0.9,57.8937225342,0,57.8937225342,57.8937225342,58.4905700684,0,58.4905700684,58.4905700684,1
466,505,4,0.0001,0.0001,0.5,0.9,57.85521698,0,57.85521698,57.85521698,58.4713096619,0,58.4713096619,58.4713096619,1
467,520,4,0.0001,0.001,0.5,0.9,57.85521698,0,57.85521698,57.85521698,58.4328041077,0,58.4328041077,58.4328041077,1
468,535,4,0.0001,0.01,0.5,0.9,57.85521698,0,57.85521698,57.85521698,58.4424324036,0,58.4424324036,58.4424324036,1
469,887,16,0.0001,0.01,0.25,0.3,57.7397003174,0,57.7397003174,57.7397003174,58.2884063721,0,58.2884063721,58.2884063721,1
470,842,16,0.0001,0,0.25,0.3,57.7300720215,0,57.7300720215,57.7300720215,58.2787818909,0,58.2787818909,58.2787818909,1
471,857,16,0.0001,0.0001,0.25,0.3,57.7300720215,0,57.7300720215,57.7300720215,58.2787818909,0,58.2787818909,58.2787818909,1
472,872,16,0.0001,0.001,0.25,0.3,57.7011947632,0,57.7011947632,57.7011947632,58.269153595,0,58.269153595,58.269153595,1
473,504,4,0.0001,0.0001,0.5,0.7,57.6819419861,0,57.6819419861,57.6819419861,58.0092430115,0,58.0092430115,58.0092430115,1
474,888,16,0.0001,0.01,0.25,0.5,57.6530647278,0,57.6530647278,57.6530647278,58.3461685181,0,58.3461685181,58.3461685181,1
475,519,4,0.0001,0.001,0.5,0.7,57.6434364319,0,57.6434364319,57.6434364319,57.8648452759,0,57.8648452759,57.8648452759,1
476,889,16,0.0001,0.01,0.25,0.7,57.6434364319,0,57.6434364319,57.6434364319,58.5194473267,0,58.5194473267,58.5194473267,1
477,670,8,0.0001,0,0.5,0.9,57.6338043213,0,57.6338043213,57.6338043213,57.8937225342,0,57.8937225342,57.8937225342,1
478,489,4,0.0001,0,0.5,0.7,57.6241798401,0,57.6241798401,57.6241798401,57.884098053,0,57.884098053,57.884098053,1
479,534,4,0.0001,0.01,0.5,0.7,57.6241798401,0,57.6241798401,57.6241798401,57.8167152405,0,57.8167152405,57.8167152405,1
480,715,8,0.0001,0.01,0.5,0.9,57.6241798401,0,57.6241798401,57.6241798401,57.8937225342,0,57.8937225342,57.8937225342,1
481,871,16,0.0001,0.001,0.25,0.1,57.6241798401,0,57.6241798401,57.6241798401,58.2210235596,0,58.2210235596,58.2210235596,1
482,685,8,0.0001,0.0001,0.5,0.9,57.6145515442,0,57.6145515442,57.6145515442,57.9033508301,0,57.9033508301,57.9033508301,1
483,700,8,0.0001,0.001,0.5,0.9,57.6145515442,0,57.6145515442,57.6145515442,57.9129753113,0,57.9129753113,57.9129753113,1
484,843,16,0.0001,0,0.25,0.5,57.6145515442,0,57.6145515442,57.6145515442,58.2884063721,0,58.2884063721,58.2884063721,1
485,856,16,0.0001,0.0001,0.25,0.1,57.6145515442,0,57.6145515442,57.6145515442,58.2017707825,0,58.2017707825,58.2017707825,1
486,858,16,0.0001,0.0001,0.25,0.5,57.6145515442,0,57.6145515442,57.6145515442,58.3172912598,0,58.3172912598,58.3172912598,1
487,859,16,0.0001,0.0001,0.25,0.7,57.6145515442,0,57.6145515442,57.6145515442,58.4905700684,0,58.4905700684,58.4905700684,1
488,844,16,0.0001,0,0.25,0.7,57.604927063,0,57.604927063,57.604927063,58.5098190308,0,58.5098190308,58.5098190308,1
489,874,16,0.0001,0.001,0.25,0.7,57.604927063,0,57.604927063,57.604927063,58.4809417725,0,58.4809417725,58.4809417725,1
490,873,16,0.0001,0.001,0.25,0.5,57.5760498047,0,57.5760498047,57.5760498047,58.298034668,0,58.298034668,58.298034668,1
491,488,4,0.0001,0,0.5,0.5,57.5182914734,0,57.5182914734,57.5182914734,57.7300720215,0,57.7300720215,57.7300720215,1
492,518,4,0.0001,0.001,0.5,0.5,57.5086669922,0,57.5086669922,57.5086669922,57.7493247986,0,57.7493247986,57.7493247986,1
493,502,4,0.0001,0.0001,0.5,0.3,57.4990386963,0,57.4990386963,57.4990386963,57.6338043213,0,57.6338043213,57.6338043213,1
494,841,16,0.0001,0,0.25,0.1,57.4990386963,0,57.4990386963,57.4990386963,58.2402763367,0,58.2402763367,58.2402763367,1
495,503,4,0.0001,0.0001,0.5,0.5,57.4797859192,0,57.4797859192,57.4797859192,57.7493247986,0,57.7493247986,57.7493247986,1
496,487,4,0.0001,0,0.5,0.3,57.470161438,0,57.470161438,57.470161438,57.662689209,0,57.662689209,57.662689209,1
497,533,4,0.0001,0.01,0.5,0.5,57.470161438,0,57.470161438,57.470161438,57.7300720215,0,57.7300720215,57.7300720215,1
498,886,16,0.0001,0.01,0.25,0.1,57.470161438,0,57.470161438,57.470161438,58.269153595,0,58.269153595,58.269153595,1
499,501,4,0.0001,0.0001,0.5,0.1,57.4412765503,0,57.4412765503,57.4412765503,57.5664215088,0,57.5664215088,57.5664215088,1
500,532,4,0.0001,0.01,0.5,0.3,57.4412765503,0,57.4412765503,57.4412765503,57.7011947632,0,57.7011947632,57.7011947632,1
501,517,4,0.0001,0.001,0.5,0.3,57.4316482544,0,57.4316482544,57.4316482544,57.6530647278,0,57.6530647278,57.6530647278,1
502,486,4,0.0001,0,0.5,0.1,57.4220237732,0,57.4220237732,57.4220237732,57.5952987671,0,57.5952987671,57.5952987671,1
503,516,4,0.0001,0.001,0.5,0.1,57.3931465149,0,57.3931465149,57.3931465149,57.6241798401,0,57.6241798401,57.6241798401,1
504,531,4,0.0001,0.01,0.5,0.1,57.383518219,0,57.383518219,57.383518219,57.5760498047,0,57.5760498047,57.5760498047,1
505,1009,32,0.001,0.01,0.25,0.7,57.3257637024,0,57.3257637024,57.3257637024,57.9707374573,0,57.9707374573,57.9707374573,1
506,964,32,0.001,0,0.25,0.7,57.3161354065,0,57.3161354065,57.3161354065,57.9707374573,0,57.9707374573,57.9707374573,1
507,979,32,0.001,0.0001,0.25,0.7,57.3161354065,0,57.3161354065,57.3161354065,57.9707374573,0,57.9707374573,57.9707374573,1
508,994,32,0.001,0.001,0.25,0.7,57.3161354065,0,57.3161354065,57.3161354065,57.9707374573,0,57.9707374573,57.9707374573,1
509,965,32,0.001,0,0.25,0.9,57.2679977417,0,57.2679977417,57.2679977417,58.1728935242,0,58.1728935242,58.1728935242,1
510,980,32,0.001,0.0001,0.25,0.9,57.2679977417,0,57.2679977417,57.2679977417,58.1728935242,0,58.1728935242,58.1728935242,1
511,995,32,0.001,0.001,0.25,0.9,57.2679977417,0,57.2679977417,57.2679977417,58.1728935242,0,58.1728935242,58.1728935242,1
512,1010,32,0.001,0.01,0.25,0.9,57.2679977417,0,57.2679977417,57.2679977417,58.1728935242,0,58.1728935242,58.1728935242,1
513,684,8,0.0001,0.0001,0.5,0.7,57.2583732605,0,57.2583732605,57.2583732605,57.4894142151,0,57.4894142151,57.4894142151,1
514,963,32,0.001,0,0.25,0.5,57.2294960022,0,57.2294960022,57.2294960022,57.8744697571,0,57.8744697571,57.8744697571,1
515,978,32,0.001,0.0001,0.25,0.5,57.2294960022,0,57.2294960022,57.2294960022,57.884098053,0,57.884098053,57.884098053,1
516,993,32,0.001,0.001,0.25,0.5,57.2198677063,0,57.2198677063,57.2198677063,57.8359680176,0,57.8359680176,57.8359680176,1
517,1008,32,0.001,0.01,0.25,0.5,57.2198677063,0,57.2198677063,57.2198677063,57.8359680176,0,57.8359680176,57.8359680176,1
518,699,8,0.0001,0.001,0.5,0.7,57.2006149292,0,57.2006149292,57.2006149292,57.5375442505,0,57.5375442505,57.5375442505,1
519,669,8,0.0001,0,0.5,0.7,57.190990448,0,57.190990448,57.190990448,57.4316482544,0,57.4316482544,57.4316482544,1
520,714,8,0.0001,0.01,0.5,0.7,57.190990448,0,57.190990448,57.190990448,57.4797859192,0,57.4797859192,57.4797859192,1
521,962,32,0.001,0,0.25,0.3,57.190990448,0,57.190990448,57.190990448,57.7685775757,0,57.7685775757,57.7685775757,1
522,977,32,0.001,0.0001,0.25,0.3,57.190990448,0,57.190990448,57.190990448,57.7685775757,0,57.7685775757,57.7685775757,1
523,992,32,0.001,0.001,0.25,0.3,57.190990448,0,57.190990448,57.190990448,57.7685775757,0,57.7685775757,57.7685775757,1
524,1007,32,0.001,0.01,0.25,0.3,57.190990448,0,57.190990448,57.190990448,57.7685775757,0,57.7685775757,57.7685775757,1
525,39,0,0.01,0.001,0.5,0.7,57.1813659668,0,57.1813659668,57.1813659668,57.0369644165,0,57.0369644165,57.0369644165,1
526,668,8,0.0001,0,0.5,0.5,57.1428604126,0,57.1428604126,57.1428604126,57.5760498047,0,57.5760498047,57.5760498047,1
527,698,8,0.0001,0.001,0.5,0.5,57.1139755249,0,57.1139755249,57.1139755249,57.604927063,0,57.604927063,57.604927063,1
528,961,32,0.001,0,0.25,0.1,57.1139755249,0,57.1139755249,57.1139755249,57.7011947632,0,57.7011947632,57.7011947632,1
529,976,32,0.001,0.0001,0.25,0.1,57.1139755249,0,57.1139755249,57.1139755249,57.7011947632,0,57.7011947632,57.7011947632,1
530,991,32,0.001,0.001,0.25,0.1,57.1139755249,0,57.1139755249,57.1139755249,57.7011947632,0,57.7011947632,57.7011947632,1
531,1006,32,0.001,0.01,0.25,0.1,57.1139755249,0,57.1139755249,57.1139755249,57.7011947632,0,57.7011947632,57.7011947632,1
532,713,8,0.0001,0.01,0.5,0.5,57.104347229,0,57.104347229,57.104347229,57.5567970276,0,57.5567970276,57.5567970276,1
533,320,2,0.0001,0.0001,0.25,0.9,57.0658454895,0,57.0658454895,57.0658454895,57.6434364319,0,57.6434364319,57.6434364319,1
534,712,8,0.0001,0.01,0.5,0.3,57.0562171936,0,57.0562171936,57.0562171936,57.5471687317,0,57.5471687317,57.5471687317,1
535,350,2,0.0001,0.01,0.25,0.9,57.0465927124,0,57.0465927124,57.0465927124,57.6434364319,0,57.6434364319,57.6434364319,1
536,681,8,0.0001,0.0001,0.5,0.1,57.0465927124,0,57.0465927124,57.0465927124,57.5856742859,0,57.5856742859,57.5856742859,1
537,683,8,0.0001,0.0001,0.5,0.5,57.0369644165,0,57.0369644165,57.0369644165,57.5375442505,0,57.5375442505,57.5375442505,1
538,305,2,0.0001,0,0.25,0.9,57.0273399353,0,57.0273399353,57.0273399353,57.1524848938,0,57.1524848938,57.1524848938,1
539,335,2,0.0001,0.001,0.25,0.9,57.0177154541,0,57.0177154541,57.0177154541,57.1139755249,0,57.1139755249,57.1139755249,1
540,696,8,0.0001,0.001,0.5,0.1,57.0177154541,0,57.0177154541,57.0177154541,57.604927063,0,57.604927063,57.604927063,1
541,711,8,0.0001,0.01,0.5,0.1,57.0080871582,0,57.0080871582,57.0080871582,57.6145515442,0,57.6145515442,57.6145515442,1
542,666,8,0.0001,0,0.5,0.1,56.998462677,0,56.998462677,56.998462677,57.5760498047,0,57.5760498047,57.5760498047,1
543,667,8,0.0001,0,0.5,0.3,56.9792098999,0,56.9792098999,56.9792098999,57.5086669922,0,57.5086669922,57.5086669922,1
544,697,8,0.0001,0.001,0.5,0.3,56.9599494934,0,56.9599494934,56.9599494934,57.4797859192,0,57.4797859192,57.4797859192,1
545,319,2,0.0001,0.0001,0.25,0.7,56.9406967163,0,56.9406967163,56.9406967163,57.3642654419,0,57.3642654419,57.3642654419,1
546,334,2,0.0001,0.001,0.25,0.7,56.9406967163,0,56.9406967163,56.9406967163,57.3450164795,0,57.3450164795,57.3450164795,1
547,682,8,0.0001,0.0001,0.5,0.3,56.9310722351,0,56.9310722351,56.9310722351,57.470161438,0,57.470161438,57.470161438,1
548,349,2,0.0001,0.01,0.25,0.7,56.8444366455,0,56.8444366455,56.8444366455,57.3642654419,0,57.3642654419,57.3642654419,1
549,23,0,0.01,0.0001,0.5,0.5,56.8348121643,0,56.8348121643,56.8348121643,56.5363883972,0,56.5363883972,56.5363883972,1
550,304,2,0.0001,0,0.25,0.7,56.8348121643,0,56.8348121643,56.8348121643,57.3450164795,0,57.3450164795,57.3450164795,1
551,346,2,0.0001,0.01,0.25,0.1,56.8348121643,0,56.8348121643,56.8348121643,57.2102432251,0,57.2102432251,57.2102432251,1
552,348,2,0.0001,0.01,0.25,0.5,56.8251838684,0,56.8251838684,56.8251838684,57.3161354065,0,57.3161354065,57.3161354065,1
553,332,2,0.0001,0.001,0.25,0.3,56.8155593872,0,56.8155593872,56.8155593872,57.2968788147,0,57.2968788147,57.2968788147,1
554,310,2,0.0001,0,0.5,0.9,56.8059310913,0,56.8059310913,56.8059310913,57.1813659668,0,57.1813659668,57.1813659668,1
555,9,0,0.01,0,0.5,0.7,56.7963066101,0,56.7963066101,56.7963066101,56.8733139038,0,56.8733139038,56.8733139038,1
556,333,2,0.0001,0.001,0.25,0.5,56.7866744995,0,56.7866744995,56.7866744995,57.3065109253,0,57.3065109253,57.3065109253,1
557,318,2,0.0001,0.0001,0.25,0.5,56.7770462036,0,56.7770462036,56.7770462036,57.3353881836,0,57.3353881836,57.3353881836,1
558,38,0,0.01,0.001,0.5,0.5,56.7674217224,0,56.7674217224,56.7674217224,56.4786300659,0,56.4786300659,56.4786300659,1
559,302,2,0.0001,0,0.25,0.3,56.7674217224,0,56.7674217224,56.7674217224,57.2487487793,0,57.2487487793,57.2487487793,1
560,8,0,0.01,0,0.5,0.5,56.7577972412,0,56.7577972412,56.7577972412,56.6037712097,0,56.6037712097,56.6037712097,1
561,301,2,0.0001,0,0.25,0.1,56.7577972412,0,56.7577972412,56.7577972412,57.2198677063,0,57.2198677063,57.2198677063,1
562,317,2,0.0001,0.0001,0.25,0.3,56.7577972412,0,56.7577972412,56.7577972412,57.2198677063,0,57.2198677063,57.2198677063,1
563,325,2,0.0001,0.0001,0.5,0.9,56.7577972412,0,56.7577972412,56.7577972412,57.1428604126,0,57.1428604126,57.1428604126,1
564,331,2,0.0001,0.001,0.25,0.1,56.7577972412,0,56.7577972412,56.7577972412,57.2872505188,0,57.2872505188,57.2872505188,1
565,340,2,0.0001,0.001,0.5,0.9,56.7577972412,0,56.7577972412,56.7577972412,57.1524848938,0,57.1524848938,57.1524848938,1
566,316,2,0.0001,0.0001,0.25,0.1,56.7385444641,0,56.7385444641,56.7385444641,57.2583732605,0,57.2583732605,57.2583732605,1
567,355,2,0.0001,0.01,0.5,0.9,56.7289161682,0,56.7289161682,56.7289161682,57.1236000061,0,57.1236000061,57.1236000061,1
568,303,2,0.0001,0,0.25,0.5,56.7096633911,0,56.7096633911,56.7096633911,57.2776260376,0,57.2776260376,57.2776260376,1
569,347,2,0.0001,0.01,0.25,0.3,56.6904144287,0,56.6904144287,56.6904144287,57.2391204834,0,57.2391204834,57.2391204834,1
570,7,0,0.01,0,0.5,0.3,56.6615333557,0,56.6615333557,56.6615333557,57.0080871582,0,57.0080871582,57.0080871582,1
571,53,0,0.01,0.01,0.5,0.5,56.6326560974,0,56.6326560974,56.6326560974,56.4690055847,0,56.4690055847,56.4690055847,1
572,24,0,0.01,0.0001,0.5,0.7,56.6230239868,0,56.6230239868,56.6230239868,57.0177154541,0,57.0177154541,57.0177154541,1
573,51,0,0.01,0.01,0.5,0.1,56.5845184326,0,56.5845184326,56.5845184326,56.7096633911,0,56.7096633911,56.7096633911,1
574,6,0,0.01,0,0.5,0.1,56.5556411743,0,56.5556411743,56.5556411743,56.969581604,0,56.969581604,56.969581604,1
575,36,0,0.01,0.001,0.5,0.1,56.5075111389,0,56.5075111389,56.5075111389,56.6133956909,0,56.6133956909,56.6133956909,1
576,731,16,0.01,0,0.75,0.1,56.4593734741,0,56.4593734741,56.4593734741,57.6338043213,0,57.6338043213,57.6338043213,1
577,746,16,0.01,0.0001,0.75,0.1,56.4593734741,0,56.4593734741,56.4593734741,57.6338043213,0,57.6338043213,57.6338043213,1
578,761,16,0.01,0.001,0.75,0.1,56.4593734741,0,56.4593734741,56.4593734741,57.6338043213,0,57.6338043213,57.6338043213,1
579,776,16,0.01,0.01,0.75,0.1,56.4593734741,0,56.4593734741,56.4593734741,57.6338043213,0,57.6338043213,57.6338043213,1
580,52,0,0.01,0.01,0.5,0.3,56.4497451782,0,56.4497451782,56.4497451782,57.190990448,0,57.190990448,57.190990448,1
581,37,0,0.01,0.001,0.5,0.3,56.4208679199,0,56.4208679199,56.4208679199,56.9214477539,0,56.9214477539,56.9214477539,1
582,732,16,0.01,0,0.75,0.3,56.4208679199,0,56.4208679199,56.4208679199,57.604927063,0,57.604927063,57.604927063,1
583,747,16,0.01,0.0001,0.75,0.3,56.4208679199,0,56.4208679199,56.4208679199,57.604927063,0,57.604927063,57.604927063,1
584,762,16,0.01,0.001,0.75,0.3,56.4208679199,0,56.4208679199,56.4208679199,57.604927063,0,57.604927063,57.604927063,1
585,777,16,0.01,0.01,0.75,0.3,56.4208679199,0,56.4208679199,56.4208679199,57.604927063,0,57.604927063,57.604927063,1
586,21,0,0.01,0.0001,0.5,0.1,56.3919906616,0,56.3919906616,56.3919906616,56.5748939514,0,56.5748939514,56.5748939514,1
587,22,0,0.01,0.0001,0.5,0.3,56.3823623657,0,56.3823623657,56.3823623657,57.0658454895,0,57.0658454895,57.0658454895,1
588,54,0,0.01,0.01,0.5,0.7,56.3631134033,0,56.3631134033,56.3631134033,56.8155593872,0,56.8155593872,56.8155593872,1
589,324,2,0.0001,0.0001,0.5,0.7,56.3534851074,0,56.3534851074,56.3534851074,56.7481689453,0,56.7481689453,56.7481689453,1
590,40,0,0.01,0.001,0.5,0.9,56.3342323303,0,56.3342323303,56.3342323303,56.6615333557,0,56.6615333557,56.6615333557,1
591,733,16,0.01,0,0.75,0.5,56.3342323303,0,56.3342323303,56.3342323303,57.6338043213,0,57.6338043213,57.6338043213,1
592,748,16,0.01,0.0001,0.75,0.5,56.3342323303,0,56.3342323303,56.3342323303,57.6338043213,0,57.6338043213,57.6338043213,1
593,763,16,0.01,0.001,0.75,0.5,56.3342323303,0,56.3342323303,56.3342323303,57.6338043213,0,57.6338043213,57.6338043213,1
594,778,16,0.01,0.01,0.75,0.5,56.3342323303,0,56.3342323303,56.3342323303,57.6338043213,0,57.6338043213,57.6338043213,1
595,354,2,0.0001,0.01,0.5,0.7,56.3246078491,0,56.3246078491,56.3246078491,56.6904144287,0,56.6904144287,56.6904144287,1
596,339,2,0.0001,0.001,0.5,0.7,56.3149795532,0,56.3149795532,56.3149795532,56.7000389099,0,56.7000389099,56.7000389099,1
597,309,2,0.0001,0,0.5,0.7,56.305355072,0,56.305355072,56.305355072,56.7770462036,0,56.7770462036,56.7770462036,1
598,10,0,0.01,0,0.5,0.9,56.2668457031,0,56.2668457031,56.2668457031,56.4016151428,0,56.4016151428,56.4016151428,1
599,734,16,0.01,0,0.75,0.7,56.247592926,0,56.247592926,56.247592926,57.4990386963,0,57.4990386963,57.4990386963,1
600,749,16,0.01,0.0001,0.75,0.7,56.247592926,0,56.247592926,56.247592926,57.4990386963,0,57.4990386963,57.4990386963,1
601,764,16,0.01,0.001,0.75,0.7,56.247592926,0,56.247592926,56.247592926,57.4990386963,0,57.4990386963,57.4990386963,1
602,779,16,0.01,0.01,0.75,0.7,56.247592926,0,56.247592926,56.247592926,57.4990386963,0,57.4990386963,57.4990386963,1
603,353,2,0.0001,0.01,0.5,0.5,56.2283401489,0,56.2283401489,56.2283401489,56.526763916,0,56.526763916,56.526763916,1
604,308,2,0.0001,0,0.5,0.5,56.218711853,0,56.218711853,56.218711853,56.526763916,0,56.526763916,56.526763916,1
605,323,2,0.0001,0.0001,0.5,0.5,56.218711853,0,56.218711853,56.218711853,56.5941467285,0,56.5941467285,56.5941467285,1
606,338,2,0.0001,0.001,0.5,0.5,56.2090873718,0,56.2090873718,56.2090873718,56.5748939514,0,56.5748939514,56.5748939514,1
607,306,2,0.0001,0,0.5,0.1,56.1994628906,0,56.1994628906,56.1994628906,56.5171356201,0,56.5171356201,56.5171356201,1
608,1093,64,0.01,0,0.75,0.5,56.1898345947,0,56.1898345947,56.1898345947,57.2294960022,0,57.2294960022,57.2294960022,1
609,1108,64,0.01,0.0001,0.75,0.5,56.1898345947,0,56.1898345947,56.1898345947,57.2294960022,0,57.2294960022,57.2294960022,1
610,1123,64,0.01,0.001,0.75,0.5,56.1898345947,0,56.1898345947,56.1898345947,57.2294960022,0,57.2294960022,57.2294960022,1
611,1138,64,0.01,0.01,0.75,0.5,56.1898345947,0,56.1898345947,56.1898345947,57.2294960022,0,57.2294960022,57.2294960022,1
612,352,2,0.0001,0.01,0.5,0.3,56.1705818176,0,56.1705818176,56.1705818176,56.5363883972,0,56.5363883972,56.5363883972,1
613,322,2,0.0001,0.0001,0.5,0.3,56.1513290405,0,56.1513290405,56.1513290405,56.4882583618,0,56.4882583618,56.4882583618,1
614,336,2,0.0001,0.001,0.5,0.1,56.1513290405,0,56.1513290405,56.1513290405,56.4593734741,0,56.4593734741,56.4593734741,1
615,1091,64,0.01,0,0.75,0.1,56.1513290405,0,56.1513290405,56.1513290405,57.3065109253,0,57.3065109253,57.3065109253,1
616,1106,64,0.01,0.0001,0.75,0.1,56.1513290405,0,56.1513290405,56.1513290405,57.3065109253,0,57.3065109253,57.3065109253,1
617,1121,64,0.01,0.001,0.75,0.1,56.1513290405,0,56.1513290405,56.1513290405,57.3065109253,0,57.3065109253,57.3065109253,1
618,1136,64,0.01,0.01,0.75,0.1,56.1513290405,0,56.1513290405,56.1513290405,57.3065109253,0,57.3065109253,57.3065109253,1
619,321,2,0.0001,0.0001,0.5,0.1,56.1320800781,0,56.1320800781,56.1320800781,56.3727378845,0,56.3727378845,56.3727378845,1
620,337,2,0.0001,0.001,0.5,0.3,56.1320800781,0,56.1320800781,56.1320800781,56.497882843,0,56.497882843,56.497882843,1
621,351,2,0.0001,0.01,0.5,0.1,56.1320800781,0,56.1320800781,56.1320800781,56.4593734741,0,56.4593734741,56.4593734741,1
622,912,32,0.01,0,0.75,0.3,56.1320800781,0,56.1320800781,56.1320800781,57.1332321167,0,57.1332321167,57.1332321167,1
623,927,32,0.01,0.0001,0.75,0.3,56.1320800781,0,56.1320800781,56.1320800781,57.1332321167,0,57.1332321167,57.1332321167,1
624,942,32,0.01,0.001,0.75,0.3,56.1320800781,0,56.1320800781,56.1320800781,57.1332321167,0,57.1332321167,57.1332321167,1
625,957,32,0.01,0.01,0.75,0.3,56.1320800781,0,56.1320800781,56.1320800781,57.1332321167,0,57.1332321167,57.1332321167,1
626,1092,64,0.01,0,0.75,0.3,56.1320800781,0,56.1320800781,56.1320800781,57.2776260376,0,57.2776260376,57.2776260376,1
627,1107,64,0.01,0.0001,0.75,0.3,56.1320800781,0,56.1320800781,56.1320800781,57.2776260376,0,57.2776260376,57.2776260376,1
628,1122,64,0.01,0.001,0.75,0.3,56.1320800781,0,56.1320800781,56.1320800781,57.2776260376,0,57.2776260376,57.2776260376,1
629,1137,64,0.01,0.01,0.75,0.3,56.1320800781,0,56.1320800781,56.1320800781,57.2776260376,0,57.2776260376,57.2776260376,1
630,307,2,0.0001,0,0.5,0.3,56.1224441528,0,56.1224441528,56.1224441528,56.5075111389,0,56.5075111389,56.5075111389,1
631,911,32,0.01,0,0.75,0.1,56.1224441528,0,56.1224441528,56.1224441528,57.1332321167,0,57.1332321167,57.1332321167,1
632,926,32,0.01,0.0001,0.75,0.1,56.1224441528,0,56.1224441528,56.1224441528,57.1332321167,0,57.1332321167,57.1332321167,1
633,941,32,0.01,0.001,0.75,0.1,56.1224441528,0,56.1224441528,56.1224441528,57.1332321167,0,57.1332321167,57.1332321167,1
634,956,32,0.01,0.01,0.75,0.1,56.1224441528,0,56.1224441528,56.1224441528,57.1332321167,0,57.1332321167,57.1332321167,1
635,25,0,0.01,0.0001,0.5,0.9,56.1031951904,0,56.1031951904,56.1031951904,56.6807861328,0,56.6807861328,56.6807861328,1
636,55,0,0.01,0.01,0.5,0.9,56.0839424133,0,56.0839424133,56.0839424133,56.497882843,0,56.497882843,56.497882843,1
637,913,32,0.01,0,0.75,0.5,56.0550613403,0,56.0550613403,56.0550613403,57.0562171936,0,57.0562171936,57.0562171936,1
638,928,32,0.01,0.0001,0.75,0.5,56.0550613403,0,56.0550613403,56.0550613403,57.0562171936,0,57.0562171936,57.0562171936,1
639,943,32,0.01,0.001,0.75,0.5,56.0550613403,0,56.0550613403,56.0550613403,57.0562171936,0,57.0562171936,57.0562171936,1
640,958,32,0.01,0.01,0.75,0.5,56.0550613403,0,56.0550613403,56.0550613403,57.0562171936,0,57.0562171936,57.0562171936,1
641,1094,64,0.01,0,0.75,0.7,56.0550613403,0,56.0550613403,56.0550613403,57.190990448,0,57.190990448,57.190990448,1
642,1109,64,0.01,0.0001,0.75,0.7,56.0550613403,0,56.0550613403,56.0550613403,57.190990448,0,57.190990448,57.190990448,1
643,1124,64,0.01,0.001,0.75,0.7,56.0550613403,0,56.0550613403,56.0550613403,57.190990448,0,57.190990448,57.190990448,1
644,1139,64,0.01,0.01,0.75,0.7,56.0550613403,0,56.0550613403,56.0550613403,57.190990448,0,57.190990448,57.190990448,1
645,914,32,0.01,0,0.75,0.7,56.026184082,0,56.026184082,56.026184082,56.969581604,0,56.969581604,56.969581604,1
646,929,32,0.01,0.0001,0.75,0.7,56.026184082,0,56.026184082,56.026184082,56.969581604,0,56.969581604,56.969581604,1
647,944,32,0.01,0.001,0.75,0.7,56.026184082,0,56.026184082,56.026184082,56.969581604,0,56.969581604,56.969581604,1
648,959,32,0.01,0.01,0.75,0.7,56.026184082,0,56.026184082,56.026184082,56.969581604,0,56.969581604,56.969581604,1
649,1070,32,0.0001,0.01,0.25,0.9,56.0165596008,0,56.0165596008,56.0165596008,56.6615333557,0,56.6615333557,56.6615333557,1
650,915,32,0.01,0,0.75,0.9,55.9684295654,0,55.9684295654,55.9684295654,56.9599494934,0,56.9599494934,56.9599494934,1
651,930,32,0.01,0.0001,0.75,0.9,55.9684295654,0,55.9684295654,55.9684295654,56.9599494934,0,56.9599494934,56.9599494934,1
652,945,32,0.01,0.001,0.75,0.9,55.9684295654,0,55.9684295654,55.9684295654,56.969581604,0,56.969581604,56.969581604,1
653,960,32,0.01,0.01,0.75,0.9,55.9684295654,0,55.9684295654,55.9684295654,56.969581604,0,56.969581604,56.969581604,1
654,1095,64,0.01,0,0.75,0.9,55.9299163818,0,55.9299163818,55.9299163818,57.0465927124,0,57.0465927124,57.0465927124,1
655,1110,64,0.01,0.0001,0.75,0.9,55.9299163818,0,55.9299163818,55.9299163818,57.0465927124,0,57.0465927124,57.0465927124,1
656,1125,64,0.01,0.001,0.75,0.9,55.9299163818,0,55.9299163818,55.9299163818,57.0465927124,0,57.0465927124,57.0465927124,1
657,1140,64,0.01,0.01,0.75,0.9,55.9299163818,0,55.9299163818,55.9299163818,57.0465927124,0,57.0465927124,57.0465927124,1
658,1025,32,0.0001,0,0.25,0.9,55.9010391235,0,55.9010391235,55.9010391235,56.3342323303,0,56.3342323303,56.3342323303,1
659,1040,32,0.0001,0.0001,0.25,0.9,55.9010391235,0,55.9010391235,55.9010391235,56.3438606262,0,56.3438606262,56.3438606262,1
660,1055,32,0.0001,0.001,0.25,0.9,55.8914108276,0,55.8914108276,55.8914108276,56.3534851074,0,56.3534851074,56.3534851074,1
661,735,16,0.01,0,0.75,0.9,55.7373886108,0,55.7373886108,55.7373886108,56.911819458,0,56.911819458,56.911819458,1
662,750,16,0.01,0.0001,0.75,0.9,55.7373886108,0,55.7373886108,55.7373886108,56.911819458,0,56.911819458,56.911819458,1
663,765,16,0.01,0.001,0.75,0.9,55.7373886108,0,55.7373886108,55.7373886108,56.911819458,0,56.911819458,56.911819458,1
664,780,16,0.01,0.01,0.75,0.9,55.7373886108,0,55.7373886108,55.7373886108,56.911819458,0,56.911819458,56.911819458,1
665,435,4,0.001,0,0.75,0.9,55.3330764771,0,55.3330764771,55.3330764771,55.4293403625,0,55.4293403625,55.4293403625,1
666,450,4,0.001,0.0001,0.75,0.9,55.3330764771,0,55.3330764771,55.3330764771,55.4293403625,0,55.4293403625,55.4293403625,1
667,465,4,0.001,0.001,0.75,0.9,55.3330764771,0,55.3330764771,55.3330764771,55.4293403625,0,55.4293403625,55.4293403625,1
668,480,4,0.001,0.01,0.75,0.9,55.3138275146,0,55.3138275146,55.3138275146,55.4485931396,0,55.4485931396,55.4485931396,1
669,554,8,0.01,0,0.75,0.7,55.284942627,0,55.284942627,55.284942627,55.1598014832,0,55.1598014832,55.1598014832,1
670,569,8,0.01,0.0001,0.75,0.7,55.284942627,0,55.284942627,55.284942627,55.1598014832,0,55.1598014832,55.1598014832,1
671,584,8,0.01,0.001,0.75,0.7,55.284942627,0,55.284942627,55.284942627,55.1598014832,0,55.1598014832,55.1598014832,1
672,599,8,0.01,0.01,0.75,0.7,55.284942627,0,55.284942627,55.284942627,55.1598014832,0,55.1598014832,55.1598014832,1
673,553,8,0.01,0,0.75,0.5,55.2656898499,0,55.2656898499,55.2656898499,55.1598014832,0,55.1598014832,55.1598014832,1
674,568,8,0.01,0.0001,0.75,0.5,55.2656898499,0,55.2656898499,55.2656898499,55.1598014832,0,55.1598014832,55.1598014832,1
675,583,8,0.01,0.001,0.75,0.5,55.2656898499,0,55.2656898499,55.2656898499,55.1598014832,0,55.1598014832,55.1598014832,1
676,598,8,0.01,0.01,0.75,0.5,55.2656898499,0,55.2656898499,55.2656898499,55.1598014832,0,55.1598014832,55.1598014832,1
677,195,2,0.01,0,0.75,0.9,55.2079315186,0,55.2079315186,55.2079315186,55.8529090881,0,55.8529090881,55.8529090881,1
678,210,2,0.01,0.0001,0.75,0.9,55.2079315186,0,55.2079315186,55.2079315186,55.8529090881,0,55.8529090881,55.8529090881,1
679,225,2,0.01,0.001,0.75,0.9,55.2079315186,0,55.2079315186,55.2079315186,55.8529090881,0,55.8529090881,55.8529090881,1
680,240,2,0.01,0.01,0.75,0.9,55.2079315186,0,55.2079315186,55.2079315186,55.8625335693,0,55.8625335693,55.8625335693,1
681,300,2,0.001,0.01,0.75,0.9,55.1790542603,0,55.1790542603,55.1790542603,55.2945747375,0,55.2945747375,55.2945747375,1
682,255,2,0.001,0,0.75,0.9,55.1694259644,0,55.1694259644,55.1694259644,55.2945747375,0,55.2945747375,55.2945747375,1
683,270,2,0.001,0.0001,0.75,0.9,55.1694259644,0,55.1694259644,55.1694259644,55.2945747375,0,55.2945747375,55.2945747375,1
684,194,2,0.01,0,0.75,0.7,55.1598014832,0,55.1598014832,55.1598014832,56.0743141174,0,56.0743141174,56.0743141174,1
685,209,2,0.01,0.0001,0.75,0.7,55.1598014832,0,55.1598014832,55.1598014832,56.0743141174,0,56.0743141174,56.0743141174,1
686,224,2,0.01,0.001,0.75,0.7,55.1598014832,0,55.1598014832,55.1598014832,56.0743141174,0,56.0743141174,56.0743141174,1
687,285,2,0.001,0.001,0.75,0.9,55.1598014832,0,55.1598014832,55.1598014832,55.3041992188,0,55.3041992188,55.3041992188,1
688,239,2,0.01,0.01,0.75,0.7,55.150177002,0,55.150177002,55.150177002,56.0743141174,0,56.0743141174,56.0743141174,1
689,895,16,0.0001,0.01,0.5,0.9,55.150177002,0,55.150177002,55.150177002,55.7566413879,0,55.7566413879,55.7566413879,1
690,850,16,0.0001,0,0.5,0.9,55.1405487061,0,55.1405487061,55.1405487061,55.7085113525,0,55.7085113525,55.7085113525,1
691,865,16,0.0001,0.0001,0.5,0.9,55.1309242249,0,55.1309242249,55.1309242249,55.775894165,0,55.775894165,55.775894165,1
692,880,16,0.0001,0.001,0.5,0.9,55.1309242249,0,55.1309242249,55.1309242249,55.7662658691,0,55.7662658691,55.7662658691,1
693,191,2,0.01,0,0.75,0.1,55.1020393372,0,55.1020393372,55.1020393372,55.7373886108,0,55.7373886108,55.7373886108,1
694,193,2,0.01,0,0.75,0.5,55.1020393372,0,55.1020393372,55.1020393372,55.9491691589,0,55.9491691589,55.9491691589,1
695,206,2,0.01,0.0001,0.75,0.1,55.1020393372,0,55.1020393372,55.1020393372,55.7373886108,0,55.7373886108,55.7373886108,1
696,208,2,0.01,0.0001,0.75,0.5,55.1020393372,0,55.1020393372,55.1020393372,55.9491691589,0,55.9491691589,55.9491691589,1
697,221,2,0.01,0.001,0.75,0.1,55.1020393372,0,55.1020393372,55.1020393372,55.7373886108,0,55.7373886108,55.7373886108,1
698,223,2,0.01,0.001,0.75,0.5,55.1020393372,0,55.1020393372,55.1020393372,55.9491691589,0,55.9491691589,55.9491691589,1
699,236,2,0.01,0.01,0.75,0.1,55.1020393372,0,55.1020393372,55.1020393372,55.747013092,0,55.747013092,55.747013092,1
700,238,2,0.01,0.01,0.75,0.5,55.1020393372,0,55.1020393372,55.1020393372,55.9491691589,0,55.9491691589,55.9491691589,1
701,849,16,0.0001,0,0.5,0.7,55.1020393372,0,55.1020393372,55.1020393372,55.6122436523,0,55.6122436523,55.6122436523,1
702,864,16,0.0001,0.0001,0.5,0.7,55.1020393372,0,55.1020393372,55.1020393372,55.6026153564,0,55.6026153564,55.6026153564,1
703,879,16,0.0001,0.001,0.5,0.7,55.1020393372,0,55.1020393372,55.1020393372,55.6122436523,0,55.6122436523,55.6122436523,1
704,894,16,0.0001,0.01,0.5,0.7,55.0924110413,0,55.0924110413,55.0924110413,55.6026153564,0,55.6026153564,55.6026153564,1
705,434,4,0.001,0,0.75,0.7,55.0827865601,0,55.0827865601,55.0827865601,54.9191360474,0,54.9191360474,54.9191360474,1
706,449,4,0.001,0.0001,0.75,0.7,55.0827865601,0,55.0827865601,55.0827865601,54.9191360474,0,54.9191360474,54.9191360474,1
707,464,4,0.001,0.001,0.75,0.7,55.0827865601,0,55.0827865601,55.0827865601,54.9191360474,0,54.9191360474,54.9191360474,1
708,551,8,0.01,0,0.75,0.1,55.0827865601,0,55.0827865601,55.0827865601,55.0250282288,0,55.0250282288,55.0250282288,1
709,566,8,0.01,0.0001,0.75,0.1,55.0827865601,0,55.0827865601,55.0827865601,55.0250282288,0,55.0250282288,55.0250282288,1
710,581,8,0.01,0.001,0.75,0.1,55.0827865601,0,55.0827865601,55.0827865601,55.0250282288,0,55.0250282288,55.0250282288,1
711,596,8,0.01,0.01,0.75,0.1,55.0827865601,0,55.0827865601,55.0827865601,55.0250282288,0,55.0250282288,55.0250282288,1
712,1205,64,0.0001,0,0.25,0.9,55.0731582642,0,55.0731582642,55.0731582642,55.3138275146,0,55.3138275146,55.3138275146,1
713,192,2,0.01,0,0.75,0.3,55.0539093018,0,55.0539093018,55.0539093018,55.7951507568,0,55.7951507568,55.7951507568,1
714,207,2,0.01,0.0001,0.75,0.3,55.0539093018,0,55.0539093018,55.0539093018,55.7951507568,0,55.7951507568,55.7951507568,1
715,222,2,0.01,0.001,0.75,0.3,55.0539093018,0,55.0539093018,55.0539093018,55.7951507568,0,55.7951507568,55.7951507568,1
716,237,2,0.01,0.01,0.75,0.3,55.0539093018,0,55.0539093018,55.0539093018,55.7951507568,0,55.7951507568,55.7951507568,1
717,552,8,0.01,0,0.75,0.3,55.0539093018,0,55.0539093018,55.0539093018,55.0057754517,0,55.0057754517,55.0057754517,1
718,567,8,0.01,0.0001,0.75,0.3,55.0539093018,0,55.0539093018,55.0539093018,55.0057754517,0,55.0057754517,55.0057754517,1
719,582,8,0.01,0.001,0.75,0.3,55.0539093018,0,55.0539093018,55.0539093018,55.0057754517,0,55.0057754517,55.0057754517,1
720,597,8,0.01,0.01,0.75,0.3,55.0539093018,0,55.0539093018,55.0539093018,55.0057754517,0,55.0057754517,55.0057754517,1
721,479,4,0.001,0.01,0.75,0.7,55.0346565247,0,55.0346565247,55.0346565247,54.9768981934,0,54.9768981934,54.9768981934,1
722,1235,64,0.0001,0.001,0.25,0.9,55.0346565247,0,55.0346565247,55.0346565247,55.3330764771,0,55.3330764771,55.3330764771,1
723,284,2,0.001,0.001,0.75,0.7,55.0250282288,0,55.0250282288,55.0250282288,55.4004592896,0,55.4004592896,55.4004592896,1
724,299,2,0.001,0.01,0.75,0.7,55.0250282288,0,55.0250282288,55.0250282288,55.4197120667,0,55.4197120667,55.4197120667,1
725,254,2,0.001,0,0.75,0.7,55.0154037476,0,55.0154037476,55.0154037476,55.3908348083,0,55.3908348083,55.3908348083,1
726,269,2,0.001,0.0001,0.75,0.7,55.0154037476,0,55.0154037476,55.0154037476,55.3908348083,0,55.3908348083,55.3908348083,1
727,613,8,0.001,0,0.75,0.5,54.9768981934,0,54.9768981934,54.9768981934,55.284942627,0,55.284942627,55.284942627,1
728,628,8,0.001,0.0001,0.75,0.5,54.9768981934,0,54.9768981934,54.9768981934,55.284942627,0,55.284942627,55.284942627,1
729,643,8,0.001,0.001,0.75,0.5,54.9768981934,0,54.9768981934,54.9768981934,55.284942627,0,55.284942627,55.284942627,1
730,863,16,0.0001,0.0001,0.5,0.5,54.9768981934,0,54.9768981934,54.9768981934,55.6218757629,0,55.6218757629,55.6218757629,1
731,893,16,0.0001,0.01,0.5,0.5,54.9768981934,0,54.9768981934,54.9768981934,55.64112854,0,55.64112854,55.64112854,1
732,478,4,0.001,0.01,0.75,0.5,54.9672737122,0,54.9672737122,54.9672737122,55.0442810059,0,55.0442810059,55.0442810059,1
733,611,8,0.001,0,0.75,0.1,54.9672737122,0,54.9672737122,54.9672737122,55.1886787415,0,55.1886787415,55.1886787415,1
734,612,8,0.001,0,0.75,0.3,54.9672737122,0,54.9672737122,54.9672737122,55.1116638184,0,55.1116638184,55.1116638184,1
735,626,8,0.001,0.0001,0.75,0.1,54.9672737122,0,54.9672737122,54.9672737122,55.1886787415,0,55.1886787415,55.1886787415,1
736,627,8,0.001,0.0001,0.75,0.3,54.9672737122,0,54.9672737122,54.9672737122,55.1116638184,0,55.1116638184,55.1116638184,1
737,641,8,0.001,0.001,0.75,0.1,54.9672737122,0,54.9672737122,54.9672737122,55.1886787415,0,55.1886787415,55.1886787415,1
738,642,8,0.001,0.001,0.75,0.3,54.9672737122,0,54.9672737122,54.9672737122,55.1116638184,0,55.1116638184,55.1116638184,1
739,656,8,0.001,0.01,0.75,0.1,54.9672737122,0,54.9672737122,54.9672737122,55.1886787415,0,55.1886787415,55.1886787415,1
740,657,8,0.001,0.01,0.75,0.3,54.9672737122,0,54.9672737122,54.9672737122,55.1116638184,0,55.1116638184,55.1116638184,1
741,658,8,0.001,0.01,0.75,0.5,54.9672737122,0,54.9672737122,54.9672737122,55.284942627,0,55.284942627,55.284942627,1
742,878,16,0.0001,0.001,0.5,0.5,54.9672737122,0,54.9672737122,54.9672737122,55.6507530212,0,55.6507530212,55.6507530212,1
743,463,4,0.001,0.001,0.75,0.5,54.9576454163,0,54.9576454163,54.9576454163,54.9961509705,0,54.9961509705,54.9961509705,1
744,848,16,0.0001,0,0.5,0.5,54.9576454163,0,54.9576454163,54.9576454163,55.6315002441,0,55.6315002441,55.6315002441,1
745,448,4,0.001,0.0001,0.75,0.5,54.9480133057,0,54.9480133057,54.9480133057,54.9961509705,0,54.9961509705,54.9961509705,1
746,432,4,0.001,0,0.75,0.3,54.9383888245,0,54.9383888245,54.9383888245,54.9961509705,0,54.9961509705,54.9961509705,1
747,433,4,0.001,0,0.75,0.5,54.9383888245,0,54.9383888245,54.9383888245,54.9961509705,0,54.9961509705,54.9961509705,1
748,447,4,0.001,0.0001,0.75,0.3,54.9383888245,0,54.9383888245,54.9383888245,54.9961509705,0,54.9961509705,54.9961509705,1
749,462,4,0.001,0.001,0.75,0.3,54.9383888245,0,54.9383888245,54.9383888245,54.9961509705,0,54.9961509705,54.9961509705,1
750,477,4,0.001,0.01,0.75,0.3,54.9287605286,0,54.9287605286,54.9287605286,54.9865264893,0,54.9865264893,54.9865264893,1
751,461,4,0.001,0.001,0.75,0.1,54.9191360474,0,54.9191360474,54.9191360474,54.9480133057,0,54.9480133057,54.9480133057,1
752,431,4,0.001,0,0.75,0.1,54.9095077515,0,54.9095077515,54.9095077515,54.9383888245,0,54.9383888245,54.9383888245,1
753,446,4,0.001,0.0001,0.75,0.1,54.9095077515,0,54.9095077515,54.9095077515,54.9383888245,0,54.9383888245,54.9383888245,1
754,476,4,0.001,0.01,0.75,0.1,54.9095077515,0,54.9095077515,54.9095077515,55.0057754517,0,55.0057754517,55.0057754517,1
755,555,8,0.01,0,0.75,0.9,54.9095077515,0,54.9095077515,54.9095077515,55.3427047729,0,55.3427047729,55.3427047729,1
756,570,8,0.01,0.0001,0.75,0.9,54.9095077515,0,54.9095077515,54.9095077515,55.3427047729,0,55.3427047729,55.3427047729,1
757,585,8,0.01,0.001,0.75,0.9,54.9095077515,0,54.9095077515,54.9095077515,55.3427047729,0,55.3427047729,55.3427047729,1
758,614,8,0.001,0,0.75,0.7,54.9095077515,0,54.9095077515,54.9095077515,55.2175598145,0,55.2175598145,55.2175598145,1
759,629,8,0.001,0.0001,0.75,0.7,54.9095077515,0,54.9095077515,54.9095077515,55.2175598145,0,55.2175598145,55.2175598145,1
760,644,8,0.001,0.001,0.75,0.7,54.9095077515,0,54.9095077515,54.9095077515,55.2079315186,0,55.2079315186,55.2079315186,1
761,659,8,0.001,0.01,0.75,0.7,54.9095077515,0,54.9095077515,54.9095077515,55.2175598145,0,55.2175598145,55.2175598145,1
762,600,8,0.01,0.01,0.75,0.9,54.8806304932,0,54.8806304932,54.8806304932,55.3427047729,0,55.3427047729,55.3427047729,1
763,847,16,0.0001,0,0.5,0.3,54.8806304932,0,54.8806304932,54.8806304932,55.554485321,0,55.554485321,55.554485321,1
764,862,16,0.0001,0.0001,0.5,0.3,54.8806304932,0,54.8806304932,54.8806304932,55.5448608398,0,55.5448608398,55.5448608398,1
765,877,16,0.0001,0.001,0.5,0.3,54.8806304932,0,54.8806304932,54.8806304932,55.554485321,0,55.554485321,55.554485321,1
766,892,16,0.0001,0.01,0.5,0.3,54.8806304932,0,54.8806304932,54.8806304932,55.5352325439,0,55.5352325439,55.5352325439,1
767,861,16,0.0001,0.0001,0.5,0.1,54.8613777161,0,54.8613777161,54.8613777161,55.5256080627,0,55.5256080627,55.5256080627,1
768,891,16,0.0001,0.01,0.5,0.1,54.8613777161,0,54.8613777161,54.8613777161,55.5448608398,0,55.5448608398,55.5448608398,1
769,615,8,0.001,0,0.75,0.9,54.8517532349,0,54.8517532349,54.8517532349,55.1983070374,0,55.1983070374,55.1983070374,1
770,630,8,0.001,0.0001,0.75,0.9,54.8517532349,0,54.8517532349,54.8517532349,55.1983070374,0,55.1983070374,55.1983070374,1
771,645,8,0.001,0.001,0.75,0.9,54.8517532349,0,54.8517532349,54.8517532349,55.1983070374,0,55.1983070374,55.1983070374,1
772,660,8,0.001,0.01,0.75,0.9,54.8517532349,0,54.8517532349,54.8517532349,55.2175598145,0,55.2175598145,55.2175598145,1
773,846,16,0.0001,0,0.5,0.1,54.8517532349,0,54.8517532349,54.8517532349,55.5352325439,0,55.5352325439,55.5352325439,1
774,876,16,0.0001,0.001,0.5,0.1,54.8517532349,0,54.8517532349,54.8517532349,55.5256080627,0,55.5256080627,55.5256080627,1
775,373,4,0.01,0,0.75,0.5,54.842124939,0,54.842124939,54.842124939,54.9287605286,0,54.9287605286,54.9287605286,1
776,388,4,0.01,0.0001,0.75,0.5,54.842124939,0,54.842124939,54.842124939,54.9287605286,0,54.9287605286,54.9287605286,1
777,403,4,0.01,0.001,0.75,0.5,54.842124939,0,54.842124939,54.842124939,54.9287605286,0,54.9287605286,54.9287605286,1
778,418,4,0.01,0.01,0.75,0.5,54.842124939,0,54.842124939,54.842124939,54.9287605286,0,54.9287605286,54.9287605286,1
779,372,4,0.01,0,0.75,0.3,54.8228759766,0,54.8228759766,54.8228759766,54.9191360474,0,54.9191360474,54.9191360474,1
780,387,4,0.01,0.0001,0.75,0.3,54.8228759766,0,54.8228759766,54.8228759766,54.9191360474,0,54.9191360474,54.9191360474,1
781,402,4,0.01,0.001,0.75,0.3,54.8228759766,0,54.8228759766,54.8228759766,54.9191360474,0,54.9191360474,54.9191360474,1
782,417,4,0.01,0.01,0.75,0.3,54.8228759766,0,54.8228759766,54.8228759766,54.9191360474,0,54.9191360474,54.9191360474,1
783,268,2,0.001,0.0001,0.75,0.5,54.8132476807,0,54.8132476807,54.8132476807,55.36195755,0,55.36195755,55.36195755,1
784,251,2,0.001,0,0.75,0.1,54.8036231995,0,54.8036231995,54.8036231995,55.284942627,0,55.284942627,55.284942627,1
785,253,2,0.001,0,0.75,0.5,54.8036231995,0,54.8036231995,54.8036231995,55.36195755,0,55.36195755,55.36195755,1
786,283,2,0.001,0.001,0.75,0.5,54.8036231995,0,54.8036231995,54.8036231995,55.3715820312,0,55.3715820312,55.3715820312,1
787,298,2,0.001,0.01,0.75,0.5,54.8036231995,0,54.8036231995,54.8036231995,55.3427047729,0,55.3427047729,55.3427047729,1
788,371,4,0.01,0,0.75,0.1,54.8036231995,0,54.8036231995,54.8036231995,54.9768981934,0,54.9768981934,54.9768981934,1
789,386,4,0.01,0.0001,0.75,0.1,54.8036231995,0,54.8036231995,54.8036231995,54.9768981934,0,54.9768981934,54.9768981934,1
790,401,4,0.01,0.001,0.75,0.1,54.8036231995,0,54.8036231995,54.8036231995,54.9768981934,0,54.9768981934,54.9768981934,1
791,416,4,0.01,0.01,0.75,0.1,54.8036231995,0,54.8036231995,54.8036231995,54.9768981934,0,54.9768981934,54.9768981934,1
792,966,32,0.001,0,0.5,0.1,54.7843704224,0,54.7843704224,54.7843704224,55.7373886108,0,55.7373886108,55.7373886108,1
793,981,32,0.001,0.0001,0.5,0.1,54.7843704224,0,54.7843704224,54.7843704224,55.7373886108,0,55.7373886108,55.7373886108,1
794,996,32,0.001,0.001,0.5,0.1,54.7843704224,0,54.7843704224,54.7843704224,55.7373886108,0,55.7373886108,55.7373886108,1
795,1011,32,0.001,0.01,0.5,0.1,54.7843704224,0,54.7843704224,54.7843704224,55.7373886108,0,55.7373886108,55.7373886108,1
796,296,2,0.001,0.01,0.75,0.1,54.7362327576,0,54.7362327576,54.7362327576,55.1405487061,0,55.1405487061,55.1405487061,1
797,281,2,0.001,0.001,0.75,0.1,54.7266082764,0,54.7266082764,54.7266082764,55.1405487061,0,55.1405487061,55.1405487061,1
798,266,2,0.001,0.0001,0.75,0.1,54.7169799805,0,54.7169799805,54.7169799805,55.1309242249,0,55.1309242249,55.1309242249,1
799,267,2,0.001,0.0001,0.75,0.3,54.7073554993,0,54.7073554993,54.7073554993,55.2368087769,0,55.2368087769,55.2368087769,1
800,252,2,0.001,0,0.75,0.3,54.6977272034,0,54.6977272034,54.6977272034,55.2368087769,0,55.2368087769,55.2368087769,1
801,282,2,0.001,0.001,0.75,0.3,54.6977272034,0,54.6977272034,54.6977272034,55.2368087769,0,55.2368087769,55.2368087769,1
802,297,2,0.001,0.01,0.75,0.3,54.6977272034,0,54.6977272034,54.6977272034,55.2464370728,0,55.2464370728,55.2464370728,1
803,420,4,0.01,0.01,0.75,0.9,54.6977272034,0,54.6977272034,54.6977272034,55.2656898499,0,55.2656898499,55.2656898499,1
804,1012,32,0.001,0.01,0.5,0.3,54.6688499451,0,54.6688499451,54.6688499451,55.2945747375,0,55.2945747375,55.2945747375,1
805,59,0,0.01,0.01,0.75,0.7,54.6592254639,0,54.6592254639,54.6592254639,54.9672737122,0,54.9672737122,54.9672737122,1
806,375,4,0.01,0,0.75,0.9,54.6592254639,0,54.6592254639,54.6592254639,55.2464370728,0,55.2464370728,55.2464370728,1
807,390,4,0.01,0.0001,0.75,0.9,54.6592254639,0,54.6592254639,54.6592254639,55.2464370728,0,55.2464370728,55.2464370728,1
808,405,4,0.01,0.001,0.75,0.9,54.6592254639,0,54.6592254639,54.6592254639,55.2464370728,0,55.2464370728,55.2464370728,1
809,967,32,0.001,0,0.5,0.3,54.649597168,0,54.649597168,54.649597168,55.284942627,0,55.284942627,55.284942627,1
810,982,32,0.001,0.0001,0.5,0.3,54.649597168,0,54.649597168,54.649597168,55.284942627,0,55.284942627,55.284942627,1
811,997,32,0.001,0.001,0.5,0.3,54.649597168,0,54.649597168,54.649597168,55.284942627,0,55.284942627,55.284942627,1
812,43,0,0.01,0.001,0.75,0.5,54.6110877991,0,54.6110877991,54.6110877991,54.6399726868,0,54.6399726868,54.6399726868,1
813,419,4,0.01,0.01,0.75,0.7,54.6110877991,0,54.6110877991,54.6110877991,55.2656898499,0,55.2656898499,55.2656898499,1
814,968,32,0.001,0,0.5,0.5,54.6014595032,0,54.6014595032,54.6014595032,55.2464370728,0,55.2464370728,55.2464370728,1
815,983,32,0.001,0.0001,0.5,0.5,54.6014595032,0,54.6014595032,54.6014595032,55.2464370728,0,55.2464370728,55.2464370728,1
816,998,32,0.001,0.001,0.5,0.5,54.6014595032,0,54.6014595032,54.6014595032,55.2464370728,0,55.2464370728,55.2464370728,1
817,1013,32,0.001,0.01,0.5,0.5,54.6014595032,0,54.6014595032,54.6014595032,55.2464370728,0,55.2464370728,55.2464370728,1
818,1220,64,0.0001,0.0001,0.25,0.9,54.591835022,0,54.591835022,54.591835022,54.9480133057,0,54.9480133057,54.9480133057,1
819,374,4,0.01,0,0.75,0.7,54.5822067261,0,54.5822067261,54.5822067261,54.8325004578,0,54.8325004578,54.8325004578,1
820,389,4,0.01,0.0001,0.75,0.7,54.5822067261,0,54.5822067261,54.5822067261,54.8325004578,0,54.8325004578,54.8325004578,1
821,404,4,0.01,0.001,0.75,0.7,54.5822067261,0,54.5822067261,54.5822067261,54.8325004578,0,54.8325004578,54.8325004578,1
822,1250,64,0.0001,0.01,0.25,0.9,54.5822067261,0,54.5822067261,54.5822067261,54.9865264893,0,54.9865264893,54.9865264893,1
823,44,0,0.01,0.001,0.75,0.7,54.5725822449,0,54.5725822449,54.5725822449,55.0731582642,0,55.0731582642,55.0731582642,1
824,29,0,0.01,0.0001,0.75,0.7,54.5437049866,0,54.5437049866,54.5437049866,55.1405487061,0,55.1405487061,55.1405487061,1
825,11,0,0.01,0,0.75,0.1,54.5148239136,0,54.5148239136,54.5148239136,54.8902587891,0,54.8902587891,54.8902587891,1
826,13,0,0.01,0,0.75,0.5,54.4763221741,0,54.4763221741,54.4763221741,54.7362327576,0,54.7362327576,54.7362327576,1
827,58,0,0.01,0.01,0.75,0.5,54.4474411011,0,54.4474411011,54.4474411011,54.5822067261,0,54.5822067261,54.5822067261,1
828,60,0,0.01,0.01,0.75,0.9,54.4378089905,0,54.4378089905,54.4378089905,54.6784744263,0,54.6784744263,54.6784744263,1
829,45,0,0.01,0.001,0.75,0.9,54.4281845093,0,54.4281845093,54.4281845093,54.9191360474,0,54.9191360474,54.9191360474,1
830,12,0,0.01,0,0.75,0.3,54.4185562134,0,54.4185562134,54.4185562134,54.9383888245,0,54.9383888245,54.9383888245,1
831,14,0,0.01,0,0.75,0.7,54.4185562134,0,54.4185562134,54.4185562134,54.8998832703,0,54.8998832703,54.8998832703,1
832,15,0,0.01,0,0.75,0.9,54.3511734009,0,54.3511734009,54.3511734009,54.8613777161,0,54.8613777161,54.8613777161,1
833,42,0,0.01,0.001,0.75,0.3,54.3415489197,0,54.3415489197,54.3415489197,54.9095077515,0,54.9095077515,54.9095077515,1
834,969,32,0.001,0,0.5,0.7,54.3415489197,0,54.3415489197,54.3415489197,55.1020393372,0,55.1020393372,55.1020393372,1
835,984,32,0.001,0.0001,0.5,0.7,54.3415489197,0,54.3415489197,54.3415489197,55.1020393372,0,55.1020393372,55.1020393372,1
836,999,32,0.001,0.001,0.5,0.7,54.3415489197,0,54.3415489197,54.3415489197,55.1020393372,0,55.1020393372,55.1020393372,1
837,1014,32,0.001,0.01,0.5,0.7,54.3415489197,0,54.3415489197,54.3415489197,55.1020393372,0,55.1020393372,55.1020393372,1
838,57,0,0.01,0.01,0.75,0.3,54.3319244385,0,54.3319244385,54.3319244385,54.842124939,0,54.842124939,54.842124939,1
839,30,0,0.01,0.0001,0.75,0.9,54.3222961426,0,54.3222961426,54.3222961426,54.7458572388,0,54.7458572388,54.7458572388,1
840,970,32,0.001,0,0.5,0.9,54.2645339966,0,54.2645339966,54.2645339966,55.063533783,0,55.063533783,55.063533783,1
841,985,32,0.001,0.0001,0.5,0.9,54.2645339966,0,54.2645339966,54.2645339966,55.063533783,0,55.063533783,55.063533783,1
842,1000,32,0.001,0.001,0.5,0.9,54.2645339966,0,54.2645339966,54.2645339966,55.063533783,0,55.063533783,55.063533783,1
843,1015,32,0.001,0.01,0.5,0.9,54.2549057007,0,54.2549057007,54.2549057007,55.063533783,0,55.063533783,55.063533783,1
844,56,0,0.01,0.01,0.75,0.1,54.2356567383,0,54.2356567383,54.2356567383,54.7843704224,0,54.7843704224,54.7843704224,1
845,27,0,0.01,0.0001,0.75,0.3,54.2164039612,0,54.2164039612,54.2164039612,54.9576454163,0,54.9576454163,54.9576454163,1
846,28,0,0.01,0.0001,0.75,0.5,54.2164039612,0,54.2164039612,54.2164039612,54.6207199097,0,54.6207199097,54.6207199097,1
847,26,0,0.01,0.0001,0.75,0.1,54.2067756653,0,54.2067756653,54.2067756653,54.7362327576,0,54.7362327576,54.7362327576,1
848,41,0,0.01,0.001,0.75,0.1,54.2067756653,0,54.2067756653,54.2067756653,54.7362327576,0,54.7362327576,54.7362327576,1
849,99,0,0.001,0.001,0.5,0.7,54.2067756653,0,54.2067756653,54.2067756653,54.2260284424,0,54.2260284424,54.2260284424,1
850,69,0,0.001,0,0.5,0.7,54.1875228882,0,54.1875228882,54.1875228882,54.3896789551,0,54.3896789551,54.3896789551,1
851,76,0,0.001,0.0001,0.25,0.1,54.1490211487,0,54.1490211487,54.1490211487,54.3511734009,0,54.3511734009,54.3511734009,1
852,114,0,0.001,0.01,0.5,0.7,54.1393928528,0,54.1393928528,54.1393928528,53.985370636,0,53.985370636,53.985370636,1
853,84,0,0.001,0.0001,0.5,0.7,54.1008834839,0,54.1008834839,54.1008834839,54.3222961426,0,54.3222961426,54.3222961426,1
854,107,0,0.001,0.01,0.25,0.3,54.0816307068,0,54.0816307068,54.0816307068,54.0335006714,0,54.0335006714,54.0335006714,1
855,67,0,0.001,0,0.5,0.3,54.0720062256,0,54.0720062256,54.0720062256,54.5533294678,0,54.5533294678,54.5533294678,1
856,64,0,0.001,0,0.25,0.7,54.0623779297,0,54.0623779297,54.0623779297,54.591835022,0,54.591835022,54.591835022,1
857,93,0,0.001,0.001,0.25,0.5,54.0623779297,0,54.0623779297,54.0623779297,54.0238723755,0,54.0238723755,54.0238723755,1
858,83,0,0.001,0.0001,0.5,0.5,54.0527534485,0,54.0527534485,54.0527534485,54.2934188843,0,54.2934188843,54.2934188843,1
859,100,0,0.001,0.001,0.5,0.9,54.0527534485,0,54.0527534485,54.0527534485,53.9372329712,0,53.9372329712,53.9372329712,1
860,106,0,0.001,0.01,0.25,0.1,54.0431251526,0,54.0431251526,54.0431251526,53.8891029358,0,53.8891029358,53.8891029358,1
861,111,0,0.001,0.01,0.5,0.1,54.0431251526,0,54.0431251526,54.0431251526,54.0046234131,0,54.0046234131,54.0046234131,1
862,85,0,0.001,0.0001,0.5,0.9,54.0142478943,0,54.0142478943,54.0142478943,54.1008834839,0,54.1008834839,54.1008834839,1
863,91,0,0.001,0.001,0.25,0.1,54.0142478943,0,54.0142478943,54.0142478943,54.1682739258,0,54.1682739258,54.1682739258,1
864,81,0,0.001,0.0001,0.5,0.1,54.0046234131,0,54.0046234131,54.0046234131,54.091255188,0,54.091255188,54.091255188,1
865,97,0,0.001,0.001,0.5,0.3,54.0046234131,0,54.0046234131,54.0046234131,54.3800544739,0,54.3800544739,54.3800544739,1
866,110,0,0.001,0.01,0.25,0.9,53.9949951172,0,53.9949951172,53.9949951172,54.2356567383,0,54.2356567383,54.2356567383,1
867,61,0,0.001,0,0.25,0.1,53.9757423401,0,53.9757423401,53.9757423401,54.2067756653,0,54.2067756653,54.2067756653,1
868,66,0,0.001,0,0.5,0.1,53.9661178589,0,53.9661178589,53.9661178589,54.0238723755,0,54.0238723755,54.0238723755,1
869,98,0,0.001,0.001,0.5,0.5,53.956489563,0,53.956489563,53.956489563,54.5533294678,0,54.5533294678,54.5533294678,1
870,112,0,0.001,0.01,0.5,0.3,53.956489563,0,53.956489563,53.956489563,54.1105079651,0,54.1105079651,54.1105079651,1
871,113,0,0.001,0.01,0.5,0.5,53.956489563,0,53.956489563,53.956489563,54.2067756653,0,54.2067756653,54.2067756653,1
872,1024,32,0.0001,0,0.25,0.7,53.9468650818,0,53.9468650818,53.9468650818,54.5340766907,0,54.5340766907,54.5340766907,1
873,70,0,0.001,0,0.5,0.9,53.9372329712,0,53.9372329712,53.9372329712,53.9468650818,0,53.9468650818,53.9468650818,1
874,95,0,0.001,0.001,0.25,0.9,53.9372329712,0,53.9372329712,53.9372329712,54.2741584778,0,54.2741584778,54.2741584778,1
875,1039,32,0.0001,0.0001,0.25,0.7,53.9372329712,0,53.9372329712,53.9372329712,54.5437049866,0,54.5437049866,54.5437049866,1
876,1054,32,0.0001,0.001,0.25,0.7,53.9372329712,0,53.9372329712,53.9372329712,54.5340766907,0,54.5340766907,54.5340766907,1
877,68,0,0.001,0,0.5,0.5,53.9276046753,0,53.9276046753,53.9276046753,54.3319244385,0,54.3319244385,54.3319244385,1
878,80,0,0.001,0.0001,0.25,0.9,53.9276046753,0,53.9276046753,53.9276046753,54.5533294678,0,54.5533294678,54.5533294678,1
879,495,4,0.0001,0,0.75,0.9,53.9276046753,0,53.9276046753,53.9276046753,53.9276046753,0,53.9276046753,53.9276046753,1
880,1069,32,0.0001,0.01,0.25,0.7,53.9276046753,0,53.9276046753,53.9276046753,54.5340766907,0,54.5340766907,54.5340766907,1
881,510,4,0.0001,0.0001,0.75,0.9,53.9179801941,0,53.9179801941,53.9179801941,53.898727417,0,53.898727417,53.898727417,1
882,1053,32,0.0001,0.001,0.25,0.5,53.9179801941,0,53.9179801941,53.9179801941,54.4281845093,0,54.4281845093,54.4281845093,1
883,1068,32,0.0001,0.01,0.25,0.5,53.9083557129,0,53.9083557129,53.9083557129,54.4185562134,0,54.4185562134,54.4185562134,1
884,525,4,0.0001,0.001,0.75,0.9,53.898727417,0,53.898727417,53.898727417,53.8891029358,0,53.8891029358,53.8891029358,1
885,1023,32,0.0001,0,0.25,0.5,53.898727417,0,53.898727417,53.898727417,54.4281845093,0,54.4281845093,54.4281845093,1
886,1038,32,0.0001,0.0001,0.25,0.5,53.898727417,0,53.898727417,53.898727417,54.4281845093,0,54.4281845093,54.4281845093,1
887,1145,64,0.001,0,0.25,0.9,53.8794746399,0,53.8794746399,53.8794746399,55.5448608398,0,55.5448608398,55.5448608398,1
888,1160,64,0.001,0.0001,0.25,0.9,53.8794746399,0,53.8794746399,53.8794746399,55.5448608398,0,55.5448608398,55.5448608398,1
889,1175,64,0.001,0.001,0.25,0.9,53.8794746399,0,53.8794746399,53.8794746399,55.5448608398,0,55.5448608398,55.5448608398,1
890,1190,64,0.001,0.01,0.25,0.9,53.8794746399,0,53.8794746399,53.8794746399,55.5448608398,0,55.5448608398,55.5448608398,1
891,96,0,0.001,0.001,0.5,0.1,53.8602218628,0,53.8602218628,53.8602218628,54.2452812195,0,54.2452812195,54.2452812195,1
892,540,4,0.0001,0.01,0.75,0.9,53.8505973816,0,53.8505973816,53.8505973816,53.9083557129,0,53.9083557129,53.9083557129,1
893,109,0,0.001,0.01,0.25,0.7,53.8409729004,0,53.8409729004,53.8409729004,54.1201400757,0,54.1201400757,54.1201400757,1
894,1021,32,0.0001,0,0.25,0.1,53.8409729004,0,53.8409729004,53.8409729004,54.4666938782,0,54.4666938782,54.4666938782,1
895,1036,32,0.0001,0.0001,0.25,0.1,53.8409729004,0,53.8409729004,53.8409729004,54.4666938782,0,54.4666938782,54.4666938782,1
896,1066,32,0.0001,0.01,0.25,0.1,53.8409729004,0,53.8409729004,53.8409729004,54.457069397,0,54.457069397,54.457069397,1
897,77,0,0.001,0.0001,0.25,0.3,53.8313446045,0,53.8313446045,53.8313446045,54.1201400757,0,54.1201400757,54.1201400757,1
898,1051,32,0.0001,0.001,0.25,0.1,53.8313446045,0,53.8313446045,53.8313446045,54.457069397,0,54.457069397,54.457069397,1
899,78,0,0.001,0.0001,0.25,0.5,53.8217201233,0,53.8217201233,53.8217201233,53.9468650818,0,53.9468650818,53.9468650818,1
900,1022,32,0.0001,0,0.25,0.3,53.8217201233,0,53.8217201233,53.8217201233,54.4763221741,0,54.4763221741,54.4763221741,1
901,1037,32,0.0001,0.0001,0.25,0.3,53.8217201233,0,53.8217201233,53.8217201233,54.4859466553,0,54.4859466553,54.4859466553,1
902,1052,32,0.0001,0.001,0.25,0.3,53.8217201233,0,53.8217201233,53.8217201233,54.4859466553,0,54.4859466553,54.4859466553,1
903,1067,32,0.0001,0.01,0.25,0.3,53.8120918274,0,53.8120918274,53.8120918274,54.4859466553,0,54.4859466553,54.4859466553,1
904,1144,64,0.001,0,0.25,0.7,53.8120918274,0,53.8120918274,53.8120918274,55.3908348083,0,55.3908348083,55.3908348083,1
905,1159,64,0.001,0.0001,0.25,0.7,53.8120918274,0,53.8120918274,53.8120918274,55.3908348083,0,55.3908348083,55.3908348083,1
906,1174,64,0.001,0.001,0.25,0.7,53.8024673462,0,53.8024673462,53.8024673462,55.3908348083,0,55.3908348083,55.3908348083,1
907,1189,64,0.001,0.01,0.25,0.7,53.8024673462,0,53.8024673462,53.8024673462,55.3908348083,0,55.3908348083,55.3908348083,1
908,115,0,0.001,0.01,0.5,0.9,53.7928390503,0,53.7928390503,53.7928390503,53.8891029358,0,53.8891029358,53.8891029358,1
909,1143,64,0.001,0,0.25,0.5,53.7832145691,0,53.7832145691,53.7832145691,55.3138275146,0,55.3138275146,55.3138275146,1
910,1158,64,0.001,0.0001,0.25,0.5,53.7832145691,0,53.7832145691,53.7832145691,55.3138275146,0,55.3138275146,55.3138275146,1
911,1173,64,0.001,0.001,0.25,0.5,53.7832145691,0,53.7832145691,53.7832145691,55.3138275146,0,55.3138275146,55.3138275146,1
912,1188,64,0.001,0.01,0.25,0.5,53.7832145691,0,53.7832145691,53.7832145691,55.3138275146,0,55.3138275146,55.3138275146,1
913,1142,64,0.001,0,0.25,0.3,53.7735824585,0,53.7735824585,53.7735824585,55.150177002,0,55.150177002,55.150177002,1
914,1157,64,0.001,0.0001,0.25,0.3,53.7735824585,0,53.7735824585,53.7735824585,55.150177002,0,55.150177002,55.150177002,1
915,1172,64,0.001,0.001,0.25,0.3,53.7735824585,0,53.7735824585,53.7735824585,55.150177002,0,55.150177002,55.150177002,1
916,1187,64,0.001,0.01,0.25,0.3,53.7735824585,0,53.7735824585,53.7735824585,55.150177002,0,55.150177002,55.150177002,1
917,82,0,0.001,0.0001,0.5,0.3,53.7543296814,0,53.7543296814,53.7543296814,54.091255188,0,54.091255188,54.091255188,1
918,524,4,0.0001,0.001,0.75,0.7,53.7543296814,0,53.7543296814,53.7543296814,53.9179801941,0,53.9179801941,53.9179801941,1
919,509,4,0.0001,0.0001,0.75,0.7,53.7350769043,0,53.7350769043,53.7350769043,53.9179801941,0,53.9179801941,53.9179801941,1
920,65,0,0.001,0,0.25,0.9,53.7254524231,0,53.7254524231,53.7254524231,54.5340766907,0,54.5340766907,54.5340766907,1
921,494,4,0.0001,0,0.75,0.7,53.7254524231,0,53.7254524231,53.7254524231,53.8505973816,0,53.8505973816,53.8505973816,1
922,539,4,0.0001,0.01,0.75,0.7,53.7254524231,0,53.7254524231,53.7254524231,53.898727417,0,53.898727417,53.898727417,1
923,94,0,0.001,0.001,0.25,0.7,53.6869468689,0,53.6869468689,53.6869468689,54.3222961426,0,54.3222961426,54.3222961426,1
924,1141,64,0.001,0,0.25,0.1,53.6869468689,0,53.6869468689,53.6869468689,55.1405487061,0,55.1405487061,55.1405487061,1
925,1156,64,0.001,0.0001,0.25,0.1,53.6869468689,0,53.6869468689,53.6869468689,55.1405487061,0,55.1405487061,55.1405487061,1
926,1171,64,0.001,0.001,0.25,0.1,53.6869468689,0,53.6869468689,53.6869468689,55.1405487061,0,55.1405487061,55.1405487061,1
927,1186,64,0.001,0.01,0.25,0.1,53.6869468689,0,53.6869468689,53.6869468689,55.1405487061,0,55.1405487061,55.1405487061,1
928,72,0,0.001,0,0.75,0.3,53.6676940918,0,53.6676940918,53.6676940918,53.5906791687,0,53.5906791687,53.5906791687,1
929,62,0,0.001,0,0.25,0.3,53.6580696106,0,53.6580696106,53.6580696106,53.9276046753,0,53.9276046753,53.9276046753,1
930,63,0,0.001,0,0.25,0.5,53.6580696106,0,53.6580696106,53.6580696106,54.1971511841,0,54.1971511841,54.1971511841,1
931,103,0,0.001,0.001,0.75,0.5,53.6580696106,0,53.6580696106,53.6580696106,53.4174041748,0,53.4174041748,53.4174041748,1
932,79,0,0.001,0.0001,0.25,0.7,53.6291885376,0,53.6291885376,53.6291885376,53.9083557129,0,53.9083557129,53.9083557129,1
933,523,4,0.0001,0.001,0.75,0.5,53.5906791687,0,53.5906791687,53.5906791687,53.7350769043,0,53.7350769043,53.7350769043,1
934,102,0,0.001,0.001,0.75,0.3,53.5714263916,0,53.5714263916,53.5714263916,53.3403930664,0,53.3403930664,53.3403930664,1
935,493,4,0.0001,0,0.75,0.5,53.5329208374,0,53.5329208374,53.5329208374,53.6484413147,0,53.6484413147,53.6484413147,1
936,522,4,0.0001,0.001,0.75,0.3,53.5329208374,0,53.5329208374,53.5329208374,53.6580696106,0,53.6580696106,53.6580696106,1
937,74,0,0.001,0,0.75,0.7,53.5232963562,0,53.5232963562,53.5232963562,53.5040435791,0,53.5040435791,53.5040435791,1
938,538,4,0.0001,0.01,0.75,0.5,53.513671875,0,53.513671875,53.513671875,53.6484413147,0,53.6484413147,53.6484413147,1
939,92,0,0.001,0.001,0.25,0.3,53.5040435791,0,53.5040435791,53.5040435791,54.0816307068,0,54.0816307068,54.0816307068,1
940,508,4,0.0001,0.0001,0.75,0.5,53.5040435791,0,53.5040435791,53.5040435791,53.6869468689,0,53.6869468689,53.6869468689,1
941,537,4,0.0001,0.01,0.75,0.3,53.5040435791,0,53.5040435791,53.5040435791,53.6291885376,0,53.6291885376,53.6291885376,1
942,507,4,0.0001,0.0001,0.75,0.3,53.4944190979,0,53.4944190979,53.4944190979,53.6099357605,0,53.6099357605,53.6099357605,1
943,89,0,0.001,0.0001,0.75,0.7,53.484790802,0,53.484790802,53.484790802,53.2441253662,0,53.2441253662,53.2441253662,1
944,108,0,0.001,0.01,0.25,0.5,53.4751663208,0,53.4751663208,53.4751663208,54.2934188843,0,54.2934188843,54.2934188843,1
945,492,4,0.0001,0,0.75,0.3,53.4751663208,0,53.4751663208,53.4751663208,53.5714263916,0,53.5714263916,53.5714263916,1
946,690,8,0.0001,0.0001,0.75,0.9,53.4751663208,0,53.4751663208,53.4751663208,53.1382369995,0,53.1382369995,53.1382369995,1
947,720,8,0.0001,0.01,0.75,0.9,53.4751663208,0,53.4751663208,53.4751663208,53.1093597412,0,53.1093597412,53.1093597412,1
948,536,4,0.0001,0.01,0.75,0.1,53.4655380249,0,53.4655380249,53.4655380249,53.5906791687,0,53.5906791687,53.5906791687,1
949,675,8,0.0001,0,0.75,0.9,53.4655380249,0,53.4655380249,53.4655380249,53.1189842224,0,53.1189842224,53.1189842224,1
950,521,4,0.0001,0.001,0.75,0.1,53.4559135437,0,53.4559135437,53.4559135437,53.6676940918,0,53.6676940918,53.6676940918,1
951,360,2,0.0001,0.01,0.75,0.9,53.4462852478,0,53.4462852478,53.4462852478,53.8794746399,0,53.8794746399,53.8794746399,1
952,506,4,0.0001,0.0001,0.75,0.1,53.4462852478,0,53.4462852478,53.4462852478,53.6484413147,0,53.6484413147,53.6484413147,1
953,705,8,0.0001,0.001,0.75,0.9,53.4462852478,0,53.4462852478,53.4462852478,53.0901031494,0,53.0901031494,53.0901031494,1
954,491,4,0.0001,0,0.75,0.1,53.4366531372,0,53.4366531372,53.4366531372,53.6099357605,0,53.6099357605,53.6099357605,1
955,71,0,0.001,0,0.75,0.1,53.4174041748,0,53.4174041748,53.4174041748,53.706199646,0,53.706199646,53.706199646,1
956,88,0,0.001,0.0001,0.75,0.5,53.4174041748,0,53.4174041748,53.4174041748,53.513671875,0,53.513671875,53.513671875,1
957,119,0,0.001,0.01,0.75,0.7,53.4174041748,0,53.4174041748,53.4174041748,53.5232963562,0,53.5232963562,53.5232963562,1
958,101,0,0.001,0.001,0.75,0.1,53.4077758789,0,53.4077758789,53.4077758789,53.6195640564,0,53.6195640564,53.6195640564,1
959,86,0,0.001,0.0001,0.75,0.1,53.3885231018,0,53.3885231018,53.3885231018,53.5618019104,0,53.5618019104,53.5618019104,1
960,87,0,0.001,0.0001,0.75,0.3,53.3885231018,0,53.3885231018,53.3885231018,53.5521736145,0,53.5521736145,53.5521736145,1
961,117,0,0.001,0.01,0.75,0.3,53.3885231018,0,53.3885231018,53.3885231018,53.6388168335,0,53.6388168335,53.6388168335,1
962,120,0,0.001,0.01,0.75,0.9,53.3885231018,0,53.3885231018,53.3885231018,53.4366531372,0,53.4366531372,53.4366531372,1
963,330,2,0.0001,0.0001,0.75,0.9,53.3788986206,0,53.3788986206,53.3788986206,53.8505973816,0,53.8505973816,53.8505973816,1
964,104,0,0.001,0.001,0.75,0.7,53.3596458435,0,53.3596458435,53.3596458435,53.4944190979,0,53.4944190979,53.4944190979,1
965,345,2,0.0001,0.001,0.75,0.9,53.3500213623,0,53.3500213623,53.3500213623,53.8409729004,0,53.8409729004,53.8409729004,1
966,73,0,0.001,0,0.75,0.5,53.3403930664,0,53.3403930664,53.3403930664,53.5906791687,0,53.5906791687,53.5906791687,1
967,90,0,0.001,0.0001,0.75,0.9,53.3403930664,0,53.3403930664,53.3403930664,53.5329208374,0,53.5329208374,53.5329208374,1
968,105,0,0.001,0.001,0.75,0.9,53.3403930664,0,53.3403930664,53.3403930664,53.4655380249,0,53.4655380249,53.4655380249,1
969,116,0,0.001,0.01,0.75,0.1,53.3403930664,0,53.3403930664,53.3403930664,53.6003036499,0,53.6003036499,53.6003036499,1
970,75,0,0.001,0,0.75,0.9,53.3307685852,0,53.3307685852,53.3307685852,53.5425491333,0,53.5425491333,53.5425491333,1
971,791,16,0.001,0,0.75,0.1,53.3211402893,0,53.3211402893,53.3211402893,53.9083557129,0,53.9083557129,53.9083557129,1
972,806,16,0.001,0.0001,0.75,0.1,53.3211402893,0,53.3211402893,53.3211402893,53.9083557129,0,53.9083557129,53.9083557129,1
973,821,16,0.001,0.001,0.75,0.1,53.3211402893,0,53.3211402893,53.3211402893,53.9083557129,0,53.9083557129,53.9083557129,1
974,836,16,0.001,0.01,0.75,0.1,53.3211402893,0,53.3211402893,53.3211402893,53.9083557129,0,53.9083557129,53.9083557129,1
975,118,0,0.001,0.01,0.75,0.5,53.292263031,0,53.292263031,53.292263031,53.5232963562,0,53.5232963562,53.5232963562,1
976,792,16,0.001,0,0.75,0.3,53.2730102539,0,53.2730102539,53.2730102539,53.7350769043,0,53.7350769043,53.7350769043,1
977,807,16,0.001,0.0001,0.75,0.3,53.2730102539,0,53.2730102539,53.2730102539,53.7639541626,0,53.7639541626,53.7639541626,1
978,822,16,0.001,0.001,0.75,0.3,53.2730102539,0,53.2730102539,53.2730102539,53.7350769043,0,53.7350769043,53.7350769043,1
979,837,16,0.001,0.01,0.75,0.3,53.2730102539,0,53.2730102539,53.2730102539,53.7350769043,0,53.7350769043,53.7350769043,1
980,689,8,0.0001,0.0001,0.75,0.7,53.2248725891,0,53.2248725891,53.2248725891,53.0804748535,0,53.0804748535,53.0804748535,1
981,704,8,0.0001,0.001,0.75,0.7,53.2248725891,0,53.2248725891,53.2248725891,53.0997276306,0,53.0997276306,53.0997276306,1
982,719,8,0.0001,0.01,0.75,0.7,53.2248725891,0,53.2248725891,53.2248725891,53.0901031494,0,53.0901031494,53.0901031494,1
983,674,8,0.0001,0,0.75,0.7,53.2152481079,0,53.2152481079,53.2152481079,53.0901031494,0,53.0901031494,53.0901031494,1
984,315,2,0.0001,0,0.75,0.9,53.205619812,0,53.205619812,53.205619812,53.5618019104,0,53.5618019104,53.5618019104,1
985,718,8,0.0001,0.01,0.75,0.5,53.1382369995,0,53.1382369995,53.1382369995,53.0708503723,0,53.0708503723,53.0708503723,1
986,672,8,0.0001,0,0.75,0.3,53.1189842224,0,53.1189842224,53.1189842224,53.234500885,0,53.234500885,53.234500885,1
987,673,8,0.0001,0,0.75,0.5,53.1189842224,0,53.1189842224,53.1189842224,53.0419692993,0,53.0419692993,53.0419692993,1
988,687,8,0.0001,0.0001,0.75,0.3,53.1189842224,0,53.1189842224,53.1189842224,53.2248725891,0,53.2248725891,53.2248725891,1
989,688,8,0.0001,0.0001,0.75,0.5,53.1189842224,0,53.1189842224,53.1189842224,53.0227203369,0,53.0227203369,53.0227203369,1
990,702,8,0.0001,0.001,0.75,0.3,53.1189842224,0,53.1189842224,53.1189842224,53.234500885,0,53.234500885,53.234500885,1
991,703,8,0.0001,0.001,0.75,0.5,53.1189842224,0,53.1189842224,53.1189842224,53.0708503723,0,53.0708503723,53.0708503723,1
992,717,8,0.0001,0.01,0.75,0.3,53.1189842224,0,53.1189842224,53.1189842224,53.2248725891,0,53.2248725891,53.2248725891,1
993,329,2,0.0001,0.0001,0.75,0.7,53.0612220764,0,53.0612220764,53.0612220764,53.5040435791,0,53.5040435791,53.5040435791,1
994,716,8,0.0001,0.01,0.75,0.1,53.0227203369,0,53.0227203369,53.0227203369,52.9168243408,0,52.9168243408,52.9168243408,1
995,701,8,0.0001,0.001,0.75,0.1,53.013092041,0,53.013092041,53.013092041,52.9168243408,0,52.9168243408,52.9168243408,1
996,686,8,0.0001,0.0001,0.75,0.1,53.0034675598,0,53.0034675598,53.0034675598,52.9168243408,0,52.9168243408,52.9168243408,1
997,343,2,0.0001,0.001,0.75,0.5,52.9938392639,0,52.9938392639,52.9938392639,53.7254524231,0,53.7254524231,53.7254524231,1
998,671,8,0.0001,0,0.75,0.1,52.9745864868,0,52.9745864868,52.9745864868,52.8879470825,0,52.8879470825,52.8879470825,1
999,341,2,0.0001,0.001,0.75,0.1,52.9553337097,0,52.9553337097,52.9553337097,53.3403930664,0,53.3403930664,53.3403930664,1
1000,326,2,0.0001,0.0001,0.75,0.1,52.9360771179,0,52.9360771179,52.9360771179,53.3115158081,0,53.3115158081,53.3115158081,1
1001,359,2,0.0001,0.01,0.75,0.7,52.9168243408,0,52.9168243408,52.9168243408,53.4559135437,0,53.4559135437,53.4559135437,1
1002,311,2,0.0001,0,0.75,0.1,52.9071998596,0,52.9071998596,52.9071998596,53.3692703247,0,53.3692703247,53.3692703247,1
1003,313,2,0.0001,0,0.75,0.5,52.8975715637,0,52.8975715637,52.8975715637,53.3596458435,0,53.3596458435,53.3596458435,1
1004,356,2,0.0001,0.01,0.75,0.1,52.8975715637,0,52.8975715637,52.8975715637,53.4174041748,0,53.4174041748,53.4174041748,1
1005,344,2,0.0001,0.001,0.75,0.7,52.8879470825,0,52.8879470825,52.8879470825,53.4366531372,0,53.4366531372,53.4366531372,1
1006,327,2,0.0001,0.0001,0.75,0.3,52.8783187866,0,52.8783187866,52.8783187866,53.3115158081,0,53.3115158081,53.3115158081,1
1007,312,2,0.0001,0,0.75,0.3,52.8686943054,0,52.8686943054,52.8686943054,53.3500213623,0,53.3500213623,53.3500213623,1
1008,314,2,0.0001,0,0.75,0.7,52.8686943054,0,52.8686943054,52.8686943054,53.427028656,0,53.427028656,53.427028656,1
1009,328,2,0.0001,0.0001,0.75,0.5,52.8686943054,0,52.8686943054,52.8686943054,53.3403930664,0,53.3403930664,53.3403930664,1
1010,357,2,0.0001,0.01,0.75,0.3,52.8686943054,0,52.8686943054,52.8686943054,53.3403930664,0,53.3403930664,53.3403930664,1
1011,342,2,0.0001,0.001,0.75,0.3,52.8590698242,0,52.8590698242,52.8590698242,53.4077758789,0,53.4077758789,53.4077758789,1
1012,358,2,0.0001,0.01,0.75,0.5,52.82056427,0,52.82056427,52.82056427,53.3885231018,0,53.3885231018,53.3885231018,1
1013,793,16,0.001,0,0.75,0.5,52.7820587158,0,52.7820587158,52.7820587158,53.4559135437,0,53.4559135437,53.4559135437,1
1014,808,16,0.001,0.0001,0.75,0.5,52.7820587158,0,52.7820587158,52.7820587158,53.4559135437,0,53.4559135437,53.4559135437,1
1015,823,16,0.001,0.001,0.75,0.5,52.7820587158,0,52.7820587158,52.7820587158,53.4559135437,0,53.4559135437,53.4559135437,1
1016,838,16,0.001,0.01,0.75,0.5,52.7820587158,0,52.7820587158,52.7820587158,53.4559135437,0,53.4559135437,53.4559135437,1
1017,794,16,0.001,0,0.75,0.7,52.7050437927,0,52.7050437927,52.7050437927,53.4174041748,0,53.4174041748,53.4174041748,1
1018,809,16,0.001,0.0001,0.75,0.7,52.7050437927,0,52.7050437927,52.7050437927,53.4174041748,0,53.4174041748,53.4174041748,1
1019,824,16,0.001,0.001,0.75,0.7,52.7050437927,0,52.7050437927,52.7050437927,53.4174041748,0,53.4174041748,53.4174041748,1
1020,839,16,0.001,0.01,0.75,0.7,52.7050437927,0,52.7050437927,52.7050437927,53.4174041748,0,53.4174041748,53.4174041748,1
1021,795,16,0.001,0,0.75,0.9,52.3969955444,0,52.3969955444,52.3969955444,52.9457092285,0,52.9457092285,52.9457092285,1
1022,810,16,0.001,0.0001,0.75,0.9,52.3969955444,0,52.3969955444,52.3969955444,52.9457092285,0,52.9457092285,52.9457092285,1
1023,825,16,0.001,0.001,0.75,0.9,52.3969955444,0,52.3969955444,52.3969955444,52.9457092285,0,52.9457092285,52.9457092285,1
1024,840,16,0.001,0.01,0.75,0.9,52.3777427673,0,52.3777427673,52.3777427673,52.9553337097,0,52.9553337097,52.9553337097,1
1025,1030,32,0.0001,0,0.5,0.9,51.4247169495,0,51.4247169495,51.4247169495,51.7616462708,0,51.7616462708,51.7616462708,1
1026,1045,32,0.0001,0.0001,0.5,0.9,51.4247169495,0,51.4247169495,51.4247169495,51.7616462708,0,51.7616462708,51.7616462708,1
1027,1060,32,0.0001,0.001,0.5,0.9,51.4247169495,0,51.4247169495,51.4247169495,51.7616462708,0,51.7616462708,51.7616462708,1
1028,1075,32,0.0001,0.01,0.5,0.9,51.4247169495,0,51.4247169495,51.4247169495,51.7616462708,0,51.7616462708,51.7616462708,1
1029,1026,32,0.0001,0,0.5,0.1,51.2418136597,0,51.2418136597,51.2418136597,51.7423934937,0,51.7423934937,51.7423934937,1
1030,1041,32,0.0001,0.0001,0.5,0.1,51.2418136597,0,51.2418136597,51.2418136597,51.7423934937,0,51.7423934937,51.7423934937,1
1031,1056,32,0.0001,0.001,0.5,0.1,51.2321891785,0,51.2321891785,51.2321891785,51.7423934937,0,51.7423934937,51.7423934937,1
1032,1071,32,0.0001,0.01,0.5,0.1,51.2129364014,0,51.2129364014,51.2129364014,51.7423934937,0,51.7423934937,51.7423934937,1
1033,1027,32,0.0001,0,0.5,0.3,51.1551780701,0,51.1551780701,51.1551780701,51.6750106812,0,51.6750106812,51.6750106812,1
1034,1042,32,0.0001,0.0001,0.5,0.3,51.1551780701,0,51.1551780701,51.1551780701,51.6846351624,0,51.6846351624,51.6846351624,1
1035,1057,32,0.0001,0.001,0.5,0.3,51.1551780701,0,51.1551780701,51.1551780701,51.6750106812,0,51.6750106812,51.6750106812,1
1036,1058,32,0.0001,0.001,0.5,0.5,51.1551780701,0,51.1551780701,51.1551780701,51.5979995728,0,51.5979995728,51.5979995728,1
1037,1072,32,0.0001,0.01,0.5,0.3,51.1551780701,0,51.1551780701,51.1551780701,51.6557579041,0,51.6557579041,51.6557579041,1
1038,1073,32,0.0001,0.01,0.5,0.5,51.1551780701,0,51.1551780701,51.1551780701,51.578742981,0,51.578742981,51.578742981,1
1039,1028,32,0.0001,0,0.5,0.5,51.1455535889,0,51.1455535889,51.1455535889,51.5883674622,0,51.5883674622,51.5883674622,1
1040,1043,32,0.0001,0.0001,0.5,0.5,51.1455535889,0,51.1455535889,51.1455535889,51.5883674622,0,51.5883674622,51.5883674622,1
1041,1029,32,0.0001,0,0.5,0.7,51.0011558533,0,51.0011558533,51.0011558533,51.6076278687,0,51.6076278687,51.6076278687,1
1042,1044,32,0.0001,0.0001,0.5,0.7,51.0011558533,0,51.0011558533,51.0011558533,51.6172523499,0,51.6172523499,51.6172523499,1
1043,1059,32,0.0001,0.001,0.5,0.7,51.0011558533,0,51.0011558533,51.0011558533,51.6172523499,0,51.6172523499,51.6172523499,1
1044,1074,32,0.0001,0.01,0.5,0.7,51.0011558533,0,51.0011558533,51.0011558533,51.6172523499,0,51.6172523499,51.6172523499,1
1045,881,16,0.0001,0.001,0.75,0.1,50.5679626465,0,50.5679626465,50.5679626465,50.6546020508,0,50.6546020508,50.6546020508,1
1046,896,16,0.0001,0.01,0.75,0.1,50.5583343506,0,50.5583343506,50.5583343506,50.6546020508,0,50.6546020508,50.6546020508,1
1047,851,16,0.0001,0,0.75,0.1,50.5487098694,0,50.5487098694,50.5487098694,50.6546020508,0,50.6546020508,50.6546020508,1
1048,866,16,0.0001,0.0001,0.75,0.1,50.5487098694,0,50.5487098694,50.5487098694,50.6546020508,0,50.6546020508,50.6546020508,1
1049,1146,64,0.001,0,0.5,0.1,50.5294570923,0,50.5294570923,50.5294570923,51.4728546143,0,51.4728546143,51.4728546143,1
1050,1161,64,0.001,0.0001,0.5,0.1,50.5294570923,0,50.5294570923,50.5294570923,51.4728546143,0,51.4728546143,51.4728546143,1
1051,1176,64,0.001,0.001,0.5,0.1,50.5294570923,0,50.5294570923,50.5294570923,51.4728546143,0,51.4728546143,51.4728546143,1
1052,1191,64,0.001,0.01,0.5,0.1,50.5294570923,0,50.5294570923,50.5294570923,51.4728546143,0,51.4728546143,51.4728546143,1
1053,852,16,0.0001,0,0.75,0.3,50.5198287964,0,50.5198287964,50.5198287964,50.6738548279,0,50.6738548279,50.6738548279,1
1054,867,16,0.0001,0.0001,0.75,0.3,50.5198287964,0,50.5198287964,50.5198287964,50.6834793091,0,50.6834793091,50.6834793091,1
1055,853,16,0.0001,0,0.75,0.5,50.5102043152,0,50.5102043152,50.5102043152,50.7027320862,0,50.7027320862,50.7027320862,1
1056,868,16,0.0001,0.0001,0.75,0.5,50.5102043152,0,50.5102043152,50.5102043152,50.7027320862,0,50.7027320862,50.7027320862,1
1057,882,16,0.0001,0.001,0.75,0.3,50.5005760193,0,50.5005760193,50.5005760193,50.7027320862,0,50.7027320862,50.7027320862,1
1058,897,16,0.0001,0.01,0.75,0.3,50.5005760193,0,50.5005760193,50.5005760193,50.7027320862,0,50.7027320862,50.7027320862,1
1059,883,16,0.0001,0.001,0.75,0.5,50.4909515381,0,50.4909515381,50.4909515381,50.6834793091,0,50.6834793091,50.6834793091,1
1060,898,16,0.0001,0.01,0.75,0.5,50.4909515381,0,50.4909515381,50.4909515381,50.693107605,0,50.693107605,50.693107605,1
1061,1147,64,0.001,0,0.5,0.3,50.471698761,0,50.471698761,50.471698761,51.3284568787,0,51.3284568787,51.3284568787,1
1062,1150,64,0.001,0,0.5,0.9,50.471698761,0,50.471698761,50.471698761,51.3380813599,0,51.3380813599,51.3380813599,1
1063,1162,64,0.001,0.0001,0.5,0.3,50.471698761,0,50.471698761,50.471698761,51.3284568787,0,51.3284568787,51.3284568787,1
1064,1165,64,0.001,0.0001,0.5,0.9,50.471698761,0,50.471698761,50.471698761,51.3380813599,0,51.3380813599,51.3380813599,1
1065,1177,64,0.001,0.001,0.5,0.3,50.471698761,0,50.471698761,50.471698761,51.3284568787,0,51.3284568787,51.3284568787,1
1066,1180,64,0.001,0.001,0.5,0.9,50.471698761,0,50.471698761,50.471698761,51.3380813599,0,51.3380813599,51.3380813599,1
1067,1192,64,0.001,0.01,0.5,0.3,50.471698761,0,50.471698761,50.471698761,51.3284568787,0,51.3284568787,51.3284568787,1
1068,1195,64,0.001,0.01,0.5,0.9,50.471698761,0,50.471698761,50.471698761,51.3477096558,0,51.3477096558,51.3477096558,1
1069,854,16,0.0001,0,0.75,0.7,50.4524459839,0,50.4524459839,50.4524459839,50.5005760193,0,50.5005760193,50.5005760193,1
1070,869,16,0.0001,0.0001,0.75,0.7,50.4524459839,0,50.4524459839,50.4524459839,50.5005760193,0,50.5005760193,50.5005760193,1
1071,884,16,0.0001,0.001,0.75,0.7,50.4428215027,0,50.4428215027,50.4428215027,50.5102043152,0,50.5102043152,50.5102043152,1
1072,899,16,0.0001,0.01,0.75,0.7,50.4428215027,0,50.4428215027,50.4428215027,50.4813270569,0,50.4813270569,50.4813270569,1
1073,855,16,0.0001,0,0.75,0.9,50.3369255066,0,50.3369255066,50.3369255066,50.2695426941,0,50.2695426941,50.2695426941,1
1074,870,16,0.0001,0.0001,0.75,0.9,50.3369255066,0,50.3369255066,50.3369255066,50.2695426941,0,50.2695426941,50.2695426941,1
1075,885,16,0.0001,0.001,0.75,0.9,50.3369255066,0,50.3369255066,50.3369255066,50.2695426941,0,50.2695426941,50.2695426941,1
1076,900,16,0.0001,0.01,0.75,0.9,50.3369255066,0,50.3369255066,50.3369255066,50.2695426941,0,50.2695426941,50.2695426941,1
1077,1149,64,0.001,0,0.5,0.7,50.2695426941,0,50.2695426941,50.2695426941,51.0300331116,0,51.0300331116,51.0300331116,1
1078,1164,64,0.001,0.0001,0.5,0.7,50.2695426941,0,50.2695426941,50.2695426941,51.0300331116,0,51.0300331116,51.0300331116,1
1079,1179,64,0.001,0.001,0.5,0.7,50.2695426941,0,50.2695426941,50.2695426941,51.0300331116,0,51.0300331116,51.0300331116,1
1080,1194,64,0.001,0.01,0.5,0.7,50.2695426941,0,50.2695426941,50.2695426941,51.0300331116,0,51.0300331116,51.0300331116,1
1081,1148,64,0.001,0,0.5,0.5,50.0866394043,0,50.0866394043,50.0866394043,50.7604942322,0,50.7604942322,50.7604942322,1
1082,1163,64,0.001,0.0001,0.5,0.5,50.0866394043,0,50.0866394043,50.0866394043,50.7604942322,0,50.7604942322,50.7604942322,1
1083,1178,64,0.001,0.001,0.5,0.5,50.0866394043,0,50.0866394043,50.0866394043,50.7604942322,0,50.7604942322,50.7604942322,1
1084,1210,64,0.0001,0,0.5,0.9,50.0866394043,0,50.0866394043,50.0866394043,50.2117805481,0,50.2117805481,50.2117805481,1
1085,1193,64,0.001,0.01,0.5,0.5,50.0770111084,0,50.0770111084,50.0770111084,50.7604942322,0,50.7604942322,50.7604942322,1
1086,1255,64,0.0001,0.01,0.5,0.9,50.0770111084,0,50.0770111084,50.0770111084,50.2117805481,0,50.2117805481,50.2117805481,1
1087,1225,64,0.0001,0.0001,0.5,0.9,50.0673828125,0,50.0673828125,50.0673828125,50.1829032898,0,50.1829032898,50.1829032898,1
1088,1240,64,0.0001,0.001,0.5,0.9,50.0577583313,0,50.0577583313,50.0577583313,50.1732749939,0,50.1732749939,50.1732749939,1
1089,157,0,0.0001,0.001,0.5,0.3,49.6245689392,0,49.6245689392,49.6245689392,50.7027320862,0,50.7027320862,50.7027320862,1
1090,128,0,0.0001,0,0.5,0.5,49.6149406433,0,49.6149406433,49.6149406433,50.6834793091,0,50.6834793091,50.6834793091,1
1091,158,0,0.0001,0.001,0.5,0.5,49.6149406433,0,49.6149406433,49.6149406433,50.6738548279,0,50.6738548279,50.6738548279,1
1092,143,0,0.0001,0.0001,0.5,0.5,49.6053123474,0,49.6053123474,49.6053123474,50.6738548279,0,50.6738548279,50.6738548279,1
1093,144,0,0.0001,0.0001,0.5,0.7,49.5860595703,0,49.5860595703,49.5860595703,50.7316131592,0,50.7316131592,50.7316131592,1
1094,142,0,0.0001,0.0001,0.5,0.3,49.5764350891,0,49.5764350891,49.5764350891,50.7123603821,0,50.7123603821,50.7123603821,1
1095,174,0,0.0001,0.01,0.5,0.7,49.5764350891,0,49.5764350891,49.5764350891,50.6546020508,0,50.6546020508,50.6546020508,1
1096,126,0,0.0001,0,0.5,0.1,49.5668067932,0,49.5668067932,49.5668067932,50.7508621216,0,50.7508621216,50.7508621216,1
1097,127,0,0.0001,0,0.5,0.3,49.5668067932,0,49.5668067932,49.5668067932,50.6834793091,0,50.6834793091,50.6834793091,1
1098,129,0,0.0001,0,0.5,0.7,49.5668067932,0,49.5668067932,49.5668067932,50.7027320862,0,50.7027320862,50.7027320862,1
1099,173,0,0.0001,0.01,0.5,0.5,49.5668067932,0,49.5668067932,49.5668067932,50.693107605,0,50.693107605,50.693107605,1
1100,156,0,0.0001,0.001,0.5,0.1,49.557182312,0,49.557182312,49.557182312,50.7219848633,0,50.7219848633,50.7219848633,1
1101,172,0,0.0001,0.01,0.5,0.3,49.557182312,0,49.557182312,49.557182312,50.7219848633,0,50.7219848633,50.7219848633,1
1102,159,0,0.0001,0.001,0.5,0.7,49.5475578308,0,49.5475578308,49.5475578308,50.7701225281,0,50.7701225281,50.7701225281,1
1103,171,0,0.0001,0.01,0.5,0.1,49.5475578308,0,49.5475578308,49.5475578308,50.7027320862,0,50.7027320862,50.7027320862,1
1104,130,0,0.0001,0,0.5,0.9,49.528301239,0,49.528301239,49.528301239,50.6546020508,0,50.6546020508,50.6546020508,1
1105,145,0,0.0001,0.0001,0.5,0.9,49.5186729431,0,49.5186729431,49.5186729431,50.6546020508,0,50.6546020508,50.6546020508,1
1106,160,0,0.0001,0.001,0.5,0.9,49.5186729431,0,49.5186729431,49.5186729431,50.6738548279,0,50.6738548279,50.6738548279,1
1107,175,0,0.0001,0.01,0.5,0.9,49.5186729431,0,49.5186729431,49.5186729431,50.664226532,0,50.664226532,50.664226532,1
1108,141,0,0.0001,0.0001,0.5,0.1,49.5090484619,0,49.5090484619,49.5090484619,50.7701225281,0,50.7701225281,50.7701225281,1
1109,148,0,0.0001,0.0001,0.75,0.5,49.2683868408,0,49.2683868408,49.2683868408,50.471698761,0,50.471698761,50.471698761,1
1110,164,0,0.0001,0.001,0.75,0.7,49.2683868408,0,49.2683868408,49.2683868408,50.4813270569,0,50.4813270569,50.4813270569,1
1111,176,0,0.0001,0.01,0.75,0.1,49.2587585449,0,49.2587585449,49.2587585449,50.5005760193,0,50.5005760193,50.5005760193,1
1112,131,0,0.0001,0,0.75,0.1,49.2491340637,0,49.2491340637,49.2491340637,50.4909515381,0,50.4909515381,50.4909515381,1
1113,162,0,0.0001,0.001,0.75,0.3,49.2491340637,0,49.2491340637,49.2491340637,50.4813270569,0,50.4813270569,50.4813270569,1
1114,163,0,0.0001,0.001,0.75,0.5,49.2491340637,0,49.2491340637,49.2491340637,50.5102043152,0,50.5102043152,50.5102043152,1
1115,177,0,0.0001,0.01,0.75,0.3,49.2491340637,0,49.2491340637,49.2491340637,50.5102043152,0,50.5102043152,50.5102043152,1
1116,1201,64,0.0001,0,0.25,0.1,49.2491340637,0,49.2491340637,49.2491340637,50.1155204773,0,50.1155204773,50.1155204773,1
1117,1216,64,0.0001,0.0001,0.25,0.1,49.2491340637,0,49.2491340637,49.2491340637,50.1155204773,0,50.1155204773,50.1155204773,1
1118,1231,64,0.0001,0.001,0.25,0.1,49.2491340637,0,49.2491340637,49.2491340637,50.1155204773,0,50.1155204773,50.1155204773,1
1119,133,0,0.0001,0,0.75,0.5,49.2395057678,0,49.2395057678,49.2395057678,50.5005760193,0,50.5005760193,50.5005760193,1
1120,1246,64,0.0001,0.01,0.25,0.1,49.2395057678,0,49.2395057678,49.2395057678,50.1155204773,0,50.1155204773,50.1155204773,1
1121,134,0,0.0001,0,0.75,0.7,49.2298812866,0,49.2298812866,49.2298812866,50.5198287964,0,50.5198287964,50.5198287964,1
1122,178,0,0.0001,0.01,0.75,0.5,49.2298812866,0,49.2298812866,49.2298812866,50.471698761,0,50.471698761,50.471698761,1
1123,971,32,0.001,0,0.75,0.1,49.2298812866,0,49.2298812866,49.2298812866,49.9903755188,0,49.9903755188,49.9903755188,1
1124,986,32,0.001,0.0001,0.75,0.1,49.2298812866,0,49.2298812866,49.2298812866,49.9903755188,0,49.9903755188,49.9903755188,1
1125,1001,32,0.001,0.001,0.75,0.1,49.2298812866,0,49.2298812866,49.2298812866,49.9903755188,0,49.9903755188,49.9903755188,1
1126,1016,32,0.001,0.01,0.75,0.1,49.2298812866,0,49.2298812866,49.2298812866,49.9903755188,0,49.9903755188,49.9903755188,1
1127,132,0,0.0001,0,0.75,0.3,49.2202568054,0,49.2202568054,49.2202568054,50.4909515381,0,50.4909515381,50.4909515381,1
1128,179,0,0.0001,0.01,0.75,0.7,49.2202568054,0,49.2202568054,49.2202568054,50.4909515381,0,50.4909515381,50.4909515381,1
1129,146,0,0.0001,0.0001,0.75,0.1,49.2106285095,0,49.2106285095,49.2106285095,50.5198287964,0,50.5198287964,50.5198287964,1
1130,161,0,0.0001,0.001,0.75,0.1,49.2106285095,0,49.2106285095,49.2106285095,50.5102043152,0,50.5102043152,50.5102043152,1
1131,1202,64,0.0001,0,0.25,0.3,49.2106285095,0,49.2106285095,49.2106285095,50.1058921814,0,50.1058921814,50.1058921814,1
1132,1217,64,0.0001,0.0001,0.25,0.3,49.2106285095,0,49.2106285095,49.2106285095,50.1058921814,0,50.1058921814,50.1058921814,1
1133,1232,64,0.0001,0.001,0.25,0.3,49.2106285095,0,49.2106285095,49.2106285095,50.1058921814,0,50.1058921814,50.1058921814,1
1134,1247,64,0.0001,0.01,0.25,0.3,49.2106285095,0,49.2106285095,49.2106285095,50.1058921814,0,50.1058921814,50.1058921814,1
1135,147,0,0.0001,0.0001,0.75,0.3,49.1913719177,0,49.1913719177,49.1913719177,50.5005760193,0,50.5005760193,50.5005760193,1
1136,165,0,0.0001,0.001,0.75,0.9,49.1913719177,0,49.1913719177,49.1913719177,50.471698761,0,50.471698761,50.471698761,1
1137,150,0,0.0001,0.0001,0.75,0.9,49.1721229553,0,49.1721229553,49.1721229553,50.4813270569,0,50.4813270569,50.4813270569,1
1138,180,0,0.0001,0.01,0.75,0.9,49.1721229553,0,49.1721229553,49.1721229553,50.4909515381,0,50.4909515381,50.4909515381,1
1139,149,0,0.0001,0.0001,0.75,0.7,49.1624946594,0,49.1624946594,49.1624946594,50.471698761,0,50.471698761,50.471698761,1
1140,135,0,0.0001,0,0.75,0.9,49.1528701782,0,49.1528701782,49.1528701782,50.5005760193,0,50.5005760193,50.5005760193,1
1141,972,32,0.001,0,0.75,0.3,49.0951080322,0,49.0951080322,49.0951080322,49.7015762329,0,49.7015762329,49.7015762329,1
1142,987,32,0.001,0.0001,0.75,0.3,49.0951080322,0,49.0951080322,49.0951080322,49.7015762329,0,49.7015762329,49.7015762329,1
1143,1002,32,0.001,0.001,0.75,0.3,49.0951080322,0,49.0951080322,49.0951080322,49.7015762329,0,49.7015762329,49.7015762329,1
1144,1017,32,0.001,0.01,0.75,0.3,49.0951080322,0,49.0951080322,49.0951080322,49.7015762329,0,49.7015762329,49.7015762329,1
1145,1204,64,0.0001,0,0.25,0.7,49.0951080322,0,49.0951080322,49.0951080322,50.2599182129,0,50.2599182129,50.2599182129,1
1146,1219,64,0.0001,0.0001,0.25,0.7,49.0951080322,0,49.0951080322,49.0951080322,50.2599182129,0,50.2599182129,50.2599182129,1
1147,1234,64,0.0001,0.001,0.25,0.7,49.0951080322,0,49.0951080322,49.0951080322,50.2599182129,0,50.2599182129,50.2599182129,1
1148,1249,64,0.0001,0.01,0.25,0.7,49.0951080322,0,49.0951080322,49.0951080322,50.2599182129,0,50.2599182129,50.2599182129,1
1149,1203,64,0.0001,0,0.25,0.5,49.0469779968,0,49.0469779968,49.0469779968,50.1829032898,0,50.1829032898,50.1829032898,1
1150,1218,64,0.0001,0.0001,0.25,0.5,49.0469779968,0,49.0469779968,49.0469779968,50.1829032898,0,50.1829032898,50.1829032898,1
1151,1233,64,0.0001,0.001,0.25,0.5,49.0469779968,0,49.0469779968,49.0469779968,50.1829032898,0,50.1829032898,50.1829032898,1
1152,1248,64,0.0001,0.01,0.25,0.5,49.0469779968,0,49.0469779968,49.0469779968,50.1829032898,0,50.1829032898,50.1829032898,1
1153,974,32,0.001,0,0.75,0.7,48.6041564941,0,48.6041564941,48.6041564941,48.7870635986,0,48.7870635986,48.7870635986,1
1154,989,32,0.001,0.0001,0.75,0.7,48.6041564941,0,48.6041564941,48.6041564941,48.7870635986,0,48.7870635986,48.7870635986,1
1155,1004,32,0.001,0.001,0.75,0.7,48.6041564941,0,48.6041564941,48.6041564941,48.7870635986,0,48.7870635986,48.7870635986,1
1156,1019,32,0.001,0.01,0.75,0.7,48.6041564941,0,48.6041564941,48.6041564941,48.7870635986,0,48.7870635986,48.7870635986,1
1157,973,32,0.001,0,0.75,0.5,48.5945320129,0,48.5945320129,48.5945320129,48.9892196655,0,48.9892196655,48.9892196655,1
1158,988,32,0.001,0.0001,0.75,0.5,48.5945320129,0,48.5945320129,48.5945320129,48.9892196655,0,48.9892196655,48.9892196655,1
1159,1003,32,0.001,0.001,0.75,0.5,48.5945320129,0,48.5945320129,48.5945320129,48.9892196655,0,48.9892196655,48.9892196655,1
1160,1018,32,0.001,0.01,0.75,0.5,48.5945320129,0,48.5945320129,48.5945320129,48.9892196655,0,48.9892196655,48.9892196655,1
1161,975,32,0.001,0,0.75,0.9,48.5464019775,0,48.5464019775,48.5464019775,48.7678070068,0,48.7678070068,48.7678070068,1
1162,990,32,0.001,0.0001,0.75,0.9,48.5464019775,0,48.5464019775,48.5464019775,48.7678070068,0,48.7678070068,48.7678070068,1
1163,1005,32,0.001,0.001,0.75,0.9,48.5271453857,0,48.5271453857,48.5271453857,48.7870635986,0,48.7870635986,48.7870635986,1
1164,1020,32,0.001,0.01,0.75,0.9,48.5271453857,0,48.5271453857,48.5271453857,48.7870635986,0,48.7870635986,48.7870635986,1
1165,166,0,0.0001,0.01,0.25,0.1,47.7377738953,0,47.7377738953,47.7377738953,48.5367736816,0,48.5367736816,48.5367736816,1
1166,124,0,0.0001,0,0.25,0.7,47.7281494141,0,47.7281494141,47.7281494141,48.6811714172,0,48.6811714172,48.6811714172,1
1167,138,0,0.0001,0.0001,0.25,0.5,47.7185211182,0,47.7185211182,47.7185211182,48.5367736816,0,48.5367736816,48.5367736816,1
1168,137,0,0.0001,0.0001,0.25,0.3,47.708896637,0,47.708896637,47.708896637,48.5367736816,0,48.5367736816,48.5367736816,1
1169,154,0,0.0001,0.001,0.25,0.7,47.708896637,0,47.708896637,47.708896637,48.584903717,0,48.584903717,48.584903717,1
1170,151,0,0.0001,0.001,0.25,0.1,47.6992683411,0,47.6992683411,47.6992683411,48.61378479,0,48.61378479,48.61378479,1
1171,168,0,0.0001,0.01,0.25,0.5,47.6992683411,0,47.6992683411,47.6992683411,48.584903717,0,48.584903717,48.584903717,1
1172,136,0,0.0001,0.0001,0.25,0.1,47.6896400452,0,47.6896400452,47.6896400452,48.5656547546,0,48.5656547546,48.5656547546,1
1173,139,0,0.0001,0.0001,0.25,0.7,47.6896400452,0,47.6896400452,47.6896400452,48.6811714172,0,48.6811714172,48.6811714172,1
1174,152,0,0.0001,0.001,0.25,0.3,47.6896400452,0,47.6896400452,47.6896400452,48.6041564941,0,48.6041564941,48.6041564941,1
1175,167,0,0.0001,0.01,0.25,0.3,47.6896400452,0,47.6896400452,47.6896400452,48.5560264587,0,48.5560264587,48.5560264587,1
1176,169,0,0.0001,0.01,0.25,0.7,47.6896400452,0,47.6896400452,47.6896400452,48.6041564941,0,48.6041564941,48.6041564941,1
1177,170,0,0.0001,0.01,0.25,0.9,47.6896400452,0,47.6896400452,47.6896400452,48.4886398315,0,48.4886398315,48.4886398315,1
1178,122,0,0.0001,0,0.25,0.3,47.680015564,0,47.680015564,47.680015564,48.584903717,0,48.584903717,48.584903717,1
1179,123,0,0.0001,0,0.25,0.5,47.6703872681,0,47.6703872681,47.6703872681,48.5945320129,0,48.5945320129,48.5945320129,1
1180,140,0,0.0001,0.0001,0.25,0.9,47.6703872681,0,47.6703872681,47.6703872681,48.5464019775,0,48.5464019775,48.5464019775,1
1181,155,0,0.0001,0.001,0.25,0.9,47.6703872681,0,47.6703872681,47.6703872681,48.5367736816,0,48.5367736816,48.5367736816,1
1182,125,0,0.0001,0,0.25,0.9,47.651134491,0,47.651134491,47.651134491,48.5752792358,0,48.5752792358,48.5752792358,1
1183,153,0,0.0001,0.001,0.25,0.5,47.6415100098,0,47.6415100098,47.6415100098,48.5560264587,0,48.5560264587,48.5560264587,1
1184,121,0,0.0001,0,0.25,0.1,47.6318817139,0,47.6318817139,47.6318817139,48.5752792358,0,48.5752792358,48.5752792358,1
1185,1155,64,0.001,0,0.75,0.9,46.4285697937,0,46.4285697937,46.4285697937,47.1216812134,0,47.1216812134,47.1216812134,1
1186,1170,64,0.001,0.0001,0.75,0.9,46.4285697937,0,46.4285697937,46.4285697937,47.1216812134,0,47.1216812134,47.1216812134,1
1187,1185,64,0.001,0.001,0.75,0.9,46.4285697937,0,46.4285697937,46.4285697937,47.1216812134,0,47.1216812134,47.1216812134,1
1188,1200,64,0.001,0.01,0.75,0.9,46.4285697937,0,46.4285697937,46.4285697937,47.1216812134,0,47.1216812134,47.1216812134,1
1189,1154,64,0.001,0,0.75,0.7,46.3996925354,0,46.3996925354,46.3996925354,46.5055809021,0,46.5055809021,46.5055809021,1
1190,1169,64,0.001,0.0001,0.75,0.7,46.3996925354,0,46.3996925354,46.3996925354,46.5055809021,0,46.5055809021,46.5055809021,1
1191,1184,64,0.001,0.001,0.75,0.7,46.3996925354,0,46.3996925354,46.3996925354,46.5055809021,0,46.5055809021,46.5055809021,1
1192,1199,64,0.001,0.01,0.75,0.7,46.3996925354,0,46.3996925354,46.3996925354,46.5055809021,0,46.5055809021,46.5055809021,1
1193,1153,64,0.001,0,0.75,0.5,46.3708114624,0,46.3708114624,46.3708114624,46.4285697937,0,46.4285697937,46.4285697937,1
1194,1168,64,0.001,0.0001,0.75,0.5,46.3708114624,0,46.3708114624,46.3708114624,46.4285697937,0,46.4285697937,46.4285697937,1
1195,1183,64,0.001,0.001,0.75,0.5,46.3708114624,0,46.3708114624,46.3708114624,46.4285697937,0,46.4285697937,46.4285697937,1
1196,1198,64,0.001,0.01,0.75,0.5,46.3708114624,0,46.3708114624,46.3708114624,46.4285697937,0,46.4285697937,46.4285697937,1
1197,1152,64,0.001,0,0.75,0.3,46.2167892456,0,46.2167892456,46.2167892456,46.3611869812,0,46.3611869812,46.3611869812,1
1198,1167,64,0.001,0.0001,0.75,0.3,46.2167892456,0,46.2167892456,46.2167892456,46.3611869812,0,46.3611869812,46.3611869812,1
1199,1182,64,0.001,0.001,0.75,0.3,46.2167892456,0,46.2167892456,46.2167892456,46.3611869812,0,46.3611869812,46.3611869812,1
1200,1197,64,0.001,0.01,0.75,0.3,46.2167892456,0,46.2167892456,46.2167892456,46.3611869812,0,46.3611869812,46.3611869812,1
1201,1151,64,0.001,0,0.75,0.1,46.1879119873,0,46.1879119873,46.1879119873,46.3226776123,0,46.3226776123,46.3226776123,1
1202,1166,64,0.001,0.0001,0.75,0.1,46.1879119873,0,46.1879119873,46.1879119873,46.3226776123,0,46.3226776123,46.3226776123,1
1203,1181,64,0.001,0.001,0.75,0.1,46.1879119873,0,46.1879119873,46.1879119873,46.3226776123,0,46.3226776123,46.3226776123,1
1204,1196,64,0.001,0.01,0.75,0.1,46.1879119873,0,46.1879119873,46.1879119873,46.3226776123,0,46.3226776123,46.3226776123,1
1205,1031,32,0.0001,0,0.75,0.1,46.0627632141,0,46.0627632141,46.0627632141,46.5633430481,0,46.5633430481,46.5633430481,1
1206,1046,32,0.0001,0.0001,0.75,0.1,46.0627632141,0,46.0627632141,46.0627632141,46.5729675293,0,46.5729675293,46.5729675293,1
1207,1061,32,0.0001,0.001,0.75,0.1,46.0627632141,0,46.0627632141,46.0627632141,46.5633430481,0,46.5633430481,46.5633430481,1
1208,1076,32,0.0001,0.01,0.75,0.1,46.0627632141,0,46.0627632141,46.0627632141,46.5729675293,0,46.5729675293,46.5729675293,1
1209,1035,32,0.0001,0,0.75,0.9,46.014629364,0,46.014629364,46.014629364,46.2456665039,0,46.2456665039,46.2456665039,1
1210,1050,32,0.0001,0.0001,0.75,0.9,46.0050048828,0,46.0050048828,46.0050048828,46.2456665039,0,46.2456665039,46.2456665039,1
1211,1065,32,0.0001,0.001,0.75,0.9,46.0050048828,0,46.0050048828,46.0050048828,46.2552947998,0,46.2552947998,46.2552947998,1
1212,1080,32,0.0001,0.01,0.75,0.9,46.0050048828,0,46.0050048828,46.0050048828,46.264919281,0,46.264919281,46.264919281,1
1213,1209,64,0.0001,0,0.5,0.7,45.9183654785,0,45.9183654785,45.9183654785,46.7847518921,0,46.7847518921,46.7847518921,1
1214,1224,64,0.0001,0.0001,0.5,0.7,45.9183654785,0,45.9183654785,45.9183654785,46.7847518921,0,46.7847518921,46.7847518921,1
1215,1239,64,0.0001,0.001,0.5,0.7,45.9183654785,0,45.9183654785,45.9183654785,46.7847518921,0,46.7847518921,46.7847518921,1
1216,1254,64,0.0001,0.01,0.5,0.7,45.9183654785,0,45.9183654785,45.9183654785,46.7847518921,0,46.7847518921,46.7847518921,1
1217,1077,32,0.0001,0.01,0.75,0.3,45.9087409973,0,45.9087409973,45.9087409973,46.3611869812,0,46.3611869812,46.3611869812,1
1218,1032,32,0.0001,0,0.75,0.3,45.8991127014,0,45.8991127014,45.8991127014,46.3611869812,0,46.3611869812,46.3611869812,1
1219,1047,32,0.0001,0.0001,0.75,0.3,45.8991127014,0,45.8991127014,45.8991127014,46.3611869812,0,46.3611869812,46.3611869812,1
1220,1062,32,0.0001,0.001,0.75,0.3,45.8991127014,0,45.8991127014,45.8991127014,46.3611869812,0,46.3611869812,46.3611869812,1
1221,1033,32,0.0001,0,0.75,0.5,45.8124771118,0,45.8124771118,45.8124771118,46.2841758728,0,46.2841758728,46.2841758728,1
1222,1048,32,0.0001,0.0001,0.75,0.5,45.8124771118,0,45.8124771118,45.8124771118,46.2841758728,0,46.2841758728,46.2841758728,1
1223,1063,32,0.0001,0.001,0.75,0.5,45.8124771118,0,45.8124771118,45.8124771118,46.2841758728,0,46.2841758728,46.2841758728,1
1224,1078,32,0.0001,0.01,0.75,0.5,45.8124771118,0,45.8124771118,45.8124771118,46.2841758728,0,46.2841758728,46.2841758728,1
1225,1208,64,0.0001,0,0.5,0.5,45.7258377075,0,45.7258377075,45.7258377075,46.5055809021,0,46.5055809021,46.5055809021,1
1226,1223,64,0.0001,0.0001,0.5,0.5,45.7258377075,0,45.7258377075,45.7258377075,46.5055809021,0,46.5055809021,46.5055809021,1
1227,1238,64,0.0001,0.001,0.5,0.5,45.7258377075,0,45.7258377075,45.7258377075,46.5055809021,0,46.5055809021,46.5055809021,1
1228,1253,64,0.0001,0.01,0.5,0.5,45.7258377075,0,45.7258377075,45.7258377075,46.5055809021,0,46.5055809021,46.5055809021,1
1229,1207,64,0.0001,0,0.5,0.3,45.6488265991,0,45.6488265991,45.6488265991,46.4381980896,0,46.4381980896,46.4381980896,1
1230,1222,64,0.0001,0.0001,0.5,0.3,45.6488265991,0,45.6488265991,45.6488265991,46.4381980896,0,46.4381980896,46.4381980896,1
1231,1237,64,0.0001,0.001,0.5,0.3,45.6488265991,0,45.6488265991,45.6488265991,46.4381980896,0,46.4381980896,46.4381980896,1
1232,1252,64,0.0001,0.01,0.5,0.3,45.6488265991,0,45.6488265991,45.6488265991,46.4381980896,0,46.4381980896,46.4381980896,1
1233,1206,64,0.0001,0,0.5,0.1,45.6199455261,0,45.6199455261,45.6199455261,46.4189453125,0,46.4189453125,46.4189453125,1
1234,1221,64,0.0001,0.0001,0.5,0.1,45.6199455261,0,45.6199455261,45.6199455261,46.4189453125,0,46.4189453125,46.4189453125,1
1235,1236,64,0.0001,0.001,0.5,0.1,45.6199455261,0,45.6199455261,45.6199455261,46.4189453125,0,46.4189453125,46.4189453125,1
1236,1251,64,0.0001,0.01,0.5,0.1,45.6199455261,0,45.6199455261,45.6199455261,46.4189453125,0,46.4189453125,46.4189453125,1
1237,1034,32,0.0001,0,0.75,0.7,45.5333099365,0,45.5333099365,45.5333099365,46.101272583,0,46.101272583,46.101272583,1
1238,1049,32,0.0001,0.0001,0.75,0.7,45.5333099365,0,45.5333099365,45.5333099365,46.101272583,0,46.101272583,46.101272583,1
1239,1064,32,0.0001,0.001,0.75,0.7,45.5333099365,0,45.5333099365,45.5333099365,46.101272583,0,46.101272583,46.101272583,1
1240,1079,32,0.0001,0.01,0.75,0.7,45.5333099365,0,45.5333099365,45.5333099365,46.101272583,0,46.101272583,46.101272583,1
1241,1215,64,0.0001,0,0.75,0.9,44.6861763,0,44.6861763,44.6861763,45.0712356567,0,45.0712356567,45.0712356567,1
1242,1230,64,0.0001,0.0001,0.75,0.9,44.6765518188,0,44.6765518188,44.6765518188,45.0519828796,0,45.0519828796,45.0519828796,1
1243,1245,64,0.0001,0.001,0.75,0.9,44.6765518188,0,44.6765518188,44.6765518188,45.0904884338,0,45.0904884338,45.0904884338,1
1244,1260,64,0.0001,0.01,0.75,0.9,44.5899124146,0,44.5899124146,44.5899124146,45.1771278381,0,45.1771278381,45.1771278381,1
1245,1213,64,0.0001,0,0.75,0.5,42.3854446411,0,42.3854446411,42.3854446411,42.8956489563,0,42.8956489563,42.8956489563,1
1246,1228,64,0.0001,0.0001,0.75,0.5,42.3854446411,0,42.3854446411,42.3854446411,42.8956489563,0,42.8956489563,42.8956489563,1
1247,1243,64,0.0001,0.001,0.75,0.5,42.3854446411,0,42.3854446411,42.3854446411,42.8956489563,0,42.8956489563,42.8956489563,1
1248,1258,64,0.0001,0.01,0.75,0.5,42.3854446411,0,42.3854446411,42.3854446411,42.8956489563,0,42.8956489563,42.8956489563,1
1249,1214,64,0.0001,0,0.75,0.7,42.366191864,0,42.366191864,42.366191864,43.059299469,0,43.059299469,43.059299469,1
1250,1229,64,0.0001,0.0001,0.75,0.7,42.366191864,0,42.366191864,42.366191864,43.059299469,0,43.059299469,43.059299469,1
1251,1244,64,0.0001,0.001,0.75,0.7,42.366191864,0,42.366191864,42.366191864,43.059299469,0,43.059299469,43.059299469,1
1252,1259,64,0.0001,0.01,0.75,0.7,42.366191864,0,42.366191864,42.366191864,43.059299469,0,43.059299469,43.059299469,1
1253,1211,64,0.0001,0,0.75,0.1,42.2795524597,0,42.2795524597,42.2795524597,42.6453590393,0,42.6453590393,42.6453590393,1
1254,1226,64,0.0001,0.0001,0.75,0.1,42.2795524597,0,42.2795524597,42.2795524597,42.6453590393,0,42.6453590393,42.6453590393,1
1255,1241,64,0.0001,0.001,0.75,0.1,42.2795524597,0,42.2795524597,42.2795524597,42.6453590393,0,42.6453590393,42.6453590393,1
1256,1256,64,0.0001,0.01,0.75,0.1,42.2795524597,0,42.2795524597,42.2795524597,42.6453590393,0,42.6453590393,42.6453590393,1
1257,1212,64,0.0001,0,0.75,0.3,42.2699279785,0,42.2699279785,42.2699279785,42.7223701477,0,42.7223701477,42.7223701477,1
1258,1227,64,0.0001,0.0001,0.75,0.3,42.2699279785,0,42.2699279785,42.2699279785,42.7223701477,0,42.7223701477,42.7223701477,1
1259,1242,64,0.0001,0.001,0.75,0.3,42.2699279785,0,42.2699279785,42.2699279785,42.7223701477,0,42.7223701477,42.7223701477,1
1260,1257,64,0.0001,0.01,0.75,0.3,42.2699279785,0,42.2699279785,42.2699279785,42.7223701477,0,42.7223701477,42.7223701477,1
