rank,candidate_id,x_steps,learning_rate,weight_decay,dropout,tao2,val_acc_mean,val_acc_std,val_acc_min,val_acc_max,test_acc_mean,test_acc_std,test_acc_min,test_acc_max,n
1,515,4,0.0001,0.001,0.25,0.9,61.0576934814,0,61.0576934814,61.0576934814,59.0144271851,0,59.0144271851,59.0144271851,1
2,500,4,0.0001,0.0001,0.25,0.9,60.8173065186,0,60.8173065186,60.8173065186,58.8942337036,0,58.8942337036,58.8942337036,1
3,530,4,0.0001,0.01,0.25,0.9,60.4567337036,0,60.4567337036,60.4567337036,58.7740402222,0,58.7740402222,58.7740402222,1
4,484,4,0.0001,0,0.25,0.7,60.3365402222,0,60.3365402222,60.3365402222,58.0528869629,0,58.0528869629,58.0528869629,1
5,513,4,0.0001,0.001,0.25,0.5,60.3365402222,0,60.3365402222,60.3365402222,58.6538505554,0,58.6538505554,58.6538505554,1
6,481,4,0.0001,0,0.25,0.1,60.2163505554,0,60.2163505554,60.2163505554,58.7740402222,0,58.7740402222,58.7740402222,1
7,483,4,0.0001,0,0.25,0.5,60.2163505554,0,60.2163505554,60.2163505554,58.8942337036,0,58.8942337036,58.8942337036,1
8,499,4,0.0001,0.0001,0.25,0.7,60.2163505554,0,60.2163505554,60.2163505554,58.7740402222,0,58.7740402222,58.7740402222,1
9,512,4,0.0001,0.001,0.25,0.3,60.2163505554,0,60.2163505554,60.2163505554,58.7740402222,0,58.7740402222,58.7740402222,1
10,514,4,0.0001,0.001,0.25,0.7,60.2163505554,0,60.2163505554,60.2163505554,59.0144271851,0,59.0144271851,59.0144271851,1
11,527,4,0.0001,0.01,0.25,0.3,60.2163505554,0,60.2163505554,60.2163505554,58.7740402222,0,58.7740402222,58.7740402222,1
12,528,4,0.0001,0.01,0.25,0.5,60.2163505554,0,60.2163505554,60.2163505554,58.533657074,0,58.533657074,58.533657074,1
13,661,8,0.0001,0,0.25,0.1,60.2163505554,0,60.2163505554,60.2163505554,60.8173065186,0,60.8173065186,60.8173065186,1
14,498,4,0.0001,0.0001,0.25,0.5,60.096157074,0,60.096157074,60.096157074,57.8125,0,57.8125,57.8125,1
15,526,4,0.0001,0.01,0.25,0.1,60.096157074,0,60.096157074,60.096157074,58.2932701111,0,58.2932701111,58.2932701111,1
16,694,8,0.0001,0.001,0.25,0.7,60.096157074,0,60.096157074,60.096157074,59.9759635925,0,59.9759635925,59.9759635925,1
17,482,4,0.0001,0,0.25,0.3,59.9759635925,0,59.9759635925,59.9759635925,58.533657074,0,58.533657074,58.533657074,1
18,497,4,0.0001,0.0001,0.25,0.3,59.9759635925,0,59.9759635925,59.9759635925,58.1730766296,0,58.1730766296,58.1730766296,1
19,511,4,0.0001,0.001,0.25,0.1,59.9759635925,0,59.9759635925,59.9759635925,58.2932701111,0,58.2932701111,58.2932701111,1
20,663,8,0.0001,0,0.25,0.5,59.9759635925,0,59.9759635925,59.9759635925,60.3365402222,0,60.3365402222,60.3365402222,1
21,691,8,0.0001,0.001,0.25,0.1,59.9759635925,0,59.9759635925,59.9759635925,59.1346206665,0,59.1346206665,59.1346206665,1
22,436,4,0.001,0.0001,0.25,0.1,59.8557701111,0,59.8557701111,59.8557701111,61.658657074,0,61.658657074,61.658657074,1
23,485,4,0.0001,0,0.25,0.9,59.8557701111,0,59.8557701111,59.8557701111,57.6923065186,0,57.6923065186,57.6923065186,1
24,496,4,0.0001,0.0001,0.25,0.1,59.8557701111,0,59.8557701111,59.8557701111,58.0528869629,0,58.0528869629,58.0528869629,1
25,529,4,0.0001,0.01,0.25,0.7,59.8557701111,0,59.8557701111,59.8557701111,58.2932701111,0,58.2932701111,58.2932701111,1
26,677,8,0.0001,0.0001,0.25,0.3,59.8557701111,0,59.8557701111,59.8557701111,59.8557701111,0,59.8557701111,59.8557701111,1
27,678,8,0.0001,0.0001,0.25,0.5,59.8557701111,0,59.8557701111,59.8557701111,59.7355766296,0,59.7355766296,59.7355766296,1
28,679,8,0.0001,0.0001,0.25,0.7,59.8557701111,0,59.8557701111,59.8557701111,59.6153869629,0,59.6153869629,59.6153869629,1
29,692,8,0.0001,0.001,0.25,0.3,59.8557701111,0,59.8557701111,59.8557701111,59.1346206665,0,59.1346206665,59.1346206665,1
30,693,8,0.0001,0.001,0.25,0.5,59.8557701111,0,59.8557701111,59.8557701111,59.375,0,59.375,59.375,1
31,707,8,0.0001,0.01,0.25,0.3,59.8557701111,0,59.8557701111,59.8557701111,59.8557701111,0,59.8557701111,59.8557701111,1
32,708,8,0.0001,0.01,0.25,0.5,59.8557701111,0,59.8557701111,59.8557701111,59.2548065186,0,59.2548065186,59.2548065186,1
33,710,8,0.0001,0.01,0.25,0.9,59.8557701111,0,59.8557701111,59.8557701111,59.375,0,59.375,59.375,1
34,800,16,0.001,0.0001,0.25,0.9,59.8557701111,0,59.8557701111,59.8557701111,61.1778869629,0,61.1778869629,61.1778869629,1
35,437,4,0.001,0.0001,0.25,0.3,59.7355766296,0,59.7355766296,59.7355766296,61.658657074,0,61.658657074,61.658657074,1
36,438,4,0.001,0.0001,0.25,0.5,59.7355766296,0,59.7355766296,59.7355766296,61.658657074,0,61.658657074,61.658657074,1
37,439,4,0.001,0.0001,0.25,0.7,59.7355766296,0,59.7355766296,59.7355766296,61.658657074,0,61.658657074,61.658657074,1
38,440,4,0.001,0.0001,0.25,0.9,59.7355766296,0,59.7355766296,59.7355766296,61.8990402222,0,61.8990402222,61.8990402222,1
39,451,4,0.001,0.001,0.25,0.1,59.7355766296,0,59.7355766296,59.7355766296,61.658657074,0,61.658657074,61.658657074,1
40,452,4,0.001,0.001,0.25,0.3,59.7355766296,0,59.7355766296,59.7355766296,61.658657074,0,61.658657074,61.658657074,1
41,454,4,0.001,0.001,0.25,0.7,59.7355766296,0,59.7355766296,59.7355766296,61.658657074,0,61.658657074,61.658657074,1
42,455,4,0.001,0.001,0.25,0.9,59.7355766296,0,59.7355766296,59.7355766296,61.658657074,0,61.658657074,61.658657074,1
43,460,4,0.001,0.001,0.5,0.9,59.7355766296,0,59.7355766296,59.7355766296,60.6971206665,0,60.6971206665,60.6971206665,1
44,466,4,0.001,0.01,0.25,0.1,59.7355766296,0,59.7355766296,59.7355766296,61.658657074,0,61.658657074,61.658657074,1
45,467,4,0.001,0.01,0.25,0.3,59.7355766296,0,59.7355766296,59.7355766296,61.658657074,0,61.658657074,61.658657074,1
46,469,4,0.001,0.01,0.25,0.7,59.7355766296,0,59.7355766296,59.7355766296,61.658657074,0,61.658657074,61.658657074,1
47,475,4,0.001,0.01,0.5,0.9,59.7355766296,0,59.7355766296,59.7355766296,60.5769271851,0,60.5769271851,60.5769271851,1
48,662,8,0.0001,0,0.25,0.3,59.7355766296,0,59.7355766296,59.7355766296,60.6971206665,0,60.6971206665,60.6971206665,1
49,453,4,0.001,0.001,0.25,0.5,59.6153869629,0,59.6153869629,59.6153869629,61.658657074,0,61.658657074,61.658657074,1
50,468,4,0.001,0.01,0.25,0.5,59.6153869629,0,59.6153869629,59.6153869629,61.658657074,0,61.658657074,61.658657074,1
51,665,8,0.0001,0,0.25,0.9,59.6153869629,0,59.6153869629,59.6153869629,59.4951934814,0,59.4951934814,59.4951934814,1
52,676,8,0.0001,0.0001,0.25,0.1,59.6153869629,0,59.6153869629,59.6153869629,59.9759635925,0,59.9759635925,59.9759635925,1
53,706,8,0.0001,0.01,0.25,0.1,59.6153869629,0,59.6153869629,59.6153869629,59.4951934814,0,59.4951934814,59.4951934814,1
54,709,8,0.0001,0.01,0.25,0.7,59.6153869629,0,59.6153869629,59.6153869629,60.3365402222,0,60.3365402222,60.3365402222,1
55,664,8,0.0001,0,0.25,0.7,59.4951934814,0,59.4951934814,59.4951934814,60.2163505554,0,60.2163505554,60.2163505554,1
56,421,4,0.001,0,0.25,0.1,59.375,0,59.375,59.375,61.8990402222,0,61.8990402222,61.8990402222,1
57,422,4,0.001,0,0.25,0.3,59.375,0,59.375,59.375,62.0192337036,0,62.0192337036,62.0192337036,1
58,423,4,0.001,0,0.25,0.5,59.375,0,59.375,59.375,62.0192337036,0,62.0192337036,62.0192337036,1
59,619,8,0.001,0.0001,0.25,0.7,59.375,0,59.375,59.375,60.2163505554,0,60.2163505554,60.2163505554,1
60,634,8,0.001,0.001,0.25,0.7,59.375,0,59.375,59.375,59.375,0,59.375,59.375,1
61,649,8,0.001,0.01,0.25,0.7,59.375,0,59.375,59.375,59.375,0,59.375,59.375,1
62,695,8,0.0001,0.001,0.25,0.9,59.375,0,59.375,59.375,59.7355766296,0,59.7355766296,59.7355766296,1
63,799,16,0.001,0.0001,0.25,0.7,59.375,0,59.375,59.375,60.5769271851,0,60.5769271851,60.5769271851,1
64,814,16,0.001,0.001,0.25,0.7,59.375,0,59.375,59.375,60.5769271851,0,60.5769271851,60.5769271851,1
65,829,16,0.001,0.01,0.25,0.7,59.375,0,59.375,59.375,60.5769271851,0,60.5769271851,60.5769271851,1
66,424,4,0.001,0,0.25,0.7,59.2548065186,0,59.2548065186,59.2548065186,62.0192337036,0,62.0192337036,62.0192337036,1
67,616,8,0.001,0.0001,0.25,0.1,59.2548065186,0,59.2548065186,59.2548065186,60.8173065186,0,60.8173065186,60.8173065186,1
68,617,8,0.001,0.0001,0.25,0.3,59.2548065186,0,59.2548065186,59.2548065186,59.7355766296,0,59.7355766296,59.7355766296,1
69,632,8,0.001,0.001,0.25,0.3,59.2548065186,0,59.2548065186,59.2548065186,59.7355766296,0,59.7355766296,59.7355766296,1
70,647,8,0.001,0.01,0.25,0.3,59.2548065186,0,59.2548065186,59.2548065186,59.6153869629,0,59.6153869629,59.6153869629,1
71,249,2,0.001,0,0.5,0.7,59.1346206665,0,59.1346206665,59.1346206665,61.4182701111,0,61.4182701111,61.4182701111,1
72,277,2,0.001,0.001,0.5,0.3,59.1346206665,0,59.1346206665,59.1346206665,62.2596206665,0,62.2596206665,62.2596206665,1
73,279,2,0.001,0.001,0.5,0.7,59.1346206665,0,59.1346206665,59.1346206665,62.6201934814,0,62.6201934814,62.6201934814,1
74,292,2,0.001,0.01,0.5,0.3,59.1346206665,0,59.1346206665,59.1346206665,62.2596206665,0,62.2596206665,62.2596206665,1
75,293,2,0.001,0.01,0.5,0.5,59.1346206665,0,59.1346206665,59.1346206665,62.3798065186,0,62.3798065186,62.3798065186,1
76,425,4,0.001,0,0.25,0.9,59.1346206665,0,59.1346206665,59.1346206665,61.8990402222,0,61.8990402222,61.8990402222,1
77,470,4,0.001,0.01,0.25,0.9,59.1346206665,0,59.1346206665,59.1346206665,62.3798065186,0,62.3798065186,62.3798065186,1
78,618,8,0.001,0.0001,0.25,0.5,59.1346206665,0,59.1346206665,59.1346206665,59.4951934814,0,59.4951934814,59.4951934814,1
79,631,8,0.001,0.001,0.25,0.1,59.1346206665,0,59.1346206665,59.1346206665,60.6971206665,0,60.6971206665,60.6971206665,1
80,633,8,0.001,0.001,0.25,0.5,59.1346206665,0,59.1346206665,59.1346206665,59.375,0,59.375,59.375,1
81,646,8,0.001,0.01,0.25,0.1,59.1346206665,0,59.1346206665,59.1346206665,60.6971206665,0,60.6971206665,60.6971206665,1
82,648,8,0.001,0.01,0.25,0.5,59.1346206665,0,59.1346206665,59.1346206665,59.375,0,59.375,59.375,1
83,261,2,0.001,0.0001,0.5,0.1,59.0144271851,0,59.0144271851,59.0144271851,62.2596206665,0,62.2596206665,62.2596206665,1
84,262,2,0.001,0.0001,0.5,0.3,59.0144271851,0,59.0144271851,59.0144271851,62.2596206665,0,62.2596206665,62.2596206665,1
85,276,2,0.001,0.001,0.5,0.1,59.0144271851,0,59.0144271851,59.0144271851,62.2596206665,0,62.2596206665,62.2596206665,1
86,278,2,0.001,0.001,0.5,0.5,59.0144271851,0,59.0144271851,59.0144271851,62.3798065186,0,62.3798065186,62.3798065186,1
87,294,2,0.001,0.01,0.5,0.7,59.0144271851,0,59.0144271851,59.0144271851,62.5,0,62.5,62.5,1
88,350,2,0.0001,0.01,0.25,0.9,59.0144271851,0,59.0144271851,59.0144271851,57.9326934814,0,57.9326934814,57.9326934814,1
89,680,8,0.0001,0.0001,0.25,0.9,59.0144271851,0,59.0144271851,59.0144271851,60.2163505554,0,60.2163505554,60.2163505554,1
90,796,16,0.001,0.0001,0.25,0.1,59.0144271851,0,59.0144271851,59.0144271851,60.3365402222,0,60.3365402222,60.3365402222,1
91,815,16,0.001,0.001,0.25,0.9,59.0144271851,0,59.0144271851,59.0144271851,59.8557701111,0,59.8557701111,59.8557701111,1
92,826,16,0.001,0.01,0.25,0.1,59.0144271851,0,59.0144271851,59.0144271851,60.3365402222,0,60.3365402222,60.3365402222,1
93,830,16,0.001,0.01,0.25,0.9,59.0144271851,0,59.0144271851,59.0144271851,59.8557701111,0,59.8557701111,59.8557701111,1
94,246,2,0.001,0,0.5,0.1,58.8942337036,0,58.8942337036,58.8942337036,61.0576934814,0,61.0576934814,61.0576934814,1
95,247,2,0.001,0,0.5,0.3,58.8942337036,0,58.8942337036,58.8942337036,61.0576934814,0,61.0576934814,61.0576934814,1
96,250,2,0.001,0,0.5,0.9,58.8942337036,0,58.8942337036,58.8942337036,61.0576934814,0,61.0576934814,61.0576934814,1
97,263,2,0.001,0.0001,0.5,0.5,58.8942337036,0,58.8942337036,58.8942337036,62.3798065186,0,62.3798065186,62.3798065186,1
98,280,2,0.001,0.001,0.5,0.9,58.8942337036,0,58.8942337036,58.8942337036,62.5,0,62.5,62.5,1
99,303,2,0.0001,0,0.25,0.5,58.8942337036,0,58.8942337036,58.8942337036,56.7307701111,0,56.7307701111,56.7307701111,1
100,317,2,0.0001,0.0001,0.25,0.3,58.8942337036,0,58.8942337036,58.8942337036,57.8125,0,57.8125,57.8125,1
101,785,16,0.001,0,0.25,0.9,58.8942337036,0,58.8942337036,58.8942337036,59.9759635925,0,59.9759635925,59.9759635925,1
102,797,16,0.001,0.0001,0.25,0.3,58.8942337036,0,58.8942337036,58.8942337036,60.3365402222,0,60.3365402222,60.3365402222,1
103,798,16,0.001,0.0001,0.25,0.5,58.8942337036,0,58.8942337036,58.8942337036,60.5769271851,0,60.5769271851,60.5769271851,1
104,811,16,0.001,0.001,0.25,0.1,58.8942337036,0,58.8942337036,58.8942337036,60.3365402222,0,60.3365402222,60.3365402222,1
105,248,2,0.001,0,0.5,0.5,58.7740402222,0,58.7740402222,58.7740402222,61.0576934814,0,61.0576934814,61.0576934814,1
106,291,2,0.001,0.01,0.5,0.1,58.7740402222,0,58.7740402222,58.7740402222,62.2596206665,0,62.2596206665,62.2596206665,1
107,295,2,0.001,0.01,0.5,0.9,58.7740402222,0,58.7740402222,58.7740402222,62.3798065186,0,62.3798065186,62.3798065186,1
108,305,2,0.0001,0,0.25,0.9,58.7740402222,0,58.7740402222,58.7740402222,57.9326934814,0,57.9326934814,57.9326934814,1
109,812,16,0.001,0.001,0.25,0.3,58.7740402222,0,58.7740402222,58.7740402222,60.5769271851,0,60.5769271851,60.5769271851,1
110,813,16,0.001,0.001,0.25,0.5,58.7740402222,0,58.7740402222,58.7740402222,60.5769271851,0,60.5769271851,60.5769271851,1
111,827,16,0.001,0.01,0.25,0.3,58.7740402222,0,58.7740402222,58.7740402222,60.5769271851,0,60.5769271851,60.5769271851,1
112,828,16,0.001,0.01,0.25,0.5,58.7740402222,0,58.7740402222,58.7740402222,60.5769271851,0,60.5769271851,60.5769271851,1
113,264,2,0.001,0.0001,0.5,0.7,58.6538505554,0,58.6538505554,58.6538505554,62.2596206665,0,62.2596206665,62.2596206665,1
114,301,2,0.0001,0,0.25,0.1,58.6538505554,0,58.6538505554,58.6538505554,57.3317337036,0,57.3317337036,57.3317337036,1
115,302,2,0.0001,0,0.25,0.3,58.6538505554,0,58.6538505554,58.6538505554,57.2115402222,0,57.2115402222,57.2115402222,1
116,320,2,0.0001,0.0001,0.25,0.9,58.6538505554,0,58.6538505554,58.6538505554,57.2115402222,0,57.2115402222,57.2115402222,1
117,335,2,0.0001,0.001,0.25,0.9,58.6538505554,0,58.6538505554,58.6538505554,57.6923065186,0,57.6923065186,57.6923065186,1
118,348,2,0.0001,0.01,0.25,0.5,58.6538505554,0,58.6538505554,58.6538505554,57.6923065186,0,57.6923065186,57.6923065186,1
119,445,4,0.001,0.0001,0.5,0.9,58.6538505554,0,58.6538505554,58.6538505554,59.8557701111,0,59.8557701111,59.8557701111,1
120,459,4,0.001,0.001,0.5,0.7,58.6538505554,0,58.6538505554,58.6538505554,60.096157074,0,60.096157074,60.096157074,1
121,620,8,0.001,0.0001,0.25,0.9,58.6538505554,0,58.6538505554,58.6538505554,60.4567337036,0,60.4567337036,60.4567337036,1
122,635,8,0.001,0.001,0.25,0.9,58.6538505554,0,58.6538505554,58.6538505554,60.2163505554,0,60.2163505554,60.2163505554,1
123,650,8,0.001,0.01,0.25,0.9,58.6538505554,0,58.6538505554,58.6538505554,60.3365402222,0,60.3365402222,60.3365402222,1
124,265,2,0.001,0.0001,0.5,0.9,58.533657074,0,58.533657074,58.533657074,62.3798065186,0,62.3798065186,62.3798065186,1
125,316,2,0.0001,0.0001,0.25,0.1,58.533657074,0,58.533657074,58.533657074,57.2115402222,0,57.2115402222,57.2115402222,1
126,332,2,0.0001,0.001,0.25,0.3,58.533657074,0,58.533657074,58.533657074,57.0913505554,0,57.0913505554,57.0913505554,1
127,333,2,0.0001,0.001,0.25,0.5,58.533657074,0,58.533657074,58.533657074,57.0913505554,0,57.0913505554,57.0913505554,1
128,347,2,0.0001,0.01,0.25,0.3,58.533657074,0,58.533657074,58.533657074,57.2115402222,0,57.2115402222,57.2115402222,1
129,349,2,0.0001,0.01,0.25,0.7,58.533657074,0,58.533657074,58.533657074,57.6923065186,0,57.6923065186,57.6923065186,1
130,456,4,0.001,0.001,0.5,0.1,58.533657074,0,58.533657074,58.533657074,60.096157074,0,60.096157074,60.096157074,1
131,457,4,0.001,0.001,0.5,0.3,58.533657074,0,58.533657074,58.533657074,60.096157074,0,60.096157074,60.096157074,1
132,474,4,0.001,0.01,0.5,0.7,58.533657074,0,58.533657074,58.533657074,60.096157074,0,60.096157074,60.096157074,1
133,601,8,0.001,0,0.25,0.1,58.533657074,0,58.533657074,58.533657074,60.3365402222,0,60.3365402222,60.3365402222,1
134,304,2,0.0001,0,0.25,0.7,58.4134635925,0,58.4134635925,58.4134635925,57.0913505554,0,57.0913505554,57.0913505554,1
135,331,2,0.0001,0.001,0.25,0.1,58.4134635925,0,58.4134635925,58.4134635925,57.3317337036,0,57.3317337036,57.3317337036,1
136,346,2,0.0001,0.01,0.25,0.1,58.4134635925,0,58.4134635925,58.4134635925,56.8509635925,0,56.8509635925,56.8509635925,1
137,458,4,0.001,0.001,0.5,0.5,58.4134635925,0,58.4134635925,58.4134635925,60.096157074,0,60.096157074,60.096157074,1
138,471,4,0.001,0.01,0.5,0.1,58.4134635925,0,58.4134635925,58.4134635925,60.096157074,0,60.096157074,60.096157074,1
139,472,4,0.001,0.01,0.5,0.3,58.4134635925,0,58.4134635925,58.4134635925,60.096157074,0,60.096157074,60.096157074,1
140,604,8,0.001,0,0.25,0.7,58.4134635925,0,58.4134635925,58.4134635925,59.8557701111,0,59.8557701111,59.8557701111,1
141,784,16,0.001,0,0.25,0.7,58.4134635925,0,58.4134635925,58.4134635925,59.7355766296,0,59.7355766296,59.7355766296,1
142,889,16,0.0001,0.01,0.25,0.7,58.4134635925,0,58.4134635925,58.4134635925,59.2548065186,0,59.2548065186,59.2548065186,1
143,286,2,0.001,0.01,0.25,0.1,58.2932701111,0,58.2932701111,58.2932701111,60.9375,0,60.9375,60.9375,1
144,287,2,0.001,0.01,0.25,0.3,58.2932701111,0,58.2932701111,58.2932701111,60.9375,0,60.9375,60.9375,1
145,318,2,0.0001,0.0001,0.25,0.5,58.2932701111,0,58.2932701111,58.2932701111,57.5721206665,0,57.5721206665,57.5721206665,1
146,319,2,0.0001,0.0001,0.25,0.7,58.2932701111,0,58.2932701111,58.2932701111,56.8509635925,0,56.8509635925,56.8509635925,1
147,334,2,0.0001,0.001,0.25,0.7,58.2932701111,0,58.2932701111,58.2932701111,57.5721206665,0,57.5721206665,57.5721206665,1
148,430,4,0.001,0,0.5,0.9,58.2932701111,0,58.2932701111,58.2932701111,59.9759635925,0,59.9759635925,59.9759635925,1
149,473,4,0.001,0.01,0.5,0.5,58.2932701111,0,58.2932701111,58.2932701111,60.096157074,0,60.096157074,60.096157074,1
150,890,16,0.0001,0.01,0.25,0.9,58.2932701111,0,58.2932701111,58.2932701111,60.3365402222,0,60.3365402222,60.3365402222,1
151,441,4,0.001,0.0001,0.5,0.1,58.1730766296,0,58.1730766296,58.1730766296,59.9759635925,0,59.9759635925,59.9759635925,1
152,442,4,0.001,0.0001,0.5,0.3,58.1730766296,0,58.1730766296,58.1730766296,59.9759635925,0,59.9759635925,59.9759635925,1
153,443,4,0.001,0.0001,0.5,0.5,58.1730766296,0,58.1730766296,58.1730766296,59.9759635925,0,59.9759635925,59.9759635925,1
154,444,4,0.001,0.0001,0.5,0.7,58.1730766296,0,58.1730766296,58.1730766296,59.9759635925,0,59.9759635925,59.9759635925,1
155,602,8,0.001,0,0.25,0.3,58.1730766296,0,58.1730766296,58.1730766296,59.7355766296,0,59.7355766296,59.7355766296,1
156,859,16,0.0001,0.0001,0.25,0.7,58.1730766296,0,58.1730766296,58.1730766296,60.4567337036,0,60.4567337036,60.4567337036,1
157,888,16,0.0001,0.01,0.25,0.5,58.1730766296,0,58.1730766296,58.1730766296,58.7740402222,0,58.7740402222,58.7740402222,1
158,290,2,0.001,0.01,0.25,0.9,58.0528869629,0,58.0528869629,58.0528869629,60.096157074,0,60.096157074,60.096157074,1
159,429,4,0.001,0,0.5,0.7,58.0528869629,0,58.0528869629,58.0528869629,59.8557701111,0,59.8557701111,59.8557701111,1
160,860,16,0.0001,0.0001,0.25,0.9,58.0528869629,0,58.0528869629,58.0528869629,59.6153869629,0,59.6153869629,59.6153869629,1
161,874,16,0.0001,0.001,0.25,0.7,58.0528869629,0,58.0528869629,58.0528869629,59.1346206665,0,59.1346206665,59.1346206665,1
162,274,2,0.001,0.001,0.25,0.7,57.9326934814,0,57.9326934814,57.9326934814,59.9759635925,0,59.9759635925,59.9759635925,1
163,275,2,0.001,0.001,0.25,0.9,57.9326934814,0,57.9326934814,57.9326934814,60.096157074,0,60.096157074,60.096157074,1
164,289,2,0.001,0.01,0.25,0.7,57.9326934814,0,57.9326934814,57.9326934814,60.096157074,0,60.096157074,60.096157074,1
165,426,4,0.001,0,0.5,0.1,57.9326934814,0,57.9326934814,57.9326934814,59.8557701111,0,59.8557701111,59.8557701111,1
166,427,4,0.001,0,0.5,0.3,57.9326934814,0,57.9326934814,57.9326934814,59.8557701111,0,59.8557701111,59.8557701111,1
167,428,4,0.001,0,0.5,0.5,57.9326934814,0,57.9326934814,57.9326934814,59.8557701111,0,59.8557701111,59.8557701111,1
168,858,16,0.0001,0.0001,0.25,0.5,57.9326934814,0,57.9326934814,57.9326934814,59.2548065186,0,59.2548065186,59.2548065186,1
169,873,16,0.0001,0.001,0.25,0.5,57.9326934814,0,57.9326934814,57.9326934814,59.1346206665,0,59.1346206665,59.1346206665,1
170,875,16,0.0001,0.001,0.25,0.9,57.8125,0,57.8125,57.8125,58.7740402222,0,58.7740402222,58.7740402222,1
171,887,16,0.0001,0.01,0.25,0.3,57.8125,0,57.8125,57.8125,58.7740402222,0,58.7740402222,58.7740402222,1
172,260,2,0.001,0.0001,0.25,0.9,57.6923065186,0,57.6923065186,57.6923065186,60.096157074,0,60.096157074,60.096157074,1
173,273,2,0.001,0.001,0.25,0.5,57.6923065186,0,57.6923065186,57.6923065186,59.7355766296,0,59.7355766296,59.7355766296,1
174,288,2,0.001,0.01,0.25,0.5,57.6923065186,0,57.6923065186,57.6923065186,59.8557701111,0,59.8557701111,59.8557701111,1
175,605,8,0.001,0,0.25,0.9,57.6923065186,0,57.6923065186,57.6923065186,58.2932701111,0,58.2932701111,58.2932701111,1
176,871,16,0.0001,0.001,0.25,0.1,57.6923065186,0,57.6923065186,57.6923065186,59.8557701111,0,59.8557701111,59.8557701111,1
177,872,16,0.0001,0.001,0.25,0.3,57.6923065186,0,57.6923065186,57.6923065186,58.8942337036,0,58.8942337036,58.8942337036,1
178,886,16,0.0001,0.01,0.25,0.1,57.6923065186,0,57.6923065186,57.6923065186,58.8942337036,0,58.8942337036,58.8942337036,1
179,242,2,0.001,0,0.25,0.3,57.5721206665,0,57.5721206665,57.5721206665,60.096157074,0,60.096157074,60.096157074,1
180,257,2,0.001,0.0001,0.25,0.3,57.5721206665,0,57.5721206665,57.5721206665,59.7355766296,0,59.7355766296,59.7355766296,1
181,259,2,0.001,0.0001,0.25,0.7,57.5721206665,0,57.5721206665,57.5721206665,59.9759635925,0,59.9759635925,59.9759635925,1
182,271,2,0.001,0.001,0.25,0.1,57.5721206665,0,57.5721206665,57.5721206665,59.7355766296,0,59.7355766296,59.7355766296,1
183,272,2,0.001,0.001,0.25,0.3,57.5721206665,0,57.5721206665,57.5721206665,59.7355766296,0,59.7355766296,59.7355766296,1
184,603,8,0.001,0,0.25,0.5,57.5721206665,0,57.5721206665,57.5721206665,59.1346206665,0,59.1346206665,59.1346206665,1
185,845,16,0.0001,0,0.25,0.9,57.5721206665,0,57.5721206665,57.5721206665,59.0144271851,0,59.0144271851,59.0144271851,1
186,856,16,0.0001,0.0001,0.25,0.1,57.5721206665,0,57.5721206665,57.5721206665,58.7740402222,0,58.7740402222,58.7740402222,1
187,857,16,0.0001,0.0001,0.25,0.3,57.5721206665,0,57.5721206665,57.5721206665,58.6538505554,0,58.6538505554,58.6538505554,1
188,241,2,0.001,0,0.25,0.1,57.4519271851,0,57.4519271851,57.4519271851,60.096157074,0,60.096157074,60.096157074,1
189,244,2,0.001,0,0.25,0.7,57.4519271851,0,57.4519271851,57.4519271851,60.096157074,0,60.096157074,60.096157074,1
190,245,2,0.001,0,0.25,0.9,57.4519271851,0,57.4519271851,57.4519271851,59.8557701111,0,59.8557701111,59.8557701111,1
191,256,2,0.001,0.0001,0.25,0.1,57.4519271851,0,57.4519271851,57.4519271851,59.7355766296,0,59.7355766296,59.7355766296,1
192,258,2,0.001,0.0001,0.25,0.5,57.4519271851,0,57.4519271851,57.4519271851,59.8557701111,0,59.8557701111,59.8557701111,1
193,842,16,0.0001,0,0.25,0.3,57.4519271851,0,57.4519271851,57.4519271851,59.375,0,59.375,59.375,1
194,243,2,0.001,0,0.25,0.5,57.3317337036,0,57.3317337036,57.3317337036,60.096157074,0,60.096157074,60.096157074,1
195,535,4,0.0001,0.01,0.5,0.9,57.3317337036,0,57.3317337036,57.3317337036,55.8894271851,0,55.8894271851,55.8894271851,1
196,781,16,0.001,0,0.25,0.1,57.3317337036,0,57.3317337036,57.3317337036,60.096157074,0,60.096157074,60.096157074,1
197,782,16,0.001,0,0.25,0.3,57.3317337036,0,57.3317337036,57.3317337036,59.8557701111,0,59.8557701111,59.8557701111,1
198,783,16,0.001,0,0.25,0.5,57.3317337036,0,57.3317337036,57.3317337036,59.8557701111,0,59.8557701111,59.8557701111,1
199,640,8,0.001,0.001,0.5,0.9,57.2115402222,0,57.2115402222,57.2115402222,59.8557701111,0,59.8557701111,59.8557701111,1
200,655,8,0.001,0.01,0.5,0.9,57.2115402222,0,57.2115402222,57.2115402222,59.7355766296,0,59.7355766296,59.7355766296,1
201,844,16,0.0001,0,0.25,0.7,57.2115402222,0,57.2115402222,57.2115402222,59.6153869629,0,59.6153869629,59.6153869629,1
202,843,16,0.0001,0,0.25,0.5,57.0913505554,0,57.0913505554,57.0913505554,59.0144271851,0,59.0144271851,59.0144271851,1
203,490,4,0.0001,0,0.5,0.9,56.971157074,0,56.971157074,56.971157074,55.8894271851,0,55.8894271851,55.8894271851,1
204,505,4,0.0001,0.0001,0.5,0.9,56.971157074,0,56.971157074,56.971157074,56.25,0,56.25,56.25,1
205,517,4,0.0001,0.001,0.5,0.3,56.971157074,0,56.971157074,56.971157074,56.1298065186,0,56.1298065186,56.1298065186,1
206,520,4,0.0001,0.001,0.5,0.9,56.971157074,0,56.971157074,56.971157074,56.6105766296,0,56.6105766296,56.6105766296,1
207,610,8,0.001,0,0.5,0.9,56.971157074,0,56.971157074,56.971157074,59.2548065186,0,59.2548065186,59.2548065186,1
208,841,16,0.0001,0,0.25,0.1,56.971157074,0,56.971157074,56.971157074,58.7740402222,0,58.7740402222,58.7740402222,1
209,518,4,0.0001,0.001,0.5,0.5,56.8509635925,0,56.8509635925,56.8509635925,56.4903869629,0,56.4903869629,56.4903869629,1
210,533,4,0.0001,0.01,0.5,0.5,56.8509635925,0,56.8509635925,56.8509635925,55.2884635925,0,55.2884635925,55.2884635925,1
211,488,4,0.0001,0,0.5,0.5,56.7307701111,0,56.7307701111,56.7307701111,55.7692337036,0,55.7692337036,55.7692337036,1
212,502,4,0.0001,0.0001,0.5,0.3,56.7307701111,0,56.7307701111,56.7307701111,55.5288505554,0,55.5288505554,55.5288505554,1
213,503,4,0.0001,0.0001,0.5,0.5,56.7307701111,0,56.7307701111,56.7307701111,55.7692337036,0,55.7692337036,55.7692337036,1
214,516,4,0.0001,0.001,0.5,0.1,56.7307701111,0,56.7307701111,56.7307701111,55.1682701111,0,55.1682701111,55.1682701111,1
215,519,4,0.0001,0.001,0.5,0.7,56.7307701111,0,56.7307701111,56.7307701111,55.7692337036,0,55.7692337036,55.7692337036,1
216,623,8,0.001,0.0001,0.5,0.5,56.7307701111,0,56.7307701111,56.7307701111,59.9759635925,0,59.9759635925,59.9759635925,1
217,700,8,0.0001,0.001,0.5,0.9,56.7307701111,0,56.7307701111,56.7307701111,56.971157074,0,56.971157074,56.971157074,1
218,501,4,0.0001,0.0001,0.5,0.1,56.6105766296,0,56.6105766296,56.6105766296,56.25,0,56.25,56.25,1
219,504,4,0.0001,0.0001,0.5,0.7,56.6105766296,0,56.6105766296,56.6105766296,56.6105766296,0,56.6105766296,56.6105766296,1
220,532,4,0.0001,0.01,0.5,0.3,56.6105766296,0,56.6105766296,56.6105766296,56.25,0,56.25,56.25,1
221,534,4,0.0001,0.01,0.5,0.7,56.6105766296,0,56.6105766296,56.6105766296,55.7692337036,0,55.7692337036,55.7692337036,1
222,621,8,0.001,0.0001,0.5,0.1,56.6105766296,0,56.6105766296,56.6105766296,59.6153869629,0,59.6153869629,59.6153869629,1
223,622,8,0.001,0.0001,0.5,0.3,56.6105766296,0,56.6105766296,56.6105766296,59.6153869629,0,59.6153869629,59.6153869629,1
224,624,8,0.001,0.0001,0.5,0.7,56.6105766296,0,56.6105766296,56.6105766296,59.9759635925,0,59.9759635925,59.9759635925,1
225,637,8,0.001,0.001,0.5,0.3,56.6105766296,0,56.6105766296,56.6105766296,59.7355766296,0,59.7355766296,59.7355766296,1
226,638,8,0.001,0.001,0.5,0.5,56.6105766296,0,56.6105766296,56.6105766296,59.8557701111,0,59.8557701111,59.8557701111,1
227,639,8,0.001,0.001,0.5,0.7,56.6105766296,0,56.6105766296,56.6105766296,59.9759635925,0,59.9759635925,59.9759635925,1
228,651,8,0.001,0.01,0.5,0.1,56.6105766296,0,56.6105766296,56.6105766296,59.7355766296,0,59.7355766296,59.7355766296,1
229,652,8,0.001,0.01,0.5,0.3,56.6105766296,0,56.6105766296,56.6105766296,59.7355766296,0,59.7355766296,59.7355766296,1
230,531,4,0.0001,0.01,0.5,0.1,56.4903869629,0,56.4903869629,56.4903869629,56.0096206665,0,56.0096206665,56.0096206665,1
231,636,8,0.001,0.001,0.5,0.1,56.4903869629,0,56.4903869629,56.4903869629,59.6153869629,0,59.6153869629,59.6153869629,1
232,654,8,0.001,0.01,0.5,0.7,56.4903869629,0,56.4903869629,56.4903869629,59.9759635925,0,59.9759635925,59.9759635925,1
233,715,8,0.0001,0.01,0.5,0.9,56.4903869629,0,56.4903869629,56.4903869629,56.4903869629,0,56.4903869629,56.4903869629,1
234,487,4,0.0001,0,0.5,0.3,56.3701934814,0,56.3701934814,56.3701934814,55.6490402222,0,55.6490402222,55.6490402222,1
235,625,8,0.001,0.0001,0.5,0.9,56.3701934814,0,56.3701934814,56.3701934814,59.4951934814,0,59.4951934814,59.4951934814,1
236,667,8,0.0001,0,0.5,0.3,56.3701934814,0,56.3701934814,56.3701934814,56.6105766296,0,56.6105766296,56.6105766296,1
237,698,8,0.0001,0.001,0.5,0.5,56.3701934814,0,56.3701934814,56.3701934814,56.1298065186,0,56.1298065186,56.1298065186,1
238,714,8,0.0001,0.01,0.5,0.7,56.3701934814,0,56.3701934814,56.3701934814,56.1298065186,0,56.1298065186,56.1298065186,1
239,486,4,0.0001,0,0.5,0.1,56.25,0,56.25,56.25,56.25,0,56.25,56.25,1
240,489,4,0.0001,0,0.5,0.7,56.25,0,56.25,56.25,56.1298065186,0,56.1298065186,56.1298065186,1
241,653,8,0.001,0.01,0.5,0.5,56.25,0,56.25,56.25,59.6153869629,0,59.6153869629,59.6153869629,1
242,668,8,0.0001,0,0.5,0.5,56.25,0,56.25,56.25,56.25,0,56.25,56.25,1
243,697,8,0.0001,0.001,0.5,0.3,56.25,0,56.25,56.25,56.0096206665,0,56.0096206665,56.0096206665,1
244,699,8,0.0001,0.001,0.5,0.7,56.25,0,56.25,56.25,56.1298065186,0,56.1298065186,56.1298065186,1
245,355,2,0.0001,0.01,0.5,0.9,56.1298065186,0,56.1298065186,56.1298065186,55.1682701111,0,55.1682701111,55.1682701111,1
246,607,8,0.001,0,0.5,0.3,56.1298065186,0,56.1298065186,56.1298065186,60.2163505554,0,60.2163505554,60.2163505554,1
247,608,8,0.001,0,0.5,0.5,56.1298065186,0,56.1298065186,56.1298065186,60.2163505554,0,60.2163505554,60.2163505554,1
248,666,8,0.0001,0,0.5,0.1,56.1298065186,0,56.1298065186,56.1298065186,56.4903869629,0,56.4903869629,56.4903869629,1
249,684,8,0.0001,0.0001,0.5,0.7,56.1298065186,0,56.1298065186,56.1298065186,56.0096206665,0,56.0096206665,56.0096206665,1
250,685,8,0.0001,0.0001,0.5,0.9,56.1298065186,0,56.1298065186,56.1298065186,56.7307701111,0,56.7307701111,56.7307701111,1
251,712,8,0.0001,0.01,0.5,0.3,56.1298065186,0,56.1298065186,56.1298065186,56.1298065186,0,56.1298065186,56.1298065186,1
252,713,8,0.0001,0.01,0.5,0.5,56.1298065186,0,56.1298065186,56.1298065186,56.3701934814,0,56.3701934814,56.3701934814,1
253,322,2,0.0001,0.0001,0.5,0.3,56.0096206665,0,56.0096206665,56.0096206665,55.2884635925,0,55.2884635925,55.2884635925,1
254,340,2,0.0001,0.001,0.5,0.9,56.0096206665,0,56.0096206665,56.0096206665,54.9278869629,0,54.9278869629,54.9278869629,1
255,542,8,0.01,0,0.25,0.3,56.0096206665,0,56.0096206665,56.0096206665,56.6105766296,0,56.6105766296,56.6105766296,1
256,606,8,0.001,0,0.5,0.1,56.0096206665,0,56.0096206665,56.0096206665,60.2163505554,0,60.2163505554,60.2163505554,1
257,669,8,0.0001,0,0.5,0.7,56.0096206665,0,56.0096206665,56.0096206665,56.4903869629,0,56.4903869629,56.4903869629,1
258,681,8,0.0001,0.0001,0.5,0.1,56.0096206665,0,56.0096206665,56.0096206665,56.25,0,56.25,56.25,1
259,682,8,0.0001,0.0001,0.5,0.3,56.0096206665,0,56.0096206665,56.0096206665,56.1298065186,0,56.1298065186,56.1298065186,1
260,696,8,0.0001,0.001,0.5,0.1,56.0096206665,0,56.0096206665,56.0096206665,56.25,0,56.25,56.25,1
261,711,8,0.0001,0.01,0.5,0.1,56.0096206665,0,56.0096206665,56.0096206665,56.1298065186,0,56.1298065186,56.1298065186,1
262,306,2,0.0001,0,0.5,0.1,55.8894271851,0,55.8894271851,55.8894271851,55.408657074,0,55.408657074,55.408657074,1
263,325,2,0.0001,0.0001,0.5,0.9,55.8894271851,0,55.8894271851,55.8894271851,55.5288505554,0,55.5288505554,55.5288505554,1
264,541,8,0.01,0,0.25,0.1,55.8894271851,0,55.8894271851,55.8894271851,56.3701934814,0,56.3701934814,56.3701934814,1
265,543,8,0.01,0,0.25,0.5,55.8894271851,0,55.8894271851,55.8894271851,56.6105766296,0,56.6105766296,56.6105766296,1
266,544,8,0.01,0,0.25,0.7,55.8894271851,0,55.8894271851,55.8894271851,56.6105766296,0,56.6105766296,56.6105766296,1
267,545,8,0.01,0,0.25,0.9,55.8894271851,0,55.8894271851,55.8894271851,56.6105766296,0,56.6105766296,56.6105766296,1
268,571,8,0.01,0.001,0.25,0.1,55.8894271851,0,55.8894271851,55.8894271851,55.7692337036,0,55.7692337036,55.7692337036,1
269,586,8,0.01,0.01,0.25,0.1,55.8894271851,0,55.8894271851,55.8894271851,56.0096206665,0,56.0096206665,56.0096206665,1
270,587,8,0.01,0.01,0.25,0.3,55.8894271851,0,55.8894271851,55.8894271851,56.25,0,56.25,56.25,1
271,609,8,0.001,0,0.5,0.7,55.8894271851,0,55.8894271851,55.8894271851,60.096157074,0,60.096157074,60.096157074,1
272,307,2,0.0001,0,0.5,0.3,55.7692337036,0,55.7692337036,55.7692337036,55.7692337036,0,55.7692337036,55.7692337036,1
273,323,2,0.0001,0.0001,0.5,0.5,55.7692337036,0,55.7692337036,55.7692337036,55.2884635925,0,55.2884635925,55.2884635925,1
274,324,2,0.0001,0.0001,0.5,0.7,55.7692337036,0,55.7692337036,55.7692337036,54.4471130371,0,54.4471130371,54.4471130371,1
275,339,2,0.0001,0.001,0.5,0.7,55.7692337036,0,55.7692337036,55.7692337036,55.1682701111,0,55.1682701111,55.1682701111,1
276,572,8,0.01,0.001,0.25,0.3,55.7692337036,0,55.7692337036,55.7692337036,55.8894271851,0,55.8894271851,55.8894271851,1
277,670,8,0.0001,0,0.5,0.9,55.7692337036,0,55.7692337036,55.7692337036,56.8509635925,0,56.8509635925,56.8509635925,1
278,683,8,0.0001,0.0001,0.5,0.5,55.7692337036,0,55.7692337036,55.7692337036,56.0096206665,0,56.0096206665,56.0096206665,1
279,308,2,0.0001,0,0.5,0.5,55.6490402222,0,55.6490402222,55.6490402222,55.8894271851,0,55.8894271851,55.8894271851,1
280,309,2,0.0001,0,0.5,0.7,55.6490402222,0,55.6490402222,55.6490402222,55.408657074,0,55.408657074,55.408657074,1
281,310,2,0.0001,0,0.5,0.9,55.6490402222,0,55.6490402222,55.6490402222,55.408657074,0,55.408657074,55.408657074,1
282,321,2,0.0001,0.0001,0.5,0.1,55.6490402222,0,55.6490402222,55.6490402222,55.1682701111,0,55.1682701111,55.1682701111,1
283,336,2,0.0001,0.001,0.5,0.1,55.6490402222,0,55.6490402222,55.6490402222,55.2884635925,0,55.2884635925,55.2884635925,1
284,337,2,0.0001,0.001,0.5,0.3,55.6490402222,0,55.6490402222,55.6490402222,54.9278869629,0,54.9278869629,54.9278869629,1
285,338,2,0.0001,0.001,0.5,0.5,55.6490402222,0,55.6490402222,55.6490402222,55.5288505554,0,55.5288505554,55.5288505554,1
286,556,8,0.01,0.0001,0.25,0.1,55.6490402222,0,55.6490402222,55.6490402222,55.5288505554,0,55.5288505554,55.5288505554,1
287,557,8,0.01,0.0001,0.25,0.3,55.6490402222,0,55.6490402222,55.6490402222,55.7692337036,0,55.7692337036,55.7692337036,1
288,573,8,0.01,0.001,0.25,0.5,55.6490402222,0,55.6490402222,55.6490402222,55.8894271851,0,55.8894271851,55.8894271851,1
289,574,8,0.01,0.001,0.25,0.7,55.6490402222,0,55.6490402222,55.6490402222,55.8894271851,0,55.8894271851,55.8894271851,1
290,575,8,0.01,0.001,0.25,0.9,55.6490402222,0,55.6490402222,55.6490402222,55.7692337036,0,55.7692337036,55.7692337036,1
291,588,8,0.01,0.01,0.25,0.5,55.6490402222,0,55.6490402222,55.6490402222,56.1298065186,0,56.1298065186,56.1298065186,1
292,589,8,0.01,0.01,0.25,0.7,55.6490402222,0,55.6490402222,55.6490402222,56.1298065186,0,56.1298065186,56.1298065186,1
293,590,8,0.01,0.01,0.25,0.9,55.6490402222,0,55.6490402222,55.6490402222,56.0096206665,0,56.0096206665,56.0096206665,1
294,351,2,0.0001,0.01,0.5,0.1,55.5288505554,0,55.5288505554,55.5288505554,54.6875,0,54.6875,54.6875,1
295,353,2,0.0001,0.01,0.5,0.5,55.5288505554,0,55.5288505554,55.5288505554,55.2884635925,0,55.2884635925,55.2884635925,1
296,354,2,0.0001,0.01,0.5,0.7,55.5288505554,0,55.5288505554,55.5288505554,54.6875,0,54.6875,54.6875,1
297,558,8,0.01,0.0001,0.25,0.5,55.5288505554,0,55.5288505554,55.5288505554,55.7692337036,0,55.7692337036,55.7692337036,1
298,560,8,0.01,0.0001,0.25,0.9,55.5288505554,0,55.5288505554,55.5288505554,55.7692337036,0,55.7692337036,55.7692337036,1
299,352,2,0.0001,0.01,0.5,0.3,55.408657074,0,55.408657074,55.408657074,55.408657074,0,55.408657074,55.408657074,1
300,379,4,0.01,0.0001,0.25,0.7,55.408657074,0,55.408657074,55.408657074,57.6923065186,0,57.6923065186,57.6923065186,1
301,407,4,0.01,0.01,0.25,0.3,55.408657074,0,55.408657074,55.408657074,57.5721206665,0,57.5721206665,57.5721206665,1
302,408,4,0.01,0.01,0.25,0.5,55.408657074,0,55.408657074,55.408657074,57.5721206665,0,57.5721206665,57.5721206665,1
303,409,4,0.01,0.01,0.25,0.7,55.408657074,0,55.408657074,55.408657074,57.5721206665,0,57.5721206665,57.5721206665,1
304,559,8,0.01,0.0001,0.25,0.7,55.408657074,0,55.408657074,55.408657074,55.7692337036,0,55.7692337036,55.7692337036,1
305,378,4,0.01,0.0001,0.25,0.5,55.2884635925,0,55.2884635925,55.2884635925,57.6923065186,0,57.6923065186,57.6923065186,1
306,380,4,0.01,0.0001,0.25,0.9,55.2884635925,0,55.2884635925,55.2884635925,57.4519271851,0,57.4519271851,57.4519271851,1
307,392,4,0.01,0.001,0.25,0.3,55.2884635925,0,55.2884635925,55.2884635925,57.5721206665,0,57.5721206665,57.5721206665,1
308,393,4,0.01,0.001,0.25,0.5,55.2884635925,0,55.2884635925,55.2884635925,57.5721206665,0,57.5721206665,57.5721206665,1
309,394,4,0.01,0.001,0.25,0.7,55.2884635925,0,55.2884635925,55.2884635925,57.6923065186,0,57.6923065186,57.6923065186,1
310,410,4,0.01,0.01,0.25,0.9,55.2884635925,0,55.2884635925,55.2884635925,57.4519271851,0,57.4519271851,57.4519271851,1
311,395,4,0.01,0.001,0.25,0.9,55.1682701111,0,55.1682701111,55.1682701111,57.4519271851,0,57.4519271851,57.4519271851,1
312,406,4,0.01,0.01,0.25,0.1,55.1682701111,0,55.1682701111,55.1682701111,57.5721206665,0,57.5721206665,57.5721206665,1
313,376,4,0.01,0.0001,0.25,0.1,55.0480766296,0,55.0480766296,55.0480766296,57.6923065186,0,57.6923065186,57.6923065186,1
314,377,4,0.01,0.0001,0.25,0.3,55.0480766296,0,55.0480766296,55.0480766296,57.6923065186,0,57.6923065186,57.6923065186,1
315,391,4,0.01,0.001,0.25,0.1,55.0480766296,0,55.0480766296,55.0480766296,57.5721206665,0,57.5721206665,57.5721206665,1
316,977,32,0.001,0.0001,0.25,0.3,54.8076934814,0,54.8076934814,54.8076934814,56.6105766296,0,56.6105766296,56.6105766296,1
317,992,32,0.001,0.001,0.25,0.3,54.8076934814,0,54.8076934814,54.8076934814,56.7307701111,0,56.7307701111,56.7307701111,1
318,1007,32,0.001,0.01,0.25,0.3,54.8076934814,0,54.8076934814,54.8076934814,56.7307701111,0,56.7307701111,56.7307701111,1
319,976,32,0.001,0.0001,0.25,0.1,54.5673065186,0,54.5673065186,54.5673065186,56.7307701111,0,56.7307701111,56.7307701111,1
320,980,32,0.001,0.0001,0.25,0.9,54.4471130371,0,54.4471130371,54.4471130371,57.4519271851,0,57.4519271851,57.4519271851,1
321,995,32,0.001,0.001,0.25,0.9,54.4471130371,0,54.4471130371,54.4471130371,57.5721206665,0,57.5721206665,57.5721206665,1
322,1009,32,0.001,0.01,0.25,0.7,54.4471130371,0,54.4471130371,54.4471130371,56.25,0,56.25,56.25,1
323,1010,32,0.001,0.01,0.25,0.9,54.4471130371,0,54.4471130371,54.4471130371,57.5721206665,0,57.5721206665,57.5721206665,1
324,979,32,0.001,0.0001,0.25,0.7,54.3269271851,0,54.3269271851,54.3269271851,56.1298065186,0,56.1298065186,56.1298065186,1
325,993,32,0.001,0.001,0.25,0.5,54.3269271851,0,54.3269271851,54.3269271851,56.4903869629,0,56.4903869629,56.4903869629,1
326,994,32,0.001,0.001,0.25,0.7,54.3269271851,0,54.3269271851,54.3269271851,56.25,0,56.25,56.25,1
327,1008,32,0.001,0.01,0.25,0.5,54.3269271851,0,54.3269271851,54.3269271851,56.4903869629,0,56.4903869629,56.4903869629,1
328,724,16,0.01,0,0.25,0.7,54.2067337036,0,54.2067337036,54.2067337036,55.8894271851,0,55.8894271851,55.8894271851,1
329,725,16,0.01,0,0.25,0.9,54.2067337036,0,54.2067337036,54.2067337036,55.8894271851,0,55.8894271851,55.8894271851,1
330,978,32,0.001,0.0001,0.25,0.5,54.2067337036,0,54.2067337036,54.2067337036,56.25,0,56.25,56.25,1
331,991,32,0.001,0.001,0.25,0.1,54.2067337036,0,54.2067337036,54.2067337036,56.6105766296,0,56.6105766296,56.6105766296,1
332,1006,32,0.001,0.01,0.25,0.1,54.2067337036,0,54.2067337036,54.2067337036,56.6105766296,0,56.6105766296,56.6105766296,1
333,721,16,0.01,0,0.25,0.1,54.0865402222,0,54.0865402222,54.0865402222,56.0096206665,0,56.0096206665,56.0096206665,1
334,722,16,0.01,0,0.25,0.3,54.0865402222,0,54.0865402222,54.0865402222,55.8894271851,0,55.8894271851,55.8894271851,1
335,723,16,0.01,0,0.25,0.5,54.0865402222,0,54.0865402222,54.0865402222,55.8894271851,0,55.8894271851,55.8894271851,1
336,961,32,0.001,0,0.25,0.1,54.0865402222,0,54.0865402222,54.0865402222,56.0096206665,0,56.0096206665,56.0096206665,1
337,962,32,0.001,0,0.25,0.3,54.0865402222,0,54.0865402222,54.0865402222,56.25,0,56.25,56.25,1
338,964,32,0.001,0,0.25,0.7,53.9663505554,0,53.9663505554,53.9663505554,55.8894271851,0,55.8894271851,55.8894271851,1
339,236,2,0.01,0.01,0.75,0.1,53.6057701111,0,53.6057701111,53.6057701111,54.3269271851,0,54.3269271851,54.3269271851,1
340,237,2,0.01,0.01,0.75,0.3,53.6057701111,0,53.6057701111,53.6057701111,54.3269271851,0,54.3269271851,54.3269271851,1
341,963,32,0.001,0,0.25,0.5,53.6057701111,0,53.6057701111,53.6057701111,56.0096206665,0,56.0096206665,56.0096206665,1
342,965,32,0.001,0,0.25,0.9,53.6057701111,0,53.6057701111,53.6057701111,54.9278869629,0,54.9278869629,54.9278869629,1
343,225,2,0.01,0.001,0.75,0.9,53.4855766296,0,53.4855766296,53.4855766296,53.6057701111,0,53.6057701111,53.6057701111,1
344,281,2,0.001,0.001,0.75,0.1,53.3653869629,0,53.3653869629,53.3653869629,56.25,0,56.25,56.25,1
345,284,2,0.001,0.001,0.75,0.7,53.3653869629,0,53.3653869629,53.3653869629,56.971157074,0,56.971157074,56.971157074,1
346,239,2,0.01,0.01,0.75,0.7,53.2451934814,0,53.2451934814,53.2451934814,54.5673065186,0,54.5673065186,54.5673065186,1
347,266,2,0.001,0.0001,0.75,0.1,53.2451934814,0,53.2451934814,53.2451934814,56.0096206665,0,56.0096206665,56.0096206665,1
348,269,2,0.001,0.0001,0.75,0.7,53.2451934814,0,53.2451934814,53.2451934814,55.7692337036,0,55.7692337036,55.7692337036,1
349,282,2,0.001,0.001,0.75,0.3,53.2451934814,0,53.2451934814,53.2451934814,56.25,0,56.25,56.25,1
350,283,2,0.001,0.001,0.75,0.5,53.2451934814,0,53.2451934814,53.2451934814,56.25,0,56.25,56.25,1
351,299,2,0.001,0.01,0.75,0.7,53.125,0,53.125,53.125,56.4903869629,0,56.4903869629,56.4903869629,1
352,790,16,0.001,0,0.5,0.9,53.125,0,53.125,53.125,55.8894271851,0,55.8894271851,55.8894271851,1
353,267,2,0.001,0.0001,0.75,0.3,53.0048065186,0,53.0048065186,53.0048065186,56.1298065186,0,56.1298065186,56.1298065186,1
354,268,2,0.001,0.0001,0.75,0.5,53.0048065186,0,53.0048065186,53.0048065186,56.1298065186,0,56.1298065186,56.1298065186,1
355,298,2,0.001,0.01,0.75,0.5,53.0048065186,0,53.0048065186,53.0048065186,56.1298065186,0,56.1298065186,56.1298065186,1
356,296,2,0.001,0.01,0.75,0.1,52.8846130371,0,52.8846130371,52.8846130371,56.8509635925,0,56.8509635925,56.8509635925,1
357,300,2,0.001,0.01,0.75,0.9,52.8846130371,0,52.8846130371,52.8846130371,55.8894271851,0,55.8894271851,55.8894271851,1
358,222,2,0.01,0.001,0.75,0.3,52.7644271851,0,52.7644271851,52.7644271851,53.6057701111,0,53.6057701111,53.6057701111,1
359,270,2,0.001,0.0001,0.75,0.9,52.7644271851,0,52.7644271851,52.7644271851,55.2884635925,0,55.2884635925,55.2884635925,1
360,285,2,0.001,0.001,0.75,0.9,52.7644271851,0,52.7644271851,52.7644271851,56.0096206665,0,56.0096206665,56.0096206665,1
361,786,16,0.001,0,0.5,0.1,52.7644271851,0,52.7644271851,52.7644271851,56.0096206665,0,56.0096206665,56.0096206665,1
362,788,16,0.001,0,0.5,0.5,52.7644271851,0,52.7644271851,52.7644271851,55.8894271851,0,55.8894271851,55.8894271851,1
363,803,16,0.001,0.0001,0.5,0.5,52.7644271851,0,52.7644271851,52.7644271851,55.1682701111,0,55.1682701111,55.1682701111,1
364,804,16,0.001,0.0001,0.5,0.7,52.7644271851,0,52.7644271851,52.7644271851,55.0480766296,0,55.0480766296,55.0480766296,1
365,805,16,0.001,0.0001,0.5,0.9,52.7644271851,0,52.7644271851,52.7644271851,55.1682701111,0,55.1682701111,55.1682701111,1
366,818,16,0.001,0.001,0.5,0.5,52.7644271851,0,52.7644271851,52.7644271851,55.1682701111,0,55.1682701111,55.1682701111,1
367,819,16,0.001,0.001,0.5,0.7,52.7644271851,0,52.7644271851,52.7644271851,55.1682701111,0,55.1682701111,55.1682701111,1
368,833,16,0.001,0.01,0.5,0.5,52.7644271851,0,52.7644271851,52.7644271851,55.1682701111,0,55.1682701111,55.1682701111,1
369,834,16,0.001,0.01,0.5,0.7,52.7644271851,0,52.7644271851,52.7644271851,55.1682701111,0,55.1682701111,55.1682701111,1
370,240,2,0.01,0.01,0.75,0.9,52.6442337036,0,52.6442337036,52.6442337036,53.6057701111,0,53.6057701111,53.6057701111,1
371,252,2,0.001,0,0.75,0.3,52.6442337036,0,52.6442337036,52.6442337036,54.5673065186,0,54.5673065186,54.5673065186,1
372,297,2,0.001,0.01,0.75,0.3,52.6442337036,0,52.6442337036,52.6442337036,56.1298065186,0,56.1298065186,56.1298065186,1
373,752,16,0.01,0.001,0.25,0.3,52.6442337036,0,52.6442337036,52.6442337036,56.4903869629,0,56.4903869629,56.4903869629,1
374,755,16,0.01,0.001,0.25,0.9,52.6442337036,0,52.6442337036,52.6442337036,56.6105766296,0,56.6105766296,56.6105766296,1
375,767,16,0.01,0.01,0.25,0.3,52.6442337036,0,52.6442337036,52.6442337036,56.4903869629,0,56.4903869629,56.4903869629,1
376,770,16,0.01,0.01,0.25,0.9,52.6442337036,0,52.6442337036,52.6442337036,56.6105766296,0,56.6105766296,56.6105766296,1
377,787,16,0.001,0,0.5,0.3,52.6442337036,0,52.6442337036,52.6442337036,56.25,0,56.25,56.25,1
378,789,16,0.001,0,0.5,0.7,52.6442337036,0,52.6442337036,52.6442337036,55.8894271851,0,55.8894271851,55.8894271851,1
379,816,16,0.001,0.001,0.5,0.1,52.6442337036,0,52.6442337036,52.6442337036,55.2884635925,0,55.2884635925,55.2884635925,1
380,817,16,0.001,0.001,0.5,0.3,52.6442337036,0,52.6442337036,52.6442337036,55.2884635925,0,55.2884635925,55.2884635925,1
381,831,16,0.001,0.01,0.5,0.1,52.6442337036,0,52.6442337036,52.6442337036,55.2884635925,0,55.2884635925,55.2884635925,1
382,832,16,0.001,0.01,0.5,0.3,52.6442337036,0,52.6442337036,52.6442337036,55.2884635925,0,55.2884635925,55.2884635925,1
383,893,16,0.0001,0.01,0.5,0.5,52.6442337036,0,52.6442337036,52.6442337036,53.4855766296,0,53.4855766296,53.4855766296,1
384,1069,32,0.0001,0.01,0.25,0.7,52.6442337036,0,52.6442337036,52.6442337036,54.3269271851,0,54.3269271851,54.3269271851,1
385,253,2,0.001,0,0.75,0.5,52.5240402222,0,52.5240402222,52.5240402222,54.2067337036,0,54.2067337036,54.2067337036,1
386,751,16,0.01,0.001,0.25,0.1,52.5240402222,0,52.5240402222,52.5240402222,56.4903869629,0,56.4903869629,56.4903869629,1
387,753,16,0.01,0.001,0.25,0.5,52.5240402222,0,52.5240402222,52.5240402222,56.3701934814,0,56.3701934814,56.3701934814,1
388,754,16,0.01,0.001,0.25,0.7,52.5240402222,0,52.5240402222,52.5240402222,56.4903869629,0,56.4903869629,56.4903869629,1
389,766,16,0.01,0.01,0.25,0.1,52.5240402222,0,52.5240402222,52.5240402222,56.4903869629,0,56.4903869629,56.4903869629,1
390,768,16,0.01,0.01,0.25,0.5,52.5240402222,0,52.5240402222,52.5240402222,56.3701934814,0,56.3701934814,56.3701934814,1
391,769,16,0.01,0.01,0.25,0.7,52.5240402222,0,52.5240402222,52.5240402222,56.4903869629,0,56.4903869629,56.4903869629,1
392,801,16,0.001,0.0001,0.5,0.1,52.5240402222,0,52.5240402222,52.5240402222,55.1682701111,0,55.1682701111,55.1682701111,1
393,802,16,0.001,0.0001,0.5,0.3,52.5240402222,0,52.5240402222,52.5240402222,55.1682701111,0,55.1682701111,55.1682701111,1
394,1039,32,0.0001,0.0001,0.25,0.7,52.5240402222,0,52.5240402222,52.5240402222,54.3269271851,0,54.3269271851,54.3269271851,1
395,251,2,0.001,0,0.75,0.1,52.4038505554,0,52.4038505554,52.4038505554,54.5673065186,0,54.5673065186,54.5673065186,1
396,254,2,0.001,0,0.75,0.7,52.4038505554,0,52.4038505554,52.4038505554,54.8076934814,0,54.8076934814,54.8076934814,1
397,737,16,0.01,0.0001,0.25,0.3,52.4038505554,0,52.4038505554,52.4038505554,56.4903869629,0,56.4903869629,56.4903869629,1
398,740,16,0.01,0.0001,0.25,0.9,52.4038505554,0,52.4038505554,52.4038505554,56.7307701111,0,56.7307701111,56.7307701111,1
399,1040,32,0.0001,0.0001,0.25,0.9,52.4038505554,0,52.4038505554,52.4038505554,54.2067337036,0,54.2067337036,54.2067337036,1
400,1055,32,0.0001,0.001,0.25,0.9,52.4038505554,0,52.4038505554,52.4038505554,54.4471130371,0,54.4471130371,54.4471130371,1
401,255,2,0.001,0,0.75,0.9,52.283657074,0,52.283657074,52.283657074,54.5673065186,0,54.5673065186,54.5673065186,1
402,736,16,0.01,0.0001,0.25,0.1,52.283657074,0,52.283657074,52.283657074,56.4903869629,0,56.4903869629,56.4903869629,1
403,738,16,0.01,0.0001,0.25,0.5,52.283657074,0,52.283657074,52.283657074,56.3701934814,0,56.3701934814,56.3701934814,1
404,739,16,0.01,0.0001,0.25,0.7,52.283657074,0,52.283657074,52.283657074,56.4903869629,0,56.4903869629,56.4903869629,1
405,880,16,0.0001,0.001,0.5,0.9,52.283657074,0,52.283657074,52.283657074,53.846157074,0,53.846157074,53.846157074,1
406,1023,32,0.0001,0,0.25,0.5,52.283657074,0,52.283657074,52.283657074,53.6057701111,0,53.6057701111,53.6057701111,1
407,1070,32,0.0001,0.01,0.25,0.9,52.283657074,0,52.283657074,52.283657074,53.9663505554,0,53.9663505554,53.9663505554,1
408,224,2,0.01,0.001,0.75,0.7,52.1634635925,0,52.1634635925,52.1634635925,55.1682701111,0,55.1682701111,55.1682701111,1
409,772,16,0.01,0.01,0.5,0.3,52.1634635925,0,52.1634635925,52.1634635925,53.846157074,0,53.846157074,53.846157074,1
410,773,16,0.01,0.01,0.5,0.5,52.1634635925,0,52.1634635925,52.1634635925,53.9663505554,0,53.9663505554,53.9663505554,1
411,774,16,0.01,0.01,0.5,0.7,52.1634635925,0,52.1634635925,52.1634635925,54.0865402222,0,54.0865402222,54.0865402222,1
412,849,16,0.0001,0,0.5,0.7,52.1634635925,0,52.1634635925,52.1634635925,54.0865402222,0,54.0865402222,54.0865402222,1
413,865,16,0.0001,0.0001,0.5,0.9,52.1634635925,0,52.1634635925,52.1634635925,53.9663505554,0,53.9663505554,53.9663505554,1
414,1054,32,0.0001,0.001,0.25,0.7,52.1634635925,0,52.1634635925,52.1634635925,54.0865402222,0,54.0865402222,54.0865402222,1
415,757,16,0.01,0.001,0.5,0.3,52.0432701111,0,52.0432701111,52.0432701111,53.846157074,0,53.846157074,53.846157074,1
416,758,16,0.01,0.001,0.5,0.5,52.0432701111,0,52.0432701111,52.0432701111,53.9663505554,0,53.9663505554,53.9663505554,1
417,759,16,0.01,0.001,0.5,0.7,52.0432701111,0,52.0432701111,52.0432701111,54.0865402222,0,54.0865402222,54.0865402222,1
418,771,16,0.01,0.01,0.5,0.1,52.0432701111,0,52.0432701111,52.0432701111,53.7259635925,0,53.7259635925,53.7259635925,1
419,863,16,0.0001,0.0001,0.5,0.5,52.0432701111,0,52.0432701111,52.0432701111,53.6057701111,0,53.6057701111,53.6057701111,1
420,879,16,0.0001,0.001,0.5,0.7,52.0432701111,0,52.0432701111,52.0432701111,53.125,0,53.125,53.125,1
421,894,16,0.0001,0.01,0.5,0.7,52.0432701111,0,52.0432701111,52.0432701111,53.125,0,53.125,53.125,1
422,895,16,0.0001,0.01,0.5,0.9,52.0432701111,0,52.0432701111,52.0432701111,53.7259635925,0,53.7259635925,53.7259635925,1
423,742,16,0.01,0.0001,0.5,0.3,51.9230766296,0,51.9230766296,51.9230766296,53.846157074,0,53.846157074,53.846157074,1
424,743,16,0.01,0.0001,0.5,0.5,51.9230766296,0,51.9230766296,51.9230766296,53.9663505554,0,53.9663505554,53.9663505554,1
425,744,16,0.01,0.0001,0.5,0.7,51.9230766296,0,51.9230766296,51.9230766296,54.0865402222,0,54.0865402222,54.0865402222,1
426,756,16,0.01,0.001,0.5,0.1,51.9230766296,0,51.9230766296,51.9230766296,53.7259635925,0,53.7259635925,53.7259635925,1
427,775,16,0.01,0.01,0.5,0.9,51.9230766296,0,51.9230766296,51.9230766296,54.6875,0,54.6875,54.6875,1
428,848,16,0.0001,0,0.5,0.5,51.9230766296,0,51.9230766296,51.9230766296,53.846157074,0,53.846157074,53.846157074,1
429,862,16,0.0001,0.0001,0.5,0.3,51.9230766296,0,51.9230766296,51.9230766296,53.3653869629,0,53.3653869629,53.3653869629,1
430,864,16,0.0001,0.0001,0.5,0.7,51.9230766296,0,51.9230766296,51.9230766296,53.4855766296,0,53.4855766296,53.4855766296,1
431,877,16,0.0001,0.001,0.5,0.3,51.9230766296,0,51.9230766296,51.9230766296,53.6057701111,0,53.6057701111,53.6057701111,1
432,892,16,0.0001,0.01,0.5,0.3,51.9230766296,0,51.9230766296,51.9230766296,53.4855766296,0,53.4855766296,53.4855766296,1
433,208,2,0.01,0.0001,0.75,0.5,51.8028869629,0,51.8028869629,51.8028869629,54.0865402222,0,54.0865402222,54.0865402222,1
434,209,2,0.01,0.0001,0.75,0.7,51.8028869629,0,51.8028869629,51.8028869629,54.0865402222,0,54.0865402222,54.0865402222,1
435,210,2,0.01,0.0001,0.75,0.9,51.8028869629,0,51.8028869629,51.8028869629,54.5673065186,0,54.5673065186,54.5673065186,1
436,741,16,0.01,0.0001,0.5,0.1,51.8028869629,0,51.8028869629,51.8028869629,53.7259635925,0,53.7259635925,53.7259635925,1
437,745,16,0.01,0.0001,0.5,0.9,51.8028869629,0,51.8028869629,51.8028869629,54.6875,0,54.6875,54.6875,1
438,760,16,0.01,0.001,0.5,0.9,51.8028869629,0,51.8028869629,51.8028869629,54.6875,0,54.6875,54.6875,1
439,847,16,0.0001,0,0.5,0.3,51.8028869629,0,51.8028869629,51.8028869629,53.9663505554,0,53.9663505554,53.9663505554,1
440,850,16,0.0001,0,0.5,0.9,51.8028869629,0,51.8028869629,51.8028869629,53.7259635925,0,53.7259635925,53.7259635925,1
441,861,16,0.0001,0.0001,0.5,0.1,51.8028869629,0,51.8028869629,51.8028869629,53.7259635925,0,53.7259635925,53.7259635925,1
442,1051,32,0.0001,0.001,0.25,0.1,51.8028869629,0,51.8028869629,51.8028869629,54.4471130371,0,54.4471130371,54.4471130371,1
443,1068,32,0.0001,0.01,0.25,0.5,51.8028869629,0,51.8028869629,51.8028869629,53.4855766296,0,53.4855766296,53.4855766296,1
444,194,2,0.01,0,0.75,0.7,51.6826934814,0,51.6826934814,51.6826934814,50.9615402222,0,50.9615402222,50.9615402222,1
445,820,16,0.001,0.001,0.5,0.9,51.6826934814,0,51.6826934814,51.6826934814,54.2067337036,0,54.2067337036,54.2067337036,1
446,835,16,0.001,0.01,0.5,0.9,51.6826934814,0,51.6826934814,51.6826934814,54.2067337036,0,54.2067337036,54.2067337036,1
447,846,16,0.0001,0,0.5,0.1,51.6826934814,0,51.6826934814,51.6826934814,53.7259635925,0,53.7259635925,53.7259635925,1
448,876,16,0.0001,0.001,0.5,0.1,51.6826934814,0,51.6826934814,51.6826934814,52.5240402222,0,52.5240402222,52.5240402222,1
449,878,16,0.0001,0.001,0.5,0.5,51.6826934814,0,51.6826934814,51.6826934814,53.6057701111,0,53.6057701111,53.6057701111,1
450,891,16,0.0001,0.01,0.5,0.1,51.6826934814,0,51.6826934814,51.6826934814,52.5240402222,0,52.5240402222,52.5240402222,1
451,1022,32,0.0001,0,0.25,0.3,51.6826934814,0,51.6826934814,51.6826934814,53.125,0,53.125,53.125,1
452,1036,32,0.0001,0.0001,0.25,0.1,51.6826934814,0,51.6826934814,51.6826934814,54.3269271851,0,54.3269271851,54.3269271851,1
453,1052,32,0.0001,0.001,0.25,0.3,51.6826934814,0,51.6826934814,51.6826934814,54.6875,0,54.6875,54.6875,1
454,1067,32,0.0001,0.01,0.25,0.3,51.6826934814,0,51.6826934814,51.6826934814,54.4471130371,0,54.4471130371,54.4471130371,1
455,1025,32,0.0001,0,0.25,0.9,51.5625,0,51.5625,51.5625,54.3269271851,0,54.3269271851,54.3269271851,1
456,1066,32,0.0001,0.01,0.25,0.1,51.5625,0,51.5625,51.5625,52.283657074,0,52.283657074,52.283657074,1
457,192,2,0.01,0,0.75,0.3,51.4423065186,0,51.4423065186,51.4423065186,48.0769233704,0,48.0769233704,48.0769233704,1
458,221,2,0.01,0.001,0.75,0.1,51.4423065186,0,51.4423065186,51.4423065186,54.9278869629,0,54.9278869629,54.9278869629,1
459,223,2,0.01,0.001,0.75,0.5,51.4423065186,0,51.4423065186,51.4423065186,54.8076934814,0,54.8076934814,54.8076934814,1
460,238,2,0.01,0.01,0.75,0.5,51.4423065186,0,51.4423065186,51.4423065186,54.3269271851,0,54.3269271851,54.3269271851,1
461,1021,32,0.0001,0,0.25,0.1,51.4423065186,0,51.4423065186,51.4423065186,52.5240402222,0,52.5240402222,52.5240402222,1
462,6,0,0.01,0,0.5,0.1,51.3221130371,0,51.3221130371,51.3221130371,50.2403869629,0,50.2403869629,50.2403869629,1
463,195,2,0.01,0,0.75,0.9,51.3221130371,0,51.3221130371,51.3221130371,53.9663505554,0,53.9663505554,53.9663505554,1
464,1037,32,0.0001,0.0001,0.25,0.3,51.3221130371,0,51.3221130371,51.3221130371,54.6875,0,54.6875,54.6875,1
465,1053,32,0.0001,0.001,0.25,0.5,51.3221130371,0,51.3221130371,51.3221130371,54.9278869629,0,54.9278869629,54.9278869629,1
466,27,0,0.01,0.0001,0.75,0.3,51.2019271851,0,51.2019271851,51.2019271851,49.5192337036,0,49.5192337036,49.5192337036,1
467,191,2,0.01,0,0.75,0.1,51.2019271851,0,51.2019271851,51.2019271851,50.721157074,0,50.721157074,50.721157074,1
468,206,2,0.01,0.0001,0.75,0.1,51.2019271851,0,51.2019271851,51.2019271851,53.846157074,0,53.846157074,53.846157074,1
469,207,2,0.01,0.0001,0.75,0.3,51.2019271851,0,51.2019271851,51.2019271851,53.9663505554,0,53.9663505554,53.9663505554,1
470,561,8,0.01,0.0001,0.5,0.1,51.2019271851,0,51.2019271851,51.2019271851,54.9278869629,0,54.9278869629,54.9278869629,1
471,562,8,0.01,0.0001,0.5,0.3,51.2019271851,0,51.2019271851,51.2019271851,54.9278869629,0,54.9278869629,54.9278869629,1
472,563,8,0.01,0.0001,0.5,0.5,51.2019271851,0,51.2019271851,51.2019271851,55.0480766296,0,55.0480766296,55.0480766296,1
473,564,8,0.01,0.0001,0.5,0.7,51.2019271851,0,51.2019271851,51.2019271851,55.2884635925,0,55.2884635925,55.2884635925,1
474,1024,32,0.0001,0,0.25,0.7,51.2019271851,0,51.2019271851,51.2019271851,52.8846130371,0,52.8846130371,52.8846130371,1
475,1038,32,0.0001,0.0001,0.25,0.5,51.2019271851,0,51.2019271851,51.2019271851,52.7644271851,0,52.7644271851,52.7644271851,1
476,904,32,0.01,0,0.25,0.7,51.0817337036,0,51.0817337036,51.0817337036,51.5625,0,51.5625,51.5625,1
477,905,32,0.01,0,0.25,0.9,51.0817337036,0,51.0817337036,51.0817337036,51.4423065186,0,51.4423065186,51.4423065186,1
478,730,16,0.01,0,0.5,0.9,50.9615402222,0,50.9615402222,50.9615402222,52.6442337036,0,52.6442337036,52.6442337036,1
479,10,0,0.01,0,0.5,0.9,50.8413505554,0,50.8413505554,50.8413505554,50.8413505554,0,50.8413505554,50.8413505554,1
480,404,4,0.01,0.001,0.75,0.7,50.8413505554,0,50.8413505554,50.8413505554,53.4855766296,0,53.4855766296,53.4855766296,1
481,728,16,0.01,0,0.5,0.5,50.8413505554,0,50.8413505554,50.8413505554,53.7259635925,0,53.7259635925,53.7259635925,1
482,729,16,0.01,0,0.5,0.7,50.8413505554,0,50.8413505554,50.8413505554,53.2451934814,0,53.2451934814,53.2451934814,1
483,935,32,0.01,0.001,0.25,0.9,50.8413505554,0,50.8413505554,50.8413505554,52.8846130371,0,52.8846130371,52.8846130371,1
484,193,2,0.01,0,0.75,0.5,50.721157074,0,50.721157074,50.721157074,48.0769233704,0,48.0769233704,48.0769233704,1
485,386,4,0.01,0.0001,0.75,0.1,50.721157074,0,50.721157074,50.721157074,53.125,0,53.125,53.125,1
486,387,4,0.01,0.0001,0.75,0.3,50.721157074,0,50.721157074,50.721157074,53.0048065186,0,53.0048065186,53.0048065186,1
487,388,4,0.01,0.0001,0.75,0.5,50.721157074,0,50.721157074,50.721157074,53.0048065186,0,53.0048065186,53.0048065186,1
488,389,4,0.01,0.0001,0.75,0.7,50.721157074,0,50.721157074,50.721157074,53.0048065186,0,53.0048065186,53.0048065186,1
489,390,4,0.01,0.0001,0.75,0.9,50.721157074,0,50.721157074,50.721157074,52.8846130371,0,52.8846130371,52.8846130371,1
490,402,4,0.01,0.001,0.75,0.3,50.721157074,0,50.721157074,50.721157074,53.3653869629,0,53.3653869629,53.3653869629,1
491,403,4,0.01,0.001,0.75,0.5,50.721157074,0,50.721157074,50.721157074,53.3653869629,0,53.3653869629,53.3653869629,1
492,903,32,0.01,0,0.25,0.5,50.721157074,0,50.721157074,50.721157074,51.9230766296,0,51.9230766296,51.9230766296,1
493,918,32,0.01,0.0001,0.25,0.5,50.721157074,0,50.721157074,50.721157074,52.283657074,0,52.283657074,52.283657074,1
494,950,32,0.01,0.01,0.25,0.9,50.721157074,0,50.721157074,50.721157074,52.6442337036,0,52.6442337036,52.6442337036,1
495,9,0,0.01,0,0.5,0.7,50.6009635925,0,50.6009635925,50.6009635925,50.4807701111,0,50.4807701111,50.4807701111,1
496,419,4,0.01,0.01,0.75,0.7,50.6009635925,0,50.6009635925,50.6009635925,53.4855766296,0,53.4855766296,53.4855766296,1
497,420,4,0.01,0.01,0.75,0.9,50.6009635925,0,50.6009635925,50.6009635925,53.2451934814,0,53.2451934814,53.2451934814,1
498,26,0,0.01,0.0001,0.75,0.1,50.4807701111,0,50.4807701111,50.4807701111,49.6394233704,0,49.6394233704,49.6394233704,1
499,416,4,0.01,0.01,0.75,0.1,50.4807701111,0,50.4807701111,50.4807701111,53.3653869629,0,53.3653869629,53.3653869629,1
500,417,4,0.01,0.01,0.75,0.3,50.4807701111,0,50.4807701111,50.4807701111,53.3653869629,0,53.3653869629,53.3653869629,1
501,418,4,0.01,0.01,0.75,0.5,50.4807701111,0,50.4807701111,50.4807701111,53.3653869629,0,53.3653869629,53.3653869629,1
502,726,16,0.01,0,0.5,0.1,50.4807701111,0,50.4807701111,50.4807701111,52.283657074,0,52.283657074,52.283657074,1
503,727,16,0.01,0,0.5,0.3,50.4807701111,0,50.4807701111,50.4807701111,52.283657074,0,52.283657074,52.283657074,1
504,28,0,0.01,0.0001,0.75,0.5,50.3605766296,0,50.3605766296,50.3605766296,49.5192337036,0,49.5192337036,49.5192337036,1
505,345,2,0.0001,0.001,0.75,0.9,50.3605766296,0,50.3605766296,50.3605766296,50.8413505554,0,50.8413505554,50.8413505554,1
506,401,4,0.01,0.001,0.75,0.1,50.3605766296,0,50.3605766296,50.3605766296,53.3653869629,0,53.3653869629,53.3653869629,1
507,405,4,0.01,0.001,0.75,0.9,50.3605766296,0,50.3605766296,50.3605766296,53.2451934814,0,53.2451934814,53.2451934814,1
508,917,32,0.01,0.0001,0.25,0.3,50.3605766296,0,50.3605766296,50.3605766296,52.283657074,0,52.283657074,52.283657074,1
509,1096,64,0.01,0.0001,0.25,0.1,50.3605766296,0,50.3605766296,50.3605766296,51.3221130371,0,51.3221130371,51.3221130371,1
510,933,32,0.01,0.001,0.25,0.5,50.2403869629,0,50.2403869629,50.2403869629,52.4038505554,0,52.4038505554,52.4038505554,1
511,1097,64,0.01,0.0001,0.25,0.3,50.2403869629,0,50.2403869629,50.2403869629,51.2019271851,0,51.2019271851,51.2019271851,1
512,1111,64,0.01,0.001,0.25,0.1,50.2403869629,0,50.2403869629,50.2403869629,51.3221130371,0,51.3221130371,51.3221130371,1
513,1126,64,0.01,0.01,0.25,0.1,50.2403869629,0,50.2403869629,50.2403869629,50.8413505554,0,50.8413505554,50.8413505554,1
514,327,2,0.0001,0.0001,0.75,0.3,50.1201934814,0,50.1201934814,50.1201934814,51.3221130371,0,51.3221130371,51.3221130371,1
515,330,2,0.0001,0.0001,0.75,0.9,50.1201934814,0,50.1201934814,50.1201934814,50.9615402222,0,50.9615402222,50.9615402222,1
516,357,2,0.0001,0.01,0.75,0.3,50.1201934814,0,50.1201934814,50.1201934814,51.5625,0,51.5625,51.5625,1
517,360,2,0.0001,0.01,0.75,0.9,50.1201934814,0,50.1201934814,50.1201934814,51.0817337036,0,51.0817337036,51.0817337036,1
518,919,32,0.01,0.0001,0.25,0.7,50.1201934814,0,50.1201934814,50.1201934814,52.4038505554,0,52.4038505554,52.4038505554,1
519,1098,64,0.01,0.0001,0.25,0.5,50.1201934814,0,50.1201934814,50.1201934814,51.2019271851,0,51.2019271851,51.2019271851,1
520,1127,64,0.01,0.01,0.25,0.3,50.1201934814,0,50.1201934814,50.1201934814,50.9615402222,0,50.9615402222,50.9615402222,1
521,342,2,0.0001,0.001,0.75,0.3,50,0,50,50,51.4423065186,0,51.4423065186,51.4423065186,1
522,1112,64,0.01,0.001,0.25,0.3,50,0,50,50,51.2019271851,0,51.2019271851,51.2019271851,1
523,329,2,0.0001,0.0001,0.75,0.7,49.8798103333,0,49.8798103333,49.8798103333,50.3605766296,0,50.3605766296,50.3605766296,1
524,343,2,0.0001,0.001,0.75,0.5,49.8798103333,0,49.8798103333,49.8798103333,51.0817337036,0,51.0817337036,51.0817337036,1
525,344,2,0.0001,0.001,0.75,0.7,49.8798103333,0,49.8798103333,49.8798103333,50.3605766296,0,50.3605766296,50.3605766296,1
526,358,2,0.0001,0.01,0.75,0.5,49.8798103333,0,49.8798103333,49.8798103333,51.5625,0,51.5625,51.5625,1
527,902,32,0.01,0,0.25,0.3,49.8798103333,0,49.8798103333,49.8798103333,50.3605766296,0,50.3605766296,50.3605766296,1
528,931,32,0.01,0.001,0.25,0.1,49.8798103333,0,49.8798103333,49.8798103333,51.9230766296,0,51.9230766296,51.9230766296,1
529,932,32,0.01,0.001,0.25,0.3,49.8798103333,0,49.8798103333,49.8798103333,51.9230766296,0,51.9230766296,51.9230766296,1
530,934,32,0.01,0.001,0.25,0.7,49.8798103333,0,49.8798103333,49.8798103333,52.6442337036,0,52.6442337036,52.6442337036,1
531,946,32,0.01,0.01,0.25,0.1,49.8798103333,0,49.8798103333,49.8798103333,52.0432701111,0,52.0432701111,52.0432701111,1
532,948,32,0.01,0.01,0.25,0.5,49.8798103333,0,49.8798103333,49.8798103333,52.5240402222,0,52.5240402222,52.5240402222,1
533,341,2,0.0001,0.001,0.75,0.1,49.7596168518,0,49.7596168518,49.7596168518,50.4807701111,0,50.4807701111,50.4807701111,1
534,433,4,0.001,0,0.75,0.5,49.7596168518,0,49.7596168518,49.7596168518,53.4855766296,0,53.4855766296,53.4855766296,1
535,476,4,0.001,0.01,0.75,0.1,49.7596168518,0,49.7596168518,49.7596168518,53.9663505554,0,53.9663505554,53.9663505554,1
536,901,32,0.01,0,0.25,0.1,49.7596168518,0,49.7596168518,49.7596168518,50.721157074,0,50.721157074,50.721157074,1
537,7,0,0.01,0,0.5,0.3,49.6394233704,0,49.6394233704,49.6394233704,49.5192337036,0,49.5192337036,49.5192337036,1
538,315,2,0.0001,0,0.75,0.9,49.6394233704,0,49.6394233704,49.6394233704,51.4423065186,0,51.4423065186,51.4423065186,1
539,328,2,0.0001,0.0001,0.75,0.5,49.6394233704,0,49.6394233704,49.6394233704,51.0817337036,0,51.0817337036,51.0817337036,1
540,448,4,0.001,0.0001,0.75,0.5,49.6394233704,0,49.6394233704,49.6394233704,53.846157074,0,53.846157074,53.846157074,1
541,449,4,0.001,0.0001,0.75,0.7,49.6394233704,0,49.6394233704,49.6394233704,54.0865402222,0,54.0865402222,54.0865402222,1
542,461,4,0.001,0.001,0.75,0.1,49.6394233704,0,49.6394233704,49.6394233704,53.846157074,0,53.846157074,53.846157074,1
543,947,32,0.01,0.01,0.25,0.3,49.6394233704,0,49.6394233704,49.6394233704,51.9230766296,0,51.9230766296,51.9230766296,1
544,949,32,0.01,0.01,0.25,0.7,49.6394233704,0,49.6394233704,49.6394233704,52.7644271851,0,52.7644271851,52.7644271851,1
545,970,32,0.001,0,0.5,0.9,49.6394233704,0,49.6394233704,49.6394233704,51.5625,0,51.5625,51.5625,1
546,1113,64,0.01,0.001,0.25,0.5,49.6394233704,0,49.6394233704,49.6394233704,51.2019271851,0,51.2019271851,51.2019271851,1
547,1128,64,0.01,0.01,0.25,0.5,49.6394233704,0,49.6394233704,49.6394233704,50.9615402222,0,50.9615402222,50.9615402222,1
548,8,0,0.01,0,0.5,0.5,49.5192337036,0,49.5192337036,49.5192337036,49.8798103333,0,49.8798103333,49.8798103333,1
549,313,2,0.0001,0,0.75,0.5,49.5192337036,0,49.5192337036,49.5192337036,50.4807701111,0,50.4807701111,50.4807701111,1
550,356,2,0.0001,0.01,0.75,0.1,49.5192337036,0,49.5192337036,49.5192337036,50.721157074,0,50.721157074,50.721157074,1
551,359,2,0.0001,0.01,0.75,0.7,49.5192337036,0,49.5192337036,49.5192337036,50.3605766296,0,50.3605766296,50.3605766296,1
552,361,4,0.01,0,0.25,0.1,49.5192337036,0,49.5192337036,49.5192337036,53.2451934814,0,53.2451934814,53.2451934814,1
553,362,4,0.01,0,0.25,0.3,49.5192337036,0,49.5192337036,49.5192337036,53.2451934814,0,53.2451934814,53.2451934814,1
554,363,4,0.01,0,0.25,0.5,49.5192337036,0,49.5192337036,49.5192337036,53.2451934814,0,53.2451934814,53.2451934814,1
555,364,4,0.01,0,0.25,0.7,49.5192337036,0,49.5192337036,49.5192337036,53.2451934814,0,53.2451934814,53.2451934814,1
556,365,4,0.01,0,0.25,0.9,49.5192337036,0,49.5192337036,49.5192337036,53.2451934814,0,53.2451934814,53.2451934814,1
557,431,4,0.001,0,0.75,0.1,49.5192337036,0,49.5192337036,49.5192337036,53.4855766296,0,53.4855766296,53.4855766296,1
558,432,4,0.001,0,0.75,0.3,49.5192337036,0,49.5192337036,49.5192337036,53.4855766296,0,53.4855766296,53.4855766296,1
559,446,4,0.001,0.0001,0.75,0.1,49.5192337036,0,49.5192337036,49.5192337036,53.846157074,0,53.846157074,53.846157074,1
560,464,4,0.001,0.001,0.75,0.7,49.5192337036,0,49.5192337036,49.5192337036,54.0865402222,0,54.0865402222,54.0865402222,1
561,477,4,0.001,0.01,0.75,0.3,49.5192337036,0,49.5192337036,49.5192337036,53.846157074,0,53.846157074,53.846157074,1
562,478,4,0.001,0.01,0.75,0.5,49.5192337036,0,49.5192337036,49.5192337036,54.0865402222,0,54.0865402222,54.0865402222,1
563,479,4,0.001,0.01,0.75,0.7,49.5192337036,0,49.5192337036,49.5192337036,54.0865402222,0,54.0865402222,54.0865402222,1
564,480,4,0.001,0.01,0.75,0.9,49.5192337036,0,49.5192337036,49.5192337036,50.9615402222,0,50.9615402222,50.9615402222,1
565,1099,64,0.01,0.0001,0.25,0.7,49.5192337036,0,49.5192337036,49.5192337036,50.8413505554,0,50.8413505554,50.8413505554,1
566,1100,64,0.01,0.0001,0.25,0.9,49.5192337036,0,49.5192337036,49.5192337036,50.8413505554,0,50.8413505554,50.8413505554,1
567,1115,64,0.01,0.001,0.25,0.9,49.5192337036,0,49.5192337036,49.5192337036,50.8413505554,0,50.8413505554,50.8413505554,1
568,447,4,0.001,0.0001,0.75,0.3,49.3990402222,0,49.3990402222,49.3990402222,53.9663505554,0,53.9663505554,53.9663505554,1
569,450,4,0.001,0.0001,0.75,0.9,49.3990402222,0,49.3990402222,49.3990402222,51.0817337036,0,51.0817337036,51.0817337036,1
570,462,4,0.001,0.001,0.75,0.3,49.3990402222,0,49.3990402222,49.3990402222,53.846157074,0,53.846157074,53.846157074,1
571,465,4,0.001,0.001,0.75,0.9,49.3990402222,0,49.3990402222,49.3990402222,50.9615402222,0,50.9615402222,50.9615402222,1
572,314,2,0.0001,0,0.75,0.7,49.2788505554,0,49.2788505554,49.2788505554,50.1201934814,0,50.1201934814,50.1201934814,1
573,463,4,0.001,0.001,0.75,0.5,49.2788505554,0,49.2788505554,49.2788505554,53.9663505554,0,53.9663505554,53.9663505554,1
574,525,4,0.0001,0.001,0.75,0.9,49.2788505554,0,49.2788505554,49.2788505554,48.6778869629,0,48.6778869629,48.6778869629,1
575,906,32,0.01,0,0.5,0.1,49.2788505554,0,49.2788505554,49.2788505554,52.8846130371,0,52.8846130371,52.8846130371,1
576,907,32,0.01,0,0.5,0.3,49.2788505554,0,49.2788505554,49.2788505554,52.8846130371,0,52.8846130371,52.8846130371,1
577,966,32,0.001,0,0.5,0.1,49.2788505554,0,49.2788505554,49.2788505554,51.2019271851,0,51.2019271851,51.2019271851,1
578,967,32,0.001,0,0.5,0.3,49.2788505554,0,49.2788505554,49.2788505554,51.2019271851,0,51.2019271851,51.2019271851,1
579,969,32,0.001,0,0.5,0.7,49.2788505554,0,49.2788505554,49.2788505554,51.3221130371,0,51.3221130371,51.3221130371,1
580,1114,64,0.01,0.001,0.25,0.7,49.2788505554,0,49.2788505554,49.2788505554,50.8413505554,0,50.8413505554,50.8413505554,1
581,1129,64,0.01,0.01,0.25,0.7,49.2788505554,0,49.2788505554,49.2788505554,50.6009635925,0,50.6009635925,50.6009635925,1
582,181,2,0.01,0,0.25,0.1,49.158657074,0,49.158657074,49.158657074,52.5240402222,0,52.5240402222,52.5240402222,1
583,182,2,0.01,0,0.25,0.3,49.158657074,0,49.158657074,49.158657074,52.5240402222,0,52.5240402222,52.5240402222,1
584,183,2,0.01,0,0.25,0.5,49.158657074,0,49.158657074,49.158657074,52.5240402222,0,52.5240402222,52.5240402222,1
585,184,2,0.01,0,0.25,0.7,49.158657074,0,49.158657074,49.158657074,52.5240402222,0,52.5240402222,52.5240402222,1
586,185,2,0.01,0,0.25,0.9,49.158657074,0,49.158657074,49.158657074,52.5240402222,0,52.5240402222,52.5240402222,1
587,509,4,0.0001,0.0001,0.75,0.7,49.158657074,0,49.158657074,49.158657074,49.7596168518,0,49.7596168518,49.7596168518,1
588,540,4,0.0001,0.01,0.75,0.9,49.158657074,0,49.158657074,49.158657074,50.2403869629,0,50.2403869629,50.2403869629,1
589,908,32,0.01,0,0.5,0.5,49.158657074,0,49.158657074,49.158657074,52.8846130371,0,52.8846130371,52.8846130371,1
590,968,32,0.001,0,0.5,0.5,49.158657074,0,49.158657074,49.158657074,51.2019271851,0,51.2019271851,51.2019271851,1
591,985,32,0.001,0.0001,0.5,0.9,49.158657074,0,49.158657074,49.158657074,51.3221130371,0,51.3221130371,51.3221130371,1
592,1000,32,0.001,0.001,0.5,0.9,49.158657074,0,49.158657074,49.158657074,51.3221130371,0,51.3221130371,51.3221130371,1
593,1015,32,0.001,0.01,0.5,0.9,49.158657074,0,49.158657074,49.158657074,51.3221130371,0,51.3221130371,51.3221130371,1
594,41,0,0.01,0.001,0.75,0.1,49.0384635925,0,49.0384635925,49.0384635925,50.8413505554,0,50.8413505554,50.8413505554,1
595,44,0,0.01,0.001,0.75,0.7,49.0384635925,0,49.0384635925,49.0384635925,49.158657074,0,49.158657074,49.158657074,1
596,311,2,0.0001,0,0.75,0.1,49.0384635925,0,49.0384635925,49.0384635925,50.3605766296,0,50.3605766296,50.3605766296,1
597,312,2,0.0001,0,0.75,0.3,49.0384635925,0,49.0384635925,49.0384635925,50.4807701111,0,50.4807701111,50.4807701111,1
598,508,4,0.0001,0.0001,0.75,0.5,49.0384635925,0,49.0384635925,49.0384635925,50,0,50,50,1
599,523,4,0.0001,0.001,0.75,0.5,49.0384635925,0,49.0384635925,49.0384635925,50,0,50,50,1
600,1130,64,0.01,0.01,0.25,0.9,49.0384635925,0,49.0384635925,49.0384635925,50.721157074,0,50.721157074,50.721157074,1
601,29,0,0.01,0.0001,0.75,0.7,48.9182701111,0,48.9182701111,48.9182701111,48.9182701111,0,48.9182701111,48.9182701111,1
602,30,0,0.01,0.0001,0.75,0.9,48.9182701111,0,48.9182701111,48.9182701111,47.7163505554,0,47.7163505554,47.7163505554,1
603,196,2,0.01,0.0001,0.25,0.1,48.9182701111,0,48.9182701111,48.9182701111,52.1634635925,0,52.1634635925,52.1634635925,1
604,197,2,0.01,0.0001,0.25,0.3,48.9182701111,0,48.9182701111,48.9182701111,52.1634635925,0,52.1634635925,52.1634635925,1
605,198,2,0.01,0.0001,0.25,0.5,48.9182701111,0,48.9182701111,48.9182701111,52.1634635925,0,52.1634635925,52.1634635925,1
606,199,2,0.01,0.0001,0.25,0.7,48.9182701111,0,48.9182701111,48.9182701111,52.1634635925,0,52.1634635925,52.1634635925,1
607,200,2,0.01,0.0001,0.25,0.9,48.9182701111,0,48.9182701111,48.9182701111,52.0432701111,0,52.0432701111,52.0432701111,1
608,326,2,0.0001,0.0001,0.75,0.1,48.9182701111,0,48.9182701111,48.9182701111,50.8413505554,0,50.8413505554,50.8413505554,1
609,510,4,0.0001,0.0001,0.75,0.9,48.9182701111,0,48.9182701111,48.9182701111,49.158657074,0,49.158657074,49.158657074,1
610,939,32,0.01,0.001,0.5,0.7,48.9182701111,0,48.9182701111,48.9182701111,54.5673065186,0,54.5673065186,54.5673065186,1
611,984,32,0.001,0.0001,0.5,0.7,48.9182701111,0,48.9182701111,48.9182701111,51.2019271851,0,51.2019271851,51.2019271851,1
612,999,32,0.001,0.001,0.5,0.7,48.9182701111,0,48.9182701111,48.9182701111,51.2019271851,0,51.2019271851,51.2019271851,1
613,1014,32,0.001,0.01,0.5,0.7,48.9182701111,0,48.9182701111,48.9182701111,51.2019271851,0,51.2019271851,51.2019271851,1
614,1082,64,0.01,0,0.25,0.3,48.9182701111,0,48.9182701111,48.9182701111,49.158657074,0,49.158657074,49.158657074,1
615,211,2,0.01,0.001,0.25,0.1,48.7980766296,0,48.7980766296,48.7980766296,52.0432701111,0,52.0432701111,52.0432701111,1
616,212,2,0.01,0.001,0.25,0.3,48.7980766296,0,48.7980766296,48.7980766296,52.0432701111,0,52.0432701111,52.0432701111,1
617,213,2,0.01,0.001,0.25,0.5,48.7980766296,0,48.7980766296,48.7980766296,52.0432701111,0,52.0432701111,52.0432701111,1
618,214,2,0.01,0.001,0.25,0.7,48.7980766296,0,48.7980766296,48.7980766296,52.0432701111,0,52.0432701111,52.0432701111,1
619,215,2,0.01,0.001,0.25,0.9,48.7980766296,0,48.7980766296,48.7980766296,51.9230766296,0,51.9230766296,51.9230766296,1
620,226,2,0.01,0.01,0.25,0.1,48.7980766296,0,48.7980766296,48.7980766296,52.1634635925,0,52.1634635925,52.1634635925,1
621,227,2,0.01,0.01,0.25,0.3,48.7980766296,0,48.7980766296,48.7980766296,52.1634635925,0,52.1634635925,52.1634635925,1
622,228,2,0.01,0.01,0.25,0.5,48.7980766296,0,48.7980766296,48.7980766296,52.1634635925,0,52.1634635925,52.1634635925,1
623,229,2,0.01,0.01,0.25,0.7,48.7980766296,0,48.7980766296,48.7980766296,52.1634635925,0,52.1634635925,52.1634635925,1
624,230,2,0.01,0.01,0.25,0.9,48.7980766296,0,48.7980766296,48.7980766296,52.0432701111,0,52.0432701111,52.0432701111,1
625,506,4,0.0001,0.0001,0.75,0.1,48.7980766296,0,48.7980766296,48.7980766296,50,0,50,50,1
626,521,4,0.0001,0.001,0.75,0.1,48.7980766296,0,48.7980766296,48.7980766296,50.6009635925,0,50.6009635925,50.6009635925,1
627,538,4,0.0001,0.01,0.75,0.5,48.7980766296,0,48.7980766296,48.7980766296,49.8798103333,0,49.8798103333,49.8798103333,1
628,981,32,0.001,0.0001,0.5,0.1,48.7980766296,0,48.7980766296,48.7980766296,50.9615402222,0,50.9615402222,50.9615402222,1
629,982,32,0.001,0.0001,0.5,0.3,48.7980766296,0,48.7980766296,48.7980766296,51.0817337036,0,51.0817337036,51.0817337036,1
630,983,32,0.001,0.0001,0.5,0.5,48.7980766296,0,48.7980766296,48.7980766296,51.0817337036,0,51.0817337036,51.0817337036,1
631,996,32,0.001,0.001,0.5,0.1,48.7980766296,0,48.7980766296,48.7980766296,50.9615402222,0,50.9615402222,50.9615402222,1
632,997,32,0.001,0.001,0.5,0.3,48.7980766296,0,48.7980766296,48.7980766296,51.0817337036,0,51.0817337036,51.0817337036,1
633,998,32,0.001,0.001,0.5,0.5,48.7980766296,0,48.7980766296,48.7980766296,51.0817337036,0,51.0817337036,51.0817337036,1
634,1011,32,0.001,0.01,0.5,0.1,48.7980766296,0,48.7980766296,48.7980766296,50.9615402222,0,50.9615402222,50.9615402222,1
635,1012,32,0.001,0.01,0.5,0.3,48.7980766296,0,48.7980766296,48.7980766296,51.0817337036,0,51.0817337036,51.0817337036,1
636,1013,32,0.001,0.01,0.5,0.5,48.7980766296,0,48.7980766296,48.7980766296,51.0817337036,0,51.0817337036,51.0817337036,1
637,1083,64,0.01,0,0.25,0.5,48.7980766296,0,48.7980766296,48.7980766296,48.9182701111,0,48.9182701111,48.9182701111,1
638,15,0,0.01,0,0.75,0.9,48.6778869629,0,48.6778869629,48.6778869629,49.5192337036,0,49.5192337036,49.5192337036,1
639,375,4,0.01,0,0.75,0.9,48.6778869629,0,48.6778869629,48.6778869629,53.0048065186,0,53.0048065186,53.0048065186,1
640,524,4,0.0001,0.001,0.75,0.7,48.6778869629,0,48.6778869629,48.6778869629,49.7596168518,0,49.7596168518,49.7596168518,1
641,539,4,0.0001,0.01,0.75,0.7,48.6778869629,0,48.6778869629,48.6778869629,49.6394233704,0,49.6394233704,49.6394233704,1
642,1081,64,0.01,0,0.25,0.1,48.6778869629,0,48.6778869629,48.6778869629,49.158657074,0,49.158657074,49.158657074,1
643,411,4,0.01,0.01,0.5,0.1,48.5576934814,0,48.5576934814,48.5576934814,51.2019271851,0,51.2019271851,51.2019271851,1
644,412,4,0.01,0.01,0.5,0.3,48.5576934814,0,48.5576934814,48.5576934814,51.2019271851,0,51.2019271851,51.2019271851,1
645,413,4,0.01,0.01,0.5,0.5,48.5576934814,0,48.5576934814,48.5576934814,51.2019271851,0,51.2019271851,51.2019271851,1
646,414,4,0.01,0.01,0.5,0.7,48.5576934814,0,48.5576934814,48.5576934814,51.2019271851,0,51.2019271851,51.2019271851,1
647,522,4,0.0001,0.001,0.75,0.3,48.5576934814,0,48.5576934814,48.5576934814,50.3605766296,0,50.3605766296,50.3605766296,1
648,1085,64,0.01,0,0.25,0.9,48.5576934814,0,48.5576934814,48.5576934814,48.6778869629,0,48.6778869629,48.6778869629,1
649,396,4,0.01,0.001,0.5,0.1,48.4375038147,0,48.4375038147,48.4375038147,51.2019271851,0,51.2019271851,51.2019271851,1
650,397,4,0.01,0.001,0.5,0.3,48.4375038147,0,48.4375038147,48.4375038147,51.2019271851,0,51.2019271851,51.2019271851,1
651,398,4,0.01,0.001,0.5,0.5,48.4375038147,0,48.4375038147,48.4375038147,51.2019271851,0,51.2019271851,51.2019271851,1
652,399,4,0.01,0.001,0.5,0.7,48.4375038147,0,48.4375038147,48.4375038147,51.2019271851,0,51.2019271851,51.2019271851,1
653,434,4,0.001,0,0.75,0.7,48.4375038147,0,48.4375038147,48.4375038147,50.721157074,0,50.721157074,50.721157074,1
654,507,4,0.0001,0.0001,0.75,0.3,48.4375038147,0,48.4375038147,48.4375038147,50,0,50,50,1
655,920,32,0.01,0.0001,0.25,0.9,48.4375038147,0,48.4375038147,48.4375038147,47.8365402222,0,47.8365402222,47.8365402222,1
656,56,0,0.01,0.01,0.75,0.1,48.3173103333,0,48.3173103333,48.3173103333,48.5576934814,0,48.5576934814,48.5576934814,1
657,372,4,0.01,0,0.75,0.3,48.3173103333,0,48.3173103333,48.3173103333,50.4807701111,0,50.4807701111,50.4807701111,1
658,373,4,0.01,0,0.75,0.5,48.3173103333,0,48.3173103333,48.3173103333,50.4807701111,0,50.4807701111,50.4807701111,1
659,381,4,0.01,0.0001,0.5,0.1,48.3173103333,0,48.3173103333,48.3173103333,51.4423065186,0,51.4423065186,51.4423065186,1
660,382,4,0.01,0.0001,0.5,0.3,48.3173103333,0,48.3173103333,48.3173103333,51.4423065186,0,51.4423065186,51.4423065186,1
661,383,4,0.01,0.0001,0.5,0.5,48.3173103333,0,48.3173103333,48.3173103333,51.4423065186,0,51.4423065186,51.4423065186,1
662,384,4,0.01,0.0001,0.5,0.7,48.3173103333,0,48.3173103333,48.3173103333,51.4423065186,0,51.4423065186,51.4423065186,1
663,415,4,0.01,0.01,0.5,0.9,48.3173103333,0,48.3173103333,48.3173103333,51.0817337036,0,51.0817337036,51.0817337036,1
664,536,4,0.0001,0.01,0.75,0.1,48.3173103333,0,48.3173103333,48.3173103333,49.7596168518,0,49.7596168518,49.7596168518,1
665,551,8,0.01,0,0.75,0.1,48.3173103333,0,48.3173103333,48.3173103333,51.6826934814,0,51.6826934814,51.6826934814,1
666,552,8,0.01,0,0.75,0.3,48.3173103333,0,48.3173103333,48.3173103333,51.6826934814,0,51.6826934814,51.6826934814,1
667,553,8,0.01,0,0.75,0.5,48.3173103333,0,48.3173103333,48.3173103333,51.6826934814,0,51.6826934814,51.6826934814,1
668,554,8,0.01,0,0.75,0.7,48.3173103333,0,48.3173103333,48.3173103333,51.6826934814,0,51.6826934814,51.6826934814,1
669,936,32,0.01,0.001,0.5,0.1,48.3173103333,0,48.3173103333,48.3173103333,54.0865402222,0,54.0865402222,54.0865402222,1
670,937,32,0.01,0.001,0.5,0.3,48.3173103333,0,48.3173103333,48.3173103333,54.0865402222,0,54.0865402222,54.0865402222,1
671,938,32,0.01,0.001,0.5,0.5,48.3173103333,0,48.3173103333,48.3173103333,54.2067337036,0,54.2067337036,54.2067337036,1
672,366,4,0.01,0,0.5,0.1,48.1971168518,0,48.1971168518,48.1971168518,51.5625,0,51.5625,51.5625,1
673,367,4,0.01,0,0.5,0.3,48.1971168518,0,48.1971168518,48.1971168518,51.5625,0,51.5625,51.5625,1
674,368,4,0.01,0,0.5,0.5,48.1971168518,0,48.1971168518,48.1971168518,51.5625,0,51.5625,51.5625,1
675,369,4,0.01,0,0.5,0.7,48.1971168518,0,48.1971168518,48.1971168518,51.5625,0,51.5625,51.5625,1
676,374,4,0.01,0,0.75,0.7,48.1971168518,0,48.1971168518,48.1971168518,50.4807701111,0,50.4807701111,50.4807701111,1
677,400,4,0.01,0.001,0.5,0.9,48.1971168518,0,48.1971168518,48.1971168518,51.0817337036,0,51.0817337036,51.0817337036,1
678,555,8,0.01,0,0.75,0.9,48.1971168518,0,48.1971168518,48.1971168518,51.5625,0,51.5625,51.5625,1
679,599,8,0.01,0.01,0.75,0.7,48.1971168518,0,48.1971168518,48.1971168518,50.2403869629,0,50.2403869629,50.2403869629,1
680,916,32,0.01,0.0001,0.25,0.1,48.1971168518,0,48.1971168518,48.1971168518,47.596157074,0,47.596157074,47.596157074,1
681,951,32,0.01,0.01,0.5,0.1,48.1971168518,0,48.1971168518,48.1971168518,53.846157074,0,53.846157074,53.846157074,1
682,1084,64,0.01,0,0.25,0.7,48.1971168518,0,48.1971168518,48.1971168518,48.7980766296,0,48.7980766296,48.7980766296,1
683,43,0,0.01,0.001,0.75,0.5,48.0769233704,0,48.0769233704,48.0769233704,47.4759635925,0,47.4759635925,47.4759635925,1
684,385,4,0.01,0.0001,0.5,0.9,48.0769233704,0,48.0769233704,48.0769233704,51.2019271851,0,51.2019271851,51.2019271851,1
685,435,4,0.001,0,0.75,0.9,48.0769233704,0,48.0769233704,48.0769233704,50.6009635925,0,50.6009635925,50.6009635925,1
686,537,4,0.0001,0.01,0.75,0.3,48.0769233704,0,48.0769233704,48.0769233704,50.3605766296,0,50.3605766296,50.3605766296,1
687,596,8,0.01,0.01,0.75,0.1,48.0769233704,0,48.0769233704,48.0769233704,50.2403869629,0,50.2403869629,50.2403869629,1
688,597,8,0.01,0.01,0.75,0.3,48.0769233704,0,48.0769233704,48.0769233704,50.2403869629,0,50.2403869629,50.2403869629,1
689,598,8,0.01,0.01,0.75,0.5,48.0769233704,0,48.0769233704,48.0769233704,50.2403869629,0,50.2403869629,50.2403869629,1
690,600,8,0.01,0.01,0.75,0.9,48.0769233704,0,48.0769233704,48.0769233704,50,0,50,50,1
691,628,8,0.001,0.0001,0.75,0.5,48.0769233704,0,48.0769233704,48.0769233704,50.6009635925,0,50.6009635925,50.6009635925,1
692,11,0,0.01,0,0.75,0.1,47.9567337036,0,47.9567337036,47.9567337036,46.5144233704,0,46.5144233704,46.5144233704,1
693,216,2,0.01,0.001,0.5,0.1,47.9567337036,0,47.9567337036,47.9567337036,50,0,50,50,1
694,217,2,0.01,0.001,0.5,0.3,47.9567337036,0,47.9567337036,47.9567337036,50,0,50,50,1
695,218,2,0.01,0.001,0.5,0.5,47.9567337036,0,47.9567337036,47.9567337036,50,0,50,50,1
696,219,2,0.01,0.001,0.5,0.7,47.9567337036,0,47.9567337036,47.9567337036,50,0,50,50,1
697,220,2,0.01,0.001,0.5,0.9,47.9567337036,0,47.9567337036,47.9567337036,50,0,50,50,1
698,234,2,0.01,0.01,0.5,0.7,47.9567337036,0,47.9567337036,47.9567337036,50,0,50,50,1
699,235,2,0.01,0.01,0.5,0.9,47.9567337036,0,47.9567337036,47.9567337036,50,0,50,50,1
700,371,4,0.01,0,0.75,0.1,47.9567337036,0,47.9567337036,47.9567337036,50.3605766296,0,50.3605766296,50.3605766296,1
701,495,4,0.0001,0,0.75,0.9,47.9567337036,0,47.9567337036,47.9567337036,49.158657074,0,49.158657074,49.158657074,1
702,569,8,0.01,0.0001,0.75,0.7,47.9567337036,0,47.9567337036,47.9567337036,51.2019271851,0,51.2019271851,51.2019271851,1
703,570,8,0.01,0.0001,0.75,0.9,47.9567337036,0,47.9567337036,47.9567337036,51.4423065186,0,51.4423065186,51.4423065186,1
704,627,8,0.001,0.0001,0.75,0.3,47.9567337036,0,47.9567337036,47.9567337036,50.4807701111,0,50.4807701111,50.4807701111,1
705,1156,64,0.001,0.0001,0.25,0.1,47.9567337036,0,47.9567337036,47.9567337036,52.6442337036,0,52.6442337036,52.6442337036,1
706,231,2,0.01,0.01,0.5,0.1,47.8365402222,0,47.8365402222,47.8365402222,50,0,50,50,1
707,232,2,0.01,0.01,0.5,0.3,47.8365402222,0,47.8365402222,47.8365402222,50,0,50,50,1
708,233,2,0.01,0.01,0.5,0.5,47.8365402222,0,47.8365402222,47.8365402222,50,0,50,50,1
709,370,4,0.01,0,0.5,0.9,47.8365402222,0,47.8365402222,47.8365402222,51.5625,0,51.5625,51.5625,1
710,568,8,0.01,0.0001,0.75,0.5,47.8365402222,0,47.8365402222,47.8365402222,51.2019271851,0,51.2019271851,51.2019271851,1
711,1175,64,0.001,0.001,0.25,0.9,47.8365402222,0,47.8365402222,47.8365402222,52.8846130371,0,52.8846130371,52.8846130371,1
712,42,0,0.01,0.001,0.75,0.3,47.7163505554,0,47.7163505554,47.7163505554,48.3173103333,0,48.3173103333,48.3173103333,1
713,492,4,0.0001,0,0.75,0.3,47.7163505554,0,47.7163505554,47.7163505554,49.158657074,0,49.158657074,49.158657074,1
714,566,8,0.01,0.0001,0.75,0.1,47.7163505554,0,47.7163505554,47.7163505554,51.0817337036,0,51.0817337036,51.0817337036,1
715,567,8,0.01,0.0001,0.75,0.3,47.7163505554,0,47.7163505554,47.7163505554,51.0817337036,0,51.0817337036,51.0817337036,1
716,584,8,0.01,0.001,0.75,0.7,47.7163505554,0,47.7163505554,47.7163505554,50.8413505554,0,50.8413505554,50.8413505554,1
717,585,8,0.01,0.001,0.75,0.9,47.7163505554,0,47.7163505554,47.7163505554,51.2019271851,0,51.2019271851,51.2019271851,1
718,1160,64,0.001,0.0001,0.25,0.9,47.7163505554,0,47.7163505554,47.7163505554,52.7644271851,0,52.7644271851,52.7644271851,1
719,1190,64,0.001,0.01,0.25,0.9,47.7163505554,0,47.7163505554,47.7163505554,52.8846130371,0,52.8846130371,52.8846130371,1
720,59,0,0.01,0.01,0.75,0.7,47.596157074,0,47.596157074,47.596157074,48.4375038147,0,48.4375038147,48.4375038147,1
721,201,2,0.01,0.0001,0.5,0.1,47.596157074,0,47.596157074,47.596157074,50.1201934814,0,50.1201934814,50.1201934814,1
722,202,2,0.01,0.0001,0.5,0.3,47.596157074,0,47.596157074,47.596157074,50.1201934814,0,50.1201934814,50.1201934814,1
723,203,2,0.01,0.0001,0.5,0.5,47.596157074,0,47.596157074,47.596157074,50.1201934814,0,50.1201934814,50.1201934814,1
724,204,2,0.01,0.0001,0.5,0.7,47.596157074,0,47.596157074,47.596157074,50.1201934814,0,50.1201934814,50.1201934814,1
725,205,2,0.01,0.0001,0.5,0.9,47.596157074,0,47.596157074,47.596157074,50.1201934814,0,50.1201934814,50.1201934814,1
726,493,4,0.0001,0,0.75,0.5,47.596157074,0,47.596157074,47.596157074,49.5192337036,0,49.5192337036,49.5192337036,1
727,583,8,0.01,0.001,0.75,0.5,47.596157074,0,47.596157074,47.596157074,50.8413505554,0,50.8413505554,50.8413505554,1
728,1157,64,0.001,0.0001,0.25,0.3,47.596157074,0,47.596157074,47.596157074,52.7644271851,0,52.7644271851,52.7644271851,1
729,1172,64,0.001,0.001,0.25,0.3,47.596157074,0,47.596157074,47.596157074,52.6442337036,0,52.6442337036,52.6442337036,1
730,1187,64,0.001,0.01,0.25,0.3,47.596157074,0,47.596157074,47.596157074,52.6442337036,0,52.6442337036,52.6442337036,1
731,491,4,0.0001,0,0.75,0.1,47.4759635925,0,47.4759635925,47.4759635925,49.0384635925,0,49.0384635925,49.0384635925,1
732,581,8,0.01,0.001,0.75,0.1,47.4759635925,0,47.4759635925,47.4759635925,50.721157074,0,50.721157074,50.721157074,1
733,582,8,0.01,0.001,0.75,0.3,47.4759635925,0,47.4759635925,47.4759635925,50.721157074,0,50.721157074,50.721157074,1
734,660,8,0.001,0.01,0.75,0.9,47.4759635925,0,47.4759635925,47.4759635925,50.1201934814,0,50.1201934814,50.1201934814,1
735,494,4,0.0001,0,0.75,0.7,47.3557701111,0,47.3557701111,47.3557701111,49.2788505554,0,49.2788505554,49.2788505554,1
736,1203,64,0.0001,0,0.25,0.5,47.3557701111,0,47.3557701111,47.3557701111,48.6778869629,0,48.6778869629,48.6778869629,1
737,58,0,0.01,0.01,0.75,0.5,47.2355766296,0,47.2355766296,47.2355766296,47.8365402222,0,47.8365402222,47.8365402222,1
738,1030,32,0.0001,0,0.5,0.9,47.2355766296,0,47.2355766296,47.2355766296,47.4759635925,0,47.4759635925,47.4759635925,1
739,1145,64,0.001,0,0.25,0.9,47.2355766296,0,47.2355766296,47.2355766296,52.5240402222,0,52.5240402222,52.5240402222,1
740,1204,64,0.0001,0,0.25,0.7,47.2355766296,0,47.2355766296,47.2355766296,48.6778869629,0,48.6778869629,48.6778869629,1
741,1218,64,0.0001,0.0001,0.25,0.5,47.2355766296,0,47.2355766296,47.2355766296,48.7980766296,0,48.7980766296,48.7980766296,1
742,1233,64,0.0001,0.001,0.25,0.5,47.2355766296,0,47.2355766296,47.2355766296,48.7980766296,0,48.7980766296,48.7980766296,1
743,1248,64,0.0001,0.01,0.25,0.5,47.2355766296,0,47.2355766296,47.2355766296,48.7980766296,0,48.7980766296,48.7980766296,1
744,630,8,0.001,0.0001,0.75,0.9,47.1153869629,0,47.1153869629,47.1153869629,50,0,50,50,1
745,645,8,0.001,0.001,0.75,0.9,47.1153869629,0,47.1153869629,47.1153869629,50,0,50,50,1
746,1041,32,0.0001,0.0001,0.5,0.1,47.1153869629,0,47.1153869629,47.1153869629,48.4375038147,0,48.4375038147,48.4375038147,1
747,1042,32,0.0001,0.0001,0.5,0.3,47.1153869629,0,47.1153869629,47.1153869629,48.4375038147,0,48.4375038147,48.4375038147,1
748,1056,32,0.0001,0.001,0.5,0.1,47.1153869629,0,47.1153869629,47.1153869629,48.3173103333,0,48.3173103333,48.3173103333,1
749,1057,32,0.0001,0.001,0.5,0.3,47.1153869629,0,47.1153869629,47.1153869629,48.3173103333,0,48.3173103333,48.3173103333,1
750,1071,32,0.0001,0.01,0.5,0.1,47.1153869629,0,47.1153869629,47.1153869629,48.3173103333,0,48.3173103333,48.3173103333,1
751,1072,32,0.0001,0.01,0.5,0.3,47.1153869629,0,47.1153869629,47.1153869629,48.3173103333,0,48.3173103333,48.3173103333,1
752,1144,64,0.001,0,0.25,0.7,47.1153869629,0,47.1153869629,47.1153869629,52.6442337036,0,52.6442337036,52.6442337036,1
753,1216,64,0.0001,0.0001,0.25,0.1,47.1153869629,0,47.1153869629,47.1153869629,46.3942337036,0,46.3942337036,46.3942337036,1
754,1217,64,0.0001,0.0001,0.25,0.3,47.1153869629,0,47.1153869629,47.1153869629,46.6346168518,0,46.6346168518,46.6346168518,1
755,1231,64,0.0001,0.001,0.25,0.1,47.1153869629,0,47.1153869629,47.1153869629,46.2740402222,0,46.2740402222,46.2740402222,1
756,1232,64,0.0001,0.001,0.25,0.3,47.1153869629,0,47.1153869629,47.1153869629,46.6346168518,0,46.6346168518,46.6346168518,1
757,1246,64,0.0001,0.01,0.25,0.1,47.1153869629,0,47.1153869629,47.1153869629,46.3942337036,0,46.3942337036,46.3942337036,1
758,1247,64,0.0001,0.01,0.25,0.3,47.1153869629,0,47.1153869629,47.1153869629,46.6346168518,0,46.6346168518,46.6346168518,1
759,12,0,0.01,0,0.75,0.3,46.9951934814,0,46.9951934814,46.9951934814,48.0769233704,0,48.0769233704,48.0769233704,1
760,13,0,0.01,0,0.75,0.5,46.9951934814,0,46.9951934814,46.9951934814,45.6730766296,0,45.6730766296,45.6730766296,1
761,57,0,0.01,0.01,0.75,0.3,46.9951934814,0,46.9951934814,46.9951934814,46.2740402222,0,46.2740402222,46.2740402222,1
762,1026,32,0.0001,0,0.5,0.1,46.9951934814,0,46.9951934814,46.9951934814,48.1971168518,0,48.1971168518,48.1971168518,1
763,1027,32,0.0001,0,0.5,0.3,46.9951934814,0,46.9951934814,46.9951934814,48.1971168518,0,48.1971168518,48.1971168518,1
764,1028,32,0.0001,0,0.5,0.5,46.9951934814,0,46.9951934814,46.9951934814,48.1971168518,0,48.1971168518,48.1971168518,1
765,1029,32,0.0001,0,0.5,0.7,46.9951934814,0,46.9951934814,46.9951934814,47.8365402222,0,47.8365402222,47.8365402222,1
766,1043,32,0.0001,0.0001,0.5,0.5,46.9951934814,0,46.9951934814,46.9951934814,48.4375038147,0,48.4375038147,48.4375038147,1
767,1058,32,0.0001,0.001,0.5,0.5,46.9951934814,0,46.9951934814,46.9951934814,48.3173103333,0,48.3173103333,48.3173103333,1
768,1073,32,0.0001,0.01,0.5,0.5,46.9951934814,0,46.9951934814,46.9951934814,48.3173103333,0,48.3173103333,48.3173103333,1
769,1141,64,0.001,0,0.25,0.1,46.9951934814,0,46.9951934814,46.9951934814,52.5240402222,0,52.5240402222,52.5240402222,1
770,1201,64,0.0001,0,0.25,0.1,46.9951934814,0,46.9951934814,46.9951934814,46.3942337036,0,46.3942337036,46.3942337036,1
771,1202,64,0.0001,0,0.25,0.3,46.9951934814,0,46.9951934814,46.9951934814,46.5144233704,0,46.5144233704,46.5144233704,1
772,615,8,0.001,0,0.75,0.9,46.8750038147,0,46.8750038147,46.8750038147,51.2019271851,0,51.2019271851,51.2019271851,1
773,644,8,0.001,0.001,0.75,0.7,46.8750038147,0,46.8750038147,46.8750038147,49.7596168518,0,49.7596168518,49.7596168518,1
774,1044,32,0.0001,0.0001,0.5,0.7,46.8750038147,0,46.8750038147,46.8750038147,48.1971168518,0,48.1971168518,48.1971168518,1
775,1045,32,0.0001,0.0001,0.5,0.9,46.8750038147,0,46.8750038147,46.8750038147,48.1971168518,0,48.1971168518,48.1971168518,1
776,1059,32,0.0001,0.001,0.5,0.7,46.8750038147,0,46.8750038147,46.8750038147,48.0769233704,0,48.0769233704,48.0769233704,1
777,1060,32,0.0001,0.001,0.5,0.9,46.8750038147,0,46.8750038147,46.8750038147,48.1971168518,0,48.1971168518,48.1971168518,1
778,1074,32,0.0001,0.01,0.5,0.7,46.8750038147,0,46.8750038147,46.8750038147,48.0769233704,0,48.0769233704,48.0769233704,1
779,1075,32,0.0001,0.01,0.5,0.9,46.8750038147,0,46.8750038147,46.8750038147,48.1971168518,0,48.1971168518,48.1971168518,1
780,1143,64,0.001,0,0.25,0.5,46.8750038147,0,46.8750038147,46.8750038147,52.5240402222,0,52.5240402222,52.5240402222,1
781,1205,64,0.0001,0,0.25,0.9,46.8750038147,0,46.8750038147,46.8750038147,48.1971168518,0,48.1971168518,48.1971168518,1
782,1219,64,0.0001,0.0001,0.25,0.7,46.8750038147,0,46.8750038147,46.8750038147,46.8750038147,0,46.8750038147,46.8750038147,1
783,1234,64,0.0001,0.001,0.25,0.7,46.8750038147,0,46.8750038147,46.8750038147,46.9951934814,0,46.9951934814,46.9951934814,1
784,1235,64,0.0001,0.001,0.25,0.9,46.8750038147,0,46.8750038147,46.8750038147,48.3173103333,0,48.3173103333,48.3173103333,1
785,1249,64,0.0001,0.01,0.25,0.7,46.8750038147,0,46.8750038147,46.8750038147,46.8750038147,0,46.8750038147,46.8750038147,1
786,45,0,0.01,0.001,0.75,0.9,46.7548103333,0,46.7548103333,46.7548103333,48.1971168518,0,48.1971168518,48.1971168518,1
787,643,8,0.001,0.001,0.75,0.5,46.7548103333,0,46.7548103333,46.7548103333,49.7596168518,0,49.7596168518,49.7596168518,1
788,659,8,0.001,0.01,0.75,0.7,46.7548103333,0,46.7548103333,46.7548103333,49.7596168518,0,49.7596168518,49.7596168518,1
789,926,32,0.01,0.0001,0.75,0.1,46.7548103333,0,46.7548103333,46.7548103333,49.2788505554,0,49.2788505554,49.2788505554,1
790,927,32,0.01,0.0001,0.75,0.3,46.7548103333,0,46.7548103333,46.7548103333,49.158657074,0,49.158657074,49.158657074,1
791,929,32,0.01,0.0001,0.75,0.7,46.7548103333,0,46.7548103333,46.7548103333,49.2788505554,0,49.2788505554,49.2788505554,1
792,930,32,0.01,0.0001,0.75,0.9,46.7548103333,0,46.7548103333,46.7548103333,49.158657074,0,49.158657074,49.158657074,1
793,60,0,0.01,0.01,0.75,0.9,46.6346168518,0,46.6346168518,46.6346168518,45.9134635925,0,45.9134635925,45.9134635925,1
794,190,2,0.01,0,0.5,0.9,46.6346168518,0,46.6346168518,46.6346168518,50,0,50,50,1
795,576,8,0.01,0.001,0.5,0.1,46.6346168518,0,46.6346168518,46.6346168518,51.2019271851,0,51.2019271851,51.2019271851,1
796,577,8,0.01,0.001,0.5,0.3,46.6346168518,0,46.6346168518,46.6346168518,51.2019271851,0,51.2019271851,51.2019271851,1
797,578,8,0.01,0.001,0.5,0.5,46.6346168518,0,46.6346168518,46.6346168518,51.2019271851,0,51.2019271851,51.2019271851,1
798,579,8,0.01,0.001,0.5,0.7,46.6346168518,0,46.6346168518,46.6346168518,51.2019271851,0,51.2019271851,51.2019271851,1
799,591,8,0.01,0.01,0.5,0.1,46.6346168518,0,46.6346168518,46.6346168518,51.3221130371,0,51.3221130371,51.3221130371,1
800,592,8,0.01,0.01,0.5,0.3,46.6346168518,0,46.6346168518,46.6346168518,51.3221130371,0,51.3221130371,51.3221130371,1
801,593,8,0.01,0.01,0.5,0.5,46.6346168518,0,46.6346168518,46.6346168518,51.3221130371,0,51.3221130371,51.3221130371,1
802,594,8,0.01,0.01,0.5,0.7,46.6346168518,0,46.6346168518,46.6346168518,51.3221130371,0,51.3221130371,51.3221130371,1
803,641,8,0.001,0.001,0.75,0.1,46.6346168518,0,46.6346168518,46.6346168518,49.6394233704,0,49.6394233704,49.6394233704,1
804,642,8,0.001,0.001,0.75,0.3,46.6346168518,0,46.6346168518,46.6346168518,49.6394233704,0,49.6394233704,49.6394233704,1
805,656,8,0.001,0.01,0.75,0.1,46.6346168518,0,46.6346168518,46.6346168518,49.6394233704,0,49.6394233704,49.6394233704,1
806,657,8,0.001,0.01,0.75,0.3,46.6346168518,0,46.6346168518,46.6346168518,49.6394233704,0,49.6394233704,49.6394233704,1
807,658,8,0.001,0.01,0.75,0.5,46.6346168518,0,46.6346168518,46.6346168518,49.7596168518,0,49.7596168518,49.7596168518,1
808,705,8,0.0001,0.001,0.75,0.9,46.6346168518,0,46.6346168518,46.6346168518,48.3173103333,0,48.3173103333,48.3173103333,1
809,720,8,0.0001,0.01,0.75,0.9,46.6346168518,0,46.6346168518,46.6346168518,48.1971168518,0,48.1971168518,48.1971168518,1
810,928,32,0.01,0.0001,0.75,0.5,46.6346168518,0,46.6346168518,46.6346168518,49.158657074,0,49.158657074,49.158657074,1
811,941,32,0.01,0.001,0.75,0.1,46.6346168518,0,46.6346168518,46.6346168518,49.158657074,0,49.158657074,49.158657074,1
812,942,32,0.01,0.001,0.75,0.3,46.6346168518,0,46.6346168518,46.6346168518,49.0384635925,0,49.0384635925,49.0384635925,1
813,944,32,0.01,0.001,0.75,0.7,46.6346168518,0,46.6346168518,46.6346168518,49.158657074,0,49.158657074,49.158657074,1
814,945,32,0.01,0.001,0.75,0.9,46.6346168518,0,46.6346168518,46.6346168518,49.0384635925,0,49.0384635925,49.0384635925,1
815,186,2,0.01,0,0.5,0.1,46.5144233704,0,46.5144233704,46.5144233704,49.8798103333,0,49.8798103333,49.8798103333,1
816,187,2,0.01,0,0.5,0.3,46.5144233704,0,46.5144233704,46.5144233704,49.8798103333,0,49.8798103333,49.8798103333,1
817,188,2,0.01,0,0.5,0.5,46.5144233704,0,46.5144233704,46.5144233704,49.8798103333,0,49.8798103333,49.8798103333,1
818,189,2,0.01,0,0.5,0.7,46.5144233704,0,46.5144233704,46.5144233704,50,0,50,50,1
819,580,8,0.01,0.001,0.5,0.9,46.5144233704,0,46.5144233704,46.5144233704,51.4423065186,0,51.4423065186,51.4423065186,1
820,595,8,0.01,0.01,0.5,0.9,46.5144233704,0,46.5144233704,46.5144233704,51.5625,0,51.5625,51.5625,1
821,629,8,0.001,0.0001,0.75,0.7,46.5144233704,0,46.5144233704,46.5144233704,49.8798103333,0,49.8798103333,49.8798103333,1
822,675,8,0.0001,0,0.75,0.9,46.5144233704,0,46.5144233704,46.5144233704,48.0769233704,0,48.0769233704,48.0769233704,1
823,719,8,0.0001,0.01,0.75,0.7,46.5144233704,0,46.5144233704,46.5144233704,47.4759635925,0,47.4759635925,47.4759635925,1
824,943,32,0.01,0.001,0.75,0.5,46.5144233704,0,46.5144233704,46.5144233704,49.0384635925,0,49.0384635925,49.0384635925,1
825,1220,64,0.0001,0.0001,0.25,0.9,46.5144233704,0,46.5144233704,46.5144233704,46.5144233704,0,46.5144233704,46.5144233704,1
826,1250,64,0.0001,0.01,0.25,0.9,46.5144233704,0,46.5144233704,46.5144233704,46.7548103333,0,46.7548103333,46.7548103333,1
827,546,8,0.01,0,0.5,0.1,46.3942337036,0,46.3942337036,46.3942337036,50.721157074,0,50.721157074,50.721157074,1
828,547,8,0.01,0,0.5,0.3,46.3942337036,0,46.3942337036,46.3942337036,50.721157074,0,50.721157074,50.721157074,1
829,548,8,0.01,0,0.5,0.5,46.3942337036,0,46.3942337036,46.3942337036,50.721157074,0,50.721157074,50.721157074,1
830,549,8,0.01,0,0.5,0.7,46.3942337036,0,46.3942337036,46.3942337036,50.8413505554,0,50.8413505554,50.8413505554,1
831,611,8,0.001,0,0.75,0.1,46.3942337036,0,46.3942337036,46.3942337036,50.721157074,0,50.721157074,50.721157074,1
832,614,8,0.001,0,0.75,0.7,46.3942337036,0,46.3942337036,46.3942337036,50.721157074,0,50.721157074,50.721157074,1
833,626,8,0.001,0.0001,0.75,0.1,46.3942337036,0,46.3942337036,46.3942337036,49.8798103333,0,49.8798103333,49.8798103333,1
834,673,8,0.0001,0,0.75,0.5,46.3942337036,0,46.3942337036,46.3942337036,48.1971168518,0,48.1971168518,48.1971168518,1
835,689,8,0.0001,0.0001,0.75,0.7,46.3942337036,0,46.3942337036,46.3942337036,47.7163505554,0,47.7163505554,47.7163505554,1
836,690,8,0.0001,0.0001,0.75,0.9,46.3942337036,0,46.3942337036,46.3942337036,47.9567337036,0,47.9567337036,47.9567337036,1
837,704,8,0.0001,0.001,0.75,0.7,46.3942337036,0,46.3942337036,46.3942337036,47.596157074,0,47.596157074,47.596157074,1
838,550,8,0.01,0,0.5,0.9,46.2740402222,0,46.2740402222,46.2740402222,51.0817337036,0,51.0817337036,51.0817337036,1
839,565,8,0.01,0.0001,0.5,0.9,46.2740402222,0,46.2740402222,46.2740402222,51.3221130371,0,51.3221130371,51.3221130371,1
840,686,8,0.0001,0.0001,0.75,0.1,46.2740402222,0,46.2740402222,46.2740402222,48.0769233704,0,48.0769233704,48.0769233704,1
841,687,8,0.0001,0.0001,0.75,0.3,46.2740402222,0,46.2740402222,46.2740402222,47.8365402222,0,47.8365402222,47.8365402222,1
842,750,16,0.01,0.0001,0.75,0.9,46.2740402222,0,46.2740402222,46.2740402222,49.2788505554,0,49.2788505554,49.2788505554,1
843,765,16,0.01,0.001,0.75,0.9,46.2740402222,0,46.2740402222,46.2740402222,49.158657074,0,49.158657074,49.158657074,1
844,612,8,0.001,0,0.75,0.3,46.1538505554,0,46.1538505554,46.1538505554,50.6009635925,0,50.6009635925,50.6009635925,1
845,613,8,0.001,0,0.75,0.5,46.1538505554,0,46.1538505554,46.1538505554,50.721157074,0,50.721157074,50.721157074,1
846,674,8,0.0001,0,0.75,0.7,46.1538505554,0,46.1538505554,46.1538505554,48.3173103333,0,48.3173103333,48.3173103333,1
847,688,8,0.0001,0.0001,0.75,0.5,46.1538505554,0,46.1538505554,46.1538505554,47.9567337036,0,47.9567337036,47.9567337036,1
848,717,8,0.0001,0.01,0.75,0.3,46.1538505554,0,46.1538505554,46.1538505554,47.8365402222,0,47.8365402222,47.8365402222,1
849,718,8,0.0001,0.01,0.75,0.5,46.1538505554,0,46.1538505554,46.1538505554,47.596157074,0,47.596157074,47.596157074,1
850,746,16,0.01,0.0001,0.75,0.1,46.1538505554,0,46.1538505554,46.1538505554,49.5192337036,0,49.5192337036,49.5192337036,1
851,747,16,0.01,0.0001,0.75,0.3,46.1538505554,0,46.1538505554,46.1538505554,49.5192337036,0,49.5192337036,49.5192337036,1
852,748,16,0.01,0.0001,0.75,0.5,46.1538505554,0,46.1538505554,46.1538505554,49.5192337036,0,49.5192337036,49.5192337036,1
853,749,16,0.01,0.0001,0.75,0.7,46.1538505554,0,46.1538505554,46.1538505554,49.5192337036,0,49.5192337036,49.5192337036,1
854,956,32,0.01,0.01,0.75,0.1,46.1538505554,0,46.1538505554,46.1538505554,49.158657074,0,49.158657074,49.158657074,1
855,957,32,0.01,0.01,0.75,0.3,46.1538505554,0,46.1538505554,46.1538505554,49.0384635925,0,49.0384635925,49.0384635925,1
856,959,32,0.01,0.01,0.75,0.7,46.1538505554,0,46.1538505554,46.1538505554,49.158657074,0,49.158657074,49.158657074,1
857,960,32,0.01,0.01,0.75,0.9,46.1538505554,0,46.1538505554,46.1538505554,49.0384635925,0,49.0384635925,49.0384635925,1
858,701,8,0.0001,0.001,0.75,0.1,46.033657074,0,46.033657074,46.033657074,47.8365402222,0,47.8365402222,47.8365402222,1
859,716,8,0.0001,0.01,0.75,0.1,46.033657074,0,46.033657074,46.033657074,47.9567337036,0,47.9567337036,47.9567337036,1
860,761,16,0.01,0.001,0.75,0.1,46.033657074,0,46.033657074,46.033657074,49.3990402222,0,49.3990402222,49.3990402222,1
861,762,16,0.01,0.001,0.75,0.3,46.033657074,0,46.033657074,46.033657074,49.3990402222,0,49.3990402222,49.3990402222,1
862,763,16,0.01,0.001,0.75,0.5,46.033657074,0,46.033657074,46.033657074,49.3990402222,0,49.3990402222,49.3990402222,1
863,764,16,0.01,0.001,0.75,0.7,46.033657074,0,46.033657074,46.033657074,49.3990402222,0,49.3990402222,49.3990402222,1
864,780,16,0.01,0.01,0.75,0.9,46.033657074,0,46.033657074,46.033657074,49.158657074,0,49.158657074,49.158657074,1
865,952,32,0.01,0.01,0.5,0.3,46.033657074,0,46.033657074,46.033657074,45.9134635925,0,45.9134635925,45.9134635925,1
866,953,32,0.01,0.01,0.5,0.5,46.033657074,0,46.033657074,46.033657074,46.033657074,0,46.033657074,46.033657074,1
867,954,32,0.01,0.01,0.5,0.7,46.033657074,0,46.033657074,46.033657074,46.033657074,0,46.033657074,46.033657074,1
868,958,32,0.01,0.01,0.75,0.5,46.033657074,0,46.033657074,46.033657074,49.0384635925,0,49.0384635925,49.0384635925,1
869,14,0,0.01,0,0.75,0.7,45.9134635925,0,45.9134635925,45.9134635925,46.5144233704,0,46.5144233704,46.5144233704,1
870,671,8,0.0001,0,0.75,0.1,45.9134635925,0,45.9134635925,45.9134635925,47.9567337036,0,47.9567337036,47.9567337036,1
871,672,8,0.0001,0,0.75,0.3,45.9134635925,0,45.9134635925,45.9134635925,47.9567337036,0,47.9567337036,47.9567337036,1
872,921,32,0.01,0.0001,0.5,0.1,45.9134635925,0,45.9134635925,45.9134635925,46.033657074,0,46.033657074,46.033657074,1
873,922,32,0.01,0.0001,0.5,0.3,45.9134635925,0,45.9134635925,45.9134635925,46.033657074,0,46.033657074,46.033657074,1
874,923,32,0.01,0.0001,0.5,0.5,45.9134635925,0,45.9134635925,45.9134635925,46.033657074,0,46.033657074,46.033657074,1
875,924,32,0.01,0.0001,0.5,0.7,45.9134635925,0,45.9134635925,45.9134635925,46.033657074,0,46.033657074,46.033657074,1
876,940,32,0.01,0.001,0.5,0.9,45.9134635925,0,45.9134635925,45.9134635925,45.6730766296,0,45.6730766296,45.6730766296,1
877,955,32,0.01,0.01,0.5,0.9,45.9134635925,0,45.9134635925,45.9134635925,45.7932701111,0,45.7932701111,45.7932701111,1
878,702,8,0.0001,0.001,0.75,0.3,45.7932701111,0,45.7932701111,45.7932701111,47.4759635925,0,47.4759635925,47.4759635925,1
879,703,8,0.0001,0.001,0.75,0.5,45.7932701111,0,45.7932701111,45.7932701111,47.596157074,0,47.596157074,47.596157074,1
880,776,16,0.01,0.01,0.75,0.1,45.7932701111,0,45.7932701111,45.7932701111,49.3990402222,0,49.3990402222,49.3990402222,1
881,777,16,0.01,0.01,0.75,0.3,45.7932701111,0,45.7932701111,45.7932701111,49.3990402222,0,49.3990402222,49.3990402222,1
882,778,16,0.01,0.01,0.75,0.5,45.7932701111,0,45.7932701111,45.7932701111,49.3990402222,0,49.3990402222,49.3990402222,1
883,779,16,0.01,0.01,0.75,0.7,45.7932701111,0,45.7932701111,45.7932701111,49.3990402222,0,49.3990402222,49.3990402222,1
884,808,16,0.001,0.0001,0.75,0.5,45.7932701111,0,45.7932701111,45.7932701111,48.1971168518,0,48.1971168518,48.1971168518,1
885,810,16,0.001,0.0001,0.75,0.9,45.7932701111,0,45.7932701111,45.7932701111,48.0769233704,0,48.0769233704,48.0769233704,1
886,823,16,0.001,0.001,0.75,0.5,45.7932701111,0,45.7932701111,45.7932701111,48.1971168518,0,48.1971168518,48.1971168518,1
887,825,16,0.001,0.001,0.75,0.9,45.7932701111,0,45.7932701111,45.7932701111,48.0769233704,0,48.0769233704,48.0769233704,1
888,838,16,0.001,0.01,0.75,0.5,45.7932701111,0,45.7932701111,45.7932701111,48.1971168518,0,48.1971168518,48.1971168518,1
889,840,16,0.001,0.01,0.75,0.9,45.7932701111,0,45.7932701111,45.7932701111,48.0769233704,0,48.0769233704,48.0769233704,1
890,925,32,0.01,0.0001,0.5,0.9,45.7932701111,0,45.7932701111,45.7932701111,46.1538505554,0,46.1538505554,46.1538505554,1
891,806,16,0.001,0.0001,0.75,0.1,45.6730766296,0,45.6730766296,45.6730766296,47.9567337036,0,47.9567337036,47.9567337036,1
892,807,16,0.001,0.0001,0.75,0.3,45.6730766296,0,45.6730766296,45.6730766296,47.9567337036,0,47.9567337036,47.9567337036,1
893,809,16,0.001,0.0001,0.75,0.7,45.6730766296,0,45.6730766296,45.6730766296,48.0769233704,0,48.0769233704,48.0769233704,1
894,821,16,0.001,0.001,0.75,0.1,45.6730766296,0,45.6730766296,45.6730766296,47.9567337036,0,47.9567337036,47.9567337036,1
895,822,16,0.001,0.001,0.75,0.3,45.6730766296,0,45.6730766296,45.6730766296,47.9567337036,0,47.9567337036,47.9567337036,1
896,824,16,0.001,0.001,0.75,0.7,45.6730766296,0,45.6730766296,45.6730766296,48.0769233704,0,48.0769233704,48.0769233704,1
897,836,16,0.001,0.01,0.75,0.1,45.6730766296,0,45.6730766296,45.6730766296,47.9567337036,0,47.9567337036,47.9567337036,1
898,837,16,0.001,0.01,0.75,0.3,45.6730766296,0,45.6730766296,45.6730766296,47.9567337036,0,47.9567337036,47.9567337036,1
899,839,16,0.001,0.01,0.75,0.7,45.6730766296,0,45.6730766296,45.6730766296,48.0769233704,0,48.0769233704,48.0769233704,1
900,909,32,0.01,0,0.5,0.7,45.5528869629,0,45.5528869629,45.5528869629,44.471157074,0,44.471157074,44.471157074,1
901,791,16,0.001,0,0.75,0.1,45.4326934814,0,45.4326934814,45.4326934814,47.596157074,0,47.596157074,47.596157074,1
902,792,16,0.001,0,0.75,0.3,45.4326934814,0,45.4326934814,45.4326934814,47.7163505554,0,47.7163505554,47.7163505554,1
903,793,16,0.001,0,0.75,0.5,45.4326934814,0,45.4326934814,45.4326934814,48.5576934814,0,48.5576934814,48.5576934814,1
904,795,16,0.001,0,0.75,0.9,45.4326934814,0,45.4326934814,45.4326934814,48.5576934814,0,48.5576934814,48.5576934814,1
905,910,32,0.01,0,0.5,0.9,45.4326934814,0,45.4326934814,45.4326934814,44.2307701111,0,44.2307701111,44.2307701111,1
906,731,16,0.01,0,0.75,0.1,45.3125038147,0,45.3125038147,45.3125038147,49.158657074,0,49.158657074,49.158657074,1
907,732,16,0.01,0,0.75,0.3,45.3125038147,0,45.3125038147,45.3125038147,49.158657074,0,49.158657074,49.158657074,1
908,733,16,0.01,0,0.75,0.5,45.3125038147,0,45.3125038147,45.3125038147,49.3990402222,0,49.3990402222,49.3990402222,1
909,734,16,0.01,0,0.75,0.7,45.3125038147,0,45.3125038147,45.3125038147,49.3990402222,0,49.3990402222,49.3990402222,1
910,794,16,0.001,0,0.75,0.7,45.3125038147,0,45.3125038147,45.3125038147,48.4375038147,0,48.4375038147,48.4375038147,1
911,911,32,0.01,0,0.75,0.1,45.3125038147,0,45.3125038147,45.3125038147,49.158657074,0,49.158657074,49.158657074,1
912,912,32,0.01,0,0.75,0.3,45.3125038147,0,45.3125038147,45.3125038147,49.0384635925,0,49.0384635925,49.0384635925,1
913,914,32,0.01,0,0.75,0.7,45.3125038147,0,45.3125038147,45.3125038147,49.0384635925,0,49.0384635925,49.0384635925,1
914,915,32,0.01,0,0.75,0.9,45.3125038147,0,45.3125038147,45.3125038147,49.0384635925,0,49.0384635925,49.0384635925,1
915,913,32,0.01,0,0.75,0.5,45.1923103333,0,45.1923103333,45.1923103333,49.0384635925,0,49.0384635925,49.0384635925,1
916,735,16,0.01,0,0.75,0.9,45.0721168518,0,45.0721168518,45.0721168518,48.6778869629,0,48.6778869629,48.6778869629,1
917,1159,64,0.001,0.0001,0.25,0.7,44.8317337036,0,44.8317337036,44.8317337036,46.1538505554,0,46.1538505554,46.1538505554,1
918,1174,64,0.001,0.001,0.25,0.7,44.8317337036,0,44.8317337036,44.8317337036,46.1538505554,0,46.1538505554,46.1538505554,1
919,1189,64,0.001,0.01,0.25,0.7,44.8317337036,0,44.8317337036,44.8317337036,46.1538505554,0,46.1538505554,46.1538505554,1
920,1158,64,0.001,0.0001,0.25,0.5,44.471157074,0,44.471157074,44.471157074,45.3125038147,0,45.3125038147,45.3125038147,1
921,1171,64,0.001,0.001,0.25,0.1,44.471157074,0,44.471157074,44.471157074,46.3942337036,0,46.3942337036,46.3942337036,1
922,1173,64,0.001,0.001,0.25,0.5,44.471157074,0,44.471157074,44.471157074,45.4326934814,0,45.4326934814,45.4326934814,1
923,1186,64,0.001,0.01,0.25,0.1,44.471157074,0,44.471157074,44.471157074,46.3942337036,0,46.3942337036,46.3942337036,1
924,1188,64,0.001,0.01,0.25,0.5,44.471157074,0,44.471157074,44.471157074,45.4326934814,0,45.4326934814,45.4326934814,1
925,1142,64,0.001,0,0.25,0.3,44.3509635925,0,44.3509635925,44.3509635925,45.4326934814,0,45.4326934814,45.4326934814,1
926,972,32,0.001,0,0.75,0.3,42.5480766296,0,42.5480766296,42.5480766296,47.4759635925,0,47.4759635925,47.4759635925,1
927,974,32,0.001,0,0.75,0.7,42.5480766296,0,42.5480766296,42.5480766296,47.4759635925,0,47.4759635925,47.4759635925,1
928,87,0,0.001,0.0001,0.75,0.3,42.4278869629,0,42.4278869629,42.4278869629,38.8221168518,0,38.8221168518,38.8221168518,1
929,89,0,0.001,0.0001,0.75,0.7,42.4278869629,0,42.4278869629,42.4278869629,39.5432701111,0,39.5432701111,39.5432701111,1
930,104,0,0.001,0.001,0.75,0.7,42.4278869629,0,42.4278869629,42.4278869629,38.7019233704,0,38.7019233704,38.7019233704,1
931,105,0,0.001,0.001,0.75,0.9,42.4278869629,0,42.4278869629,42.4278869629,38.8221168518,0,38.8221168518,38.8221168518,1
932,971,32,0.001,0,0.75,0.1,42.4278869629,0,42.4278869629,42.4278869629,47.4759635925,0,47.4759635925,47.4759635925,1
933,973,32,0.001,0,0.75,0.5,42.4278869629,0,42.4278869629,42.4278869629,47.4759635925,0,47.4759635925,47.4759635925,1
934,975,32,0.001,0,0.75,0.9,42.4278869629,0,42.4278869629,42.4278869629,47.596157074,0,47.596157074,47.596157074,1
935,989,32,0.001,0.0001,0.75,0.7,42.4278869629,0,42.4278869629,42.4278869629,47.1153869629,0,47.1153869629,47.1153869629,1
936,990,32,0.001,0.0001,0.75,0.9,42.4278869629,0,42.4278869629,42.4278869629,47.2355766296,0,47.2355766296,47.2355766296,1
937,1004,32,0.001,0.001,0.75,0.7,42.4278869629,0,42.4278869629,42.4278869629,47.2355766296,0,47.2355766296,47.2355766296,1
938,1005,32,0.001,0.001,0.75,0.9,42.4278869629,0,42.4278869629,42.4278869629,47.3557701111,0,47.3557701111,47.3557701111,1
939,1019,32,0.001,0.01,0.75,0.7,42.4278869629,0,42.4278869629,42.4278869629,47.2355766296,0,47.2355766296,47.2355766296,1
940,1020,32,0.001,0.01,0.75,0.9,42.4278869629,0,42.4278869629,42.4278869629,47.3557701111,0,47.3557701111,47.3557701111,1
941,86,0,0.001,0.0001,0.75,0.1,42.3076934814,0,42.3076934814,42.3076934814,38.8221168518,0,38.8221168518,38.8221168518,1
942,90,0,0.001,0.0001,0.75,0.9,42.3076934814,0,42.3076934814,42.3076934814,38.8221168518,0,38.8221168518,38.8221168518,1
943,101,0,0.001,0.001,0.75,0.1,42.3076934814,0,42.3076934814,42.3076934814,38.7019233704,0,38.7019233704,38.7019233704,1
944,103,0,0.001,0.001,0.75,0.5,42.3076934814,0,42.3076934814,42.3076934814,38.7019233704,0,38.7019233704,38.7019233704,1
945,885,16,0.0001,0.001,0.75,0.9,42.3076934814,0,42.3076934814,42.3076934814,44.5913467407,0,44.5913467407,44.5913467407,1
946,900,16,0.0001,0.01,0.75,0.9,42.3076934814,0,42.3076934814,42.3076934814,44.5913467407,0,44.5913467407,44.5913467407,1
947,987,32,0.001,0.0001,0.75,0.3,42.3076934814,0,42.3076934814,42.3076934814,47.1153869629,0,47.1153869629,47.1153869629,1
948,1002,32,0.001,0.001,0.75,0.3,42.3076934814,0,42.3076934814,42.3076934814,47.2355766296,0,47.2355766296,47.2355766296,1
949,1017,32,0.001,0.01,0.75,0.3,42.3076934814,0,42.3076934814,42.3076934814,47.2355766296,0,47.2355766296,47.2355766296,1
950,81,0,0.001,0.0001,0.5,0.1,42.1875038147,0,42.1875038147,42.1875038147,39.5432701111,0,39.5432701111,39.5432701111,1
951,82,0,0.001,0.0001,0.5,0.3,42.1875038147,0,42.1875038147,42.1875038147,39.5432701111,0,39.5432701111,39.5432701111,1
952,83,0,0.001,0.0001,0.5,0.5,42.1875038147,0,42.1875038147,42.1875038147,39.4230766296,0,39.4230766296,39.4230766296,1
953,84,0,0.001,0.0001,0.5,0.7,42.1875038147,0,42.1875038147,42.1875038147,39.5432701111,0,39.5432701111,39.5432701111,1
954,88,0,0.001,0.0001,0.75,0.5,42.1875038147,0,42.1875038147,42.1875038147,39.4230766296,0,39.4230766296,39.4230766296,1
955,102,0,0.001,0.001,0.75,0.3,42.1875038147,0,42.1875038147,42.1875038147,38.7019233704,0,38.7019233704,38.7019233704,1
956,118,0,0.001,0.01,0.75,0.5,42.1875038147,0,42.1875038147,42.1875038147,38.7019233704,0,38.7019233704,38.7019233704,1
957,119,0,0.001,0.01,0.75,0.7,42.1875038147,0,42.1875038147,42.1875038147,38.7019233704,0,38.7019233704,38.7019233704,1
958,986,32,0.001,0.0001,0.75,0.1,42.1875038147,0,42.1875038147,42.1875038147,47.1153869629,0,47.1153869629,47.1153869629,1
959,988,32,0.001,0.0001,0.75,0.5,42.1875038147,0,42.1875038147,42.1875038147,47.1153869629,0,47.1153869629,47.1153869629,1
960,1001,32,0.001,0.001,0.75,0.1,42.1875038147,0,42.1875038147,42.1875038147,47.2355766296,0,47.2355766296,47.2355766296,1
961,1003,32,0.001,0.001,0.75,0.5,42.1875038147,0,42.1875038147,42.1875038147,47.2355766296,0,47.2355766296,47.2355766296,1
962,1016,32,0.001,0.01,0.75,0.1,42.1875038147,0,42.1875038147,42.1875038147,47.2355766296,0,47.2355766296,47.2355766296,1
963,1018,32,0.001,0.01,0.75,0.5,42.1875038147,0,42.1875038147,42.1875038147,47.2355766296,0,47.2355766296,47.2355766296,1
964,85,0,0.001,0.0001,0.5,0.9,42.0673103333,0,42.0673103333,42.0673103333,39.5432701111,0,39.5432701111,39.5432701111,1
965,116,0,0.001,0.01,0.75,0.1,42.0673103333,0,42.0673103333,42.0673103333,38.9423103333,0,38.9423103333,38.9423103333,1
966,117,0,0.001,0.01,0.75,0.3,42.0673103333,0,42.0673103333,42.0673103333,38.9423103333,0,38.9423103333,38.9423103333,1
967,120,0,0.001,0.01,0.75,0.9,42.0673103333,0,42.0673103333,42.0673103333,38.9423103333,0,38.9423103333,38.9423103333,1
968,100,0,0.001,0.001,0.5,0.9,41.9471168518,0,41.9471168518,41.9471168518,39.3028869629,0,39.3028869629,39.3028869629,1
969,111,0,0.001,0.01,0.5,0.1,41.9471168518,0,41.9471168518,41.9471168518,39.3028869629,0,39.3028869629,39.3028869629,1
970,112,0,0.001,0.01,0.5,0.3,41.9471168518,0,41.9471168518,41.9471168518,39.3028869629,0,39.3028869629,39.3028869629,1
971,113,0,0.001,0.01,0.5,0.5,41.9471168518,0,41.9471168518,41.9471168518,39.3028869629,0,39.3028869629,39.3028869629,1
972,115,0,0.001,0.01,0.5,0.9,41.9471168518,0,41.9471168518,41.9471168518,39.3028869629,0,39.3028869629,39.3028869629,1
973,96,0,0.001,0.001,0.5,0.1,41.8269233704,0,41.8269233704,41.8269233704,39.1826934814,0,39.1826934814,39.1826934814,1
974,97,0,0.001,0.001,0.5,0.3,41.8269233704,0,41.8269233704,41.8269233704,39.1826934814,0,39.1826934814,39.1826934814,1
975,98,0,0.001,0.001,0.5,0.5,41.8269233704,0,41.8269233704,41.8269233704,39.0625,0,39.0625,39.0625,1
976,99,0,0.001,0.001,0.5,0.7,41.8269233704,0,41.8269233704,41.8269233704,39.0625,0,39.0625,39.0625,1
977,114,0,0.001,0.01,0.5,0.7,41.8269233704,0,41.8269233704,41.8269233704,39.3028869629,0,39.3028869629,39.3028869629,1
978,869,16,0.0001,0.0001,0.75,0.7,41.7067337036,0,41.7067337036,41.7067337036,44.3509635925,0,44.3509635925,44.3509635925,1
979,868,16,0.0001,0.0001,0.75,0.5,41.5865402222,0,41.5865402222,41.5865402222,44.3509635925,0,44.3509635925,44.3509635925,1
980,884,16,0.0001,0.001,0.75,0.7,41.5865402222,0,41.5865402222,41.5865402222,44.3509635925,0,44.3509635925,44.3509635925,1
981,867,16,0.0001,0.0001,0.75,0.3,41.4663467407,0,41.4663467407,41.4663467407,44.3509635925,0,44.3509635925,44.3509635925,1
982,882,16,0.0001,0.001,0.75,0.3,41.4663467407,0,41.4663467407,41.4663467407,44.3509635925,0,44.3509635925,44.3509635925,1
983,899,16,0.0001,0.01,0.75,0.7,41.4663467407,0,41.4663467407,41.4663467407,43.9903869629,0,43.9903869629,43.9903869629,1
984,883,16,0.0001,0.001,0.75,0.5,41.346157074,0,41.346157074,41.346157074,44.3509635925,0,44.3509635925,44.3509635925,1
985,897,16,0.0001,0.01,0.75,0.3,41.346157074,0,41.346157074,41.346157074,44.3509635925,0,44.3509635925,44.3509635925,1
986,898,16,0.0001,0.01,0.75,0.5,41.346157074,0,41.346157074,41.346157074,44.3509635925,0,44.3509635925,44.3509635925,1
987,870,16,0.0001,0.0001,0.75,0.9,41.2259635925,0,41.2259635925,41.2259635925,43.0288467407,0,43.0288467407,43.0288467407,1
988,881,16,0.0001,0.001,0.75,0.1,41.2259635925,0,41.2259635925,41.2259635925,44.5913467407,0,44.5913467407,44.5913467407,1
989,854,16,0.0001,0,0.75,0.7,41.1057701111,0,41.1057701111,41.1057701111,44.2307701111,0,44.2307701111,44.2307701111,1
990,855,16,0.0001,0,0.75,0.9,41.1057701111,0,41.1057701111,41.1057701111,43.0288467407,0,43.0288467407,43.0288467407,1
991,866,16,0.0001,0.0001,0.75,0.1,41.1057701111,0,41.1057701111,41.1057701111,44.471157074,0,44.471157074,44.471157074,1
992,896,16,0.0001,0.01,0.75,0.1,41.1057701111,0,41.1057701111,41.1057701111,44.1105766296,0,44.1105766296,44.1105766296,1
993,1136,64,0.01,0.01,0.75,0.1,41.1057701111,0,41.1057701111,41.1057701111,44.2307701111,0,44.2307701111,44.2307701111,1
994,1137,64,0.01,0.01,0.75,0.3,41.1057701111,0,41.1057701111,41.1057701111,44.2307701111,0,44.2307701111,44.2307701111,1
995,1138,64,0.01,0.01,0.75,0.5,41.1057701111,0,41.1057701111,41.1057701111,44.2307701111,0,44.2307701111,44.2307701111,1
996,1139,64,0.01,0.01,0.75,0.7,41.1057701111,0,41.1057701111,41.1057701111,44.2307701111,0,44.2307701111,44.2307701111,1
997,1106,64,0.01,0.0001,0.75,0.1,40.9855766296,0,40.9855766296,40.9855766296,43.8701934814,0,43.8701934814,43.8701934814,1
998,1107,64,0.01,0.0001,0.75,0.3,40.9855766296,0,40.9855766296,40.9855766296,43.9903869629,0,43.9903869629,43.9903869629,1
999,1108,64,0.01,0.0001,0.75,0.5,40.9855766296,0,40.9855766296,40.9855766296,43.9903869629,0,43.9903869629,43.9903869629,1
1000,1109,64,0.01,0.0001,0.75,0.7,40.9855766296,0,40.9855766296,40.9855766296,43.9903869629,0,43.9903869629,43.9903869629,1
1001,1121,64,0.01,0.001,0.75,0.1,40.9855766296,0,40.9855766296,40.9855766296,43.9903869629,0,43.9903869629,43.9903869629,1
1002,1122,64,0.01,0.001,0.75,0.3,40.9855766296,0,40.9855766296,40.9855766296,44.1105766296,0,44.1105766296,44.1105766296,1
1003,1123,64,0.01,0.001,0.75,0.5,40.9855766296,0,40.9855766296,40.9855766296,44.1105766296,0,44.1105766296,44.1105766296,1
1004,1124,64,0.01,0.001,0.75,0.7,40.9855766296,0,40.9855766296,40.9855766296,44.1105766296,0,44.1105766296,44.1105766296,1
1005,1140,64,0.01,0.01,0.75,0.9,40.9855766296,0,40.9855766296,40.9855766296,44.471157074,0,44.471157074,44.471157074,1
1006,1125,64,0.01,0.001,0.75,0.9,40.8653869629,0,40.8653869629,40.8653869629,44.3509635925,0,44.3509635925,44.3509635925,1
1007,851,16,0.0001,0,0.75,0.1,40.7451934814,0,40.7451934814,40.7451934814,42.6682701111,0,42.6682701111,42.6682701111,1
1008,852,16,0.0001,0,0.75,0.3,40.7451934814,0,40.7451934814,40.7451934814,42.7884635925,0,42.7884635925,42.7884635925,1
1009,853,16,0.0001,0,0.75,0.5,40.7451934814,0,40.7451934814,40.7451934814,42.6682701111,0,42.6682701111,42.6682701111,1
1010,1110,64,0.01,0.0001,0.75,0.9,40.7451934814,0,40.7451934814,40.7451934814,44.2307701111,0,44.2307701111,44.2307701111,1
1011,1095,64,0.01,0,0.75,0.9,40.6250038147,0,40.6250038147,40.6250038147,43.6298103333,0,43.6298103333,43.6298103333,1
1012,1091,64,0.01,0,0.75,0.1,40.5048103333,0,40.5048103333,40.5048103333,42.7884635925,0,42.7884635925,42.7884635925,1
1013,1092,64,0.01,0,0.75,0.3,40.5048103333,0,40.5048103333,40.5048103333,42.908657074,0,42.908657074,42.908657074,1
1014,1093,64,0.01,0,0.75,0.5,40.5048103333,0,40.5048103333,40.5048103333,42.908657074,0,42.908657074,42.908657074,1
1015,1094,64,0.01,0,0.75,0.7,40.5048103333,0,40.5048103333,40.5048103333,42.908657074,0,42.908657074,42.908657074,1
1016,1050,32,0.0001,0.0001,0.75,0.9,39.783657074,0,39.783657074,39.783657074,42.1875038147,0,42.1875038147,42.1875038147,1
1017,1065,32,0.0001,0.001,0.75,0.9,39.783657074,0,39.783657074,39.783657074,42.1875038147,0,42.1875038147,42.1875038147,1
1018,1080,32,0.0001,0.01,0.75,0.9,39.783657074,0,39.783657074,39.783657074,42.1875038147,0,42.1875038147,42.1875038147,1
1019,1035,32,0.0001,0,0.75,0.9,39.6634635925,0,39.6634635925,39.6634635925,42.0673103333,0,42.0673103333,42.0673103333,1
1020,1046,32,0.0001,0.0001,0.75,0.1,39.6634635925,0,39.6634635925,39.6634635925,42.0673103333,0,42.0673103333,42.0673103333,1
1021,1048,32,0.0001,0.0001,0.75,0.5,39.6634635925,0,39.6634635925,39.6634635925,42.0673103333,0,42.0673103333,42.0673103333,1
1022,1061,32,0.0001,0.001,0.75,0.1,39.6634635925,0,39.6634635925,39.6634635925,42.0673103333,0,42.0673103333,42.0673103333,1
1023,1063,32,0.0001,0.001,0.75,0.5,39.6634635925,0,39.6634635925,39.6634635925,42.0673103333,0,42.0673103333,42.0673103333,1
1024,1076,32,0.0001,0.01,0.75,0.1,39.6634635925,0,39.6634635925,39.6634635925,42.0673103333,0,42.0673103333,42.0673103333,1
1025,1078,32,0.0001,0.01,0.75,0.5,39.6634635925,0,39.6634635925,39.6634635925,42.0673103333,0,42.0673103333,42.0673103333,1
1026,160,0,0.0001,0.001,0.5,0.9,39.5432701111,0,39.5432701111,39.5432701111,37.3798103333,0,37.3798103333,37.3798103333,1
1027,174,0,0.0001,0.01,0.5,0.7,39.5432701111,0,39.5432701111,39.5432701111,37.8605766296,0,37.8605766296,37.8605766296,1
1028,1032,32,0.0001,0,0.75,0.3,39.5432701111,0,39.5432701111,39.5432701111,41.9471168518,0,41.9471168518,41.9471168518,1
1029,1033,32,0.0001,0,0.75,0.5,39.5432701111,0,39.5432701111,39.5432701111,41.9471168518,0,41.9471168518,41.9471168518,1
1030,1047,32,0.0001,0.0001,0.75,0.3,39.5432701111,0,39.5432701111,39.5432701111,42.0673103333,0,42.0673103333,42.0673103333,1
1031,1049,32,0.0001,0.0001,0.75,0.7,39.5432701111,0,39.5432701111,39.5432701111,42.0673103333,0,42.0673103333,42.0673103333,1
1032,1062,32,0.0001,0.001,0.75,0.3,39.5432701111,0,39.5432701111,39.5432701111,42.0673103333,0,42.0673103333,42.0673103333,1
1033,1064,32,0.0001,0.001,0.75,0.7,39.5432701111,0,39.5432701111,39.5432701111,42.0673103333,0,42.0673103333,42.0673103333,1
1034,1077,32,0.0001,0.01,0.75,0.3,39.5432701111,0,39.5432701111,39.5432701111,42.0673103333,0,42.0673103333,42.0673103333,1
1035,1079,32,0.0001,0.01,0.75,0.7,39.5432701111,0,39.5432701111,39.5432701111,42.0673103333,0,42.0673103333,42.0673103333,1
1036,143,0,0.0001,0.0001,0.5,0.5,39.4230766296,0,39.4230766296,39.4230766296,37.9807701111,0,37.9807701111,37.9807701111,1
1037,159,0,0.0001,0.001,0.5,0.7,39.4230766296,0,39.4230766296,39.4230766296,37.8605766296,0,37.8605766296,37.8605766296,1
1038,175,0,0.0001,0.01,0.5,0.9,39.4230766296,0,39.4230766296,39.4230766296,37.5,0,37.5,37.5,1
1039,1031,32,0.0001,0,0.75,0.1,39.4230766296,0,39.4230766296,39.4230766296,41.9471168518,0,41.9471168518,41.9471168518,1
1040,1034,32,0.0001,0,0.75,0.7,39.4230766296,0,39.4230766296,39.4230766296,41.9471168518,0,41.9471168518,41.9471168518,1
1041,158,0,0.0001,0.001,0.5,0.5,39.3028869629,0,39.3028869629,39.3028869629,37.8605766296,0,37.8605766296,37.8605766296,1
1042,141,0,0.0001,0.0001,0.5,0.1,39.1826934814,0,39.1826934814,39.1826934814,37.9807701111,0,37.9807701111,37.9807701111,1
1043,142,0,0.0001,0.0001,0.5,0.3,39.1826934814,0,39.1826934814,39.1826934814,38.3413467407,0,38.3413467407,38.3413467407,1
1044,145,0,0.0001,0.0001,0.5,0.9,39.1826934814,0,39.1826934814,39.1826934814,37.9807701111,0,37.9807701111,37.9807701111,1
1045,157,0,0.0001,0.001,0.5,0.3,39.1826934814,0,39.1826934814,39.1826934814,37.7403869629,0,37.7403869629,37.7403869629,1
1046,173,0,0.0001,0.01,0.5,0.5,39.1826934814,0,39.1826934814,39.1826934814,37.7403869629,0,37.7403869629,37.7403869629,1
1047,1090,64,0.01,0,0.5,0.9,39.1826934814,0,39.1826934814,39.1826934814,43.7500038147,0,43.7500038147,43.7500038147,1
1048,156,0,0.0001,0.001,0.5,0.1,39.0625,0,39.0625,39.0625,37.8605766296,0,37.8605766296,37.8605766296,1
1049,171,0,0.0001,0.01,0.5,0.1,39.0625,0,39.0625,39.0625,37.7403869629,0,37.7403869629,37.7403869629,1
1050,172,0,0.0001,0.01,0.5,0.3,39.0625,0,39.0625,39.0625,37.9807701111,0,37.9807701111,37.9807701111,1
1051,144,0,0.0001,0.0001,0.5,0.7,38.9423103333,0,38.9423103333,38.9423103333,37.9807701111,0,37.9807701111,37.9807701111,1
1052,1086,64,0.01,0,0.5,0.1,38.9423103333,0,38.9423103333,38.9423103333,43.3894233704,0,43.3894233704,43.3894233704,1
1053,1087,64,0.01,0,0.5,0.3,38.9423103333,0,38.9423103333,38.9423103333,43.3894233704,0,43.3894233704,43.3894233704,1
1054,1088,64,0.01,0,0.5,0.5,38.9423103333,0,38.9423103333,38.9423103333,43.3894233704,0,43.3894233704,43.3894233704,1
1055,1206,64,0.0001,0,0.5,0.1,38.9423103333,0,38.9423103333,38.9423103333,41.8269233704,0,41.8269233704,41.8269233704,1
1056,1207,64,0.0001,0,0.5,0.3,38.9423103333,0,38.9423103333,38.9423103333,41.8269233704,0,41.8269233704,41.8269233704,1
1057,1221,64,0.0001,0.0001,0.5,0.1,38.9423103333,0,38.9423103333,38.9423103333,42.0673103333,0,42.0673103333,42.0673103333,1
1058,1222,64,0.0001,0.0001,0.5,0.3,38.9423103333,0,38.9423103333,38.9423103333,42.0673103333,0,42.0673103333,42.0673103333,1
1059,1223,64,0.0001,0.0001,0.5,0.5,38.9423103333,0,38.9423103333,38.9423103333,42.0673103333,0,42.0673103333,42.0673103333,1
1060,1236,64,0.0001,0.001,0.5,0.1,38.9423103333,0,38.9423103333,38.9423103333,42.0673103333,0,42.0673103333,42.0673103333,1
1061,1237,64,0.0001,0.001,0.5,0.3,38.9423103333,0,38.9423103333,38.9423103333,42.0673103333,0,42.0673103333,42.0673103333,1
1062,1238,64,0.0001,0.001,0.5,0.5,38.9423103333,0,38.9423103333,38.9423103333,42.0673103333,0,42.0673103333,42.0673103333,1
1063,1251,64,0.0001,0.01,0.5,0.1,38.9423103333,0,38.9423103333,38.9423103333,42.0673103333,0,42.0673103333,42.0673103333,1
1064,1252,64,0.0001,0.01,0.5,0.3,38.9423103333,0,38.9423103333,38.9423103333,42.0673103333,0,42.0673103333,42.0673103333,1
1065,1253,64,0.0001,0.01,0.5,0.5,38.9423103333,0,38.9423103333,38.9423103333,42.0673103333,0,42.0673103333,42.0673103333,1
1066,1089,64,0.01,0,0.5,0.7,38.8221168518,0,38.8221168518,38.8221168518,44.471157074,0,44.471157074,44.471157074,1
1067,1208,64,0.0001,0,0.5,0.5,38.8221168518,0,38.8221168518,38.8221168518,41.8269233704,0,41.8269233704,41.8269233704,1
1068,1165,64,0.001,0.0001,0.5,0.9,38.4615402222,0,38.4615402222,38.4615402222,42.5480766296,0,42.5480766296,42.5480766296,1
1069,1180,64,0.001,0.001,0.5,0.9,38.4615402222,0,38.4615402222,38.4615402222,42.4278869629,0,42.4278869629,42.4278869629,1
1070,1163,64,0.001,0.0001,0.5,0.5,38.3413467407,0,38.3413467407,38.3413467407,42.5480766296,0,42.5480766296,42.5480766296,1
1071,1210,64,0.0001,0,0.5,0.9,38.3413467407,0,38.3413467407,38.3413467407,41.7067337036,0,41.7067337036,41.7067337036,1
1072,1225,64,0.0001,0.0001,0.5,0.9,38.3413467407,0,38.3413467407,38.3413467407,41.7067337036,0,41.7067337036,41.7067337036,1
1073,1239,64,0.0001,0.001,0.5,0.7,38.3413467407,0,38.3413467407,38.3413467407,42.1875038147,0,42.1875038147,42.1875038147,1
1074,1240,64,0.0001,0.001,0.5,0.9,38.3413467407,0,38.3413467407,38.3413467407,41.8269233704,0,41.8269233704,41.8269233704,1
1075,1254,64,0.0001,0.01,0.5,0.7,38.3413467407,0,38.3413467407,38.3413467407,42.1875038147,0,42.1875038147,42.1875038147,1
1076,1255,64,0.0001,0.01,0.5,0.9,38.3413467407,0,38.3413467407,38.3413467407,41.9471168518,0,41.9471168518,41.9471168518,1
1077,146,0,0.0001,0.0001,0.75,0.1,38.221157074,0,38.221157074,38.221157074,37.8605766296,0,37.8605766296,37.8605766296,1
1078,147,0,0.0001,0.0001,0.75,0.3,38.221157074,0,38.221157074,38.221157074,37.8605766296,0,37.8605766296,37.8605766296,1
1079,150,0,0.0001,0.0001,0.75,0.9,38.221157074,0,38.221157074,38.221157074,37.5,0,37.5,37.5,1
1080,162,0,0.0001,0.001,0.75,0.3,38.221157074,0,38.221157074,38.221157074,37.8605766296,0,37.8605766296,37.8605766296,1
1081,178,0,0.0001,0.01,0.75,0.5,38.221157074,0,38.221157074,38.221157074,37.3798103333,0,37.3798103333,37.3798103333,1
1082,1150,64,0.001,0,0.5,0.9,38.221157074,0,38.221157074,38.221157074,43.1490402222,0,43.1490402222,43.1490402222,1
1083,1162,64,0.001,0.0001,0.5,0.3,38.221157074,0,38.221157074,38.221157074,41.4663467407,0,41.4663467407,41.4663467407,1
1084,1195,64,0.001,0.01,0.5,0.9,38.221157074,0,38.221157074,38.221157074,41.4663467407,0,41.4663467407,41.4663467407,1
1085,1209,64,0.0001,0,0.5,0.7,38.221157074,0,38.221157074,38.221157074,42.0673103333,0,42.0673103333,42.0673103333,1
1086,1224,64,0.0001,0.0001,0.5,0.7,38.221157074,0,38.221157074,38.221157074,42.3076934814,0,42.3076934814,42.3076934814,1
1087,148,0,0.0001,0.0001,0.75,0.5,38.1009635925,0,38.1009635925,38.1009635925,37.7403869629,0,37.7403869629,37.7403869629,1
1088,163,0,0.0001,0.001,0.75,0.5,38.1009635925,0,38.1009635925,38.1009635925,37.7403869629,0,37.7403869629,37.7403869629,1
1089,164,0,0.0001,0.001,0.75,0.7,38.1009635925,0,38.1009635925,38.1009635925,37.6201934814,0,37.6201934814,37.6201934814,1
1090,177,0,0.0001,0.01,0.75,0.3,38.1009635925,0,38.1009635925,38.1009635925,37.5,0,37.5,37.5,1
1091,179,0,0.0001,0.01,0.75,0.7,38.1009635925,0,38.1009635925,38.1009635925,37.7403869629,0,37.7403869629,37.7403869629,1
1092,1147,64,0.001,0,0.5,0.3,38.1009635925,0,38.1009635925,38.1009635925,43.3894233704,0,43.3894233704,43.3894233704,1
1093,1148,64,0.001,0,0.5,0.5,38.1009635925,0,38.1009635925,38.1009635925,43.2692337036,0,43.2692337036,43.2692337036,1
1094,1161,64,0.001,0.0001,0.5,0.1,38.1009635925,0,38.1009635925,38.1009635925,41.5865402222,0,41.5865402222,41.5865402222,1
1095,1164,64,0.001,0.0001,0.5,0.7,38.1009635925,0,38.1009635925,38.1009635925,41.5865402222,0,41.5865402222,41.5865402222,1
1096,136,0,0.0001,0.0001,0.25,0.1,37.9807701111,0,37.9807701111,37.9807701111,36.5384635925,0,36.5384635925,36.5384635925,1
1097,138,0,0.0001,0.0001,0.25,0.5,37.9807701111,0,37.9807701111,37.9807701111,36.658657074,0,36.658657074,36.658657074,1
1098,149,0,0.0001,0.0001,0.75,0.7,37.9807701111,0,37.9807701111,37.9807701111,37.7403869629,0,37.7403869629,37.7403869629,1
1099,161,0,0.0001,0.001,0.75,0.1,37.9807701111,0,37.9807701111,37.9807701111,37.7403869629,0,37.7403869629,37.7403869629,1
1100,176,0,0.0001,0.01,0.75,0.1,37.9807701111,0,37.9807701111,37.9807701111,37.5,0,37.5,37.5,1
1101,180,0,0.0001,0.01,0.75,0.9,37.9807701111,0,37.9807701111,37.9807701111,37.8605766296,0,37.8605766296,37.8605766296,1
1102,1146,64,0.001,0,0.5,0.1,37.9807701111,0,37.9807701111,37.9807701111,43.2692337036,0,43.2692337036,43.2692337036,1
1103,1149,64,0.001,0,0.5,0.7,37.9807701111,0,37.9807701111,37.9807701111,43.0288467407,0,43.0288467407,43.0288467407,1
1104,1176,64,0.001,0.001,0.5,0.1,37.9807701111,0,37.9807701111,37.9807701111,41.7067337036,0,41.7067337036,41.7067337036,1
1105,1177,64,0.001,0.001,0.5,0.3,37.9807701111,0,37.9807701111,37.9807701111,41.7067337036,0,41.7067337036,41.7067337036,1
1106,1178,64,0.001,0.001,0.5,0.5,37.9807701111,0,37.9807701111,37.9807701111,41.346157074,0,41.346157074,41.346157074,1
1107,1191,64,0.001,0.01,0.5,0.1,37.9807701111,0,37.9807701111,37.9807701111,41.7067337036,0,41.7067337036,41.7067337036,1
1108,1192,64,0.001,0.01,0.5,0.3,37.9807701111,0,37.9807701111,37.9807701111,41.7067337036,0,41.7067337036,41.7067337036,1
1109,1193,64,0.001,0.01,0.5,0.5,37.9807701111,0,37.9807701111,37.9807701111,41.346157074,0,41.346157074,41.346157074,1
1110,1194,64,0.001,0.01,0.5,0.7,37.9807701111,0,37.9807701111,37.9807701111,41.7067337036,0,41.7067337036,41.7067337036,1
1111,155,0,0.0001,0.001,0.25,0.9,37.8605766296,0,37.8605766296,37.8605766296,36.8990402222,0,36.8990402222,36.8990402222,1
1112,169,0,0.0001,0.01,0.25,0.7,37.8605766296,0,37.8605766296,37.8605766296,36.8990402222,0,36.8990402222,36.8990402222,1
1113,1179,64,0.001,0.001,0.5,0.7,37.8605766296,0,37.8605766296,37.8605766296,41.7067337036,0,41.7067337036,41.7067337036,1
1114,137,0,0.0001,0.0001,0.25,0.3,37.7403869629,0,37.7403869629,37.7403869629,36.7788467407,0,36.7788467407,36.7788467407,1
1115,139,0,0.0001,0.0001,0.25,0.7,37.7403869629,0,37.7403869629,37.7403869629,36.658657074,0,36.658657074,36.658657074,1
1116,140,0,0.0001,0.0001,0.25,0.9,37.7403869629,0,37.7403869629,37.7403869629,36.8990402222,0,36.8990402222,36.8990402222,1
1117,165,0,0.0001,0.001,0.75,0.9,37.7403869629,0,37.7403869629,37.7403869629,37.5,0,37.5,37.5,1
1118,166,0,0.0001,0.01,0.25,0.1,37.7403869629,0,37.7403869629,37.7403869629,36.8990402222,0,36.8990402222,36.8990402222,1
1119,167,0,0.0001,0.01,0.25,0.3,37.7403869629,0,37.7403869629,37.7403869629,36.7788467407,0,36.7788467407,36.7788467407,1
1120,71,0,0.001,0,0.75,0.1,37.6201934814,0,37.6201934814,37.6201934814,37.1394233704,0,37.1394233704,37.1394233704,1
1121,72,0,0.001,0,0.75,0.3,37.6201934814,0,37.6201934814,37.6201934814,37.1394233704,0,37.1394233704,37.1394233704,1
1122,152,0,0.0001,0.001,0.25,0.3,37.6201934814,0,37.6201934814,37.6201934814,36.7788467407,0,36.7788467407,36.7788467407,1
1123,153,0,0.0001,0.001,0.25,0.5,37.6201934814,0,37.6201934814,37.6201934814,37.0192337036,0,37.0192337036,37.0192337036,1
1124,168,0,0.0001,0.01,0.25,0.5,37.6201934814,0,37.6201934814,37.6201934814,36.4182701111,0,36.4182701111,36.4182701111,1
1125,170,0,0.0001,0.01,0.25,0.9,37.6201934814,0,37.6201934814,37.6201934814,36.8990402222,0,36.8990402222,36.8990402222,1
1126,73,0,0.001,0,0.75,0.5,37.5,0,37.5,37.5,37.3798103333,0,37.3798103333,37.3798103333,1
1127,74,0,0.001,0,0.75,0.7,37.5,0,37.5,37.5,37.0192337036,0,37.0192337036,37.0192337036,1
1128,151,0,0.0001,0.001,0.25,0.1,37.5,0,37.5,37.5,36.658657074,0,36.658657074,36.658657074,1
1129,154,0,0.0001,0.001,0.25,0.7,37.5,0,37.5,37.5,36.7788467407,0,36.7788467407,36.7788467407,1
1130,75,0,0.001,0,0.75,0.9,37.3798103333,0,37.3798103333,37.3798103333,36.5384635925,0,36.5384635925,36.5384635925,1
1131,76,0,0.001,0.0001,0.25,0.1,37.3798103333,0,37.3798103333,37.3798103333,37.3798103333,0,37.3798103333,37.3798103333,1
1132,77,0,0.001,0.0001,0.25,0.3,37.3798103333,0,37.3798103333,37.3798103333,37.3798103333,0,37.3798103333,37.3798103333,1
1133,78,0,0.001,0.0001,0.25,0.5,37.3798103333,0,37.3798103333,37.3798103333,37.3798103333,0,37.3798103333,37.3798103333,1
1134,79,0,0.001,0.0001,0.25,0.7,37.3798103333,0,37.3798103333,37.3798103333,37.3798103333,0,37.3798103333,37.3798103333,1
1135,70,0,0.001,0,0.5,0.9,37.1394233704,0,37.1394233704,37.1394233704,37.0192337036,0,37.0192337036,37.0192337036,1
1136,80,0,0.001,0.0001,0.25,0.9,37.1394233704,0,37.1394233704,37.1394233704,37.3798103333,0,37.3798103333,37.3798103333,1
1137,91,0,0.001,0.001,0.25,0.1,37.1394233704,0,37.1394233704,37.1394233704,37.5,0,37.5,37.5,1
1138,92,0,0.001,0.001,0.25,0.3,37.1394233704,0,37.1394233704,37.1394233704,37.6201934814,0,37.6201934814,37.6201934814,1
1139,93,0,0.001,0.001,0.25,0.5,37.1394233704,0,37.1394233704,37.1394233704,37.5,0,37.5,37.5,1
1140,94,0,0.001,0.001,0.25,0.7,37.1394233704,0,37.1394233704,37.1394233704,37.5,0,37.5,37.5,1
1141,95,0,0.001,0.001,0.25,0.9,37.1394233704,0,37.1394233704,37.1394233704,37.5,0,37.5,37.5,1
1142,106,0,0.001,0.01,0.25,0.1,37.1394233704,0,37.1394233704,37.1394233704,37.3798103333,0,37.3798103333,37.3798103333,1
1143,107,0,0.001,0.01,0.25,0.3,37.1394233704,0,37.1394233704,37.1394233704,37.5,0,37.5,37.5,1
1144,108,0,0.001,0.01,0.25,0.5,37.1394233704,0,37.1394233704,37.1394233704,37.2596168518,0,37.2596168518,37.2596168518,1
1145,109,0,0.001,0.01,0.25,0.7,37.1394233704,0,37.1394233704,37.1394233704,37.1394233704,0,37.1394233704,37.1394233704,1
1146,66,0,0.001,0,0.5,0.1,37.0192337036,0,37.0192337036,37.0192337036,37.0192337036,0,37.0192337036,37.0192337036,1
1147,67,0,0.001,0,0.5,0.3,37.0192337036,0,37.0192337036,37.0192337036,37.0192337036,0,37.0192337036,37.0192337036,1
1148,68,0,0.001,0,0.5,0.5,37.0192337036,0,37.0192337036,37.0192337036,37.0192337036,0,37.0192337036,37.0192337036,1
1149,69,0,0.001,0,0.5,0.7,36.8990402222,0,36.8990402222,36.8990402222,37.1394233704,0,37.1394233704,37.1394233704,1
1150,110,0,0.001,0.01,0.25,0.9,36.8990402222,0,36.8990402222,36.8990402222,37.2596168518,0,37.2596168518,37.2596168518,1
1151,65,0,0.001,0,0.25,0.9,35.6971168518,0,35.6971168518,35.6971168518,34.9759635925,0,34.9759635925,34.9759635925,1
1152,61,0,0.001,0,0.25,0.1,35.5769233704,0,35.5769233704,35.5769233704,34.9759635925,0,34.9759635925,34.9759635925,1
1153,62,0,0.001,0,0.25,0.3,35.5769233704,0,35.5769233704,35.5769233704,34.9759635925,0,34.9759635925,34.9759635925,1
1154,63,0,0.001,0,0.25,0.5,35.5769233704,0,35.5769233704,35.5769233704,34.9759635925,0,34.9759635925,34.9759635925,1
1155,64,0,0.001,0,0.25,0.7,35.5769233704,0,35.5769233704,35.5769233704,34.9759635925,0,34.9759635925,34.9759635925,1
1156,126,0,0.0001,0,0.5,0.1,34.7355766296,0,34.7355766296,34.7355766296,32.5721168518,0,32.5721168518,32.5721168518,1
1157,127,0,0.0001,0,0.5,0.3,34.7355766296,0,34.7355766296,34.7355766296,32.5721168518,0,32.5721168518,32.5721168518,1
1158,128,0,0.0001,0,0.5,0.5,34.7355766296,0,34.7355766296,34.7355766296,32.6923103333,0,32.6923103333,32.6923103333,1
1159,130,0,0.0001,0,0.5,0.9,34.7355766296,0,34.7355766296,34.7355766296,33.2932701111,0,33.2932701111,33.2932701111,1
1160,129,0,0.0001,0,0.5,0.7,34.6153869629,0,34.6153869629,34.6153869629,32.5721168518,0,32.5721168518,32.5721168518,1
1161,1152,64,0.001,0,0.75,0.3,34.2548103333,0,34.2548103333,34.2548103333,36.7788467407,0,36.7788467407,36.7788467407,1
1162,1153,64,0.001,0,0.75,0.5,34.2548103333,0,34.2548103333,34.2548103333,36.7788467407,0,36.7788467407,36.7788467407,1
1163,1154,64,0.001,0,0.75,0.7,34.2548103333,0,34.2548103333,34.2548103333,36.658657074,0,36.658657074,36.658657074,1
1164,133,0,0.0001,0,0.75,0.5,34.1346168518,0,34.1346168518,34.1346168518,33.1730766296,0,33.1730766296,33.1730766296,1
1165,1167,64,0.001,0.0001,0.75,0.3,34.1346168518,0,34.1346168518,34.1346168518,37.0192337036,0,37.0192337036,37.0192337036,1
1166,1168,64,0.001,0.0001,0.75,0.5,34.1346168518,0,34.1346168518,34.1346168518,37.0192337036,0,37.0192337036,37.0192337036,1
1167,1169,64,0.001,0.0001,0.75,0.7,34.1346168518,0,34.1346168518,34.1346168518,37.0192337036,0,37.0192337036,37.0192337036,1
1168,1182,64,0.001,0.001,0.75,0.3,34.1346168518,0,34.1346168518,34.1346168518,36.8990402222,0,36.8990402222,36.8990402222,1
1169,1183,64,0.001,0.001,0.75,0.5,34.1346168518,0,34.1346168518,34.1346168518,36.8990402222,0,36.8990402222,36.8990402222,1
1170,1184,64,0.001,0.001,0.75,0.7,34.1346168518,0,34.1346168518,34.1346168518,36.7788467407,0,36.7788467407,36.7788467407,1
1171,1197,64,0.001,0.01,0.75,0.3,34.1346168518,0,34.1346168518,34.1346168518,36.8990402222,0,36.8990402222,36.8990402222,1
1172,1198,64,0.001,0.01,0.75,0.5,34.1346168518,0,34.1346168518,34.1346168518,36.8990402222,0,36.8990402222,36.8990402222,1
1173,1199,64,0.001,0.01,0.75,0.7,34.1346168518,0,34.1346168518,34.1346168518,36.7788467407,0,36.7788467407,36.7788467407,1
1174,134,0,0.0001,0,0.75,0.7,34.0144233704,0,34.0144233704,34.0144233704,33.1730766296,0,33.1730766296,33.1730766296,1
1175,1151,64,0.001,0,0.75,0.1,34.0144233704,0,34.0144233704,34.0144233704,36.8990402222,0,36.8990402222,36.8990402222,1
1176,131,0,0.0001,0,0.75,0.1,33.8942337036,0,33.8942337036,33.8942337036,33.4134635925,0,33.4134635925,33.4134635925,1
1177,132,0,0.0001,0,0.75,0.3,33.8942337036,0,33.8942337036,33.8942337036,33.4134635925,0,33.4134635925,33.4134635925,1
1178,1105,64,0.01,0.0001,0.5,0.9,33.8942337036,0,33.8942337036,33.8942337036,40.0240402222,0,40.0240402222,40.0240402222,1
1179,1166,64,0.001,0.0001,0.75,0.1,33.8942337036,0,33.8942337036,33.8942337036,37.1394233704,0,37.1394233704,37.1394233704,1
1180,1181,64,0.001,0.001,0.75,0.1,33.8942337036,0,33.8942337036,33.8942337036,37.0192337036,0,37.0192337036,37.0192337036,1
1181,1196,64,0.001,0.01,0.75,0.1,33.8942337036,0,33.8942337036,33.8942337036,37.0192337036,0,37.0192337036,37.0192337036,1
1182,135,0,0.0001,0,0.75,0.9,33.7740402222,0,33.7740402222,33.7740402222,33.1730766296,0,33.1730766296,33.1730766296,1
1183,1101,64,0.01,0.0001,0.5,0.1,33.7740402222,0,33.7740402222,33.7740402222,40.0240402222,0,40.0240402222,40.0240402222,1
1184,1102,64,0.01,0.0001,0.5,0.3,33.7740402222,0,33.7740402222,33.7740402222,40.0240402222,0,40.0240402222,40.0240402222,1
1185,1103,64,0.01,0.0001,0.5,0.5,33.7740402222,0,33.7740402222,33.7740402222,40.0240402222,0,40.0240402222,40.0240402222,1
1186,1120,64,0.01,0.001,0.5,0.9,33.7740402222,0,33.7740402222,33.7740402222,40.0240402222,0,40.0240402222,40.0240402222,1
1187,1134,64,0.01,0.01,0.5,0.7,33.7740402222,0,33.7740402222,33.7740402222,40.1442337036,0,40.1442337036,40.1442337036,1
1188,1135,64,0.01,0.01,0.5,0.9,33.7740402222,0,33.7740402222,33.7740402222,40.0240402222,0,40.0240402222,40.0240402222,1
1189,1155,64,0.001,0,0.75,0.9,33.7740402222,0,33.7740402222,33.7740402222,36.1778869629,0,36.1778869629,36.1778869629,1
1190,123,0,0.0001,0,0.25,0.5,33.6538467407,0,33.6538467407,33.6538467407,32.8125,0,32.8125,32.8125,1
1191,1104,64,0.01,0.0001,0.5,0.7,33.6538467407,0,33.6538467407,33.6538467407,40.0240402222,0,40.0240402222,40.0240402222,1
1192,1116,64,0.01,0.001,0.5,0.1,33.6538467407,0,33.6538467407,33.6538467407,40.1442337036,0,40.1442337036,40.1442337036,1
1193,1117,64,0.01,0.001,0.5,0.3,33.6538467407,0,33.6538467407,33.6538467407,40.1442337036,0,40.1442337036,40.1442337036,1
1194,1118,64,0.01,0.001,0.5,0.5,33.6538467407,0,33.6538467407,33.6538467407,40.0240402222,0,40.0240402222,40.0240402222,1
1195,1119,64,0.01,0.001,0.5,0.7,33.6538467407,0,33.6538467407,33.6538467407,40.1442337036,0,40.1442337036,40.1442337036,1
1196,1132,64,0.01,0.01,0.5,0.3,33.6538467407,0,33.6538467407,33.6538467407,40.0240402222,0,40.0240402222,40.0240402222,1
1197,1133,64,0.01,0.01,0.5,0.5,33.6538467407,0,33.6538467407,33.6538467407,39.9038467407,0,39.9038467407,39.9038467407,1
1198,121,0,0.0001,0,0.25,0.1,33.5336532593,0,33.5336532593,33.5336532593,32.9326934814,0,32.9326934814,32.9326934814,1
1199,122,0,0.0001,0,0.25,0.3,33.5336532593,0,33.5336532593,33.5336532593,32.9326934814,0,32.9326934814,32.9326934814,1
1200,1131,64,0.01,0.01,0.5,0.1,33.5336532593,0,33.5336532593,33.5336532593,40.0240402222,0,40.0240402222,40.0240402222,1
1201,1170,64,0.001,0.0001,0.75,0.9,33.5336532593,0,33.5336532593,33.5336532593,36.8990402222,0,36.8990402222,36.8990402222,1
1202,1185,64,0.001,0.001,0.75,0.9,33.5336532593,0,33.5336532593,33.5336532593,36.7788467407,0,36.7788467407,36.7788467407,1
1203,1200,64,0.001,0.01,0.75,0.9,33.5336532593,0,33.5336532593,33.5336532593,36.7788467407,0,36.7788467407,36.7788467407,1
1204,124,0,0.0001,0,0.25,0.7,33.4134635925,0,33.4134635925,33.4134635925,32.8125,0,32.8125,32.8125,1
1205,125,0,0.0001,0,0.25,0.9,33.2932701111,0,33.2932701111,33.2932701111,32.5721168518,0,32.5721168518,32.5721168518,1
1206,1257,64,0.0001,0.01,0.75,0.3,32.5721168518,0,32.5721168518,32.5721168518,36.2980766296,0,36.2980766296,36.2980766296,1
1207,1214,64,0.0001,0,0.75,0.7,32.4519233704,0,32.4519233704,32.4519233704,35.8173103333,0,35.8173103333,35.8173103333,1
1208,1227,64,0.0001,0.0001,0.75,0.3,32.4519233704,0,32.4519233704,32.4519233704,36.8990402222,0,36.8990402222,36.8990402222,1
1209,1229,64,0.0001,0.0001,0.75,0.7,32.4519233704,0,32.4519233704,32.4519233704,36.5384635925,0,36.5384635925,36.5384635925,1
1210,1241,64,0.0001,0.001,0.75,0.1,32.4519233704,0,32.4519233704,32.4519233704,36.7788467407,0,36.7788467407,36.7788467407,1
1211,1242,64,0.0001,0.001,0.75,0.3,32.4519233704,0,32.4519233704,32.4519233704,36.0576934814,0,36.0576934814,36.0576934814,1
1212,1243,64,0.0001,0.001,0.75,0.5,32.4519233704,0,32.4519233704,32.4519233704,35.9375,0,35.9375,35.9375,1
1213,1244,64,0.0001,0.001,0.75,0.7,32.4519233704,0,32.4519233704,32.4519233704,36.5384635925,0,36.5384635925,36.5384635925,1
1214,1259,64,0.0001,0.01,0.75,0.7,32.4519233704,0,32.4519233704,32.4519233704,36.658657074,0,36.658657074,36.658657074,1
1215,16,0,0.01,0.0001,0.25,0.1,32.3317337036,0,32.3317337036,32.3317337036,32.5721168518,0,32.5721168518,32.5721168518,1
1216,17,0,0.01,0.0001,0.25,0.3,32.3317337036,0,32.3317337036,32.3317337036,32.5721168518,0,32.5721168518,32.5721168518,1
1217,18,0,0.01,0.0001,0.25,0.5,32.3317337036,0,32.3317337036,32.3317337036,32.4519233704,0,32.4519233704,32.4519233704,1
1218,19,0,0.01,0.0001,0.25,0.7,32.3317337036,0,32.3317337036,32.3317337036,32.4519233704,0,32.4519233704,32.4519233704,1
1219,1215,64,0.0001,0,0.75,0.9,32.3317337036,0,32.3317337036,32.3317337036,36.7788467407,0,36.7788467407,36.7788467407,1
1220,1226,64,0.0001,0.0001,0.75,0.1,32.3317337036,0,32.3317337036,32.3317337036,36.7788467407,0,36.7788467407,36.7788467407,1
1221,1228,64,0.0001,0.0001,0.75,0.5,32.3317337036,0,32.3317337036,32.3317337036,36.2980766296,0,36.2980766296,36.2980766296,1
1222,1258,64,0.0001,0.01,0.75,0.5,32.3317337036,0,32.3317337036,32.3317337036,36.0576934814,0,36.0576934814,36.0576934814,1
1223,20,0,0.01,0.0001,0.25,0.9,32.2115402222,0,32.2115402222,32.2115402222,32.5721168518,0,32.5721168518,32.5721168518,1
1224,1211,64,0.0001,0,0.75,0.1,32.2115402222,0,32.2115402222,32.2115402222,37.0192337036,0,37.0192337036,37.0192337036,1
1225,1256,64,0.0001,0.01,0.75,0.1,32.2115402222,0,32.2115402222,32.2115402222,35.9375,0,35.9375,35.9375,1
1226,1212,64,0.0001,0,0.75,0.3,32.0913467407,0,32.0913467407,32.0913467407,36.2980766296,0,36.2980766296,36.2980766296,1
1227,1260,64,0.0001,0.01,0.75,0.9,32.0913467407,0,32.0913467407,32.0913467407,36.5384635925,0,36.5384635925,36.5384635925,1
1228,1213,64,0.0001,0,0.75,0.5,31.9711532593,0,31.9711532593,31.9711532593,35.2163467407,0,35.2163467407,35.2163467407,1
1229,31,0,0.01,0.001,0.25,0.1,31.8509635925,0,31.8509635925,31.8509635925,32.2115402222,0,32.2115402222,32.2115402222,1
1230,32,0,0.01,0.001,0.25,0.3,31.8509635925,0,31.8509635925,31.8509635925,32.2115402222,0,32.2115402222,32.2115402222,1
1231,33,0,0.01,0.001,0.25,0.5,31.8509635925,0,31.8509635925,31.8509635925,32.0913467407,0,32.0913467407,32.0913467407,1
1232,34,0,0.01,0.001,0.25,0.7,31.8509635925,0,31.8509635925,31.8509635925,32.0913467407,0,32.0913467407,32.0913467407,1
1233,46,0,0.01,0.01,0.25,0.1,31.8509635925,0,31.8509635925,31.8509635925,32.2115402222,0,32.2115402222,32.2115402222,1
1234,47,0,0.01,0.01,0.25,0.3,31.8509635925,0,31.8509635925,31.8509635925,32.2115402222,0,32.2115402222,32.2115402222,1
1235,48,0,0.01,0.01,0.25,0.5,31.8509635925,0,31.8509635925,31.8509635925,32.0913467407,0,32.0913467407,32.0913467407,1
1236,49,0,0.01,0.01,0.25,0.7,31.8509635925,0,31.8509635925,31.8509635925,32.0913467407,0,32.0913467407,32.0913467407,1
1237,1,0,0.01,0,0.25,0.1,31.7307701111,0,31.7307701111,31.7307701111,31.9711532593,0,31.9711532593,31.9711532593,1
1238,2,0,0.01,0,0.25,0.3,31.7307701111,0,31.7307701111,31.7307701111,31.9711532593,0,31.9711532593,31.9711532593,1
1239,3,0,0.01,0,0.25,0.5,31.7307701111,0,31.7307701111,31.7307701111,31.9711532593,0,31.9711532593,31.9711532593,1
1240,4,0,0.01,0,0.25,0.7,31.7307701111,0,31.7307701111,31.7307701111,31.9711532593,0,31.9711532593,31.9711532593,1
1241,50,0,0.01,0.01,0.25,0.9,31.7307701111,0,31.7307701111,31.7307701111,32.2115402222,0,32.2115402222,32.2115402222,1
1242,1230,64,0.0001,0.0001,0.75,0.9,31.7307701111,0,31.7307701111,31.7307701111,35.096157074,0,35.096157074,35.096157074,1
1243,1245,64,0.0001,0.001,0.75,0.9,31.7307701111,0,31.7307701111,31.7307701111,35.096157074,0,35.096157074,35.096157074,1
1244,5,0,0.01,0,0.25,0.9,31.610578537,0,31.610578537,31.610578537,31.9711532593,0,31.9711532593,31.9711532593,1
1245,35,0,0.01,0.001,0.25,0.9,31.610578537,0,31.610578537,31.610578537,32.2115402222,0,32.2115402222,32.2115402222,1
1246,24,0,0.01,0.0001,0.5,0.7,30.5288467407,0,30.5288467407,30.5288467407,31.4903850555,0,31.4903850555,31.4903850555,1
1247,25,0,0.01,0.0001,0.5,0.9,30.5288467407,0,30.5288467407,30.5288467407,31.610578537,0,31.610578537,31.610578537,1
1248,23,0,0.01,0.0001,0.5,0.5,30.4086532593,0,30.4086532593,30.4086532593,31.4903850555,0,31.4903850555,31.4903850555,1
1249,22,0,0.01,0.0001,0.5,0.3,30.2884635925,0,30.2884635925,30.2884635925,31.4903850555,0,31.4903850555,31.4903850555,1
1250,21,0,0.01,0.0001,0.5,0.1,30.1682701111,0,30.1682701111,30.1682701111,31.4903850555,0,31.4903850555,31.4903850555,1
1251,39,0,0.01,0.001,0.5,0.7,30.048078537,0,30.048078537,30.048078537,31.1298103333,0,31.1298103333,31.1298103333,1
1252,40,0,0.01,0.001,0.5,0.9,30.048078537,0,30.048078537,30.048078537,31.25,0,31.25,31.25,1
1253,55,0,0.01,0.01,0.5,0.9,30.048078537,0,30.048078537,30.048078537,31.1298103333,0,31.1298103333,31.1298103333,1
1254,36,0,0.01,0.001,0.5,0.1,29.9278850555,0,29.9278850555,29.9278850555,31.1298103333,0,31.1298103333,31.1298103333,1
1255,37,0,0.01,0.001,0.5,0.3,29.9278850555,0,29.9278850555,29.9278850555,31.1298103333,0,31.1298103333,31.1298103333,1
1256,38,0,0.01,0.001,0.5,0.5,29.9278850555,0,29.9278850555,29.9278850555,31.1298103333,0,31.1298103333,31.1298103333,1
1257,51,0,0.01,0.01,0.5,0.1,29.9278850555,0,29.9278850555,29.9278850555,31.0096168518,0,31.0096168518,31.0096168518,1
1258,52,0,0.01,0.01,0.5,0.3,29.9278850555,0,29.9278850555,29.9278850555,31.0096168518,0,31.0096168518,31.0096168518,1
1259,53,0,0.01,0.01,0.5,0.5,29.9278850555,0,29.9278850555,29.9278850555,31.0096168518,0,31.0096168518,31.0096168518,1
1260,54,0,0.01,0.01,0.5,0.7,29.9278850555,0,29.9278850555,29.9278850555,31.0096168518,0,31.0096168518,31.0096168518,1
