rank,candidate_id,x_steps,learning_rate,weight_decay,dropout,tao2,val_acc_mean,val_acc_std,val_acc_min,val_acc_max,test_acc_mean,test_acc_std,test_acc_min,test_acc_max,n
1,395,4,0.01,0.001,0.25,0.9,36.9738273621,0,36.9738273621,36.9738273621,36.9374046326,0,36.9374046326,36.9374046326,1
2,365,4,0.01,0,0.25,0.9,36.7552947998,0,36.7552947998,36.7552947998,36.1361160278,0,36.1361160278,36.1361160278,1
3,380,4,0.01,0.0001,0.25,0.9,36.7032623291,0,36.7032623291,36.7032623291,36.4587135315,0,36.4587135315,36.4587135315,1
4,415,4,0.01,0.01,0.5,0.9,36.6408233643,0,36.6408233643,36.6408233643,36.271396637,0,36.271396637,36.271396637,1
5,230,2,0.01,0.01,0.25,0.9,36.4222869873,0,36.4222869873,36.4222869873,36.3078193665,0,36.3078193665,36.3078193665,1
6,200,2,0.01,0.0001,0.25,0.9,36.2557907104,0,36.2557907104,36.2557907104,36.3078193665,0,36.3078193665,36.3078193665,1
7,400,4,0.01,0.001,0.5,0.9,36.1881446838,0,36.1881446838,36.1881446838,35.927986145,0,35.927986145,35.927986145,1
8,185,2,0.01,0,0.25,0.9,35.9592056274,0,35.9592056274,35.9592056274,36.1413192749,0,36.1413192749,36.1413192749,1
9,385,4,0.01,0.0001,0.5,0.9,35.9592056274,0,35.9592056274,35.9592056274,36.2089614868,0,36.2089614868,36.2089614868,1
10,235,2,0.01,0.01,0.5,0.9,35.9435958862,0,35.9435958862,35.9435958862,35.5741691589,0,35.5741691589,35.5741691589,1
11,370,4,0.01,0,0.5,0.9,35.8967704773,0,35.8967704773,35.8967704773,35.6418151855,0,35.6418151855,35.6418151855,1
12,205,2,0.01,0.0001,0.5,0.9,35.8707504272,0,35.8707504272,35.8707504272,35.4284820557,0,35.4284820557,35.4284820557,1
13,410,4,0.01,0.01,0.25,0.9,35.855140686,0,35.855140686,35.855140686,35.3244171143,0,35.3244171143,35.3244171143,1
14,190,2,0.01,0,0.5,0.9,35.8291282654,0,35.8291282654,35.8291282654,35.6626243591,0,35.6626243591,35.6626243591,1
15,215,2,0.01,0.001,0.25,0.9,35.7042503357,0,35.7042503357,35.7042503357,35.6626243591,0,35.6626243591,35.6626243591,1
16,565,8,0.01,0.0001,0.5,0.9,35.6366081238,0,35.6366081238,35.6366081238,35.3452301025,0,35.3452301025,35.3452301025,1
17,220,2,0.01,0.001,0.5,0.9,35.4857177734,0,35.4857177734,35.4857177734,35.0694618225,0,35.0694618225,35.0694618225,1
18,940,32,0.01,0.001,0.5,0.9,34.5023155212,0,34.5023155212,34.5023155212,34.1589050293,0,34.1589050293,34.1589050293,1
19,910,32,0.01,0,0.5,0.9,34.4919090271,0,34.4919090271,34.4919090271,34.2733726501,0,34.2733726501,34.2733726501,1
20,955,32,0.01,0.01,0.5,0.9,34.3774375916,0,34.3774375916,34.3774375916,34.1849212646,0,34.1849212646,34.1849212646,1
21,925,32,0.01,0.0001,0.5,0.9,34.2993927002,0,34.2993927002,34.2993927002,34.335811615,0,34.335811615,34.335811615,1
22,1090,64,0.01,0,0.5,0.9,33.9143562317,0,33.9143562317,33.9143562317,33.7946815491,0,33.7946815491,33.7946815491,1
23,1135,64,0.01,0.01,0.5,0.9,33.8727302551,0,33.8727302551,33.8727302551,33.7582588196,0,33.7582588196,33.7582588196,1
24,1105,64,0.01,0.0001,0.5,0.9,33.7478523254,0,33.7478523254,33.7478523254,33.6698074341,0,33.6698074341,33.6698074341,1
25,1120,64,0.01,0.001,0.5,0.9,33.737449646,0,33.737449646,33.737449646,33.7270393372,0,33.7270393372,33.7270393372,1
26,750,16,0.01,0.0001,0.75,0.9,33.6854171753,0,33.6854171753,33.6854171753,33.3107872009,0,33.3107872009,33.3107872009,1
27,945,32,0.01,0.001,0.75,0.9,33.6646003723,0,33.6646003723,33.6646003723,33.4356613159,0,33.4356613159,33.4356613159,1
28,930,32,0.01,0.0001,0.75,0.9,33.643787384,0,33.643787384,33.643787384,33.4460678101,0,33.4460678101,33.4460678101,1
29,960,32,0.01,0.01,0.75,0.9,33.6281814575,0,33.6281814575,33.6281814575,33.3732261658,0,33.3732261658,33.3732261658,1
30,765,16,0.01,0.001,0.75,0.9,33.5969581604,0,33.5969581604,33.5969581604,33.243144989,0,33.243144989,33.243144989,1
31,420,4,0.01,0.01,0.75,0.9,33.5917549133,0,33.5917549133,33.5917549133,33.586555481,0,33.586555481,33.586555481,1
32,915,32,0.01,0,0.75,0.9,33.4928970337,0,33.4928970337,33.4928970337,33.3003807068,0,33.3003807068,33.3003807068,1
33,1110,64,0.01,0.0001,0.75,0.9,33.4460678101,0,33.4460678101,33.4460678101,33.1546897888,0,33.1546897888,33.1546897888,1
34,375,4,0.01,0,0.75,0.9,33.4148483276,0,33.4148483276,33.4148483276,33.4252548218,0,33.4252548218,33.4252548218,1
35,1140,64,0.01,0.01,0.75,0.9,33.3888320923,0,33.3888320923,33.3888320923,33.2639579773,0,33.2639579773,33.2639579773,1
36,735,16,0.01,0,0.75,0.9,33.3732261658,0,33.3732261658,33.3732261658,33.0662384033,0,33.0662384033,33.0662384033,1
37,1125,64,0.01,0.001,0.75,0.9,33.3628158569,0,33.3628158569,33.3628158569,33.3888320923,0,33.3888320923,33.3888320923,1
38,780,16,0.01,0.01,0.75,0.9,33.3420028687,0,33.3420028687,33.3420028687,33.0402183533,0,33.0402183533,33.0402183533,1
39,1095,64,0.01,0,0.75,0.9,33.3211936951,0,33.3211936951,33.3211936951,33.1130638123,0,33.1130638123,33.1130638123,1
40,585,8,0.01,0.001,0.75,0.9,33.2847671509,0,33.2847671509,33.2847671509,33.1286735535,0,33.1286735535,33.1286735535,1
41,405,4,0.01,0.001,0.75,0.9,33.2327346802,0,33.2327346802,33.2327346802,33.2223320007,0,33.2223320007,33.2223320007,1
42,600,8,0.01,0.01,0.75,0.9,33.2171287537,0,33.2171287537,33.2171287537,32.9881858826,0,32.9881858826,32.9881858826,1
43,240,2,0.01,0.01,0.75,0.9,33.17029953,0,33.17029953,33.17029953,32.8893280029,0,32.8893280029,32.8893280029,1
44,570,8,0.01,0.0001,0.75,0.9,33.0714416504,0,33.0714416504,33.0714416504,33.0246086121,0,33.0246086121,33.0246086121,1
45,599,8,0.01,0.01,0.75,0.7,33.0350151062,0,33.0350151062,33.0350151062,32.6655883789,0,32.6655883789,32.6655883789,1
46,390,4,0.01,0.0001,0.75,0.9,32.9829826355,0,32.9829826355,32.9829826355,33.2327346802,0,33.2327346802,33.2327346802,1
47,554,8,0.01,0,0.75,0.7,32.9361572266,0,32.9361572266,32.9361572266,32.696811676,0,32.696811676,32.696811676,1
48,555,8,0.01,0,0.75,0.9,32.9101409912,0,32.9101409912,32.9101409912,32.696811676,0,32.696811676,32.696811676,1
49,210,2,0.01,0.0001,0.75,0.9,32.8320922852,0,32.8320922852,32.8320922852,32.9309539795,0,32.9309539795,32.9309539795,1
50,195,2,0.01,0,0.75,0.9,32.7956695557,0,32.7956695557,32.7956695557,32.675994873,0,32.675994873,32.675994873,1
51,225,2,0.01,0.001,0.75,0.9,32.6083564758,0,32.6083564758,32.6083564758,32.8164863586,0,32.8164863586,32.8164863586,1
52,404,4,0.01,0.001,0.75,0.7,32.2441329956,0,32.2441329956,32.2441329956,32.2805557251,0,32.2805557251,32.2805557251,1
53,389,4,0.01,0.0001,0.75,0.7,32.2285232544,0,32.2285232544,32.2285232544,32.1296615601,0,32.1296615601,32.1296615601,1
54,418,4,0.01,0.01,0.75,0.5,32.145275116,0,32.145275116,32.145275116,31.9943790436,0,31.9943790436,31.9943790436,1
55,419,4,0.01,0.01,0.75,0.7,32.124458313,0,32.124458313,32.124458313,32.2129135132,0,32.2129135132,32.2129135132,1
56,374,4,0.01,0,0.75,0.7,32.1088485718,0,32.1088485718,32.1088485718,32.2597427368,0,32.2597427368,32.2597427368,1
57,388,4,0.01,0.0001,0.75,0.5,32.072429657,0,32.072429657,32.072429657,32.0308036804,0,32.0308036804,32.0308036804,1
58,209,2,0.01,0.0001,0.75,0.7,32.0568161011,0,32.0568161011,32.0568161011,31.9995822906,0,31.9995822906,31.9995822906,1
59,1190,64,0.001,0.01,0.25,0.9,32.051612854,0,32.051612854,32.051612854,31.9943790436,0,31.9943790436,31.9943790436,1
60,1145,64,0.001,0,0.25,0.9,32.0464096069,0,32.0464096069,32.0464096069,32.0256004333,0,32.0256004333,32.0256004333,1
61,1175,64,0.001,0.001,0.25,0.9,31.9371452332,0,31.9371452332,31.9371452332,31.9787712097,0,31.9787712097,31.9787712097,1
62,194,2,0.01,0,0.75,0.7,31.9319419861,0,31.9319419861,31.9319419861,31.8590965271,0,31.8590965271,31.8590965271,1
63,224,2,0.01,0.001,0.75,0.7,31.9319419861,0,31.9319419861,31.9319419861,31.8642997742,0,31.8642997742,31.8642997742,1
64,1160,64,0.001,0.0001,0.25,0.9,31.9111289978,0,31.9111289978,31.9111289978,31.8799114227,0,31.8799114227,31.8799114227,1
65,15,0,0.01,0,0.75,0.9,31.8955192566,0,31.8955192566,31.8955192566,31.8747081757,0,31.8747081757,31.8747081757,1
66,30,0,0.01,0.0001,0.75,0.9,31.8851146698,0,31.8851146698,31.8851146698,31.8330821991,0,31.8330821991,31.8330821991,1
67,45,0,0.01,0.001,0.75,0.9,31.8747081757,0,31.8747081757,31.8747081757,31.8799114227,0,31.8799114227,31.8799114227,1
68,60,0,0.01,0.01,0.75,0.9,31.848690033,0,31.848690033,31.848690033,31.7446269989,0,31.7446269989,31.7446269989,1
69,239,2,0.01,0.01,0.75,0.7,31.8070640564,0,31.8070640564,31.8070640564,31.6769866943,0,31.6769866943,31.6769866943,1
70,214,2,0.01,0.001,0.25,0.7,31.7862548828,0,31.7862548828,31.7862548828,31.5833263397,0,31.5833263397,31.5833263397,1
71,1180,64,0.001,0.001,0.5,0.9,31.755033493,0,31.755033493,31.755033493,31.6197509766,0,31.6197509766,31.6197509766,1
72,1150,64,0.001,0,0.5,0.9,31.7186126709,0,31.7186126709,31.7186126709,31.2919502258,0,31.2919502258,31.2919502258,1
73,1165,64,0.001,0.0001,0.5,0.9,31.7030010223,0,31.7030010223,31.7030010223,31.5573120117,0,31.5573120117,31.5573120117,1
74,1195,64,0.001,0.01,0.5,0.9,31.5781269073,0,31.5781269073,31.5781269073,31.2659358978,0,31.2659358978,31.2659358978,1
75,199,2,0.01,0.0001,0.25,0.7,31.5312957764,0,31.5312957764,31.5312957764,31.6145477295,0,31.6145477295,31.6145477295,1
76,192,2,0.01,0,0.75,0.3,31.1878852844,0,31.1878852844,31.1878852844,31.203496933,0,31.203496933,31.203496933,1
77,184,2,0.01,0,0.25,0.7,31.1202430725,0,31.1202430725,31.1202430725,30.7404136658,0,30.7404136658,30.7404136658,1
78,965,32,0.001,0,0.25,0.9,30.9433364868,0,30.9433364868,30.9433364868,30.9641513824,0,30.9641513824,30.9641513824,1
79,222,2,0.01,0.001,0.75,0.3,30.9173202515,0,30.9173202515,30.9173202515,30.7508201599,0,30.7508201599,30.7508201599,1
80,995,32,0.001,0.001,0.25,0.9,30.886100769,0,30.886100769,30.886100769,30.6935844421,0,30.6935844421,30.6935844421,1
81,1010,32,0.001,0.01,0.25,0.9,30.8236637115,0,30.8236637115,30.8236637115,30.6883811951,0,30.6883811951,30.6883811951,1
82,980,32,0.001,0.0001,0.25,0.9,30.7716312408,0,30.7716312408,30.7716312408,30.4698467255,0,30.4698467255,30.4698467255,1
83,234,2,0.01,0.01,0.5,0.7,30.6623630524,0,30.6623630524,30.6623630524,31.0786190033,0,31.0786190033,31.0786190033,1
84,10,0,0.01,0,0.5,0.9,30.610332489,0,30.610332489,30.610332489,30.4334259033,0,30.4334259033,30.4334259033,1
85,970,32,0.001,0,0.5,0.9,30.5947246552,0,30.5947246552,30.5947246552,30.4386291504,0,30.4386291504,30.4386291504,1
86,1015,32,0.001,0.01,0.5,0.9,30.5218791962,0,30.5218791962,30.5218791962,30.4750499725,0,30.4750499725,30.4750499725,1
87,208,2,0.01,0.0001,0.75,0.5,30.4750499725,0,30.4750499725,30.4750499725,30.6051292419,0,30.6051292419,30.6051292419,1
88,1000,32,0.001,0.001,0.5,0.9,30.4698467255,0,30.4698467255,30.4698467255,30.4594402313,0,30.4594402313,30.4594402313,1
89,189,2,0.01,0,0.5,0.7,30.4334259033,0,30.4334259033,30.4334259033,30.610332489,0,30.610332489,30.610332489,1
90,223,2,0.01,0.001,0.75,0.5,30.4334259033,0,30.4334259033,30.4334259033,30.5322856903,0,30.5322856903,30.5322856903,1
91,13,0,0.01,0,0.75,0.5,30.3813934326,0,30.3813934326,30.3813934326,30.4022045135,0,30.4022045135,30.4022045135,1
92,985,32,0.001,0.0001,0.5,0.9,30.2825336456,0,30.2825336456,30.2825336456,30.2721252441,0,30.2721252441,30.2721252441,1
93,1185,64,0.001,0.001,0.75,0.9,30.1420440674,0,30.1420440674,30.1420440674,30.0275764465,0,30.0275764465,30.0275764465,1
94,1170,64,0.001,0.0001,0.75,0.9,30.1108264923,0,30.1108264923,30.1108264923,30.0067634583,0,30.0067634583,30.0067634583,1
95,238,2,0.01,0.01,0.75,0.5,29.9963569641,0,29.9963569641,29.9963569641,29.8766860962,0,29.8766860962,29.8766860962,1
96,1200,64,0.001,0.01,0.75,0.9,29.991153717,0,29.991153717,29.991153717,29.9703426361,0,29.9703426361,29.9703426361,1
97,1155,64,0.001,0,0.75,0.9,29.8558712006,0,29.8558712006,29.8558712006,29.6893692017,0,29.6893692017,29.6893692017,1
98,198,2,0.01,0.0001,0.25,0.5,29.637336731,0,29.637336731,29.637336731,29.4864444733,0,29.4864444733,29.4864444733,1
99,237,2,0.01,0.01,0.75,0.3,29.6061191559,0,29.6061191559,29.6061191559,29.5905075073,0,29.5905075073,29.5905075073,1
100,12,0,0.01,0,0.75,0.3,29.5853042603,0,29.5853042603,29.5853042603,29.5696983337,0,29.5696983337,29.5696983337,1
101,229,2,0.01,0.01,0.25,0.7,29.189863205,0,29.189863205,29.189863205,29.3719730377,0,29.3719730377,29.3719730377,1
102,57,0,0.01,0.01,0.75,0.3,29.1534423828,0,29.1534423828,29.1534423828,28.9713287354,0,28.9713287354,28.9713287354,1
103,221,2,0.01,0.001,0.75,0.1,29.1118144989,0,29.1118144989,29.1118144989,29.0753936768,0,29.0753936768,29.0753936768,1
104,28,0,0.01,0.0001,0.75,0.5,28.9401111603,0,28.9401111603,28.9401111603,29.0649852753,0,29.0649852753,29.0649852753,1
105,58,0,0.01,0.01,0.75,0.5,28.9297046661,0,28.9297046661,28.9297046661,28.7632026672,0,28.7632026672,28.7632026672,1
106,29,0,0.01,0.0001,0.75,0.7,28.7371864319,0,28.7371864319,28.7371864319,28.7736091614,0,28.7736091614,28.7736091614,1
107,34,0,0.01,0.001,0.25,0.7,28.6799526215,0,28.6799526215,28.6799526215,29.189863205,0,29.189863205,29.189863205,1
108,55,0,0.01,0.01,0.5,0.9,28.5758876801,0,28.5758876801,28.5758876801,28.5186538696,0,28.5186538696,28.5186538696,1
109,56,0,0.01,0.01,0.75,0.1,28.3625564575,0,28.3625564575,28.3625564575,28.2272758484,0,28.2272758484,28.2272758484,1
110,42,0,0.01,0.001,0.75,0.3,28.1440219879,0,28.1440219879,28.1440219879,28.4301986694,0,28.4301986694,28.4301986694,1
111,25,0,0.01,0.0001,0.5,0.9,28.0711803436,0,28.0711803436,28.0711803436,27.6237049103,0,27.6237049103,27.6237049103,1
112,285,2,0.001,0.001,0.75,0.9,27.847442627,0,27.847442627,27.847442627,27.2074489594,0,27.2074489594,27.2074489594,1
113,54,0,0.01,0.01,0.5,0.7,27.8266277313,0,27.8266277313,27.8266277313,27.6965503693,0,27.6965503693,27.6965503693,1
114,255,2,0.001,0,0.75,0.9,27.6705322266,0,27.6705322266,27.6705322266,27.2022476196,0,27.2022476196,27.2022476196,1
115,270,2,0.001,0.0001,0.75,0.9,27.6133003235,0,27.6133003235,27.6133003235,27.1606216431,0,27.1606216431,27.1606216431,1
116,20,0,0.01,0.0001,0.25,0.9,27.5872821808,0,27.5872821808,27.5872821808,27.9202880859,0,27.9202880859,27.9202880859,1
117,300,2,0.001,0.01,0.75,0.9,27.4988288879,0,27.4988288879,27.4988288879,27.3531398773,0,27.3531398773,27.3531398773,1
118,36,0,0.01,0.001,0.5,0.1,27.4832191467,0,27.4832191467,27.4832191467,27.4832191467,0,27.4832191467,27.4832191467,1
119,18,0,0.01,0.0001,0.25,0.5,27.4207801819,0,27.4207801819,27.4207801819,28.2584934235,0,28.2584934235,28.2584934235,1
120,181,2,0.01,0,0.25,0.1,27.3947658539,0,27.3947658539,27.3947658539,27.7850036621,0,27.7850036621,27.7850036621,1
121,48,0,0.01,0.01,0.25,0.5,27.1502170563,0,27.1502170563,27.1502170563,27.228263855,0,27.228263855,27.228263855,1
122,33,0,0.01,0.001,0.25,0.5,27.0513572693,0,27.0513572693,27.0513572693,27.1918411255,0,27.1918411255,27.1918411255,1
123,19,0,0.01,0.0001,0.25,0.7,27.0357456207,0,27.0357456207,27.0357456207,26.978509903,0,26.978509903,26.978509903,1
124,17,0,0.01,0.0001,0.25,0.3,27.0097293854,0,27.0097293854,27.0097293854,26.2240505219,0,26.2240505219,26.2240505219,1
125,191,2,0.01,0,0.75,0.1,26.9733066559,0,26.9733066559,26.9733066559,27.1033878326,0,27.1033878326,27.1033878326,1
126,16,0,0.01,0.0001,0.25,0.1,26.9472923279,0,26.9472923279,26.9472923279,27.0305423737,0,27.0305423737,27.0305423737,1
127,5,0,0.01,0,0.25,0.9,26.9212760925,0,26.9212760925,26.9212760925,26.8328227997,0,26.8328227997,26.8328227997,1
128,2,0,0.01,0,0.25,0.3,26.910867691,0,26.910867691,26.910867691,26.7131481171,0,26.7131481171,26.7131481171,1
129,32,0,0.01,0.001,0.25,0.3,26.879650116,0,26.879650116,26.879650116,27.1085891724,0,27.1085891724,27.1085891724,1
130,49,0,0.01,0.01,0.25,0.7,26.879650116,0,26.879650116,26.879650116,26.6246948242,0,26.6246948242,26.6246948242,1
131,4,0,0.01,0,0.25,0.7,26.8484287262,0,26.8484287262,26.8484287262,27.0201358795,0,27.0201358795,27.0201358795,1
132,1,0,0.01,0,0.25,0.1,26.7183513641,0,26.7183513641,26.7183513641,26.8016014099,0,26.8016014099,26.8016014099,1
133,3,0,0.01,0,0.25,0.5,26.6663188934,0,26.6663188934,26.6663188934,26.9733066559,0,26.9733066559,26.9733066559,1
134,46,0,0.01,0.01,0.25,0.1,26.6298980713,0,26.6298980713,26.6298980713,27.3115119934,0,27.3115119934,27.3115119934,1
135,226,2,0.01,0.01,0.25,0.1,26.6246948242,0,26.6246948242,26.6246948242,27.2594814301,0,27.2594814301,27.2594814301,1
136,35,0,0.01,0.001,0.25,0.9,26.4685993195,0,26.4685993195,26.4685993195,26.5726623535,0,26.5726623535,26.5726623535,1
137,212,2,0.01,0.001,0.25,0.3,26.4425811768,0,26.4425811768,26.4425811768,26.43217659,0,26.43217659,26.43217659,1
138,31,0,0.01,0.001,0.25,0.1,26.3905487061,0,26.3905487061,26.3905487061,26.5674591064,0,26.5674591064,26.5674591064,1
139,47,0,0.01,0.01,0.25,0.3,26.2760810852,0,26.2760810852,26.2760810852,26.0575466156,0,26.0575466156,26.0575466156,1
140,50,0,0.01,0.01,0.25,0.9,26.1928291321,0,26.1928291321,26.1928291321,25.9534835815,0,25.9534835815,25.9534835815,1
141,544,8,0.01,0,0.25,0.7,26.0055160522,0,26.0055160522,26.0055160522,26.5310382843,0,26.5310382843,26.5310382843,1
142,559,8,0.01,0.0001,0.25,0.7,26.0055160522,0,26.0055160522,26.0055160522,26.5310382843,0,26.5310382843,26.5310382843,1
143,574,8,0.01,0.001,0.25,0.7,26.0055160522,0,26.0055160522,26.0055160522,26.5310382843,0,26.5310382843,26.5310382843,1
144,589,8,0.01,0.01,0.25,0.7,26.0055160522,0,26.0055160522,26.0055160522,26.5310382843,0,26.5310382843,26.5310382843,1
145,543,8,0.01,0,0.25,0.5,25.9274654388,0,25.9274654388,25.9274654388,26.5362415314,0,26.5362415314,26.5362415314,1
146,558,8,0.01,0.0001,0.25,0.5,25.9274654388,0,25.9274654388,25.9274654388,26.5362415314,0,26.5362415314,26.5362415314,1
147,573,8,0.01,0.001,0.25,0.5,25.9274654388,0,25.9274654388,25.9274654388,26.5362415314,0,26.5362415314,26.5362415314,1
148,588,8,0.01,0.01,0.25,0.5,25.9274654388,0,25.9274654388,25.9274654388,26.5362415314,0,26.5362415314,26.5362415314,1
149,542,8,0.01,0,0.25,0.3,25.8702316284,0,25.8702316284,25.8702316284,26.4894104004,0,26.4894104004,26.4894104004,1
150,557,8,0.01,0.0001,0.25,0.3,25.8702316284,0,25.8702316284,25.8702316284,26.4894104004,0,26.4894104004,26.4894104004,1
151,572,8,0.01,0.001,0.25,0.3,25.8702316284,0,25.8702316284,25.8702316284,26.4894104004,0,26.4894104004,26.4894104004,1
152,587,8,0.01,0.01,0.25,0.3,25.8702316284,0,25.8702316284,25.8702316284,26.4894104004,0,26.4894104004,26.4894104004,1
153,186,2,0.01,0,0.5,0.1,25.8338088989,0,25.8338088989,25.8338088989,25.4383678436,0,25.4383678436,25.4383678436,1
154,201,2,0.01,0.0001,0.5,0.1,25.8338088989,0,25.8338088989,25.8338088989,25.4383678436,0,25.4383678436,25.4383678436,1
155,216,2,0.01,0.001,0.5,0.1,25.8338088989,0,25.8338088989,25.8338088989,25.4383678436,0,25.4383678436,25.4383678436,1
156,231,2,0.01,0.01,0.5,0.1,25.8286056519,0,25.8286056519,25.8286056519,25.4383678436,0,25.4383678436,25.4383678436,1
157,541,8,0.01,0,0.25,0.1,25.812997818,0,25.812997818,25.812997818,26.4894104004,0,26.4894104004,26.4894104004,1
158,556,8,0.01,0.0001,0.25,0.1,25.812997818,0,25.812997818,25.812997818,26.4894104004,0,26.4894104004,26.4894104004,1
159,571,8,0.01,0.001,0.25,0.1,25.812997818,0,25.812997818,25.812997818,26.4894104004,0,26.4894104004,26.4894104004,1
160,586,8,0.01,0.01,0.25,0.1,25.812997818,0,25.812997818,25.812997818,26.4894104004,0,26.4894104004,26.4894104004,1
161,188,2,0.01,0,0.5,0.5,25.8025913239,0,25.8025913239,25.8025913239,25.4799938202,0,25.4799938202,25.4799938202,1
162,203,2,0.01,0.0001,0.5,0.5,25.8025913239,0,25.8025913239,25.8025913239,25.4799938202,0,25.4799938202,25.4799938202,1
163,218,2,0.01,0.001,0.5,0.5,25.8025913239,0,25.8025913239,25.8025913239,25.4799938202,0,25.4799938202,25.4799938202,1
164,233,2,0.01,0.01,0.5,0.5,25.8025913239,0,25.8025913239,25.8025913239,25.4799938202,0,25.4799938202,25.4799938202,1
165,545,8,0.01,0,0.25,0.9,25.7973880768,0,25.7973880768,25.7973880768,26.43217659,0,26.43217659,26.43217659,1
166,560,8,0.01,0.0001,0.25,0.9,25.7973880768,0,25.7973880768,25.7973880768,26.43217659,0,26.43217659,26.43217659,1
167,575,8,0.01,0.001,0.25,0.9,25.7973880768,0,25.7973880768,25.7973880768,26.43217659,0,26.43217659,26.43217659,1
168,590,8,0.01,0.01,0.25,0.9,25.7973880768,0,25.7973880768,25.7973880768,26.43217659,0,26.43217659,26.43217659,1
169,409,4,0.01,0.01,0.25,0.7,25.7765731812,0,25.7765731812,25.7765731812,26.4269733429,0,26.4269733429,26.4269733429,1
170,364,4,0.01,0,0.25,0.7,25.7713699341,0,25.7713699341,25.7713699341,26.4165668488,0,26.4165668488,26.4165668488,1
171,379,4,0.01,0.0001,0.25,0.7,25.7713699341,0,25.7713699341,25.7713699341,26.4165668488,0,26.4165668488,26.4165668488,1
172,394,4,0.01,0.001,0.25,0.7,25.7713699341,0,25.7713699341,25.7713699341,26.4165668488,0,26.4165668488,26.4165668488,1
173,187,2,0.01,0,0.5,0.3,25.7557640076,0,25.7557640076,25.7557640076,25.4383678436,0,25.4383678436,25.4383678436,1
174,202,2,0.01,0.0001,0.5,0.3,25.7557640076,0,25.7557640076,25.7557640076,25.4383678436,0,25.4383678436,25.4383678436,1
175,217,2,0.01,0.001,0.5,0.3,25.7557640076,0,25.7557640076,25.7557640076,25.4383678436,0,25.4383678436,25.4383678436,1
176,232,2,0.01,0.01,0.5,0.3,25.7557640076,0,25.7557640076,25.7557640076,25.4383678436,0,25.4383678436,25.4383678436,1
177,363,4,0.01,0,0.25,0.5,25.7453556061,0,25.7453556061,25.7453556061,26.4009571075,0,26.4009571075,26.4009571075,1
178,378,4,0.01,0.0001,0.25,0.5,25.7453556061,0,25.7453556061,25.7453556061,26.4009571075,0,26.4009571075,26.4009571075,1
179,393,4,0.01,0.001,0.25,0.5,25.7453556061,0,25.7453556061,25.7453556061,26.4009571075,0,26.4009571075,26.4009571075,1
180,361,4,0.01,0,0.25,0.1,25.740152359,0,25.740152359,25.740152359,26.385345459,0,26.385345459,26.385345459,1
181,376,4,0.01,0.0001,0.25,0.1,25.740152359,0,25.740152359,25.740152359,26.385345459,0,26.385345459,26.385345459,1
182,391,4,0.01,0.001,0.25,0.1,25.740152359,0,25.740152359,25.740152359,26.385345459,0,26.385345459,26.385345459,1
183,406,4,0.01,0.01,0.25,0.1,25.740152359,0,25.740152359,25.740152359,26.385345459,0,26.385345459,26.385345459,1
184,408,4,0.01,0.01,0.25,0.5,25.740152359,0,25.740152359,25.740152359,26.4009571075,0,26.4009571075,26.4009571075,1
185,362,4,0.01,0,0.25,0.3,25.7349491119,0,25.7349491119,25.7349491119,26.3957538605,0,26.3957538605,26.3957538605,1
186,377,4,0.01,0.0001,0.25,0.3,25.7349491119,0,25.7349491119,25.7349491119,26.3957538605,0,26.3957538605,26.3957538605,1
187,392,4,0.01,0.001,0.25,0.3,25.7349491119,0,25.7349491119,25.7349491119,26.3957538605,0,26.3957538605,26.3957538605,1
188,407,4,0.01,0.01,0.25,0.3,25.7349491119,0,25.7349491119,25.7349491119,26.3957538605,0,26.3957538605,26.3957538605,1
189,204,2,0.01,0.0001,0.5,0.7,25.6829166412,0,25.6829166412,25.6829166412,25.3186950684,0,25.3186950684,25.3186950684,1
190,219,2,0.01,0.001,0.5,0.7,25.6829166412,0,25.6829166412,25.6829166412,25.3186950684,0,25.3186950684,25.3186950684,1
191,66,0,0.001,0,0.5,0.1,25.4591789246,0,25.4591789246,25.4591789246,25.4435710907,0,25.4435710907,25.4435710907,1
192,68,0,0.001,0,0.5,0.5,25.4539794922,0,25.4539794922,25.4539794922,25.3759288788,0,25.3759288788,25.3759288788,1
193,83,0,0.001,0.0001,0.5,0.5,25.4175548553,0,25.4175548553,25.4175548553,25.3915405273,0,25.3915405273,25.3915405273,1
194,98,0,0.001,0.001,0.5,0.5,25.4175548553,0,25.4175548553,25.4175548553,25.3603191376,0,25.3603191376,25.3603191376,1
195,96,0,0.001,0.001,0.5,0.1,25.4123516083,0,25.4123516083,25.4123516083,25.4435710907,0,25.4435710907,25.4435710907,1
196,81,0,0.001,0.0001,0.5,0.1,25.4019470215,0,25.4019470215,25.4019470215,25.4071464539,0,25.4071464539,25.4071464539,1
197,113,0,0.001,0.01,0.5,0.5,25.3915405273,0,25.3915405273,25.3915405273,25.4123516083,0,25.4123516083,25.4123516083,1
198,84,0,0.001,0.0001,0.5,0.7,25.3447113037,0,25.3447113037,25.3447113037,25.2510509491,0,25.2510509491,25.2510509491,1
199,111,0,0.001,0.01,0.5,0.1,25.3447113037,0,25.3447113037,25.3447113037,25.4435710907,0,25.4435710907,25.4435710907,1
200,70,0,0.001,0,0.5,0.9,25.3343048096,0,25.3343048096,25.3343048096,25.2094268799,0,25.2094268799,25.2094268799,1
201,115,0,0.001,0.01,0.5,0.9,25.3291015625,0,25.3291015625,25.3291015625,25.1105670929,0,25.1105670929,25.1105670929,1
202,85,0,0.001,0.0001,0.5,0.9,25.3186950684,0,25.3186950684,25.3186950684,25.1834125519,0,25.1834125519,25.1834125519,1
203,69,0,0.001,0,0.5,0.7,25.292678833,0,25.292678833,25.292678833,25.3030834198,0,25.3030834198,25.3030834198,1
204,100,0,0.001,0.001,0.5,0.9,25.292678833,0,25.292678833,25.292678833,25.214630127,0,25.214630127,25.214630127,1
205,99,0,0.001,0.001,0.5,0.7,25.2718658447,0,25.2718658447,25.2718658447,25.292678833,0,25.292678833,25.292678833,1
206,82,0,0.001,0.0001,0.5,0.3,25.2510509491,0,25.2510509491,25.2510509491,25.3291015625,0,25.3291015625,25.3291015625,1
207,112,0,0.001,0.01,0.5,0.3,25.2458515167,0,25.2458515167,25.2458515167,25.3395080566,0,25.3395080566,25.3395080566,1
208,67,0,0.001,0,0.5,0.3,25.2302398682,0,25.2302398682,25.2302398682,25.3082866669,0,25.3082866669,25.3082866669,1
209,114,0,0.001,0.01,0.5,0.7,25.2302398682,0,25.2302398682,25.2302398682,25.3811321259,0,25.3811321259,25.3811321259,1
210,97,0,0.001,0.001,0.5,0.3,25.2094268799,0,25.2094268799,25.2094268799,25.3499145508,0,25.3499145508,25.3499145508,1
211,39,0,0.01,0.001,0.5,0.7,25.1990203857,0,25.1990203857,25.1990203857,25.4071464539,0,25.4071464539,25.4071464539,1
212,6,0,0.01,0,0.5,0.1,25.188615799,0,25.188615799,25.188615799,25.3395080566,0,25.3395080566,25.3395080566,1
213,40,0,0.01,0.001,0.5,0.9,25.1834125519,0,25.1834125519,25.1834125519,25.4747905731,0,25.4747905731,25.4747905731,1
214,9,0,0.01,0,0.5,0.7,25.1313800812,0,25.1313800812,25.1313800812,25.2770690918,0,25.2770690918,25.2770690918,1
215,7,0,0.01,0,0.5,0.3,24.9960975647,0,24.9960975647,24.9960975647,24.9856910706,0,24.9856910706,24.9856910706,1
216,21,0,0.01,0.0001,0.5,0.1,24.9960975647,0,24.9960975647,24.9960975647,25.7141342163,0,25.7141342163,25.7141342163,1
217,24,0,0.01,0.0001,0.5,0.7,24.9492683411,0,24.9492683411,24.9492683411,25.0533313751,0,25.0533313751,25.0533313751,1
218,22,0,0.01,0.0001,0.5,0.3,24.9180488586,0,24.9180488586,24.9180488586,25.0117073059,0,25.0117073059,25.0117073059,1
219,23,0,0.01,0.0001,0.5,0.5,24.8816261292,0,24.8816261292,24.8816261292,25.4799938202,0,25.4799938202,25.4799938202,1
220,53,0,0.01,0.01,0.5,0.5,24.8347988129,0,24.8347988129,24.8347988129,25.1261768341,0,25.1261768341,25.1261768341,1
221,51,0,0.01,0.01,0.5,0.1,24.8191890717,0,24.8191890717,24.8191890717,25.292678833,0,25.292678833,25.292678833,1
222,183,2,0.01,0,0.25,0.5,24.7411422729,0,24.7411422729,24.7411422729,25.0845527649,0,25.0845527649,25.0845527649,1
223,213,2,0.01,0.001,0.25,0.5,24.7411422729,0,24.7411422729,24.7411422729,25.0845527649,0,25.0845527649,25.0845527649,1
224,228,2,0.01,0.01,0.25,0.5,24.7307338715,0,24.7307338715,24.7307338715,25.089756012,0,25.089756012,25.089756012,1
225,196,2,0.01,0.0001,0.25,0.1,24.7151260376,0,24.7151260376,24.7151260376,25.1001586914,0,25.1001586914,25.1001586914,1
226,211,2,0.01,0.001,0.25,0.1,24.7151260376,0,24.7151260376,24.7151260376,25.1001586914,0,25.1001586914,25.1001586914,1
227,182,2,0.01,0,0.25,0.3,24.6526870728,0,24.6526870728,24.6526870728,25.1417884827,0,25.1417884827,25.1417884827,1
228,197,2,0.01,0.0001,0.25,0.3,24.6526870728,0,24.6526870728,24.6526870728,25.1417884827,0,25.1417884827,25.1417884827,1
229,227,2,0.01,0.01,0.25,0.3,24.6526870728,0,24.6526870728,24.6526870728,25.1417884827,0,25.1417884827,25.1417884827,1
230,8,0,0.01,0,0.5,0.5,24.6422805786,0,24.6422805786,24.6422805786,25.1990203857,0,25.1990203857,25.1990203857,1
231,549,8,0.01,0,0.5,0.7,24.6266708374,0,24.6266708374,24.6266708374,24.9492683411,0,24.9492683411,24.9492683411,1
232,564,8,0.01,0.0001,0.5,0.7,24.6266708374,0,24.6266708374,24.6266708374,24.9492683411,0,24.9492683411,24.9492683411,1
233,579,8,0.01,0.001,0.5,0.7,24.6266708374,0,24.6266708374,24.6266708374,24.9492683411,0,24.9492683411,24.9492683411,1
234,594,8,0.01,0.01,0.5,0.7,24.6266708374,0,24.6266708374,24.6266708374,24.9492683411,0,24.9492683411,24.9492683411,1
235,27,0,0.01,0.0001,0.75,0.3,24.6162643433,0,24.6162643433,24.6162643433,24.845205307,0,24.845205307,24.845205307,1
236,59,0,0.01,0.01,0.75,0.7,24.6162643433,0,24.6162643433,24.6162643433,24.7723617554,0,24.7723617554,24.7723617554,1
237,44,0,0.01,0.001,0.75,0.7,24.6006546021,0,24.6006546021,24.6006546021,24.8556098938,0,24.8556098938,24.8556098938,1
238,14,0,0.01,0,0.75,0.7,24.5642337799,0,24.5642337799,24.5642337799,24.8243923187,0,24.8243923187,24.8243923187,1
239,550,8,0.01,0,0.5,0.9,24.5642337799,0,24.5642337799,24.5642337799,24.8764247894,0,24.8764247894,24.8764247894,1
240,580,8,0.01,0.001,0.5,0.9,24.5642337799,0,24.5642337799,24.5642337799,24.8764247894,0,24.8764247894,24.8764247894,1
241,41,0,0.01,0.001,0.75,0.1,24.5590305328,0,24.5590305328,24.5590305328,24.9284572601,0,24.9284572601,24.9284572601,1
242,11,0,0.01,0,0.75,0.1,24.5486221313,0,24.5486221313,24.5486221313,24.9128456116,0,24.9128456116,24.9128456116,1
243,595,8,0.01,0.01,0.5,0.9,24.5486221313,0,24.5486221313,24.5486221313,24.8764247894,0,24.8764247894,24.8764247894,1
244,26,0,0.01,0.0001,0.75,0.1,24.5434188843,0,24.5434188843,24.5434188843,24.9232521057,0,24.9232521057,24.9232521057,1
245,548,8,0.01,0,0.5,0.5,24.5382175446,0,24.5382175446,24.5382175446,24.8816261292,0,24.8816261292,24.8816261292,1
246,563,8,0.01,0.0001,0.5,0.5,24.5382175446,0,24.5382175446,24.5382175446,24.8816261292,0,24.8816261292,24.8816261292,1
247,578,8,0.01,0.001,0.5,0.5,24.5382175446,0,24.5382175446,24.5382175446,24.8816261292,0,24.8816261292,24.8816261292,1
248,593,8,0.01,0.01,0.5,0.5,24.5382175446,0,24.5382175446,24.5382175446,24.8816261292,0,24.8816261292,24.8816261292,1
249,547,8,0.01,0,0.5,0.3,24.5122013092,0,24.5122013092,24.5122013092,24.8087825775,0,24.8087825775,24.8087825775,1
250,562,8,0.01,0.0001,0.5,0.3,24.5122013092,0,24.5122013092,24.5122013092,24.8087825775,0,24.8087825775,24.8087825775,1
251,577,8,0.01,0.001,0.5,0.3,24.5122013092,0,24.5122013092,24.5122013092,24.8087825775,0,24.8087825775,24.8087825775,1
252,592,8,0.01,0.01,0.5,0.3,24.5122013092,0,24.5122013092,24.5122013092,24.8087825775,0,24.8087825775,24.8087825775,1
253,193,2,0.01,0,0.75,0.5,24.496591568,0,24.496591568,24.496591568,24.4185428619,0,24.4185428619,24.4185428619,1
254,546,8,0.01,0,0.5,0.1,24.496591568,0,24.496591568,24.496591568,24.7619533539,0,24.7619533539,24.7619533539,1
255,561,8,0.01,0.0001,0.5,0.1,24.496591568,0,24.496591568,24.496591568,24.7619533539,0,24.7619533539,24.7619533539,1
256,576,8,0.01,0.001,0.5,0.1,24.496591568,0,24.496591568,24.496591568,24.7619533539,0,24.7619533539,24.7619533539,1
257,591,8,0.01,0.01,0.5,0.1,24.496591568,0,24.496591568,24.496591568,24.7619533539,0,24.7619533539,24.7619533539,1
258,38,0,0.01,0.001,0.5,0.5,24.4757785797,0,24.4757785797,24.4757785797,25.094959259,0,25.094959259,25.094959259,1
259,43,0,0.01,0.001,0.75,0.5,24.4705753326,0,24.4705753326,24.4705753326,24.8556098938,0,24.8556098938,24.8556098938,1
260,37,0,0.01,0.001,0.5,0.3,24.4341545105,0,24.4341545105,24.4341545105,24.3925266266,0,24.3925266266,24.3925266266,1
261,368,4,0.01,0,0.5,0.5,24.4341545105,0,24.4341545105,24.4341545105,25.0065021515,0,25.0065021515,25.0065021515,1
262,383,4,0.01,0.0001,0.5,0.5,24.4341545105,0,24.4341545105,24.4341545105,25.0065021515,0,25.0065021515,25.0065021515,1
263,398,4,0.01,0.001,0.5,0.5,24.4341545105,0,24.4341545105,24.4341545105,25.0065021515,0,25.0065021515,25.0065021515,1
264,413,4,0.01,0.01,0.5,0.5,24.4341545105,0,24.4341545105,24.4341545105,25.0065021515,0,25.0065021515,25.0065021515,1
265,414,4,0.01,0.01,0.5,0.7,24.4341545105,0,24.4341545105,24.4341545105,25.0325202942,0,25.0325202942,25.0325202942,1
266,366,4,0.01,0,0.5,0.1,24.423746109,0,24.423746109,24.423746109,24.9700813293,0,24.9700813293,24.9700813293,1
267,369,4,0.01,0,0.5,0.7,24.423746109,0,24.423746109,24.423746109,25.0377235413,0,25.0377235413,25.0377235413,1
268,381,4,0.01,0.0001,0.5,0.1,24.423746109,0,24.423746109,24.423746109,24.9700813293,0,24.9700813293,24.9700813293,1
269,384,4,0.01,0.0001,0.5,0.7,24.423746109,0,24.423746109,24.423746109,25.0377235413,0,25.0377235413,25.0377235413,1
270,396,4,0.01,0.001,0.5,0.1,24.423746109,0,24.423746109,24.423746109,24.9700813293,0,24.9700813293,24.9700813293,1
271,399,4,0.01,0.001,0.5,0.7,24.423746109,0,24.423746109,24.423746109,25.0377235413,0,25.0377235413,25.0377235413,1
272,411,4,0.01,0.01,0.5,0.1,24.423746109,0,24.423746109,24.423746109,24.9700813293,0,24.9700813293,24.9700813293,1
273,367,4,0.01,0,0.5,0.3,24.4185428619,0,24.4185428619,24.4185428619,24.9960975647,0,24.9960975647,24.9960975647,1
274,382,4,0.01,0.0001,0.5,0.3,24.4185428619,0,24.4185428619,24.4185428619,24.9960975647,0,24.9960975647,24.9960975647,1
275,397,4,0.01,0.001,0.5,0.3,24.4185428619,0,24.4185428619,24.4185428619,24.9960975647,0,24.9960975647,24.9960975647,1
276,412,4,0.01,0.01,0.5,0.3,24.4185428619,0,24.4185428619,24.4185428619,24.9960975647,0,24.9960975647,24.9960975647,1
277,64,0,0.001,0,0.25,0.7,24.4133415222,0,24.4133415222,24.4133415222,23.7785511017,0,23.7785511017,23.7785511017,1
278,207,2,0.01,0.0001,0.75,0.3,24.397731781,0,24.397731781,24.397731781,24.4497623444,0,24.4497623444,24.4497623444,1
279,63,0,0.001,0,0.25,0.5,24.3925266266,0,24.3925266266,24.3925266266,23.7681465149,0,23.7681465149,23.7681465149,1
280,93,0,0.001,0.001,0.25,0.5,24.3925266266,0,24.3925266266,24.3925266266,23.7889595032,0,23.7889595032,23.7889595032,1
281,52,0,0.01,0.01,0.5,0.3,24.3873252869,0,24.3873252869,24.3873252869,24.3925266266,0,24.3925266266,24.3925266266,1
282,78,0,0.001,0.0001,0.25,0.5,24.3769187927,0,24.3769187927,24.3769187927,23.7837562561,0,23.7837562561,23.7837562561,1
283,79,0,0.001,0.0001,0.25,0.7,24.3717155457,0,24.3717155457,24.3717155457,23.8201789856,0,23.8201789856,23.8201789856,1
284,91,0,0.001,0.001,0.25,0.1,24.3717155457,0,24.3717155457,24.3717155457,23.8201789856,0,23.8201789856,23.8201789856,1
285,108,0,0.001,0.01,0.25,0.5,24.3665122986,0,24.3665122986,24.3665122986,23.7473316193,0,23.7473316193,23.7473316193,1
286,206,2,0.01,0.0001,0.75,0.1,24.3665122986,0,24.3665122986,24.3665122986,24.4913883209,0,24.4913883209,24.4913883209,1
287,236,2,0.01,0.01,0.75,0.1,24.3665122986,0,24.3665122986,24.3665122986,24.4913883209,0,24.4913883209,24.4913883209,1
288,106,0,0.001,0.01,0.25,0.1,24.3561058044,0,24.3561058044,24.3561058044,23.8201789856,0,23.8201789856,23.8201789856,1
289,109,0,0.001,0.01,0.25,0.7,24.3509025574,0,24.3509025574,24.3509025574,23.79936409,0,23.79936409,23.79936409,1
290,94,0,0.001,0.001,0.25,0.7,24.3456993103,0,24.3456993103,24.3456993103,23.7473316193,0,23.7473316193,23.7473316193,1
291,62,0,0.001,0,0.25,0.3,24.3352928162,0,24.3352928162,24.3352928162,23.8201789856,0,23.8201789856,23.8201789856,1
292,80,0,0.001,0.0001,0.25,0.9,24.3352928162,0,24.3352928162,24.3352928162,23.903427124,0,23.903427124,23.903427124,1
293,65,0,0.001,0,0.25,0.9,24.3300895691,0,24.3300895691,24.3300895691,23.9138355255,0,23.9138355255,23.9138355255,1
294,92,0,0.001,0.001,0.25,0.3,24.3300895691,0,24.3300895691,24.3300895691,23.8149738312,0,23.8149738312,23.8149738312,1
295,110,0,0.001,0.01,0.25,0.9,24.3300895691,0,24.3300895691,24.3300895691,23.7837562561,0,23.7837562561,23.7837562561,1
296,61,0,0.001,0,0.25,0.1,24.324886322,0,24.324886322,24.324886322,23.8149738312,0,23.8149738312,23.8149738312,1
297,95,0,0.001,0.001,0.25,0.9,24.324886322,0,24.324886322,24.324886322,23.877412796,0,23.877412796,23.877412796,1
298,76,0,0.001,0.0001,0.25,0.1,24.319683075,0,24.319683075,24.319683075,23.8253803253,0,23.8253803253,23.8253803253,1
299,103,0,0.001,0.001,0.75,0.5,24.3092765808,0,24.3092765808,24.3092765808,24.4081382751,0,24.4081382751,24.4081382751,1
300,72,0,0.001,0,0.75,0.3,24.3040733337,0,24.3040733337,24.3040733337,24.4809818268,0,24.4809818268,24.4809818268,1
301,77,0,0.001,0.0001,0.25,0.3,24.3040733337,0,24.3040733337,24.3040733337,23.804567337,0,23.804567337,23.804567337,1
302,73,0,0.001,0,0.75,0.5,24.2988700867,0,24.2988700867,24.2988700867,24.397731781,0,24.397731781,24.397731781,1
303,75,0,0.001,0,0.75,0.9,24.2832622528,0,24.2832622528,24.2832622528,24.3561058044,0,24.3561058044,24.3561058044,1
304,87,0,0.001,0.0001,0.75,0.3,24.2780590057,0,24.2780590057,24.2780590057,24.4445590973,0,24.4445590973,24.4445590973,1
305,86,0,0.001,0.0001,0.75,0.1,24.2624473572,0,24.2624473572,24.2624473572,24.4341545105,0,24.4341545105,24.4341545105,1
306,88,0,0.001,0.0001,0.75,0.5,24.2624473572,0,24.2624473572,24.2624473572,24.4185428619,0,24.4185428619,24.4185428619,1
307,102,0,0.001,0.001,0.75,0.3,24.2572460175,0,24.2572460175,24.2572460175,24.4809818268,0,24.4809818268,24.4809818268,1
308,117,0,0.001,0.01,0.75,0.3,24.2572460175,0,24.2572460175,24.2572460175,24.5174026489,0,24.5174026489,24.5174026489,1
309,71,0,0.001,0,0.75,0.1,24.2520427704,0,24.2520427704,24.2520427704,24.4289493561,0,24.4289493561,24.4289493561,1
310,118,0,0.001,0.01,0.75,0.5,24.2520427704,0,24.2520427704,24.2520427704,24.3821220398,0,24.3821220398,24.3821220398,1
311,107,0,0.001,0.01,0.25,0.3,24.2416343689,0,24.2416343689,24.2416343689,23.8253803253,0,23.8253803253,23.8253803253,1
312,116,0,0.001,0.01,0.75,0.1,24.2312297821,0,24.2312297821,24.2312297821,24.4133415222,0,24.4133415222,24.4133415222,1
313,101,0,0.001,0.001,0.75,0.1,24.220823288,0,24.220823288,24.220823288,24.4705753326,0,24.4705753326,24.4705753326,1
314,120,0,0.001,0.01,0.75,0.9,24.2000102997,0,24.2000102997,24.2000102997,24.397731781,0,24.397731781,24.397731781,1
315,90,0,0.001,0.0001,0.75,0.9,24.1791973114,0,24.1791973114,24.1791973114,24.2312297821,0,24.2312297821,24.2312297821,1
316,104,0,0.001,0.001,0.75,0.7,24.1739940643,0,24.1739940643,24.1739940643,23.7629432678,0,23.7629432678,23.7629432678,1
317,105,0,0.001,0.001,0.75,0.9,24.1739940643,0,24.1739940643,24.1739940643,24.2572460175,0,24.2572460175,24.2572460175,1
318,74,0,0.001,0,0.75,0.7,24.1635875702,0,24.1635875702,24.1635875702,24.3769187927,0,24.3769187927,24.3769187927,1
319,89,0,0.001,0.0001,0.75,0.7,24.153181076,0,24.153181076,24.153181076,23.7317237854,0,23.7317237854,23.7317237854,1
320,119,0,0.001,0.01,0.75,0.7,24.153181076,0,24.153181076,24.153181076,24.3613090515,0,24.3613090515,24.3613090515,1
321,243,2,0.001,0,0.25,0.5,23.5548152924,0,23.5548152924,23.5548152924,23.1853885651,0,23.1853885651,23.1853885651,1
322,273,2,0.001,0.001,0.25,0.5,23.5496120453,0,23.5496120453,23.5496120453,23.1749839783,0,23.1749839783,23.1749839783,1
323,258,2,0.001,0.0001,0.25,0.5,23.5392055511,0,23.5392055511,23.5392055511,23.180185318,0,23.180185318,23.180185318,1
324,288,2,0.001,0.01,0.25,0.5,23.5131893158,0,23.5131893158,23.5131893158,23.180185318,0,23.180185318,23.180185318,1
325,242,2,0.001,0,0.25,0.3,23.5027828217,0,23.5027828217,23.5027828217,23.1281528473,0,23.1281528473,23.1281528473,1
326,287,2,0.001,0.01,0.25,0.3,23.4663600922,0,23.4663600922,23.4663600922,23.0865287781,0,23.0865287781,23.0865287781,1
327,286,2,0.001,0.01,0.25,0.1,23.3987197876,0,23.3987197876,23.3987197876,23.2166080475,0,23.2166080475,23.2166080475,1
328,274,2,0.001,0.001,0.25,0.7,23.3883132935,0,23.3883132935,23.3883132935,23.2218112946,0,23.2218112946,23.2218112946,1
329,241,2,0.001,0,0.25,0.1,23.3622970581,0,23.3622970581,23.3622970581,23.2946567535,0,23.2946567535,23.2946567535,1
330,271,2,0.001,0.001,0.25,0.1,23.3622970581,0,23.3622970581,23.3622970581,23.2738437653,0,23.2738437653,23.2738437653,1
331,289,2,0.001,0.01,0.25,0.7,23.3622970581,0,23.3622970581,23.3622970581,23.1385612488,0,23.1385612488,23.1385612488,1
332,244,2,0.001,0,0.25,0.7,23.351890564,0,23.351890564,23.351890564,23.2062015533,0,23.2062015533,23.2062015533,1
333,256,2,0.001,0.0001,0.25,0.1,23.351890564,0,23.351890564,23.351890564,23.2894515991,0,23.2894515991,23.2894515991,1
334,257,2,0.001,0.0001,0.25,0.3,23.351890564,0,23.351890564,23.351890564,23.2218112946,0,23.2218112946,23.2218112946,1
335,272,2,0.001,0.001,0.25,0.3,23.351890564,0,23.351890564,23.351890564,23.2270145416,0,23.2270145416,23.2270145416,1
336,725,16,0.01,0,0.25,0.9,23.3414840698,0,23.3414840698,23.3414840698,23.351890564,0,23.351890564,23.351890564,1
337,740,16,0.01,0.0001,0.25,0.9,23.3414840698,0,23.3414840698,23.3414840698,23.351890564,0,23.351890564,23.351890564,1
338,755,16,0.01,0.001,0.25,0.9,23.3414840698,0,23.3414840698,23.3414840698,23.351890564,0,23.351890564,23.351890564,1
339,770,16,0.01,0.01,0.25,0.9,23.3414840698,0,23.3414840698,23.3414840698,23.351890564,0,23.351890564,23.351890564,1
340,259,2,0.001,0.0001,0.25,0.7,23.3362808228,0,23.3362808228,23.3362808228,23.2166080475,0,23.2166080475,23.2166080475,1
341,260,2,0.001,0.0001,0.25,0.9,23.1281528473,0,23.1281528473,23.1281528473,22.8627929688,0,22.8627929688,22.8627929688,1
342,245,2,0.001,0,0.25,0.9,23.1229515076,0,23.1229515076,23.1229515076,22.8627929688,0,22.8627929688,22.8627929688,1
343,275,2,0.001,0.001,0.25,0.9,23.1177482605,0,23.1177482605,23.1177482605,22.8523845673,0,22.8523845673,22.8523845673,1
344,290,2,0.001,0.01,0.25,0.9,23.1125450134,0,23.1125450134,23.1125450134,22.7639312744,0,22.7639312744,22.7639312744,1
345,251,2,0.001,0,0.75,0.1,22.909620285,0,22.909620285,22.909620285,23.1177482605,0,23.1177482605,23.1177482605,1
346,267,2,0.001,0.0001,0.75,0.3,22.8523845673,0,22.8523845673,22.8523845673,22.8523845673,0,22.8523845673,22.8523845673,1
347,296,2,0.001,0.01,0.75,0.1,22.7847442627,0,22.7847442627,22.7847442627,23.0501060486,0,23.0501060486,23.0501060486,1
348,282,2,0.001,0.001,0.75,0.3,22.7535247803,0,22.7535247803,22.7535247803,22.7795410156,0,22.7795410156,22.7795410156,1
349,266,2,0.001,0.0001,0.75,0.1,22.7223052979,0,22.7223052979,22.7223052979,22.7379150391,0,22.7379150391,22.7379150391,1
350,298,2,0.001,0.01,0.75,0.5,22.7066955566,0,22.7066955566,22.7066955566,22.9356365204,0,22.9356365204,22.9356365204,1
351,281,2,0.001,0.001,0.75,0.1,22.6598682404,0,22.6598682404,22.6598682404,23.003276825,0,23.003276825,23.003276825,1
352,246,2,0.001,0,0.5,0.1,22.6130390167,0,22.6130390167,22.6130390167,22.9928722382,0,22.9928722382,22.9928722382,1
353,261,2,0.001,0.0001,0.5,0.1,22.6130390167,0,22.6130390167,22.6130390167,22.9928722382,0,22.9928722382,22.9928722382,1
354,268,2,0.001,0.0001,0.75,0.5,22.6130390167,0,22.6130390167,22.6130390167,22.8731975555,0,22.8731975555,22.8731975555,1
355,249,2,0.001,0,0.5,0.7,22.6078357697,0,22.6078357697,22.6078357697,22.8992137909,0,22.8992137909,22.8992137909,1
356,264,2,0.001,0.0001,0.5,0.7,22.6078357697,0,22.6078357697,22.6078357697,22.8992137909,0,22.8992137909,22.8992137909,1
357,276,2,0.001,0.001,0.5,0.1,22.6078357697,0,22.6078357697,22.6078357697,22.9928722382,0,22.9928722382,22.9928722382,1
358,279,2,0.001,0.001,0.5,0.7,22.6078357697,0,22.6078357697,22.6078357697,22.8940105438,0,22.8940105438,22.8940105438,1
359,294,2,0.001,0.01,0.5,0.7,22.6078357697,0,22.6078357697,22.6078357697,22.904417038,0,22.904417038,22.904417038,1
360,291,2,0.001,0.01,0.5,0.1,22.6026325226,0,22.6026325226,22.6026325226,22.9876689911,0,22.9876689911,22.9876689911,1
361,292,2,0.001,0.01,0.5,0.3,22.6026325226,0,22.6026325226,22.6026325226,22.9512443542,0,22.9512443542,22.9512443542,1
362,247,2,0.001,0,0.5,0.3,22.5974292755,0,22.5974292755,22.5974292755,22.9512443542,0,22.9512443542,22.9512443542,1
363,262,2,0.001,0.0001,0.5,0.3,22.5974292755,0,22.5974292755,22.5974292755,22.9512443542,0,22.9512443542,22.9512443542,1
364,277,2,0.001,0.001,0.5,0.3,22.5974292755,0,22.5974292755,22.5974292755,22.9512443542,0,22.9512443542,22.9512443542,1
365,248,2,0.001,0,0.5,0.5,22.5558052063,0,22.5558052063,22.5558052063,22.909620285,0,22.909620285,22.909620285,1
366,253,2,0.001,0,0.75,0.5,22.5558052063,0,22.5558052063,22.5558052063,22.6390533447,0,22.6390533447,22.6390533447,1
367,263,2,0.001,0.0001,0.5,0.5,22.5558052063,0,22.5558052063,22.5558052063,22.909620285,0,22.909620285,22.909620285,1
368,293,2,0.001,0.01,0.5,0.5,22.5558052063,0,22.5558052063,22.5558052063,22.9148235321,0,22.9148235321,22.9148235321,1
369,278,2,0.001,0.001,0.5,0.5,22.5506000519,0,22.5506000519,22.5506000519,22.9148235321,0,22.9148235321,22.9148235321,1
370,416,4,0.01,0.01,0.75,0.1,22.4829597473,0,22.4829597473,22.4829597473,22.6078357697,0,22.6078357697,22.6078357697,1
371,371,4,0.01,0,0.75,0.1,22.4777565002,0,22.4777565002,22.4777565002,22.6078357697,0,22.6078357697,22.6078357697,1
372,386,4,0.01,0.0001,0.75,0.1,22.4777565002,0,22.4777565002,22.4777565002,22.6078357697,0,22.6078357697,22.6078357697,1
373,401,4,0.01,0.001,0.75,0.1,22.4777565002,0,22.4777565002,22.4777565002,22.6078357697,0,22.6078357697,22.6078357697,1
374,724,16,0.01,0,0.25,0.7,22.4777565002,0,22.4777565002,22.4777565002,22.4049129486,0,22.4049129486,22.4049129486,1
375,739,16,0.01,0.0001,0.25,0.7,22.4777565002,0,22.4777565002,22.4777565002,22.4049129486,0,22.4049129486,22.4049129486,1
376,754,16,0.01,0.001,0.25,0.7,22.4777565002,0,22.4777565002,22.4777565002,22.4049129486,0,22.4049129486,22.4049129486,1
377,769,16,0.01,0.01,0.25,0.7,22.4777565002,0,22.4777565002,22.4777565002,22.4049129486,0,22.4049129486,22.4049129486,1
378,283,2,0.001,0.001,0.75,0.5,22.462146759,0,22.462146759,22.462146759,22.7379150391,0,22.7379150391,22.7379150391,1
379,252,2,0.001,0,0.75,0.3,22.4205207825,0,22.4205207825,22.4205207825,22.6754760742,0,22.6754760742,22.6754760742,1
380,295,2,0.001,0.01,0.5,0.9,22.4153175354,0,22.4153175354,22.4153175354,22.8159637451,0,22.8159637451,22.8159637451,1
381,372,4,0.01,0,0.75,0.3,22.4101142883,0,22.4101142883,22.4101142883,22.5297889709,0,22.5297889709,22.5297889709,1
382,387,4,0.01,0.0001,0.75,0.3,22.4101142883,0,22.4101142883,22.4101142883,22.5297889709,0,22.5297889709,22.5297889709,1
383,402,4,0.01,0.001,0.75,0.3,22.4101142883,0,22.4101142883,22.4101142883,22.5297889709,0,22.5297889709,22.5297889709,1
384,417,4,0.01,0.01,0.75,0.3,22.4101142883,0,22.4101142883,22.4101142883,22.5297889709,0,22.5297889709,22.5297889709,1
385,250,2,0.001,0,0.5,0.9,22.384098053,0,22.384098053,22.384098053,22.810760498,0,22.810760498,22.810760498,1
386,265,2,0.001,0.0001,0.5,0.9,22.384098053,0,22.384098053,22.384098053,22.810760498,0,22.810760498,22.810760498,1
387,280,2,0.001,0.001,0.5,0.9,22.384098053,0,22.384098053,22.384098053,22.810760498,0,22.810760498,22.810760498,1
388,297,2,0.001,0.01,0.75,0.3,22.3528804779,0,22.3528804779,22.3528804779,22.5401935577,0,22.5401935577,22.5401935577,1
389,373,4,0.01,0,0.75,0.5,22.3424739838,0,22.3424739838,22.3424739838,22.4257240295,0,22.4257240295,22.4257240295,1
390,403,4,0.01,0.001,0.75,0.5,22.3424739838,0,22.3424739838,22.3424739838,22.4257240295,0,22.4257240295,22.4257240295,1
391,299,2,0.001,0.01,0.75,0.7,22.3216609955,0,22.3216609955,22.3216609955,22.0979232788,0,22.0979232788,22.0979232788,1
392,284,2,0.001,0.001,0.75,0.7,22.2540187836,0,22.2540187836,22.2540187836,22.1239395142,0,22.1239395142,22.1239395142,1
393,721,16,0.01,0,0.25,0.1,22.2071895599,0,22.2071895599,22.2071895599,22.3320655823,0,22.3320655823,22.3320655823,1
394,736,16,0.01,0.0001,0.25,0.1,22.2071895599,0,22.2071895599,22.2071895599,22.3320655823,0,22.3320655823,22.3320655823,1
395,751,16,0.01,0.001,0.25,0.1,22.2071895599,0,22.2071895599,22.2071895599,22.3320655823,0,22.3320655823,22.3320655823,1
396,766,16,0.01,0.01,0.25,0.1,22.2071895599,0,22.2071895599,22.2071895599,22.3320655823,0,22.3320655823,22.3320655823,1
397,722,16,0.01,0,0.25,0.3,22.1759700775,0,22.1759700775,22.1759700775,22.2280025482,0,22.2280025482,22.2280025482,1
398,737,16,0.01,0.0001,0.25,0.3,22.1759700775,0,22.1759700775,22.1759700775,22.2280025482,0,22.2280025482,22.2280025482,1
399,752,16,0.01,0.001,0.25,0.3,22.1759700775,0,22.1759700775,22.1759700775,22.2280025482,0,22.2280025482,22.2280025482,1
400,767,16,0.01,0.01,0.25,0.3,22.1759700775,0,22.1759700775,22.1759700775,22.2280025482,0,22.2280025482,22.2280025482,1
401,723,16,0.01,0,0.25,0.5,22.0823135376,0,22.0823135376,22.0823135376,22.1551589966,0,22.1551589966,22.1551589966,1
402,738,16,0.01,0.0001,0.25,0.5,22.0823135376,0,22.0823135376,22.0823135376,22.1551589966,0,22.1551589966,22.1551589966,1
403,753,16,0.01,0.001,0.25,0.5,22.0823135376,0,22.0823135376,22.0823135376,22.1551589966,0,22.1551589966,22.1551589966,1
404,768,16,0.01,0.01,0.25,0.5,22.0823135376,0,22.0823135376,22.0823135376,22.1551589966,0,22.1551589966,22.1551589966,1
405,331,2,0.0001,0.001,0.25,0.1,22.0250778198,0,22.0250778198,22.0250778198,22.014673233,0,22.014673233,22.014673233,1
406,254,2,0.001,0,0.75,0.7,22.009469986,0,22.009469986,22.009469986,22.1083297729,0,22.1083297729,22.1083297729,1
407,318,2,0.0001,0.0001,0.25,0.5,21.9938602448,0,21.9938602448,21.9938602448,21.9210147858,0,21.9210147858,21.9210147858,1
408,346,2,0.0001,0.01,0.25,0.1,21.9782505035,0,21.9782505035,21.9782505035,21.9938602448,0,21.9938602448,21.9938602448,1
409,269,2,0.001,0.0001,0.75,0.7,21.9730472565,0,21.9730472565,21.9730472565,22.4777565002,0,22.4777565002,22.4777565002,1
410,333,2,0.0001,0.001,0.25,0.5,21.9730472565,0,21.9730472565,21.9730472565,21.9262180328,0,21.9262180328,21.9262180328,1
411,332,2,0.0001,0.001,0.25,0.3,21.9678440094,0,21.9678440094,21.9678440094,22.0302810669,0,22.0302810669,22.0302810669,1
412,348,2,0.0001,0.01,0.25,0.5,21.9470310211,0,21.9470310211,21.9470310211,21.9574375153,0,21.9574375153,21.9574375153,1
413,302,2,0.0001,0,0.25,0.3,21.9262180328,0,21.9262180328,21.9262180328,22.009469986,0,22.009469986,22.009469986,1
414,316,2,0.0001,0.0001,0.25,0.1,21.910610199,0,21.910610199,21.910610199,21.936624527,0,21.936624527,21.936624527,1
415,317,2,0.0001,0.0001,0.25,0.3,21.910610199,0,21.910610199,21.910610199,21.910610199,0,21.910610199,21.910610199,1
416,303,2,0.0001,0,0.25,0.5,21.8949985504,0,21.8949985504,21.8949985504,21.915813446,0,21.915813446,21.915813446,1
417,347,2,0.0001,0.01,0.25,0.3,21.8897972107,0,21.8897972107,21.8897972107,21.8897972107,0,21.8897972107,21.8897972107,1
418,349,2,0.0001,0.01,0.25,0.7,21.8897972107,0,21.8897972107,21.8897972107,21.8741855621,0,21.8741855621,21.8741855621,1
419,304,2,0.0001,0,0.25,0.7,21.8793907166,0,21.8793907166,21.8793907166,21.8273582458,0,21.8273582458,21.8273582458,1
420,301,2,0.0001,0,0.25,0.1,21.8741855621,0,21.8741855621,21.8741855621,21.9002017975,0,21.9002017975,21.9002017975,1
421,319,2,0.0001,0.0001,0.25,0.7,21.8637809753,0,21.8637809753,21.8637809753,21.8221549988,0,21.8221549988,21.8221549988,1
422,552,8,0.01,0,0.75,0.3,21.8585777283,0,21.8585777283,21.8585777283,22.6182422638,0,22.6182422638,22.6182422638,1
423,567,8,0.01,0.0001,0.75,0.3,21.8585777283,0,21.8585777283,21.8585777283,22.6182422638,0,22.6182422638,22.6182422638,1
424,582,8,0.01,0.001,0.75,0.3,21.8585777283,0,21.8585777283,21.8585777283,22.6182422638,0,22.6182422638,22.6182422638,1
425,597,8,0.01,0.01,0.75,0.3,21.8585777283,0,21.8585777283,21.8585777283,22.6182422638,0,22.6182422638,22.6182422638,1
426,551,8,0.01,0,0.75,0.1,21.8429660797,0,21.8429660797,21.8429660797,22.6442565918,0,22.6442565918,22.6442565918,1
427,566,8,0.01,0.0001,0.75,0.1,21.8429660797,0,21.8429660797,21.8429660797,22.6442565918,0,22.6442565918,22.6442565918,1
428,581,8,0.01,0.001,0.75,0.1,21.8429660797,0,21.8429660797,21.8429660797,22.6442565918,0,22.6442565918,22.6442565918,1
429,596,8,0.01,0.01,0.75,0.1,21.8429660797,0,21.8429660797,21.8429660797,22.6442565918,0,22.6442565918,22.6442565918,1
430,334,2,0.0001,0.001,0.25,0.7,21.8065452576,0,21.8065452576,21.8065452576,21.8585777283,0,21.8585777283,21.8585777283,1
431,335,2,0.0001,0.001,0.25,0.9,21.7753257751,0,21.7753257751,21.7753257751,21.7701225281,0,21.7701225281,21.7701225281,1
432,350,2,0.0001,0.01,0.25,0.9,21.7597179413,0,21.7597179413,21.7597179413,21.7180900574,0,21.7180900574,21.7180900574,1
433,553,8,0.01,0,0.75,0.5,21.7545127869,0,21.7545127869,21.7545127869,22.4777565002,0,22.4777565002,22.4777565002,1
434,568,8,0.01,0.0001,0.75,0.5,21.7545127869,0,21.7545127869,21.7545127869,22.4777565002,0,22.4777565002,22.4777565002,1
435,583,8,0.01,0.001,0.75,0.5,21.7545127869,0,21.7545127869,21.7545127869,22.4777565002,0,22.4777565002,22.4777565002,1
436,598,8,0.01,0.01,0.75,0.5,21.7545127869,0,21.7545127869,21.7545127869,22.4777565002,0,22.4777565002,22.4777565002,1
437,305,2,0.0001,0,0.25,0.9,21.7493095398,0,21.7493095398,21.7493095398,21.7441062927,0,21.7441062927,21.7441062927,1
438,320,2,0.0001,0.0001,0.25,0.9,21.7284984589,0,21.7284984589,21.7284984589,21.8013420105,0,21.8013420105,21.8013420105,1
439,569,8,0.01,0.0001,0.75,0.7,21.6972789764,0,21.6972789764,21.6972789764,22.3112545013,0,22.3112545013,22.3112545013,1
440,584,8,0.01,0.001,0.75,0.7,21.6972789764,0,21.6972789764,21.6972789764,22.3112545013,0,22.3112545013,22.3112545013,1
441,452,4,0.001,0.001,0.25,0.3,21.489151001,0,21.489151001,21.489151001,21.7180900574,0,21.7180900574,21.7180900574,1
442,467,4,0.001,0.01,0.25,0.3,21.4839477539,0,21.4839477539,21.4839477539,21.7024822235,0,21.7024822235,21.7024822235,1
443,453,4,0.001,0.001,0.25,0.5,21.4787445068,0,21.4787445068,21.4787445068,21.7909355164,0,21.7909355164,21.7909355164,1
444,468,4,0.001,0.01,0.25,0.5,21.4787445068,0,21.4787445068,21.4787445068,21.8117485046,0,21.8117485046,21.8117485046,1
445,153,0,0.0001,0.001,0.25,0.5,21.4735412598,0,21.4735412598,21.4735412598,21.3330554962,0,21.3330554962,21.3330554962,1
446,423,4,0.001,0,0.25,0.5,21.4735412598,0,21.4735412598,21.4735412598,21.7961387634,0,21.7961387634,21.7961387634,1
447,438,4,0.001,0.0001,0.25,0.5,21.4735412598,0,21.4735412598,21.4735412598,21.7961387634,0,21.7961387634,21.7961387634,1
448,437,4,0.001,0.0001,0.25,0.3,21.4683380127,0,21.4683380127,21.4683380127,21.7441062927,0,21.7441062927,21.7441062927,1
449,421,4,0.001,0,0.25,0.1,21.4631347656,0,21.4631347656,21.4631347656,21.6972789764,0,21.6972789764,21.6972789764,1
450,436,4,0.001,0.0001,0.25,0.1,21.4631347656,0,21.4631347656,21.4631347656,21.6972789764,0,21.6972789764,21.6972789764,1
451,138,0,0.0001,0.0001,0.25,0.5,21.4579315186,0,21.4579315186,21.4579315186,21.3590717316,0,21.3590717316,21.3590717316,1
452,140,0,0.0001,0.0001,0.25,0.9,21.4579315186,0,21.4579315186,21.4579315186,21.4006977081,0,21.4006977081,21.4006977081,1
453,422,4,0.001,0,0.25,0.3,21.4579315186,0,21.4579315186,21.4579315186,21.7441062927,0,21.7441062927,21.7441062927,1
454,451,4,0.001,0.001,0.25,0.1,21.4579315186,0,21.4579315186,21.4579315186,21.7128868103,0,21.7128868103,21.7128868103,1
455,166,0,0.0001,0.01,0.25,0.1,21.4527301788,0,21.4527301788,21.4527301788,21.3382587433,0,21.3382587433,21.3382587433,1
456,123,0,0.0001,0,0.25,0.5,21.4475250244,0,21.4475250244,21.4475250244,21.3434619904,0,21.3434619904,21.3434619904,1
457,152,0,0.0001,0.001,0.25,0.3,21.4371185303,0,21.4371185303,21.4371185303,21.3538684845,0,21.3538684845,21.3538684845,1
458,466,4,0.001,0.01,0.25,0.1,21.4371185303,0,21.4371185303,21.4371185303,21.6140270233,0,21.6140270233,21.6140270233,1
459,137,0,0.0001,0.0001,0.25,0.3,21.4319152832,0,21.4319152832,21.4319152832,21.3954944611,0,21.3954944611,21.3954944611,1
460,170,0,0.0001,0.01,0.25,0.9,21.4319152832,0,21.4319152832,21.4319152832,21.3694782257,0,21.3694782257,21.3694782257,1
461,122,0,0.0001,0,0.25,0.3,21.4267139435,0,21.4267139435,21.4267139435,21.4215106964,0,21.4215106964,21.4215106964,1
462,125,0,0.0001,0,0.25,0.9,21.4215106964,0,21.4215106964,21.4215106964,21.3694782257,0,21.3694782257,21.3694782257,1
463,167,0,0.0001,0.01,0.25,0.3,21.4215106964,0,21.4215106964,21.4215106964,21.4215106964,0,21.4215106964,21.4215106964,1
464,169,0,0.0001,0.01,0.25,0.7,21.4215106964,0,21.4215106964,21.4215106964,21.3694782257,0,21.3694782257,21.3694782257,1
465,151,0,0.0001,0.001,0.25,0.1,21.4111022949,0,21.4111022949,21.4111022949,21.3954944611,0,21.3954944611,21.3954944611,1
466,124,0,0.0001,0,0.25,0.7,21.4006977081,0,21.4006977081,21.4006977081,21.3954944611,0,21.3954944611,21.3954944611,1
467,139,0,0.0001,0.0001,0.25,0.7,21.4006977081,0,21.4006977081,21.4006977081,21.4111022949,0,21.4111022949,21.4111022949,1
468,155,0,0.0001,0.001,0.25,0.9,21.4006977081,0,21.4006977081,21.4006977081,21.4058990479,0,21.4058990479,21.4058990479,1
469,154,0,0.0001,0.001,0.25,0.7,21.390291214,0,21.390291214,21.390291214,21.3278522491,0,21.3278522491,21.3278522491,1
470,136,0,0.0001,0.0001,0.25,0.1,21.3850879669,0,21.3850879669,21.3850879669,21.4215106964,0,21.4215106964,21.4215106964,1
471,168,0,0.0001,0.01,0.25,0.5,21.3850879669,0,21.3850879669,21.3850879669,21.3538684845,0,21.3538684845,21.3538684845,1
472,121,0,0.0001,0,0.25,0.1,21.3798828125,0,21.3798828125,21.3798828125,21.3798828125,0,21.3798828125,21.3798828125,1
473,126,0,0.0001,0,0.5,0.1,21.3070392609,0,21.3070392609,21.3070392609,21.1665534973,0,21.1665534973,21.1665534973,1
474,171,0,0.0001,0.01,0.5,0.1,21.3070392609,0,21.3070392609,21.3070392609,21.1249275208,0,21.1249275208,21.1249275208,1
475,175,0,0.0001,0.01,0.5,0.9,21.3070392609,0,21.3070392609,21.3070392609,21.2237873077,0,21.2237873077,21.2237873077,1
476,141,0,0.0001,0.0001,0.5,0.1,21.3018360138,0,21.3018360138,21.3018360138,21.1561470032,0,21.1561470032,21.1561470032,1
477,160,0,0.0001,0.001,0.5,0.9,21.3018360138,0,21.3018360138,21.3018360138,21.2081794739,0,21.2081794739,21.2081794739,1
478,172,0,0.0001,0.01,0.5,0.3,21.2966346741,0,21.2966346741,21.2966346741,21.1717567444,0,21.1717567444,21.1717567444,1
479,129,0,0.0001,0,0.5,0.7,21.2914295197,0,21.2914295197,21.2914295197,21.2081794739,0,21.2081794739,21.2081794739,1
480,158,0,0.0001,0.001,0.5,0.5,21.2862262726,0,21.2862262726,21.2862262726,21.1665534973,0,21.1665534973,21.1665534973,1
481,128,0,0.0001,0,0.5,0.5,21.2810230255,0,21.2810230255,21.2810230255,21.145740509,0,21.145740509,21.145740509,1
482,144,0,0.0001,0.0001,0.5,0.7,21.2810230255,0,21.2810230255,21.2810230255,21.1873664856,0,21.1873664856,21.1873664856,1
483,424,4,0.001,0,0.25,0.7,21.2810230255,0,21.2810230255,21.2810230255,21.5724029541,0,21.5724029541,21.5724029541,1
484,439,4,0.001,0.0001,0.25,0.7,21.2810230255,0,21.2810230255,21.2810230255,21.5724029541,0,21.5724029541,21.5724029541,1
485,454,4,0.001,0.001,0.25,0.7,21.2758197784,0,21.2758197784,21.2758197784,21.5724029541,0,21.5724029541,21.5724029541,1
486,156,0,0.0001,0.001,0.5,0.1,21.2706184387,0,21.2706184387,21.2706184387,21.145740509,0,21.145740509,21.145740509,1
487,143,0,0.0001,0.0001,0.5,0.5,21.2654151917,0,21.2654151917,21.2654151917,21.1613502502,0,21.1613502502,21.1613502502,1
488,130,0,0.0001,0,0.5,0.9,21.2602100372,0,21.2602100372,21.2602100372,21.218585968,0,21.218585968,21.218585968,1
489,159,0,0.0001,0.001,0.5,0.7,21.2602100372,0,21.2602100372,21.2602100372,21.1925697327,0,21.1925697327,21.1925697327,1
490,127,0,0.0001,0,0.5,0.3,21.2550067902,0,21.2550067902,21.2550067902,21.1873664856,0,21.1873664856,21.1873664856,1
491,142,0,0.0001,0.0001,0.5,0.3,21.2550067902,0,21.2550067902,21.2550067902,21.1613502502,0,21.1613502502,21.1613502502,1
492,157,0,0.0001,0.001,0.5,0.3,21.2550067902,0,21.2550067902,21.2550067902,21.1925697327,0,21.1925697327,21.1925697327,1
493,173,0,0.0001,0.01,0.5,0.5,21.2550067902,0,21.2550067902,21.2550067902,21.1613502502,0,21.1613502502,21.1613502502,1
494,174,0,0.0001,0.01,0.5,0.7,21.2550067902,0,21.2550067902,21.2550067902,21.2029762268,0,21.2029762268,21.2029762268,1
495,145,0,0.0001,0.0001,0.5,0.9,21.2498035431,0,21.2498035431,21.2498035431,21.2029762268,0,21.2029762268,21.2029762268,1
496,469,4,0.001,0.01,0.25,0.7,21.2498035431,0,21.2498035431,21.2498035431,21.588010788,0,21.588010788,21.588010788,1
497,726,16,0.01,0,0.5,0.1,21.041677475,0,21.041677475,21.041677475,21.2914295197,0,21.2914295197,21.2914295197,1
498,741,16,0.01,0.0001,0.5,0.1,21.041677475,0,21.041677475,21.041677475,21.2914295197,0,21.2914295197,21.2914295197,1
499,756,16,0.01,0.001,0.5,0.1,21.041677475,0,21.041677475,21.041677475,21.2914295197,0,21.2914295197,21.2914295197,1
500,771,16,0.01,0.01,0.5,0.1,21.041677475,0,21.041677475,21.041677475,21.2914295197,0,21.2914295197,21.2914295197,1
501,727,16,0.01,0,0.5,0.3,20.8751754761,0,20.8751754761,20.8751754761,21.1821632385,0,21.1821632385,21.1821632385,1
502,742,16,0.01,0.0001,0.5,0.3,20.8751754761,0,20.8751754761,20.8751754761,21.1821632385,0,21.1821632385,21.1821632385,1
503,757,16,0.01,0.001,0.5,0.3,20.8751754761,0,20.8751754761,20.8751754761,21.1821632385,0,21.1821632385,21.1821632385,1
504,772,16,0.01,0.01,0.5,0.3,20.8751754761,0,20.8751754761,20.8751754761,21.1821632385,0,21.1821632385,21.1821632385,1
505,425,4,0.001,0,0.25,0.9,20.8595657349,0,20.8595657349,20.8595657349,20.9532222748,0,20.9532222748,20.9532222748,1
506,440,4,0.001,0.0001,0.25,0.9,20.8595657349,0,20.8595657349,20.8595657349,20.9532222748,0,20.9532222748,20.9532222748,1
507,455,4,0.001,0.001,0.25,0.9,20.8595657349,0,20.8595657349,20.8595657349,20.9532222748,0,20.9532222748,20.9532222748,1
508,321,2,0.0001,0.0001,0.5,0.1,20.8543624878,0,20.8543624878,20.8543624878,20.6202201843,0,20.6202201843,20.6202201843,1
509,470,4,0.001,0.01,0.25,0.9,20.8283462524,0,20.8283462524,20.8283462524,20.9584274292,0,20.9584274292,20.9584274292,1
510,336,2,0.0001,0.001,0.5,0.1,20.8231430054,0,20.8231430054,20.8231430054,20.6618442535,0,20.6618442535,20.6618442535,1
511,306,2,0.0001,0,0.5,0.1,20.8127365112,0,20.8127365112,20.8127365112,20.6670475006,0,20.6670475006,20.6670475006,1
512,351,2,0.0001,0.01,0.5,0.1,20.8023300171,0,20.8023300171,20.8023300171,20.6410312653,0,20.6410312653,20.6410312653,1
513,352,2,0.0001,0.01,0.5,0.3,20.7815189362,0,20.7815189362,20.7815189362,20.6046085358,0,20.6046085358,20.6046085358,1
514,307,2,0.0001,0,0.5,0.3,20.7502994537,0,20.7502994537,20.7502994537,20.5629844666,0,20.5629844666,20.5629844666,1
515,338,2,0.0001,0.001,0.5,0.5,20.7502994537,0,20.7502994537,20.7502994537,20.6410312653,0,20.6410312653,20.6410312653,1
516,354,2,0.0001,0.01,0.5,0.7,20.7398929596,0,20.7398929596,20.7398929596,20.5890007019,0,20.5890007019,20.5890007019,1
517,308,2,0.0001,0,0.5,0.5,20.7346878052,0,20.7346878052,20.7346878052,20.6098117828,0,20.6098117828,20.6098117828,1
518,324,2,0.0001,0.0001,0.5,0.7,20.7346878052,0,20.7346878052,20.7346878052,20.6254234314,0,20.6254234314,20.6254234314,1
519,309,2,0.0001,0,0.5,0.7,20.7242832184,0,20.7242832184,20.7242832184,20.5733909607,0,20.5733909607,20.5733909607,1
520,339,2,0.0001,0.001,0.5,0.7,20.7086734772,0,20.7086734772,20.7086734772,20.5837974548,0,20.5837974548,20.5837974548,1
521,526,4,0.0001,0.01,0.25,0.1,20.693063736,0,20.693063736,20.693063736,20.7398929596,0,20.7398929596,20.7398929596,1
522,482,4,0.0001,0,0.25,0.3,20.6826572418,0,20.6826572418,20.6826572418,20.7346878052,0,20.7346878052,20.7346878052,1
523,323,2,0.0001,0.0001,0.5,0.5,20.6774539948,0,20.6774539948,20.6774539948,20.5265617371,0,20.5265617371,20.5265617371,1
524,496,4,0.0001,0.0001,0.25,0.1,20.6774539948,0,20.6774539948,20.6774539948,20.7242832184,0,20.7242832184,20.7242832184,1
525,353,2,0.0001,0.01,0.5,0.5,20.6722507477,0,20.6722507477,20.6722507477,20.5317649841,0,20.5317649841,20.5317649841,1
526,471,4,0.001,0.01,0.5,0.1,20.6722507477,0,20.6722507477,20.6722507477,21.1197242737,0,21.1197242737,21.1197242737,1
527,473,4,0.001,0.01,0.5,0.5,20.6722507477,0,20.6722507477,20.6722507477,21.0260677338,0,21.0260677338,21.0260677338,1
528,511,4,0.0001,0.001,0.25,0.1,20.6722507477,0,20.6722507477,20.6722507477,20.7242832184,0,20.7242832184,20.7242832184,1
529,426,4,0.001,0,0.5,0.1,20.6670475006,0,20.6670475006,20.6670475006,21.1249275208,0,21.1249275208,21.1249275208,1
530,428,4,0.001,0,0.5,0.5,20.6670475006,0,20.6670475006,20.6670475006,21.0312709808,0,21.0312709808,21.0312709808,1
531,441,4,0.001,0.0001,0.5,0.1,20.6670475006,0,20.6670475006,20.6670475006,21.1249275208,0,21.1249275208,21.1249275208,1
532,443,4,0.001,0.0001,0.5,0.5,20.6670475006,0,20.6670475006,20.6670475006,21.0312709808,0,21.0312709808,21.0312709808,1
533,456,4,0.001,0.001,0.5,0.1,20.6670475006,0,20.6670475006,20.6670475006,21.1249275208,0,21.1249275208,21.1249275208,1
534,458,4,0.001,0.001,0.5,0.5,20.6670475006,0,20.6670475006,20.6670475006,21.0312709808,0,21.0312709808,21.0312709808,1
535,527,4,0.0001,0.01,0.25,0.3,20.6566410065,0,20.6566410065,20.6566410065,20.698266983,0,20.698266983,20.698266983,1
536,322,2,0.0001,0.0001,0.5,0.3,20.6514396667,0,20.6514396667,20.6514396667,20.52135849,0,20.52135849,20.52135849,1
537,512,4,0.0001,0.001,0.25,0.3,20.6462345123,0,20.6462345123,20.6462345123,20.6202201843,0,20.6202201843,20.6202201843,1
538,427,4,0.001,0,0.5,0.3,20.6410312653,0,20.6410312653,20.6410312653,21.0937080383,0,21.0937080383,21.0937080383,1
539,442,4,0.001,0.0001,0.5,0.3,20.6410312653,0,20.6410312653,20.6410312653,21.0937080383,0,21.0937080383,21.0937080383,1
540,457,4,0.001,0.001,0.5,0.3,20.6410312653,0,20.6410312653,20.6410312653,21.0937080383,0,21.0937080383,21.0937080383,1
541,481,4,0.0001,0,0.25,0.1,20.6358280182,0,20.6358280182,20.6358280182,20.7607040405,0,20.7607040405,20.7607040405,1
542,337,2,0.0001,0.001,0.5,0.3,20.6306247711,0,20.6306247711,20.6306247711,20.5109519958,0,20.5109519958,20.5109519958,1
543,472,4,0.001,0.01,0.5,0.3,20.6254234314,0,20.6254234314,20.6254234314,21.3278522491,0,21.3278522491,21.3278522491,1
544,728,16,0.01,0,0.5,0.5,20.6202201843,0,20.6202201843,20.6202201843,21.0000514984,0,21.0000514984,21.0000514984,1
545,743,16,0.01,0.0001,0.5,0.5,20.6202201843,0,20.6202201843,20.6202201843,21.0000514984,0,21.0000514984,21.0000514984,1
546,758,16,0.01,0.001,0.5,0.5,20.6202201843,0,20.6202201843,20.6202201843,21.0000514984,0,21.0000514984,21.0000514984,1
547,773,16,0.01,0.01,0.5,0.5,20.6202201843,0,20.6202201843,20.6202201843,21.0000514984,0,21.0000514984,21.0000514984,1
548,513,4,0.0001,0.001,0.25,0.5,20.6150150299,0,20.6150150299,20.6150150299,20.5681877136,0,20.5681877136,20.5681877136,1
549,429,4,0.001,0,0.5,0.7,20.6098117828,0,20.6098117828,20.6098117828,21.3434619904,0,21.3434619904,21.3434619904,1
550,444,4,0.001,0.0001,0.5,0.7,20.6098117828,0,20.6098117828,20.6098117828,21.3434619904,0,21.3434619904,21.3434619904,1
551,459,4,0.001,0.001,0.5,0.7,20.6098117828,0,20.6098117828,20.6098117828,21.3434619904,0,21.3434619904,21.3434619904,1
552,497,4,0.0001,0.0001,0.25,0.3,20.6098117828,0,20.6098117828,20.6098117828,20.7398929596,0,20.7398929596,20.7398929596,1
553,474,4,0.001,0.01,0.5,0.7,20.6046085358,0,20.6046085358,20.6046085358,21.3330554962,0,21.3330554962,21.3330554962,1
554,340,2,0.0001,0.001,0.5,0.9,20.5681877136,0,20.5681877136,20.5681877136,20.3184356689,0,20.3184356689,20.3184356689,1
555,528,4,0.0001,0.01,0.25,0.5,20.5681877136,0,20.5681877136,20.5681877136,20.5317649841,0,20.5317649841,20.5317649841,1
556,498,4,0.0001,0.0001,0.25,0.5,20.5473747253,0,20.5473747253,20.5473747253,20.5473747253,0,20.5473747253,20.5473747253,1
557,355,2,0.0001,0.01,0.5,0.9,20.5369682312,0,20.5369682312,20.5369682312,20.3028240204,0,20.3028240204,20.3028240204,1
558,483,4,0.0001,0,0.25,0.5,20.5369682312,0,20.5369682312,20.5369682312,20.4849357605,0,20.4849357605,20.4849357605,1
559,310,2,0.0001,0,0.5,0.9,20.5317649841,0,20.5317649841,20.5317649841,20.3704662323,0,20.3704662323,20.3704662323,1
560,325,2,0.0001,0.0001,0.5,0.9,20.5317649841,0,20.5317649841,20.5317649841,20.3548564911,0,20.3548564911,20.3548564911,1
561,430,4,0.001,0,0.5,0.9,20.52135849,0,20.52135849,20.52135849,21.2133827209,0,21.2133827209,21.2133827209,1
562,445,4,0.001,0.0001,0.5,0.9,20.52135849,0,20.52135849,20.52135849,21.2133827209,0,21.2133827209,21.2133827209,1
563,460,4,0.001,0.001,0.5,0.9,20.52135849,0,20.52135849,20.52135849,21.2081794739,0,21.2081794739,21.2081794739,1
564,475,4,0.001,0.01,0.5,0.9,20.4953422546,0,20.4953422546,20.4953422546,21.2446022034,0,21.2446022034,21.2446022034,1
565,729,16,0.01,0,0.5,0.7,20.3028240204,0,20.3028240204,20.3028240204,20.6254234314,0,20.6254234314,20.6254234314,1
566,744,16,0.01,0.0001,0.5,0.7,20.3028240204,0,20.3028240204,20.3028240204,20.6254234314,0,20.6254234314,20.6254234314,1
567,759,16,0.01,0.001,0.5,0.7,20.3028240204,0,20.3028240204,20.3028240204,20.6254234314,0,20.6254234314,20.6254234314,1
568,774,16,0.01,0.01,0.5,0.7,20.3028240204,0,20.3028240204,20.3028240204,20.6254234314,0,20.6254234314,20.6254234314,1
569,499,4,0.0001,0.0001,0.25,0.7,20.2820129395,0,20.2820129395,20.2820129395,20.4589195251,0,20.4589195251,20.4589195251,1
570,514,4,0.0001,0.001,0.25,0.7,20.2664031982,0,20.2664031982,20.2664031982,20.4849357605,0,20.4849357605,20.4849357605,1
571,529,4,0.0001,0.01,0.25,0.7,20.2611999512,0,20.2611999512,20.2611999512,20.4693279266,0,20.4693279266,20.4693279266,1
572,484,4,0.0001,0,0.25,0.7,20.2299804688,0,20.2299804688,20.2299804688,20.4797325134,0,20.4797325134,20.4797325134,1
573,177,0,0.0001,0.01,0.75,0.3,19.8969764709,0,19.8969764709,19.8969764709,19.381860733,0,19.381860733,19.381860733,1
574,133,0,0.0001,0,0.75,0.5,19.8865699768,0,19.8865699768,19.8865699768,19.3662528992,0,19.3662528992,19.3662528992,1
575,163,0,0.0001,0.001,0.75,0.5,19.8865699768,0,19.8865699768,19.8865699768,19.3610496521,0,19.3610496521,19.3610496521,1
576,148,0,0.0001,0.0001,0.75,0.5,19.8813667297,0,19.8813667297,19.8813667297,19.3714542389,0,19.3714542389,19.3714542389,1
577,178,0,0.0001,0.01,0.75,0.5,19.8761634827,0,19.8761634827,19.8761634827,19.3402366638,0,19.3402366638,19.3402366638,1
578,131,0,0.0001,0,0.75,0.1,19.8657569885,0,19.8657569885,19.8657569885,19.3922691345,0,19.3922691345,19.3922691345,1
579,134,0,0.0001,0,0.75,0.7,19.8657569885,0,19.8657569885,19.8657569885,19.3454380035,0,19.3454380035,19.3454380035,1
580,149,0,0.0001,0.0001,0.75,0.7,19.8657569885,0,19.8657569885,19.8657569885,19.3246269226,0,19.3246269226,19.3246269226,1
581,161,0,0.0001,0.001,0.75,0.1,19.8657569885,0,19.8657569885,19.8657569885,19.3662528992,0,19.3662528992,19.3662528992,1
582,164,0,0.0001,0.001,0.75,0.7,19.8657569885,0,19.8657569885,19.8657569885,19.3194217682,0,19.3194217682,19.3194217682,1
583,176,0,0.0001,0.01,0.75,0.1,19.8605537415,0,19.8605537415,19.8605537415,19.3246269226,0,19.3246269226,19.3246269226,1
584,179,0,0.0001,0.01,0.75,0.7,19.8605537415,0,19.8605537415,19.8605537415,19.3350334167,0,19.3350334167,19.3350334167,1
585,162,0,0.0001,0.001,0.75,0.3,19.8501491547,0,19.8501491547,19.8501491547,19.3506412506,0,19.3506412506,19.3506412506,1
586,135,0,0.0001,0,0.75,0.9,19.8449440002,0,19.8449440002,19.8449440002,19.3610496521,0,19.3610496521,19.3610496521,1
587,146,0,0.0001,0.0001,0.75,0.1,19.8449440002,0,19.8449440002,19.8449440002,19.3610496521,0,19.3610496521,19.3610496521,1
588,132,0,0.0001,0,0.75,0.3,19.8397407532,0,19.8397407532,19.8397407532,19.355846405,0,19.355846405,19.355846405,1
589,150,0,0.0001,0.0001,0.75,0.9,19.8397407532,0,19.8397407532,19.8397407532,19.355846405,0,19.355846405,19.355846405,1
590,165,0,0.0001,0.001,0.75,0.9,19.8397407532,0,19.8397407532,19.8397407532,19.376657486,0,19.376657486,19.376657486,1
591,147,0,0.0001,0.0001,0.75,0.3,19.8293361664,0,19.8293361664,19.8293361664,19.3454380035,0,19.3454380035,19.3454380035,1
592,180,0,0.0001,0.01,0.75,0.9,19.8241329193,0,19.8241329193,19.8241329193,19.4390964508,0,19.4390964508,19.4390964508,1
593,515,4,0.0001,0.001,0.25,0.9,19.798116684,0,19.798116684,19.798116684,20.001039505,0,20.001039505,20.001039505,1
594,485,4,0.0001,0,0.25,0.9,19.7825050354,0,19.7825050354,19.7825050354,20.0062446594,0,20.0062446594,20.0062446594,1
595,500,4,0.0001,0.0001,0.25,0.9,19.7825050354,0,19.7825050354,19.7825050354,19.9802284241,0,19.9802284241,19.9802284241,1
596,431,4,0.001,0,0.75,0.1,19.7512874603,0,19.7512874603,19.7512874603,20.3600597382,0,20.3600597382,20.3600597382,1
597,446,4,0.001,0.0001,0.75,0.1,19.7512874603,0,19.7512874603,19.7512874603,20.3600597382,0,20.3600597382,20.3600597382,1
598,461,4,0.001,0.001,0.75,0.1,19.7512874603,0,19.7512874603,19.7512874603,20.3600597382,0,20.3600597382,20.3600597382,1
599,478,4,0.001,0.01,0.75,0.5,19.7512874603,0,19.7512874603,19.7512874603,20.2976207733,0,20.2976207733,20.2976207733,1
600,433,4,0.001,0,0.75,0.5,19.7460842133,0,19.7460842133,19.7460842133,20.3080272675,0,20.3080272675,20.3080272675,1
601,448,4,0.001,0.0001,0.75,0.5,19.7460842133,0,19.7460842133,19.7460842133,20.3080272675,0,20.3080272675,20.3080272675,1
602,463,4,0.001,0.001,0.75,0.5,19.7460842133,0,19.7460842133,19.7460842133,20.3080272675,0,20.3080272675,20.3080272675,1
603,476,4,0.001,0.01,0.75,0.1,19.7460842133,0,19.7460842133,19.7460842133,20.3600597382,0,20.3600597382,20.3600597382,1
604,477,4,0.001,0.01,0.75,0.3,19.7408809662,0,19.7408809662,19.7408809662,20.3288402557,0,20.3288402557,20.3288402557,1
605,432,4,0.001,0,0.75,0.3,19.7356777191,0,19.7356777191,19.7356777191,20.3288402557,0,20.3288402557,20.3288402557,1
606,447,4,0.001,0.0001,0.75,0.3,19.7356777191,0,19.7356777191,19.7356777191,20.3288402557,0,20.3288402557,20.3288402557,1
607,462,4,0.001,0.001,0.75,0.3,19.7356777191,0,19.7356777191,19.7356777191,20.3288402557,0,20.3288402557,20.3288402557,1
608,530,4,0.0001,0.01,0.25,0.9,19.725271225,0,19.725271225,19.725271225,19.9594154358,0,19.9594154358,19.9594154358,1
609,434,4,0.001,0,0.75,0.7,19.5951919556,0,19.5951919556,19.5951919556,19.9542121887,0,19.9542121887,19.9542121887,1
610,449,4,0.001,0.0001,0.75,0.7,19.5951919556,0,19.5951919556,19.5951919556,19.9542121887,0,19.9542121887,19.9542121887,1
611,464,4,0.001,0.001,0.75,0.7,19.5951919556,0,19.5951919556,19.5951919556,19.9542121887,0,19.9542121887,19.9542121887,1
612,479,4,0.001,0.01,0.75,0.7,19.5899887085,0,19.5899887085,19.5899887085,20.2768096924,0,20.2768096924,20.2768096924,1
613,516,4,0.0001,0.001,0.5,0.1,19.1217021942,0,19.1217021942,19.1217021942,18.7939014435,0,18.7939014435,18.7939014435,1
614,501,4,0.0001,0.0001,0.5,0.1,19.1008892059,0,19.1008892059,19.1008892059,18.8667469025,0,18.8667469025,18.8667469025,1
615,486,4,0.0001,0,0.5,0.1,19.0956859589,0,19.0956859589,19.0956859589,18.8407306671,0,18.8407306671,18.8407306671,1
616,531,4,0.0001,0.01,0.5,0.1,19.0852813721,0,19.0852813721,19.0852813721,18.757478714,0,18.757478714,18.757478714,1
617,730,16,0.01,0,0.5,0.9,19.0540618896,0,19.0540618896,19.0540618896,19.1945457458,0,19.1945457458,19.1945457458,1
618,745,16,0.01,0.0001,0.5,0.9,19.0540618896,0,19.0540618896,19.0540618896,19.1945457458,0,19.1945457458,19.1945457458,1
619,760,16,0.01,0.001,0.5,0.9,19.0540618896,0,19.0540618896,19.0540618896,19.1945457458,0,19.1945457458,19.1945457458,1
620,775,16,0.01,0.01,0.5,0.9,19.0540618896,0,19.0540618896,19.0540618896,19.1945457458,0,19.1945457458,19.1945457458,1
621,532,4,0.0001,0.01,0.5,0.3,19.0228424072,0,19.0228424072,19.0228424072,18.8043079376,0,18.8043079376,18.8043079376,1
622,487,4,0.0001,0,0.5,0.3,19.0020294189,0,19.0020294189,19.0020294189,18.7158546448,0,18.7158546448,18.7158546448,1
623,517,4,0.0001,0.001,0.5,0.3,18.9864196777,0,18.9864196777,18.9864196777,18.7678852081,0,18.7678852081,18.7678852081,1
624,502,4,0.0001,0.0001,0.5,0.3,18.9499969482,0,18.9499969482,18.9499969482,18.7991046906,0,18.7991046906,18.7991046906,1
625,518,4,0.0001,0.001,0.5,0.5,18.9291858673,0,18.9291858673,18.9291858673,18.7210578918,0,18.7210578918,18.7210578918,1
626,326,2,0.0001,0.0001,0.75,0.1,18.8771533966,0,18.8771533966,18.8771533966,18.6221981049,0,18.6221981049,18.6221981049,1
627,359,2,0.0001,0.01,0.75,0.7,18.8771533966,0,18.8771533966,18.8771533966,18.585773468,0,18.585773468,18.585773468,1
628,311,2,0.0001,0,0.75,0.1,18.8667469025,0,18.8667469025,18.8667469025,18.5701656342,0,18.5701656342,18.5701656342,1
629,342,2,0.0001,0.001,0.75,0.3,18.8667469025,0,18.8667469025,18.8667469025,18.55975914,0,18.55975914,18.55975914,1
630,357,2,0.0001,0.01,0.75,0.3,18.8667469025,0,18.8667469025,18.8667469025,18.6013832092,0,18.6013832092,18.6013832092,1
631,358,2,0.0001,0.01,0.75,0.5,18.8667469025,0,18.8667469025,18.8667469025,18.5701656342,0,18.5701656342,18.5701656342,1
632,341,2,0.0001,0.001,0.75,0.1,18.861541748,0,18.861541748,18.861541748,18.5753669739,0,18.5753669739,18.5753669739,1
633,356,2,0.0001,0.01,0.75,0.1,18.861541748,0,18.861541748,18.861541748,18.5909786224,0,18.5909786224,18.5909786224,1
634,480,4,0.001,0.01,0.75,0.9,18.856338501,0,18.856338501,18.856338501,19.6940517426,0,19.6940517426,19.6940517426,1
635,344,2,0.0001,0.001,0.75,0.7,18.8511371613,0,18.8511371613,18.8511371613,18.5909786224,0,18.5909786224,18.5909786224,1
636,435,4,0.001,0,0.75,0.9,18.8511371613,0,18.8511371613,18.8511371613,19.6940517426,0,19.6940517426,19.6940517426,1
637,450,4,0.001,0.0001,0.75,0.9,18.8511371613,0,18.8511371613,18.8511371613,19.6940517426,0,19.6940517426,19.6940517426,1
638,465,4,0.001,0.001,0.75,0.9,18.8511371613,0,18.8511371613,18.8511371613,19.6940517426,0,19.6940517426,19.6940517426,1
639,328,2,0.0001,0.0001,0.75,0.5,18.8407306671,0,18.8407306671,18.8407306671,18.5701656342,0,18.5701656342,18.5701656342,1
640,327,2,0.0001,0.0001,0.75,0.3,18.83552742,0,18.83552742,18.83552742,18.6065864563,0,18.6065864563,18.6065864563,1
641,343,2,0.0001,0.001,0.75,0.5,18.8303222656,0,18.8303222656,18.8303222656,18.585773468,0,18.585773468,18.585773468,1
642,314,2,0.0001,0,0.75,0.7,18.8251209259,0,18.8251209259,18.8251209259,18.5805702209,0,18.5805702209,18.5805702209,1
643,329,2,0.0001,0.0001,0.75,0.7,18.8199176788,0,18.8199176788,18.8199176788,18.5701656342,0,18.5701656342,18.5701656342,1
644,313,2,0.0001,0,0.75,0.5,18.8095111847,0,18.8095111847,18.8095111847,18.5649623871,0,18.5649623871,18.5649623871,1
645,312,2,0.0001,0,0.75,0.3,18.7991046906,0,18.7991046906,18.7991046906,18.55975914,0,18.55975914,18.55975914,1
646,488,4,0.0001,0,0.5,0.5,18.6898384094,0,18.6898384094,18.6898384094,18.9552001953,0,18.9552001953,18.9552001953,1
647,503,4,0.0001,0.0001,0.5,0.5,18.6534156799,0,18.6534156799,18.6534156799,18.9552001953,0,18.9552001953,18.9552001953,1
648,533,4,0.0001,0.01,0.5,0.5,18.6221981049,0,18.6221981049,18.6221981049,18.9708099365,0,18.9708099365,18.9708099365,1
649,534,4,0.0001,0.01,0.5,0.7,18.5649623871,0,18.5649623871,18.5649623871,18.861541748,0,18.861541748,18.861541748,1
650,489,4,0.0001,0,0.5,0.7,18.5493507385,0,18.5493507385,18.5493507385,18.856338501,0,18.856338501,18.856338501,1
651,504,4,0.0001,0.0001,0.5,0.7,18.5493507385,0,18.5493507385,18.5493507385,18.8147144318,0,18.8147144318,18.8147144318,1
652,519,4,0.0001,0.001,0.5,0.7,18.5493507385,0,18.5493507385,18.5493507385,18.8251209259,0,18.8251209259,18.8251209259,1
653,315,2,0.0001,0,0.75,0.9,18.4661006927,0,18.4661006927,18.4661006927,18.4608974457,0,18.4608974457,18.4608974457,1
654,330,2,0.0001,0.0001,0.75,0.9,18.4608974457,0,18.4608974457,18.4608974457,18.4921169281,0,18.4921169281,18.4921169281,1
655,345,2,0.0001,0.001,0.75,0.9,18.4556941986,0,18.4556941986,18.4556941986,18.486913681,0,18.486913681,18.486913681,1
656,360,2,0.0001,0.01,0.75,0.9,18.4504909515,0,18.4504909515,18.4504909515,18.5025234222,0,18.5025234222,18.5025234222,1
657,520,4,0.0001,0.001,0.5,0.9,18.3048019409,0,18.3048019409,18.3048019409,18.4556941986,0,18.4556941986,18.4556941986,1
658,490,4,0.0001,0,0.5,0.9,18.2995986938,0,18.2995986938,18.2995986938,18.4661006927,0,18.4661006927,18.4661006927,1
659,505,4,0.0001,0.0001,0.5,0.9,18.2995986938,0,18.2995986938,18.2995986938,18.4765071869,0,18.4765071869,18.4765071869,1
660,535,4,0.0001,0.01,0.5,0.9,18.2943954468,0,18.2943954468,18.2943954468,18.5077266693,0,18.5077266693,18.5077266693,1
661,651,8,0.001,0.01,0.5,0.1,18.0654563904,0,18.0654563904,18.0654563904,18.7626819611,0,18.7626819611,18.7626819611,1
662,636,8,0.001,0.001,0.5,0.1,18.060251236,0,18.060251236,18.060251236,18.7626819611,0,18.7626819611,18.7626819611,1
663,606,8,0.001,0,0.5,0.1,18.0498466492,0,18.0498466492,18.0498466492,18.7626819611,0,18.7626819611,18.7626819611,1
664,621,8,0.001,0.0001,0.5,0.1,18.0498466492,0,18.0498466492,18.0498466492,18.7626819611,0,18.7626819611,18.7626819611,1
665,602,8,0.001,0,0.25,0.3,18.0134239197,0,18.0134239197,18.0134239197,18.1591129303,0,18.1591129303,18.1591129303,1
666,617,8,0.001,0.0001,0.25,0.3,18.0134239197,0,18.0134239197,18.0134239197,18.1591129303,0,18.1591129303,18.1591129303,1
667,632,8,0.001,0.001,0.25,0.3,18.0134239197,0,18.0134239197,18.0134239197,18.1591129303,0,18.1591129303,18.1591129303,1
668,647,8,0.001,0.01,0.25,0.3,18.0082206726,0,18.0082206726,18.0082206726,18.1747226715,0,18.1747226715,18.1747226715,1
669,601,8,0.001,0,0.25,0.1,18.0030174255,0,18.0030174255,18.0030174255,18.2267551422,0,18.2267551422,18.2267551422,1
670,607,8,0.001,0,0.5,0.3,18.0030174255,0,18.0030174255,18.0030174255,18.3672389984,0,18.3672389984,18.3672389984,1
671,616,8,0.001,0.0001,0.25,0.1,18.0030174255,0,18.0030174255,18.0030174255,18.2267551422,0,18.2267551422,18.2267551422,1
672,622,8,0.001,0.0001,0.5,0.3,18.0030174255,0,18.0030174255,18.0030174255,18.3672389984,0,18.3672389984,18.3672389984,1
673,631,8,0.001,0.001,0.25,0.1,18.0030174255,0,18.0030174255,18.0030174255,18.2319583893,0,18.2319583893,18.2319583893,1
674,637,8,0.001,0.001,0.5,0.3,18.0030174255,0,18.0030174255,18.0030174255,18.3672389984,0,18.3672389984,18.3672389984,1
675,646,8,0.001,0.01,0.25,0.1,18.0030174255,0,18.0030174255,18.0030174255,18.2319583893,0,18.2319583893,18.2319583893,1
676,652,8,0.001,0.01,0.5,0.3,18.0030174255,0,18.0030174255,18.0030174255,18.3672389984,0,18.3672389984,18.3672389984,1
677,603,8,0.001,0,0.25,0.5,17.9561882019,0,17.9561882019,17.9561882019,18.0862674713,0,18.0862674713,18.0862674713,1
678,618,8,0.001,0.0001,0.25,0.5,17.9561882019,0,17.9561882019,17.9561882019,18.0862674713,0,18.0862674713,18.0862674713,1
679,633,8,0.001,0.001,0.25,0.5,17.9561882019,0,17.9561882019,17.9561882019,18.0862674713,0,18.0862674713,18.0862674713,1
680,648,8,0.001,0.01,0.25,0.5,17.9561882019,0,17.9561882019,17.9561882019,18.0966758728,0,18.0966758728,18.0966758728,1
681,608,8,0.001,0,0.5,0.5,17.9457836151,0,17.9457836151,17.9457836151,18.3464279175,0,18.3464279175,18.3464279175,1
682,623,8,0.001,0.0001,0.5,0.5,17.9457836151,0,17.9457836151,17.9457836151,18.3464279175,0,18.3464279175,18.3464279175,1
683,638,8,0.001,0.001,0.5,0.5,17.9457836151,0,17.9457836151,17.9457836151,18.3464279175,0,18.3464279175,18.3464279175,1
684,653,8,0.001,0.01,0.5,0.5,17.9457836151,0,17.9457836151,17.9457836151,18.3464279175,0,18.3464279175,18.3464279175,1
685,609,8,0.001,0,0.5,0.7,17.9145641327,0,17.9145641327,17.9145641327,18.4088668823,0,18.4088668823,18.4088668823,1
686,624,8,0.001,0.0001,0.5,0.7,17.9145641327,0,17.9145641327,17.9145641327,18.4088668823,0,18.4088668823,18.4088668823,1
687,639,8,0.001,0.001,0.5,0.7,17.9145641327,0,17.9145641327,17.9145641327,18.4088668823,0,18.4088668823,18.4088668823,1
688,654,8,0.001,0.01,0.5,0.7,17.9145641327,0,17.9145641327,17.9145641327,18.4088668823,0,18.4088668823,18.4088668823,1
689,604,8,0.001,0,0.25,0.7,17.7324523926,0,17.7324523926,17.7324523926,18.0758628845,0,18.0758628845,18.0758628845,1
690,619,8,0.001,0.0001,0.25,0.7,17.7324523926,0,17.7324523926,17.7324523926,18.0758628845,0,18.0758628845,18.0758628845,1
691,634,8,0.001,0.001,0.25,0.7,17.7324523926,0,17.7324523926,17.7324523926,18.0758628845,0,18.0758628845,18.0758628845,1
692,649,8,0.001,0.01,0.25,0.7,17.7324523926,0,17.7324523926,17.7324523926,18.0758628845,0,18.0758628845,18.0758628845,1
693,655,8,0.001,0.01,0.5,0.9,17.4514808655,0,17.4514808655,17.4514808655,18.0134239197,0,18.0134239197,18.0134239197,1
694,610,8,0.001,0,0.5,0.9,17.4462757111,0,17.4462757111,17.4462757111,17.9926109314,0,17.9926109314,17.9926109314,1
695,625,8,0.001,0.0001,0.5,0.9,17.4462757111,0,17.4462757111,17.4462757111,17.9926109314,0,17.9926109314,17.9926109314,1
696,640,8,0.001,0.001,0.5,0.9,17.4462757111,0,17.4462757111,17.4462757111,17.9926109314,0,17.9926109314,17.9926109314,1
697,635,8,0.001,0.001,0.25,0.9,17.144493103,0,17.144493103,17.144493103,17.487903595,0,17.487903595,17.487903595,1
698,650,8,0.001,0.01,0.25,0.9,17.144493103,0,17.144493103,17.144493103,17.487903595,0,17.487903595,17.487903595,1
699,605,8,0.001,0,0.25,0.9,17.1392879486,0,17.1392879486,17.1392879486,17.487903595,0,17.487903595,17.487903595,1
700,620,8,0.001,0.0001,0.25,0.9,17.1392879486,0,17.1392879486,17.1392879486,17.487903595,0,17.487903595,17.487903595,1
701,507,4,0.0001,0.0001,0.75,0.3,17.1184768677,0,17.1184768677,17.1184768677,17.0352249146,0,17.0352249146,17.0352249146,1
702,536,4,0.0001,0.01,0.75,0.1,17.1080684662,0,17.1080684662,17.1080684662,16.9831924438,0,16.9831924438,16.9831924438,1
703,491,4,0.0001,0,0.75,0.1,17.0976638794,0,17.0976638794,17.0976638794,17.0144119263,0,17.0144119263,17.0144119263,1
704,522,4,0.0001,0.001,0.75,0.3,17.0976638794,0,17.0976638794,17.0976638794,17.0040054321,0,17.0040054321,17.0040054321,1
705,521,4,0.0001,0.001,0.75,0.1,17.0924606323,0,17.0924606323,17.0924606323,17.0456314087,0,17.0456314087,17.0456314087,1
706,537,4,0.0001,0.01,0.75,0.3,17.0820541382,0,17.0820541382,17.0820541382,17.0352249146,0,17.0352249146,17.0352249146,1
707,492,4,0.0001,0,0.75,0.3,17.066444397,0,17.066444397,17.066444397,16.9988040924,0,16.9988040924,16.9988040924,1
708,506,4,0.0001,0.0001,0.75,0.1,17.0040054321,0,17.0040054321,17.0040054321,17.0040054321,0,17.0040054321,17.0040054321,1
709,538,4,0.0001,0.01,0.75,0.5,16.9779891968,0,16.9779891968,16.9779891968,16.8739261627,0,16.8739261627,16.8739261627,1
710,493,4,0.0001,0,0.75,0.5,16.9727878571,0,16.9727878571,16.9727878571,16.8791294098,0,16.8791294098,16.8791294098,1
711,508,4,0.0001,0.0001,0.75,0.5,16.9571781158,0,16.9571781158,16.9571781158,16.8791294098,0,16.8791294098,16.8791294098,1
712,523,4,0.0001,0.001,0.75,0.5,16.9467716217,0,16.9467716217,16.9467716217,16.9051456451,0,16.9051456451,16.9051456451,1
713,494,4,0.0001,0,0.75,0.7,16.7854728699,0,16.7854728699,16.7854728699,17.0196151733,0,17.0196151733,17.0196151733,1
714,509,4,0.0001,0.0001,0.75,0.7,16.7802696228,0,16.7802696228,16.7802696228,17.0300216675,0,17.0300216675,17.0300216675,1
715,524,4,0.0001,0.001,0.75,0.7,16.7646598816,0,16.7646598816,16.7646598816,17.0300216675,0,17.0300216675,17.0300216675,1
716,539,4,0.0001,0.01,0.75,0.7,16.7594566345,0,16.7594566345,16.7594566345,17.0248203278,0,17.0248203278,17.0248203278,1
717,612,8,0.001,0,0.75,0.3,16.7386436462,0,16.7386436462,16.7386436462,17.2277431488,0,17.2277431488,17.2277431488,1
718,627,8,0.001,0.0001,0.75,0.3,16.7386436462,0,16.7386436462,16.7386436462,17.2277431488,0,17.2277431488,17.2277431488,1
719,642,8,0.001,0.001,0.75,0.3,16.7386436462,0,16.7386436462,16.7386436462,17.2277431488,0,17.2277431488,17.2277431488,1
720,657,8,0.001,0.01,0.75,0.3,16.7386436462,0,16.7386436462,16.7386436462,17.2329463959,0,17.2329463959,17.2329463959,1
721,611,8,0.001,0,0.75,0.1,16.717830658,0,16.717830658,16.717830658,17.2589607239,0,17.2589607239,17.2589607239,1
722,626,8,0.001,0.0001,0.75,0.1,16.717830658,0,16.717830658,16.717830658,17.2589607239,0,17.2589607239,17.2589607239,1
723,641,8,0.001,0.001,0.75,0.1,16.717830658,0,16.717830658,16.717830658,17.2589607239,0,17.2589607239,17.2589607239,1
724,656,8,0.001,0.01,0.75,0.1,16.717830658,0,16.717830658,16.717830658,17.2745723724,0,17.2745723724,17.2745723724,1
725,676,8,0.0001,0.0001,0.25,0.1,16.69181633,0,16.69181633,16.69181633,16.5877513885,0,16.5877513885,16.5877513885,1
726,613,8,0.001,0,0.75,0.5,16.6814079285,0,16.6814079285,16.6814079285,17.2017269135,0,17.2017269135,17.2017269135,1
727,628,8,0.001,0.0001,0.75,0.5,16.6814079285,0,16.6814079285,16.6814079285,17.2017269135,0,17.2017269135,17.2017269135,1
728,643,8,0.001,0.001,0.75,0.5,16.6814079285,0,16.6814079285,16.6814079285,17.2017269135,0,17.2017269135,17.2017269135,1
729,658,8,0.001,0.01,0.75,0.5,16.6762046814,0,16.6762046814,16.6762046814,17.2017269135,0,17.2017269135,17.2017269135,1
730,661,8,0.0001,0,0.25,0.1,16.6762046814,0,16.6762046814,16.6762046814,16.7490501404,0,16.7490501404,16.7490501404,1
731,691,8,0.0001,0.001,0.25,0.1,16.6553936005,0,16.6553936005,16.6553936005,16.6970176697,0,16.6970176697,16.6970176697,1
732,706,8,0.0001,0.01,0.25,0.1,16.644985199,0,16.644985199,16.644985199,16.6710014343,0,16.6710014343,16.6710014343,1
733,614,8,0.001,0,0.75,0.7,16.6137676239,0,16.6137676239,16.6137676239,17.1601009369,0,17.1601009369,17.1601009369,1
734,629,8,0.001,0.0001,0.75,0.7,16.6137676239,0,16.6137676239,16.6137676239,17.1601009369,0,17.1601009369,17.1601009369,1
735,644,8,0.001,0.001,0.75,0.7,16.6137676239,0,16.6137676239,16.6137676239,17.1601009369,0,17.1601009369,17.1601009369,1
736,659,8,0.001,0.01,0.75,0.7,16.6137676239,0,16.6137676239,16.6137676239,17.1601009369,0,17.1601009369,17.1601009369,1
737,692,8,0.0001,0.001,0.25,0.3,16.6137676239,0,16.6137676239,16.6137676239,16.5669384003,0,16.5669384003,16.5669384003,1
738,707,8,0.0001,0.01,0.25,0.3,16.5981578827,0,16.5981578827,16.5981578827,16.7490501404,0,16.7490501404,16.7490501404,1
739,677,8,0.0001,0.0001,0.25,0.3,16.5877513885,0,16.5877513885,16.5877513885,16.7490501404,0,16.7490501404,16.7490501404,1
740,662,8,0.0001,0,0.25,0.3,16.5773448944,0,16.5773448944,16.5773448944,16.7334403992,0,16.7334403992,16.7334403992,1
741,540,4,0.0001,0.01,0.75,0.9,16.5097045898,0,16.5097045898,16.5097045898,16.7698631287,0,16.7698631287,16.7698631287,1
742,708,8,0.0001,0.01,0.25,0.5,16.5097045898,0,16.5097045898,16.5097045898,16.868724823,0,16.868724823,16.868724823,1
743,525,4,0.0001,0.001,0.75,0.9,16.4992980957,0,16.4992980957,16.4992980957,16.7542533875,0,16.7542533875,16.7542533875,1
744,663,8,0.0001,0,0.25,0.5,16.4940929413,0,16.4940929413,16.4940929413,16.7906761169,0,16.7906761169,16.7906761169,1
745,495,4,0.0001,0,0.75,0.9,16.4888896942,0,16.4888896942,16.4888896942,16.7646598816,0,16.7646598816,16.7646598816,1
746,510,4,0.0001,0.0001,0.75,0.9,16.4836883545,0,16.4836883545,16.4836883545,16.7646598816,0,16.7646598816,16.7646598816,1
747,678,8,0.0001,0.0001,0.25,0.5,16.4836883545,0,16.4836883545,16.4836883545,16.8062858582,0,16.8062858582,16.8062858582,1
748,693,8,0.0001,0.001,0.25,0.5,16.4784851074,0,16.4784851074,16.4784851074,16.6553936005,0,16.6553936005,16.6553936005,1
749,694,8,0.0001,0.001,0.25,0.7,16.348405838,0,16.348405838,16.348405838,16.5929546356,0,16.5929546356,16.5929546356,1
750,679,8,0.0001,0.0001,0.25,0.7,16.3432025909,0,16.3432025909,16.3432025909,16.69181633,0,16.69181633,16.69181633,1
751,709,8,0.0001,0.01,0.25,0.7,16.3432025909,0,16.3432025909,16.3432025909,16.6033611298,0,16.6033611298,16.6033611298,1
752,664,8,0.0001,0,0.25,0.7,16.3379974365,0,16.3379974365,16.3379974365,16.6085643768,0,16.6085643768,16.6085643768,1
753,1250,64,0.0001,0.01,0.25,0.9,16.3015766144,0,16.3015766144,16.3015766144,16.2391376495,0,16.2391376495,16.2391376495,1
754,1220,64,0.0001,0.0001,0.25,0.9,16.2963733673,0,16.2963733673,16.2963733673,16.2131214142,0,16.2131214142,16.2131214142,1
755,1205,64,0.0001,0,0.25,0.9,16.2911701202,0,16.2911701202,16.2911701202,16.2235298157,0,16.2235298157,16.2235298157,1
756,1235,64,0.0001,0.001,0.25,0.9,16.2599506378,0,16.2599506378,16.2599506378,16.2131214142,0,16.2131214142,16.2131214142,1
757,615,8,0.001,0,0.75,0.9,16.072637558,0,16.072637558,16.072637558,16.3640136719,0,16.3640136719,16.3640136719,1
758,630,8,0.001,0.0001,0.75,0.9,16.072637558,0,16.072637558,16.072637558,16.3640136719,0,16.3640136719,16.3640136719,1
759,645,8,0.001,0.001,0.75,0.9,16.072637558,0,16.072637558,16.072637558,16.3640136719,0,16.3640136719,16.3640136719,1
760,660,8,0.001,0.01,0.75,0.9,16.072637558,0,16.072637558,16.072637558,16.3640136719,0,16.3640136719,16.3640136719,1
761,710,8,0.0001,0.01,0.25,0.9,16.0310096741,0,16.0310096741,16.0310096741,16.1142616272,0,16.1142616272,16.1142616272,1
762,680,8,0.0001,0.0001,0.25,0.9,16.025806427,0,16.025806427,16.025806427,16.1142616272,0,16.1142616272,16.1142616272,1
763,695,8,0.0001,0.001,0.25,0.9,16.025806427,0,16.025806427,16.025806427,16.1142616272,0,16.1142616272,16.1142616272,1
764,665,8,0.0001,0,0.25,0.9,16.0206050873,0,16.0206050873,16.0206050873,16.1194648743,0,16.1194648743,16.1194648743,1
765,681,8,0.0001,0.0001,0.5,0.1,15.92694664,0,15.92694664,15.92694664,16.374420166,0,16.374420166,16.374420166,1
766,666,8,0.0001,0,0.5,0.1,15.9165410995,0,15.9165410995,15.9165410995,16.3692169189,0,16.3692169189,16.3692169189,1
767,696,8,0.0001,0.001,0.5,0.1,15.9113378525,0,15.9113378525,15.9113378525,16.3640136719,0,16.3640136719,16.3640136719,1
768,711,8,0.0001,0.01,0.5,0.1,15.9061346054,0,15.9061346054,15.9061346054,16.374420166,0,16.374420166,16.374420166,1
769,667,8,0.0001,0,0.5,0.3,15.8488988876,0,15.8488988876,15.8488988876,16.171497345,0,16.171497345,16.171497345,1
770,697,8,0.0001,0.001,0.5,0.3,15.8488988876,0,15.8488988876,15.8488988876,16.1662940979,0,16.1662940979,16.1662940979,1
771,712,8,0.0001,0.01,0.5,0.3,15.8436956406,0,15.8436956406,15.8436956406,16.1610908508,0,16.1610908508,16.1610908508,1
772,682,8,0.0001,0.0001,0.5,0.3,15.8384933472,0,15.8384933472,15.8384933472,16.1610908508,0,16.1610908508,16.1610908508,1
773,875,16,0.0001,0.001,0.25,0.9,15.703209877,0,15.703209877,15.703209877,16.1871051788,0,16.1871051788,16.1871051788,1
774,683,8,0.0001,0.0001,0.5,0.5,15.6251621246,0,15.6251621246,15.6251621246,15.9685726166,0,15.9685726166,15.9685726166,1
775,668,8,0.0001,0,0.5,0.5,15.6199588776,0,15.6199588776,15.6199588776,15.97377491,0,15.97377491,15.97377491,1
776,713,8,0.0001,0.01,0.5,0.5,15.6199588776,0,15.6199588776,15.6199588776,16.072637558,0,16.072637558,16.072637558,1
777,698,8,0.0001,0.001,0.5,0.5,15.6147556305,0,15.6147556305,15.6147556305,15.9841823578,0,15.9841823578,15.9841823578,1
778,890,16,0.0001,0.01,0.25,0.9,15.5783338547,0,15.5783338547,15.5783338547,15.9425573349,0,15.9425573349,15.9425573349,1
779,845,16,0.0001,0,0.25,0.9,15.5627231598,0,15.5627231598,15.5627231598,15.9061346054,0,15.9061346054,15.9061346054,1
780,860,16,0.0001,0.0001,0.25,0.9,15.5315055847,0,15.5315055847,15.5315055847,15.8801183701,0,15.8801183701,15.8801183701,1
781,669,8,0.0001,0,0.5,0.7,15.4014263153,0,15.4014263153,15.4014263153,15.6980066299,0,15.6980066299,15.6980066299,1
782,699,8,0.0001,0.001,0.5,0.7,15.4014263153,0,15.4014263153,15.4014263153,15.6980066299,0,15.6980066299,15.6980066299,1
783,684,8,0.0001,0.0001,0.5,0.7,15.3962221146,0,15.3962221146,15.3962221146,15.7084140778,0,15.7084140778,15.7084140778,1
784,714,8,0.0001,0.01,0.5,0.7,15.3962221146,0,15.3962221146,15.3962221146,15.7136173248,0,15.7136173248,15.7136173248,1
785,1025,32,0.0001,0,0.25,0.9,15.3597993851,0,15.3597993851,15.3597993851,15.5054893494,0,15.5054893494,15.5054893494,1
786,1040,32,0.0001,0.0001,0.25,0.9,15.3493938446,0,15.3493938446,15.3493938446,15.5106916428,0,15.5106916428,15.5106916428,1
787,1070,32,0.0001,0.01,0.25,0.9,15.3337841034,0,15.3337841034,15.3337841034,15.5210990906,0,15.5210990906,15.5210990906,1
788,731,16,0.01,0,0.75,0.1,15.3233785629,0,15.3233785629,15.3233785629,15.9685726166,0,15.9685726166,15.9685726166,1
789,746,16,0.01,0.0001,0.75,0.1,15.3233785629,0,15.3233785629,15.3233785629,15.9685726166,0,15.9685726166,15.9685726166,1
790,761,16,0.01,0.001,0.75,0.1,15.3233785629,0,15.3233785629,15.3233785629,15.9685726166,0,15.9685726166,15.9685726166,1
791,776,16,0.01,0.01,0.75,0.1,15.3233785629,0,15.3233785629,15.3233785629,15.9633693695,0,15.9633693695,15.9633693695,1
792,1055,32,0.0001,0.001,0.25,0.9,15.3181743622,0,15.3181743622,15.3181743622,15.5731306076,0,15.5731306076,15.5731306076,1
793,715,8,0.0001,0.01,0.5,0.9,14.9435443878,0,14.9435443878,14.9435443878,14.9903745651,0,14.9903745651,14.9903745651,1
794,670,8,0.0001,0,0.5,0.9,14.9383430481,0,14.9383430481,14.9383430481,14.9903745651,0,14.9903745651,14.9903745651,1
795,685,8,0.0001,0.0001,0.5,0.9,14.9383430481,0,14.9383430481,14.9383430481,14.9903745651,0,14.9903745651,14.9903745651,1
796,700,8,0.0001,0.001,0.5,0.9,14.9383430481,0,14.9383430481,14.9383430481,14.9903745651,0,14.9903745651,14.9903745651,1
797,1159,64,0.001,0.0001,0.25,0.7,14.9279356003,0,14.9279356003,14.9279356003,15.2297201157,0,15.2297201157,15.2297201157,1
798,1174,64,0.001,0.001,0.25,0.7,14.8394804001,0,14.8394804001,14.8394804001,15.1204538345,0,15.1204538345,15.1204538345,1
799,1144,64,0.001,0,0.25,0.7,14.8238716125,0,14.8238716125,14.8238716125,15.2141113281,0,15.2141113281,15.2141113281,1
800,732,16,0.01,0,0.75,0.3,14.7302150726,0,14.7302150726,14.7302150726,15.4014263153,0,15.4014263153,15.4014263153,1
801,747,16,0.01,0.0001,0.75,0.3,14.7302150726,0,14.7302150726,14.7302150726,15.4014263153,0,15.4014263153,15.4014263153,1
802,762,16,0.01,0.001,0.75,0.3,14.7302150726,0,14.7302150726,14.7302150726,15.4014263153,0,15.4014263153,15.4014263153,1
803,777,16,0.01,0.01,0.75,0.3,14.7198085785,0,14.7198085785,14.7198085785,15.4014263153,0,15.4014263153,15.4014263153,1
804,1082,64,0.01,0,0.25,0.3,14.6417598724,0,14.6417598724,14.6417598724,14.7822465897,0,14.7822465897,14.7822465897,1
805,1097,64,0.01,0.0001,0.25,0.3,14.6417598724,0,14.6417598724,14.6417598724,14.7822465897,0,14.7822465897,14.7822465897,1
806,1112,64,0.01,0.001,0.25,0.3,14.6417598724,0,14.6417598724,14.6417598724,14.7822465897,0,14.7822465897,14.7822465897,1
807,1127,64,0.01,0.01,0.25,0.3,14.6417598724,0,14.6417598724,14.6417598724,14.7822465897,0,14.7822465897,14.7822465897,1
808,1083,64,0.01,0,0.25,0.5,14.6365566254,0,14.6365566254,14.6365566254,14.756231308,0,14.756231308,14.756231308,1
809,1098,64,0.01,0.0001,0.25,0.5,14.6365566254,0,14.6365566254,14.6365566254,14.756231308,0,14.756231308,14.756231308,1
810,1113,64,0.01,0.001,0.25,0.5,14.6365566254,0,14.6365566254,14.6365566254,14.756231308,0,14.756231308,14.756231308,1
811,1128,64,0.01,0.01,0.25,0.5,14.6365566254,0,14.6365566254,14.6365566254,14.756231308,0,14.756231308,14.756231308,1
812,1081,64,0.01,0,0.25,0.1,14.6313552856,0,14.6313552856,14.6313552856,14.7874488831,0,14.7874488831,14.7874488831,1
813,1096,64,0.01,0.0001,0.25,0.1,14.6313552856,0,14.6313552856,14.6313552856,14.7874488831,0,14.7874488831,14.7874488831,1
814,1111,64,0.01,0.001,0.25,0.1,14.6313552856,0,14.6313552856,14.6313552856,14.7874488831,0,14.7874488831,14.7874488831,1
815,1126,64,0.01,0.01,0.25,0.1,14.6313552856,0,14.6313552856,14.6313552856,14.7874488831,0,14.7874488831,14.7874488831,1
816,1084,64,0.01,0,0.25,0.7,14.6209478378,0,14.6209478378,14.6209478378,14.7770433426,0,14.7770433426,14.7770433426,1
817,1099,64,0.01,0.0001,0.25,0.7,14.6209478378,0,14.6209478378,14.6209478378,14.7770433426,0,14.7770433426,14.7770433426,1
818,1114,64,0.01,0.001,0.25,0.7,14.6209478378,0,14.6209478378,14.6209478378,14.7770433426,0,14.7770433426,14.7770433426,1
819,1129,64,0.01,0.01,0.25,0.7,14.6209478378,0,14.6209478378,14.6209478378,14.7770433426,0,14.7770433426,14.7770433426,1
820,1085,64,0.01,0,0.25,0.9,14.4908685684,0,14.4908685684,14.4908685684,14.6209478378,0,14.6209478378,14.6209478378,1
821,1100,64,0.01,0.0001,0.25,0.9,14.4908685684,0,14.4908685684,14.4908685684,14.6209478378,0,14.6209478378,14.6209478378,1
822,1115,64,0.01,0.001,0.25,0.9,14.4908685684,0,14.4908685684,14.4908685684,14.6209478378,0,14.6209478378,14.6209478378,1
823,1130,64,0.01,0.01,0.25,0.9,14.4908685684,0,14.4908685684,14.4908685684,14.6209478378,0,14.6209478378,14.6209478378,1
824,1189,64,0.001,0.01,0.25,0.7,14.459649086,0,14.459649086,14.459649086,14.8134651184,0,14.8134651184,14.8134651184,1
825,784,16,0.001,0,0.25,0.7,14.0954256058,0,14.0954256058,14.0954256058,14.4388360977,0,14.4388360977,14.4388360977,1
826,799,16,0.001,0.0001,0.25,0.7,14.0954256058,0,14.0954256058,14.0954256058,14.4388360977,0,14.4388360977,14.4388360977,1
827,814,16,0.001,0.001,0.25,0.7,14.0954256058,0,14.0954256058,14.0954256058,14.4388360977,0,14.4388360977,14.4388360977,1
828,829,16,0.001,0.01,0.25,0.7,14.0954256058,0,14.0954256058,14.0954256058,14.4388360977,0,14.4388360977,14.4388360977,1
829,781,16,0.001,0,0.25,0.1,14.0329885483,0,14.0329885483,14.0329885483,14.61054039,0,14.61054039,14.61054039,1
830,796,16,0.001,0.0001,0.25,0.1,14.0329885483,0,14.0329885483,14.0329885483,14.61054039,0,14.61054039,14.61054039,1
831,811,16,0.001,0.001,0.25,0.1,14.0329885483,0,14.0329885483,14.0329885483,14.61054039,0,14.61054039,14.61054039,1
832,826,16,0.001,0.01,0.25,0.1,14.0329885483,0,14.0329885483,14.0329885483,14.61054039,0,14.61054039,14.61054039,1
833,901,32,0.01,0,0.25,0.1,14.01217556,0,14.01217556,14.01217556,14.4076166153,0,14.4076166153,14.4076166153,1
834,916,32,0.01,0.0001,0.25,0.1,14.01217556,0,14.01217556,14.01217556,14.4076166153,0,14.4076166153,14.4076166153,1
835,931,32,0.01,0.001,0.25,0.1,14.01217556,0,14.01217556,14.01217556,14.4076166153,0,14.4076166153,14.4076166153,1
836,946,32,0.01,0.01,0.25,0.1,14.01217556,0,14.01217556,14.01217556,14.4076166153,0,14.4076166153,14.4076166153,1
837,733,16,0.01,0,0.75,0.5,14.0017690659,0,14.0017690659,14.0017690659,14.6469640732,0,14.6469640732,14.6469640732,1
838,748,16,0.01,0.0001,0.75,0.5,14.0017690659,0,14.0017690659,14.0017690659,14.6469640732,0,14.6469640732,14.6469640732,1
839,763,16,0.01,0.001,0.75,0.5,14.0017690659,0,14.0017690659,14.0017690659,14.6469640732,0,14.6469640732,14.6469640732,1
840,778,16,0.01,0.01,0.75,0.5,14.0017690659,0,14.0017690659,14.0017690659,14.6417598724,0,14.6417598724,14.6417598724,1
841,782,16,0.001,0,0.25,0.3,14.0017690659,0,14.0017690659,14.0017690659,14.4232273102,0,14.4232273102,14.4232273102,1
842,797,16,0.001,0.0001,0.25,0.3,14.0017690659,0,14.0017690659,14.0017690659,14.4232273102,0,14.4232273102,14.4232273102,1
843,812,16,0.001,0.001,0.25,0.3,14.0017690659,0,14.0017690659,14.0017690659,14.4232273102,0,14.4232273102,14.4232273102,1
844,827,16,0.001,0.01,0.25,0.3,14.0017690659,0,14.0017690659,14.0017690659,14.4232273102,0,14.4232273102,14.4232273102,1
845,783,16,0.001,0,0.25,0.5,13.9861602783,0,13.9861602783,13.9861602783,14.459649086,0,14.459649086,14.459649086,1
846,798,16,0.001,0.0001,0.25,0.5,13.9861602783,0,13.9861602783,13.9861602783,14.459649086,0,14.459649086,14.459649086,1
847,813,16,0.001,0.001,0.25,0.5,13.9861602783,0,13.9861602783,13.9861602783,14.459649086,0,14.459649086,14.459649086,1
848,828,16,0.001,0.01,0.25,0.5,13.9861602783,0,13.9861602783,13.9861602783,14.459649086,0,14.459649086,14.459649086,1
849,788,16,0.001,0,0.5,0.5,13.8664855957,0,13.8664855957,13.8664855957,14.4076166153,0,14.4076166153,14.4076166153,1
850,803,16,0.001,0.0001,0.5,0.5,13.8664855957,0,13.8664855957,13.8664855957,14.4076166153,0,14.4076166153,14.4076166153,1
851,818,16,0.001,0.001,0.5,0.5,13.8664855957,0,13.8664855957,13.8664855957,14.4076166153,0,14.4076166153,14.4076166153,1
852,833,16,0.001,0.01,0.5,0.5,13.8664855957,0,13.8664855957,13.8664855957,14.4076166153,0,14.4076166153,14.4076166153,1
853,786,16,0.001,0,0.5,0.1,13.8612823486,0,13.8612823486,13.8612823486,14.3972110748,0,14.3972110748,14.3972110748,1
854,801,16,0.001,0.0001,0.5,0.1,13.8612823486,0,13.8612823486,13.8612823486,14.3972110748,0,14.3972110748,14.3972110748,1
855,816,16,0.001,0.001,0.5,0.1,13.8612823486,0,13.8612823486,13.8612823486,14.3972110748,0,14.3972110748,14.3972110748,1
856,831,16,0.001,0.01,0.5,0.1,13.8612823486,0,13.8612823486,13.8612823486,14.3972110748,0,14.3972110748,14.3972110748,1
857,787,16,0.001,0,0.5,0.3,13.8456735611,0,13.8456735611,13.8456735611,14.3972110748,0,14.3972110748,14.3972110748,1
858,802,16,0.001,0.0001,0.5,0.3,13.8456735611,0,13.8456735611,13.8456735611,14.3972110748,0,14.3972110748,14.3972110748,1
859,817,16,0.001,0.001,0.5,0.3,13.8456735611,0,13.8456735611,13.8456735611,14.3972110748,0,14.3972110748,14.3972110748,1
860,832,16,0.001,0.01,0.5,0.3,13.8456735611,0,13.8456735611,13.8456735611,14.3972110748,0,14.3972110748,14.3972110748,1
861,785,16,0.001,0,0.25,0.9,13.8196573257,0,13.8196573257,13.8196573257,14.0694093704,0,14.0694093704,14.0694093704,1
862,800,16,0.001,0.0001,0.25,0.9,13.8196573257,0,13.8196573257,13.8196573257,14.0694093704,0,14.0694093704,14.0694093704,1
863,815,16,0.001,0.001,0.25,0.9,13.8196573257,0,13.8196573257,13.8196573257,14.0694093704,0,14.0694093704,14.0694093704,1
864,830,16,0.001,0.01,0.25,0.9,13.8196573257,0,13.8196573257,13.8196573257,14.0694093704,0,14.0694093704,14.0694093704,1
865,902,32,0.01,0,0.25,0.3,13.8144540787,0,13.8144540787,13.8144540787,14.1110363007,0,14.1110363007,14.1110363007,1
866,917,32,0.01,0.0001,0.25,0.3,13.8144540787,0,13.8144540787,13.8144540787,14.1110363007,0,14.1110363007,14.1110363007,1
867,932,32,0.01,0.001,0.25,0.3,13.8144540787,0,13.8144540787,13.8144540787,14.1110363007,0,14.1110363007,14.1110363007,1
868,947,32,0.01,0.01,0.25,0.3,13.8144540787,0,13.8144540787,13.8144540787,14.1110363007,0,14.1110363007,14.1110363007,1
869,789,16,0.001,0,0.5,0.7,13.7728290558,0,13.7728290558,13.7728290558,14.3607883453,0,14.3607883453,14.3607883453,1
870,804,16,0.001,0.0001,0.5,0.7,13.7728290558,0,13.7728290558,13.7728290558,14.3607883453,0,14.3607883453,14.3607883453,1
871,819,16,0.001,0.001,0.5,0.7,13.7728290558,0,13.7728290558,13.7728290558,14.3607883453,0,14.3607883453,14.3607883453,1
872,834,16,0.001,0.01,0.5,0.7,13.7728290558,0,13.7728290558,13.7728290558,14.3607883453,0,14.3607883453,14.3607883453,1
873,673,8,0.0001,0,0.75,0.5,13.6427488327,0,13.6427488327,13.6427488327,13.7988452911,0,13.7988452911,13.7988452911,1
874,688,8,0.0001,0.0001,0.75,0.5,13.6427488327,0,13.6427488327,13.6427488327,13.7988452911,0,13.7988452911,13.7988452911,1
875,703,8,0.0001,0.001,0.75,0.5,13.6427488327,0,13.6427488327,13.6427488327,13.7988452911,0,13.7988452911,13.7988452911,1
876,718,8,0.0001,0.01,0.75,0.5,13.6427488327,0,13.6427488327,13.6427488327,13.7988452911,0,13.7988452911,13.7988452911,1
877,671,8,0.0001,0,0.75,0.1,13.6375455856,0,13.6375455856,13.6375455856,13.7780323029,0,13.7780323029,13.7780323029,1
878,686,8,0.0001,0.0001,0.75,0.1,13.6375455856,0,13.6375455856,13.6375455856,13.7884378433,0,13.7884378433,13.7884378433,1
879,701,8,0.0001,0.001,0.75,0.1,13.6375455856,0,13.6375455856,13.6375455856,13.7780323029,0,13.7780323029,13.7780323029,1
880,716,8,0.0001,0.01,0.75,0.1,13.6375455856,0,13.6375455856,13.6375455856,13.7832355499,0,13.7832355499,13.7832355499,1
881,672,8,0.0001,0,0.75,0.3,13.6271400452,0,13.6271400452,13.6271400452,13.8144540787,0,13.8144540787,13.8144540787,1
882,687,8,0.0001,0.0001,0.75,0.3,13.6271400452,0,13.6271400452,13.6271400452,13.8196573257,0,13.8196573257,13.8196573257,1
883,702,8,0.0001,0.001,0.75,0.3,13.6271400452,0,13.6271400452,13.6271400452,13.8196573257,0,13.8196573257,13.8196573257,1
884,717,8,0.0001,0.01,0.75,0.3,13.6271400452,0,13.6271400452,13.6271400452,13.8196573257,0,13.8196573257,13.8196573257,1
885,674,8,0.0001,0,0.75,0.7,13.6219367981,0,13.6219367981,13.6219367981,13.7364063263,0,13.7364063263,13.7364063263,1
886,689,8,0.0001,0.0001,0.75,0.7,13.6219367981,0,13.6219367981,13.6219367981,13.7364063263,0,13.7364063263,13.7364063263,1
887,704,8,0.0001,0.001,0.75,0.7,13.6219367981,0,13.6219367981,13.6219367981,13.7364063263,0,13.7364063263,13.7364063263,1
888,719,8,0.0001,0.01,0.75,0.7,13.6219367981,0,13.6219367981,13.6219367981,13.7364063263,0,13.7364063263,13.7364063263,1
889,903,32,0.01,0,0.25,0.5,13.4502305984,0,13.4502305984,13.4502305984,13.7207965851,0,13.7207965851,13.7207965851,1
890,918,32,0.01,0.0001,0.25,0.5,13.4502305984,0,13.4502305984,13.4502305984,13.7207965851,0,13.7207965851,13.7207965851,1
891,933,32,0.01,0.001,0.25,0.5,13.4502305984,0,13.4502305984,13.4502305984,13.7207965851,0,13.7207965851,13.7207965851,1
892,948,32,0.01,0.01,0.25,0.5,13.4502305984,0,13.4502305984,13.4502305984,13.7207965851,0,13.7207965851,13.7207965851,1
893,675,8,0.0001,0,0.75,0.9,13.2837295532,0,13.2837295532,13.2837295532,13.5282783508,0,13.5282783508,13.5282783508,1
894,690,8,0.0001,0.0001,0.75,0.9,13.2837295532,0,13.2837295532,13.2837295532,13.5282783508,0,13.5282783508,13.5282783508,1
895,705,8,0.0001,0.001,0.75,0.9,13.2837295532,0,13.2837295532,13.2837295532,13.5282783508,0,13.5282783508,13.5282783508,1
896,720,8,0.0001,0.01,0.75,0.9,13.2837295532,0,13.2837295532,13.2837295532,13.5282783508,0,13.5282783508,13.5282783508,1
897,791,16,0.001,0,0.75,0.1,13.2264938354,0,13.2264938354,13.2264938354,13.2785263062,0,13.2785263062,13.2785263062,1
898,806,16,0.001,0.0001,0.75,0.1,13.2264938354,0,13.2264938354,13.2264938354,13.2785263062,0,13.2785263062,13.2785263062,1
899,821,16,0.001,0.001,0.75,0.1,13.2264938354,0,13.2264938354,13.2264938354,13.2785263062,0,13.2785263062,13.2785263062,1
900,836,16,0.001,0.01,0.75,0.1,13.2264938354,0,13.2264938354,13.2264938354,13.2785263062,0,13.2785263062,13.2785263062,1
901,790,16,0.001,0,0.5,0.9,13.2108850479,0,13.2108850479,13.2108850479,13.7051877975,0,13.7051877975,13.7051877975,1
902,805,16,0.001,0.0001,0.5,0.9,13.2108850479,0,13.2108850479,13.2108850479,13.7051877975,0,13.7051877975,13.7051877975,1
903,820,16,0.001,0.001,0.5,0.9,13.2108850479,0,13.2108850479,13.2108850479,13.7051877975,0,13.7051877975,13.7051877975,1
904,835,16,0.001,0.01,0.5,0.9,13.2108850479,0,13.2108850479,13.2108850479,13.7051877975,0,13.7051877975,13.7051877975,1
905,792,16,0.001,0,0.75,0.3,13.1744623184,0,13.1744623184,13.1744623184,13.2212905884,0,13.2212905884,13.2212905884,1
906,807,16,0.001,0.0001,0.75,0.3,13.1744623184,0,13.1744623184,13.1744623184,13.2212905884,0,13.2212905884,13.2212905884,1
907,822,16,0.001,0.001,0.75,0.3,13.1744623184,0,13.1744623184,13.1744623184,13.2212905884,0,13.2212905884,13.2212905884,1
908,837,16,0.001,0.01,0.75,0.3,13.1744623184,0,13.1744623184,13.1744623184,13.2212905884,0,13.2212905884,13.2212905884,1
909,793,16,0.001,0,0.75,0.5,13.1120252609,0,13.1120252609,13.1120252609,13.1900730133,0,13.1900730133,13.1900730133,1
910,808,16,0.001,0.0001,0.75,0.5,13.1120252609,0,13.1120252609,13.1120252609,13.1900730133,0,13.1900730133,13.1900730133,1
911,823,16,0.001,0.001,0.75,0.5,13.1120252609,0,13.1120252609,13.1120252609,13.1900730133,0,13.1900730133,13.1900730133,1
912,838,16,0.001,0.01,0.75,0.5,13.1120252609,0,13.1120252609,13.1120252609,13.1900730133,0,13.1900730133,13.1900730133,1
913,904,32,0.01,0,0.25,0.7,12.8986940384,0,12.8986940384,12.8986940384,13.1172266006,0,13.1172266006,13.1172266006,1
914,919,32,0.01,0.0001,0.25,0.7,12.8986940384,0,12.8986940384,12.8986940384,13.1172266006,0,13.1172266006,13.1172266006,1
915,934,32,0.01,0.001,0.25,0.7,12.8986940384,0,12.8986940384,12.8986940384,13.1172266006,0,13.1172266006,13.1172266006,1
916,949,32,0.01,0.01,0.25,0.7,12.8986940384,0,12.8986940384,12.8986940384,13.1172266006,0,13.1172266006,13.1172266006,1
917,794,16,0.001,0,0.75,0.7,12.8778820038,0,12.8778820038,12.8778820038,12.9247102737,0,12.9247102737,12.9247102737,1
918,809,16,0.001,0.0001,0.75,0.7,12.8778820038,0,12.8778820038,12.8778820038,12.9247102737,0,12.9247102737,12.9247102737,1
919,824,16,0.001,0.001,0.75,0.7,12.8778820038,0,12.8778820038,12.8778820038,12.9247102737,0,12.9247102737,12.9247102737,1
920,839,16,0.001,0.01,0.75,0.7,12.8778820038,0,12.8778820038,12.8778820038,12.9247102737,0,12.9247102737,12.9247102737,1
921,841,16,0.0001,0,0.25,0.1,12.6957702637,0,12.6957702637,12.6957702637,13.1692590714,0,13.1692590714,13.1692590714,1
922,856,16,0.0001,0.0001,0.25,0.1,12.6957702637,0,12.6957702637,12.6957702637,13.1692590714,0,13.1692590714,13.1692590714,1
923,871,16,0.0001,0.001,0.25,0.1,12.6957702637,0,12.6957702637,12.6957702637,13.1692590714,0,13.1692590714,13.1692590714,1
924,886,16,0.0001,0.01,0.25,0.1,12.6957702637,0,12.6957702637,12.6957702637,13.164056778,0,13.164056778,13.164056778,1
925,843,16,0.0001,0,0.25,0.5,12.6645507812,0,12.6645507812,12.6645507812,13.0703983307,0,13.0703983307,13.0703983307,1
926,858,16,0.0001,0.0001,0.25,0.5,12.6645507812,0,12.6645507812,12.6645507812,13.0703983307,0,13.0703983307,13.0703983307,1
927,873,16,0.0001,0.001,0.25,0.5,12.6645507812,0,12.6645507812,12.6645507812,13.0703983307,0,13.0703983307,13.0703983307,1
928,888,16,0.0001,0.01,0.25,0.5,12.6645507812,0,12.6645507812,12.6645507812,13.0651950836,0,13.0651950836,13.0651950836,1
929,734,16,0.01,0,0.75,0.7,12.6385345459,0,12.6385345459,12.6385345459,13.1692590714,0,13.1692590714,13.1692590714,1
930,749,16,0.01,0.0001,0.75,0.7,12.6385345459,0,12.6385345459,12.6385345459,13.1692590714,0,13.1692590714,13.1692590714,1
931,764,16,0.01,0.001,0.75,0.7,12.6385345459,0,12.6385345459,12.6385345459,13.1692590714,0,13.1692590714,13.1692590714,1
932,842,16,0.0001,0,0.25,0.3,12.6281280518,0,12.6281280518,12.6281280518,13.0599927902,0,13.0599927902,13.0599927902,1
933,857,16,0.0001,0.0001,0.25,0.3,12.6281280518,0,12.6281280518,12.6281280518,13.0599927902,0,13.0599927902,13.0599927902,1
934,872,16,0.0001,0.001,0.25,0.3,12.6281280518,0,12.6281280518,12.6281280518,13.0599927902,0,13.0599927902,13.0599927902,1
935,887,16,0.0001,0.01,0.25,0.3,12.6281280518,0,12.6281280518,12.6281280518,13.0599927902,0,13.0599927902,13.0599927902,1
936,779,16,0.01,0.01,0.75,0.7,12.6177225113,0,12.6177225113,12.6177225113,13.164056778,0,13.164056778,13.164056778,1
937,844,16,0.0001,0,0.25,0.7,12.5656900406,0,12.5656900406,12.5656900406,13.0703983307,0,13.0703983307,13.0703983307,1
938,859,16,0.0001,0.0001,0.25,0.7,12.5656900406,0,12.5656900406,12.5656900406,13.0703983307,0,13.0703983307,13.0703983307,1
939,874,16,0.0001,0.001,0.25,0.7,12.5656900406,0,12.5656900406,12.5656900406,13.0703983307,0,13.0703983307,13.0703983307,1
940,889,16,0.0001,0.01,0.25,0.7,12.5656900406,0,12.5656900406,12.5656900406,13.0703983307,0,13.0703983307,13.0703983307,1
941,848,16,0.0001,0,0.5,0.5,12.1962633133,0,12.1962633133,12.1962633133,12.524064064,0,12.524064064,12.524064064,1
942,863,16,0.0001,0.0001,0.5,0.5,12.1962633133,0,12.1962633133,12.1962633133,12.524064064,0,12.524064064,12.524064064,1
943,878,16,0.0001,0.001,0.5,0.5,12.1962633133,0,12.1962633133,12.1962633133,12.524064064,0,12.524064064,12.524064064,1
944,893,16,0.0001,0.01,0.5,0.5,12.1962633133,0,12.1962633133,12.1962633133,12.524064064,0,12.524064064,12.524064064,1
945,847,16,0.0001,0,0.5,0.3,12.1182155609,0,12.1182155609,12.1182155609,12.5136585236,0,12.5136585236,12.5136585236,1
946,862,16,0.0001,0.0001,0.5,0.3,12.1182155609,0,12.1182155609,12.1182155609,12.5136585236,0,12.5136585236,12.5136585236,1
947,877,16,0.0001,0.001,0.5,0.3,12.1182155609,0,12.1182155609,12.1182155609,12.5136585236,0,12.5136585236,12.5136585236,1
948,892,16,0.0001,0.01,0.5,0.3,12.1182155609,0,12.1182155609,12.1182155609,12.5136585236,0,12.5136585236,12.5136585236,1
949,846,16,0.0001,0,0.5,0.1,12.0974035263,0,12.0974035263,12.0974035263,12.5136585236,0,12.5136585236,12.5136585236,1
950,861,16,0.0001,0.0001,0.5,0.1,12.0974035263,0,12.0974035263,12.0974035263,12.5136585236,0,12.5136585236,12.5136585236,1
951,876,16,0.0001,0.001,0.5,0.1,12.0974035263,0,12.0974035263,12.0974035263,12.5136585236,0,12.5136585236,12.5136585236,1
952,891,16,0.0001,0.01,0.5,0.1,12.0974035263,0,12.0974035263,12.0974035263,12.5136585236,0,12.5136585236,12.5136585236,1
953,849,16,0.0001,0,0.5,0.7,12.0349655151,0,12.0349655151,12.0349655151,12.4772357941,0,12.4772357941,12.4772357941,1
954,864,16,0.0001,0.0001,0.5,0.7,12.0349655151,0,12.0349655151,12.0349655151,12.4772357941,0,12.4772357941,12.4772357941,1
955,879,16,0.0001,0.001,0.5,0.7,12.0349655151,0,12.0349655151,12.0349655151,12.4772357941,0,12.4772357941,12.4772357941,1
956,894,16,0.0001,0.01,0.5,0.7,12.0349655151,0,12.0349655151,12.0349655151,12.4772357941,0,12.4772357941,12.4772357941,1
957,964,32,0.001,0,0.25,0.7,11.7956180573,0,11.7956180573,11.7956180573,11.7696027756,0,11.7696027756,11.7696027756,1
958,979,32,0.001,0.0001,0.25,0.7,11.7956180573,0,11.7956180573,11.7956180573,11.7696027756,0,11.7696027756,11.7696027756,1
959,994,32,0.001,0.001,0.25,0.7,11.7956180573,0,11.7956180573,11.7956180573,11.7696027756,0,11.7696027756,11.7696027756,1
960,1009,32,0.001,0.01,0.25,0.7,11.7956180573,0,11.7956180573,11.7956180573,11.7696027756,0,11.7696027756,11.7696027756,1
961,795,16,0.001,0,0.75,0.9,11.7748060226,0,11.7748060226,11.7748060226,12.1442317963,0,12.1442317963,12.1442317963,1
962,810,16,0.001,0.0001,0.75,0.9,11.7748060226,0,11.7748060226,11.7748060226,12.1442317963,0,12.1442317963,12.1442317963,1
963,825,16,0.001,0.001,0.75,0.9,11.7748060226,0,11.7748060226,11.7748060226,12.1442317963,0,12.1442317963,12.1442317963,1
964,840,16,0.001,0.01,0.75,0.9,11.7748060226,0,11.7748060226,11.7748060226,12.1390295029,0,12.1390295029,12.1390295029,1
965,961,32,0.001,0,0.25,0.1,11.7696027756,0,11.7696027756,11.7696027756,11.7852125168,0,11.7852125168,11.7852125168,1
966,976,32,0.001,0.0001,0.25,0.1,11.7696027756,0,11.7696027756,11.7696027756,11.7852125168,0,11.7852125168,11.7852125168,1
967,991,32,0.001,0.001,0.25,0.1,11.7696027756,0,11.7696027756,11.7696027756,11.7852125168,0,11.7852125168,11.7852125168,1
968,1006,32,0.001,0.01,0.25,0.1,11.7696027756,0,11.7696027756,11.7696027756,11.7852125168,0,11.7852125168,11.7852125168,1
969,962,32,0.001,0,0.25,0.3,11.7591962814,0,11.7591962814,11.7591962814,11.7748060226,0,11.7748060226,11.7748060226,1
970,977,32,0.001,0.0001,0.25,0.3,11.7591962814,0,11.7591962814,11.7591962814,11.7748060226,0,11.7748060226,11.7748060226,1
971,992,32,0.001,0.001,0.25,0.3,11.7591962814,0,11.7591962814,11.7591962814,11.7748060226,0,11.7748060226,11.7748060226,1
972,1007,32,0.001,0.01,0.25,0.3,11.7591962814,0,11.7591962814,11.7591962814,11.7748060226,0,11.7748060226,11.7748060226,1
973,963,32,0.001,0,0.25,0.5,11.7539930344,0,11.7539930344,11.7539930344,11.7591962814,0,11.7591962814,11.7591962814,1
974,978,32,0.001,0.0001,0.25,0.5,11.7539930344,0,11.7539930344,11.7539930344,11.7591962814,0,11.7591962814,11.7591962814,1
975,993,32,0.001,0.001,0.25,0.5,11.7539930344,0,11.7539930344,11.7539930344,11.7591962814,0,11.7591962814,11.7591962814,1
976,1008,32,0.001,0.01,0.25,0.5,11.7539930344,0,11.7539930344,11.7539930344,11.7591962814,0,11.7591962814,11.7591962814,1
977,850,16,0.0001,0,0.5,0.9,11.6343202591,0,11.6343202591,11.6343202591,12.071387291,0,12.071387291,12.071387291,1
978,865,16,0.0001,0.0001,0.5,0.9,11.6343202591,0,11.6343202591,11.6343202591,12.071387291,0,12.071387291,12.071387291,1
979,880,16,0.0001,0.001,0.5,0.9,11.6343202591,0,11.6343202591,11.6343202591,12.071387291,0,12.071387291,12.071387291,1
980,895,16,0.0001,0.01,0.5,0.9,11.6343202591,0,11.6343202591,11.6343202591,12.0661840439,0,12.0661840439,12.0661840439,1
981,1141,64,0.001,0,0.25,0.1,11.3845672607,0,11.3845672607,11.3845672607,11.5926942825,0,11.5926942825,11.5926942825,1
982,1156,64,0.001,0.0001,0.25,0.1,11.3845672607,0,11.3845672607,11.3845672607,11.5926942825,0,11.5926942825,11.5926942825,1
983,1171,64,0.001,0.001,0.25,0.1,11.3845672607,0,11.3845672607,11.3845672607,11.5926942825,0,11.5926942825,11.5926942825,1
984,1186,64,0.001,0.01,0.25,0.1,11.3845672607,0,11.3845672607,11.3845672607,11.5978975296,0,11.5978975296,11.5978975296,1
985,851,16,0.0001,0,0.75,0.1,11.2909097672,0,11.2909097672,11.2909097672,11.4418020248,0,11.4418020248,11.4418020248,1
986,853,16,0.0001,0,0.75,0.5,11.2909097672,0,11.2909097672,11.2909097672,11.4574117661,0,11.4574117661,11.4574117661,1
987,866,16,0.0001,0.0001,0.75,0.1,11.2909097672,0,11.2909097672,11.2909097672,11.4418020248,0,11.4418020248,11.4418020248,1
988,868,16,0.0001,0.0001,0.75,0.5,11.2909097672,0,11.2909097672,11.2909097672,11.4574117661,0,11.4574117661,11.4574117661,1
989,881,16,0.0001,0.001,0.75,0.1,11.2909097672,0,11.2909097672,11.2909097672,11.4418020248,0,11.4418020248,11.4418020248,1
990,883,16,0.0001,0.001,0.75,0.5,11.2909097672,0,11.2909097672,11.2909097672,11.4574117661,0,11.4574117661,11.4574117661,1
991,896,16,0.0001,0.01,0.75,0.1,11.2909097672,0,11.2909097672,11.2909097672,11.4418020248,0,11.4418020248,11.4418020248,1
992,898,16,0.0001,0.01,0.75,0.5,11.2909097672,0,11.2909097672,11.2909097672,11.4574117661,0,11.4574117661,11.4574117661,1
993,852,16,0.0001,0,0.75,0.3,11.280503273,0,11.280503273,11.280503273,11.504240036,0,11.504240036,11.504240036,1
994,867,16,0.0001,0.0001,0.75,0.3,11.280503273,0,11.280503273,11.280503273,11.504240036,0,11.504240036,11.504240036,1
995,882,16,0.0001,0.001,0.75,0.3,11.280503273,0,11.280503273,11.280503273,11.504240036,0,11.504240036,11.504240036,1
996,897,16,0.0001,0.01,0.75,0.3,11.280503273,0,11.280503273,11.280503273,11.504240036,0,11.504240036,11.504240036,1
997,905,32,0.01,0,0.25,0.9,11.1192045212,0,11.1192045212,11.1192045212,11.2544879913,0,11.2544879913,11.2544879913,1
998,920,32,0.01,0.0001,0.25,0.9,11.1192045212,0,11.1192045212,11.1192045212,11.2544879913,0,11.2544879913,11.2544879913,1
999,935,32,0.01,0.001,0.25,0.9,11.1192045212,0,11.1192045212,11.1192045212,11.2544879913,0,11.2544879913,11.2544879913,1
1000,854,16,0.0001,0,0.75,0.7,11.1140012741,0,11.1140012741,11.1140012741,11.3637542725,0,11.3637542725,11.3637542725,1
1001,869,16,0.0001,0.0001,0.75,0.7,11.1140012741,0,11.1140012741,11.1140012741,11.3637542725,0,11.3637542725,11.3637542725,1
1002,884,16,0.0001,0.001,0.75,0.7,11.1140012741,0,11.1140012741,11.1140012741,11.3637542725,0,11.3637542725,11.3637542725,1
1003,899,16,0.0001,0.01,0.75,0.7,11.1140012741,0,11.1140012741,11.1140012741,11.3637542725,0,11.3637542725,11.3637542725,1
1004,950,32,0.01,0.01,0.25,0.9,11.10359478,0,11.10359478,11.10359478,11.2336750031,0,11.2336750031,11.2336750031,1
1005,1142,64,0.001,0,0.25,0.3,10.9631090164,0,10.9631090164,10.9631090164,11.1816425323,0,11.1816425323,11.1816425323,1
1006,1157,64,0.001,0.0001,0.25,0.3,10.9631090164,0,10.9631090164,10.9631090164,11.1816425323,0,11.1816425323,11.1816425323,1
1007,1172,64,0.001,0.001,0.25,0.3,10.9631090164,0,10.9631090164,10.9631090164,11.1816425323,0,11.1816425323,11.1816425323,1
1008,1187,64,0.001,0.01,0.25,0.3,10.9631090164,0,10.9631090164,10.9631090164,11.1816425323,0,11.1816425323,11.1816425323,1
1009,855,16,0.0001,0,0.75,0.9,10.7549819946,0,10.7549819946,10.7549819946,11.0255470276,0,11.0255470276,11.0255470276,1
1010,870,16,0.0001,0.0001,0.75,0.9,10.7549819946,0,10.7549819946,10.7549819946,11.0255470276,0,11.0255470276,11.0255470276,1
1011,885,16,0.0001,0.001,0.75,0.9,10.7549819946,0,10.7549819946,10.7549819946,11.0255470276,0,11.0255470276,11.0255470276,1
1012,900,16,0.0001,0.01,0.75,0.9,10.7549819946,0,10.7549819946,10.7549819946,11.0255470276,0,11.0255470276,11.0255470276,1
1013,1143,64,0.001,0,0.25,0.5,10.4896192551,0,10.4896192551,10.4896192551,10.5884799957,0,10.5884799957,10.5884799957,1
1014,1158,64,0.001,0.0001,0.25,0.5,10.4896192551,0,10.4896192551,10.4896192551,10.5884799957,0,10.5884799957,10.5884799957,1
1015,1173,64,0.001,0.001,0.25,0.5,10.4896192551,0,10.4896192551,10.4896192551,10.5884799957,0,10.5884799957,10.5884799957,1
1016,1188,64,0.001,0.01,0.25,0.5,10.4896192551,0,10.4896192551,10.4896192551,10.5884799957,0,10.5884799957,10.5884799957,1
1017,967,32,0.001,0,0.5,0.3,10.4740095139,0,10.4740095139,10.4740095139,10.5208387375,0,10.5208387375,10.5208387375,1
1018,982,32,0.001,0.0001,0.5,0.3,10.4740095139,0,10.4740095139,10.4740095139,10.5208387375,0,10.5208387375,10.5208387375,1
1019,997,32,0.001,0.001,0.5,0.3,10.4740095139,0,10.4740095139,10.4740095139,10.5208387375,0,10.5208387375,10.5208387375,1
1020,1012,32,0.001,0.01,0.5,0.3,10.4740095139,0,10.4740095139,10.4740095139,10.5208387375,0,10.5208387375,10.5208387375,1
1021,966,32,0.001,0,0.5,0.1,10.4688072205,0,10.4688072205,10.4688072205,10.5416517258,0,10.5416517258,10.5416517258,1
1022,981,32,0.001,0.0001,0.5,0.1,10.4688072205,0,10.4688072205,10.4688072205,10.5416517258,0,10.5416517258,10.5416517258,1
1023,996,32,0.001,0.001,0.5,0.1,10.4688072205,0,10.4688072205,10.4688072205,10.5416517258,0,10.5416517258,10.5416517258,1
1024,1011,32,0.001,0.01,0.5,0.1,10.4688072205,0,10.4688072205,10.4688072205,10.5416517258,0,10.5416517258,10.5416517258,1
1025,968,32,0.001,0,0.5,0.5,10.4583997726,0,10.4583997726,10.4583997726,10.4427909851,0,10.4427909851,10.4427909851,1
1026,983,32,0.001,0.0001,0.5,0.5,10.4583997726,0,10.4583997726,10.4583997726,10.4427909851,0,10.4427909851,10.4427909851,1
1027,998,32,0.001,0.001,0.5,0.5,10.4583997726,0,10.4583997726,10.4583997726,10.4427909851,0,10.4427909851,10.4427909851,1
1028,1013,32,0.001,0.01,0.5,0.5,10.4583997726,0,10.4583997726,10.4583997726,10.4427909851,0,10.4427909851,10.4427909851,1
1029,969,32,0.001,0,0.5,0.7,10.3491334915,0,10.3491334915,10.3491334915,10.3387269974,0,10.3387269974,10.3387269974,1
1030,984,32,0.001,0.0001,0.5,0.7,10.3491334915,0,10.3491334915,10.3491334915,10.3387269974,0,10.3387269974,10.3387269974,1
1031,999,32,0.001,0.001,0.5,0.7,10.3491334915,0,10.3491334915,10.3491334915,10.3387269974,0,10.3387269974,10.3387269974,1
1032,1014,32,0.001,0.01,0.5,0.7,10.3491334915,0,10.3491334915,10.3491334915,10.3387269974,0,10.3387269974,10.3387269974,1
1033,1021,32,0.0001,0,0.25,0.1,10.1566162109,0,10.1566162109,10.1566162109,10.1149902344,0,10.1149902344,10.1149902344,1
1034,1036,32,0.0001,0.0001,0.25,0.1,10.1566162109,0,10.1566162109,10.1566162109,10.1149902344,0,10.1149902344,10.1149902344,1
1035,1051,32,0.0001,0.001,0.25,0.1,10.1566162109,0,10.1566162109,10.1566162109,10.1149902344,0,10.1149902344,10.1149902344,1
1036,1066,32,0.0001,0.01,0.25,0.1,10.1566162109,0,10.1566162109,10.1566162109,10.1149902344,0,10.1149902344,10.1149902344,1
1037,1022,32,0.0001,0,0.25,0.3,10.1462097168,0,10.1462097168,10.1462097168,10.1149902344,0,10.1149902344,10.1149902344,1
1038,1067,32,0.0001,0.01,0.25,0.3,10.1462097168,0,10.1462097168,10.1462097168,10.1149902344,0,10.1149902344,10.1149902344,1
1039,1037,32,0.0001,0.0001,0.25,0.3,10.1410064697,0,10.1410064697,10.1410064697,10.1149902344,0,10.1149902344,10.1149902344,1
1040,1052,32,0.0001,0.001,0.25,0.3,10.1410064697,0,10.1410064697,10.1410064697,10.1149902344,0,10.1149902344,10.1149902344,1
1041,1023,32,0.0001,0,0.25,0.5,10.1305999756,0,10.1305999756,10.1305999756,10.1149902344,0,10.1149902344,10.1149902344,1
1042,1024,32,0.0001,0,0.25,0.7,10.1305999756,0,10.1305999756,10.1305999756,10.036942482,0,10.036942482,10.036942482,1
1043,1038,32,0.0001,0.0001,0.25,0.5,10.1305999756,0,10.1305999756,10.1305999756,10.1149902344,0,10.1149902344,10.1149902344,1
1044,1039,32,0.0001,0.0001,0.25,0.7,10.1305999756,0,10.1305999756,10.1305999756,10.036942482,0,10.036942482,10.036942482,1
1045,1053,32,0.0001,0.001,0.25,0.5,10.1305999756,0,10.1305999756,10.1305999756,10.1149902344,0,10.1149902344,10.1149902344,1
1046,1054,32,0.0001,0.001,0.25,0.7,10.1305999756,0,10.1305999756,10.1305999756,10.036942482,0,10.036942482,10.036942482,1
1047,1068,32,0.0001,0.01,0.25,0.5,10.1305999756,0,10.1305999756,10.1305999756,10.1149902344,0,10.1149902344,10.1149902344,1
1048,1069,32,0.0001,0.01,0.25,0.7,10.1305999756,0,10.1305999756,10.1305999756,10.036942482,0,10.036942482,10.036942482,1
1049,1203,64,0.0001,0,0.25,0.5,9.61548423767,0,9.61548423767,9.61548423767,9.31890296936,0,9.31890296936,9.31890296936,1
1050,1218,64,0.0001,0.0001,0.25,0.5,9.61548423767,0,9.61548423767,9.61548423767,9.31890296936,0,9.31890296936,9.31890296936,1
1051,1233,64,0.0001,0.001,0.25,0.5,9.61548423767,0,9.61548423767,9.61548423767,9.31890296936,0,9.31890296936,9.31890296936,1
1052,1248,64,0.0001,0.01,0.25,0.5,9.61548423767,0,9.61548423767,9.61548423767,9.31890296936,0,9.31890296936,9.31890296936,1
1053,1202,64,0.0001,0,0.25,0.3,9.59987449646,0,9.59987449646,9.59987449646,9.31890296936,0,9.31890296936,9.31890296936,1
1054,1217,64,0.0001,0.0001,0.25,0.3,9.59987449646,0,9.59987449646,9.59987449646,9.31890296936,0,9.31890296936,9.31890296936,1
1055,1232,64,0.0001,0.001,0.25,0.3,9.59987449646,0,9.59987449646,9.59987449646,9.31890296936,0,9.31890296936,9.31890296936,1
1056,1247,64,0.0001,0.01,0.25,0.3,9.59987449646,0,9.59987449646,9.59987449646,9.31890296936,0,9.31890296936,9.31890296936,1
1057,1201,64,0.0001,0,0.25,0.1,9.57385921478,0,9.57385921478,9.57385921478,9.31369972229,0,9.31369972229,9.31369972229,1
1058,1216,64,0.0001,0.0001,0.25,0.1,9.57385921478,0,9.57385921478,9.57385921478,9.31369972229,0,9.31369972229,9.31369972229,1
1059,1231,64,0.0001,0.001,0.25,0.1,9.57385921478,0,9.57385921478,9.57385921478,9.31369972229,0,9.31369972229,9.31369972229,1
1060,1246,64,0.0001,0.01,0.25,0.1,9.57385921478,0,9.57385921478,9.57385921478,9.31369972229,0,9.31369972229,9.31369972229,1
1061,1147,64,0.001,0,0.5,0.3,9.56865501404,0,9.56865501404,9.56865501404,9.33971595764,0,9.33971595764,9.33971595764,1
1062,1162,64,0.001,0.0001,0.5,0.3,9.56865501404,0,9.56865501404,9.56865501404,9.33971595764,0,9.33971595764,9.33971595764,1
1063,1177,64,0.001,0.001,0.5,0.3,9.56865501404,0,9.56865501404,9.56865501404,9.33971595764,0,9.33971595764,9.33971595764,1
1064,1192,64,0.001,0.01,0.5,0.3,9.56345272064,0,9.56345272064,9.56345272064,9.33971595764,0,9.33971595764,9.33971595764,1
1065,1146,64,0.001,0,0.5,0.1,9.55824947357,0,9.55824947357,9.55824947357,9.3293094635,0,9.3293094635,9.3293094635,1
1066,1161,64,0.001,0.0001,0.5,0.1,9.55824947357,0,9.55824947357,9.55824947357,9.3293094635,0,9.3293094635,9.3293094635,1
1067,1176,64,0.001,0.001,0.5,0.1,9.55824947357,0,9.55824947357,9.55824947357,9.3293094635,0,9.3293094635,9.3293094635,1
1068,1191,64,0.001,0.01,0.5,0.1,9.55824947357,0,9.55824947357,9.55824947357,9.3293094635,0,9.3293094635,9.3293094635,1
1069,1204,64,0.0001,0,0.25,0.7,9.54264068604,0,9.54264068604,9.54264068604,9.2772769928,0,9.2772769928,9.2772769928,1
1070,1219,64,0.0001,0.0001,0.25,0.7,9.54264068604,0,9.54264068604,9.54264068604,9.2772769928,0,9.2772769928,9.2772769928,1
1071,1234,64,0.0001,0.001,0.25,0.7,9.54264068604,0,9.54264068604,9.54264068604,9.2772769928,0,9.2772769928,9.2772769928,1
1072,1249,64,0.0001,0.01,0.25,0.7,9.54264068604,0,9.54264068604,9.54264068604,9.2772769928,0,9.2772769928,9.2772769928,1
1073,1148,64,0.001,0,0.5,0.5,9.50101470947,0,9.50101470947,9.50101470947,9.29809093475,0,9.29809093475,9.29809093475,1
1074,1163,64,0.001,0.0001,0.5,0.5,9.50101470947,0,9.50101470947,9.50101470947,9.29809093475,0,9.29809093475,9.29809093475,1
1075,1178,64,0.001,0.001,0.5,0.5,9.50101470947,0,9.50101470947,9.50101470947,9.29809093475,0,9.29809093475,9.29809093475,1
1076,1193,64,0.001,0.01,0.5,0.5,9.4958114624,0,9.4958114624,9.4958114624,9.29809093475,0,9.29809093475,9.29809093475,1
1077,1149,64,0.001,0,0.5,0.7,9.4437789917,0,9.4437789917,9.4437789917,9.29288673401,0,9.29288673401,9.29288673401,1
1078,1164,64,0.001,0.0001,0.5,0.7,9.4437789917,0,9.4437789917,9.4437789917,9.29288673401,0,9.29288673401,9.29288673401,1
1079,1179,64,0.001,0.001,0.5,0.7,9.4437789917,0,9.4437789917,9.4437789917,9.29288673401,0,9.29288673401,9.29288673401,1
1080,1194,64,0.001,0.01,0.5,0.7,9.4437789917,0,9.4437789917,9.4437789917,9.28768348694,0,9.28768348694,9.28768348694,1
1081,971,32,0.001,0,0.75,0.1,9.4385766983,0,9.4385766983,9.4385766983,9.66751670837,0,9.66751670837,9.66751670837,1
1082,972,32,0.001,0,0.75,0.3,9.4385766983,0,9.4385766983,9.4385766983,9.67792320251,0,9.67792320251,9.67792320251,1
1083,986,32,0.001,0.0001,0.75,0.1,9.4385766983,0,9.4385766983,9.4385766983,9.66751670837,0,9.66751670837,9.66751670837,1
1084,987,32,0.001,0.0001,0.75,0.3,9.4385766983,0,9.4385766983,9.4385766983,9.67792320251,0,9.67792320251,9.67792320251,1
1085,1001,32,0.001,0.001,0.75,0.1,9.4385766983,0,9.4385766983,9.4385766983,9.66751670837,0,9.66751670837,9.66751670837,1
1086,1002,32,0.001,0.001,0.75,0.3,9.4385766983,0,9.4385766983,9.4385766983,9.67792320251,0,9.67792320251,9.67792320251,1
1087,1016,32,0.001,0.01,0.75,0.1,9.4385766983,0,9.4385766983,9.4385766983,9.66751670837,0,9.66751670837,9.66751670837,1
1088,1017,32,0.001,0.01,0.75,0.3,9.4385766983,0,9.4385766983,9.4385766983,9.67792320251,0,9.67792320251,9.67792320251,1
1089,1027,32,0.0001,0,0.5,0.3,9.41776371002,0,9.41776371002,9.41776371002,9.28768348694,0,9.28768348694,9.28768348694,1
1090,1042,32,0.0001,0.0001,0.5,0.3,9.41776371002,0,9.41776371002,9.41776371002,9.28768348694,0,9.28768348694,9.28768348694,1
1091,1057,32,0.0001,0.001,0.5,0.3,9.41776371002,0,9.41776371002,9.41776371002,9.28768348694,0,9.28768348694,9.28768348694,1
1092,1072,32,0.0001,0.01,0.5,0.3,9.41776371002,0,9.41776371002,9.41776371002,9.28768348694,0,9.28768348694,9.28768348694,1
1093,973,32,0.001,0,0.75,0.5,9.41256046295,0,9.41256046295,9.41256046295,9.65711021423,0,9.65711021423,9.65711021423,1
1094,988,32,0.001,0.0001,0.75,0.5,9.41256046295,0,9.41256046295,9.41256046295,9.65711021423,0,9.65711021423,9.65711021423,1
1095,1003,32,0.001,0.001,0.75,0.5,9.41256046295,0,9.41256046295,9.41256046295,9.65711021423,0,9.65711021423,9.65711021423,1
1096,1018,32,0.001,0.01,0.75,0.5,9.41256046295,0,9.41256046295,9.41256046295,9.65711021423,0,9.65711021423,9.65711021423,1
1097,1026,32,0.0001,0,0.5,0.1,9.40215396881,0,9.40215396881,9.40215396881,9.59987449646,0,9.59987449646,9.59987449646,1
1098,1041,32,0.0001,0.0001,0.5,0.1,9.40215396881,0,9.40215396881,9.40215396881,9.59987449646,0,9.59987449646,9.59987449646,1
1099,1056,32,0.0001,0.001,0.5,0.1,9.40215396881,0,9.40215396881,9.40215396881,9.59987449646,0,9.59987449646,9.59987449646,1
1100,1071,32,0.0001,0.01,0.5,0.1,9.40215396881,0,9.40215396881,9.40215396881,9.59987449646,0,9.59987449646,9.59987449646,1
1101,1028,32,0.0001,0,0.5,0.5,9.39695072174,0,9.39695072174,9.39695072174,9.31369972229,0,9.31369972229,9.31369972229,1
1102,1043,32,0.0001,0.0001,0.5,0.5,9.39695072174,0,9.39695072174,9.39695072174,9.31369972229,0,9.31369972229,9.31369972229,1
1103,1058,32,0.0001,0.001,0.5,0.5,9.39695072174,0,9.39695072174,9.39695072174,9.31369972229,0,9.31369972229,9.31369972229,1
1104,1073,32,0.0001,0.01,0.5,0.5,9.39695072174,0,9.39695072174,9.39695072174,9.31369972229,0,9.31369972229,9.31369972229,1
1105,1029,32,0.0001,0,0.5,0.7,9.30329322815,0,9.30329322815,9.30329322815,9.30329322815,0,9.30329322815,9.30329322815,1
1106,1044,32,0.0001,0.0001,0.5,0.7,9.30329322815,0,9.30329322815,9.30329322815,9.30329322815,0,9.30329322815,9.30329322815,1
1107,1059,32,0.0001,0.001,0.5,0.7,9.30329322815,0,9.30329322815,9.30329322815,9.30329322815,0,9.30329322815,9.30329322815,1
1108,1074,32,0.0001,0.01,0.5,0.7,9.30329322815,0,9.30329322815,9.30329322815,9.30329322815,0,9.30329322815,9.30329322815,1
1109,974,32,0.001,0,0.75,0.7,9.29809093475,0,9.29809093475,9.29809093475,9.46979522705,0,9.46979522705,9.46979522705,1
1110,989,32,0.001,0.0001,0.75,0.7,9.29809093475,0,9.29809093475,9.29809093475,9.46979522705,0,9.46979522705,9.46979522705,1
1111,1004,32,0.001,0.001,0.75,0.7,9.29809093475,0,9.29809093475,9.29809093475,9.46979522705,0,9.46979522705,9.46979522705,1
1112,1019,32,0.001,0.01,0.75,0.7,9.29809093475,0,9.29809093475,9.29809093475,9.46979522705,0,9.46979522705,9.46979522705,1
1113,1030,32,0.0001,0,0.5,0.9,9.20443344116,0,9.20443344116,9.20443344116,9.30329322815,0,9.30329322815,9.30329322815,1
1114,1045,32,0.0001,0.0001,0.5,0.9,9.20443344116,0,9.20443344116,9.20443344116,9.30329322815,0,9.30329322815,9.30329322815,1
1115,1060,32,0.0001,0.001,0.5,0.9,9.20443344116,0,9.20443344116,9.20443344116,9.30329322815,0,9.30329322815,9.30329322815,1
1116,1075,32,0.0001,0.01,0.5,0.9,9.20443344116,0,9.20443344116,9.20443344116,9.30329322815,0,9.30329322815,9.30329322815,1
1117,1031,32,0.0001,0,0.75,0.1,9.15760421753,0,9.15760421753,9.15760421753,9.35012149811,0,9.35012149811,9.35012149811,1
1118,1046,32,0.0001,0.0001,0.75,0.1,9.15760421753,0,9.15760421753,9.15760421753,9.35012149811,0,9.35012149811,9.35012149811,1
1119,1061,32,0.0001,0.001,0.75,0.1,9.15760421753,0,9.15760421753,9.15760421753,9.35012149811,0,9.35012149811,9.35012149811,1
1120,1076,32,0.0001,0.01,0.75,0.1,9.15760421753,0,9.15760421753,9.15760421753,9.35012149811,0,9.35012149811,9.35012149811,1
1121,1034,32,0.0001,0,0.75,0.7,9.01711845398,0,9.01711845398,9.01711845398,8.90264797211,0,8.90264797211,8.90264797211,1
1122,1049,32,0.0001,0.0001,0.75,0.7,9.01711845398,0,9.01711845398,9.01711845398,8.90264797211,0,8.90264797211,8.90264797211,1
1123,1064,32,0.0001,0.001,0.75,0.7,9.01711845398,0,9.01711845398,9.01711845398,8.90264797211,0,8.90264797211,8.90264797211,1
1124,1079,32,0.0001,0.01,0.75,0.7,9.01711845398,0,9.01711845398,9.01711845398,8.90264797211,0,8.90264797211,8.90264797211,1
1125,1154,64,0.001,0,0.75,0.7,8.98589897156,0,8.98589897156,8.98589897156,8.86622619629,0,8.86622619629,8.86622619629,1
1126,1169,64,0.001,0.0001,0.75,0.7,8.98589897156,0,8.98589897156,8.98589897156,8.86622619629,0,8.86622619629,8.86622619629,1
1127,1184,64,0.001,0.001,0.75,0.7,8.98589897156,0,8.98589897156,8.98589897156,8.86622619629,0,8.86622619629,8.86622619629,1
1128,1199,64,0.001,0.01,0.75,0.7,8.98589897156,0,8.98589897156,8.98589897156,8.86102199554,0,8.86102199554,8.86102199554,1
1129,975,32,0.001,0,0.75,0.9,8.97028923035,0,8.97028923035,8.97028923035,9.13679122925,0,9.13679122925,9.13679122925,1
1130,990,32,0.001,0.0001,0.75,0.9,8.97028923035,0,8.97028923035,8.97028923035,9.13679122925,0,9.13679122925,9.13679122925,1
1131,1005,32,0.001,0.001,0.75,0.9,8.97028923035,0,8.97028923035,8.97028923035,9.13679122925,0,9.13679122925,9.13679122925,1
1132,1020,32,0.001,0.01,0.75,0.9,8.97028923035,0,8.97028923035,8.97028923035,9.13679122925,0,9.13679122925,9.13679122925,1
1133,1152,64,0.001,0,0.75,0.3,8.93386745453,0,8.93386745453,8.93386745453,8.81419372559,0,8.81419372559,8.81419372559,1
1134,1167,64,0.001,0.0001,0.75,0.3,8.93386745453,0,8.93386745453,8.93386745453,8.81419372559,0,8.81419372559,8.81419372559,1
1135,1182,64,0.001,0.001,0.75,0.3,8.93386745453,0,8.93386745453,8.93386745453,8.81419372559,0,8.81419372559,8.81419372559,1
1136,1197,64,0.001,0.01,0.75,0.3,8.93386745453,0,8.93386745453,8.93386745453,8.81419372559,0,8.81419372559,8.81419372559,1
1137,1151,64,0.001,0,0.75,0.1,8.92866420746,0,8.92866420746,8.92866420746,9.06394767761,0,9.06394767761,9.06394767761,1
1138,1166,64,0.001,0.0001,0.75,0.1,8.92866420746,0,8.92866420746,8.92866420746,9.06394767761,0,9.06394767761,9.06394767761,1
1139,1181,64,0.001,0.001,0.75,0.1,8.92866420746,0,8.92866420746,8.92866420746,9.06394767761,0,9.06394767761,9.06394767761,1
1140,1196,64,0.001,0.01,0.75,0.1,8.92866420746,0,8.92866420746,8.92866420746,9.06394767761,0,9.06394767761,9.06394767761,1
1141,1153,64,0.001,0,0.75,0.5,8.91825771332,0,8.91825771332,8.91825771332,8.83500766754,0,8.83500766754,8.83500766754,1
1142,1168,64,0.001,0.0001,0.75,0.5,8.91825771332,0,8.91825771332,8.91825771332,8.83500766754,0,8.83500766754,8.83500766754,1
1143,1183,64,0.001,0.001,0.75,0.5,8.91825771332,0,8.91825771332,8.91825771332,8.83500766754,0,8.83500766754,8.83500766754,1
1144,1198,64,0.001,0.01,0.75,0.5,8.91825771332,0,8.91825771332,8.91825771332,8.83500766754,0,8.83500766754,8.83500766754,1
1145,1033,32,0.0001,0,0.75,0.5,8.91305446625,0,8.91305446625,8.91305446625,8.91825771332,0,8.91825771332,8.91825771332,1
1146,1048,32,0.0001,0.0001,0.75,0.5,8.91305446625,0,8.91305446625,8.91305446625,8.91825771332,0,8.91825771332,8.91825771332,1
1147,1063,32,0.0001,0.001,0.75,0.5,8.91305446625,0,8.91305446625,8.91305446625,8.91825771332,0,8.91825771332,8.91825771332,1
1148,1078,32,0.0001,0.01,0.75,0.5,8.91305446625,0,8.91305446625,8.91305446625,8.91825771332,0,8.91825771332,8.91825771332,1
1149,1032,32,0.0001,0,0.75,0.3,8.90785121918,0,8.90785121918,8.90785121918,8.8870382309,0,8.8870382309,8.8870382309,1
1150,1047,32,0.0001,0.0001,0.75,0.3,8.90785121918,0,8.90785121918,8.90785121918,8.8870382309,0,8.8870382309,8.8870382309,1
1151,1062,32,0.0001,0.001,0.75,0.3,8.90785121918,0,8.90785121918,8.90785121918,8.8870382309,0,8.8870382309,8.8870382309,1
1152,1077,32,0.0001,0.01,0.75,0.3,8.90785121918,0,8.90785121918,8.90785121918,8.8870382309,0,8.8870382309,8.8870382309,1
1153,1210,64,0.0001,0,0.5,0.9,8.76736545563,0,8.76736545563,8.76736545563,8.78297519684,0,8.78297519684,8.78297519684,1
1154,1225,64,0.0001,0.0001,0.5,0.9,8.76736545563,0,8.76736545563,8.76736545563,8.78297519684,0,8.78297519684,8.78297519684,1
1155,1240,64,0.0001,0.001,0.5,0.9,8.76736545563,0,8.76736545563,8.76736545563,8.78297519684,0,8.78297519684,8.78297519684,1
1156,1255,64,0.0001,0.01,0.5,0.9,8.76736545563,0,8.76736545563,8.76736545563,8.78297519684,0,8.78297519684,8.78297519684,1
1157,1207,64,0.0001,0,0.5,0.3,8.76216220856,0,8.76216220856,8.76216220856,8.7725687027,0,8.7725687027,8.7725687027,1
1158,1222,64,0.0001,0.0001,0.5,0.3,8.76216220856,0,8.76216220856,8.76216220856,8.7725687027,0,8.7725687027,8.7725687027,1
1159,1237,64,0.0001,0.001,0.5,0.3,8.76216220856,0,8.76216220856,8.76216220856,8.7725687027,0,8.7725687027,8.7725687027,1
1160,1252,64,0.0001,0.01,0.5,0.3,8.76216220856,0,8.76216220856,8.76216220856,8.7725687027,0,8.7725687027,8.7725687027,1
1161,1208,64,0.0001,0,0.5,0.5,8.75695991516,0,8.75695991516,8.75695991516,8.78297519684,0,8.78297519684,8.78297519684,1
1162,1223,64,0.0001,0.0001,0.5,0.5,8.75695991516,0,8.75695991516,8.75695991516,8.78297519684,0,8.78297519684,8.78297519684,1
1163,1238,64,0.0001,0.001,0.5,0.5,8.75695991516,0,8.75695991516,8.75695991516,8.78297519684,0,8.78297519684,8.78297519684,1
1164,1253,64,0.0001,0.01,0.5,0.5,8.75695991516,0,8.75695991516,8.75695991516,8.78297519684,0,8.78297519684,8.78297519684,1
1165,1209,64,0.0001,0,0.5,0.7,8.7153339386,0,8.7153339386,8.7153339386,8.80899143219,0,8.80899143219,8.80899143219,1
1166,1224,64,0.0001,0.0001,0.5,0.7,8.7153339386,0,8.7153339386,8.7153339386,8.80899143219,0,8.80899143219,8.80899143219,1
1167,1239,64,0.0001,0.001,0.5,0.7,8.7153339386,0,8.7153339386,8.7153339386,8.80899143219,0,8.80899143219,8.80899143219,1
1168,1254,64,0.0001,0.01,0.5,0.7,8.7153339386,0,8.7153339386,8.7153339386,8.80899143219,0,8.80899143219,8.80899143219,1
1169,1035,32,0.0001,0,0.75,0.9,8.68411445618,0,8.68411445618,8.68411445618,8.89744567871,0,8.89744567871,8.89744567871,1
1170,1050,32,0.0001,0.0001,0.75,0.9,8.68411445618,0,8.68411445618,8.68411445618,8.89744567871,0,8.89744567871,8.89744567871,1
1171,1065,32,0.0001,0.001,0.75,0.9,8.68411445618,0,8.68411445618,8.68411445618,8.89744567871,0,8.89744567871,8.89744567871,1
1172,1080,32,0.0001,0.01,0.75,0.9,8.68411445618,0,8.68411445618,8.68411445618,8.89744567871,0,8.89744567871,8.89744567871,1
1173,906,32,0.01,0,0.5,0.1,8.59045791626,0,8.59045791626,8.59045791626,8.41354846954,0,8.41354846954,8.41354846954,1
1174,921,32,0.01,0.0001,0.5,0.1,8.59045791626,0,8.59045791626,8.59045791626,8.41354846954,0,8.41354846954,8.41354846954,1
1175,936,32,0.01,0.001,0.5,0.1,8.59045791626,0,8.59045791626,8.59045791626,8.41354846954,0,8.41354846954,8.41354846954,1
1176,951,32,0.01,0.01,0.5,0.1,8.59045791626,0,8.59045791626,8.59045791626,8.41354846954,0,8.41354846954,8.41354846954,1
1177,1206,64,0.0001,0,0.5,0.1,8.5488319397,0,8.5488319397,8.5488319397,8.67891120911,0,8.67891120911,8.67891120911,1
1178,1221,64,0.0001,0.0001,0.5,0.1,8.5488319397,0,8.5488319397,8.5488319397,8.67891120911,0,8.67891120911,8.67891120911,1
1179,1236,64,0.0001,0.001,0.5,0.1,8.5488319397,0,8.5488319397,8.5488319397,8.67891120911,0,8.67891120911,8.67891120911,1
1180,1251,64,0.0001,0.01,0.5,0.1,8.5488319397,0,8.5488319397,8.5488319397,8.67891120911,0,8.67891120911,8.67891120911,1
1181,1215,64,0.0001,0,0.75,0.9,8.49159622192,0,8.49159622192,8.49159622192,8.62167644501,0,8.62167644501,8.62167644501,1
1182,1230,64,0.0001,0.0001,0.75,0.9,8.49159622192,0,8.49159622192,8.49159622192,8.62167644501,0,8.62167644501,8.62167644501,1
1183,1245,64,0.0001,0.001,0.75,0.9,8.49159622192,0,8.49159622192,8.49159622192,8.62167644501,0,8.62167644501,8.62167644501,1
1184,1260,64,0.0001,0.01,0.75,0.9,8.49159622192,0,8.49159622192,8.49159622192,8.62167644501,0,8.62167644501,8.62167644501,1
1185,1214,64,0.0001,0,0.75,0.7,8.30948543549,0,8.30948543549,8.30948543549,8.51761245728,0,8.51761245728,8.51761245728,1
1186,1229,64,0.0001,0.0001,0.75,0.7,8.30948543549,0,8.30948543549,8.30948543549,8.51761245728,0,8.51761245728,8.51761245728,1
1187,1244,64,0.0001,0.001,0.75,0.7,8.30948543549,0,8.30948543549,8.30948543549,8.51761245728,0,8.51761245728,8.51761245728,1
1188,1259,64,0.0001,0.01,0.75,0.7,8.30948543549,0,8.30948543549,8.30948543549,8.51761245728,0,8.51761245728,8.51761245728,1
1189,1213,64,0.0001,0,0.75,0.5,8.28346920013,0,8.28346920013,8.28346920013,8.25745296478,0,8.25745296478,8.25745296478,1
1190,1228,64,0.0001,0.0001,0.75,0.5,8.28346920013,0,8.28346920013,8.28346920013,8.25745296478,0,8.25745296478,8.25745296478,1
1191,1243,64,0.0001,0.001,0.75,0.5,8.28346920013,0,8.28346920013,8.28346920013,8.25745296478,0,8.25745296478,8.25745296478,1
1192,1258,64,0.0001,0.01,0.75,0.5,8.28346920013,0,8.28346920013,8.28346920013,8.25745296478,0,8.25745296478,8.25745296478,1
1193,1211,64,0.0001,0,0.75,0.1,8.27826595306,0,8.27826595306,8.27826595306,8.42915821075,0,8.42915821075,8.42915821075,1
1194,1226,64,0.0001,0.0001,0.75,0.1,8.27826595306,0,8.27826595306,8.27826595306,8.42915821075,0,8.42915821075,8.42915821075,1
1195,1241,64,0.0001,0.001,0.75,0.1,8.27826595306,0,8.27826595306,8.27826595306,8.42915821075,0,8.42915821075,8.42915821075,1
1196,1256,64,0.0001,0.01,0.75,0.1,8.27826595306,0,8.27826595306,8.27826595306,8.42915821075,0,8.42915821075,8.42915821075,1
1197,1212,64,0.0001,0,0.75,0.3,8.25745296478,0,8.25745296478,8.25745296478,8.23143768311,0,8.23143768311,8.23143768311,1
1198,1227,64,0.0001,0.0001,0.75,0.3,8.25745296478,0,8.25745296478,8.25745296478,8.23143768311,0,8.23143768311,8.23143768311,1
1199,1242,64,0.0001,0.001,0.75,0.3,8.25745296478,0,8.25745296478,8.25745296478,8.23143768311,0,8.23143768311,8.23143768311,1
1200,1257,64,0.0001,0.01,0.75,0.3,8.25745296478,0,8.25745296478,8.25745296478,8.23143768311,0,8.23143768311,8.23143768311,1
1201,907,32,0.01,0,0.5,0.3,8.13778018951,0,8.13778018951,8.13778018951,8.18981266022,0,8.18981266022,8.18981266022,1
1202,922,32,0.01,0.0001,0.5,0.3,8.13778018951,0,8.13778018951,8.13778018951,8.18981266022,0,8.18981266022,8.18981266022,1
1203,937,32,0.01,0.001,0.5,0.3,8.13778018951,0,8.13778018951,8.13778018951,8.18981266022,0,8.18981266022,8.18981266022,1
1204,952,32,0.01,0.01,0.5,0.3,8.13778018951,0,8.13778018951,8.13778018951,8.18981266022,0,8.18981266022,8.18981266022,1
1205,908,32,0.01,0,0.5,0.5,7.85680866241,0,7.85680866241,7.85680866241,7.75274467468,0,7.75274467468,7.75274467468,1
1206,923,32,0.01,0.0001,0.5,0.5,7.85680866241,0,7.85680866241,7.85680866241,7.75274467468,0,7.75274467468,7.75274467468,1
1207,938,32,0.01,0.001,0.5,0.5,7.85680866241,0,7.85680866241,7.85680866241,7.75274467468,0,7.75274467468,7.75274467468,1
1208,953,32,0.01,0.01,0.5,0.5,7.85680866241,0,7.85680866241,7.85680866241,7.75274467468,0,7.75274467468,7.75274467468,1
1209,909,32,0.01,0,0.5,0.7,7.30006790161,0,7.30006790161,7.30006790161,7.25323867798,0,7.25323867798,7.25323867798,1
1210,924,32,0.01,0.0001,0.5,0.7,7.30006790161,0,7.30006790161,7.30006790161,7.25323867798,0,7.25323867798,7.25323867798,1
1211,939,32,0.01,0.001,0.5,0.7,7.30006790161,0,7.30006790161,7.30006790161,7.25323867798,0,7.25323867798,7.25323867798,1
1212,954,32,0.01,0.01,0.5,0.7,7.30006790161,0,7.30006790161,7.30006790161,7.25323867798,0,7.25323867798,7.25323867798,1
1213,911,32,0.01,0,0.75,0.1,6.8473906517,0,6.8473906517,6.8473906517,7.21681642532,0,7.21681642532,7.21681642532,1
1214,926,32,0.01,0.0001,0.75,0.1,6.8473906517,0,6.8473906517,6.8473906517,7.21681642532,0,7.21681642532,7.21681642532,1
1215,941,32,0.01,0.001,0.75,0.1,6.8473906517,0,6.8473906517,6.8473906517,7.21681642532,0,7.21681642532,7.21681642532,1
1216,956,32,0.01,0.01,0.75,0.1,6.8421869278,0,6.8421869278,6.8421869278,7.21161365509,0,7.21161365509,7.21161365509,1
1217,912,32,0.01,0,0.75,0.3,6.57682514191,0,6.57682514191,6.57682514191,6.92543840408,0,6.92543840408,6.92543840408,1
1218,927,32,0.01,0.0001,0.75,0.3,6.57682514191,0,6.57682514191,6.57682514191,6.92543840408,0,6.92543840408,6.92543840408,1
1219,942,32,0.01,0.001,0.75,0.3,6.57682514191,0,6.57682514191,6.57682514191,6.92543840408,0,6.92543840408,6.92543840408,1
1220,957,32,0.01,0.01,0.75,0.3,6.5612154007,0,6.5612154007,6.5612154007,6.92023468018,0,6.92023468018,6.92023468018,1
1221,913,32,0.01,0,0.75,0.5,6.41552639008,0,6.41552639008,6.41552639008,6.64446640015,0,6.64446640015,6.64446640015,1
1222,928,32,0.01,0.0001,0.75,0.5,6.41552639008,0,6.41552639008,6.41552639008,6.64446640015,0,6.64446640015,6.64446640015,1
1223,943,32,0.01,0.001,0.75,0.5,6.41552639008,0,6.41552639008,6.41552639008,6.64446640015,0,6.64446640015,6.64446640015,1
1224,958,32,0.01,0.01,0.75,0.5,6.41032314301,0,6.41032314301,6.41032314301,6.63926315308,0,6.63926315308,6.63926315308,1
1225,914,32,0.01,0,0.75,0.7,5.99927139282,0,5.99927139282,5.99927139282,6.22821140289,0,6.22821140289,6.22821140289,1
1226,929,32,0.01,0.0001,0.75,0.7,5.99927139282,0,5.99927139282,5.99927139282,6.22821140289,0,6.22821140289,6.22821140289,1
1227,944,32,0.01,0.001,0.75,0.7,5.99927139282,0,5.99927139282,5.99927139282,6.22821140289,0,6.22821140289,6.22821140289,1
1228,959,32,0.01,0.01,0.75,0.7,5.99406814575,0,5.99406814575,5.99406814575,6.22821140289,0,6.22821140289,6.22821140289,1
1229,1086,64,0.01,0,0.5,0.1,5.55700063705,0,5.55700063705,5.55700063705,5.54139137268,0,5.54139137268,5.54139137268,1
1230,1101,64,0.01,0.0001,0.5,0.1,5.55700063705,0,5.55700063705,5.55700063705,5.54139137268,0,5.54139137268,5.54139137268,1
1231,1116,64,0.01,0.001,0.5,0.1,5.55700063705,0,5.55700063705,5.55700063705,5.54139137268,0,5.54139137268,5.54139137268,1
1232,1131,64,0.01,0.01,0.5,0.1,5.55700063705,0,5.55700063705,5.55700063705,5.54139137268,0,5.54139137268,5.54139137268,1
1233,1136,64,0.01,0.01,0.75,0.1,5.50496912003,0,5.50496912003,5.50496912003,5.48415613174,0,5.48415613174,5.48415613174,1
1234,1091,64,0.01,0,0.75,0.1,5.49976587296,0,5.49976587296,5.49976587296,5.48415613174,0,5.48415613174,5.48415613174,1
1235,1106,64,0.01,0.0001,0.75,0.1,5.49976587296,0,5.49976587296,5.49976587296,5.48415613174,0,5.48415613174,5.48415613174,1
1236,1121,64,0.01,0.001,0.75,0.1,5.49976587296,0,5.49976587296,5.49976587296,5.48415613174,0,5.48415613174,5.48415613174,1
1237,1087,64,0.01,0,0.5,0.3,5.40090560913,0,5.40090560913,5.40090560913,5.39570188522,0,5.39570188522,5.39570188522,1
1238,1102,64,0.01,0.0001,0.5,0.3,5.40090560913,0,5.40090560913,5.40090560913,5.39570188522,0,5.39570188522,5.39570188522,1
1239,1117,64,0.01,0.001,0.5,0.3,5.40090560913,0,5.40090560913,5.40090560913,5.39570188522,0,5.39570188522,5.39570188522,1
1240,1132,64,0.01,0.01,0.5,0.3,5.40090560913,0,5.40090560913,5.40090560913,5.39570188522,0,5.39570188522,5.39570188522,1
1241,1092,64,0.01,0,0.75,0.3,5.36448287964,0,5.36448287964,5.36448287964,5.33846712112,0,5.33846712112,5.33846712112,1
1242,1107,64,0.01,0.0001,0.75,0.3,5.36448287964,0,5.36448287964,5.36448287964,5.33846712112,0,5.33846712112,5.33846712112,1
1243,1122,64,0.01,0.001,0.75,0.3,5.36448287964,0,5.36448287964,5.36448287964,5.33846712112,0,5.33846712112,5.33846712112,1
1244,1137,64,0.01,0.01,0.75,0.3,5.36448287964,0,5.36448287964,5.36448287964,5.33326387405,0,5.33326387405,5.33326387405,1
1245,1093,64,0.01,0,0.75,0.5,5.27602863312,0,5.27602863312,5.27602863312,5.15635585785,0,5.15635585785,5.15635585785,1
1246,1108,64,0.01,0.0001,0.75,0.5,5.27602863312,0,5.27602863312,5.27602863312,5.15635585785,0,5.15635585785,5.15635585785,1
1247,1123,64,0.01,0.001,0.75,0.5,5.27602863312,0,5.27602863312,5.27602863312,5.15635585785,0,5.15635585785,5.15635585785,1
1248,1138,64,0.01,0.01,0.75,0.5,5.27602863312,0,5.27602863312,5.27602863312,5.15635585785,0,5.15635585785,5.15635585785,1
1249,1133,64,0.01,0.01,0.5,0.5,5.16155862808,0,5.16155862808,5.16155862808,5.28123188019,0,5.28123188019,5.28123188019,1
1250,1088,64,0.01,0,0.5,0.5,5.15115213394,0,5.15115213394,5.15115213394,5.28643512726,0,5.28643512726,5.28643512726,1
1251,1103,64,0.01,0.0001,0.5,0.5,5.15115213394,0,5.15115213394,5.15115213394,5.28643512726,0,5.28643512726,5.28643512726,1
1252,1118,64,0.01,0.001,0.5,0.5,5.15115213394,0,5.15115213394,5.15115213394,5.28643512726,0,5.28643512726,5.28643512726,1
1253,1124,64,0.01,0.001,0.75,0.7,4.94302511215,0,4.94302511215,4.94302511215,4.8597741127,0,4.8597741127,4.8597741127,1
1254,1139,64,0.01,0.01,0.75,0.7,4.94302511215,0,4.94302511215,4.94302511215,4.84936761856,0,4.84936761856,4.84936761856,1
1255,1089,64,0.01,0,0.5,0.7,4.87018060684,0,4.87018060684,4.87018060684,4.93261861801,0,4.93261861801,4.93261861801,1
1256,1104,64,0.01,0.0001,0.5,0.7,4.87018060684,0,4.87018060684,4.87018060684,4.93261861801,0,4.93261861801,4.93261861801,1
1257,1119,64,0.01,0.001,0.5,0.7,4.87018060684,0,4.87018060684,4.87018060684,4.93261861801,0,4.93261861801,4.93261861801,1
1258,1134,64,0.01,0.01,0.5,0.7,4.87018060684,0,4.87018060684,4.87018060684,4.92741537094,0,4.92741537094,4.92741537094,1
1259,1094,64,0.01,0,0.75,0.7,4.34986209869,0,4.34986209869,4.34986209869,4.26140785217,0,4.26140785217,4.26140785217,1
1260,1109,64,0.01,0.0001,0.75,0.7,4.34986209869,0,4.34986209869,4.34986209869,4.26140785217,0,4.26140785217,4.26140785217,1
