rank,candidate_id,x_steps,learning_rate,weight_decay,dropout,tao2,val_acc_mean,val_acc_std,val_acc_min,val_acc_max,test_acc_mean,test_acc_std,test_acc_min,test_acc_max,n
1,1139,64,0.01,0.01,0.75,0.7,83.3087158203,0,83.3087158203,83.3087158203,85.2289505005,0,85.2289505005,85.2289505005,1
2,1133,64,0.01,0.01,0.5,0.5,82.8655853271,0,82.8655853271,82.8655853271,86.1152114868,0,86.1152114868,86.1152114868,1
3,1135,64,0.01,0.01,0.5,0.9,82.7178726196,0,82.7178726196,82.7178726196,84.6381072998,0,84.6381072998,84.6381072998,1
4,1126,64,0.01,0.01,0.25,0.1,82.1270294189,0,82.1270294189,82.1270294189,82.7178726196,0,82.7178726196,82.7178726196,1
5,1138,64,0.01,0.01,0.75,0.5,82.1270294189,0,82.1270294189,82.1270294189,84.3426895142,0,84.3426895142,84.3426895142,1
6,1218,64,0.0001,0.0001,0.25,0.5,82.1270294189,0,82.1270294189,82.1270294189,84.3426895142,0,84.3426895142,84.3426895142,1
7,1241,64,0.0001,0.001,0.75,0.1,82.1270294189,0,82.1270294189,82.1270294189,84.6381072998,0,84.6381072998,84.6381072998,1
8,958,32,0.01,0.01,0.75,0.5,81.9793167114,0,81.9793167114,81.9793167114,84.6381072998,0,84.6381072998,84.6381072998,1
9,1124,64,0.01,0.001,0.75,0.7,81.9793167114,0,81.9793167114,81.9793167114,84.3426895142,0,84.3426895142,84.3426895142,1
10,1226,64,0.0001,0.0001,0.75,0.1,81.9793167114,0,81.9793167114,81.9793167114,84.3426895142,0,84.3426895142,84.3426895142,1
11,1233,64,0.0001,0.001,0.25,0.5,81.9793167114,0,81.9793167114,81.9793167114,84.3426895142,0,84.3426895142,84.3426895142,1
12,1248,64,0.0001,0.01,0.25,0.5,81.9793167114,0,81.9793167114,81.9793167114,84.3426895142,0,84.3426895142,84.3426895142,1
13,1256,64,0.0001,0.01,0.75,0.1,81.9793167114,0,81.9793167114,81.9793167114,84.4903945923,0,84.4903945923,84.4903945923,1
14,1134,64,0.01,0.01,0.5,0.7,81.8316116333,0,81.8316116333,81.8316116333,85.2289505005,0,85.2289505005,85.2289505005,1
15,1137,64,0.01,0.01,0.75,0.3,81.8316116333,0,81.8316116333,81.8316116333,83.899559021,0,83.899559021,83.899559021,1
16,1140,64,0.01,0.01,0.75,0.9,81.8316116333,0,81.8316116333,81.8316116333,84.7858200073,0,84.7858200073,84.7858200073,1
17,1159,64,0.001,0.0001,0.25,0.7,81.8316116333,0,81.8316116333,81.8316116333,83.604133606,0,83.604133606,83.604133606,1
18,1174,64,0.001,0.001,0.25,0.7,81.8316116333,0,81.8316116333,81.8316116333,83.604133606,0,83.604133606,83.604133606,1
19,1207,64,0.0001,0,0.5,0.3,81.8316116333,0,81.8316116333,81.8316116333,83.604133606,0,83.604133606,83.604133606,1
20,1217,64,0.0001,0.0001,0.25,0.3,81.8316116333,0,81.8316116333,81.8316116333,83.899559021,0,83.899559021,83.899559021,1
21,1222,64,0.0001,0.0001,0.5,0.3,81.8316116333,0,81.8316116333,81.8316116333,83.604133606,0,83.604133606,83.604133606,1
22,1223,64,0.0001,0.0001,0.5,0.5,81.8316116333,0,81.8316116333,81.8316116333,84.1949768066,0,84.1949768066,84.1949768066,1
23,1227,64,0.0001,0.0001,0.75,0.3,81.8316116333,0,81.8316116333,81.8316116333,84.7858200073,0,84.7858200073,84.7858200073,1
24,1232,64,0.0001,0.001,0.25,0.3,81.8316116333,0,81.8316116333,81.8316116333,83.604133606,0,83.604133606,83.604133606,1
25,1237,64,0.0001,0.001,0.5,0.3,81.8316116333,0,81.8316116333,81.8316116333,83.604133606,0,83.604133606,83.604133606,1
26,1238,64,0.0001,0.001,0.5,0.5,81.8316116333,0,81.8316116333,81.8316116333,84.3426895142,0,84.3426895142,84.3426895142,1
27,1242,64,0.0001,0.001,0.75,0.3,81.8316116333,0,81.8316116333,81.8316116333,84.7858200073,0,84.7858200073,84.7858200073,1
28,1247,64,0.0001,0.01,0.25,0.3,81.8316116333,0,81.8316116333,81.8316116333,84.0472640991,0,84.0472640991,84.0472640991,1
29,1257,64,0.0001,0.01,0.75,0.3,81.8316116333,0,81.8316116333,81.8316116333,84.7858200073,0,84.7858200073,84.7858200073,1
30,809,16,0.001,0.0001,0.75,0.7,81.6838989258,0,81.6838989258,81.6838989258,83.604133606,0,83.604133606,83.604133606,1
31,824,16,0.001,0.001,0.75,0.7,81.6838989258,0,81.6838989258,81.6838989258,83.604133606,0,83.604133606,83.604133606,1
32,830,16,0.001,0.01,0.25,0.9,81.6838989258,0,81.6838989258,81.6838989258,84.3426895142,0,84.3426895142,84.3426895142,1
33,839,16,0.001,0.01,0.75,0.7,81.6838989258,0,81.6838989258,81.6838989258,83.604133606,0,83.604133606,83.604133606,1
34,845,16,0.0001,0,0.25,0.9,81.6838989258,0,81.6838989258,81.6838989258,84.6381072998,0,84.6381072998,84.6381072998,1
35,860,16,0.0001,0.0001,0.25,0.9,81.6838989258,0,81.6838989258,81.6838989258,84.6381072998,0,84.6381072998,84.6381072998,1
36,875,16,0.0001,0.001,0.25,0.9,81.6838989258,0,81.6838989258,81.6838989258,84.3426895142,0,84.3426895142,84.3426895142,1
37,959,32,0.01,0.01,0.75,0.7,81.6838989258,0,81.6838989258,81.6838989258,84.4903945923,0,84.4903945923,84.4903945923,1
38,970,32,0.001,0,0.5,0.9,81.6838989258,0,81.6838989258,81.6838989258,83.4564208984,0,83.4564208984,83.4564208984,1
39,985,32,0.001,0.0001,0.5,0.9,81.6838989258,0,81.6838989258,81.6838989258,83.4564208984,0,83.4564208984,83.4564208984,1
40,989,32,0.001,0.0001,0.75,0.7,81.6838989258,0,81.6838989258,81.6838989258,83.3087158203,0,83.3087158203,83.3087158203,1
41,1000,32,0.001,0.001,0.5,0.9,81.6838989258,0,81.6838989258,81.6838989258,83.4564208984,0,83.4564208984,83.4564208984,1
42,1004,32,0.001,0.001,0.75,0.7,81.6838989258,0,81.6838989258,81.6838989258,83.3087158203,0,83.3087158203,83.3087158203,1
43,1189,64,0.001,0.01,0.25,0.7,81.6838989258,0,81.6838989258,81.6838989258,83.3087158203,0,83.3087158203,83.3087158203,1
44,1202,64,0.0001,0,0.25,0.3,81.6838989258,0,81.6838989258,81.6838989258,84.0472640991,0,84.0472640991,84.0472640991,1
45,1203,64,0.0001,0,0.25,0.5,81.6838989258,0,81.6838989258,81.6838989258,83.7518463135,0,83.7518463135,83.7518463135,1
46,1228,64,0.0001,0.0001,0.75,0.5,81.6838989258,0,81.6838989258,81.6838989258,84.0472640991,0,84.0472640991,84.0472640991,1
47,1243,64,0.0001,0.001,0.75,0.5,81.6838989258,0,81.6838989258,81.6838989258,84.0472640991,0,84.0472640991,84.0472640991,1
48,1253,64,0.0001,0.01,0.5,0.5,81.6838989258,0,81.6838989258,81.6838989258,83.899559021,0,83.899559021,83.899559021,1
49,794,16,0.001,0,0.75,0.7,81.5361862183,0,81.5361862183,81.5361862183,83.604133606,0,83.604133606,83.604133606,1
50,806,16,0.001,0.0001,0.75,0.1,81.5361862183,0,81.5361862183,81.5361862183,82.422454834,0,82.422454834,82.422454834,1
51,890,16,0.0001,0.01,0.25,0.9,81.5361862183,0,81.5361862183,81.5361862183,84.0472640991,0,84.0472640991,84.0472640991,1
52,1015,32,0.001,0.01,0.5,0.9,81.5361862183,0,81.5361862183,81.5361862183,83.604133606,0,83.604133606,83.604133606,1
53,1019,32,0.001,0.01,0.75,0.7,81.5361862183,0,81.5361862183,81.5361862183,83.3087158203,0,83.3087158203,83.3087158203,1
54,1123,64,0.01,0.001,0.75,0.5,81.5361862183,0,81.5361862183,81.5361862183,83.7518463135,0,83.7518463135,83.7518463135,1
55,1208,64,0.0001,0,0.5,0.5,81.5361862183,0,81.5361862183,81.5361862183,83.899559021,0,83.899559021,83.899559021,1
56,1219,64,0.0001,0.0001,0.25,0.7,81.5361862183,0,81.5361862183,81.5361862183,84.3426895142,0,84.3426895142,84.3426895142,1
57,1221,64,0.0001,0.0001,0.5,0.1,81.5361862183,0,81.5361862183,81.5361862183,84.6381072998,0,84.6381072998,84.6381072998,1
58,1234,64,0.0001,0.001,0.25,0.7,81.5361862183,0,81.5361862183,81.5361862183,84.3426895142,0,84.3426895142,84.3426895142,1
59,1249,64,0.0001,0.01,0.25,0.7,81.5361862183,0,81.5361862183,81.5361862183,84.0472640991,0,84.0472640991,84.0472640991,1
60,785,16,0.001,0,0.25,0.9,81.3884811401,0,81.3884811401,81.3884811401,84.3426895142,0,84.3426895142,84.3426895142,1
61,800,16,0.001,0.0001,0.25,0.9,81.3884811401,0,81.3884811401,81.3884811401,84.3426895142,0,84.3426895142,84.3426895142,1
62,815,16,0.001,0.001,0.25,0.9,81.3884811401,0,81.3884811401,81.3884811401,84.3426895142,0,84.3426895142,84.3426895142,1
63,821,16,0.001,0.001,0.75,0.1,81.3884811401,0,81.3884811401,81.3884811401,82.8655853271,0,82.8655853271,82.8655853271,1
64,835,16,0.001,0.01,0.5,0.9,81.3884811401,0,81.3884811401,81.3884811401,84.0472640991,0,84.0472640991,84.0472640991,1
65,975,32,0.001,0,0.75,0.9,81.3884811401,0,81.3884811401,81.3884811401,83.3087158203,0,83.3087158203,83.3087158203,1
66,990,32,0.001,0.0001,0.75,0.9,81.3884811401,0,81.3884811401,81.3884811401,83.3087158203,0,83.3087158203,83.3087158203,1
67,1005,32,0.001,0.001,0.75,0.9,81.3884811401,0,81.3884811401,81.3884811401,83.3087158203,0,83.3087158203,83.3087158203,1
68,1039,32,0.0001,0.0001,0.25,0.7,81.3884811401,0,81.3884811401,81.3884811401,84.4903945923,0,84.4903945923,84.4903945923,1
69,1054,32,0.0001,0.001,0.25,0.7,81.3884811401,0,81.3884811401,81.3884811401,84.4903945923,0,84.4903945923,84.4903945923,1
70,1069,32,0.0001,0.01,0.25,0.7,81.3884811401,0,81.3884811401,81.3884811401,83.7518463135,0,83.7518463135,83.7518463135,1
71,1074,32,0.0001,0.01,0.5,0.7,81.3884811401,0,81.3884811401,81.3884811401,84.3426895142,0,84.3426895142,84.3426895142,1
72,1108,64,0.01,0.0001,0.75,0.5,81.3884811401,0,81.3884811401,81.3884811401,83.0132904053,0,83.0132904053,83.0132904053,1
73,1142,64,0.001,0,0.25,0.3,81.3884811401,0,81.3884811401,81.3884811401,82.422454834,0,82.422454834,82.422454834,1
74,1144,64,0.001,0,0.25,0.7,81.3884811401,0,81.3884811401,81.3884811401,83.604133606,0,83.604133606,83.604133606,1
75,1149,64,0.001,0,0.5,0.7,81.3884811401,0,81.3884811401,81.3884811401,82.8655853271,0,82.8655853271,82.8655853271,1
76,1153,64,0.001,0,0.75,0.5,81.3884811401,0,81.3884811401,81.3884811401,83.0132904053,0,83.0132904053,83.0132904053,1
77,1157,64,0.001,0.0001,0.25,0.3,81.3884811401,0,81.3884811401,81.3884811401,82.422454834,0,82.422454834,82.422454834,1
78,1160,64,0.001,0.0001,0.25,0.9,81.3884811401,0,81.3884811401,81.3884811401,83.4564208984,0,83.4564208984,83.4564208984,1
79,1164,64,0.001,0.0001,0.5,0.7,81.3884811401,0,81.3884811401,81.3884811401,82.8655853271,0,82.8655853271,82.8655853271,1
80,1168,64,0.001,0.0001,0.75,0.5,81.3884811401,0,81.3884811401,81.3884811401,82.8655853271,0,82.8655853271,82.8655853271,1
81,1172,64,0.001,0.001,0.25,0.3,81.3884811401,0,81.3884811401,81.3884811401,82.422454834,0,82.422454834,82.422454834,1
82,1179,64,0.001,0.001,0.5,0.7,81.3884811401,0,81.3884811401,81.3884811401,82.8655853271,0,82.8655853271,82.8655853271,1
83,1183,64,0.001,0.001,0.75,0.5,81.3884811401,0,81.3884811401,81.3884811401,82.8655853271,0,82.8655853271,82.8655853271,1
84,1186,64,0.001,0.01,0.25,0.1,81.3884811401,0,81.3884811401,81.3884811401,81.8316116333,0,81.8316116333,81.8316116333,1
85,1187,64,0.001,0.01,0.25,0.3,81.3884811401,0,81.3884811401,81.3884811401,82.422454834,0,82.422454834,82.422454834,1
86,1188,64,0.001,0.01,0.25,0.5,81.3884811401,0,81.3884811401,81.3884811401,84.3426895142,0,84.3426895142,84.3426895142,1
87,1198,64,0.001,0.01,0.75,0.5,81.3884811401,0,81.3884811401,81.3884811401,82.8655853271,0,82.8655853271,82.8655853271,1
88,1204,64,0.0001,0,0.25,0.7,81.3884811401,0,81.3884811401,81.3884811401,84.0472640991,0,84.0472640991,84.0472640991,1
89,1213,64,0.0001,0,0.75,0.5,81.3884811401,0,81.3884811401,81.3884811401,83.604133606,0,83.604133606,83.604133606,1
90,1246,64,0.0001,0.01,0.25,0.1,81.3884811401,0,81.3884811401,81.3884811401,84.3426895142,0,84.3426895142,84.3426895142,1
91,1251,64,0.0001,0.01,0.5,0.1,81.3884811401,0,81.3884811401,81.3884811401,83.7518463135,0,83.7518463135,83.7518463135,1
92,1252,64,0.0001,0.01,0.5,0.3,81.3884811401,0,81.3884811401,81.3884811401,83.1610031128,0,83.1610031128,83.1610031128,1
93,1258,64,0.0001,0.01,0.75,0.5,81.3884811401,0,81.3884811401,81.3884811401,83.4564208984,0,83.4564208984,83.4564208984,1
94,790,16,0.001,0,0.5,0.9,81.2407684326,0,81.2407684326,81.2407684326,84.0472640991,0,84.0472640991,84.0472640991,1
95,791,16,0.001,0,0.75,0.1,81.2407684326,0,81.2407684326,81.2407684326,82.7178726196,0,82.7178726196,82.7178726196,1
96,805,16,0.001,0.0001,0.5,0.9,81.2407684326,0,81.2407684326,81.2407684326,84.0472640991,0,84.0472640991,84.0472640991,1
97,820,16,0.001,0.001,0.5,0.9,81.2407684326,0,81.2407684326,81.2407684326,84.0472640991,0,84.0472640991,84.0472640991,1
98,850,16,0.0001,0,0.5,0.9,81.2407684326,0,81.2407684326,81.2407684326,84.0472640991,0,84.0472640991,84.0472640991,1
99,865,16,0.0001,0.0001,0.5,0.9,81.2407684326,0,81.2407684326,81.2407684326,84.0472640991,0,84.0472640991,84.0472640991,1
100,880,16,0.0001,0.001,0.5,0.9,81.2407684326,0,81.2407684326,81.2407684326,84.0472640991,0,84.0472640991,84.0472640991,1
101,895,16,0.0001,0.01,0.5,0.9,81.2407684326,0,81.2407684326,81.2407684326,84.0472640991,0,84.0472640991,84.0472640991,1
102,964,32,0.001,0,0.25,0.7,81.2407684326,0,81.2407684326,81.2407684326,83.1610031128,0,83.1610031128,83.1610031128,1
103,971,32,0.001,0,0.75,0.1,81.2407684326,0,81.2407684326,81.2407684326,82.5701599121,0,82.5701599121,82.5701599121,1
104,979,32,0.001,0.0001,0.25,0.7,81.2407684326,0,81.2407684326,81.2407684326,83.1610031128,0,83.1610031128,83.1610031128,1
105,986,32,0.001,0.0001,0.75,0.1,81.2407684326,0,81.2407684326,81.2407684326,82.5701599121,0,82.5701599121,82.5701599121,1
106,994,32,0.001,0.001,0.25,0.7,81.2407684326,0,81.2407684326,81.2407684326,83.1610031128,0,83.1610031128,83.1610031128,1
107,1009,32,0.001,0.01,0.25,0.7,81.2407684326,0,81.2407684326,81.2407684326,83.1610031128,0,83.1610031128,83.1610031128,1
108,1017,32,0.001,0.01,0.75,0.3,81.2407684326,0,81.2407684326,81.2407684326,83.0132904053,0,83.0132904053,83.0132904053,1
109,1020,32,0.001,0.01,0.75,0.9,81.2407684326,0,81.2407684326,81.2407684326,83.1610031128,0,83.1610031128,83.1610031128,1
110,1024,32,0.0001,0,0.25,0.7,81.2407684326,0,81.2407684326,81.2407684326,83.7518463135,0,83.7518463135,83.7518463135,1
111,1034,32,0.0001,0,0.75,0.7,81.2407684326,0,81.2407684326,81.2407684326,83.899559021,0,83.899559021,83.899559021,1
112,1038,32,0.0001,0.0001,0.25,0.5,81.2407684326,0,81.2407684326,81.2407684326,84.4903945923,0,84.4903945923,84.4903945923,1
113,1044,32,0.0001,0.0001,0.5,0.7,81.2407684326,0,81.2407684326,81.2407684326,84.1949768066,0,84.1949768066,84.1949768066,1
114,1049,32,0.0001,0.0001,0.75,0.7,81.2407684326,0,81.2407684326,81.2407684326,83.899559021,0,83.899559021,83.899559021,1
115,1053,32,0.0001,0.001,0.25,0.5,81.2407684326,0,81.2407684326,81.2407684326,84.4903945923,0,84.4903945923,84.4903945923,1
116,1059,32,0.0001,0.001,0.5,0.7,81.2407684326,0,81.2407684326,81.2407684326,84.1949768066,0,84.1949768066,84.1949768066,1
117,1064,32,0.0001,0.001,0.75,0.7,81.2407684326,0,81.2407684326,81.2407684326,83.899559021,0,83.899559021,83.899559021,1
118,1079,32,0.0001,0.01,0.75,0.7,81.2407684326,0,81.2407684326,81.2407684326,83.899559021,0,83.899559021,83.899559021,1
119,1141,64,0.001,0,0.25,0.1,81.2407684326,0,81.2407684326,81.2407684326,81.8316116333,0,81.8316116333,81.8316116333,1
120,1143,64,0.001,0,0.25,0.5,81.2407684326,0,81.2407684326,81.2407684326,82.5701599121,0,82.5701599121,82.5701599121,1
121,1156,64,0.001,0.0001,0.25,0.1,81.2407684326,0,81.2407684326,81.2407684326,81.6838989258,0,81.6838989258,81.6838989258,1
122,1158,64,0.001,0.0001,0.25,0.5,81.2407684326,0,81.2407684326,81.2407684326,82.5701599121,0,82.5701599121,82.5701599121,1
123,1171,64,0.001,0.001,0.25,0.1,81.2407684326,0,81.2407684326,81.2407684326,81.8316116333,0,81.8316116333,81.8316116333,1
124,1173,64,0.001,0.001,0.25,0.5,81.2407684326,0,81.2407684326,81.2407684326,82.5701599121,0,82.5701599121,82.5701599121,1
125,1180,64,0.001,0.001,0.5,0.9,81.2407684326,0,81.2407684326,81.2407684326,82.8655853271,0,82.8655853271,82.8655853271,1
126,1199,64,0.001,0.01,0.75,0.7,81.2407684326,0,81.2407684326,81.2407684326,83.1610031128,0,83.1610031128,83.1610031128,1
127,1206,64,0.0001,0,0.5,0.1,81.2407684326,0,81.2407684326,81.2407684326,84.3426895142,0,84.3426895142,84.3426895142,1
128,1216,64,0.0001,0.0001,0.25,0.1,81.2407684326,0,81.2407684326,81.2407684326,84.0472640991,0,84.0472640991,84.0472640991,1
129,1231,64,0.0001,0.001,0.25,0.1,81.2407684326,0,81.2407684326,81.2407684326,84.0472640991,0,84.0472640991,84.0472640991,1
130,1236,64,0.0001,0.001,0.5,0.1,81.2407684326,0,81.2407684326,81.2407684326,83.7518463135,0,83.7518463135,83.7518463135,1
131,710,8,0.0001,0.01,0.25,0.9,81.0930557251,0,81.0930557251,81.0930557251,84.6381072998,0,84.6381072998,84.6381072998,1
132,779,16,0.01,0.01,0.75,0.7,81.0930557251,0,81.0930557251,81.0930557251,84.6381072998,0,84.6381072998,84.6381072998,1
133,795,16,0.001,0,0.75,0.9,81.0930557251,0,81.0930557251,81.0930557251,83.604133606,0,83.604133606,83.604133606,1
134,804,16,0.001,0.0001,0.5,0.7,81.0930557251,0,81.0930557251,81.0930557251,83.3087158203,0,83.3087158203,83.3087158203,1
135,810,16,0.001,0.0001,0.75,0.9,81.0930557251,0,81.0930557251,81.0930557251,83.604133606,0,83.604133606,83.604133606,1
136,819,16,0.001,0.001,0.5,0.7,81.0930557251,0,81.0930557251,81.0930557251,83.3087158203,0,83.3087158203,83.3087158203,1
137,825,16,0.001,0.001,0.75,0.9,81.0930557251,0,81.0930557251,81.0930557251,83.604133606,0,83.604133606,83.604133606,1
138,834,16,0.001,0.01,0.5,0.7,81.0930557251,0,81.0930557251,81.0930557251,83.3087158203,0,83.3087158203,83.3087158203,1
139,836,16,0.001,0.01,0.75,0.1,81.0930557251,0,81.0930557251,81.0930557251,82.7178726196,0,82.7178726196,82.7178726196,1
140,840,16,0.001,0.01,0.75,0.9,81.0930557251,0,81.0930557251,81.0930557251,84.1949768066,0,84.1949768066,84.1949768066,1
141,965,32,0.001,0,0.25,0.9,81.0930557251,0,81.0930557251,81.0930557251,83.604133606,0,83.604133606,83.604133606,1
142,969,32,0.001,0,0.5,0.7,81.0930557251,0,81.0930557251,81.0930557251,82.8655853271,0,82.8655853271,82.8655853271,1
143,980,32,0.001,0.0001,0.25,0.9,81.0930557251,0,81.0930557251,81.0930557251,83.604133606,0,83.604133606,83.604133606,1
144,984,32,0.001,0.0001,0.5,0.7,81.0930557251,0,81.0930557251,81.0930557251,82.8655853271,0,82.8655853271,82.8655853271,1
145,995,32,0.001,0.001,0.25,0.9,81.0930557251,0,81.0930557251,81.0930557251,83.4564208984,0,83.4564208984,83.4564208984,1
146,999,32,0.001,0.001,0.5,0.7,81.0930557251,0,81.0930557251,81.0930557251,82.8655853271,0,82.8655853271,82.8655853271,1
147,1001,32,0.001,0.001,0.75,0.1,81.0930557251,0,81.0930557251,81.0930557251,82.5701599121,0,82.5701599121,82.5701599121,1
148,1014,32,0.001,0.01,0.5,0.7,81.0930557251,0,81.0930557251,81.0930557251,82.8655853271,0,82.8655853271,82.8655853271,1
149,1016,32,0.001,0.01,0.75,0.1,81.0930557251,0,81.0930557251,81.0930557251,82.5701599121,0,82.5701599121,82.5701599121,1
150,1023,32,0.0001,0,0.25,0.5,81.0930557251,0,81.0930557251,81.0930557251,83.1610031128,0,83.1610031128,83.1610031128,1
151,1033,32,0.0001,0,0.75,0.5,81.0930557251,0,81.0930557251,81.0930557251,83.7518463135,0,83.7518463135,83.7518463135,1
152,1046,32,0.0001,0.0001,0.75,0.1,81.0930557251,0,81.0930557251,81.0930557251,83.7518463135,0,83.7518463135,83.7518463135,1
153,1063,32,0.0001,0.001,0.75,0.5,81.0930557251,0,81.0930557251,81.0930557251,83.7518463135,0,83.7518463135,83.7518463135,1
154,1068,32,0.0001,0.01,0.25,0.5,81.0930557251,0,81.0930557251,81.0930557251,84.4903945923,0,84.4903945923,84.4903945923,1
155,1073,32,0.0001,0.01,0.5,0.5,81.0930557251,0,81.0930557251,81.0930557251,84.6381072998,0,84.6381072998,84.6381072998,1
156,1078,32,0.0001,0.01,0.75,0.5,81.0930557251,0,81.0930557251,81.0930557251,83.7518463135,0,83.7518463135,83.7518463135,1
157,1131,64,0.01,0.01,0.5,0.1,81.0930557251,0,81.0930557251,81.0930557251,84.7858200073,0,84.7858200073,84.7858200073,1
158,1163,64,0.001,0.0001,0.5,0.5,81.0930557251,0,81.0930557251,81.0930557251,82.422454834,0,82.422454834,82.422454834,1
159,1167,64,0.001,0.0001,0.75,0.3,81.0930557251,0,81.0930557251,81.0930557251,84.0472640991,0,84.0472640991,84.0472640991,1
160,1178,64,0.001,0.001,0.5,0.5,81.0930557251,0,81.0930557251,81.0930557251,82.2747421265,0,82.2747421265,82.2747421265,1
161,1182,64,0.001,0.001,0.75,0.3,81.0930557251,0,81.0930557251,81.0930557251,84.0472640991,0,84.0472640991,84.0472640991,1
162,1193,64,0.001,0.01,0.5,0.5,81.0930557251,0,81.0930557251,81.0930557251,82.422454834,0,82.422454834,82.422454834,1
163,1194,64,0.001,0.01,0.5,0.7,81.0930557251,0,81.0930557251,81.0930557251,82.8655853271,0,82.8655853271,82.8655853271,1
164,1197,64,0.001,0.01,0.75,0.3,81.0930557251,0,81.0930557251,81.0930557251,83.899559021,0,83.899559021,83.899559021,1
165,1224,64,0.0001,0.0001,0.5,0.7,81.0930557251,0,81.0930557251,81.0930557251,83.899559021,0,83.899559021,83.899559021,1
166,1239,64,0.0001,0.001,0.5,0.7,81.0930557251,0,81.0930557251,81.0930557251,83.899559021,0,83.899559021,83.899559021,1
167,1254,64,0.0001,0.01,0.5,0.7,81.0930557251,0,81.0930557251,81.0930557251,83.899559021,0,83.899559021,83.899559021,1
168,670,8,0.0001,0,0.5,0.9,80.9453430176,0,80.9453430176,80.9453430176,84.7858200073,0,84.7858200073,84.7858200073,1
169,675,8,0.0001,0,0.75,0.9,80.9453430176,0,80.9453430176,80.9453430176,84.4903945923,0,84.4903945923,84.4903945923,1
170,690,8,0.0001,0.0001,0.75,0.9,80.9453430176,0,80.9453430176,80.9453430176,84.6381072998,0,84.6381072998,84.6381072998,1
171,695,8,0.0001,0.001,0.25,0.9,80.9453430176,0,80.9453430176,80.9453430176,84.4903945923,0,84.4903945923,84.4903945923,1
172,705,8,0.0001,0.001,0.75,0.9,80.9453430176,0,80.9453430176,80.9453430176,84.6381072998,0,84.6381072998,84.6381072998,1
173,720,8,0.0001,0.01,0.75,0.9,80.9453430176,0,80.9453430176,80.9453430176,84.6381072998,0,84.6381072998,84.6381072998,1
174,829,16,0.001,0.01,0.25,0.7,80.9453430176,0,80.9453430176,80.9453430176,82.5701599121,0,82.5701599121,82.5701599121,1
175,855,16,0.0001,0,0.75,0.9,80.9453430176,0,80.9453430176,80.9453430176,84.3426895142,0,84.3426895142,84.3426895142,1
176,957,32,0.01,0.01,0.75,0.3,80.9453430176,0,80.9453430176,80.9453430176,84.9335327148,0,84.9335327148,84.9335327148,1
177,972,32,0.001,0,0.75,0.3,80.9453430176,0,80.9453430176,80.9453430176,83.0132904053,0,83.0132904053,83.0132904053,1
178,974,32,0.001,0,0.75,0.7,80.9453430176,0,80.9453430176,80.9453430176,82.7178726196,0,82.7178726196,82.7178726196,1
179,987,32,0.001,0.0001,0.75,0.3,80.9453430176,0,80.9453430176,80.9453430176,82.8655853271,0,82.8655853271,82.8655853271,1
180,988,32,0.001,0.0001,0.75,0.5,80.9453430176,0,80.9453430176,80.9453430176,81.8316116333,0,81.8316116333,81.8316116333,1
181,1002,32,0.001,0.001,0.75,0.3,80.9453430176,0,80.9453430176,80.9453430176,83.1610031128,0,83.1610031128,83.1610031128,1
182,1010,32,0.001,0.01,0.25,0.9,80.9453430176,0,80.9453430176,80.9453430176,83.3087158203,0,83.3087158203,83.3087158203,1
183,1029,32,0.0001,0,0.5,0.7,80.9453430176,0,80.9453430176,80.9453430176,83.604133606,0,83.604133606,83.604133606,1
184,1030,32,0.0001,0,0.5,0.9,80.9453430176,0,80.9453430176,80.9453430176,83.7518463135,0,83.7518463135,83.7518463135,1
185,1043,32,0.0001,0.0001,0.5,0.5,80.9453430176,0,80.9453430176,80.9453430176,84.0472640991,0,84.0472640991,84.0472640991,1
186,1045,32,0.0001,0.0001,0.5,0.9,80.9453430176,0,80.9453430176,80.9453430176,83.7518463135,0,83.7518463135,83.7518463135,1
187,1048,32,0.0001,0.0001,0.75,0.5,80.9453430176,0,80.9453430176,80.9453430176,84.1949768066,0,84.1949768066,84.1949768066,1
188,1058,32,0.0001,0.001,0.5,0.5,80.9453430176,0,80.9453430176,80.9453430176,84.1949768066,0,84.1949768066,84.1949768066,1
189,1060,32,0.0001,0.001,0.5,0.9,80.9453430176,0,80.9453430176,80.9453430176,83.7518463135,0,83.7518463135,83.7518463135,1
190,1075,32,0.0001,0.01,0.5,0.9,80.9453430176,0,80.9453430176,80.9453430176,83.7518463135,0,83.7518463135,83.7518463135,1
191,1150,64,0.001,0,0.5,0.9,80.9453430176,0,80.9453430176,80.9453430176,83.0132904053,0,83.0132904053,83.0132904053,1
192,1154,64,0.001,0,0.75,0.7,80.9453430176,0,80.9453430176,80.9453430176,83.4564208984,0,83.4564208984,83.4564208984,1
193,1165,64,0.001,0.0001,0.5,0.9,80.9453430176,0,80.9453430176,80.9453430176,83.0132904053,0,83.0132904053,83.0132904053,1
194,1169,64,0.001,0.0001,0.75,0.7,80.9453430176,0,80.9453430176,80.9453430176,83.4564208984,0,83.4564208984,83.4564208984,1
195,1170,64,0.001,0.0001,0.75,0.9,80.9453430176,0,80.9453430176,80.9453430176,83.604133606,0,83.604133606,83.604133606,1
196,1185,64,0.001,0.001,0.75,0.9,80.9453430176,0,80.9453430176,80.9453430176,83.604133606,0,83.604133606,83.604133606,1
197,1190,64,0.001,0.01,0.25,0.9,80.9453430176,0,80.9453430176,80.9453430176,83.0132904053,0,83.0132904053,83.0132904053,1
198,1195,64,0.001,0.01,0.5,0.9,80.9453430176,0,80.9453430176,80.9453430176,82.8655853271,0,82.8655853271,82.8655853271,1
199,1200,64,0.001,0.01,0.75,0.9,80.9453430176,0,80.9453430176,80.9453430176,83.1610031128,0,83.1610031128,83.1610031128,1
200,1209,64,0.0001,0,0.5,0.7,80.9453430176,0,80.9453430176,80.9453430176,83.7518463135,0,83.7518463135,83.7518463135,1
201,660,8,0.001,0.01,0.75,0.9,80.7976379395,0,80.7976379395,80.7976379395,84.3426895142,0,84.3426895142,84.3426895142,1
202,665,8,0.0001,0,0.25,0.9,80.7976379395,0,80.7976379395,80.7976379395,84.7858200073,0,84.7858200073,84.7858200073,1
203,680,8,0.0001,0.0001,0.25,0.9,80.7976379395,0,80.7976379395,80.7976379395,84.7858200073,0,84.7858200073,84.7858200073,1
204,685,8,0.0001,0.0001,0.5,0.9,80.7976379395,0,80.7976379395,80.7976379395,84.7858200073,0,84.7858200073,84.7858200073,1
205,700,8,0.0001,0.001,0.5,0.9,80.7976379395,0,80.7976379395,80.7976379395,84.7858200073,0,84.7858200073,84.7858200073,1
206,715,8,0.0001,0.01,0.5,0.9,80.7976379395,0,80.7976379395,80.7976379395,84.6381072998,0,84.6381072998,84.6381072998,1
207,784,16,0.001,0,0.25,0.7,80.7976379395,0,80.7976379395,80.7976379395,82.422454834,0,82.422454834,82.422454834,1
208,789,16,0.001,0,0.5,0.7,80.7976379395,0,80.7976379395,80.7976379395,83.1610031128,0,83.1610031128,83.1610031128,1
209,799,16,0.001,0.0001,0.25,0.7,80.7976379395,0,80.7976379395,80.7976379395,82.422454834,0,82.422454834,82.422454834,1
210,814,16,0.001,0.001,0.25,0.7,80.7976379395,0,80.7976379395,80.7976379395,82.5701599121,0,82.5701599121,82.5701599121,1
211,864,16,0.0001,0.0001,0.5,0.7,80.7976379395,0,80.7976379395,80.7976379395,83.7518463135,0,83.7518463135,83.7518463135,1
212,869,16,0.0001,0.0001,0.75,0.7,80.7976379395,0,80.7976379395,80.7976379395,84.0472640991,0,84.0472640991,84.0472640991,1
213,870,16,0.0001,0.0001,0.75,0.9,80.7976379395,0,80.7976379395,80.7976379395,84.1949768066,0,84.1949768066,84.1949768066,1
214,885,16,0.0001,0.001,0.75,0.9,80.7976379395,0,80.7976379395,80.7976379395,84.1949768066,0,84.1949768066,84.1949768066,1
215,894,16,0.0001,0.01,0.5,0.7,80.7976379395,0,80.7976379395,80.7976379395,83.7518463135,0,83.7518463135,83.7518463135,1
216,900,16,0.0001,0.01,0.75,0.9,80.7976379395,0,80.7976379395,80.7976379395,84.1949768066,0,84.1949768066,84.1949768066,1
217,963,32,0.001,0,0.25,0.5,80.7976379395,0,80.7976379395,80.7976379395,82.7178726196,0,82.7178726196,82.7178726196,1
218,978,32,0.001,0.0001,0.25,0.5,80.7976379395,0,80.7976379395,80.7976379395,82.7178726196,0,82.7178726196,82.7178726196,1
219,993,32,0.001,0.001,0.25,0.5,80.7976379395,0,80.7976379395,80.7976379395,82.7178726196,0,82.7178726196,82.7178726196,1
220,1008,32,0.001,0.01,0.25,0.5,80.7976379395,0,80.7976379395,80.7976379395,82.7178726196,0,82.7178726196,82.7178726196,1
221,1025,32,0.0001,0,0.25,0.9,80.7976379395,0,80.7976379395,80.7976379395,83.899559021,0,83.899559021,83.899559021,1
222,1040,32,0.0001,0.0001,0.25,0.9,80.7976379395,0,80.7976379395,80.7976379395,83.899559021,0,83.899559021,83.899559021,1
223,1042,32,0.0001,0.0001,0.5,0.3,80.7976379395,0,80.7976379395,80.7976379395,84.4903945923,0,84.4903945923,84.4903945923,1
224,1055,32,0.0001,0.001,0.25,0.9,80.7976379395,0,80.7976379395,80.7976379395,83.899559021,0,83.899559021,83.899559021,1
225,1057,32,0.0001,0.001,0.5,0.3,80.7976379395,0,80.7976379395,80.7976379395,84.4903945923,0,84.4903945923,84.4903945923,1
226,1061,32,0.0001,0.001,0.75,0.1,80.7976379395,0,80.7976379395,80.7976379395,83.7518463135,0,83.7518463135,83.7518463135,1
227,1066,32,0.0001,0.01,0.25,0.1,80.7976379395,0,80.7976379395,80.7976379395,84.4903945923,0,84.4903945923,84.4903945923,1
228,1070,32,0.0001,0.01,0.25,0.9,80.7976379395,0,80.7976379395,80.7976379395,84.0472640991,0,84.0472640991,84.0472640991,1
229,1072,32,0.0001,0.01,0.5,0.3,80.7976379395,0,80.7976379395,80.7976379395,84.7858200073,0,84.7858200073,84.7858200073,1
230,1076,32,0.0001,0.01,0.75,0.1,80.7976379395,0,80.7976379395,80.7976379395,83.899559021,0,83.899559021,83.899559021,1
231,1145,64,0.001,0,0.25,0.9,80.7976379395,0,80.7976379395,80.7976379395,82.8655853271,0,82.8655853271,82.8655853271,1
232,1175,64,0.001,0.001,0.25,0.9,80.7976379395,0,80.7976379395,80.7976379395,82.8655853271,0,82.8655853271,82.8655853271,1
233,1184,64,0.001,0.001,0.75,0.7,80.7976379395,0,80.7976379395,80.7976379395,83.3087158203,0,83.3087158203,83.3087158203,1
234,1201,64,0.0001,0,0.25,0.1,80.7976379395,0,80.7976379395,80.7976379395,83.899559021,0,83.899559021,83.899559021,1
235,1211,64,0.0001,0,0.75,0.1,80.7976379395,0,80.7976379395,80.7976379395,82.8655853271,0,82.8655853271,82.8655853271,1
236,1212,64,0.0001,0,0.75,0.3,80.7976379395,0,80.7976379395,80.7976379395,83.3087158203,0,83.3087158203,83.3087158203,1
237,495,4,0.0001,0,0.75,0.9,80.6499252319,0,80.6499252319,80.6499252319,84.7858200073,0,84.7858200073,84.7858200073,1
238,510,4,0.0001,0.0001,0.75,0.9,80.6499252319,0,80.6499252319,80.6499252319,85.081237793,0,85.081237793,85.081237793,1
239,525,4,0.0001,0.001,0.75,0.9,80.6499252319,0,80.6499252319,80.6499252319,85.081237793,0,85.081237793,85.081237793,1
240,540,4,0.0001,0.01,0.75,0.9,80.6499252319,0,80.6499252319,80.6499252319,84.9335327148,0,84.9335327148,84.9335327148,1
241,610,8,0.001,0,0.5,0.9,80.6499252319,0,80.6499252319,80.6499252319,83.7518463135,0,83.7518463135,83.7518463135,1
242,615,8,0.001,0,0.75,0.9,80.6499252319,0,80.6499252319,80.6499252319,84.1949768066,0,84.1949768066,84.1949768066,1
243,625,8,0.001,0.0001,0.5,0.9,80.6499252319,0,80.6499252319,80.6499252319,83.7518463135,0,83.7518463135,83.7518463135,1
244,630,8,0.001,0.0001,0.75,0.9,80.6499252319,0,80.6499252319,80.6499252319,84.1949768066,0,84.1949768066,84.1949768066,1
245,640,8,0.001,0.001,0.5,0.9,80.6499252319,0,80.6499252319,80.6499252319,83.7518463135,0,83.7518463135,83.7518463135,1
246,645,8,0.001,0.001,0.75,0.9,80.6499252319,0,80.6499252319,80.6499252319,84.1949768066,0,84.1949768066,84.1949768066,1
247,655,8,0.001,0.01,0.5,0.9,80.6499252319,0,80.6499252319,80.6499252319,83.7518463135,0,83.7518463135,83.7518463135,1
248,750,16,0.01,0.0001,0.75,0.9,80.6499252319,0,80.6499252319,80.6499252319,82.5701599121,0,82.5701599121,82.5701599121,1
249,854,16,0.0001,0,0.75,0.7,80.6499252319,0,80.6499252319,80.6499252319,84.4903945923,0,84.4903945923,84.4903945923,1
250,879,16,0.0001,0.001,0.5,0.7,80.6499252319,0,80.6499252319,80.6499252319,83.7518463135,0,83.7518463135,83.7518463135,1
251,884,16,0.0001,0.001,0.75,0.7,80.6499252319,0,80.6499252319,80.6499252319,84.4903945923,0,84.4903945923,84.4903945923,1
252,889,16,0.0001,0.01,0.25,0.7,80.6499252319,0,80.6499252319,80.6499252319,84.1949768066,0,84.1949768066,84.1949768066,1
253,897,16,0.0001,0.01,0.75,0.3,80.6499252319,0,80.6499252319,80.6499252319,84.4903945923,0,84.4903945923,84.4903945923,1
254,899,16,0.0001,0.01,0.75,0.7,80.6499252319,0,80.6499252319,80.6499252319,83.7518463135,0,83.7518463135,83.7518463135,1
255,1018,32,0.001,0.01,0.75,0.5,80.6499252319,0,80.6499252319,80.6499252319,82.5701599121,0,82.5701599121,82.5701599121,1
256,1028,32,0.0001,0,0.5,0.5,80.6499252319,0,80.6499252319,80.6499252319,83.899559021,0,83.899559021,83.899559021,1
257,1035,32,0.0001,0,0.75,0.9,80.6499252319,0,80.6499252319,80.6499252319,84.1949768066,0,84.1949768066,84.1949768066,1
258,1050,32,0.0001,0.0001,0.75,0.9,80.6499252319,0,80.6499252319,80.6499252319,84.1949768066,0,84.1949768066,84.1949768066,1
259,1065,32,0.0001,0.001,0.75,0.9,80.6499252319,0,80.6499252319,80.6499252319,84.1949768066,0,84.1949768066,84.1949768066,1
260,1067,32,0.0001,0.01,0.25,0.3,80.6499252319,0,80.6499252319,80.6499252319,83.4564208984,0,83.4564208984,83.4564208984,1
261,1080,32,0.0001,0.01,0.75,0.9,80.6499252319,0,80.6499252319,80.6499252319,84.0472640991,0,84.0472640991,84.0472640991,1
262,1148,64,0.001,0,0.5,0.5,80.6499252319,0,80.6499252319,80.6499252319,82.1270294189,0,82.1270294189,82.1270294189,1
263,605,8,0.001,0,0.25,0.9,80.5022125244,0,80.5022125244,80.5022125244,83.899559021,0,83.899559021,83.899559021,1
264,620,8,0.001,0.0001,0.25,0.9,80.5022125244,0,80.5022125244,80.5022125244,83.899559021,0,83.899559021,83.899559021,1
265,635,8,0.001,0.001,0.25,0.9,80.5022125244,0,80.5022125244,80.5022125244,83.899559021,0,83.899559021,83.899559021,1
266,650,8,0.001,0.01,0.25,0.9,80.5022125244,0,80.5022125244,80.5022125244,83.899559021,0,83.899559021,83.899559021,1
267,657,8,0.001,0.01,0.75,0.3,80.5022125244,0,80.5022125244,80.5022125244,82.2747421265,0,82.2747421265,82.2747421265,1
268,822,16,0.001,0.001,0.75,0.3,80.5022125244,0,80.5022125244,80.5022125244,83.899559021,0,83.899559021,83.899559021,1
269,833,16,0.001,0.01,0.5,0.5,80.5022125244,0,80.5022125244,80.5022125244,83.3087158203,0,83.3087158203,83.3087158203,1
270,837,16,0.001,0.01,0.75,0.3,80.5022125244,0,80.5022125244,80.5022125244,83.899559021,0,83.899559021,83.899559021,1
271,844,16,0.0001,0,0.25,0.7,80.5022125244,0,80.5022125244,80.5022125244,84.1949768066,0,84.1949768066,84.1949768066,1
272,849,16,0.0001,0,0.5,0.7,80.5022125244,0,80.5022125244,80.5022125244,83.604133606,0,83.604133606,83.604133606,1
273,852,16,0.0001,0,0.75,0.3,80.5022125244,0,80.5022125244,80.5022125244,83.3087158203,0,83.3087158203,83.3087158203,1
274,859,16,0.0001,0.0001,0.25,0.7,80.5022125244,0,80.5022125244,80.5022125244,84.1949768066,0,84.1949768066,84.1949768066,1
275,867,16,0.0001,0.0001,0.75,0.3,80.5022125244,0,80.5022125244,80.5022125244,84.3426895142,0,84.3426895142,84.3426895142,1
276,874,16,0.0001,0.001,0.25,0.7,80.5022125244,0,80.5022125244,80.5022125244,84.0472640991,0,84.0472640991,84.0472640991,1
277,882,16,0.0001,0.001,0.75,0.3,80.5022125244,0,80.5022125244,80.5022125244,84.4903945923,0,84.4903945923,84.4903945923,1
278,977,32,0.001,0.0001,0.25,0.3,80.5022125244,0,80.5022125244,80.5022125244,82.422454834,0,82.422454834,82.422454834,1
279,983,32,0.001,0.0001,0.5,0.5,80.5022125244,0,80.5022125244,80.5022125244,81.9793167114,0,81.9793167114,81.9793167114,1
280,992,32,0.001,0.001,0.25,0.3,80.5022125244,0,80.5022125244,80.5022125244,82.422454834,0,82.422454834,82.422454834,1
281,998,32,0.001,0.001,0.5,0.5,80.5022125244,0,80.5022125244,80.5022125244,81.9793167114,0,81.9793167114,81.9793167114,1
282,1003,32,0.001,0.001,0.75,0.5,80.5022125244,0,80.5022125244,80.5022125244,82.5701599121,0,82.5701599121,82.5701599121,1
283,1007,32,0.001,0.01,0.25,0.3,80.5022125244,0,80.5022125244,80.5022125244,82.2747421265,0,82.2747421265,82.2747421265,1
284,1013,32,0.001,0.01,0.5,0.5,80.5022125244,0,80.5022125244,80.5022125244,82.1270294189,0,82.1270294189,82.1270294189,1
285,1022,32,0.0001,0,0.25,0.3,80.5022125244,0,80.5022125244,80.5022125244,83.4564208984,0,83.4564208984,83.4564208984,1
286,1037,32,0.0001,0.0001,0.25,0.3,80.5022125244,0,80.5022125244,80.5022125244,83.4564208984,0,83.4564208984,83.4564208984,1
287,1052,32,0.0001,0.001,0.25,0.3,80.5022125244,0,80.5022125244,80.5022125244,83.4564208984,0,83.4564208984,83.4564208984,1
288,1071,32,0.0001,0.01,0.5,0.1,80.5022125244,0,80.5022125244,80.5022125244,84.6381072998,0,84.6381072998,84.6381072998,1
289,1093,64,0.01,0,0.75,0.5,80.5022125244,0,80.5022125244,80.5022125244,83.604133606,0,83.604133606,83.604133606,1
290,1094,64,0.01,0,0.75,0.7,80.5022125244,0,80.5022125244,80.5022125244,82.1270294189,0,82.1270294189,82.1270294189,1
291,1109,64,0.01,0.0001,0.75,0.7,80.5022125244,0,80.5022125244,80.5022125244,82.1270294189,0,82.1270294189,82.1270294189,1
292,1132,64,0.01,0.01,0.5,0.3,80.5022125244,0,80.5022125244,80.5022125244,80.7976379395,0,80.7976379395,80.7976379395,1
293,1155,64,0.001,0,0.75,0.9,80.5022125244,0,80.5022125244,80.5022125244,83.3087158203,0,83.3087158203,83.3087158203,1
294,627,8,0.001,0.0001,0.75,0.3,80.3545074463,0,80.3545074463,80.3545074463,82.1270294189,0,82.1270294189,82.1270294189,1
295,642,8,0.001,0.001,0.75,0.3,80.3545074463,0,80.3545074463,80.3545074463,82.1270294189,0,82.1270294189,82.1270294189,1
296,658,8,0.001,0.01,0.75,0.5,80.3545074463,0,80.3545074463,80.3545074463,83.899559021,0,83.899559021,83.899559021,1
297,686,8,0.0001,0.0001,0.75,0.1,80.3545074463,0,80.3545074463,80.3545074463,81.5361862183,0,81.5361862183,81.5361862183,1
298,798,16,0.001,0.0001,0.25,0.5,80.3545074463,0,80.3545074463,80.3545074463,83.604133606,0,83.604133606,83.604133606,1
299,803,16,0.001,0.0001,0.5,0.5,80.3545074463,0,80.3545074463,80.3545074463,83.3087158203,0,83.3087158203,83.3087158203,1
300,808,16,0.001,0.0001,0.75,0.5,80.3545074463,0,80.3545074463,80.3545074463,83.604133606,0,83.604133606,83.604133606,1
301,813,16,0.001,0.001,0.25,0.5,80.3545074463,0,80.3545074463,80.3545074463,83.604133606,0,83.604133606,83.604133606,1
302,823,16,0.001,0.001,0.75,0.5,80.3545074463,0,80.3545074463,80.3545074463,83.604133606,0,83.604133606,83.604133606,1
303,828,16,0.001,0.01,0.25,0.5,80.3545074463,0,80.3545074463,80.3545074463,83.604133606,0,83.604133606,83.604133606,1
304,838,16,0.001,0.01,0.75,0.5,80.3545074463,0,80.3545074463,80.3545074463,83.604133606,0,83.604133606,83.604133606,1
305,960,32,0.01,0.01,0.75,0.9,80.3545074463,0,80.3545074463,80.3545074463,82.8655853271,0,82.8655853271,82.8655853271,1
306,968,32,0.001,0,0.5,0.5,80.3545074463,0,80.3545074463,80.3545074463,81.9793167114,0,81.9793167114,81.9793167114,1
307,973,32,0.001,0,0.75,0.5,80.3545074463,0,80.3545074463,80.3545074463,82.5701599121,0,82.5701599121,82.5701599121,1
308,997,32,0.001,0.001,0.5,0.3,80.3545074463,0,80.3545074463,80.3545074463,82.7178726196,0,82.7178726196,82.7178726196,1
309,1036,32,0.0001,0.0001,0.25,0.1,80.3545074463,0,80.3545074463,80.3545074463,84.1949768066,0,84.1949768066,84.1949768066,1
310,1041,32,0.0001,0.0001,0.5,0.1,80.3545074463,0,80.3545074463,80.3545074463,84.4903945923,0,84.4903945923,84.4903945923,1
311,1051,32,0.0001,0.001,0.25,0.1,80.3545074463,0,80.3545074463,80.3545074463,84.1949768066,0,84.1949768066,84.1949768066,1
312,1056,32,0.0001,0.001,0.5,0.1,80.3545074463,0,80.3545074463,80.3545074463,84.6381072998,0,84.6381072998,84.6381072998,1
313,1181,64,0.001,0.001,0.75,0.1,80.3545074463,0,80.3545074463,80.3545074463,83.4564208984,0,83.4564208984,83.4564208984,1
314,1214,64,0.0001,0,0.75,0.7,80.3545074463,0,80.3545074463,80.3545074463,83.1610031128,0,83.1610031128,83.1610031128,1
315,1229,64,0.0001,0.0001,0.75,0.7,80.3545074463,0,80.3545074463,80.3545074463,83.1610031128,0,83.1610031128,83.1610031128,1
316,1244,64,0.0001,0.001,0.75,0.7,80.3545074463,0,80.3545074463,80.3545074463,83.0132904053,0,83.0132904053,83.0132904053,1
317,1259,64,0.0001,0.01,0.75,0.7,80.3545074463,0,80.3545074463,80.3545074463,83.0132904053,0,83.0132904053,83.0132904053,1
318,475,4,0.001,0.01,0.5,0.9,80.2067947388,0,80.2067947388,80.2067947388,84.1949768066,0,84.1949768066,84.1949768066,1
319,530,4,0.0001,0.01,0.25,0.9,80.2067947388,0,80.2067947388,80.2067947388,84.0472640991,0,84.0472640991,84.0472640991,1
320,535,4,0.0001,0.01,0.5,0.9,80.2067947388,0,80.2067947388,80.2067947388,84.3426895142,0,84.3426895142,84.3426895142,1
321,628,8,0.001,0.0001,0.75,0.5,80.2067947388,0,80.2067947388,80.2067947388,83.899559021,0,83.899559021,83.899559021,1
322,643,8,0.001,0.001,0.75,0.5,80.2067947388,0,80.2067947388,80.2067947388,83.899559021,0,83.899559021,83.899559021,1
323,701,8,0.0001,0.001,0.75,0.1,80.2067947388,0,80.2067947388,80.2067947388,81.5361862183,0,81.5361862183,81.5361862183,1
324,709,8,0.0001,0.01,0.25,0.7,80.2067947388,0,80.2067947388,80.2067947388,84.1949768066,0,84.1949768066,84.1949768066,1
325,716,8,0.0001,0.01,0.75,0.1,80.2067947388,0,80.2067947388,80.2067947388,81.6838989258,0,81.6838989258,81.6838989258,1
326,765,16,0.01,0.001,0.75,0.9,80.2067947388,0,80.2067947388,80.2067947388,82.7178726196,0,82.7178726196,82.7178726196,1
327,780,16,0.01,0.01,0.75,0.9,80.2067947388,0,80.2067947388,80.2067947388,82.7178726196,0,82.7178726196,82.7178726196,1
328,783,16,0.001,0,0.25,0.5,80.2067947388,0,80.2067947388,80.2067947388,82.7178726196,0,82.7178726196,82.7178726196,1
329,818,16,0.001,0.001,0.5,0.5,80.2067947388,0,80.2067947388,80.2067947388,83.3087158203,0,83.3087158203,83.3087158203,1
330,945,32,0.01,0.001,0.75,0.9,80.2067947388,0,80.2067947388,80.2067947388,83.0132904053,0,83.0132904053,83.0132904053,1
331,1032,32,0.0001,0,0.75,0.3,80.2067947388,0,80.2067947388,80.2067947388,83.899559021,0,83.899559021,83.899559021,1
332,1047,32,0.0001,0.0001,0.75,0.3,80.2067947388,0,80.2067947388,80.2067947388,83.899559021,0,83.899559021,83.899559021,1
333,1062,32,0.0001,0.001,0.75,0.3,80.2067947388,0,80.2067947388,80.2067947388,83.899559021,0,83.899559021,83.899559021,1
334,1166,64,0.001,0.0001,0.75,0.1,80.2067947388,0,80.2067947388,80.2067947388,83.4564208984,0,83.4564208984,83.4564208984,1
335,1196,64,0.001,0.01,0.75,0.1,80.2067947388,0,80.2067947388,80.2067947388,83.3087158203,0,83.3087158203,83.3087158203,1
336,485,4,0.0001,0,0.25,0.9,80.0590820312,0,80.0590820312,80.0590820312,84.1949768066,0,84.1949768066,84.1949768066,1
337,490,4,0.0001,0,0.5,0.9,80.0590820312,0,80.0590820312,80.0590820312,84.3426895142,0,84.3426895142,84.3426895142,1
338,500,4,0.0001,0.0001,0.25,0.9,80.0590820312,0,80.0590820312,80.0590820312,84.1949768066,0,84.1949768066,84.1949768066,1
339,505,4,0.0001,0.0001,0.5,0.9,80.0590820312,0,80.0590820312,80.0590820312,84.3426895142,0,84.3426895142,84.3426895142,1
340,515,4,0.0001,0.001,0.25,0.9,80.0590820312,0,80.0590820312,80.0590820312,84.1949768066,0,84.1949768066,84.1949768066,1
341,520,4,0.0001,0.001,0.5,0.9,80.0590820312,0,80.0590820312,80.0590820312,84.4903945923,0,84.4903945923,84.4903945923,1
342,669,8,0.0001,0,0.5,0.7,80.0590820312,0,80.0590820312,80.0590820312,84.3426895142,0,84.3426895142,84.3426895142,1
343,684,8,0.0001,0.0001,0.5,0.7,80.0590820312,0,80.0590820312,80.0590820312,84.3426895142,0,84.3426895142,84.3426895142,1
344,688,8,0.0001,0.0001,0.75,0.5,80.0590820312,0,80.0590820312,80.0590820312,83.4564208984,0,83.4564208984,83.4564208984,1
345,694,8,0.0001,0.001,0.25,0.7,80.0590820312,0,80.0590820312,80.0590820312,84.1949768066,0,84.1949768066,84.1949768066,1
346,699,8,0.0001,0.001,0.5,0.7,80.0590820312,0,80.0590820312,80.0590820312,84.3426895142,0,84.3426895142,84.3426895142,1
347,703,8,0.0001,0.001,0.75,0.5,80.0590820312,0,80.0590820312,80.0590820312,83.4564208984,0,83.4564208984,83.4564208984,1
348,714,8,0.0001,0.01,0.5,0.7,80.0590820312,0,80.0590820312,80.0590820312,84.3426895142,0,84.3426895142,84.3426895142,1
349,717,8,0.0001,0.01,0.75,0.3,80.0590820312,0,80.0590820312,80.0590820312,82.8655853271,0,82.8655853271,82.8655853271,1
350,807,16,0.001,0.0001,0.75,0.3,80.0590820312,0,80.0590820312,80.0590820312,83.899559021,0,83.899559021,83.899559021,1
351,863,16,0.0001,0.0001,0.5,0.5,80.0590820312,0,80.0590820312,80.0590820312,84.0472640991,0,84.0472640991,84.0472640991,1
352,868,16,0.0001,0.0001,0.75,0.5,80.0590820312,0,80.0590820312,80.0590820312,83.4564208984,0,83.4564208984,83.4564208984,1
353,876,16,0.0001,0.001,0.5,0.1,80.0590820312,0,80.0590820312,80.0590820312,83.7518463135,0,83.7518463135,83.7518463135,1
354,878,16,0.0001,0.001,0.5,0.5,80.0590820312,0,80.0590820312,80.0590820312,84.0472640991,0,84.0472640991,84.0472640991,1
355,883,16,0.0001,0.001,0.75,0.5,80.0590820312,0,80.0590820312,80.0590820312,83.4564208984,0,83.4564208984,83.4564208984,1
356,891,16,0.0001,0.01,0.5,0.1,80.0590820312,0,80.0590820312,80.0590820312,83.899559021,0,83.899559021,83.899559021,1
357,893,16,0.0001,0.01,0.5,0.5,80.0590820312,0,80.0590820312,80.0590820312,84.1949768066,0,84.1949768066,84.1949768066,1
358,898,16,0.0001,0.01,0.75,0.5,80.0590820312,0,80.0590820312,80.0590820312,83.4564208984,0,83.4564208984,83.4564208984,1
359,962,32,0.001,0,0.25,0.3,80.0590820312,0,80.0590820312,80.0590820312,82.5701599121,0,82.5701599121,82.5701599121,1
360,982,32,0.001,0.0001,0.5,0.3,80.0590820312,0,80.0590820312,80.0590820312,82.8655853271,0,82.8655853271,82.8655853271,1
361,1012,32,0.001,0.01,0.5,0.3,80.0590820312,0,80.0590820312,80.0590820312,82.8655853271,0,82.8655853271,82.8655853271,1
362,1031,32,0.0001,0,0.75,0.1,80.0590820312,0,80.0590820312,80.0590820312,83.899559021,0,83.899559021,83.899559021,1
363,1077,32,0.0001,0.01,0.75,0.3,80.0590820312,0,80.0590820312,80.0590820312,83.899559021,0,83.899559021,83.899559021,1
364,1146,64,0.001,0,0.5,0.1,80.0590820312,0,80.0590820312,80.0590820312,82.5701599121,0,82.5701599121,82.5701599121,1
365,1161,64,0.001,0.0001,0.5,0.1,80.0590820312,0,80.0590820312,80.0590820312,82.5701599121,0,82.5701599121,82.5701599121,1
366,1176,64,0.001,0.001,0.5,0.1,80.0590820312,0,80.0590820312,80.0590820312,82.5701599121,0,82.5701599121,82.5701599121,1
367,1191,64,0.001,0.01,0.5,0.1,80.0590820312,0,80.0590820312,80.0590820312,82.7178726196,0,82.7178726196,82.7178726196,1
368,430,4,0.001,0,0.5,0.9,79.9113769531,0,79.9113769531,79.9113769531,83.7518463135,0,83.7518463135,83.7518463135,1
369,435,4,0.001,0,0.75,0.9,79.9113769531,0,79.9113769531,79.9113769531,83.899559021,0,83.899559021,83.899559021,1
370,445,4,0.001,0.0001,0.5,0.9,79.9113769531,0,79.9113769531,79.9113769531,83.7518463135,0,83.7518463135,83.7518463135,1
371,450,4,0.001,0.0001,0.75,0.9,79.9113769531,0,79.9113769531,79.9113769531,83.899559021,0,83.899559021,83.899559021,1
372,460,4,0.001,0.001,0.5,0.9,79.9113769531,0,79.9113769531,79.9113769531,83.899559021,0,83.899559021,83.899559021,1
373,465,4,0.001,0.001,0.75,0.9,79.9113769531,0,79.9113769531,79.9113769531,83.899559021,0,83.899559021,83.899559021,1
374,480,4,0.001,0.01,0.75,0.9,79.9113769531,0,79.9113769531,79.9113769531,83.899559021,0,83.899559021,83.899559021,1
375,629,8,0.001,0.0001,0.75,0.7,79.9113769531,0,79.9113769531,79.9113769531,83.899559021,0,83.899559021,83.899559021,1
376,644,8,0.001,0.001,0.75,0.7,79.9113769531,0,79.9113769531,79.9113769531,83.899559021,0,83.899559021,83.899559021,1
377,659,8,0.001,0.01,0.75,0.7,79.9113769531,0,79.9113769531,79.9113769531,83.899559021,0,83.899559021,83.899559021,1
378,664,8,0.0001,0,0.25,0.7,79.9113769531,0,79.9113769531,79.9113769531,84.1949768066,0,84.1949768066,84.1949768066,1
379,673,8,0.0001,0,0.75,0.5,79.9113769531,0,79.9113769531,79.9113769531,83.0132904053,0,83.0132904053,83.0132904053,1
380,679,8,0.0001,0.0001,0.25,0.7,79.9113769531,0,79.9113769531,79.9113769531,84.1949768066,0,84.1949768066,84.1949768066,1
381,704,8,0.0001,0.001,0.75,0.7,79.9113769531,0,79.9113769531,79.9113769531,83.899559021,0,83.899559021,83.899559021,1
382,718,8,0.0001,0.01,0.75,0.5,79.9113769531,0,79.9113769531,79.9113769531,83.0132904053,0,83.0132904053,83.0132904053,1
383,719,8,0.0001,0.01,0.75,0.7,79.9113769531,0,79.9113769531,79.9113769531,83.899559021,0,83.899559021,83.899559021,1
384,797,16,0.001,0.0001,0.25,0.3,79.9113769531,0,79.9113769531,79.9113769531,82.7178726196,0,82.7178726196,82.7178726196,1
385,817,16,0.001,0.001,0.5,0.3,79.9113769531,0,79.9113769531,79.9113769531,81.2407684326,0,81.2407684326,81.2407684326,1
386,827,16,0.001,0.01,0.25,0.3,79.9113769531,0,79.9113769531,79.9113769531,82.7178726196,0,82.7178726196,82.7178726196,1
387,832,16,0.001,0.01,0.5,0.3,79.9113769531,0,79.9113769531,79.9113769531,81.2407684326,0,81.2407684326,81.2407684326,1
388,848,16,0.0001,0,0.5,0.5,79.9113769531,0,79.9113769531,79.9113769531,83.4564208984,0,83.4564208984,83.4564208984,1
389,851,16,0.0001,0,0.75,0.1,79.9113769531,0,79.9113769531,79.9113769531,83.0132904053,0,83.0132904053,83.0132904053,1
390,853,16,0.0001,0,0.75,0.5,79.9113769531,0,79.9113769531,79.9113769531,83.4564208984,0,83.4564208984,83.4564208984,1
391,858,16,0.0001,0.0001,0.25,0.5,79.9113769531,0,79.9113769531,79.9113769531,84.3426895142,0,84.3426895142,84.3426895142,1
392,861,16,0.0001,0.0001,0.5,0.1,79.9113769531,0,79.9113769531,79.9113769531,83.0132904053,0,83.0132904053,83.0132904053,1
393,866,16,0.0001,0.0001,0.75,0.1,79.9113769531,0,79.9113769531,79.9113769531,83.0132904053,0,83.0132904053,83.0132904053,1
394,873,16,0.0001,0.001,0.25,0.5,79.9113769531,0,79.9113769531,79.9113769531,84.3426895142,0,84.3426895142,84.3426895142,1
395,881,16,0.0001,0.001,0.75,0.1,79.9113769531,0,79.9113769531,79.9113769531,83.0132904053,0,83.0132904053,83.0132904053,1
396,888,16,0.0001,0.01,0.25,0.5,79.9113769531,0,79.9113769531,79.9113769531,84.3426895142,0,84.3426895142,84.3426895142,1
397,896,16,0.0001,0.01,0.75,0.1,79.9113769531,0,79.9113769531,79.9113769531,83.1610031128,0,83.1610031128,83.1610031128,1
398,930,32,0.01,0.0001,0.75,0.9,79.9113769531,0,79.9113769531,79.9113769531,83.0132904053,0,83.0132904053,83.0132904053,1
399,967,32,0.001,0,0.5,0.3,79.9113769531,0,79.9113769531,79.9113769531,82.7178726196,0,82.7178726196,82.7178726196,1
400,976,32,0.001,0.0001,0.25,0.1,79.9113769531,0,79.9113769531,79.9113769531,83.0132904053,0,83.0132904053,83.0132904053,1
401,991,32,0.001,0.001,0.25,0.1,79.9113769531,0,79.9113769531,79.9113769531,83.0132904053,0,83.0132904053,83.0132904053,1
402,1006,32,0.001,0.01,0.25,0.1,79.9113769531,0,79.9113769531,79.9113769531,83.0132904053,0,83.0132904053,83.0132904053,1
403,1026,32,0.0001,0,0.5,0.1,79.9113769531,0,79.9113769531,79.9113769531,81.9793167114,0,81.9793167114,81.9793167114,1
404,1250,64,0.0001,0.01,0.25,0.9,79.9113769531,0,79.9113769531,79.9113769531,82.8655853271,0,82.8655853271,82.8655853271,1
405,237,2,0.01,0.01,0.75,0.3,79.7636642456,0,79.7636642456,79.7636642456,83.0132904053,0,83.0132904053,83.0132904053,1
406,470,4,0.001,0.01,0.25,0.9,79.7636642456,0,79.7636642456,79.7636642456,83.604133606,0,83.604133606,83.604133606,1
407,674,8,0.0001,0,0.75,0.7,79.7636642456,0,79.7636642456,79.7636642456,83.7518463135,0,83.7518463135,83.7518463135,1
408,689,8,0.0001,0.0001,0.75,0.7,79.7636642456,0,79.7636642456,79.7636642456,83.7518463135,0,83.7518463135,83.7518463135,1
409,711,8,0.0001,0.01,0.5,0.1,79.7636642456,0,79.7636642456,79.7636642456,81.6838989258,0,81.6838989258,81.6838989258,1
410,787,16,0.001,0,0.5,0.3,79.7636642456,0,79.7636642456,79.7636642456,81.2407684326,0,81.2407684326,81.2407684326,1
411,802,16,0.001,0.0001,0.5,0.3,79.7636642456,0,79.7636642456,79.7636642456,81.2407684326,0,81.2407684326,81.2407684326,1
412,856,16,0.0001,0.0001,0.25,0.1,79.7636642456,0,79.7636642456,79.7636642456,83.7518463135,0,83.7518463135,83.7518463135,1
413,871,16,0.0001,0.001,0.25,0.1,79.7636642456,0,79.7636642456,79.7636642456,83.7518463135,0,83.7518463135,83.7518463135,1
414,886,16,0.0001,0.01,0.25,0.1,79.7636642456,0,79.7636642456,79.7636642456,83.7518463135,0,83.7518463135,83.7518463135,1
415,892,16,0.0001,0.01,0.5,0.3,79.7636642456,0,79.7636642456,79.7636642456,84.3426895142,0,84.3426895142,84.3426895142,1
416,929,32,0.01,0.0001,0.75,0.7,79.7636642456,0,79.7636642456,79.7636642456,79.7636642456,0,79.7636642456,79.7636642456,1
417,1027,32,0.0001,0,0.5,0.3,79.7636642456,0,79.7636642456,79.7636642456,82.422454834,0,82.422454834,82.422454834,1
418,1130,64,0.01,0.01,0.25,0.9,79.7636642456,0,79.7636642456,79.7636642456,80.3545074463,0,80.3545074463,80.3545074463,1
419,1152,64,0.001,0,0.75,0.3,79.7636642456,0,79.7636642456,79.7636642456,81.3884811401,0,81.3884811401,81.3884811401,1
420,1205,64,0.0001,0,0.25,0.9,79.7636642456,0,79.7636642456,79.7636642456,82.8655853271,0,82.8655853271,82.8655853271,1
421,1220,64,0.0001,0.0001,0.25,0.9,79.7636642456,0,79.7636642456,79.7636642456,82.8655853271,0,82.8655853271,82.8655853271,1
422,250,2,0.001,0,0.5,0.9,79.6159515381,0,79.6159515381,79.6159515381,84.9335327148,0,84.9335327148,84.9335327148,1
423,265,2,0.001,0.0001,0.5,0.9,79.6159515381,0,79.6159515381,79.6159515381,84.9335327148,0,84.9335327148,84.9335327148,1
424,280,2,0.001,0.001,0.5,0.9,79.6159515381,0,79.6159515381,79.6159515381,84.9335327148,0,84.9335327148,84.9335327148,1
425,295,2,0.001,0.01,0.5,0.9,79.6159515381,0,79.6159515381,79.6159515381,84.9335327148,0,84.9335327148,84.9335327148,1
426,598,8,0.01,0.01,0.75,0.5,79.6159515381,0,79.6159515381,79.6159515381,84.4903945923,0,84.4903945923,84.4903945923,1
427,618,8,0.001,0.0001,0.25,0.5,79.6159515381,0,79.6159515381,79.6159515381,83.4564208984,0,83.4564208984,83.4564208984,1
428,626,8,0.001,0.0001,0.75,0.1,79.6159515381,0,79.6159515381,79.6159515381,81.9793167114,0,81.9793167114,81.9793167114,1
429,633,8,0.001,0.001,0.25,0.5,79.6159515381,0,79.6159515381,79.6159515381,83.4564208984,0,83.4564208984,83.4564208984,1
430,641,8,0.001,0.001,0.75,0.1,79.6159515381,0,79.6159515381,79.6159515381,81.9793167114,0,81.9793167114,81.9793167114,1
431,648,8,0.001,0.01,0.25,0.5,79.6159515381,0,79.6159515381,79.6159515381,83.4564208984,0,83.4564208984,83.4564208984,1
432,654,8,0.001,0.01,0.5,0.7,79.6159515381,0,79.6159515381,79.6159515381,82.422454834,0,82.422454834,82.422454834,1
433,666,8,0.0001,0,0.5,0.1,79.6159515381,0,79.6159515381,79.6159515381,81.8316116333,0,81.8316116333,81.8316116333,1
434,672,8,0.0001,0,0.75,0.3,79.6159515381,0,79.6159515381,79.6159515381,82.5701599121,0,82.5701599121,82.5701599121,1
435,681,8,0.0001,0.0001,0.5,0.1,79.6159515381,0,79.6159515381,79.6159515381,81.6838989258,0,81.6838989258,81.6838989258,1
436,682,8,0.0001,0.0001,0.5,0.3,79.6159515381,0,79.6159515381,79.6159515381,82.2747421265,0,82.2747421265,82.2747421265,1
437,696,8,0.0001,0.001,0.5,0.1,79.6159515381,0,79.6159515381,79.6159515381,81.6838989258,0,81.6838989258,81.6838989258,1
438,697,8,0.0001,0.001,0.5,0.3,79.6159515381,0,79.6159515381,79.6159515381,82.2747421265,0,82.2747421265,82.2747421265,1
439,712,8,0.0001,0.01,0.5,0.3,79.6159515381,0,79.6159515381,79.6159515381,82.1270294189,0,82.1270294189,82.1270294189,1
440,776,16,0.01,0.01,0.75,0.1,79.6159515381,0,79.6159515381,79.6159515381,82.7178726196,0,82.7178726196,82.7178726196,1
441,862,16,0.0001,0.0001,0.5,0.3,79.6159515381,0,79.6159515381,79.6159515381,84.0472640991,0,84.0472640991,84.0472640991,1
442,877,16,0.0001,0.001,0.5,0.3,79.6159515381,0,79.6159515381,79.6159515381,84.0472640991,0,84.0472640991,84.0472640991,1
443,915,32,0.01,0,0.75,0.9,79.6159515381,0,79.6159515381,79.6159515381,83.0132904053,0,83.0132904053,83.0132904053,1
444,944,32,0.01,0.001,0.75,0.7,79.6159515381,0,79.6159515381,79.6159515381,79.6159515381,0,79.6159515381,79.6159515381,1
445,981,32,0.001,0.0001,0.5,0.1,79.6159515381,0,79.6159515381,79.6159515381,82.422454834,0,82.422454834,82.422454834,1
446,996,32,0.001,0.001,0.5,0.1,79.6159515381,0,79.6159515381,79.6159515381,82.422454834,0,82.422454834,82.422454834,1
447,1021,32,0.0001,0,0.25,0.1,79.6159515381,0,79.6159515381,79.6159515381,83.1610031128,0,83.1610031128,83.1610031128,1
448,1147,64,0.001,0,0.5,0.3,79.6159515381,0,79.6159515381,79.6159515381,82.1270294189,0,82.1270294189,82.1270294189,1
449,1177,64,0.001,0.001,0.5,0.3,79.6159515381,0,79.6159515381,79.6159515381,81.9793167114,0,81.9793167114,81.9793167114,1
450,1192,64,0.001,0.01,0.5,0.3,79.6159515381,0,79.6159515381,79.6159515381,81.9793167114,0,81.9793167114,81.9793167114,1
451,1235,64,0.0001,0.001,0.25,0.9,79.6159515381,0,79.6159515381,79.6159515381,82.8655853271,0,82.8655853271,82.8655853271,1
452,255,2,0.001,0,0.75,0.9,79.4682388306,0,79.4682388306,79.4682388306,84.3426895142,0,84.3426895142,84.3426895142,1
453,270,2,0.001,0.0001,0.75,0.9,79.4682388306,0,79.4682388306,79.4682388306,84.3426895142,0,84.3426895142,84.3426895142,1
454,285,2,0.001,0.001,0.75,0.9,79.4682388306,0,79.4682388306,79.4682388306,84.3426895142,0,84.3426895142,84.3426895142,1
455,300,2,0.001,0.01,0.75,0.9,79.4682388306,0,79.4682388306,79.4682388306,84.0472640991,0,84.0472640991,84.0472640991,1
456,320,2,0.0001,0.0001,0.25,0.9,79.4682388306,0,79.4682388306,79.4682388306,83.4564208984,0,83.4564208984,83.4564208984,1
457,335,2,0.0001,0.001,0.25,0.9,79.4682388306,0,79.4682388306,79.4682388306,83.4564208984,0,83.4564208984,83.4564208984,1
458,350,2,0.0001,0.01,0.25,0.9,79.4682388306,0,79.4682388306,79.4682388306,83.0132904053,0,83.0132904053,83.0132904053,1
459,417,4,0.01,0.01,0.75,0.3,79.4682388306,0,79.4682388306,79.4682388306,82.8655853271,0,82.8655853271,82.8655853271,1
460,447,4,0.001,0.0001,0.75,0.3,79.4682388306,0,79.4682388306,79.4682388306,81.6838989258,0,81.6838989258,81.6838989258,1
461,462,4,0.001,0.001,0.75,0.3,79.4682388306,0,79.4682388306,79.4682388306,81.6838989258,0,81.6838989258,81.6838989258,1
462,477,4,0.001,0.01,0.75,0.3,79.4682388306,0,79.4682388306,79.4682388306,81.8316116333,0,81.8316116333,81.8316116333,1
463,494,4,0.0001,0,0.75,0.7,79.4682388306,0,79.4682388306,79.4682388306,82.5701599121,0,82.5701599121,82.5701599121,1
464,509,4,0.0001,0.0001,0.75,0.7,79.4682388306,0,79.4682388306,79.4682388306,82.5701599121,0,82.5701599121,82.5701599121,1
465,539,4,0.0001,0.01,0.75,0.7,79.4682388306,0,79.4682388306,79.4682388306,82.7178726196,0,82.7178726196,82.7178726196,1
466,619,8,0.001,0.0001,0.25,0.7,79.4682388306,0,79.4682388306,79.4682388306,83.604133606,0,83.604133606,83.604133606,1
467,624,8,0.001,0.0001,0.5,0.7,79.4682388306,0,79.4682388306,79.4682388306,83.0132904053,0,83.0132904053,83.0132904053,1
468,634,8,0.001,0.001,0.25,0.7,79.4682388306,0,79.4682388306,79.4682388306,83.604133606,0,83.604133606,83.604133606,1
469,639,8,0.001,0.001,0.5,0.7,79.4682388306,0,79.4682388306,79.4682388306,83.0132904053,0,83.0132904053,83.0132904053,1
470,649,8,0.001,0.01,0.25,0.7,79.4682388306,0,79.4682388306,79.4682388306,83.7518463135,0,83.7518463135,83.7518463135,1
471,656,8,0.001,0.01,0.75,0.1,79.4682388306,0,79.4682388306,79.4682388306,81.9793167114,0,81.9793167114,81.9793167114,1
472,667,8,0.0001,0,0.5,0.3,79.4682388306,0,79.4682388306,79.4682388306,81.8316116333,0,81.8316116333,81.8316116333,1
473,687,8,0.0001,0.0001,0.75,0.3,79.4682388306,0,79.4682388306,79.4682388306,82.5701599121,0,82.5701599121,82.5701599121,1
474,702,8,0.0001,0.001,0.75,0.3,79.4682388306,0,79.4682388306,79.4682388306,82.422454834,0,82.422454834,82.422454834,1
475,775,16,0.01,0.01,0.5,0.9,79.4682388306,0,79.4682388306,79.4682388306,83.1610031128,0,83.1610031128,83.1610031128,1
476,777,16,0.01,0.01,0.75,0.3,79.4682388306,0,79.4682388306,79.4682388306,82.5701599121,0,82.5701599121,82.5701599121,1
477,796,16,0.001,0.0001,0.25,0.1,79.4682388306,0,79.4682388306,79.4682388306,81.5361862183,0,81.5361862183,81.5361862183,1
478,811,16,0.001,0.001,0.25,0.1,79.4682388306,0,79.4682388306,79.4682388306,81.5361862183,0,81.5361862183,81.5361862183,1
479,826,16,0.001,0.01,0.25,0.1,79.4682388306,0,79.4682388306,79.4682388306,81.5361862183,0,81.5361862183,81.5361862183,1
480,847,16,0.0001,0,0.5,0.3,79.4682388306,0,79.4682388306,79.4682388306,83.604133606,0,83.604133606,83.604133606,1
481,1011,32,0.001,0.01,0.5,0.1,79.4682388306,0,79.4682388306,79.4682388306,82.422454834,0,82.422454834,82.422454834,1
482,1125,64,0.01,0.001,0.75,0.9,79.4682388306,0,79.4682388306,79.4682388306,80.9453430176,0,80.9453430176,80.9453430176,1
483,1136,64,0.01,0.01,0.75,0.1,79.4682388306,0,79.4682388306,79.4682388306,84.0472640991,0,84.0472640991,84.0472640991,1
484,1162,64,0.001,0.0001,0.5,0.3,79.4682388306,0,79.4682388306,79.4682388306,82.1270294189,0,82.1270294189,82.1270294189,1
485,1210,64,0.0001,0,0.5,0.9,79.4682388306,0,79.4682388306,79.4682388306,82.5701599121,0,82.5701599121,82.5701599121,1
486,1225,64,0.0001,0.0001,0.5,0.9,79.4682388306,0,79.4682388306,79.4682388306,82.5701599121,0,82.5701599121,82.5701599121,1
487,1240,64,0.0001,0.001,0.5,0.9,79.4682388306,0,79.4682388306,79.4682388306,82.5701599121,0,82.5701599121,82.5701599121,1
488,1255,64,0.0001,0.01,0.5,0.9,79.4682388306,0,79.4682388306,79.4682388306,83.0132904053,0,83.0132904053,83.0132904053,1
489,305,2,0.0001,0,0.25,0.9,79.3205337524,0,79.3205337524,79.3205337524,83.1610031128,0,83.1610031128,83.1610031128,1
490,310,2,0.0001,0,0.5,0.9,79.3205337524,0,79.3205337524,79.3205337524,83.7518463135,0,83.7518463135,83.7518463135,1
491,315,2,0.0001,0,0.75,0.9,79.3205337524,0,79.3205337524,79.3205337524,83.899559021,0,83.899559021,83.899559021,1
492,325,2,0.0001,0.0001,0.5,0.9,79.3205337524,0,79.3205337524,79.3205337524,84.0472640991,0,84.0472640991,84.0472640991,1
493,330,2,0.0001,0.0001,0.75,0.9,79.3205337524,0,79.3205337524,79.3205337524,84.1949768066,0,84.1949768066,84.1949768066,1
494,340,2,0.0001,0.001,0.5,0.9,79.3205337524,0,79.3205337524,79.3205337524,84.0472640991,0,84.0472640991,84.0472640991,1
495,345,2,0.0001,0.001,0.75,0.9,79.3205337524,0,79.3205337524,79.3205337524,84.1949768066,0,84.1949768066,84.1949768066,1
496,355,2,0.0001,0.01,0.5,0.9,79.3205337524,0,79.3205337524,79.3205337524,83.7518463135,0,83.7518463135,83.7518463135,1
497,360,2,0.0001,0.01,0.75,0.9,79.3205337524,0,79.3205337524,79.3205337524,84.1949768066,0,84.1949768066,84.1949768066,1
498,524,4,0.0001,0.001,0.75,0.7,79.3205337524,0,79.3205337524,79.3205337524,82.5701599121,0,82.5701599121,82.5701599121,1
499,597,8,0.01,0.01,0.75,0.3,79.3205337524,0,79.3205337524,79.3205337524,83.0132904053,0,83.0132904053,83.0132904053,1
500,609,8,0.001,0,0.5,0.7,79.3205337524,0,79.3205337524,79.3205337524,82.422454834,0,82.422454834,82.422454834,1
501,698,8,0.0001,0.001,0.5,0.5,79.3205337524,0,79.3205337524,79.3205337524,82.5701599121,0,82.5701599121,82.5701599121,1
502,782,16,0.001,0,0.25,0.3,79.3205337524,0,79.3205337524,79.3205337524,81.0930557251,0,81.0930557251,81.0930557251,1
503,812,16,0.001,0.001,0.25,0.3,79.3205337524,0,79.3205337524,79.3205337524,81.0930557251,0,81.0930557251,81.0930557251,1
504,816,16,0.001,0.001,0.5,0.1,79.3205337524,0,79.3205337524,79.3205337524,80.6499252319,0,80.6499252319,80.6499252319,1
505,857,16,0.0001,0.0001,0.25,0.3,79.3205337524,0,79.3205337524,79.3205337524,84.0472640991,0,84.0472640991,84.0472640991,1
506,872,16,0.0001,0.001,0.25,0.3,79.3205337524,0,79.3205337524,79.3205337524,84.0472640991,0,84.0472640991,84.0472640991,1
507,887,16,0.0001,0.01,0.25,0.3,79.3205337524,0,79.3205337524,79.3205337524,84.3426895142,0,84.3426895142,84.3426895142,1
508,1095,64,0.01,0,0.75,0.9,79.3205337524,0,79.3205337524,79.3205337524,80.7976379395,0,80.7976379395,80.7976379395,1
509,1151,64,0.001,0,0.75,0.1,79.3205337524,0,79.3205337524,79.3205337524,82.422454834,0,82.422454834,82.422454834,1
510,238,2,0.01,0.01,0.75,0.5,79.1728210449,0,79.1728210449,79.1728210449,82.5701599121,0,82.5701599121,82.5701599121,1
511,290,2,0.001,0.01,0.25,0.9,79.1728210449,0,79.1728210449,79.1728210449,83.899559021,0,83.899559021,83.899559021,1
512,449,4,0.001,0.0001,0.75,0.7,79.1728210449,0,79.1728210449,79.1728210449,82.422454834,0,82.422454834,82.422454834,1
513,464,4,0.001,0.001,0.75,0.7,79.1728210449,0,79.1728210449,79.1728210449,82.422454834,0,82.422454834,82.422454834,1
514,479,4,0.001,0.01,0.75,0.7,79.1728210449,0,79.1728210449,79.1728210449,82.422454834,0,82.422454834,82.422454834,1
515,484,4,0.0001,0,0.25,0.7,79.1728210449,0,79.1728210449,79.1728210449,82.8655853271,0,82.8655853271,82.8655853271,1
516,489,4,0.0001,0,0.5,0.7,79.1728210449,0,79.1728210449,79.1728210449,82.2747421265,0,82.2747421265,82.2747421265,1
517,499,4,0.0001,0.0001,0.25,0.7,79.1728210449,0,79.1728210449,79.1728210449,82.8655853271,0,82.8655853271,82.8655853271,1
518,504,4,0.0001,0.0001,0.5,0.7,79.1728210449,0,79.1728210449,79.1728210449,82.2747421265,0,82.2747421265,82.2747421265,1
519,514,4,0.0001,0.001,0.25,0.7,79.1728210449,0,79.1728210449,79.1728210449,83.0132904053,0,83.0132904053,83.0132904053,1
520,519,4,0.0001,0.001,0.5,0.7,79.1728210449,0,79.1728210449,79.1728210449,82.422454834,0,82.422454834,82.422454834,1
521,529,4,0.0001,0.01,0.25,0.7,79.1728210449,0,79.1728210449,79.1728210449,82.8655853271,0,82.8655853271,82.8655853271,1
522,534,4,0.0001,0.01,0.5,0.7,79.1728210449,0,79.1728210449,79.1728210449,81.9793167114,0,81.9793167114,81.9793167114,1
523,603,8,0.001,0,0.25,0.5,79.1728210449,0,79.1728210449,79.1728210449,82.422454834,0,82.422454834,82.422454834,1
524,611,8,0.001,0,0.75,0.1,79.1728210449,0,79.1728210449,79.1728210449,81.5361862183,0,81.5361862183,81.5361862183,1
525,683,8,0.0001,0.0001,0.5,0.5,79.1728210449,0,79.1728210449,79.1728210449,82.5701599121,0,82.5701599121,82.5701599121,1
526,713,8,0.0001,0.01,0.5,0.5,79.1728210449,0,79.1728210449,79.1728210449,82.5701599121,0,82.5701599121,82.5701599121,1
527,768,16,0.01,0.01,0.25,0.5,79.1728210449,0,79.1728210449,79.1728210449,81.0930557251,0,81.0930557251,81.0930557251,1
528,792,16,0.001,0,0.75,0.3,79.1728210449,0,79.1728210449,79.1728210449,83.0132904053,0,83.0132904053,83.0132904053,1
529,831,16,0.001,0.01,0.5,0.1,79.1728210449,0,79.1728210449,79.1728210449,80.6499252319,0,80.6499252319,80.6499252319,1
530,1215,64,0.0001,0,0.75,0.9,79.1728210449,0,79.1728210449,79.1728210449,82.2747421265,0,82.2747421265,82.2747421265,1
531,1230,64,0.0001,0.0001,0.75,0.9,79.1728210449,0,79.1728210449,79.1728210449,82.2747421265,0,82.2747421265,82.2747421265,1
532,1245,64,0.0001,0.001,0.75,0.9,79.1728210449,0,79.1728210449,79.1728210449,82.2747421265,0,82.2747421265,82.2747421265,1
533,1260,64,0.0001,0.01,0.75,0.9,79.1728210449,0,79.1728210449,79.1728210449,82.1270294189,0,82.1270294189,82.1270294189,1
534,425,4,0.001,0,0.25,0.9,79.0251083374,0,79.0251083374,79.0251083374,83.604133606,0,83.604133606,83.604133606,1
535,440,4,0.001,0.0001,0.25,0.9,79.0251083374,0,79.0251083374,79.0251083374,83.899559021,0,83.899559021,83.899559021,1
536,455,4,0.001,0.001,0.25,0.9,79.0251083374,0,79.0251083374,79.0251083374,83.899559021,0,83.899559021,83.899559021,1
537,506,4,0.0001,0.0001,0.75,0.1,79.0251083374,0,79.0251083374,79.0251083374,81.0930557251,0,81.0930557251,81.0930557251,1
538,521,4,0.0001,0.001,0.75,0.1,79.0251083374,0,79.0251083374,79.0251083374,81.3884811401,0,81.3884811401,81.3884811401,1
539,536,4,0.0001,0.01,0.75,0.1,79.0251083374,0,79.0251083374,79.0251083374,80.7976379395,0,80.7976379395,80.7976379395,1
540,569,8,0.01,0.0001,0.75,0.7,79.0251083374,0,79.0251083374,79.0251083374,79.6159515381,0,79.6159515381,79.6159515381,1
541,604,8,0.001,0,0.25,0.7,79.0251083374,0,79.0251083374,79.0251083374,83.3087158203,0,83.3087158203,83.3087158203,1
542,612,8,0.001,0,0.75,0.3,79.0251083374,0,79.0251083374,79.0251083374,81.5361862183,0,81.5361862183,81.5361862183,1
543,623,8,0.001,0.0001,0.5,0.5,79.0251083374,0,79.0251083374,79.0251083374,80.5022125244,0,80.5022125244,80.5022125244,1
544,638,8,0.001,0.001,0.5,0.5,79.0251083374,0,79.0251083374,79.0251083374,80.5022125244,0,80.5022125244,80.5022125244,1
545,653,8,0.001,0.01,0.5,0.5,79.0251083374,0,79.0251083374,79.0251083374,80.5022125244,0,80.5022125244,80.5022125244,1
546,668,8,0.0001,0,0.5,0.5,79.0251083374,0,79.0251083374,79.0251083374,82.5701599121,0,82.5701599121,82.5701599121,1
547,671,8,0.0001,0,0.75,0.1,79.0251083374,0,79.0251083374,79.0251083374,80.9453430176,0,80.9453430176,80.9453430176,1
548,843,16,0.0001,0,0.25,0.5,79.0251083374,0,79.0251083374,79.0251083374,83.899559021,0,83.899559021,83.899559021,1
549,914,32,0.01,0,0.75,0.7,79.0251083374,0,79.0251083374,79.0251083374,78.7296905518,0,78.7296905518,78.7296905518,1
550,236,2,0.01,0.01,0.75,0.1,78.8774032593,0,78.8774032593,78.8774032593,81.2407684326,0,81.2407684326,81.2407684326,1
551,554,8,0.01,0,0.75,0.7,78.8774032593,0,78.8774032593,78.8774032593,79.6159515381,0,79.6159515381,79.6159515381,1
552,584,8,0.01,0.001,0.75,0.7,78.8774032593,0,78.8774032593,78.8774032593,79.7636642456,0,79.7636642456,79.7636642456,1
553,596,8,0.01,0.01,0.75,0.1,78.8774032593,0,78.8774032593,78.8774032593,82.7178726196,0,82.7178726196,82.7178726196,1
554,778,16,0.01,0.01,0.75,0.5,78.8774032593,0,78.8774032593,78.8774032593,83.3087158203,0,83.3087158203,83.3087158203,1
555,786,16,0.001,0,0.5,0.1,78.8774032593,0,78.8774032593,78.8774032593,80.7976379395,0,80.7976379395,80.7976379395,1
556,801,16,0.001,0.0001,0.5,0.1,78.8774032593,0,78.8774032593,78.8774032593,80.7976379395,0,80.7976379395,80.7976379395,1
557,842,16,0.0001,0,0.25,0.3,78.8774032593,0,78.8774032593,78.8774032593,82.5701599121,0,82.5701599121,82.5701599121,1
558,956,32,0.01,0.01,0.75,0.1,78.8774032593,0,78.8774032593,78.8774032593,80.7976379395,0,80.7976379395,80.7976379395,1
559,1115,64,0.01,0.001,0.25,0.9,78.8774032593,0,78.8774032593,78.8774032593,80.7976379395,0,80.7976379395,80.7976379395,1
560,245,2,0.001,0,0.25,0.9,78.7296905518,0,78.7296905518,78.7296905518,83.7518463135,0,83.7518463135,83.7518463135,1
561,260,2,0.001,0.0001,0.25,0.9,78.7296905518,0,78.7296905518,78.7296905518,84.0472640991,0,84.0472640991,84.0472640991,1
562,275,2,0.001,0.001,0.25,0.9,78.7296905518,0,78.7296905518,78.7296905518,84.0472640991,0,84.0472640991,84.0472640991,1
563,416,4,0.01,0.01,0.75,0.1,78.7296905518,0,78.7296905518,78.7296905518,82.2747421265,0,82.2747421265,82.2747421265,1
564,424,4,0.001,0,0.25,0.7,78.7296905518,0,78.7296905518,78.7296905518,82.422454834,0,82.422454834,82.422454834,1
565,439,4,0.001,0.0001,0.25,0.7,78.7296905518,0,78.7296905518,78.7296905518,82.422454834,0,82.422454834,82.422454834,1
566,448,4,0.001,0.0001,0.75,0.5,78.7296905518,0,78.7296905518,78.7296905518,81.6838989258,0,81.6838989258,81.6838989258,1
567,454,4,0.001,0.001,0.25,0.7,78.7296905518,0,78.7296905518,78.7296905518,82.422454834,0,82.422454834,82.422454834,1
568,463,4,0.001,0.001,0.75,0.5,78.7296905518,0,78.7296905518,78.7296905518,81.6838989258,0,81.6838989258,81.6838989258,1
569,469,4,0.001,0.01,0.25,0.7,78.7296905518,0,78.7296905518,78.7296905518,82.5701599121,0,82.5701599121,82.5701599121,1
570,608,8,0.001,0,0.5,0.5,78.7296905518,0,78.7296905518,78.7296905518,80.3545074463,0,80.3545074463,80.3545074463,1
571,723,16,0.01,0,0.25,0.5,78.7296905518,0,78.7296905518,78.7296905518,80.7976379395,0,80.7976379395,80.7976379395,1
572,738,16,0.01,0.0001,0.25,0.5,78.7296905518,0,78.7296905518,78.7296905518,80.7976379395,0,80.7976379395,80.7976379395,1
573,753,16,0.01,0.001,0.25,0.5,78.7296905518,0,78.7296905518,78.7296905518,80.7976379395,0,80.7976379395,80.7976379395,1
574,781,16,0.001,0,0.25,0.1,78.7296905518,0,78.7296905518,78.7296905518,80.2067947388,0,80.2067947388,80.2067947388,1
575,841,16,0.0001,0,0.25,0.1,78.7296905518,0,78.7296905518,78.7296905518,82.2747421265,0,82.2747421265,82.2747421265,1
576,934,32,0.01,0.001,0.25,0.7,78.7296905518,0,78.7296905518,78.7296905518,79.9113769531,0,79.9113769531,79.9113769531,1
577,949,32,0.01,0.01,0.25,0.7,78.7296905518,0,78.7296905518,78.7296905518,80.0590820312,0,80.0590820312,80.0590820312,1
578,1100,64,0.01,0.0001,0.25,0.9,78.7296905518,0,78.7296905518,78.7296905518,80.7976379395,0,80.7976379395,80.7976379395,1
579,478,4,0.001,0.01,0.75,0.5,78.5819778442,0,78.5819778442,78.5819778442,81.6838989258,0,81.6838989258,81.6838989258,1
580,599,8,0.01,0.01,0.75,0.7,78.5819778442,0,78.5819778442,78.5819778442,79.7636642456,0,79.7636642456,79.7636642456,1
581,614,8,0.001,0,0.75,0.7,78.5819778442,0,78.5819778442,78.5819778442,82.2747421265,0,82.2747421265,82.2747421265,1
582,663,8,0.0001,0,0.25,0.5,78.5819778442,0,78.5819778442,78.5819778442,82.2747421265,0,82.2747421265,82.2747421265,1
583,678,8,0.0001,0.0001,0.25,0.5,78.5819778442,0,78.5819778442,78.5819778442,82.2747421265,0,82.2747421265,82.2747421265,1
584,693,8,0.0001,0.001,0.25,0.5,78.5819778442,0,78.5819778442,78.5819778442,82.2747421265,0,82.2747421265,82.2747421265,1
585,708,8,0.0001,0.01,0.25,0.5,78.5819778442,0,78.5819778442,78.5819778442,82.2747421265,0,82.2747421265,82.2747421265,1
586,846,16,0.0001,0,0.5,0.1,78.5819778442,0,78.5819778442,78.5819778442,80.7976379395,0,80.7976379395,80.7976379395,1
587,904,32,0.01,0,0.25,0.7,78.5819778442,0,78.5819778442,78.5819778442,79.9113769531,0,79.9113769531,79.9113769531,1
588,919,32,0.01,0.0001,0.25,0.7,78.5819778442,0,78.5819778442,78.5819778442,79.9113769531,0,79.9113769531,79.9113769531,1
589,955,32,0.01,0.01,0.5,0.9,78.5819778442,0,78.5819778442,78.5819778442,82.422454834,0,82.422454834,82.422454834,1
590,1117,64,0.01,0.001,0.5,0.3,78.5819778442,0,78.5819778442,78.5819778442,79.7636642456,0,79.7636642456,79.7636642456,1
591,400,4,0.01,0.001,0.5,0.9,78.4342651367,0,78.4342651367,78.4342651367,82.5701599121,0,82.5701599121,82.5701599121,1
592,433,4,0.001,0,0.75,0.5,78.4342651367,0,78.4342651367,78.4342651367,80.5022125244,0,80.5022125244,80.5022125244,1
593,461,4,0.001,0.001,0.75,0.1,78.4342651367,0,78.4342651367,78.4342651367,80.9453430176,0,80.9453430176,80.9453430176,1
594,476,4,0.001,0.01,0.75,0.1,78.4342651367,0,78.4342651367,78.4342651367,80.6499252319,0,80.6499252319,80.6499252319,1
595,507,4,0.0001,0.0001,0.75,0.3,78.4342651367,0,78.4342651367,78.4342651367,79.9113769531,0,79.9113769531,79.9113769531,1
596,522,4,0.0001,0.001,0.75,0.3,78.4342651367,0,78.4342651367,78.4342651367,79.9113769531,0,79.9113769531,79.9113769531,1
597,537,4,0.0001,0.01,0.75,0.3,78.4342651367,0,78.4342651367,78.4342651367,79.7636642456,0,79.7636642456,79.7636642456,1
598,595,8,0.01,0.01,0.5,0.9,78.4342651367,0,78.4342651367,78.4342651367,81.5361862183,0,81.5361862183,81.5361862183,1
599,706,8,0.0001,0.01,0.25,0.1,78.4342651367,0,78.4342651367,78.4342651367,81.9793167114,0,81.9793167114,81.9793167114,1
600,729,16,0.01,0,0.5,0.7,78.4342651367,0,78.4342651367,78.4342651367,80.9453430176,0,80.9453430176,80.9453430176,1
601,774,16,0.01,0.01,0.5,0.7,78.4342651367,0,78.4342651367,78.4342651367,80.7976379395,0,80.7976379395,80.7976379395,1
602,788,16,0.001,0,0.5,0.5,78.4342651367,0,78.4342651367,78.4342651367,80.0590820312,0,80.0590820312,80.0590820312,1
603,793,16,0.001,0,0.75,0.5,78.4342651367,0,78.4342651367,78.4342651367,80.5022125244,0,80.5022125244,80.5022125244,1
604,961,32,0.001,0,0.25,0.1,78.4342651367,0,78.4342651367,78.4342651367,80.7976379395,0,80.7976379395,80.7976379395,1
605,1085,64,0.01,0,0.25,0.9,78.4342651367,0,78.4342651367,78.4342651367,80.7976379395,0,80.7976379395,80.7976379395,1
606,329,2,0.0001,0.0001,0.75,0.7,78.2865600586,0,78.2865600586,78.2865600586,80.9453430176,0,80.9453430176,80.9453430176,1
607,344,2,0.0001,0.001,0.75,0.7,78.2865600586,0,78.2865600586,78.2865600586,80.7976379395,0,80.7976379395,80.7976379395,1
608,370,4,0.01,0,0.5,0.9,78.2865600586,0,78.2865600586,78.2865600586,82.5701599121,0,82.5701599121,82.5701599121,1
609,385,4,0.01,0.0001,0.5,0.9,78.2865600586,0,78.2865600586,78.2865600586,82.5701599121,0,82.5701599121,82.5701599121,1
610,415,4,0.01,0.01,0.5,0.9,78.2865600586,0,78.2865600586,78.2865600586,82.2747421265,0,82.2747421265,82.2747421265,1
611,434,4,0.001,0,0.75,0.7,78.2865600586,0,78.2865600586,78.2865600586,81.9793167114,0,81.9793167114,81.9793167114,1
612,446,4,0.001,0.0001,0.75,0.1,78.2865600586,0,78.2865600586,78.2865600586,80.7976379395,0,80.7976379395,80.7976379395,1
613,474,4,0.001,0.01,0.5,0.7,78.2865600586,0,78.2865600586,78.2865600586,82.5701599121,0,82.5701599121,82.5701599121,1
614,622,8,0.001,0.0001,0.5,0.3,78.2865600586,0,78.2865600586,78.2865600586,81.0930557251,0,81.0930557251,81.0930557251,1
615,637,8,0.001,0.001,0.5,0.3,78.2865600586,0,78.2865600586,78.2865600586,81.0930557251,0,81.0930557251,81.0930557251,1
616,676,8,0.0001,0.0001,0.25,0.1,78.2865600586,0,78.2865600586,78.2865600586,81.9793167114,0,81.9793167114,81.9793167114,1
617,691,8,0.0001,0.001,0.25,0.1,78.2865600586,0,78.2865600586,78.2865600586,81.9793167114,0,81.9793167114,81.9793167114,1
618,744,16,0.01,0.0001,0.5,0.7,78.2865600586,0,78.2865600586,78.2865600586,80.7976379395,0,80.7976379395,80.7976379395,1
619,759,16,0.01,0.001,0.5,0.7,78.2865600586,0,78.2865600586,78.2865600586,80.7976379395,0,80.7976379395,80.7976379395,1
620,773,16,0.01,0.01,0.5,0.5,78.2865600586,0,78.2865600586,78.2865600586,79.4682388306,0,79.4682388306,79.4682388306,1
621,1110,64,0.01,0.0001,0.75,0.9,78.2865600586,0,78.2865600586,78.2865600586,80.2067947388,0,80.2067947388,80.2067947388,1
622,314,2,0.0001,0,0.75,0.7,78.1388473511,0,78.1388473511,78.1388473511,80.9453430176,0,80.9453430176,80.9453430176,1
623,359,2,0.0001,0.01,0.75,0.7,78.1388473511,0,78.1388473511,78.1388473511,80.6499252319,0,80.6499252319,80.6499252319,1
624,429,4,0.001,0,0.5,0.7,78.1388473511,0,78.1388473511,78.1388473511,82.422454834,0,82.422454834,82.422454834,1
625,444,4,0.001,0.0001,0.5,0.7,78.1388473511,0,78.1388473511,78.1388473511,82.5701599121,0,82.5701599121,82.5701599121,1
626,459,4,0.001,0.001,0.5,0.7,78.1388473511,0,78.1388473511,78.1388473511,82.5701599121,0,82.5701599121,82.5701599121,1
627,492,4,0.0001,0,0.75,0.3,78.1388473511,0,78.1388473511,78.1388473511,79.9113769531,0,79.9113769531,79.9113769531,1
628,550,8,0.01,0,0.5,0.9,78.1388473511,0,78.1388473511,78.1388473511,81.8316116333,0,81.8316116333,81.8316116333,1
629,613,8,0.001,0,0.75,0.5,78.1388473511,0,78.1388473511,78.1388473511,80.2067947388,0,80.2067947388,80.2067947388,1
630,631,8,0.001,0.001,0.25,0.1,78.1388473511,0,78.1388473511,78.1388473511,82.2747421265,0,82.2747421265,82.2747421265,1
631,652,8,0.001,0.01,0.5,0.3,78.1388473511,0,78.1388473511,78.1388473511,81.0930557251,0,81.0930557251,81.0930557251,1
632,707,8,0.0001,0.01,0.25,0.3,78.1388473511,0,78.1388473511,78.1388473511,81.8316116333,0,81.8316116333,81.8316116333,1
633,728,16,0.01,0,0.5,0.5,78.1388473511,0,78.1388473511,78.1388473511,79.3205337524,0,79.3205337524,79.3205337524,1
634,743,16,0.01,0.0001,0.5,0.5,78.1388473511,0,78.1388473511,78.1388473511,79.3205337524,0,79.3205337524,79.3205337524,1
635,758,16,0.01,0.001,0.5,0.5,78.1388473511,0,78.1388473511,78.1388473511,79.3205337524,0,79.3205337524,79.3205337524,1
636,910,32,0.01,0,0.5,0.9,78.1388473511,0,78.1388473511,78.1388473511,82.2747421265,0,82.2747421265,82.2747421265,1
637,925,32,0.01,0.0001,0.5,0.9,78.1388473511,0,78.1388473511,78.1388473511,82.2747421265,0,82.2747421265,82.2747421265,1
638,940,32,0.01,0.001,0.5,0.9,78.1388473511,0,78.1388473511,78.1388473511,82.422454834,0,82.422454834,82.422454834,1
639,1090,64,0.01,0,0.5,0.9,78.1388473511,0,78.1388473511,78.1388473511,80.0590820312,0,80.0590820312,80.0590820312,1
640,1105,64,0.01,0.0001,0.5,0.9,78.1388473511,0,78.1388473511,78.1388473511,79.9113769531,0,79.9113769531,79.9113769531,1
641,1120,64,0.01,0.001,0.5,0.9,78.1388473511,0,78.1388473511,78.1388473511,80.2067947388,0,80.2067947388,80.2067947388,1
642,324,2,0.0001,0.0001,0.5,0.7,77.9911346436,0,77.9911346436,77.9911346436,81.3884811401,0,81.3884811401,81.3884811401,1
643,339,2,0.0001,0.001,0.5,0.7,77.9911346436,0,77.9911346436,77.9911346436,81.2407684326,0,81.2407684326,81.2407684326,1
644,488,4,0.0001,0,0.5,0.5,77.9911346436,0,77.9911346436,77.9911346436,80.9453430176,0,80.9453430176,80.9453430176,1
645,503,4,0.0001,0.0001,0.5,0.5,77.9911346436,0,77.9911346436,77.9911346436,80.9453430176,0,80.9453430176,80.9453430176,1
646,518,4,0.0001,0.001,0.5,0.5,77.9911346436,0,77.9911346436,77.9911346436,80.9453430176,0,80.9453430176,80.9453430176,1
647,565,8,0.01,0.0001,0.5,0.9,77.9911346436,0,77.9911346436,77.9911346436,81.5361862183,0,81.5361862183,81.5361862183,1
648,580,8,0.01,0.001,0.5,0.9,77.9911346436,0,77.9911346436,77.9911346436,81.5361862183,0,81.5361862183,81.5361862183,1
649,616,8,0.001,0.0001,0.25,0.1,77.9911346436,0,77.9911346436,77.9911346436,82.2747421265,0,82.2747421265,82.2747421265,1
650,646,8,0.001,0.01,0.25,0.1,77.9911346436,0,77.9911346436,77.9911346436,82.1270294189,0,82.1270294189,82.1270294189,1
651,662,8,0.0001,0,0.25,0.3,77.9911346436,0,77.9911346436,77.9911346436,81.8316116333,0,81.8316116333,81.8316116333,1
652,677,8,0.0001,0.0001,0.25,0.3,77.9911346436,0,77.9911346436,77.9911346436,81.8316116333,0,81.8316116333,81.8316116333,1
653,692,8,0.0001,0.001,0.25,0.3,77.9911346436,0,77.9911346436,77.9911346436,81.8316116333,0,81.8316116333,81.8316116333,1
654,244,2,0.001,0,0.25,0.7,77.8434295654,0,77.8434295654,77.8434295654,81.8316116333,0,81.8316116333,81.8316116333,1
655,259,2,0.001,0.0001,0.25,0.7,77.8434295654,0,77.8434295654,77.8434295654,81.8316116333,0,81.8316116333,81.8316116333,1
656,269,2,0.001,0.0001,0.75,0.7,77.8434295654,0,77.8434295654,77.8434295654,80.6499252319,0,80.6499252319,80.6499252319,1
657,274,2,0.001,0.001,0.25,0.7,77.8434295654,0,77.8434295654,77.8434295654,81.8316116333,0,81.8316116333,81.8316116333,1
658,284,2,0.001,0.001,0.75,0.7,77.8434295654,0,77.8434295654,77.8434295654,80.6499252319,0,80.6499252319,80.6499252319,1
659,487,4,0.0001,0,0.5,0.3,77.8434295654,0,77.8434295654,77.8434295654,78.5819778442,0,78.5819778442,78.5819778442,1
660,501,4,0.0001,0.0001,0.5,0.1,77.8434295654,0,77.8434295654,77.8434295654,81.2407684326,0,81.2407684326,81.2407684326,1
661,502,4,0.0001,0.0001,0.5,0.3,77.8434295654,0,77.8434295654,77.8434295654,78.5819778442,0,78.5819778442,78.5819778442,1
662,516,4,0.0001,0.001,0.5,0.1,77.8434295654,0,77.8434295654,77.8434295654,81.2407684326,0,81.2407684326,81.2407684326,1
663,517,4,0.0001,0.001,0.5,0.3,77.8434295654,0,77.8434295654,77.8434295654,80.0590820312,0,80.0590820312,80.0590820312,1
664,533,4,0.0001,0.01,0.5,0.5,77.8434295654,0,77.8434295654,77.8434295654,80.9453430176,0,80.9453430176,80.9453430176,1
665,602,8,0.001,0,0.25,0.3,77.8434295654,0,77.8434295654,77.8434295654,81.5361862183,0,81.5361862183,81.5361862183,1
666,617,8,0.001,0.0001,0.25,0.3,77.8434295654,0,77.8434295654,77.8434295654,81.3884811401,0,81.3884811401,81.3884811401,1
667,632,8,0.001,0.001,0.25,0.3,77.8434295654,0,77.8434295654,77.8434295654,81.3884811401,0,81.3884811401,81.3884811401,1
668,647,8,0.001,0.01,0.25,0.3,77.8434295654,0,77.8434295654,77.8434295654,81.5361862183,0,81.5361862183,81.5361862183,1
669,661,8,0.0001,0,0.25,0.1,77.8434295654,0,77.8434295654,77.8434295654,81.2407684326,0,81.2407684326,81.2407684326,1
670,205,2,0.01,0.0001,0.5,0.9,77.6957168579,0,77.6957168579,77.6957168579,81.9793167114,0,81.9793167114,81.9793167114,1
671,220,2,0.01,0.001,0.5,0.9,77.6957168579,0,77.6957168579,77.6957168579,81.9793167114,0,81.9793167114,81.9793167114,1
672,235,2,0.01,0.01,0.5,0.9,77.6957168579,0,77.6957168579,77.6957168579,81.9793167114,0,81.9793167114,81.9793167114,1
673,289,2,0.001,0.01,0.25,0.7,77.6957168579,0,77.6957168579,77.6957168579,81.8316116333,0,81.8316116333,81.8316116333,1
674,309,2,0.0001,0,0.5,0.7,77.6957168579,0,77.6957168579,77.6957168579,80.5022125244,0,80.5022125244,80.5022125244,1
675,354,2,0.0001,0.01,0.5,0.7,77.6957168579,0,77.6957168579,77.6957168579,81.3884811401,0,81.3884811401,81.3884811401,1
676,486,4,0.0001,0,0.5,0.1,77.6957168579,0,77.6957168579,77.6957168579,78.1388473511,0,78.1388473511,78.1388473511,1
677,493,4,0.0001,0,0.75,0.5,77.6957168579,0,77.6957168579,77.6957168579,80.2067947388,0,80.2067947388,80.2067947388,1
678,508,4,0.0001,0.0001,0.75,0.5,77.6957168579,0,77.6957168579,77.6957168579,80.2067947388,0,80.2067947388,80.2067947388,1
679,523,4,0.0001,0.001,0.75,0.5,77.6957168579,0,77.6957168579,77.6957168579,80.2067947388,0,80.2067947388,80.2067947388,1
680,531,4,0.0001,0.01,0.5,0.1,77.6957168579,0,77.6957168579,77.6957168579,79.7636642456,0,79.7636642456,79.7636642456,1
681,532,4,0.0001,0.01,0.5,0.3,77.6957168579,0,77.6957168579,77.6957168579,78.1388473511,0,78.1388473511,78.1388473511,1
682,538,4,0.0001,0.01,0.75,0.5,77.6957168579,0,77.6957168579,77.6957168579,79.9113769531,0,79.9113769531,79.9113769531,1
683,905,32,0.01,0,0.25,0.9,77.6957168579,0,77.6957168579,77.6957168579,80.5022125244,0,80.5022125244,80.5022125244,1
684,920,32,0.01,0.0001,0.25,0.9,77.6957168579,0,77.6957168579,77.6957168579,80.5022125244,0,80.5022125244,80.5022125244,1
685,935,32,0.01,0.001,0.25,0.9,77.6957168579,0,77.6957168579,77.6957168579,80.3545074463,0,80.3545074463,80.3545074463,1
686,190,2,0.01,0,0.5,0.9,77.5480041504,0,77.5480041504,77.5480041504,82.1270294189,0,82.1270294189,82.1270294189,1
687,607,8,0.001,0,0.5,0.3,77.5480041504,0,77.5480041504,77.5480041504,80.7976379395,0,80.7976379395,80.7976379395,1
688,769,16,0.01,0.01,0.25,0.7,77.5480041504,0,77.5480041504,77.5480041504,80.0590820312,0,80.0590820312,80.0590820312,1
689,299,2,0.001,0.01,0.75,0.7,77.4002914429,0,77.4002914429,77.4002914429,80.3545074463,0,80.3545074463,80.3545074463,1
690,304,2,0.0001,0,0.25,0.7,77.4002914429,0,77.4002914429,77.4002914429,80.7976379395,0,80.7976379395,80.7976379395,1
691,395,4,0.01,0.001,0.25,0.9,77.4002914429,0,77.4002914429,77.4002914429,82.2747421265,0,82.2747421265,82.2747421265,1
692,621,8,0.001,0.0001,0.5,0.1,77.4002914429,0,77.4002914429,77.4002914429,80.6499252319,0,80.6499252319,80.6499252319,1
693,636,8,0.001,0.001,0.5,0.1,77.4002914429,0,77.4002914429,77.4002914429,80.6499252319,0,80.6499252319,80.6499252319,1
694,651,8,0.001,0.01,0.5,0.1,77.4002914429,0,77.4002914429,77.4002914429,80.6499252319,0,80.6499252319,80.6499252319,1
695,754,16,0.01,0.001,0.25,0.7,77.4002914429,0,77.4002914429,77.4002914429,79.7636642456,0,79.7636642456,79.7636642456,1
696,950,32,0.01,0.01,0.25,0.9,77.4002914429,0,77.4002914429,77.4002914429,80.2067947388,0,80.2067947388,80.2067947388,1
697,966,32,0.001,0,0.5,0.1,77.4002914429,0,77.4002914429,77.4002914429,80.9453430176,0,80.9453430176,80.9453430176,1
698,1114,64,0.01,0.001,0.25,0.7,77.4002914429,0,77.4002914429,77.4002914429,77.4002914429,0,77.4002914429,77.4002914429,1
699,1122,64,0.01,0.001,0.75,0.3,77.4002914429,0,77.4002914429,77.4002914429,81.8316116333,0,81.8316116333,81.8316116333,1
700,254,2,0.001,0,0.75,0.7,77.2525863647,0,77.2525863647,77.2525863647,80.3545074463,0,80.3545074463,80.3545074463,1
701,268,2,0.001,0.0001,0.75,0.5,77.2525863647,0,77.2525863647,77.2525863647,79.0251083374,0,79.0251083374,79.0251083374,1
702,283,2,0.001,0.001,0.75,0.5,77.2525863647,0,77.2525863647,77.2525863647,79.0251083374,0,79.0251083374,79.0251083374,1
703,298,2,0.001,0.01,0.75,0.5,77.2525863647,0,77.2525863647,77.2525863647,79.1728210449,0,79.1728210449,79.1728210449,1
704,319,2,0.0001,0.0001,0.25,0.7,77.2525863647,0,77.2525863647,77.2525863647,80.7976379395,0,80.7976379395,80.7976379395,1
705,334,2,0.0001,0.001,0.25,0.7,77.2525863647,0,77.2525863647,77.2525863647,80.7976379395,0,80.7976379395,80.7976379395,1
706,349,2,0.0001,0.01,0.25,0.7,77.2525863647,0,77.2525863647,77.2525863647,80.9453430176,0,80.9453430176,80.9453430176,1
707,365,4,0.01,0,0.25,0.9,77.2525863647,0,77.2525863647,77.2525863647,82.2747421265,0,82.2747421265,82.2747421265,1
708,375,4,0.01,0,0.75,0.9,77.2525863647,0,77.2525863647,77.2525863647,80.9453430176,0,80.9453430176,80.9453430176,1
709,380,4,0.01,0.0001,0.25,0.9,77.2525863647,0,77.2525863647,77.2525863647,82.2747421265,0,82.2747421265,82.2747421265,1
710,382,4,0.01,0.0001,0.5,0.3,77.2525863647,0,77.2525863647,77.2525863647,79.3205337524,0,79.3205337524,79.3205337524,1
711,390,4,0.01,0.0001,0.75,0.9,77.2525863647,0,77.2525863647,77.2525863647,80.9453430176,0,80.9453430176,80.9453430176,1
712,397,4,0.01,0.001,0.5,0.3,77.2525863647,0,77.2525863647,77.2525863647,79.7636642456,0,79.7636642456,79.7636642456,1
713,405,4,0.01,0.001,0.75,0.9,77.2525863647,0,77.2525863647,77.2525863647,80.9453430176,0,80.9453430176,80.9453430176,1
714,420,4,0.01,0.01,0.75,0.9,77.2525863647,0,77.2525863647,77.2525863647,80.9453430176,0,80.9453430176,80.9453430176,1
715,423,4,0.001,0,0.25,0.5,77.2525863647,0,77.2525863647,77.2525863647,81.2407684326,0,81.2407684326,81.2407684326,1
716,438,4,0.001,0.0001,0.25,0.5,77.2525863647,0,77.2525863647,77.2525863647,81.2407684326,0,81.2407684326,81.2407684326,1
717,453,4,0.001,0.001,0.25,0.5,77.2525863647,0,77.2525863647,77.2525863647,81.2407684326,0,81.2407684326,81.2407684326,1
718,549,8,0.01,0,0.5,0.7,77.2525863647,0,77.2525863647,77.2525863647,80.5022125244,0,80.5022125244,80.5022125244,1
719,724,16,0.01,0,0.25,0.7,77.2525863647,0,77.2525863647,77.2525863647,79.7636642456,0,79.7636642456,79.7636642456,1
720,739,16,0.01,0.0001,0.25,0.7,77.2525863647,0,77.2525863647,77.2525863647,79.7636642456,0,79.7636642456,79.7636642456,1
721,909,32,0.01,0,0.5,0.7,77.2525863647,0,77.2525863647,77.2525863647,79.7636642456,0,79.7636642456,79.7636642456,1
722,924,32,0.01,0.0001,0.5,0.7,77.2525863647,0,77.2525863647,77.2525863647,79.6159515381,0,79.6159515381,79.6159515381,1
723,939,32,0.01,0.001,0.5,0.7,77.2525863647,0,77.2525863647,77.2525863647,79.6159515381,0,79.6159515381,79.6159515381,1
724,249,2,0.001,0,0.5,0.7,77.1048736572,0,77.1048736572,77.1048736572,80.9453430176,0,80.9453430176,80.9453430176,1
725,264,2,0.001,0.0001,0.5,0.7,77.1048736572,0,77.1048736572,77.1048736572,81.0930557251,0,81.0930557251,81.0930557251,1
726,279,2,0.001,0.001,0.5,0.7,77.1048736572,0,77.1048736572,77.1048736572,81.0930557251,0,81.0930557251,81.0930557251,1
727,294,2,0.001,0.01,0.5,0.7,77.1048736572,0,77.1048736572,77.1048736572,81.0930557251,0,81.0930557251,81.0930557251,1
728,410,4,0.01,0.01,0.25,0.9,77.1048736572,0,77.1048736572,77.1048736572,81.9793167114,0,81.9793167114,81.9793167114,1
729,412,4,0.01,0.01,0.5,0.3,77.1048736572,0,77.1048736572,77.1048736572,80.0590820312,0,80.0590820312,80.0590820312,1
730,468,4,0.001,0.01,0.25,0.5,77.1048736572,0,77.1048736572,77.1048736572,81.2407684326,0,81.2407684326,81.2407684326,1
731,491,4,0.0001,0,0.75,0.1,77.1048736572,0,77.1048736572,77.1048736572,79.6159515381,0,79.6159515381,79.6159515381,1
732,527,4,0.0001,0.01,0.25,0.3,77.1048736572,0,77.1048736572,77.1048736572,80.5022125244,0,80.5022125244,80.5022125244,1
733,528,4,0.0001,0.01,0.25,0.5,77.1048736572,0,77.1048736572,77.1048736572,82.1270294189,0,82.1270294189,82.1270294189,1
734,564,8,0.01,0.0001,0.5,0.7,77.1048736572,0,77.1048736572,77.1048736572,80.3545074463,0,80.3545074463,80.3545074463,1
735,579,8,0.01,0.001,0.5,0.7,77.1048736572,0,77.1048736572,77.1048736572,80.2067947388,0,80.2067947388,80.2067947388,1
736,606,8,0.001,0,0.5,0.1,77.1048736572,0,77.1048736572,77.1048736572,80.3545074463,0,80.3545074463,80.3545074463,1
737,1107,64,0.01,0.0001,0.75,0.3,77.1048736572,0,77.1048736572,77.1048736572,81.3884811401,0,81.3884811401,81.3884811401,1
738,267,2,0.001,0.0001,0.75,0.3,76.9571609497,0,76.9571609497,76.9571609497,79.7636642456,0,79.7636642456,79.7636642456,1
739,282,2,0.001,0.001,0.75,0.3,76.9571609497,0,76.9571609497,76.9571609497,79.7636642456,0,79.7636642456,79.7636642456,1
740,348,2,0.0001,0.01,0.25,0.5,76.9571609497,0,76.9571609497,76.9571609497,79.3205337524,0,79.3205337524,79.3205337524,1
741,473,4,0.001,0.01,0.5,0.5,76.9571609497,0,76.9571609497,76.9571609497,80.7976379395,0,80.7976379395,80.7976379395,1
742,498,4,0.0001,0.0001,0.25,0.5,76.9571609497,0,76.9571609497,76.9571609497,82.1270294189,0,82.1270294189,82.1270294189,1
743,513,4,0.0001,0.001,0.25,0.5,76.9571609497,0,76.9571609497,76.9571609497,82.1270294189,0,82.1270294189,82.1270294189,1
744,553,8,0.01,0,0.75,0.5,76.9571609497,0,76.9571609497,76.9571609497,76.6617431641,0,76.6617431641,76.6617431641,1
745,575,8,0.01,0.001,0.25,0.9,76.9571609497,0,76.9571609497,76.9571609497,81.6838989258,0,81.6838989258,81.6838989258,1
746,583,8,0.01,0.001,0.75,0.5,76.9571609497,0,76.9571609497,76.9571609497,76.6617431641,0,76.6617431641,76.6617431641,1
747,601,8,0.001,0,0.25,0.1,76.9571609497,0,76.9571609497,76.9571609497,80.6499252319,0,80.6499252319,80.6499252319,1
748,938,32,0.01,0.001,0.5,0.5,76.9571609497,0,76.9571609497,76.9571609497,75.6277694702,0,75.6277694702,75.6277694702,1
749,367,4,0.01,0,0.5,0.3,76.8094558716,0,76.8094558716,76.8094558716,79.3205337524,0,79.3205337524,79.3205337524,1
750,443,4,0.001,0.0001,0.5,0.5,76.8094558716,0,76.8094558716,76.8094558716,80.9453430176,0,80.9453430176,80.9453430176,1
751,458,4,0.001,0.001,0.5,0.5,76.8094558716,0,76.8094558716,76.8094558716,80.9453430176,0,80.9453430176,80.9453430176,1
752,482,4,0.0001,0,0.25,0.3,76.8094558716,0,76.8094558716,76.8094558716,80.3545074463,0,80.3545074463,80.3545074463,1
753,545,8,0.01,0,0.25,0.9,76.8094558716,0,76.8094558716,76.8094558716,81.6838989258,0,81.6838989258,81.6838989258,1
754,560,8,0.01,0.0001,0.25,0.9,76.8094558716,0,76.8094558716,76.8094558716,81.6838989258,0,81.6838989258,81.6838989258,1
755,590,8,0.01,0.01,0.25,0.9,76.8094558716,0,76.8094558716,76.8094558716,81.6838989258,0,81.6838989258,81.6838989258,1
756,594,8,0.01,0.01,0.5,0.7,76.8094558716,0,76.8094558716,76.8094558716,80.2067947388,0,80.2067947388,80.2067947388,1
757,764,16,0.01,0.001,0.75,0.7,76.8094558716,0,76.8094558716,76.8094558716,80.0590820312,0,80.0590820312,80.0590820312,1
758,1129,64,0.01,0.01,0.25,0.7,76.8094558716,0,76.8094558716,76.8094558716,77.1048736572,0,77.1048736572,77.1048736572,1
759,200,2,0.01,0.0001,0.25,0.9,76.6617431641,0,76.6617431641,76.6617431641,82.8655853271,0,82.8655853271,82.8655853271,1
760,215,2,0.01,0.001,0.25,0.9,76.6617431641,0,76.6617431641,76.6617431641,82.8655853271,0,82.8655853271,82.8655853271,1
761,266,2,0.001,0.0001,0.75,0.1,76.6617431641,0,76.6617431641,76.6617431641,79.3205337524,0,79.3205337524,79.3205337524,1
762,297,2,0.001,0.01,0.75,0.3,76.6617431641,0,76.6617431641,76.6617431641,79.9113769531,0,79.9113769531,79.9113769531,1
763,303,2,0.0001,0,0.25,0.5,76.6617431641,0,76.6617431641,76.6617431641,79.0251083374,0,79.0251083374,79.0251083374,1
764,363,4,0.01,0,0.25,0.5,76.6617431641,0,76.6617431641,76.6617431641,79.9113769531,0,79.9113769531,79.9113769531,1
765,378,4,0.01,0.0001,0.25,0.5,76.6617431641,0,76.6617431641,76.6617431641,79.9113769531,0,79.9113769531,79.9113769531,1
766,393,4,0.01,0.001,0.25,0.5,76.6617431641,0,76.6617431641,76.6617431641,79.9113769531,0,79.9113769531,79.9113769531,1
767,408,4,0.01,0.01,0.25,0.5,76.6617431641,0,76.6617431641,76.6617431641,80.2067947388,0,80.2067947388,80.2067947388,1
768,432,4,0.001,0,0.75,0.3,76.6617431641,0,76.6617431641,76.6617431641,78.8774032593,0,78.8774032593,78.8774032593,1
769,452,4,0.001,0.001,0.25,0.3,76.6617431641,0,76.6617431641,76.6617431641,81.5361862183,0,81.5361862183,81.5361862183,1
770,467,4,0.001,0.01,0.25,0.3,76.6617431641,0,76.6617431641,76.6617431641,81.5361862183,0,81.5361862183,81.5361862183,1
771,483,4,0.0001,0,0.25,0.5,76.6617431641,0,76.6617431641,76.6617431641,80.3545074463,0,80.3545074463,80.3545074463,1
772,497,4,0.0001,0.0001,0.25,0.3,76.6617431641,0,76.6617431641,76.6617431641,80.0590820312,0,80.0590820312,80.0590820312,1
773,512,4,0.0001,0.001,0.25,0.3,76.6617431641,0,76.6617431641,76.6617431641,80.0590820312,0,80.0590820312,80.0590820312,1
774,555,8,0.01,0,0.75,0.9,76.6617431641,0,76.6617431641,76.6617431641,80.0590820312,0,80.0590820312,80.0590820312,1
775,568,8,0.01,0.0001,0.75,0.5,76.6617431641,0,76.6617431641,76.6617431641,77.1048736572,0,77.1048736572,77.1048736572,1
776,570,8,0.01,0.0001,0.75,0.9,76.6617431641,0,76.6617431641,76.6617431641,80.0590820312,0,80.0590820312,80.0590820312,1
777,585,8,0.01,0.001,0.75,0.9,76.6617431641,0,76.6617431641,76.6617431641,80.2067947388,0,80.2067947388,80.2067947388,1
778,749,16,0.01,0.0001,0.75,0.7,76.6617431641,0,76.6617431641,76.6617431641,79.9113769531,0,79.9113769531,79.9113769531,1
779,954,32,0.01,0.01,0.5,0.7,76.6617431641,0,76.6617431641,76.6617431641,79.7636642456,0,79.7636642456,79.7636642456,1
780,185,2,0.01,0,0.25,0.9,76.5140304565,0,76.5140304565,76.5140304565,83.0132904053,0,83.0132904053,83.0132904053,1
781,230,2,0.01,0.01,0.25,0.9,76.5140304565,0,76.5140304565,76.5140304565,82.7178726196,0,82.7178726196,82.7178726196,1
782,239,2,0.01,0.01,0.75,0.7,76.5140304565,0,76.5140304565,76.5140304565,77.5480041504,0,77.5480041504,77.5480041504,1
783,318,2,0.0001,0.0001,0.25,0.5,76.5140304565,0,76.5140304565,76.5140304565,79.1728210449,0,79.1728210449,79.1728210449,1
784,323,2,0.0001,0.0001,0.5,0.5,76.5140304565,0,76.5140304565,76.5140304565,79.6159515381,0,79.6159515381,79.6159515381,1
785,333,2,0.0001,0.001,0.25,0.5,76.5140304565,0,76.5140304565,76.5140304565,78.8774032593,0,78.8774032593,78.8774032593,1
786,353,2,0.0001,0.01,0.5,0.5,76.5140304565,0,76.5140304565,76.5140304565,79.1728210449,0,79.1728210449,79.1728210449,1
787,376,4,0.01,0.0001,0.25,0.1,76.5140304565,0,76.5140304565,76.5140304565,80.2067947388,0,80.2067947388,80.2067947388,1
788,391,4,0.01,0.001,0.25,0.1,76.5140304565,0,76.5140304565,76.5140304565,80.2067947388,0,80.2067947388,80.2067947388,1
789,406,4,0.01,0.01,0.25,0.1,76.5140304565,0,76.5140304565,76.5140304565,80.3545074463,0,80.3545074463,80.3545074463,1
790,437,4,0.001,0.0001,0.25,0.3,76.5140304565,0,76.5140304565,76.5140304565,81.5361862183,0,81.5361862183,81.5361862183,1
791,600,8,0.01,0.01,0.75,0.9,76.5140304565,0,76.5140304565,76.5140304565,80.3545074463,0,80.3545074463,80.3545074463,1
792,923,32,0.01,0.0001,0.5,0.5,76.5140304565,0,76.5140304565,76.5140304565,75.3323516846,0,75.3323516846,75.3323516846,1
793,281,2,0.001,0.001,0.75,0.1,76.3663253784,0,76.3663253784,76.3663253784,78.8774032593,0,78.8774032593,78.8774032593,1
794,296,2,0.001,0.01,0.75,0.1,76.3663253784,0,76.3663253784,76.3663253784,79.1728210449,0,79.1728210449,79.1728210449,1
795,338,2,0.0001,0.001,0.5,0.5,76.3663253784,0,76.3663253784,76.3663253784,79.1728210449,0,79.1728210449,79.1728210449,1
796,364,4,0.01,0,0.25,0.7,76.3663253784,0,76.3663253784,76.3663253784,81.5361862183,0,81.5361862183,81.5361862183,1
797,379,4,0.01,0.0001,0.25,0.7,76.3663253784,0,76.3663253784,76.3663253784,81.5361862183,0,81.5361862183,81.5361862183,1
798,394,4,0.01,0.001,0.25,0.7,76.3663253784,0,76.3663253784,76.3663253784,81.3884811401,0,81.3884811401,81.3884811401,1
799,409,4,0.01,0.01,0.25,0.7,76.3663253784,0,76.3663253784,76.3663253784,81.3884811401,0,81.3884811401,81.3884811401,1
800,543,8,0.01,0,0.25,0.5,76.3663253784,0,76.3663253784,76.3663253784,80.5022125244,0,80.5022125244,80.5022125244,1
801,544,8,0.01,0,0.25,0.7,76.3663253784,0,76.3663253784,76.3663253784,80.3545074463,0,80.3545074463,80.3545074463,1
802,558,8,0.01,0.0001,0.25,0.5,76.3663253784,0,76.3663253784,76.3663253784,80.5022125244,0,80.5022125244,80.5022125244,1
803,559,8,0.01,0.0001,0.25,0.7,76.3663253784,0,76.3663253784,76.3663253784,80.3545074463,0,80.3545074463,80.3545074463,1
804,573,8,0.01,0.001,0.25,0.5,76.3663253784,0,76.3663253784,76.3663253784,80.6499252319,0,80.6499252319,80.6499252319,1
805,574,8,0.01,0.001,0.25,0.7,76.3663253784,0,76.3663253784,76.3663253784,80.3545074463,0,80.3545074463,80.3545074463,1
806,582,8,0.01,0.001,0.75,0.3,76.3663253784,0,76.3663253784,76.3663253784,75.3323516846,0,75.3323516846,75.3323516846,1
807,589,8,0.01,0.01,0.25,0.7,76.3663253784,0,76.3663253784,76.3663253784,80.5022125244,0,80.5022125244,80.5022125244,1
808,734,16,0.01,0,0.75,0.7,76.3663253784,0,76.3663253784,76.3663253784,79.9113769531,0,79.9113769531,79.9113769531,1
809,1091,64,0.01,0,0.75,0.1,76.3663253784,0,76.3663253784,76.3663253784,80.3545074463,0,80.3545074463,80.3545074463,1
810,1092,64,0.01,0,0.75,0.3,76.3663253784,0,76.3663253784,76.3663253784,81.2407684326,0,81.2407684326,81.2407684326,1
811,436,4,0.001,0.0001,0.25,0.1,76.2186126709,0,76.2186126709,76.2186126709,80.3545074463,0,80.3545074463,80.3545074463,1
812,451,4,0.001,0.001,0.25,0.1,76.2186126709,0,76.2186126709,76.2186126709,80.3545074463,0,80.3545074463,80.3545074463,1
813,466,4,0.001,0.01,0.25,0.1,76.2186126709,0,76.2186126709,76.2186126709,80.3545074463,0,80.3545074463,80.3545074463,1
814,567,8,0.01,0.0001,0.75,0.3,76.2186126709,0,76.2186126709,76.2186126709,75.4800567627,0,75.4800567627,75.4800567627,1
815,588,8,0.01,0.01,0.25,0.5,76.2186126709,0,76.2186126709,76.2186126709,80.5022125244,0,80.5022125244,80.5022125244,1
816,908,32,0.01,0,0.5,0.5,76.2186126709,0,76.2186126709,76.2186126709,75.3323516846,0,75.3323516846,75.3323516846,1
817,953,32,0.01,0.01,0.5,0.5,76.2186126709,0,76.2186126709,76.2186126709,75.6277694702,0,75.6277694702,75.6277694702,1
818,120,0,0.001,0.01,0.75,0.9,76.0708999634,0,76.0708999634,76.0708999634,80.3545074463,0,80.3545074463,80.3545074463,1
819,225,2,0.01,0.001,0.75,0.9,76.0708999634,0,76.0708999634,76.0708999634,79.9113769531,0,79.9113769531,79.9113769531,1
820,253,2,0.001,0,0.75,0.5,76.0708999634,0,76.0708999634,76.0708999634,78.8774032593,0,78.8774032593,78.8774032593,1
821,313,2,0.0001,0,0.75,0.5,76.0708999634,0,76.0708999634,76.0708999634,77.6957168579,0,77.6957168579,77.6957168579,1
822,327,2,0.0001,0.0001,0.75,0.3,76.0708999634,0,76.0708999634,76.0708999634,79.1728210449,0,79.1728210449,79.1728210449,1
823,328,2,0.0001,0.0001,0.75,0.5,76.0708999634,0,76.0708999634,76.0708999634,77.6957168579,0,77.6957168579,77.6957168579,1
824,342,2,0.0001,0.001,0.75,0.3,76.0708999634,0,76.0708999634,76.0708999634,78.5819778442,0,78.5819778442,78.5819778442,1
825,343,2,0.0001,0.001,0.75,0.5,76.0708999634,0,76.0708999634,76.0708999634,77.6957168579,0,77.6957168579,77.6957168579,1
826,357,2,0.0001,0.01,0.75,0.3,76.0708999634,0,76.0708999634,76.0708999634,78.2865600586,0,78.2865600586,78.2865600586,1
827,422,4,0.001,0,0.25,0.3,76.0708999634,0,76.0708999634,76.0708999634,80.0590820312,0,80.0590820312,80.0590820312,1
828,441,4,0.001,0.0001,0.5,0.1,76.0708999634,0,76.0708999634,76.0708999634,78.8774032593,0,78.8774032593,78.8774032593,1
829,471,4,0.001,0.01,0.5,0.1,76.0708999634,0,76.0708999634,76.0708999634,78.7296905518,0,78.7296905518,78.7296905518,1
830,481,4,0.0001,0,0.25,0.1,76.0708999634,0,76.0708999634,76.0708999634,80.3545074463,0,80.3545074463,80.3545074463,1
831,496,4,0.0001,0.0001,0.25,0.1,76.0708999634,0,76.0708999634,76.0708999634,80.3545074463,0,80.3545074463,80.3545074463,1
832,511,4,0.0001,0.001,0.25,0.1,76.0708999634,0,76.0708999634,76.0708999634,80.3545074463,0,80.3545074463,80.3545074463,1
833,526,4,0.0001,0.01,0.25,0.1,76.0708999634,0,76.0708999634,76.0708999634,80.3545074463,0,80.3545074463,80.3545074463,1
834,752,16,0.01,0.001,0.25,0.3,76.0708999634,0,76.0708999634,76.0708999634,78.5819778442,0,78.5819778442,78.5819778442,1
835,917,32,0.01,0.0001,0.25,0.3,76.0708999634,0,76.0708999634,76.0708999634,79.7636642456,0,79.7636642456,79.7636642456,1
836,948,32,0.01,0.01,0.25,0.5,76.0708999634,0,76.0708999634,76.0708999634,77.5480041504,0,77.5480041504,77.5480041504,1
837,210,2,0.01,0.0001,0.75,0.9,75.9231872559,0,75.9231872559,75.9231872559,79.9113769531,0,79.9113769531,79.9113769531,1
838,240,2,0.01,0.01,0.75,0.9,75.9231872559,0,75.9231872559,75.9231872559,79.6159515381,0,79.6159515381,79.6159515381,1
839,312,2,0.0001,0,0.75,0.3,75.9231872559,0,75.9231872559,75.9231872559,78.4342651367,0,78.4342651367,78.4342651367,1
840,322,2,0.0001,0.0001,0.5,0.3,75.9231872559,0,75.9231872559,75.9231872559,79.1728210449,0,79.1728210449,79.1728210449,1
841,358,2,0.0001,0.01,0.75,0.5,75.9231872559,0,75.9231872559,75.9231872559,77.2525863647,0,77.2525863647,77.2525863647,1
842,361,4,0.01,0,0.25,0.1,75.9231872559,0,75.9231872559,75.9231872559,80.0590820312,0,80.0590820312,80.0590820312,1
843,369,4,0.01,0,0.5,0.7,75.9231872559,0,75.9231872559,75.9231872559,78.8774032593,0,78.8774032593,78.8774032593,1
844,414,4,0.01,0.01,0.5,0.7,75.9231872559,0,75.9231872559,75.9231872559,78.8774032593,0,78.8774032593,78.8774032593,1
845,456,4,0.001,0.001,0.5,0.1,75.9231872559,0,75.9231872559,75.9231872559,78.8774032593,0,78.8774032593,78.8774032593,1
846,472,4,0.001,0.01,0.5,0.3,75.9231872559,0,75.9231872559,75.9231872559,80.6499252319,0,80.6499252319,80.6499252319,1
847,730,16,0.01,0,0.5,0.9,75.9231872559,0,75.9231872559,75.9231872559,79.9113769531,0,79.9113769531,79.9113769531,1
848,735,16,0.01,0,0.75,0.9,75.9231872559,0,75.9231872559,75.9231872559,78.1388473511,0,78.1388473511,78.1388473511,1
849,737,16,0.01,0.0001,0.25,0.3,75.9231872559,0,75.9231872559,75.9231872559,78.5819778442,0,78.5819778442,78.5819778442,1
850,745,16,0.01,0.0001,0.5,0.9,75.9231872559,0,75.9231872559,75.9231872559,79.9113769531,0,79.9113769531,79.9113769531,1
851,767,16,0.01,0.01,0.25,0.3,75.9231872559,0,75.9231872559,75.9231872559,78.2865600586,0,78.2865600586,78.2865600586,1
852,902,32,0.01,0,0.25,0.3,75.9231872559,0,75.9231872559,75.9231872559,79.6159515381,0,79.6159515381,79.6159515381,1
853,932,32,0.01,0.001,0.25,0.3,75.9231872559,0,75.9231872559,75.9231872559,79.7636642456,0,79.7636642456,79.7636642456,1
854,947,32,0.01,0.01,0.25,0.3,75.9231872559,0,75.9231872559,75.9231872559,79.9113769531,0,79.9113769531,79.9113769531,1
855,60,0,0.01,0.01,0.75,0.9,75.7754821777,0,75.7754821777,75.7754821777,80.3545074463,0,80.3545074463,80.3545074463,1
856,195,2,0.01,0,0.75,0.9,75.7754821777,0,75.7754821777,75.7754821777,79.7636642456,0,79.7636642456,79.7636642456,1
857,308,2,0.0001,0,0.5,0.5,75.7754821777,0,75.7754821777,75.7754821777,78.7296905518,0,78.7296905518,78.7296905518,1
858,311,2,0.0001,0,0.75,0.1,75.7754821777,0,75.7754821777,75.7754821777,77.9911346436,0,77.9911346436,77.9911346436,1
859,326,2,0.0001,0.0001,0.75,0.1,75.7754821777,0,75.7754821777,75.7754821777,77.6957168579,0,77.6957168579,77.6957168579,1
860,337,2,0.0001,0.001,0.5,0.3,75.7754821777,0,75.7754821777,75.7754821777,79.0251083374,0,79.0251083374,79.0251083374,1
861,352,2,0.0001,0.01,0.5,0.3,75.7754821777,0,75.7754821777,75.7754821777,79.0251083374,0,79.0251083374,79.0251083374,1
862,384,4,0.01,0.0001,0.5,0.7,75.7754821777,0,75.7754821777,75.7754821777,78.8774032593,0,78.8774032593,78.8774032593,1
863,399,4,0.01,0.001,0.5,0.7,75.7754821777,0,75.7754821777,75.7754821777,78.8774032593,0,78.8774032593,78.8774032593,1
864,457,4,0.001,0.001,0.5,0.3,75.7754821777,0,75.7754821777,75.7754821777,80.7976379395,0,80.7976379395,80.7976379395,1
865,933,32,0.01,0.001,0.25,0.5,75.7754821777,0,75.7754821777,75.7754821777,77.4002914429,0,77.4002914429,77.4002914429,1
866,243,2,0.001,0,0.25,0.5,75.6277694702,0,75.6277694702,75.6277694702,79.9113769531,0,79.9113769531,79.9113769531,1
867,307,2,0.0001,0,0.5,0.3,75.6277694702,0,75.6277694702,75.6277694702,78.7296905518,0,78.7296905518,78.7296905518,1
868,418,4,0.01,0.01,0.75,0.5,75.6277694702,0,75.6277694702,75.6277694702,76.0708999634,0,76.0708999634,76.0708999634,1
869,427,4,0.001,0,0.5,0.3,75.6277694702,0,75.6277694702,75.6277694702,80.7976379395,0,80.7976379395,80.7976379395,1
870,428,4,0.001,0,0.5,0.5,75.6277694702,0,75.6277694702,75.6277694702,78.8774032593,0,78.8774032593,78.8774032593,1
871,442,4,0.001,0.0001,0.5,0.3,75.6277694702,0,75.6277694702,75.6277694702,80.7976379395,0,80.7976379395,80.7976379395,1
872,722,16,0.01,0,0.25,0.3,75.6277694702,0,75.6277694702,75.6277694702,78.4342651367,0,78.4342651367,78.4342651367,1
873,903,32,0.01,0,0.25,0.5,75.6277694702,0,75.6277694702,75.6277694702,78.4342651367,0,78.4342651367,78.4342651367,1
874,918,32,0.01,0.0001,0.25,0.5,75.6277694702,0,75.6277694702,75.6277694702,78.4342651367,0,78.4342651367,78.4342651367,1
875,248,2,0.001,0,0.5,0.5,75.4800567627,0,75.4800567627,75.4800567627,78.8774032593,0,78.8774032593,78.8774032593,1
876,258,2,0.001,0.0001,0.25,0.5,75.4800567627,0,75.4800567627,75.4800567627,79.9113769531,0,79.9113769531,79.9113769531,1
877,263,2,0.001,0.0001,0.5,0.5,75.4800567627,0,75.4800567627,75.4800567627,79.0251083374,0,79.0251083374,79.0251083374,1
878,278,2,0.001,0.001,0.5,0.5,75.4800567627,0,75.4800567627,75.4800567627,79.0251083374,0,79.0251083374,79.0251083374,1
879,288,2,0.001,0.01,0.25,0.5,75.4800567627,0,75.4800567627,75.4800567627,79.7636642456,0,79.7636642456,79.7636642456,1
880,336,2,0.0001,0.001,0.5,0.1,75.4800567627,0,75.4800567627,75.4800567627,79.3205337524,0,79.3205337524,79.3205337524,1
881,341,2,0.0001,0.001,0.75,0.1,75.4800567627,0,75.4800567627,75.4800567627,77.6957168579,0,77.6957168579,77.6957168579,1
882,356,2,0.0001,0.01,0.75,0.1,75.4800567627,0,75.4800567627,75.4800567627,78.2865600586,0,78.2865600586,78.2865600586,1
883,373,4,0.01,0,0.75,0.5,75.4800567627,0,75.4800567627,75.4800567627,75.9231872559,0,75.9231872559,75.9231872559,1
884,556,8,0.01,0.0001,0.25,0.1,75.4800567627,0,75.4800567627,75.4800567627,80.2067947388,0,80.2067947388,80.2067947388,1
885,725,16,0.01,0,0.25,0.9,75.4800567627,0,75.4800567627,75.4800567627,80.0590820312,0,80.0590820312,80.0590820312,1
886,740,16,0.01,0.0001,0.25,0.9,75.4800567627,0,75.4800567627,75.4800567627,80.0590820312,0,80.0590820312,80.0590820312,1
887,755,16,0.01,0.001,0.25,0.9,75.4800567627,0,75.4800567627,75.4800567627,80.0590820312,0,80.0590820312,80.0590820312,1
888,760,16,0.01,0.001,0.5,0.9,75.4800567627,0,75.4800567627,75.4800567627,79.4682388306,0,79.4682388306,79.4682388306,1
889,273,2,0.001,0.001,0.25,0.5,75.3323516846,0,75.3323516846,75.3323516846,79.7636642456,0,79.7636642456,79.7636642456,1
890,293,2,0.001,0.01,0.5,0.5,75.3323516846,0,75.3323516846,75.3323516846,78.8774032593,0,78.8774032593,78.8774032593,1
891,317,2,0.0001,0.0001,0.25,0.3,75.3323516846,0,75.3323516846,75.3323516846,77.6957168579,0,77.6957168579,77.6957168579,1
892,321,2,0.0001,0.0001,0.5,0.1,75.3323516846,0,75.3323516846,75.3323516846,79.3205337524,0,79.3205337524,79.3205337524,1
893,332,2,0.0001,0.001,0.25,0.3,75.3323516846,0,75.3323516846,75.3323516846,77.6957168579,0,77.6957168579,77.6957168579,1
894,347,2,0.0001,0.01,0.25,0.3,75.3323516846,0,75.3323516846,75.3323516846,77.6957168579,0,77.6957168579,77.6957168579,1
895,351,2,0.0001,0.01,0.5,0.1,75.3323516846,0,75.3323516846,75.3323516846,79.3205337524,0,79.3205337524,79.3205337524,1
896,377,4,0.01,0.0001,0.25,0.3,75.3323516846,0,75.3323516846,75.3323516846,79.0251083374,0,79.0251083374,79.0251083374,1
897,388,4,0.01,0.0001,0.75,0.5,75.3323516846,0,75.3323516846,75.3323516846,75.9231872559,0,75.9231872559,75.9231872559,1
898,392,4,0.01,0.001,0.25,0.3,75.3323516846,0,75.3323516846,75.3323516846,79.0251083374,0,79.0251083374,79.0251083374,1
899,407,4,0.01,0.01,0.25,0.3,75.3323516846,0,75.3323516846,75.3323516846,78.8774032593,0,78.8774032593,78.8774032593,1
900,571,8,0.01,0.001,0.25,0.1,75.3323516846,0,75.3323516846,75.3323516846,80.3545074463,0,80.3545074463,80.3545074463,1
901,748,16,0.01,0.0001,0.75,0.5,75.3323516846,0,75.3323516846,75.3323516846,76.5140304565,0,76.5140304565,76.5140304565,1
902,763,16,0.01,0.001,0.75,0.5,75.3323516846,0,75.3323516846,75.3323516846,76.8094558716,0,76.8094558716,76.8094558716,1
903,1084,64,0.01,0,0.25,0.7,75.3323516846,0,75.3323516846,75.3323516846,76.3663253784,0,76.3663253784,76.3663253784,1
904,1099,64,0.01,0.0001,0.25,0.7,75.3323516846,0,75.3323516846,75.3323516846,76.6617431641,0,76.6617431641,76.6617431641,1
905,593,8,0.01,0.01,0.5,0.5,75.1846389771,0,75.1846389771,75.1846389771,77.9911346436,0,77.9911346436,77.9911346436,1
906,770,16,0.01,0.01,0.25,0.9,75.1846389771,0,75.1846389771,75.1846389771,79.9113769531,0,79.9113769531,79.9113769531,1
907,1083,64,0.01,0,0.25,0.5,75.1846389771,0,75.1846389771,75.1846389771,77.2525863647,0,77.2525863647,77.2525863647,1
908,257,2,0.001,0.0001,0.25,0.3,75.0369262695,0,75.0369262695,75.0369262695,79.4682388306,0,79.4682388306,79.4682388306,1
909,362,4,0.01,0,0.25,0.3,75.0369262695,0,75.0369262695,75.0369262695,79.1728210449,0,79.1728210449,79.1728210449,1
910,403,4,0.01,0.001,0.75,0.5,75.0369262695,0,75.0369262695,75.0369262695,75.9231872559,0,75.9231872559,75.9231872559,1
911,404,4,0.01,0.001,0.75,0.7,75.0369262695,0,75.0369262695,75.0369262695,77.8434295654,0,77.8434295654,77.8434295654,1
912,419,4,0.01,0.01,0.75,0.7,75.0369262695,0,75.0369262695,75.0369262695,77.5480041504,0,77.5480041504,77.5480041504,1
913,541,8,0.01,0,0.25,0.1,75.0369262695,0,75.0369262695,75.0369262695,80.2067947388,0,80.2067947388,80.2067947388,1
914,586,8,0.01,0.01,0.25,0.1,75.0369262695,0,75.0369262695,75.0369262695,80.2067947388,0,80.2067947388,80.2067947388,1
915,733,16,0.01,0,0.75,0.5,75.0369262695,0,75.0369262695,75.0369262695,76.3663253784,0,76.3663253784,76.3663253784,1
916,941,32,0.01,0.001,0.75,0.1,75.0369262695,0,75.0369262695,75.0369262695,77.5480041504,0,77.5480041504,77.5480041504,1
917,242,2,0.001,0,0.25,0.3,74.889213562,0,74.889213562,74.889213562,79.3205337524,0,79.3205337524,79.3205337524,1
918,272,2,0.001,0.001,0.25,0.3,74.889213562,0,74.889213562,74.889213562,79.4682388306,0,79.4682388306,79.4682388306,1
919,287,2,0.001,0.01,0.25,0.3,74.889213562,0,74.889213562,74.889213562,79.3205337524,0,79.3205337524,79.3205337524,1
920,306,2,0.0001,0,0.5,0.1,74.889213562,0,74.889213562,74.889213562,78.4342651367,0,78.4342651367,78.4342651367,1
921,374,4,0.01,0,0.75,0.7,74.889213562,0,74.889213562,74.889213562,77.6957168579,0,77.6957168579,77.6957168579,1
922,421,4,0.001,0,0.25,0.1,74.889213562,0,74.889213562,74.889213562,79.7636642456,0,79.7636642456,79.7636642456,1
923,426,4,0.001,0,0.5,0.1,74.889213562,0,74.889213562,74.889213562,78.5819778442,0,78.5819778442,78.5819778442,1
924,431,4,0.001,0,0.75,0.1,74.889213562,0,74.889213562,74.889213562,79.3205337524,0,79.3205337524,79.3205337524,1
925,548,8,0.01,0,0.5,0.5,74.889213562,0,74.889213562,74.889213562,78.2865600586,0,78.2865600586,78.2865600586,1
926,563,8,0.01,0.0001,0.5,0.5,74.889213562,0,74.889213562,74.889213562,78.2865600586,0,78.2865600586,78.2865600586,1
927,578,8,0.01,0.001,0.5,0.5,74.889213562,0,74.889213562,74.889213562,78.1388473511,0,78.1388473511,78.1388473511,1
928,1098,64,0.01,0.0001,0.25,0.5,74.889213562,0,74.889213562,74.889213562,77.2525863647,0,77.2525863647,77.2525863647,1
929,1113,64,0.01,0.001,0.25,0.5,74.889213562,0,74.889213562,74.889213562,77.5480041504,0,77.5480041504,77.5480041504,1
930,1128,64,0.01,0.01,0.25,0.5,74.889213562,0,74.889213562,74.889213562,77.6957168579,0,77.6957168579,77.6957168579,1
931,214,2,0.01,0.001,0.25,0.7,74.7415084839,0,74.7415084839,74.7415084839,80.6499252319,0,80.6499252319,80.6499252319,1
932,229,2,0.01,0.01,0.25,0.7,74.7415084839,0,74.7415084839,74.7415084839,80.3545074463,0,80.3545074463,80.3545074463,1
933,587,8,0.01,0.01,0.25,0.3,74.7415084839,0,74.7415084839,74.7415084839,78.5819778442,0,78.5819778442,78.5819778442,1
934,184,2,0.01,0,0.25,0.7,74.5937957764,0,74.5937957764,74.5937957764,80.5022125244,0,80.5022125244,80.5022125244,1
935,199,2,0.01,0.0001,0.25,0.7,74.5937957764,0,74.5937957764,74.5937957764,80.5022125244,0,80.5022125244,80.5022125244,1
936,256,2,0.001,0.0001,0.25,0.1,74.5937957764,0,74.5937957764,74.5937957764,79.0251083374,0,79.0251083374,79.0251083374,1
937,286,2,0.001,0.01,0.25,0.1,74.5937957764,0,74.5937957764,74.5937957764,79.0251083374,0,79.0251083374,79.0251083374,1
938,389,4,0.01,0.0001,0.75,0.7,74.5937957764,0,74.5937957764,74.5937957764,77.8434295654,0,77.8434295654,77.8434295654,1
939,557,8,0.01,0.0001,0.25,0.3,74.5937957764,0,74.5937957764,74.5937957764,78.5819778442,0,78.5819778442,78.5819778442,1
940,572,8,0.01,0.001,0.25,0.3,74.5937957764,0,74.5937957764,74.5937957764,78.5819778442,0,78.5819778442,78.5819778442,1
941,58,0,0.01,0.01,0.75,0.5,74.4460830688,0,74.4460830688,74.4460830688,78.7296905518,0,78.7296905518,78.7296905518,1
942,542,8,0.01,0,0.25,0.3,74.4460830688,0,74.4460830688,74.4460830688,78.5819778442,0,78.5819778442,78.5819778442,1
943,208,2,0.01,0.0001,0.75,0.5,74.2983779907,0,74.2983779907,74.2983779907,76.2186126709,0,76.2186126709,76.2186126709,1
944,252,2,0.001,0,0.75,0.3,74.2983779907,0,74.2983779907,74.2983779907,79.0251083374,0,79.0251083374,79.0251083374,1
945,271,2,0.001,0.001,0.25,0.1,74.2983779907,0,74.2983779907,74.2983779907,79.0251083374,0,79.0251083374,79.0251083374,1
946,552,8,0.01,0,0.75,0.3,74.2983779907,0,74.2983779907,74.2983779907,74.889213562,0,74.889213562,74.889213562,1
947,45,0,0.01,0.001,0.75,0.9,74.1506652832,0,74.1506652832,74.1506652832,77.5480041504,0,77.5480041504,77.5480041504,1
948,56,0,0.01,0.01,0.75,0.1,74.1506652832,0,74.1506652832,74.1506652832,75.0369262695,0,75.0369262695,75.0369262695,1
949,241,2,0.001,0,0.25,0.1,74.1506652832,0,74.1506652832,74.1506652832,79.0251083374,0,79.0251083374,79.0251083374,1
950,57,0,0.01,0.01,0.75,0.3,74.0029525757,0,74.0029525757,74.0029525757,78.5819778442,0,78.5819778442,78.5819778442,1
951,59,0,0.01,0.01,0.75,0.7,74.0029525757,0,74.0029525757,74.0029525757,77.5480041504,0,77.5480041504,77.5480041504,1
952,183,2,0.01,0,0.25,0.5,74.0029525757,0,74.0029525757,74.0029525757,78.2865600586,0,78.2865600586,78.2865600586,1
953,198,2,0.01,0.0001,0.25,0.5,74.0029525757,0,74.0029525757,74.0029525757,78.1388473511,0,78.1388473511,78.1388473511,1
954,302,2,0.0001,0,0.25,0.3,74.0029525757,0,74.0029525757,74.0029525757,77.4002914429,0,77.4002914429,77.4002914429,1
955,581,8,0.01,0.001,0.75,0.1,74.0029525757,0,74.0029525757,74.0029525757,74.889213562,0,74.889213562,74.889213562,1
956,30,0,0.01,0.0001,0.75,0.9,73.8552474976,0,73.8552474976,73.8552474976,77.5480041504,0,77.5480041504,77.5480041504,1
957,213,2,0.01,0.001,0.25,0.5,73.8552474976,0,73.8552474976,73.8552474976,78.2865600586,0,78.2865600586,78.2865600586,1
958,227,2,0.01,0.01,0.25,0.3,73.8552474976,0,73.8552474976,73.8552474976,76.2186126709,0,76.2186126709,76.2186126709,1
959,368,4,0.01,0,0.5,0.5,73.8552474976,0,73.8552474976,73.8552474976,75.6277694702,0,75.6277694702,75.6277694702,1
960,383,4,0.01,0.0001,0.5,0.5,73.8552474976,0,73.8552474976,73.8552474976,75.4800567627,0,75.4800567627,75.4800567627,1
961,396,4,0.01,0.001,0.5,0.1,73.8552474976,0,73.8552474976,73.8552474976,76.5140304565,0,76.5140304565,76.5140304565,1
962,398,4,0.01,0.001,0.5,0.5,73.8552474976,0,73.8552474976,73.8552474976,75.4800567627,0,75.4800567627,75.4800567627,1
963,411,4,0.01,0.01,0.5,0.1,73.8552474976,0,73.8552474976,73.8552474976,75.9231872559,0,75.9231872559,75.9231872559,1
964,742,16,0.01,0.0001,0.5,0.3,73.8552474976,0,73.8552474976,73.8552474976,77.2525863647,0,77.2525863647,77.2525863647,1
965,212,2,0.01,0.001,0.25,0.3,73.70753479,0,73.70753479,73.70753479,76.2186126709,0,76.2186126709,76.2186126709,1
966,228,2,0.01,0.01,0.25,0.5,73.70753479,0,73.70753479,73.70753479,78.1388473511,0,78.1388473511,78.1388473511,1
967,234,2,0.01,0.01,0.5,0.7,73.70753479,0,73.70753479,73.70753479,76.3663253784,0,76.3663253784,76.3663253784,1
968,381,4,0.01,0.0001,0.5,0.1,73.70753479,0,73.70753479,73.70753479,76.5140304565,0,76.5140304565,76.5140304565,1
969,413,4,0.01,0.01,0.5,0.5,73.70753479,0,73.70753479,73.70753479,75.7754821777,0,75.7754821777,75.7754821777,1
970,757,16,0.01,0.001,0.5,0.3,73.70753479,0,73.70753479,73.70753479,77.2525863647,0,77.2525863647,77.2525863647,1
971,772,16,0.01,0.01,0.5,0.3,73.70753479,0,73.70753479,73.70753479,77.5480041504,0,77.5480041504,77.5480041504,1
972,1089,64,0.01,0,0.5,0.7,73.70753479,0,73.70753479,73.70753479,75.6277694702,0,75.6277694702,75.6277694702,1
973,346,2,0.0001,0.01,0.25,0.1,73.5598220825,0,73.5598220825,73.5598220825,77.9911346436,0,77.9911346436,77.9911346436,1
974,727,16,0.01,0,0.5,0.3,73.5598220825,0,73.5598220825,73.5598220825,77.2525863647,0,77.2525863647,77.2525863647,1
975,189,2,0.01,0,0.5,0.7,73.412109375,0,73.412109375,73.412109375,76.3663253784,0,76.3663253784,76.3663253784,1
976,197,2,0.01,0.0001,0.25,0.3,73.412109375,0,73.412109375,73.412109375,76.2186126709,0,76.2186126709,76.2186126709,1
977,251,2,0.001,0,0.75,0.1,73.412109375,0,73.412109375,73.412109375,77.4002914429,0,77.4002914429,77.4002914429,1
978,292,2,0.001,0.01,0.5,0.3,73.412109375,0,73.412109375,73.412109375,77.6957168579,0,77.6957168579,77.6957168579,1
979,301,2,0.0001,0,0.25,0.1,73.412109375,0,73.412109375,73.412109375,77.8434295654,0,77.8434295654,77.8434295654,1
980,316,2,0.0001,0.0001,0.25,0.1,73.412109375,0,73.412109375,73.412109375,77.8434295654,0,77.8434295654,77.8434295654,1
981,331,2,0.0001,0.001,0.25,0.1,73.412109375,0,73.412109375,73.412109375,77.8434295654,0,77.8434295654,77.8434295654,1
982,366,4,0.01,0,0.5,0.1,73.412109375,0,73.412109375,73.412109375,76.5140304565,0,76.5140304565,76.5140304565,1
983,1104,64,0.01,0.0001,0.5,0.7,73.412109375,0,73.412109375,73.412109375,75.4800567627,0,75.4800567627,75.4800567627,1
984,1119,64,0.01,0.001,0.5,0.7,73.412109375,0,73.412109375,73.412109375,75.4800567627,0,75.4800567627,75.4800567627,1
985,204,2,0.01,0.0001,0.5,0.7,73.2644042969,0,73.2644042969,73.2644042969,76.3663253784,0,76.3663253784,76.3663253784,1
986,219,2,0.01,0.001,0.5,0.7,73.2644042969,0,73.2644042969,73.2644042969,76.3663253784,0,76.3663253784,76.3663253784,1
987,15,0,0.01,0,0.75,0.9,73.1166915894,0,73.1166915894,73.1166915894,79.0251083374,0,79.0251083374,79.0251083374,1
988,262,2,0.001,0.0001,0.5,0.3,73.1166915894,0,73.1166915894,73.1166915894,77.6957168579,0,77.6957168579,77.6957168579,1
989,277,2,0.001,0.001,0.5,0.3,73.1166915894,0,73.1166915894,73.1166915894,77.6957168579,0,77.6957168579,77.6957168579,1
990,182,2,0.01,0,0.25,0.3,72.9689788818,0,72.9689788818,72.9689788818,76.2186126709,0,76.2186126709,76.2186126709,1
991,43,0,0.01,0.001,0.75,0.5,72.8212738037,0,72.8212738037,72.8212738037,76.2186126709,0,76.2186126709,76.2186126709,1
992,55,0,0.01,0.01,0.5,0.9,72.8212738037,0,72.8212738037,72.8212738037,76.3663253784,0,76.3663253784,76.3663253784,1
993,194,2,0.01,0,0.75,0.7,72.6735610962,0,72.6735610962,72.6735610962,75.1846389771,0,75.1846389771,75.1846389771,1
994,209,2,0.01,0.0001,0.75,0.7,72.6735610962,0,72.6735610962,72.6735610962,75.7754821777,0,75.7754821777,75.7754821777,1
995,224,2,0.01,0.001,0.75,0.7,72.6735610962,0,72.6735610962,72.6735610962,75.7754821777,0,75.7754821777,75.7754821777,1
996,231,2,0.01,0.01,0.5,0.1,72.5258483887,0,72.5258483887,72.5258483887,74.7415084839,0,74.7415084839,74.7415084839,1
997,261,2,0.001,0.0001,0.5,0.1,72.5258483887,0,72.5258483887,72.5258483887,78.1388473511,0,78.1388473511,78.1388473511,1
998,276,2,0.001,0.001,0.5,0.1,72.5258483887,0,72.5258483887,72.5258483887,78.1388473511,0,78.1388473511,78.1388473511,1
999,203,2,0.01,0.0001,0.5,0.5,72.3781356812,0,72.3781356812,72.3781356812,73.70753479,0,73.70753479,73.70753479,1
1000,218,2,0.01,0.001,0.5,0.5,72.3781356812,0,72.3781356812,72.3781356812,73.5598220825,0,73.5598220825,73.5598220825,1
1001,233,2,0.01,0.01,0.5,0.5,72.3781356812,0,72.3781356812,72.3781356812,73.412109375,0,73.412109375,73.412109375,1
1002,247,2,0.001,0,0.5,0.3,72.3781356812,0,72.3781356812,72.3781356812,76.3663253784,0,76.3663253784,76.3663253784,1
1003,291,2,0.001,0.01,0.5,0.1,72.3781356812,0,72.3781356812,72.3781356812,77.9911346436,0,77.9911346436,77.9911346436,1
1004,591,8,0.01,0.01,0.5,0.1,72.3781356812,0,72.3781356812,72.3781356812,75.6277694702,0,75.6277694702,75.6277694702,1
1005,188,2,0.01,0,0.5,0.5,72.230430603,0,72.230430603,72.230430603,73.5598220825,0,73.5598220825,73.5598220825,1
1006,211,2,0.01,0.001,0.25,0.1,72.230430603,0,72.230430603,72.230430603,75.3323516846,0,75.3323516846,75.3323516846,1
1007,546,8,0.01,0,0.5,0.1,72.230430603,0,72.230430603,72.230430603,75.3323516846,0,75.3323516846,75.3323516846,1
1008,561,8,0.01,0.0001,0.5,0.1,72.230430603,0,72.230430603,72.230430603,75.1846389771,0,75.1846389771,75.1846389771,1
1009,576,8,0.01,0.001,0.5,0.1,72.230430603,0,72.230430603,72.230430603,75.1846389771,0,75.1846389771,75.1846389771,1
1010,926,32,0.01,0.0001,0.75,0.1,72.230430603,0,72.230430603,72.230430603,72.8212738037,0,72.8212738037,72.8212738037,1
1011,196,2,0.01,0.0001,0.25,0.1,72.0827178955,0,72.0827178955,72.0827178955,75.1846389771,0,75.1846389771,75.1846389771,1
1012,216,2,0.01,0.001,0.5,0.1,72.0827178955,0,72.0827178955,72.0827178955,74.5937957764,0,74.5937957764,74.5937957764,1
1013,223,2,0.01,0.001,0.75,0.5,72.0827178955,0,72.0827178955,72.0827178955,73.2644042969,0,73.2644042969,73.2644042969,1
1014,226,2,0.01,0.01,0.25,0.1,71.935005188,0,71.935005188,71.935005188,75.1846389771,0,75.1846389771,75.1846389771,1
1015,372,4,0.01,0,0.75,0.3,71.935005188,0,71.935005188,71.935005188,72.0827178955,0,72.0827178955,72.0827178955,1
1016,387,4,0.01,0.0001,0.75,0.3,71.935005188,0,71.935005188,71.935005188,72.5258483887,0,72.5258483887,72.5258483887,1
1017,402,4,0.01,0.001,0.75,0.3,71.935005188,0,71.935005188,71.935005188,72.8212738037,0,72.8212738037,72.8212738037,1
1018,751,16,0.01,0.001,0.25,0.1,71.935005188,0,71.935005188,71.935005188,75.3323516846,0,75.3323516846,75.3323516846,1
1019,946,32,0.01,0.01,0.25,0.1,71.935005188,0,71.935005188,71.935005188,75.0369262695,0,75.0369262695,75.0369262695,1
1020,105,0,0.001,0.001,0.75,0.9,71.7873001099,0,71.7873001099,71.7873001099,73.70753479,0,73.70753479,73.70753479,1
1021,193,2,0.01,0,0.75,0.5,71.7873001099,0,71.7873001099,71.7873001099,72.9689788818,0,72.9689788818,72.9689788818,1
1022,736,16,0.01,0.0001,0.25,0.1,71.7873001099,0,71.7873001099,71.7873001099,75.4800567627,0,75.4800567627,75.4800567627,1
1023,766,16,0.01,0.01,0.25,0.1,71.7873001099,0,71.7873001099,71.7873001099,75.3323516846,0,75.3323516846,75.3323516846,1
1024,916,32,0.01,0.0001,0.25,0.1,71.7873001099,0,71.7873001099,71.7873001099,74.889213562,0,74.889213562,74.889213562,1
1025,931,32,0.01,0.001,0.25,0.1,71.7873001099,0,71.7873001099,71.7873001099,75.0369262695,0,75.0369262695,75.0369262695,1
1026,27,0,0.01,0.0001,0.75,0.3,71.6395874023,0,71.6395874023,71.6395874023,75.3323516846,0,75.3323516846,75.3323516846,1
1027,90,0,0.001,0.0001,0.75,0.9,71.6395874023,0,71.6395874023,71.6395874023,73.70753479,0,73.70753479,73.70753479,1
1028,186,2,0.01,0,0.5,0.1,71.6395874023,0,71.6395874023,71.6395874023,75.0369262695,0,75.0369262695,75.0369262695,1
1029,1112,64,0.01,0.001,0.25,0.3,71.6395874023,0,71.6395874023,71.6395874023,71.1964569092,0,71.1964569092,71.1964569092,1
1030,41,0,0.01,0.001,0.75,0.1,71.4918746948,0,71.4918746948,71.4918746948,75.9231872559,0,75.9231872559,75.9231872559,1
1031,44,0,0.01,0.001,0.75,0.7,71.4918746948,0,71.4918746948,71.4918746948,76.5140304565,0,76.5140304565,76.5140304565,1
1032,119,0,0.001,0.01,0.75,0.7,71.4918746948,0,71.4918746948,71.4918746948,75.9231872559,0,75.9231872559,75.9231872559,1
1033,181,2,0.01,0,0.25,0.1,71.4918746948,0,71.4918746948,71.4918746948,75.1846389771,0,75.1846389771,75.1846389771,1
1034,246,2,0.001,0,0.5,0.1,71.4918746948,0,71.4918746948,71.4918746948,76.6617431641,0,76.6617431641,76.6617431641,1
1035,1097,64,0.01,0.0001,0.25,0.3,71.4918746948,0,71.4918746948,71.4918746948,71.1964569092,0,71.1964569092,71.1964569092,1
1036,901,32,0.01,0,0.25,0.1,71.3441619873,0,71.3441619873,71.3441619873,75.0369262695,0,75.0369262695,75.0369262695,1
1037,1127,64,0.01,0.01,0.25,0.3,71.3441619873,0,71.3441619873,71.3441619873,71.0487442017,0,71.0487442017,71.0487442017,1
1038,53,0,0.01,0.01,0.5,0.5,71.1964569092,0,71.1964569092,71.1964569092,73.70753479,0,73.70753479,73.70753479,1
1039,562,8,0.01,0.0001,0.5,0.3,71.1964569092,0,71.1964569092,71.1964569092,76.2186126709,0,76.2186126709,76.2186126709,1
1040,577,8,0.01,0.001,0.5,0.3,71.1964569092,0,71.1964569092,71.1964569092,75.9231872559,0,75.9231872559,75.9231872559,1
1041,592,8,0.01,0.01,0.5,0.3,71.1964569092,0,71.1964569092,71.1964569092,76.0708999634,0,76.0708999634,76.0708999634,1
1042,721,16,0.01,0,0.25,0.1,71.1964569092,0,71.1964569092,71.1964569092,75.4800567627,0,75.4800567627,75.4800567627,1
1043,386,4,0.01,0.0001,0.75,0.1,71.0487442017,0,71.0487442017,71.0487442017,70.6056137085,0,70.6056137085,70.6056137085,1
1044,547,8,0.01,0,0.5,0.3,71.0487442017,0,71.0487442017,71.0487442017,76.3663253784,0,76.3663253784,76.3663253784,1
1045,401,4,0.01,0.001,0.75,0.1,70.9010314941,0,70.9010314941,70.9010314941,70.6056137085,0,70.6056137085,70.6056137085,1
1046,1082,64,0.01,0,0.25,0.3,70.9010314941,0,70.9010314941,70.9010314941,71.0487442017,0,71.0487442017,71.0487442017,1
1047,54,0,0.01,0.01,0.5,0.7,70.753326416,0,70.753326416,70.753326416,75.4800567627,0,75.4800567627,75.4800567627,1
1048,75,0,0.001,0,0.75,0.9,70.753326416,0,70.753326416,70.753326416,71.7873001099,0,71.7873001099,71.7873001099,1
1049,1121,64,0.01,0.001,0.75,0.1,70.753326416,0,70.753326416,70.753326416,73.1166915894,0,73.1166915894,73.1166915894,1
1050,42,0,0.01,0.001,0.75,0.3,70.6056137085,0,70.6056137085,70.6056137085,74.2983779907,0,74.2983779907,74.2983779907,1
1051,371,4,0.01,0,0.75,0.1,70.6056137085,0,70.6056137085,70.6056137085,70.6056137085,0,70.6056137085,70.6056137085,1
1052,756,16,0.01,0.001,0.5,0.1,70.6056137085,0,70.6056137085,70.6056137085,73.70753479,0,73.70753479,73.70753479,1
1053,192,2,0.01,0,0.75,0.3,70.457901001,0,70.457901001,70.457901001,71.6395874023,0,71.6395874023,71.6395874023,1
1054,232,2,0.01,0.01,0.5,0.3,70.457901001,0,70.457901001,70.457901001,71.6395874023,0,71.6395874023,71.6395874023,1
1055,771,16,0.01,0.01,0.5,0.1,70.457901001,0,70.457901001,70.457901001,73.8552474976,0,73.8552474976,73.8552474976,1
1056,14,0,0.01,0,0.75,0.7,70.3101959229,0,70.3101959229,70.3101959229,76.0708999634,0,76.0708999634,76.0708999634,1
1057,37,0,0.01,0.001,0.5,0.3,70.3101959229,0,70.3101959229,70.3101959229,74.2983779907,0,74.2983779907,74.2983779907,1
1058,207,2,0.01,0.0001,0.75,0.3,70.3101959229,0,70.3101959229,70.3101959229,73.5598220825,0,73.5598220825,73.5598220825,1
1059,741,16,0.01,0.0001,0.5,0.1,70.3101959229,0,70.3101959229,70.3101959229,73.70753479,0,73.70753479,73.70753479,1
1060,1106,64,0.01,0.0001,0.75,0.1,70.3101959229,0,70.3101959229,70.3101959229,72.9689788818,0,72.9689788818,72.9689788818,1
1061,28,0,0.01,0.0001,0.75,0.5,70.1624832153,0,70.1624832153,70.1624832153,76.0708999634,0,76.0708999634,76.0708999634,1
1062,115,0,0.001,0.01,0.5,0.9,70.1624832153,0,70.1624832153,70.1624832153,73.5598220825,0,73.5598220825,73.5598220825,1
1063,202,2,0.01,0.0001,0.5,0.3,70.1624832153,0,70.1624832153,70.1624832153,71.4918746948,0,71.4918746948,71.4918746948,1
1064,217,2,0.01,0.001,0.5,0.3,70.1624832153,0,70.1624832153,70.1624832153,71.4918746948,0,71.4918746948,71.4918746948,1
1065,221,2,0.01,0.001,0.75,0.1,70.1624832153,0,70.1624832153,70.1624832153,71.6395874023,0,71.6395874023,71.6395874023,1
1066,26,0,0.01,0.0001,0.75,0.1,70.0147705078,0,70.0147705078,70.0147705078,74.0029525757,0,74.0029525757,74.0029525757,1
1067,29,0,0.01,0.0001,0.75,0.7,70.0147705078,0,70.0147705078,70.0147705078,75.1846389771,0,75.1846389771,75.1846389771,1
1068,222,2,0.01,0.001,0.75,0.3,70.0147705078,0,70.0147705078,70.0147705078,72.0827178955,0,72.0827178955,72.0827178955,1
1069,943,32,0.01,0.001,0.75,0.5,70.0147705078,0,70.0147705078,70.0147705078,71.1964569092,0,71.1964569092,71.1964569092,1
1070,118,0,0.001,0.01,0.75,0.5,69.8670578003,0,69.8670578003,69.8670578003,72.8212738037,0,72.8212738037,72.8212738037,1
1071,206,2,0.01,0.0001,0.75,0.1,69.8670578003,0,69.8670578003,69.8670578003,70.753326416,0,70.753326416,70.753326416,1
1072,726,16,0.01,0,0.5,0.1,69.8670578003,0,69.8670578003,69.8670578003,74.0029525757,0,74.0029525757,74.0029525757,1
1073,191,2,0.01,0,0.75,0.1,69.7193527222,0,69.7193527222,69.7193527222,70.9010314941,0,70.9010314941,70.9010314941,1
1074,201,2,0.01,0.0001,0.5,0.1,69.7193527222,0,69.7193527222,69.7193527222,70.753326416,0,70.753326416,70.753326416,1
1075,922,32,0.01,0.0001,0.5,0.3,69.7193527222,0,69.7193527222,69.7193527222,70.9010314941,0,70.9010314941,70.9010314941,1
1076,928,32,0.01,0.0001,0.75,0.5,69.7193527222,0,69.7193527222,69.7193527222,71.1964569092,0,71.1964569092,71.1964569092,1
1077,937,32,0.01,0.001,0.5,0.3,69.7193527222,0,69.7193527222,69.7193527222,70.9010314941,0,70.9010314941,70.9010314941,1
1078,952,32,0.01,0.01,0.5,0.3,69.7193527222,0,69.7193527222,69.7193527222,70.753326416,0,70.753326416,70.753326416,1
1079,187,2,0.01,0,0.5,0.3,69.5716400146,0,69.5716400146,69.5716400146,71.6395874023,0,71.6395874023,71.6395874023,1
1080,913,32,0.01,0,0.75,0.5,69.5716400146,0,69.5716400146,69.5716400146,71.1964569092,0,71.1964569092,71.1964569092,1
1081,13,0,0.01,0,0.75,0.5,69.4239273071,0,69.4239273071,69.4239273071,72.230430603,0,72.230430603,72.230430603,1
1082,732,16,0.01,0,0.75,0.3,69.4239273071,0,69.4239273071,69.4239273071,71.0487442017,0,71.0487442017,71.0487442017,1
1083,747,16,0.01,0.0001,0.75,0.3,69.4239273071,0,69.4239273071,69.4239273071,71.0487442017,0,71.0487442017,71.0487442017,1
1084,762,16,0.01,0.001,0.75,0.3,69.4239273071,0,69.4239273071,69.4239273071,71.0487442017,0,71.0487442017,71.0487442017,1
1085,907,32,0.01,0,0.5,0.3,69.4239273071,0,69.4239273071,69.4239273071,70.9010314941,0,70.9010314941,70.9010314941,1
1086,51,0,0.01,0.01,0.5,0.1,69.1285095215,0,69.1285095215,69.1285095215,75.3323516846,0,75.3323516846,75.3323516846,1
1087,1118,64,0.01,0.001,0.5,0.5,69.1285095215,0,69.1285095215,69.1285095215,69.7193527222,0,69.7193527222,69.7193527222,1
1088,52,0,0.01,0.01,0.5,0.3,68.980796814,0,68.980796814,68.980796814,72.8212738037,0,72.8212738037,72.8212738037,1
1089,8,0,0.01,0,0.5,0.5,68.8330841064,0,68.8330841064,68.8330841064,74.7415084839,0,74.7415084839,74.7415084839,1
1090,1088,64,0.01,0,0.5,0.5,68.8330841064,0,68.8330841064,68.8330841064,69.4239273071,0,69.4239273071,69.4239273071,1
1091,1103,64,0.01,0.0001,0.5,0.5,68.8330841064,0,68.8330841064,68.8330841064,69.4239273071,0,69.4239273071,69.4239273071,1
1092,12,0,0.01,0,0.75,0.3,68.6853790283,0,68.6853790283,68.6853790283,72.3781356812,0,72.3781356812,72.3781356812,1
1093,39,0,0.01,0.001,0.5,0.7,68.6853790283,0,68.6853790283,68.6853790283,72.5258483887,0,72.5258483887,72.5258483887,1
1094,48,0,0.01,0.01,0.25,0.5,68.5376663208,0,68.5376663208,68.5376663208,73.5598220825,0,73.5598220825,73.5598220825,1
1095,566,8,0.01,0.0001,0.75,0.1,68.5376663208,0,68.5376663208,68.5376663208,72.5258483887,0,72.5258483887,72.5258483887,1
1096,9,0,0.01,0,0.5,0.7,68.2422485352,0,68.2422485352,68.2422485352,72.3781356812,0,72.3781356812,72.3781356812,1
1097,551,8,0.01,0,0.75,0.1,68.2422485352,0,68.2422485352,68.2422485352,72.5258483887,0,72.5258483887,72.5258483887,1
1098,11,0,0.01,0,0.75,0.1,68.0945358276,0,68.0945358276,68.0945358276,68.5376663208,0,68.5376663208,68.5376663208,1
1099,103,0,0.001,0.001,0.75,0.5,68.0945358276,0,68.0945358276,68.0945358276,73.1166915894,0,73.1166915894,73.1166915894,1
1100,23,0,0.01,0.0001,0.5,0.5,67.9468231201,0,67.9468231201,67.9468231201,73.412109375,0,73.412109375,73.412109375,1
1101,50,0,0.01,0.01,0.25,0.9,67.9468231201,0,67.9468231201,67.9468231201,74.4460830688,0,74.4460830688,74.4460830688,1
1102,7,0,0.01,0,0.5,0.3,67.799118042,0,67.799118042,67.799118042,73.1166915894,0,73.1166915894,73.1166915894,1
1103,49,0,0.01,0.01,0.25,0.7,67.6514053345,0,67.6514053345,67.6514053345,73.1166915894,0,73.1166915894,73.1166915894,1
1104,100,0,0.001,0.001,0.5,0.9,67.6514053345,0,67.6514053345,67.6514053345,69.8670578003,0,69.8670578003,69.8670578003,1
1105,6,0,0.01,0,0.5,0.1,67.503692627,0,67.503692627,67.503692627,69.8670578003,0,69.8670578003,69.8670578003,1
1106,38,0,0.01,0.001,0.5,0.5,67.503692627,0,67.503692627,67.503692627,73.5598220825,0,73.5598220825,73.5598220825,1
1107,88,0,0.001,0.0001,0.75,0.5,67.3559799194,0,67.3559799194,67.3559799194,70.457901001,0,70.457901001,70.457901001,1
1108,911,32,0.01,0,0.75,0.1,67.3559799194,0,67.3559799194,67.3559799194,69.276222229,0,69.276222229,69.276222229,1
1109,927,32,0.01,0.0001,0.75,0.3,67.2082748413,0,67.2082748413,67.2082748413,71.6395874023,0,71.6395874023,71.6395874023,1
1110,942,32,0.01,0.001,0.75,0.3,67.2082748413,0,67.2082748413,67.2082748413,71.4918746948,0,71.4918746948,71.4918746948,1
1111,36,0,0.01,0.001,0.5,0.1,67.0605621338,0,67.0605621338,67.0605621338,73.8552474976,0,73.8552474976,73.8552474976,1
1112,89,0,0.001,0.0001,0.75,0.7,66.9128494263,0,66.9128494263,66.9128494263,68.980796814,0,68.980796814,68.980796814,1
1113,104,0,0.001,0.001,0.75,0.7,66.9128494263,0,66.9128494263,66.9128494263,68.8330841064,0,68.8330841064,68.8330841064,1
1114,22,0,0.01,0.0001,0.5,0.3,66.7651443481,0,66.7651443481,66.7651443481,72.6735610962,0,72.6735610962,72.6735610962,1
1115,921,32,0.01,0.0001,0.5,0.1,66.7651443481,0,66.7651443481,66.7651443481,69.1285095215,0,69.1285095215,69.1285095215,1
1116,761,16,0.01,0.001,0.75,0.1,66.6174316406,0,66.6174316406,66.6174316406,67.799118042,0,67.799118042,67.799118042,1
1117,936,32,0.01,0.001,0.5,0.1,66.6174316406,0,66.6174316406,66.6174316406,69.1285095215,0,69.1285095215,69.1285095215,1
1118,951,32,0.01,0.01,0.5,0.1,66.6174316406,0,66.6174316406,66.6174316406,69.1285095215,0,69.1285095215,69.1285095215,1
1119,746,16,0.01,0.0001,0.75,0.1,66.4697189331,0,66.4697189331,66.4697189331,67.799118042,0,67.799118042,67.799118042,1
1120,912,32,0.01,0,0.75,0.3,66.4697189331,0,66.4697189331,66.4697189331,71.4918746948,0,71.4918746948,71.4918746948,1
1121,21,0,0.01,0.0001,0.5,0.1,66.3220062256,0,66.3220062256,66.3220062256,71.0487442017,0,71.0487442017,71.0487442017,1
1122,102,0,0.001,0.001,0.75,0.3,66.3220062256,0,66.3220062256,66.3220062256,68.0945358276,0,68.0945358276,68.0945358276,1
1123,906,32,0.01,0,0.5,0.1,66.3220062256,0,66.3220062256,66.3220062256,69.4239273071,0,69.4239273071,69.4239273071,1
1124,1102,64,0.01,0.0001,0.5,0.3,66.3220062256,0,66.3220062256,66.3220062256,69.4239273071,0,69.4239273071,69.4239273071,1
1125,117,0,0.001,0.01,0.75,0.3,66.0265884399,0,66.0265884399,66.0265884399,69.7193527222,0,69.7193527222,69.7193527222,1
1126,731,16,0.01,0,0.75,0.1,66.0265884399,0,66.0265884399,66.0265884399,67.6514053345,0,67.6514053345,67.6514053345,1
1127,1087,64,0.01,0,0.5,0.3,66.0265884399,0,66.0265884399,66.0265884399,69.276222229,0,69.276222229,69.276222229,1
1128,87,0,0.001,0.0001,0.75,0.3,65.8788757324,0,65.8788757324,65.8788757324,68.0945358276,0,68.0945358276,68.0945358276,1
1129,46,0,0.01,0.01,0.25,0.1,65.4357452393,0,65.4357452393,65.4357452393,70.6056137085,0,70.6056137085,70.6056137085,1
1130,70,0,0.001,0,0.5,0.9,65.1403274536,0,65.1403274536,65.1403274536,65.8788757324,0,65.8788757324,65.8788757324,1
1131,73,0,0.001,0,0.75,0.5,64.9926147461,0,64.9926147461,64.9926147461,69.276222229,0,69.276222229,69.276222229,1
1132,47,0,0.01,0.01,0.25,0.3,64.8449020386,0,64.8449020386,64.8449020386,69.276222229,0,69.276222229,69.276222229,1
1133,85,0,0.001,0.0001,0.5,0.9,64.6971969604,0,64.6971969604,64.6971969604,65.8788757324,0,65.8788757324,65.8788757324,1
1134,86,0,0.001,0.0001,0.75,0.1,64.6971969604,0,64.6971969604,64.6971969604,65.7311706543,0,65.7311706543,65.7311706543,1
1135,1096,64,0.01,0.0001,0.25,0.1,64.6971969604,0,64.6971969604,64.6971969604,68.2422485352,0,68.2422485352,68.2422485352,1
1136,1111,64,0.01,0.001,0.25,0.1,64.6971969604,0,64.6971969604,64.6971969604,68.5376663208,0,68.5376663208,68.5376663208,1
1137,1081,64,0.01,0,0.25,0.1,64.2540664673,0,64.2540664673,64.2540664673,68.5376663208,0,68.5376663208,68.5376663208,1
1138,114,0,0.001,0.01,0.5,0.7,63.8109283447,0,63.8109283447,63.8109283447,67.0605621338,0,67.0605621338,67.0605621338,1
1139,101,0,0.001,0.001,0.75,0.1,63.6632194519,0,63.6632194519,63.6632194519,66.3220062256,0,66.3220062256,66.3220062256,1
1140,1116,64,0.01,0.001,0.5,0.1,63.5155067444,0,63.5155067444,63.5155067444,63.9586372375,0,63.9586372375,63.9586372375,1
1141,1101,64,0.01,0.0001,0.5,0.1,63.3677978516,0,63.3677978516,63.3677978516,63.8109283447,0,63.8109283447,63.8109283447,1
1142,1086,64,0.01,0,0.5,0.1,63.2200889587,0,63.2200889587,63.2200889587,64.1063537598,0,64.1063537598,64.1063537598,1
1143,72,0,0.001,0,0.75,0.3,63.0723762512,0,63.0723762512,63.0723762512,65.8788757324,0,65.8788757324,65.8788757324,1
1144,116,0,0.001,0.01,0.75,0.1,62.9246635437,0,62.9246635437,62.9246635437,67.3559799194,0,67.3559799194,67.3559799194,1
1145,74,0,0.001,0,0.75,0.7,61.5952720642,0,61.5952720642,61.5952720642,63.9586372375,0,63.9586372375,63.9586372375,1
1146,98,0,0.001,0.001,0.5,0.5,60.5612983704,0,60.5612983704,60.5612983704,62.7769546509,0,62.7769546509,62.7769546509,1
1147,71,0,0.001,0,0.75,0.1,59.675037384,0,59.675037384,59.675037384,62.6292457581,0,62.6292457581,62.6292457581,1
1148,99,0,0.001,0.001,0.5,0.7,59.675037384,0,59.675037384,59.675037384,62.3338241577,0,62.3338241577,62.3338241577,1
1149,110,0,0.001,0.01,0.25,0.9,59.5273246765,0,59.5273246765,59.5273246765,63.3677978516,0,63.3677978516,63.3677978516,1
1150,113,0,0.001,0.01,0.5,0.5,59.5273246765,0,59.5273246765,59.5273246765,64.8449020386,0,64.8449020386,64.8449020386,1
1151,84,0,0.001,0.0001,0.5,0.7,58.7887687683,0,58.7887687683,58.7887687683,61.4475593567,0,61.4475593567,61.4475593567,1
1152,96,0,0.001,0.001,0.5,0.1,58.7887687683,0,58.7887687683,58.7887687683,62.7769546509,0,62.7769546509,62.7769546509,1
1153,111,0,0.001,0.01,0.5,0.1,58.6410636902,0,58.6410636902,58.6410636902,61.7429847717,0,61.7429847717,61.7429847717,1
1154,97,0,0.001,0.001,0.5,0.3,58.4933509827,0,58.4933509827,58.4933509827,63.8109283447,0,63.8109283447,63.8109283447,1
1155,81,0,0.001,0.0001,0.5,0.1,58.0502204895,0,58.0502204895,58.0502204895,60.26587677,0,60.26587677,60.26587677,1
1156,67,0,0.001,0,0.5,0.3,57.902507782,0,57.902507782,57.902507782,60.7090110779,0,60.7090110779,60.7090110779,1
1157,112,0,0.001,0.01,0.5,0.3,57.902507782,0,57.902507782,57.902507782,62.6292457581,0,62.6292457581,62.6292457581,1
1158,82,0,0.001,0.0001,0.5,0.3,57.4593772888,0,57.4593772888,57.4593772888,60.4135856628,0,60.4135856628,60.4135856628,1
1159,175,0,0.0001,0.01,0.5,0.9,57.3116645813,0,57.3116645813,57.3116645813,61.0044288635,0,61.0044288635,61.0044288635,1
1160,109,0,0.001,0.01,0.25,0.7,57.1639595032,0,57.1639595032,57.1639595032,61.5952720642,0,61.5952720642,61.5952720642,1
1161,66,0,0.001,0,0.5,0.1,57.0162467957,0,57.0162467957,57.0162467957,58.3456382751,0,58.3456382751,58.3456382751,1
1162,130,0,0.0001,0,0.5,0.9,56.72082901,0,56.72082901,56.72082901,59.0841941833,0,59.0841941833,59.0841941833,1
1163,160,0,0.0001,0.001,0.5,0.9,56.72082901,0,56.72082901,56.72082901,60.1181678772,0,60.1181678772,60.1181678772,1
1164,180,0,0.0001,0.01,0.75,0.9,56.72082901,0,56.72082901,56.72082901,57.4593772888,0,57.4593772888,57.4593772888,1
1165,83,0,0.001,0.0001,0.5,0.5,56.5731163025,0,56.5731163025,56.5731163025,59.675037384,0,59.675037384,59.675037384,1
1166,145,0,0.0001,0.0001,0.5,0.9,56.5731163025,0,56.5731163025,56.5731163025,59.9704551697,0,59.9704551697,59.9704551697,1
1167,68,0,0.001,0,0.5,0.5,56.425403595,0,56.425403595,56.425403595,58.197933197,0,58.197933197,58.197933197,1
1168,69,0,0.001,0,0.5,0.7,56.2776908875,0,56.2776908875,56.2776908875,61.4475593567,0,61.4475593567,61.4475593567,1
1169,165,0,0.0001,0.001,0.75,0.9,56.1299858093,0,56.1299858093,56.1299858093,56.8685340881,0,56.8685340881,56.8685340881,1
1170,150,0,0.0001,0.0001,0.75,0.9,55.5391426086,0,55.5391426086,55.5391426086,56.8685340881,0,56.8685340881,56.8685340881,1
1171,170,0,0.0001,0.01,0.25,0.9,55.5391426086,0,55.5391426086,55.5391426086,57.7547950745,0,57.7547950745,57.7547950745,1
1172,135,0,0.0001,0,0.75,0.9,55.3914299011,0,55.3914299011,55.3914299011,54.948299408,0,54.948299408,54.948299408,1
1173,155,0,0.0001,0.001,0.25,0.9,55.3914299011,0,55.3914299011,55.3914299011,58.3456382751,0,58.3456382751,58.3456382751,1
1174,93,0,0.001,0.001,0.25,0.5,55.2437171936,0,55.2437171936,55.2437171936,58.6410636902,0,58.6410636902,58.6410636902,1
1175,125,0,0.0001,0,0.25,0.9,55.2437171936,0,55.2437171936,55.2437171936,57.6070899963,0,57.6070899963,57.6070899963,1
1176,140,0,0.0001,0.0001,0.25,0.9,55.2437171936,0,55.2437171936,55.2437171936,58.3456382751,0,58.3456382751,58.3456382751,1
1177,95,0,0.001,0.001,0.25,0.9,54.948299408,0,54.948299408,54.948299408,60.4135856628,0,60.4135856628,60.4135856628,1
1178,108,0,0.001,0.01,0.25,0.5,54.948299408,0,54.948299408,54.948299408,61.2998504639,0,61.2998504639,61.2998504639,1
1179,65,0,0.001,0,0.25,0.9,54.5051689148,0,54.5051689148,54.5051689148,59.379611969,0,59.379611969,59.379611969,1
1180,78,0,0.001,0.0001,0.25,0.5,54.5051689148,0,54.5051689148,54.5051689148,58.6410636902,0,58.6410636902,58.6410636902,1
1181,92,0,0.001,0.001,0.25,0.3,54.5051689148,0,54.5051689148,54.5051689148,59.9704551697,0,59.9704551697,59.9704551697,1
1182,80,0,0.001,0.0001,0.25,0.9,54.2097434998,0,54.2097434998,54.2097434998,59.5273246765,0,59.5273246765,59.5273246765,1
1183,63,0,0.001,0,0.25,0.5,54.0620384216,0,54.0620384216,54.0620384216,58.0502204895,0,58.0502204895,58.0502204895,1
1184,106,0,0.001,0.01,0.25,0.1,53.9143257141,0,53.9143257141,53.9143257141,60.26587677,0,60.26587677,60.26587677,1
1185,107,0,0.001,0.01,0.25,0.3,53.7666130066,0,53.7666130066,53.7666130066,59.8227424622,0,59.8227424622,59.8227424622,1
1186,77,0,0.001,0.0001,0.25,0.3,53.4711952209,0,53.4711952209,53.4711952209,58.4933509827,0,58.4933509827,58.4933509827,1
1187,76,0,0.001,0.0001,0.25,0.1,53.1757774353,0,53.1757774353,53.1757774353,57.4593772888,0,57.4593772888,57.4593772888,1
1188,91,0,0.001,0.001,0.25,0.1,52.4372215271,0,52.4372215271,52.4372215271,58.197933197,0,58.197933197,58.197933197,1
1189,61,0,0.001,0,0.25,0.1,52.2895088196,0,52.2895088196,52.2895088196,55.2437171936,0,55.2437171936,55.2437171936,1
1190,62,0,0.001,0,0.25,0.3,52.2895088196,0,52.2895088196,52.2895088196,55.9822731018,0,55.9822731018,55.9822731018,1
1191,79,0,0.001,0.0001,0.25,0.7,52.2895088196,0,52.2895088196,52.2895088196,54.6528816223,0,54.6528816223,54.6528816223,1
1192,94,0,0.001,0.001,0.25,0.7,52.2895088196,0,52.2895088196,52.2895088196,54.8005867004,0,54.8005867004,54.8005867004,1
1193,25,0,0.01,0.0001,0.5,0.9,52.1418037415,0,52.1418037415,52.1418037415,54.948299408,0,54.948299408,54.948299408,1
1194,40,0,0.01,0.001,0.5,0.9,51.9940910339,0,51.9940910339,51.9940910339,54.8005867004,0,54.8005867004,54.8005867004,1
1195,64,0,0.001,0,0.25,0.7,51.4032478333,0,51.4032478333,51.4032478333,53.7666130066,0,53.7666130066,53.7666130066,1
1196,179,0,0.0001,0.01,0.75,0.7,51.4032478333,0,51.4032478333,51.4032478333,52.1418037415,0,52.1418037415,52.1418037415,1
1197,10,0,0.01,0,0.5,0.9,51.2555351257,0,51.2555351257,51.2555351257,55.5391426086,0,55.5391426086,55.5391426086,1
1198,149,0,0.0001,0.0001,0.75,0.7,50.9601173401,0,50.9601173401,50.9601173401,51.8463783264,0,51.8463783264,51.8463783264,1
1199,174,0,0.0001,0.01,0.5,0.7,50.6646995544,0,50.6646995544,50.6646995544,54.0620384216,0,54.0620384216,54.0620384216,1
1200,129,0,0.0001,0,0.5,0.7,50.5169868469,0,50.5169868469,50.5169868469,52.1418037415,0,52.1418037415,52.1418037415,1
1201,164,0,0.0001,0.001,0.75,0.7,50.5169868469,0,50.5169868469,50.5169868469,52.4372215271,0,52.4372215271,52.4372215271,1
1202,159,0,0.0001,0.001,0.5,0.7,50.3692741394,0,50.3692741394,50.3692741394,53.4711952209,0,53.4711952209,53.4711952209,1
1203,134,0,0.0001,0,0.75,0.7,49.9261436462,0,49.9261436462,49.9261436462,49.9261436462,0,49.9261436462,49.9261436462,1
1204,144,0,0.0001,0.0001,0.5,0.7,49.9261436462,0,49.9261436462,49.9261436462,52.7326393127,0,52.7326393127,52.7326393127,1
1205,173,0,0.0001,0.01,0.5,0.5,49.9261436462,0,49.9261436462,49.9261436462,52.2895088196,0,52.2895088196,52.2895088196,1
1206,5,0,0.01,0,0.25,0.9,49.3353004456,0,49.3353004456,49.3353004456,52.7326393127,0,52.7326393127,52.7326393127,1
1207,158,0,0.0001,0.001,0.5,0.5,49.1875915527,0,49.1875915527,49.1875915527,51.2555351257,0,51.2555351257,51.2555351257,1
1208,20,0,0.01,0.0001,0.25,0.9,49.0398788452,0,49.0398788452,49.0398788452,53.3234825134,0,53.3234825134,53.3234825134,1
1209,35,0,0.01,0.001,0.25,0.9,49.0398788452,0,49.0398788452,49.0398788452,53.1757774353,0,53.1757774353,53.1757774353,1
1210,143,0,0.0001,0.0001,0.5,0.5,49.0398788452,0,49.0398788452,49.0398788452,51.9940910339,0,51.9940910339,51.9940910339,1
1211,171,0,0.0001,0.01,0.5,0.1,48.7444610596,0,48.7444610596,48.7444610596,50.8124046326,0,50.8124046326,50.8124046326,1
1212,148,0,0.0001,0.0001,0.75,0.5,48.5967483521,0,48.5967483521,48.5967483521,49.6307220459,0,49.6307220459,49.6307220459,1
1213,142,0,0.0001,0.0001,0.5,0.3,48.4490394592,0,48.4490394592,48.4490394592,49.9261436462,0,49.9261436462,49.9261436462,1
1214,163,0,0.0001,0.001,0.75,0.5,48.4490394592,0,48.4490394592,48.4490394592,49.6307220459,0,49.6307220459,49.6307220459,1
1215,178,0,0.0001,0.01,0.75,0.5,48.4490394592,0,48.4490394592,48.4490394592,50.2215614319,0,50.2215614319,50.2215614319,1
1216,172,0,0.0001,0.01,0.5,0.3,48.3013267517,0,48.3013267517,48.3013267517,50.6646995544,0,50.6646995544,50.6646995544,1
1217,128,0,0.0001,0,0.5,0.5,48.1536178589,0,48.1536178589,48.1536178589,49.9261436462,0,49.9261436462,49.9261436462,1
1218,146,0,0.0001,0.0001,0.75,0.1,48.1536178589,0,48.1536178589,48.1536178589,47.4150657654,0,47.4150657654,47.4150657654,1
1219,156,0,0.0001,0.001,0.5,0.1,48.1536178589,0,48.1536178589,48.1536178589,50.3692741394,0,50.3692741394,50.3692741394,1
1220,157,0,0.0001,0.001,0.5,0.3,48.1536178589,0,48.1536178589,48.1536178589,50.5169868469,0,50.5169868469,50.5169868469,1
1221,162,0,0.0001,0.001,0.75,0.3,48.0059089661,0,48.0059089661,48.0059089661,48.1536178589,0,48.1536178589,48.1536178589,1
1222,169,0,0.0001,0.01,0.25,0.7,48.0059089661,0,48.0059089661,48.0059089661,51.8463783264,0,51.8463783264,51.8463783264,1
1223,147,0,0.0001,0.0001,0.75,0.3,47.8581962585,0,47.8581962585,47.8581962585,48.7444610596,0,48.7444610596,48.7444610596,1
1224,141,0,0.0001,0.0001,0.5,0.1,47.7104873657,0,47.7104873657,47.7104873657,50.3692741394,0,50.3692741394,50.3692741394,1
1225,161,0,0.0001,0.001,0.75,0.1,47.7104873657,0,47.7104873657,47.7104873657,46.6765136719,0,46.6765136719,46.6765136719,1
1226,177,0,0.0001,0.01,0.75,0.3,47.7104873657,0,47.7104873657,47.7104873657,48.1536178589,0,48.1536178589,48.1536178589,1
1227,154,0,0.0001,0.001,0.25,0.7,47.4150657654,0,47.4150657654,47.4150657654,50.6646995544,0,50.6646995544,50.6646995544,1
1228,176,0,0.0001,0.01,0.75,0.1,47.4150657654,0,47.4150657654,47.4150657654,46.3810920715,0,46.3810920715,46.3810920715,1
1229,124,0,0.0001,0,0.25,0.7,47.119644165,0,47.119644165,47.119644165,49.3353004456,0,49.3353004456,49.3353004456,1
1230,133,0,0.0001,0,0.75,0.5,46.8242225647,0,46.8242225647,46.8242225647,48.1536178589,0,48.1536178589,48.1536178589,1
1231,139,0,0.0001,0.0001,0.25,0.7,46.6765136719,0,46.6765136719,46.6765136719,50.3692741394,0,50.3692741394,50.3692741394,1
1232,168,0,0.0001,0.01,0.25,0.5,46.2333831787,0,46.2333831787,46.2333831787,51.2555351257,0,51.2555351257,51.2555351257,1
1233,127,0,0.0001,0,0.5,0.3,45.642539978,0,45.642539978,45.642539978,48.1536178589,0,48.1536178589,48.1536178589,1
1234,132,0,0.0001,0,0.75,0.3,45.642539978,0,45.642539978,45.642539978,45.7902488708,0,45.7902488708,45.7902488708,1
1235,153,0,0.0001,0.001,0.25,0.5,45.3471183777,0,45.3471183777,45.3471183777,50.5169868469,0,50.5169868469,50.5169868469,1
1236,131,0,0.0001,0,0.75,0.1,45.1994094849,0,45.1994094849,45.1994094849,44.756275177,0,44.756275177,44.756275177,1
1237,138,0,0.0001,0.0001,0.25,0.5,45.1994094849,0,45.1994094849,45.1994094849,49.9261436462,0,49.9261436462,49.9261436462,1
1238,33,0,0.01,0.001,0.25,0.5,45.0516967773,0,45.0516967773,45.0516967773,45.3471183777,0,45.3471183777,45.3471183777,1
1239,167,0,0.0001,0.01,0.25,0.3,45.0516967773,0,45.0516967773,45.0516967773,49.3353004456,0,49.3353004456,49.3353004456,1
1240,126,0,0.0001,0,0.5,0.1,44.9039878845,0,44.9039878845,44.9039878845,45.7902488708,0,45.7902488708,45.7902488708,1
1241,18,0,0.01,0.0001,0.25,0.5,44.756275177,0,44.756275177,44.756275177,45.4948310852,0,45.4948310852,45.4948310852,1
1242,166,0,0.0001,0.01,0.25,0.1,44.756275177,0,44.756275177,44.756275177,48.5967483521,0,48.5967483521,48.5967483521,1
1243,34,0,0.01,0.001,0.25,0.7,44.6085662842,0,44.6085662842,44.6085662842,46.8242225647,0,46.8242225647,46.8242225647,1
1244,17,0,0.01,0.0001,0.25,0.3,44.4608573914,0,44.4608573914,44.4608573914,44.6085662842,0,44.6085662842,44.6085662842,1
1245,123,0,0.0001,0,0.25,0.5,44.4608573914,0,44.4608573914,44.4608573914,48.3013267517,0,48.3013267517,48.3013267517,1
1246,19,0,0.01,0.0001,0.25,0.7,44.3131446838,0,44.3131446838,44.3131446838,45.7902488708,0,45.7902488708,45.7902488708,1
1247,151,0,0.0001,0.001,0.25,0.1,44.3131446838,0,44.3131446838,44.3131446838,49.7784347534,0,49.7784347534,49.7784347534,1
1248,31,0,0.01,0.001,0.25,0.1,44.165435791,0,44.165435791,44.165435791,44.6085662842,0,44.6085662842,44.6085662842,1
1249,152,0,0.0001,0.001,0.25,0.3,44.165435791,0,44.165435791,44.165435791,49.0398788452,0,49.0398788452,49.0398788452,1
1250,24,0,0.01,0.0001,0.5,0.7,43.7223052979,0,43.7223052979,43.7223052979,46.6765136719,0,46.6765136719,46.6765136719,1
1251,136,0,0.0001,0.0001,0.25,0.1,43.7223052979,0,43.7223052979,43.7223052979,48.5967483521,0,48.5967483521,48.5967483521,1
1252,137,0,0.0001,0.0001,0.25,0.3,43.7223052979,0,43.7223052979,43.7223052979,48.4490394592,0,48.4490394592,48.4490394592,1
1253,16,0,0.01,0.0001,0.25,0.1,43.5745925903,0,43.5745925903,43.5745925903,44.756275177,0,44.756275177,44.756275177,1
1254,32,0,0.01,0.001,0.25,0.3,43.5745925903,0,43.5745925903,43.5745925903,44.165435791,0,44.165435791,44.165435791,1
1255,122,0,0.0001,0,0.25,0.3,43.27917099,0,43.27917099,43.27917099,46.5288009644,0,46.5288009644,46.5288009644,1
1256,4,0,0.01,0,0.25,0.7,43.1314620972,0,43.1314620972,43.1314620972,46.3810920715,0,46.3810920715,46.3810920715,1
1257,3,0,0.01,0,0.25,0.5,42.8360404968,0,42.8360404968,42.8360404968,45.0516967773,0,45.0516967773,45.0516967773,1
1258,121,0,0.0001,0,0.25,0.1,42.0974884033,0,42.0974884033,42.0974884033,44.9039878845,0,44.9039878845,44.9039878845,1
1259,2,0,0.01,0,0.25,0.3,34.1211242676,0,34.1211242676,34.1211242676,36.0413589478,0,36.0413589478,36.0413589478,1
1260,1,0,0.01,0,0.25,0.1,33.3825721741,0,33.3825721741,33.3825721741,35.8936500549,0,35.8936500549,35.8936500549,1
