rank,candidate_id,x_steps,learning_rate,weight_decay,dropout,tao2,val_acc_mean,val_acc_std,val_acc_min,val_acc_max,test_acc_mean,test_acc_std,test_acc_min,test_acc_max,n
1,766,16,0.01,0.01,0.25,0.1,78.8794784546,0,78.8794784546,78.8794784546,79.7939987183,0,79.7939987183,79.7939987183,1
2,767,16,0.01,0.01,0.25,0.3,78.7639541626,0,78.7639541626,78.7639541626,79.5244522095,0,79.5244522095,79.5244522095,1
3,587,8,0.01,0.01,0.25,0.3,78.6291885376,0,78.6291885376,78.6291885376,79.20677948,0,79.20677948,79.20677948,1
4,947,32,0.01,0.01,0.25,0.3,78.5425491333,0,78.5425491333,78.5425491333,79.2934188843,0,79.2934188843,79.2934188843,1
5,771,16,0.01,0.01,0.5,0.1,78.4462890625,0,78.4462890625,78.4462890625,79.1105117798,0,79.1105117798,79.1105117798,1
6,946,32,0.01,0.01,0.25,0.1,78.398147583,0,78.398147583,78.398147583,79.2934188843,0,79.2934188843,79.2934188843,1
7,589,8,0.01,0.01,0.25,0.7,78.1959915161,0,78.1959915161,78.1959915161,78.9757461548,0,78.9757461548,78.9757461548,1
8,833,16,0.001,0.01,0.5,0.5,78.1767425537,0,78.1767425537,78.1767425537,78.6388168335,0,78.6388168335,78.6388168335,1
9,769,16,0.01,0.01,0.25,0.7,78.1574935913,0,78.1574935913,78.1574935913,78.8602218628,0,78.8602218628,78.8602218628,1
10,768,16,0.01,0.01,0.25,0.5,78.1093597412,0,78.1093597412,78.1093597412,78.8794784546,0,78.8794784546,78.8794784546,1
11,588,8,0.01,0.01,0.25,0.5,78.0997314453,0,78.0997314453,78.0997314453,79.0142440796,0,79.0142440796,79.0142440796,1
12,653,8,0.001,0.01,0.5,0.5,78.0901031494,0,78.0901031494,78.0901031494,78.9179840088,0,78.9179840088,78.9179840088,1
13,593,8,0.01,0.01,0.5,0.5,77.8975753784,0,77.8975753784,77.8975753784,79.1393966675,0,79.1393966675,79.1393966675,1
14,948,32,0.01,0.01,0.25,0.5,77.8975753784,0,77.8975753784,77.8975753784,78.7254486084,0,78.7254486084,78.7254486084,1
15,951,32,0.01,0.01,0.5,0.1,77.8590698242,0,77.8590698242,77.8590698242,78.5906829834,0,78.5906829834,78.5906829834,1
16,592,8,0.01,0.01,0.5,0.3,77.8494415283,0,77.8494415283,77.8494415283,78.8217163086,0,78.8217163086,78.8217163086,1
17,952,32,0.01,0.01,0.5,0.3,77.8013076782,0,77.8013076782,77.8013076782,78.7158279419,0,78.7158279419,78.7158279419,1
18,953,32,0.01,0.01,0.5,0.5,77.8013076782,0,77.8013076782,77.8013076782,78.4751663208,0,78.4751663208,78.4751663208,1
19,406,4,0.01,0.01,0.25,0.1,77.7820587158,0,77.7820587158,77.7820587158,78.5329208374,0,78.5329208374,78.5329208374,1
20,412,4,0.01,0.01,0.5,0.3,77.7531738281,0,77.7531738281,77.7531738281,78.5329208374,0,78.5329208374,78.5329208374,1
21,949,32,0.01,0.01,0.25,0.7,77.7339248657,0,77.7339248657,77.7339248657,78.2730102539,0,78.2730102539,78.2730102539,1
22,776,16,0.01,0.01,0.75,0.1,77.6954193115,0,77.6954193115,77.6954193115,78.6099395752,0,78.6099395752,78.6099395752,1
23,594,8,0.01,0.01,0.5,0.7,77.6665420532,0,77.6665420532,77.6665420532,78.1959915161,0,78.1959915161,78.1959915161,1
24,473,4,0.001,0.01,0.5,0.5,77.6472854614,0,77.6472854614,77.6472854614,78.5425491333,0,78.5425491333,78.5425491333,1
25,773,16,0.01,0.01,0.5,0.5,77.6376571655,0,77.6376571655,77.6376571655,78.4366531372,0,78.4366531372,78.4366531372,1
26,586,8,0.01,0.01,0.25,0.1,77.5991516113,0,77.5991516113,77.5991516113,78.706199646,0,78.706199646,78.706199646,1
27,774,16,0.01,0.01,0.5,0.7,77.5991516113,0,77.5991516113,77.5991516113,78.3018875122,0,78.3018875122,78.3018875122,1
28,408,4,0.01,0.01,0.25,0.5,77.5895233154,0,77.5895233154,77.5895233154,78.3500213623,0,78.3500213623,78.3500213623,1
29,772,16,0.01,0.01,0.5,0.3,77.5895233154,0,77.5895233154,77.5895233154,78.4462890625,0,78.4462890625,78.4462890625,1
30,591,8,0.01,0.01,0.5,0.1,77.5221405029,0,77.5221405029,77.5221405029,78.9468612671,0,78.9468612671,78.9468612671,1
31,407,4,0.01,0.01,0.25,0.3,77.4740066528,0,77.4740066528,77.4740066528,78.1959915161,0,78.1959915161,78.1959915161,1
32,590,8,0.01,0.01,0.25,0.9,77.4451293945,0,77.4451293945,77.4451293945,77.8013076782,0,77.8013076782,77.8013076782,1
33,597,8,0.01,0.01,0.75,0.3,77.4162445068,0,77.4162445068,77.4162445068,78.4655380249,0,78.4655380249,78.4655380249,1
34,770,16,0.01,0.01,0.25,0.9,77.4162445068,0,77.4162445068,77.4162445068,78.1767425537,0,78.1767425537,78.1767425537,1
35,728,16,0.01,0,0.5,0.5,77.4066238403,0,77.4066238403,77.4066238403,78.4462890625,0,78.4462890625,78.4462890625,1
36,834,16,0.001,0.01,0.5,0.7,77.3969955444,0,77.3969955444,77.3969955444,78.0804748535,0,78.0804748535,78.0804748535,1
37,580,8,0.01,0.001,0.5,0.9,77.3777389526,0,77.3777389526,77.3777389526,77.7724304199,0,77.7724304199,77.7724304199,1
38,654,8,0.001,0.01,0.5,0.7,77.3392410278,0,77.3392410278,77.3392410278,78.2730102539,0,78.2730102539,78.2730102539,1
39,743,16,0.01,0.0001,0.5,0.5,77.3296127319,0,77.3296127319,77.3296127319,78.4751663208,0,78.4751663208,78.4751663208,1
40,1127,64,0.01,0.01,0.25,0.3,77.3103561401,0,77.3103561401,77.3103561401,78.3307647705,0,78.3307647705,78.3307647705,1
41,471,4,0.001,0.01,0.5,0.1,77.3007354736,0,77.3007354736,77.3007354736,78.1286087036,0,78.1286087036,78.1286087036,1
42,474,4,0.001,0.01,0.5,0.7,77.3007354736,0,77.3007354736,77.3007354736,77.9649581909,0,77.9649581909,77.9649581909,1
43,596,8,0.01,0.01,0.75,0.1,77.3007354736,0,77.3007354736,77.3007354736,78.5906829834,0,78.5906829834,78.5906829834,1
44,1126,64,0.01,0.01,0.25,0.1,77.3007354736,0,77.3007354736,77.3007354736,78.263381958,0,78.263381958,78.263381958,1
45,543,8,0.01,0,0.25,0.5,77.2814788818,0,77.2814788818,77.2814788818,78.3115158081,0,78.3115158081,78.3115158081,1
46,558,8,0.01,0.0001,0.25,0.5,77.2814788818,0,77.2814788818,77.2814788818,78.2344970703,0,78.2344970703,78.2344970703,1
47,598,8,0.01,0.01,0.75,0.5,77.2814788818,0,77.2814788818,77.2814788818,78.2344970703,0,78.2344970703,78.2344970703,1
48,1128,64,0.01,0.01,0.25,0.5,77.2814788818,0,77.2814788818,77.2814788818,78.1959915161,0,78.1959915161,78.1959915161,1
49,758,16,0.01,0.001,0.5,0.5,77.2718582153,0,77.2718582153,77.2718582153,78.4077758789,0,78.4077758789,78.4077758789,1
50,791,16,0.001,0,0.75,0.1,77.2718582153,0,77.2718582153,77.2718582153,78.0227203369,0,78.0227203369,78.0227203369,1
51,573,8,0.01,0.001,0.25,0.5,77.26222229,0,77.26222229,77.26222229,78.5425491333,0,78.5425491333,78.5425491333,1
52,807,16,0.001,0.0001,0.75,0.3,77.26222229,0,77.26222229,77.26222229,77.9457092285,0,77.9457092285,77.9457092285,1
53,836,16,0.001,0.01,0.75,0.1,77.26222229,0,77.26222229,77.26222229,77.8783187866,0,77.8783187866,77.8783187866,1
54,752,16,0.01,0.001,0.25,0.3,77.2333450317,0,77.2333450317,77.2333450317,78.5040435791,0,78.5040435791,78.5040435791,1
55,722,16,0.01,0,0.25,0.3,77.2140884399,0,77.2140884399,77.2140884399,78.5425491333,0,78.5425491333,78.5425491333,1
56,792,16,0.001,0,0.75,0.3,77.2140884399,0,77.2140884399,77.2140884399,77.9168243408,0,77.9168243408,77.9168243408,1
57,417,4,0.01,0.01,0.75,0.3,77.2044677734,0,77.2044677734,77.2044677734,77.7435455322,0,77.7435455322,77.7435455322,1
58,806,16,0.001,0.0001,0.75,0.1,77.2044677734,0,77.2044677734,77.2044677734,77.8686904907,0,77.8686904907,77.8686904907,1
59,409,4,0.01,0.01,0.25,0.7,77.1948394775,0,77.1948394775,77.1948394775,78.1767425537,0,78.1767425537,78.1767425537,1
60,737,16,0.01,0.0001,0.25,0.3,77.1948394775,0,77.1948394775,77.1948394775,78.5232925415,0,78.5232925415,78.5232925415,1
61,410,4,0.01,0.01,0.25,0.9,77.1852111816,0,77.1852111816,77.1852111816,77.9071960449,0,77.9071960449,77.9071960449,1
62,727,16,0.01,0,0.5,0.3,77.1755905151,0,77.1755905151,77.1755905151,78.205619812,0,78.205619812,78.205619812,1
63,822,16,0.001,0.001,0.75,0.3,77.1659622192,0,77.1659622192,77.1659622192,77.7820587158,0,77.7820587158,77.7820587158,1
64,777,16,0.01,0.01,0.75,0.3,77.1563339233,0,77.1563339233,77.1563339233,77.8975753784,0,77.8975753784,77.8975753784,1
65,778,16,0.01,0.01,0.75,0.5,77.1563339233,0,77.1563339233,77.1563339233,77.9745864868,0,77.9745864868,77.9745864868,1
66,837,16,0.001,0.01,0.75,0.3,77.1467056274,0,77.1467056274,77.1467056274,77.6087799072,0,77.6087799072,77.6087799072,1
67,1131,64,0.01,0.01,0.5,0.1,77.1370849609,0,77.1370849609,77.1370849609,78.3018875122,0,78.3018875122,78.3018875122,1
68,230,2,0.01,0.01,0.25,0.9,77.1178283691,0,77.1178283691,77.1178283691,77.6087799072,0,77.6087799072,77.6087799072,1
69,757,16,0.01,0.001,0.5,0.3,77.1178283691,0,77.1178283691,77.1178283691,78.4366531372,0,78.4366531372,78.4366531372,1
70,721,16,0.01,0,0.25,0.1,77.0985794067,0,77.0985794067,77.0985794067,78.1671142578,0,78.1671142578,78.1671142578,1
71,472,4,0.001,0.01,0.5,0.3,77.0889434814,0,77.0889434814,77.0889434814,78.205619812,0,78.205619812,78.205619812,1
72,756,16,0.01,0.001,0.5,0.1,77.0793228149,0,77.0793228149,77.0793228149,78.0612258911,0,78.0612258911,78.0612258911,1
73,829,16,0.001,0.01,0.25,0.7,77.0793228149,0,77.0793228149,77.0793228149,77.3488616943,0,77.3488616943,77.3488616943,1
74,572,8,0.01,0.001,0.25,0.3,77.069694519,0,77.069694519,77.069694519,78.205619812,0,78.205619812,78.205619812,1
75,751,16,0.01,0.001,0.25,0.1,77.069694519,0,77.069694519,77.069694519,78.2922592163,0,78.2922592163,78.2922592163,1
76,753,16,0.01,0.001,0.25,0.5,77.069694519,0,77.069694519,77.069694519,77.9553375244,0,77.9553375244,77.9553375244,1
77,821,16,0.001,0.001,0.75,0.1,77.069694519,0,77.069694519,77.069694519,77.7242965698,0,77.7242965698,77.7242965698,1
78,414,4,0.01,0.01,0.5,0.7,77.0600662231,0,77.0600662231,77.0600662231,78.4174041748,0,78.4174041748,78.4174041748,1
79,542,8,0.01,0,0.25,0.3,77.0600662231,0,77.0600662231,77.0600662231,78.263381958,0,78.263381958,78.263381958,1
80,736,16,0.01,0.0001,0.25,0.1,77.0600662231,0,77.0600662231,77.0600662231,78.1093597412,0,78.1093597412,78.1093597412,1
81,742,16,0.01,0.0001,0.5,0.3,77.0504379272,0,77.0504379272,77.0504379272,78.263381958,0,78.263381958,78.263381958,1
82,956,32,0.01,0.01,0.75,0.1,77.0408172607,0,77.0408172607,77.0408172607,77.762802124,0,77.762802124,77.762802124,1
83,957,32,0.01,0.01,0.75,0.3,77.0215606689,0,77.0215606689,77.0215606689,77.7339248657,0,77.7339248657,77.7339248657,1
84,557,8,0.01,0.0001,0.25,0.3,77.0119400024,0,77.0119400024,77.0119400024,78.2152481079,0,78.2152481079,78.2152481079,1
85,639,8,0.001,0.001,0.5,0.7,77.0119400024,0,77.0119400024,77.0119400024,77.82056427,0,77.82056427,77.82056427,1
86,832,16,0.001,0.01,0.5,0.3,77.0119400024,0,77.0119400024,77.0119400024,77.2718582153,0,77.2718582153,77.2718582153,1
87,954,32,0.01,0.01,0.5,0.7,77.0119400024,0,77.0119400024,77.0119400024,78.0034637451,0,78.0034637451,78.0034637451,1
88,624,8,0.001,0.0001,0.5,0.7,76.9926834106,0,76.9926834106,76.9926834106,77.8398132324,0,77.8398132324,77.8398132324,1
89,1132,64,0.01,0.01,0.5,0.3,76.9734344482,0,76.9734344482,76.9734344482,78.0901031494,0,78.0901031494,78.0901031494,1
90,609,8,0.001,0,0.5,0.7,76.9638061523,0,76.9638061523,76.9638061523,77.8494415283,0,77.8494415283,77.8494415283,1
91,779,16,0.01,0.01,0.75,0.7,76.9638061523,0,76.9638061523,76.9638061523,77.3777389526,0,77.3777389526,77.3777389526,1
92,741,16,0.01,0.0001,0.5,0.1,76.9445571899,0,76.9445571899,76.9445571899,77.9457092285,0,77.9457092285,77.9457092285,1
93,823,16,0.001,0.001,0.75,0.5,76.9445571899,0,76.9445571899,76.9445571899,77.5798950195,0,77.5798950195,77.5798950195,1
94,931,32,0.01,0.001,0.25,0.1,76.9252929688,0,76.9252929688,76.9252929688,78.3500213623,0,78.3500213623,78.3500213623,1
95,793,16,0.001,0,0.75,0.5,76.9060440063,0,76.9060440063,76.9060440063,77.5606460571,0,77.5606460571,77.5606460571,1
96,233,2,0.01,0.01,0.5,0.5,76.8964157104,0,76.8964157104,76.8964157104,77.5510177612,0,77.5510177612,77.5510177612,1
97,831,16,0.001,0.01,0.5,0.1,76.8964157104,0,76.8964157104,76.8964157104,77.3103561401,0,77.3103561401,77.3103561401,1
98,808,16,0.001,0.0001,0.75,0.5,76.8867874146,0,76.8867874146,76.8867874146,77.5317687988,0,77.5317687988,77.5317687988,1
99,649,8,0.001,0.01,0.25,0.7,76.877166748,0,76.877166748,76.877166748,77.6569137573,0,77.6569137573,77.6569137573,1
100,738,16,0.01,0.0001,0.25,0.5,76.877166748,0,76.877166748,76.877166748,77.8398132324,0,77.8398132324,77.8398132324,1
101,569,8,0.01,0.0001,0.75,0.7,76.8675384521,0,76.8675384521,76.8675384521,78.1863708496,0,78.1863708496,78.1863708496,1
102,723,16,0.01,0,0.25,0.5,76.8675384521,0,76.8675384521,76.8675384521,77.9071960449,0,77.9071960449,77.9071960449,1
103,635,8,0.001,0.001,0.25,0.9,76.8579101562,0,76.8579101562,76.8579101562,77.3777389526,0,77.3777389526,77.3777389526,1
104,763,16,0.01,0.001,0.75,0.5,76.8482894897,0,76.8482894897,76.8482894897,77.5317687988,0,77.5317687988,77.5317687988,1
105,765,16,0.01,0.001,0.75,0.9,76.8482894897,0,76.8482894897,76.8482894897,77.4643859863,0,77.4643859863,77.4643859863,1
106,759,16,0.01,0.001,0.5,0.7,76.8386611938,0,76.8386611938,76.8386611938,77.762802124,0,77.762802124,77.762802124,1
107,815,16,0.001,0.001,0.25,0.9,76.8386611938,0,76.8386611938,76.8386611938,77.0985794067,0,77.0985794067,77.0985794067,1
108,584,8,0.01,0.001,0.75,0.7,76.8290328979,0,76.8290328979,76.8290328979,77.9842147827,0,77.9842147827,77.9842147827,1
109,726,16,0.01,0,0.5,0.1,76.8194046021,0,76.8194046021,76.8194046021,77.9071960449,0,77.9071960449,77.9071960449,1
110,901,32,0.01,0,0.25,0.1,76.8194046021,0,76.8194046021,76.8194046021,78.3307647705,0,78.3307647705,78.3307647705,1
111,916,32,0.01,0.0001,0.25,0.1,76.8194046021,0,76.8194046021,76.8194046021,78.3596420288,0,78.3596420288,78.3596420288,1
112,469,4,0.001,0.01,0.25,0.7,76.8097839355,0,76.8097839355,76.8097839355,77.4740066528,0,77.4740066528,77.4740066528,1
113,627,8,0.001,0.0001,0.75,0.3,76.8097839355,0,76.8097839355,76.8097839355,77.5606460571,0,77.5606460571,77.5606460571,1
114,400,4,0.01,0.001,0.5,0.9,76.7905273438,0,76.7905273438,76.7905273438,77.4066238403,0,77.4066238403,77.4066238403,1
115,413,4,0.01,0.01,0.5,0.5,76.7905273438,0,76.7905273438,76.7905273438,77.4836349487,0,77.4836349487,77.4836349487,1
116,562,8,0.01,0.0001,0.5,0.3,76.7905273438,0,76.7905273438,76.7905273438,77.8398132324,0,77.8398132324,77.8398132324,1
117,571,8,0.01,0.001,0.25,0.1,76.7905273438,0,76.7905273438,76.7905273438,77.7820587158,0,77.7820587158,77.7820587158,1
118,958,32,0.01,0.01,0.75,0.5,76.7905273438,0,76.7905273438,76.7905273438,77.762802124,0,77.762802124,77.762802124,1
119,611,8,0.001,0,0.75,0.1,76.7712783813,0,76.7712783813,76.7712783813,77.4836349487,0,77.4836349487,77.4836349487,1
120,641,8,0.001,0.001,0.75,0.1,76.7712783813,0,76.7712783813,76.7712783813,77.6761627197,0,77.6761627197,77.6761627197,1
121,612,8,0.001,0,0.75,0.3,76.7616424561,0,76.7616424561,76.7616424561,77.5028915405,0,77.5028915405,77.5028915405,1
122,620,8,0.001,0.0001,0.25,0.9,76.7520217896,0,76.7520217896,76.7520217896,77.3777389526,0,77.3777389526,77.3777389526,1
123,579,8,0.01,0.001,0.5,0.7,76.7423934937,0,76.7423934937,76.7423934937,77.1178283691,0,77.1178283691,77.1178283691,1
124,416,4,0.01,0.01,0.75,0.1,76.7231369019,0,76.7231369019,76.7231369019,77.8494415283,0,77.8494415283,77.8494415283,1
125,605,8,0.001,0,0.25,0.9,76.7231369019,0,76.7231369019,76.7231369019,77.3392410278,0,77.3392410278,77.3392410278,1
126,428,4,0.001,0,0.5,0.5,76.7135162354,0,76.7135162354,76.7135162354,77.762802124,0,77.762802124,77.762802124,1
127,570,8,0.01,0.0001,0.75,0.9,76.7135162354,0,76.7135162354,76.7135162354,77.4643859863,0,77.4643859863,77.4643859863,1
128,610,8,0.001,0,0.5,0.9,76.7135162354,0,76.7135162354,76.7135162354,77.0023117065,0,77.0023117065,77.0023117065,1
129,456,4,0.001,0.001,0.5,0.1,76.7038879395,0,76.7038879395,76.7038879395,77.3103561401,0,77.3103561401,77.3103561401,1
130,549,8,0.01,0,0.5,0.7,76.6942596436,0,76.6942596436,76.6942596436,77.0023117065,0,77.0023117065,77.0023117065,1
131,599,8,0.01,0.01,0.75,0.7,76.6942596436,0,76.6942596436,76.6942596436,77.4547576904,0,77.4547576904,77.4547576904,1
132,626,8,0.001,0.0001,0.75,0.1,76.6942596436,0,76.6942596436,76.6942596436,77.6954193115,0,77.6954193115,77.6954193115,1
133,790,16,0.001,0,0.5,0.9,76.6942596436,0,76.6942596436,76.6942596436,77.1563339233,0,77.1563339233,77.1563339233,1
134,541,8,0.01,0,0.25,0.1,76.6846389771,0,76.6846389771,76.6846389771,77.6569137573,0,77.6569137573,77.6569137573,1
135,564,8,0.01,0.0001,0.5,0.7,76.6846389771,0,76.6846389771,76.6846389771,77.0311889648,0,77.0311889648,77.0311889648,1
136,959,32,0.01,0.01,0.75,0.7,76.6846389771,0,76.6846389771,76.6846389771,77.4162445068,0,77.4162445068,77.4162445068,1
137,625,8,0.001,0.0001,0.5,0.9,76.6750106812,0,76.6750106812,76.6750106812,76.9926834106,0,76.9926834106,76.9926834106,1
138,937,32,0.01,0.001,0.5,0.3,76.6750106812,0,76.6750106812,76.6750106812,77.9457092285,0,77.9457092285,77.9457092285,1
139,574,8,0.01,0.001,0.25,0.7,76.6653823853,0,76.6653823853,76.6653823853,77.5317687988,0,77.5317687988,77.5317687988,1
140,907,32,0.01,0,0.5,0.3,76.6653823853,0,76.6653823853,76.6653823853,77.8301925659,0,77.8301925659,77.8301925659,1
141,936,32,0.01,0.001,0.5,0.1,76.6653823853,0,76.6653823853,76.6653823853,77.9842147827,0,77.9842147827,77.9842147827,1
142,458,4,0.001,0.001,0.5,0.5,76.6557540894,0,76.6557540894,76.6557540894,77.762802124,0,77.762802124,77.762802124,1
143,642,8,0.001,0.001,0.75,0.3,76.6557540894,0,76.6557540894,76.6557540894,77.6472854614,0,77.6472854614,77.6472854614,1
144,922,32,0.01,0.0001,0.5,0.3,76.6557540894,0,76.6557540894,76.6557540894,77.82056427,0,77.82056427,77.82056427,1
145,547,8,0.01,0,0.5,0.3,76.6461334229,0,76.6461334229,76.6461334229,77.705039978,0,77.705039978,77.705039978,1
146,805,16,0.001,0.0001,0.5,0.9,76.6461334229,0,76.6461334229,76.6461334229,77.1659622192,0,77.1659622192,77.1659622192,1
147,577,8,0.01,0.001,0.5,0.3,76.636505127,0,76.636505127,76.636505127,77.7916870117,0,77.7916870117,77.7916870117,1
148,556,8,0.01,0.0001,0.25,0.1,76.6268768311,0,76.6268768311,76.6268768311,77.6954193115,0,77.6954193115,77.6954193115,1
149,755,16,0.01,0.001,0.25,0.9,76.6268768311,0,76.6268768311,76.6268768311,77.0793228149,0,77.0793228149,77.0793228149,1
150,385,4,0.01,0.0001,0.5,0.9,76.6172561646,0,76.6172561646,76.6172561646,77.3681182861,0,77.3681182861,77.3681182861,1
151,429,4,0.001,0,0.5,0.7,76.6172561646,0,76.6172561646,76.6172561646,77.1852111816,0,77.1852111816,77.1852111816,1
152,613,8,0.001,0,0.75,0.5,76.6172561646,0,76.6172561646,76.6172561646,77.1755905151,0,77.1755905151,77.1755905151,1
153,628,8,0.001,0.0001,0.75,0.5,76.6172561646,0,76.6172561646,76.6172561646,77.2814788818,0,77.2814788818,77.2814788818,1
154,733,16,0.01,0,0.75,0.5,76.6172561646,0,76.6172561646,76.6172561646,77.4451293945,0,77.4451293945,77.4451293945,1
155,443,4,0.001,0.0001,0.5,0.5,76.6076278687,0,76.6076278687,76.6076278687,77.6184082031,0,77.6184082031,77.6184082031,1
156,559,8,0.01,0.0001,0.25,0.7,76.6076278687,0,76.6076278687,76.6076278687,77.5606460571,0,77.5606460571,77.5606460571,1
157,621,8,0.001,0.0001,0.5,0.1,76.6076278687,0,76.6076278687,76.6076278687,76.8386611938,0,76.8386611938,76.8386611938,1
158,744,16,0.01,0.0001,0.5,0.7,76.6076278687,0,76.6076278687,76.6076278687,77.4547576904,0,77.4547576904,77.4547576904,1
159,748,16,0.01,0.0001,0.75,0.5,76.6076278687,0,76.6076278687,76.6076278687,77.435508728,0,77.435508728,77.435508728,1
160,237,2,0.01,0.01,0.75,0.3,76.5979995728,0,76.5979995728,76.5979995728,76.8386611938,0,76.8386611938,76.8386611938,1
161,585,8,0.01,0.001,0.75,0.9,76.5979995728,0,76.5979995728,76.5979995728,77.4258728027,0,77.4258728027,77.4258728027,1
162,729,16,0.01,0,0.5,0.7,76.5979995728,0,76.5979995728,76.5979995728,77.4547576904,0,77.4547576904,77.4547576904,1
163,656,8,0.001,0.01,0.75,0.1,76.578742981,0,76.578742981,76.578742981,77.2237167358,0,77.2237167358,77.2237167358,1
164,544,8,0.01,0,0.25,0.7,76.5691146851,0,76.5691146851,76.5691146851,77.435508728,0,77.435508728,77.435508728,1
165,576,8,0.01,0.001,0.5,0.1,76.5691146851,0,76.5691146851,76.5691146851,78.263381958,0,78.263381958,78.263381958,1
166,640,8,0.001,0.001,0.5,0.9,76.5691146851,0,76.5691146851,76.5691146851,76.7712783813,0,76.7712783813,76.7712783813,1
167,1016,32,0.001,0.01,0.75,0.1,76.5691146851,0,76.5691146851,76.5691146851,77.4740066528,0,77.4740066528,77.4740066528,1
168,657,8,0.001,0.01,0.75,0.3,76.5594863892,0,76.5594863892,76.5594863892,77.3103561401,0,77.3103561401,77.3103561401,1
169,921,32,0.01,0.0001,0.5,0.1,76.5594863892,0,76.5594863892,76.5594863892,78.0997314453,0,78.0997314453,78.0997314453,1
170,820,16,0.001,0.001,0.5,0.9,76.5498657227,0,76.5498657227,76.5498657227,77.0504379272,0,77.0504379272,77.0504379272,1
171,838,16,0.001,0.01,0.75,0.5,76.5498657227,0,76.5498657227,76.5498657227,77.3392410278,0,77.3392410278,77.3392410278,1
172,643,8,0.001,0.001,0.75,0.5,76.5402374268,0,76.5402374268,76.5402374268,77.3007354736,0,77.3007354736,77.3007354736,1
173,444,4,0.001,0.0001,0.5,0.7,76.5209884644,0,76.5209884644,76.5209884644,77.1659622192,0,77.1659622192,77.1659622192,1
174,459,4,0.001,0.001,0.5,0.7,76.5113601685,0,76.5113601685,76.5113601685,77.1178283691,0,77.1178283691,77.1178283691,1
175,651,8,0.001,0.01,0.5,0.1,76.5017318726,0,76.5017318726,76.5017318726,76.7135162354,0,76.7135162354,76.7135162354,1
176,561,8,0.01,0.0001,0.5,0.1,76.4921035767,0,76.4921035767,76.4921035767,77.8783187866,0,77.8783187866,77.8783187866,1
177,606,8,0.001,0,0.5,0.1,76.4921035767,0,76.4921035767,76.4921035767,76.7616424561,0,76.7616424561,76.7616424561,1
178,754,16,0.01,0.001,0.25,0.7,76.4921035767,0,76.4921035767,76.4921035767,77.3873672485,0,77.3873672485,77.3873672485,1
179,411,4,0.01,0.01,0.5,0.1,76.4728546143,0,76.4728546143,76.4728546143,77.4643859863,0,77.4643859863,77.4643859863,1
180,623,8,0.001,0.0001,0.5,0.5,76.4728546143,0,76.4728546143,76.4728546143,77.1563339233,0,77.1563339233,77.1563339233,1
181,636,8,0.001,0.001,0.5,0.1,76.4728546143,0,76.4728546143,76.4728546143,76.7809066772,0,76.7809066772,76.7809066772,1
182,652,8,0.001,0.01,0.5,0.3,76.4728546143,0,76.4728546143,76.4728546143,77.0600662231,0,77.0600662231,77.0600662231,1
183,938,32,0.01,0.001,0.5,0.5,76.4728546143,0,76.4728546143,76.4728546143,77.8783187866,0,77.8783187866,77.8783187866,1
184,1129,64,0.01,0.01,0.25,0.7,76.4728546143,0,76.4728546143,76.4728546143,77.2911071777,0,77.2911071777,77.2911071777,1
185,397,4,0.01,0.001,0.5,0.3,76.4632263184,0,76.4632263184,76.4632263184,77.2237167358,0,77.2237167358,77.2237167358,1
186,363,4,0.01,0,0.25,0.5,76.4536056519,0,76.4536056519,76.4536056519,77.4643859863,0,77.4643859863,77.4643859863,1
187,638,8,0.001,0.001,0.5,0.5,76.4536056519,0,76.4536056519,76.4536056519,77.069694519,0,77.069694519,77.069694519,1
188,1133,64,0.01,0.01,0.5,0.5,76.4536056519,0,76.4536056519,76.4536056519,77.3584899902,0,77.3584899902,77.3584899902,1
189,294,2,0.001,0.01,0.5,0.7,76.4343490601,0,76.4343490601,76.4343490601,77.1948394775,0,77.1948394775,77.1948394775,1
190,658,8,0.001,0.01,0.75,0.5,76.4343490601,0,76.4343490601,76.4343490601,77.1178283691,0,77.1178283691,77.1178283691,1
191,734,16,0.01,0,0.75,0.7,76.4343490601,0,76.4343490601,76.4343490601,77.3681182861,0,77.3681182861,77.3681182861,1
192,794,16,0.001,0,0.75,0.7,76.4343490601,0,76.4343490601,76.4343490601,77.0793228149,0,77.0793228149,77.0793228149,1
193,546,8,0.01,0,0.5,0.1,76.4247207642,0,76.4247207642,76.4247207642,77.9264526367,0,77.9264526367,77.9264526367,1
194,809,16,0.001,0.0001,0.75,0.7,76.4247207642,0,76.4247207642,76.4247207642,77.0119400024,0,77.0119400024,77.0119400024,1
195,943,32,0.01,0.001,0.75,0.5,76.4247207642,0,76.4247207642,76.4247207642,77.3392410278,0,77.3392410278,77.3392410278,1
196,764,16,0.01,0.001,0.75,0.7,76.4150924683,0,76.4150924683,76.4150924683,77.1370849609,0,77.1370849609,77.1370849609,1
197,637,8,0.001,0.001,0.5,0.3,76.4054641724,0,76.4054641724,76.4054641724,76.9830551147,0,76.9830551147,76.9830551147,1
198,232,2,0.01,0.01,0.5,0.3,76.3958358765,0,76.3958358765,76.3958358765,77.1082077026,0,77.1082077026,77.1082077026,1
199,650,8,0.001,0.01,0.25,0.9,76.3958358765,0,76.3958358765,76.3958358765,76.6653823853,0,76.6653823853,76.6653823853,1
200,1134,64,0.01,0.01,0.5,0.7,76.3958358765,0,76.3958358765,76.3958358765,77.1082077026,0,77.1082077026,77.1082077026,1
201,228,2,0.01,0.01,0.25,0.5,76.3765869141,0,76.3765869141,76.3765869141,77.3488616943,0,77.3488616943,77.3488616943,1
202,378,4,0.01,0.0001,0.25,0.5,76.3669586182,0,76.3669586182,76.3669586182,77.4066238403,0,77.4066238403,77.4066238403,1
203,393,4,0.01,0.001,0.25,0.5,76.3669586182,0,76.3669586182,76.3669586182,77.5991516113,0,77.5991516113,77.5991516113,1
204,749,16,0.01,0.0001,0.75,0.7,76.3669586182,0,76.3669586182,76.3669586182,77.3392410278,0,77.3392410278,77.3392410278,1
205,804,16,0.001,0.0001,0.5,0.7,76.3669586182,0,76.3669586182,76.3669586182,76.8482894897,0,76.8482894897,76.8482894897,1
206,906,32,0.01,0,0.5,0.1,76.3669586182,0,76.3669586182,76.3669586182,77.8590698242,0,77.8590698242,77.8590698242,1
207,1013,32,0.001,0.01,0.5,0.5,76.3669586182,0,76.3669586182,76.3669586182,77.2525939941,0,77.2525939941,77.2525939941,1
208,398,4,0.01,0.001,0.5,0.5,76.3573379517,0,76.3573379517,76.3573379517,77.512512207,0,77.512512207,77.512512207,1
209,430,4,0.001,0,0.5,0.9,76.3573379517,0,76.3573379517,76.3573379517,76.7712783813,0,76.7712783813,76.7712783813,1
210,614,8,0.001,0,0.75,0.7,76.3573379517,0,76.3573379517,76.3573379517,76.8386611938,0,76.8386611938,76.8386611938,1
211,1136,64,0.01,0.01,0.75,0.1,76.3573379517,0,76.3573379517,76.3573379517,77.069694519,0,77.069694519,77.069694519,1
212,468,4,0.001,0.01,0.25,0.5,76.3477096558,0,76.3477096558,76.3477096558,76.8964157104,0,76.8964157104,76.8964157104,1
213,622,8,0.001,0.0001,0.5,0.3,76.3477096558,0,76.3477096558,76.3477096558,76.9830551147,0,76.9830551147,76.9830551147,1
214,789,16,0.001,0,0.5,0.7,76.3477096558,0,76.3477096558,76.3477096558,76.8482894897,0,76.8482894897,76.8482894897,1
215,828,16,0.001,0.01,0.25,0.5,76.3380813599,0,76.3380813599,76.3380813599,76.8097839355,0,76.8097839355,76.8097839355,1
216,399,4,0.01,0.001,0.5,0.7,76.328453064,0,76.328453064,76.328453064,77.1755905151,0,77.1755905151,77.1755905151,1
217,578,8,0.01,0.001,0.5,0.5,76.328453064,0,76.328453064,76.328453064,77.3488616943,0,77.3488616943,77.3488616943,1
218,629,8,0.001,0.0001,0.75,0.7,76.328453064,0,76.328453064,76.328453064,76.8386611938,0,76.8386611938,76.8386611938,1
219,819,16,0.001,0.001,0.5,0.7,76.328453064,0,76.328453064,76.328453064,76.8675384521,0,76.8675384521,76.8675384521,1
220,824,16,0.001,0.001,0.75,0.7,76.328453064,0,76.328453064,76.328453064,76.9541778564,0,76.9541778564,76.9541778564,1
221,945,32,0.01,0.001,0.75,0.9,76.328453064,0,76.328453064,76.328453064,77.2333450317,0,77.2333450317,77.2333450317,1
222,367,4,0.01,0,0.5,0.3,76.3188323975,0,76.3188323975,76.3188323975,77.2718582153,0,77.2718582153,77.2718582153,1
223,762,16,0.01,0.001,0.75,0.3,76.3188323975,0,76.3188323975,76.3188323975,76.9830551147,0,76.9830551147,76.9830551147,1
224,445,4,0.001,0.0001,0.5,0.9,76.3092041016,0,76.3092041016,76.3092041016,76.7809066772,0,76.7809066772,76.7809066772,1
225,732,16,0.01,0,0.75,0.3,76.3092041016,0,76.3092041016,76.3092041016,77.1467056274,0,77.1467056274,77.1467056274,1
226,927,32,0.01,0.0001,0.75,0.3,76.3092041016,0,76.3092041016,76.3092041016,77.2525939941,0,77.2525939941,77.2525939941,1
227,595,8,0.01,0.01,0.5,0.9,76.2899551392,0,76.2899551392,76.2899551392,76.934928894,0,76.934928894,76.934928894,1
228,607,8,0.001,0,0.5,0.3,76.2899551392,0,76.2899551392,76.2899551392,76.9926834106,0,76.9926834106,76.9926834106,1
229,747,16,0.01,0.0001,0.75,0.3,76.2899551392,0,76.2899551392,76.2899551392,77.2911071777,0,77.2911071777,77.2911071777,1
230,369,4,0.01,0,0.5,0.7,76.2803268433,0,76.2803268433,76.2803268433,77.3777389526,0,77.3777389526,77.3777389526,1
231,646,8,0.001,0.01,0.25,0.1,76.2803268433,0,76.2803268433,76.2803268433,76.877166748,0,76.877166748,76.877166748,1
232,740,16,0.01,0.0001,0.25,0.9,76.2803268433,0,76.2803268433,76.2803268433,76.6750106812,0,76.6750106812,76.6750106812,1
233,1017,32,0.001,0.01,0.75,0.3,76.2803268433,0,76.2803268433,76.2803268433,77.1659622192,0,77.1659622192,77.1659622192,1
234,460,4,0.001,0.001,0.5,0.9,76.2610702515,0,76.2610702515,76.2610702515,76.7616424561,0,76.7616424561,76.7616424561,1
235,382,4,0.01,0.0001,0.5,0.3,76.2514419556,0,76.2514419556,76.2514419556,77.0985794067,0,77.0985794067,77.0985794067,1
236,383,4,0.01,0.0001,0.5,0.5,76.2514419556,0,76.2514419556,76.2514419556,77.3007354736,0,77.3007354736,77.3007354736,1
237,427,4,0.001,0,0.5,0.3,76.2514419556,0,76.2514419556,76.2514419556,76.9445571899,0,76.9445571899,76.9445571899,1
238,644,8,0.001,0.001,0.75,0.7,76.2514419556,0,76.2514419556,76.2514419556,76.8097839355,0,76.8097839355,76.8097839355,1
239,362,4,0.01,0,0.25,0.3,76.2418136597,0,76.2418136597,76.2418136597,76.7809066772,0,76.7809066772,76.7809066772,1
240,368,4,0.01,0,0.5,0.5,76.2418136597,0,76.2418136597,76.2418136597,77.3969955444,0,77.3969955444,77.3969955444,1
241,377,4,0.01,0.0001,0.25,0.3,76.2418136597,0,76.2418136597,76.2418136597,76.7135162354,0,76.7135162354,76.7135162354,1
242,575,8,0.01,0.001,0.25,0.9,76.2418136597,0,76.2418136597,76.2418136597,77.1948394775,0,77.1948394775,77.1948394775,1
243,725,16,0.01,0,0.25,0.9,76.2418136597,0,76.2418136597,76.2418136597,76.7520217896,0,76.7520217896,76.7520217896,1
244,647,8,0.001,0.01,0.25,0.3,76.2321853638,0,76.2321853638,76.2321853638,76.9252929688,0,76.9252929688,76.9252929688,1
245,926,32,0.01,0.0001,0.75,0.1,76.2321853638,0,76.2321853638,76.2321853638,76.8386611938,0,76.8386611938,76.8386611938,1
246,384,4,0.01,0.0001,0.5,0.7,76.2225646973,0,76.2225646973,76.2225646973,77.4740066528,0,77.4740066528,77.4740066528,1
247,426,4,0.001,0,0.5,0.1,76.2225646973,0,76.2225646973,76.2225646973,76.6557540894,0,76.6557540894,76.6557540894,1
248,467,4,0.001,0.01,0.25,0.3,76.2129364014,0,76.2129364014,76.2129364014,76.9156723022,0,76.9156723022,76.9156723022,1
249,226,2,0.01,0.01,0.25,0.1,76.2033081055,0,76.2033081055,76.2033081055,77.2044677734,0,77.2044677734,77.2044677734,1
250,912,32,0.01,0,0.75,0.3,76.2033081055,0,76.2033081055,76.2033081055,76.9060440063,0,76.9060440063,76.9060440063,1
251,292,2,0.001,0.01,0.5,0.3,76.193687439,0,76.193687439,76.193687439,76.9734344482,0,76.9734344482,76.9734344482,1
252,405,4,0.01,0.001,0.75,0.9,76.193687439,0,76.193687439,76.193687439,76.8290328979,0,76.8290328979,76.8290328979,1
253,442,4,0.001,0.0001,0.5,0.3,76.193687439,0,76.193687439,76.193687439,76.9638061523,0,76.9638061523,76.9638061523,1
254,234,2,0.01,0.01,0.5,0.7,76.1840591431,0,76.1840591431,76.1840591431,77.4451293945,0,77.4451293945,77.4451293945,1
255,279,2,0.001,0.001,0.5,0.7,76.1744308472,0,76.1744308472,76.1744308472,76.9445571899,0,76.9445571899,76.9445571899,1
256,944,32,0.01,0.001,0.75,0.7,76.1744308472,0,76.1744308472,76.1744308472,77.1563339233,0,77.1563339233,77.1563339233,1
257,392,4,0.01,0.001,0.25,0.3,76.1648025513,0,76.1648025513,76.1648025513,76.7327651978,0,76.7327651978,76.7327651978,1
258,441,4,0.001,0.0001,0.5,0.1,76.1648025513,0,76.1648025513,76.1648025513,76.7905273438,0,76.7905273438,76.7905273438,1
259,563,8,0.01,0.0001,0.5,0.5,76.1648025513,0,76.1648025513,76.1648025513,77.5221405029,0,77.5221405029,77.5221405029,1
260,293,2,0.001,0.01,0.5,0.5,76.1551818848,0,76.1551818848,76.1551818848,77.1852111816,0,77.1852111816,77.1852111816,1
261,381,4,0.01,0.0001,0.5,0.1,76.1551818848,0,76.1551818848,76.1551818848,76.8579101562,0,76.8579101562,76.8579101562,1
262,440,4,0.001,0.0001,0.25,0.9,76.1551818848,0,76.1551818848,76.1551818848,76.7231369019,0,76.7231369019,76.7231369019,1
263,457,4,0.001,0.001,0.5,0.3,76.1551818848,0,76.1551818848,76.1551818848,76.8964157104,0,76.8964157104,76.8964157104,1
264,608,8,0.001,0,0.5,0.5,76.1551818848,0,76.1551818848,76.1551818848,76.7327651978,0,76.7327651978,76.7327651978,1
265,942,32,0.01,0.001,0.75,0.3,76.1551818848,0,76.1551818848,76.1551818848,77.0215606689,0,77.0215606689,77.0215606689,1
266,366,4,0.01,0,0.5,0.1,76.1455535889,0,76.1455535889,76.1455535889,76.8386611938,0,76.8386611938,76.8386611938,1
267,548,8,0.01,0,0.5,0.5,76.1455535889,0,76.1455535889,76.1455535889,77.4740066528,0,77.4740066528,77.4740066528,1
268,264,2,0.001,0.0001,0.5,0.7,76.135925293,0,76.135925293,76.135925293,77.069694519,0,77.069694519,77.069694519,1
269,419,4,0.01,0.01,0.75,0.7,76.135925293,0,76.135925293,76.135925293,77.0600662231,0,77.0600662231,77.0600662231,1
270,775,16,0.01,0.01,0.5,0.9,76.135925293,0,76.135925293,76.135925293,76.5979995728,0,76.5979995728,76.5979995728,1
271,941,32,0.01,0.001,0.75,0.1,76.1166763306,0,76.1166763306,76.1166763306,76.8386611938,0,76.8386611938,76.8386611938,1
272,830,16,0.001,0.01,0.25,0.9,76.1070480347,0,76.1070480347,76.1070480347,76.5883712769,0,76.5883712769,76.5883712769,1
273,278,2,0.001,0.001,0.5,0.5,76.0974197388,0,76.0974197388,76.0974197388,76.5883712769,0,76.5883712769,76.5883712769,1
274,470,4,0.001,0.01,0.25,0.9,76.0877914429,0,76.0877914429,76.0877914429,76.578742981,0,76.578742981,76.578742981,1
275,231,2,0.01,0.01,0.5,0.1,76.078163147,0,76.078163147,76.078163147,76.6268768311,0,76.6268768311,76.6268768311,1
276,425,4,0.001,0,0.25,0.9,76.078163147,0,76.078163147,76.078163147,76.6846389771,0,76.6846389771,76.6846389771,1
277,787,16,0.001,0,0.5,0.3,76.078163147,0,76.078163147,76.078163147,76.443977356,0,76.443977356,76.443977356,1
278,263,2,0.001,0.0001,0.5,0.5,76.0685348511,0,76.0685348511,76.0685348511,76.5017318726,0,76.5017318726,76.5017318726,1
279,248,2,0.001,0,0.5,0.5,76.0492858887,0,76.0492858887,76.0492858887,76.6076278687,0,76.6076278687,76.6076278687,1
280,554,8,0.01,0,0.75,0.7,76.0492858887,0,76.0492858887,76.0492858887,76.9445571899,0,76.9445571899,76.9445571899,1
281,746,16,0.01,0.0001,0.75,0.1,76.0492858887,0,76.0492858887,76.0492858887,76.8290328979,0,76.8290328979,76.8290328979,1
282,802,16,0.001,0.0001,0.5,0.3,76.0492858887,0,76.0492858887,76.0492858887,76.4536056519,0,76.4536056519,76.4536056519,1
283,238,2,0.01,0.01,0.75,0.5,76.0396575928,0,76.0396575928,76.0396575928,76.578742981,0,76.578742981,76.578742981,1
284,785,16,0.001,0,0.25,0.9,76.0396575928,0,76.0396575928,76.0396575928,76.2706985474,0,76.2706985474,76.2706985474,1
285,911,32,0.01,0,0.75,0.1,76.0396575928,0,76.0396575928,76.0396575928,76.7520217896,0,76.7520217896,76.7520217896,1
286,731,16,0.01,0,0.75,0.1,76.0300369263,0,76.0300369263,76.0300369263,76.8194046021,0,76.8194046021,76.8194046021,1
287,817,16,0.001,0.001,0.5,0.3,76.0300369263,0,76.0300369263,76.0300369263,76.4632263184,0,76.4632263184,76.4632263184,1
288,1018,32,0.001,0.01,0.75,0.5,76.0204086304,0,76.0204086304,76.0204086304,76.7905273438,0,76.7905273438,76.7905273438,1
289,229,2,0.01,0.01,0.25,0.7,76.0107803345,0,76.0107803345,76.0107803345,76.9060440063,0,76.9060440063,76.9060440063,1
290,801,16,0.001,0.0001,0.5,0.1,76.0107803345,0,76.0107803345,76.0107803345,76.7231369019,0,76.7231369019,76.7231369019,1
291,455,4,0.001,0.001,0.25,0.9,76.0011520386,0,76.0011520386,76.0011520386,76.6846389771,0,76.6846389771,76.6846389771,1
292,800,16,0.001,0.0001,0.25,0.9,75.9915313721,0,75.9915313721,75.9915313721,76.2899551392,0,76.2899551392,76.2899551392,1
293,446,4,0.001,0.0001,0.75,0.1,75.9819030762,0,75.9819030762,75.9819030762,76.9156723022,0,76.9156723022,76.9156723022,1
294,466,4,0.001,0.01,0.25,0.1,75.9819030762,0,75.9819030762,75.9819030762,76.5017318726,0,76.5017318726,76.5017318726,1
295,786,16,0.001,0,0.5,0.1,75.9819030762,0,75.9819030762,75.9819030762,76.6653823853,0,76.6653823853,76.6653823853,1
296,560,8,0.01,0.0001,0.25,0.9,75.9722747803,0,75.9722747803,75.9722747803,76.9060440063,0,76.9060440063,76.9060440063,1
297,816,16,0.001,0.001,0.5,0.1,75.9722747803,0,75.9722747803,75.9722747803,76.6557540894,0,76.6557540894,76.6557540894,1
298,394,4,0.01,0.001,0.25,0.7,75.9530258179,0,75.9530258179,75.9530258179,76.7520217896,0,76.7520217896,76.7520217896,1
299,545,8,0.01,0,0.25,0.9,75.9530258179,0,75.9530258179,75.9530258179,76.9060440063,0,76.9060440063,76.9060440063,1
300,553,8,0.01,0,0.75,0.5,75.9530258179,0,75.9530258179,75.9530258179,76.8097839355,0,76.8097839355,76.8097839355,1
301,448,4,0.001,0.0001,0.75,0.5,75.9337692261,0,75.9337692261,75.9337692261,76.6461334229,0,76.6461334229,76.6461334229,1
302,461,4,0.001,0.001,0.75,0.1,75.9337692261,0,75.9337692261,75.9337692261,76.8290328979,0,76.8290328979,76.8290328979,1
303,291,2,0.001,0.01,0.5,0.1,75.9241485596,0,75.9241485596,75.9241485596,76.5979995728,0,76.5979995728,76.5979995728,1
304,391,4,0.01,0.001,0.25,0.1,75.9241485596,0,75.9241485596,75.9241485596,77.0215606689,0,77.0215606689,77.0215606689,1
305,364,4,0.01,0,0.25,0.7,75.9145126343,0,75.9145126343,75.9145126343,76.7616424561,0,76.7616424561,76.7616424561,1
306,914,32,0.01,0,0.75,0.7,75.9145126343,0,75.9145126343,75.9145126343,76.8290328979,0,76.8290328979,76.8290328979,1
307,415,4,0.01,0.01,0.5,0.9,75.9048843384,0,75.9048843384,75.9048843384,76.2418136597,0,76.2418136597,76.2418136597,1
308,929,32,0.01,0.0001,0.75,0.7,75.9048843384,0,75.9048843384,75.9048843384,76.7327651978,0,76.7327651978,76.7327651978,1
309,750,16,0.01,0.0001,0.75,0.9,75.8952636719,0,75.8952636719,75.8952636719,76.4054641724,0,76.4054641724,76.4054641724,1
310,1116,64,0.01,0.001,0.5,0.1,75.8952636719,0,75.8952636719,75.8952636719,76.9252929688,0,76.9252929688,76.9252929688,1
311,379,4,0.01,0.0001,0.25,0.7,75.885635376,0,75.885635376,75.885635376,76.7038879395,0,76.7038879395,76.7038879395,1
312,404,4,0.01,0.001,0.75,0.7,75.885635376,0,75.885635376,75.885635376,76.9541778564,0,76.9541778564,76.9541778564,1
313,432,4,0.001,0,0.75,0.3,75.885635376,0,75.885635376,75.885635376,77.0023117065,0,77.0023117065,77.0023117065,1
314,648,8,0.001,0.01,0.25,0.5,75.885635376,0,75.885635376,75.885635376,76.8001556396,0,76.8001556396,76.8001556396,1
315,1137,64,0.01,0.01,0.75,0.3,75.885635376,0,75.885635376,75.885635376,76.934928894,0,76.934928894,76.934928894,1
316,431,4,0.001,0,0.75,0.1,75.8760070801,0,75.8760070801,75.8760070801,76.9060440063,0,76.9060440063,76.9060440063,1
317,433,4,0.001,0,0.75,0.5,75.8760070801,0,75.8760070801,75.8760070801,76.7809066772,0,76.7809066772,76.7809066772,1
318,955,32,0.01,0.01,0.5,0.9,75.8760070801,0,75.8760070801,75.8760070801,76.1648025513,0,76.1648025513,76.1648025513,1
319,220,2,0.01,0.001,0.5,0.9,75.8663864136,0,75.8663864136,75.8663864136,76.2610702515,0,76.2610702515,76.2610702515,1
320,376,4,0.01,0.0001,0.25,0.1,75.8567581177,0,75.8567581177,75.8567581177,76.877166748,0,76.877166748,76.877166748,1
321,550,8,0.01,0,0.5,0.9,75.8567581177,0,75.8567581177,75.8567581177,76.2995758057,0,76.2995758057,76.2995758057,1
322,565,8,0.01,0.0001,0.5,0.9,75.8567581177,0,75.8567581177,75.8567581177,76.2995758057,0,76.2995758057,76.2995758057,1
323,583,8,0.01,0.001,0.75,0.5,75.8567581177,0,75.8567581177,75.8567581177,76.5498657227,0,76.5498657227,76.5498657227,1
324,735,16,0.01,0,0.75,0.9,75.8567581177,0,75.8567581177,75.8567581177,76.3669586182,0,76.3669586182,76.3669586182,1
325,761,16,0.01,0.001,0.75,0.1,75.8567581177,0,75.8567581177,75.8567581177,76.6268768311,0,76.6268768311,76.6268768311,1
326,568,8,0.01,0.0001,0.75,0.5,75.8471298218,0,75.8471298218,75.8471298218,76.7616424561,0,76.7616424561,76.7616424561,1
327,814,16,0.001,0.001,0.25,0.7,75.8278808594,0,75.8278808594,75.8278808594,76.1070480347,0,76.1070480347,76.1070480347,1
328,839,16,0.001,0.01,0.75,0.7,75.8278808594,0,75.8278808594,75.8278808594,76.2899551392,0,76.2899551392,76.2899551392,1
329,418,4,0.01,0.01,0.75,0.5,75.8182525635,0,75.8182525635,75.8182525635,76.7135162354,0,76.7135162354,76.7135162354,1
330,989,32,0.001,0.0001,0.75,0.7,75.8182525635,0,75.8182525635,75.8182525635,76.5979995728,0,76.5979995728,76.5979995728,1
331,788,16,0.001,0,0.5,0.5,75.7990036011,0,75.7990036011,75.7990036011,76.1744308472,0,76.1744308472,76.1744308472,1
332,361,4,0.01,0,0.25,0.1,75.7893753052,0,75.7893753052,75.7893753052,76.9830551147,0,76.9830551147,76.9830551147,1
333,799,16,0.001,0.0001,0.25,0.7,75.7893753052,0,75.7893753052,75.7893753052,76.078163147,0,76.078163147,76.078163147,1
334,827,16,0.001,0.01,0.25,0.3,75.7893753052,0,75.7893753052,75.7893753052,76.1840591431,0,76.1840591431,76.1840591431,1
335,974,32,0.001,0,0.75,0.7,75.7893753052,0,75.7893753052,75.7893753052,76.5979995728,0,76.5979995728,76.5979995728,1
336,462,4,0.001,0.001,0.75,0.3,75.7797470093,0,75.7797470093,75.7797470093,77.0119400024,0,77.0119400024,77.0119400024,1
337,784,16,0.001,0,0.25,0.7,75.7797470093,0,75.7797470093,75.7797470093,76.0589141846,0,76.0589141846,76.0589141846,1
338,818,16,0.001,0.001,0.5,0.5,75.7797470093,0,75.7797470093,75.7797470093,76.1744308472,0,76.1744308472,76.1744308472,1
339,555,8,0.01,0,0.75,0.9,75.7701187134,0,75.7701187134,75.7701187134,76.1648025513,0,76.1648025513,76.1648025513,1
340,760,16,0.01,0.001,0.5,0.9,75.7701187134,0,75.7701187134,75.7701187134,76.3092041016,0,76.3092041016,76.3092041016,1
341,1101,64,0.01,0.0001,0.5,0.1,75.7701187134,0,75.7701187134,75.7701187134,76.9252929688,0,76.9252929688,76.9252929688,1
342,1138,64,0.01,0.01,0.75,0.5,75.7701187134,0,75.7701187134,75.7701187134,76.4150924683,0,76.4150924683,76.4150924683,1
343,205,2,0.01,0.0001,0.5,0.9,75.7604980469,0,75.7604980469,75.7604980469,76.4150924683,0,76.4150924683,76.4150924683,1
344,659,8,0.001,0.01,0.75,0.7,75.7604980469,0,75.7604980469,75.7604980469,76.2225646973,0,76.2225646973,76.2225646973,1
345,566,8,0.01,0.0001,0.75,0.1,75.7412338257,0,75.7412338257,75.7412338257,76.8482894897,0,76.8482894897,76.8482894897,1
346,195,2,0.01,0,0.75,0.9,75.7316131592,0,75.7316131592,75.7316131592,76.3573379517,0,76.3573379517,76.3573379517,1
347,745,16,0.01,0.0001,0.5,0.9,75.7316131592,0,75.7316131592,75.7316131592,76.443977356,0,76.443977356,76.443977356,1
348,249,2,0.001,0,0.5,0.7,75.7219848633,0,75.7219848633,75.7219848633,76.38621521,0,76.38621521,76.38621521,1
349,803,16,0.001,0.0001,0.5,0.5,75.7219848633,0,75.7219848633,75.7219848633,76.1455535889,0,76.1455535889,76.1455535889,1
350,1086,64,0.01,0,0.5,0.1,75.7219848633,0,75.7219848633,75.7219848633,76.9734344482,0,76.9734344482,76.9734344482,1
351,924,32,0.01,0.0001,0.5,0.7,75.7123565674,0,75.7123565674,75.7123565674,76.5113601685,0,76.5113601685,76.5113601685,1
352,909,32,0.01,0,0.5,0.7,75.7027359009,0,75.7027359009,75.7027359009,76.5306091309,0,76.5306091309,76.5306091309,1
353,447,4,0.001,0.0001,0.75,0.3,75.693107605,0,75.693107605,75.693107605,77.1178283691,0,77.1178283691,77.1178283691,1
354,463,4,0.001,0.001,0.75,0.5,75.693107605,0,75.693107605,75.693107605,76.7616424561,0,76.7616424561,76.7616424561,1
355,908,32,0.01,0,0.5,0.5,75.693107605,0,75.693107605,75.693107605,76.9734344482,0,76.9734344482,76.9734344482,1
356,923,32,0.01,0.0001,0.5,0.5,75.693107605,0,75.693107605,75.693107605,76.9541778564,0,76.9541778564,76.9541778564,1
357,389,4,0.01,0.0001,0.75,0.7,75.6834793091,0,75.6834793091,75.6834793091,76.578742981,0,76.578742981,76.578742981,1
358,552,8,0.01,0,0.75,0.3,75.6834793091,0,75.6834793091,75.6834793091,76.4824829102,0,76.4824829102,76.4824829102,1
359,730,16,0.01,0,0.5,0.9,75.6834793091,0,75.6834793091,75.6834793091,76.38621521,0,76.38621521,76.38621521,1
360,1004,32,0.001,0.001,0.75,0.7,75.6834793091,0,75.6834793091,75.6834793091,76.6172561646,0,76.6172561646,76.6172561646,1
361,1139,64,0.01,0.01,0.75,0.7,75.6834793091,0,75.6834793091,75.6834793091,75.9530258179,0,75.9530258179,75.9530258179,1
362,190,2,0.01,0,0.5,0.9,75.6738510132,0,75.6738510132,75.6738510132,76.4150924683,0,76.4150924683,76.4150924683,1
363,289,2,0.001,0.01,0.25,0.7,75.6738510132,0,75.6738510132,75.6738510132,76.3477096558,0,76.3477096558,76.3477096558,1
364,374,4,0.01,0,0.75,0.7,75.6738510132,0,75.6738510132,75.6738510132,76.5402374268,0,76.5402374268,76.5402374268,1
365,581,8,0.01,0.001,0.75,0.1,75.6738510132,0,75.6738510132,75.6738510132,76.8097839355,0,76.8097839355,76.8097839355,1
366,939,32,0.01,0.001,0.5,0.7,75.6738510132,0,75.6738510132,75.6738510132,76.5017318726,0,76.5017318726,76.5017318726,1
367,227,2,0.01,0.01,0.25,0.3,75.6546020508,0,75.6546020508,75.6546020508,77.0311889648,0,77.0311889648,77.0311889648,1
368,380,4,0.01,0.0001,0.25,0.9,75.6546020508,0,75.6546020508,75.6546020508,76.5209884644,0,76.5209884644,76.5209884644,1
369,826,16,0.001,0.01,0.25,0.1,75.6449737549,0,75.6449737549,75.6449737549,76.1455535889,0,76.1455535889,76.1455535889,1
370,375,4,0.01,0,0.75,0.9,75.6353530884,0,75.6353530884,75.6353530884,76.2418136597,0,76.2418136597,76.2418136597,1
371,477,4,0.001,0.01,0.75,0.3,75.6353530884,0,75.6353530884,75.6353530884,76.7231369019,0,76.7231369019,76.7231369019,1
372,478,4,0.001,0.01,0.75,0.5,75.6353530884,0,75.6353530884,75.6353530884,76.3188323975,0,76.3188323975,76.3188323975,1
373,933,32,0.01,0.001,0.25,0.5,75.6353530884,0,75.6353530884,75.6353530884,76.8867874146,0,76.8867874146,76.8867874146,1
374,476,4,0.001,0.01,0.75,0.1,75.6160964966,0,75.6160964966,75.6160964966,76.7712783813,0,76.7712783813,76.7712783813,1
375,631,8,0.001,0.001,0.25,0.1,75.6160964966,0,75.6160964966,75.6160964966,76.2803268433,0,76.2803268433,76.2803268433,1
376,616,8,0.001,0.0001,0.25,0.1,75.6064682007,0,75.6064682007,75.6064682007,76.2610702515,0,76.2610702515,76.2610702515,1
377,213,2,0.01,0.001,0.25,0.5,75.5968475342,0,75.5968475342,75.5968475342,76.5113601685,0,76.5113601685,76.5113601685,1
378,396,4,0.01,0.001,0.5,0.1,75.5968475342,0,75.5968475342,75.5968475342,76.6461334229,0,76.6461334229,76.6461334229,1
379,601,8,0.001,0,0.25,0.1,75.5968475342,0,75.5968475342,75.5968475342,76.2803268433,0,76.2803268433,76.2803268433,1
380,365,4,0.01,0,0.25,0.9,75.5872116089,0,75.5872116089,75.5872116089,76.5209884644,0,76.5209884644,76.5209884644,1
381,551,8,0.01,0,0.75,0.1,75.577583313,0,75.577583313,75.577583313,76.8001556396,0,76.8001556396,76.8001556396,1
382,210,2,0.01,0.0001,0.75,0.9,75.5583343506,0,75.5583343506,75.5583343506,76.2803268433,0,76.2803268433,76.2803268433,1
383,390,4,0.01,0.0001,0.75,0.9,75.5583343506,0,75.5583343506,75.5583343506,76.2610702515,0,76.2610702515,76.2610702515,1
384,582,8,0.01,0.001,0.75,0.3,75.5487060547,0,75.5487060547,75.5487060547,76.5017318726,0,76.5017318726,76.5017318726,1
385,567,8,0.01,0.0001,0.75,0.3,75.5390853882,0,75.5390853882,75.5390853882,76.5209884644,0,76.5209884644,76.5209884644,1
386,402,4,0.01,0.001,0.75,0.3,75.5198287964,0,75.5198287964,75.5198287964,76.636505127,0,76.636505127,76.636505127,1
387,632,8,0.001,0.001,0.25,0.3,75.5198287964,0,75.5198287964,75.5198287964,76.1263046265,0,76.1263046265,76.1263046265,1
388,262,2,0.001,0.0001,0.5,0.3,75.5102005005,0,75.5102005005,75.5102005005,76.0011520386,0,76.0011520386,76.0011520386,1
389,387,4,0.01,0.0001,0.75,0.3,75.5102005005,0,75.5102005005,75.5102005005,76.4247207642,0,76.4247207642,76.4247207642,1
390,395,4,0.01,0.001,0.25,0.9,75.5102005005,0,75.5102005005,75.5102005005,76.5209884644,0,76.5209884644,76.5209884644,1
391,1010,32,0.001,0.01,0.25,0.9,75.500579834,0,75.500579834,75.500579834,76.2033081055,0,76.2033081055,76.2033081055,1
392,247,2,0.001,0,0.5,0.3,75.4909515381,0,75.4909515381,75.4909515381,76.1166763306,0,76.1166763306,76.1166763306,1
393,602,8,0.001,0,0.25,0.3,75.4909515381,0,75.4909515381,75.4909515381,75.9722747803,0,75.9722747803,75.9722747803,1
394,1019,32,0.001,0.01,0.75,0.7,75.4813232422,0,75.4813232422,75.4813232422,76.2610702515,0,76.2610702515,76.2610702515,1
395,1117,64,0.01,0.001,0.5,0.3,75.4813232422,0,75.4813232422,75.4813232422,76.443977356,0,76.443977356,76.443977356,1
396,372,4,0.01,0,0.75,0.3,75.4717025757,0,75.4717025757,75.4717025757,76.328453064,0,76.328453064,76.328453064,1
397,617,8,0.001,0.0001,0.25,0.3,75.4717025757,0,75.4717025757,75.4717025757,75.9915313721,0,75.9915313721,75.9915313721,1
398,782,16,0.001,0,0.25,0.3,75.4717025757,0,75.4717025757,75.4717025757,75.7027359009,0,75.7027359009,75.7027359009,1
399,797,16,0.001,0.0001,0.25,0.3,75.4620742798,0,75.4620742798,75.4620742798,75.7123565674,0,75.7123565674,75.7123565674,1
400,812,16,0.001,0.001,0.25,0.3,75.4620742798,0,75.4620742798,75.4620742798,75.7604980469,0,75.7604980469,75.7604980469,1
401,813,16,0.001,0.001,0.25,0.5,75.4524459839,0,75.4524459839,75.4524459839,75.8182525635,0,75.8182525635,75.8182525635,1
402,783,16,0.001,0,0.25,0.5,75.442817688,0,75.442817688,75.442817688,75.8375015259,0,75.8375015259,75.8375015259,1
403,798,16,0.001,0.0001,0.25,0.5,75.442817688,0,75.442817688,75.442817688,75.8375015259,0,75.8375015259,75.8375015259,1
404,183,2,0.01,0,0.25,0.5,75.4331970215,0,75.4331970215,75.4331970215,76.2899551392,0,76.2899551392,76.2899551392,1
405,449,4,0.001,0.0001,0.75,0.7,75.4331970215,0,75.4331970215,75.4331970215,75.9048843384,0,75.9048843384,75.9048843384,1
406,199,2,0.01,0.0001,0.25,0.7,75.4235687256,0,75.4235687256,75.4235687256,76.2514419556,0,76.2514419556,76.2514419556,1
407,386,4,0.01,0.0001,0.75,0.1,75.4235687256,0,75.4235687256,75.4235687256,76.5402374268,0,76.5402374268,76.5402374268,1
408,464,4,0.001,0.001,0.75,0.7,75.4235687256,0,75.4235687256,75.4235687256,75.9626541138,0,75.9626541138,75.9626541138,1
409,434,4,0.001,0,0.75,0.7,75.4139328003,0,75.4139328003,75.4139328003,75.9915313721,0,75.9915313721,75.9915313721,1
410,219,2,0.01,0.001,0.5,0.7,75.385055542,0,75.385055542,75.385055542,76.5209884644,0,76.5209884644,76.5209884644,1
411,198,2,0.01,0.0001,0.25,0.5,75.3754348755,0,75.3754348755,75.3754348755,76.2321853638,0,76.2321853638,76.2321853638,1
412,277,2,0.001,0.001,0.5,0.3,75.3754348755,0,75.3754348755,75.3754348755,76.135925293,0,76.135925293,76.135925293,1
413,280,2,0.001,0.001,0.5,0.9,75.3754348755,0,75.3754348755,75.3754348755,76.0396575928,0,76.0396575928,76.0396575928,1
414,401,4,0.01,0.001,0.75,0.1,75.3754348755,0,75.3754348755,75.3754348755,76.4921035767,0,76.4921035767,76.4921035767,1
415,655,8,0.001,0.01,0.5,0.9,75.3658065796,0,75.3658065796,75.3658065796,75.7797470093,0,75.7797470093,75.7797470093,1
416,1118,64,0.01,0.001,0.5,0.5,75.3658065796,0,75.3658065796,75.3658065796,76.3669586182,0,76.3669586182,76.3669586182,1
417,214,2,0.01,0.001,0.25,0.7,75.3465499878,0,75.3465499878,75.3465499878,76.4247207642,0,76.4247207642,76.4247207642,1
418,265,2,0.001,0.0001,0.5,0.9,75.3465499878,0,75.3465499878,75.3465499878,75.9241485596,0,75.9241485596,75.9241485596,1
419,811,16,0.001,0.001,0.25,0.1,75.3465499878,0,75.3465499878,75.3465499878,75.9241485596,0,75.9241485596,75.9241485596,1
420,1014,32,0.001,0.01,0.5,0.7,75.3465499878,0,75.3465499878,75.3465499878,76.4150924683,0,76.4150924683,76.4150924683,1
421,250,2,0.001,0,0.5,0.9,75.3273010254,0,75.3273010254,75.3273010254,76.0204086304,0,76.0204086304,76.0204086304,1
422,781,16,0.001,0,0.25,0.1,75.3273010254,0,75.3273010254,75.3273010254,75.9241485596,0,75.9241485596,75.9241485596,1
423,224,2,0.01,0.001,0.75,0.7,75.3176727295,0,75.3176727295,75.3176727295,75.4813232422,0,75.4813232422,75.4813232422,1
424,225,2,0.01,0.001,0.75,0.9,75.3176727295,0,75.3176727295,75.3176727295,75.9337692261,0,75.9337692261,75.9337692261,1
425,235,2,0.01,0.01,0.5,0.9,75.3176727295,0,75.3176727295,75.3176727295,75.9915313721,0,75.9915313721,75.9915313721,1
426,796,16,0.001,0.0001,0.25,0.1,75.3176727295,0,75.3176727295,75.3176727295,75.9048843384,0,75.9048843384,75.9048843384,1
427,290,2,0.001,0.01,0.25,0.9,75.308052063,0,75.308052063,75.308052063,75.5872116089,0,75.5872116089,75.5872116089,1
428,1102,64,0.01,0.0001,0.5,0.3,75.2984237671,0,75.2984237671,75.2984237671,76.3477096558,0,76.3477096558,76.3477096558,1
429,370,4,0.01,0,0.5,0.9,75.2887954712,0,75.2887954712,75.2887954712,75.7990036011,0,75.7990036011,75.7990036011,1
430,1012,32,0.001,0.01,0.5,0.3,75.2887954712,0,75.2887954712,75.2887954712,76.1648025513,0,76.1648025513,76.1648025513,1
431,403,4,0.01,0.001,0.75,0.5,75.2791671753,0,75.2791671753,75.2791671753,76.2321853638,0,76.2321853638,76.2321853638,1
432,1003,32,0.001,0.001,0.75,0.5,75.2791671753,0,75.2791671753,75.2791671753,76.3477096558,0,76.3477096558,76.3477096558,1
433,1087,64,0.01,0,0.5,0.3,75.2599182129,0,75.2599182129,75.2599182129,76.328453064,0,76.328453064,76.328453064,1
434,1107,64,0.01,0.0001,0.75,0.3,75.2599182129,0,75.2599182129,75.2599182129,76.3958358765,0,76.3958358765,76.3958358765,1
435,189,2,0.01,0,0.5,0.7,75.2502822876,0,75.2502822876,75.2502822876,76.2129364014,0,76.2129364014,76.2129364014,1
436,835,16,0.001,0.01,0.5,0.9,75.2502822876,0,75.2502822876,75.2502822876,75.6834793091,0,75.6834793091,75.6834793091,1
437,1122,64,0.01,0.001,0.75,0.3,75.2406616211,0,75.2406616211,75.2406616211,76.3573379517,0,76.3573379517,76.3573379517,1
438,1092,64,0.01,0,0.75,0.3,75.2310333252,0,75.2310333252,75.2310333252,76.3477096558,0,76.3477096558,76.3477096558,1
439,1106,64,0.01,0.0001,0.75,0.1,75.2117843628,0,75.2117843628,75.2117843628,76.0685348511,0,76.0685348511,76.0685348511,1
440,634,8,0.001,0.001,0.25,0.7,75.2021560669,0,75.2021560669,75.2021560669,75.943397522,0,75.943397522,75.943397522,1
441,950,32,0.01,0.01,0.25,0.9,75.2021560669,0,75.2021560669,75.2021560669,75.7123565674,0,75.7123565674,75.7123565674,1
442,1006,32,0.001,0.01,0.25,0.1,75.2021560669,0,75.2021560669,75.2021560669,76.2995758057,0,76.2995758057,76.2995758057,1
443,204,2,0.01,0.0001,0.5,0.7,75.192527771,0,75.192527771,75.192527771,76.2033081055,0,76.2033081055,76.2033081055,1
444,373,4,0.01,0,0.75,0.5,75.192527771,0,75.192527771,75.192527771,76.2803268433,0,76.2803268433,76.2803268433,1
445,604,8,0.001,0,0.25,0.7,75.1828994751,0,75.1828994751,75.1828994751,75.9626541138,0,75.9626541138,75.9626541138,1
446,935,32,0.01,0.001,0.25,0.9,75.1828994751,0,75.1828994751,75.1828994751,75.9145126343,0,75.9145126343,75.9145126343,1
447,1091,64,0.01,0,0.75,0.1,75.1828994751,0,75.1828994751,75.1828994751,76.0492858887,0,76.0492858887,76.0492858887,1
448,388,4,0.01,0.0001,0.75,0.5,75.1732788086,0,75.1732788086,75.1732788086,76.2899551392,0,76.2899551392,76.2899551392,1
449,619,8,0.001,0.0001,0.25,0.7,75.1732788086,0,75.1732788086,75.1732788086,75.9626541138,0,75.9626541138,75.9626541138,1
450,988,32,0.001,0.0001,0.75,0.5,75.1636505127,0,75.1636505127,75.1636505127,75.9722747803,0,75.9722747803,75.9722747803,1
451,184,2,0.01,0,0.25,0.7,75.1444015503,0,75.1444015503,75.1444015503,76.1263046265,0,76.1263046265,76.1263046265,1
452,961,32,0.001,0,0.25,0.1,75.1444015503,0,75.1444015503,75.1444015503,75.9722747803,0,75.9722747803,75.9722747803,1
453,976,32,0.001,0.0001,0.25,0.1,75.1444015503,0,75.1444015503,75.1444015503,75.9722747803,0,75.9722747803,75.9722747803,1
454,991,32,0.001,0.001,0.25,0.1,75.1444015503,0,75.1444015503,75.1444015503,75.9626541138,0,75.9626541138,75.9626541138,1
455,223,2,0.01,0.001,0.75,0.5,75.1347732544,0,75.1347732544,75.1347732544,75.7604980469,0,75.7604980469,75.7604980469,1
456,439,4,0.001,0.0001,0.25,0.7,75.1347732544,0,75.1347732544,75.1347732544,75.7316131592,0,75.7316131592,75.7316131592,1
457,603,8,0.001,0,0.25,0.5,75.1347732544,0,75.1347732544,75.1347732544,75.5390853882,0,75.5390853882,75.5390853882,1
458,618,8,0.001,0.0001,0.25,0.5,75.1347732544,0,75.1347732544,75.1347732544,75.5583343506,0,75.5583343506,75.5583343506,1
459,973,32,0.001,0,0.75,0.5,75.1347732544,0,75.1347732544,75.1347732544,75.9819030762,0,75.9819030762,75.9819030762,1
460,424,4,0.001,0,0.25,0.7,75.1251449585,0,75.1251449585,75.1251449585,75.7508621216,0,75.7508621216,75.7508621216,1
461,1121,64,0.01,0.001,0.75,0.1,75.1251449585,0,75.1251449585,75.1251449585,76.0877914429,0,76.0877914429,76.0877914429,1
462,925,32,0.01,0.0001,0.5,0.9,75.1155166626,0,75.1155166626,75.1155166626,76.3669586182,0,76.3669586182,76.3669586182,1
463,196,2,0.01,0.0001,0.25,0.1,75.1058959961,0,75.1058959961,75.1058959961,75.9722747803,0,75.9722747803,75.9722747803,1
464,275,2,0.001,0.001,0.25,0.9,75.0962677002,0,75.0962677002,75.0962677002,75.9626541138,0,75.9626541138,75.9626541138,1
465,212,2,0.01,0.001,0.25,0.3,75.0866394043,0,75.0866394043,75.0866394043,75.7316131592,0,75.7316131592,75.7316131592,1
466,261,2,0.001,0.0001,0.5,0.1,75.0770111084,0,75.0770111084,75.0770111084,75.8278808594,0,75.8278808594,75.8278808594,1
467,282,2,0.001,0.001,0.75,0.3,75.0770111084,0,75.0770111084,75.0770111084,75.6064682007,0,75.6064682007,75.6064682007,1
468,371,4,0.01,0,0.75,0.1,75.0770111084,0,75.0770111084,75.0770111084,75.9337692261,0,75.9337692261,75.9337692261,1
469,454,4,0.001,0.001,0.25,0.7,75.0770111084,0,75.0770111084,75.0770111084,75.8182525635,0,75.8182525635,75.8182525635,1
470,1000,32,0.001,0.001,0.5,0.9,75.0770111084,0,75.0770111084,75.0770111084,75.885635376,0,75.885635376,75.885635376,1
471,633,8,0.001,0.001,0.25,0.5,75.0673828125,0,75.0673828125,75.0673828125,75.5872116089,0,75.5872116089,75.5872116089,1
472,913,32,0.01,0,0.75,0.5,75.0673828125,0,75.0673828125,75.0673828125,75.7508621216,0,75.7508621216,75.7508621216,1
473,239,2,0.01,0.01,0.75,0.7,75.0481338501,0,75.0481338501,75.0481338501,75.9819030762,0,75.9819030762,75.9819030762,1
474,992,32,0.001,0.001,0.25,0.3,75.0481338501,0,75.0481338501,75.0481338501,75.9819030762,0,75.9819030762,75.9819030762,1
475,276,2,0.001,0.001,0.5,0.1,75.0385055542,0,75.0385055542,75.0385055542,75.8182525635,0,75.8182525635,75.8182525635,1
476,1007,32,0.001,0.01,0.25,0.3,75.0385055542,0,75.0385055542,75.0385055542,76.1551818848,0,76.1551818848,76.1551818848,1
477,211,2,0.01,0.001,0.25,0.1,75.0096282959,0,75.0096282959,75.0096282959,75.8760070801,0,75.8760070801,75.8760070801,1
478,940,32,0.01,0.001,0.5,0.9,75.0096282959,0,75.0096282959,75.0096282959,76.1455535889,0,76.1455535889,76.1455535889,1
479,209,2,0.01,0.0001,0.75,0.7,75,0,75,75,75.4235687256,0,75.4235687256,75.4235687256,1
480,422,4,0.001,0,0.25,0.3,75,0,75,75,75.5583343506,0,75.5583343506,75.5583343506,1
481,928,32,0.01,0.0001,0.75,0.5,75,0,75,75,75.9915313721,0,75.9915313721,75.9915313721,1
482,962,32,0.001,0,0.25,0.3,75,0,75,75,75.9915313721,0,75.9915313721,75.9915313721,1
483,977,32,0.001,0.0001,0.25,0.3,75,0,75,75,75.9915313721,0,75.9915313721,75.9915313721,1
484,182,2,0.01,0,0.25,0.3,74.9903717041,0,74.9903717041,74.9903717041,76.0396575928,0,76.0396575928,76.0396575928,1
485,252,2,0.001,0,0.75,0.3,74.9903717041,0,74.9903717041,74.9903717041,75.7412338257,0,75.7412338257,75.7412338257,1
486,260,2,0.001,0.0001,0.25,0.9,74.9807510376,0,74.9807510376,74.9807510376,75.8375015259,0,75.8375015259,75.8375015259,1
487,910,32,0.01,0,0.5,0.9,74.9711227417,0,74.9711227417,74.9711227417,76.1840591431,0,76.1840591431,76.1840591431,1
488,245,2,0.001,0,0.25,0.9,74.9614944458,0,74.9614944458,74.9614944458,75.8182525635,0,75.8182525635,75.8182525635,1
489,437,4,0.001,0.0001,0.25,0.3,74.9518661499,0,74.9518661499,74.9518661499,75.4813232422,0,75.4813232422,75.4813232422,1
490,197,2,0.01,0.0001,0.25,0.3,74.9422454834,0,74.9422454834,74.9422454834,76.0492858887,0,76.0492858887,76.0492858887,1
491,479,4,0.001,0.01,0.75,0.7,74.9422454834,0,74.9422454834,74.9422454834,75.5390853882,0,75.5390853882,75.5390853882,1
492,217,2,0.01,0.001,0.5,0.3,74.9326171875,0,74.9326171875,74.9326171875,75.8278808594,0,75.8278808594,75.8278808594,1
493,452,4,0.001,0.001,0.25,0.3,74.9326171875,0,74.9326171875,74.9326171875,75.5390853882,0,75.5390853882,75.5390853882,1
494,1009,32,0.001,0.01,0.25,0.7,74.9326171875,0,74.9326171875,74.9326171875,75.6642303467,0,75.6642303467,75.6642303467,1
495,187,2,0.01,0,0.5,0.3,74.9133605957,0,74.9133605957,74.9133605957,75.5679626465,0,75.5679626465,75.5679626465,1
496,246,2,0.001,0,0.5,0.1,74.9133605957,0,74.9133605957,74.9133605957,75.7990036011,0,75.7990036011,75.7990036011,1
497,181,2,0.01,0,0.25,0.1,74.9037322998,0,74.9037322998,74.9037322998,75.7893753052,0,75.7893753052,75.7893753052,1
498,451,4,0.001,0.001,0.25,0.1,74.9037322998,0,74.9037322998,74.9037322998,75.577583313,0,75.577583313,75.577583313,1
499,475,4,0.001,0.01,0.5,0.9,74.9037322998,0,74.9037322998,74.9037322998,75.2214050293,0,75.2214050293,75.2214050293,1
500,1008,32,0.001,0.01,0.25,0.5,74.9037322998,0,74.9037322998,74.9037322998,75.7893753052,0,75.7893753052,75.7893753052,1
501,253,2,0.001,0,0.75,0.5,74.8941040039,0,74.8941040039,74.8941040039,75.5102005005,0,75.5102005005,75.5102005005,1
502,453,4,0.001,0.001,0.25,0.5,74.8941040039,0,74.8941040039,74.8941040039,75.5102005005,0,75.5102005005,75.5102005005,1
503,202,2,0.01,0.0001,0.5,0.3,74.8652267456,0,74.8652267456,74.8652267456,75.6449737549,0,75.6449737549,75.6449737549,1
504,267,2,0.001,0.0001,0.75,0.3,74.8652267456,0,74.8652267456,74.8652267456,75.7219848633,0,75.7219848633,75.7219848633,1
505,438,4,0.001,0.0001,0.25,0.5,74.8652267456,0,74.8652267456,74.8652267456,75.5102005005,0,75.5102005005,75.5102005005,1
506,423,4,0.001,0,0.25,0.5,74.8555984497,0,74.8555984497,74.8555984497,75.4524459839,0,75.4524459839,75.4524459839,1
507,268,2,0.001,0.0001,0.75,0.5,74.8267211914,0,74.8267211914,74.8267211914,75.6546020508,0,75.6546020508,75.6546020508,1
508,283,2,0.001,0.001,0.75,0.5,74.8267211914,0,74.8267211914,74.8267211914,75.5679626465,0,75.5679626465,75.5679626465,1
509,995,32,0.001,0.001,0.25,0.9,74.8267211914,0,74.8267211914,74.8267211914,75.9626541138,0,75.9626541138,75.9626541138,1
510,266,2,0.001,0.0001,0.75,0.1,74.7785949707,0,74.7785949707,74.7785949707,75.4524459839,0,75.4524459839,75.4524459839,1
511,1011,32,0.001,0.01,0.5,0.1,74.7785949707,0,74.7785949707,74.7785949707,75.6449737549,0,75.6449737549,75.6449737549,1
512,254,2,0.001,0,0.75,0.7,74.7593383789,0,74.7593383789,74.7593383789,75.2502822876,0,75.2502822876,75.2502822876,1
513,296,2,0.001,0.01,0.75,0.1,74.7593383789,0,74.7593383789,74.7593383789,75.1251449585,0,75.1251449585,75.1251449585,1
514,251,2,0.001,0,0.75,0.1,74.7497177124,0,74.7497177124,74.7497177124,75.5487060547,0,75.5487060547,75.5487060547,1
515,421,4,0.001,0,0.25,0.1,74.7497177124,0,74.7497177124,74.7497177124,75.4524459839,0,75.4524459839,75.4524459839,1
516,436,4,0.001,0.0001,0.25,0.1,74.7497177124,0,74.7497177124,74.7497177124,75.4139328003,0,75.4139328003,75.4139328003,1
517,281,2,0.001,0.001,0.75,0.1,74.7400817871,0,74.7400817871,74.7400817871,75.3754348755,0,75.3754348755,75.3754348755,1
518,236,2,0.01,0.01,0.75,0.1,74.7304534912,0,74.7304534912,74.7304534912,75.385055542,0,75.385055542,75.385055542,1
519,215,2,0.01,0.001,0.25,0.9,74.7112045288,0,74.7112045288,74.7112045288,75.4813232422,0,75.4813232422,75.4813232422,1
520,994,32,0.001,0.001,0.25,0.7,74.7112045288,0,74.7112045288,74.7112045288,75.4620742798,0,75.4620742798,75.4620742798,1
521,269,2,0.001,0.0001,0.75,0.7,74.7015762329,0,74.7015762329,74.7015762329,75.2791671753,0,75.2791671753,75.2791671753,1
522,971,32,0.001,0,0.75,0.1,74.7015762329,0,74.7015762329,74.7015762329,75.4235687256,0,75.4235687256,75.4235687256,1
523,203,2,0.01,0.0001,0.5,0.5,74.6630706787,0,74.6630706787,74.6630706787,75.7219848633,0,75.7219848633,75.7219848633,1
524,216,2,0.01,0.001,0.5,0.1,74.6630706787,0,74.6630706787,74.6630706787,76.0877914429,0,76.0877914429,76.0877914429,1
525,987,32,0.001,0.0001,0.75,0.3,74.6630706787,0,74.6630706787,74.6630706787,75.385055542,0,75.385055542,75.385055542,1
526,996,32,0.001,0.001,0.5,0.1,74.6630706787,0,74.6630706787,74.6630706787,75.5583343506,0,75.5583343506,75.5583343506,1
527,972,32,0.001,0,0.75,0.3,74.6534500122,0,74.6534500122,74.6534500122,75.3946838379,0,75.3946838379,75.3946838379,1
528,986,32,0.001,0.0001,0.75,0.1,74.6534500122,0,74.6534500122,74.6534500122,75.4524459839,0,75.4524459839,75.4524459839,1
529,188,2,0.01,0,0.5,0.5,74.6438217163,0,74.6438217163,74.6438217163,75.8182525635,0,75.8182525635,75.8182525635,1
530,194,2,0.01,0,0.75,0.7,74.6438217163,0,74.6438217163,74.6438217163,75.2214050293,0,75.2214050293,75.2214050293,1
531,284,2,0.001,0.001,0.75,0.7,74.6438217163,0,74.6438217163,74.6438217163,75.2117843628,0,75.2117843628,75.2117843628,1
532,930,32,0.01,0.0001,0.75,0.9,74.6341934204,0,74.6341934204,74.6341934204,75.6738510132,0,75.6738510132,75.6738510132,1
533,724,16,0.01,0,0.25,0.7,74.614944458,0,74.614944458,74.614944458,75.1251449585,0,75.1251449585,75.1251449585,1
534,1002,32,0.001,0.001,0.75,0.3,74.614944458,0,74.614944458,74.614944458,75.3465499878,0,75.3465499878,75.3465499878,1
535,993,32,0.001,0.001,0.25,0.5,74.6053161621,0,74.6053161621,74.6053161621,75.5583343506,0,75.5583343506,75.5583343506,1
536,739,16,0.01,0.0001,0.25,0.7,74.5956878662,0,74.5956878662,74.5956878662,75.0962677002,0,75.0962677002,75.0962677002,1
537,920,32,0.01,0.0001,0.25,0.9,74.5956878662,0,74.5956878662,74.5956878662,75.5198287964,0,75.5198287964,75.5198287964,1
538,1001,32,0.001,0.001,0.75,0.1,74.5956878662,0,74.5956878662,74.5956878662,75.3754348755,0,75.3754348755,75.3754348755,1
539,222,2,0.01,0.001,0.75,0.3,74.5860671997,0,74.5860671997,74.5860671997,75.5679626465,0,75.5679626465,75.5679626465,1
540,287,2,0.001,0.01,0.25,0.3,74.5860671997,0,74.5860671997,74.5860671997,74.9614944458,0,74.9614944458,74.9614944458,1
541,915,32,0.01,0,0.75,0.9,74.5860671997,0,74.5860671997,74.5860671997,75.6642303467,0,75.6642303467,75.6642303467,1
542,966,32,0.001,0,0.5,0.1,74.5860671997,0,74.5860671997,74.5860671997,75.4717025757,0,75.4717025757,75.4717025757,1
543,978,32,0.001,0.0001,0.25,0.5,74.5860671997,0,74.5860671997,74.5860671997,75.3561782837,0,75.3561782837,75.3561782837,1
544,963,32,0.001,0,0.25,0.5,74.5764312744,0,74.5764312744,74.5764312744,75.3561782837,0,75.3561782837,75.3561782837,1
545,200,2,0.01,0.0001,0.25,0.9,74.5668029785,0,74.5668029785,74.5668029785,75.385055542,0,75.385055542,75.385055542,1
546,970,32,0.001,0,0.5,0.9,74.5668029785,0,74.5668029785,74.5668029785,75.3369293213,0,75.3369293213,75.3369293213,1
547,1015,32,0.001,0.01,0.5,0.9,74.5668029785,0,74.5668029785,74.5668029785,74.9807510376,0,74.9807510376,74.9807510376,1
548,297,2,0.001,0.01,0.75,0.3,74.557182312,0,74.557182312,74.557182312,75.1347732544,0,75.1347732544,75.1347732544,1
549,192,2,0.01,0,0.75,0.3,74.5379257202,0,74.5379257202,74.5379257202,75.4717025757,0,75.4717025757,75.4717025757,1
550,207,2,0.01,0.0001,0.75,0.3,74.5379257202,0,74.5379257202,74.5379257202,75.3658065796,0,75.3658065796,75.3658065796,1
551,288,2,0.001,0.01,0.25,0.5,74.5379257202,0,74.5379257202,74.5379257202,75.1828994751,0,75.1828994751,75.1828994751,1
552,985,32,0.001,0.0001,0.5,0.9,74.5379257202,0,74.5379257202,74.5379257202,75.308052063,0,75.308052063,75.308052063,1
553,298,2,0.001,0.01,0.75,0.5,74.5186767578,0,74.5186767578,74.5186767578,75.3754348755,0,75.3754348755,75.3754348755,1
554,218,2,0.01,0.001,0.5,0.5,74.5090484619,0,74.5090484619,74.5090484619,75.7893753052,0,75.7893753052,75.7893753052,1
555,934,32,0.01,0.001,0.25,0.7,74.5090484619,0,74.5090484619,74.5090484619,75.2214050293,0,75.2214050293,75.2214050293,1
556,810,16,0.001,0.0001,0.75,0.9,74.4320373535,0,74.4320373535,74.4320373535,74.9614944458,0,74.9614944458,74.9614944458,1
557,795,16,0.001,0,0.75,0.9,74.422416687,0,74.422416687,74.422416687,74.9614944458,0,74.9614944458,74.9614944458,1
558,185,2,0.01,0,0.25,0.9,74.3935317993,0,74.3935317993,74.3935317993,75.2599182129,0,75.2599182129,75.2599182129,1
559,904,32,0.01,0,0.25,0.7,74.3839035034,0,74.3839035034,74.3839035034,75.2021560669,0,75.2021560669,75.2021560669,1
560,980,32,0.001,0.0001,0.25,0.9,74.3165206909,0,74.3165206909,74.3165206909,75.1058959961,0,75.1058959961,75.1058959961,1
561,825,16,0.001,0.001,0.75,0.9,74.2780151367,0,74.2780151367,74.2780151367,74.8748550415,0,74.8748550415,74.8748550415,1
562,1123,64,0.01,0.001,0.75,0.5,74.2780151367,0,74.2780151367,74.2780151367,74.9037322998,0,74.9037322998,74.9037322998,1
563,981,32,0.001,0.0001,0.5,0.1,74.2683868408,0,74.2683868408,74.2683868408,75.3273010254,0,75.3273010254,75.3273010254,1
564,186,2,0.01,0,0.5,0.1,74.2395019531,0,74.2395019531,74.2395019531,75.4909515381,0,75.4909515381,75.4909515381,1
565,201,2,0.01,0.0001,0.5,0.1,74.2395019531,0,74.2395019531,74.2395019531,75.4813232422,0,75.4813232422,75.4813232422,1
566,1093,64,0.01,0,0.75,0.5,74.2298812866,0,74.2298812866,74.2298812866,74.9037322998,0,74.9037322998,74.9037322998,1
567,1108,64,0.01,0.0001,0.75,0.5,74.2202529907,0,74.2202529907,74.2202529907,74.8652267456,0,74.8652267456,74.8652267456,1
568,969,32,0.001,0,0.5,0.7,74.2106246948,0,74.2106246948,74.2106246948,74.8171005249,0,74.8171005249,74.8171005249,1
569,919,32,0.01,0.0001,0.25,0.7,74.2009963989,0,74.2009963989,74.2009963989,75,0,75,75,1
570,984,32,0.001,0.0001,0.5,0.7,74.2009963989,0,74.2009963989,74.2009963989,74.807472229,0,74.807472229,74.807472229,1
571,999,32,0.001,0.001,0.5,0.7,74.2009963989,0,74.2009963989,74.2009963989,74.7785949707,0,74.7785949707,74.7785949707,1
572,1199,64,0.001,0.01,0.75,0.7,74.2009963989,0,74.2009963989,74.2009963989,75.0288772583,0,75.0288772583,75.0288772583,1
573,299,2,0.001,0.01,0.75,0.7,74.1913757324,0,74.1913757324,74.1913757324,74.5379257202,0,74.5379257202,74.5379257202,1
574,286,2,0.001,0.01,0.25,0.1,74.1528701782,0,74.1528701782,74.1528701782,74.614944458,0,74.614944458,74.614944458,1
575,965,32,0.001,0,0.25,0.9,74.1528701782,0,74.1528701782,74.1528701782,74.8459777832,0,74.8459777832,74.8459777832,1
576,295,2,0.001,0.01,0.5,0.9,74.1047363281,0,74.1047363281,74.1047363281,74.6726989746,0,74.6726989746,74.6726989746,1
577,905,32,0.01,0,0.25,0.9,74.1047363281,0,74.1047363281,74.1047363281,74.9326171875,0,74.9326171875,74.9326171875,1
578,990,32,0.001,0.0001,0.75,0.9,74.0951156616,0,74.0951156616,74.0951156616,74.7882156372,0,74.7882156372,74.7882156372,1
579,191,2,0.01,0,0.75,0.1,74.0758514404,0,74.0758514404,74.0758514404,75,0,75,75,1
580,221,2,0.01,0.001,0.75,0.1,74.0758514404,0,74.0758514404,74.0758514404,75,0,75,75,1
581,1005,32,0.001,0.001,0.75,0.9,74.0758514404,0,74.0758514404,74.0758514404,74.7208328247,0,74.7208328247,74.7208328247,1
582,975,32,0.001,0,0.75,0.9,74.0662307739,0,74.0662307739,74.0662307739,74.8171005249,0,74.8171005249,74.8171005249,1
583,1124,64,0.01,0.001,0.75,0.7,74.0662307739,0,74.0662307739,74.0662307739,74.7689666748,0,74.7689666748,74.7689666748,1
584,979,32,0.001,0.0001,0.25,0.7,74.0469741821,0,74.0469741821,74.0469741821,74.7689666748,0,74.7689666748,74.7689666748,1
585,964,32,0.001,0,0.25,0.7,74.0373458862,0,74.0373458862,74.0373458862,74.7208328247,0,74.7208328247,74.7208328247,1
586,1186,64,0.001,0.01,0.25,0.1,74.0277252197,0,74.0277252197,74.0277252197,74.8844833374,0,74.8844833374,74.8844833374,1
587,206,2,0.01,0.0001,0.75,0.1,74.0084686279,0,74.0084686279,74.0084686279,74.8941040039,0,74.8941040039,74.8941040039,1
588,1190,64,0.001,0.01,0.25,0.9,74.0084686279,0,74.0084686279,74.0084686279,74.2876434326,0,74.2876434326,74.2876434326,1
589,1094,64,0.01,0,0.75,0.7,73.9795913696,0,73.9795913696,73.9795913696,74.6245651245,0,74.6245651245,74.6245651245,1
590,1109,64,0.01,0.0001,0.75,0.7,73.9795913696,0,73.9795913696,73.9795913696,74.6341934204,0,74.6341934204,74.6341934204,1
591,193,2,0.01,0,0.75,0.5,73.9699630737,0,73.9699630737,73.9699630737,75.1058959961,0,75.1058959961,75.1058959961,1
592,615,8,0.001,0,0.75,0.9,73.9410858154,0,73.9410858154,73.9410858154,74.4320373535,0,74.4320373535,74.4320373535,1
593,630,8,0.001,0.0001,0.75,0.9,73.9025802612,0,73.9025802612,73.9025802612,74.3839035034,0,74.3839035034,74.3839035034,1
594,208,2,0.01,0.0001,0.75,0.5,73.8929519653,0,73.8929519653,73.8929519653,75.1828994751,0,75.1828994751,75.1828994751,1
595,273,2,0.001,0.001,0.25,0.5,73.8544464111,0,73.8544464111,73.8544464111,74.3453979492,0,74.3453979492,74.3453979492,1
596,645,8,0.001,0.001,0.75,0.9,73.7966918945,0,73.7966918945,73.7966918945,74.3742752075,0,74.3742752075,74.3742752075,1
597,967,32,0.001,0,0.5,0.3,73.7966918945,0,73.7966918945,73.7966918945,74.691947937,0,74.691947937,74.691947937,1
598,982,32,0.001,0.0001,0.5,0.3,73.7966918945,0,73.7966918945,73.7966918945,74.7112045288,0,74.7112045288,74.7112045288,1
599,997,32,0.001,0.001,0.5,0.3,73.7966918945,0,73.7966918945,73.7966918945,74.7689666748,0,74.7689666748,74.7689666748,1
600,1115,64,0.01,0.001,0.25,0.9,73.7870635986,0,73.7870635986,73.7870635986,74.6726989746,0,74.6726989746,74.6726989746,1
601,258,2,0.001,0.0001,0.25,0.5,73.7678146362,0,73.7678146362,73.7678146362,74.2972640991,0,74.2972640991,74.2972640991,1
602,780,16,0.01,0.01,0.75,0.9,73.7485580444,0,73.7485580444,73.7485580444,74.3646469116,0,74.3646469116,74.3646469116,1
603,243,2,0.001,0,0.25,0.5,73.7389297485,0,73.7389297485,73.7389297485,74.2972640991,0,74.2972640991,74.2972640991,1
604,1196,64,0.001,0.01,0.75,0.1,73.7389297485,0,73.7389297485,73.7389297485,74.8652267456,0,74.8652267456,74.8652267456,1
605,1120,64,0.01,0.001,0.5,0.9,73.7293014526,0,73.7293014526,73.7293014526,74.2298812866,0,74.2298812866,74.2298812866,1
606,271,2,0.001,0.001,0.25,0.1,73.7196731567,0,73.7196731567,73.7196731567,74.2395019531,0,74.2395019531,74.2395019531,1
607,998,32,0.001,0.001,0.5,0.5,73.7196731567,0,73.7196731567,73.7196731567,74.4416656494,0,74.4416656494,74.4416656494,1
608,244,2,0.001,0,0.25,0.7,73.7004241943,0,73.7004241943,73.7004241943,74.3550262451,0,74.3550262451,74.3550262451,1
609,1151,64,0.001,0,0.75,0.1,73.7004241943,0,73.7004241943,73.7004241943,74.5379257202,0,74.5379257202,74.5379257202,1
610,1181,64,0.001,0.001,0.75,0.1,73.7004241943,0,73.7004241943,73.7004241943,74.5379257202,0,74.5379257202,74.5379257202,1
611,1152,64,0.001,0,0.75,0.3,73.6811676025,0,73.6811676025,73.6811676025,74.3742752075,0,74.3742752075,74.3742752075,1
612,1166,64,0.001,0.0001,0.75,0.1,73.6811676025,0,73.6811676025,73.6811676025,74.5282974243,0,74.5282974243,74.5282974243,1
613,968,32,0.001,0,0.5,0.5,73.671546936,0,73.671546936,73.671546936,74.4031524658,0,74.4031524658,74.4031524658,1
614,1167,64,0.001,0.0001,0.75,0.3,73.671546936,0,73.671546936,73.671546936,74.4031524658,0,74.4031524658,74.4031524658,1
615,1182,64,0.001,0.001,0.75,0.3,73.6619186401,0,73.6619186401,73.6619186401,74.3453979492,0,74.3453979492,74.3453979492,1
616,259,2,0.001,0.0001,0.25,0.7,73.6522903442,0,73.6522903442,73.6522903442,74.4127807617,0,74.4127807617,74.4127807617,1
617,983,32,0.001,0.0001,0.5,0.5,73.6426620483,0,73.6426620483,73.6426620483,74.3935317993,0,74.3935317993,74.3935317993,1
618,274,2,0.001,0.001,0.25,0.7,73.6234130859,0,73.6234130859,73.6234130859,74.4705429077,0,74.4705429077,74.4705429077,1
619,1130,64,0.01,0.01,0.25,0.9,73.6234130859,0,73.6234130859,73.6234130859,73.9795913696,0,73.9795913696,73.9795913696,1
620,1197,64,0.001,0.01,0.75,0.3,73.556022644,0,73.556022644,73.556022644,74.2009963989,0,74.2009963989,74.2009963989,1
621,242,2,0.001,0,0.25,0.3,73.5271453857,0,73.5271453857,73.5271453857,73.9699630737,0,73.9699630737,73.9699630737,1
622,257,2,0.001,0.0001,0.25,0.3,73.5271453857,0,73.5271453857,73.5271453857,73.9699630737,0,73.9699630737,73.9699630737,1
623,272,2,0.001,0.001,0.25,0.3,73.5175170898,0,73.5175170898,73.5175170898,74.2876434326,0,74.2876434326,74.2876434326,1
624,960,32,0.01,0.01,0.75,0.9,73.4886398315,0,73.4886398315,73.4886398315,73.9025802612,0,73.9025802612,73.9025802612,1
625,1189,64,0.001,0.01,0.25,0.7,73.4020004272,0,73.4020004272,73.4020004272,73.8736953735,0,73.8736953735,73.8736953735,1
626,1175,64,0.001,0.001,0.25,0.9,73.3249893188,0,73.3249893188,73.3249893188,73.9988479614,0,73.9988479614,73.9988479614,1
627,1191,64,0.001,0.01,0.5,0.1,73.3153610229,0,73.3153610229,73.3153610229,74.2395019531,0,74.2395019531,74.2395019531,1
628,1125,64,0.01,0.001,0.75,0.9,73.2961120605,0,73.2961120605,73.2961120605,73.6522903442,0,73.6522903442,73.6522903442,1
629,1090,64,0.01,0,0.5,0.9,73.2768630981,0,73.2768630981,73.2768630981,73.9122085571,0,73.9122085571,73.9122085571,1
630,1105,64,0.01,0.0001,0.5,0.9,73.2768630981,0,73.2768630981,73.2768630981,73.9025802612,0,73.9025802612,73.9025802612,1
631,600,8,0.01,0.01,0.75,0.9,73.2287216187,0,73.2287216187,73.2287216187,73.6619186401,0,73.6619186401,73.6619186401,1
632,1141,64,0.001,0,0.25,0.1,73.1613388062,0,73.1613388062,73.1613388062,74.0951156616,0,74.0951156616,74.0951156616,1
633,1156,64,0.001,0.0001,0.25,0.1,73.1613388062,0,73.1613388062,73.1613388062,74.0951156616,0,74.0951156616,74.0951156616,1
634,1171,64,0.001,0.001,0.25,0.1,73.1613388062,0,73.1613388062,73.1613388062,74.0662307739,0,74.0662307739,74.0662307739,1
635,1194,64,0.001,0.01,0.5,0.7,73.1613388062,0,73.1613388062,73.1613388062,73.6426620483,0,73.6426620483,73.6426620483,1
636,1135,64,0.01,0.01,0.5,0.9,73.1324615479,0,73.1324615479,73.1324615479,73.2961120605,0,73.2961120605,73.2961120605,1
637,1095,64,0.01,0,0.75,0.9,73.1132125854,0,73.1132125854,73.1132125854,73.4886398315,0,73.4886398315,73.4886398315,1
638,1198,64,0.001,0.01,0.75,0.5,73.1132125854,0,73.1132125854,73.1132125854,73.5271453857,0,73.5271453857,73.5271453857,1
639,1187,64,0.001,0.01,0.25,0.3,73.1035842896,0,73.1035842896,73.1035842896,73.7196731567,0,73.7196731567,73.7196731567,1
640,1110,64,0.01,0.0001,0.75,0.9,73.0939559937,0,73.0939559937,73.0939559937,73.4982681274,0,73.4982681274,73.4982681274,1
641,840,16,0.001,0.01,0.75,0.9,73.0843276978,0,73.0843276978,73.0843276978,73.4020004272,0,73.4020004272,73.4020004272,1
642,1195,64,0.001,0.01,0.5,0.9,73.0843276978,0,73.0843276978,73.0843276978,73.2479782104,0,73.2479782104,73.2479782104,1
643,1188,64,0.001,0.01,0.25,0.5,73.0458221436,0,73.0458221436,73.0458221436,73.6907958984,0,73.6907958984,73.6907958984,1
644,1192,64,0.001,0.01,0.5,0.3,73.0361938477,0,73.0361938477,73.0361938477,73.7100448608,0,73.7100448608,73.7100448608,1
645,1100,64,0.01,0.0001,0.25,0.9,72.9495620728,0,72.9495620728,72.9495620728,73.5849075317,0,73.5849075317,73.5849075317,1
646,435,4,0.001,0,0.75,0.9,72.9014205933,0,72.9014205933,72.9014205933,73.5078964233,0,73.5078964233,73.5078964233,1
647,1142,64,0.001,0,0.25,0.3,72.9014205933,0,72.9014205933,72.9014205933,73.4886398315,0,73.4886398315,73.4886398315,1
648,1157,64,0.001,0.0001,0.25,0.3,72.8917922974,0,72.8917922974,72.8917922974,73.4886398315,0,73.4886398315,73.4886398315,1
649,1172,64,0.001,0.001,0.25,0.3,72.8917922974,0,72.8917922974,72.8917922974,73.4790115356,0,73.4790115356,73.4790115356,1
650,1183,64,0.001,0.001,0.75,0.5,72.8629150391,0,72.8629150391,72.8629150391,73.3346176147,0,73.3346176147,73.3346176147,1
651,1180,64,0.001,0.001,0.5,0.9,72.8436660767,0,72.8436660767,72.8436660767,73.421257019,0,73.421257019,73.421257019,1
652,450,4,0.001,0.0001,0.75,0.9,72.8244094849,0,72.8244094849,72.8244094849,73.421257019,0,73.421257019,73.421257019,1
653,256,2,0.001,0.0001,0.25,0.1,72.8051605225,0,72.8051605225,72.8051605225,73.671546936,0,73.671546936,73.671546936,1
654,241,2,0.001,0,0.25,0.1,72.7859115601,0,72.7859115601,72.7859115601,73.6619186401,0,73.6619186401,73.6619186401,1
655,1143,64,0.001,0,0.25,0.5,72.7762832642,0,72.7762832642,72.7762832642,73.3827438354,0,73.3827438354,73.3827438354,1
656,1158,64,0.001,0.0001,0.25,0.5,72.7762832642,0,72.7762832642,72.7762832642,73.363494873,0,73.363494873,73.363494873,1
657,1173,64,0.001,0.001,0.25,0.5,72.7474060059,0,72.7474060059,72.7474060059,73.3057403564,0,73.3057403564,73.3057403564,1
658,465,4,0.001,0.001,0.75,0.9,72.7185211182,0,72.7185211182,72.7185211182,73.3057403564,0,73.3057403564,73.3057403564,1
659,1021,32,0.0001,0,0.25,0.1,72.7185211182,0,72.7185211182,72.7185211182,73.5367736816,0,73.5367736816,73.5367736816,1
660,1036,32,0.0001,0.0001,0.25,0.1,72.7185211182,0,72.7185211182,72.7185211182,73.5367736816,0,73.5367736816,73.5367736816,1
661,1149,64,0.001,0,0.5,0.7,72.7185211182,0,72.7185211182,72.7185211182,73.0073165894,0,73.0073165894,73.0073165894,1
662,1164,64,0.001,0.0001,0.5,0.7,72.7088928223,0,72.7088928223,72.7088928223,73.0169448853,0,73.0169448853,73.0169448853,1
663,1179,64,0.001,0.001,0.5,0.7,72.7088928223,0,72.7088928223,72.7088928223,73.0073165894,0,73.0073165894,73.0073165894,1
664,1051,32,0.0001,0.001,0.25,0.1,72.6992645264,0,72.6992645264,72.6992645264,73.5078964233,0,73.5078964233,73.5078964233,1
665,1177,64,0.001,0.001,0.5,0.3,72.680015564,0,72.680015564,72.680015564,73.4597625732,0,73.4597625732,73.4597625732,1
666,1066,32,0.0001,0.01,0.25,0.1,72.6511383057,0,72.6511383057,72.6511383057,73.4886398315,0,73.4886398315,73.4886398315,1
667,1145,64,0.001,0,0.25,0.9,72.6222610474,0,72.6222610474,72.6222610474,73.4020004272,0,73.4020004272,73.4020004272,1
668,1168,64,0.001,0.0001,0.75,0.5,72.6222610474,0,72.6222610474,72.6222610474,73.1998443604,0,73.1998443604,73.1998443604,1
669,1153,64,0.001,0,0.75,0.5,72.6126327515,0,72.6126327515,72.6126327515,73.1709671021,0,73.1709671021,73.1709671021,1
670,1160,64,0.001,0.0001,0.25,0.9,72.6126327515,0,72.6126327515,72.6126327515,73.4020004272,0,73.4020004272,73.4020004272,1
671,1185,64,0.001,0.001,0.75,0.9,72.564491272,0,72.564491272,72.564491272,72.9591827393,0,72.9591827393,72.9591827393,1
672,1147,64,0.001,0,0.5,0.3,72.5548706055,0,72.5548706055,72.5548706055,73.2768630981,0,73.2768630981,73.2768630981,1
673,1162,64,0.001,0.0001,0.5,0.3,72.5548706055,0,72.5548706055,72.5548706055,73.2864837646,0,73.2864837646,73.2864837646,1
674,1020,32,0.001,0.01,0.75,0.9,72.5259933472,0,72.5259933472,72.5259933472,72.8436660767,0,72.8436660767,72.8436660767,1
675,660,8,0.001,0.01,0.75,0.9,72.5163650513,0,72.5163650513,72.5163650513,73.1035842896,0,73.1035842896,73.1035842896,1
676,1146,64,0.001,0,0.5,0.1,72.5163650513,0,72.5163650513,72.5163650513,73.4886398315,0,73.4886398315,73.4886398315,1
677,1161,64,0.001,0.0001,0.5,0.1,72.5163650513,0,72.5163650513,72.5163650513,73.4790115356,0,73.4790115356,73.4790115356,1
678,1176,64,0.001,0.001,0.5,0.1,72.5163650513,0,72.5163650513,72.5163650513,73.4790115356,0,73.4790115356,73.4790115356,1
679,1140,64,0.01,0.01,0.75,0.9,72.487487793,0,72.487487793,72.487487793,72.930305481,0,72.930305481,72.930305481,1
680,841,16,0.0001,0,0.25,0.1,72.4489822388,0,72.4489822388,72.4489822388,73.1132125854,0,73.1132125854,73.1132125854,1
681,856,16,0.0001,0.0001,0.25,0.1,72.4489822388,0,72.4489822388,72.4489822388,73.1132125854,0,73.1132125854,73.1132125854,1
682,886,16,0.0001,0.01,0.25,0.1,72.4393539429,0,72.4393539429,72.4393539429,73.1132125854,0,73.1132125854,73.1132125854,1
683,871,16,0.0001,0.001,0.25,0.1,72.429725647,0,72.429725647,72.429725647,73.122833252,0,73.122833252,73.122833252,1
684,420,4,0.01,0.01,0.75,0.9,72.371963501,0,72.371963501,72.371963501,73.0458221436,0,73.0458221436,73.0458221436,1
685,887,16,0.0001,0.01,0.25,0.3,72.2660751343,0,72.2660751343,72.2660751343,72.8629150391,0,72.8629150391,72.8629150391,1
686,1150,64,0.001,0,0.5,0.9,72.2660751343,0,72.2660751343,72.2660751343,72.6607589722,0,72.6607589722,72.6607589722,1
687,1165,64,0.001,0.0001,0.5,0.9,72.2468261719,0,72.2468261719,72.2468261719,72.6318817139,0,72.6318817139,72.6318817139,1
688,842,16,0.0001,0,0.25,0.3,72.237197876,0,72.237197876,72.237197876,72.8629150391,0,72.8629150391,72.8629150391,1
689,872,16,0.0001,0.001,0.25,0.3,72.237197876,0,72.237197876,72.237197876,72.8821716309,0,72.8821716309,72.8821716309,1
690,1067,32,0.0001,0.01,0.25,0.3,72.237197876,0,72.237197876,72.237197876,73.065071106,0,73.065071106,73.065071106,1
691,1193,64,0.001,0.01,0.5,0.5,72.237197876,0,72.237197876,72.237197876,72.8051605225,0,72.8051605225,72.8051605225,1
692,857,16,0.0001,0.0001,0.25,0.3,72.2275695801,0,72.2275695801,72.2275695801,72.8629150391,0,72.8629150391,72.8629150391,1
693,1052,32,0.0001,0.001,0.25,0.3,72.1986923218,0,72.1986923218,72.1986923218,73.1324615479,0,73.1324615479,73.1324615479,1
694,1170,64,0.001,0.0001,0.75,0.9,72.1986923218,0,72.1986923218,72.1986923218,72.3334579468,0,72.3334579468,72.3334579468,1
695,1022,32,0.0001,0,0.25,0.3,72.1890640259,0,72.1890640259,72.1890640259,73.1324615479,0,73.1324615479,73.1324615479,1
696,1037,32,0.0001,0.0001,0.25,0.3,72.1890640259,0,72.1890640259,72.1890640259,73.122833252,0,73.122833252,73.122833252,1
697,1155,64,0.001,0,0.75,0.9,72.1601867676,0,72.1601867676,72.1601867676,72.3527145386,0,72.3527145386,72.3527145386,1
698,1178,64,0.001,0.001,0.5,0.5,72.0831756592,0,72.0831756592,72.0831756592,72.5741271973,0,72.5741271973,72.5741271973,1
699,1144,64,0.001,0,0.25,0.7,72.0350418091,0,72.0350418091,72.0350418091,72.6222610474,0,72.6222610474,72.6222610474,1
700,1085,64,0.01,0,0.25,0.9,72.0254135132,0,72.0254135132,72.0254135132,72.7762832642,0,72.7762832642,72.7762832642,1
701,1163,64,0.001,0.0001,0.5,0.5,72.0061569214,0,72.0061569214,72.0061569214,72.4971084595,0,72.4971084595,72.4971084595,1
702,1148,64,0.001,0,0.5,0.5,71.9965362549,0,71.9965362549,71.9965362549,72.4971084595,0,72.4971084595,72.4971084595,1
703,1174,64,0.001,0.001,0.25,0.7,71.9965362549,0,71.9965362549,71.9965362549,72.6318817139,0,72.6318817139,72.6318817139,1
704,1159,64,0.001,0.0001,0.25,0.7,71.9580307007,0,71.9580307007,71.9580307007,72.5163650513,0,72.5163650513,72.5163650513,1
705,1154,64,0.001,0,0.75,0.7,71.8425064087,0,71.8425064087,71.8425064087,72.0735473633,0,72.0735473633,72.0735473633,1
706,1169,64,0.001,0.0001,0.75,0.7,71.8328857422,0,71.8328857422,71.8328857422,72.0735473633,0,72.0735473633,72.0735473633,1
707,255,2,0.001,0,0.75,0.9,71.7655029297,0,71.7655029297,71.7655029297,72.3623428345,0,72.3623428345,72.3623428345,1
708,1184,64,0.001,0.001,0.75,0.7,71.7558746338,0,71.7558746338,71.7558746338,72.0542907715,0,72.0542907715,72.0542907715,1
709,285,2,0.001,0.001,0.75,0.9,71.7269897461,0,71.7269897461,71.7269897461,72.1216812134,0,72.1216812134,72.1216812134,1
710,270,2,0.001,0.0001,0.75,0.9,71.7173614502,0,71.7173614502,71.7173614502,72.3142089844,0,72.3142089844,72.3142089844,1
711,843,16,0.0001,0,0.25,0.5,71.544090271,0,71.544090271,71.544090271,72.429725647,0,72.429725647,72.429725647,1
712,858,16,0.0001,0.0001,0.25,0.5,71.544090271,0,71.544090271,71.544090271,72.429725647,0,72.429725647,72.429725647,1
713,873,16,0.0001,0.001,0.25,0.5,71.5248336792,0,71.5248336792,71.5248336792,72.4393539429,0,72.4393539429,72.4393539429,1
714,1026,32,0.0001,0,0.5,0.1,71.4382019043,0,71.4382019043,71.4382019043,72.4586105347,0,72.4586105347,72.4586105347,1
715,1056,32,0.0001,0.001,0.5,0.1,71.4382019043,0,71.4382019043,71.4382019043,72.4489822388,0,72.4489822388,72.4489822388,1
716,1041,32,0.0001,0.0001,0.5,0.1,71.4285736084,0,71.4285736084,71.4285736084,72.4586105347,0,72.4586105347,72.4586105347,1
717,888,16,0.0001,0.01,0.25,0.5,71.4189453125,0,71.4189453125,71.4189453125,72.3527145386,0,72.3527145386,72.3527145386,1
718,1071,32,0.0001,0.01,0.5,0.1,71.3708114624,0,71.3708114624,71.3708114624,72.2660751343,0,72.2660751343,72.2660751343,1
719,1246,64,0.0001,0.01,0.25,0.1,71.3611831665,0,71.3611831665,71.3611831665,72.0157852173,0,72.0157852173,72.0157852173,1
720,240,2,0.01,0.01,0.75,0.9,71.3515548706,0,71.3515548706,71.3515548706,71.9387741089,0,71.9387741089,71.9387741089,1
721,846,16,0.0001,0,0.5,0.1,71.3323059082,0,71.3323059082,71.3323059082,71.8136291504,0,71.8136291504,71.8136291504,1
722,861,16,0.0001,0.0001,0.5,0.1,71.3323059082,0,71.3323059082,71.3323059082,71.8136291504,0,71.8136291504,71.8136291504,1
723,876,16,0.0001,0.001,0.5,0.1,71.3323059082,0,71.3323059082,71.3323059082,71.8425064087,0,71.8425064087,71.8425064087,1
724,891,16,0.0001,0.01,0.5,0.1,71.3323059082,0,71.3323059082,71.3323059082,71.8810119629,0,71.8810119629,71.8810119629,1
725,480,4,0.001,0.01,0.75,0.9,71.3130569458,0,71.3130569458,71.3130569458,72.0542907715,0,72.0542907715,72.0542907715,1
726,1201,64,0.0001,0,0.25,0.1,71.3034286499,0,71.3034286499,71.3034286499,72.0446624756,0,72.0446624756,72.0446624756,1
727,1216,64,0.0001,0.0001,0.25,0.1,71.3034286499,0,71.3034286499,71.3034286499,72.0446624756,0,72.0446624756,72.0446624756,1
728,1231,64,0.0001,0.001,0.25,0.1,71.3034286499,0,71.3034286499,71.3034286499,72.0446624756,0,72.0446624756,72.0446624756,1
729,1200,64,0.001,0.01,0.75,0.9,71.2552947998,0,71.2552947998,71.2552947998,71.5055847168,0,71.5055847168,71.5055847168,1
730,707,8,0.0001,0.01,0.25,0.3,71.0627670288,0,71.0627670288,71.0627670288,71.486328125,0,71.486328125,71.486328125,1
731,692,8,0.0001,0.001,0.25,0.3,71.0338821411,0,71.0338821411,71.0338821411,71.486328125,0,71.486328125,71.486328125,1
732,1023,32,0.0001,0,0.25,0.5,71.0242538452,0,71.0242538452,71.0242538452,71.9772796631,0,71.9772796631,71.9772796631,1
733,1038,32,0.0001,0.0001,0.25,0.5,71.0242538452,0,71.0242538452,71.0242538452,71.9772796631,0,71.9772796631,71.9772796631,1
734,1053,32,0.0001,0.001,0.25,0.5,71.0242538452,0,71.0242538452,71.0242538452,71.9484024048,0,71.9484024048,71.9484024048,1
735,1068,32,0.0001,0.01,0.25,0.5,71.0146331787,0,71.0146331787,71.0146331787,71.9291534424,0,71.9291534424,71.9291534424,1
736,662,8,0.0001,0,0.25,0.3,70.9857559204,0,70.9857559204,70.9857559204,71.4767074585,0,71.4767074585,71.4767074585,1
737,677,8,0.0001,0.0001,0.25,0.3,70.9761276245,0,70.9761276245,70.9761276245,71.4767074585,0,71.4767074585,71.4767074585,1
738,892,16,0.0001,0.01,0.5,0.3,70.9761276245,0,70.9761276245,70.9761276245,71.8232574463,0,71.8232574463,71.8232574463,1
739,862,16,0.0001,0.0001,0.5,0.3,70.9664993286,0,70.9664993286,70.9664993286,71.8040084839,0,71.8040084839,71.8040084839,1
740,847,16,0.0001,0,0.5,0.3,70.9568710327,0,70.9568710327,70.9568710327,71.8040084839,0,71.8040084839,71.8040084839,1
741,877,16,0.0001,0.001,0.5,0.3,70.9568710327,0,70.9568710327,70.9568710327,71.7847518921,0,71.7847518921,71.7847518921,1
742,1027,32,0.0001,0,0.5,0.3,70.9376220703,0,70.9376220703,70.9376220703,71.9580307007,0,71.9580307007,71.9580307007,1
743,706,8,0.0001,0.01,0.25,0.1,70.9279937744,0,70.9279937744,70.9279937744,71.3804397583,0,71.3804397583,71.3804397583,1
744,1042,32,0.0001,0.0001,0.5,0.3,70.9279937744,0,70.9279937744,70.9279937744,71.9676589966,0,71.9676589966,71.9676589966,1
745,1057,32,0.0001,0.001,0.5,0.3,70.9183654785,0,70.9183654785,70.9183654785,71.9676589966,0,71.9676589966,71.9676589966,1
746,1072,32,0.0001,0.01,0.5,0.3,70.8702316284,0,70.8702316284,70.8702316284,71.8810119629,0,71.8810119629,71.8810119629,1
747,661,8,0.0001,0,0.25,0.1,70.7258377075,0,70.7258377075,70.7258377075,71.293800354,0,71.293800354,71.293800354,1
748,676,8,0.0001,0.0001,0.25,0.1,70.7258377075,0,70.7258377075,70.7258377075,71.293800354,0,71.293800354,71.293800354,1
749,691,8,0.0001,0.001,0.25,0.1,70.7258377075,0,70.7258377075,70.7258377075,71.2841720581,0,71.2841720581,71.2841720581,1
750,708,8,0.0001,0.01,0.25,0.5,70.6295700073,0,70.6295700073,70.6295700073,71.0338821411,0,71.0338821411,71.0338821411,1
751,678,8,0.0001,0.0001,0.25,0.5,70.542930603,0,70.542930603,70.542930603,71.0723953247,0,71.0723953247,71.0723953247,1
752,663,8,0.0001,0,0.25,0.5,70.5236816406,0,70.5236816406,70.5236816406,71.0723953247,0,71.0723953247,71.0723953247,1
753,693,8,0.0001,0.001,0.25,0.5,70.5140533447,0,70.5140533447,70.5140533447,71.0723953247,0,71.0723953247,71.0723953247,1
754,1232,64,0.0001,0.001,0.25,0.3,70.4466705322,0,70.4466705322,70.4466705322,71.0820159912,0,71.0820159912,71.0820159912,1
755,848,16,0.0001,0,0.5,0.5,70.3118972778,0,70.3118972778,70.3118972778,71.4959564209,0,71.4959564209,71.4959564209,1
756,863,16,0.0001,0.0001,0.5,0.5,70.3118972778,0,70.3118972778,70.3118972778,71.4959564209,0,71.4959564209,71.4959564209,1
757,878,16,0.0001,0.001,0.5,0.5,70.3118972778,0,70.3118972778,70.3118972778,71.4767074585,0,71.4767074585,71.4767074585,1
758,300,2,0.001,0.01,0.75,0.9,70.3022689819,0,70.3022689819,70.3022689819,70.8798599243,0,70.8798599243,70.8798599243,1
759,1217,64,0.0001,0.0001,0.25,0.3,70.2830200195,0,70.2830200195,70.2830200195,70.9664993286,0,70.9664993286,70.9664993286,1
760,1202,64,0.0001,0,0.25,0.3,70.2733917236,0,70.2733917236,70.2733917236,70.9664993286,0,70.9664993286,70.9664993286,1
761,893,16,0.0001,0.01,0.5,0.5,70.2348861694,0,70.2348861694,70.2348861694,71.4189453125,0,71.4189453125,71.4189453125,1
762,903,32,0.01,0,0.25,0.5,70.1675033569,0,70.1675033569,70.1675033569,70.5140533447,0,70.5140533447,70.5140533447,1
763,918,32,0.01,0.0001,0.25,0.5,70.1675033569,0,70.1675033569,70.1675033569,70.5236816406,0,70.5236816406,70.5236816406,1
764,1247,64,0.0001,0.01,0.25,0.3,70.1675033569,0,70.1675033569,70.1675033569,71.0050048828,0,71.0050048828,71.0050048828,1
765,932,32,0.01,0.001,0.25,0.3,70.0519866943,0,70.0519866943,70.0519866943,70.100112915,0,70.100112915,70.100112915,1
766,902,32,0.01,0,0.25,0.3,70.0327301025,0,70.0327301025,70.0327301025,70.1097412109,0,70.1097412109,70.1097412109,1
767,917,32,0.01,0.0001,0.25,0.3,69.9845962524,0,69.9845962524,69.9845962524,70.100112915,0,70.100112915,70.100112915,1
768,1028,32,0.0001,0,0.5,0.5,69.9460906982,0,69.9460906982,69.9460906982,70.8702316284,0,70.8702316284,70.8702316284,1
769,1043,32,0.0001,0.0001,0.5,0.5,69.9460906982,0,69.9460906982,69.9460906982,70.8702316284,0,70.8702316284,70.8702316284,1
770,1058,32,0.0001,0.001,0.5,0.5,69.9364624023,0,69.9364624023,69.9364624023,70.850982666,0,70.850982666,70.850982666,1
771,1206,64,0.0001,0,0.5,0.1,69.9172134399,0,69.9172134399,69.9172134399,71.1109008789,0,71.1109008789,71.1109008789,1
772,1221,64,0.0001,0.0001,0.5,0.1,69.9172134399,0,69.9172134399,69.9172134399,71.1205215454,0,71.1205215454,71.1205215454,1
773,1251,64,0.0001,0.01,0.5,0.1,69.9172134399,0,69.9172134399,69.9172134399,71.0627670288,0,71.0627670288,71.0627670288,1
774,1073,32,0.0001,0.01,0.5,0.5,69.907585144,0,69.907585144,69.907585144,70.8221054077,0,70.8221054077,70.8221054077,1
775,1236,64,0.0001,0.001,0.5,0.1,69.8979644775,0,69.8979644775,69.8979644775,71.1205215454,0,71.1205215454,71.1205215454,1
776,1081,64,0.01,0,0.25,0.1,69.8690795898,0,69.8690795898,69.8690795898,70.4851760864,0,70.4851760864,70.4851760864,1
777,1096,64,0.01,0.0001,0.25,0.1,69.8594512939,0,69.8594512939,69.8594512939,70.4659194946,0,70.4659194946,70.4659194946,1
778,1111,64,0.01,0.001,0.25,0.1,69.8594512939,0,69.8594512939,69.8594512939,70.4370422363,0,70.4370422363,70.4370422363,1
779,874,16,0.0001,0.001,0.25,0.7,69.8016967773,0,69.8016967773,69.8016967773,70.9472503662,0,70.9472503662,70.9472503662,1
780,844,16,0.0001,0,0.25,0.7,69.7824401855,0,69.7824401855,69.7824401855,70.9664993286,0,70.9664993286,70.9664993286,1
781,859,16,0.0001,0.0001,0.25,0.7,69.7824401855,0,69.7824401855,69.7824401855,70.9472503662,0,70.9472503662,70.9472503662,1
782,711,8,0.0001,0.01,0.5,0.1,69.7150497437,0,69.7150497437,69.7150497437,70.0616149902,0,70.0616149902,70.0616149902,1
783,1082,64,0.01,0,0.25,0.3,69.7150497437,0,69.7150497437,69.7150497437,70.3600311279,0,70.3600311279,70.3600311279,1
784,1097,64,0.01,0.0001,0.25,0.3,69.7150497437,0,69.7150497437,69.7150497437,70.350402832,0,70.350402832,70.350402832,1
785,1112,64,0.01,0.001,0.25,0.3,69.7150497437,0,69.7150497437,69.7150497437,70.3985366821,0,70.3985366821,70.3985366821,1
786,667,8,0.0001,0,0.5,0.3,69.7054290771,0,69.7054290771,69.7054290771,69.9845962524,0,69.9845962524,69.9845962524,1
787,682,8,0.0001,0.0001,0.5,0.3,69.7054290771,0,69.7054290771,69.7054290771,69.9845962524,0,69.9845962524,69.9845962524,1
788,697,8,0.0001,0.001,0.5,0.3,69.7054290771,0,69.7054290771,69.7054290771,69.9749679565,0,69.9749679565,69.9749679565,1
789,666,8,0.0001,0,0.5,0.1,69.6765518188,0,69.6765518188,69.6765518188,69.9942245483,0,69.9942245483,69.9942245483,1
790,696,8,0.0001,0.001,0.5,0.1,69.6765518188,0,69.6765518188,69.6765518188,69.9845962524,0,69.9845962524,69.9845962524,1
791,681,8,0.0001,0.0001,0.5,0.1,69.6669235229,0,69.6669235229,69.6669235229,69.9942245483,0,69.9942245483,69.9942245483,1
792,889,16,0.0001,0.01,0.25,0.7,69.6669235229,0,69.6669235229,69.6669235229,70.8317260742,0,70.8317260742,70.8317260742,1
793,712,8,0.0001,0.01,0.5,0.3,69.6284179688,0,69.6284179688,69.6284179688,69.8787002563,0,69.8787002563,69.8787002563,1
794,1083,64,0.01,0,0.25,0.5,69.3973846436,0,69.3973846436,69.3973846436,70.2637634277,0,70.2637634277,70.2637634277,1
795,1098,64,0.01,0.0001,0.25,0.5,69.3973846436,0,69.3973846436,69.3973846436,70.2637634277,0,70.2637634277,70.2637634277,1
796,1113,64,0.01,0.001,0.25,0.5,69.3684997559,0,69.3684997559,69.3684997559,70.2637634277,0,70.2637634277,70.2637634277,1
797,1039,32,0.0001,0.0001,0.25,0.7,69.2529830933,0,69.2529830933,69.2529830933,69.9942245483,0,69.9942245483,69.9942245483,1
798,1054,32,0.0001,0.001,0.25,0.7,69.2529830933,0,69.2529830933,69.2529830933,69.9942245483,0,69.9942245483,69.9942245483,1
799,1207,64,0.0001,0,0.5,0.3,69.2529830933,0,69.2529830933,69.2529830933,70.4948043823,0,70.4948043823,70.4948043823,1
800,1222,64,0.0001,0.0001,0.5,0.3,69.2529830933,0,69.2529830933,69.2529830933,70.4948043823,0,70.4948043823,70.4948043823,1
801,1024,32,0.0001,0,0.25,0.7,69.2433624268,0,69.2433624268,69.2433624268,69.9845962524,0,69.9845962524,69.9845962524,1
802,1237,64,0.0001,0.001,0.5,0.3,69.224105835,0,69.224105835,69.224105835,70.4948043823,0,70.4948043823,70.4948043823,1
803,1252,64,0.0001,0.01,0.5,0.3,69.1952209473,0,69.1952209473,69.1952209473,70.4562988281,0,70.4562988281,70.4562988281,1
804,1069,32,0.0001,0.01,0.25,0.7,69.1182098389,0,69.1182098389,69.1182098389,69.8979644775,0,69.8979644775,69.8979644775,1
805,1103,64,0.01,0.0001,0.5,0.5,69.1182098389,0,69.1182098389,69.1182098389,69.96534729,0,69.96534729,69.96534729,1
806,1088,64,0.01,0,0.5,0.5,69.0989608765,0,69.0989608765,69.0989608765,69.9557189941,0,69.9557189941,69.9557189941,1
807,1031,32,0.0001,0,0.75,0.1,69.0700836182,0,69.0700836182,69.0700836182,70.3118972778,0,70.3118972778,70.3118972778,1
808,1046,32,0.0001,0.0001,0.75,0.1,69.0700836182,0,69.0700836182,69.0700836182,70.3118972778,0,70.3118972778,70.3118972778,1
809,1076,32,0.0001,0.01,0.75,0.1,69.0700836182,0,69.0700836182,69.0700836182,70.2445144653,0,70.2445144653,70.2445144653,1
810,1061,32,0.0001,0.001,0.75,0.1,69.0604553223,0,69.0604553223,69.0604553223,70.3022689819,0,70.3022689819,70.3022689819,1
811,713,8,0.0001,0.01,0.5,0.5,69.0219497681,0,69.0219497681,69.0219497681,69.474395752,0,69.474395752,69.474395752,1
812,1203,64,0.0001,0,0.25,0.5,68.9834442139,0,68.9834442139,68.9834442139,69.9942245483,0,69.9942245483,69.9942245483,1
813,668,8,0.0001,0,0.5,0.5,68.9641876221,0,68.9641876221,68.9641876221,69.5032730103,0,69.5032730103,69.5032730103,1
814,1218,64,0.0001,0.0001,0.25,0.5,68.9641876221,0,68.9641876221,68.9641876221,69.9942245483,0,69.9942245483,69.9942245483,1
815,683,8,0.0001,0.0001,0.5,0.5,68.9545593262,0,68.9545593262,68.9545593262,69.5032730103,0,69.5032730103,69.5032730103,1
816,1233,64,0.0001,0.001,0.25,0.5,68.9449386597,0,68.9449386597,68.9449386597,69.9845962524,0,69.9845962524,69.9845962524,1
817,664,8,0.0001,0,0.25,0.7,68.9160614014,0,68.9160614014,68.9160614014,69.7246856689,0,69.7246856689,69.7246856689,1
818,679,8,0.0001,0.0001,0.25,0.7,68.9064331055,0,68.9064331055,68.9064331055,69.7054290771,0,69.7054290771,69.7054290771,1
819,694,8,0.0001,0.001,0.25,0.7,68.8968048096,0,68.8968048096,68.8968048096,69.6958007812,0,69.6958007812,69.6958007812,1
820,1248,64,0.0001,0.01,0.25,0.5,68.8871765137,0,68.8871765137,68.8871765137,69.907585144,0,69.907585144,69.907585144,1
821,527,4,0.0001,0.01,0.25,0.3,68.8775558472,0,68.8775558472,68.8775558472,69.0989608765,0,69.0989608765,69.0989608765,1
822,698,8,0.0001,0.001,0.5,0.5,68.8390426636,0,68.8390426636,68.8390426636,69.4070129395,0,69.4070129395,69.4070129395,1
823,709,8,0.0001,0.01,0.25,0.7,68.8294143677,0,68.8294143677,68.8294143677,69.7150497437,0,69.7150497437,69.7150497437,1
824,482,4,0.0001,0,0.25,0.3,68.8197937012,0,68.8197937012,68.8197937012,69.0508270264,0,69.0508270264,69.0508270264,1
825,497,4,0.0001,0.0001,0.25,0.3,68.8197937012,0,68.8197937012,68.8197937012,69.0508270264,0,69.0508270264,69.0508270264,1
826,512,4,0.0001,0.001,0.25,0.3,68.781288147,0,68.781288147,68.781288147,69.0700836182,0,69.0700836182,69.0700836182,1
827,1099,64,0.01,0.0001,0.25,0.7,68.7139053345,0,68.7139053345,68.7139053345,68.9160614014,0,68.9160614014,68.9160614014,1
828,1084,64,0.01,0,0.25,0.7,68.7042694092,0,68.7042694092,68.7042694092,68.9160614014,0,68.9160614014,68.9160614014,1
829,1119,64,0.01,0.001,0.5,0.7,68.6850204468,0,68.6850204468,68.6850204468,69.3781280518,0,69.3781280518,69.3781280518,1
830,864,16,0.0001,0.0001,0.5,0.7,68.6753921509,0,68.6753921509,68.6753921509,69.6861724854,0,69.6861724854,69.6861724854,1
831,849,16,0.0001,0,0.5,0.7,68.665763855,0,68.665763855,68.665763855,69.6765518188,0,69.6765518188,69.6765518188,1
832,881,16,0.0001,0.001,0.75,0.1,68.665763855,0,68.665763855,68.665763855,69.3781280518,0,69.3781280518,69.3781280518,1
833,1089,64,0.01,0,0.5,0.7,68.665763855,0,68.665763855,68.665763855,69.3203659058,0,69.3203659058,69.3203659058,1
834,851,16,0.0001,0,0.75,0.1,68.6561431885,0,68.6561431885,68.6561431885,69.3781280518,0,69.3781280518,69.3781280518,1
835,866,16,0.0001,0.0001,0.75,0.1,68.6561431885,0,68.6561431885,68.6561431885,69.3684997559,0,69.3684997559,69.3684997559,1
836,879,16,0.0001,0.001,0.5,0.7,68.6561431885,0,68.6561431885,68.6561431885,69.6765518188,0,69.6765518188,69.6765518188,1
837,1104,64,0.01,0.0001,0.5,0.7,68.6561431885,0,68.6561431885,68.6561431885,69.3396224976,0,69.3396224976,69.3396224976,1
838,1114,64,0.01,0.001,0.25,0.7,68.6561431885,0,68.6561431885,68.6561431885,68.9641876221,0,68.9641876221,68.9641876221,1
839,896,16,0.0001,0.01,0.75,0.1,68.6272583008,0,68.6272583008,68.6272583008,69.3492507935,0,69.3492507935,69.3492507935,1
840,1032,32,0.0001,0,0.75,0.3,68.6272583008,0,68.6272583008,68.6272583008,69.8979644775,0,69.8979644775,69.8979644775,1
841,1047,32,0.0001,0.0001,0.75,0.3,68.6272583008,0,68.6272583008,68.6272583008,69.8979644775,0,69.8979644775,69.8979644775,1
842,1062,32,0.0001,0.001,0.75,0.3,68.6272583008,0,68.6272583008,68.6272583008,69.8787002563,0,69.8787002563,69.8787002563,1
843,1077,32,0.0001,0.01,0.75,0.3,68.6176376343,0,68.6176376343,68.6176376343,69.8594512939,0,69.8594512939,69.8594512939,1
844,526,4,0.0001,0.01,0.25,0.1,68.5695037842,0,68.5695037842,68.5695037842,68.7909088135,0,68.7909088135,68.7909088135,1
845,481,4,0.0001,0,0.25,0.1,68.5598754883,0,68.5598754883,68.5598754883,68.7331542969,0,68.7331542969,68.7331542969,1
846,496,4,0.0001,0.0001,0.25,0.1,68.5502548218,0,68.5502548218,68.5502548218,68.7427825928,0,68.7427825928,68.7427825928,1
847,894,16,0.0001,0.01,0.5,0.7,68.5502548218,0,68.5502548218,68.5502548218,69.4840164185,0,69.4840164185,69.4840164185,1
848,511,4,0.0001,0.001,0.25,0.1,68.53099823,0,68.53099823,68.53099823,68.723526001,0,68.723526001,68.723526001,1
849,513,4,0.0001,0.001,0.25,0.5,68.4058532715,0,68.4058532715,68.4058532715,68.8197937012,0,68.8197937012,68.8197937012,1
850,528,4,0.0001,0.01,0.25,0.5,68.4058532715,0,68.4058532715,68.4058532715,68.7620315552,0,68.7620315552,68.7620315552,1
851,852,16,0.0001,0,0.75,0.3,68.3962249756,0,68.3962249756,68.3962249756,69.2529830933,0,69.2529830933,69.2529830933,1
852,867,16,0.0001,0.0001,0.75,0.3,68.3962249756,0,68.3962249756,68.3962249756,69.2529830933,0,69.2529830933,69.2529830933,1
853,483,4,0.0001,0,0.25,0.5,68.3866043091,0,68.3866043091,68.3866043091,68.8390426636,0,68.8390426636,68.8390426636,1
854,498,4,0.0001,0.0001,0.25,0.5,68.3769760132,0,68.3769760132,68.3769760132,68.8294143677,0,68.8294143677,68.8294143677,1
855,882,16,0.0001,0.001,0.75,0.3,68.3769760132,0,68.3769760132,68.3769760132,69.2529830933,0,69.2529830933,69.2529830933,1
856,897,16,0.0001,0.01,0.75,0.3,68.3192138672,0,68.3192138672,68.3192138672,69.1182098389,0,69.1182098389,69.1182098389,1
857,1029,32,0.0001,0,0.5,0.7,68.030418396,0,68.030418396,68.030418396,68.8486709595,0,68.8486709595,68.8486709595,1
858,1044,32,0.0001,0.0001,0.5,0.7,68.030418396,0,68.030418396,68.030418396,68.8486709595,0,68.8486709595,68.8486709595,1
859,1059,32,0.0001,0.001,0.5,0.7,68.030418396,0,68.030418396,68.030418396,68.8390426636,0,68.8390426636,68.8390426636,1
860,1078,32,0.0001,0.01,0.75,0.5,67.97265625,0,67.97265625,67.97265625,69.0123214722,0,69.0123214722,69.0123214722,1
861,883,16,0.0001,0.001,0.75,0.5,67.9149017334,0,67.9149017334,67.9149017334,68.9064331055,0,68.9064331055,68.9064331055,1
862,853,16,0.0001,0,0.75,0.5,67.9052734375,0,67.9052734375,67.9052734375,68.9160614014,0,68.9160614014,68.9160614014,1
863,868,16,0.0001,0.0001,0.75,0.5,67.9052734375,0,67.9052734375,67.9052734375,68.9160614014,0,68.9160614014,68.9160614014,1
864,1074,32,0.0001,0.01,0.5,0.7,67.8860244751,0,67.8860244751,67.8860244751,68.8005371094,0,68.8005371094,68.8005371094,1
865,1033,32,0.0001,0,0.75,0.5,67.8475112915,0,67.8475112915,67.8475112915,68.9834442139,0,68.9834442139,68.9834442139,1
866,1048,32,0.0001,0.0001,0.75,0.5,67.8475112915,0,67.8475112915,67.8475112915,68.9834442139,0,68.9834442139,68.9834442139,1
867,1063,32,0.0001,0.001,0.75,0.5,67.8475112915,0,67.8475112915,67.8475112915,68.973815918,0,68.973815918,68.973815918,1
868,898,16,0.0001,0.01,0.75,0.5,67.837890625,0,67.837890625,67.837890625,68.8294143677,0,68.8294143677,68.8294143677,1
869,1208,64,0.0001,0,0.5,0.5,67.6934890747,0,67.6934890747,67.6934890747,68.973815918,0,68.973815918,68.973815918,1
870,1223,64,0.0001,0.0001,0.5,0.5,67.6838607788,0,67.6838607788,67.6838607788,68.973815918,0,68.973815918,68.973815918,1
871,1238,64,0.0001,0.001,0.5,0.5,67.6742401123,0,67.6742401123,67.6742401123,68.9834442139,0,68.9834442139,68.9834442139,1
872,1253,64,0.0001,0.01,0.5,0.5,67.5683517456,0,67.5683517456,67.5683517456,68.8390426636,0,68.8390426636,68.8390426636,1
873,669,8,0.0001,0,0.5,0.7,67.5394744873,0,67.5394744873,67.5394744873,68.4251098633,0,68.4251098633,68.4251098633,1
874,699,8,0.0001,0.001,0.5,0.7,67.5394744873,0,67.5394744873,67.5394744873,68.4251098633,0,68.4251098633,68.4251098633,1
875,684,8,0.0001,0.0001,0.5,0.7,67.529838562,0,67.529838562,67.529838562,68.4347305298,0,68.4347305298,68.4347305298,1
876,1211,64,0.0001,0,0.75,0.1,67.4817047119,0,67.4817047119,67.4817047119,68.6465148926,0,68.6465148926,68.6465148926,1
877,1226,64,0.0001,0.0001,0.75,0.1,67.4817047119,0,67.4817047119,67.4817047119,68.6465148926,0,68.6465148926,68.6465148926,1
878,1241,64,0.0001,0.001,0.75,0.1,67.4817047119,0,67.4817047119,67.4817047119,68.6465148926,0,68.6465148926,68.6465148926,1
879,484,4,0.0001,0,0.25,0.7,67.4720840454,0,67.4720840454,67.4720840454,67.7608795166,0,67.7608795166,67.7608795166,1
880,714,8,0.0001,0.01,0.5,0.7,67.4624557495,0,67.4624557495,67.4624557495,68.4058532715,0,68.4058532715,68.4058532715,1
881,1256,64,0.0001,0.01,0.75,0.1,67.4624557495,0,67.4624557495,67.4624557495,68.665763855,0,68.665763855,68.665763855,1
882,499,4,0.0001,0.0001,0.25,0.7,67.4239501953,0,67.4239501953,67.4239501953,67.7512512207,0,67.7512512207,67.7512512207,1
883,514,4,0.0001,0.001,0.25,0.7,67.395072937,0,67.395072937,67.395072937,67.7223739624,0,67.7223739624,67.7223739624,1
884,529,4,0.0001,0.01,0.25,0.7,67.2602996826,0,67.2602996826,67.2602996826,67.7608795166,0,67.7608795166,67.7608795166,1
885,531,4,0.0001,0.01,0.5,0.1,67.0677719116,0,67.0677719116,67.0677719116,67.2506713867,0,67.2506713867,67.2506713867,1
886,532,4,0.0001,0.01,0.5,0.3,67.0677719116,0,67.0677719116,67.0677719116,67.3469390869,0,67.3469390869,67.3469390869,1
887,487,4,0.0001,0,0.5,0.3,67.029258728,0,67.029258728,67.029258728,67.337310791,0,67.337310791,67.337310791,1
888,854,16,0.0001,0,0.75,0.7,67.0100097656,0,67.0100097656,67.0100097656,67.5683517456,0,67.5683517456,67.5683517456,1
889,884,16,0.0001,0.001,0.75,0.7,67.0100097656,0,67.0100097656,67.0100097656,67.587600708,0,67.587600708,67.587600708,1
890,516,4,0.0001,0.001,0.5,0.1,67.0003814697,0,67.0003814697,67.0003814697,67.1640319824,0,67.1640319824,67.1640319824,1
891,486,4,0.0001,0,0.5,0.1,66.9907531738,0,66.9907531738,66.9907531738,67.1640319824,0,67.1640319824,67.1640319824,1
892,501,4,0.0001,0.0001,0.5,0.1,66.9907531738,0,66.9907531738,66.9907531738,67.1640319824,0,67.1640319824,67.1640319824,1
893,502,4,0.0001,0.0001,0.5,0.3,66.9907531738,0,66.9907531738,66.9907531738,67.337310791,0,67.337310791,67.337310791,1
894,517,4,0.0001,0.001,0.5,0.3,66.9907531738,0,66.9907531738,66.9907531738,67.3180541992,0,67.3180541992,67.3180541992,1
895,869,16,0.0001,0.0001,0.75,0.7,66.9715042114,0,66.9715042114,66.9715042114,67.4335784912,0,67.4335784912,67.4335784912,1
896,899,16,0.0001,0.01,0.75,0.7,66.9618759155,0,66.9618759155,66.9618759155,67.5490951538,0,67.5490951538,67.5490951538,1
897,1212,64,0.0001,0,0.75,0.3,66.9329986572,0,66.9329986572,66.9329986572,67.9052734375,0,67.9052734375,67.9052734375,1
898,1227,64,0.0001,0.0001,0.75,0.3,66.9233703613,0,66.9233703613,66.9233703613,67.9052734375,0,67.9052734375,67.9052734375,1
899,1242,64,0.0001,0.001,0.75,0.3,66.9233703613,0,66.9233703613,66.9233703613,67.9822845459,0,67.9822845459,67.9822845459,1
900,488,4,0.0001,0,0.5,0.5,66.8463592529,0,66.8463592529,66.8463592529,67.0966491699,0,67.0966491699,67.0966491699,1
901,1257,64,0.0001,0.01,0.75,0.3,66.8271026611,0,66.8271026611,66.8271026611,67.8475112915,0,67.8475112915,67.8475112915,1
902,503,4,0.0001,0.0001,0.5,0.5,66.8174819946,0,66.8174819946,66.8174819946,67.0677719116,0,67.0677719116,67.0677719116,1
903,533,4,0.0001,0.01,0.5,0.5,66.8174819946,0,66.8174819946,66.8174819946,67.0677719116,0,67.0677719116,67.0677719116,1
904,518,4,0.0001,0.001,0.5,0.5,66.8078536987,0,66.8078536987,66.8078536987,67.087020874,0,67.087020874,67.087020874,1
905,347,2,0.0001,0.01,0.25,0.3,66.2880249023,0,66.2880249023,66.2880249023,65.6911849976,0,65.6911849976,65.6911849976,1
906,701,8,0.0001,0.001,0.75,0.1,66.2398910522,0,66.2398910522,66.2398910522,67.14478302,0,67.14478302,67.14478302,1
907,716,8,0.0001,0.01,0.75,0.1,66.2398910522,0,66.2398910522,66.2398910522,67.1255264282,0,67.1255264282,67.1255264282,1
908,672,8,0.0001,0,0.75,0.3,66.2206420898,0,66.2206420898,66.2206420898,67.0003814697,0,67.0003814697,67.0003814697,1
909,686,8,0.0001,0.0001,0.75,0.1,66.2206420898,0,66.2206420898,66.2206420898,67.1255264282,0,67.1255264282,67.1255264282,1
910,671,8,0.0001,0,0.75,0.1,66.2110137939,0,66.2110137939,66.2110137939,67.1255264282,0,67.1255264282,67.1255264282,1
911,702,8,0.0001,0.001,0.75,0.3,66.201385498,0,66.201385498,66.201385498,67.0100097656,0,67.0100097656,67.0100097656,1
912,302,2,0.0001,0,0.25,0.3,66.1917572021,0,66.1917572021,66.1917572021,65.8259506226,0,65.8259506226,65.8259506226,1
913,317,2,0.0001,0.0001,0.25,0.3,66.1917572021,0,66.1917572021,66.1917572021,65.8259506226,0,65.8259506226,65.8259506226,1
914,332,2,0.0001,0.001,0.25,0.3,66.1917572021,0,66.1917572021,66.1917572021,65.8548278809,0,65.8548278809,65.8548278809,1
915,687,8,0.0001,0.0001,0.75,0.3,66.1917572021,0,66.1917572021,66.1917572021,67.0003814697,0,67.0003814697,67.0003814697,1
916,717,8,0.0001,0.01,0.75,0.3,66.1725006104,0,66.1725006104,66.1725006104,66.9329986572,0,66.9329986572,66.9329986572,1
917,45,0,0.01,0.001,0.75,0.9,66.1532516479,0,66.1532516479,66.1532516479,67.1062774658,0,67.1062774658,67.1062774658,1
918,1049,32,0.0001,0.0001,0.75,0.7,66.0954971313,0,66.0954971313,66.0954971313,66.7115936279,0,66.7115936279,66.7115936279,1
919,1064,32,0.0001,0.001,0.75,0.7,66.0858688354,0,66.0858688354,66.0858688354,66.6923370361,0,66.6923370361,66.6923370361,1
920,348,2,0.0001,0.01,0.25,0.5,66.0569915771,0,66.0569915771,66.0569915771,66.0858688354,0,66.0858688354,66.0858688354,1
921,688,8,0.0001,0.0001,0.75,0.5,66.0281143188,0,66.0281143188,66.0281143188,66.6827087402,0,66.6827087402,66.6827087402,1
922,673,8,0.0001,0,0.75,0.5,66.0184783936,0,66.0184783936,66.0184783936,66.6827087402,0,66.6827087402,66.6827087402,1
923,703,8,0.0001,0.001,0.75,0.5,66.0088500977,0,66.0088500977,66.0088500977,66.6730804443,0,66.6730804443,66.6730804443,1
924,333,2,0.0001,0.001,0.25,0.5,65.9992294312,0,65.9992294312,65.9992294312,66.1051177979,0,66.1051177979,66.1051177979,1
925,303,2,0.0001,0,0.25,0.5,65.9896011353,0,65.9896011353,65.9896011353,66.0858688354,0,66.0858688354,66.0858688354,1
926,30,0,0.01,0.0001,0.75,0.9,65.9799728394,0,65.9799728394,65.9799728394,67.1640319824,0,67.1640319824,67.1640319824,1
927,318,2,0.0001,0.0001,0.25,0.5,65.9799728394,0,65.9799728394,65.9799728394,66.0954971313,0,66.0954971313,66.0954971313,1
928,1079,32,0.0001,0.01,0.75,0.7,65.9703521729,0,65.9703521729,65.9703521729,66.6249542236,0,66.6249542236,66.6249542236,1
929,718,8,0.0001,0.01,0.75,0.5,65.9510955811,0,65.9510955811,65.9510955811,66.701965332,0,66.701965332,66.701965332,1
930,1034,32,0.0001,0,0.75,0.7,65.9510955811,0,65.9510955811,65.9510955811,66.5864486694,0,66.5864486694,66.5864486694,1
931,54,0,0.01,0.01,0.5,0.7,65.768196106,0,65.768196106,65.768196106,66.4420471191,0,66.4420471191,66.4420471191,1
932,1204,64,0.0001,0,0.25,0.7,65.71043396,0,65.71043396,65.71043396,66.7789764404,0,66.7789764404,66.7789764404,1
933,1219,64,0.0001,0.0001,0.25,0.7,65.6911849976,0,65.6911849976,65.6911849976,66.7789764404,0,66.7789764404,66.7789764404,1
934,1234,64,0.0001,0.001,0.25,0.7,65.6815490723,0,65.6815490723,65.6815490723,66.7500991821,0,66.7500991821,66.7500991821,1
935,504,4,0.0001,0.0001,0.5,0.7,65.5949172974,0,65.5949172974,65.5949172974,65.7008132935,0,65.7008132935,65.7008132935,1
936,489,4,0.0001,0,0.5,0.7,65.5852890015,0,65.5852890015,65.5852890015,65.7008132935,0,65.7008132935,65.7008132935,1
937,519,4,0.0001,0.001,0.5,0.7,65.5660400391,0,65.5660400391,65.5660400391,65.6911849976,0,65.6911849976,65.6911849976,1
938,534,4,0.0001,0.01,0.5,0.7,65.5660400391,0,65.5660400391,65.5660400391,65.6334228516,0,65.6334228516,65.6334228516,1
939,55,0,0.01,0.01,0.5,0.9,65.5564117432,0,65.5564117432,65.5564117432,66.7886047363,0,66.7886047363,66.7886047363,1
940,331,2,0.0001,0.001,0.25,0.1,65.4986495972,0,65.4986495972,65.4986495972,65.4408950806,0,65.4408950806,65.4408950806,1
941,346,2,0.0001,0.01,0.25,0.1,65.4890213013,0,65.4890213013,65.4890213013,65.5082778931,0,65.5082778931,65.5082778931,1
942,52,0,0.01,0.01,0.5,0.3,65.4794006348,0,65.4794006348,65.4794006348,66.6634521484,0,66.6634521484,66.6634521484,1
943,301,2,0.0001,0,0.25,0.1,65.4794006348,0,65.4794006348,65.4794006348,65.3927612305,0,65.3927612305,65.3927612305,1
944,316,2,0.0001,0.0001,0.25,0.1,65.4794006348,0,65.4794006348,65.4794006348,65.4023895264,0,65.4023895264,65.4023895264,1
945,51,0,0.01,0.01,0.5,0.1,65.460144043,0,65.460144043,65.460144043,66.451675415,0,66.451675415,66.451675415,1
946,1249,64,0.0001,0.01,0.25,0.7,65.4120178223,0,65.4120178223,65.4120178223,66.4131698608,0,66.4131698608,66.4131698608,1
947,304,2,0.0001,0,0.25,0.7,65.3638839722,0,65.3638839722,65.3638839722,65.6911849976,0,65.6911849976,65.6911849976,1
948,319,2,0.0001,0.0001,0.25,0.7,65.3638839722,0,65.3638839722,65.3638839722,65.7008132935,0,65.7008132935,65.7008132935,1
949,334,2,0.0001,0.001,0.25,0.7,65.3542556763,0,65.3542556763,65.3542556763,65.7008132935,0,65.7008132935,65.7008132935,1
950,349,2,0.0001,0.01,0.25,0.7,65.3061218262,0,65.3061218262,65.3061218262,65.7393188477,0,65.7393188477,65.7393188477,1
951,15,0,0.01,0,0.75,0.9,65.267616272,0,65.267616272,65.267616272,66.2398910522,0,66.2398910522,66.2398910522,1
952,704,8,0.0001,0.001,0.75,0.7,65.2483673096,0,65.2483673096,65.2483673096,65.9414672852,0,65.9414672852,65.9414672852,1
953,674,8,0.0001,0,0.75,0.7,65.2291107178,0,65.2291107178,65.2291107178,65.9510955811,0,65.9510955811,65.9510955811,1
954,689,8,0.0001,0.0001,0.75,0.7,65.2291107178,0,65.2291107178,65.2291107178,65.9414672852,0,65.9414672852,65.9414672852,1
955,719,8,0.0001,0.01,0.75,0.7,65.1809768677,0,65.1809768677,65.1809768677,65.8644638062,0,65.8644638062,65.8644638062,1
956,1213,64,0.0001,0,0.75,0.5,65.0847167969,0,65.0847167969,65.0847167969,66.1243743896,0,66.1243743896,66.1243743896,1
957,1228,64,0.0001,0.0001,0.75,0.5,65.0847167969,0,65.0847167969,65.0847167969,66.1243743896,0,66.1243743896,66.1243743896,1
958,845,16,0.0001,0,0.25,0.9,65.0654602051,0,65.0654602051,65.0654602051,66.0281143188,0,66.0281143188,66.0281143188,1
959,860,16,0.0001,0.0001,0.25,0.9,65.0654602051,0,65.0654602051,65.0654602051,66.0281143188,0,66.0281143188,66.0281143188,1
960,1243,64,0.0001,0.001,0.75,0.5,65.0462112427,0,65.0462112427,65.0462112427,66.0954971313,0,66.0954971313,66.0954971313,1
961,875,16,0.0001,0.001,0.25,0.9,65.0365829468,0,65.0365829468,65.0365829468,66.0088500977,0,66.0088500977,66.0088500977,1
962,1258,64,0.0001,0.01,0.75,0.5,64.9114379883,0,64.9114379883,64.9114379883,65.8644638062,0,65.8644638062,65.8644638062,1
963,53,0,0.01,0.01,0.5,0.5,64.8729324341,0,64.8729324341,64.8729324341,66.2880249023,0,66.2880249023,66.2880249023,1
964,49,0,0.01,0.01,0.25,0.7,64.8055419922,0,64.8055419922,64.8055419922,65.5564117432,0,65.5564117432,65.5564117432,1
965,890,16,0.0001,0.01,0.25,0.9,64.7381591797,0,64.7381591797,64.7381591797,65.6623001099,0,65.6623001099,65.6623001099,1
966,695,8,0.0001,0.001,0.25,0.9,64.7092819214,0,64.7092819214,64.7092819214,65.2483673096,0,65.2483673096,65.2483673096,1
967,37,0,0.01,0.001,0.5,0.3,64.6418914795,0,64.6418914795,64.6418914795,65.8548278809,0,65.8548278809,65.8548278809,1
968,84,0,0.001,0.0001,0.5,0.7,64.6418914795,0,64.6418914795,64.6418914795,65.7008132935,0,65.7008132935,65.7008132935,1
969,680,8,0.0001,0.0001,0.25,0.9,64.6418914795,0,64.6418914795,64.6418914795,65.2579879761,0,65.2579879761,65.2579879761,1
970,48,0,0.01,0.01,0.25,0.5,64.6130142212,0,64.6130142212,64.6130142212,65.1039657593,0,65.1039657593,65.1039657593,1
971,69,0,0.001,0,0.5,0.7,64.5841369629,0,64.5841369629,64.5841369629,65.6334228516,0,65.6334228516,65.6334228516,1
972,710,8,0.0001,0.01,0.25,0.9,64.5841369629,0,64.5841369629,64.5841369629,65.017326355,0,65.017326355,65.017326355,1
973,99,0,0.001,0.001,0.5,0.7,64.5648803711,0,64.5648803711,64.5648803711,65.5949172974,0,65.5949172974,65.5949172974,1
974,665,8,0.0001,0,0.25,0.9,64.5648803711,0,64.5648803711,64.5648803711,65.1232147217,0,65.1232147217,65.1232147217,1
975,114,0,0.001,0.01,0.5,0.7,64.5263824463,0,64.5263824463,64.5263824463,65.3542556763,0,65.3542556763,65.3542556763,1
976,7,0,0.01,0,0.5,0.3,64.4686126709,0,64.4686126709,64.4686126709,65.768196106,0,65.768196106,65.768196106,1
977,22,0,0.01,0.0001,0.5,0.3,64.4686126709,0,64.4686126709,64.4686126709,65.7970733643,0,65.7970733643,65.7970733643,1
978,36,0,0.01,0.001,0.5,0.1,64.4686126709,0,64.4686126709,64.4686126709,65.4505157471,0,65.4505157471,65.4505157471,1
979,19,0,0.01,0.0001,0.25,0.7,64.4589920044,0,64.4589920044,64.4589920044,65.1135940552,0,65.1135940552,65.1135940552,1
980,59,0,0.01,0.01,0.75,0.7,64.4589920044,0,64.4589920044,64.4589920044,64.9788208008,0,64.9788208008,64.9788208008,1
981,57,0,0.01,0.01,0.75,0.3,64.4301147461,0,64.4301147461,64.4301147461,65.3061218262,0,65.3061218262,65.3061218262,1
982,4,0,0.01,0,0.25,0.7,64.4012298584,0,64.4012298584,64.4012298584,65.1328430176,0,65.1328430176,65.1328430176,1
983,8,0,0.01,0,0.5,0.5,64.3434677124,0,64.3434677124,64.3434677124,65.1424713135,0,65.1424713135,65.1424713135,1
984,23,0,0.01,0.0001,0.5,0.5,64.3338470459,0,64.3338470459,64.3338470459,65.0943374634,0,65.0943374634,65.0943374634,1
985,353,2,0.0001,0.01,0.5,0.5,64.3338470459,0,64.3338470459,64.3338470459,64.0643081665,0,64.0643081665,64.0643081665,1
986,323,2,0.0001,0.0001,0.5,0.5,64.32421875,0,64.32421875,64.32421875,64.1413116455,0,64.1413116455,64.1413116455,1
987,338,2,0.0001,0.001,0.5,0.5,64.32421875,0,64.32421875,64.32421875,64.131690979,0,64.131690979,64.131690979,1
988,308,2,0.0001,0,0.5,0.5,64.3145904541,0,64.3145904541,64.3145904541,64.1509399414,0,64.1509399414,64.1509399414,1
989,58,0,0.01,0.01,0.75,0.5,64.3049621582,0,64.3049621582,64.3049621582,65.2098617554,0,65.2098617554,65.2098617554,1
990,56,0,0.01,0.01,0.75,0.1,64.2953414917,0,64.2953414917,64.2953414917,65.3157501221,0,65.3157501221,65.3157501221,1
991,34,0,0.01,0.001,0.25,0.7,64.2857131958,0,64.2857131958,64.2857131958,64.9691925049,0,64.9691925049,64.9691925049,1
992,47,0,0.01,0.01,0.25,0.3,64.2664642334,0,64.2664642334,64.2664642334,65.1135940552,0,65.1135940552,65.1135940552,1
993,39,0,0.01,0.001,0.5,0.7,64.2568359375,0,64.2568359375,64.2568359375,64.9499435425,0,64.9499435425,64.9499435425,1
994,46,0,0.01,0.01,0.25,0.1,64.2568359375,0,64.2568359375,64.2568359375,64.6996536255,0,64.6996536255,64.6996536255,1
995,38,0,0.01,0.001,0.5,0.5,64.2472076416,0,64.2472076416,64.2472076416,65.267616272,0,65.267616272,65.267616272,1
996,18,0,0.01,0.0001,0.25,0.5,64.2375793457,0,64.2375793457,64.2375793457,64.7959136963,0,64.7959136963,64.7959136963,1
997,33,0,0.01,0.001,0.25,0.5,64.2375793457,0,64.2375793457,64.2375793457,64.9691925049,0,64.9691925049,64.9691925049,1
998,70,0,0.001,0,0.5,0.9,64.2375793457,0,64.2375793457,64.2375793457,65.4986495972,0,65.4986495972,65.4986495972,1
999,3,0,0.01,0,0.25,0.5,64.2087020874,0,64.2087020874,64.2087020874,64.9114379883,0,64.9114379883,64.9114379883,1
1000,85,0,0.001,0.0001,0.5,0.9,64.1990814209,0,64.1990814209,64.1990814209,65.4697723389,0,65.4697723389,65.4697723389,1
1001,9,0,0.01,0,0.5,0.7,64.1798248291,0,64.1798248291,64.1798248291,64.9884490967,0,64.9884490967,64.9884490967,1
1002,24,0,0.01,0.0001,0.5,0.7,64.1798248291,0,64.1798248291,64.1798248291,65.0076980591,0,65.0076980591,65.0076980591,1
1003,100,0,0.001,0.001,0.5,0.9,64.1509399414,0,64.1509399414,64.1509399414,65.3638839722,0,65.3638839722,65.3638839722,1
1004,880,16,0.0001,0.001,0.5,0.9,64.0643081665,0,64.0643081665,64.0643081665,64.7285308838,0,64.7285308838,64.7285308838,1
1005,895,16,0.0001,0.01,0.5,0.9,64.0643081665,0,64.0643081665,64.0643081665,64.5456314087,0,64.5456314087,64.5456314087,1
1006,337,2,0.0001,0.001,0.5,0.3,64.0450515747,0,64.0450515747,64.0450515747,64.1990814209,0,64.1990814209,64.1990814209,1
1007,352,2,0.0001,0.01,0.5,0.3,64.0450515747,0,64.0450515747,64.0450515747,64.2472076416,0,64.2472076416,64.2472076416,1
1008,865,16,0.0001,0.0001,0.5,0.9,64.0450515747,0,64.0450515747,64.0450515747,64.7189102173,0,64.7189102173,64.7189102173,1
1009,307,2,0.0001,0,0.5,0.3,64.0354309082,0,64.0354309082,64.0354309082,64.189453125,0,64.189453125,64.189453125,1
1010,850,16,0.0001,0,0.5,0.9,64.0354309082,0,64.0354309082,64.0354309082,64.7381591797,0,64.7381591797,64.7381591797,1
1011,322,2,0.0001,0.0001,0.5,0.3,64.0258026123,0,64.0258026123,64.0258026123,64.1798248291,0,64.1798248291,64.1798248291,1
1012,68,0,0.001,0,0.5,0.5,63.9584121704,0,63.9584121704,63.9584121704,65.4023895264,0,65.4023895264,65.4023895264,1
1013,670,8,0.0001,0,0.5,0.9,63.9584121704,0,63.9584121704,63.9584121704,64.5167541504,0,64.5167541504,64.5167541504,1
1014,685,8,0.0001,0.0001,0.5,0.9,63.9584121704,0,63.9584121704,63.9584121704,64.5167541504,0,64.5167541504,64.5167541504,1
1015,700,8,0.0001,0.001,0.5,0.9,63.9295349121,0,63.9295349121,63.9295349121,64.4782409668,0,64.4782409668,64.4782409668,1
1016,6,0,0.01,0,0.5,0.1,63.9199066162,0,63.9199066162,63.9199066162,64.9403152466,0,64.9403152466,64.9403152466,1
1017,113,0,0.001,0.01,0.5,0.5,63.910282135,0,63.910282135,63.910282135,65.4505157471,0,65.4505157471,65.4505157471,1
1018,21,0,0.01,0.0001,0.5,0.1,63.9006538391,0,63.9006538391,63.9006538391,64.767036438,0,64.767036438,64.767036438,1
1019,67,0,0.001,0,0.5,0.3,63.9006538391,0,63.9006538391,63.9006538391,64.6033859253,0,64.6033859253,64.6033859253,1
1020,98,0,0.001,0.001,0.5,0.5,63.9006538391,0,63.9006538391,63.9006538391,65.3831329346,0,65.3831329346,65.3831329346,1
1021,31,0,0.01,0.001,0.25,0.1,63.8910293579,0,63.8910293579,63.8910293579,64.2857131958,0,64.2857131958,64.2857131958,1
1022,16,0,0.01,0.0001,0.25,0.1,63.8814048767,0,63.8814048767,63.8814048767,64.4493637085,0,64.4493637085,64.4493637085,1
1023,715,8,0.0001,0.01,0.5,0.9,63.8814048767,0,63.8814048767,63.8814048767,64.4012298584,0,64.4012298584,64.4012298584,1
1024,82,0,0.001,0.0001,0.5,0.3,63.8525238037,0,63.8525238037,63.8525238037,64.9306869507,0,64.9306869507,64.9306869507,1
1025,83,0,0.001,0.0001,0.5,0.5,63.8525238037,0,63.8525238037,63.8525238037,65.2772445679,0,65.2772445679,65.2772445679,1
1026,306,2,0.0001,0,0.5,0.1,63.8525238037,0,63.8525238037,63.8525238037,63.7851371765,0,63.7851371765,63.7851371765,1
1027,2,0,0.01,0,0.25,0.3,63.8332672119,0,63.8332672119,63.8332672119,64.2953414917,0,64.2953414917,64.2953414917,1
1028,109,0,0.001,0.01,0.25,0.7,63.8332672119,0,63.8332672119,63.8332672119,64.7574157715,0,64.7574157715,64.7574157715,1
1029,321,2,0.0001,0.0001,0.5,0.1,63.8332672119,0,63.8332672119,63.8332672119,63.8043899536,0,63.8043899536,63.8043899536,1
1030,336,2,0.0001,0.001,0.5,0.1,63.823638916,0,63.823638916,63.823638916,63.8043899536,0,63.8043899536,63.8043899536,1
1031,351,2,0.0001,0.01,0.5,0.1,63.823638916,0,63.823638916,63.823638916,63.8332672119,0,63.8332672119,63.8332672119,1
1032,17,0,0.01,0.0001,0.25,0.3,63.7947616577,0,63.7947616577,63.7947616577,64.4493637085,0,64.4493637085,64.4493637085,1
1033,32,0,0.01,0.001,0.25,0.3,63.7947616577,0,63.7947616577,63.7947616577,64.2375793457,0,64.2375793457,64.2375793457,1
1034,1,0,0.01,0,0.25,0.1,63.7370033264,0,63.7370033264,63.7370033264,64.2953414917,0,64.2953414917,64.2953414917,1
1035,10,0,0.01,0,0.5,0.9,63.7273788452,0,63.7273788452,63.7273788452,64.2568359375,0,64.2568359375,64.2568359375,1
1036,25,0,0.01,0.0001,0.5,0.9,63.6985015869,0,63.6985015869,63.6985015869,64.2664642334,0,64.2664642334,64.2664642334,1
1037,97,0,0.001,0.001,0.5,0.3,63.6985015869,0,63.6985015869,63.6985015869,64.7766647339,0,64.7766647339,64.7766647339,1
1038,29,0,0.01,0.0001,0.75,0.7,63.688873291,0,63.688873291,63.688873291,64.574508667,0,64.574508667,64.574508667,1
1039,1209,64,0.0001,0,0.5,0.7,63.688873291,0,63.688873291,63.688873291,64.8729324341,0,64.8729324341,64.8729324341,1
1040,1224,64,0.0001,0.0001,0.5,0.7,63.6792488098,0,63.6792488098,63.6792488098,64.8633041382,0,64.8633041382,64.8633041382,1
1041,1239,64,0.0001,0.001,0.5,0.7,63.6407394409,0,63.6407394409,63.6407394409,64.8440475464,0,64.8440475464,64.8440475464,1
1042,14,0,0.01,0,0.75,0.7,63.6118583679,0,63.6118583679,63.6118583679,64.8344192505,0,64.8344192505,64.8344192505,1
1043,40,0,0.01,0.001,0.5,0.9,63.5926055908,0,63.5926055908,63.5926055908,64.2857131958,0,64.2857131958,64.2857131958,1
1044,112,0,0.001,0.01,0.5,0.3,63.5733528137,0,63.5733528137,63.5733528137,64.690032959,0,64.690032959,64.690032959,1
1045,1254,64,0.0001,0.01,0.5,0.7,63.4289550781,0,63.4289550781,63.4289550781,64.6803970337,0,64.6803970337,64.6803970337,1
1046,108,0,0.001,0.01,0.25,0.5,63.4193305969,0,63.4193305969,63.4193305969,63.9391593933,0,63.9391593933,63.9391593933,1
1047,115,0,0.001,0.01,0.5,0.9,63.2268028259,0,63.2268028259,63.2268028259,64.7285308838,0,64.7285308838,64.7285308838,1
1048,81,0,0.001,0.0001,0.5,0.1,63.1690368652,0,63.1690368652,63.1690368652,63.4674606323,0,63.4674606323,63.4674606323,1
1049,74,0,0.001,0,0.75,0.7,63.1305351257,0,63.1305351257,63.1305351257,64.2183303833,0,64.2183303833,64.2183303833,1
1050,493,4,0.0001,0,0.75,0.5,63.1305351257,0,63.1305351257,63.1305351257,63.3134384155,0,63.3134384155,63.3134384155,1
1051,66,0,0.001,0,0.5,0.1,63.1209068298,0,63.1209068298,63.1209068298,63.8621520996,0,63.8621520996,63.8621520996,1
1052,111,0,0.001,0.01,0.5,0.1,63.1209068298,0,63.1209068298,63.1209068298,63.9199066162,0,63.9199066162,63.9199066162,1
1053,508,4,0.0001,0.0001,0.75,0.5,63.1209068298,0,63.1209068298,63.1209068298,63.3230628967,0,63.3230628967,63.3230628967,1
1054,538,4,0.0001,0.01,0.75,0.5,63.1209068298,0,63.1209068298,63.1209068298,63.21717453,0,63.21717453,63.21717453,1
1055,96,0,0.001,0.001,0.5,0.1,63.1112823486,0,63.1112823486,63.1112823486,64.0065460205,0,64.0065460205,64.0065460205,1
1056,523,4,0.0001,0.001,0.75,0.5,63.1112823486,0,63.1112823486,63.1112823486,63.2845573425,0,63.2845573425,63.2845573425,1
1057,339,2,0.0001,0.001,0.5,0.7,63.0727767944,0,63.0727767944,63.0727767944,63.1882972717,0,63.1882972717,63.1882972717,1
1058,309,2,0.0001,0,0.5,0.7,63.0631523132,0,63.0631523132,63.0631523132,63.2075500488,0,63.2075500488,63.2075500488,1
1059,324,2,0.0001,0.0001,0.5,0.7,63.0631523132,0,63.0631523132,63.0631523132,63.2075500488,0,63.2075500488,63.2075500488,1
1060,44,0,0.01,0.001,0.75,0.7,63.0535240173,0,63.0535240173,63.0535240173,63.9006538391,0,63.9006538391,63.9006538391,1
1061,104,0,0.001,0.001,0.75,0.7,63.0150184631,0,63.0150184631,63.0150184631,64.1028137207,0,64.1028137207,64.1028137207,1
1062,88,0,0.001,0.0001,0.75,0.5,62.9861373901,0,62.9861373901,62.9861373901,63.6792488098,0,63.6792488098,63.6792488098,1
1063,119,0,0.001,0.01,0.75,0.7,62.9861373901,0,62.9861373901,62.9861373901,63.8428916931,0,63.8428916931,63.8428916931,1
1064,492,4,0.0001,0,0.75,0.3,62.9861373901,0,62.9861373901,62.9861373901,63.4289550781,0,63.4289550781,63.4289550781,1
1065,507,4,0.0001,0.0001,0.75,0.3,62.9861373901,0,62.9861373901,62.9861373901,63.4289550781,0,63.4289550781,63.4289550781,1
1066,89,0,0.001,0.0001,0.75,0.7,62.9765090942,0,62.9765090942,62.9765090942,64.1798248291,0,64.1798248291,64.1798248291,1
1067,522,4,0.0001,0.001,0.75,0.3,62.9765090942,0,62.9765090942,62.9765090942,63.409702301,0,63.409702301,63.409702301,1
1068,521,4,0.0001,0.001,0.75,0.1,62.966884613,0,62.966884613,62.966884613,63.0824012756,0,63.0824012756,63.0824012756,1
1069,354,2,0.0001,0.01,0.5,0.7,62.9572563171,0,62.9572563171,62.9572563171,63.0631523132,0,63.0631523132,63.0631523132,1
1070,103,0,0.001,0.001,0.75,0.5,62.9476318359,0,62.9476318359,62.9476318359,63.7755088806,0,63.7755088806,63.7755088806,1
1071,491,4,0.0001,0,0.75,0.1,62.9476318359,0,62.9476318359,62.9476318359,63.1016540527,0,63.1016540527,63.1016540527,1
1072,536,4,0.0001,0.01,0.75,0.1,62.9283790588,0,62.9283790588,62.9283790588,63.0824012756,0,63.0824012756,63.0824012756,1
1073,537,4,0.0001,0.01,0.75,0.3,62.9283790588,0,62.9283790588,62.9283790588,63.3712005615,0,63.3712005615,63.3712005615,1
1074,73,0,0.001,0,0.75,0.5,62.8898735046,0,62.8898735046,62.8898735046,63.7658843994,0,63.7658843994,63.7658843994,1
1075,110,0,0.001,0.01,0.25,0.9,62.8321113586,0,62.8321113586,62.8321113586,64.1701965332,0,64.1701965332,64.1701965332,1
1076,50,0,0.01,0.01,0.25,0.9,62.7936058044,0,62.7936058044,62.7936058044,64.3338470459,0,64.3338470459,64.3338470459,1
1077,35,0,0.01,0.001,0.25,0.9,62.7839813232,0,62.7839813232,62.7839813232,64.0065460205,0,64.0065460205,64.0065460205,1
1078,42,0,0.01,0.001,0.75,0.3,62.7647285461,0,62.7647285461,62.7647285461,63.4963378906,0,63.4963378906,63.4963378906,1
1079,20,0,0.01,0.0001,0.25,0.9,62.7358512878,0,62.7358512878,62.7358512878,63.8140144348,0,63.8140144348,63.8140144348,1
1080,5,0,0.01,0,0.25,0.9,62.7165985107,0,62.7165985107,62.7165985107,63.8428916931,0,63.8428916931,63.8428916931,1
1081,118,0,0.001,0.01,0.75,0.5,62.7165985107,0,62.7165985107,62.7165985107,63.4770889282,0,63.4770889282,63.4770889282,1
1082,524,4,0.0001,0.001,0.75,0.7,62.7069702148,0,62.7069702148,62.7069702148,62.8513679504,0,62.8513679504,62.8513679504,1
1083,494,4,0.0001,0,0.75,0.7,62.6973457336,0,62.6973457336,62.6973457336,62.8609962463,0,62.8609962463,62.8609962463,1
1084,506,4,0.0001,0.0001,0.75,0.1,62.6973457336,0,62.6973457336,62.6973457336,62.9765090942,0,62.9765090942,62.9765090942,1
1085,509,4,0.0001,0.0001,0.75,0.7,62.6973457336,0,62.6973457336,62.6973457336,62.8706207275,0,62.8706207275,62.8706207275,1
1086,539,4,0.0001,0.01,0.75,0.7,62.6395835876,0,62.6395835876,62.6395835876,62.8128585815,0,62.8128585815,62.8128585815,1
1087,43,0,0.01,0.001,0.75,0.5,62.6203308105,0,62.6203308105,62.6203308105,63.6214866638,0,63.6214866638,63.6214866638,1
1088,90,0,0.001,0.0001,0.75,0.9,62.5818252563,0,62.5818252563,62.5818252563,63.4674606323,0,63.4674606323,63.4674606323,1
1089,107,0,0.001,0.01,0.25,0.3,62.552947998,0,62.552947998,62.552947998,63.8140144348,0,63.8140144348,63.8140144348,1
1090,105,0,0.001,0.001,0.75,0.9,62.5336952209,0,62.5336952209,62.5336952209,63.3519477844,0,63.3519477844,63.3519477844,1
1091,75,0,0.001,0,0.75,0.9,62.4855575562,0,62.4855575562,62.4855575562,63.5829811096,0,63.5829811096,63.5829811096,1
1092,13,0,0.01,0,0.75,0.5,62.475933075,0,62.475933075,62.475933075,63.6118583679,0,63.6118583679,63.6118583679,1
1093,675,8,0.0001,0,0.75,0.9,62.3796691895,0,62.3796691895,62.3796691895,62.7743530273,0,62.7743530273,62.7743530273,1
1094,690,8,0.0001,0.0001,0.75,0.9,62.3796691895,0,62.3796691895,62.3796691895,62.7743530273,0,62.7743530273,62.7743530273,1
1095,530,4,0.0001,0.01,0.25,0.9,62.3604164124,0,62.3604164124,62.3604164124,63.1882972717,0,63.1882972717,63.1882972717,1
1096,485,4,0.0001,0,0.25,0.9,62.3507919312,0,62.3507919312,62.3507919312,63.1209068298,0,63.1209068298,63.1209068298,1
1097,500,4,0.0001,0.0001,0.25,0.9,62.3507919312,0,62.3507919312,62.3507919312,63.1305351257,0,63.1305351257,63.1305351257,1
1098,515,4,0.0001,0.001,0.25,0.9,62.3507919312,0,62.3507919312,62.3507919312,63.2268028259,0,63.2268028259,63.2268028259,1
1099,705,8,0.0001,0.001,0.75,0.9,62.3411636353,0,62.3411636353,62.3411636353,62.7647285461,0,62.7647285461,62.7647285461,1
1100,102,0,0.001,0.001,0.75,0.3,62.254524231,0,62.254524231,62.254524231,62.8706207275,0,62.8706207275,62.8706207275,1
1101,60,0,0.01,0.01,0.75,0.9,62.2448997498,0,62.2448997498,62.2448997498,62.7647285461,0,62.7647285461,62.7647285461,1
1102,720,8,0.0001,0.01,0.75,0.9,62.2256469727,0,62.2256469727,62.2256469727,62.6299552917,0,62.6299552917,62.6299552917,1
1103,87,0,0.001,0.0001,0.75,0.3,62.1967658997,0,62.1967658997,62.1967658997,62.93800354,0,62.93800354,62.93800354,1
1104,101,0,0.001,0.001,0.75,0.1,62.1197509766,0,62.1197509766,62.1197509766,62.3892974854,0,62.3892974854,62.3892974854,1
1105,28,0,0.01,0.0001,0.75,0.5,62.1004981995,0,62.1004981995,62.1004981995,63.1401596069,0,63.1401596069,63.1401596069,1
1106,86,0,0.001,0.0001,0.75,0.1,62.0427436829,0,62.0427436829,62.0427436829,62.3219070435,0,62.3219070435,62.3219070435,1
1107,72,0,0.001,0,0.75,0.3,62.0042381287,0,62.0042381287,62.0042381287,63.024646759,0,63.024646759,63.024646759,1
1108,870,16,0.0001,0.0001,0.75,0.9,61.9946060181,0,61.9946060181,61.9946060181,62.8802490234,0,62.8802490234,62.8802490234,1
1109,106,0,0.001,0.01,0.25,0.1,61.9849815369,0,61.9849815369,61.9849815369,63.0631523132,0,63.0631523132,63.0631523132,1
1110,855,16,0.0001,0,0.75,0.9,61.9849815369,0,61.9849815369,61.9849815369,62.8802490234,0,62.8802490234,62.8802490234,1
1111,885,16,0.0001,0.001,0.75,0.9,61.9849815369,0,61.9849815369,61.9849815369,62.8513679504,0,62.8513679504,62.8513679504,1
1112,71,0,0.001,0,0.75,0.1,61.975353241,0,61.975353241,61.975353241,62.4181747437,0,62.4181747437,62.4181747437,1
1113,1025,32,0.0001,0,0.25,0.9,61.9272232056,0,61.9272232056,61.9272232056,62.7262229919,0,62.7262229919,62.7262229919,1
1114,117,0,0.001,0.01,0.75,0.3,61.9175987244,0,61.9175987244,61.9175987244,63.1305351257,0,63.1305351257,63.1305351257,1
1115,1040,32,0.0001,0.0001,0.25,0.9,61.9079704285,0,61.9079704285,61.9079704285,62.7262229919,0,62.7262229919,62.7262229919,1
1116,116,0,0.001,0.01,0.75,0.1,61.8790931702,0,61.8790931702,61.8790931702,62.3507919312,0,62.3507919312,62.3507919312,1
1117,1055,32,0.0001,0.001,0.25,0.9,61.8790931702,0,61.8790931702,61.8790931702,62.6780929565,0,62.6780929565,62.6780929565,1
1118,900,16,0.0001,0.01,0.75,0.9,61.840587616,0,61.840587616,61.840587616,62.5818252563,0,62.5818252563,62.5818252563,1
1119,535,4,0.0001,0.01,0.5,0.9,61.7443199158,0,61.7443199158,61.7443199158,62.2256469727,0,62.2256469727,62.2256469727,1
1120,120,0,0.001,0.01,0.75,0.9,61.7250671387,0,61.7250671387,61.7250671387,62.6588363647,0,62.6588363647,62.6588363647,1
1121,490,4,0.0001,0,0.5,0.9,61.5999221802,0,61.5999221802,61.5999221802,62.2834014893,0,62.2834014893,62.2834014893,1
1122,505,4,0.0001,0.0001,0.5,0.9,61.5999221802,0,61.5999221802,61.5999221802,62.3026542664,0,62.3026542664,62.3026542664,1
1123,520,4,0.0001,0.001,0.5,0.9,61.5710449219,0,61.5710449219,61.5710449219,62.2930297852,0,62.2930297852,62.2930297852,1
1124,1070,32,0.0001,0.01,0.25,0.9,61.5036621094,0,61.5036621094,61.5036621094,62.2448997498,0,62.2448997498,62.2448997498,1
1125,27,0,0.01,0.0001,0.75,0.3,61.176361084,0,61.176361084,61.176361084,61.840587616,0,61.840587616,61.840587616,1
1126,76,0,0.001,0.0001,0.25,0.1,61.0800933838,0,61.0800933838,61.0800933838,61.5229110718,0,61.5229110718,61.5229110718,1
1127,12,0,0.01,0,0.75,0.3,61.0704650879,0,61.0704650879,61.0704650879,61.9079704285,0,61.9079704285,61.9079704285,1
1128,61,0,0.001,0,0.25,0.1,61.0030822754,0,61.0030822754,61.0030822754,61.5517921448,0,61.5517921448,61.5517921448,1
1129,91,0,0.001,0.001,0.25,0.1,60.8009223938,0,60.8009223938,60.8009223938,61.4266471863,0,61.4266471863,61.4266471863,1
1130,63,0,0.001,0,0.25,0.5,60.7816696167,0,60.7816696167,60.7816696167,61.8790931702,0,61.8790931702,61.8790931702,1
1131,93,0,0.001,0.001,0.25,0.5,60.7046585083,0,60.7046585083,60.7046585083,61.840587616,0,61.840587616,61.840587616,1
1132,1214,64,0.0001,0,0.75,0.7,60.6854095459,0,60.6854095459,60.6854095459,61.4362716675,0,61.4362716675,61.4362716675,1
1133,1229,64,0.0001,0.0001,0.75,0.7,60.6854095459,0,60.6854095459,60.6854095459,61.4362716675,0,61.4362716675,61.4362716675,1
1134,11,0,0.01,0,0.75,0.1,60.6468963623,0,60.6468963623,60.6468963623,61.0415878296,0,61.0415878296,61.0415878296,1
1135,1244,64,0.0001,0.001,0.75,0.7,60.6468963623,0,60.6468963623,60.6468963623,61.4362716675,0,61.4362716675,61.4362716675,1
1136,80,0,0.001,0.0001,0.25,0.9,60.5410079956,0,60.5410079956,60.5410079956,61.7346954346,0,61.7346954346,61.7346954346,1
1137,65,0,0.001,0,0.25,0.9,60.5025062561,0,60.5025062561,60.5025062561,61.7539482117,0,61.7539482117,61.7539482117,1
1138,41,0,0.01,0.001,0.75,0.1,60.4543685913,0,60.4543685913,60.4543685913,60.897190094,0,60.897190094,60.897190094,1
1139,95,0,0.001,0.001,0.25,0.9,60.4543685913,0,60.4543685913,60.4543685913,61.6384277344,0,61.6384277344,61.6384277344,1
1140,1030,32,0.0001,0,0.5,0.9,60.4543685913,0,60.4543685913,60.4543685913,61.0512123108,0,61.0512123108,61.0512123108,1
1141,1045,32,0.0001,0.0001,0.5,0.9,60.4351158142,0,60.4351158142,60.4351158142,61.0319595337,0,61.0319595337,61.0319595337,1
1142,1259,64,0.0001,0.01,0.75,0.7,60.39661026,0,60.39661026,60.39661026,61.0704650879,0,61.0704650879,61.0704650879,1
1143,26,0,0.01,0.0001,0.75,0.1,60.3677330017,0,60.3677330017,60.3677330017,60.67578125,0,60.67578125,60.67578125,1
1144,1060,32,0.0001,0.001,0.5,0.9,60.3677330017,0,60.3677330017,60.3677330017,60.9934577942,0,60.9934577942,60.9934577942,1
1145,495,4,0.0001,0,0.75,0.9,60.3292274475,0,60.3292274475,60.3292274475,60.810546875,0,60.810546875,60.810546875,1
1146,510,4,0.0001,0.0001,0.75,0.9,60.3292274475,0,60.3292274475,60.3292274475,60.7912940979,0,60.7912940979,60.7912940979,1
1147,525,4,0.0001,0.001,0.75,0.9,60.3292274475,0,60.3292274475,60.3292274475,60.7816696167,0,60.7816696167,60.7816696167,1
1148,320,2,0.0001,0.0001,0.25,0.9,60.3003425598,0,60.3003425598,60.3003425598,60.6950340271,0,60.6950340271,60.6950340271,1
1149,335,2,0.0001,0.001,0.25,0.9,60.3003425598,0,60.3003425598,60.3003425598,60.6661567688,0,60.6661567688,60.6661567688,1
1150,305,2,0.0001,0,0.25,0.9,60.2907180786,0,60.2907180786,60.2907180786,60.7239112854,0,60.7239112854,60.7239112854,1
1151,350,2,0.0001,0.01,0.25,0.9,60.2618408203,0,60.2618408203,60.2618408203,60.5602607727,0,60.5602607727,60.5602607727,1
1152,540,4,0.0001,0.01,0.75,0.9,60.2522125244,0,60.2522125244,60.2522125244,60.7431640625,0,60.7431640625,60.7431640625,1
1153,77,0,0.001,0.0001,0.25,0.3,60.2425880432,0,60.2425880432,60.2425880432,61.0223350525,0,61.0223350525,61.0223350525,1
1154,64,0,0.001,0,0.25,0.7,60.1366920471,0,60.1366920471,60.1366920471,61.4362716675,0,61.4362716675,61.4362716675,1
1155,92,0,0.001,0.001,0.25,0.3,60.1366920471,0,60.1366920471,60.1366920471,61.2052383423,0,61.2052383423,61.2052383423,1
1156,94,0,0.001,0.001,0.25,0.7,60.0789375305,0,60.0789375305,60.0789375305,61.4266471863,0,61.4266471863,61.4266471863,1
1157,1075,32,0.0001,0.01,0.5,0.9,60.0789375305,0,60.0789375305,60.0789375305,60.618019104,0,60.618019104,60.618019104,1
1158,79,0,0.001,0.0001,0.25,0.7,60.0500564575,0,60.0500564575,60.0500564575,61.3592605591,0,61.3592605591,61.3592605591,1
1159,62,0,0.001,0,0.25,0.3,59.9923019409,0,59.9923019409,59.9923019409,61.0704650879,0,61.0704650879,61.0704650879,1
1160,78,0,0.001,0.0001,0.25,0.5,59.8767814636,0,59.8767814636,59.8767814636,61.0319595337,0,61.0319595337,61.0319595337,1
1161,328,2,0.0001,0.0001,0.75,0.5,59.8767814636,0,59.8767814636,59.8767814636,59.8479042053,0,59.8479042053,59.8479042053,1
1162,343,2,0.0001,0.001,0.75,0.5,59.8767814636,0,59.8767814636,59.8767814636,59.8671569824,0,59.8671569824,59.8671569824,1
1163,313,2,0.0001,0,0.75,0.5,59.8575286865,0,59.8575286865,59.8575286865,59.8382759094,0,59.8382759094,59.8382759094,1
1164,358,2,0.0001,0.01,0.75,0.5,59.8093910217,0,59.8093910217,59.8093910217,59.8382759094,0,59.8382759094,59.8382759094,1
1165,312,2,0.0001,0,0.75,0.3,59.7708892822,0,59.7708892822,59.7708892822,59.7612609863,0,59.7612609863,59.7612609863,1
1166,327,2,0.0001,0.0001,0.75,0.3,59.7708892822,0,59.7708892822,59.7708892822,59.732383728,0,59.732383728,59.732383728,1
1167,342,2,0.0001,0.001,0.75,0.3,59.7612609863,0,59.7612609863,59.7612609863,59.7420082092,0,59.7420082092,59.7420082092,1
1168,357,2,0.0001,0.01,0.75,0.3,59.7612609863,0,59.7612609863,59.7612609863,59.7035064697,0,59.7035064697,59.7035064697,1
1169,310,2,0.0001,0,0.5,0.9,59.4339599609,0,59.4339599609,59.4339599609,59.3954544067,0,59.3954544067,59.3954544067,1
1170,325,2,0.0001,0.0001,0.5,0.9,59.4339599609,0,59.4339599609,59.4339599609,59.4050827026,0,59.4050827026,59.4050827026,1
1171,340,2,0.0001,0.001,0.5,0.9,59.4243354797,0,59.4243354797,59.4243354797,59.4243354797,0,59.4243354797,59.4243354797,1
1172,314,2,0.0001,0,0.75,0.7,59.3858299255,0,59.3858299255,59.3858299255,59.3858299255,0,59.3858299255,59.3858299255,1
1173,329,2,0.0001,0.0001,0.75,0.7,59.3858299255,0,59.3858299255,59.3858299255,59.3665771484,0,59.3665771484,59.3665771484,1
1174,344,2,0.0001,0.001,0.75,0.7,59.3569526672,0,59.3569526672,59.3569526672,59.3858299255,0,59.3858299255,59.3858299255,1
1175,326,2,0.0001,0.0001,0.75,0.1,59.3376998901,0,59.3376998901,59.3376998901,59.5013504028,0,59.5013504028,59.5013504028,1
1176,355,2,0.0001,0.01,0.5,0.9,59.3376998901,0,59.3376998901,59.3376998901,59.3762054443,0,59.3762054443,59.3762054443,1
1177,311,2,0.0001,0,0.75,0.1,59.3280715942,0,59.3280715942,59.3280715942,59.4917221069,0,59.4917221069,59.4917221069,1
1178,341,2,0.0001,0.001,0.75,0.1,59.3280715942,0,59.3280715942,59.3280715942,59.4820976257,0,59.4820976257,59.4820976257,1
1179,359,2,0.0001,0.01,0.75,0.7,59.318447113,0,59.318447113,59.318447113,59.3376998901,0,59.3376998901,59.3376998901,1
1180,356,2,0.0001,0.01,0.75,0.1,59.2799377441,0,59.2799377441,59.2799377441,59.4243354797,0,59.4243354797,59.4243354797,1
1181,1035,32,0.0001,0,0.75,0.9,58.5387001038,0,58.5387001038,58.5387001038,58.8178710938,0,58.8178710938,58.8178710938,1
1182,1050,32,0.0001,0.0001,0.75,0.9,58.5290718079,0,58.5290718079,58.5290718079,58.8178710938,0,58.8178710938,58.8178710938,1
1183,1065,32,0.0001,0.001,0.75,0.9,58.5098190308,0,58.5098190308,58.5098190308,58.7986106873,0,58.7986106873,58.7986106873,1
1184,1080,32,0.0001,0.01,0.75,0.9,58.2595291138,0,58.2595291138,58.2595291138,58.7023506165,0,58.7023506165,58.7023506165,1
1185,1235,64,0.0001,0.001,0.25,0.9,58.0477485657,0,58.0477485657,58.0477485657,58.2113990784,0,58.2113990784,58.2113990784,1
1186,1205,64,0.0001,0,0.25,0.9,58.0381202698,0,58.0381202698,58.0381202698,58.2210235596,0,58.2210235596,58.2210235596,1
1187,1220,64,0.0001,0.0001,0.25,0.9,58.0381202698,0,58.0381202698,58.0381202698,58.2210235596,0,58.2210235596,58.2210235596,1
1188,1250,64,0.0001,0.01,0.25,0.9,57.9322280884,0,57.9322280884,57.9322280884,58.1055030823,0,58.1055030823,58.1055030823,1
1189,360,2,0.0001,0.01,0.75,0.9,57.6530647278,0,57.6530647278,57.6530647278,57.85521698,0,57.85521698,57.85521698,1
1190,330,2,0.0001,0.0001,0.75,0.9,57.5664215088,0,57.5664215088,57.5664215088,57.9033508301,0,57.9033508301,57.9033508301,1
1191,315,2,0.0001,0,0.75,0.9,57.5567970276,0,57.5567970276,57.5567970276,57.9033508301,0,57.9033508301,57.9033508301,1
1192,345,2,0.0001,0.001,0.75,0.9,57.5567970276,0,57.5567970276,57.5567970276,57.9129753113,0,57.9129753113,57.9129753113,1
1193,1210,64,0.0001,0,0.5,0.9,57.5182914734,0,57.5182914734,57.5182914734,57.8455924988,0,57.8455924988,57.8455924988,1
1194,1225,64,0.0001,0.0001,0.5,0.9,57.5182914734,0,57.5182914734,57.5182914734,57.8359680176,0,57.8359680176,57.8359680176,1
1195,1240,64,0.0001,0.001,0.5,0.9,57.5086669922,0,57.5086669922,57.5086669922,57.7782020569,0,57.7782020569,57.7782020569,1
1196,1255,64,0.0001,0.01,0.5,0.9,57.4605293274,0,57.4605293274,57.4605293274,57.6723175049,0,57.6723175049,57.6723175049,1
1197,1215,64,0.0001,0,0.75,0.9,56.8925666809,0,56.8925666809,56.8925666809,57.2198677063,0,57.2198677063,57.2198677063,1
1198,1230,64,0.0001,0.0001,0.75,0.9,56.8925666809,0,56.8925666809,56.8925666809,57.2198677063,0,57.2198677063,57.2198677063,1
1199,1245,64,0.0001,0.001,0.75,0.9,56.8733139038,0,56.8733139038,56.8733139038,57.1813659668,0,57.1813659668,57.1813659668,1
1200,1260,64,0.0001,0.01,0.75,0.9,56.8540649414,0,56.8540649414,56.8540649414,57.1236000061,0,57.1236000061,57.1236000061,1
1201,154,0,0.0001,0.001,0.25,0.7,48.4790153503,0,48.4790153503,48.4790153503,49.557182312,0,49.557182312,49.557182312,1
1202,169,0,0.0001,0.01,0.25,0.7,48.4405059814,0,48.4405059814,48.4405059814,49.6053123474,0,49.6053123474,49.6053123474,1
1203,124,0,0.0001,0,0.25,0.7,48.4308815002,0,48.4308815002,48.4308815002,49.5764350891,0,49.5764350891,49.5764350891,1
1204,139,0,0.0001,0.0001,0.25,0.7,48.4020042419,0,48.4020042419,48.4020042419,49.5668067932,0,49.5668067932,49.5668067932,1
1205,126,0,0.0001,0,0.5,0.1,47.9880638123,0,47.9880638123,47.9880638123,48.7004241943,0,48.7004241943,48.7004241943,1
1206,141,0,0.0001,0.0001,0.5,0.1,47.9784355164,0,47.9784355164,47.9784355164,48.7100524902,0,48.7100524902,48.7100524902,1
1207,156,0,0.0001,0.001,0.5,0.1,47.9784355164,0,47.9784355164,47.9784355164,48.7004241943,0,48.7004241943,48.7004241943,1
1208,168,0,0.0001,0.01,0.25,0.5,47.9495582581,0,47.9495582581,47.9495582581,49.085483551,0,49.085483551,49.085483551,1
1209,171,0,0.0001,0.01,0.5,0.1,47.9303016663,0,47.9303016663,47.9303016663,48.642665863,0,48.642665863,48.642665863,1
1210,153,0,0.0001,0.001,0.25,0.5,47.8917999268,0,47.8917999268,47.8917999268,49.1624946594,0,49.1624946594,49.1624946594,1
1211,123,0,0.0001,0,0.25,0.5,47.8436660767,0,47.8436660767,47.8436660767,49.1336174011,0,49.1336174011,49.1336174011,1
1212,138,0,0.0001,0.0001,0.25,0.5,47.8340377808,0,47.8340377808,47.8340377808,49.1239891052,0,49.1239891052,49.1239891052,1
1213,142,0,0.0001,0.0001,0.5,0.3,47.5452461243,0,47.5452461243,47.5452461243,48.5175209045,0,48.5175209045,48.5175209045,1
1214,127,0,0.0001,0,0.5,0.3,47.5356178284,0,47.5356178284,47.5356178284,48.5078926086,0,48.5078926086,48.5078926086,1
1215,157,0,0.0001,0.001,0.5,0.3,47.5259933472,0,47.5259933472,47.5259933472,48.4790153503,0,48.4790153503,48.4790153503,1
1216,137,0,0.0001,0.0001,0.25,0.3,47.5067367554,0,47.5067367554,47.5067367554,48.6522903442,0,48.6522903442,48.6522903442,1
1217,172,0,0.0001,0.01,0.5,0.3,47.5067367554,0,47.5067367554,47.5067367554,48.5367736816,0,48.5367736816,48.5367736816,1
1218,122,0,0.0001,0,0.25,0.3,47.4874839783,0,47.4874839783,47.4874839783,48.6522903442,0,48.6522903442,48.6522903442,1
1219,152,0,0.0001,0.001,0.25,0.3,47.4874839783,0,47.4874839783,47.4874839783,48.6715431213,0,48.6715431213,48.6715431213,1
1220,167,0,0.0001,0.01,0.25,0.3,47.4874839783,0,47.4874839783,47.4874839783,48.61378479,0,48.61378479,48.61378479,1
1221,151,0,0.0001,0.001,0.25,0.1,47.2853317261,0,47.2853317261,47.2853317261,48.2961120605,0,48.2961120605,48.2961120605,1
1222,128,0,0.0001,0,0.5,0.5,47.2660751343,0,47.2660751343,47.2660751343,48.3346176147,0,48.3346176147,48.3346176147,1
1223,121,0,0.0001,0,0.25,0.1,47.2564506531,0,47.2564506531,47.2564506531,48.3057365417,0,48.3057365417,48.3057365417,1
1224,158,0,0.0001,0.001,0.5,0.5,47.2564506531,0,47.2564506531,47.2564506531,48.3249893188,0,48.3249893188,48.3249893188,1
1225,136,0,0.0001,0.0001,0.25,0.1,47.2468223572,0,47.2468223572,47.2468223572,48.3153648376,0,48.3153648376,48.3153648376,1
1226,143,0,0.0001,0.0001,0.5,0.5,47.2468223572,0,47.2468223572,47.2468223572,48.3538703918,0,48.3538703918,48.3538703918,1
1227,166,0,0.0001,0.01,0.25,0.1,47.2468223572,0,47.2468223572,47.2468223572,48.2672309875,0,48.2672309875,48.2672309875,1
1228,173,0,0.0001,0.01,0.5,0.5,47.237197876,0,47.237197876,47.237197876,48.3249893188,0,48.3249893188,48.3249893188,1
1229,159,0,0.0001,0.001,0.5,0.7,47.0831718445,0,47.0831718445,47.0831718445,47.7281494141,0,47.7281494141,47.7281494141,1
1230,129,0,0.0001,0,0.5,0.7,47.0735473633,0,47.0735473633,47.0735473633,47.7570266724,0,47.7570266724,47.7570266724,1
1231,144,0,0.0001,0.0001,0.5,0.7,47.0735473633,0,47.0735473633,47.0735473633,47.7474021912,0,47.7474021912,47.7474021912,1
1232,174,0,0.0001,0.01,0.5,0.7,47.0639190674,0,47.0639190674,47.0639190674,47.7281494141,0,47.7281494141,47.7281494141,1
1233,125,0,0.0001,0,0.25,0.9,46.765499115,0,46.765499115,46.765499115,47.0254135132,0,47.0254135132,47.0254135132,1
1234,140,0,0.0001,0.0001,0.25,0.9,46.7558708191,0,46.7558708191,46.7558708191,47.0350418091,0,47.0350418091,47.0350418091,1
1235,155,0,0.0001,0.001,0.25,0.9,46.6884880066,0,46.6884880066,46.6884880066,47.0061607361,0,47.0061607361,47.0061607361,1
1236,170,0,0.0001,0.01,0.25,0.9,46.4285697937,0,46.4285697937,46.4285697937,46.8040046692,0,46.8040046692,46.8040046692,1
1237,132,0,0.0001,0,0.75,0.3,44.9749717712,0,44.9749717712,44.9749717712,45.0904884338,0,45.0904884338,45.0904884338,1
1238,147,0,0.0001,0.0001,0.75,0.3,44.9749717712,0,44.9749717712,44.9749717712,45.0904884338,0,45.0904884338,45.0904884338,1
1239,162,0,0.0001,0.001,0.75,0.3,44.9557189941,0,44.9557189941,44.9557189941,45.0808601379,0,45.0808601379,45.0808601379,1
1240,177,0,0.0001,0.01,0.75,0.3,44.9268417358,0,44.9268417358,44.9268417358,45.0904884338,0,45.0904884338,45.0904884338,1
1241,131,0,0.0001,0,0.75,0.1,44.7439346313,0,44.7439346313,44.7439346313,45.3696594238,0,45.3696594238,45.3696594238,1
1242,146,0,0.0001,0.0001,0.75,0.1,44.7439346313,0,44.7439346313,44.7439346313,45.3696594238,0,45.3696594238,45.3696594238,1
1243,161,0,0.0001,0.001,0.75,0.1,44.7343063354,0,44.7343063354,44.7343063354,45.3696594238,0,45.3696594238,45.3696594238,1
1244,176,0,0.0001,0.01,0.75,0.1,44.715057373,0,44.715057373,44.715057373,45.3311500549,0,45.3311500549,45.3311500549,1
1245,148,0,0.0001,0.0001,0.75,0.5,43.8679237366,0,43.8679237366,43.8679237366,44.0508270264,0,44.0508270264,44.0508270264,1
1246,133,0,0.0001,0,0.75,0.5,43.8582992554,0,43.8582992554,43.8582992554,44.0604553223,0,44.0604553223,44.0604553223,1
1247,163,0,0.0001,0.001,0.75,0.5,43.7909126282,0,43.7909126282,43.7909126282,44.0508270264,0,44.0508270264,44.0508270264,1
1248,178,0,0.0001,0.01,0.75,0.5,43.7331542969,0,43.7331542969,43.7331542969,44.0315742493,0,44.0315742493,44.0315742493,1
1249,130,0,0.0001,0,0.5,0.9,43.4924888611,0,43.4924888611,43.4924888611,43.5021209717,0,43.5021209717,43.5021209717,1
1250,145,0,0.0001,0.0001,0.5,0.9,43.4924888611,0,43.4924888611,43.4924888611,43.5021209717,0,43.5021209717,43.5021209717,1
1251,160,0,0.0001,0.001,0.5,0.9,43.4636116028,0,43.4636116028,43.4636116028,43.4347343445,0,43.4347343445,43.4347343445,1
1252,175,0,0.0001,0.01,0.5,0.9,43.2325744629,0,43.2325744629,43.2325744629,43.1844444275,0,43.1844444275,43.1844444275,1
1253,179,0,0.0001,0.01,0.75,0.7,41.4805526733,0,41.4805526733,41.4805526733,41.9041175842,0,41.9041175842,41.9041175842,1
1254,134,0,0.0001,0,0.75,0.7,40.98960495,0,40.98960495,40.98960495,41.3746643066,0,41.3746643066,41.3746643066,1
1255,149,0,0.0001,0.0001,0.75,0.7,40.98960495,0,40.98960495,40.98960495,41.3842887878,0,41.3842887878,41.3842887878,1
1256,164,0,0.0001,0.001,0.75,0.7,40.98960495,0,40.98960495,40.98960495,41.3650360107,0,41.3650360107,41.3650360107,1
1257,135,0,0.0001,0,0.75,0.9,38.2364273071,0,38.2364273071,38.2364273071,38.5733528137,0,38.5733528137,38.5733528137,1
1258,150,0,0.0001,0.0001,0.75,0.9,38.2268028259,0,38.2268028259,38.2268028259,38.5541038513,0,38.5541038513,38.5541038513,1
1259,165,0,0.0001,0.001,0.75,0.9,38.1786689758,0,38.1786689758,38.1786689758,38.5733528137,0,38.5733528137,38.5733528137,1
1260,180,0,0.0001,0.01,0.75,0.9,38.0824012756,0,38.0824012756,38.0824012756,38.4193305969,0,38.4193305969,38.4193305969,1
