rank,candidate_id,x_steps,learning_rate,weight_decay,dropout,tao2,val_acc_mean,val_acc_std,val_acc_min,val_acc_max,test_acc_mean,test_acc_std,test_acc_min,test_acc_max,n
1,647,8,0.001,0.01,0.25,0.3,47.7600288391,0,47.7600288391,47.7600288391,47.5206832886,0,47.5206832886,47.5206832886,1
2,466,4,0.001,0.01,0.25,0.1,47.6507606506,0,47.6507606506,47.6507606506,47.7236061096,0,47.7236061096,47.7236061096,1
3,408,4,0.01,0.01,0.25,0.5,47.5466957092,0,47.5466957092,47.5466957092,47.0680046082,0,47.0680046082,47.0680046082,1
4,646,8,0.001,0.01,0.25,0.1,47.5362930298,0,47.5362930298,47.5362930298,47.3021469116,0,47.3021469116,47.3021469116,1
5,580,8,0.01,0.001,0.5,0.9,47.3697891235,0,47.3697891235,47.3697891235,47.1200370789,0,47.1200370789,47.1200370789,1
6,467,4,0.001,0.01,0.25,0.3,47.3385696411,0,47.3385696411,47.3385696411,47.5675125122,0,47.5675125122,47.5675125122,1
7,588,8,0.01,0.01,0.25,0.5,47.3281669617,0,47.3281669617,47.3281669617,46.708984375,0,46.708984375,46.708984375,1
8,586,8,0.01,0.01,0.25,0.1,47.2709312439,0,47.2709312439,47.2709312439,47.1772727966,0,47.1772727966,47.1772727966,1
9,606,8,0.001,0,0.5,0.1,47.2449111938,0,47.2449111938,47.2449111938,46.9379234314,0,46.9379234314,46.9379234314,1
10,621,8,0.001,0.0001,0.5,0.1,47.1460533142,0,47.1460533142,47.1460533142,46.9743499756,0,46.9743499756,46.9743499756,1
11,636,8,0.001,0.001,0.5,0.1,47.0628013611,0,47.0628013611,47.0628013611,46.9171142578,0,46.9171142578,46.9171142578,1
12,395,4,0.01,0.001,0.25,0.9,47.057598114,0,47.057598114,47.057598114,46.854675293,0,46.854675293,46.854675293,1
13,589,8,0.01,0.01,0.25,0.7,47.0211791992,0,47.0211791992,47.0211791992,46.5997200012,0,46.5997200012,46.5997200012,1
14,648,8,0.001,0.01,0.25,0.5,47.0003623962,0,47.0003623962,47.0003623962,46.85987854,0,46.85987854,46.85987854,1
15,468,4,0.001,0.01,0.25,0.5,46.9899559021,0,46.9899559021,46.9899559021,47.1720695496,0,47.1720695496,47.1720695496,1
16,227,2,0.01,0.01,0.25,0.3,46.9691467285,0,46.9691467285,46.9691467285,46.7610168457,0,46.7610168457,46.7610168457,1
17,575,8,0.01,0.001,0.25,0.9,46.9379234314,0,46.9379234314,46.9379234314,46.7141914368,0,46.7141914368,46.7141914368,1
18,406,4,0.01,0.01,0.25,0.1,46.9067077637,0,46.9067077637,46.9067077637,46.7870330811,0,46.7870330811,46.7870330811,1
19,226,2,0.01,0.01,0.25,0.1,46.8858909607,0,46.8858909607,46.8858909607,46.5736999512,0,46.5736999512,46.5736999512,1
20,409,4,0.01,0.01,0.25,0.7,46.8806877136,0,46.8806877136,46.8806877136,46.3655738831,0,46.3655738831,46.3655738831,1
21,454,4,0.001,0.001,0.25,0.7,46.8754844666,0,46.8754844666,46.8754844666,47.057598114,0,47.057598114,47.057598114,1
22,228,2,0.01,0.01,0.25,0.5,46.854675293,0,46.854675293,46.854675293,46.8650817871,0,46.8650817871,46.8650817871,1
23,215,2,0.01,0.001,0.25,0.9,46.8442687988,0,46.8442687988,46.8442687988,46.4436225891,0,46.4436225891,46.4436225891,1
24,273,2,0.001,0.001,0.25,0.5,46.8078460693,0,46.8078460693,46.8078460693,46.854675293,0,46.854675293,46.854675293,1
25,637,8,0.001,0.001,0.5,0.3,46.8078460693,0,46.8078460693,46.8078460693,46.6049232483,0,46.6049232483,46.6049232483,1
26,229,2,0.01,0.01,0.25,0.7,46.7766265869,0,46.7766265869,46.7766265869,46.3915901184,0,46.3915901184,46.3915901184,1
27,457,4,0.001,0.001,0.5,0.3,46.7714233398,0,46.7714233398,46.7714233398,46.8130493164,0,46.8130493164,46.8130493164,1
28,587,8,0.01,0.01,0.25,0.3,46.7610168457,0,46.7610168457,46.7610168457,46.6465454102,0,46.6465454102,46.6465454102,1
29,453,4,0.001,0.001,0.25,0.5,46.7454071045,0,46.7454071045,46.7454071045,47.1148338318,0,47.1148338318,47.1148338318,1
30,233,2,0.01,0.01,0.5,0.5,46.7245941162,0,46.7245941162,46.7245941162,46.3915901184,0,46.3915901184,46.3915901184,1
31,391,4,0.01,0.001,0.25,0.1,46.7245941162,0,46.7245941162,46.7245941162,46.6465454102,0,46.6465454102,46.6465454102,1
32,394,4,0.01,0.001,0.25,0.7,46.7245941162,0,46.7245941162,46.7245941162,46.433216095,0,46.433216095,46.433216095,1
33,651,8,0.001,0.01,0.5,0.1,46.7245941162,0,46.7245941162,46.7245941162,46.2198867798,0,46.2198867798,46.2198867798,1
34,379,4,0.01,0.0001,0.25,0.7,46.708984375,0,46.708984375,46.708984375,46.4176063538,0,46.4176063538,46.4176063538,1
35,427,4,0.001,0,0.5,0.3,46.6933746338,0,46.6933746338,46.6933746338,46.6049232483,0,46.6049232483,46.6049232483,1
36,441,4,0.001,0.0001,0.5,0.1,46.6777648926,0,46.6777648926,46.6777648926,46.8650817871,0,46.8650817871,46.8650817871,1
37,442,4,0.001,0.0001,0.5,0.3,46.6777648926,0,46.6777648926,46.6777648926,46.656955719,0,46.656955719,46.656955719,1
38,400,4,0.01,0.001,0.5,0.9,46.6413421631,0,46.6413421631,46.6413421631,46.5789031982,0,46.5789031982,46.5789031982,1
39,456,4,0.001,0.001,0.5,0.1,46.6309356689,0,46.6309356689,46.6309356689,46.854675293,0,46.854675293,46.854675293,1
40,638,8,0.001,0.001,0.5,0.5,46.6257324219,0,46.6257324219,46.6257324219,46.3551712036,0,46.3551712036,46.3551712036,1
41,426,4,0.001,0,0.5,0.1,46.6153259277,0,46.6153259277,46.6153259277,46.8806877136,0,46.8806877136,46.8806877136,1
42,364,4,0.01,0,0.25,0.7,46.6049232483,0,46.6049232483,46.6049232483,46.2042732239,0,46.2042732239,46.2042732239,1
43,623,8,0.001,0.0001,0.5,0.5,46.5945167542,0,46.5945167542,46.5945167542,46.4072036743,0,46.4072036743,46.4072036743,1
44,287,2,0.001,0.01,0.25,0.3,46.5893135071,0,46.5893135071,46.5893135071,46.9899559021,0,46.9899559021,46.9899559021,1
45,286,2,0.001,0.01,0.25,0.1,46.58411026,0,46.58411026,46.58411026,46.9951591492,0,46.9951591492,46.9951591492,1
46,361,4,0.01,0,0.25,0.1,46.5736999512,0,46.5736999512,46.5736999512,46.4644355774,0,46.4644355774,46.4644355774,1
47,608,8,0.001,0,0.5,0.5,46.5736999512,0,46.5736999512,46.5736999512,46.4019966125,0,46.4019966125,46.4019966125,1
48,424,4,0.001,0,0.25,0.7,46.5684967041,0,46.5684967041,46.5684967041,46.8806877136,0,46.8806877136,46.8806877136,1
49,376,4,0.01,0.0001,0.25,0.1,46.5528907776,0,46.5528907776,46.5528907776,46.6309356689,0,46.6309356689,46.6309356689,1
50,439,4,0.001,0.0001,0.25,0.7,46.5528907776,0,46.5528907776,46.5528907776,46.7974395752,0,46.7974395752,46.7974395752,1
51,469,4,0.001,0.01,0.25,0.7,46.5372810364,0,46.5372810364,46.5372810364,46.360370636,0,46.360370636,46.360370636,1
52,436,4,0.001,0.0001,0.25,0.1,46.5320777893,0,46.5320777893,46.5320777893,46.9171142578,0,46.9171142578,46.9171142578,1
53,411,4,0.01,0.01,0.5,0.1,46.5164642334,0,46.5164642334,46.5164642334,46.2302932739,0,46.2302932739,46.2302932739,1
54,451,4,0.001,0.001,0.25,0.1,46.5164642334,0,46.5164642334,46.5164642334,46.979549408,0,46.979549408,46.979549408,1
55,458,4,0.001,0.001,0.5,0.5,46.5164642334,0,46.5164642334,46.5164642334,46.6673583984,0,46.6673583984,46.6673583984,1
56,437,4,0.001,0.0001,0.25,0.3,46.506061554,0,46.506061554,46.506061554,46.9171142578,0,46.9171142578,46.9171142578,1
57,256,2,0.001,0.0001,0.25,0.1,46.5008583069,0,46.5008583069,46.5008583069,46.781829834,0,46.781829834,46.781829834,1
58,428,4,0.001,0,0.5,0.5,46.5008583069,0,46.5008583069,46.5008583069,46.5997200012,0,46.5997200012,46.5997200012,1
59,220,2,0.01,0.001,0.5,0.9,46.4956550598,0,46.4956550598,46.4956550598,46.2823257446,0,46.2823257446,46.2823257446,1
60,452,4,0.001,0.001,0.25,0.3,46.4956550598,0,46.4956550598,46.4956550598,46.9379234314,0,46.9379234314,46.9379234314,1
61,443,4,0.001,0.0001,0.5,0.5,46.4904518127,0,46.4904518127,46.4904518127,46.5945167542,0,46.5945167542,46.5945167542,1
62,378,4,0.01,0.0001,0.25,0.5,46.4800453186,0,46.4800453186,46.4800453186,46.2667121887,0,46.2667121887,46.2667121887,1
63,363,4,0.01,0,0.25,0.5,46.4748420715,0,46.4748420715,46.4748420715,46.2250900269,0,46.2250900269,46.2250900269,1
64,362,4,0.01,0,0.25,0.3,46.4592323303,0,46.4592323303,46.4592323303,46.1522445679,0,46.1522445679,46.1522445679,1
65,392,4,0.01,0.001,0.25,0.3,46.4592323303,0,46.4592323303,46.4592323303,46.4019966125,0,46.4019966125,46.4019966125,1
66,407,4,0.01,0.01,0.25,0.3,46.4592323303,0,46.4592323303,46.4592323303,46.1522445679,0,46.1522445679,46.1522445679,1
67,393,4,0.01,0.001,0.25,0.5,46.4540290833,0,46.4540290833,46.4540290833,46.2615089417,0,46.2615089417,46.2615089417,1
68,574,8,0.01,0.001,0.25,0.7,46.438419342,0,46.438419342,46.438419342,46.2979354858,0,46.2979354858,46.2979354858,1
69,200,2,0.01,0.0001,0.25,0.9,46.433216095,0,46.433216095,46.433216095,46.5789031982,0,46.5789031982,46.5789031982,1
70,471,4,0.001,0.01,0.5,0.1,46.4124031067,0,46.4124031067,46.4124031067,46.3395614624,0,46.3395614624,46.3395614624,1
71,258,2,0.001,0.0001,0.25,0.5,46.4072036743,0,46.4072036743,46.4072036743,46.58411026,0,46.58411026,46.58411026,1
72,288,2,0.001,0.01,0.25,0.5,46.3915901184,0,46.3915901184,46.3915901184,46.7662200928,0,46.7662200928,46.7662200928,1
73,377,4,0.01,0.0001,0.25,0.3,46.3707771301,0,46.3707771301,46.3707771301,46.2250900269,0,46.2250900269,46.2250900269,1
74,591,8,0.01,0.01,0.5,0.1,46.3655738831,0,46.3655738831,46.3655738831,45.8244438171,0,45.8244438171,45.8244438171,1
75,827,16,0.001,0.01,0.25,0.3,46.3655738831,0,46.3655738831,46.3655738831,46.1262283325,0,46.1262283325,46.1262283325,1
76,421,4,0.001,0,0.25,0.1,46.360370636,0,46.360370636,46.360370636,46.9223175049,0,46.9223175049,46.9223175049,1
77,243,2,0.001,0,0.25,0.5,46.3291511536,0,46.3291511536,46.3291511536,46.6725616455,0,46.6725616455,46.6725616455,1
78,826,16,0.001,0.01,0.25,0.1,46.3083381653,0,46.3083381653,46.3083381653,46.235496521,0,46.235496521,46.235496521,1
79,472,4,0.001,0.01,0.5,0.3,46.2979354858,0,46.2979354858,46.2979354858,46.2094802856,0,46.2094802856,46.2094802856,1
80,274,2,0.001,0.001,0.25,0.7,46.2823257446,0,46.2823257446,46.2823257446,46.4904518127,0,46.4904518127,46.4904518127,1
81,624,8,0.001,0.0001,0.5,0.7,46.2823257446,0,46.2823257446,46.2823257446,45.9961509705,0,45.9961509705,45.9961509705,1
82,272,2,0.001,0.001,0.25,0.3,46.2719154358,0,46.2719154358,46.2719154358,46.708984375,0,46.708984375,46.708984375,1
83,609,8,0.001,0,0.5,0.7,46.2719154358,0,46.2719154358,46.2719154358,46.016960144,0,46.016960144,46.016960144,1
84,241,2,0.001,0,0.25,0.1,46.2667121887,0,46.2667121887,46.2667121887,46.4072036743,0,46.4072036743,46.4072036743,1
85,459,4,0.001,0.001,0.5,0.7,46.2615089417,0,46.2615089417,46.2615089417,46.1886672974,0,46.1886672974,46.1886672974,1
86,370,4,0.01,0,0.5,0.9,46.2511062622,0,46.2511062622,46.2511062622,46.2302932739,0,46.2302932739,46.2302932739,1
87,607,8,0.001,0,0.5,0.3,46.2511062622,0,46.2511062622,46.2511062622,46.1522445679,0,46.1522445679,46.1522445679,1
88,622,8,0.001,0.0001,0.5,0.3,46.2198867798,0,46.2198867798,46.2198867798,46.1730575562,0,46.1730575562,46.1730575562,1
89,584,8,0.01,0.001,0.75,0.7,46.2146835327,0,46.2146835327,46.2146835327,45.6787567139,0,45.6787567139,45.6787567139,1
90,769,16,0.01,0.01,0.25,0.7,46.2094802856,0,46.2094802856,46.2094802856,45.7932243347,0,45.7932243347,45.7932243347,1
91,271,2,0.001,0.001,0.25,0.1,46.2042732239,0,46.2042732239,46.2042732239,46.6205291748,0,46.6205291748,46.6205291748,1
92,219,2,0.01,0.001,0.5,0.7,46.1990737915,0,46.1990737915,46.1990737915,46.0741958618,0,46.0741958618,46.0741958618,1
93,242,2,0.001,0,0.25,0.3,46.1834640503,0,46.1834640503,46.1834640503,46.563293457,0,46.563293457,46.563293457,1
94,413,4,0.01,0.01,0.5,0.5,46.1730575562,0,46.1730575562,46.1730575562,46.089805603,0,46.089805603,46.089805603,1
95,385,4,0.01,0.0001,0.5,0.9,46.1678543091,0,46.1678543091,46.1678543091,46.2094802856,0,46.2094802856,46.2094802856,1
96,652,8,0.001,0.01,0.5,0.3,46.1678543091,0,46.1678543091,46.1678543091,46.0325698853,0,46.0325698853,46.0325698853,1
97,444,4,0.001,0.0001,0.5,0.7,46.1574478149,0,46.1574478149,46.1574478149,46.089805603,0,46.089805603,46.089805603,1
98,257,2,0.001,0.0001,0.25,0.3,46.1470413208,0,46.1470413208,46.1470413208,46.58411026,0,46.58411026,46.58411026,1
99,429,4,0.001,0,0.5,0.7,46.1262283325,0,46.1262283325,46.1262283325,46.1418380737,0,46.1418380737,46.1418380737,1
100,649,8,0.001,0.01,0.25,0.7,46.1262283325,0,46.1262283325,46.1262283325,45.7880210876,0,45.7880210876,45.7880210876,1
101,247,2,0.001,0,0.5,0.3,46.1002120972,0,46.1002120972,46.1002120972,46.1106185913,0,46.1106185913,46.1106185913,1
102,248,2,0.001,0,0.5,0.5,46.089805603,0,46.089805603,46.089805603,46.0585861206,0,46.0585861206,46.0585861206,1
103,277,2,0.001,0.001,0.5,0.3,46.084602356,0,46.084602356,46.084602356,46.1990737915,0,46.1990737915,46.1990737915,1
104,244,2,0.001,0,0.25,0.7,46.0741958618,0,46.0741958618,46.0741958618,46.2615089417,0,46.2615089417,46.2615089417,1
105,414,4,0.01,0.01,0.5,0.7,46.0637893677,0,46.0637893677,46.0637893677,45.3717689514,0,45.3717689514,45.3717689514,1
106,767,16,0.01,0.01,0.25,0.3,46.0637893677,0,46.0637893677,46.0637893677,45.2937202454,0,45.2937202454,45.2937202454,1
107,278,2,0.001,0.001,0.5,0.5,46.0481796265,0,46.0481796265,46.0481796265,46.0950088501,0,46.0950088501,46.0950088501,1
108,263,2,0.001,0.0001,0.5,0.5,46.0429801941,0,46.0429801941,46.0429801941,46.2094802856,0,46.2094802856,46.2094802856,1
109,639,8,0.001,0.001,0.5,0.7,46.037776947,0,46.037776947,46.037776947,45.7255859375,0,45.7255859375,45.7255859375,1
110,592,8,0.01,0.01,0.5,0.3,46.0325698853,0,46.0325698853,46.0325698853,45.8348503113,0,45.8348503113,45.8348503113,1
111,259,2,0.001,0.0001,0.25,0.7,46.0273666382,0,46.0273666382,46.0273666382,46.2615089417,0,46.2615089417,46.2615089417,1
112,262,2,0.001,0.0001,0.5,0.3,46.0273666382,0,46.0273666382,46.0273666382,45.9493179321,0,45.9493179321,45.9493179321,1
113,211,2,0.01,0.001,0.25,0.1,46.0221633911,0,46.0221633911,46.0221633911,45.5538787842,0,45.5538787842,45.5538787842,1
114,565,8,0.01,0.0001,0.5,0.9,46.016960144,0,46.016960144,46.016960144,45.54347229,0,45.54347229,45.54347229,1
115,181,2,0.01,0,0.25,0.1,46.011756897,0,46.011756897,46.011756897,45.8452568054,0,45.8452568054,45.8452568054,1
116,246,2,0.001,0,0.5,0.1,46.011756897,0,46.011756897,46.011756897,46.2459030151,0,46.2459030151,46.2459030151,1
117,276,2,0.001,0.001,0.5,0.1,46.011756897,0,46.011756897,46.011756897,46.1210250854,0,46.1210250854,46.1210250854,1
118,473,4,0.001,0.01,0.5,0.5,46.011756897,0,46.011756897,46.011756897,45.8920860291,0,45.8920860291,45.8920860291,1
119,365,4,0.01,0,0.25,0.9,45.9961509705,0,45.9961509705,45.9961509705,45.7463951111,0,45.7463951111,45.7463951111,1
120,213,2,0.01,0.001,0.25,0.5,45.9909477234,0,45.9909477234,45.9909477234,45.9545211792,0,45.9545211792,45.9545211792,1
121,198,2,0.01,0.0001,0.25,0.5,45.9857444763,0,45.9857444763,45.9857444763,45.9909477234,0,45.9909477234,45.9909477234,1
122,768,16,0.01,0.01,0.25,0.5,45.9857444763,0,45.9857444763,45.9857444763,45.4185943604,0,45.4185943604,45.4185943604,1
123,828,16,0.001,0.01,0.25,0.5,45.9805412292,0,45.9805412292,45.9805412292,45.6839599609,0,45.6839599609,45.6839599609,1
124,185,2,0.01,0,0.25,0.9,45.9701347351,0,45.9701347351,45.9701347351,46.0429801941,0,46.0429801941,46.0429801941,1
125,380,4,0.01,0.0001,0.25,0.9,45.9701347351,0,45.9701347351,45.9701347351,45.6735534668,0,45.6735534668,45.6735534668,1
126,183,2,0.01,0,0.25,0.5,45.9493179321,0,45.9493179321,45.9493179321,45.8036308289,0,45.8036308289,45.8036308289,1
127,261,2,0.001,0.0001,0.5,0.1,45.9337120056,0,45.9337120056,45.9337120056,46.0013504028,0,46.0013504028,46.0013504028,1
128,196,2,0.01,0.0001,0.25,0.1,45.9233055115,0,45.9233055115,45.9233055115,45.6995658875,0,45.6995658875,45.6995658875,1
129,184,2,0.01,0,0.25,0.7,45.9024887085,0,45.9024887085,45.9024887085,45.9597244263,0,45.9597244263,45.9597244263,1
130,440,4,0.001,0.0001,0.25,0.9,45.8764762878,0,45.8764762878,45.8764762878,45.5798950195,0,45.5798950195,45.5798950195,1
131,214,2,0.01,0.001,0.25,0.7,45.8660697937,0,45.8660697937,45.8660697937,45.7932243347,0,45.7932243347,45.7932243347,1
132,438,4,0.001,0.0001,0.25,0.5,45.8660697937,0,45.8660697937,45.8660697937,46.0793991089,0,46.0793991089,46.0793991089,1
133,423,4,0.001,0,0.25,0.5,45.8608665466,0,45.8608665466,45.8608665466,46.0325698853,0,46.0325698853,46.0325698853,1
134,425,4,0.001,0,0.25,0.9,45.8556632996,0,45.8556632996,45.8556632996,45.5590820312,0,45.5590820312,45.5590820312,1
135,545,8,0.01,0,0.25,0.9,45.8400535583,0,45.8400535583,45.8400535583,45.6475334167,0,45.6475334167,45.6475334167,1
136,234,2,0.01,0.01,0.5,0.7,45.8348503113,0,45.8348503113,45.8348503113,45.5486755371,0,45.5486755371,45.5486755371,1
137,182,2,0.01,0,0.25,0.3,45.8244438171,0,45.8244438171,45.8244438171,45.8088340759,0,45.8088340759,45.8088340759,1
138,560,8,0.01,0.0001,0.25,0.9,45.8244438171,0,45.8244438171,45.8244438171,45.6839599609,0,45.6839599609,45.6839599609,1
139,831,16,0.001,0.01,0.5,0.1,45.8192405701,0,45.8192405701,45.8192405701,45.3717689514,0,45.3717689514,45.3717689514,1
140,398,4,0.01,0.001,0.5,0.5,45.8036308289,0,45.8036308289,45.8036308289,45.4394073486,0,45.4394073486,45.4394073486,1
141,249,2,0.001,0,0.5,0.7,45.7984275818,0,45.7984275818,45.7984275818,45.6787567139,0,45.6787567139,45.6787567139,1
142,766,16,0.01,0.01,0.25,0.1,45.7984275818,0,45.7984275818,45.7984275818,45.2468910217,0,45.2468910217,45.2468910217,1
143,653,8,0.001,0.01,0.5,0.5,45.7932243347,0,45.7932243347,45.7932243347,45.54347229,0,45.54347229,45.54347229,1
144,412,4,0.01,0.01,0.5,0.3,45.7880210876,0,45.7880210876,45.7880210876,45.4133911133,0,45.4133911133,45.4133911133,1
145,573,8,0.01,0.001,0.25,0.5,45.7776145935,0,45.7776145935,45.7776145935,45.3197364807,0,45.3197364807,45.3197364807,1
146,422,4,0.001,0,0.25,0.3,45.7515983582,0,45.7515983582,45.7515983582,46.2459030151,0,46.2459030151,46.2459030151,1
147,205,2,0.01,0.0001,0.5,0.9,45.7463951111,0,45.7463951111,45.7463951111,45.7307891846,0,45.7307891846,45.7307891846,1
148,212,2,0.01,0.001,0.25,0.3,45.7463951111,0,45.7463951111,45.7463951111,45.7828178406,0,45.7828178406,45.7828178406,1
149,232,2,0.01,0.01,0.5,0.3,45.7463951111,0,45.7463951111,45.7463951111,45.5955047607,0,45.5955047607,45.5955047607,1
150,264,2,0.001,0.0001,0.5,0.7,45.7463951111,0,45.7463951111,45.7463951111,45.7359924316,0,45.7359924316,45.7359924316,1
151,199,2,0.01,0.0001,0.25,0.7,45.741191864,0,45.741191864,45.741191864,45.7828178406,0,45.7828178406,45.7828178406,1
152,399,4,0.01,0.001,0.5,0.7,45.741191864,0,45.741191864,45.741191864,45.6059112549,0,45.6059112549,45.6059112549,1
153,544,8,0.01,0,0.25,0.7,45.741191864,0,45.741191864,45.741191864,45.392578125,0,45.392578125,45.392578125,1
154,579,8,0.01,0.001,0.5,0.7,45.741191864,0,45.741191864,45.741191864,45.0543746948,0,45.0543746948,45.0543746948,1
155,559,8,0.01,0.0001,0.25,0.7,45.7255859375,0,45.7255859375,45.7255859375,45.4394073486,0,45.4394073486,45.4394073486,1
156,245,2,0.001,0,0.25,0.9,45.7203788757,0,45.7203788757,45.7203788757,45.4342041016,0,45.4342041016,45.4342041016,1
157,562,8,0.01,0.0001,0.5,0.3,45.7203788757,0,45.7203788757,45.7203788757,45.2520942688,0,45.2520942688,45.2520942688,1
158,577,8,0.01,0.001,0.5,0.3,45.7203788757,0,45.7203788757,45.7203788757,45.3717689514,0,45.3717689514,45.3717689514,1
159,563,8,0.01,0.0001,0.5,0.5,45.7151756287,0,45.7151756287,45.7151756287,45.2885131836,0,45.2885131836,45.2885131836,1
160,593,8,0.01,0.01,0.5,0.5,45.7151756287,0,45.7151756287,45.7151756287,45.4602203369,0,45.4602203369,45.4602203369,1
161,190,2,0.01,0,0.5,0.9,45.7099723816,0,45.7099723816,45.7099723816,45.7568016052,0,45.7568016052,45.7568016052,1
162,292,2,0.001,0.01,0.5,0.3,45.7099723816,0,45.7099723816,45.7099723816,45.6527366638,0,45.6527366638,45.6527366638,1
163,197,2,0.01,0.0001,0.25,0.3,45.7047691345,0,45.7047691345,45.7047691345,45.6631469727,0,45.6631469727,45.6631469727,1
164,279,2,0.001,0.001,0.5,0.7,45.6943626404,0,45.6943626404,45.6943626404,45.6735534668,0,45.6735534668,45.6735534668,1
165,576,8,0.01,0.001,0.5,0.1,45.6839599609,0,45.6839599609,45.6839599609,45.3249397278,0,45.3249397278,45.3249397278,1
166,578,8,0.01,0.001,0.5,0.5,45.6735534668,0,45.6735534668,45.6735534668,45.2364845276,0,45.2364845276,45.2364845276,1
167,369,4,0.01,0,0.5,0.7,45.6683502197,0,45.6683502197,45.6683502197,45.3405456543,0,45.3405456543,45.3405456543,1
168,384,4,0.01,0.0001,0.5,0.7,45.6527366638,0,45.6527366638,45.6527366638,45.2156715393,0,45.2156715393,45.2156715393,1
169,289,2,0.001,0.01,0.25,0.7,45.6475334167,0,45.6475334167,45.6475334167,45.8608665466,0,45.8608665466,45.8608665466,1
170,455,4,0.001,0.001,0.25,0.9,45.6423301697,0,45.6423301697,45.6423301697,45.4394073486,0,45.4394073486,45.4394073486,1
171,547,8,0.01,0,0.5,0.3,45.6423301697,0,45.6423301697,45.6423301697,45.2156715393,0,45.2156715393,45.2156715393,1
172,260,2,0.001,0.0001,0.25,0.9,45.6371269226,0,45.6371269226,45.6371269226,45.3613624573,0,45.3613624573,45.3613624573,1
173,564,8,0.01,0.0001,0.5,0.7,45.6319274902,0,45.6319274902,45.6319274902,45.1740455627,0,45.1740455627,45.1740455627,1
174,549,8,0.01,0,0.5,0.7,45.6267242432,0,45.6267242432,45.6267242432,45.1740455627,0,45.1740455627,45.1740455627,1
175,548,8,0.01,0,0.5,0.5,45.616317749,0,45.616317749,45.616317749,45.2104682922,0,45.2104682922,45.2104682922,1
176,594,8,0.01,0.01,0.5,0.7,45.5955047607,0,45.5955047607,45.5955047607,45.2260780334,0,45.2260780334,45.2260780334,1
177,291,2,0.001,0.01,0.5,0.1,45.5798950195,0,45.5798950195,45.5798950195,45.8764762878,0,45.8764762878,45.8764762878,1
178,764,16,0.01,0.001,0.75,0.7,45.5694885254,0,45.5694885254,45.5694885254,44.846244812,0,44.846244812,44.846244812,1
179,620,8,0.001,0.0001,0.25,0.9,45.5538787842,0,45.5538787842,45.5538787842,45.2468910217,0,45.2468910217,45.2468910217,1
180,389,4,0.01,0.0001,0.75,0.7,45.5122528076,0,45.5122528076,45.5122528076,45.2833099365,0,45.2833099365,45.2833099365,1
181,557,8,0.01,0.0001,0.25,0.3,45.5018463135,0,45.5018463135,45.5018463135,45.1636390686,0,45.1636390686,45.1636390686,1
182,293,2,0.001,0.01,0.5,0.5,45.4966430664,0,45.4966430664,45.4966430664,45.5850944519,0,45.5850944519,45.5850944519,1
183,570,8,0.01,0.0001,0.75,0.9,45.4966430664,0,45.4966430664,45.4966430664,45.1636390686,0,45.1636390686,45.1636390686,1
184,546,8,0.01,0,0.5,0.1,45.4758300781,0,45.4758300781,45.4758300781,45.1792488098,0,45.1792488098,45.1792488098,1
185,561,8,0.01,0.0001,0.5,0.1,45.4706268311,0,45.4706268311,45.4706268311,45.3405456543,0,45.3405456543,45.3405456543,1
186,397,4,0.01,0.001,0.5,0.3,45.4550170898,0,45.4550170898,45.4550170898,45.1480293274,0,45.1480293274,45.1480293274,1
187,210,2,0.01,0.0001,0.75,0.9,45.4498138428,0,45.4498138428,45.4498138428,45.0855903625,0,45.0855903625,45.0855903625,1
188,773,16,0.01,0.01,0.5,0.5,45.4498138428,0,45.4498138428,45.4498138428,45.1012001038,0,45.1012001038,45.1012001038,1
189,374,4,0.01,0,0.75,0.7,45.4342041016,0,45.4342041016,45.4342041016,45.3249397278,0,45.3249397278,45.3249397278,1
190,631,8,0.001,0.001,0.25,0.1,45.4290046692,0,45.4290046692,45.4290046692,45.4966430664,0,45.4966430664,45.4966430664,1
191,817,16,0.001,0.001,0.5,0.3,45.4185943604,0,45.4185943604,45.4185943604,45.189655304,0,45.189655304,45.189655304,1
192,601,8,0.001,0,0.25,0.1,45.4133911133,0,45.4133911133,45.4133911133,45.5642852783,0,45.5642852783,45.5642852783,1
193,404,4,0.01,0.001,0.75,0.7,45.4081878662,0,45.4081878662,45.4081878662,45.2625007629,0,45.2625007629,45.2625007629,1
194,616,8,0.001,0.0001,0.25,0.1,45.4029846191,0,45.4029846191,45.4029846191,45.5798950195,0,45.5798950195,45.5798950195,1
195,542,8,0.01,0,0.25,0.3,45.392578125,0,45.392578125,45.392578125,45.0179519653,0,45.0179519653,45.0179519653,1
196,634,8,0.001,0.001,0.25,0.7,45.3873748779,0,45.3873748779,45.3873748779,45.5018463135,0,45.5018463135,45.5018463135,1
197,635,8,0.001,0.001,0.25,0.9,45.3769721985,0,45.3769721985,45.3769721985,45.0959968567,0,45.0959968567,45.0959968567,1
198,231,2,0.01,0.01,0.5,0.1,45.3717689514,0,45.3717689514,45.3717689514,45.5018463135,0,45.5018463135,45.5018463135,1
199,275,2,0.001,0.001,0.25,0.9,45.3613624573,0,45.3613624573,45.3613624573,45.0959968567,0,45.0959968567,45.0959968567,1
200,382,4,0.01,0.0001,0.5,0.3,45.3613624573,0,45.3613624573,45.3613624573,45.2312812805,0,45.2312812805,45.2312812805,1
201,619,8,0.001,0.0001,0.25,0.7,45.3509521484,0,45.3509521484,45.3509521484,45.4914398193,0,45.4914398193,45.4914398193,1
202,368,4,0.01,0,0.5,0.5,45.3405456543,0,45.3405456543,45.3405456543,45.2520942688,0,45.2520942688,45.2520942688,1
203,383,4,0.01,0.0001,0.5,0.5,45.3353424072,0,45.3353424072,45.3353424072,45.1480293274,0,45.1480293274,45.1480293274,1
204,550,8,0.01,0,0.5,0.9,45.3197364807,0,45.3197364807,45.3197364807,44.8358383179,0,44.8358383179,44.8358383179,1
205,771,16,0.01,0.01,0.5,0.1,45.3093299866,0,45.3093299866,45.3093299866,45.0023422241,0,45.0023422241,45.0023422241,1
206,832,16,0.001,0.01,0.5,0.3,45.3093299866,0,45.3093299866,45.3093299866,44.9399032593,0,44.9399032593,44.9399032593,1
207,367,4,0.01,0,0.5,0.3,45.2989234924,0,45.2989234924,45.2989234924,45.1636390686,0,45.1636390686,45.1636390686,1
208,772,16,0.01,0.01,0.5,0.3,45.2989234924,0,45.2989234924,45.2989234924,44.8774642944,0,44.8774642944,44.8774642944,1
209,604,8,0.001,0,0.25,0.7,45.2937202454,0,45.2937202454,45.2937202454,45.3249397278,0,45.3249397278,45.3249397278,1
210,381,4,0.01,0.0001,0.5,0.1,45.2885131836,0,45.2885131836,45.2885131836,45.1168136597,0,45.1168136597,45.1168136597,1
211,602,8,0.001,0,0.25,0.3,45.2885131836,0,45.2885131836,45.2885131836,45.3873748779,0,45.3873748779,45.3873748779,1
212,572,8,0.01,0.001,0.25,0.3,45.2729072571,0,45.2729072571,45.2729072571,45.1012001038,0,45.1012001038,45.1012001038,1
213,632,8,0.001,0.001,0.25,0.3,45.2729072571,0,45.2729072571,45.2729072571,45.3717689514,0,45.3717689514,45.3717689514,1
214,366,4,0.01,0,0.5,0.1,45.2520942688,0,45.2520942688,45.2520942688,45.2000617981,0,45.2000617981,45.2000617981,1
215,554,8,0.01,0,0.75,0.7,45.2520942688,0,45.2520942688,45.2520942688,45.1376228333,0,45.1376228333,45.1376228333,1
216,617,8,0.001,0.0001,0.25,0.3,45.2468910217,0,45.2468910217,45.2468910217,45.3665657043,0,45.3665657043,45.3665657043,1
217,474,4,0.001,0.01,0.5,0.7,45.2416877747,0,45.2416877747,45.2416877747,44.9451065063,0,44.9451065063,44.9451065063,1
218,541,8,0.01,0,0.25,0.1,45.2312812805,0,45.2312812805,45.2312812805,45.1584358215,0,45.1584358215,45.1584358215,1
219,556,8,0.01,0.0001,0.25,0.1,45.2312812805,0,45.2312812805,45.2312812805,45.2000617981,0,45.2000617981,45.2000617981,1
220,396,4,0.01,0.001,0.5,0.1,45.194858551,0,45.194858551,45.194858551,45.3561592102,0,45.3561592102,45.3561592102,1
221,753,16,0.01,0.001,0.25,0.5,45.189655304,0,45.189655304,45.189655304,44.9347000122,0,44.9347000122,44.9347000122,1
222,555,8,0.01,0,0.75,0.9,45.1688423157,0,45.1688423157,45.1688423157,44.8514480591,0,44.8514480591,44.8514480591,1
223,569,8,0.01,0.0001,0.75,0.7,45.1584358215,0,45.1584358215,45.1584358215,44.8358383179,0,44.8358383179,44.8358383179,1
224,403,4,0.01,0.001,0.75,0.5,45.1428260803,0,45.1428260803,45.1428260803,44.9086837769,0,44.9086837769,44.9086837769,1
225,597,8,0.01,0.01,0.75,0.3,45.0959968567,0,45.0959968567,45.0959968567,44.6381187439,0,44.6381187439,44.6381187439,1
226,818,16,0.001,0.001,0.5,0.5,45.0907936096,0,45.0907936096,45.0907936096,44.9867324829,0,44.9867324829,44.9867324829,1
227,375,4,0.01,0,0.75,0.9,45.0803871155,0,45.0803871155,45.0803871155,44.8930740356,0,44.8930740356,44.8930740356,1
228,402,4,0.01,0.001,0.75,0.3,45.0751838684,0,45.0751838684,45.0751838684,44.4820213318,0,44.4820213318,44.4820213318,1
229,774,16,0.01,0.01,0.5,0.7,45.0699806213,0,45.0699806213,45.0699806213,44.5080375671,0,44.5080375671,44.5080375671,1
230,803,16,0.001,0.0001,0.5,0.5,45.064781189,0,45.064781189,45.064781189,45.064781189,0,45.064781189,45.064781189,1
231,571,8,0.01,0.001,0.25,0.1,45.043964386,0,45.043964386,45.043964386,44.919090271,0,44.919090271,44.919090271,1
232,596,8,0.01,0.01,0.75,0.1,45.0335578918,0,45.0335578918,45.0335578918,44.6641311646,0,44.6641311646,44.6641311646,1
233,633,8,0.001,0.001,0.25,0.5,45.0335578918,0,45.0335578918,45.0335578918,45.0751838684,0,45.0751838684,45.0751838684,1
234,603,8,0.001,0,0.25,0.5,45.0283546448,0,45.0283546448,45.0283546448,45.0751838684,0,45.0751838684,45.0751838684,1
235,618,8,0.001,0.0001,0.25,0.5,45.0075454712,0,45.0075454712,45.0075454712,45.0751838684,0,45.0751838684,45.0751838684,1
236,388,4,0.01,0.0001,0.75,0.5,45.0023422241,0,45.0023422241,45.0023422241,44.5860862732,0,44.5860862732,44.5860862732,1
237,605,8,0.001,0,0.25,0.9,45.0023422241,0,45.0023422241,45.0023422241,44.8826675415,0,44.8826675415,44.8826675415,1
238,752,16,0.01,0.001,0.25,0.3,45.0023422241,0,45.0023422241,45.0023422241,44.8566513062,0,44.8566513062,44.8566513062,1
239,416,4,0.01,0.01,0.75,0.1,44.99193573,0,44.99193573,44.99193573,44.7317733765,0,44.7317733765,44.7317733765,1
240,203,2,0.01,0.0001,0.5,0.5,44.9503097534,0,44.9503097534,44.9503097534,45.0491714478,0,45.0491714478,45.0491714478,1
241,801,16,0.001,0.0001,0.5,0.1,44.9451065063,0,44.9451065063,44.9451065063,44.7213668823,0,44.7213668823,44.7213668823,1
242,189,2,0.01,0,0.5,0.7,44.9399032593,0,44.9399032593,44.9399032593,44.6329154968,0,44.6329154968,44.6329154968,1
243,786,16,0.001,0,0.5,0.1,44.9242935181,0,44.9242935181,44.9242935181,44.6641311646,0,44.6641311646,44.6641311646,1
244,787,16,0.001,0,0.5,0.3,44.8878707886,0,44.8878707886,44.8878707886,44.6953544617,0,44.6953544617,44.6953544617,1
245,654,8,0.001,0.01,0.5,0.7,44.8826675415,0,44.8826675415,44.8826675415,44.7629928589,0,44.7629928589,44.7629928589,1
246,188,2,0.01,0,0.5,0.5,44.8774642944,0,44.8774642944,44.8774642944,44.648525238,0,44.648525238,44.648525238,1
247,224,2,0.01,0.001,0.75,0.7,44.8774642944,0,44.8774642944,44.8774642944,44.6537284851,0,44.6537284851,44.6537284851,1
248,816,16,0.001,0.001,0.5,0.1,44.8774642944,0,44.8774642944,44.8774642944,44.7421836853,0,44.7421836853,44.7421836853,1
249,558,8,0.01,0.0001,0.25,0.5,44.8722610474,0,44.8722610474,44.8722610474,44.6797447205,0,44.6797447205,44.6797447205,1
250,204,2,0.01,0.0001,0.5,0.7,44.8670578003,0,44.8670578003,44.8670578003,44.5652732849,0,44.5652732849,44.5652732849,1
251,802,16,0.001,0.0001,0.5,0.3,44.8618545532,0,44.8618545532,44.8618545532,44.5548667908,0,44.5548667908,44.5548667908,1
252,543,8,0.01,0,0.25,0.5,44.8566513062,0,44.8566513062,44.8566513062,44.643321991,0,44.643321991,44.643321991,1
253,776,16,0.01,0.01,0.75,0.1,44.8202285767,0,44.8202285767,44.8202285767,44.4143791199,0,44.4143791199,44.4143791199,1
254,390,4,0.01,0.0001,0.75,0.9,44.8046188354,0,44.8046188354,44.8046188354,44.6537284851,0,44.6537284851,44.6537284851,1
255,195,2,0.01,0,0.75,0.9,44.7994155884,0,44.7994155884,44.7994155884,44.7317733765,0,44.7317733765,44.7317733765,1
256,430,4,0.001,0,0.5,0.9,44.7942123413,0,44.7942123413,44.7942123413,44.2478790283,0,44.2478790283,44.2478790283,1
257,751,16,0.01,0.001,0.25,0.1,44.7942123413,0,44.7942123413,44.7942123413,44.768196106,0,44.768196106,44.768196106,1
258,294,2,0.001,0.01,0.5,0.7,44.7838058472,0,44.7838058472,44.7838058472,44.5652732849,0,44.5652732849,44.5652732849,1
259,736,16,0.01,0.0001,0.25,0.1,44.7838058472,0,44.7838058472,44.7838058472,44.8774642944,0,44.8774642944,44.8774642944,1
260,445,4,0.001,0.0001,0.5,0.9,44.7786026001,0,44.7786026001,44.7786026001,44.2634887695,0,44.2634887695,44.2634887695,1
261,819,16,0.001,0.001,0.5,0.7,44.773399353,0,44.773399353,44.773399353,44.5444602966,0,44.5444602966,44.5444602966,1
262,417,4,0.01,0.01,0.75,0.3,44.7525901794,0,44.7525901794,44.7525901794,44.3883666992,0,44.3883666992,44.3883666992,1
263,721,16,0.01,0,0.25,0.1,44.7473869324,0,44.7473869324,44.7473869324,44.7629928589,0,44.7629928589,44.7629928589,1
264,626,8,0.001,0.0001,0.75,0.1,44.7421836853,0,44.7421836853,44.7421836853,44.1750335693,0,44.1750335693,44.1750335693,1
265,788,16,0.001,0,0.5,0.5,44.7421836853,0,44.7421836853,44.7421836853,44.6745376587,0,44.6745376587,44.6745376587,1
266,186,2,0.01,0,0.5,0.1,44.7369766235,0,44.7369766235,44.7369766235,44.4039726257,0,44.4039726257,44.4039726257,1
267,583,8,0.01,0.001,0.75,0.5,44.7317733765,0,44.7317733765,44.7317733765,44.5860862732,0,44.5860862732,44.5860862732,1
268,611,8,0.001,0,0.75,0.1,44.7161636353,0,44.7161636353,44.7161636353,44.2530822754,0,44.2530822754,44.2530822754,1
269,641,8,0.001,0.001,0.75,0.1,44.7161636353,0,44.7161636353,44.7161636353,44.221862793,0,44.221862793,44.221862793,1
270,755,16,0.01,0.001,0.25,0.9,44.7057609558,0,44.7057609558,44.7057609558,44.643321991,0,44.643321991,44.643321991,1
271,722,16,0.01,0,0.25,0.3,44.6797447205,0,44.6797447205,44.6797447205,44.7525901794,0,44.7525901794,44.7525901794,1
272,201,2,0.01,0.0001,0.5,0.1,44.6693344116,0,44.6693344116,44.6693344116,44.3571434021,0,44.3571434021,44.3571434021,1
273,598,8,0.01,0.01,0.75,0.5,44.6589279175,0,44.6589279175,44.6589279175,44.5600700378,0,44.5600700378,44.5600700378,1
274,737,16,0.01,0.0001,0.25,0.3,44.643321991,0,44.643321991,44.643321991,44.6537284851,0,44.6537284851,44.6537284851,1
275,833,16,0.001,0.01,0.5,0.5,44.643321991,0,44.643321991,44.643321991,44.5080375671,0,44.5080375671,44.5080375671,1
276,218,2,0.01,0.001,0.5,0.5,44.6173057556,0,44.6173057556,44.6173057556,44.7629928589,0,44.7629928589,44.7629928589,1
277,223,2,0.01,0.001,0.75,0.5,44.6016960144,0,44.6016960144,44.6016960144,44.4560050964,0,44.4560050964,44.4560050964,1
278,829,16,0.001,0.01,0.25,0.7,44.5860862732,0,44.5860862732,44.5860862732,44.4299888611,0,44.4299888611,44.4299888611,1
279,431,4,0.001,0,0.75,0.1,44.570476532,0,44.570476532,44.570476532,44.4508056641,0,44.4508056641,44.4508056641,1
280,460,4,0.001,0.001,0.5,0.9,44.5652732849,0,44.5652732849,44.5652732849,43.9356880188,0,43.9356880188,43.9356880188,1
281,642,8,0.001,0.001,0.75,0.3,44.5600700378,0,44.5600700378,44.5600700378,44.1386146545,0,44.1386146545,44.1386146545,1
282,187,2,0.01,0,0.5,0.3,44.5548667908,0,44.5548667908,44.5548667908,44.3155212402,0,44.3155212402,44.3155212402,1
283,781,16,0.001,0,0.25,0.1,44.5548667908,0,44.5548667908,44.5548667908,44.0501556396,0,44.0501556396,44.0501556396,1
284,217,2,0.01,0.001,0.5,0.3,44.5444602966,0,44.5444602966,44.5444602966,44.2999076843,0,44.2999076843,44.2999076843,1
285,410,4,0.01,0.01,0.25,0.9,44.5392570496,0,44.5392570496,44.5392570496,43.9721107483,0,43.9721107483,43.9721107483,1
286,209,2,0.01,0.0001,0.75,0.7,44.5236473083,0,44.5236473083,44.5236473083,44.3623466492,0,44.3623466492,44.3623466492,1
287,216,2,0.01,0.001,0.5,0.1,44.5236473083,0,44.5236473083,44.5236473083,44.3467407227,0,44.3467407227,44.3467407227,1
288,612,8,0.001,0,0.75,0.3,44.5132408142,0,44.5132408142,44.5132408142,44.1177978516,0,44.1177978516,44.1177978516,1
289,265,2,0.001,0.0001,0.5,0.9,44.5080375671,0,44.5080375671,44.5080375671,44.0917816162,0,44.0917816162,44.0917816162,1
290,461,4,0.001,0.001,0.75,0.1,44.5028381348,0,44.5028381348,44.5028381348,44.2790985107,0,44.2790985107,44.2790985107,1
291,811,16,0.001,0.001,0.25,0.1,44.5028381348,0,44.5028381348,44.5028381348,43.9877204895,0,43.9877204895,43.9877204895,1
292,750,16,0.01,0.0001,0.75,0.9,44.4976348877,0,44.4976348877,44.4976348877,44.1073913574,0,44.1073913574,44.1073913574,1
293,446,4,0.001,0.0001,0.75,0.1,44.4872245789,0,44.4872245789,44.4872245789,44.2843017578,0,44.2843017578,44.2843017578,1
294,627,8,0.001,0.0001,0.75,0.3,44.4872245789,0,44.4872245789,44.4872245789,43.9148750305,0,43.9148750305,43.9148750305,1
295,250,2,0.001,0,0.5,0.9,44.4820213318,0,44.4820213318,44.4820213318,44.1177978516,0,44.1177978516,44.1177978516,1
296,789,16,0.001,0,0.5,0.7,44.4820213318,0,44.4820213318,44.4820213318,44.1177978516,0,44.1177978516,44.1177978516,1
297,804,16,0.001,0.0001,0.5,0.7,44.4820213318,0,44.4820213318,44.4820213318,44.2686920166,0,44.2686920166,44.2686920166,1
298,777,16,0.01,0.01,0.75,0.3,44.4716148376,0,44.4716148376,44.4716148376,44.2010498047,0,44.2010498047,44.2010498047,1
299,202,2,0.01,0.0001,0.5,0.3,44.4508056641,0,44.4508056641,44.4508056641,44.1854400635,0,44.1854400635,44.1854400635,1
300,447,4,0.001,0.0001,0.75,0.3,44.4508056641,0,44.4508056641,44.4508056641,44.1698303223,0,44.1698303223,44.1698303223,1
301,418,4,0.01,0.01,0.75,0.5,44.445602417,0,44.445602417,44.445602417,44.1125946045,0,44.1125946045,44.1125946045,1
302,194,2,0.01,0,0.75,0.7,44.4403991699,0,44.4403991699,44.4403991699,44.294708252,0,44.294708252,44.294708252,1
303,582,8,0.01,0.001,0.75,0.3,44.4403991699,0,44.4403991699,44.4403991699,44.2686920166,0,44.2686920166,44.2686920166,1
304,405,4,0.01,0.001,0.75,0.9,44.4351959229,0,44.4351959229,44.4351959229,44.1282081604,0,44.1282081604,44.1282081604,1
305,735,16,0.01,0,0.75,0.9,44.4143791199,0,44.4143791199,44.4143791199,44.1073913574,0,44.1073913574,44.1073913574,1
306,432,4,0.001,0,0.75,0.3,44.4039726257,0,44.4039726257,44.4039726257,44.1750335693,0,44.1750335693,44.1750335693,1
307,462,4,0.001,0.001,0.75,0.3,44.4039726257,0,44.4039726257,44.4039726257,44.0917816162,0,44.0917816162,44.0917816162,1
308,585,8,0.01,0.001,0.75,0.9,44.3259277344,0,44.3259277344,44.3259277344,44.0449523926,0,44.0449523926,44.0449523926,1
309,610,8,0.001,0,0.5,0.9,44.3103179932,0,44.3103179932,44.3103179932,44.1021881104,0,44.1021881104,44.1021881104,1
310,237,2,0.01,0.01,0.75,0.3,44.2790985107,0,44.2790985107,44.2790985107,43.7431678772,0,43.7431678772,43.7431678772,1
311,625,8,0.001,0.0001,0.5,0.9,44.2582855225,0,44.2582855225,44.2582855225,44.0449523926,0,44.0449523926,44.0449523926,1
312,613,8,0.001,0,0.75,0.5,44.2426757812,0,44.2426757812,44.2426757812,43.800403595,0,43.800403595,43.800403595,1
313,754,16,0.01,0.001,0.25,0.7,44.2322692871,0,44.2322692871,44.2322692871,44.294708252,0,44.294708252,44.294708252,1
314,448,4,0.001,0.0001,0.75,0.5,44.22706604,0,44.22706604,44.22706604,44.0033302307,0,44.0033302307,44.0033302307,1
315,628,8,0.001,0.0001,0.75,0.5,44.2062530518,0,44.2062530518,44.2062530518,43.7691879272,0,43.7691879272,43.7691879272,1
316,401,4,0.01,0.001,0.75,0.1,44.2010498047,0,44.2010498047,44.2010498047,43.9773139954,0,43.9773139954,43.9773139954,1
317,373,4,0.01,0,0.75,0.5,44.1958465576,0,44.1958465576,44.1958465576,44.1750335693,0,44.1750335693,44.1750335693,1
318,643,8,0.001,0.001,0.75,0.5,44.1854400635,0,44.1854400635,44.1854400635,43.7587814331,0,43.7587814331,43.7587814331,1
319,476,4,0.001,0.01,0.75,0.1,44.1802368164,0,44.1802368164,44.1802368164,43.8316268921,0,43.8316268921,43.8316268921,1
320,656,8,0.001,0.01,0.75,0.1,44.1750335693,0,44.1750335693,44.1750335693,43.602684021,0,43.602684021,43.602684021,1
321,433,4,0.001,0,0.75,0.5,44.1698303223,0,44.1698303223,44.1698303223,44.024143219,0,44.024143219,44.024143219,1
322,387,4,0.01,0.0001,0.75,0.3,44.1386146545,0,44.1386146545,44.1386146545,43.826423645,0,43.826423645,43.826423645,1
323,280,2,0.001,0.001,0.5,0.9,44.1334114075,0,44.1334114075,44.1334114075,43.826423645,0,43.826423645,43.826423645,1
324,463,4,0.001,0.001,0.75,0.5,44.1334114075,0,44.1334114075,44.1334114075,43.800403595,0,43.800403595,43.800403595,1
325,372,4,0.01,0,0.75,0.3,44.1073913574,0,44.1073913574,44.1073913574,43.9460945129,0,43.9460945129,43.9460945129,1
326,756,16,0.01,0.001,0.5,0.1,44.1021881104,0,44.1021881104,44.1021881104,44.1854400635,0,44.1854400635,44.1854400635,1
327,236,2,0.01,0.01,0.75,0.1,44.0969848633,0,44.0969848633,44.0969848633,44.0085334778,0,44.0085334778,44.0085334778,1
328,581,8,0.01,0.001,0.75,0.1,44.0813789368,0,44.0813789368,44.0813789368,43.9877204895,0,43.9877204895,43.9877204895,1
329,222,2,0.01,0.001,0.75,0.3,44.0345497131,0,44.0345497131,44.0345497131,43.6807289124,0,43.6807289124,43.6807289124,1
330,230,2,0.01,0.01,0.25,0.9,43.9877204895,0,43.9877204895,43.9877204895,43.826423645,0,43.826423645,43.826423645,1
331,760,16,0.01,0.001,0.5,0.9,43.9877204895,0,43.9877204895,43.9877204895,43.8472328186,0,43.8472328186,43.8472328186,1
332,640,8,0.001,0.001,0.5,0.9,43.9669075012,0,43.9669075012,43.9669075012,43.7015457153,0,43.7015457153,43.7015457153,1
333,477,4,0.001,0.01,0.75,0.3,43.95129776,0,43.95129776,43.95129776,43.6599197388,0,43.6599197388,43.6599197388,1
334,657,8,0.001,0.01,0.75,0.3,43.9096717834,0,43.9096717834,43.9096717834,43.4882125854,0,43.4882125854,43.4882125854,1
335,568,8,0.01,0.0001,0.75,0.5,43.9044685364,0,43.9044685364,43.9044685364,44.0345497131,0,44.0345497131,44.0345497131,1
336,553,8,0.01,0,0.75,0.5,43.8992652893,0,43.8992652893,43.8992652893,44.024143219,0,44.024143219,44.024143219,1
337,225,2,0.01,0.001,0.75,0.9,43.8680458069,0,43.8680458069,43.8680458069,43.4465866089,0,43.4465866089,43.4465866089,1
338,449,4,0.001,0.0001,0.75,0.7,43.8524360657,0,43.8524360657,43.8524360657,43.5038223267,0,43.5038223267,43.5038223267,1
339,590,8,0.01,0.01,0.25,0.9,43.8316268921,0,43.8316268921,43.8316268921,43.5610580444,0,43.5610580444,43.5610580444,1
340,208,2,0.01,0.0001,0.75,0.5,43.8160133362,0,43.8160133362,43.8160133362,43.5350418091,0,43.5350418091,43.5350418091,1
341,252,2,0.001,0,0.75,0.3,43.8160133362,0,43.8160133362,43.8160133362,43.6963424683,0,43.6963424683,43.6963424683,1
342,267,2,0.001,0.0001,0.75,0.3,43.805606842,0,43.805606842,43.805606842,43.6443099976,0,43.6443099976,43.6443099976,1
343,434,4,0.001,0,0.75,0.7,43.805606842,0,43.805606842,43.805606842,43.4726066589,0,43.4726066589,43.4726066589,1
344,814,16,0.001,0.001,0.25,0.7,43.7952003479,0,43.7952003479,43.7952003479,43.7899971008,0,43.7899971008,43.7899971008,1
345,266,2,0.001,0.0001,0.75,0.1,43.7795944214,0,43.7795944214,43.7795944214,43.602684021,0,43.602684021,43.602684021,1
346,778,16,0.01,0.01,0.75,0.5,43.7795944214,0,43.7795944214,43.7795944214,43.4153709412,0,43.4153709412,43.4153709412,1
347,765,16,0.01,0.001,0.75,0.9,43.7743911743,0,43.7743911743,43.7743911743,43.1656150818,0,43.1656150818,43.1656150818,1
348,464,4,0.001,0.001,0.75,0.7,43.7691879272,0,43.7691879272,43.7691879272,43.3737411499,0,43.3737411499,43.3737411499,1
349,552,8,0.01,0,0.75,0.3,43.753578186,0,43.753578186,43.753578186,43.6443099976,0,43.6443099976,43.6443099976,1
350,193,2,0.01,0,0.75,0.5,43.7431678772,0,43.7431678772,43.7431678772,43.5714645386,0,43.5714645386,43.5714645386,1
351,281,2,0.001,0.001,0.75,0.1,43.7379646301,0,43.7379646301,43.7379646301,43.4309768677,0,43.4309768677,43.4309768677,1
352,949,32,0.01,0.01,0.25,0.7,43.7379646301,0,43.7379646301,43.7379646301,43.378944397,0,43.378944397,43.378944397,1
353,796,16,0.001,0.0001,0.25,0.1,43.7275619507,0,43.7275619507,43.7275619507,43.1291923523,0,43.1291923523,43.1291923523,1
354,238,2,0.01,0.01,0.75,0.5,43.7223587036,0,43.7223587036,43.7223587036,43.7015457153,0,43.7015457153,43.7015457153,1
355,191,2,0.01,0,0.75,0.1,43.7119522095,0,43.7119522095,43.7119522095,43.5194358826,0,43.5194358826,43.5194358826,1
356,282,2,0.001,0.001,0.75,0.3,43.7119522095,0,43.7119522095,43.7119522095,43.6339035034,0,43.6339035034,43.6339035034,1
357,614,8,0.001,0,0.75,0.7,43.7119522095,0,43.7119522095,43.7119522095,43.2384605408,0,43.2384605408,43.2384605408,1
358,813,16,0.001,0.001,0.25,0.5,43.7015457153,0,43.7015457153,43.7015457153,43.3945579529,0,43.3945579529,43.3945579529,1
359,371,4,0.01,0,0.75,0.1,43.6807289124,0,43.6807289124,43.6807289124,43.5402450562,0,43.5402450562,43.5402450562,1
360,743,16,0.01,0.0001,0.5,0.5,43.6807289124,0,43.6807289124,43.6807289124,43.3685417175,0,43.3685417175,43.3685417175,1
361,741,16,0.01,0.0001,0.5,0.1,43.6703262329,0,43.6703262329,43.6703262329,43.4830093384,0,43.4830093384,43.4830093384,1
362,807,16,0.001,0.0001,0.75,0.3,43.6703262329,0,43.6703262329,43.6703262329,42.9991149902,0,42.9991149902,42.9991149902,1
363,728,16,0.01,0,0.5,0.5,43.6599197388,0,43.6599197388,43.6599197388,43.3633384705,0,43.3633384705,43.3633384705,1
364,738,16,0.01,0.0001,0.25,0.5,43.6599197388,0,43.6599197388,43.6599197388,43.6391067505,0,43.6391067505,43.6391067505,1
365,806,16,0.001,0.0001,0.75,0.1,43.6547164917,0,43.6547164917,43.6547164917,43.1760215759,0,43.1760215759,43.1760215759,1
366,727,16,0.01,0,0.5,0.3,43.6391067505,0,43.6391067505,43.6391067505,43.602684021,0,43.602684021,43.602684021,1
367,757,16,0.01,0.001,0.5,0.3,43.6391067505,0,43.6391067505,43.6391067505,43.5454483032,0,43.5454483032,43.5454483032,1
368,792,16,0.001,0,0.75,0.3,43.6339035034,0,43.6339035034,43.6339035034,43.056350708,0,43.056350708,43.056350708,1
369,644,8,0.001,0.001,0.75,0.7,43.6130905151,0,43.6130905151,43.6130905151,43.1604156494,0,43.1604156494,43.1604156494,1
370,268,2,0.001,0.0001,0.75,0.5,43.5922775269,0,43.5922775269,43.5922775269,43.4361801147,0,43.4361801147,43.4361801147,1
371,551,8,0.01,0,0.75,0.1,43.5818710327,0,43.5818710327,43.5818710327,43.1604156494,0,43.1604156494,43.1604156494,1
372,726,16,0.01,0,0.5,0.1,43.5714645386,0,43.5714645386,43.5714645386,43.4413833618,0,43.4413833618,43.4413833618,1
373,478,4,0.001,0.01,0.75,0.5,43.5662612915,0,43.5662612915,43.5662612915,43.5662612915,0,43.5662612915,43.5662612915,1
374,742,16,0.01,0.0001,0.5,0.3,43.5662612915,0,43.5662612915,43.5662612915,43.7119522095,0,43.7119522095,43.7119522095,1
375,800,16,0.001,0.0001,0.25,0.9,43.5350418091,0,43.5350418091,43.5350418091,43.404964447,0,43.404964447,43.404964447,1
376,821,16,0.001,0.001,0.75,0.1,43.5246391296,0,43.5246391296,43.5246391296,43.1031799316,0,43.1031799316,43.1031799316,1
377,251,2,0.001,0,0.75,0.1,43.5194358826,0,43.5194358826,43.5194358826,43.6339035034,0,43.6339035034,43.6339035034,1
378,253,2,0.001,0,0.75,0.5,43.5194358826,0,43.5194358826,43.5194358826,43.6182937622,0,43.6182937622,43.6182937622,1
379,734,16,0.01,0,0.75,0.7,43.5194358826,0,43.5194358826,43.5194358826,43.404964447,0,43.404964447,43.404964447,1
380,759,16,0.01,0.001,0.5,0.7,43.5090255737,0,43.5090255737,43.5090255737,43.4569969177,0,43.4569969177,43.4569969177,1
381,629,8,0.001,0.0001,0.75,0.7,43.5038223267,0,43.5038223267,43.5038223267,43.1968345642,0,43.1968345642,43.1968345642,1
382,822,16,0.001,0.001,0.75,0.3,43.4882125854,0,43.4882125854,43.4882125854,43.0459442139,0,43.0459442139,43.0459442139,1
383,566,8,0.01,0.0001,0.75,0.1,43.4830093384,0,43.4830093384,43.4830093384,43.1343955994,0,43.1343955994,43.1343955994,1
384,744,16,0.01,0.0001,0.5,0.7,43.4778060913,0,43.4778060913,43.4778060913,43.332118988,0,43.332118988,43.332118988,1
385,283,2,0.001,0.001,0.75,0.5,43.4726066589,0,43.4726066589,43.4726066589,43.5142326355,0,43.5142326355,43.5142326355,1
386,386,4,0.01,0.0001,0.75,0.1,43.4622001648,0,43.4622001648,43.4622001648,43.3945579529,0,43.3945579529,43.3945579529,1
387,192,2,0.01,0,0.75,0.3,43.4569969177,0,43.4569969177,43.4569969177,43.4361801147,0,43.4361801147,43.4361801147,1
388,758,16,0.01,0.001,0.5,0.5,43.4569969177,0,43.4569969177,43.4569969177,43.4361801147,0,43.4361801147,43.4361801147,1
389,951,32,0.01,0.01,0.5,0.1,43.4569969177,0,43.4569969177,43.4569969177,43.1343955994,0,43.1343955994,43.1343955994,1
390,567,8,0.01,0.0001,0.75,0.3,43.4465866089,0,43.4465866089,43.4465866089,43.4778060913,0,43.4778060913,43.4778060913,1
391,729,16,0.01,0,0.5,0.7,43.4465866089,0,43.4465866089,43.4465866089,43.2696800232,0,43.2696800232,43.2696800232,1
392,207,2,0.01,0.0001,0.75,0.3,43.4413833618,0,43.4413833618,43.4413833618,43.529838562,0,43.529838562,43.529838562,1
393,791,16,0.001,0,0.75,0.1,43.4361801147,0,43.4361801147,43.4361801147,43.0303344727,0,43.0303344727,43.0303344727,1
394,834,16,0.001,0.01,0.5,0.7,43.4153709412,0,43.4153709412,43.4153709412,42.9262695312,0,42.9262695312,42.9262695312,1
395,784,16,0.001,0,0.25,0.7,43.3737411499,0,43.3737411499,43.3737411499,43.0771636963,0,43.0771636963,43.0771636963,1
396,723,16,0.01,0,0.25,0.5,43.3581352234,0,43.3581352234,43.3581352234,43.0823669434,0,43.0823669434,43.0823669434,1
397,269,2,0.001,0.0001,0.75,0.7,43.3529319763,0,43.3529319763,43.3529319763,43.0251312256,0,43.0251312256,43.0251312256,1
398,799,16,0.001,0.0001,0.25,0.7,43.3477287292,0,43.3477287292,43.3477287292,43.0251312256,0,43.0251312256,43.0251312256,1
399,296,2,0.001,0.01,0.75,0.1,43.3425254822,0,43.3425254822,43.3425254822,43.056350708,0,43.056350708,43.056350708,1
400,658,8,0.001,0.01,0.75,0.5,43.332118988,0,43.332118988,43.332118988,43.0927734375,0,43.0927734375,43.0927734375,1
401,812,16,0.001,0.001,0.25,0.3,43.3061027527,0,43.3061027527,43.3061027527,42.9054603577,0,42.9054603577,42.9054603577,1
402,470,4,0.001,0.01,0.25,0.9,43.2956962585,0,43.2956962585,43.2956962585,43.1187858582,0,43.1187858582,43.1187858582,1
403,221,2,0.01,0.001,0.75,0.1,43.2748832703,0,43.2748832703,43.2748832703,43.1396026611,0,43.1396026611,43.1396026611,1
404,745,16,0.01,0.0001,0.5,0.9,43.2748832703,0,43.2748832703,43.2748832703,42.9991149902,0,42.9991149902,42.9991149902,1
405,284,2,0.001,0.001,0.75,0.7,43.2696800232,0,43.2696800232,43.2696800232,42.9418792725,0,42.9418792725,42.9418792725,1
406,254,2,0.001,0,0.75,0.7,43.2592735291,0,43.2592735291,43.2592735291,43.1552124023,0,43.1552124023,43.1552124023,1
407,297,2,0.001,0.01,0.75,0.3,43.2436637878,0,43.2436637878,43.2436637878,43.1760215759,0,43.1760215759,43.1760215759,1
408,730,16,0.01,0,0.5,0.9,43.2384605408,0,43.2384605408,43.2384605408,43.056350708,0,43.056350708,43.056350708,1
409,815,16,0.001,0.001,0.25,0.9,43.2124481201,0,43.2124481201,43.2124481201,43.1239891052,0,43.1239891052,43.1239891052,1
410,290,2,0.001,0.01,0.25,0.9,43.1864280701,0,43.1864280701,43.1864280701,42.983505249,0,42.983505249,42.983505249,1
411,762,16,0.01,0.001,0.75,0.3,43.1864280701,0,43.1864280701,43.1864280701,43.3581352234,0,43.3581352234,43.3581352234,1
412,797,16,0.001,0.0001,0.25,0.3,43.1656150818,0,43.1656150818,43.1656150818,42.8065948486,0,42.8065948486,42.8065948486,1
413,782,16,0.001,0,0.25,0.3,43.1604156494,0,43.1604156494,43.1604156494,42.7961921692,0,42.7961921692,42.7961921692,1
414,808,16,0.001,0.0001,0.75,0.5,43.1500091553,0,43.1500091553,43.1500091553,42.8742370605,0,42.8742370605,42.8742370605,1
415,599,8,0.01,0.01,0.75,0.7,43.1448059082,0,43.1448059082,43.1448059082,42.7389564514,0,42.7389564514,42.7389564514,1
416,206,2,0.01,0.0001,0.75,0.1,43.1396026611,0,43.1396026611,43.1396026611,43.0147247314,0,43.0147247314,43.0147247314,1
417,419,4,0.01,0.01,0.75,0.7,43.1239891052,0,43.1239891052,43.1239891052,42.8586273193,0,42.8586273193,42.8586273193,1
418,793,16,0.001,0,0.75,0.5,43.1031799316,0,43.1031799316,43.1031799316,42.8638305664,0,42.8638305664,42.8638305664,1
419,783,16,0.001,0,0.25,0.5,43.0823669434,0,43.0823669434,43.0823669434,42.5360336304,0,42.5360336304,42.5360336304,1
420,798,16,0.001,0.0001,0.25,0.5,43.0667533875,0,43.0667533875,43.0667533875,42.5724525452,0,42.5724525452,42.5724525452,1
421,823,16,0.001,0.001,0.75,0.5,43.0303344727,0,43.0303344727,43.0303344727,42.7545623779,0,42.7545623779,42.7545623779,1
422,790,16,0.001,0,0.5,0.9,43.0043182373,0,43.0043182373,43.0043182373,42.8065948486,0,42.8065948486,42.8065948486,1
423,724,16,0.01,0,0.25,0.7,42.978302002,0,42.978302002,42.978302002,43.1448059082,0,43.1448059082,43.1448059082,1
424,298,2,0.001,0.01,0.75,0.5,42.9626922607,0,42.9626922607,42.9626922607,43.0251312256,0,43.0251312256,43.0251312256,1
425,739,16,0.01,0.0001,0.25,0.7,42.9470825195,0,42.9470825195,42.9470825195,43.1187858582,0,43.1187858582,43.1187858582,1
426,805,16,0.001,0.0001,0.5,0.9,42.9210662842,0,42.9210662842,42.9210662842,42.7701759338,0,42.7701759338,42.7701759338,1
427,1012,32,0.001,0.01,0.5,0.3,42.8430213928,0,42.8430213928,42.8430213928,42.6973304749,0,42.6973304749,42.6973304749,1
428,740,16,0.01,0.0001,0.25,0.9,42.832611084,0,42.832611084,42.832611084,42.7129402161,0,42.7129402161,42.7129402161,1
429,785,16,0.001,0,0.25,0.9,42.8274078369,0,42.8274078369,42.8274078369,42.6869239807,0,42.6869239807,42.6869239807,1
430,725,16,0.01,0,0.25,0.9,42.7909889221,0,42.7909889221,42.7909889221,42.707736969,0,42.707736969,42.707736969,1
431,415,4,0.01,0.01,0.5,0.9,42.7649688721,0,42.7649688721,42.7649688721,42.2810745239,0,42.2810745239,42.2810745239,1
432,836,16,0.001,0.01,0.75,0.1,42.7493629456,0,42.7493629456,42.7493629456,42.5880622864,0,42.5880622864,42.5880622864,1
433,239,2,0.01,0.01,0.75,0.7,42.7441596985,0,42.7441596985,42.7441596985,42.9210662842,0,42.9210662842,42.9210662842,1
434,733,16,0.01,0,0.75,0.5,42.7233467102,0,42.7233467102,42.7233467102,42.759765625,0,42.759765625,42.759765625,1
435,747,16,0.01,0.0001,0.75,0.3,42.6869239807,0,42.6869239807,42.6869239807,42.5932693481,0,42.5932693481,42.5932693481,1
436,954,32,0.01,0.01,0.5,0.7,42.6505012512,0,42.6505012512,42.6505012512,42.2186355591,0,42.2186355591,42.2186355591,1
437,479,4,0.001,0.01,0.75,0.7,42.6452980042,0,42.6452980042,42.6452980042,42.5308303833,0,42.5308303833,42.5308303833,1
438,748,16,0.01,0.0001,0.75,0.5,42.6400947571,0,42.6400947571,42.6400947571,42.5776557922,0,42.5776557922,42.5776557922,1
439,837,16,0.001,0.01,0.75,0.3,42.6400947571,0,42.6400947571,42.6400947571,42.2914810181,0,42.2914810181,42.2914810181,1
440,946,32,0.01,0.01,0.25,0.1,42.5984725952,0,42.5984725952,42.5984725952,42.8898468018,0,42.8898468018,42.8898468018,1
441,235,2,0.01,0.01,0.5,0.9,42.4944076538,0,42.4944076538,42.4944076538,42.3487167358,0,42.3487167358,42.3487167358,1
442,956,32,0.01,0.01,0.75,0.1,42.4423751831,0,42.4423751831,42.4423751831,42.0469322205,0,42.0469322205,42.0469322205,1
443,820,16,0.001,0.001,0.5,0.9,42.4163589478,0,42.4163589478,42.4163589478,42.1822166443,0,42.1822166443,42.1822166443,1
444,299,2,0.001,0.01,0.75,0.7,42.3955459595,0,42.3955459595,42.3955459595,42.1509933472,0,42.1509933472,42.1509933472,1
445,957,32,0.01,0.01,0.75,0.3,42.3955459595,0,42.3955459595,42.3955459595,42.0677452087,0,42.0677452087,42.0677452087,1
446,731,16,0.01,0,0.75,0.1,42.3799362183,0,42.3799362183,42.3799362183,42.3643264771,0,42.3643264771,42.3643264771,1
447,732,16,0.01,0,0.75,0.3,42.3799362183,0,42.3799362183,42.3799362183,42.5152168274,0,42.5152168274,42.5152168274,1
448,947,32,0.01,0.01,0.25,0.3,42.3747329712,0,42.3747329712,42.3747329712,42.5412368774,0,42.5412368774,42.5412368774,1
449,650,8,0.001,0.01,0.25,0.9,42.3331069946,0,42.3331069946,42.3331069946,42.1509933472,0,42.1509933472,42.1509933472,1
450,809,16,0.001,0.0001,0.75,0.7,42.3279037476,0,42.3279037476,42.3279037476,42.213432312,0,42.213432312,42.213432312,1
451,794,16,0.001,0,0.75,0.7,42.2602615356,0,42.2602615356,42.2602615356,42.2550582886,0,42.2550582886,42.2550582886,1
452,779,16,0.01,0.01,0.75,0.7,42.2186355591,0,42.2186355591,42.2186355591,41.937664032,0,41.937664032,41.937664032,1
453,659,8,0.001,0.01,0.75,0.7,42.213432312,0,42.213432312,42.213432312,42.2082290649,0,42.2082290649,42.2082290649,1
454,948,32,0.01,0.01,0.25,0.5,42.1718101501,0,42.1718101501,42.1718101501,42.161403656,0,42.161403656,42.161403656,1
455,749,16,0.01,0.0001,0.75,0.7,42.1666069031,0,42.1666069031,42.1666069031,42.2654647827,0,42.2654647827,42.2654647827,1
456,435,4,0.001,0,0.75,0.9,42.1457901001,0,42.1457901001,42.1457901001,41.9272613525,0,41.9272613525,41.9272613525,1
457,746,16,0.01,0.0001,0.75,0.1,42.140586853,0,42.140586853,42.140586853,42.0001029968,0,42.0001029968,42.0001029968,1
458,450,4,0.001,0.0001,0.75,0.9,42.1353874207,0,42.1353874207,42.1353874207,41.9116516113,0,41.9116516113,41.9116516113,1
459,1006,32,0.001,0.01,0.25,0.1,42.0989646912,0,42.0989646912,42.0989646912,42.0209159851,0,42.0209159851,42.0209159851,1
460,824,16,0.001,0.001,0.75,0.7,42.0677452087,0,42.0677452087,42.0677452087,42.0365257263,0,42.0365257263,42.0365257263,1
461,763,16,0.01,0.001,0.75,0.5,42.0521354675,0,42.0521354675,42.0521354675,42.1666069031,0,42.1666069031,42.1666069031,1
462,838,16,0.001,0.01,0.75,0.5,42.0313224792,0,42.0313224792,42.0313224792,41.7815704346,0,41.7815704346,41.7815704346,1
463,595,8,0.01,0.01,0.5,0.9,42.0053062439,0,42.0053062439,42.0053062439,41.589050293,0,41.589050293,41.589050293,1
464,1013,32,0.001,0.01,0.5,0.5,41.9636802673,0,41.9636802673,41.9636802673,41.7555541992,0,41.7555541992,41.7555541992,1
465,475,4,0.001,0.01,0.5,0.9,41.9012413025,0,41.9012413025,41.9012413025,41.615070343,0,41.615070343,41.615070343,1
466,270,2,0.001,0.0001,0.75,0.9,41.8908348083,0,41.8908348083,41.8908348083,41.7815704346,0,41.7815704346,41.7815704346,1
467,295,2,0.001,0.01,0.5,0.9,41.8856315613,0,41.8856315613,41.8856315613,41.6566925049,0,41.6566925049,41.6566925049,1
468,953,32,0.01,0.01,0.5,0.5,41.8752288818,0,41.8752288818,41.8752288818,41.59425354,0,41.59425354,41.59425354,1
469,1009,32,0.001,0.01,0.25,0.7,41.8440055847,0,41.8440055847,41.8440055847,41.8283958435,0,41.8283958435,41.8283958435,1
470,465,4,0.001,0.001,0.75,0.9,41.8388023376,0,41.8388023376,41.8388023376,41.6566925049,0,41.6566925049,41.6566925049,1
471,945,32,0.01,0.001,0.75,0.9,41.7763633728,0,41.7763633728,41.7763633728,41.4953956604,0,41.4953956604,41.4953956604,1
472,255,2,0.001,0,0.75,0.9,41.7555541992,0,41.7555541992,41.7555541992,41.6931152344,0,41.6931152344,41.6931152344,1
473,770,16,0.01,0.01,0.25,0.9,41.7139282227,0,41.7139282227,41.7139282227,41.5162086487,0,41.5162086487,41.5162086487,1
474,615,8,0.001,0,0.75,0.9,41.6566925049,0,41.6566925049,41.6566925049,41.5005989075,0,41.5005989075,41.5005989075,1
475,630,8,0.001,0.0001,0.75,0.9,41.589050293,0,41.589050293,41.589050293,41.4589729309,0,41.4589729309,41.4589729309,1
476,1007,32,0.001,0.01,0.25,0.3,41.5266113281,0,41.5266113281,41.5266113281,41.3757209778,0,41.3757209778,41.3757209778,1
477,958,32,0.01,0.01,0.75,0.5,41.5058021545,0,41.5058021545,41.5058021545,41.2092170715,0,41.2092170715,41.2092170715,1
478,285,2,0.001,0.001,0.75,0.9,41.4745788574,0,41.4745788574,41.4745788574,41.4381599426,0,41.4381599426,41.4381599426,1
479,1008,32,0.001,0.01,0.25,0.5,41.4329566956,0,41.4329566956,41.4329566956,41.2560501099,0,41.2560501099,41.2560501099,1
480,996,32,0.001,0.001,0.5,0.1,41.4173469543,0,41.4173469543,41.4173469543,41.2820625305,0,41.2820625305,41.2820625305,1
481,952,32,0.01,0.01,0.5,0.3,41.3757209778,0,41.3757209778,41.3757209778,41.3340950012,0,41.3340950012,41.3340950012,1
482,936,32,0.01,0.001,0.5,0.1,41.31848526,0,41.31848526,41.31848526,40.8814201355,0,40.8814201355,40.8814201355,1
483,932,32,0.01,0.001,0.25,0.3,41.2404403687,0,41.2404403687,41.2404403687,41.193611145,0,41.193611145,41.193611145,1
484,645,8,0.001,0.001,0.75,0.9,41.2092170715,0,41.2092170715,41.2092170715,41.1519851685,0,41.1519851685,41.1519851685,1
485,761,16,0.01,0.001,0.75,0.1,41.1780014038,0,41.1780014038,41.1780014038,41.2040176392,0,41.2040176392,41.2040176392,1
486,907,32,0.01,0,0.5,0.3,41.1467819214,0,41.1467819214,41.1467819214,41.0843429565,0,41.0843429565,41.0843429565,1
487,938,32,0.01,0.001,0.5,0.5,41.1415786743,0,41.1415786743,41.1415786743,41.1103591919,0,41.1103591919,41.1103591919,1
488,922,32,0.01,0.0001,0.5,0.3,41.0687332153,0,41.0687332153,41.0687332153,41.0635299683,0,41.0635299683,41.0635299683,1
489,937,32,0.01,0.001,0.5,0.3,41.0375137329,0,41.0375137329,41.0375137329,41.0062942505,0,41.0062942505,41.0062942505,1
490,971,32,0.001,0,0.75,0.1,41.0375137329,0,41.0375137329,41.0375137329,40.7669487,0,40.7669487,40.7669487,1
491,986,32,0.001,0.0001,0.75,0.1,41.0167007446,0,41.0167007446,41.0167007446,40.8033714294,0,40.8033714294,40.8033714294,1
492,1001,32,0.001,0.001,0.75,0.1,40.9906845093,0,40.9906845093,40.9906845093,40.6889038086,0,40.6889038086,40.6889038086,1
493,906,32,0.01,0,0.5,0.1,40.9750747681,0,40.9750747681,40.9750747681,40.7825584412,0,40.7825584412,40.7825584412,1
494,921,32,0.01,0.0001,0.5,0.1,40.9542617798,0,40.9542617798,40.9542617798,40.7877616882,0,40.7877616882,40.7877616882,1
495,972,32,0.001,0,0.75,0.3,40.9334526062,0,40.9334526062,40.9334526062,40.8085746765,0,40.8085746765,40.8085746765,1
496,655,8,0.001,0.01,0.5,0.9,40.8970298767,0,40.8970298767,40.8970298767,40.6784934998,0,40.6784934998,40.6784934998,1
497,987,32,0.001,0.0001,0.75,0.3,40.8397941589,0,40.8397941589,40.8397941589,40.7669487,0,40.7669487,40.7669487,1
498,1014,32,0.001,0.01,0.5,0.7,40.8137779236,0,40.8137779236,40.8137779236,40.3819160461,0,40.3819160461,40.3819160461,1
499,1016,32,0.001,0.01,0.75,0.1,40.8033714294,0,40.8033714294,40.8033714294,40.4859771729,0,40.4859771729,40.4859771729,1
500,839,16,0.001,0.01,0.75,0.7,40.7877616882,0,40.7877616882,40.7877616882,40.5380096436,0,40.5380096436,40.5380096436,1
501,1011,32,0.001,0.01,0.5,0.1,40.7565422058,0,40.7565422058,40.7565422058,40.6628837585,0,40.6628837585,40.6628837585,1
502,940,32,0.01,0.001,0.5,0.9,40.7097129822,0,40.7097129822,40.7097129822,40.4547576904,0,40.4547576904,40.4547576904,1
503,1002,32,0.001,0.001,0.75,0.3,40.6524772644,0,40.6524772644,40.6524772644,40.7253227234,0,40.7253227234,40.7253227234,1
504,916,32,0.01,0.0001,0.25,0.1,40.6056480408,0,40.6056480408,40.6056480408,40.6784934998,0,40.6784934998,40.6784934998,1
505,901,32,0.01,0,0.25,0.1,40.5796356201,0,40.5796356201,40.5796356201,40.7877616882,0,40.7877616882,40.7877616882,1
506,931,32,0.01,0.001,0.25,0.1,40.5588226318,0,40.5588226318,40.5588226318,40.6837005615,0,40.6837005615,40.6837005615,1
507,917,32,0.01,0.0001,0.25,0.3,40.5171966553,0,40.5171966553,40.5171966553,40.4079284668,0,40.4079284668,40.4079284668,1
508,902,32,0.01,0,0.25,0.3,40.5119934082,0,40.5119934082,40.5119934082,40.4027252197,0,40.4027252197,40.4027252197,1
509,966,32,0.001,0,0.5,0.1,40.5015869141,0,40.5015869141,40.5015869141,40.2986602783,0,40.2986602783,40.2986602783,1
510,981,32,0.001,0.0001,0.5,0.1,40.4599609375,0,40.4599609375,40.4599609375,40.2726478577,0,40.2726478577,40.2726478577,1
511,973,32,0.001,0,0.75,0.5,40.4339447021,0,40.4339447021,40.4339447021,40.4547576904,0,40.4547576904,40.4547576904,1
512,988,32,0.001,0.0001,0.75,0.5,40.423538208,0,40.423538208,40.423538208,40.4547576904,0,40.4547576904,40.4547576904,1
513,1003,32,0.001,0.001,0.75,0.5,40.350692749,0,40.350692749,40.350692749,40.2518348694,0,40.2518348694,40.2518348694,1
514,1017,32,0.001,0.01,0.75,0.3,40.345489502,0,40.345489502,40.345489502,40.0593147278,0,40.0593147278,40.0593147278,1
515,918,32,0.01,0.0001,0.25,0.5,40.3090667725,0,40.3090667725,40.3090667725,40.0801277161,0,40.0801277161,40.0801277161,1
516,775,16,0.01,0.01,0.5,0.9,40.2830505371,0,40.2830505371,40.2830505371,39.6430625916,0,39.6430625916,39.6430625916,1
517,935,32,0.01,0.001,0.25,0.9,40.2778511047,0,40.2778511047,40.2778511047,39.924030304,0,39.924030304,39.924030304,1
518,929,32,0.01,0.0001,0.75,0.7,40.2570381165,0,40.2570381165,40.2570381165,40.147769928,0,40.147769928,40.147769928,1
519,914,32,0.01,0,0.75,0.7,40.2414245605,0,40.2414245605,40.2414245605,40.1945991516,0,40.1945991516,40.1945991516,1
520,933,32,0.01,0.001,0.25,0.5,40.2362213135,0,40.2362213135,40.2362213135,40.0176925659,0,40.0176925659,40.0176925659,1
521,967,32,0.001,0,0.5,0.3,40.1581764221,0,40.1581764221,40.1581764221,39.9656600952,0,39.9656600952,39.9656600952,1
522,974,32,0.001,0,0.75,0.7,40.152973175,0,40.152973175,40.152973175,40.0541114807,0,40.0541114807,40.0541114807,1
523,982,32,0.001,0.0001,0.5,0.3,40.1425666809,0,40.1425666809,40.1425666809,39.950050354,0,39.950050354,39.950050354,1
524,989,32,0.001,0.0001,0.75,0.7,40.1269569397,0,40.1269569397,40.1269569397,40.0645179749,0,40.0645179749,40.0645179749,1
525,959,32,0.01,0.01,0.75,0.7,40.0905342102,0,40.0905342102,40.0905342102,39.6638755798,0,39.6638755798,39.6638755798,1
526,934,32,0.01,0.001,0.25,0.7,40.0853309631,0,40.0853309631,40.0853309631,40.1009407043,0,40.1009407043,40.1009407043,1
527,830,16,0.001,0.01,0.25,0.9,40.0801277161,0,40.0801277161,40.0801277161,39.7783432007,0,39.7783432007,39.7783432007,1
528,961,32,0.001,0,0.25,0.1,40.0801277161,0,40.0801277161,40.0801277161,39.8459854126,0,39.8459854126,39.8459854126,1
529,997,32,0.001,0.001,0.5,0.3,40.0697250366,0,40.0697250366,40.0697250366,39.8719978333,0,39.8719978333,39.8719978333,1
530,976,32,0.001,0.0001,0.25,0.1,40.0541114807,0,40.0541114807,40.0541114807,39.8147659302,0,39.8147659302,39.8147659302,1
531,908,32,0.01,0,0.5,0.5,40.022895813,0,40.022895813,40.022895813,40.1217536926,0,40.1217536926,40.1217536926,1
532,991,32,0.001,0.001,0.25,0.1,40.022895813,0,40.022895813,40.022895813,39.8095626831,0,39.8095626831,39.8095626831,1
533,1004,32,0.001,0.001,0.75,0.7,40.0176925659,0,40.0176925659,40.0176925659,39.9084243774,0,39.9084243774,39.9084243774,1
534,923,32,0.01,0.0001,0.5,0.5,40.00207901,0,40.00207901,40.00207901,40.0853309631,0,40.0853309631,40.0853309631,1
535,795,16,0.001,0,0.75,0.9,39.9760627747,0,39.9760627747,39.9760627747,39.5962333679,0,39.5962333679,39.5962333679,1
536,963,32,0.001,0,0.25,0.5,39.9708633423,0,39.9708633423,39.9708633423,39.8876113892,0,39.8876113892,39.8876113892,1
537,944,32,0.01,0.001,0.75,0.7,39.9656600952,0,39.9656600952,39.9656600952,39.950050354,0,39.950050354,39.950050354,1
538,810,16,0.001,0.0001,0.75,0.9,39.9552536011,0,39.9552536011,39.9552536011,39.5598106384,0,39.5598106384,39.5598106384,1
539,978,32,0.001,0.0001,0.25,0.5,39.9552536011,0,39.9552536011,39.9552536011,39.8615951538,0,39.8615951538,39.8615951538,1
540,941,32,0.01,0.001,0.75,0.1,39.9448471069,0,39.9448471069,39.9448471069,39.9032211304,0,39.9032211304,39.9032211304,1
541,926,32,0.01,0.0001,0.75,0.1,39.9396438599,0,39.9396438599,39.9396438599,39.8719978333,0,39.8719978333,39.8719978333,1
542,998,32,0.001,0.001,0.5,0.5,39.9396438599,0,39.9396438599,39.9396438599,39.8667984009,0,39.8667984009,39.8667984009,1
543,993,32,0.001,0.001,0.25,0.5,39.9136276245,0,39.9136276245,39.9136276245,39.8407821655,0,39.8407821655,39.8407821655,1
544,1018,32,0.001,0.01,0.75,0.5,39.8615951538,0,39.8615951538,39.8615951538,39.5077781677,0,39.5077781677,39.5077781677,1
545,912,32,0.01,0,0.75,0.3,39.7939529419,0,39.7939529419,39.7939529419,39.8147659302,0,39.8147659302,39.8147659302,1
546,939,32,0.01,0.001,0.5,0.7,39.7835464478,0,39.7835464478,39.7835464478,39.7159080505,0,39.7159080505,39.7159080505,1
547,942,32,0.01,0.001,0.75,0.3,39.7783432007,0,39.7783432007,39.7783432007,39.7419204712,0,39.7419204712,39.7419204712,1
548,999,32,0.001,0.001,0.5,0.7,39.7679367065,0,39.7679367065,39.7679367065,39.5494041443,0,39.5494041443,39.5494041443,1
549,919,32,0.01,0.0001,0.25,0.7,39.7575302124,0,39.7575302124,39.7575302124,39.528591156,0,39.528591156,39.528591156,1
550,930,32,0.01,0.0001,0.75,0.9,39.72631073,0,39.72631073,39.72631073,39.6846847534,0,39.6846847534,39.6846847534,1
551,927,32,0.01,0.0001,0.75,0.3,39.6846847534,0,39.6846847534,39.6846847534,39.7367172241,0,39.7367172241,39.7367172241,1
552,1134,64,0.01,0.01,0.5,0.7,39.6690750122,0,39.6690750122,39.6690750122,39.3933105469,0,39.3933105469,39.3933105469,1
553,968,32,0.001,0,0.5,0.5,39.6482658386,0,39.6482658386,39.6482658386,39.5337944031,0,39.5337944031,39.5337944031,1
554,983,32,0.001,0.0001,0.5,0.5,39.6430625916,0,39.6430625916,39.6430625916,39.4921684265,0,39.4921684265,39.4921684265,1
555,49,0,0.01,0.01,0.25,0.7,39.5598106384,0,39.5598106384,39.5598106384,38.7689247131,0,38.7689247131,38.7689247131,1
556,825,16,0.001,0.001,0.75,0.9,39.5598106384,0,39.5598106384,39.5598106384,39.1903839111,0,39.1903839111,39.1903839111,1
557,911,32,0.01,0,0.75,0.1,39.5598106384,0,39.5598106384,39.5598106384,39.4765586853,0,39.4765586853,39.4765586853,1
558,977,32,0.001,0.0001,0.25,0.3,39.528591156,0,39.528591156,39.528591156,39.3360748291,0,39.3360748291,39.3360748291,1
559,903,32,0.01,0,0.25,0.5,39.5181846619,0,39.5181846619,39.5181846619,39.4973716736,0,39.4973716736,39.4973716736,1
560,992,32,0.001,0.001,0.25,0.3,39.5129814148,0,39.5129814148,39.5129814148,39.3464813232,0,39.3464813232,39.3464813232,1
561,994,32,0.001,0.001,0.25,0.7,39.5025749207,0,39.5025749207,39.5025749207,39.45054245,0,39.45054245,39.45054245,1
562,420,4,0.01,0.01,0.75,0.9,39.4817619324,0,39.4817619324,39.4817619324,39.1383514404,0,39.1383514404,39.1383514404,1
563,962,32,0.001,0,0.25,0.3,39.4245262146,0,39.4245262146,39.4245262146,39.1019287109,0,39.1019287109,39.1019287109,1
564,995,32,0.001,0.001,0.25,0.9,39.403717041,0,39.403717041,39.403717041,39.2164001465,0,39.2164001465,39.2164001465,1
565,480,4,0.001,0.01,0.75,0.9,39.3985137939,0,39.3985137939,39.3985137939,39.1643676758,0,39.1643676758,39.1643676758,1
566,964,32,0.001,0,0.25,0.7,39.3672904968,0,39.3672904968,39.3672904968,39.2944488525,0,39.2944488525,39.2944488525,1
567,979,32,0.001,0.0001,0.25,0.7,39.3412780762,0,39.3412780762,39.3412780762,39.2892456055,0,39.2892456055,39.2892456055,1
568,1138,64,0.01,0.01,0.75,0.5,39.2476196289,0,39.2476196289,39.2476196289,39.0550994873,0,39.0550994873,39.0550994873,1
569,240,2,0.01,0.01,0.75,0.9,39.2320098877,0,39.2320098877,39.2320098877,39.0498962402,0,39.0498962402,39.0498962402,1
570,904,32,0.01,0,0.25,0.7,39.1851806641,0,39.1851806641,39.1851806641,38.8938026428,0,38.8938026428,38.8938026428,1
571,909,32,0.01,0,0.5,0.7,39.1279449463,0,39.1279449463,39.1279449463,39.107131958,0,39.107131958,39.107131958,1
572,928,32,0.01,0.0001,0.75,0.5,39.1279449463,0,39.1279449463,39.1279449463,38.9510345459,0,38.9510345459,38.9510345459,1
573,1000,32,0.001,0.001,0.5,0.9,39.0863227844,0,39.0863227844,39.0863227844,38.8261604309,0,38.8261604309,38.8261604309,1
574,969,32,0.001,0,0.5,0.7,39.0811157227,0,39.0811157227,39.0811157227,38.9458312988,0,38.9458312988,38.9458312988,1
575,984,32,0.001,0.0001,0.5,0.7,39.0759124756,0,39.0759124756,39.0759124756,38.9250221252,0,38.9250221252,38.9250221252,1
576,924,32,0.01,0.0001,0.5,0.7,39.0603027344,0,39.0603027344,39.0603027344,39.0811157227,0,39.0811157227,39.0811157227,1
577,943,32,0.01,0.001,0.75,0.5,39.0342903137,0,39.0342903137,39.0342903137,38.7689247131,0,38.7689247131,38.7689247131,1
578,913,32,0.01,0,0.75,0.5,39.0290870667,0,39.0290870667,39.0290870667,38.9198188782,0,38.9198188782,38.9198188782,1
579,915,32,0.01,0,0.75,0.9,39.0290870667,0,39.0290870667,39.0290870667,38.9614448547,0,38.9614448547,38.9614448547,1
580,300,2,0.001,0.01,0.75,0.9,39.0082702637,0,39.0082702637,39.0082702637,38.8781929016,0,38.8781929016,38.8781929016,1
581,661,8,0.0001,0,0.25,0.1,38.9978637695,0,38.9978637695,38.9978637695,38.4723472595,0,38.4723472595,38.4723472595,1
582,676,8,0.0001,0.0001,0.25,0.1,38.9978637695,0,38.9978637695,38.9978637695,38.4671401978,0,38.4671401978,38.4671401978,1
583,691,8,0.0001,0.001,0.25,0.1,38.9874610901,0,38.9874610901,38.9874610901,38.4515304565,0,38.4515304565,38.4515304565,1
584,40,0,0.01,0.001,0.5,0.9,38.9302253723,0,38.9302253723,38.9302253723,38.6284408569,0,38.6284408569,38.6284408569,1
585,48,0,0.01,0.01,0.25,0.5,38.8990058899,0,38.8990058899,38.8990058899,38.1601524353,0,38.1601524353,38.1601524353,1
586,600,8,0.01,0.01,0.75,0.9,38.8625831604,0,38.8625831604,38.8625831604,38.3474693298,0,38.3474693298,38.3474693298,1
587,25,0,0.01,0.0001,0.5,0.9,38.8521766663,0,38.8521766663,38.8521766663,38.3162498474,0,38.3162498474,38.3162498474,1
588,970,32,0.001,0,0.5,0.9,38.8521766663,0,38.8521766663,38.8521766663,38.5191726685,0,38.5191726685,38.5191726685,1
589,985,32,0.001,0.0001,0.5,0.9,38.8417701721,0,38.8417701721,38.8417701721,38.5139694214,0,38.5139694214,38.5139694214,1
590,1128,64,0.01,0.01,0.25,0.5,38.8417701721,0,38.8417701721,38.8417701721,38.779335022,0,38.779335022,38.779335022,1
591,706,8,0.0001,0.01,0.25,0.1,38.836566925,0,38.836566925,38.836566925,38.3994979858,0,38.3994979858,38.3994979858,1
592,46,0,0.01,0.01,0.25,0.1,38.8209571838,0,38.8209571838,38.8209571838,38.1861686707,0,38.1861686707,38.1861686707,1
593,910,32,0.01,0,0.5,0.9,38.8105506897,0,38.8105506897,38.8105506897,38.3838882446,0,38.3838882446,38.3838882446,1
594,10,0,0.01,0,0.5,0.9,38.779335022,0,38.779335022,38.779335022,38.2746200562,0,38.2746200562,38.2746200562,1
595,950,32,0.01,0.01,0.25,0.9,38.7325057983,0,38.7325057983,38.7325057983,38.2069816589,0,38.2069816589,38.2069816589,1
596,925,32,0.01,0.0001,0.5,0.9,38.7064857483,0,38.7064857483,38.7064857483,38.3162498474,0,38.3162498474,38.3162498474,1
597,660,8,0.001,0.01,0.75,0.9,38.6960792542,0,38.6960792542,38.6960792542,38.1445426941,0,38.1445426941,38.1445426941,1
598,905,32,0.01,0,0.25,0.9,38.6856765747,0,38.6856765747,38.6856765747,38.3214530945,0,38.3214530945,38.3214530945,1
599,965,32,0.001,0,0.25,0.9,38.6752700806,0,38.6752700806,38.6752700806,38.4983596802,0,38.4983596802,38.4983596802,1
600,1131,64,0.01,0.01,0.5,0.1,38.6700668335,0,38.6700668335,38.6700668335,38.8521766663,0,38.8521766663,38.8521766663,1
601,920,32,0.01,0.0001,0.25,0.9,38.6492538452,0,38.6492538452,38.6492538452,38.2954368591,0,38.2954368591,38.2954368591,1
602,677,8,0.0001,0.0001,0.25,0.3,38.6128311157,0,38.6128311157,38.6128311157,38.1185302734,0,38.1185302734,38.1185302734,1
603,692,8,0.0001,0.001,0.25,0.3,38.6128311157,0,38.6128311157,38.6128311157,38.0977172852,0,38.0977172852,38.0977172852,1
604,835,16,0.001,0.01,0.5,0.9,38.6128311157,0,38.6128311157,38.6128311157,38.2486076355,0,38.2486076355,38.2486076355,1
605,47,0,0.01,0.01,0.25,0.3,38.6076278687,0,38.6076278687,38.6076278687,38.4567337036,0,38.4567337036,38.4567337036,1
606,662,8,0.0001,0,0.25,0.3,38.6076278687,0,38.6076278687,38.6076278687,38.1081237793,0,38.1081237793,38.1081237793,1
607,980,32,0.001,0.0001,0.25,0.9,38.5816116333,0,38.5816116333,38.5816116333,38.4255180359,0,38.4255180359,38.4255180359,1
608,707,8,0.0001,0.01,0.25,0.3,38.560798645,0,38.560798645,38.560798645,37.9728393555,0,37.9728393555,37.9728393555,1
609,1126,64,0.01,0.01,0.25,0.1,38.5503921509,0,38.5503921509,38.5503921509,38.7168960571,0,38.7168960571,38.7168960571,1
610,1127,64,0.01,0.01,0.25,0.3,38.5139694214,0,38.5139694214,38.5139694214,38.363079071,0,38.363079071,38.363079071,1
611,65,0,0.001,0,0.25,0.9,38.4359207153,0,38.4359207153,38.4359207153,38.3266525269,0,38.3266525269,38.3266525269,1
612,80,0,0.001,0.0001,0.25,0.9,38.4359207153,0,38.4359207153,38.4359207153,38.2538108826,0,38.2538108826,38.2538108826,1
613,39,0,0.01,0.001,0.5,0.7,38.3786849976,0,38.3786849976,38.3786849976,38.1029205322,0,38.1029205322,38.1029205322,1
614,497,4,0.0001,0.0001,0.25,0.3,38.3786849976,0,38.3786849976,38.3786849976,38.3214530945,0,38.3214530945,38.3214530945,1
615,482,4,0.0001,0,0.25,0.3,38.3682823181,0,38.3682823181,38.3682823181,38.3162498474,0,38.3162498474,38.3162498474,1
616,512,4,0.0001,0.001,0.25,0.3,38.3526725769,0,38.3526725769,38.3526725769,38.3058433533,0,38.3058433533,38.3058433533,1
617,496,4,0.0001,0.0001,0.25,0.1,38.3422660828,0,38.3422660828,38.3422660828,38.3942947388,0,38.3942947388,38.3942947388,1
618,481,4,0.0001,0,0.25,0.1,38.337059021,0,38.337059021,38.337059021,38.3890914917,0,38.3890914917,38.3890914917,1
619,95,0,0.001,0.001,0.25,0.9,38.3162498474,0,38.3162498474,38.3162498474,38.1341362,0,38.1341362,38.1341362,1
620,511,4,0.0001,0.001,0.25,0.1,38.3058433533,0,38.3058433533,38.3058433533,38.363079071,0,38.363079071,38.363079071,1
621,526,4,0.0001,0.01,0.25,0.1,38.285030365,0,38.285030365,38.285030365,38.3162498474,0,38.3162498474,38.3162498474,1
622,527,4,0.0001,0.01,0.25,0.3,38.2434043884,0,38.2434043884,38.2434043884,38.2434043884,0,38.2434043884,38.2434043884,1
623,1019,32,0.001,0.01,0.75,0.7,38.1757621765,0,38.1757621765,38.1757621765,37.8219451904,0,37.8219451904,37.8219451904,1
624,54,0,0.01,0.01,0.5,0.7,38.1653594971,0,38.1653594971,38.1653594971,37.8323516846,0,37.8323516846,37.8323516846,1
625,50,0,0.01,0.01,0.25,0.9,38.1549491882,0,38.1549491882,38.1549491882,37.8531646729,0,37.8531646729,37.8531646729,1
626,513,4,0.0001,0.001,0.25,0.5,38.0560913086,0,38.0560913086,38.0560913086,37.9884490967,0,37.9884490967,37.9884490967,1
627,528,4,0.0001,0.01,0.25,0.5,38.0560913086,0,38.0560913086,38.0560913086,37.9780426025,0,37.9780426025,37.9780426025,1
628,24,0,0.01,0.0001,0.5,0.7,38.0352783203,0,38.0352783203,38.0352783203,37.9051971436,0,37.9051971436,37.9051971436,1
629,483,4,0.0001,0,0.25,0.5,38.0196647644,0,38.0196647644,38.0196647644,37.9624328613,0,37.9624328613,37.9624328613,1
630,498,4,0.0001,0.0001,0.25,0.5,38.014465332,0,38.014465332,38.014465332,37.9520263672,0,37.9520263672,37.9520263672,1
631,70,0,0.001,0,0.5,0.9,37.9884490967,0,37.9884490967,37.9884490967,37.6294288635,0,37.6294288635,37.6294288635,1
632,53,0,0.01,0.01,0.5,0.5,37.9832458496,0,37.9832458496,37.9832458496,37.3796768188,0,37.3796768188,37.3796768188,1
633,85,0,0.001,0.0001,0.5,0.9,37.936416626,0,37.936416626,37.936416626,37.6346321106,0,37.6346321106,37.6346321106,1
634,663,8,0.0001,0,0.25,0.5,37.9260101318,0,37.9260101318,37.9260101318,37.5253639221,0,37.5253639221,37.5253639221,1
635,79,0,0.001,0.0001,0.25,0.7,37.9208068848,0,37.9208068848,37.9208068848,37.7022743225,0,37.7022743225,37.7022743225,1
636,678,8,0.0001,0.0001,0.25,0.5,37.9156036377,0,37.9156036377,37.9156036377,37.5253639221,0,37.5253639221,37.5253639221,1
637,1129,64,0.01,0.01,0.25,0.7,37.9156036377,0,37.9156036377,37.9156036377,37.4993515015,0,37.4993515015,37.4993515015,1
638,8,0,0.01,0,0.5,0.5,37.9051971436,0,37.9051971436,37.9051971436,37.8063392639,0,37.8063392639,37.8063392639,1
639,1196,64,0.001,0.01,0.75,0.1,37.8999938965,0,37.8999938965,37.8999938965,37.5513839722,0,37.5513839722,37.5513839722,1
640,3,0,0.01,0,0.25,0.5,37.8895874023,0,37.8895874023,37.8895874023,37.3224411011,0,37.3224411011,37.3224411011,1
641,23,0,0.01,0.0001,0.5,0.5,37.8739776611,0,37.8739776611,37.8739776611,37.8219451904,0,37.8219451904,37.8219451904,1
642,708,8,0.0001,0.01,0.25,0.5,37.8531646729,0,37.8531646729,37.8531646729,37.3744735718,0,37.3744735718,37.3744735718,1
643,693,8,0.0001,0.001,0.25,0.5,37.8375549316,0,37.8375549316,37.8375549316,37.4108924866,0,37.4108924866,37.4108924866,1
644,1133,64,0.01,0.01,0.5,0.5,37.8323516846,0,37.8323516846,37.8323516846,37.4733314514,0,37.4733314514,37.4733314514,1
645,64,0,0.001,0,0.25,0.7,37.8271484375,0,37.8271484375,37.8271484375,37.717880249,0,37.717880249,37.717880249,1
646,681,8,0.0001,0.0001,0.5,0.1,37.8219451904,0,37.8219451904,37.8219451904,37.3692703247,0,37.3692703247,37.3692703247,1
647,9,0,0.01,0,0.5,0.7,37.8167419434,0,37.8167419434,37.8167419434,37.6918678284,0,37.6918678284,37.6918678284,1
648,100,0,0.001,0.001,0.5,0.9,37.8115386963,0,37.8115386963,37.8115386963,37.5097541809,0,37.5097541809,37.5097541809,1
649,666,8,0.0001,0,0.5,0.1,37.8011360168,0,37.8011360168,37.8011360168,37.3848800659,0,37.3848800659,37.3848800659,1
650,38,0,0.01,0.001,0.5,0.5,37.7959327698,0,37.7959327698,37.7959327698,37.665851593,0,37.665851593,37.665851593,1
651,1132,64,0.01,0.01,0.5,0.3,37.790725708,0,37.790725708,37.790725708,37.5669898987,0,37.5669898987,37.5669898987,1
652,18,0,0.01,0.0001,0.25,0.5,37.7282905579,0,37.7282905579,37.7282905579,37.4004859924,0,37.4004859924,37.4004859924,1
653,696,8,0.0001,0.001,0.5,0.1,37.7282905579,0,37.7282905579,37.7282905579,37.3068313599,0,37.3068313599,37.3068313599,1
654,33,0,0.01,0.001,0.25,0.5,37.7230834961,0,37.7230834961,37.7230834961,37.1819572449,0,37.1819572449,37.1819572449,1
655,37,0,0.01,0.001,0.5,0.3,37.7022743225,0,37.7022743225,37.7022743225,37.5409736633,0,37.5409736633,37.5409736633,1
656,16,0,0.01,0.0001,0.25,0.1,37.6710548401,0,37.6710548401,37.6710548401,37.2027664185,0,37.2027664185,37.2027664185,1
657,1189,64,0.001,0.01,0.25,0.7,37.665851593,0,37.665851593,37.665851593,37.4473190308,0,37.4473190308,37.4473190308,1
658,94,0,0.001,0.001,0.25,0.7,37.6398353577,0,37.6398353577,37.6398353577,37.6294288635,0,37.6294288635,37.6294288635,1
659,21,0,0.01,0.0001,0.5,0.1,37.6242256165,0,37.6242256165,37.6242256165,37.5773963928,0,37.5773963928,37.5773963928,1
660,711,8,0.0001,0.01,0.5,0.1,37.593006134,0,37.593006134,37.593006134,37.2391891479,0,37.2391891479,37.2391891479,1
661,1,0,0.01,0,0.25,0.1,37.5825996399,0,37.5825996399,37.5825996399,36.8645591736,0,36.8645591736,36.8645591736,1
662,22,0,0.01,0.0001,0.5,0.3,37.5825996399,0,37.5825996399,37.5825996399,37.4473190308,0,37.4473190308,37.4473190308,1
663,84,0,0.001,0.0001,0.5,0.7,37.5721931458,0,37.5721931458,37.5721931458,36.895778656,0,36.895778656,36.895778656,1
664,1197,64,0.001,0.01,0.75,0.3,37.5721931458,0,37.5721931458,37.5721931458,37.4160957336,0,37.4160957336,37.4160957336,1
665,52,0,0.01,0.01,0.5,0.3,37.5669898987,0,37.5669898987,37.5669898987,37.6554450989,0,37.6554450989,37.6554450989,1
666,51,0,0.01,0.01,0.5,0.1,37.5617866516,0,37.5617866516,37.5617866516,37.2079696655,0,37.2079696655,37.2079696655,1
667,841,16,0.0001,0,0.25,0.1,37.5617866516,0,37.5617866516,37.5617866516,37.1611404419,0,37.1611404419,37.1611404419,1
668,856,16,0.0001,0.0001,0.25,0.1,37.5617866516,0,37.5617866516,37.5617866516,37.1507339478,0,37.1507339478,37.1507339478,1
669,871,16,0.0001,0.001,0.25,0.1,37.5409736633,0,37.5409736633,37.5409736633,37.1559371948,0,37.1559371948,37.1559371948,1
670,886,16,0.0001,0.01,0.25,0.1,37.5097541809,0,37.5097541809,37.5097541809,37.0258598328,0,37.0258598328,37.0258598328,1
671,6,0,0.01,0,0.5,0.1,37.4941482544,0,37.4941482544,37.4941482544,37.6918678284,0,37.6918678284,37.6918678284,1
672,1137,64,0.01,0.01,0.75,0.3,37.4785346985,0,37.4785346985,37.4785346985,37.1559371948,0,37.1559371948,37.1559371948,1
673,69,0,0.001,0,0.5,0.7,37.4733314514,0,37.4733314514,37.4733314514,36.8801727295,0,36.8801727295,36.8801727295,1
674,32,0,0.01,0.001,0.25,0.3,37.4681282043,0,37.4681282043,37.4681282043,36.7813110352,0,36.7813110352,36.7813110352,1
675,99,0,0.001,0.001,0.5,0.7,37.4525184631,0,37.4525184631,37.4525184631,36.8281402588,0,36.8281402588,36.8281402588,1
676,1186,64,0.001,0.01,0.25,0.1,37.4004859924,0,37.4004859924,37.4004859924,37.2391891479,0,37.2391891479,37.2391891479,1
677,35,0,0.01,0.001,0.25,0.9,37.3692703247,0,37.3692703247,37.3692703247,36.7240753174,0,36.7240753174,36.7240753174,1
678,17,0,0.01,0.0001,0.25,0.3,37.3588638306,0,37.3588638306,37.3588638306,36.547164917,0,36.547164917,36.547164917,1
679,486,4,0.0001,0,0.5,0.1,37.3380508423,0,37.3380508423,37.3380508423,37.3796768188,0,37.3796768188,37.3796768188,1
680,667,8,0.0001,0,0.5,0.3,37.3380508423,0,37.3380508423,37.3380508423,37.171546936,0,37.171546936,37.171546936,1
681,682,8,0.0001,0.0001,0.5,0.3,37.3328475952,0,37.3328475952,37.3328475952,37.166343689,0,37.166343689,37.166343689,1
682,31,0,0.01,0.001,0.25,0.1,37.3276443481,0,37.3276443481,37.3276443481,36.6876525879,0,36.6876525879,36.6876525879,1
683,697,8,0.0001,0.001,0.5,0.3,37.3276443481,0,37.3276443481,37.3276443481,37.171546936,0,37.171546936,37.171546936,1
684,2,0,0.01,0,0.25,0.3,37.317237854,0,37.317237854,37.317237854,36.6824493408,0,36.6824493408,36.6824493408,1
685,517,4,0.0001,0.001,0.5,0.3,37.3120346069,0,37.3120346069,37.3120346069,37.4108924866,0,37.4108924866,37.4108924866,1
686,487,4,0.0001,0,0.5,0.3,37.3068313599,0,37.3068313599,37.3068313599,37.4108924866,0,37.4108924866,37.4108924866,1
687,499,4,0.0001,0.0001,0.25,0.7,37.3068313599,0,37.3068313599,37.3068313599,37.1819572449,0,37.1819572449,37.1819572449,1
688,484,4,0.0001,0,0.25,0.7,37.3016281128,0,37.3016281128,37.3016281128,37.2027664185,0,37.2027664185,37.2027664185,1
689,502,4,0.0001,0.0001,0.5,0.3,37.3016281128,0,37.3016281128,37.3016281128,37.4108924866,0,37.4108924866,37.4108924866,1
690,518,4,0.0001,0.001,0.5,0.5,37.2860183716,0,37.2860183716,37.2860183716,37.1091079712,0,37.1091079712,37.1091079712,1
691,303,2,0.0001,0,0.25,0.5,37.2808151245,0,37.2808151245,37.2808151245,37.4160957336,0,37.4160957336,37.4160957336,1
692,318,2,0.0001,0.0001,0.25,0.5,37.2808151245,0,37.2808151245,37.2808151245,37.4056892395,0,37.4056892395,37.4056892395,1
693,955,32,0.01,0.01,0.5,0.9,37.2808151245,0,37.2808151245,37.2808151245,36.8385429382,0,36.8385429382,36.8385429382,1
694,488,4,0.0001,0,0.5,0.5,37.2756118774,0,37.2756118774,37.2756118774,37.1091079712,0,37.1091079712,37.1091079712,1
695,514,4,0.0001,0.001,0.25,0.7,37.2756118774,0,37.2756118774,37.2756118774,37.1871604919,0,37.1871604919,37.1871604919,1
696,333,2,0.0001,0.001,0.25,0.5,37.2704086304,0,37.2704086304,37.2704086304,37.4108924866,0,37.4108924866,37.4108924866,1
697,503,4,0.0001,0.0001,0.5,0.5,37.2704086304,0,37.2704086304,37.2704086304,37.1039047241,0,37.1039047241,37.1039047241,1
698,532,4,0.0001,0.01,0.5,0.3,37.2704086304,0,37.2704086304,37.2704086304,37.3536605835,0,37.3536605835,37.3536605835,1
699,531,4,0.0001,0.01,0.5,0.1,37.2443962097,0,37.2443962097,37.2443962097,37.2860183716,0,37.2860183716,37.2860183716,1
700,712,8,0.0001,0.01,0.5,0.3,37.2443962097,0,37.2443962097,37.2443962097,36.9894371033,0,36.9894371033,36.9894371033,1
701,1194,64,0.001,0.01,0.5,0.7,37.2443962097,0,37.2443962097,37.2443962097,36.9061851501,0,36.9061851501,36.9061851501,1
702,7,0,0.01,0,0.5,0.3,37.2339859009,0,37.2339859009,37.2339859009,36.8541526794,0,36.8541526794,36.8541526794,1
703,36,0,0.01,0.001,0.5,0.1,37.2339859009,0,37.2339859009,37.2339859009,37.2964248657,0,37.2964248657,37.2964248657,1
704,20,0,0.01,0.0001,0.25,0.9,37.2287826538,0,37.2287826538,37.2287826538,36.4795227051,0,36.4795227051,36.4795227051,1
705,348,2,0.0001,0.01,0.25,0.5,37.2287826538,0,37.2287826538,37.2287826538,37.3796768188,0,37.3796768188,37.3796768188,1
706,501,4,0.0001,0.0001,0.5,0.1,37.2287826538,0,37.2287826538,37.2287826538,37.2183761597,0,37.2183761597,37.2183761597,1
707,5,0,0.01,0,0.25,0.9,37.2183761597,0,37.2183761597,37.2183761597,36.5055427551,0,36.5055427551,36.5055427551,1
708,516,4,0.0001,0.001,0.5,0.1,37.2183761597,0,37.2183761597,37.2183761597,37.2183761597,0,37.2183761597,37.2183761597,1
709,109,0,0.001,0.01,0.25,0.7,37.2131729126,0,37.2131729126,37.2131729126,36.9165916443,0,36.9165916443,36.9165916443,1
710,4,0,0.01,0,0.25,0.7,37.192363739,0,37.192363739,37.192363739,36.8125305176,0,36.8125305176,36.8125305176,1
711,780,16,0.01,0.01,0.75,0.9,37.192363739,0,37.192363739,37.192363739,36.8645591736,0,36.8645591736,36.8645591736,1
712,1111,64,0.01,0.001,0.25,0.1,37.1819572449,0,37.1819572449,37.1819572449,37.1039047241,0,37.1039047241,37.1039047241,1
713,1188,64,0.001,0.01,0.25,0.5,37.1559371948,0,37.1559371948,37.1559371948,36.7969169617,0,36.7969169617,36.7969169617,1
714,533,4,0.0001,0.01,0.5,0.5,37.1455307007,0,37.1455307007,37.1455307007,36.9530143738,0,36.9530143738,36.9530143738,1
715,529,4,0.0001,0.01,0.25,0.7,37.1403312683,0,37.1403312683,37.1403312683,37.0622825623,0,37.0622825623,37.0622825623,1
716,1191,64,0.001,0.01,0.5,0.1,37.1351280212,0,37.1351280212,37.1351280212,36.8333396912,0,36.8333396912,36.8333396912,1
717,1198,64,0.001,0.01,0.75,0.5,37.1247215271,0,37.1247215271,37.1247215271,36.9061851501,0,36.9061851501,36.9061851501,1
718,34,0,0.01,0.001,0.25,0.7,37.114315033,0,37.114315033,37.114315033,36.8229370117,0,36.8229370117,36.8229370117,1
719,1187,64,0.001,0.01,0.25,0.3,37.114315033,0,37.114315033,37.114315033,36.9790306091,0,36.9790306091,36.9790306091,1
720,1139,64,0.01,0.01,0.75,0.7,37.0987014771,0,37.0987014771,37.0987014771,36.6304168701,0,36.6304168701,36.6304168701,1
721,1136,64,0.01,0.01,0.75,0.1,37.09349823,0,37.09349823,37.09349823,36.7084655762,0,36.7084655762,36.7084655762,1
722,19,0,0.01,0.0001,0.25,0.7,37.0778923035,0,37.0778923035,37.0778923035,36.8021202087,0,36.8021202087,36.8021202087,1
723,332,2,0.0001,0.001,0.25,0.3,37.0154533386,0,37.0154533386,37.0154533386,37.2183761597,0,37.2183761597,37.2183761597,1
724,302,2,0.0001,0,0.25,0.3,37.0102500916,0,37.0102500916,37.0102500916,37.192363739,0,37.192363739,37.192363739,1
725,317,2,0.0001,0.0001,0.25,0.3,36.9946403503,0,36.9946403503,36.9946403503,37.1819572449,0,37.1819572449,37.1819572449,1
726,990,32,0.001,0.0001,0.75,0.9,36.9946403503,0,36.9946403503,36.9946403503,36.8229370117,0,36.8229370117,36.8229370117,1
727,975,32,0.001,0,0.75,0.9,36.9842338562,0,36.9842338562,36.9842338562,36.8281402588,0,36.8281402588,36.8281402588,1
728,1151,64,0.001,0,0.75,0.1,36.9842338562,0,36.9842338562,36.9842338562,36.5939941406,0,36.5939941406,36.5939941406,1
729,114,0,0.001,0.01,0.5,0.7,36.9738273621,0,36.9738273621,36.9738273621,36.4951324463,0,36.4951324463,36.4951324463,1
730,346,2,0.0001,0.01,0.25,0.1,36.9634208679,0,36.9634208679,36.9634208679,37.0154533386,0,37.0154533386,37.0154533386,1
731,842,16,0.0001,0,0.25,0.3,36.9634208679,0,36.9634208679,36.9634208679,36.620010376,0,36.620010376,36.620010376,1
732,857,16,0.0001,0.0001,0.25,0.3,36.9582176208,0,36.9582176208,36.9582176208,36.6044006348,0,36.6044006348,36.6044006348,1
733,301,2,0.0001,0,0.25,0.1,36.9530143738,0,36.9530143738,36.9530143738,37.0362663269,0,37.0362663269,37.0362663269,1
734,316,2,0.0001,0.0001,0.25,0.1,36.9530143738,0,36.9530143738,36.9530143738,37.0414657593,0,37.0414657593,37.0414657593,1
735,347,2,0.0001,0.01,0.25,0.3,36.9530143738,0,36.9530143738,36.9530143738,37.2495956421,0,37.2495956421,37.2495956421,1
736,872,16,0.0001,0.001,0.25,0.3,36.9426078796,0,36.9426078796,36.9426078796,36.5939941406,0,36.5939941406,36.5939941406,1
737,331,2,0.0001,0.001,0.25,0.1,36.9374046326,0,36.9374046326,36.9374046326,37.0570793152,0,37.0570793152,37.0570793152,1
738,1010,32,0.001,0.01,0.25,0.9,36.9322013855,0,36.9322013855,36.9322013855,36.5835876465,0,36.5835876465,36.5835876465,1
739,63,0,0.001,0,0.25,0.5,36.8593559265,0,36.8593559265,36.8593559265,36.5523681641,0,36.5523681641,36.5523681641,1
740,78,0,0.001,0.0001,0.25,0.5,36.8385429382,0,36.8385429382,36.8385429382,36.7084655762,0,36.7084655762,36.7084655762,1
741,1192,64,0.001,0.01,0.5,0.3,36.8177337646,0,36.8177337646,36.8177337646,36.3858680725,0,36.3858680725,36.3858680725,1
742,683,8,0.0001,0.0001,0.5,0.5,36.8021202087,0,36.8021202087,36.8021202087,36.7344779968,0,36.7344779968,36.7344779968,1
743,349,2,0.0001,0.01,0.25,0.7,36.7917137146,0,36.7917137146,36.7917137146,36.8333396912,0,36.8333396912,36.8333396912,1
744,1166,64,0.001,0.0001,0.75,0.1,36.7917137146,0,36.7917137146,36.7917137146,36.3858680725,0,36.3858680725,36.3858680725,1
745,334,2,0.0001,0.001,0.25,0.7,36.7865104675,0,36.7865104675,36.7865104675,36.9009819031,0,36.9009819031,36.9009819031,1
746,319,2,0.0001,0.0001,0.25,0.7,36.7761077881,0,36.7761077881,36.7761077881,36.9269981384,0,36.9269981384,36.9269981384,1
747,93,0,0.001,0.001,0.25,0.5,36.770904541,0,36.770904541,36.770904541,36.5211524963,0,36.5211524963,36.5211524963,1
748,698,8,0.0001,0.001,0.5,0.5,36.770904541,0,36.770904541,36.770904541,36.7084655762,0,36.7084655762,36.7084655762,1
749,887,16,0.0001,0.01,0.25,0.3,36.770904541,0,36.770904541,36.770904541,36.3910713196,0,36.3910713196,36.3910713196,1
750,304,2,0.0001,0,0.25,0.7,36.7657012939,0,36.7657012939,36.7657012939,36.9165916443,0,36.9165916443,36.9165916443,1
751,1005,32,0.001,0.001,0.75,0.9,36.7604980469,0,36.7604980469,36.7604980469,36.5055427551,0,36.5055427551,36.5055427551,1
752,668,8,0.0001,0,0.5,0.5,36.7552947998,0,36.7552947998,36.7552947998,36.7084655762,0,36.7084655762,36.7084655762,1
753,1181,64,0.001,0.001,0.75,0.1,36.7344779968,0,36.7344779968,36.7344779968,36.3806648254,0,36.3806648254,36.3806648254,1
754,1193,64,0.001,0.01,0.5,0.5,36.7188720703,0,36.7188720703,36.7188720703,36.5523681641,0,36.5523681641,36.5523681641,1
755,664,8,0.0001,0,0.25,0.7,36.7084655762,0,36.7084655762,36.7084655762,36.4222869873,0,36.4222869873,36.4222869873,1
756,679,8,0.0001,0.0001,0.25,0.7,36.7032623291,0,36.7032623291,36.7032623291,36.4170875549,0,36.4170875549,36.4170875549,1
757,15,0,0.01,0,0.75,0.9,36.6824493408,0,36.6824493408,36.6824493408,36.3442420959,0,36.3442420959,36.3442420959,1
758,694,8,0.0001,0.001,0.25,0.7,36.6772460938,0,36.6772460938,36.6772460938,36.4170875549,0,36.4170875549,36.4170875549,1
759,713,8,0.0001,0.01,0.5,0.5,36.6616363525,0,36.6616363525,36.6616363525,36.547164917,0,36.547164917,36.547164917,1
760,1171,64,0.001,0.001,0.25,0.1,36.6616363525,0,36.6616363525,36.6616363525,36.6148071289,0,36.6148071289,36.6148071289,1
761,29,0,0.01,0.0001,0.75,0.7,36.6356201172,0,36.6356201172,36.6356201172,36.1881446838,0,36.1881446838,36.1881446838,1
762,1141,64,0.001,0,0.25,0.1,36.6356201172,0,36.6356201172,36.6356201172,36.5159492493,0,36.5159492493,36.5159492493,1
763,1156,64,0.001,0.0001,0.25,0.1,36.6356201172,0,36.6356201172,36.6356201172,36.5107460022,0,36.5107460022,36.5107460022,1
764,110,0,0.001,0.01,0.25,0.9,36.620010376,0,36.620010376,36.620010376,36.1725349426,0,36.1725349426,36.1725349426,1
765,30,0,0.01,0.0001,0.75,0.9,36.5887908936,0,36.5887908936,36.5887908936,36.2870063782,0,36.2870063782,36.2870063782,1
766,1180,64,0.001,0.001,0.5,0.9,36.573184967,0,36.573184967,36.573184967,36.2974128723,0,36.2974128723,36.2974128723,1
767,1109,64,0.01,0.0001,0.75,0.7,36.5575714111,0,36.5575714111,36.5575714111,36.3442420959,0,36.3442420959,36.3442420959,1
768,1175,64,0.001,0.001,0.25,0.9,36.5419616699,0,36.5419616699,36.5419616699,36.3338356018,0,36.3338356018,36.3338356018,1
769,55,0,0.01,0.01,0.5,0.9,36.5367584229,0,36.5367584229,36.5367584229,36.1777381897,0,36.1777381897,36.1777381897,1
770,1183,64,0.001,0.001,0.75,0.5,36.5315551758,0,36.5315551758,36.5315551758,36.3026161194,0,36.3026161194,36.3026161194,1
771,1122,64,0.01,0.001,0.75,0.3,36.5263519287,0,36.5263519287,36.5263519287,36.1309127808,0,36.1309127808,36.1309127808,1
772,1094,64,0.01,0,0.75,0.7,36.5211524963,0,36.5211524963,36.5211524963,36.3702583313,0,36.3702583313,36.3702583313,1
773,1115,64,0.01,0.001,0.25,0.9,36.5211524963,0,36.5211524963,36.5211524963,36.349445343,0,36.349445343,36.349445343,1
774,1093,64,0.01,0,0.75,0.5,36.5159492493,0,36.5159492493,36.5159492493,36.2818031311,0,36.2818031311,36.2818031311,1
775,1091,64,0.01,0,0.75,0.1,36.5107460022,0,36.5107460022,36.5107460022,36.2193641663,0,36.2193641663,36.2193641663,1
776,44,0,0.01,0.001,0.75,0.7,36.5055427551,0,36.5055427551,36.5055427551,36.1569290161,0,36.1569290161,36.1569290161,1
777,98,0,0.001,0.001,0.5,0.5,36.5055427551,0,36.5055427551,36.5055427551,35.6990470886,0,35.6990470886,35.6990470886,1
778,1092,64,0.01,0,0.75,0.3,36.5055427551,0,36.5055427551,36.5055427551,36.1205024719,0,36.1205024719,36.1205024719,1
779,1121,64,0.01,0.001,0.75,0.1,36.5055427551,0,36.5055427551,36.5055427551,36.0840835571,0,36.0840835571,36.0840835571,1
780,1124,64,0.01,0.001,0.75,0.7,36.5055427551,0,36.5055427551,36.5055427551,36.3078193665,0,36.3078193665,36.3078193665,1
781,1108,64,0.01,0.0001,0.75,0.5,36.5003395081,0,36.5003395081,36.5003395081,36.2661972046,0,36.2661972046,36.2661972046,1
782,68,0,0.001,0,0.5,0.5,36.4899291992,0,36.4899291992,36.4899291992,35.7718925476,0,35.7718925476,35.7718925476,1
783,709,8,0.0001,0.01,0.25,0.7,36.4847259521,0,36.4847259521,36.4847259521,36.2349739075,0,36.2349739075,36.2349739075,1
784,1106,64,0.01,0.0001,0.75,0.1,36.4691200256,0,36.4691200256,36.4691200256,36.1205024719,0,36.1205024719,36.1205024719,1
785,1107,64,0.01,0.0001,0.75,0.3,36.4639167786,0,36.4639167786,36.4639167786,36.1152992249,0,36.1152992249,36.1152992249,1
786,108,0,0.001,0.01,0.25,0.5,36.4535102844,0,36.4535102844,36.4535102844,36.1985549927,0,36.1985549927,36.1985549927,1
787,83,0,0.001,0.0001,0.5,0.5,36.4431037903,0,36.4431037903,36.4431037903,35.6990470886,0,35.6990470886,35.6990470886,1
788,1123,64,0.01,0.001,0.75,0.5,36.4326934814,0,36.4326934814,36.4326934814,36.1673316956,0,36.1673316956,36.1673316956,1
789,1143,64,0.001,0,0.25,0.5,36.4170875549,0,36.4170875549,36.4170875549,36.2505836487,0,36.2505836487,36.2505836487,1
790,1167,64,0.001,0.0001,0.75,0.3,36.4170875549,0,36.4170875549,36.4170875549,36.2818031311,0,36.2818031311,36.2818031311,1
791,13,0,0.01,0,0.75,0.5,36.4118843079,0,36.4118843079,36.4118843079,35.9227828979,0,35.9227828979,35.9227828979,1
792,1177,64,0.001,0.001,0.5,0.3,36.4118843079,0,36.4118843079,36.4118843079,36.2401771545,0,36.2401771545,36.2401771545,1
793,504,4,0.0001,0.0001,0.5,0.7,36.4066810608,0,36.4066810608,36.4066810608,36.3806648254,0,36.3806648254,36.3806648254,1
794,489,4,0.0001,0,0.5,0.7,36.4014778137,0,36.4014778137,36.4014778137,36.3858680725,0,36.3858680725,36.3858680725,1
795,1158,64,0.001,0.0001,0.25,0.5,36.4014778137,0,36.4014778137,36.4014778137,36.2557907104,0,36.2557907104,36.2557907104,1
796,28,0,0.01,0.0001,0.75,0.5,36.3962745667,0,36.3962745667,36.3962745667,35.8083114624,0,35.8083114624,35.8083114624,1
797,1152,64,0.001,0,0.75,0.3,36.3962745667,0,36.3962745667,36.3962745667,36.2401771545,0,36.2401771545,36.2401771545,1
798,1173,64,0.001,0.001,0.25,0.5,36.3858680725,0,36.3858680725,36.3858680725,36.1933517456,0,36.1933517456,36.1933517456,1
799,1163,64,0.001,0.0001,0.5,0.5,36.3806648254,0,36.3806648254,36.3806648254,36.2297706604,0,36.2297706604,36.2297706604,1
800,1116,64,0.01,0.001,0.5,0.1,36.3754615784,0,36.3754615784,36.3754615784,36.0892868042,0,36.0892868042,36.0892868042,1
801,1174,64,0.001,0.001,0.25,0.7,36.3650550842,0,36.3650550842,36.3650550842,36.3182258606,0,36.3182258606,36.3182258606,1
802,1182,64,0.001,0.001,0.75,0.3,36.3650550842,0,36.3650550842,36.3650550842,36.2297706604,0,36.2297706604,36.2297706604,1
803,1169,64,0.001,0.0001,0.75,0.7,36.3546485901,0,36.3546485901,36.3546485901,35.9696121216,0,35.9696121216,35.9696121216,1
804,519,4,0.0001,0.001,0.5,0.7,36.349445343,0,36.349445343,36.349445343,36.3234291077,0,36.3234291077,36.3234291077,1
805,1154,64,0.001,0,0.75,0.7,36.3286323547,0,36.3286323547,36.3286323547,35.9487991333,0,35.9487991333,35.9487991333,1
806,1160,64,0.001,0.0001,0.25,0.9,36.3234291077,0,36.3234291077,36.3234291077,36.1985549927,0,36.1985549927,36.1985549927,1
807,1172,64,0.001,0.001,0.25,0.3,36.3234291077,0,36.3234291077,36.3234291077,36.2505836487,0,36.2505836487,36.2505836487,1
808,1101,64,0.01,0.0001,0.5,0.1,36.3130226135,0,36.3130226135,36.3130226135,36.0996932983,0,36.0996932983,36.0996932983,1
809,846,16,0.0001,0,0.5,0.1,36.3078193665,0,36.3078193665,36.3078193665,35.927986145,0,35.927986145,35.927986145,1
810,861,16,0.0001,0.0001,0.5,0.1,36.2974128723,0,36.2974128723,36.2974128723,35.927986145,0,35.927986145,35.927986145,1
811,876,16,0.0001,0.001,0.5,0.1,36.2922096252,0,36.2922096252,36.2922096252,35.9123764038,0,35.9123764038,35.9123764038,1
812,1142,64,0.001,0,0.25,0.3,36.2922096252,0,36.2922096252,36.2922096252,36.276599884,0,36.276599884,36.276599884,1
813,1168,64,0.001,0.0001,0.75,0.5,36.2870063782,0,36.2870063782,36.2870063782,35.9019737244,0,35.9019737244,35.9019737244,1
814,1153,64,0.001,0,0.75,0.5,36.2818031311,0,36.2818031311,36.2818031311,35.8863639832,0,35.8863639832,35.8863639832,1
815,1161,64,0.001,0.0001,0.5,0.1,36.2818031311,0,36.2818031311,36.2818031311,36.1829414368,0,36.1829414368,36.1829414368,1
816,1157,64,0.001,0.0001,0.25,0.3,36.276599884,0,36.276599884,36.276599884,36.2870063782,0,36.2870063782,36.2870063782,1
817,1178,64,0.001,0.001,0.5,0.5,36.276599884,0,36.276599884,36.276599884,36.146522522,0,36.146522522,36.146522522,1
818,1179,64,0.001,0.001,0.5,0.7,36.276599884,0,36.276599884,36.276599884,36.1933517456,0,36.1933517456,36.1933517456,1
819,1184,64,0.001,0.001,0.75,0.7,36.276599884,0,36.276599884,36.276599884,35.9487991333,0,35.9487991333,35.9487991333,1
820,1146,64,0.001,0,0.5,0.1,36.2661972046,0,36.2661972046,36.2661972046,36.151725769,0,36.151725769,36.151725769,1
821,1176,64,0.001,0.001,0.5,0.1,36.2557907104,0,36.2557907104,36.2557907104,36.146522522,0,36.146522522,36.146522522,1
822,1086,64,0.01,0,0.5,0.1,36.2089614868,0,36.2089614868,36.2089614868,36.0632705688,0,36.0632705688,36.0632705688,1
823,1148,64,0.001,0,0.5,0.5,36.2089614868,0,36.2089614868,36.2089614868,36.0840835571,0,36.0840835571,36.0840835571,1
824,307,2,0.0001,0,0.5,0.3,36.2037582397,0,36.2037582397,36.2037582397,36.474319458,0,36.474319458,36.474319458,1
825,322,2,0.0001,0.0001,0.5,0.3,36.1933517456,0,36.1933517456,36.1933517456,36.4795227051,0,36.4795227051,36.4795227051,1
826,337,2,0.0001,0.001,0.5,0.3,36.1881446838,0,36.1881446838,36.1881446838,36.4639167786,0,36.4639167786,36.4639167786,1
827,1144,64,0.001,0,0.25,0.7,36.1881446838,0,36.1881446838,36.1881446838,36.0892868042,0,36.0892868042,36.0892868042,1
828,43,0,0.01,0.001,0.75,0.5,36.1829414368,0,36.1829414368,36.1829414368,35.7354698181,0,35.7354698181,35.7354698181,1
829,891,16,0.0001,0.01,0.5,0.1,36.1829414368,0,36.1829414368,36.1829414368,35.7510795593,0,35.7510795593,35.7510795593,1
830,353,2,0.0001,0.01,0.5,0.5,36.1777381897,0,36.1777381897,36.1777381897,36.5055427551,0,36.5055427551,36.5055427551,1
831,308,2,0.0001,0,0.5,0.5,36.1673316956,0,36.1673316956,36.1673316956,36.5419616699,0,36.5419616699,36.5419616699,1
832,1159,64,0.001,0.0001,0.25,0.7,36.1673316956,0,36.1673316956,36.1673316956,36.0788803101,0,36.0788803101,36.0788803101,1
833,323,2,0.0001,0.0001,0.5,0.5,36.1621322632,0,36.1621322632,36.1621322632,36.5315551758,0,36.5315551758,36.5315551758,1
834,534,4,0.0001,0.01,0.5,0.7,36.1569290161,0,36.1569290161,36.1569290161,36.073677063,0,36.073677063,36.073677063,1
835,840,16,0.001,0.01,0.75,0.9,36.1569290161,0,36.1569290161,36.1569290161,35.8759536743,0,35.8759536743,35.8759536743,1
836,338,2,0.0001,0.001,0.5,0.5,36.151725769,0,36.151725769,36.151725769,36.5939941406,0,36.5939941406,36.5939941406,1
837,1120,64,0.01,0.001,0.5,0.9,36.1361160278,0,36.1361160278,36.1361160278,35.9227828979,0,35.9227828979,35.9227828979,1
838,113,0,0.001,0.01,0.5,0.5,36.1205024719,0,36.1205024719,36.1205024719,35.5689659119,0,35.5689659119,35.5689659119,1
839,352,2,0.0001,0.01,0.5,0.3,36.1152992249,0,36.1152992249,36.1152992249,36.4170875549,0,36.4170875549,36.4170875549,1
840,115,0,0.001,0.01,0.5,0.9,36.1100997925,0,36.1100997925,36.1100997925,35.7458763123,0,35.7458763123,35.7458763123,1
841,1164,64,0.001,0.0001,0.5,0.7,36.1100997925,0,36.1100997925,36.1100997925,35.9904251099,0,35.9904251099,35.9904251099,1
842,1147,64,0.001,0,0.5,0.3,36.0996932983,0,36.0996932983,36.0996932983,36.000831604,0,36.000831604,36.000831604,1
843,1162,64,0.001,0.0001,0.5,0.3,36.0944900513,0,36.0944900513,36.0944900513,36.000831604,0,36.000831604,36.000831604,1
844,1149,64,0.001,0,0.5,0.7,36.0840835571,0,36.0840835571,36.0840835571,35.9904251099,0,35.9904251099,35.9904251099,1
845,1087,64,0.01,0,0.5,0.3,36.073677063,0,36.073677063,36.073677063,35.9904251099,0,35.9904251099,35.9904251099,1
846,1117,64,0.01,0.001,0.5,0.3,36.0580673218,0,36.0580673218,36.0580673218,35.9175796509,0,35.9175796509,35.9175796509,1
847,1097,64,0.01,0.0001,0.25,0.3,36.0528640747,0,36.0528640747,36.0528640747,36.0684738159,0,36.0684738159,36.0684738159,1
848,1102,64,0.01,0.0001,0.5,0.3,36.0528640747,0,36.0528640747,36.0528640747,35.9383926392,0,35.9383926392,35.9383926392,1
849,1082,64,0.01,0,0.25,0.3,36.0424575806,0,36.0424575806,36.0424575806,36.0840835571,0,36.0840835571,36.0840835571,1
850,1105,64,0.01,0.0001,0.5,0.9,36.0112380981,0,36.0112380981,36.0112380981,35.8967704773,0,35.8967704773,35.8967704773,1
851,1119,64,0.01,0.001,0.5,0.7,35.9904251099,0,35.9904251099,35.9904251099,35.725063324,0,35.725063324,35.725063324,1
852,1100,64,0.01,0.0001,0.25,0.9,35.9800186157,0,35.9800186157,35.9800186157,35.8759536743,0,35.8759536743,35.8759536743,1
853,1113,64,0.01,0.001,0.25,0.5,35.9748153687,0,35.9748153687,35.9748153687,35.9383926392,0,35.9383926392,35.9383926392,1
854,45,0,0.01,0.001,0.75,0.9,35.9592056274,0,35.9592056274,35.9592056274,35.6678276062,0,35.6678276062,35.6678276062,1
855,1089,64,0.01,0,0.5,0.7,35.9540061951,0,35.9540061951,35.9540061951,35.6157951355,0,35.6157951355,35.6157951355,1
856,873,16,0.0001,0.001,0.25,0.5,35.9487991333,0,35.9487991333,35.9487991333,35.8135147095,0,35.8135147095,35.8135147095,1
857,1104,64,0.01,0.0001,0.5,0.7,35.9487991333,0,35.9487991333,35.9487991333,35.5637626648,0,35.5637626648,35.5637626648,1
858,92,0,0.001,0.001,0.25,0.3,35.9435958862,0,35.9435958862,35.9435958862,35.8863639832,0,35.8863639832,35.8863639832,1
859,858,16,0.0001,0.0001,0.25,0.5,35.927986145,0,35.927986145,35.927986145,35.8655471802,0,35.8655471802,35.8655471802,1
860,1199,64,0.001,0.01,0.75,0.7,35.927986145,0,35.927986145,35.927986145,35.8499412537,0,35.8499412537,35.8499412537,1
861,843,16,0.0001,0,0.25,0.5,35.9227828979,0,35.9227828979,35.9227828979,35.8447380066,0,35.8447380066,35.8447380066,1
862,1112,64,0.01,0.001,0.25,0.3,35.9175796509,0,35.9175796509,35.9175796509,35.9696121216,0,35.9696121216,35.9696121216,1
863,669,8,0.0001,0,0.5,0.7,35.9123764038,0,35.9123764038,35.9123764038,35.6574211121,0,35.6574211121,35.6574211121,1
864,684,8,0.0001,0.0001,0.5,0.7,35.9123764038,0,35.9123764038,35.9123764038,35.652217865,0,35.652217865,35.652217865,1
865,1145,64,0.001,0,0.25,0.9,35.9123764038,0,35.9123764038,35.9123764038,35.8811569214,0,35.8811569214,35.8811569214,1
866,1090,64,0.01,0,0.5,0.9,35.9019737244,0,35.9019737244,35.9019737244,35.8759536743,0,35.8759536743,35.8759536743,1
867,1165,64,0.001,0.0001,0.5,0.9,35.9019737244,0,35.9019737244,35.9019737244,35.7666893005,0,35.7666893005,35.7666893005,1
868,1015,32,0.001,0.01,0.5,0.9,35.8967704773,0,35.8967704773,35.8967704773,35.7146568298,0,35.7146568298,35.7146568298,1
869,1085,64,0.01,0,0.25,0.9,35.8967704773,0,35.8967704773,35.8967704773,35.7354698181,0,35.7354698181,35.7354698181,1
870,62,0,0.001,0,0.25,0.3,35.8915672302,0,35.8915672302,35.8915672302,35.7146568298,0,35.7146568298,35.7146568298,1
871,847,16,0.0001,0,0.5,0.3,35.8915672302,0,35.8915672302,35.8915672302,35.5117340088,0,35.5117340088,35.5117340088,1
872,877,16,0.0001,0.001,0.5,0.3,35.8863639832,0,35.8863639832,35.8863639832,35.4909210205,0,35.4909210205,35.4909210205,1
873,324,2,0.0001,0.0001,0.5,0.7,35.8811569214,0,35.8811569214,35.8811569214,36.0320510864,0,36.0320510864,36.0320510864,1
874,862,16,0.0001,0.0001,0.5,0.3,35.8811569214,0,35.8811569214,35.8811569214,35.5013237,0,35.5013237,35.5013237,1
875,309,2,0.0001,0,0.5,0.7,35.8759536743,0,35.8759536743,35.8759536743,36.0424575806,0,36.0424575806,36.0424575806,1
876,699,8,0.0001,0.001,0.5,0.7,35.8759536743,0,35.8759536743,35.8759536743,35.6314048767,0,35.6314048767,35.6314048767,1
877,1150,64,0.001,0,0.5,0.9,35.8603439331,0,35.8603439331,35.8603439331,35.7458763123,0,35.7458763123,35.7458763123,1
878,888,16,0.0001,0.01,0.25,0.5,35.8343315125,0,35.8343315125,35.8343315125,35.7042503357,0,35.7042503357,35.7042503357,1
879,1081,64,0.01,0,0.25,0.1,35.8343315125,0,35.8343315125,35.8343315125,35.7406730652,0,35.7406730652,35.7406730652,1
880,339,2,0.0001,0.001,0.5,0.7,35.8291282654,0,35.8291282654,35.8291282654,36.0372543335,0,36.0372543335,36.0372543335,1
881,1130,64,0.01,0.01,0.25,0.9,35.8187179565,0,35.8187179565,35.8187179565,35.7458763123,0,35.7458763123,35.7458763123,1
882,1096,64,0.01,0.0001,0.25,0.1,35.8135147095,0,35.8135147095,35.8135147095,35.7770957947,0,35.7770957947,35.7770957947,1
883,351,2,0.0001,0.01,0.5,0.1,35.80311203,0,35.80311203,35.80311203,36.0788803101,0,36.0788803101,36.0788803101,1
884,892,16,0.0001,0.01,0.5,0.3,35.797908783,0,35.797908783,35.797908783,35.4388885498,0,35.4388885498,35.4388885498,1
885,321,2,0.0001,0.0001,0.5,0.1,35.7875022888,0,35.7875022888,35.7875022888,36.0996932983,0,36.0996932983,36.0996932983,1
886,107,0,0.001,0.01,0.25,0.3,35.7822990417,0,35.7822990417,35.7822990417,35.6262016296,0,35.6262016296,35.6262016296,1
887,306,2,0.0001,0,0.5,0.1,35.7770957947,0,35.7770957947,35.7770957947,36.0944900513,0,36.0944900513,36.0944900513,1
888,336,2,0.0001,0.001,0.5,0.1,35.7666893005,0,35.7666893005,35.7666893005,36.0892868042,0,36.0892868042,36.0892868042,1
889,1118,64,0.01,0.001,0.5,0.5,35.7666893005,0,35.7666893005,35.7666893005,35.6990470886,0,35.6990470886,35.6990470886,1
890,1088,64,0.01,0,0.5,0.5,35.7614860535,0,35.7614860535,35.7614860535,35.6730308533,0,35.6730308533,35.6730308533,1
891,77,0,0.001,0.0001,0.25,0.3,35.7510795593,0,35.7510795593,35.7510795593,35.6105918884,0,35.6105918884,35.6105918884,1
892,1098,64,0.01,0.0001,0.25,0.5,35.730266571,0,35.730266571,35.730266571,35.5741691589,0,35.5741691589,35.5741691589,1
893,1083,64,0.01,0,0.25,0.5,35.7198600769,0,35.7198600769,35.7198600769,35.5741691589,0,35.5741691589,35.5741691589,1
894,1103,64,0.01,0.0001,0.5,0.5,35.6990470886,0,35.6990470886,35.6990470886,35.6834373474,0,35.6834373474,35.6834373474,1
895,1114,64,0.01,0.001,0.25,0.7,35.6626243591,0,35.6626243591,35.6626243591,35.5013237,0,35.5013237,35.5013237,1
896,82,0,0.001,0.0001,0.5,0.3,35.6574211121,0,35.6574211121,35.6574211121,35.0382423401,0,35.0382423401,35.0382423401,1
897,1095,64,0.01,0,0.75,0.9,35.652217865,0,35.652217865,35.652217865,35.5637626648,0,35.5637626648,35.5637626648,1
898,1099,64,0.01,0.0001,0.25,0.7,35.6418151855,0,35.6418151855,35.6418151855,35.5429534912,0,35.5429534912,35.5429534912,1
899,1110,64,0.01,0.0001,0.75,0.9,35.6314048767,0,35.6314048767,35.6314048767,35.5949859619,0,35.5949859619,35.5949859619,1
900,1084,64,0.01,0,0.25,0.7,35.6157951355,0,35.6157951355,35.6157951355,35.5429534912,0,35.5429534912,35.5429534912,1
901,1125,64,0.01,0.001,0.75,0.9,35.6001853943,0,35.6001853943,35.6001853943,35.5429534912,0,35.5429534912,35.5429534912,1
902,354,2,0.0001,0.01,0.5,0.7,35.5897827148,0,35.5897827148,35.5897827148,35.927986145,0,35.927986145,35.927986145,1
903,61,0,0.001,0,0.25,0.1,35.5741691589,0,35.5741691589,35.5741691589,35.4128723145,0,35.4128723145,35.4128723145,1
904,97,0,0.001,0.001,0.5,0.3,35.5741691589,0,35.5741691589,35.5741691589,35.1162910461,0,35.1162910461,35.1162910461,1
905,714,8,0.0001,0.01,0.5,0.7,35.5741691589,0,35.5741691589,35.5741691589,35.3660430908,0,35.3660430908,35.3660430908,1
906,701,8,0.0001,0.001,0.75,0.1,35.5637626648,0,35.5637626648,35.5637626648,35.3660430908,0,35.3660430908,35.3660430908,1
907,14,0,0.01,0,0.75,0.7,35.5533561707,0,35.5533561707,35.5533561707,35.1214942932,0,35.1214942932,35.1214942932,1
908,671,8,0.0001,0,0.75,0.1,35.5533561707,0,35.5533561707,35.5533561707,35.3712463379,0,35.3712463379,35.3712463379,1
909,686,8,0.0001,0.0001,0.75,0.1,35.5533561707,0,35.5533561707,35.5533561707,35.376449585,0,35.376449585,35.376449585,1
910,672,8,0.0001,0,0.75,0.3,35.5481529236,0,35.5481529236,35.5481529236,35.1319007874,0,35.1319007874,35.1319007874,1
911,687,8,0.0001,0.0001,0.75,0.3,35.5481529236,0,35.5481529236,35.5481529236,35.1162910461,0,35.1162910461,35.1162910461,1
912,716,8,0.0001,0.01,0.75,0.1,35.5429534912,0,35.5429534912,35.5429534912,35.2931976318,0,35.2931976318,35.2931976318,1
913,702,8,0.0001,0.001,0.75,0.3,35.5169372559,0,35.5169372559,35.5169372559,35.1214942932,0,35.1214942932,35.1214942932,1
914,76,0,0.001,0.0001,0.25,0.1,35.4961204529,0,35.4961204529,35.4961204529,35.3296203613,0,35.3296203613,35.3296203613,1
915,42,0,0.01,0.001,0.75,0.3,35.4857177734,0,35.4857177734,35.4857177734,35.0018196106,0,35.0018196106,35.0018196106,1
916,67,0,0.001,0,0.5,0.3,35.4805145264,0,35.4805145264,35.4805145264,34.9393806458,0,34.9393806458,34.9393806458,1
917,112,0,0.001,0.01,0.5,0.3,35.4805145264,0,35.4805145264,35.4805145264,35.0174293518,0,35.0174293518,35.0174293518,1
918,492,4,0.0001,0,0.75,0.3,35.454498291,0,35.454498291,35.454498291,35.2879981995,0,35.2879981995,35.2879981995,1
919,507,4,0.0001,0.0001,0.75,0.3,35.4492950439,0,35.4492950439,35.4492950439,35.303604126,0,35.303604126,35.303604126,1
920,522,4,0.0001,0.001,0.75,0.3,35.4388885498,0,35.4388885498,35.4388885498,35.2931976318,0,35.2931976318,35.2931976318,1
921,91,0,0.001,0.001,0.25,0.1,35.4284820557,0,35.4284820557,35.4284820557,35.2203559875,0,35.2203559875,35.2203559875,1
922,717,8,0.0001,0.01,0.75,0.3,35.3868560791,0,35.3868560791,35.3868560791,34.9914131165,0,34.9914131165,34.9914131165,1
923,537,4,0.0001,0.01,0.75,0.3,35.3556365967,0,35.3556365967,35.3556365967,35.3400306702,0,35.3400306702,35.3400306702,1
924,521,4,0.0001,0.001,0.75,0.1,35.3348236084,0,35.3348236084,35.3348236084,35.1371002197,0,35.1371002197,35.1371002197,1
925,536,4,0.0001,0.01,0.75,0.1,35.3296203613,0,35.3296203613,35.3296203613,35.0798683167,0,35.0798683167,35.0798683167,1
926,41,0,0.01,0.001,0.75,0.1,35.3244171143,0,35.3244171143,35.3244171143,34.9289741516,0,34.9289741516,34.9289741516,1
927,106,0,0.001,0.01,0.25,0.1,35.3244171143,0,35.3244171143,35.3244171143,35.0954780579,0,35.0954780579,35.0954780579,1
928,1155,64,0.001,0,0.75,0.9,35.3244171143,0,35.3244171143,35.3244171143,35.3972625732,0,35.3972625732,35.3972625732,1
929,491,4,0.0001,0,0.75,0.1,35.3140106201,0,35.3140106201,35.3140106201,35.1527137756,0,35.1527137756,35.1527137756,1
930,506,4,0.0001,0.0001,0.75,0.1,35.308807373,0,35.308807373,35.308807373,35.1683235168,0,35.1683235168,35.1683235168,1
931,1170,64,0.001,0.0001,0.75,0.9,35.303604126,0,35.303604126,35.303604126,35.3608398438,0,35.3608398438,35.3608398438,1
932,12,0,0.01,0,0.75,0.3,35.2671813965,0,35.2671813965,35.2671813965,35.1266975403,0,35.1266975403,35.1266975403,1
933,673,8,0.0001,0,0.75,0.5,35.2671813965,0,35.2671813965,35.2671813965,34.8561325073,0,34.8561325073,34.8561325073,1
934,493,4,0.0001,0,0.75,0.5,35.2567749023,0,35.2567749023,35.2567749023,35.0486488342,0,35.0486488342,35.0486488342,1
935,11,0,0.01,0,0.75,0.1,35.2515716553,0,35.2515716553,35.2515716553,34.8509292603,0,34.8509292603,34.8509292603,1
936,26,0,0.01,0.0001,0.75,0.1,35.2515716553,0,35.2515716553,35.2515716553,34.8145065308,0,34.8145065308,34.8145065308,1
937,523,4,0.0001,0.001,0.75,0.5,35.2515716553,0,35.2515716553,35.2515716553,35.0590553284,0,35.0590553284,35.0590553284,1
938,703,8,0.0001,0.001,0.75,0.5,35.2515716553,0,35.2515716553,35.2515716553,34.8509292603,0,34.8509292603,34.8509292603,1
939,688,8,0.0001,0.0001,0.75,0.5,35.2463684082,0,35.2463684082,35.2463684082,34.8613357544,0,34.8613357544,34.8613357544,1
940,508,4,0.0001,0.0001,0.75,0.5,35.2411651611,0,35.2411651611,35.2411651611,35.0226325989,0,35.0226325989,35.0226325989,1
941,863,16,0.0001,0.0001,0.5,0.5,35.2411651611,0,35.2411651611,35.2411651611,34.9237747192,0,34.9237747192,34.9237747192,1
942,27,0,0.01,0.0001,0.75,0.3,35.2359657288,0,35.2359657288,35.2359657288,35.0486488342,0,35.0486488342,35.0486488342,1
943,848,16,0.0001,0,0.5,0.5,35.2307624817,0,35.2307624817,35.2307624817,34.9185714722,0,34.9185714722,34.9185714722,1
944,878,16,0.0001,0.001,0.5,0.5,35.2307624817,0,35.2307624817,35.2307624817,34.9185714722,0,34.9185714722,34.9185714722,1
945,1036,32,0.0001,0.0001,0.25,0.1,35.1943359375,0,35.1943359375,35.1943359375,34.8405227661,0,34.8405227661,34.8405227661,1
946,1051,32,0.0001,0.001,0.25,0.1,35.1891326904,0,35.1891326904,35.1891326904,34.8561325073,0,34.8561325073,34.8561325073,1
947,893,16,0.0001,0.01,0.5,0.5,35.178730011,0,35.178730011,35.178730011,34.9810066223,0,34.9810066223,34.9810066223,1
948,1021,32,0.0001,0,0.25,0.1,35.178730011,0,35.178730011,35.178730011,34.8405227661,0,34.8405227661,34.8405227661,1
949,538,4,0.0001,0.01,0.75,0.5,35.1579170227,0,35.1579170227,35.1579170227,34.960193634,0,34.960193634,34.960193634,1
950,96,0,0.001,0.001,0.5,0.1,35.0798683167,0,35.0798683167,35.0798683167,34.7936935425,0,34.7936935425,34.7936935425,1
951,66,0,0.001,0,0.5,0.1,35.0694618225,0,35.0694618225,35.0694618225,34.6271896362,0,34.6271896362,34.6271896362,1
952,1066,32,0.0001,0.01,0.25,0.1,35.0694618225,0,35.0694618225,35.0694618225,34.757270813,0,34.757270813,34.757270813,1
953,718,8,0.0001,0.01,0.75,0.5,35.0590553284,0,35.0590553284,35.0590553284,34.6896286011,0,34.6896286011,34.6896286011,1
954,81,0,0.001,0.0001,0.5,0.1,35.0538520813,0,35.0538520813,35.0538520813,34.6896286011,0,34.6896286011,34.6896286011,1
955,1185,64,0.001,0.001,0.75,0.9,35.0538520813,0,35.0538520813,35.0538520813,35.0694618225,0,35.0694618225,35.0694618225,1
956,111,0,0.001,0.01,0.5,0.1,35.0278396606,0,35.0278396606,35.0278396606,34.5647544861,0,34.5647544861,34.5647544861,1
957,1135,64,0.01,0.01,0.5,0.9,34.9862098694,0,34.9862098694,34.9862098694,34.8457260132,0,34.8457260132,34.8457260132,1
958,1022,32,0.0001,0,0.25,0.3,34.954990387,0,34.954990387,34.954990387,34.5803604126,0,34.5803604126,34.5803604126,1
959,1052,32,0.0001,0.001,0.25,0.3,34.9497871399,0,34.9497871399,34.9497871399,34.5127220154,0,34.5127220154,34.5127220154,1
960,1037,32,0.0001,0.0001,0.25,0.3,34.9445838928,0,34.9445838928,34.9445838928,34.6480026245,0,34.6480026245,34.6480026245,1
961,1067,32,0.0001,0.01,0.25,0.3,34.9393806458,0,34.9393806458,34.9393806458,34.5907669067,0,34.5907669067,34.5907669067,1
962,960,32,0.01,0.01,0.75,0.9,34.9289741516,0,34.9289741516,34.9289741516,34.9289741516,0,34.9289741516,34.9289741516,1
963,1190,64,0.001,0.01,0.25,0.9,34.8457260132,0,34.8457260132,34.8457260132,34.7260513306,0,34.7260513306,34.7260513306,1
964,56,0,0.01,0.01,0.75,0.1,34.8041000366,0,34.8041000366,34.8041000366,34.7520675659,0,34.7520675659,34.7520675659,1
965,57,0,0.01,0.01,0.75,0.3,34.7728805542,0,34.7728805542,34.7728805542,34.3097991943,0,34.3097991943,34.3097991943,1
966,844,16,0.0001,0,0.25,0.7,34.6792221069,0,34.6792221069,34.6792221069,34.5491447449,0,34.5491447449,34.5491447449,1
967,859,16,0.0001,0.0001,0.25,0.7,34.6792221069,0,34.6792221069,34.6792221069,34.5439414978,0,34.5439414978,34.5439414978,1
968,1068,32,0.0001,0.01,0.25,0.5,34.6740188599,0,34.6740188599,34.6740188599,34.3722343445,0,34.3722343445,34.3722343445,1
969,1053,32,0.0001,0.001,0.25,0.5,34.6636161804,0,34.6636161804,34.6636161804,34.3462181091,0,34.3462181091,34.3462181091,1
970,494,4,0.0001,0,0.75,0.7,34.6584129333,0,34.6584129333,34.6584129333,34.5335350037,0,34.5335350037,34.5335350037,1
971,509,4,0.0001,0.0001,0.75,0.7,34.6584129333,0,34.6584129333,34.6584129333,34.5231246948,0,34.5231246948,34.5231246948,1
972,874,16,0.0001,0.001,0.25,0.7,34.6584129333,0,34.6584129333,34.6584129333,34.5491447449,0,34.5491447449,34.5491447449,1
973,524,4,0.0001,0.001,0.75,0.7,34.6427993774,0,34.6427993774,34.6427993774,34.5075187683,0,34.5075187683,34.5075187683,1
974,889,16,0.0001,0.01,0.25,0.7,34.6323928833,0,34.6323928833,34.6323928833,34.5023155212,0,34.5023155212,34.5023155212,1
975,1026,32,0.0001,0,0.5,0.1,34.6219863892,0,34.6219863892,34.6219863892,34.262966156,0,34.262966156,34.262966156,1
976,1041,32,0.0001,0.0001,0.5,0.1,34.6219863892,0,34.6219863892,34.6219863892,34.2733726501,0,34.2733726501,34.2733726501,1
977,58,0,0.01,0.01,0.75,0.5,34.6063804626,0,34.6063804626,34.6063804626,34.4190635681,0,34.4190635681,34.4190635681,1
978,1056,32,0.0001,0.001,0.5,0.1,34.6011772156,0,34.6011772156,34.6011772156,34.283782959,0,34.283782959,34.283782959,1
979,89,0,0.001,0.0001,0.75,0.7,34.5959739685,0,34.5959739685,34.5959739685,34.1589050293,0,34.1589050293,34.1589050293,1
980,1020,32,0.001,0.01,0.75,0.9,34.5907669067,0,34.5907669067,34.5907669067,34.5491447449,0,34.5491447449,34.5491447449,1
981,1023,32,0.0001,0,0.25,0.5,34.5803604126,0,34.5803604126,34.5803604126,34.2577667236,0,34.2577667236,34.2577667236,1
982,1038,32,0.0001,0.0001,0.25,0.5,34.5803604126,0,34.5803604126,34.5803604126,34.262966156,0,34.262966156,34.262966156,1
983,1071,32,0.0001,0.01,0.5,0.1,34.559551239,0,34.559551239,34.559551239,34.2733726501,0,34.2733726501,34.2733726501,1
984,75,0,0.001,0,0.75,0.9,34.5491447449,0,34.5491447449,34.5491447449,34.3982505798,0,34.3982505798,34.3982505798,1
985,90,0,0.001,0.0001,0.75,0.9,34.5023155212,0,34.5023155212,34.5023155212,34.3514251709,0,34.3514251709,34.3514251709,1
986,539,4,0.0001,0.01,0.75,0.7,34.48670578,0,34.48670578,34.48670578,34.4294700623,0,34.4294700623,34.4294700623,1
987,59,0,0.01,0.01,0.75,0.7,34.4762992859,0,34.4762992859,34.4762992859,34.1953277588,0,34.1953277588,34.1953277588,1
988,105,0,0.001,0.001,0.75,0.9,34.4554862976,0,34.4554862976,34.4554862976,34.3045959473,0,34.3045959473,34.3045959473,1
989,1072,32,0.0001,0.01,0.5,0.3,34.4502830505,0,34.4502830505,34.4502830505,33.9195594788,0,33.9195594788,33.9195594788,1
990,74,0,0.001,0,0.75,0.7,34.4242668152,0,34.4242668152,34.4242668152,34.2941894531,0,34.2941894531,34.2941894531,1
991,851,16,0.0001,0,0.75,0.1,34.3774375916,0,34.3774375916,34.3774375916,34.2889862061,0,34.2889862061,34.2889862061,1
992,1027,32,0.0001,0,0.5,0.3,34.3774375916,0,34.3774375916,34.3774375916,33.9195594788,0,33.9195594788,33.9195594788,1
993,104,0,0.001,0.001,0.75,0.7,34.3722343445,0,34.3722343445,34.3722343445,34.2525634766,0,34.2525634766,34.2525634766,1
994,866,16,0.0001,0.0001,0.75,0.1,34.3722343445,0,34.3722343445,34.3722343445,34.283782959,0,34.283782959,34.283782959,1
995,1042,32,0.0001,0.0001,0.5,0.3,34.3722343445,0,34.3722343445,34.3722343445,33.9143562317,0,33.9143562317,33.9143562317,1
996,881,16,0.0001,0.001,0.75,0.1,34.3514251709,0,34.3514251709,34.3514251709,34.2733726501,0,34.2733726501,34.2733726501,1
997,1057,32,0.0001,0.001,0.5,0.3,34.3514251709,0,34.3514251709,34.3514251709,33.9091491699,0,33.9091491699,33.9091491699,1
998,313,2,0.0001,0,0.75,0.5,34.3462181091,0,34.3462181091,34.3462181091,34.3202018738,0,34.3202018738,34.3202018738,1
999,328,2,0.0001,0.0001,0.75,0.5,34.3462181091,0,34.3462181091,34.3462181091,34.3149986267,0,34.3149986267,34.3149986267,1
1000,343,2,0.0001,0.001,0.75,0.5,34.3410148621,0,34.3410148621,34.3410148621,34.3670310974,0,34.3670310974,34.3670310974,1
1001,674,8,0.0001,0,0.75,0.7,34.3045959473,0,34.3045959473,34.3045959473,34.2577667236,0,34.2577667236,34.2577667236,1
1002,689,8,0.0001,0.0001,0.75,0.7,34.3045959473,0,34.3045959473,34.3045959473,34.262966156,0,34.262966156,34.262966156,1
1003,358,2,0.0001,0.01,0.75,0.5,34.2577667236,0,34.2577667236,34.2577667236,34.3462181091,0,34.3462181091,34.3462181091,1
1004,704,8,0.0001,0.001,0.75,0.7,34.2577667236,0,34.2577667236,34.2577667236,34.2421569824,0,34.2421569824,34.2421569824,1
1005,896,16,0.0001,0.01,0.75,0.1,34.2577667236,0,34.2577667236,34.2577667236,34.2473602295,0,34.2473602295,34.2473602295,1
1006,327,2,0.0001,0.0001,0.75,0.3,34.2265472412,0,34.2265472412,34.2265472412,34.2993927002,0,34.2993927002,34.2993927002,1
1007,849,16,0.0001,0,0.5,0.7,34.2161369324,0,34.2161369324,34.2161369324,34.0548400879,0,34.0548400879,34.0548400879,1
1008,312,2,0.0001,0,0.75,0.3,34.2109336853,0,34.2109336853,34.2109336853,34.3045959473,0,34.3045959473,34.3045959473,1
1009,864,16,0.0001,0.0001,0.5,0.7,34.2109336853,0,34.2109336853,34.2109336853,34.065246582,0,34.065246582,34.065246582,1
1010,1028,32,0.0001,0,0.5,0.5,34.2109336853,0,34.2109336853,34.2109336853,33.8154945374,0,33.8154945374,33.8154945374,1
1011,1043,32,0.0001,0.0001,0.5,0.5,34.2109336853,0,34.2109336853,34.2109336853,33.8259010315,0,33.8259010315,33.8259010315,1
1012,1058,32,0.0001,0.001,0.5,0.5,34.2005310059,0,34.2005310059,34.2005310059,33.8206977844,0,33.8206977844,33.8206977844,1
1013,342,2,0.0001,0.001,0.75,0.3,34.1953277588,0,34.1953277588,34.1953277588,34.3202018738,0,34.3202018738,34.3202018738,1
1014,335,2,0.0001,0.001,0.25,0.9,34.1901245117,0,34.1901245117,34.1901245117,34.0392303467,0,34.0392303467,34.0392303467,1
1015,357,2,0.0001,0.01,0.75,0.3,34.1901245117,0,34.1901245117,34.1901245117,34.3097991943,0,34.3097991943,34.3097991943,1
1016,852,16,0.0001,0,0.75,0.3,34.1849212646,0,34.1849212646,34.1849212646,34.0496406555,0,34.0496406555,34.0496406555,1
1017,867,16,0.0001,0.0001,0.75,0.3,34.1849212646,0,34.1849212646,34.1849212646,34.0444374084,0,34.0444374084,34.0444374084,1
1018,879,16,0.0001,0.001,0.5,0.7,34.1849212646,0,34.1849212646,34.1849212646,34.060043335,0,34.060043335,34.060043335,1
1019,119,0,0.001,0.01,0.75,0.7,34.1797180176,0,34.1797180176,34.1797180176,33.9924049377,0,33.9924049377,33.9924049377,1
1020,305,2,0.0001,0,0.25,0.9,34.1641082764,0,34.1641082764,34.1641082764,34.0340270996,0,34.0340270996,34.0340270996,1
1021,320,2,0.0001,0.0001,0.25,0.9,34.1641082764,0,34.1641082764,34.1641082764,34.0340270996,0,34.0340270996,34.0340270996,1
1022,882,16,0.0001,0.001,0.75,0.3,34.1484985352,0,34.1484985352,34.1484985352,34.0340270996,0,34.0340270996,34.0340270996,1
1023,894,16,0.0001,0.01,0.5,0.7,34.1432952881,0,34.1432952881,34.1432952881,33.9039459229,0,33.9039459229,33.9039459229,1
1024,1073,32,0.0001,0.01,0.5,0.5,34.1432952881,0,34.1432952881,34.1432952881,33.7946815491,0,33.7946815491,33.7946815491,1
1025,897,16,0.0001,0.01,0.75,0.3,34.1276855469,0,34.1276855469,34.1276855469,34.0808563232,0,34.0808563232,34.0808563232,1
1026,719,8,0.0001,0.01,0.75,0.7,34.0964660645,0,34.0964660645,34.0964660645,34.0236206055,0,34.0236206055,34.0236206055,1
1027,883,16,0.0001,0.001,0.75,0.5,34.0964660645,0,34.0964660645,34.0964660645,33.8883399963,0,33.8883399963,33.8883399963,1
1028,853,16,0.0001,0,0.75,0.5,34.0808563232,0,34.0808563232,34.0808563232,33.8727302551,0,33.8727302551,33.8727302551,1
1029,868,16,0.0001,0.0001,0.75,0.5,34.0808563232,0,34.0808563232,34.0808563232,33.8727302551,0,33.8727302551,33.8727302551,1
1030,329,2,0.0001,0.0001,0.75,0.7,34.065246582,0,34.065246582,34.065246582,34.2005310059,0,34.2005310059,34.2005310059,1
1031,314,2,0.0001,0,0.75,0.7,34.060043335,0,34.060043335,34.060043335,34.2057342529,0,34.2057342529,34.2057342529,1
1032,344,2,0.0001,0.001,0.75,0.7,34.060043335,0,34.060043335,34.060043335,34.1849212646,0,34.1849212646,34.1849212646,1
1033,1195,64,0.001,0.01,0.5,0.9,34.0444374084,0,34.0444374084,34.0444374084,33.9195594788,0,33.9195594788,33.9195594788,1
1034,359,2,0.0001,0.01,0.75,0.7,33.9767913818,0,33.9767913818,33.9767913818,34.0912628174,0,34.0912628174,34.0912628174,1
1035,898,16,0.0001,0.01,0.75,0.5,33.9767913818,0,33.9767913818,33.9767913818,33.8259010315,0,33.8259010315,33.8259010315,1
1036,500,4,0.0001,0.0001,0.25,0.9,33.9507751465,0,33.9507751465,33.9507751465,33.789478302,0,33.789478302,33.789478302,1
1037,485,4,0.0001,0,0.25,0.9,33.9195594788,0,33.9195594788,33.9195594788,33.7946815491,0,33.7946815491,33.7946815491,1
1038,1201,64,0.0001,0,0.25,0.1,33.9143562317,0,33.9143562317,33.9143562317,33.5449295044,0,33.5449295044,33.5449295044,1
1039,73,0,0.001,0,0.75,0.5,33.9091491699,0,33.9091491699,33.9091491699,33.6593971252,0,33.6593971252,33.6593971252,1
1040,1216,64,0.0001,0.0001,0.25,0.1,33.9091491699,0,33.9091491699,33.9091491699,33.5709457397,0,33.5709457397,33.5709457397,1
1041,515,4,0.0001,0.001,0.25,0.9,33.8987464905,0,33.8987464905,33.8987464905,33.7530555725,0,33.7530555725,33.7530555725,1
1042,1231,64,0.0001,0.001,0.25,0.1,33.8987464905,0,33.8987464905,33.8987464905,33.5605392456,0,33.5605392456,33.5605392456,1
1043,1246,64,0.0001,0.01,0.25,0.1,33.8831367493,0,33.8831367493,33.8831367493,33.5397262573,0,33.5397262573,33.5397262573,1
1044,1054,32,0.0001,0.001,0.25,0.7,33.8571205139,0,33.8571205139,33.8571205139,33.7530555725,0,33.7530555725,33.7530555725,1
1045,1039,32,0.0001,0.0001,0.25,0.7,33.8467140198,0,33.8467140198,33.8467140198,33.7426528931,0,33.7426528931,33.7426528931,1
1046,350,2,0.0001,0.01,0.25,0.9,33.8415107727,0,33.8415107727,33.8415107727,33.6906204224,0,33.6906204224,33.6906204224,1
1047,1024,32,0.0001,0,0.25,0.7,33.8415107727,0,33.8415107727,33.8415107727,33.737449646,0,33.737449646,33.737449646,1
1048,88,0,0.001,0.0001,0.75,0.5,33.8102912903,0,33.8102912903,33.8102912903,33.6854171753,0,33.6854171753,33.6854171753,1
1049,103,0,0.001,0.001,0.75,0.5,33.7842750549,0,33.7842750549,33.7842750549,33.8415107727,0,33.8415107727,33.8415107727,1
1050,341,2,0.0001,0.001,0.75,0.1,33.7842750549,0,33.7842750549,33.7842750549,33.8779335022,0,33.8779335022,33.8779335022,1
1051,311,2,0.0001,0,0.75,0.1,33.7790718079,0,33.7790718079,33.7790718079,33.8467140198,0,33.8467140198,33.8467140198,1
1052,326,2,0.0001,0.0001,0.75,0.1,33.7686653137,0,33.7686653137,33.7686653137,33.8675270081,0,33.8675270081,33.8675270081,1
1053,118,0,0.001,0.01,0.75,0.5,33.7530555725,0,33.7530555725,33.7530555725,33.5657424927,0,33.5657424927,33.5657424927,1
1054,356,2,0.0001,0.01,0.75,0.1,33.7478523254,0,33.7478523254,33.7478523254,33.8883399963,0,33.8883399963,33.8883399963,1
1055,1069,32,0.0001,0.01,0.25,0.7,33.737449646,0,33.737449646,33.737449646,33.5033035278,0,33.5033035278,33.5033035278,1
1056,530,4,0.0001,0.01,0.25,0.9,33.5969581604,0,33.5969581604,33.5969581604,33.4096450806,0,33.4096450806,33.4096450806,1
1057,1032,32,0.0001,0,0.75,0.3,33.5917549133,0,33.5917549133,33.5917549133,33.2483482361,0,33.2483482361,33.2483482361,1
1058,1047,32,0.0001,0.0001,0.75,0.3,33.586555481,0,33.586555481,33.586555481,33.2483482361,0,33.2483482361,33.2483482361,1
1059,854,16,0.0001,0,0.75,0.7,33.5813522339,0,33.5813522339,33.5813522339,33.3784294128,0,33.3784294128,33.3784294128,1
1060,1062,32,0.0001,0.001,0.75,0.3,33.5813522339,0,33.5813522339,33.5813522339,33.2327346802,0,33.2327346802,33.2327346802,1
1061,869,16,0.0001,0.0001,0.75,0.7,33.5761489868,0,33.5761489868,33.5761489868,33.3784294128,0,33.3784294128,33.3784294128,1
1062,884,16,0.0001,0.001,0.75,0.7,33.5761489868,0,33.5761489868,33.5761489868,33.3628158569,0,33.3628158569,33.3628158569,1
1063,1077,32,0.0001,0.01,0.75,0.3,33.5761489868,0,33.5761489868,33.5761489868,33.1546897888,0,33.1546897888,33.1546897888,1
1064,1217,64,0.0001,0.0001,0.25,0.3,33.5761489868,0,33.5761489868,33.5761489868,33.2483482361,0,33.2483482361,33.2483482361,1
1065,1202,64,0.0001,0,0.25,0.3,33.5709457397,0,33.5709457397,33.5709457397,33.2483482361,0,33.2483482361,33.2483482361,1
1066,1232,64,0.0001,0.001,0.25,0.3,33.5605392456,0,33.5605392456,33.5605392456,33.2379417419,0,33.2379417419,33.2379417419,1
1067,310,2,0.0001,0,0.5,0.9,33.5345230103,0,33.5345230103,33.5345230103,33.4616775513,0,33.4616775513,33.4616775513,1
1068,325,2,0.0001,0.0001,0.5,0.9,33.5345230103,0,33.5345230103,33.5345230103,33.4564743042,0,33.4564743042,33.4564743042,1
1069,1076,32,0.0001,0.01,0.75,0.1,33.5241165161,0,33.5241165161,33.5241165161,33.4148483276,0,33.4148483276,33.4148483276,1
1070,340,2,0.0001,0.001,0.5,0.9,33.513710022,0,33.513710022,33.513710022,33.4252548218,0,33.4252548218,33.4252548218,1
1071,1031,32,0.0001,0,0.75,0.1,33.5085067749,0,33.5085067749,33.5085067749,33.4356613159,0,33.4356613159,33.4356613159,1
1072,1247,64,0.0001,0.01,0.25,0.3,33.5085067749,0,33.5085067749,33.5085067749,33.17029953,0,33.17029953,33.17029953,1
1073,1046,32,0.0001,0.0001,0.75,0.1,33.5033035278,0,33.5033035278,33.5033035278,33.4304618835,0,33.4304618835,33.4304618835,1
1074,1061,32,0.0001,0.001,0.75,0.1,33.5033035278,0,33.5033035278,33.5033035278,33.4148483276,0,33.4148483276,33.4148483276,1
1075,490,4,0.0001,0,0.5,0.9,33.4876937866,0,33.4876937866,33.4876937866,33.2119255066,0,33.2119255066,33.2119255066,1
1076,505,4,0.0001,0.0001,0.5,0.9,33.4824905396,0,33.4824905396,33.4824905396,33.2275352478,0,33.2275352478,33.2275352478,1
1077,665,8,0.0001,0,0.25,0.9,33.4824905396,0,33.4824905396,33.4824905396,33.2327346802,0,33.2327346802,33.2327346802,1
1078,680,8,0.0001,0.0001,0.25,0.9,33.4824905396,0,33.4824905396,33.4824905396,33.2327346802,0,33.2327346802,33.2327346802,1
1079,60,0,0.01,0.01,0.75,0.9,33.4772872925,0,33.4772872925,33.4772872925,33.1442832947,0,33.1442832947,33.1442832947,1
1080,520,4,0.0001,0.001,0.5,0.9,33.4772872925,0,33.4772872925,33.4772872925,33.2223320007,0,33.2223320007,33.2223320007,1
1081,899,16,0.0001,0.01,0.75,0.7,33.4720840454,0,33.4720840454,33.4720840454,33.2795677185,0,33.2795677185,33.2795677185,1
1082,695,8,0.0001,0.001,0.25,0.9,33.4616775513,0,33.4616775513,33.4616775513,33.243144989,0,33.243144989,33.243144989,1
1083,1063,32,0.0001,0.001,0.75,0.5,33.4252548218,0,33.4252548218,33.4252548218,33.0246086121,0,33.0246086121,33.0246086121,1
1084,1033,32,0.0001,0,0.75,0.5,33.3836326599,0,33.3836326599,33.3836326599,32.9361572266,0,32.9361572266,32.9361572266,1
1085,1048,32,0.0001,0.0001,0.75,0.5,33.3836326599,0,33.3836326599,33.3836326599,32.9309539795,0,32.9309539795,32.9309539795,1
1086,120,0,0.001,0.01,0.75,0.9,33.3576126099,0,33.3576126099,33.3576126099,33.2119255066,0,33.2119255066,33.2119255066,1
1087,710,8,0.0001,0.01,0.25,0.9,33.3576126099,0,33.3576126099,33.3576126099,32.9257507324,0,32.9257507324,32.9257507324,1
1088,72,0,0.001,0,0.75,0.3,33.3472061157,0,33.3472061157,33.3472061157,33.3628158569,0,33.3628158569,33.3628158569,1
1089,102,0,0.001,0.001,0.75,0.3,33.3055839539,0,33.3055839539,33.3055839539,33.4772872925,0,33.4772872925,33.4772872925,1
1090,355,2,0.0001,0.01,0.5,0.9,33.3003807068,0,33.3003807068,33.3003807068,33.0870475769,0,33.0870475769,33.0870475769,1
1091,1140,64,0.01,0.01,0.75,0.9,33.3003807068,0,33.3003807068,33.3003807068,33.1859092712,0,33.1859092712,33.1859092712,1
1092,1221,64,0.0001,0.0001,0.5,0.1,33.3003807068,0,33.3003807068,33.3003807068,32.8893280029,0,32.8893280029,32.8893280029,1
1093,1206,64,0.0001,0,0.5,0.1,33.295173645,0,33.295173645,33.295173645,32.8893280029,0,32.8893280029,32.8893280029,1
1094,1029,32,0.0001,0,0.5,0.7,33.2847671509,0,33.2847671509,33.2847671509,32.9621734619,0,32.9621734619,32.9621734619,1
1095,87,0,0.001,0.0001,0.75,0.3,33.2795677185,0,33.2795677185,33.2795677185,33.3107872009,0,33.3107872009,33.3107872009,1
1096,1078,32,0.0001,0.01,0.75,0.5,33.2795677185,0,33.2795677185,33.2795677185,32.8789215088,0,32.8789215088,32.8789215088,1
1097,1236,64,0.0001,0.001,0.5,0.1,33.2795677185,0,33.2795677185,33.2795677185,32.89453125,0,32.89453125,32.89453125,1
1098,1044,32,0.0001,0.0001,0.5,0.7,33.2743644714,0,33.2743644714,33.2743644714,32.9621734619,0,32.9621734619,32.9621734619,1
1099,1251,64,0.0001,0.01,0.5,0.1,33.2743644714,0,33.2743644714,33.2743644714,32.9257507324,0,32.9257507324,32.9257507324,1
1100,1059,32,0.0001,0.001,0.5,0.7,33.2535514832,0,33.2535514832,33.2535514832,32.9361572266,0,32.9361572266,32.9361572266,1
1101,117,0,0.001,0.01,0.75,0.3,33.2483482361,0,33.2483482361,33.2483482361,33.2327346802,0,33.2327346802,33.2327346802,1
1102,1248,64,0.0001,0.01,0.25,0.5,33.2379417419,0,33.2379417419,33.2379417419,33.0818443298,0,33.0818443298,33.0818443298,1
1103,1207,64,0.0001,0,0.5,0.3,33.2327346802,0,33.2327346802,33.2327346802,32.9257507324,0,32.9257507324,32.9257507324,1
1104,1233,64,0.0001,0.001,0.25,0.5,33.2327346802,0,33.2327346802,33.2327346802,33.0610351562,0,33.0610351562,33.0610351562,1
1105,1222,64,0.0001,0.0001,0.5,0.3,33.2275352478,0,33.2275352478,33.2275352478,32.9257507324,0,32.9257507324,32.9257507324,1
1106,1237,64,0.0001,0.001,0.5,0.3,33.2275352478,0,33.2275352478,33.2275352478,32.9205474854,0,32.9205474854,32.9205474854,1
1107,1203,64,0.0001,0,0.25,0.5,33.2223320007,0,33.2223320007,33.2223320007,33.0506248474,0,33.0506248474,33.0506248474,1
1108,1218,64,0.0001,0.0001,0.25,0.5,33.2223320007,0,33.2223320007,33.2223320007,33.0558319092,0,33.0558319092,33.0558319092,1
1109,1200,64,0.001,0.01,0.75,0.9,33.2119255066,0,33.2119255066,33.2119255066,33.2327346802,0,33.2327346802,33.2327346802,1
1110,1252,64,0.0001,0.01,0.5,0.3,33.1755027771,0,33.1755027771,33.1755027771,32.8685150146,0,32.8685150146,32.8685150146,1
1111,700,8,0.0001,0.001,0.5,0.9,33.1286735535,0,33.1286735535,33.1286735535,32.7904663086,0,32.7904663086,32.7904663086,1
1112,685,8,0.0001,0.0001,0.5,0.9,33.1130638123,0,33.1130638123,33.1130638123,32.7748565674,0,32.7748565674,32.7748565674,1
1113,535,4,0.0001,0.01,0.5,0.9,33.1078605652,0,33.1078605652,33.1078605652,32.8893280029,0,32.8893280029,32.8893280029,1
1114,670,8,0.0001,0,0.5,0.9,33.1078605652,0,33.1078605652,33.1078605652,32.821685791,0,32.821685791,32.821685791,1
1115,101,0,0.001,0.001,0.75,0.1,32.9933929443,0,32.9933929443,32.9933929443,32.7748565674,0,32.7748565674,32.7748565674,1
1116,1074,32,0.0001,0.01,0.5,0.7,32.9881858826,0,32.9881858826,32.9881858826,32.8060760498,0,32.8060760498,32.8060760498,1
1117,1208,64,0.0001,0,0.5,0.5,32.9829826355,0,32.9829826355,32.9829826355,32.8320922852,0,32.8320922852,32.8320922852,1
1118,1223,64,0.0001,0.0001,0.5,0.5,32.9829826355,0,32.9829826355,32.9829826355,32.8372955322,0,32.8372955322,32.8372955322,1
1119,71,0,0.001,0,0.75,0.1,32.9777793884,0,32.9777793884,32.9777793884,32.7800598145,0,32.7800598145,32.7800598145,1
1120,1238,64,0.0001,0.001,0.5,0.5,32.9777793884,0,32.9777793884,32.9777793884,32.8529052734,0,32.8529052734,32.8529052734,1
1121,1253,64,0.0001,0.01,0.5,0.5,32.9569702148,0,32.9569702148,32.9569702148,32.7644538879,0,32.7644538879,32.7644538879,1
1122,715,8,0.0001,0.01,0.5,0.9,32.9205474854,0,32.9205474854,32.9205474854,32.4626655579,0,32.4626655579,32.4626655579,1
1123,86,0,0.001,0.0001,0.75,0.1,32.9049377441,0,32.9049377441,32.9049377441,32.8633117676,0,32.8633117676,32.8633117676,1
1124,1249,64,0.0001,0.01,0.25,0.7,32.9049377441,0,32.9049377441,32.9049377441,32.7644538879,0,32.7644538879,32.7644538879,1
1125,116,0,0.001,0.01,0.75,0.1,32.8893280029,0,32.8893280029,32.8893280029,32.9049377441,0,32.9049377441,32.9049377441,1
1126,1204,64,0.0001,0,0.25,0.7,32.8893280029,0,32.8893280029,32.8893280029,32.7592506409,0,32.7592506409,32.7592506409,1
1127,1219,64,0.0001,0.0001,0.25,0.7,32.8893280029,0,32.8893280029,32.8893280029,32.7592506409,0,32.7592506409,32.7592506409,1
1128,1234,64,0.0001,0.001,0.25,0.7,32.8841247559,0,32.8841247559,32.8841247559,32.748840332,0,32.748840332,32.748840332,1
1129,1209,64,0.0001,0,0.5,0.7,32.6655883789,0,32.6655883789,32.6655883789,32.4990882874,0,32.4990882874,32.4990882874,1
1130,1224,64,0.0001,0.0001,0.5,0.7,32.6655883789,0,32.6655883789,32.6655883789,32.4990882874,0,32.4990882874,32.4990882874,1
1131,1239,64,0.0001,0.001,0.5,0.7,32.6551856995,0,32.6551856995,32.6551856995,32.4886817932,0,32.4886817932,32.4886817932,1
1132,1256,64,0.0001,0.01,0.75,0.1,32.6343727112,0,32.6343727112,32.6343727112,32.4314460754,0,32.4314460754,32.4314460754,1
1133,1254,64,0.0001,0.01,0.5,0.7,32.5979499817,0,32.5979499817,32.5979499817,32.4470596313,0,32.4470596313,32.4470596313,1
1134,1227,64,0.0001,0.0001,0.75,0.3,32.5927467346,0,32.5927467346,32.5927467346,32.3638038635,0,32.3638038635,32.3638038635,1
1135,1241,64,0.0001,0.001,0.75,0.1,32.5927467346,0,32.5927467346,32.5927467346,32.3377914429,0,32.3377914429,32.3377914429,1
1136,1242,64,0.0001,0.001,0.75,0.3,32.5927467346,0,32.5927467346,32.5927467346,32.3638038635,0,32.3638038635,32.3638038635,1
1137,1211,64,0.0001,0,0.75,0.1,32.5875434875,0,32.5875434875,32.5875434875,32.3325881958,0,32.3325881958,32.3325881958,1
1138,1212,64,0.0001,0,0.75,0.3,32.5875434875,0,32.5875434875,32.5875434875,32.3690071106,0,32.3690071106,32.3690071106,1
1139,1226,64,0.0001,0.0001,0.75,0.1,32.5823402405,0,32.5823402405,32.5823402405,32.3325881958,0,32.3325881958,32.3325881958,1
1140,1257,64,0.0001,0.01,0.75,0.3,32.5771369934,0,32.5771369934,32.5771369934,32.3534011841,0,32.3534011841,32.3534011841,1
1141,495,4,0.0001,0,0.75,0.9,32.5407142639,0,32.5407142639,32.5407142639,32.4106330872,0,32.4106330872,32.4106330872,1
1142,510,4,0.0001,0.0001,0.75,0.9,32.5355110168,0,32.5355110168,32.5355110168,32.4054336548,0,32.4054336548,32.4054336548,1
1143,860,16,0.0001,0.0001,0.25,0.9,32.4938850403,0,32.4938850403,32.4938850403,32.3534011841,0,32.3534011841,32.3534011841,1
1144,525,4,0.0001,0.001,0.75,0.9,32.4886817932,0,32.4886817932,32.4886817932,32.3690071106,0,32.3690071106,32.3690071106,1
1145,845,16,0.0001,0,0.25,0.9,32.4886817932,0,32.4886817932,32.4886817932,32.3690071106,0,32.3690071106,32.3690071106,1
1146,690,8,0.0001,0.0001,0.75,0.9,32.4782752991,0,32.4782752991,32.4782752991,32.1764907837,0,32.1764907837,32.1764907837,1
1147,675,8,0.0001,0,0.75,0.9,32.473072052,0,32.473072052,32.473072052,32.1660842896,0,32.1660842896,32.1660842896,1
1148,1034,32,0.0001,0,0.75,0.7,32.4626655579,0,32.4626655579,32.4626655579,32.3846206665,0,32.3846206665,32.3846206665,1
1149,1049,32,0.0001,0.0001,0.75,0.7,32.4626655579,0,32.4626655579,32.4626655579,32.3846206665,0,32.3846206665,32.3846206665,1
1150,875,16,0.0001,0.001,0.25,0.9,32.4574623108,0,32.4574623108,32.4574623108,32.3117752075,0,32.3117752075,32.3117752075,1
1151,1064,32,0.0001,0.001,0.75,0.7,32.4574623108,0,32.4574623108,32.4574623108,32.3742103577,0,32.3742103577,32.3742103577,1
1152,1079,32,0.0001,0.01,0.75,0.7,32.4470596313,0,32.4470596313,32.4470596313,32.3273849487,0,32.3273849487,32.3273849487,1
1153,315,2,0.0001,0,0.75,0.9,32.4366493225,0,32.4366493225,32.4366493225,32.2961654663,0,32.2961654663,32.2961654663,1
1154,705,8,0.0001,0.001,0.75,0.9,32.4314460754,0,32.4314460754,32.4314460754,32.1556777954,0,32.1556777954,32.1556777954,1
1155,330,2,0.0001,0.0001,0.75,0.9,32.4210395813,0,32.4210395813,32.4210395813,32.2909622192,0,32.2909622192,32.2909622192,1
1156,1228,64,0.0001,0.0001,0.75,0.5,32.4158363342,0,32.4158363342,32.4158363342,32.3429946899,0,32.3429946899,32.3429946899,1
1157,1213,64,0.0001,0,0.75,0.5,32.4106330872,0,32.4106330872,32.4106330872,32.3429946899,0,32.3429946899,32.3429946899,1
1158,1243,64,0.0001,0.001,0.75,0.5,32.4054336548,0,32.4054336548,32.4054336548,32.3325881958,0,32.3325881958,32.3325881958,1
1159,1258,64,0.0001,0.01,0.75,0.5,32.4054336548,0,32.4054336548,32.4054336548,32.2909622192,0,32.2909622192,32.2909622192,1
1160,345,2,0.0001,0.001,0.75,0.9,32.3794174194,0,32.3794174194,32.3794174194,32.2909622192,0,32.2909622192,32.2909622192,1
1161,540,4,0.0001,0.01,0.75,0.9,32.2909622192,0,32.2909622192,32.2909622192,32.0776329041,0,32.0776329041,32.0776329041,1
1162,890,16,0.0001,0.01,0.25,0.9,32.2545394897,0,32.2545394897,32.2545394897,32.1296615601,0,32.1296615601,32.1296615601,1
1163,1244,64,0.0001,0.001,0.75,0.7,32.2493362427,0,32.2493362427,32.2493362427,32.2285232544,0,32.2285232544,32.2285232544,1
1164,1214,64,0.0001,0,0.75,0.7,32.2441329956,0,32.2441329956,32.2441329956,32.2337265015,0,32.2337265015,32.2337265015,1
1165,1229,64,0.0001,0.0001,0.75,0.7,32.2441329956,0,32.2441329956,32.2441329956,32.2285232544,0,32.2285232544,32.2285232544,1
1166,1259,64,0.0001,0.01,0.75,0.7,32.2389297485,0,32.2389297485,32.2389297485,32.1712875366,0,32.1712875366,32.1712875366,1
1167,850,16,0.0001,0,0.5,0.9,32.2285232544,0,32.2285232544,32.2285232544,32.0880393982,0,32.0880393982,32.0880393982,1
1168,865,16,0.0001,0.0001,0.5,0.9,32.2285232544,0,32.2285232544,32.2285232544,32.0776329041,0,32.0776329041,32.0776329041,1
1169,880,16,0.0001,0.001,0.5,0.9,32.2181167603,0,32.2181167603,32.2181167603,32.0412101746,0,32.0412101746,32.0412101746,1
1170,360,2,0.0001,0.01,0.75,0.9,32.2077102661,0,32.2077102661,32.2077102661,31.9787712097,0,31.9787712097,31.9787712097,1
1171,1025,32,0.0001,0,0.25,0.9,32.1712875366,0,32.1712875366,32.1712875366,32.051612854,0,32.051612854,32.051612854,1
1172,1040,32,0.0001,0.0001,0.25,0.9,32.1660842896,0,32.1660842896,32.1660842896,32.051612854,0,32.051612854,32.051612854,1
1173,720,8,0.0001,0.01,0.75,0.9,32.1556777954,0,32.1556777954,32.1556777954,32.051612854,0,32.051612854,32.051612854,1
1174,1055,32,0.0001,0.001,0.25,0.9,32.1556777954,0,32.1556777954,32.1556777954,32.0203971863,0,32.0203971863,32.0203971863,1
1175,1205,64,0.0001,0,0.25,0.9,32.1192550659,0,32.1192550659,32.1192550659,32.0047836304,0,32.0047836304,32.0047836304,1
1176,1220,64,0.0001,0.0001,0.25,0.9,32.1140518188,0,32.1140518188,32.1140518188,32.0047836304,0,32.0047836304,32.0047836304,1
1177,1235,64,0.0001,0.001,0.25,0.9,32.1088485718,0,32.1088485718,32.1088485718,32.0047836304,0,32.0047836304,32.0047836304,1
1178,895,16,0.0001,0.01,0.5,0.9,32.1036453247,0,32.1036453247,32.1036453247,31.9579563141,0,31.9579563141,31.9579563141,1
1179,1070,32,0.0001,0.01,0.25,0.9,32.0984420776,0,32.0984420776,32.0984420776,31.8903179169,0,31.8903179169,31.8903179169,1
1180,1250,64,0.0001,0.01,0.25,0.9,32.0984420776,0,32.0984420776,32.0984420776,31.9631614685,0,31.9631614685,31.9631614685,1
1181,1030,32,0.0001,0,0.5,0.9,32.0620193481,0,32.0620193481,32.0620193481,31.8851146698,0,31.8851146698,31.8851146698,1
1182,1045,32,0.0001,0.0001,0.5,0.9,32.0620193481,0,32.0620193481,32.0620193481,31.8851146698,0,31.8851146698,31.8851146698,1
1183,1060,32,0.0001,0.001,0.5,0.9,32.0464096069,0,32.0464096069,32.0464096069,31.8955192566,0,31.8955192566,31.8955192566,1
1184,870,16,0.0001,0.0001,0.75,0.9,32.0308036804,0,32.0308036804,32.0308036804,31.8642997742,0,31.8642997742,31.8642997742,1
1185,1210,64,0.0001,0,0.5,0.9,32.0308036804,0,32.0308036804,32.0308036804,31.9475498199,0,31.9475498199,31.9475498199,1
1186,855,16,0.0001,0,0.75,0.9,32.0256004333,0,32.0256004333,32.0256004333,31.8642997742,0,31.8642997742,31.8642997742,1
1187,885,16,0.0001,0.001,0.75,0.9,32.0099906921,0,32.0099906921,32.0099906921,31.8382854462,0,31.8382854462,31.8382854462,1
1188,1225,64,0.0001,0.0001,0.5,0.9,32.0047836304,0,32.0047836304,32.0047836304,31.9579563141,0,31.9579563141,31.9579563141,1
1189,1255,64,0.0001,0.01,0.5,0.9,31.9995822906,0,31.9995822906,31.9995822906,31.8590965271,0,31.8590965271,31.8590965271,1
1190,1240,64,0.0001,0.001,0.5,0.9,31.9943790436,0,31.9943790436,31.9943790436,31.9163322449,0,31.9163322449,31.9163322449,1
1191,1075,32,0.0001,0.01,0.5,0.9,31.9631614685,0,31.9631614685,31.9631614685,31.7758464813,0,31.7758464813,31.7758464813,1
1192,900,16,0.0001,0.01,0.75,0.9,31.9163322449,0,31.9163322449,31.9163322449,31.6769866943,0,31.6769866943,31.6769866943,1
1193,1245,64,0.0001,0.001,0.75,0.9,31.9111289978,0,31.9111289978,31.9111289978,31.8018608093,0,31.8018608093,31.8018608093,1
1194,1035,32,0.0001,0,0.75,0.9,31.9059257507,0,31.9059257507,31.9059257507,31.7602367401,0,31.7602367401,31.7602367401,1
1195,1215,64,0.0001,0,0.75,0.9,31.9059257507,0,31.9059257507,31.9059257507,31.7810497284,0,31.7810497284,31.7810497284,1
1196,1230,64,0.0001,0.0001,0.75,0.9,31.9059257507,0,31.9059257507,31.9059257507,31.7862548828,0,31.7862548828,31.7862548828,1
1197,1050,32,0.0001,0.0001,0.75,0.9,31.8330821991,0,31.8330821991,31.8330821991,31.6925945282,0,31.6925945282,31.6925945282,1
1198,1065,32,0.0001,0.001,0.75,0.9,31.827878952,0,31.827878952,31.827878952,31.6925945282,0,31.6925945282,31.6925945282,1
1199,1260,64,0.0001,0.01,0.75,0.9,31.7030010223,0,31.7030010223,31.7030010223,31.6665802002,0,31.6665802002,31.6665802002,1
1200,1080,32,0.0001,0.01,0.75,0.9,31.6925945282,0,31.6925945282,31.6925945282,31.6457653046,0,31.6457653046,31.6457653046,1
1201,139,0,0.0001,0.0001,0.25,0.7,26.6559123993,0,26.6559123993,26.6559123993,26.4217700958,0,26.4217700958,26.4217700958,1
1202,124,0,0.0001,0,0.25,0.7,26.6507091522,0,26.6507091522,26.6507091522,26.4373779297,0,26.4373779297,26.4373779297,1
1203,125,0,0.0001,0,0.25,0.9,26.6507091522,0,26.6507091522,26.6507091522,27.1294021606,0,27.1294021606,27.1294021606,1
1204,140,0,0.0001,0.0001,0.25,0.9,26.6507091522,0,26.6507091522,26.6507091522,27.1398105621,0,27.1398105621,27.1398105621,1
1205,154,0,0.0001,0.001,0.25,0.7,26.6351013184,0,26.6351013184,26.6351013184,26.4529876709,0,26.4529876709,26.4529876709,1
1206,155,0,0.0001,0.001,0.25,0.9,26.6142883301,0,26.6142883301,26.6142883301,27.1398105621,0,27.1398105621,27.1398105621,1
1207,169,0,0.0001,0.01,0.25,0.7,26.6142883301,0,26.6142883301,26.6142883301,26.4477844238,0,26.4477844238,26.4477844238,1
1208,170,0,0.0001,0.01,0.25,0.9,26.43217659,0,26.43217659,26.43217659,27.1606216431,0,27.1606216431,27.1606216431,1
1209,130,0,0.0001,0,0.5,0.9,25.9222621918,0,25.9222621918,25.9222621918,26.3281135559,0,26.3281135559,26.3281135559,1
1210,145,0,0.0001,0.0001,0.5,0.9,25.9170627594,0,25.9170627594,25.9170627594,26.3437213898,0,26.3437213898,26.3437213898,1
1211,160,0,0.0001,0.001,0.5,0.9,25.9066543579,0,25.9066543579,25.9066543579,26.359331131,0,26.359331131,26.359331131,1
1212,175,0,0.0001,0.01,0.5,0.9,25.8702316284,0,25.8702316284,25.8702316284,26.0991725922,0,26.0991725922,26.0991725922,1
1213,168,0,0.0001,0.01,0.25,0.5,25.5996665955,0,25.5996665955,25.5996665955,25.1053638458,0,25.1053638458,25.1053638458,1
1214,138,0,0.0001,0.0001,0.25,0.5,25.568447113,0,25.568447113,25.568447113,25.1365833282,0,25.1365833282,25.1365833282,1
1215,123,0,0.0001,0,0.25,0.5,25.563243866,0,25.563243866,25.563243866,25.1573944092,0,25.1573944092,25.1573944092,1
1216,153,0,0.0001,0.001,0.25,0.5,25.5112113953,0,25.5112113953,25.5112113953,25.0481281281,0,25.0481281281,25.0481281281,1
1217,144,0,0.0001,0.0001,0.5,0.7,25.3030834198,0,25.3030834198,25.3030834198,25.1521911621,0,25.1521911621,25.1521911621,1
1218,129,0,0.0001,0,0.5,0.7,25.2978839874,0,25.2978839874,25.2978839874,25.1625976562,0,25.1625976562,25.1625976562,1
1219,159,0,0.0001,0.001,0.5,0.7,25.2718658447,0,25.2718658447,25.2718658447,25.1053638458,0,25.1053638458,25.1053638458,1
1220,174,0,0.0001,0.01,0.5,0.7,25.2250366211,0,25.2250366211,25.2250366211,25.089756012,0,25.089756012,25.089756012,1
1221,167,0,0.0001,0.01,0.25,0.3,24.673500061,0,24.673500061,24.673500061,24.2728538513,0,24.2728538513,24.2728538513,1
1222,122,0,0.0001,0,0.25,0.3,24.6578903198,0,24.6578903198,24.6578903198,24.1635875702,0,24.1635875702,24.1635875702,1
1223,137,0,0.0001,0.0001,0.25,0.3,24.6474838257,0,24.6474838257,24.6474838257,24.1739940643,0,24.1739940643,24.1739940643,1
1224,152,0,0.0001,0.001,0.25,0.3,24.6318740845,0,24.6318740845,24.6318740845,24.1948070526,0,24.1948070526,24.1948070526,1
1225,135,0,0.0001,0,0.75,0.9,24.496591568,0,24.496591568,24.496591568,24.7619533539,0,24.7619533539,24.7619533539,1
1226,150,0,0.0001,0.0001,0.75,0.9,24.496591568,0,24.496591568,24.496591568,24.7515468597,0,24.7515468597,24.7515468597,1
1227,165,0,0.0001,0.001,0.75,0.9,24.4809818268,0,24.4809818268,24.4809818268,24.74634552,0,24.74634552,24.74634552,1
1228,180,0,0.0001,0.01,0.75,0.9,24.319683075,0,24.319683075,24.319683075,24.699514389,0,24.699514389,24.699514389,1
1229,128,0,0.0001,0,0.5,0.5,24.2572460175,0,24.2572460175,24.2572460175,24.0439147949,0,24.0439147949,24.0439147949,1
1230,158,0,0.0001,0.001,0.5,0.5,24.2572460175,0,24.2572460175,24.2572460175,24.0543193817,0,24.0543193817,24.0543193817,1
1231,143,0,0.0001,0.0001,0.5,0.5,24.2520427704,0,24.2520427704,24.2520427704,24.0439147949,0,24.0439147949,24.0439147949,1
1232,173,0,0.0001,0.01,0.5,0.5,24.2104148865,0,24.2104148865,24.2104148865,24.0595245361,0,24.0595245361,24.0595245361,1
1233,151,0,0.0001,0.001,0.25,0.1,24.0439147949,0,24.0439147949,24.0439147949,23.4923763275,0,23.4923763275,23.4923763275,1
1234,121,0,0.0001,0,0.25,0.1,24.0126953125,0,24.0126953125,24.0126953125,23.4767684937,0,23.4767684937,23.4767684937,1
1235,136,0,0.0001,0.0001,0.25,0.1,24.0126953125,0,24.0126953125,24.0126953125,23.4923763275,0,23.4923763275,23.4923763275,1
1236,166,0,0.0001,0.01,0.25,0.1,24.0074920654,0,24.0074920654,24.0074920654,23.5808315277,0,23.5808315277,23.5808315277,1
1237,172,0,0.0001,0.01,0.5,0.3,23.5392055511,0,23.5392055511,23.5392055511,23.3206710815,0,23.3206710815,23.3206710815,1
1238,157,0,0.0001,0.001,0.5,0.3,23.5183925629,0,23.5183925629,23.5183925629,23.331079483,0,23.331079483,23.331079483,1
1239,142,0,0.0001,0.0001,0.5,0.3,23.5131893158,0,23.5131893158,23.5131893158,23.3362808228,0,23.3362808228,23.3362808228,1
1240,127,0,0.0001,0,0.5,0.3,23.5079860687,0,23.5079860687,23.5079860687,23.3622970581,0,23.3622970581,23.3622970581,1
1241,156,0,0.0001,0.001,0.5,0.1,23.2009983063,0,23.2009983063,23.2009983063,22.8315734863,0,22.8315734863,22.8315734863,1
1242,126,0,0.0001,0,0.5,0.1,23.1957950592,0,23.1957950592,23.1957950592,22.8263683319,0,22.8263683319,22.8263683319,1
1243,141,0,0.0001,0.0001,0.5,0.1,23.1957950592,0,23.1957950592,23.1957950592,22.8419799805,0,22.8419799805,22.8419799805,1
1244,171,0,0.0001,0.01,0.5,0.1,23.1073417664,0,23.1073417664,23.1073417664,22.7899475098,0,22.7899475098,22.7899475098,1
1245,149,0,0.0001,0.0001,0.75,0.7,22.3945045471,0,22.3945045471,22.3945045471,22.5558052063,0,22.5558052063,22.5558052063,1
1246,134,0,0.0001,0,0.75,0.7,22.3893013,0,22.3893013,22.3893013,22.561006546,0,22.561006546,22.561006546,1
1247,164,0,0.0001,0.001,0.75,0.7,22.384098053,0,22.384098053,22.384098053,22.5453968048,0,22.5453968048,22.5453968048,1
1248,179,0,0.0001,0.01,0.75,0.7,22.2956447601,0,22.2956447601,22.2956447601,22.4153175354,0,22.4153175354,22.4153175354,1
1249,177,0,0.0001,0.01,0.75,0.3,20.9324111938,0,20.9324111938,20.9324111938,20.6566410065,0,20.6566410065,20.6566410065,1
1250,162,0,0.0001,0.001,0.75,0.3,20.8907852173,0,20.8907852173,20.8907852173,20.6098117828,0,20.6098117828,20.6098117828,1
1251,132,0,0.0001,0,0.75,0.3,20.8751754761,0,20.8751754761,20.8751754761,20.594203949,0,20.594203949,20.594203949,1
1252,147,0,0.0001,0.0001,0.75,0.3,20.869972229,0,20.869972229,20.869972229,20.599407196,0,20.599407196,20.599407196,1
1253,133,0,0.0001,0,0.75,0.5,20.79712677,0,20.79712677,20.79712677,20.6046085358,0,20.6046085358,20.6046085358,1
1254,148,0,0.0001,0.0001,0.75,0.5,20.7919235229,0,20.7919235229,20.7919235229,20.6046085358,0,20.6046085358,20.6046085358,1
1255,163,0,0.0001,0.001,0.75,0.5,20.7763156891,0,20.7763156891,20.7763156891,20.5890007019,0,20.5890007019,20.5890007019,1
1256,178,0,0.0001,0.01,0.75,0.5,20.7659072876,0,20.7659072876,20.7659072876,20.5785942078,0,20.5785942078,20.5785942078,1
1257,146,0,0.0001,0.0001,0.75,0.1,20.5525779724,0,20.5525779724,20.5525779724,20.2559967041,0,20.2559967041,20.2559967041,1
1258,131,0,0.0001,0,0.75,0.1,20.5369682312,0,20.5369682312,20.5369682312,20.2611999512,0,20.2611999512,20.2611999512,1
1259,161,0,0.0001,0.001,0.75,0.1,20.5369682312,0,20.5369682312,20.5369682312,20.2611999512,0,20.2611999512,20.2611999512,1
1260,176,0,0.0001,0.01,0.75,0.1,20.5265617371,0,20.5265617371,20.5265617371,20.2351837158,0,20.2351837158,20.2351837158,1
