task_id,pool,label,status,attempts,return_code,seconds,last_log_path,error_message
grid_candidate_0001,grid,grid_candidate_0001,completed,1,0,36.730166,/home/hzw/Rethinking_GNN_DP/paper_experiments/figure3/figure3_pipeline3.yaml/dataset=ogbn-arxiv/feature=raw/mechanism=mbm/x_eps=0.1/m=best/norm=false/smoother=hoa/backbone=sage/use_nfr=true/logs/grid_candidate_0001_attempt_1.log,
grid_candidate_0002,grid,grid_candidate_0002,completed,1,0,42.506836,/home/hzw/Rethinking_GNN_DP/paper_experiments/figure3/figure3_pipeline3.yaml/dataset=ogbn-arxiv/feature=raw/mechanism=mbm/x_eps=0.1/m=best/norm=false/smoother=hoa/backbone=sage/use_nfr=true/logs/grid_candidate_0002_attempt_1.log,
grid_candidate_0004,grid,grid_candidate_0004,completed,1,0,46.358525,/home/hzw/Rethinking_GNN_DP/paper_experiments/figure3/figure3_pipeline3.yaml/dataset=ogbn-arxiv/feature=raw/mechanism=mbm/x_eps=0.1/m=best/norm=false/smoother=hoa/backbone=sage/use_nfr=true/logs/grid_candidate_0004_attempt_1.log,
grid_candidate_0003,grid,grid_candidate_0003,completed,1,0,50.124373,/home/hzw/Rethinking_GNN_DP/paper_experiments/figure3/figure3_pipeline3.yaml/dataset=ogbn-arxiv/feature=raw/mechanism=mbm/x_eps=0.1/m=best/norm=false/smoother=hoa/backbone=sage/use_nfr=true/logs/grid_candidate_0003_attempt_1.log,
grid_candidate_0006,grid,grid_candidate_0006,completed,1,0,44.787832,/home/hzw/Rethinking_GNN_DP/paper_experiments/figure3/figure3_pipeline3.yaml/dataset=ogbn-arxiv/feature=raw/mechanism=mbm/x_eps=0.1/m=best/norm=false/smoother=hoa/backbone=sage/use_nfr=true/logs/grid_candidate_0006_attempt_1.log,
grid_candidate_0007,grid,grid_candidate_0007,completed,1,0,45.988573,/home/hzw/Rethinking_GNN_DP/paper_experiments/figure3/figure3_pipeline3.yaml/dataset=ogbn-arxiv/feature=raw/mechanism=mbm/x_eps=0.1/m=best/norm=false/smoother=hoa/backbone=sage/use_nfr=true/logs/grid_candidate_0007_attempt_1.log,
grid_candidate_0016,grid,grid_candidate_0016,completed,1,0,39.538363,/home/hzw/Rethinking_GNN_DP/paper_experiments/figure3/figure3_pipeline3.yaml/dataset=ogbn-arxiv/feature=raw/mechanism=mbm/x_eps=0.1/m=best/norm=false/smoother=hoa/backbone=sage/use_nfr=true/logs/grid_candidate_0016_attempt_1.log,
grid_candidate_0005,grid,grid_candidate_0005,completed,1,0,48.987125,/home/hzw/Rethinking_GNN_DP/paper_experiments/figure3/figure3_pipeline3.yaml/dataset=ogbn-arxiv/feature=raw/mechanism=mbm/x_eps=0.1/m=best/norm=false/smoother=hoa/backbone=sage/use_nfr=true/logs/grid_candidate_0005_attempt_1.log,
grid_candidate_0008,grid,grid_candidate_0008,completed,1,0,47.501741,/home/hzw/Rethinking_GNN_DP/paper_experiments/figure3/figure3_pipeline3.yaml/dataset=ogbn-arxiv/feature=raw/mechanism=mbm/x_eps=0.1/m=best/norm=false/smoother=hoa/backbone=sage/use_nfr=true/logs/grid_candidate_0008_attempt_1.log,
grid_candidate_0010,grid,grid_candidate_0010,completed,1,0,47.171876,/home/hzw/Rethinking_GNN_DP/paper_experiments/figure3/figure3_pipeline3.yaml/dataset=ogbn-arxiv/feature=raw/mechanism=mbm/x_eps=0.1/m=best/norm=false/smoother=hoa/backbone=sage/use_nfr=true/logs/grid_candidate_0010_attempt_1.log,
grid_candidate_0009,grid,grid_candidate_0009,completed,1,0,50.129335,/home/hzw/Rethinking_GNN_DP/paper_experiments/figure3/figure3_pipeline3.yaml/dataset=ogbn-arxiv/feature=raw/mechanism=mbm/x_eps=0.1/m=best/norm=false/smoother=hoa/backbone=sage/use_nfr=true/logs/grid_candidate_0009_attempt_1.log,
grid_candidate_0012,grid,grid_candidate_0012,completed,1,0,47.145032,/home/hzw/Rethinking_GNN_DP/paper_experiments/figure3/figure3_pipeline3.yaml/dataset=ogbn-arxiv/feature=raw/mechanism=mbm/x_eps=0.1/m=best/norm=false/smoother=hoa/backbone=sage/use_nfr=true/logs/grid_candidate_0012_attempt_1.log,
grid_candidate_0013,grid,grid_candidate_0013,completed,1,0,47.201986,/home/hzw/Rethinking_GNN_DP/paper_experiments/figure3/figure3_pipeline3.yaml/dataset=ogbn-arxiv/feature=raw/mechanism=mbm/x_eps=0.1/m=best/norm=false/smoother=hoa/backbone=sage/use_nfr=true/logs/grid_candidate_0013_attempt_1.log,
grid_candidate_0019,grid,grid_candidate_0019,completed,1,0,44.865328,/home/hzw/Rethinking_GNN_DP/paper_experiments/figure3/figure3_pipeline3.yaml/dataset=ogbn-arxiv/feature=raw/mechanism=mbm/x_eps=0.1/m=best/norm=false/smoother=hoa/backbone=sage/use_nfr=true/logs/grid_candidate_0019_attempt_1.log,
grid_candidate_0015,grid,grid_candidate_0015,completed,1,0,46.160775,/home/hzw/Rethinking_GNN_DP/paper_experiments/figure3/figure3_pipeline3.yaml/dataset=ogbn-arxiv/feature=raw/mechanism=mbm/x_eps=0.1/m=best/norm=false/smoother=hoa/backbone=sage/use_nfr=true/logs/grid_candidate_0015_attempt_1.log,
grid_candidate_0020,grid,grid_candidate_0020,completed,1,0,46.346605,/home/hzw/Rethinking_GNN_DP/paper_experiments/figure3/figure3_pipeline3.yaml/dataset=ogbn-arxiv/feature=raw/mechanism=mbm/x_eps=0.1/m=best/norm=false/smoother=hoa/backbone=sage/use_nfr=true/logs/grid_candidate_0020_attempt_1.log,
grid_candidate_0014,grid,grid_candidate_0014,completed,1,0,50.322128,/home/hzw/Rethinking_GNN_DP/paper_experiments/figure3/figure3_pipeline3.yaml/dataset=ogbn-arxiv/feature=raw/mechanism=mbm/x_eps=0.1/m=best/norm=false/smoother=hoa/backbone=sage/use_nfr=true/logs/grid_candidate_0014_attempt_1.log,
grid_candidate_0021,grid,grid_candidate_0021,completed,1,0,45.251236,/home/hzw/Rethinking_GNN_DP/paper_experiments/figure3/figure3_pipeline3.yaml/dataset=ogbn-arxiv/feature=raw/mechanism=mbm/x_eps=0.1/m=best/norm=false/smoother=hoa/backbone=sage/use_nfr=true/logs/grid_candidate_0021_attempt_1.log,
grid_candidate_0011,grid,grid_candidate_0011,completed,1,0,54.279953,/home/hzw/Rethinking_GNN_DP/paper_experiments/figure3/figure3_pipeline3.yaml/dataset=ogbn-arxiv/feature=raw/mechanism=mbm/x_eps=0.1/m=best/norm=false/smoother=hoa/backbone=sage/use_nfr=true/logs/grid_candidate_0011_attempt_1.log,
grid_candidate_0017,grid,grid_candidate_0017,completed,1,0,50.701399,/home/hzw/Rethinking_GNN_DP/paper_experiments/figure3/figure3_pipeline3.yaml/dataset=ogbn-arxiv/feature=raw/mechanism=mbm/x_eps=0.1/m=best/norm=false/smoother=hoa/backbone=sage/use_nfr=true/logs/grid_candidate_0017_attempt_1.log,
grid_candidate_0022,grid,grid_candidate_0022,completed,1,0,46.227637,/home/hzw/Rethinking_GNN_DP/paper_experiments/figure3/figure3_pipeline3.yaml/dataset=ogbn-arxiv/feature=raw/mechanism=mbm/x_eps=0.1/m=best/norm=false/smoother=hoa/backbone=sage/use_nfr=true/logs/grid_candidate_0022_attempt_1.log,
grid_candidate_0026,grid,grid_candidate_0026,completed,1,0,45.057204,/home/hzw/Rethinking_GNN_DP/paper_experiments/figure3/figure3_pipeline3.yaml/dataset=ogbn-arxiv/feature=raw/mechanism=mbm/x_eps=0.1/m=best/norm=false/smoother=hoa/backbone=sage/use_nfr=true/logs/grid_candidate_0026_attempt_1.log,
grid_candidate_0023,grid,grid_candidate_0023,completed,1,0,47.874641,/home/hzw/Rethinking_GNN_DP/paper_experiments/figure3/figure3_pipeline3.yaml/dataset=ogbn-arxiv/feature=raw/mechanism=mbm/x_eps=0.1/m=best/norm=false/smoother=hoa/backbone=sage/use_nfr=true/logs/grid_candidate_0023_attempt_1.log,
grid_candidate_0024,grid,grid_candidate_0024,completed,1,0,48.010381,/home/hzw/Rethinking_GNN_DP/paper_experiments/figure3/figure3_pipeline3.yaml/dataset=ogbn-arxiv/feature=raw/mechanism=mbm/x_eps=0.1/m=best/norm=false/smoother=hoa/backbone=sage/use_nfr=true/logs/grid_candidate_0024_attempt_1.log,
grid_candidate_0029,grid,grid_candidate_0029,completed,1,0,41.057286,/home/hzw/Rethinking_GNN_DP/paper_experiments/figure3/figure3_pipeline3.yaml/dataset=ogbn-arxiv/feature=raw/mechanism=mbm/x_eps=0.1/m=best/norm=false/smoother=hoa/backbone=sage/use_nfr=true/logs/grid_candidate_0029_attempt_1.log,
grid_candidate_0018,grid,grid_candidate_0018,completed,1,0,55.712221,/home/hzw/Rethinking_GNN_DP/paper_experiments/figure3/figure3_pipeline3.yaml/dataset=ogbn-arxiv/feature=raw/mechanism=mbm/x_eps=0.1/m=best/norm=false/smoother=hoa/backbone=sage/use_nfr=true/logs/grid_candidate_0018_attempt_1.log,
grid_candidate_0035,grid,grid_candidate_0035,completed,1,0,35.053147,/home/hzw/Rethinking_GNN_DP/paper_experiments/figure3/figure3_pipeline3.yaml/dataset=ogbn-arxiv/feature=raw/mechanism=mbm/x_eps=0.1/m=best/norm=false/smoother=hoa/backbone=sage/use_nfr=true/logs/grid_candidate_0035_attempt_1.log,
grid_candidate_0025,grid,grid_candidate_0025,completed,1,0,51.859081,/home/hzw/Rethinking_GNN_DP/paper_experiments/figure3/figure3_pipeline3.yaml/dataset=ogbn-arxiv/feature=raw/mechanism=mbm/x_eps=0.1/m=best/norm=false/smoother=hoa/backbone=sage/use_nfr=true/logs/grid_candidate_0025_attempt_1.log,
grid_candidate_0027,grid,grid_candidate_0027,completed,1,0,51.358365,/home/hzw/Rethinking_GNN_DP/paper_experiments/figure3/figure3_pipeline3.yaml/dataset=ogbn-arxiv/feature=raw/mechanism=mbm/x_eps=0.1/m=best/norm=false/smoother=hoa/backbone=sage/use_nfr=true/logs/grid_candidate_0027_attempt_1.log,
grid_candidate_0032,grid,grid_candidate_0032,completed,1,0,43.325271,/home/hzw/Rethinking_GNN_DP/paper_experiments/figure3/figure3_pipeline3.yaml/dataset=ogbn-arxiv/feature=raw/mechanism=mbm/x_eps=0.1/m=best/norm=false/smoother=hoa/backbone=sage/use_nfr=true/logs/grid_candidate_0032_attempt_1.log,
grid_candidate_0031,grid,grid_candidate_0031,completed,1,0,44.630972,/home/hzw/Rethinking_GNN_DP/paper_experiments/figure3/figure3_pipeline3.yaml/dataset=ogbn-arxiv/feature=raw/mechanism=mbm/x_eps=0.1/m=best/norm=false/smoother=hoa/backbone=sage/use_nfr=true/logs/grid_candidate_0031_attempt_1.log,
grid_candidate_0030,grid,grid_candidate_0030,completed,1,0,46.368575,/home/hzw/Rethinking_GNN_DP/paper_experiments/figure3/figure3_pipeline3.yaml/dataset=ogbn-arxiv/feature=raw/mechanism=mbm/x_eps=0.1/m=best/norm=false/smoother=hoa/backbone=sage/use_nfr=true/logs/grid_candidate_0030_attempt_1.log,
grid_candidate_0033,grid,grid_candidate_0033,completed,1,0,43.632517,/home/hzw/Rethinking_GNN_DP/paper_experiments/figure3/figure3_pipeline3.yaml/dataset=ogbn-arxiv/feature=raw/mechanism=mbm/x_eps=0.1/m=best/norm=false/smoother=hoa/backbone=sage/use_nfr=true/logs/grid_candidate_0033_attempt_1.log,
grid_candidate_0034,grid,grid_candidate_0034,completed,1,0,42.173966,/home/hzw/Rethinking_GNN_DP/paper_experiments/figure3/figure3_pipeline3.yaml/dataset=ogbn-arxiv/feature=raw/mechanism=mbm/x_eps=0.1/m=best/norm=false/smoother=hoa/backbone=sage/use_nfr=true/logs/grid_candidate_0034_attempt_1.log,
grid_candidate_0037,grid,grid_candidate_0037,completed,1,0,36.998484,/home/hzw/Rethinking_GNN_DP/paper_experiments/figure3/figure3_pipeline3.yaml/dataset=ogbn-arxiv/feature=raw/mechanism=mbm/x_eps=0.1/m=best/norm=false/smoother=hoa/backbone=sage/use_nfr=true/logs/grid_candidate_0037_attempt_1.log,
grid_candidate_0028,grid,grid_candidate_0028,completed,1,0,52.407119,/home/hzw/Rethinking_GNN_DP/paper_experiments/figure3/figure3_pipeline3.yaml/dataset=ogbn-arxiv/feature=raw/mechanism=mbm/x_eps=0.1/m=best/norm=false/smoother=hoa/backbone=sage/use_nfr=true/logs/grid_candidate_0028_attempt_1.log,
grid_candidate_0036,grid,grid_candidate_0036,completed,1,0,43.361827,/home/hzw/Rethinking_GNN_DP/paper_experiments/figure3/figure3_pipeline3.yaml/dataset=ogbn-arxiv/feature=raw/mechanism=mbm/x_eps=0.1/m=best/norm=false/smoother=hoa/backbone=sage/use_nfr=true/logs/grid_candidate_0036_attempt_1.log,
grid_candidate_0042,grid,grid_candidate_0042,completed,1,0,32.849487,/home/hzw/Rethinking_GNN_DP/paper_experiments/figure3/figure3_pipeline3.yaml/dataset=ogbn-arxiv/feature=raw/mechanism=mbm/x_eps=0.1/m=best/norm=false/smoother=hoa/backbone=sage/use_nfr=true/logs/grid_candidate_0042_attempt_1.log,
grid_candidate_0039,grid,grid_candidate_0039,completed,1,0,39.555626,/home/hzw/Rethinking_GNN_DP/paper_experiments/figure3/figure3_pipeline3.yaml/dataset=ogbn-arxiv/feature=raw/mechanism=mbm/x_eps=0.1/m=best/norm=false/smoother=hoa/backbone=sage/use_nfr=true/logs/grid_candidate_0039_attempt_1.log,
grid_candidate_0038,grid,grid_candidate_0038,completed,1,0,45.007705,/home/hzw/Rethinking_GNN_DP/paper_experiments/figure3/figure3_pipeline3.yaml/dataset=ogbn-arxiv/feature=raw/mechanism=mbm/x_eps=0.1/m=best/norm=false/smoother=hoa/backbone=sage/use_nfr=true/logs/grid_candidate_0038_attempt_1.log,
grid_candidate_0041,grid,grid_candidate_0041,completed,1,0,45.581221,/home/hzw/Rethinking_GNN_DP/paper_experiments/figure3/figure3_pipeline3.yaml/dataset=ogbn-arxiv/feature=raw/mechanism=mbm/x_eps=0.1/m=best/norm=false/smoother=hoa/backbone=sage/use_nfr=true/logs/grid_candidate_0041_attempt_1.log,
grid_candidate_0043,grid,grid_candidate_0043,completed,1,0,41.814732,/home/hzw/Rethinking_GNN_DP/paper_experiments/figure3/figure3_pipeline3.yaml/dataset=ogbn-arxiv/feature=raw/mechanism=mbm/x_eps=0.1/m=best/norm=false/smoother=hoa/backbone=sage/use_nfr=true/logs/grid_candidate_0043_attempt_1.log,
grid_candidate_0040,grid,grid_candidate_0040,completed,1,0,49.150834,/home/hzw/Rethinking_GNN_DP/paper_experiments/figure3/figure3_pipeline3.yaml/dataset=ogbn-arxiv/feature=raw/mechanism=mbm/x_eps=0.1/m=best/norm=false/smoother=hoa/backbone=sage/use_nfr=true/logs/grid_candidate_0040_attempt_1.log,
grid_candidate_0045,grid,grid_candidate_0045,completed,1,0,45.499276,/home/hzw/Rethinking_GNN_DP/paper_experiments/figure3/figure3_pipeline3.yaml/dataset=ogbn-arxiv/feature=raw/mechanism=mbm/x_eps=0.1/m=best/norm=false/smoother=hoa/backbone=sage/use_nfr=true/logs/grid_candidate_0045_attempt_1.log,
grid_candidate_0044,grid,grid_candidate_0044,completed,1,0,47.986992,/home/hzw/Rethinking_GNN_DP/paper_experiments/figure3/figure3_pipeline3.yaml/dataset=ogbn-arxiv/feature=raw/mechanism=mbm/x_eps=0.1/m=best/norm=false/smoother=hoa/backbone=sage/use_nfr=true/logs/grid_candidate_0044_attempt_1.log,
grid_candidate_0046,grid,grid_candidate_0046,completed,1,0,45.987631,/home/hzw/Rethinking_GNN_DP/paper_experiments/figure3/figure3_pipeline3.yaml/dataset=ogbn-arxiv/feature=raw/mechanism=mbm/x_eps=0.1/m=best/norm=false/smoother=hoa/backbone=sage/use_nfr=true/logs/grid_candidate_0046_attempt_1.log,
grid_candidate_0051,grid,grid_candidate_0051,completed,1,0,34.198632,/home/hzw/Rethinking_GNN_DP/paper_experiments/figure3/figure3_pipeline3.yaml/dataset=ogbn-arxiv/feature=raw/mechanism=mbm/x_eps=0.1/m=best/norm=false/smoother=hoa/backbone=sage/use_nfr=true/logs/grid_candidate_0051_attempt_1.log,
grid_candidate_0054,grid,grid_candidate_0054,completed,1,0,36.091118,/home/hzw/Rethinking_GNN_DP/paper_experiments/figure3/figure3_pipeline3.yaml/dataset=ogbn-arxiv/feature=raw/mechanism=mbm/x_eps=0.1/m=best/norm=false/smoother=hoa/backbone=sage/use_nfr=true/logs/grid_candidate_0054_attempt_1.log,
grid_candidate_0047,grid,grid_candidate_0047,completed,1,0,49.788319,/home/hzw/Rethinking_GNN_DP/paper_experiments/figure3/figure3_pipeline3.yaml/dataset=ogbn-arxiv/feature=raw/mechanism=mbm/x_eps=0.1/m=best/norm=false/smoother=hoa/backbone=sage/use_nfr=true/logs/grid_candidate_0047_attempt_1.log,
grid_candidate_0049,grid,grid_candidate_0049,completed,1,0,52.477615,/home/hzw/Rethinking_GNN_DP/paper_experiments/figure3/figure3_pipeline3.yaml/dataset=ogbn-arxiv/feature=raw/mechanism=mbm/x_eps=0.1/m=best/norm=false/smoother=hoa/backbone=sage/use_nfr=true/logs/grid_candidate_0049_attempt_1.log,
grid_candidate_0048,grid,grid_candidate_0048,completed,1,0,54.643699,/home/hzw/Rethinking_GNN_DP/paper_experiments/figure3/figure3_pipeline3.yaml/dataset=ogbn-arxiv/feature=raw/mechanism=mbm/x_eps=0.1/m=best/norm=false/smoother=hoa/backbone=sage/use_nfr=true/logs/grid_candidate_0048_attempt_1.log,
grid_candidate_0050,grid,grid_candidate_0050,completed,1,0,51.618189,/home/hzw/Rethinking_GNN_DP/paper_experiments/figure3/figure3_pipeline3.yaml/dataset=ogbn-arxiv/feature=raw/mechanism=mbm/x_eps=0.1/m=best/norm=false/smoother=hoa/backbone=sage/use_nfr=true/logs/grid_candidate_0050_attempt_1.log,
grid_candidate_0052,grid,grid_candidate_0052,completed,1,0,48.691188,/home/hzw/Rethinking_GNN_DP/paper_experiments/figure3/figure3_pipeline3.yaml/dataset=ogbn-arxiv/feature=raw/mechanism=mbm/x_eps=0.1/m=best/norm=false/smoother=hoa/backbone=sage/use_nfr=true/logs/grid_candidate_0052_attempt_1.log,
grid_candidate_0053,grid,grid_candidate_0053,completed,1,0,48.291838,/home/hzw/Rethinking_GNN_DP/paper_experiments/figure3/figure3_pipeline3.yaml/dataset=ogbn-arxiv/feature=raw/mechanism=mbm/x_eps=0.1/m=best/norm=false/smoother=hoa/backbone=sage/use_nfr=true/logs/grid_candidate_0053_attempt_1.log,
grid_candidate_0057,grid,grid_candidate_0057,completed,1,0,33.927762,/home/hzw/Rethinking_GNN_DP/paper_experiments/figure3/figure3_pipeline3.yaml/dataset=ogbn-arxiv/feature=raw/mechanism=mbm/x_eps=0.1/m=best/norm=false/smoother=hoa/backbone=sage/use_nfr=true/logs/grid_candidate_0057_attempt_1.log,
grid_candidate_0055,grid,grid_candidate_0055,completed,1,0,44.960515,/home/hzw/Rethinking_GNN_DP/paper_experiments/figure3/figure3_pipeline3.yaml/dataset=ogbn-arxiv/feature=raw/mechanism=mbm/x_eps=0.1/m=best/norm=false/smoother=hoa/backbone=sage/use_nfr=true/logs/grid_candidate_0055_attempt_1.log,
grid_candidate_0061,grid,grid_candidate_0061,completed,1,0,29.406911,/home/hzw/Rethinking_GNN_DP/paper_experiments/figure3/figure3_pipeline3.yaml/dataset=ogbn-arxiv/feature=raw/mechanism=mbm/x_eps=0.1/m=best/norm=false/smoother=hoa/backbone=sage/use_nfr=true/logs/grid_candidate_0061_attempt_1.log,
grid_candidate_0064,grid,grid_candidate_0064,completed,1,0,25.741800,/home/hzw/Rethinking_GNN_DP/paper_experiments/figure3/figure3_pipeline3.yaml/dataset=ogbn-arxiv/feature=raw/mechanism=mbm/x_eps=0.1/m=best/norm=false/smoother=hoa/backbone=sage/use_nfr=true/logs/grid_candidate_0064_attempt_1.log,
grid_candidate_0056,grid,grid_candidate_0056,completed,1,0,44.229972,/home/hzw/Rethinking_GNN_DP/paper_experiments/figure3/figure3_pipeline3.yaml/dataset=ogbn-arxiv/feature=raw/mechanism=mbm/x_eps=0.1/m=best/norm=false/smoother=hoa/backbone=sage/use_nfr=true/logs/grid_candidate_0056_attempt_1.log,
grid_candidate_0062,grid,grid_candidate_0062,completed,1,0,30.022780,/home/hzw/Rethinking_GNN_DP/paper_experiments/figure3/figure3_pipeline3.yaml/dataset=ogbn-arxiv/feature=raw/mechanism=mbm/x_eps=0.1/m=best/norm=false/smoother=hoa/backbone=sage/use_nfr=true/logs/grid_candidate_0062_attempt_1.log,
grid_candidate_0058,grid,grid_candidate_0058,completed,1,0,38.934381,/home/hzw/Rethinking_GNN_DP/paper_experiments/figure3/figure3_pipeline3.yaml/dataset=ogbn-arxiv/feature=raw/mechanism=mbm/x_eps=0.1/m=best/norm=false/smoother=hoa/backbone=sage/use_nfr=true/logs/grid_candidate_0058_attempt_1.log,
grid_candidate_0059,grid,grid_candidate_0059,completed,1,0,39.974420,/home/hzw/Rethinking_GNN_DP/paper_experiments/figure3/figure3_pipeline3.yaml/dataset=ogbn-arxiv/feature=raw/mechanism=mbm/x_eps=0.1/m=best/norm=false/smoother=hoa/backbone=sage/use_nfr=true/logs/grid_candidate_0059_attempt_1.log,
grid_candidate_0063,grid,grid_candidate_0063,completed,1,0,34.593768,/home/hzw/Rethinking_GNN_DP/paper_experiments/figure3/figure3_pipeline3.yaml/dataset=ogbn-arxiv/feature=raw/mechanism=mbm/x_eps=0.1/m=best/norm=false/smoother=hoa/backbone=sage/use_nfr=true/logs/grid_candidate_0063_attempt_1.log,
grid_candidate_0065,grid,grid_candidate_0065,completed,1,0,35.704381,/home/hzw/Rethinking_GNN_DP/paper_experiments/figure3/figure3_pipeline3.yaml/dataset=ogbn-arxiv/feature=raw/mechanism=mbm/x_eps=0.1/m=best/norm=false/smoother=hoa/backbone=sage/use_nfr=true/logs/grid_candidate_0065_attempt_1.log,
grid_candidate_0066,grid,grid_candidate_0066,completed,1,0,37.159196,/home/hzw/Rethinking_GNN_DP/paper_experiments/figure3/figure3_pipeline3.yaml/dataset=ogbn-arxiv/feature=raw/mechanism=mbm/x_eps=0.1/m=best/norm=false/smoother=hoa/backbone=sage/use_nfr=true/logs/grid_candidate_0066_attempt_1.log,
grid_candidate_0069,grid,grid_candidate_0069,completed,1,0,32.850730,/home/hzw/Rethinking_GNN_DP/paper_experiments/figure3/figure3_pipeline3.yaml/dataset=ogbn-arxiv/feature=raw/mechanism=mbm/x_eps=0.1/m=best/norm=false/smoother=hoa/backbone=sage/use_nfr=true/logs/grid_candidate_0069_attempt_1.log,
grid_candidate_0060,grid,grid_candidate_0060,completed,1,0,49.074829,/home/hzw/Rethinking_GNN_DP/paper_experiments/figure3/figure3_pipeline3.yaml/dataset=ogbn-arxiv/feature=raw/mechanism=mbm/x_eps=0.1/m=best/norm=false/smoother=hoa/backbone=sage/use_nfr=true/logs/grid_candidate_0060_attempt_1.log,
grid_candidate_0072,grid,grid_candidate_0072,completed,1,0,29.396576,/home/hzw/Rethinking_GNN_DP/paper_experiments/figure3/figure3_pipeline3.yaml/dataset=ogbn-arxiv/feature=raw/mechanism=mbm/x_eps=0.1/m=best/norm=false/smoother=hoa/backbone=sage/use_nfr=true/logs/grid_candidate_0072_attempt_1.log,
grid_candidate_0070,grid,grid_candidate_0070,completed,1,0,36.093773,/home/hzw/Rethinking_GNN_DP/paper_experiments/figure3/figure3_pipeline3.yaml/dataset=ogbn-arxiv/feature=raw/mechanism=mbm/x_eps=0.1/m=best/norm=false/smoother=hoa/backbone=sage/use_nfr=true/logs/grid_candidate_0070_attempt_1.log,
grid_candidate_0067,grid,grid_candidate_0067,completed,1,0,38.685222,/home/hzw/Rethinking_GNN_DP/paper_experiments/figure3/figure3_pipeline3.yaml/dataset=ogbn-arxiv/feature=raw/mechanism=mbm/x_eps=0.1/m=best/norm=false/smoother=hoa/backbone=sage/use_nfr=true/logs/grid_candidate_0067_attempt_1.log,
grid_candidate_0068,grid,grid_candidate_0068,completed,1,0,39.623955,/home/hzw/Rethinking_GNN_DP/paper_experiments/figure3/figure3_pipeline3.yaml/dataset=ogbn-arxiv/feature=raw/mechanism=mbm/x_eps=0.1/m=best/norm=false/smoother=hoa/backbone=sage/use_nfr=true/logs/grid_candidate_0068_attempt_1.log,
grid_candidate_0071,grid,grid_candidate_0071,completed,1,0,40.938177,/home/hzw/Rethinking_GNN_DP/paper_experiments/figure3/figure3_pipeline3.yaml/dataset=ogbn-arxiv/feature=raw/mechanism=mbm/x_eps=0.1/m=best/norm=false/smoother=hoa/backbone=sage/use_nfr=true/logs/grid_candidate_0071_attempt_1.log,
grid_candidate_0076,grid,grid_candidate_0076,completed,1,0,36.152958,/home/hzw/Rethinking_GNN_DP/paper_experiments/figure3/figure3_pipeline3.yaml/dataset=ogbn-arxiv/feature=raw/mechanism=mbm/x_eps=0.1/m=best/norm=false/smoother=hoa/backbone=sage/use_nfr=true/logs/grid_candidate_0076_attempt_1.log,
grid_candidate_0074,grid,grid_candidate_0074,completed,1,0,39.428601,/home/hzw/Rethinking_GNN_DP/paper_experiments/figure3/figure3_pipeline3.yaml/dataset=ogbn-arxiv/feature=raw/mechanism=mbm/x_eps=0.1/m=best/norm=false/smoother=hoa/backbone=sage/use_nfr=true/logs/grid_candidate_0074_attempt_1.log,
grid_candidate_0075,grid,grid_candidate_0075,completed,1,0,40.622054,/home/hzw/Rethinking_GNN_DP/paper_experiments/figure3/figure3_pipeline3.yaml/dataset=ogbn-arxiv/feature=raw/mechanism=mbm/x_eps=0.1/m=best/norm=false/smoother=hoa/backbone=sage/use_nfr=true/logs/grid_candidate_0075_attempt_1.log,
grid_candidate_0078,grid,grid_candidate_0078,completed,1,0,39.327247,/home/hzw/Rethinking_GNN_DP/paper_experiments/figure3/figure3_pipeline3.yaml/dataset=ogbn-arxiv/feature=raw/mechanism=mbm/x_eps=0.1/m=best/norm=false/smoother=hoa/backbone=sage/use_nfr=true/logs/grid_candidate_0078_attempt_1.log,
grid_candidate_0090,grid,grid_candidate_0090,completed,1,0,28.817719,/home/hzw/Rethinking_GNN_DP/paper_experiments/figure3/figure3_pipeline3.yaml/dataset=ogbn-arxiv/feature=raw/mechanism=mbm/x_eps=0.1/m=best/norm=false/smoother=hoa/backbone=sage/use_nfr=true/logs/grid_candidate_0090_attempt_1.log,
grid_candidate_0077,grid,grid_candidate_0077,completed,1,0,41.211406,/home/hzw/Rethinking_GNN_DP/paper_experiments/figure3/figure3_pipeline3.yaml/dataset=ogbn-arxiv/feature=raw/mechanism=mbm/x_eps=0.1/m=best/norm=false/smoother=hoa/backbone=sage/use_nfr=true/logs/grid_candidate_0077_attempt_1.log,
grid_candidate_0083,grid,grid_candidate_0083,completed,1,0,32.343431,/home/hzw/Rethinking_GNN_DP/paper_experiments/figure3/figure3_pipeline3.yaml/dataset=ogbn-arxiv/feature=raw/mechanism=mbm/x_eps=0.1/m=best/norm=false/smoother=hoa/backbone=sage/use_nfr=true/logs/grid_candidate_0083_attempt_1.log,
grid_candidate_0073,grid,grid_candidate_0073,completed,1,0,45.183364,/home/hzw/Rethinking_GNN_DP/paper_experiments/figure3/figure3_pipeline3.yaml/dataset=ogbn-arxiv/feature=raw/mechanism=mbm/x_eps=0.1/m=best/norm=false/smoother=hoa/backbone=sage/use_nfr=true/logs/grid_candidate_0073_attempt_1.log,
grid_candidate_0091,grid,grid_candidate_0091,completed,1,0,31.898380,/home/hzw/Rethinking_GNN_DP/paper_experiments/figure3/figure3_pipeline3.yaml/dataset=ogbn-arxiv/feature=raw/mechanism=mbm/x_eps=0.1/m=best/norm=false/smoother=hoa/backbone=sage/use_nfr=true/logs/grid_candidate_0091_attempt_1.log,
grid_candidate_0079,grid,grid_candidate_0079,completed,1,0,43.612545,/home/hzw/Rethinking_GNN_DP/paper_experiments/figure3/figure3_pipeline3.yaml/dataset=ogbn-arxiv/feature=raw/mechanism=mbm/x_eps=0.1/m=best/norm=false/smoother=hoa/backbone=sage/use_nfr=true/logs/grid_candidate_0079_attempt_1.log,
grid_candidate_0080,grid,grid_candidate_0080,completed,1,0,44.142472,/home/hzw/Rethinking_GNN_DP/paper_experiments/figure3/figure3_pipeline3.yaml/dataset=ogbn-arxiv/feature=raw/mechanism=mbm/x_eps=0.1/m=best/norm=false/smoother=hoa/backbone=sage/use_nfr=true/logs/grid_candidate_0080_attempt_1.log,
grid_candidate_0081,grid,grid_candidate_0081,completed,1,0,47.249624,/home/hzw/Rethinking_GNN_DP/paper_experiments/figure3/figure3_pipeline3.yaml/dataset=ogbn-arxiv/feature=raw/mechanism=mbm/x_eps=0.1/m=best/norm=false/smoother=hoa/backbone=sage/use_nfr=true/logs/grid_candidate_0081_attempt_1.log,
grid_candidate_0082,grid,grid_candidate_0082,completed,1,0,47.594286,/home/hzw/Rethinking_GNN_DP/paper_experiments/figure3/figure3_pipeline3.yaml/dataset=ogbn-arxiv/feature=raw/mechanism=mbm/x_eps=0.1/m=best/norm=false/smoother=hoa/backbone=sage/use_nfr=true/logs/grid_candidate_0082_attempt_1.log,
grid_candidate_0086,grid,grid_candidate_0086,completed,1,0,45.576351,/home/hzw/Rethinking_GNN_DP/paper_experiments/figure3/figure3_pipeline3.yaml/dataset=ogbn-arxiv/feature=raw/mechanism=mbm/x_eps=0.1/m=best/norm=false/smoother=hoa/backbone=sage/use_nfr=true/logs/grid_candidate_0086_attempt_1.log,
grid_candidate_0088,grid,grid_candidate_0088,completed,1,0,45.092467,/home/hzw/Rethinking_GNN_DP/paper_experiments/figure3/figure3_pipeline3.yaml/dataset=ogbn-arxiv/feature=raw/mechanism=mbm/x_eps=0.1/m=best/norm=false/smoother=hoa/backbone=sage/use_nfr=true/logs/grid_candidate_0088_attempt_1.log,
grid_candidate_0085,grid,grid_candidate_0085,completed,1,0,47.710946,/home/hzw/Rethinking_GNN_DP/paper_experiments/figure3/figure3_pipeline3.yaml/dataset=ogbn-arxiv/feature=raw/mechanism=mbm/x_eps=0.1/m=best/norm=false/smoother=hoa/backbone=sage/use_nfr=true/logs/grid_candidate_0085_attempt_1.log,
grid_candidate_0097,grid,grid_candidate_0097,completed,1,0,36.822920,/home/hzw/Rethinking_GNN_DP/paper_experiments/figure3/figure3_pipeline3.yaml/dataset=ogbn-arxiv/feature=raw/mechanism=mbm/x_eps=0.1/m=best/norm=false/smoother=hoa/backbone=sage/use_nfr=true/logs/grid_candidate_0097_attempt_1.log,
grid_candidate_0101,grid,grid_candidate_0101,completed,1,0,33.869815,/home/hzw/Rethinking_GNN_DP/paper_experiments/figure3/figure3_pipeline3.yaml/dataset=ogbn-arxiv/feature=raw/mechanism=mbm/x_eps=0.1/m=best/norm=false/smoother=hoa/backbone=sage/use_nfr=true/logs/grid_candidate_0101_attempt_1.log,
grid_candidate_0092,grid,grid_candidate_0092,completed,1,0,47.551353,/home/hzw/Rethinking_GNN_DP/paper_experiments/figure3/figure3_pipeline3.yaml/dataset=ogbn-arxiv/feature=raw/mechanism=mbm/x_eps=0.1/m=best/norm=false/smoother=hoa/backbone=sage/use_nfr=true/logs/grid_candidate_0092_attempt_1.log,
grid_candidate_0084,grid,grid_candidate_0084,completed,1,0,52.368467,/home/hzw/Rethinking_GNN_DP/paper_experiments/figure3/figure3_pipeline3.yaml/dataset=ogbn-arxiv/feature=raw/mechanism=mbm/x_eps=0.1/m=best/norm=false/smoother=hoa/backbone=sage/use_nfr=true/logs/grid_candidate_0084_attempt_1.log,
grid_candidate_0089,grid,grid_candidate_0089,completed,1,0,50.393800,/home/hzw/Rethinking_GNN_DP/paper_experiments/figure3/figure3_pipeline3.yaml/dataset=ogbn-arxiv/feature=raw/mechanism=mbm/x_eps=0.1/m=best/norm=false/smoother=hoa/backbone=sage/use_nfr=true/logs/grid_candidate_0089_attempt_1.log,
grid_candidate_0087,grid,grid_candidate_0087,completed,1,0,52.080983,/home/hzw/Rethinking_GNN_DP/paper_experiments/figure3/figure3_pipeline3.yaml/dataset=ogbn-arxiv/feature=raw/mechanism=mbm/x_eps=0.1/m=best/norm=false/smoother=hoa/backbone=sage/use_nfr=true/logs/grid_candidate_0087_attempt_1.log,
grid_candidate_0096,grid,grid_candidate_0096,completed,1,0,45.472231,/home/hzw/Rethinking_GNN_DP/paper_experiments/figure3/figure3_pipeline3.yaml/dataset=ogbn-arxiv/feature=raw/mechanism=mbm/x_eps=0.1/m=best/norm=false/smoother=hoa/backbone=sage/use_nfr=true/logs/grid_candidate_0096_attempt_1.log,
grid_candidate_0094,grid,grid_candidate_0094,completed,1,0,47.905081,/home/hzw/Rethinking_GNN_DP/paper_experiments/figure3/figure3_pipeline3.yaml/dataset=ogbn-arxiv/feature=raw/mechanism=mbm/x_eps=0.1/m=best/norm=false/smoother=hoa/backbone=sage/use_nfr=true/logs/grid_candidate_0094_attempt_1.log,
grid_candidate_0093,grid,grid_candidate_0093,completed,1,0,48.390248,/home/hzw/Rethinking_GNN_DP/paper_experiments/figure3/figure3_pipeline3.yaml/dataset=ogbn-arxiv/feature=raw/mechanism=mbm/x_eps=0.1/m=best/norm=false/smoother=hoa/backbone=sage/use_nfr=true/logs/grid_candidate_0093_attempt_1.log,
grid_candidate_0095,grid,grid_candidate_0095,completed,1,0,47.650761,/home/hzw/Rethinking_GNN_DP/paper_experiments/figure3/figure3_pipeline3.yaml/dataset=ogbn-arxiv/feature=raw/mechanism=mbm/x_eps=0.1/m=best/norm=false/smoother=hoa/backbone=sage/use_nfr=true/logs/grid_candidate_0095_attempt_1.log,
grid_candidate_0099,grid,grid_candidate_0099,completed,1,0,44.578635,/home/hzw/Rethinking_GNN_DP/paper_experiments/figure3/figure3_pipeline3.yaml/dataset=ogbn-arxiv/feature=raw/mechanism=mbm/x_eps=0.1/m=best/norm=false/smoother=hoa/backbone=sage/use_nfr=true/logs/grid_candidate_0099_attempt_1.log,
grid_candidate_0098,grid,grid_candidate_0098,completed,1,0,45.834940,/home/hzw/Rethinking_GNN_DP/paper_experiments/figure3/figure3_pipeline3.yaml/dataset=ogbn-arxiv/feature=raw/mechanism=mbm/x_eps=0.1/m=best/norm=false/smoother=hoa/backbone=sage/use_nfr=true/logs/grid_candidate_0098_attempt_1.log,
grid_candidate_0102,grid,grid_candidate_0102,completed,1,0,43.081239,/home/hzw/Rethinking_GNN_DP/paper_experiments/figure3/figure3_pipeline3.yaml/dataset=ogbn-arxiv/feature=raw/mechanism=mbm/x_eps=0.1/m=best/norm=false/smoother=hoa/backbone=sage/use_nfr=true/logs/grid_candidate_0102_attempt_1.log,
grid_candidate_0100,grid,grid_candidate_0100,completed,1,0,44.421217,/home/hzw/Rethinking_GNN_DP/paper_experiments/figure3/figure3_pipeline3.yaml/dataset=ogbn-arxiv/feature=raw/mechanism=mbm/x_eps=0.1/m=best/norm=false/smoother=hoa/backbone=sage/use_nfr=true/logs/grid_candidate_0100_attempt_1.log,
grid_candidate_0111,grid,grid_candidate_0111,completed,1,0,32.094073,/home/hzw/Rethinking_GNN_DP/paper_experiments/figure3/figure3_pipeline3.yaml/dataset=ogbn-arxiv/feature=raw/mechanism=mbm/x_eps=0.1/m=best/norm=false/smoother=hoa/backbone=sage/use_nfr=true/logs/grid_candidate_0111_attempt_1.log,
grid_candidate_0104,grid,grid_candidate_0104,completed,1,0,43.038538,/home/hzw/Rethinking_GNN_DP/paper_experiments/figure3/figure3_pipeline3.yaml/dataset=ogbn-arxiv/feature=raw/mechanism=mbm/x_eps=0.1/m=best/norm=false/smoother=hoa/backbone=sage/use_nfr=true/logs/grid_candidate_0104_attempt_1.log,
grid_candidate_0103,grid,grid_candidate_0103,completed,1,0,45.993126,/home/hzw/Rethinking_GNN_DP/paper_experiments/figure3/figure3_pipeline3.yaml/dataset=ogbn-arxiv/feature=raw/mechanism=mbm/x_eps=0.1/m=best/norm=false/smoother=hoa/backbone=sage/use_nfr=true/logs/grid_candidate_0103_attempt_1.log,
grid_candidate_0107,grid,grid_candidate_0107,completed,1,0,44.679807,/home/hzw/Rethinking_GNN_DP/paper_experiments/figure3/figure3_pipeline3.yaml/dataset=ogbn-arxiv/feature=raw/mechanism=mbm/x_eps=0.1/m=best/norm=false/smoother=hoa/backbone=sage/use_nfr=true/logs/grid_candidate_0107_attempt_1.log,
grid_candidate_0108,grid,grid_candidate_0108,completed,1,0,42.393643,/home/hzw/Rethinking_GNN_DP/paper_experiments/figure3/figure3_pipeline3.yaml/dataset=ogbn-arxiv/feature=raw/mechanism=mbm/x_eps=0.1/m=best/norm=false/smoother=hoa/backbone=sage/use_nfr=true/logs/grid_candidate_0108_attempt_1.log,
grid_candidate_0106,grid,grid_candidate_0106,completed,1,0,47.054572,/home/hzw/Rethinking_GNN_DP/paper_experiments/figure3/figure3_pipeline3.yaml/dataset=ogbn-arxiv/feature=raw/mechanism=mbm/x_eps=0.1/m=best/norm=false/smoother=hoa/backbone=sage/use_nfr=true/logs/grid_candidate_0106_attempt_1.log,
grid_candidate_0110,grid,grid_candidate_0110,completed,1,0,42.453576,/home/hzw/Rethinking_GNN_DP/paper_experiments/figure3/figure3_pipeline3.yaml/dataset=ogbn-arxiv/feature=raw/mechanism=mbm/x_eps=0.1/m=best/norm=false/smoother=hoa/backbone=sage/use_nfr=true/logs/grid_candidate_0110_attempt_1.log,
grid_candidate_0105,grid,grid_candidate_0105,completed,1,0,51.604937,/home/hzw/Rethinking_GNN_DP/paper_experiments/figure3/figure3_pipeline3.yaml/dataset=ogbn-arxiv/feature=raw/mechanism=mbm/x_eps=0.1/m=best/norm=false/smoother=hoa/backbone=sage/use_nfr=true/logs/grid_candidate_0105_attempt_1.log,
grid_candidate_0113,grid,grid_candidate_0113,completed,1,0,43.956102,/home/hzw/Rethinking_GNN_DP/paper_experiments/figure3/figure3_pipeline3.yaml/dataset=ogbn-arxiv/feature=raw/mechanism=mbm/x_eps=0.1/m=best/norm=false/smoother=hoa/backbone=sage/use_nfr=true/logs/grid_candidate_0113_attempt_1.log,
grid_candidate_0112,grid,grid_candidate_0112,completed,1,0,46.221470,/home/hzw/Rethinking_GNN_DP/paper_experiments/figure3/figure3_pipeline3.yaml/dataset=ogbn-arxiv/feature=raw/mechanism=mbm/x_eps=0.1/m=best/norm=false/smoother=hoa/backbone=sage/use_nfr=true/logs/grid_candidate_0112_attempt_1.log,
grid_candidate_0118,grid,grid_candidate_0118,completed,1,0,42.705277,/home/hzw/Rethinking_GNN_DP/paper_experiments/figure3/figure3_pipeline3.yaml/dataset=ogbn-arxiv/feature=raw/mechanism=mbm/x_eps=0.1/m=best/norm=false/smoother=hoa/backbone=sage/use_nfr=true/logs/grid_candidate_0118_attempt_1.log,
grid_candidate_0119,grid,grid_candidate_0119,completed,1,0,41.593606,/home/hzw/Rethinking_GNN_DP/paper_experiments/figure3/figure3_pipeline3.yaml/dataset=ogbn-arxiv/feature=raw/mechanism=mbm/x_eps=0.1/m=best/norm=false/smoother=hoa/backbone=sage/use_nfr=true/logs/grid_candidate_0119_attempt_1.log,
grid_candidate_0114,grid,grid_candidate_0114,completed,1,0,48.838299,/home/hzw/Rethinking_GNN_DP/paper_experiments/figure3/figure3_pipeline3.yaml/dataset=ogbn-arxiv/feature=raw/mechanism=mbm/x_eps=0.1/m=best/norm=false/smoother=hoa/backbone=sage/use_nfr=true/logs/grid_candidate_0114_attempt_1.log,
grid_candidate_0109,grid,grid_candidate_0109,completed,1,0,54.835459,/home/hzw/Rethinking_GNN_DP/paper_experiments/figure3/figure3_pipeline3.yaml/dataset=ogbn-arxiv/feature=raw/mechanism=mbm/x_eps=0.1/m=best/norm=false/smoother=hoa/backbone=sage/use_nfr=true/logs/grid_candidate_0109_attempt_1.log,
grid_candidate_0121,grid,grid_candidate_0121,completed,1,0,41.113204,/home/hzw/Rethinking_GNN_DP/paper_experiments/figure3/figure3_pipeline3.yaml/dataset=ogbn-arxiv/feature=raw/mechanism=mbm/x_eps=0.1/m=best/norm=false/smoother=hoa/backbone=sage/use_nfr=true/logs/grid_candidate_0121_attempt_1.log,
grid_candidate_0115,grid,grid_candidate_0115,completed,1,0,53.834120,/home/hzw/Rethinking_GNN_DP/paper_experiments/figure3/figure3_pipeline3.yaml/dataset=ogbn-arxiv/feature=raw/mechanism=mbm/x_eps=0.1/m=best/norm=false/smoother=hoa/backbone=sage/use_nfr=true/logs/grid_candidate_0115_attempt_1.log,
grid_candidate_0120,grid,grid_candidate_0120,completed,1,0,44.011382,/home/hzw/Rethinking_GNN_DP/paper_experiments/figure3/figure3_pipeline3.yaml/dataset=ogbn-arxiv/feature=raw/mechanism=mbm/x_eps=0.1/m=best/norm=false/smoother=hoa/backbone=sage/use_nfr=true/logs/grid_candidate_0120_attempt_1.log,
grid_candidate_0116,grid,grid_candidate_0116,completed,1,0,53.839682,/home/hzw/Rethinking_GNN_DP/paper_experiments/figure3/figure3_pipeline3.yaml/dataset=ogbn-arxiv/feature=raw/mechanism=mbm/x_eps=0.1/m=best/norm=false/smoother=hoa/backbone=sage/use_nfr=true/logs/grid_candidate_0116_attempt_1.log,
grid_candidate_0117,grid,grid_candidate_0117,completed,1,0,51.419866,/home/hzw/Rethinking_GNN_DP/paper_experiments/figure3/figure3_pipeline3.yaml/dataset=ogbn-arxiv/feature=raw/mechanism=mbm/x_eps=0.1/m=best/norm=false/smoother=hoa/backbone=sage/use_nfr=true/logs/grid_candidate_0117_attempt_1.log,
grid_candidate_0123,grid,grid_candidate_0123,completed,1,0,41.253660,/home/hzw/Rethinking_GNN_DP/paper_experiments/figure3/figure3_pipeline3.yaml/dataset=ogbn-arxiv/feature=raw/mechanism=mbm/x_eps=0.1/m=best/norm=false/smoother=hoa/backbone=sage/use_nfr=true/logs/grid_candidate_0123_attempt_1.log,
grid_candidate_0122,grid,grid_candidate_0122,completed,1,0,42.518905,/home/hzw/Rethinking_GNN_DP/paper_experiments/figure3/figure3_pipeline3.yaml/dataset=ogbn-arxiv/feature=raw/mechanism=mbm/x_eps=0.1/m=best/norm=false/smoother=hoa/backbone=sage/use_nfr=true/logs/grid_candidate_0122_attempt_1.log,
grid_candidate_0125,grid,grid_candidate_0125,completed,1,0,44.235092,/home/hzw/Rethinking_GNN_DP/paper_experiments/figure3/figure3_pipeline3.yaml/dataset=ogbn-arxiv/feature=raw/mechanism=mbm/x_eps=0.1/m=best/norm=false/smoother=hoa/backbone=sage/use_nfr=true/logs/grid_candidate_0125_attempt_1.log,
grid_candidate_0124,grid,grid_candidate_0124,completed,1,0,49.053509,/home/hzw/Rethinking_GNN_DP/paper_experiments/figure3/figure3_pipeline3.yaml/dataset=ogbn-arxiv/feature=raw/mechanism=mbm/x_eps=0.1/m=best/norm=false/smoother=hoa/backbone=sage/use_nfr=true/logs/grid_candidate_0124_attempt_1.log,
grid_candidate_0126,grid,grid_candidate_0126,completed,1,0,48.720138,/home/hzw/Rethinking_GNN_DP/paper_experiments/figure3/figure3_pipeline3.yaml/dataset=ogbn-arxiv/feature=raw/mechanism=mbm/x_eps=0.1/m=best/norm=false/smoother=hoa/backbone=sage/use_nfr=true/logs/grid_candidate_0126_attempt_1.log,
grid_candidate_0131,grid,grid_candidate_0131,completed,1,0,45.752092,/home/hzw/Rethinking_GNN_DP/paper_experiments/figure3/figure3_pipeline3.yaml/dataset=ogbn-arxiv/feature=raw/mechanism=mbm/x_eps=0.1/m=best/norm=false/smoother=hoa/backbone=sage/use_nfr=true/logs/grid_candidate_0131_attempt_1.log,
grid_candidate_0127,grid,grid_candidate_0127,completed,1,0,48.153506,/home/hzw/Rethinking_GNN_DP/paper_experiments/figure3/figure3_pipeline3.yaml/dataset=ogbn-arxiv/feature=raw/mechanism=mbm/x_eps=0.1/m=best/norm=false/smoother=hoa/backbone=sage/use_nfr=true/logs/grid_candidate_0127_attempt_1.log,
grid_candidate_0132,grid,grid_candidate_0132,completed,1,0,45.078446,/home/hzw/Rethinking_GNN_DP/paper_experiments/figure3/figure3_pipeline3.yaml/dataset=ogbn-arxiv/feature=raw/mechanism=mbm/x_eps=0.1/m=best/norm=false/smoother=hoa/backbone=sage/use_nfr=true/logs/grid_candidate_0132_attempt_1.log,
grid_candidate_0129,grid,grid_candidate_0129,completed,1,0,48.660030,/home/hzw/Rethinking_GNN_DP/paper_experiments/figure3/figure3_pipeline3.yaml/dataset=ogbn-arxiv/feature=raw/mechanism=mbm/x_eps=0.1/m=best/norm=false/smoother=hoa/backbone=sage/use_nfr=true/logs/grid_candidate_0129_attempt_1.log,
grid_candidate_0135,grid,grid_candidate_0135,completed,1,0,44.871542,/home/hzw/Rethinking_GNN_DP/paper_experiments/figure3/figure3_pipeline3.yaml/dataset=ogbn-arxiv/feature=raw/mechanism=mbm/x_eps=0.1/m=best/norm=false/smoother=hoa/backbone=sage/use_nfr=true/logs/grid_candidate_0135_attempt_1.log,
grid_candidate_0128,grid,grid_candidate_0128,completed,1,0,51.376682,/home/hzw/Rethinking_GNN_DP/paper_experiments/figure3/figure3_pipeline3.yaml/dataset=ogbn-arxiv/feature=raw/mechanism=mbm/x_eps=0.1/m=best/norm=false/smoother=hoa/backbone=sage/use_nfr=true/logs/grid_candidate_0128_attempt_1.log,
grid_candidate_0133,grid,grid_candidate_0133,completed,1,0,49.937784,/home/hzw/Rethinking_GNN_DP/paper_experiments/figure3/figure3_pipeline3.yaml/dataset=ogbn-arxiv/feature=raw/mechanism=mbm/x_eps=0.1/m=best/norm=false/smoother=hoa/backbone=sage/use_nfr=true/logs/grid_candidate_0133_attempt_1.log,
grid_candidate_0136,grid,grid_candidate_0136,completed,1,0,46.512406,/home/hzw/Rethinking_GNN_DP/paper_experiments/figure3/figure3_pipeline3.yaml/dataset=ogbn-arxiv/feature=raw/mechanism=mbm/x_eps=0.1/m=best/norm=false/smoother=hoa/backbone=sage/use_nfr=true/logs/grid_candidate_0136_attempt_1.log,
grid_candidate_0130,grid,grid_candidate_0130,completed,1,0,52.296645,/home/hzw/Rethinking_GNN_DP/paper_experiments/figure3/figure3_pipeline3.yaml/dataset=ogbn-arxiv/feature=raw/mechanism=mbm/x_eps=0.1/m=best/norm=false/smoother=hoa/backbone=sage/use_nfr=true/logs/grid_candidate_0130_attempt_1.log,
grid_candidate_0137,grid,grid_candidate_0137,completed,1,0,46.366478,/home/hzw/Rethinking_GNN_DP/paper_experiments/figure3/figure3_pipeline3.yaml/dataset=ogbn-arxiv/feature=raw/mechanism=mbm/x_eps=0.1/m=best/norm=false/smoother=hoa/backbone=sage/use_nfr=true/logs/grid_candidate_0137_attempt_1.log,
grid_candidate_0134,grid,grid_candidate_0134,completed,1,0,51.511606,/home/hzw/Rethinking_GNN_DP/paper_experiments/figure3/figure3_pipeline3.yaml/dataset=ogbn-arxiv/feature=raw/mechanism=mbm/x_eps=0.1/m=best/norm=false/smoother=hoa/backbone=sage/use_nfr=true/logs/grid_candidate_0134_attempt_1.log,
grid_candidate_0149,grid,grid_candidate_0149,completed,1,0,29.132732,/home/hzw/Rethinking_GNN_DP/paper_experiments/figure3/figure3_pipeline3.yaml/dataset=ogbn-arxiv/feature=raw/mechanism=mbm/x_eps=0.1/m=best/norm=false/smoother=hoa/backbone=sage/use_nfr=true/logs/grid_candidate_0149_attempt_1.log,
grid_candidate_0138,grid,grid_candidate_0138,completed,1,0,46.969606,/home/hzw/Rethinking_GNN_DP/paper_experiments/figure3/figure3_pipeline3.yaml/dataset=ogbn-arxiv/feature=raw/mechanism=mbm/x_eps=0.1/m=best/norm=false/smoother=hoa/backbone=sage/use_nfr=true/logs/grid_candidate_0138_attempt_1.log,
grid_candidate_0140,grid,grid_candidate_0140,completed,1,0,46.569274,/home/hzw/Rethinking_GNN_DP/paper_experiments/figure3/figure3_pipeline3.yaml/dataset=ogbn-arxiv/feature=raw/mechanism=mbm/x_eps=0.1/m=best/norm=false/smoother=hoa/backbone=sage/use_nfr=true/logs/grid_candidate_0140_attempt_1.log,
grid_candidate_0139,grid,grid_candidate_0139,completed,1,0,48.188645,/home/hzw/Rethinking_GNN_DP/paper_experiments/figure3/figure3_pipeline3.yaml/dataset=ogbn-arxiv/feature=raw/mechanism=mbm/x_eps=0.1/m=best/norm=false/smoother=hoa/backbone=sage/use_nfr=true/logs/grid_candidate_0139_attempt_1.log,
grid_candidate_0141,grid,grid_candidate_0141,completed,1,0,46.213224,/home/hzw/Rethinking_GNN_DP/paper_experiments/figure3/figure3_pipeline3.yaml/dataset=ogbn-arxiv/feature=raw/mechanism=mbm/x_eps=0.1/m=best/norm=false/smoother=hoa/backbone=sage/use_nfr=true/logs/grid_candidate_0141_attempt_1.log,
grid_candidate_0142,grid,grid_candidate_0142,completed,1,0,41.925947,/home/hzw/Rethinking_GNN_DP/paper_experiments/figure3/figure3_pipeline3.yaml/dataset=ogbn-arxiv/feature=raw/mechanism=mbm/x_eps=0.1/m=best/norm=false/smoother=hoa/backbone=sage/use_nfr=true/logs/grid_candidate_0142_attempt_1.log,
grid_candidate_0145,grid,grid_candidate_0145,completed,1,0,40.313332,/home/hzw/Rethinking_GNN_DP/paper_experiments/figure3/figure3_pipeline3.yaml/dataset=ogbn-arxiv/feature=raw/mechanism=mbm/x_eps=0.1/m=best/norm=false/smoother=hoa/backbone=sage/use_nfr=true/logs/grid_candidate_0145_attempt_1.log,
grid_candidate_0143,grid,grid_candidate_0143,completed,1,0,43.021613,/home/hzw/Rethinking_GNN_DP/paper_experiments/figure3/figure3_pipeline3.yaml/dataset=ogbn-arxiv/feature=raw/mechanism=mbm/x_eps=0.1/m=best/norm=false/smoother=hoa/backbone=sage/use_nfr=true/logs/grid_candidate_0143_attempt_1.log,
grid_candidate_0144,grid,grid_candidate_0144,completed,1,0,44.320532,/home/hzw/Rethinking_GNN_DP/paper_experiments/figure3/figure3_pipeline3.yaml/dataset=ogbn-arxiv/feature=raw/mechanism=mbm/x_eps=0.1/m=best/norm=false/smoother=hoa/backbone=sage/use_nfr=true/logs/grid_candidate_0144_attempt_1.log,
grid_candidate_0148,grid,grid_candidate_0148,completed,1,0,40.044332,/home/hzw/Rethinking_GNN_DP/paper_experiments/figure3/figure3_pipeline3.yaml/dataset=ogbn-arxiv/feature=raw/mechanism=mbm/x_eps=0.1/m=best/norm=false/smoother=hoa/backbone=sage/use_nfr=true/logs/grid_candidate_0148_attempt_1.log,
grid_candidate_0158,grid,grid_candidate_0158,completed,1,0,31.187701,/home/hzw/Rethinking_GNN_DP/paper_experiments/figure3/figure3_pipeline3.yaml/dataset=ogbn-arxiv/feature=raw/mechanism=mbm/x_eps=0.1/m=best/norm=false/smoother=hoa/backbone=sage/use_nfr=true/logs/grid_candidate_0158_attempt_1.log,
grid_candidate_0159,grid,grid_candidate_0159,completed,1,0,30.613248,/home/hzw/Rethinking_GNN_DP/paper_experiments/figure3/figure3_pipeline3.yaml/dataset=ogbn-arxiv/feature=raw/mechanism=mbm/x_eps=0.1/m=best/norm=false/smoother=hoa/backbone=sage/use_nfr=true/logs/grid_candidate_0159_attempt_1.log,
grid_candidate_0150,grid,grid_candidate_0150,completed,1,0,43.357736,/home/hzw/Rethinking_GNN_DP/paper_experiments/figure3/figure3_pipeline3.yaml/dataset=ogbn-arxiv/feature=raw/mechanism=mbm/x_eps=0.1/m=best/norm=false/smoother=hoa/backbone=sage/use_nfr=true/logs/grid_candidate_0150_attempt_1.log,
grid_candidate_0151,grid,grid_candidate_0151,completed,1,0,43.351280,/home/hzw/Rethinking_GNN_DP/paper_experiments/figure3/figure3_pipeline3.yaml/dataset=ogbn-arxiv/feature=raw/mechanism=mbm/x_eps=0.1/m=best/norm=false/smoother=hoa/backbone=sage/use_nfr=true/logs/grid_candidate_0151_attempt_1.log,
grid_candidate_0147,grid,grid_candidate_0147,completed,1,0,49.664459,/home/hzw/Rethinking_GNN_DP/paper_experiments/figure3/figure3_pipeline3.yaml/dataset=ogbn-arxiv/feature=raw/mechanism=mbm/x_eps=0.1/m=best/norm=false/smoother=hoa/backbone=sage/use_nfr=true/logs/grid_candidate_0147_attempt_1.log,
grid_candidate_0160,grid,grid_candidate_0160,completed,1,0,33.405669,/home/hzw/Rethinking_GNN_DP/paper_experiments/figure3/figure3_pipeline3.yaml/dataset=ogbn-arxiv/feature=raw/mechanism=mbm/x_eps=0.1/m=best/norm=false/smoother=hoa/backbone=sage/use_nfr=true/logs/grid_candidate_0160_attempt_1.log,
grid_candidate_0157,grid,grid_candidate_0157,completed,1,0,40.621610,/home/hzw/Rethinking_GNN_DP/paper_experiments/figure3/figure3_pipeline3.yaml/dataset=ogbn-arxiv/feature=raw/mechanism=mbm/x_eps=0.1/m=best/norm=false/smoother=hoa/backbone=sage/use_nfr=true/logs/grid_candidate_0157_attempt_1.log,
grid_candidate_0146,grid,grid_candidate_0146,completed,1,0,52.524682,/home/hzw/Rethinking_GNN_DP/paper_experiments/figure3/figure3_pipeline3.yaml/dataset=ogbn-arxiv/feature=raw/mechanism=mbm/x_eps=0.1/m=best/norm=false/smoother=hoa/backbone=sage/use_nfr=true/logs/grid_candidate_0146_attempt_1.log,
grid_candidate_0153,grid,grid_candidate_0153,completed,1,0,44.116989,/home/hzw/Rethinking_GNN_DP/paper_experiments/figure3/figure3_pipeline3.yaml/dataset=ogbn-arxiv/feature=raw/mechanism=mbm/x_eps=0.1/m=best/norm=false/smoother=hoa/backbone=sage/use_nfr=true/logs/grid_candidate_0153_attempt_1.log,
grid_candidate_0166,grid,grid_candidate_0166,completed,1,0,28.273837,/home/hzw/Rethinking_GNN_DP/paper_experiments/figure3/figure3_pipeline3.yaml/dataset=ogbn-arxiv/feature=raw/mechanism=mbm/x_eps=0.1/m=best/norm=false/smoother=hoa/backbone=sage/use_nfr=true/logs/grid_candidate_0166_attempt_1.log,
grid_candidate_0155,grid,grid_candidate_0155,completed,1,0,43.184975,/home/hzw/Rethinking_GNN_DP/paper_experiments/figure3/figure3_pipeline3.yaml/dataset=ogbn-arxiv/feature=raw/mechanism=mbm/x_eps=0.1/m=best/norm=false/smoother=hoa/backbone=sage/use_nfr=true/logs/grid_candidate_0155_attempt_1.log,
grid_candidate_0165,grid,grid_candidate_0165,completed,1,0,29.955926,/home/hzw/Rethinking_GNN_DP/paper_experiments/figure3/figure3_pipeline3.yaml/dataset=ogbn-arxiv/feature=raw/mechanism=mbm/x_eps=0.1/m=best/norm=false/smoother=hoa/backbone=sage/use_nfr=true/logs/grid_candidate_0165_attempt_1.log,
grid_candidate_0152,grid,grid_candidate_0152,completed,1,0,48.519942,/home/hzw/Rethinking_GNN_DP/paper_experiments/figure3/figure3_pipeline3.yaml/dataset=ogbn-arxiv/feature=raw/mechanism=mbm/x_eps=0.1/m=best/norm=false/smoother=hoa/backbone=sage/use_nfr=true/logs/grid_candidate_0152_attempt_1.log,
grid_candidate_0156,grid,grid_candidate_0156,completed,1,0,47.846253,/home/hzw/Rethinking_GNN_DP/paper_experiments/figure3/figure3_pipeline3.yaml/dataset=ogbn-arxiv/feature=raw/mechanism=mbm/x_eps=0.1/m=best/norm=false/smoother=hoa/backbone=sage/use_nfr=true/logs/grid_candidate_0156_attempt_1.log,
grid_candidate_0161,grid,grid_candidate_0161,completed,1,0,37.253390,/home/hzw/Rethinking_GNN_DP/paper_experiments/figure3/figure3_pipeline3.yaml/dataset=ogbn-arxiv/feature=raw/mechanism=mbm/x_eps=0.1/m=best/norm=false/smoother=hoa/backbone=sage/use_nfr=true/logs/grid_candidate_0161_attempt_1.log,
grid_candidate_0154,grid,grid_candidate_0154,completed,1,0,50.017391,/home/hzw/Rethinking_GNN_DP/paper_experiments/figure3/figure3_pipeline3.yaml/dataset=ogbn-arxiv/feature=raw/mechanism=mbm/x_eps=0.1/m=best/norm=false/smoother=hoa/backbone=sage/use_nfr=true/logs/grid_candidate_0154_attempt_1.log,
grid_candidate_0164,grid,grid_candidate_0164,completed,1,0,37.012459,/home/hzw/Rethinking_GNN_DP/paper_experiments/figure3/figure3_pipeline3.yaml/dataset=ogbn-arxiv/feature=raw/mechanism=mbm/x_eps=0.1/m=best/norm=false/smoother=hoa/backbone=sage/use_nfr=true/logs/grid_candidate_0164_attempt_1.log,
grid_candidate_0163,grid,grid_candidate_0163,completed,1,0,37.918217,/home/hzw/Rethinking_GNN_DP/paper_experiments/figure3/figure3_pipeline3.yaml/dataset=ogbn-arxiv/feature=raw/mechanism=mbm/x_eps=0.1/m=best/norm=false/smoother=hoa/backbone=sage/use_nfr=true/logs/grid_candidate_0163_attempt_1.log,
grid_candidate_0162,grid,grid_candidate_0162,completed,1,0,39.496874,/home/hzw/Rethinking_GNN_DP/paper_experiments/figure3/figure3_pipeline3.yaml/dataset=ogbn-arxiv/feature=raw/mechanism=mbm/x_eps=0.1/m=best/norm=false/smoother=hoa/backbone=sage/use_nfr=true/logs/grid_candidate_0162_attempt_1.log,
grid_candidate_0169,grid,grid_candidate_0169,completed,1,0,36.756685,/home/hzw/Rethinking_GNN_DP/paper_experiments/figure3/figure3_pipeline3.yaml/dataset=ogbn-arxiv/feature=raw/mechanism=mbm/x_eps=0.1/m=best/norm=false/smoother=hoa/backbone=sage/use_nfr=true/logs/grid_candidate_0169_attempt_1.log,
grid_candidate_0177,grid,grid_candidate_0177,completed,1,0,32.526645,/home/hzw/Rethinking_GNN_DP/paper_experiments/figure3/figure3_pipeline3.yaml/dataset=ogbn-arxiv/feature=raw/mechanism=mbm/x_eps=0.1/m=best/norm=false/smoother=hoa/backbone=sage/use_nfr=true/logs/grid_candidate_0177_attempt_1.log,
grid_candidate_0167,grid,grid_candidate_0167,completed,1,0,40.919301,/home/hzw/Rethinking_GNN_DP/paper_experiments/figure3/figure3_pipeline3.yaml/dataset=ogbn-arxiv/feature=raw/mechanism=mbm/x_eps=0.1/m=best/norm=false/smoother=hoa/backbone=sage/use_nfr=true/logs/grid_candidate_0167_attempt_1.log,
grid_candidate_0168,grid,grid_candidate_0168,completed,1,0,40.578135,/home/hzw/Rethinking_GNN_DP/paper_experiments/figure3/figure3_pipeline3.yaml/dataset=ogbn-arxiv/feature=raw/mechanism=mbm/x_eps=0.1/m=best/norm=false/smoother=hoa/backbone=sage/use_nfr=true/logs/grid_candidate_0168_attempt_1.log,
grid_candidate_0174,grid,grid_candidate_0174,completed,1,0,41.867169,/home/hzw/Rethinking_GNN_DP/paper_experiments/figure3/figure3_pipeline3.yaml/dataset=ogbn-arxiv/feature=raw/mechanism=mbm/x_eps=0.1/m=best/norm=false/smoother=hoa/backbone=sage/use_nfr=true/logs/grid_candidate_0174_attempt_1.log,
grid_candidate_0170,grid,grid_candidate_0170,completed,1,0,44.439649,/home/hzw/Rethinking_GNN_DP/paper_experiments/figure3/figure3_pipeline3.yaml/dataset=ogbn-arxiv/feature=raw/mechanism=mbm/x_eps=0.1/m=best/norm=false/smoother=hoa/backbone=sage/use_nfr=true/logs/grid_candidate_0170_attempt_1.log,
grid_candidate_0172,grid,grid_candidate_0172,completed,1,0,44.259788,/home/hzw/Rethinking_GNN_DP/paper_experiments/figure3/figure3_pipeline3.yaml/dataset=ogbn-arxiv/feature=raw/mechanism=mbm/x_eps=0.1/m=best/norm=false/smoother=hoa/backbone=sage/use_nfr=true/logs/grid_candidate_0172_attempt_1.log,
grid_candidate_0171,grid,grid_candidate_0171,completed,1,0,47.869153,/home/hzw/Rethinking_GNN_DP/paper_experiments/figure3/figure3_pipeline3.yaml/dataset=ogbn-arxiv/feature=raw/mechanism=mbm/x_eps=0.1/m=best/norm=false/smoother=hoa/backbone=sage/use_nfr=true/logs/grid_candidate_0171_attempt_1.log,
grid_candidate_0175,grid,grid_candidate_0175,completed,1,0,46.459079,/home/hzw/Rethinking_GNN_DP/paper_experiments/figure3/figure3_pipeline3.yaml/dataset=ogbn-arxiv/feature=raw/mechanism=mbm/x_eps=0.1/m=best/norm=false/smoother=hoa/backbone=sage/use_nfr=true/logs/grid_candidate_0175_attempt_1.log,
grid_candidate_0173,grid,grid_candidate_0173,completed,1,0,48.203075,/home/hzw/Rethinking_GNN_DP/paper_experiments/figure3/figure3_pipeline3.yaml/dataset=ogbn-arxiv/feature=raw/mechanism=mbm/x_eps=0.1/m=best/norm=false/smoother=hoa/backbone=sage/use_nfr=true/logs/grid_candidate_0173_attempt_1.log,
grid_candidate_0176,grid,grid_candidate_0176,completed,1,0,46.694959,/home/hzw/Rethinking_GNN_DP/paper_experiments/figure3/figure3_pipeline3.yaml/dataset=ogbn-arxiv/feature=raw/mechanism=mbm/x_eps=0.1/m=best/norm=false/smoother=hoa/backbone=sage/use_nfr=true/logs/grid_candidate_0176_attempt_1.log,
grid_candidate_0178,grid,grid_candidate_0178,completed,1,0,49.082021,/home/hzw/Rethinking_GNN_DP/paper_experiments/figure3/figure3_pipeline3.yaml/dataset=ogbn-arxiv/feature=raw/mechanism=mbm/x_eps=0.1/m=best/norm=false/smoother=hoa/backbone=sage/use_nfr=true/logs/grid_candidate_0178_attempt_1.log,
grid_candidate_0180,grid,grid_candidate_0180,completed,1,0,49.180819,/home/hzw/Rethinking_GNN_DP/paper_experiments/figure3/figure3_pipeline3.yaml/dataset=ogbn-arxiv/feature=raw/mechanism=mbm/x_eps=0.1/m=best/norm=false/smoother=hoa/backbone=sage/use_nfr=true/logs/grid_candidate_0180_attempt_1.log,
grid_candidate_0187,grid,grid_candidate_0187,completed,1,0,37.478375,/home/hzw/Rethinking_GNN_DP/paper_experiments/figure3/figure3_pipeline3.yaml/dataset=ogbn-arxiv/feature=raw/mechanism=mbm/x_eps=0.1/m=best/norm=false/smoother=hoa/backbone=sage/use_nfr=true/logs/grid_candidate_0187_attempt_1.log,
grid_candidate_0179,grid,grid_candidate_0179,completed,1,0,50.599192,/home/hzw/Rethinking_GNN_DP/paper_experiments/figure3/figure3_pipeline3.yaml/dataset=ogbn-arxiv/feature=raw/mechanism=mbm/x_eps=0.1/m=best/norm=false/smoother=hoa/backbone=sage/use_nfr=true/logs/grid_candidate_0179_attempt_1.log,
grid_candidate_0189,grid,grid_candidate_0189,completed,1,0,37.208885,/home/hzw/Rethinking_GNN_DP/paper_experiments/figure3/figure3_pipeline3.yaml/dataset=ogbn-arxiv/feature=raw/mechanism=mbm/x_eps=0.1/m=best/norm=false/smoother=hoa/backbone=sage/use_nfr=true/logs/grid_candidate_0189_attempt_1.log,
grid_candidate_0182,grid,grid_candidate_0182,completed,1,0,48.384265,/home/hzw/Rethinking_GNN_DP/paper_experiments/figure3/figure3_pipeline3.yaml/dataset=ogbn-arxiv/feature=raw/mechanism=mbm/x_eps=0.1/m=best/norm=false/smoother=hoa/backbone=sage/use_nfr=true/logs/grid_candidate_0182_attempt_1.log,
grid_candidate_0193,grid,grid_candidate_0193,completed,1,0,35.233561,/home/hzw/Rethinking_GNN_DP/paper_experiments/figure3/figure3_pipeline3.yaml/dataset=ogbn-arxiv/feature=raw/mechanism=mbm/x_eps=0.1/m=best/norm=false/smoother=hoa/backbone=sage/use_nfr=true/logs/grid_candidate_0193_attempt_1.log,
grid_candidate_0183,grid,grid_candidate_0183,completed,1,0,47.978504,/home/hzw/Rethinking_GNN_DP/paper_experiments/figure3/figure3_pipeline3.yaml/dataset=ogbn-arxiv/feature=raw/mechanism=mbm/x_eps=0.1/m=best/norm=false/smoother=hoa/backbone=sage/use_nfr=true/logs/grid_candidate_0183_attempt_1.log,
grid_candidate_0181,grid,grid_candidate_0181,completed,1,0,52.605440,/home/hzw/Rethinking_GNN_DP/paper_experiments/figure3/figure3_pipeline3.yaml/dataset=ogbn-arxiv/feature=raw/mechanism=mbm/x_eps=0.1/m=best/norm=false/smoother=hoa/backbone=sage/use_nfr=true/logs/grid_candidate_0181_attempt_1.log,
grid_candidate_0195,grid,grid_candidate_0195,completed,1,0,36.180743,/home/hzw/Rethinking_GNN_DP/paper_experiments/figure3/figure3_pipeline3.yaml/dataset=ogbn-arxiv/feature=raw/mechanism=mbm/x_eps=0.1/m=best/norm=false/smoother=hoa/backbone=sage/use_nfr=true/logs/grid_candidate_0195_attempt_1.log,
grid_candidate_0184,grid,grid_candidate_0184,completed,1,0,47.694863,/home/hzw/Rethinking_GNN_DP/paper_experiments/figure3/figure3_pipeline3.yaml/dataset=ogbn-arxiv/feature=raw/mechanism=mbm/x_eps=0.1/m=best/norm=false/smoother=hoa/backbone=sage/use_nfr=true/logs/grid_candidate_0184_attempt_1.log,
grid_candidate_0185,grid,grid_candidate_0185,completed,1,0,49.834700,/home/hzw/Rethinking_GNN_DP/paper_experiments/figure3/figure3_pipeline3.yaml/dataset=ogbn-arxiv/feature=raw/mechanism=mbm/x_eps=0.1/m=best/norm=false/smoother=hoa/backbone=sage/use_nfr=true/logs/grid_candidate_0185_attempt_1.log,
grid_candidate_0186,grid,grid_candidate_0186,completed,1,0,49.110676,/home/hzw/Rethinking_GNN_DP/paper_experiments/figure3/figure3_pipeline3.yaml/dataset=ogbn-arxiv/feature=raw/mechanism=mbm/x_eps=0.1/m=best/norm=false/smoother=hoa/backbone=sage/use_nfr=true/logs/grid_candidate_0186_attempt_1.log,
grid_candidate_0205,grid,grid_candidate_0205,completed,1,0,30.793901,/home/hzw/Rethinking_GNN_DP/paper_experiments/figure3/figure3_pipeline3.yaml/dataset=ogbn-arxiv/feature=raw/mechanism=mbm/x_eps=0.1/m=best/norm=false/smoother=hoa/backbone=sage/use_nfr=true/logs/grid_candidate_0205_attempt_1.log,
grid_candidate_0192,grid,grid_candidate_0192,completed,1,0,48.155156,/home/hzw/Rethinking_GNN_DP/paper_experiments/figure3/figure3_pipeline3.yaml/dataset=ogbn-arxiv/feature=raw/mechanism=mbm/x_eps=0.1/m=best/norm=false/smoother=hoa/backbone=sage/use_nfr=true/logs/grid_candidate_0192_attempt_1.log,
grid_candidate_0194,grid,grid_candidate_0194,completed,1,0,46.962966,/home/hzw/Rethinking_GNN_DP/paper_experiments/figure3/figure3_pipeline3.yaml/dataset=ogbn-arxiv/feature=raw/mechanism=mbm/x_eps=0.1/m=best/norm=false/smoother=hoa/backbone=sage/use_nfr=true/logs/grid_candidate_0194_attempt_1.log,
grid_candidate_0190,grid,grid_candidate_0190,completed,1,0,50.171835,/home/hzw/Rethinking_GNN_DP/paper_experiments/figure3/figure3_pipeline3.yaml/dataset=ogbn-arxiv/feature=raw/mechanism=mbm/x_eps=0.1/m=best/norm=false/smoother=hoa/backbone=sage/use_nfr=true/logs/grid_candidate_0190_attempt_1.log,
grid_candidate_0191,grid,grid_candidate_0191,completed,1,0,52.067105,/home/hzw/Rethinking_GNN_DP/paper_experiments/figure3/figure3_pipeline3.yaml/dataset=ogbn-arxiv/feature=raw/mechanism=mbm/x_eps=0.1/m=best/norm=false/smoother=hoa/backbone=sage/use_nfr=true/logs/grid_candidate_0191_attempt_1.log,
grid_candidate_0188,grid,grid_candidate_0188,completed,1,0,54.701475,/home/hzw/Rethinking_GNN_DP/paper_experiments/figure3/figure3_pipeline3.yaml/dataset=ogbn-arxiv/feature=raw/mechanism=mbm/x_eps=0.1/m=best/norm=false/smoother=hoa/backbone=sage/use_nfr=true/logs/grid_candidate_0188_attempt_1.log,
grid_candidate_0204,grid,grid_candidate_0204,completed,1,0,37.963170,/home/hzw/Rethinking_GNN_DP/paper_experiments/figure3/figure3_pipeline3.yaml/dataset=ogbn-arxiv/feature=raw/mechanism=mbm/x_eps=0.1/m=best/norm=false/smoother=hoa/backbone=sage/use_nfr=true/logs/grid_candidate_0204_attempt_1.log,
grid_candidate_0200,grid,grid_candidate_0200,completed,1,0,45.573619,/home/hzw/Rethinking_GNN_DP/paper_experiments/figure3/figure3_pipeline3.yaml/dataset=ogbn-arxiv/feature=raw/mechanism=mbm/x_eps=0.1/m=best/norm=false/smoother=hoa/backbone=sage/use_nfr=true/logs/grid_candidate_0200_attempt_1.log,
grid_candidate_0196,grid,grid_candidate_0196,completed,1,0,50.324285,/home/hzw/Rethinking_GNN_DP/paper_experiments/figure3/figure3_pipeline3.yaml/dataset=ogbn-arxiv/feature=raw/mechanism=mbm/x_eps=0.1/m=best/norm=false/smoother=hoa/backbone=sage/use_nfr=true/logs/grid_candidate_0196_attempt_1.log,
grid_candidate_0203,grid,grid_candidate_0203,completed,1,0,41.184506,/home/hzw/Rethinking_GNN_DP/paper_experiments/figure3/figure3_pipeline3.yaml/dataset=ogbn-arxiv/feature=raw/mechanism=mbm/x_eps=0.1/m=best/norm=false/smoother=hoa/backbone=sage/use_nfr=true/logs/grid_candidate_0203_attempt_1.log,
grid_candidate_0208,grid,grid_candidate_0208,completed,1,0,33.364467,/home/hzw/Rethinking_GNN_DP/paper_experiments/figure3/figure3_pipeline3.yaml/dataset=ogbn-arxiv/feature=raw/mechanism=mbm/x_eps=0.1/m=best/norm=false/smoother=hoa/backbone=sage/use_nfr=true/logs/grid_candidate_0208_attempt_1.log,
grid_candidate_0201,grid,grid_candidate_0201,completed,1,0,46.555476,/home/hzw/Rethinking_GNN_DP/paper_experiments/figure3/figure3_pipeline3.yaml/dataset=ogbn-arxiv/feature=raw/mechanism=mbm/x_eps=0.1/m=best/norm=false/smoother=hoa/backbone=sage/use_nfr=true/logs/grid_candidate_0201_attempt_1.log,
grid_candidate_0206,grid,grid_candidate_0206,completed,1,0,42.204237,/home/hzw/Rethinking_GNN_DP/paper_experiments/figure3/figure3_pipeline3.yaml/dataset=ogbn-arxiv/feature=raw/mechanism=mbm/x_eps=0.1/m=best/norm=false/smoother=hoa/backbone=sage/use_nfr=true/logs/grid_candidate_0206_attempt_1.log,
grid_candidate_0198,grid,grid_candidate_0198,completed,1,0,51.976546,/home/hzw/Rethinking_GNN_DP/paper_experiments/figure3/figure3_pipeline3.yaml/dataset=ogbn-arxiv/feature=raw/mechanism=mbm/x_eps=0.1/m=best/norm=false/smoother=hoa/backbone=sage/use_nfr=true/logs/grid_candidate_0198_attempt_1.log,
grid_candidate_0197,grid,grid_candidate_0197,completed,1,0,52.397512,/home/hzw/Rethinking_GNN_DP/paper_experiments/figure3/figure3_pipeline3.yaml/dataset=ogbn-arxiv/feature=raw/mechanism=mbm/x_eps=0.1/m=best/norm=false/smoother=hoa/backbone=sage/use_nfr=true/logs/grid_candidate_0197_attempt_1.log,
grid_candidate_0199,grid,grid_candidate_0199,completed,1,0,51.147229,/home/hzw/Rethinking_GNN_DP/paper_experiments/figure3/figure3_pipeline3.yaml/dataset=ogbn-arxiv/feature=raw/mechanism=mbm/x_eps=0.1/m=best/norm=false/smoother=hoa/backbone=sage/use_nfr=true/logs/grid_candidate_0199_attempt_1.log,
grid_candidate_0202,grid,grid_candidate_0202,completed,1,0,51.148728,/home/hzw/Rethinking_GNN_DP/paper_experiments/figure3/figure3_pipeline3.yaml/dataset=ogbn-arxiv/feature=raw/mechanism=mbm/x_eps=0.1/m=best/norm=false/smoother=hoa/backbone=sage/use_nfr=true/logs/grid_candidate_0202_attempt_1.log,
grid_candidate_0207,grid,grid_candidate_0207,completed,1,0,40.589390,/home/hzw/Rethinking_GNN_DP/paper_experiments/figure3/figure3_pipeline3.yaml/dataset=ogbn-arxiv/feature=raw/mechanism=mbm/x_eps=0.1/m=best/norm=false/smoother=hoa/backbone=sage/use_nfr=true/logs/grid_candidate_0207_attempt_1.log,
grid_candidate_0209,grid,grid_candidate_0209,completed,1,0,40.411455,/home/hzw/Rethinking_GNN_DP/paper_experiments/figure3/figure3_pipeline3.yaml/dataset=ogbn-arxiv/feature=raw/mechanism=mbm/x_eps=0.1/m=best/norm=false/smoother=hoa/backbone=sage/use_nfr=true/logs/grid_candidate_0209_attempt_1.log,
grid_candidate_0210,grid,grid_candidate_0210,completed,1,0,41.404646,/home/hzw/Rethinking_GNN_DP/paper_experiments/figure3/figure3_pipeline3.yaml/dataset=ogbn-arxiv/feature=raw/mechanism=mbm/x_eps=0.1/m=best/norm=false/smoother=hoa/backbone=sage/use_nfr=true/logs/grid_candidate_0210_attempt_1.log,
grid_candidate_0211,grid,grid_candidate_0211,completed,1,0,41.690447,/home/hzw/Rethinking_GNN_DP/paper_experiments/figure3/figure3_pipeline3.yaml/dataset=ogbn-arxiv/feature=raw/mechanism=mbm/x_eps=0.1/m=best/norm=false/smoother=hoa/backbone=sage/use_nfr=true/logs/grid_candidate_0211_attempt_1.log,
grid_candidate_0212,grid,grid_candidate_0212,completed,1,0,46.275153,/home/hzw/Rethinking_GNN_DP/paper_experiments/figure3/figure3_pipeline3.yaml/dataset=ogbn-arxiv/feature=raw/mechanism=mbm/x_eps=0.1/m=best/norm=false/smoother=hoa/backbone=sage/use_nfr=true/logs/grid_candidate_0212_attempt_1.log,
grid_candidate_0213,grid,grid_candidate_0213,completed,1,0,48.198154,/home/hzw/Rethinking_GNN_DP/paper_experiments/figure3/figure3_pipeline3.yaml/dataset=ogbn-arxiv/feature=raw/mechanism=mbm/x_eps=0.1/m=best/norm=false/smoother=hoa/backbone=sage/use_nfr=true/logs/grid_candidate_0213_attempt_1.log,
grid_candidate_0226,grid,grid_candidate_0226,completed,1,0,34.100050,/home/hzw/Rethinking_GNN_DP/paper_experiments/figure3/figure3_pipeline3.yaml/dataset=ogbn-arxiv/feature=raw/mechanism=mbm/x_eps=0.1/m=best/norm=false/smoother=hoa/backbone=sage/use_nfr=true/logs/grid_candidate_0226_attempt_1.log,
grid_candidate_0224,grid,grid_candidate_0224,completed,1,0,41.613446,/home/hzw/Rethinking_GNN_DP/paper_experiments/figure3/figure3_pipeline3.yaml/dataset=ogbn-arxiv/feature=raw/mechanism=mbm/x_eps=0.1/m=best/norm=false/smoother=hoa/backbone=sage/use_nfr=true/logs/grid_candidate_0224_attempt_1.log,
grid_candidate_0218,grid,grid_candidate_0218,completed,1,0,45.397206,/home/hzw/Rethinking_GNN_DP/paper_experiments/figure3/figure3_pipeline3.yaml/dataset=ogbn-arxiv/feature=raw/mechanism=mbm/x_eps=0.1/m=best/norm=false/smoother=hoa/backbone=sage/use_nfr=true/logs/grid_candidate_0218_attempt_1.log,
grid_candidate_0219,grid,grid_candidate_0219,completed,1,0,44.542629,/home/hzw/Rethinking_GNN_DP/paper_experiments/figure3/figure3_pipeline3.yaml/dataset=ogbn-arxiv/feature=raw/mechanism=mbm/x_eps=0.1/m=best/norm=false/smoother=hoa/backbone=sage/use_nfr=true/logs/grid_candidate_0219_attempt_1.log,
grid_candidate_0216,grid,grid_candidate_0216,completed,1,0,48.373313,/home/hzw/Rethinking_GNN_DP/paper_experiments/figure3/figure3_pipeline3.yaml/dataset=ogbn-arxiv/feature=raw/mechanism=mbm/x_eps=0.1/m=best/norm=false/smoother=hoa/backbone=sage/use_nfr=true/logs/grid_candidate_0216_attempt_1.log,
grid_candidate_0214,grid,grid_candidate_0214,completed,1,0,51.546993,/home/hzw/Rethinking_GNN_DP/paper_experiments/figure3/figure3_pipeline3.yaml/dataset=ogbn-arxiv/feature=raw/mechanism=mbm/x_eps=0.1/m=best/norm=false/smoother=hoa/backbone=sage/use_nfr=true/logs/grid_candidate_0214_attempt_1.log,
grid_candidate_0220,grid,grid_candidate_0220,completed,1,0,46.938327,/home/hzw/Rethinking_GNN_DP/paper_experiments/figure3/figure3_pipeline3.yaml/dataset=ogbn-arxiv/feature=raw/mechanism=mbm/x_eps=0.1/m=best/norm=false/smoother=hoa/backbone=sage/use_nfr=true/logs/grid_candidate_0220_attempt_1.log,
grid_candidate_0215,grid,grid_candidate_0215,completed,1,0,50.524976,/home/hzw/Rethinking_GNN_DP/paper_experiments/figure3/figure3_pipeline3.yaml/dataset=ogbn-arxiv/feature=raw/mechanism=mbm/x_eps=0.1/m=best/norm=false/smoother=hoa/backbone=sage/use_nfr=true/logs/grid_candidate_0215_attempt_1.log,
grid_candidate_0217,grid,grid_candidate_0217,completed,1,0,50.027558,/home/hzw/Rethinking_GNN_DP/paper_experiments/figure3/figure3_pipeline3.yaml/dataset=ogbn-arxiv/feature=raw/mechanism=mbm/x_eps=0.1/m=best/norm=false/smoother=hoa/backbone=sage/use_nfr=true/logs/grid_candidate_0217_attempt_1.log,
grid_candidate_0223,grid,grid_candidate_0223,completed,1,0,46.253607,/home/hzw/Rethinking_GNN_DP/paper_experiments/figure3/figure3_pipeline3.yaml/dataset=ogbn-arxiv/feature=raw/mechanism=mbm/x_eps=0.1/m=best/norm=false/smoother=hoa/backbone=sage/use_nfr=true/logs/grid_candidate_0223_attempt_1.log,
grid_candidate_0221,grid,grid_candidate_0221,completed,1,0,47.986948,/home/hzw/Rethinking_GNN_DP/paper_experiments/figure3/figure3_pipeline3.yaml/dataset=ogbn-arxiv/feature=raw/mechanism=mbm/x_eps=0.1/m=best/norm=false/smoother=hoa/backbone=sage/use_nfr=true/logs/grid_candidate_0221_attempt_1.log,
grid_candidate_0222,grid,grid_candidate_0222,completed,1,0,48.570102,/home/hzw/Rethinking_GNN_DP/paper_experiments/figure3/figure3_pipeline3.yaml/dataset=ogbn-arxiv/feature=raw/mechanism=mbm/x_eps=0.1/m=best/norm=false/smoother=hoa/backbone=sage/use_nfr=true/logs/grid_candidate_0222_attempt_1.log,
grid_candidate_0227,grid,grid_candidate_0227,completed,1,0,40.381859,/home/hzw/Rethinking_GNN_DP/paper_experiments/figure3/figure3_pipeline3.yaml/dataset=ogbn-arxiv/feature=raw/mechanism=mbm/x_eps=0.1/m=best/norm=false/smoother=hoa/backbone=sage/use_nfr=true/logs/grid_candidate_0227_attempt_1.log,
grid_candidate_0225,grid,grid_candidate_0225,completed,1,0,46.443212,/home/hzw/Rethinking_GNN_DP/paper_experiments/figure3/figure3_pipeline3.yaml/dataset=ogbn-arxiv/feature=raw/mechanism=mbm/x_eps=0.1/m=best/norm=false/smoother=hoa/backbone=sage/use_nfr=true/logs/grid_candidate_0225_attempt_1.log,
grid_candidate_0229,grid,grid_candidate_0229,completed,1,0,42.272894,/home/hzw/Rethinking_GNN_DP/paper_experiments/figure3/figure3_pipeline3.yaml/dataset=ogbn-arxiv/feature=raw/mechanism=mbm/x_eps=0.1/m=best/norm=false/smoother=hoa/backbone=sage/use_nfr=true/logs/grid_candidate_0229_attempt_1.log,
grid_candidate_0230,grid,grid_candidate_0230,completed,1,0,41.583625,/home/hzw/Rethinking_GNN_DP/paper_experiments/figure3/figure3_pipeline3.yaml/dataset=ogbn-arxiv/feature=raw/mechanism=mbm/x_eps=0.1/m=best/norm=false/smoother=hoa/backbone=sage/use_nfr=true/logs/grid_candidate_0230_attempt_1.log,
grid_candidate_0228,grid,grid_candidate_0228,completed,1,0,43.743825,/home/hzw/Rethinking_GNN_DP/paper_experiments/figure3/figure3_pipeline3.yaml/dataset=ogbn-arxiv/feature=raw/mechanism=mbm/x_eps=0.1/m=best/norm=false/smoother=hoa/backbone=sage/use_nfr=true/logs/grid_candidate_0228_attempt_1.log,
grid_candidate_0234,grid,grid_candidate_0234,completed,1,0,44.460111,/home/hzw/Rethinking_GNN_DP/paper_experiments/figure3/figure3_pipeline3.yaml/dataset=ogbn-arxiv/feature=raw/mechanism=mbm/x_eps=0.1/m=best/norm=false/smoother=hoa/backbone=sage/use_nfr=true/logs/grid_candidate_0234_attempt_1.log,
grid_candidate_0236,grid,grid_candidate_0236,completed,1,0,46.890657,/home/hzw/Rethinking_GNN_DP/paper_experiments/figure3/figure3_pipeline3.yaml/dataset=ogbn-arxiv/feature=raw/mechanism=mbm/x_eps=0.1/m=best/norm=false/smoother=hoa/backbone=sage/use_nfr=true/logs/grid_candidate_0236_attempt_1.log,
grid_candidate_0238,grid,grid_candidate_0238,completed,1,0,46.366345,/home/hzw/Rethinking_GNN_DP/paper_experiments/figure3/figure3_pipeline3.yaml/dataset=ogbn-arxiv/feature=raw/mechanism=mbm/x_eps=0.1/m=best/norm=false/smoother=hoa/backbone=sage/use_nfr=true/logs/grid_candidate_0238_attempt_1.log,
grid_candidate_0239,grid,grid_candidate_0239,completed,1,0,44.569712,/home/hzw/Rethinking_GNN_DP/paper_experiments/figure3/figure3_pipeline3.yaml/dataset=ogbn-arxiv/feature=raw/mechanism=mbm/x_eps=0.1/m=best/norm=false/smoother=hoa/backbone=sage/use_nfr=true/logs/grid_candidate_0239_attempt_1.log,
grid_candidate_0233,grid,grid_candidate_0233,completed,1,0,50.090952,/home/hzw/Rethinking_GNN_DP/paper_experiments/figure3/figure3_pipeline3.yaml/dataset=ogbn-arxiv/feature=raw/mechanism=mbm/x_eps=0.1/m=best/norm=false/smoother=hoa/backbone=sage/use_nfr=true/logs/grid_candidate_0233_attempt_1.log,
grid_candidate_0237,grid,grid_candidate_0237,completed,1,0,48.199400,/home/hzw/Rethinking_GNN_DP/paper_experiments/figure3/figure3_pipeline3.yaml/dataset=ogbn-arxiv/feature=raw/mechanism=mbm/x_eps=0.1/m=best/norm=false/smoother=hoa/backbone=sage/use_nfr=true/logs/grid_candidate_0237_attempt_1.log,
grid_candidate_0231,grid,grid_candidate_0231,completed,1,0,52.773679,/home/hzw/Rethinking_GNN_DP/paper_experiments/figure3/figure3_pipeline3.yaml/dataset=ogbn-arxiv/feature=raw/mechanism=mbm/x_eps=0.1/m=best/norm=false/smoother=hoa/backbone=sage/use_nfr=true/logs/grid_candidate_0231_attempt_1.log,
grid_candidate_0246,grid,grid_candidate_0246,completed,1,0,39.640822,/home/hzw/Rethinking_GNN_DP/paper_experiments/figure3/figure3_pipeline3.yaml/dataset=ogbn-arxiv/feature=raw/mechanism=mbm/x_eps=0.1/m=best/norm=false/smoother=hoa/backbone=sage/use_nfr=true/logs/grid_candidate_0246_attempt_1.log,
grid_candidate_0235,grid,grid_candidate_0235,completed,1,0,52.001023,/home/hzw/Rethinking_GNN_DP/paper_experiments/figure3/figure3_pipeline3.yaml/dataset=ogbn-arxiv/feature=raw/mechanism=mbm/x_eps=0.1/m=best/norm=false/smoother=hoa/backbone=sage/use_nfr=true/logs/grid_candidate_0235_attempt_1.log,
grid_candidate_0245,grid,grid_candidate_0245,completed,1,0,44.995573,/home/hzw/Rethinking_GNN_DP/paper_experiments/figure3/figure3_pipeline3.yaml/dataset=ogbn-arxiv/feature=raw/mechanism=mbm/x_eps=0.1/m=best/norm=false/smoother=hoa/backbone=sage/use_nfr=true/logs/grid_candidate_0245_attempt_1.log,
grid_candidate_0244,grid,grid_candidate_0244,completed,1,0,46.934776,/home/hzw/Rethinking_GNN_DP/paper_experiments/figure3/figure3_pipeline3.yaml/dataset=ogbn-arxiv/feature=raw/mechanism=mbm/x_eps=0.1/m=best/norm=false/smoother=hoa/backbone=sage/use_nfr=true/logs/grid_candidate_0244_attempt_1.log,
grid_candidate_0240,grid,grid_candidate_0240,completed,1,0,50.515076,/home/hzw/Rethinking_GNN_DP/paper_experiments/figure3/figure3_pipeline3.yaml/dataset=ogbn-arxiv/feature=raw/mechanism=mbm/x_eps=0.1/m=best/norm=false/smoother=hoa/backbone=sage/use_nfr=true/logs/grid_candidate_0240_attempt_1.log,
grid_candidate_0232,grid,grid_candidate_0232,completed,1,0,58.085053,/home/hzw/Rethinking_GNN_DP/paper_experiments/figure3/figure3_pipeline3.yaml/dataset=ogbn-arxiv/feature=raw/mechanism=mbm/x_eps=0.1/m=best/norm=false/smoother=hoa/backbone=sage/use_nfr=true/logs/grid_candidate_0232_attempt_1.log,
grid_candidate_0243,grid,grid_candidate_0243,completed,1,0,50.205636,/home/hzw/Rethinking_GNN_DP/paper_experiments/figure3/figure3_pipeline3.yaml/dataset=ogbn-arxiv/feature=raw/mechanism=mbm/x_eps=0.1/m=best/norm=false/smoother=hoa/backbone=sage/use_nfr=true/logs/grid_candidate_0243_attempt_1.log,
grid_candidate_0242,grid,grid_candidate_0242,completed,1,0,54.308433,/home/hzw/Rethinking_GNN_DP/paper_experiments/figure3/figure3_pipeline3.yaml/dataset=ogbn-arxiv/feature=raw/mechanism=mbm/x_eps=0.1/m=best/norm=false/smoother=hoa/backbone=sage/use_nfr=true/logs/grid_candidate_0242_attempt_1.log,
grid_candidate_0241,grid,grid_candidate_0241,completed,1,0,54.782259,/home/hzw/Rethinking_GNN_DP/paper_experiments/figure3/figure3_pipeline3.yaml/dataset=ogbn-arxiv/feature=raw/mechanism=mbm/x_eps=0.1/m=best/norm=false/smoother=hoa/backbone=sage/use_nfr=true/logs/grid_candidate_0241_attempt_1.log,
grid_candidate_0248,grid,grid_candidate_0248,completed,1,0,40.481237,/home/hzw/Rethinking_GNN_DP/paper_experiments/figure3/figure3_pipeline3.yaml/dataset=ogbn-arxiv/feature=raw/mechanism=mbm/x_eps=0.1/m=best/norm=false/smoother=hoa/backbone=sage/use_nfr=true/logs/grid_candidate_0248_attempt_1.log,
grid_candidate_0247,grid,grid_candidate_0247,completed,1,0,46.715465,/home/hzw/Rethinking_GNN_DP/paper_experiments/figure3/figure3_pipeline3.yaml/dataset=ogbn-arxiv/feature=raw/mechanism=mbm/x_eps=0.1/m=best/norm=false/smoother=hoa/backbone=sage/use_nfr=true/logs/grid_candidate_0247_attempt_1.log,
grid_candidate_0249,grid,grid_candidate_0249,completed,1,0,41.051840,/home/hzw/Rethinking_GNN_DP/paper_experiments/figure3/figure3_pipeline3.yaml/dataset=ogbn-arxiv/feature=raw/mechanism=mbm/x_eps=0.1/m=best/norm=false/smoother=hoa/backbone=sage/use_nfr=true/logs/grid_candidate_0249_attempt_1.log,
grid_candidate_0250,grid,grid_candidate_0250,completed,1,0,40.622252,/home/hzw/Rethinking_GNN_DP/paper_experiments/figure3/figure3_pipeline3.yaml/dataset=ogbn-arxiv/feature=raw/mechanism=mbm/x_eps=0.1/m=best/norm=false/smoother=hoa/backbone=sage/use_nfr=true/logs/grid_candidate_0250_attempt_1.log,
grid_candidate_0253,grid,grid_candidate_0253,completed,1,0,39.921687,/home/hzw/Rethinking_GNN_DP/paper_experiments/figure3/figure3_pipeline3.yaml/dataset=ogbn-arxiv/feature=raw/mechanism=mbm/x_eps=0.1/m=best/norm=false/smoother=hoa/backbone=sage/use_nfr=true/logs/grid_candidate_0253_attempt_1.log,
grid_candidate_0251,grid,grid_candidate_0251,completed,1,0,42.239758,/home/hzw/Rethinking_GNN_DP/paper_experiments/figure3/figure3_pipeline3.yaml/dataset=ogbn-arxiv/feature=raw/mechanism=mbm/x_eps=0.1/m=best/norm=false/smoother=hoa/backbone=sage/use_nfr=true/logs/grid_candidate_0251_attempt_1.log,
grid_candidate_0254,grid,grid_candidate_0254,completed,1,0,43.341757,/home/hzw/Rethinking_GNN_DP/paper_experiments/figure3/figure3_pipeline3.yaml/dataset=ogbn-arxiv/feature=raw/mechanism=mbm/x_eps=0.1/m=best/norm=false/smoother=hoa/backbone=sage/use_nfr=true/logs/grid_candidate_0254_attempt_1.log,
grid_candidate_0265,grid,grid_candidate_0265,completed,1,0,34.488229,/home/hzw/Rethinking_GNN_DP/paper_experiments/figure3/figure3_pipeline3.yaml/dataset=ogbn-arxiv/feature=raw/mechanism=mbm/x_eps=0.1/m=best/norm=false/smoother=hoa/backbone=sage/use_nfr=true/logs/grid_candidate_0265_attempt_1.log,
grid_candidate_0252,grid,grid_candidate_0252,completed,1,0,46.428203,/home/hzw/Rethinking_GNN_DP/paper_experiments/figure3/figure3_pipeline3.yaml/dataset=ogbn-arxiv/feature=raw/mechanism=mbm/x_eps=0.1/m=best/norm=false/smoother=hoa/backbone=sage/use_nfr=true/logs/grid_candidate_0252_attempt_1.log,
grid_candidate_0255,grid,grid_candidate_0255,completed,1,0,46.184682,/home/hzw/Rethinking_GNN_DP/paper_experiments/figure3/figure3_pipeline3.yaml/dataset=ogbn-arxiv/feature=raw/mechanism=mbm/x_eps=0.1/m=best/norm=false/smoother=hoa/backbone=sage/use_nfr=true/logs/grid_candidate_0255_attempt_1.log,
grid_candidate_0256,grid,grid_candidate_0256,completed,1,0,47.026004,/home/hzw/Rethinking_GNN_DP/paper_experiments/figure3/figure3_pipeline3.yaml/dataset=ogbn-arxiv/feature=raw/mechanism=mbm/x_eps=0.1/m=best/norm=false/smoother=hoa/backbone=sage/use_nfr=true/logs/grid_candidate_0256_attempt_1.log,
grid_candidate_0258,grid,grid_candidate_0258,completed,1,0,46.915697,/home/hzw/Rethinking_GNN_DP/paper_experiments/figure3/figure3_pipeline3.yaml/dataset=ogbn-arxiv/feature=raw/mechanism=mbm/x_eps=0.1/m=best/norm=false/smoother=hoa/backbone=sage/use_nfr=true/logs/grid_candidate_0258_attempt_1.log,
grid_candidate_0260,grid,grid_candidate_0260,completed,1,0,46.231900,/home/hzw/Rethinking_GNN_DP/paper_experiments/figure3/figure3_pipeline3.yaml/dataset=ogbn-arxiv/feature=raw/mechanism=mbm/x_eps=0.1/m=best/norm=false/smoother=hoa/backbone=sage/use_nfr=true/logs/grid_candidate_0260_attempt_1.log,
grid_candidate_0264,grid,grid_candidate_0264,completed,1,0,41.130554,/home/hzw/Rethinking_GNN_DP/paper_experiments/figure3/figure3_pipeline3.yaml/dataset=ogbn-arxiv/feature=raw/mechanism=mbm/x_eps=0.1/m=best/norm=false/smoother=hoa/backbone=sage/use_nfr=true/logs/grid_candidate_0264_attempt_1.log,
grid_candidate_0257,grid,grid_candidate_0257,completed,1,0,49.641806,/home/hzw/Rethinking_GNN_DP/paper_experiments/figure3/figure3_pipeline3.yaml/dataset=ogbn-arxiv/feature=raw/mechanism=mbm/x_eps=0.1/m=best/norm=false/smoother=hoa/backbone=sage/use_nfr=true/logs/grid_candidate_0257_attempt_1.log,
grid_candidate_0259,grid,grid_candidate_0259,completed,1,0,50.077973,/home/hzw/Rethinking_GNN_DP/paper_experiments/figure3/figure3_pipeline3.yaml/dataset=ogbn-arxiv/feature=raw/mechanism=mbm/x_eps=0.1/m=best/norm=false/smoother=hoa/backbone=sage/use_nfr=true/logs/grid_candidate_0259_attempt_1.log,
grid_candidate_0261,grid,grid_candidate_0261,completed,1,0,49.191845,/home/hzw/Rethinking_GNN_DP/paper_experiments/figure3/figure3_pipeline3.yaml/dataset=ogbn-arxiv/feature=raw/mechanism=mbm/x_eps=0.1/m=best/norm=false/smoother=hoa/backbone=sage/use_nfr=true/logs/grid_candidate_0261_attempt_1.log,
grid_candidate_0262,grid,grid_candidate_0262,completed,1,0,48.719398,/home/hzw/Rethinking_GNN_DP/paper_experiments/figure3/figure3_pipeline3.yaml/dataset=ogbn-arxiv/feature=raw/mechanism=mbm/x_eps=0.1/m=best/norm=false/smoother=hoa/backbone=sage/use_nfr=true/logs/grid_candidate_0262_attempt_1.log,
grid_candidate_0266,grid,grid_candidate_0266,completed,1,0,45.534512,/home/hzw/Rethinking_GNN_DP/paper_experiments/figure3/figure3_pipeline3.yaml/dataset=ogbn-arxiv/feature=raw/mechanism=mbm/x_eps=0.1/m=best/norm=false/smoother=hoa/backbone=sage/use_nfr=true/logs/grid_candidate_0266_attempt_1.log,
grid_candidate_0263,grid,grid_candidate_0263,completed,1,0,50.360835,/home/hzw/Rethinking_GNN_DP/paper_experiments/figure3/figure3_pipeline3.yaml/dataset=ogbn-arxiv/feature=raw/mechanism=mbm/x_eps=0.1/m=best/norm=false/smoother=hoa/backbone=sage/use_nfr=true/logs/grid_candidate_0263_attempt_1.log,
grid_candidate_0270,grid,grid_candidate_0270,completed,1,0,38.850266,/home/hzw/Rethinking_GNN_DP/paper_experiments/figure3/figure3_pipeline3.yaml/dataset=ogbn-arxiv/feature=raw/mechanism=mbm/x_eps=0.1/m=best/norm=false/smoother=hoa/backbone=sage/use_nfr=true/logs/grid_candidate_0270_attempt_1.log,
grid_candidate_0267,grid,grid_candidate_0267,completed,1,0,45.215858,/home/hzw/Rethinking_GNN_DP/paper_experiments/figure3/figure3_pipeline3.yaml/dataset=ogbn-arxiv/feature=raw/mechanism=mbm/x_eps=0.1/m=best/norm=false/smoother=hoa/backbone=sage/use_nfr=true/logs/grid_candidate_0267_attempt_1.log,
grid_candidate_0281,grid,grid_candidate_0281,completed,1,0,32.042293,/home/hzw/Rethinking_GNN_DP/paper_experiments/figure3/figure3_pipeline3.yaml/dataset=ogbn-arxiv/feature=raw/mechanism=mbm/x_eps=0.1/m=best/norm=false/smoother=hoa/backbone=sage/use_nfr=true/logs/grid_candidate_0281_attempt_1.log,
grid_candidate_0274,grid,grid_candidate_0274,completed,1,0,39.676618,/home/hzw/Rethinking_GNN_DP/paper_experiments/figure3/figure3_pipeline3.yaml/dataset=ogbn-arxiv/feature=raw/mechanism=mbm/x_eps=0.1/m=best/norm=false/smoother=hoa/backbone=sage/use_nfr=true/logs/grid_candidate_0274_attempt_1.log,
grid_candidate_0268,grid,grid_candidate_0268,completed,1,0,45.622919,/home/hzw/Rethinking_GNN_DP/paper_experiments/figure3/figure3_pipeline3.yaml/dataset=ogbn-arxiv/feature=raw/mechanism=mbm/x_eps=0.1/m=best/norm=false/smoother=hoa/backbone=sage/use_nfr=true/logs/grid_candidate_0268_attempt_1.log,
grid_candidate_0272,grid,grid_candidate_0272,completed,1,0,44.263114,/home/hzw/Rethinking_GNN_DP/paper_experiments/figure3/figure3_pipeline3.yaml/dataset=ogbn-arxiv/feature=raw/mechanism=mbm/x_eps=0.1/m=best/norm=false/smoother=hoa/backbone=sage/use_nfr=true/logs/grid_candidate_0272_attempt_1.log,
grid_candidate_0285,grid,grid_candidate_0285,completed,1,0,31.648915,/home/hzw/Rethinking_GNN_DP/paper_experiments/figure3/figure3_pipeline3.yaml/dataset=ogbn-arxiv/feature=raw/mechanism=mbm/x_eps=0.1/m=best/norm=false/smoother=hoa/backbone=sage/use_nfr=true/logs/grid_candidate_0285_attempt_1.log,
grid_candidate_0269,grid,grid_candidate_0269,completed,1,0,48.871967,/home/hzw/Rethinking_GNN_DP/paper_experiments/figure3/figure3_pipeline3.yaml/dataset=ogbn-arxiv/feature=raw/mechanism=mbm/x_eps=0.1/m=best/norm=false/smoother=hoa/backbone=sage/use_nfr=true/logs/grid_candidate_0269_attempt_1.log,
grid_candidate_0271,grid,grid_candidate_0271,completed,1,0,49.068933,/home/hzw/Rethinking_GNN_DP/paper_experiments/figure3/figure3_pipeline3.yaml/dataset=ogbn-arxiv/feature=raw/mechanism=mbm/x_eps=0.1/m=best/norm=false/smoother=hoa/backbone=sage/use_nfr=true/logs/grid_candidate_0271_attempt_1.log,
grid_candidate_0276,grid,grid_candidate_0276,completed,1,0,46.667739,/home/hzw/Rethinking_GNN_DP/paper_experiments/figure3/figure3_pipeline3.yaml/dataset=ogbn-arxiv/feature=raw/mechanism=mbm/x_eps=0.1/m=best/norm=false/smoother=hoa/backbone=sage/use_nfr=true/logs/grid_candidate_0276_attempt_1.log,
grid_candidate_0277,grid,grid_candidate_0277,completed,1,0,46.595524,/home/hzw/Rethinking_GNN_DP/paper_experiments/figure3/figure3_pipeline3.yaml/dataset=ogbn-arxiv/feature=raw/mechanism=mbm/x_eps=0.1/m=best/norm=false/smoother=hoa/backbone=sage/use_nfr=true/logs/grid_candidate_0277_attempt_1.log,
grid_candidate_0273,grid,grid_candidate_0273,completed,1,0,51.742929,/home/hzw/Rethinking_GNN_DP/paper_experiments/figure3/figure3_pipeline3.yaml/dataset=ogbn-arxiv/feature=raw/mechanism=mbm/x_eps=0.1/m=best/norm=false/smoother=hoa/backbone=sage/use_nfr=true/logs/grid_candidate_0273_attempt_1.log,
grid_candidate_0283,grid,grid_candidate_0283,completed,1,0,42.261652,/home/hzw/Rethinking_GNN_DP/paper_experiments/figure3/figure3_pipeline3.yaml/dataset=ogbn-arxiv/feature=raw/mechanism=mbm/x_eps=0.1/m=best/norm=false/smoother=hoa/backbone=sage/use_nfr=true/logs/grid_candidate_0283_attempt_1.log,
grid_candidate_0275,grid,grid_candidate_0275,completed,1,0,51.462418,/home/hzw/Rethinking_GNN_DP/paper_experiments/figure3/figure3_pipeline3.yaml/dataset=ogbn-arxiv/feature=raw/mechanism=mbm/x_eps=0.1/m=best/norm=false/smoother=hoa/backbone=sage/use_nfr=true/logs/grid_candidate_0275_attempt_1.log,
grid_candidate_0278,grid,grid_candidate_0278,completed,1,0,50.498452,/home/hzw/Rethinking_GNN_DP/paper_experiments/figure3/figure3_pipeline3.yaml/dataset=ogbn-arxiv/feature=raw/mechanism=mbm/x_eps=0.1/m=best/norm=false/smoother=hoa/backbone=sage/use_nfr=true/logs/grid_candidate_0278_attempt_1.log,
grid_candidate_0284,grid,grid_candidate_0284,completed,1,0,48.476133,/home/hzw/Rethinking_GNN_DP/paper_experiments/figure3/figure3_pipeline3.yaml/dataset=ogbn-arxiv/feature=raw/mechanism=mbm/x_eps=0.1/m=best/norm=false/smoother=hoa/backbone=sage/use_nfr=true/logs/grid_candidate_0284_attempt_1.log,
grid_candidate_0279,grid,grid_candidate_0279,completed,1,0,53.728157,/home/hzw/Rethinking_GNN_DP/paper_experiments/figure3/figure3_pipeline3.yaml/dataset=ogbn-arxiv/feature=raw/mechanism=mbm/x_eps=0.1/m=best/norm=false/smoother=hoa/backbone=sage/use_nfr=true/logs/grid_candidate_0279_attempt_1.log,
grid_candidate_0280,grid,grid_candidate_0280,completed,1,0,53.241387,/home/hzw/Rethinking_GNN_DP/paper_experiments/figure3/figure3_pipeline3.yaml/dataset=ogbn-arxiv/feature=raw/mechanism=mbm/x_eps=0.1/m=best/norm=false/smoother=hoa/backbone=sage/use_nfr=true/logs/grid_candidate_0280_attempt_1.log,
grid_candidate_0282,grid,grid_candidate_0282,completed,1,0,52.975706,/home/hzw/Rethinking_GNN_DP/paper_experiments/figure3/figure3_pipeline3.yaml/dataset=ogbn-arxiv/feature=raw/mechanism=mbm/x_eps=0.1/m=best/norm=false/smoother=hoa/backbone=sage/use_nfr=true/logs/grid_candidate_0282_attempt_1.log,
grid_candidate_0286,grid,grid_candidate_0286,completed,1,0,47.873630,/home/hzw/Rethinking_GNN_DP/paper_experiments/figure3/figure3_pipeline3.yaml/dataset=ogbn-arxiv/feature=raw/mechanism=mbm/x_eps=0.1/m=best/norm=false/smoother=hoa/backbone=sage/use_nfr=true/logs/grid_candidate_0286_attempt_1.log,
grid_candidate_0288,grid,grid_candidate_0288,completed,1,0,44.432434,/home/hzw/Rethinking_GNN_DP/paper_experiments/figure3/figure3_pipeline3.yaml/dataset=ogbn-arxiv/feature=raw/mechanism=mbm/x_eps=0.1/m=best/norm=false/smoother=hoa/backbone=sage/use_nfr=true/logs/grid_candidate_0288_attempt_1.log,
grid_candidate_0289,grid,grid_candidate_0289,completed,1,0,42.650111,/home/hzw/Rethinking_GNN_DP/paper_experiments/figure3/figure3_pipeline3.yaml/dataset=ogbn-arxiv/feature=raw/mechanism=mbm/x_eps=0.1/m=best/norm=false/smoother=hoa/backbone=sage/use_nfr=true/logs/grid_candidate_0289_attempt_1.log,
grid_candidate_0287,grid,grid_candidate_0287,completed,1,0,48.151462,/home/hzw/Rethinking_GNN_DP/paper_experiments/figure3/figure3_pipeline3.yaml/dataset=ogbn-arxiv/feature=raw/mechanism=mbm/x_eps=0.1/m=best/norm=false/smoother=hoa/backbone=sage/use_nfr=true/logs/grid_candidate_0287_attempt_1.log,
grid_candidate_0298,grid,grid_candidate_0298,completed,1,0,35.494260,/home/hzw/Rethinking_GNN_DP/paper_experiments/figure3/figure3_pipeline3.yaml/dataset=ogbn-arxiv/feature=raw/mechanism=mbm/x_eps=0.1/m=best/norm=false/smoother=hoa/backbone=sage/use_nfr=true/logs/grid_candidate_0298_attempt_1.log,
grid_candidate_0290,grid,grid_candidate_0290,completed,1,0,49.247424,/home/hzw/Rethinking_GNN_DP/paper_experiments/figure3/figure3_pipeline3.yaml/dataset=ogbn-arxiv/feature=raw/mechanism=mbm/x_eps=0.1/m=best/norm=false/smoother=hoa/backbone=sage/use_nfr=true/logs/grid_candidate_0290_attempt_1.log,
grid_candidate_0291,grid,grid_candidate_0291,completed,1,0,48.407064,/home/hzw/Rethinking_GNN_DP/paper_experiments/figure3/figure3_pipeline3.yaml/dataset=ogbn-arxiv/feature=raw/mechanism=mbm/x_eps=0.1/m=best/norm=false/smoother=hoa/backbone=sage/use_nfr=true/logs/grid_candidate_0291_attempt_1.log,
grid_candidate_0301,grid,grid_candidate_0301,completed,1,0,41.146839,/home/hzw/Rethinking_GNN_DP/paper_experiments/figure3/figure3_pipeline3.yaml/dataset=ogbn-arxiv/feature=raw/mechanism=mbm/x_eps=0.1/m=best/norm=false/smoother=hoa/backbone=sage/use_nfr=true/logs/grid_candidate_0301_attempt_1.log,
grid_candidate_0305,grid,grid_candidate_0305,completed,1,0,33.441234,/home/hzw/Rethinking_GNN_DP/paper_experiments/figure3/figure3_pipeline3.yaml/dataset=ogbn-arxiv/feature=raw/mechanism=mbm/x_eps=0.1/m=best/norm=false/smoother=hoa/backbone=sage/use_nfr=true/logs/grid_candidate_0305_attempt_1.log,
grid_candidate_0293,grid,grid_candidate_0293,completed,1,0,49.367805,/home/hzw/Rethinking_GNN_DP/paper_experiments/figure3/figure3_pipeline3.yaml/dataset=ogbn-arxiv/feature=raw/mechanism=mbm/x_eps=0.1/m=best/norm=false/smoother=hoa/backbone=sage/use_nfr=true/logs/grid_candidate_0293_attempt_1.log,
grid_candidate_0292,grid,grid_candidate_0292,completed,1,0,50.582502,/home/hzw/Rethinking_GNN_DP/paper_experiments/figure3/figure3_pipeline3.yaml/dataset=ogbn-arxiv/feature=raw/mechanism=mbm/x_eps=0.1/m=best/norm=false/smoother=hoa/backbone=sage/use_nfr=true/logs/grid_candidate_0292_attempt_1.log,
grid_candidate_0296,grid,grid_candidate_0296,completed,1,0,48.150842,/home/hzw/Rethinking_GNN_DP/paper_experiments/figure3/figure3_pipeline3.yaml/dataset=ogbn-arxiv/feature=raw/mechanism=mbm/x_eps=0.1/m=best/norm=false/smoother=hoa/backbone=sage/use_nfr=true/logs/grid_candidate_0296_attempt_1.log,
grid_candidate_0294,grid,grid_candidate_0294,completed,1,0,51.188826,/home/hzw/Rethinking_GNN_DP/paper_experiments/figure3/figure3_pipeline3.yaml/dataset=ogbn-arxiv/feature=raw/mechanism=mbm/x_eps=0.1/m=best/norm=false/smoother=hoa/backbone=sage/use_nfr=true/logs/grid_candidate_0294_attempt_1.log,
grid_candidate_0295,grid,grid_candidate_0295,completed,1,0,50.723921,/home/hzw/Rethinking_GNN_DP/paper_experiments/figure3/figure3_pipeline3.yaml/dataset=ogbn-arxiv/feature=raw/mechanism=mbm/x_eps=0.1/m=best/norm=false/smoother=hoa/backbone=sage/use_nfr=true/logs/grid_candidate_0295_attempt_1.log,
grid_candidate_0299,grid,grid_candidate_0299,completed,1,0,49.168743,/home/hzw/Rethinking_GNN_DP/paper_experiments/figure3/figure3_pipeline3.yaml/dataset=ogbn-arxiv/feature=raw/mechanism=mbm/x_eps=0.1/m=best/norm=false/smoother=hoa/backbone=sage/use_nfr=true/logs/grid_candidate_0299_attempt_1.log,
grid_candidate_0302,grid,grid_candidate_0302,completed,1,0,47.775429,/home/hzw/Rethinking_GNN_DP/paper_experiments/figure3/figure3_pipeline3.yaml/dataset=ogbn-arxiv/feature=raw/mechanism=mbm/x_eps=0.1/m=best/norm=false/smoother=hoa/backbone=sage/use_nfr=true/logs/grid_candidate_0302_attempt_1.log,
grid_candidate_0297,grid,grid_candidate_0297,completed,1,0,52.698726,/home/hzw/Rethinking_GNN_DP/paper_experiments/figure3/figure3_pipeline3.yaml/dataset=ogbn-arxiv/feature=raw/mechanism=mbm/x_eps=0.1/m=best/norm=false/smoother=hoa/backbone=sage/use_nfr=true/logs/grid_candidate_0297_attempt_1.log,
grid_candidate_0300,grid,grid_candidate_0300,completed,1,0,50.423525,/home/hzw/Rethinking_GNN_DP/paper_experiments/figure3/figure3_pipeline3.yaml/dataset=ogbn-arxiv/feature=raw/mechanism=mbm/x_eps=0.1/m=best/norm=false/smoother=hoa/backbone=sage/use_nfr=true/logs/grid_candidate_0300_attempt_1.log,
grid_candidate_0303,grid,grid_candidate_0303,completed,1,0,47.668835,/home/hzw/Rethinking_GNN_DP/paper_experiments/figure3/figure3_pipeline3.yaml/dataset=ogbn-arxiv/feature=raw/mechanism=mbm/x_eps=0.1/m=best/norm=false/smoother=hoa/backbone=sage/use_nfr=true/logs/grid_candidate_0303_attempt_1.log,
grid_candidate_0304,grid,grid_candidate_0304,completed,1,0,46.062430,/home/hzw/Rethinking_GNN_DP/paper_experiments/figure3/figure3_pipeline3.yaml/dataset=ogbn-arxiv/feature=raw/mechanism=mbm/x_eps=0.1/m=best/norm=false/smoother=hoa/backbone=sage/use_nfr=true/logs/grid_candidate_0304_attempt_1.log,
grid_candidate_0306,grid,grid_candidate_0306,completed,1,0,44.463413,/home/hzw/Rethinking_GNN_DP/paper_experiments/figure3/figure3_pipeline3.yaml/dataset=ogbn-arxiv/feature=raw/mechanism=mbm/x_eps=0.1/m=best/norm=false/smoother=hoa/backbone=sage/use_nfr=true/logs/grid_candidate_0306_attempt_1.log,
grid_candidate_0308,grid,grid_candidate_0308,completed,1,0,43.345468,/home/hzw/Rethinking_GNN_DP/paper_experiments/figure3/figure3_pipeline3.yaml/dataset=ogbn-arxiv/feature=raw/mechanism=mbm/x_eps=0.1/m=best/norm=false/smoother=hoa/backbone=sage/use_nfr=true/logs/grid_candidate_0308_attempt_1.log,
grid_candidate_0309,grid,grid_candidate_0309,completed,1,0,47.399336,/home/hzw/Rethinking_GNN_DP/paper_experiments/figure3/figure3_pipeline3.yaml/dataset=ogbn-arxiv/feature=raw/mechanism=mbm/x_eps=0.1/m=best/norm=false/smoother=hoa/backbone=sage/use_nfr=true/logs/grid_candidate_0309_attempt_1.log,
grid_candidate_0310,grid,grid_candidate_0310,completed,1,0,45.273814,/home/hzw/Rethinking_GNN_DP/paper_experiments/figure3/figure3_pipeline3.yaml/dataset=ogbn-arxiv/feature=raw/mechanism=mbm/x_eps=0.1/m=best/norm=false/smoother=hoa/backbone=sage/use_nfr=true/logs/grid_candidate_0310_attempt_1.log,
grid_candidate_0319,grid,grid_candidate_0319,completed,1,0,32.788966,/home/hzw/Rethinking_GNN_DP/paper_experiments/figure3/figure3_pipeline3.yaml/dataset=ogbn-arxiv/feature=raw/mechanism=mbm/x_eps=0.1/m=best/norm=false/smoother=hoa/backbone=sage/use_nfr=true/logs/grid_candidate_0319_attempt_1.log,
grid_candidate_0307,grid,grid_candidate_0307,completed,1,0,51.345577,/home/hzw/Rethinking_GNN_DP/paper_experiments/figure3/figure3_pipeline3.yaml/dataset=ogbn-arxiv/feature=raw/mechanism=mbm/x_eps=0.1/m=best/norm=false/smoother=hoa/backbone=sage/use_nfr=true/logs/grid_candidate_0307_attempt_1.log,
grid_candidate_0313,grid,grid_candidate_0313,completed,1,0,43.349036,/home/hzw/Rethinking_GNN_DP/paper_experiments/figure3/figure3_pipeline3.yaml/dataset=ogbn-arxiv/feature=raw/mechanism=mbm/x_eps=0.1/m=best/norm=false/smoother=hoa/backbone=sage/use_nfr=true/logs/grid_candidate_0313_attempt_1.log,
grid_candidate_0315,grid,grid_candidate_0315,completed,1,0,44.717096,/home/hzw/Rethinking_GNN_DP/paper_experiments/figure3/figure3_pipeline3.yaml/dataset=ogbn-arxiv/feature=raw/mechanism=mbm/x_eps=0.1/m=best/norm=false/smoother=hoa/backbone=sage/use_nfr=true/logs/grid_candidate_0315_attempt_1.log,
grid_candidate_0311,grid,grid_candidate_0311,completed,1,0,50.626823,/home/hzw/Rethinking_GNN_DP/paper_experiments/figure3/figure3_pipeline3.yaml/dataset=ogbn-arxiv/feature=raw/mechanism=mbm/x_eps=0.1/m=best/norm=false/smoother=hoa/backbone=sage/use_nfr=true/logs/grid_candidate_0311_attempt_1.log,
grid_candidate_0312,grid,grid_candidate_0312,completed,1,0,49.454080,/home/hzw/Rethinking_GNN_DP/paper_experiments/figure3/figure3_pipeline3.yaml/dataset=ogbn-arxiv/feature=raw/mechanism=mbm/x_eps=0.1/m=best/norm=false/smoother=hoa/backbone=sage/use_nfr=true/logs/grid_candidate_0312_attempt_1.log,
grid_candidate_0314,grid,grid_candidate_0314,completed,1,0,51.148584,/home/hzw/Rethinking_GNN_DP/paper_experiments/figure3/figure3_pipeline3.yaml/dataset=ogbn-arxiv/feature=raw/mechanism=mbm/x_eps=0.1/m=best/norm=false/smoother=hoa/backbone=sage/use_nfr=true/logs/grid_candidate_0314_attempt_1.log,
grid_candidate_0316,grid,grid_candidate_0316,completed,1,0,51.327503,/home/hzw/Rethinking_GNN_DP/paper_experiments/figure3/figure3_pipeline3.yaml/dataset=ogbn-arxiv/feature=raw/mechanism=mbm/x_eps=0.1/m=best/norm=false/smoother=hoa/backbone=sage/use_nfr=true/logs/grid_candidate_0316_attempt_1.log,
grid_candidate_0321,grid,grid_candidate_0321,completed,1,0,43.883650,/home/hzw/Rethinking_GNN_DP/paper_experiments/figure3/figure3_pipeline3.yaml/dataset=ogbn-arxiv/feature=raw/mechanism=mbm/x_eps=0.1/m=best/norm=false/smoother=hoa/backbone=sage/use_nfr=true/logs/grid_candidate_0321_attempt_1.log,
grid_candidate_0317,grid,grid_candidate_0317,completed,1,0,51.527913,/home/hzw/Rethinking_GNN_DP/paper_experiments/figure3/figure3_pipeline3.yaml/dataset=ogbn-arxiv/feature=raw/mechanism=mbm/x_eps=0.1/m=best/norm=false/smoother=hoa/backbone=sage/use_nfr=true/logs/grid_candidate_0317_attempt_1.log,
grid_candidate_0318,grid,grid_candidate_0318,completed,1,0,49.566548,/home/hzw/Rethinking_GNN_DP/paper_experiments/figure3/figure3_pipeline3.yaml/dataset=ogbn-arxiv/feature=raw/mechanism=mbm/x_eps=0.1/m=best/norm=false/smoother=hoa/backbone=sage/use_nfr=true/logs/grid_candidate_0318_attempt_1.log,
grid_candidate_0333,grid,grid_candidate_0333,completed,1,0,33.388640,/home/hzw/Rethinking_GNN_DP/paper_experiments/figure3/figure3_pipeline3.yaml/dataset=ogbn-arxiv/feature=raw/mechanism=mbm/x_eps=0.1/m=best/norm=false/smoother=hoa/backbone=sage/use_nfr=true/logs/grid_candidate_0333_attempt_1.log,
grid_candidate_0322,grid,grid_candidate_0322,completed,1,0,47.116662,/home/hzw/Rethinking_GNN_DP/paper_experiments/figure3/figure3_pipeline3.yaml/dataset=ogbn-arxiv/feature=raw/mechanism=mbm/x_eps=0.1/m=best/norm=false/smoother=hoa/backbone=sage/use_nfr=true/logs/grid_candidate_0322_attempt_1.log,
grid_candidate_0320,grid,grid_candidate_0320,completed,1,0,49.332557,/home/hzw/Rethinking_GNN_DP/paper_experiments/figure3/figure3_pipeline3.yaml/dataset=ogbn-arxiv/feature=raw/mechanism=mbm/x_eps=0.1/m=best/norm=false/smoother=hoa/backbone=sage/use_nfr=true/logs/grid_candidate_0320_attempt_1.log,
grid_candidate_0326,grid,grid_candidate_0326,completed,1,0,45.050711,/home/hzw/Rethinking_GNN_DP/paper_experiments/figure3/figure3_pipeline3.yaml/dataset=ogbn-arxiv/feature=raw/mechanism=mbm/x_eps=0.1/m=best/norm=false/smoother=hoa/backbone=sage/use_nfr=true/logs/grid_candidate_0326_attempt_1.log,
grid_candidate_0324,grid,grid_candidate_0324,completed,1,0,47.235675,/home/hzw/Rethinking_GNN_DP/paper_experiments/figure3/figure3_pipeline3.yaml/dataset=ogbn-arxiv/feature=raw/mechanism=mbm/x_eps=0.1/m=best/norm=false/smoother=hoa/backbone=sage/use_nfr=true/logs/grid_candidate_0324_attempt_1.log,
grid_candidate_0323,grid,grid_candidate_0323,completed,1,0,48.483161,/home/hzw/Rethinking_GNN_DP/paper_experiments/figure3/figure3_pipeline3.yaml/dataset=ogbn-arxiv/feature=raw/mechanism=mbm/x_eps=0.1/m=best/norm=false/smoother=hoa/backbone=sage/use_nfr=true/logs/grid_candidate_0323_attempt_1.log,
grid_candidate_0328,grid,grid_candidate_0328,completed,1,0,41.009669,/home/hzw/Rethinking_GNN_DP/paper_experiments/figure3/figure3_pipeline3.yaml/dataset=ogbn-arxiv/feature=raw/mechanism=mbm/x_eps=0.1/m=best/norm=false/smoother=hoa/backbone=sage/use_nfr=true/logs/grid_candidate_0328_attempt_1.log,
grid_candidate_0325,grid,grid_candidate_0325,completed,1,0,48.560405,/home/hzw/Rethinking_GNN_DP/paper_experiments/figure3/figure3_pipeline3.yaml/dataset=ogbn-arxiv/feature=raw/mechanism=mbm/x_eps=0.1/m=best/norm=false/smoother=hoa/backbone=sage/use_nfr=true/logs/grid_candidate_0325_attempt_1.log,
grid_candidate_0337,grid,grid_candidate_0337,completed,1,0,33.748537,/home/hzw/Rethinking_GNN_DP/paper_experiments/figure3/figure3_pipeline3.yaml/dataset=ogbn-arxiv/feature=raw/mechanism=mbm/x_eps=0.1/m=best/norm=false/smoother=hoa/backbone=sage/use_nfr=true/logs/grid_candidate_0337_attempt_1.log,
grid_candidate_0329,grid,grid_candidate_0329,completed,1,0,46.505673,/home/hzw/Rethinking_GNN_DP/paper_experiments/figure3/figure3_pipeline3.yaml/dataset=ogbn-arxiv/feature=raw/mechanism=mbm/x_eps=0.1/m=best/norm=false/smoother=hoa/backbone=sage/use_nfr=true/logs/grid_candidate_0329_attempt_1.log,
grid_candidate_0327,grid,grid_candidate_0327,completed,1,0,51.147543,/home/hzw/Rethinking_GNN_DP/paper_experiments/figure3/figure3_pipeline3.yaml/dataset=ogbn-arxiv/feature=raw/mechanism=mbm/x_eps=0.1/m=best/norm=false/smoother=hoa/backbone=sage/use_nfr=true/logs/grid_candidate_0327_attempt_1.log,
grid_candidate_0335,grid,grid_candidate_0335,completed,1,0,45.940490,/home/hzw/Rethinking_GNN_DP/paper_experiments/figure3/figure3_pipeline3.yaml/dataset=ogbn-arxiv/feature=raw/mechanism=mbm/x_eps=0.1/m=best/norm=false/smoother=hoa/backbone=sage/use_nfr=true/logs/grid_candidate_0335_attempt_1.log,
grid_candidate_0345,grid,grid_candidate_0345,completed,1,0,32.522816,/home/hzw/Rethinking_GNN_DP/paper_experiments/figure3/figure3_pipeline3.yaml/dataset=ogbn-arxiv/feature=raw/mechanism=mbm/x_eps=0.1/m=best/norm=false/smoother=hoa/backbone=sage/use_nfr=true/logs/grid_candidate_0345_attempt_1.log,
grid_candidate_0330,grid,grid_candidate_0330,completed,1,0,50.577951,/home/hzw/Rethinking_GNN_DP/paper_experiments/figure3/figure3_pipeline3.yaml/dataset=ogbn-arxiv/feature=raw/mechanism=mbm/x_eps=0.1/m=best/norm=false/smoother=hoa/backbone=sage/use_nfr=true/logs/grid_candidate_0330_attempt_1.log,
grid_candidate_0336,grid,grid_candidate_0336,completed,1,0,46.000403,/home/hzw/Rethinking_GNN_DP/paper_experiments/figure3/figure3_pipeline3.yaml/dataset=ogbn-arxiv/feature=raw/mechanism=mbm/x_eps=0.1/m=best/norm=false/smoother=hoa/backbone=sage/use_nfr=true/logs/grid_candidate_0336_attempt_1.log,
grid_candidate_0346,grid,grid_candidate_0346,completed,1,0,34.580114,/home/hzw/Rethinking_GNN_DP/paper_experiments/figure3/figure3_pipeline3.yaml/dataset=ogbn-arxiv/feature=raw/mechanism=mbm/x_eps=0.1/m=best/norm=false/smoother=hoa/backbone=sage/use_nfr=true/logs/grid_candidate_0346_attempt_1.log,
grid_candidate_0332,grid,grid_candidate_0332,completed,1,0,52.151213,/home/hzw/Rethinking_GNN_DP/paper_experiments/figure3/figure3_pipeline3.yaml/dataset=ogbn-arxiv/feature=raw/mechanism=mbm/x_eps=0.1/m=best/norm=false/smoother=hoa/backbone=sage/use_nfr=true/logs/grid_candidate_0332_attempt_1.log,
grid_candidate_0331,grid,grid_candidate_0331,completed,1,0,52.693701,/home/hzw/Rethinking_GNN_DP/paper_experiments/figure3/figure3_pipeline3.yaml/dataset=ogbn-arxiv/feature=raw/mechanism=mbm/x_eps=0.1/m=best/norm=false/smoother=hoa/backbone=sage/use_nfr=true/logs/grid_candidate_0331_attempt_1.log,
grid_candidate_0334,grid,grid_candidate_0334,completed,1,0,52.163087,/home/hzw/Rethinking_GNN_DP/paper_experiments/figure3/figure3_pipeline3.yaml/dataset=ogbn-arxiv/feature=raw/mechanism=mbm/x_eps=0.1/m=best/norm=false/smoother=hoa/backbone=sage/use_nfr=true/logs/grid_candidate_0334_attempt_1.log,
grid_candidate_0340,grid,grid_candidate_0340,completed,1,0,45.848387,/home/hzw/Rethinking_GNN_DP/paper_experiments/figure3/figure3_pipeline3.yaml/dataset=ogbn-arxiv/feature=raw/mechanism=mbm/x_eps=0.1/m=best/norm=false/smoother=hoa/backbone=sage/use_nfr=true/logs/grid_candidate_0340_attempt_1.log,
grid_candidate_0343,grid,grid_candidate_0343,completed,1,0,46.660777,/home/hzw/Rethinking_GNN_DP/paper_experiments/figure3/figure3_pipeline3.yaml/dataset=ogbn-arxiv/feature=raw/mechanism=mbm/x_eps=0.1/m=best/norm=false/smoother=hoa/backbone=sage/use_nfr=true/logs/grid_candidate_0343_attempt_1.log,
grid_candidate_0338,grid,grid_candidate_0338,completed,1,0,53.156947,/home/hzw/Rethinking_GNN_DP/paper_experiments/figure3/figure3_pipeline3.yaml/dataset=ogbn-arxiv/feature=raw/mechanism=mbm/x_eps=0.1/m=best/norm=false/smoother=hoa/backbone=sage/use_nfr=true/logs/grid_candidate_0338_attempt_1.log,
grid_candidate_0339,grid,grid_candidate_0339,completed,1,0,55.178636,/home/hzw/Rethinking_GNN_DP/paper_experiments/figure3/figure3_pipeline3.yaml/dataset=ogbn-arxiv/feature=raw/mechanism=mbm/x_eps=0.1/m=best/norm=false/smoother=hoa/backbone=sage/use_nfr=true/logs/grid_candidate_0339_attempt_1.log,
grid_candidate_0341,grid,grid_candidate_0341,completed,1,0,51.978379,/home/hzw/Rethinking_GNN_DP/paper_experiments/figure3/figure3_pipeline3.yaml/dataset=ogbn-arxiv/feature=raw/mechanism=mbm/x_eps=0.1/m=best/norm=false/smoother=hoa/backbone=sage/use_nfr=true/logs/grid_candidate_0341_attempt_1.log,
grid_candidate_0342,grid,grid_candidate_0342,completed,1,0,51.947431,/home/hzw/Rethinking_GNN_DP/paper_experiments/figure3/figure3_pipeline3.yaml/dataset=ogbn-arxiv/feature=raw/mechanism=mbm/x_eps=0.1/m=best/norm=false/smoother=hoa/backbone=sage/use_nfr=true/logs/grid_candidate_0342_attempt_1.log,
grid_candidate_0348,grid,grid_candidate_0348,completed,1,0,43.771540,/home/hzw/Rethinking_GNN_DP/paper_experiments/figure3/figure3_pipeline3.yaml/dataset=ogbn-arxiv/feature=raw/mechanism=mbm/x_eps=0.1/m=best/norm=false/smoother=hoa/backbone=sage/use_nfr=true/logs/grid_candidate_0348_attempt_1.log,
grid_candidate_0350,grid,grid_candidate_0350,completed,1,0,39.747772,/home/hzw/Rethinking_GNN_DP/paper_experiments/figure3/figure3_pipeline3.yaml/dataset=ogbn-arxiv/feature=raw/mechanism=mbm/x_eps=0.1/m=best/norm=false/smoother=hoa/backbone=sage/use_nfr=true/logs/grid_candidate_0350_attempt_1.log,
grid_candidate_0344,grid,grid_candidate_0344,completed,1,0,48.343809,/home/hzw/Rethinking_GNN_DP/paper_experiments/figure3/figure3_pipeline3.yaml/dataset=ogbn-arxiv/feature=raw/mechanism=mbm/x_eps=0.1/m=best/norm=false/smoother=hoa/backbone=sage/use_nfr=true/logs/grid_candidate_0344_attempt_1.log,
grid_candidate_0349,grid,grid_candidate_0349,completed,1,0,45.429014,/home/hzw/Rethinking_GNN_DP/paper_experiments/figure3/figure3_pipeline3.yaml/dataset=ogbn-arxiv/feature=raw/mechanism=mbm/x_eps=0.1/m=best/norm=false/smoother=hoa/backbone=sage/use_nfr=true/logs/grid_candidate_0349_attempt_1.log,
grid_candidate_0351,grid,grid_candidate_0351,completed,1,0,42.591918,/home/hzw/Rethinking_GNN_DP/paper_experiments/figure3/figure3_pipeline3.yaml/dataset=ogbn-arxiv/feature=raw/mechanism=mbm/x_eps=0.1/m=best/norm=false/smoother=hoa/backbone=sage/use_nfr=true/logs/grid_candidate_0351_attempt_1.log,
grid_candidate_0347,grid,grid_candidate_0347,completed,1,0,48.777681,/home/hzw/Rethinking_GNN_DP/paper_experiments/figure3/figure3_pipeline3.yaml/dataset=ogbn-arxiv/feature=raw/mechanism=mbm/x_eps=0.1/m=best/norm=false/smoother=hoa/backbone=sage/use_nfr=true/logs/grid_candidate_0347_attempt_1.log,
grid_candidate_0352,grid,grid_candidate_0352,completed,1,0,48.004917,/home/hzw/Rethinking_GNN_DP/paper_experiments/figure3/figure3_pipeline3.yaml/dataset=ogbn-arxiv/feature=raw/mechanism=mbm/x_eps=0.1/m=best/norm=false/smoother=hoa/backbone=sage/use_nfr=true/logs/grid_candidate_0352_attempt_1.log,
grid_candidate_0365,grid,grid_candidate_0365,completed,1,0,35.904072,/home/hzw/Rethinking_GNN_DP/paper_experiments/figure3/figure3_pipeline3.yaml/dataset=ogbn-arxiv/feature=raw/mechanism=mbm/x_eps=0.1/m=best/norm=false/smoother=hoa/backbone=sage/use_nfr=true/logs/grid_candidate_0365_attempt_1.log,
grid_candidate_0353,grid,grid_candidate_0353,completed,1,0,49.401111,/home/hzw/Rethinking_GNN_DP/paper_experiments/figure3/figure3_pipeline3.yaml/dataset=ogbn-arxiv/feature=raw/mechanism=mbm/x_eps=0.1/m=best/norm=false/smoother=hoa/backbone=sage/use_nfr=true/logs/grid_candidate_0353_attempt_1.log,
grid_candidate_0355,grid,grid_candidate_0355,completed,1,0,50.065486,/home/hzw/Rethinking_GNN_DP/paper_experiments/figure3/figure3_pipeline3.yaml/dataset=ogbn-arxiv/feature=raw/mechanism=mbm/x_eps=0.1/m=best/norm=false/smoother=hoa/backbone=sage/use_nfr=true/logs/grid_candidate_0355_attempt_1.log,
grid_candidate_0363,grid,grid_candidate_0363,completed,1,0,45.047413,/home/hzw/Rethinking_GNN_DP/paper_experiments/figure3/figure3_pipeline3.yaml/dataset=ogbn-arxiv/feature=raw/mechanism=mbm/x_eps=0.1/m=best/norm=false/smoother=hoa/backbone=sage/use_nfr=true/logs/grid_candidate_0363_attempt_1.log,
grid_candidate_0357,grid,grid_candidate_0357,completed,1,0,48.213577,/home/hzw/Rethinking_GNN_DP/paper_experiments/figure3/figure3_pipeline3.yaml/dataset=ogbn-arxiv/feature=raw/mechanism=mbm/x_eps=0.1/m=best/norm=false/smoother=hoa/backbone=sage/use_nfr=true/logs/grid_candidate_0357_attempt_1.log,
grid_candidate_0362,grid,grid_candidate_0362,completed,1,0,47.071168,/home/hzw/Rethinking_GNN_DP/paper_experiments/figure3/figure3_pipeline3.yaml/dataset=ogbn-arxiv/feature=raw/mechanism=mbm/x_eps=0.1/m=best/norm=false/smoother=hoa/backbone=sage/use_nfr=true/logs/grid_candidate_0362_attempt_1.log,
grid_candidate_0358,grid,grid_candidate_0358,completed,1,0,49.807068,/home/hzw/Rethinking_GNN_DP/paper_experiments/figure3/figure3_pipeline3.yaml/dataset=ogbn-arxiv/feature=raw/mechanism=mbm/x_eps=0.1/m=best/norm=false/smoother=hoa/backbone=sage/use_nfr=true/logs/grid_candidate_0358_attempt_1.log,
grid_candidate_0360,grid,grid_candidate_0360,completed,1,0,49.100551,/home/hzw/Rethinking_GNN_DP/paper_experiments/figure3/figure3_pipeline3.yaml/dataset=ogbn-arxiv/feature=raw/mechanism=mbm/x_eps=0.1/m=best/norm=false/smoother=hoa/backbone=sage/use_nfr=true/logs/grid_candidate_0360_attempt_1.log,
grid_candidate_0361,grid,grid_candidate_0361,completed,1,0,49.501658,/home/hzw/Rethinking_GNN_DP/paper_experiments/figure3/figure3_pipeline3.yaml/dataset=ogbn-arxiv/feature=raw/mechanism=mbm/x_eps=0.1/m=best/norm=false/smoother=hoa/backbone=sage/use_nfr=true/logs/grid_candidate_0361_attempt_1.log,
grid_candidate_0354,grid,grid_candidate_0354,completed,1,0,54.969073,/home/hzw/Rethinking_GNN_DP/paper_experiments/figure3/figure3_pipeline3.yaml/dataset=ogbn-arxiv/feature=raw/mechanism=mbm/x_eps=0.1/m=best/norm=false/smoother=hoa/backbone=sage/use_nfr=true/logs/grid_candidate_0354_attempt_1.log,
grid_candidate_0359,grid,grid_candidate_0359,completed,1,0,51.908715,/home/hzw/Rethinking_GNN_DP/paper_experiments/figure3/figure3_pipeline3.yaml/dataset=ogbn-arxiv/feature=raw/mechanism=mbm/x_eps=0.1/m=best/norm=false/smoother=hoa/backbone=sage/use_nfr=true/logs/grid_candidate_0359_attempt_1.log,
grid_candidate_0356,grid,grid_candidate_0356,completed,1,0,55.173158,/home/hzw/Rethinking_GNN_DP/paper_experiments/figure3/figure3_pipeline3.yaml/dataset=ogbn-arxiv/feature=raw/mechanism=mbm/x_eps=0.1/m=best/norm=false/smoother=hoa/backbone=sage/use_nfr=true/logs/grid_candidate_0356_attempt_1.log,
grid_candidate_0364,grid,grid_candidate_0364,completed,1,0,50.073337,/home/hzw/Rethinking_GNN_DP/paper_experiments/figure3/figure3_pipeline3.yaml/dataset=ogbn-arxiv/feature=raw/mechanism=mbm/x_eps=0.1/m=best/norm=false/smoother=hoa/backbone=sage/use_nfr=true/logs/grid_candidate_0364_attempt_1.log,
grid_candidate_0366,grid,grid_candidate_0366,completed,1,0,46.698215,/home/hzw/Rethinking_GNN_DP/paper_experiments/figure3/figure3_pipeline3.yaml/dataset=ogbn-arxiv/feature=raw/mechanism=mbm/x_eps=0.1/m=best/norm=false/smoother=hoa/backbone=sage/use_nfr=true/logs/grid_candidate_0366_attempt_1.log,
grid_candidate_0367,grid,grid_candidate_0367,completed,1,0,47.091291,/home/hzw/Rethinking_GNN_DP/paper_experiments/figure3/figure3_pipeline3.yaml/dataset=ogbn-arxiv/feature=raw/mechanism=mbm/x_eps=0.1/m=best/norm=false/smoother=hoa/backbone=sage/use_nfr=true/logs/grid_candidate_0367_attempt_1.log,
grid_candidate_0369,grid,grid_candidate_0369,completed,1,0,44.288361,/home/hzw/Rethinking_GNN_DP/paper_experiments/figure3/figure3_pipeline3.yaml/dataset=ogbn-arxiv/feature=raw/mechanism=mbm/x_eps=0.1/m=best/norm=false/smoother=hoa/backbone=sage/use_nfr=true/logs/grid_candidate_0369_attempt_1.log,
grid_candidate_0371,grid,grid_candidate_0371,completed,1,0,42.546198,/home/hzw/Rethinking_GNN_DP/paper_experiments/figure3/figure3_pipeline3.yaml/dataset=ogbn-arxiv/feature=raw/mechanism=mbm/x_eps=0.1/m=best/norm=false/smoother=hoa/backbone=sage/use_nfr=true/logs/grid_candidate_0371_attempt_1.log,
grid_candidate_0368,grid,grid_candidate_0368,completed,1,0,47.238422,/home/hzw/Rethinking_GNN_DP/paper_experiments/figure3/figure3_pipeline3.yaml/dataset=ogbn-arxiv/feature=raw/mechanism=mbm/x_eps=0.1/m=best/norm=false/smoother=hoa/backbone=sage/use_nfr=true/logs/grid_candidate_0368_attempt_1.log,
grid_candidate_0380,grid,grid_candidate_0380,completed,1,0,33.791111,/home/hzw/Rethinking_GNN_DP/paper_experiments/figure3/figure3_pipeline3.yaml/dataset=ogbn-arxiv/feature=raw/mechanism=mbm/x_eps=0.1/m=best/norm=false/smoother=hoa/backbone=sage/use_nfr=true/logs/grid_candidate_0380_attempt_1.log,
grid_candidate_0381,grid,grid_candidate_0381,completed,1,0,35.374595,/home/hzw/Rethinking_GNN_DP/paper_experiments/figure3/figure3_pipeline3.yaml/dataset=ogbn-arxiv/feature=raw/mechanism=mbm/x_eps=0.1/m=best/norm=false/smoother=hoa/backbone=sage/use_nfr=true/logs/grid_candidate_0381_attempt_1.log,
grid_candidate_0382,grid,grid_candidate_0382,completed,1,0,35.841956,/home/hzw/Rethinking_GNN_DP/paper_experiments/figure3/figure3_pipeline3.yaml/dataset=ogbn-arxiv/feature=raw/mechanism=mbm/x_eps=0.1/m=best/norm=false/smoother=hoa/backbone=sage/use_nfr=true/logs/grid_candidate_0382_attempt_1.log,
grid_candidate_0370,grid,grid_candidate_0370,completed,1,0,50.962373,/home/hzw/Rethinking_GNN_DP/paper_experiments/figure3/figure3_pipeline3.yaml/dataset=ogbn-arxiv/feature=raw/mechanism=mbm/x_eps=0.1/m=best/norm=false/smoother=hoa/backbone=sage/use_nfr=true/logs/grid_candidate_0370_attempt_1.log,
grid_candidate_0372,grid,grid_candidate_0372,completed,1,0,49.513445,/home/hzw/Rethinking_GNN_DP/paper_experiments/figure3/figure3_pipeline3.yaml/dataset=ogbn-arxiv/feature=raw/mechanism=mbm/x_eps=0.1/m=best/norm=false/smoother=hoa/backbone=sage/use_nfr=true/logs/grid_candidate_0372_attempt_1.log,
grid_candidate_0377,grid,grid_candidate_0377,completed,1,0,43.423688,/home/hzw/Rethinking_GNN_DP/paper_experiments/figure3/figure3_pipeline3.yaml/dataset=ogbn-arxiv/feature=raw/mechanism=mbm/x_eps=0.1/m=best/norm=false/smoother=hoa/backbone=sage/use_nfr=true/logs/grid_candidate_0377_attempt_1.log,
grid_candidate_0376,grid,grid_candidate_0376,completed,1,0,45.965532,/home/hzw/Rethinking_GNN_DP/paper_experiments/figure3/figure3_pipeline3.yaml/dataset=ogbn-arxiv/feature=raw/mechanism=mbm/x_eps=0.1/m=best/norm=false/smoother=hoa/backbone=sage/use_nfr=true/logs/grid_candidate_0376_attempt_1.log,
grid_candidate_0375,grid,grid_candidate_0375,completed,1,0,50.489696,/home/hzw/Rethinking_GNN_DP/paper_experiments/figure3/figure3_pipeline3.yaml/dataset=ogbn-arxiv/feature=raw/mechanism=mbm/x_eps=0.1/m=best/norm=false/smoother=hoa/backbone=sage/use_nfr=true/logs/grid_candidate_0375_attempt_1.log,
grid_candidate_0383,grid,grid_candidate_0383,completed,1,0,42.260210,/home/hzw/Rethinking_GNN_DP/paper_experiments/figure3/figure3_pipeline3.yaml/dataset=ogbn-arxiv/feature=raw/mechanism=mbm/x_eps=0.1/m=best/norm=false/smoother=hoa/backbone=sage/use_nfr=true/logs/grid_candidate_0383_attempt_1.log,
grid_candidate_0386,grid,grid_candidate_0386,completed,1,0,39.528289,/home/hzw/Rethinking_GNN_DP/paper_experiments/figure3/figure3_pipeline3.yaml/dataset=ogbn-arxiv/feature=raw/mechanism=mbm/x_eps=0.1/m=best/norm=false/smoother=hoa/backbone=sage/use_nfr=true/logs/grid_candidate_0386_attempt_1.log,
grid_candidate_0373,grid,grid_candidate_0373,completed,1,0,56.562013,/home/hzw/Rethinking_GNN_DP/paper_experiments/figure3/figure3_pipeline3.yaml/dataset=ogbn-arxiv/feature=raw/mechanism=mbm/x_eps=0.1/m=best/norm=false/smoother=hoa/backbone=sage/use_nfr=true/logs/grid_candidate_0373_attempt_1.log,
grid_candidate_0374,grid,grid_candidate_0374,completed,1,0,56.773679,/home/hzw/Rethinking_GNN_DP/paper_experiments/figure3/figure3_pipeline3.yaml/dataset=ogbn-arxiv/feature=raw/mechanism=mbm/x_eps=0.1/m=best/norm=false/smoother=hoa/backbone=sage/use_nfr=true/logs/grid_candidate_0374_attempt_1.log,
grid_candidate_0384,grid,grid_candidate_0384,completed,1,0,46.068064,/home/hzw/Rethinking_GNN_DP/paper_experiments/figure3/figure3_pipeline3.yaml/dataset=ogbn-arxiv/feature=raw/mechanism=mbm/x_eps=0.1/m=best/norm=false/smoother=hoa/backbone=sage/use_nfr=true/logs/grid_candidate_0384_attempt_1.log,
grid_candidate_0378,grid,grid_candidate_0378,completed,1,0,52.724348,/home/hzw/Rethinking_GNN_DP/paper_experiments/figure3/figure3_pipeline3.yaml/dataset=ogbn-arxiv/feature=raw/mechanism=mbm/x_eps=0.1/m=best/norm=false/smoother=hoa/backbone=sage/use_nfr=true/logs/grid_candidate_0378_attempt_1.log,
grid_candidate_0387,grid,grid_candidate_0387,completed,1,0,44.961896,/home/hzw/Rethinking_GNN_DP/paper_experiments/figure3/figure3_pipeline3.yaml/dataset=ogbn-arxiv/feature=raw/mechanism=mbm/x_eps=0.1/m=best/norm=false/smoother=hoa/backbone=sage/use_nfr=true/logs/grid_candidate_0387_attempt_1.log,
grid_candidate_0379,grid,grid_candidate_0379,completed,1,0,51.853125,/home/hzw/Rethinking_GNN_DP/paper_experiments/figure3/figure3_pipeline3.yaml/dataset=ogbn-arxiv/feature=raw/mechanism=mbm/x_eps=0.1/m=best/norm=false/smoother=hoa/backbone=sage/use_nfr=true/logs/grid_candidate_0379_attempt_1.log,
grid_candidate_0391,grid,grid_candidate_0391,completed,1,0,32.363617,/home/hzw/Rethinking_GNN_DP/paper_experiments/figure3/figure3_pipeline3.yaml/dataset=ogbn-arxiv/feature=raw/mechanism=mbm/x_eps=0.1/m=best/norm=false/smoother=hoa/backbone=sage/use_nfr=true/logs/grid_candidate_0391_attempt_1.log,
grid_candidate_0389,grid,grid_candidate_0389,completed,1,0,38.565069,/home/hzw/Rethinking_GNN_DP/paper_experiments/figure3/figure3_pipeline3.yaml/dataset=ogbn-arxiv/feature=raw/mechanism=mbm/x_eps=0.1/m=best/norm=false/smoother=hoa/backbone=sage/use_nfr=true/logs/grid_candidate_0389_attempt_1.log,
grid_candidate_0385,grid,grid_candidate_0385,completed,1,0,47.894120,/home/hzw/Rethinking_GNN_DP/paper_experiments/figure3/figure3_pipeline3.yaml/dataset=ogbn-arxiv/feature=raw/mechanism=mbm/x_eps=0.1/m=best/norm=false/smoother=hoa/backbone=sage/use_nfr=true/logs/grid_candidate_0385_attempt_1.log,
grid_candidate_0388,grid,grid_candidate_0388,completed,1,0,43.025779,/home/hzw/Rethinking_GNN_DP/paper_experiments/figure3/figure3_pipeline3.yaml/dataset=ogbn-arxiv/feature=raw/mechanism=mbm/x_eps=0.1/m=best/norm=false/smoother=hoa/backbone=sage/use_nfr=true/logs/grid_candidate_0388_attempt_1.log,
grid_candidate_0392,grid,grid_candidate_0392,completed,1,0,41.987752,/home/hzw/Rethinking_GNN_DP/paper_experiments/figure3/figure3_pipeline3.yaml/dataset=ogbn-arxiv/feature=raw/mechanism=mbm/x_eps=0.1/m=best/norm=false/smoother=hoa/backbone=sage/use_nfr=true/logs/grid_candidate_0392_attempt_1.log,
grid_candidate_0393,grid,grid_candidate_0393,completed,1,0,42.774455,/home/hzw/Rethinking_GNN_DP/paper_experiments/figure3/figure3_pipeline3.yaml/dataset=ogbn-arxiv/feature=raw/mechanism=mbm/x_eps=0.1/m=best/norm=false/smoother=hoa/backbone=sage/use_nfr=true/logs/grid_candidate_0393_attempt_1.log,
grid_candidate_0390,grid,grid_candidate_0390,completed,1,0,49.067895,/home/hzw/Rethinking_GNN_DP/paper_experiments/figure3/figure3_pipeline3.yaml/dataset=ogbn-arxiv/feature=raw/mechanism=mbm/x_eps=0.1/m=best/norm=false/smoother=hoa/backbone=sage/use_nfr=true/logs/grid_candidate_0390_attempt_1.log,
grid_candidate_0399,grid,grid_candidate_0399,completed,1,0,42.908034,/home/hzw/Rethinking_GNN_DP/paper_experiments/figure3/figure3_pipeline3.yaml/dataset=ogbn-arxiv/feature=raw/mechanism=mbm/x_eps=0.1/m=best/norm=false/smoother=hoa/backbone=sage/use_nfr=true/logs/grid_candidate_0399_attempt_1.log,
grid_candidate_0394,grid,grid_candidate_0394,completed,1,0,46.886629,/home/hzw/Rethinking_GNN_DP/paper_experiments/figure3/figure3_pipeline3.yaml/dataset=ogbn-arxiv/feature=raw/mechanism=mbm/x_eps=0.1/m=best/norm=false/smoother=hoa/backbone=sage/use_nfr=true/logs/grid_candidate_0394_attempt_1.log,
grid_candidate_0397,grid,grid_candidate_0397,completed,1,0,45.139339,/home/hzw/Rethinking_GNN_DP/paper_experiments/figure3/figure3_pipeline3.yaml/dataset=ogbn-arxiv/feature=raw/mechanism=mbm/x_eps=0.1/m=best/norm=false/smoother=hoa/backbone=sage/use_nfr=true/logs/grid_candidate_0397_attempt_1.log,
grid_candidate_0395,grid,grid_candidate_0395,completed,1,0,46.797920,/home/hzw/Rethinking_GNN_DP/paper_experiments/figure3/figure3_pipeline3.yaml/dataset=ogbn-arxiv/feature=raw/mechanism=mbm/x_eps=0.1/m=best/norm=false/smoother=hoa/backbone=sage/use_nfr=true/logs/grid_candidate_0395_attempt_1.log,
grid_candidate_0401,grid,grid_candidate_0401,completed,1,0,43.680984,/home/hzw/Rethinking_GNN_DP/paper_experiments/figure3/figure3_pipeline3.yaml/dataset=ogbn-arxiv/feature=raw/mechanism=mbm/x_eps=0.1/m=best/norm=false/smoother=hoa/backbone=sage/use_nfr=true/logs/grid_candidate_0401_attempt_1.log,
grid_candidate_0396,grid,grid_candidate_0396,completed,1,0,48.328369,/home/hzw/Rethinking_GNN_DP/paper_experiments/figure3/figure3_pipeline3.yaml/dataset=ogbn-arxiv/feature=raw/mechanism=mbm/x_eps=0.1/m=best/norm=false/smoother=hoa/backbone=sage/use_nfr=true/logs/grid_candidate_0396_attempt_1.log,
grid_candidate_0398,grid,grid_candidate_0398,completed,1,0,49.194418,/home/hzw/Rethinking_GNN_DP/paper_experiments/figure3/figure3_pipeline3.yaml/dataset=ogbn-arxiv/feature=raw/mechanism=mbm/x_eps=0.1/m=best/norm=false/smoother=hoa/backbone=sage/use_nfr=true/logs/grid_candidate_0398_attempt_1.log,
grid_candidate_0404,grid,grid_candidate_0404,completed,1,0,41.505168,/home/hzw/Rethinking_GNN_DP/paper_experiments/figure3/figure3_pipeline3.yaml/dataset=ogbn-arxiv/feature=raw/mechanism=mbm/x_eps=0.1/m=best/norm=false/smoother=hoa/backbone=sage/use_nfr=true/logs/grid_candidate_0404_attempt_1.log,
grid_candidate_0400,grid,grid_candidate_0400,completed,1,0,48.743686,/home/hzw/Rethinking_GNN_DP/paper_experiments/figure3/figure3_pipeline3.yaml/dataset=ogbn-arxiv/feature=raw/mechanism=mbm/x_eps=0.1/m=best/norm=false/smoother=hoa/backbone=sage/use_nfr=true/logs/grid_candidate_0400_attempt_1.log,
grid_candidate_0405,grid,grid_candidate_0405,completed,1,0,43.312974,/home/hzw/Rethinking_GNN_DP/paper_experiments/figure3/figure3_pipeline3.yaml/dataset=ogbn-arxiv/feature=raw/mechanism=mbm/x_eps=0.1/m=best/norm=false/smoother=hoa/backbone=sage/use_nfr=true/logs/grid_candidate_0405_attempt_1.log,
grid_candidate_0406,grid,grid_candidate_0406,completed,1,0,43.157477,/home/hzw/Rethinking_GNN_DP/paper_experiments/figure3/figure3_pipeline3.yaml/dataset=ogbn-arxiv/feature=raw/mechanism=mbm/x_eps=0.1/m=best/norm=false/smoother=hoa/backbone=sage/use_nfr=true/logs/grid_candidate_0406_attempt_1.log,
grid_candidate_0402,grid,grid_candidate_0402,completed,1,0,46.850523,/home/hzw/Rethinking_GNN_DP/paper_experiments/figure3/figure3_pipeline3.yaml/dataset=ogbn-arxiv/feature=raw/mechanism=mbm/x_eps=0.1/m=best/norm=false/smoother=hoa/backbone=sage/use_nfr=true/logs/grid_candidate_0402_attempt_1.log,
grid_candidate_0407,grid,grid_candidate_0407,completed,1,0,45.259123,/home/hzw/Rethinking_GNN_DP/paper_experiments/figure3/figure3_pipeline3.yaml/dataset=ogbn-arxiv/feature=raw/mechanism=mbm/x_eps=0.1/m=best/norm=false/smoother=hoa/backbone=sage/use_nfr=true/logs/grid_candidate_0407_attempt_1.log,
grid_candidate_0408,grid,grid_candidate_0408,completed,1,0,43.461130,/home/hzw/Rethinking_GNN_DP/paper_experiments/figure3/figure3_pipeline3.yaml/dataset=ogbn-arxiv/feature=raw/mechanism=mbm/x_eps=0.1/m=best/norm=false/smoother=hoa/backbone=sage/use_nfr=true/logs/grid_candidate_0408_attempt_1.log,
grid_candidate_0403,grid,grid_candidate_0403,completed,1,0,50.310391,/home/hzw/Rethinking_GNN_DP/paper_experiments/figure3/figure3_pipeline3.yaml/dataset=ogbn-arxiv/feature=raw/mechanism=mbm/x_eps=0.1/m=best/norm=false/smoother=hoa/backbone=sage/use_nfr=true/logs/grid_candidate_0403_attempt_1.log,
grid_candidate_0420,grid,grid_candidate_0420,completed,1,0,31.366169,/home/hzw/Rethinking_GNN_DP/paper_experiments/figure3/figure3_pipeline3.yaml/dataset=ogbn-arxiv/feature=raw/mechanism=mbm/x_eps=0.1/m=best/norm=false/smoother=hoa/backbone=sage/use_nfr=true/logs/grid_candidate_0420_attempt_1.log,
grid_candidate_0412,grid,grid_candidate_0412,completed,1,0,44.585774,/home/hzw/Rethinking_GNN_DP/paper_experiments/figure3/figure3_pipeline3.yaml/dataset=ogbn-arxiv/feature=raw/mechanism=mbm/x_eps=0.1/m=best/norm=false/smoother=hoa/backbone=sage/use_nfr=true/logs/grid_candidate_0412_attempt_1.log,
grid_candidate_0413,grid,grid_candidate_0413,completed,1,0,45.734839,/home/hzw/Rethinking_GNN_DP/paper_experiments/figure3/figure3_pipeline3.yaml/dataset=ogbn-arxiv/feature=raw/mechanism=mbm/x_eps=0.1/m=best/norm=false/smoother=hoa/backbone=sage/use_nfr=true/logs/grid_candidate_0413_attempt_1.log,
grid_candidate_0409,grid,grid_candidate_0409,completed,1,0,50.699469,/home/hzw/Rethinking_GNN_DP/paper_experiments/figure3/figure3_pipeline3.yaml/dataset=ogbn-arxiv/feature=raw/mechanism=mbm/x_eps=0.1/m=best/norm=false/smoother=hoa/backbone=sage/use_nfr=true/logs/grid_candidate_0409_attempt_1.log,
grid_candidate_0416,grid,grid_candidate_0416,completed,1,0,43.689601,/home/hzw/Rethinking_GNN_DP/paper_experiments/figure3/figure3_pipeline3.yaml/dataset=ogbn-arxiv/feature=raw/mechanism=mbm/x_eps=0.1/m=best/norm=false/smoother=hoa/backbone=sage/use_nfr=true/logs/grid_candidate_0416_attempt_1.log,
grid_candidate_0414,grid,grid_candidate_0414,completed,1,0,46.507357,/home/hzw/Rethinking_GNN_DP/paper_experiments/figure3/figure3_pipeline3.yaml/dataset=ogbn-arxiv/feature=raw/mechanism=mbm/x_eps=0.1/m=best/norm=false/smoother=hoa/backbone=sage/use_nfr=true/logs/grid_candidate_0414_attempt_1.log,
grid_candidate_0415,grid,grid_candidate_0415,completed,1,0,46.299584,/home/hzw/Rethinking_GNN_DP/paper_experiments/figure3/figure3_pipeline3.yaml/dataset=ogbn-arxiv/feature=raw/mechanism=mbm/x_eps=0.1/m=best/norm=false/smoother=hoa/backbone=sage/use_nfr=true/logs/grid_candidate_0415_attempt_1.log,
grid_candidate_0410,grid,grid_candidate_0410,completed,1,0,55.068885,/home/hzw/Rethinking_GNN_DP/paper_experiments/figure3/figure3_pipeline3.yaml/dataset=ogbn-arxiv/feature=raw/mechanism=mbm/x_eps=0.1/m=best/norm=false/smoother=hoa/backbone=sage/use_nfr=true/logs/grid_candidate_0410_attempt_1.log,
grid_candidate_0411,grid,grid_candidate_0411,completed,1,0,54.850004,/home/hzw/Rethinking_GNN_DP/paper_experiments/figure3/figure3_pipeline3.yaml/dataset=ogbn-arxiv/feature=raw/mechanism=mbm/x_eps=0.1/m=best/norm=false/smoother=hoa/backbone=sage/use_nfr=true/logs/grid_candidate_0411_attempt_1.log,
grid_candidate_0424,grid,grid_candidate_0424,completed,1,0,43.248678,/home/hzw/Rethinking_GNN_DP/paper_experiments/figure3/figure3_pipeline3.yaml/dataset=ogbn-arxiv/feature=raw/mechanism=mbm/x_eps=0.1/m=best/norm=false/smoother=hoa/backbone=sage/use_nfr=true/logs/grid_candidate_0424_attempt_1.log,
grid_candidate_0419,grid,grid_candidate_0419,completed,1,0,47.465385,/home/hzw/Rethinking_GNN_DP/paper_experiments/figure3/figure3_pipeline3.yaml/dataset=ogbn-arxiv/feature=raw/mechanism=mbm/x_eps=0.1/m=best/norm=false/smoother=hoa/backbone=sage/use_nfr=true/logs/grid_candidate_0419_attempt_1.log,
grid_candidate_0417,grid,grid_candidate_0417,completed,1,0,51.246775,/home/hzw/Rethinking_GNN_DP/paper_experiments/figure3/figure3_pipeline3.yaml/dataset=ogbn-arxiv/feature=raw/mechanism=mbm/x_eps=0.1/m=best/norm=false/smoother=hoa/backbone=sage/use_nfr=true/logs/grid_candidate_0417_attempt_1.log,
grid_candidate_0423,grid,grid_candidate_0423,completed,1,0,46.985495,/home/hzw/Rethinking_GNN_DP/paper_experiments/figure3/figure3_pipeline3.yaml/dataset=ogbn-arxiv/feature=raw/mechanism=mbm/x_eps=0.1/m=best/norm=false/smoother=hoa/backbone=sage/use_nfr=true/logs/grid_candidate_0423_attempt_1.log,
grid_candidate_0418,grid,grid_candidate_0418,completed,1,0,51.523163,/home/hzw/Rethinking_GNN_DP/paper_experiments/figure3/figure3_pipeline3.yaml/dataset=ogbn-arxiv/feature=raw/mechanism=mbm/x_eps=0.1/m=best/norm=false/smoother=hoa/backbone=sage/use_nfr=true/logs/grid_candidate_0418_attempt_1.log,
grid_candidate_0421,grid,grid_candidate_0421,completed,1,0,48.433985,/home/hzw/Rethinking_GNN_DP/paper_experiments/figure3/figure3_pipeline3.yaml/dataset=ogbn-arxiv/feature=raw/mechanism=mbm/x_eps=0.1/m=best/norm=false/smoother=hoa/backbone=sage/use_nfr=true/logs/grid_candidate_0421_attempt_1.log,
grid_candidate_0426,grid,grid_candidate_0426,completed,1,0,43.281736,/home/hzw/Rethinking_GNN_DP/paper_experiments/figure3/figure3_pipeline3.yaml/dataset=ogbn-arxiv/feature=raw/mechanism=mbm/x_eps=0.1/m=best/norm=false/smoother=hoa/backbone=sage/use_nfr=true/logs/grid_candidate_0426_attempt_1.log,
grid_candidate_0422,grid,grid_candidate_0422,completed,1,0,49.688345,/home/hzw/Rethinking_GNN_DP/paper_experiments/figure3/figure3_pipeline3.yaml/dataset=ogbn-arxiv/feature=raw/mechanism=mbm/x_eps=0.1/m=best/norm=false/smoother=hoa/backbone=sage/use_nfr=true/logs/grid_candidate_0422_attempt_1.log,
grid_candidate_0425,grid,grid_candidate_0425,completed,1,0,49.426889,/home/hzw/Rethinking_GNN_DP/paper_experiments/figure3/figure3_pipeline3.yaml/dataset=ogbn-arxiv/feature=raw/mechanism=mbm/x_eps=0.1/m=best/norm=false/smoother=hoa/backbone=sage/use_nfr=true/logs/grid_candidate_0425_attempt_1.log,
grid_candidate_0427,grid,grid_candidate_0427,completed,1,0,43.380432,/home/hzw/Rethinking_GNN_DP/paper_experiments/figure3/figure3_pipeline3.yaml/dataset=ogbn-arxiv/feature=raw/mechanism=mbm/x_eps=0.1/m=best/norm=false/smoother=hoa/backbone=sage/use_nfr=true/logs/grid_candidate_0427_attempt_1.log,
grid_candidate_0429,grid,grid_candidate_0429,completed,1,0,39.192309,/home/hzw/Rethinking_GNN_DP/paper_experiments/figure3/figure3_pipeline3.yaml/dataset=ogbn-arxiv/feature=raw/mechanism=mbm/x_eps=0.1/m=best/norm=false/smoother=hoa/backbone=sage/use_nfr=true/logs/grid_candidate_0429_attempt_1.log,
grid_candidate_0428,grid,grid_candidate_0428,completed,1,0,44.506486,/home/hzw/Rethinking_GNN_DP/paper_experiments/figure3/figure3_pipeline3.yaml/dataset=ogbn-arxiv/feature=raw/mechanism=mbm/x_eps=0.1/m=best/norm=false/smoother=hoa/backbone=sage/use_nfr=true/logs/grid_candidate_0428_attempt_1.log,
grid_candidate_0442,grid,grid_candidate_0442,completed,1,0,33.160220,/home/hzw/Rethinking_GNN_DP/paper_experiments/figure3/figure3_pipeline3.yaml/dataset=ogbn-arxiv/feature=raw/mechanism=mbm/x_eps=0.1/m=best/norm=false/smoother=hoa/backbone=sage/use_nfr=true/logs/grid_candidate_0442_attempt_1.log,
grid_candidate_0430,grid,grid_candidate_0430,completed,1,0,45.598770,/home/hzw/Rethinking_GNN_DP/paper_experiments/figure3/figure3_pipeline3.yaml/dataset=ogbn-arxiv/feature=raw/mechanism=mbm/x_eps=0.1/m=best/norm=false/smoother=hoa/backbone=sage/use_nfr=true/logs/grid_candidate_0430_attempt_1.log,
grid_candidate_0443,grid,grid_candidate_0443,completed,1,0,34.315225,/home/hzw/Rethinking_GNN_DP/paper_experiments/figure3/figure3_pipeline3.yaml/dataset=ogbn-arxiv/feature=raw/mechanism=mbm/x_eps=0.1/m=best/norm=false/smoother=hoa/backbone=sage/use_nfr=true/logs/grid_candidate_0443_attempt_1.log,
grid_candidate_0435,grid,grid_candidate_0435,completed,1,0,43.547166,/home/hzw/Rethinking_GNN_DP/paper_experiments/figure3/figure3_pipeline3.yaml/dataset=ogbn-arxiv/feature=raw/mechanism=mbm/x_eps=0.1/m=best/norm=false/smoother=hoa/backbone=sage/use_nfr=true/logs/grid_candidate_0435_attempt_1.log,
grid_candidate_0431,grid,grid_candidate_0431,completed,1,0,47.003899,/home/hzw/Rethinking_GNN_DP/paper_experiments/figure3/figure3_pipeline3.yaml/dataset=ogbn-arxiv/feature=raw/mechanism=mbm/x_eps=0.1/m=best/norm=false/smoother=hoa/backbone=sage/use_nfr=true/logs/grid_candidate_0431_attempt_1.log,
grid_candidate_0432,grid,grid_candidate_0432,completed,1,0,47.187317,/home/hzw/Rethinking_GNN_DP/paper_experiments/figure3/figure3_pipeline3.yaml/dataset=ogbn-arxiv/feature=raw/mechanism=mbm/x_eps=0.1/m=best/norm=false/smoother=hoa/backbone=sage/use_nfr=true/logs/grid_candidate_0432_attempt_1.log,
grid_candidate_0434,grid,grid_candidate_0434,completed,1,0,45.622714,/home/hzw/Rethinking_GNN_DP/paper_experiments/figure3/figure3_pipeline3.yaml/dataset=ogbn-arxiv/feature=raw/mechanism=mbm/x_eps=0.1/m=best/norm=false/smoother=hoa/backbone=sage/use_nfr=true/logs/grid_candidate_0434_attempt_1.log,
grid_candidate_0433,grid,grid_candidate_0433,completed,1,0,46.862639,/home/hzw/Rethinking_GNN_DP/paper_experiments/figure3/figure3_pipeline3.yaml/dataset=ogbn-arxiv/feature=raw/mechanism=mbm/x_eps=0.1/m=best/norm=false/smoother=hoa/backbone=sage/use_nfr=true/logs/grid_candidate_0433_attempt_1.log,
grid_candidate_0437,grid,grid_candidate_0437,completed,1,0,47.311196,/home/hzw/Rethinking_GNN_DP/paper_experiments/figure3/figure3_pipeline3.yaml/dataset=ogbn-arxiv/feature=raw/mechanism=mbm/x_eps=0.1/m=best/norm=false/smoother=hoa/backbone=sage/use_nfr=true/logs/grid_candidate_0437_attempt_1.log,
grid_candidate_0439,grid,grid_candidate_0439,completed,1,0,47.437738,/home/hzw/Rethinking_GNN_DP/paper_experiments/figure3/figure3_pipeline3.yaml/dataset=ogbn-arxiv/feature=raw/mechanism=mbm/x_eps=0.1/m=best/norm=false/smoother=hoa/backbone=sage/use_nfr=true/logs/grid_candidate_0439_attempt_1.log,
grid_candidate_0447,grid,grid_candidate_0447,completed,1,0,37.406912,/home/hzw/Rethinking_GNN_DP/paper_experiments/figure3/figure3_pipeline3.yaml/dataset=ogbn-arxiv/feature=raw/mechanism=mbm/x_eps=0.1/m=best/norm=false/smoother=hoa/backbone=sage/use_nfr=true/logs/grid_candidate_0447_attempt_1.log,
grid_candidate_0440,grid,grid_candidate_0440,completed,1,0,46.163154,/home/hzw/Rethinking_GNN_DP/paper_experiments/figure3/figure3_pipeline3.yaml/dataset=ogbn-arxiv/feature=raw/mechanism=mbm/x_eps=0.1/m=best/norm=false/smoother=hoa/backbone=sage/use_nfr=true/logs/grid_candidate_0440_attempt_1.log,
grid_candidate_0438,grid,grid_candidate_0438,completed,1,0,50.267531,/home/hzw/Rethinking_GNN_DP/paper_experiments/figure3/figure3_pipeline3.yaml/dataset=ogbn-arxiv/feature=raw/mechanism=mbm/x_eps=0.1/m=best/norm=false/smoother=hoa/backbone=sage/use_nfr=true/logs/grid_candidate_0438_attempt_1.log,
grid_candidate_0436,grid,grid_candidate_0436,completed,1,0,52.278324,/home/hzw/Rethinking_GNN_DP/paper_experiments/figure3/figure3_pipeline3.yaml/dataset=ogbn-arxiv/feature=raw/mechanism=mbm/x_eps=0.1/m=best/norm=false/smoother=hoa/backbone=sage/use_nfr=true/logs/grid_candidate_0436_attempt_1.log,
grid_candidate_0445,grid,grid_candidate_0445,completed,1,0,44.397083,/home/hzw/Rethinking_GNN_DP/paper_experiments/figure3/figure3_pipeline3.yaml/dataset=ogbn-arxiv/feature=raw/mechanism=mbm/x_eps=0.1/m=best/norm=false/smoother=hoa/backbone=sage/use_nfr=true/logs/grid_candidate_0445_attempt_1.log,
grid_candidate_0450,grid,grid_candidate_0450,completed,1,0,38.930390,/home/hzw/Rethinking_GNN_DP/paper_experiments/figure3/figure3_pipeline3.yaml/dataset=ogbn-arxiv/feature=raw/mechanism=mbm/x_eps=0.1/m=best/norm=false/smoother=hoa/backbone=sage/use_nfr=true/logs/grid_candidate_0450_attempt_1.log,
grid_candidate_0441,grid,grid_candidate_0441,completed,1,0,51.996226,/home/hzw/Rethinking_GNN_DP/paper_experiments/figure3/figure3_pipeline3.yaml/dataset=ogbn-arxiv/feature=raw/mechanism=mbm/x_eps=0.1/m=best/norm=false/smoother=hoa/backbone=sage/use_nfr=true/logs/grid_candidate_0441_attempt_1.log,
grid_candidate_0446,grid,grid_candidate_0446,completed,1,0,45.800888,/home/hzw/Rethinking_GNN_DP/paper_experiments/figure3/figure3_pipeline3.yaml/dataset=ogbn-arxiv/feature=raw/mechanism=mbm/x_eps=0.1/m=best/norm=false/smoother=hoa/backbone=sage/use_nfr=true/logs/grid_candidate_0446_attempt_1.log,
grid_candidate_0444,grid,grid_candidate_0444,completed,1,0,50.959501,/home/hzw/Rethinking_GNN_DP/paper_experiments/figure3/figure3_pipeline3.yaml/dataset=ogbn-arxiv/feature=raw/mechanism=mbm/x_eps=0.1/m=best/norm=false/smoother=hoa/backbone=sage/use_nfr=true/logs/grid_candidate_0444_attempt_1.log,
grid_candidate_0449,grid,grid_candidate_0449,completed,1,0,46.280003,/home/hzw/Rethinking_GNN_DP/paper_experiments/figure3/figure3_pipeline3.yaml/dataset=ogbn-arxiv/feature=raw/mechanism=mbm/x_eps=0.1/m=best/norm=false/smoother=hoa/backbone=sage/use_nfr=true/logs/grid_candidate_0449_attempt_1.log,
grid_candidate_0451,grid,grid_candidate_0451,completed,1,0,46.639954,/home/hzw/Rethinking_GNN_DP/paper_experiments/figure3/figure3_pipeline3.yaml/dataset=ogbn-arxiv/feature=raw/mechanism=mbm/x_eps=0.1/m=best/norm=false/smoother=hoa/backbone=sage/use_nfr=true/logs/grid_candidate_0451_attempt_1.log,
grid_candidate_0455,grid,grid_candidate_0455,completed,1,0,40.434045,/home/hzw/Rethinking_GNN_DP/paper_experiments/figure3/figure3_pipeline3.yaml/dataset=ogbn-arxiv/feature=raw/mechanism=mbm/x_eps=0.1/m=best/norm=false/smoother=hoa/backbone=sage/use_nfr=true/logs/grid_candidate_0455_attempt_1.log,
grid_candidate_0448,grid,grid_candidate_0448,completed,1,0,49.587207,/home/hzw/Rethinking_GNN_DP/paper_experiments/figure3/figure3_pipeline3.yaml/dataset=ogbn-arxiv/feature=raw/mechanism=mbm/x_eps=0.1/m=best/norm=false/smoother=hoa/backbone=sage/use_nfr=true/logs/grid_candidate_0448_attempt_1.log,
grid_candidate_0457,grid,grid_candidate_0457,completed,1,0,38.464910,/home/hzw/Rethinking_GNN_DP/paper_experiments/figure3/figure3_pipeline3.yaml/dataset=ogbn-arxiv/feature=raw/mechanism=mbm/x_eps=0.1/m=best/norm=false/smoother=hoa/backbone=sage/use_nfr=true/logs/grid_candidate_0457_attempt_1.log,
grid_candidate_0464,grid,grid_candidate_0464,completed,1,0,32.312896,/home/hzw/Rethinking_GNN_DP/paper_experiments/figure3/figure3_pipeline3.yaml/dataset=ogbn-arxiv/feature=raw/mechanism=mbm/x_eps=0.1/m=best/norm=false/smoother=hoa/backbone=sage/use_nfr=true/logs/grid_candidate_0464_attempt_1.log,
grid_candidate_0454,grid,grid_candidate_0454,completed,1,0,44.573169,/home/hzw/Rethinking_GNN_DP/paper_experiments/figure3/figure3_pipeline3.yaml/dataset=ogbn-arxiv/feature=raw/mechanism=mbm/x_eps=0.1/m=best/norm=false/smoother=hoa/backbone=sage/use_nfr=true/logs/grid_candidate_0454_attempt_1.log,
grid_candidate_0452,grid,grid_candidate_0452,completed,1,0,50.392457,/home/hzw/Rethinking_GNN_DP/paper_experiments/figure3/figure3_pipeline3.yaml/dataset=ogbn-arxiv/feature=raw/mechanism=mbm/x_eps=0.1/m=best/norm=false/smoother=hoa/backbone=sage/use_nfr=true/logs/grid_candidate_0452_attempt_1.log,
grid_candidate_0453,grid,grid_candidate_0453,completed,1,0,51.318171,/home/hzw/Rethinking_GNN_DP/paper_experiments/figure3/figure3_pipeline3.yaml/dataset=ogbn-arxiv/feature=raw/mechanism=mbm/x_eps=0.1/m=best/norm=false/smoother=hoa/backbone=sage/use_nfr=true/logs/grid_candidate_0453_attempt_1.log,
grid_candidate_0460,grid,grid_candidate_0460,completed,1,0,46.004914,/home/hzw/Rethinking_GNN_DP/paper_experiments/figure3/figure3_pipeline3.yaml/dataset=ogbn-arxiv/feature=raw/mechanism=mbm/x_eps=0.1/m=best/norm=false/smoother=hoa/backbone=sage/use_nfr=true/logs/grid_candidate_0460_attempt_1.log,
grid_candidate_0459,grid,grid_candidate_0459,completed,1,0,48.560417,/home/hzw/Rethinking_GNN_DP/paper_experiments/figure3/figure3_pipeline3.yaml/dataset=ogbn-arxiv/feature=raw/mechanism=mbm/x_eps=0.1/m=best/norm=false/smoother=hoa/backbone=sage/use_nfr=true/logs/grid_candidate_0459_attempt_1.log,
grid_candidate_0465,grid,grid_candidate_0465,completed,1,0,41.477364,/home/hzw/Rethinking_GNN_DP/paper_experiments/figure3/figure3_pipeline3.yaml/dataset=ogbn-arxiv/feature=raw/mechanism=mbm/x_eps=0.1/m=best/norm=false/smoother=hoa/backbone=sage/use_nfr=true/logs/grid_candidate_0465_attempt_1.log,
grid_candidate_0463,grid,grid_candidate_0463,completed,1,0,45.738569,/home/hzw/Rethinking_GNN_DP/paper_experiments/figure3/figure3_pipeline3.yaml/dataset=ogbn-arxiv/feature=raw/mechanism=mbm/x_eps=0.1/m=best/norm=false/smoother=hoa/backbone=sage/use_nfr=true/logs/grid_candidate_0463_attempt_1.log,
grid_candidate_0456,grid,grid_candidate_0456,completed,1,0,52.882214,/home/hzw/Rethinking_GNN_DP/paper_experiments/figure3/figure3_pipeline3.yaml/dataset=ogbn-arxiv/feature=raw/mechanism=mbm/x_eps=0.1/m=best/norm=false/smoother=hoa/backbone=sage/use_nfr=true/logs/grid_candidate_0456_attempt_1.log,
grid_candidate_0462,grid,grid_candidate_0462,completed,1,0,49.835893,/home/hzw/Rethinking_GNN_DP/paper_experiments/figure3/figure3_pipeline3.yaml/dataset=ogbn-arxiv/feature=raw/mechanism=mbm/x_eps=0.1/m=best/norm=false/smoother=hoa/backbone=sage/use_nfr=true/logs/grid_candidate_0462_attempt_1.log,
grid_candidate_0458,grid,grid_candidate_0458,completed,1,0,53.215729,/home/hzw/Rethinking_GNN_DP/paper_experiments/figure3/figure3_pipeline3.yaml/dataset=ogbn-arxiv/feature=raw/mechanism=mbm/x_eps=0.1/m=best/norm=false/smoother=hoa/backbone=sage/use_nfr=true/logs/grid_candidate_0458_attempt_1.log,
grid_candidate_0461,grid,grid_candidate_0461,completed,1,0,54.369239,/home/hzw/Rethinking_GNN_DP/paper_experiments/figure3/figure3_pipeline3.yaml/dataset=ogbn-arxiv/feature=raw/mechanism=mbm/x_eps=0.1/m=best/norm=false/smoother=hoa/backbone=sage/use_nfr=true/logs/grid_candidate_0461_attempt_1.log,
grid_candidate_0466,grid,grid_candidate_0466,completed,1,0,44.481792,/home/hzw/Rethinking_GNN_DP/paper_experiments/figure3/figure3_pipeline3.yaml/dataset=ogbn-arxiv/feature=raw/mechanism=mbm/x_eps=0.1/m=best/norm=false/smoother=hoa/backbone=sage/use_nfr=true/logs/grid_candidate_0466_attempt_1.log,
grid_candidate_0476,grid,grid_candidate_0476,completed,1,0,34.662836,/home/hzw/Rethinking_GNN_DP/paper_experiments/figure3/figure3_pipeline3.yaml/dataset=ogbn-arxiv/feature=raw/mechanism=mbm/x_eps=0.1/m=best/norm=false/smoother=hoa/backbone=sage/use_nfr=true/logs/grid_candidate_0476_attempt_1.log,
grid_candidate_0467,grid,grid_candidate_0467,completed,1,0,47.670769,/home/hzw/Rethinking_GNN_DP/paper_experiments/figure3/figure3_pipeline3.yaml/dataset=ogbn-arxiv/feature=raw/mechanism=mbm/x_eps=0.1/m=best/norm=false/smoother=hoa/backbone=sage/use_nfr=true/logs/grid_candidate_0467_attempt_1.log,
grid_candidate_0468,grid,grid_candidate_0468,completed,1,0,47.538746,/home/hzw/Rethinking_GNN_DP/paper_experiments/figure3/figure3_pipeline3.yaml/dataset=ogbn-arxiv/feature=raw/mechanism=mbm/x_eps=0.1/m=best/norm=false/smoother=hoa/backbone=sage/use_nfr=true/logs/grid_candidate_0468_attempt_1.log,
grid_candidate_0482,grid,grid_candidate_0482,completed,1,0,33.972869,/home/hzw/Rethinking_GNN_DP/paper_experiments/figure3/figure3_pipeline3.yaml/dataset=ogbn-arxiv/feature=raw/mechanism=mbm/x_eps=0.1/m=best/norm=false/smoother=hoa/backbone=sage/use_nfr=true/logs/grid_candidate_0482_attempt_1.log,
grid_candidate_0470,grid,grid_candidate_0470,completed,1,0,50.847141,/home/hzw/Rethinking_GNN_DP/paper_experiments/figure3/figure3_pipeline3.yaml/dataset=ogbn-arxiv/feature=raw/mechanism=mbm/x_eps=0.1/m=best/norm=false/smoother=hoa/backbone=sage/use_nfr=true/logs/grid_candidate_0470_attempt_1.log,
grid_candidate_0471,grid,grid_candidate_0471,completed,1,0,50.713991,/home/hzw/Rethinking_GNN_DP/paper_experiments/figure3/figure3_pipeline3.yaml/dataset=ogbn-arxiv/feature=raw/mechanism=mbm/x_eps=0.1/m=best/norm=false/smoother=hoa/backbone=sage/use_nfr=true/logs/grid_candidate_0471_attempt_1.log,
grid_candidate_0473,grid,grid_candidate_0473,completed,1,0,50.787299,/home/hzw/Rethinking_GNN_DP/paper_experiments/figure3/figure3_pipeline3.yaml/dataset=ogbn-arxiv/feature=raw/mechanism=mbm/x_eps=0.1/m=best/norm=false/smoother=hoa/backbone=sage/use_nfr=true/logs/grid_candidate_0473_attempt_1.log,
grid_candidate_0469,grid,grid_candidate_0469,completed,1,0,52.458887,/home/hzw/Rethinking_GNN_DP/paper_experiments/figure3/figure3_pipeline3.yaml/dataset=ogbn-arxiv/feature=raw/mechanism=mbm/x_eps=0.1/m=best/norm=false/smoother=hoa/backbone=sage/use_nfr=true/logs/grid_candidate_0469_attempt_1.log,
grid_candidate_0472,grid,grid_candidate_0472,completed,1,0,52.713822,/home/hzw/Rethinking_GNN_DP/paper_experiments/figure3/figure3_pipeline3.yaml/dataset=ogbn-arxiv/feature=raw/mechanism=mbm/x_eps=0.1/m=best/norm=false/smoother=hoa/backbone=sage/use_nfr=true/logs/grid_candidate_0472_attempt_1.log,
grid_candidate_0477,grid,grid_candidate_0477,completed,1,0,45.417301,/home/hzw/Rethinking_GNN_DP/paper_experiments/figure3/figure3_pipeline3.yaml/dataset=ogbn-arxiv/feature=raw/mechanism=mbm/x_eps=0.1/m=best/norm=false/smoother=hoa/backbone=sage/use_nfr=true/logs/grid_candidate_0477_attempt_1.log,
grid_candidate_0480,grid,grid_candidate_0480,completed,1,0,43.574868,/home/hzw/Rethinking_GNN_DP/paper_experiments/figure3/figure3_pipeline3.yaml/dataset=ogbn-arxiv/feature=raw/mechanism=mbm/x_eps=0.1/m=best/norm=false/smoother=hoa/backbone=sage/use_nfr=true/logs/grid_candidate_0480_attempt_1.log,
grid_candidate_0474,grid,grid_candidate_0474,completed,1,0,49.670312,/home/hzw/Rethinking_GNN_DP/paper_experiments/figure3/figure3_pipeline3.yaml/dataset=ogbn-arxiv/feature=raw/mechanism=mbm/x_eps=0.1/m=best/norm=false/smoother=hoa/backbone=sage/use_nfr=true/logs/grid_candidate_0474_attempt_1.log,
grid_candidate_0475,grid,grid_candidate_0475,completed,1,0,47.860928,/home/hzw/Rethinking_GNN_DP/paper_experiments/figure3/figure3_pipeline3.yaml/dataset=ogbn-arxiv/feature=raw/mechanism=mbm/x_eps=0.1/m=best/norm=false/smoother=hoa/backbone=sage/use_nfr=true/logs/grid_candidate_0475_attempt_1.log,
grid_candidate_0479,grid,grid_candidate_0479,completed,1,0,49.680993,/home/hzw/Rethinking_GNN_DP/paper_experiments/figure3/figure3_pipeline3.yaml/dataset=ogbn-arxiv/feature=raw/mechanism=mbm/x_eps=0.1/m=best/norm=false/smoother=hoa/backbone=sage/use_nfr=true/logs/grid_candidate_0479_attempt_1.log,
grid_candidate_0481,grid,grid_candidate_0481,completed,1,0,47.327369,/home/hzw/Rethinking_GNN_DP/paper_experiments/figure3/figure3_pipeline3.yaml/dataset=ogbn-arxiv/feature=raw/mechanism=mbm/x_eps=0.1/m=best/norm=false/smoother=hoa/backbone=sage/use_nfr=true/logs/grid_candidate_0481_attempt_1.log,
grid_candidate_0478,grid,grid_candidate_0478,completed,1,0,51.781406,/home/hzw/Rethinking_GNN_DP/paper_experiments/figure3/figure3_pipeline3.yaml/dataset=ogbn-arxiv/feature=raw/mechanism=mbm/x_eps=0.1/m=best/norm=false/smoother=hoa/backbone=sage/use_nfr=true/logs/grid_candidate_0478_attempt_1.log,
grid_candidate_0483,grid,grid_candidate_0483,completed,1,0,48.056330,/home/hzw/Rethinking_GNN_DP/paper_experiments/figure3/figure3_pipeline3.yaml/dataset=ogbn-arxiv/feature=raw/mechanism=mbm/x_eps=0.1/m=best/norm=false/smoother=hoa/backbone=sage/use_nfr=true/logs/grid_candidate_0483_attempt_1.log,
grid_candidate_0485,grid,grid_candidate_0485,completed,1,0,45.030427,/home/hzw/Rethinking_GNN_DP/paper_experiments/figure3/figure3_pipeline3.yaml/dataset=ogbn-arxiv/feature=raw/mechanism=mbm/x_eps=0.1/m=best/norm=false/smoother=hoa/backbone=sage/use_nfr=true/logs/grid_candidate_0485_attempt_1.log,
grid_candidate_0487,grid,grid_candidate_0487,completed,1,0,42.849142,/home/hzw/Rethinking_GNN_DP/paper_experiments/figure3/figure3_pipeline3.yaml/dataset=ogbn-arxiv/feature=raw/mechanism=mbm/x_eps=0.1/m=best/norm=false/smoother=hoa/backbone=sage/use_nfr=true/logs/grid_candidate_0487_attempt_1.log,
grid_candidate_0486,grid,grid_candidate_0486,completed,1,0,46.820241,/home/hzw/Rethinking_GNN_DP/paper_experiments/figure3/figure3_pipeline3.yaml/dataset=ogbn-arxiv/feature=raw/mechanism=mbm/x_eps=0.1/m=best/norm=false/smoother=hoa/backbone=sage/use_nfr=true/logs/grid_candidate_0486_attempt_1.log,
grid_candidate_0491,grid,grid_candidate_0491,completed,1,0,44.749829,/home/hzw/Rethinking_GNN_DP/paper_experiments/figure3/figure3_pipeline3.yaml/dataset=ogbn-arxiv/feature=raw/mechanism=mbm/x_eps=0.1/m=best/norm=false/smoother=hoa/backbone=sage/use_nfr=true/logs/grid_candidate_0491_attempt_1.log,
grid_candidate_0484,grid,grid_candidate_0484,completed,1,0,52.680651,/home/hzw/Rethinking_GNN_DP/paper_experiments/figure3/figure3_pipeline3.yaml/dataset=ogbn-arxiv/feature=raw/mechanism=mbm/x_eps=0.1/m=best/norm=false/smoother=hoa/backbone=sage/use_nfr=true/logs/grid_candidate_0484_attempt_1.log,
grid_candidate_0495,grid,grid_candidate_0495,completed,1,0,38.525978,/home/hzw/Rethinking_GNN_DP/paper_experiments/figure3/figure3_pipeline3.yaml/dataset=ogbn-arxiv/feature=raw/mechanism=mbm/x_eps=0.1/m=best/norm=false/smoother=hoa/backbone=sage/use_nfr=true/logs/grid_candidate_0495_attempt_1.log,
grid_candidate_0488,grid,grid_candidate_0488,completed,1,0,51.324603,/home/hzw/Rethinking_GNN_DP/paper_experiments/figure3/figure3_pipeline3.yaml/dataset=ogbn-arxiv/feature=raw/mechanism=mbm/x_eps=0.1/m=best/norm=false/smoother=hoa/backbone=sage/use_nfr=true/logs/grid_candidate_0488_attempt_1.log,
grid_candidate_0496,grid,grid_candidate_0496,completed,1,0,40.684151,/home/hzw/Rethinking_GNN_DP/paper_experiments/figure3/figure3_pipeline3.yaml/dataset=ogbn-arxiv/feature=raw/mechanism=mbm/x_eps=0.1/m=best/norm=false/smoother=hoa/backbone=sage/use_nfr=true/logs/grid_candidate_0496_attempt_1.log,
grid_candidate_0490,grid,grid_candidate_0490,completed,1,0,52.951191,/home/hzw/Rethinking_GNN_DP/paper_experiments/figure3/figure3_pipeline3.yaml/dataset=ogbn-arxiv/feature=raw/mechanism=mbm/x_eps=0.1/m=best/norm=false/smoother=hoa/backbone=sage/use_nfr=true/logs/grid_candidate_0490_attempt_1.log,
grid_candidate_0494,grid,grid_candidate_0494,completed,1,0,47.105488,/home/hzw/Rethinking_GNN_DP/paper_experiments/figure3/figure3_pipeline3.yaml/dataset=ogbn-arxiv/feature=raw/mechanism=mbm/x_eps=0.1/m=best/norm=false/smoother=hoa/backbone=sage/use_nfr=true/logs/grid_candidate_0494_attempt_1.log,
grid_candidate_0489,grid,grid_candidate_0489,completed,1,0,56.174154,/home/hzw/Rethinking_GNN_DP/paper_experiments/figure3/figure3_pipeline3.yaml/dataset=ogbn-arxiv/feature=raw/mechanism=mbm/x_eps=0.1/m=best/norm=false/smoother=hoa/backbone=sage/use_nfr=true/logs/grid_candidate_0489_attempt_1.log,
grid_candidate_0497,grid,grid_candidate_0497,completed,1,0,43.462141,/home/hzw/Rethinking_GNN_DP/paper_experiments/figure3/figure3_pipeline3.yaml/dataset=ogbn-arxiv/feature=raw/mechanism=mbm/x_eps=0.1/m=best/norm=false/smoother=hoa/backbone=sage/use_nfr=true/logs/grid_candidate_0497_attempt_1.log,
grid_candidate_0492,grid,grid_candidate_0492,completed,1,0,52.357157,/home/hzw/Rethinking_GNN_DP/paper_experiments/figure3/figure3_pipeline3.yaml/dataset=ogbn-arxiv/feature=raw/mechanism=mbm/x_eps=0.1/m=best/norm=false/smoother=hoa/backbone=sage/use_nfr=true/logs/grid_candidate_0492_attempt_1.log,
grid_candidate_0499,grid,grid_candidate_0499,completed,1,0,46.533515,/home/hzw/Rethinking_GNN_DP/paper_experiments/figure3/figure3_pipeline3.yaml/dataset=ogbn-arxiv/feature=raw/mechanism=mbm/x_eps=0.1/m=best/norm=false/smoother=hoa/backbone=sage/use_nfr=true/logs/grid_candidate_0499_attempt_1.log,
grid_candidate_0493,grid,grid_candidate_0493,completed,1,0,53.774026,/home/hzw/Rethinking_GNN_DP/paper_experiments/figure3/figure3_pipeline3.yaml/dataset=ogbn-arxiv/feature=raw/mechanism=mbm/x_eps=0.1/m=best/norm=false/smoother=hoa/backbone=sage/use_nfr=true/logs/grid_candidate_0493_attempt_1.log,
grid_candidate_0503,grid,grid_candidate_0503,completed,1,0,42.266590,/home/hzw/Rethinking_GNN_DP/paper_experiments/figure3/figure3_pipeline3.yaml/dataset=ogbn-arxiv/feature=raw/mechanism=mbm/x_eps=0.1/m=best/norm=false/smoother=hoa/backbone=sage/use_nfr=true/logs/grid_candidate_0503_attempt_1.log,
grid_candidate_0505,grid,grid_candidate_0505,completed,1,0,39.145342,/home/hzw/Rethinking_GNN_DP/paper_experiments/figure3/figure3_pipeline3.yaml/dataset=ogbn-arxiv/feature=raw/mechanism=mbm/x_eps=0.1/m=best/norm=false/smoother=hoa/backbone=sage/use_nfr=true/logs/grid_candidate_0505_attempt_1.log,
grid_candidate_0500,grid,grid_candidate_0500,completed,1,0,51.637198,/home/hzw/Rethinking_GNN_DP/paper_experiments/figure3/figure3_pipeline3.yaml/dataset=ogbn-arxiv/feature=raw/mechanism=mbm/x_eps=0.1/m=best/norm=false/smoother=hoa/backbone=sage/use_nfr=true/logs/grid_candidate_0500_attempt_1.log,
grid_candidate_0498,grid,grid_candidate_0498,completed,1,0,53.133639,/home/hzw/Rethinking_GNN_DP/paper_experiments/figure3/figure3_pipeline3.yaml/dataset=ogbn-arxiv/feature=raw/mechanism=mbm/x_eps=0.1/m=best/norm=false/smoother=hoa/backbone=sage/use_nfr=true/logs/grid_candidate_0498_attempt_1.log,
grid_candidate_0504,grid,grid_candidate_0504,completed,1,0,45.800655,/home/hzw/Rethinking_GNN_DP/paper_experiments/figure3/figure3_pipeline3.yaml/dataset=ogbn-arxiv/feature=raw/mechanism=mbm/x_eps=0.1/m=best/norm=false/smoother=hoa/backbone=sage/use_nfr=true/logs/grid_candidate_0504_attempt_1.log,
grid_candidate_0513,grid,grid_candidate_0513,completed,1,0,37.102033,/home/hzw/Rethinking_GNN_DP/paper_experiments/figure3/figure3_pipeline3.yaml/dataset=ogbn-arxiv/feature=raw/mechanism=mbm/x_eps=0.1/m=best/norm=false/smoother=hoa/backbone=sage/use_nfr=true/logs/grid_candidate_0513_attempt_1.log,
grid_candidate_0502,grid,grid_candidate_0502,completed,1,0,51.405103,/home/hzw/Rethinking_GNN_DP/paper_experiments/figure3/figure3_pipeline3.yaml/dataset=ogbn-arxiv/feature=raw/mechanism=mbm/x_eps=0.1/m=best/norm=false/smoother=hoa/backbone=sage/use_nfr=true/logs/grid_candidate_0502_attempt_1.log,
grid_candidate_0501,grid,grid_candidate_0501,completed,1,0,53.894334,/home/hzw/Rethinking_GNN_DP/paper_experiments/figure3/figure3_pipeline3.yaml/dataset=ogbn-arxiv/feature=raw/mechanism=mbm/x_eps=0.1/m=best/norm=false/smoother=hoa/backbone=sage/use_nfr=true/logs/grid_candidate_0501_attempt_1.log,
grid_candidate_0508,grid,grid_candidate_0508,completed,1,0,43.555333,/home/hzw/Rethinking_GNN_DP/paper_experiments/figure3/figure3_pipeline3.yaml/dataset=ogbn-arxiv/feature=raw/mechanism=mbm/x_eps=0.1/m=best/norm=false/smoother=hoa/backbone=sage/use_nfr=true/logs/grid_candidate_0508_attempt_1.log,
grid_candidate_0510,grid,grid_candidate_0510,completed,1,0,43.511601,/home/hzw/Rethinking_GNN_DP/paper_experiments/figure3/figure3_pipeline3.yaml/dataset=ogbn-arxiv/feature=raw/mechanism=mbm/x_eps=0.1/m=best/norm=false/smoother=hoa/backbone=sage/use_nfr=true/logs/grid_candidate_0510_attempt_1.log,
grid_candidate_0506,grid,grid_candidate_0506,completed,1,0,47.872290,/home/hzw/Rethinking_GNN_DP/paper_experiments/figure3/figure3_pipeline3.yaml/dataset=ogbn-arxiv/feature=raw/mechanism=mbm/x_eps=0.1/m=best/norm=false/smoother=hoa/backbone=sage/use_nfr=true/logs/grid_candidate_0506_attempt_1.log,
grid_candidate_0512,grid,grid_candidate_0512,completed,1,0,43.181964,/home/hzw/Rethinking_GNN_DP/paper_experiments/figure3/figure3_pipeline3.yaml/dataset=ogbn-arxiv/feature=raw/mechanism=mbm/x_eps=0.1/m=best/norm=false/smoother=hoa/backbone=sage/use_nfr=true/logs/grid_candidate_0512_attempt_1.log,
grid_candidate_0518,grid,grid_candidate_0518,completed,1,0,35.436498,/home/hzw/Rethinking_GNN_DP/paper_experiments/figure3/figure3_pipeline3.yaml/dataset=ogbn-arxiv/feature=raw/mechanism=mbm/x_eps=0.1/m=best/norm=false/smoother=hoa/backbone=sage/use_nfr=true/logs/grid_candidate_0518_attempt_1.log,
grid_candidate_0507,grid,grid_candidate_0507,completed,1,0,46.824070,/home/hzw/Rethinking_GNN_DP/paper_experiments/figure3/figure3_pipeline3.yaml/dataset=ogbn-arxiv/feature=raw/mechanism=mbm/x_eps=0.1/m=best/norm=false/smoother=hoa/backbone=sage/use_nfr=true/logs/grid_candidate_0507_attempt_1.log,
grid_candidate_0509,grid,grid_candidate_0509,completed,1,0,47.633025,/home/hzw/Rethinking_GNN_DP/paper_experiments/figure3/figure3_pipeline3.yaml/dataset=ogbn-arxiv/feature=raw/mechanism=mbm/x_eps=0.1/m=best/norm=false/smoother=hoa/backbone=sage/use_nfr=true/logs/grid_candidate_0509_attempt_1.log,
grid_candidate_0514,grid,grid_candidate_0514,completed,1,0,45.269320,/home/hzw/Rethinking_GNN_DP/paper_experiments/figure3/figure3_pipeline3.yaml/dataset=ogbn-arxiv/feature=raw/mechanism=mbm/x_eps=0.1/m=best/norm=false/smoother=hoa/backbone=sage/use_nfr=true/logs/grid_candidate_0514_attempt_1.log,
grid_candidate_0511,grid,grid_candidate_0511,completed,1,0,47.936315,/home/hzw/Rethinking_GNN_DP/paper_experiments/figure3/figure3_pipeline3.yaml/dataset=ogbn-arxiv/feature=raw/mechanism=mbm/x_eps=0.1/m=best/norm=false/smoother=hoa/backbone=sage/use_nfr=true/logs/grid_candidate_0511_attempt_1.log,
grid_candidate_0517,grid,grid_candidate_0517,completed,1,0,43.626489,/home/hzw/Rethinking_GNN_DP/paper_experiments/figure3/figure3_pipeline3.yaml/dataset=ogbn-arxiv/feature=raw/mechanism=mbm/x_eps=0.1/m=best/norm=false/smoother=hoa/backbone=sage/use_nfr=true/logs/grid_candidate_0517_attempt_1.log,
grid_candidate_0515,grid,grid_candidate_0515,completed,1,0,49.990807,/home/hzw/Rethinking_GNN_DP/paper_experiments/figure3/figure3_pipeline3.yaml/dataset=ogbn-arxiv/feature=raw/mechanism=mbm/x_eps=0.1/m=best/norm=false/smoother=hoa/backbone=sage/use_nfr=true/logs/grid_candidate_0515_attempt_1.log,
grid_candidate_0525,grid,grid_candidate_0525,completed,1,0,33.962746,/home/hzw/Rethinking_GNN_DP/paper_experiments/figure3/figure3_pipeline3.yaml/dataset=ogbn-arxiv/feature=raw/mechanism=mbm/x_eps=0.1/m=best/norm=false/smoother=hoa/backbone=sage/use_nfr=true/logs/grid_candidate_0525_attempt_1.log,
grid_candidate_0516,grid,grid_candidate_0516,completed,1,0,47.073962,/home/hzw/Rethinking_GNN_DP/paper_experiments/figure3/figure3_pipeline3.yaml/dataset=ogbn-arxiv/feature=raw/mechanism=mbm/x_eps=0.1/m=best/norm=false/smoother=hoa/backbone=sage/use_nfr=true/logs/grid_candidate_0516_attempt_1.log,
grid_candidate_0522,grid,grid_candidate_0522,completed,1,0,40.770313,/home/hzw/Rethinking_GNN_DP/paper_experiments/figure3/figure3_pipeline3.yaml/dataset=ogbn-arxiv/feature=raw/mechanism=mbm/x_eps=0.1/m=best/norm=false/smoother=hoa/backbone=sage/use_nfr=true/logs/grid_candidate_0522_attempt_1.log,
grid_candidate_0519,grid,grid_candidate_0519,completed,1,0,46.530529,/home/hzw/Rethinking_GNN_DP/paper_experiments/figure3/figure3_pipeline3.yaml/dataset=ogbn-arxiv/feature=raw/mechanism=mbm/x_eps=0.1/m=best/norm=false/smoother=hoa/backbone=sage/use_nfr=true/logs/grid_candidate_0519_attempt_1.log,
grid_candidate_0521,grid,grid_candidate_0521,completed,1,0,45.009573,/home/hzw/Rethinking_GNN_DP/paper_experiments/figure3/figure3_pipeline3.yaml/dataset=ogbn-arxiv/feature=raw/mechanism=mbm/x_eps=0.1/m=best/norm=false/smoother=hoa/backbone=sage/use_nfr=true/logs/grid_candidate_0521_attempt_1.log,
grid_candidate_0520,grid,grid_candidate_0520,completed,1,0,46.855620,/home/hzw/Rethinking_GNN_DP/paper_experiments/figure3/figure3_pipeline3.yaml/dataset=ogbn-arxiv/feature=raw/mechanism=mbm/x_eps=0.1/m=best/norm=false/smoother=hoa/backbone=sage/use_nfr=true/logs/grid_candidate_0520_attempt_1.log,
grid_candidate_0523,grid,grid_candidate_0523,completed,1,0,42.417052,/home/hzw/Rethinking_GNN_DP/paper_experiments/figure3/figure3_pipeline3.yaml/dataset=ogbn-arxiv/feature=raw/mechanism=mbm/x_eps=0.1/m=best/norm=false/smoother=hoa/backbone=sage/use_nfr=true/logs/grid_candidate_0523_attempt_1.log,
grid_candidate_0527,grid,grid_candidate_0527,completed,1,0,40.505904,/home/hzw/Rethinking_GNN_DP/paper_experiments/figure3/figure3_pipeline3.yaml/dataset=ogbn-arxiv/feature=raw/mechanism=mbm/x_eps=0.1/m=best/norm=false/smoother=hoa/backbone=sage/use_nfr=true/logs/grid_candidate_0527_attempt_1.log,
grid_candidate_0526,grid,grid_candidate_0526,completed,1,0,42.004283,/home/hzw/Rethinking_GNN_DP/paper_experiments/figure3/figure3_pipeline3.yaml/dataset=ogbn-arxiv/feature=raw/mechanism=mbm/x_eps=0.1/m=best/norm=false/smoother=hoa/backbone=sage/use_nfr=true/logs/grid_candidate_0526_attempt_1.log,
grid_candidate_0536,grid,grid_candidate_0536,completed,1,0,30.076617,/home/hzw/Rethinking_GNN_DP/paper_experiments/figure3/figure3_pipeline3.yaml/dataset=ogbn-arxiv/feature=raw/mechanism=mbm/x_eps=0.1/m=best/norm=false/smoother=hoa/backbone=sage/use_nfr=true/logs/grid_candidate_0536_attempt_1.log,
grid_candidate_0531,grid,grid_candidate_0531,completed,1,0,40.521748,/home/hzw/Rethinking_GNN_DP/paper_experiments/figure3/figure3_pipeline3.yaml/dataset=ogbn-arxiv/feature=raw/mechanism=mbm/x_eps=0.1/m=best/norm=false/smoother=hoa/backbone=sage/use_nfr=true/logs/grid_candidate_0531_attempt_1.log,
grid_candidate_0533,grid,grid_candidate_0533,completed,1,0,36.882807,/home/hzw/Rethinking_GNN_DP/paper_experiments/figure3/figure3_pipeline3.yaml/dataset=ogbn-arxiv/feature=raw/mechanism=mbm/x_eps=0.1/m=best/norm=false/smoother=hoa/backbone=sage/use_nfr=true/logs/grid_candidate_0533_attempt_1.log,
grid_candidate_0524,grid,grid_candidate_0524,completed,1,0,50.817188,/home/hzw/Rethinking_GNN_DP/paper_experiments/figure3/figure3_pipeline3.yaml/dataset=ogbn-arxiv/feature=raw/mechanism=mbm/x_eps=0.1/m=best/norm=false/smoother=hoa/backbone=sage/use_nfr=true/logs/grid_candidate_0524_attempt_1.log,
grid_candidate_0528,grid,grid_candidate_0528,completed,1,0,46.052527,/home/hzw/Rethinking_GNN_DP/paper_experiments/figure3/figure3_pipeline3.yaml/dataset=ogbn-arxiv/feature=raw/mechanism=mbm/x_eps=0.1/m=best/norm=false/smoother=hoa/backbone=sage/use_nfr=true/logs/grid_candidate_0528_attempt_1.log,
grid_candidate_0529,grid,grid_candidate_0529,completed,1,0,44.615552,/home/hzw/Rethinking_GNN_DP/paper_experiments/figure3/figure3_pipeline3.yaml/dataset=ogbn-arxiv/feature=raw/mechanism=mbm/x_eps=0.1/m=best/norm=false/smoother=hoa/backbone=sage/use_nfr=true/logs/grid_candidate_0529_attempt_1.log,
grid_candidate_0530,grid,grid_candidate_0530,completed,1,0,45.417340,/home/hzw/Rethinking_GNN_DP/paper_experiments/figure3/figure3_pipeline3.yaml/dataset=ogbn-arxiv/feature=raw/mechanism=mbm/x_eps=0.1/m=best/norm=false/smoother=hoa/backbone=sage/use_nfr=true/logs/grid_candidate_0530_attempt_1.log,
grid_candidate_0535,grid,grid_candidate_0535,completed,1,0,39.268921,/home/hzw/Rethinking_GNN_DP/paper_experiments/figure3/figure3_pipeline3.yaml/dataset=ogbn-arxiv/feature=raw/mechanism=mbm/x_eps=0.1/m=best/norm=false/smoother=hoa/backbone=sage/use_nfr=true/logs/grid_candidate_0535_attempt_1.log,
grid_candidate_0534,grid,grid_candidate_0534,completed,1,0,43.952932,/home/hzw/Rethinking_GNN_DP/paper_experiments/figure3/figure3_pipeline3.yaml/dataset=ogbn-arxiv/feature=raw/mechanism=mbm/x_eps=0.1/m=best/norm=false/smoother=hoa/backbone=sage/use_nfr=true/logs/grid_candidate_0534_attempt_1.log,
grid_candidate_0532,grid,grid_candidate_0532,completed,1,0,46.901636,/home/hzw/Rethinking_GNN_DP/paper_experiments/figure3/figure3_pipeline3.yaml/dataset=ogbn-arxiv/feature=raw/mechanism=mbm/x_eps=0.1/m=best/norm=false/smoother=hoa/backbone=sage/use_nfr=true/logs/grid_candidate_0532_attempt_1.log,
grid_candidate_0550,grid,grid_candidate_0550,completed,1,0,34.305758,/home/hzw/Rethinking_GNN_DP/paper_experiments/figure3/figure3_pipeline3.yaml/dataset=ogbn-arxiv/feature=raw/mechanism=mbm/x_eps=0.1/m=best/norm=false/smoother=hoa/backbone=sage/use_nfr=true/logs/grid_candidate_0550_attempt_1.log,
grid_candidate_0546,grid,grid_candidate_0546,completed,1,0,40.422342,/home/hzw/Rethinking_GNN_DP/paper_experiments/figure3/figure3_pipeline3.yaml/dataset=ogbn-arxiv/feature=raw/mechanism=mbm/x_eps=0.1/m=best/norm=false/smoother=hoa/backbone=sage/use_nfr=true/logs/grid_candidate_0546_attempt_1.log,
grid_candidate_0551,grid,grid_candidate_0551,completed,1,0,37.059526,/home/hzw/Rethinking_GNN_DP/paper_experiments/figure3/figure3_pipeline3.yaml/dataset=ogbn-arxiv/feature=raw/mechanism=mbm/x_eps=0.1/m=best/norm=false/smoother=hoa/backbone=sage/use_nfr=true/logs/grid_candidate_0551_attempt_1.log,
grid_candidate_0538,grid,grid_candidate_0538,completed,1,0,49.575200,/home/hzw/Rethinking_GNN_DP/paper_experiments/figure3/figure3_pipeline3.yaml/dataset=ogbn-arxiv/feature=raw/mechanism=mbm/x_eps=0.1/m=best/norm=false/smoother=hoa/backbone=sage/use_nfr=true/logs/grid_candidate_0538_attempt_1.log,
grid_candidate_0539,grid,grid_candidate_0539,completed,1,0,48.274070,/home/hzw/Rethinking_GNN_DP/paper_experiments/figure3/figure3_pipeline3.yaml/dataset=ogbn-arxiv/feature=raw/mechanism=mbm/x_eps=0.1/m=best/norm=false/smoother=hoa/backbone=sage/use_nfr=true/logs/grid_candidate_0539_attempt_1.log,
grid_candidate_0537,grid,grid_candidate_0537,completed,1,0,51.361891,/home/hzw/Rethinking_GNN_DP/paper_experiments/figure3/figure3_pipeline3.yaml/dataset=ogbn-arxiv/feature=raw/mechanism=mbm/x_eps=0.1/m=best/norm=false/smoother=hoa/backbone=sage/use_nfr=true/logs/grid_candidate_0537_attempt_1.log,
grid_candidate_0540,grid,grid_candidate_0540,completed,1,0,49.711441,/home/hzw/Rethinking_GNN_DP/paper_experiments/figure3/figure3_pipeline3.yaml/dataset=ogbn-arxiv/feature=raw/mechanism=mbm/x_eps=0.1/m=best/norm=false/smoother=hoa/backbone=sage/use_nfr=true/logs/grid_candidate_0540_attempt_1.log,
grid_candidate_0542,grid,grid_candidate_0542,completed,1,0,47.691931,/home/hzw/Rethinking_GNN_DP/paper_experiments/figure3/figure3_pipeline3.yaml/dataset=ogbn-arxiv/feature=raw/mechanism=mbm/x_eps=0.1/m=best/norm=false/smoother=hoa/backbone=sage/use_nfr=true/logs/grid_candidate_0542_attempt_1.log,
grid_candidate_0545,grid,grid_candidate_0545,completed,1,0,46.341540,/home/hzw/Rethinking_GNN_DP/paper_experiments/figure3/figure3_pipeline3.yaml/dataset=ogbn-arxiv/feature=raw/mechanism=mbm/x_eps=0.1/m=best/norm=false/smoother=hoa/backbone=sage/use_nfr=true/logs/grid_candidate_0545_attempt_1.log,
grid_candidate_0544,grid,grid_candidate_0544,completed,1,0,47.898191,/home/hzw/Rethinking_GNN_DP/paper_experiments/figure3/figure3_pipeline3.yaml/dataset=ogbn-arxiv/feature=raw/mechanism=mbm/x_eps=0.1/m=best/norm=false/smoother=hoa/backbone=sage/use_nfr=true/logs/grid_candidate_0544_attempt_1.log,
grid_candidate_0541,grid,grid_candidate_0541,completed,1,0,50.743798,/home/hzw/Rethinking_GNN_DP/paper_experiments/figure3/figure3_pipeline3.yaml/dataset=ogbn-arxiv/feature=raw/mechanism=mbm/x_eps=0.1/m=best/norm=false/smoother=hoa/backbone=sage/use_nfr=true/logs/grid_candidate_0541_attempt_1.log,
grid_candidate_0543,grid,grid_candidate_0543,completed,1,0,49.613057,/home/hzw/Rethinking_GNN_DP/paper_experiments/figure3/figure3_pipeline3.yaml/dataset=ogbn-arxiv/feature=raw/mechanism=mbm/x_eps=0.1/m=best/norm=false/smoother=hoa/backbone=sage/use_nfr=true/logs/grid_candidate_0543_attempt_1.log,
grid_candidate_0547,grid,grid_candidate_0547,completed,1,0,48.331058,/home/hzw/Rethinking_GNN_DP/paper_experiments/figure3/figure3_pipeline3.yaml/dataset=ogbn-arxiv/feature=raw/mechanism=mbm/x_eps=0.1/m=best/norm=false/smoother=hoa/backbone=sage/use_nfr=true/logs/grid_candidate_0547_attempt_1.log,
grid_candidate_0548,grid,grid_candidate_0548,completed,1,0,48.596220,/home/hzw/Rethinking_GNN_DP/paper_experiments/figure3/figure3_pipeline3.yaml/dataset=ogbn-arxiv/feature=raw/mechanism=mbm/x_eps=0.1/m=best/norm=false/smoother=hoa/backbone=sage/use_nfr=true/logs/grid_candidate_0548_attempt_1.log,
grid_candidate_0553,grid,grid_candidate_0553,completed,1,0,40.820382,/home/hzw/Rethinking_GNN_DP/paper_experiments/figure3/figure3_pipeline3.yaml/dataset=ogbn-arxiv/feature=raw/mechanism=mbm/x_eps=0.1/m=best/norm=false/smoother=hoa/backbone=sage/use_nfr=true/logs/grid_candidate_0553_attempt_1.log,
grid_candidate_0552,grid,grid_candidate_0552,completed,1,0,43.094224,/home/hzw/Rethinking_GNN_DP/paper_experiments/figure3/figure3_pipeline3.yaml/dataset=ogbn-arxiv/feature=raw/mechanism=mbm/x_eps=0.1/m=best/norm=false/smoother=hoa/backbone=sage/use_nfr=true/logs/grid_candidate_0552_attempt_1.log,
grid_candidate_0549,grid,grid_candidate_0549,completed,1,0,48.818845,/home/hzw/Rethinking_GNN_DP/paper_experiments/figure3/figure3_pipeline3.yaml/dataset=ogbn-arxiv/feature=raw/mechanism=mbm/x_eps=0.1/m=best/norm=false/smoother=hoa/backbone=sage/use_nfr=true/logs/grid_candidate_0549_attempt_1.log,
grid_candidate_0561,grid,grid_candidate_0561,completed,1,0,37.423501,/home/hzw/Rethinking_GNN_DP/paper_experiments/figure3/figure3_pipeline3.yaml/dataset=ogbn-arxiv/feature=raw/mechanism=mbm/x_eps=0.1/m=best/norm=false/smoother=hoa/backbone=sage/use_nfr=true/logs/grid_candidate_0561_attempt_1.log,
grid_candidate_0554,grid,grid_candidate_0554,completed,1,0,49.328187,/home/hzw/Rethinking_GNN_DP/paper_experiments/figure3/figure3_pipeline3.yaml/dataset=ogbn-arxiv/feature=raw/mechanism=mbm/x_eps=0.1/m=best/norm=false/smoother=hoa/backbone=sage/use_nfr=true/logs/grid_candidate_0554_attempt_1.log,
grid_candidate_0562,grid,grid_candidate_0562,completed,1,0,42.622948,/home/hzw/Rethinking_GNN_DP/paper_experiments/figure3/figure3_pipeline3.yaml/dataset=ogbn-arxiv/feature=raw/mechanism=mbm/x_eps=0.1/m=best/norm=false/smoother=hoa/backbone=sage/use_nfr=true/logs/grid_candidate_0562_attempt_1.log,
grid_candidate_0556,grid,grid_candidate_0556,completed,1,0,49.416208,/home/hzw/Rethinking_GNN_DP/paper_experiments/figure3/figure3_pipeline3.yaml/dataset=ogbn-arxiv/feature=raw/mechanism=mbm/x_eps=0.1/m=best/norm=false/smoother=hoa/backbone=sage/use_nfr=true/logs/grid_candidate_0556_attempt_1.log,
grid_candidate_0567,grid,grid_candidate_0567,completed,1,0,38.158773,/home/hzw/Rethinking_GNN_DP/paper_experiments/figure3/figure3_pipeline3.yaml/dataset=ogbn-arxiv/feature=raw/mechanism=mbm/x_eps=0.1/m=best/norm=false/smoother=hoa/backbone=sage/use_nfr=true/logs/grid_candidate_0567_attempt_1.log,
grid_candidate_0558,grid,grid_candidate_0558,completed,1,0,50.449993,/home/hzw/Rethinking_GNN_DP/paper_experiments/figure3/figure3_pipeline3.yaml/dataset=ogbn-arxiv/feature=raw/mechanism=mbm/x_eps=0.1/m=best/norm=false/smoother=hoa/backbone=sage/use_nfr=true/logs/grid_candidate_0558_attempt_1.log,
grid_candidate_0560,grid,grid_candidate_0560,completed,1,0,48.056339,/home/hzw/Rethinking_GNN_DP/paper_experiments/figure3/figure3_pipeline3.yaml/dataset=ogbn-arxiv/feature=raw/mechanism=mbm/x_eps=0.1/m=best/norm=false/smoother=hoa/backbone=sage/use_nfr=true/logs/grid_candidate_0560_attempt_1.log,
grid_candidate_0555,grid,grid_candidate_0555,completed,1,0,54.061247,/home/hzw/Rethinking_GNN_DP/paper_experiments/figure3/figure3_pipeline3.yaml/dataset=ogbn-arxiv/feature=raw/mechanism=mbm/x_eps=0.1/m=best/norm=false/smoother=hoa/backbone=sage/use_nfr=true/logs/grid_candidate_0555_attempt_1.log,
grid_candidate_0559,grid,grid_candidate_0559,completed,1,0,49.460899,/home/hzw/Rethinking_GNN_DP/paper_experiments/figure3/figure3_pipeline3.yaml/dataset=ogbn-arxiv/feature=raw/mechanism=mbm/x_eps=0.1/m=best/norm=false/smoother=hoa/backbone=sage/use_nfr=true/logs/grid_candidate_0559_attempt_1.log,
grid_candidate_0557,grid,grid_candidate_0557,completed,1,0,52.627126,/home/hzw/Rethinking_GNN_DP/paper_experiments/figure3/figure3_pipeline3.yaml/dataset=ogbn-arxiv/feature=raw/mechanism=mbm/x_eps=0.1/m=best/norm=false/smoother=hoa/backbone=sage/use_nfr=true/logs/grid_candidate_0557_attempt_1.log,
grid_candidate_0566,grid,grid_candidate_0566,completed,1,0,41.674981,/home/hzw/Rethinking_GNN_DP/paper_experiments/figure3/figure3_pipeline3.yaml/dataset=ogbn-arxiv/feature=raw/mechanism=mbm/x_eps=0.1/m=best/norm=false/smoother=hoa/backbone=sage/use_nfr=true/logs/grid_candidate_0566_attempt_1.log,
grid_candidate_0565,grid,grid_candidate_0565,completed,1,0,43.151703,/home/hzw/Rethinking_GNN_DP/paper_experiments/figure3/figure3_pipeline3.yaml/dataset=ogbn-arxiv/feature=raw/mechanism=mbm/x_eps=0.1/m=best/norm=false/smoother=hoa/backbone=sage/use_nfr=true/logs/grid_candidate_0565_attempt_1.log,
grid_candidate_0569,grid,grid_candidate_0569,completed,1,0,40.863404,/home/hzw/Rethinking_GNN_DP/paper_experiments/figure3/figure3_pipeline3.yaml/dataset=ogbn-arxiv/feature=raw/mechanism=mbm/x_eps=0.1/m=best/norm=false/smoother=hoa/backbone=sage/use_nfr=true/logs/grid_candidate_0569_attempt_1.log,
grid_candidate_0563,grid,grid_candidate_0563,completed,1,0,49.993832,/home/hzw/Rethinking_GNN_DP/paper_experiments/figure3/figure3_pipeline3.yaml/dataset=ogbn-arxiv/feature=raw/mechanism=mbm/x_eps=0.1/m=best/norm=false/smoother=hoa/backbone=sage/use_nfr=true/logs/grid_candidate_0563_attempt_1.log,
grid_candidate_0564,grid,grid_candidate_0564,completed,1,0,46.992795,/home/hzw/Rethinking_GNN_DP/paper_experiments/figure3/figure3_pipeline3.yaml/dataset=ogbn-arxiv/feature=raw/mechanism=mbm/x_eps=0.1/m=best/norm=false/smoother=hoa/backbone=sage/use_nfr=true/logs/grid_candidate_0564_attempt_1.log,
grid_candidate_0570,grid,grid_candidate_0570,completed,1,0,43.243535,/home/hzw/Rethinking_GNN_DP/paper_experiments/figure3/figure3_pipeline3.yaml/dataset=ogbn-arxiv/feature=raw/mechanism=mbm/x_eps=0.1/m=best/norm=false/smoother=hoa/backbone=sage/use_nfr=true/logs/grid_candidate_0570_attempt_1.log,
grid_candidate_0568,grid,grid_candidate_0568,completed,1,0,44.925105,/home/hzw/Rethinking_GNN_DP/paper_experiments/figure3/figure3_pipeline3.yaml/dataset=ogbn-arxiv/feature=raw/mechanism=mbm/x_eps=0.1/m=best/norm=false/smoother=hoa/backbone=sage/use_nfr=true/logs/grid_candidate_0568_attempt_1.log,
grid_candidate_0571,grid,grid_candidate_0571,completed,1,0,46.111565,/home/hzw/Rethinking_GNN_DP/paper_experiments/figure3/figure3_pipeline3.yaml/dataset=ogbn-arxiv/feature=raw/mechanism=mbm/x_eps=0.1/m=best/norm=false/smoother=hoa/backbone=sage/use_nfr=true/logs/grid_candidate_0571_attempt_1.log,
grid_candidate_0577,grid,grid_candidate_0577,completed,1,0,35.006054,/home/hzw/Rethinking_GNN_DP/paper_experiments/figure3/figure3_pipeline3.yaml/dataset=ogbn-arxiv/feature=raw/mechanism=mbm/x_eps=0.1/m=best/norm=false/smoother=hoa/backbone=sage/use_nfr=true/logs/grid_candidate_0577_attempt_1.log,
grid_candidate_0574,grid,grid_candidate_0574,completed,1,0,38.713350,/home/hzw/Rethinking_GNN_DP/paper_experiments/figure3/figure3_pipeline3.yaml/dataset=ogbn-arxiv/feature=raw/mechanism=mbm/x_eps=0.1/m=best/norm=false/smoother=hoa/backbone=sage/use_nfr=true/logs/grid_candidate_0574_attempt_1.log,
grid_candidate_0584,grid,grid_candidate_0584,completed,1,0,31.861382,/home/hzw/Rethinking_GNN_DP/paper_experiments/figure3/figure3_pipeline3.yaml/dataset=ogbn-arxiv/feature=raw/mechanism=mbm/x_eps=0.1/m=best/norm=false/smoother=hoa/backbone=sage/use_nfr=true/logs/grid_candidate_0584_attempt_1.log,
grid_candidate_0572,grid,grid_candidate_0572,completed,1,0,48.518529,/home/hzw/Rethinking_GNN_DP/paper_experiments/figure3/figure3_pipeline3.yaml/dataset=ogbn-arxiv/feature=raw/mechanism=mbm/x_eps=0.1/m=best/norm=false/smoother=hoa/backbone=sage/use_nfr=true/logs/grid_candidate_0572_attempt_1.log,
grid_candidate_0573,grid,grid_candidate_0573,completed,1,0,43.061604,/home/hzw/Rethinking_GNN_DP/paper_experiments/figure3/figure3_pipeline3.yaml/dataset=ogbn-arxiv/feature=raw/mechanism=mbm/x_eps=0.1/m=best/norm=false/smoother=hoa/backbone=sage/use_nfr=true/logs/grid_candidate_0573_attempt_1.log,
grid_candidate_0587,grid,grid_candidate_0587,completed,1,0,35.731917,/home/hzw/Rethinking_GNN_DP/paper_experiments/figure3/figure3_pipeline3.yaml/dataset=ogbn-arxiv/feature=raw/mechanism=mbm/x_eps=0.1/m=best/norm=false/smoother=hoa/backbone=sage/use_nfr=true/logs/grid_candidate_0587_attempt_1.log,
grid_candidate_0575,grid,grid_candidate_0575,completed,1,0,44.854302,/home/hzw/Rethinking_GNN_DP/paper_experiments/figure3/figure3_pipeline3.yaml/dataset=ogbn-arxiv/feature=raw/mechanism=mbm/x_eps=0.1/m=best/norm=false/smoother=hoa/backbone=sage/use_nfr=true/logs/grid_candidate_0575_attempt_1.log,
grid_candidate_0585,grid,grid_candidate_0585,completed,1,0,37.960702,/home/hzw/Rethinking_GNN_DP/paper_experiments/figure3/figure3_pipeline3.yaml/dataset=ogbn-arxiv/feature=raw/mechanism=mbm/x_eps=0.1/m=best/norm=false/smoother=hoa/backbone=sage/use_nfr=true/logs/grid_candidate_0585_attempt_1.log,
grid_candidate_0588,grid,grid_candidate_0588,completed,1,0,36.536482,/home/hzw/Rethinking_GNN_DP/paper_experiments/figure3/figure3_pipeline3.yaml/dataset=ogbn-arxiv/feature=raw/mechanism=mbm/x_eps=0.1/m=best/norm=false/smoother=hoa/backbone=sage/use_nfr=true/logs/grid_candidate_0588_attempt_1.log,
grid_candidate_0582,grid,grid_candidate_0582,completed,1,0,41.673096,/home/hzw/Rethinking_GNN_DP/paper_experiments/figure3/figure3_pipeline3.yaml/dataset=ogbn-arxiv/feature=raw/mechanism=mbm/x_eps=0.1/m=best/norm=false/smoother=hoa/backbone=sage/use_nfr=true/logs/grid_candidate_0582_attempt_1.log,
grid_candidate_0576,grid,grid_candidate_0576,completed,1,0,46.378476,/home/hzw/Rethinking_GNN_DP/paper_experiments/figure3/figure3_pipeline3.yaml/dataset=ogbn-arxiv/feature=raw/mechanism=mbm/x_eps=0.1/m=best/norm=false/smoother=hoa/backbone=sage/use_nfr=true/logs/grid_candidate_0576_attempt_1.log,
grid_candidate_0580,grid,grid_candidate_0580,completed,1,0,44.790521,/home/hzw/Rethinking_GNN_DP/paper_experiments/figure3/figure3_pipeline3.yaml/dataset=ogbn-arxiv/feature=raw/mechanism=mbm/x_eps=0.1/m=best/norm=false/smoother=hoa/backbone=sage/use_nfr=true/logs/grid_candidate_0580_attempt_1.log,
grid_candidate_0581,grid,grid_candidate_0581,completed,1,0,46.221741,/home/hzw/Rethinking_GNN_DP/paper_experiments/figure3/figure3_pipeline3.yaml/dataset=ogbn-arxiv/feature=raw/mechanism=mbm/x_eps=0.1/m=best/norm=false/smoother=hoa/backbone=sage/use_nfr=true/logs/grid_candidate_0581_attempt_1.log,
grid_candidate_0578,grid,grid_candidate_0578,completed,1,0,49.242879,/home/hzw/Rethinking_GNN_DP/paper_experiments/figure3/figure3_pipeline3.yaml/dataset=ogbn-arxiv/feature=raw/mechanism=mbm/x_eps=0.1/m=best/norm=false/smoother=hoa/backbone=sage/use_nfr=true/logs/grid_candidate_0578_attempt_1.log,
grid_candidate_0579,grid,grid_candidate_0579,completed,1,0,48.415595,/home/hzw/Rethinking_GNN_DP/paper_experiments/figure3/figure3_pipeline3.yaml/dataset=ogbn-arxiv/feature=raw/mechanism=mbm/x_eps=0.1/m=best/norm=false/smoother=hoa/backbone=sage/use_nfr=true/logs/grid_candidate_0579_attempt_1.log,
grid_candidate_0589,grid,grid_candidate_0589,completed,1,0,41.977322,/home/hzw/Rethinking_GNN_DP/paper_experiments/figure3/figure3_pipeline3.yaml/dataset=ogbn-arxiv/feature=raw/mechanism=mbm/x_eps=0.1/m=best/norm=false/smoother=hoa/backbone=sage/use_nfr=true/logs/grid_candidate_0589_attempt_1.log,
grid_candidate_0586,grid,grid_candidate_0586,completed,1,0,45.300461,/home/hzw/Rethinking_GNN_DP/paper_experiments/figure3/figure3_pipeline3.yaml/dataset=ogbn-arxiv/feature=raw/mechanism=mbm/x_eps=0.1/m=best/norm=false/smoother=hoa/backbone=sage/use_nfr=true/logs/grid_candidate_0586_attempt_1.log,
grid_candidate_0583,grid,grid_candidate_0583,completed,1,0,47.656180,/home/hzw/Rethinking_GNN_DP/paper_experiments/figure3/figure3_pipeline3.yaml/dataset=ogbn-arxiv/feature=raw/mechanism=mbm/x_eps=0.1/m=best/norm=false/smoother=hoa/backbone=sage/use_nfr=true/logs/grid_candidate_0583_attempt_1.log,
grid_candidate_0602,grid,grid_candidate_0602,completed,1,0,33.105171,/home/hzw/Rethinking_GNN_DP/paper_experiments/figure3/figure3_pipeline3.yaml/dataset=ogbn-arxiv/feature=raw/mechanism=mbm/x_eps=0.1/m=best/norm=false/smoother=hoa/backbone=sage/use_nfr=true/logs/grid_candidate_0602_attempt_1.log,
grid_candidate_0590,grid,grid_candidate_0590,completed,1,0,48.284506,/home/hzw/Rethinking_GNN_DP/paper_experiments/figure3/figure3_pipeline3.yaml/dataset=ogbn-arxiv/feature=raw/mechanism=mbm/x_eps=0.1/m=best/norm=false/smoother=hoa/backbone=sage/use_nfr=true/logs/grid_candidate_0590_attempt_1.log,
grid_candidate_0591,grid,grid_candidate_0591,completed,1,0,47.171363,/home/hzw/Rethinking_GNN_DP/paper_experiments/figure3/figure3_pipeline3.yaml/dataset=ogbn-arxiv/feature=raw/mechanism=mbm/x_eps=0.1/m=best/norm=false/smoother=hoa/backbone=sage/use_nfr=true/logs/grid_candidate_0591_attempt_1.log,
grid_candidate_0592,grid,grid_candidate_0592,completed,1,0,47.909737,/home/hzw/Rethinking_GNN_DP/paper_experiments/figure3/figure3_pipeline3.yaml/dataset=ogbn-arxiv/feature=raw/mechanism=mbm/x_eps=0.1/m=best/norm=false/smoother=hoa/backbone=sage/use_nfr=true/logs/grid_candidate_0592_attempt_1.log,
grid_candidate_0593,grid,grid_candidate_0593,completed,1,0,48.127083,/home/hzw/Rethinking_GNN_DP/paper_experiments/figure3/figure3_pipeline3.yaml/dataset=ogbn-arxiv/feature=raw/mechanism=mbm/x_eps=0.1/m=best/norm=false/smoother=hoa/backbone=sage/use_nfr=true/logs/grid_candidate_0593_attempt_1.log,
grid_candidate_0598,grid,grid_candidate_0598,completed,1,0,45.393440,/home/hzw/Rethinking_GNN_DP/paper_experiments/figure3/figure3_pipeline3.yaml/dataset=ogbn-arxiv/feature=raw/mechanism=mbm/x_eps=0.1/m=best/norm=false/smoother=hoa/backbone=sage/use_nfr=true/logs/grid_candidate_0598_attempt_1.log,
grid_candidate_0608,grid,grid_candidate_0608,completed,1,0,32.161450,/home/hzw/Rethinking_GNN_DP/paper_experiments/figure3/figure3_pipeline3.yaml/dataset=ogbn-arxiv/feature=raw/mechanism=mbm/x_eps=0.1/m=best/norm=false/smoother=hoa/backbone=sage/use_nfr=true/logs/grid_candidate_0608_attempt_1.log,
grid_candidate_0594,grid,grid_candidate_0594,completed,1,0,47.595048,/home/hzw/Rethinking_GNN_DP/paper_experiments/figure3/figure3_pipeline3.yaml/dataset=ogbn-arxiv/feature=raw/mechanism=mbm/x_eps=0.1/m=best/norm=false/smoother=hoa/backbone=sage/use_nfr=true/logs/grid_candidate_0594_attempt_1.log,
grid_candidate_0601,grid,grid_candidate_0601,completed,1,0,43.835433,/home/hzw/Rethinking_GNN_DP/paper_experiments/figure3/figure3_pipeline3.yaml/dataset=ogbn-arxiv/feature=raw/mechanism=mbm/x_eps=0.1/m=best/norm=false/smoother=hoa/backbone=sage/use_nfr=true/logs/grid_candidate_0601_attempt_1.log,
grid_candidate_0599,grid,grid_candidate_0599,completed,1,0,45.850654,/home/hzw/Rethinking_GNN_DP/paper_experiments/figure3/figure3_pipeline3.yaml/dataset=ogbn-arxiv/feature=raw/mechanism=mbm/x_eps=0.1/m=best/norm=false/smoother=hoa/backbone=sage/use_nfr=true/logs/grid_candidate_0599_attempt_1.log,
grid_candidate_0595,grid,grid_candidate_0595,completed,1,0,48.141402,/home/hzw/Rethinking_GNN_DP/paper_experiments/figure3/figure3_pipeline3.yaml/dataset=ogbn-arxiv/feature=raw/mechanism=mbm/x_eps=0.1/m=best/norm=false/smoother=hoa/backbone=sage/use_nfr=true/logs/grid_candidate_0595_attempt_1.log,
grid_candidate_0596,grid,grid_candidate_0596,completed,1,0,48.792297,/home/hzw/Rethinking_GNN_DP/paper_experiments/figure3/figure3_pipeline3.yaml/dataset=ogbn-arxiv/feature=raw/mechanism=mbm/x_eps=0.1/m=best/norm=false/smoother=hoa/backbone=sage/use_nfr=true/logs/grid_candidate_0596_attempt_1.log,
grid_candidate_0610,grid,grid_candidate_0610,completed,1,0,33.138103,/home/hzw/Rethinking_GNN_DP/paper_experiments/figure3/figure3_pipeline3.yaml/dataset=ogbn-arxiv/feature=raw/mechanism=mbm/x_eps=0.1/m=best/norm=false/smoother=hoa/backbone=sage/use_nfr=true/logs/grid_candidate_0610_attempt_1.log,
grid_candidate_0600,grid,grid_candidate_0600,completed,1,0,48.785620,/home/hzw/Rethinking_GNN_DP/paper_experiments/figure3/figure3_pipeline3.yaml/dataset=ogbn-arxiv/feature=raw/mechanism=mbm/x_eps=0.1/m=best/norm=false/smoother=hoa/backbone=sage/use_nfr=true/logs/grid_candidate_0600_attempt_1.log,
grid_candidate_0603,grid,grid_candidate_0603,completed,1,0,46.361241,/home/hzw/Rethinking_GNN_DP/paper_experiments/figure3/figure3_pipeline3.yaml/dataset=ogbn-arxiv/feature=raw/mechanism=mbm/x_eps=0.1/m=best/norm=false/smoother=hoa/backbone=sage/use_nfr=true/logs/grid_candidate_0603_attempt_1.log,
grid_candidate_0604,grid,grid_candidate_0604,completed,1,0,45.465414,/home/hzw/Rethinking_GNN_DP/paper_experiments/figure3/figure3_pipeline3.yaml/dataset=ogbn-arxiv/feature=raw/mechanism=mbm/x_eps=0.1/m=best/norm=false/smoother=hoa/backbone=sage/use_nfr=true/logs/grid_candidate_0604_attempt_1.log,
grid_candidate_0605,grid,grid_candidate_0605,completed,1,0,45.406688,/home/hzw/Rethinking_GNN_DP/paper_experiments/figure3/figure3_pipeline3.yaml/dataset=ogbn-arxiv/feature=raw/mechanism=mbm/x_eps=0.1/m=best/norm=false/smoother=hoa/backbone=sage/use_nfr=true/logs/grid_candidate_0605_attempt_1.log,
grid_candidate_0597,grid,grid_candidate_0597,completed,1,0,52.010850,/home/hzw/Rethinking_GNN_DP/paper_experiments/figure3/figure3_pipeline3.yaml/dataset=ogbn-arxiv/feature=raw/mechanism=mbm/x_eps=0.1/m=best/norm=false/smoother=hoa/backbone=sage/use_nfr=true/logs/grid_candidate_0597_attempt_1.log,
grid_candidate_0606,grid,grid_candidate_0606,completed,1,0,46.951253,/home/hzw/Rethinking_GNN_DP/paper_experiments/figure3/figure3_pipeline3.yaml/dataset=ogbn-arxiv/feature=raw/mechanism=mbm/x_eps=0.1/m=best/norm=false/smoother=hoa/backbone=sage/use_nfr=true/logs/grid_candidate_0606_attempt_1.log,
grid_candidate_0607,grid,grid_candidate_0607,completed,1,0,43.380290,/home/hzw/Rethinking_GNN_DP/paper_experiments/figure3/figure3_pipeline3.yaml/dataset=ogbn-arxiv/feature=raw/mechanism=mbm/x_eps=0.1/m=best/norm=false/smoother=hoa/backbone=sage/use_nfr=true/logs/grid_candidate_0607_attempt_1.log,
grid_candidate_0612,grid,grid_candidate_0612,completed,1,0,40.676299,/home/hzw/Rethinking_GNN_DP/paper_experiments/figure3/figure3_pipeline3.yaml/dataset=ogbn-arxiv/feature=raw/mechanism=mbm/x_eps=0.1/m=best/norm=false/smoother=hoa/backbone=sage/use_nfr=true/logs/grid_candidate_0612_attempt_1.log,
grid_candidate_0609,grid,grid_candidate_0609,completed,1,0,45.860621,/home/hzw/Rethinking_GNN_DP/paper_experiments/figure3/figure3_pipeline3.yaml/dataset=ogbn-arxiv/feature=raw/mechanism=mbm/x_eps=0.1/m=best/norm=false/smoother=hoa/backbone=sage/use_nfr=true/logs/grid_candidate_0609_attempt_1.log,
grid_candidate_0611,grid,grid_candidate_0611,completed,1,0,46.605556,/home/hzw/Rethinking_GNN_DP/paper_experiments/figure3/figure3_pipeline3.yaml/dataset=ogbn-arxiv/feature=raw/mechanism=mbm/x_eps=0.1/m=best/norm=false/smoother=hoa/backbone=sage/use_nfr=true/logs/grid_candidate_0611_attempt_1.log,
grid_candidate_0625,grid,grid_candidate_0625,completed,1,0,33.960359,/home/hzw/Rethinking_GNN_DP/paper_experiments/figure3/figure3_pipeline3.yaml/dataset=ogbn-arxiv/feature=raw/mechanism=mbm/x_eps=0.1/m=best/norm=false/smoother=hoa/backbone=sage/use_nfr=true/logs/grid_candidate_0625_attempt_1.log,
grid_candidate_0617,grid,grid_candidate_0617,completed,1,0,43.669676,/home/hzw/Rethinking_GNN_DP/paper_experiments/figure3/figure3_pipeline3.yaml/dataset=ogbn-arxiv/feature=raw/mechanism=mbm/x_eps=0.1/m=best/norm=false/smoother=hoa/backbone=sage/use_nfr=true/logs/grid_candidate_0617_attempt_1.log,
grid_candidate_0613,grid,grid_candidate_0613,completed,1,0,47.299074,/home/hzw/Rethinking_GNN_DP/paper_experiments/figure3/figure3_pipeline3.yaml/dataset=ogbn-arxiv/feature=raw/mechanism=mbm/x_eps=0.1/m=best/norm=false/smoother=hoa/backbone=sage/use_nfr=true/logs/grid_candidate_0613_attempt_1.log,
grid_candidate_0616,grid,grid_candidate_0616,completed,1,0,47.198743,/home/hzw/Rethinking_GNN_DP/paper_experiments/figure3/figure3_pipeline3.yaml/dataset=ogbn-arxiv/feature=raw/mechanism=mbm/x_eps=0.1/m=best/norm=false/smoother=hoa/backbone=sage/use_nfr=true/logs/grid_candidate_0616_attempt_1.log,
grid_candidate_0614,grid,grid_candidate_0614,completed,1,0,48.860266,/home/hzw/Rethinking_GNN_DP/paper_experiments/figure3/figure3_pipeline3.yaml/dataset=ogbn-arxiv/feature=raw/mechanism=mbm/x_eps=0.1/m=best/norm=false/smoother=hoa/backbone=sage/use_nfr=true/logs/grid_candidate_0614_attempt_1.log,
grid_candidate_0619,grid,grid_candidate_0619,completed,1,0,45.516555,/home/hzw/Rethinking_GNN_DP/paper_experiments/figure3/figure3_pipeline3.yaml/dataset=ogbn-arxiv/feature=raw/mechanism=mbm/x_eps=0.1/m=best/norm=false/smoother=hoa/backbone=sage/use_nfr=true/logs/grid_candidate_0619_attempt_1.log,
grid_candidate_0615,grid,grid_candidate_0615,completed,1,0,49.780914,/home/hzw/Rethinking_GNN_DP/paper_experiments/figure3/figure3_pipeline3.yaml/dataset=ogbn-arxiv/feature=raw/mechanism=mbm/x_eps=0.1/m=best/norm=false/smoother=hoa/backbone=sage/use_nfr=true/logs/grid_candidate_0615_attempt_1.log,
grid_candidate_0620,grid,grid_candidate_0620,completed,1,0,45.416089,/home/hzw/Rethinking_GNN_DP/paper_experiments/figure3/figure3_pipeline3.yaml/dataset=ogbn-arxiv/feature=raw/mechanism=mbm/x_eps=0.1/m=best/norm=false/smoother=hoa/backbone=sage/use_nfr=true/logs/grid_candidate_0620_attempt_1.log,
grid_candidate_0618,grid,grid_candidate_0618,completed,1,0,49.300145,/home/hzw/Rethinking_GNN_DP/paper_experiments/figure3/figure3_pipeline3.yaml/dataset=ogbn-arxiv/feature=raw/mechanism=mbm/x_eps=0.1/m=best/norm=false/smoother=hoa/backbone=sage/use_nfr=true/logs/grid_candidate_0618_attempt_1.log,
grid_candidate_0621,grid,grid_candidate_0621,completed,1,0,48.378793,/home/hzw/Rethinking_GNN_DP/paper_experiments/figure3/figure3_pipeline3.yaml/dataset=ogbn-arxiv/feature=raw/mechanism=mbm/x_eps=0.1/m=best/norm=false/smoother=hoa/backbone=sage/use_nfr=true/logs/grid_candidate_0621_attempt_1.log,
grid_candidate_0623,grid,grid_candidate_0623,completed,1,0,48.214456,/home/hzw/Rethinking_GNN_DP/paper_experiments/figure3/figure3_pipeline3.yaml/dataset=ogbn-arxiv/feature=raw/mechanism=mbm/x_eps=0.1/m=best/norm=false/smoother=hoa/backbone=sage/use_nfr=true/logs/grid_candidate_0623_attempt_1.log,
grid_candidate_0624,grid,grid_candidate_0624,completed,1,0,47.675427,/home/hzw/Rethinking_GNN_DP/paper_experiments/figure3/figure3_pipeline3.yaml/dataset=ogbn-arxiv/feature=raw/mechanism=mbm/x_eps=0.1/m=best/norm=false/smoother=hoa/backbone=sage/use_nfr=true/logs/grid_candidate_0624_attempt_1.log,
grid_candidate_0622,grid,grid_candidate_0622,completed,1,0,49.450426,/home/hzw/Rethinking_GNN_DP/paper_experiments/figure3/figure3_pipeline3.yaml/dataset=ogbn-arxiv/feature=raw/mechanism=mbm/x_eps=0.1/m=best/norm=false/smoother=hoa/backbone=sage/use_nfr=true/logs/grid_candidate_0622_attempt_1.log,
grid_candidate_0626,grid,grid_candidate_0626,completed,1,0,43.176047,/home/hzw/Rethinking_GNN_DP/paper_experiments/figure3/figure3_pipeline3.yaml/dataset=ogbn-arxiv/feature=raw/mechanism=mbm/x_eps=0.1/m=best/norm=false/smoother=hoa/backbone=sage/use_nfr=true/logs/grid_candidate_0626_attempt_1.log,
grid_candidate_0627,grid,grid_candidate_0627,completed,1,0,41.695284,/home/hzw/Rethinking_GNN_DP/paper_experiments/figure3/figure3_pipeline3.yaml/dataset=ogbn-arxiv/feature=raw/mechanism=mbm/x_eps=0.1/m=best/norm=false/smoother=hoa/backbone=sage/use_nfr=true/logs/grid_candidate_0627_attempt_1.log,
grid_candidate_0628,grid,grid_candidate_0628,completed,1,0,43.536752,/home/hzw/Rethinking_GNN_DP/paper_experiments/figure3/figure3_pipeline3.yaml/dataset=ogbn-arxiv/feature=raw/mechanism=mbm/x_eps=0.1/m=best/norm=false/smoother=hoa/backbone=sage/use_nfr=true/logs/grid_candidate_0628_attempt_1.log,
grid_candidate_0631,grid,grid_candidate_0631,completed,1,0,39.899200,/home/hzw/Rethinking_GNN_DP/paper_experiments/figure3/figure3_pipeline3.yaml/dataset=ogbn-arxiv/feature=raw/mechanism=mbm/x_eps=0.1/m=best/norm=false/smoother=hoa/backbone=sage/use_nfr=true/logs/grid_candidate_0631_attempt_1.log,
grid_candidate_0629,grid,grid_candidate_0629,completed,1,0,41.673409,/home/hzw/Rethinking_GNN_DP/paper_experiments/figure3/figure3_pipeline3.yaml/dataset=ogbn-arxiv/feature=raw/mechanism=mbm/x_eps=0.1/m=best/norm=false/smoother=hoa/backbone=sage/use_nfr=true/logs/grid_candidate_0629_attempt_1.log,
grid_candidate_0634,grid,grid_candidate_0634,completed,1,0,40.614255,/home/hzw/Rethinking_GNN_DP/paper_experiments/figure3/figure3_pipeline3.yaml/dataset=ogbn-arxiv/feature=raw/mechanism=mbm/x_eps=0.1/m=best/norm=false/smoother=hoa/backbone=sage/use_nfr=true/logs/grid_candidate_0634_attempt_1.log,
grid_candidate_0630,grid,grid_candidate_0630,completed,1,0,43.238113,/home/hzw/Rethinking_GNN_DP/paper_experiments/figure3/figure3_pipeline3.yaml/dataset=ogbn-arxiv/feature=raw/mechanism=mbm/x_eps=0.1/m=best/norm=false/smoother=hoa/backbone=sage/use_nfr=true/logs/grid_candidate_0630_attempt_1.log,
grid_candidate_0632,grid,grid_candidate_0632,completed,1,0,46.506088,/home/hzw/Rethinking_GNN_DP/paper_experiments/figure3/figure3_pipeline3.yaml/dataset=ogbn-arxiv/feature=raw/mechanism=mbm/x_eps=0.1/m=best/norm=false/smoother=hoa/backbone=sage/use_nfr=true/logs/grid_candidate_0632_attempt_1.log,
grid_candidate_0635,grid,grid_candidate_0635,completed,1,0,46.236728,/home/hzw/Rethinking_GNN_DP/paper_experiments/figure3/figure3_pipeline3.yaml/dataset=ogbn-arxiv/feature=raw/mechanism=mbm/x_eps=0.1/m=best/norm=false/smoother=hoa/backbone=sage/use_nfr=true/logs/grid_candidate_0635_attempt_1.log,
grid_candidate_0637,grid,grid_candidate_0637,completed,1,0,45.313922,/home/hzw/Rethinking_GNN_DP/paper_experiments/figure3/figure3_pipeline3.yaml/dataset=ogbn-arxiv/feature=raw/mechanism=mbm/x_eps=0.1/m=best/norm=false/smoother=hoa/backbone=sage/use_nfr=true/logs/grid_candidate_0637_attempt_1.log,
grid_candidate_0633,grid,grid_candidate_0633,completed,1,0,47.835489,/home/hzw/Rethinking_GNN_DP/paper_experiments/figure3/figure3_pipeline3.yaml/dataset=ogbn-arxiv/feature=raw/mechanism=mbm/x_eps=0.1/m=best/norm=false/smoother=hoa/backbone=sage/use_nfr=true/logs/grid_candidate_0633_attempt_1.log,
grid_candidate_0646,grid,grid_candidate_0646,completed,1,0,37.375927,/home/hzw/Rethinking_GNN_DP/paper_experiments/figure3/figure3_pipeline3.yaml/dataset=ogbn-arxiv/feature=raw/mechanism=mbm/x_eps=0.1/m=best/norm=false/smoother=hoa/backbone=sage/use_nfr=true/logs/grid_candidate_0646_attempt_1.log,
grid_candidate_0636,grid,grid_candidate_0636,completed,1,0,48.677308,/home/hzw/Rethinking_GNN_DP/paper_experiments/figure3/figure3_pipeline3.yaml/dataset=ogbn-arxiv/feature=raw/mechanism=mbm/x_eps=0.1/m=best/norm=false/smoother=hoa/backbone=sage/use_nfr=true/logs/grid_candidate_0636_attempt_1.log,
grid_candidate_0640,grid,grid_candidate_0640,completed,1,0,45.743838,/home/hzw/Rethinking_GNN_DP/paper_experiments/figure3/figure3_pipeline3.yaml/dataset=ogbn-arxiv/feature=raw/mechanism=mbm/x_eps=0.1/m=best/norm=false/smoother=hoa/backbone=sage/use_nfr=true/logs/grid_candidate_0640_attempt_1.log,
grid_candidate_0638,grid,grid_candidate_0638,completed,1,0,48.759685,/home/hzw/Rethinking_GNN_DP/paper_experiments/figure3/figure3_pipeline3.yaml/dataset=ogbn-arxiv/feature=raw/mechanism=mbm/x_eps=0.1/m=best/norm=false/smoother=hoa/backbone=sage/use_nfr=true/logs/grid_candidate_0638_attempt_1.log,
grid_candidate_0641,grid,grid_candidate_0641,completed,1,0,46.434182,/home/hzw/Rethinking_GNN_DP/paper_experiments/figure3/figure3_pipeline3.yaml/dataset=ogbn-arxiv/feature=raw/mechanism=mbm/x_eps=0.1/m=best/norm=false/smoother=hoa/backbone=sage/use_nfr=true/logs/grid_candidate_0641_attempt_1.log,
grid_candidate_0645,grid,grid_candidate_0645,completed,1,0,41.622550,/home/hzw/Rethinking_GNN_DP/paper_experiments/figure3/figure3_pipeline3.yaml/dataset=ogbn-arxiv/feature=raw/mechanism=mbm/x_eps=0.1/m=best/norm=false/smoother=hoa/backbone=sage/use_nfr=true/logs/grid_candidate_0645_attempt_1.log,
grid_candidate_0642,grid,grid_candidate_0642,completed,1,0,47.328429,/home/hzw/Rethinking_GNN_DP/paper_experiments/figure3/figure3_pipeline3.yaml/dataset=ogbn-arxiv/feature=raw/mechanism=mbm/x_eps=0.1/m=best/norm=false/smoother=hoa/backbone=sage/use_nfr=true/logs/grid_candidate_0642_attempt_1.log,
grid_candidate_0644,grid,grid_candidate_0644,completed,1,0,45.868245,/home/hzw/Rethinking_GNN_DP/paper_experiments/figure3/figure3_pipeline3.yaml/dataset=ogbn-arxiv/feature=raw/mechanism=mbm/x_eps=0.1/m=best/norm=false/smoother=hoa/backbone=sage/use_nfr=true/logs/grid_candidate_0644_attempt_1.log,
grid_candidate_0643,grid,grid_candidate_0643,completed,1,0,48.402904,/home/hzw/Rethinking_GNN_DP/paper_experiments/figure3/figure3_pipeline3.yaml/dataset=ogbn-arxiv/feature=raw/mechanism=mbm/x_eps=0.1/m=best/norm=false/smoother=hoa/backbone=sage/use_nfr=true/logs/grid_candidate_0643_attempt_1.log,
grid_candidate_0639,grid,grid_candidate_0639,completed,1,0,50.787442,/home/hzw/Rethinking_GNN_DP/paper_experiments/figure3/figure3_pipeline3.yaml/dataset=ogbn-arxiv/feature=raw/mechanism=mbm/x_eps=0.1/m=best/norm=false/smoother=hoa/backbone=sage/use_nfr=true/logs/grid_candidate_0639_attempt_1.log,
grid_candidate_0647,grid,grid_candidate_0647,completed,1,0,41.727804,/home/hzw/Rethinking_GNN_DP/paper_experiments/figure3/figure3_pipeline3.yaml/dataset=ogbn-arxiv/feature=raw/mechanism=mbm/x_eps=0.1/m=best/norm=false/smoother=hoa/backbone=sage/use_nfr=true/logs/grid_candidate_0647_attempt_1.log,
grid_candidate_0649,grid,grid_candidate_0649,completed,1,0,37.848634,/home/hzw/Rethinking_GNN_DP/paper_experiments/figure3/figure3_pipeline3.yaml/dataset=ogbn-arxiv/feature=raw/mechanism=mbm/x_eps=0.1/m=best/norm=false/smoother=hoa/backbone=sage/use_nfr=true/logs/grid_candidate_0649_attempt_1.log,
grid_candidate_0648,grid,grid_candidate_0648,completed,1,0,41.575098,/home/hzw/Rethinking_GNN_DP/paper_experiments/figure3/figure3_pipeline3.yaml/dataset=ogbn-arxiv/feature=raw/mechanism=mbm/x_eps=0.1/m=best/norm=false/smoother=hoa/backbone=sage/use_nfr=true/logs/grid_candidate_0648_attempt_1.log,
grid_candidate_0657,grid,grid_candidate_0657,completed,1,0,34.206521,/home/hzw/Rethinking_GNN_DP/paper_experiments/figure3/figure3_pipeline3.yaml/dataset=ogbn-arxiv/feature=raw/mechanism=mbm/x_eps=0.1/m=best/norm=false/smoother=hoa/backbone=sage/use_nfr=true/logs/grid_candidate_0657_attempt_1.log,
grid_candidate_0659,grid,grid_candidate_0659,completed,1,0,30.915995,/home/hzw/Rethinking_GNN_DP/paper_experiments/figure3/figure3_pipeline3.yaml/dataset=ogbn-arxiv/feature=raw/mechanism=mbm/x_eps=0.1/m=best/norm=false/smoother=hoa/backbone=sage/use_nfr=true/logs/grid_candidate_0659_attempt_1.log,
grid_candidate_0650,grid,grid_candidate_0650,completed,1,0,44.759042,/home/hzw/Rethinking_GNN_DP/paper_experiments/figure3/figure3_pipeline3.yaml/dataset=ogbn-arxiv/feature=raw/mechanism=mbm/x_eps=0.1/m=best/norm=false/smoother=hoa/backbone=sage/use_nfr=true/logs/grid_candidate_0650_attempt_1.log,
grid_candidate_0651,grid,grid_candidate_0651,completed,1,0,44.783187,/home/hzw/Rethinking_GNN_DP/paper_experiments/figure3/figure3_pipeline3.yaml/dataset=ogbn-arxiv/feature=raw/mechanism=mbm/x_eps=0.1/m=best/norm=false/smoother=hoa/backbone=sage/use_nfr=true/logs/grid_candidate_0651_attempt_1.log,
grid_candidate_0660,grid,grid_candidate_0660,completed,1,0,35.139187,/home/hzw/Rethinking_GNN_DP/paper_experiments/figure3/figure3_pipeline3.yaml/dataset=ogbn-arxiv/feature=raw/mechanism=mbm/x_eps=0.1/m=best/norm=false/smoother=hoa/backbone=sage/use_nfr=true/logs/grid_candidate_0660_attempt_1.log,
grid_candidate_0653,grid,grid_candidate_0653,completed,1,0,42.779498,/home/hzw/Rethinking_GNN_DP/paper_experiments/figure3/figure3_pipeline3.yaml/dataset=ogbn-arxiv/feature=raw/mechanism=mbm/x_eps=0.1/m=best/norm=false/smoother=hoa/backbone=sage/use_nfr=true/logs/grid_candidate_0653_attempt_1.log,
grid_candidate_0652,grid,grid_candidate_0652,completed,1,0,43.552402,/home/hzw/Rethinking_GNN_DP/paper_experiments/figure3/figure3_pipeline3.yaml/dataset=ogbn-arxiv/feature=raw/mechanism=mbm/x_eps=0.1/m=best/norm=false/smoother=hoa/backbone=sage/use_nfr=true/logs/grid_candidate_0652_attempt_1.log,
grid_candidate_0661,grid,grid_candidate_0661,completed,1,0,35.819646,/home/hzw/Rethinking_GNN_DP/paper_experiments/figure3/figure3_pipeline3.yaml/dataset=ogbn-arxiv/feature=raw/mechanism=mbm/x_eps=0.1/m=best/norm=false/smoother=hoa/backbone=sage/use_nfr=true/logs/grid_candidate_0661_attempt_1.log,
grid_candidate_0654,grid,grid_candidate_0654,completed,1,0,43.819902,/home/hzw/Rethinking_GNN_DP/paper_experiments/figure3/figure3_pipeline3.yaml/dataset=ogbn-arxiv/feature=raw/mechanism=mbm/x_eps=0.1/m=best/norm=false/smoother=hoa/backbone=sage/use_nfr=true/logs/grid_candidate_0654_attempt_1.log,
grid_candidate_0662,grid,grid_candidate_0662,completed,1,0,38.776718,/home/hzw/Rethinking_GNN_DP/paper_experiments/figure3/figure3_pipeline3.yaml/dataset=ogbn-arxiv/feature=raw/mechanism=mbm/x_eps=0.1/m=best/norm=false/smoother=hoa/backbone=sage/use_nfr=true/logs/grid_candidate_0662_attempt_1.log,
grid_candidate_0658,grid,grid_candidate_0658,completed,1,0,44.695517,/home/hzw/Rethinking_GNN_DP/paper_experiments/figure3/figure3_pipeline3.yaml/dataset=ogbn-arxiv/feature=raw/mechanism=mbm/x_eps=0.1/m=best/norm=false/smoother=hoa/backbone=sage/use_nfr=true/logs/grid_candidate_0658_attempt_1.log,
grid_candidate_0655,grid,grid_candidate_0655,completed,1,0,51.406620,/home/hzw/Rethinking_GNN_DP/paper_experiments/figure3/figure3_pipeline3.yaml/dataset=ogbn-arxiv/feature=raw/mechanism=mbm/x_eps=0.1/m=best/norm=false/smoother=hoa/backbone=sage/use_nfr=true/logs/grid_candidate_0655_attempt_1.log,
grid_candidate_0656,grid,grid_candidate_0656,completed,1,0,50.569225,/home/hzw/Rethinking_GNN_DP/paper_experiments/figure3/figure3_pipeline3.yaml/dataset=ogbn-arxiv/feature=raw/mechanism=mbm/x_eps=0.1/m=best/norm=false/smoother=hoa/backbone=sage/use_nfr=true/logs/grid_candidate_0656_attempt_1.log,
grid_candidate_0664,grid,grid_candidate_0664,completed,1,0,40.151967,/home/hzw/Rethinking_GNN_DP/paper_experiments/figure3/figure3_pipeline3.yaml/dataset=ogbn-arxiv/feature=raw/mechanism=mbm/x_eps=0.1/m=best/norm=false/smoother=hoa/backbone=sage/use_nfr=true/logs/grid_candidate_0664_attempt_1.log,
grid_candidate_0663,grid,grid_candidate_0663,completed,1,0,43.427472,/home/hzw/Rethinking_GNN_DP/paper_experiments/figure3/figure3_pipeline3.yaml/dataset=ogbn-arxiv/feature=raw/mechanism=mbm/x_eps=0.1/m=best/norm=false/smoother=hoa/backbone=sage/use_nfr=true/logs/grid_candidate_0663_attempt_1.log,
grid_candidate_0665,grid,grid_candidate_0665,completed,1,0,43.201248,/home/hzw/Rethinking_GNN_DP/paper_experiments/figure3/figure3_pipeline3.yaml/dataset=ogbn-arxiv/feature=raw/mechanism=mbm/x_eps=0.1/m=best/norm=false/smoother=hoa/backbone=sage/use_nfr=true/logs/grid_candidate_0665_attempt_1.log,
grid_candidate_0667,grid,grid_candidate_0667,completed,1,0,42.380636,/home/hzw/Rethinking_GNN_DP/paper_experiments/figure3/figure3_pipeline3.yaml/dataset=ogbn-arxiv/feature=raw/mechanism=mbm/x_eps=0.1/m=best/norm=false/smoother=hoa/backbone=sage/use_nfr=true/logs/grid_candidate_0667_attempt_1.log,
grid_candidate_0666,grid,grid_candidate_0666,completed,1,0,46.008059,/home/hzw/Rethinking_GNN_DP/paper_experiments/figure3/figure3_pipeline3.yaml/dataset=ogbn-arxiv/feature=raw/mechanism=mbm/x_eps=0.1/m=best/norm=false/smoother=hoa/backbone=sage/use_nfr=true/logs/grid_candidate_0666_attempt_1.log,
grid_candidate_0668,grid,grid_candidate_0668,completed,1,0,45.004944,/home/hzw/Rethinking_GNN_DP/paper_experiments/figure3/figure3_pipeline3.yaml/dataset=ogbn-arxiv/feature=raw/mechanism=mbm/x_eps=0.1/m=best/norm=false/smoother=hoa/backbone=sage/use_nfr=true/logs/grid_candidate_0668_attempt_1.log,
grid_candidate_0670,grid,grid_candidate_0670,completed,1,0,41.725050,/home/hzw/Rethinking_GNN_DP/paper_experiments/figure3/figure3_pipeline3.yaml/dataset=ogbn-arxiv/feature=raw/mechanism=mbm/x_eps=0.1/m=best/norm=false/smoother=hoa/backbone=sage/use_nfr=true/logs/grid_candidate_0670_attempt_1.log,
grid_candidate_0673,grid,grid_candidate_0673,completed,1,0,41.150801,/home/hzw/Rethinking_GNN_DP/paper_experiments/figure3/figure3_pipeline3.yaml/dataset=ogbn-arxiv/feature=raw/mechanism=mbm/x_eps=0.1/m=best/norm=false/smoother=hoa/backbone=sage/use_nfr=true/logs/grid_candidate_0673_attempt_1.log,
grid_candidate_0672,grid,grid_candidate_0672,completed,1,0,45.962647,/home/hzw/Rethinking_GNN_DP/paper_experiments/figure3/figure3_pipeline3.yaml/dataset=ogbn-arxiv/feature=raw/mechanism=mbm/x_eps=0.1/m=best/norm=false/smoother=hoa/backbone=sage/use_nfr=true/logs/grid_candidate_0672_attempt_1.log,
grid_candidate_0671,grid,grid_candidate_0671,completed,1,0,47.396353,/home/hzw/Rethinking_GNN_DP/paper_experiments/figure3/figure3_pipeline3.yaml/dataset=ogbn-arxiv/feature=raw/mechanism=mbm/x_eps=0.1/m=best/norm=false/smoother=hoa/backbone=sage/use_nfr=true/logs/grid_candidate_0671_attempt_1.log,
grid_candidate_0674,grid,grid_candidate_0674,completed,1,0,45.343872,/home/hzw/Rethinking_GNN_DP/paper_experiments/figure3/figure3_pipeline3.yaml/dataset=ogbn-arxiv/feature=raw/mechanism=mbm/x_eps=0.1/m=best/norm=false/smoother=hoa/backbone=sage/use_nfr=true/logs/grid_candidate_0674_attempt_1.log,
grid_candidate_0669,grid,grid_candidate_0669,completed,1,0,50.643967,/home/hzw/Rethinking_GNN_DP/paper_experiments/figure3/figure3_pipeline3.yaml/dataset=ogbn-arxiv/feature=raw/mechanism=mbm/x_eps=0.1/m=best/norm=false/smoother=hoa/backbone=sage/use_nfr=true/logs/grid_candidate_0669_attempt_1.log,
grid_candidate_0675,grid,grid_candidate_0675,completed,1,0,47.873648,/home/hzw/Rethinking_GNN_DP/paper_experiments/figure3/figure3_pipeline3.yaml/dataset=ogbn-arxiv/feature=raw/mechanism=mbm/x_eps=0.1/m=best/norm=false/smoother=hoa/backbone=sage/use_nfr=true/logs/grid_candidate_0675_attempt_1.log,
grid_candidate_0676,grid,grid_candidate_0676,completed,1,0,48.354352,/home/hzw/Rethinking_GNN_DP/paper_experiments/figure3/figure3_pipeline3.yaml/dataset=ogbn-arxiv/feature=raw/mechanism=mbm/x_eps=0.1/m=best/norm=false/smoother=hoa/backbone=sage/use_nfr=true/logs/grid_candidate_0676_attempt_1.log,
grid_candidate_0677,grid,grid_candidate_0677,completed,1,0,49.185839,/home/hzw/Rethinking_GNN_DP/paper_experiments/figure3/figure3_pipeline3.yaml/dataset=ogbn-arxiv/feature=raw/mechanism=mbm/x_eps=0.1/m=best/norm=false/smoother=hoa/backbone=sage/use_nfr=true/logs/grid_candidate_0677_attempt_1.log,
grid_candidate_0679,grid,grid_candidate_0679,completed,1,0,47.874485,/home/hzw/Rethinking_GNN_DP/paper_experiments/figure3/figure3_pipeline3.yaml/dataset=ogbn-arxiv/feature=raw/mechanism=mbm/x_eps=0.1/m=best/norm=false/smoother=hoa/backbone=sage/use_nfr=true/logs/grid_candidate_0679_attempt_1.log,
grid_candidate_0678,grid,grid_candidate_0678,completed,1,0,48.989647,/home/hzw/Rethinking_GNN_DP/paper_experiments/figure3/figure3_pipeline3.yaml/dataset=ogbn-arxiv/feature=raw/mechanism=mbm/x_eps=0.1/m=best/norm=false/smoother=hoa/backbone=sage/use_nfr=true/logs/grid_candidate_0678_attempt_1.log,
grid_candidate_0683,grid,grid_candidate_0683,completed,1,0,47.946045,/home/hzw/Rethinking_GNN_DP/paper_experiments/figure3/figure3_pipeline3.yaml/dataset=ogbn-arxiv/feature=raw/mechanism=mbm/x_eps=0.1/m=best/norm=false/smoother=hoa/backbone=sage/use_nfr=true/logs/grid_candidate_0683_attempt_1.log,
grid_candidate_0685,grid,grid_candidate_0685,completed,1,0,47.739008,/home/hzw/Rethinking_GNN_DP/paper_experiments/figure3/figure3_pipeline3.yaml/dataset=ogbn-arxiv/feature=raw/mechanism=mbm/x_eps=0.1/m=best/norm=false/smoother=hoa/backbone=sage/use_nfr=true/logs/grid_candidate_0685_attempt_1.log,
grid_candidate_0684,grid,grid_candidate_0684,completed,1,0,49.870264,/home/hzw/Rethinking_GNN_DP/paper_experiments/figure3/figure3_pipeline3.yaml/dataset=ogbn-arxiv/feature=raw/mechanism=mbm/x_eps=0.1/m=best/norm=false/smoother=hoa/backbone=sage/use_nfr=true/logs/grid_candidate_0684_attempt_1.log,
grid_candidate_0680,grid,grid_candidate_0680,completed,1,0,54.273786,/home/hzw/Rethinking_GNN_DP/paper_experiments/figure3/figure3_pipeline3.yaml/dataset=ogbn-arxiv/feature=raw/mechanism=mbm/x_eps=0.1/m=best/norm=false/smoother=hoa/backbone=sage/use_nfr=true/logs/grid_candidate_0680_attempt_1.log,
grid_candidate_0681,grid,grid_candidate_0681,completed,1,0,53.562452,/home/hzw/Rethinking_GNN_DP/paper_experiments/figure3/figure3_pipeline3.yaml/dataset=ogbn-arxiv/feature=raw/mechanism=mbm/x_eps=0.1/m=best/norm=false/smoother=hoa/backbone=sage/use_nfr=true/logs/grid_candidate_0681_attempt_1.log,
grid_candidate_0682,grid,grid_candidate_0682,completed,1,0,54.138852,/home/hzw/Rethinking_GNN_DP/paper_experiments/figure3/figure3_pipeline3.yaml/dataset=ogbn-arxiv/feature=raw/mechanism=mbm/x_eps=0.1/m=best/norm=false/smoother=hoa/backbone=sage/use_nfr=true/logs/grid_candidate_0682_attempt_1.log,
grid_candidate_0686,grid,grid_candidate_0686,completed,1,0,48.755802,/home/hzw/Rethinking_GNN_DP/paper_experiments/figure3/figure3_pipeline3.yaml/dataset=ogbn-arxiv/feature=raw/mechanism=mbm/x_eps=0.1/m=best/norm=false/smoother=hoa/backbone=sage/use_nfr=true/logs/grid_candidate_0686_attempt_1.log,
grid_candidate_0688,grid,grid_candidate_0688,completed,1,0,45.002505,/home/hzw/Rethinking_GNN_DP/paper_experiments/figure3/figure3_pipeline3.yaml/dataset=ogbn-arxiv/feature=raw/mechanism=mbm/x_eps=0.1/m=best/norm=false/smoother=hoa/backbone=sage/use_nfr=true/logs/grid_candidate_0688_attempt_1.log,
grid_candidate_0693,grid,grid_candidate_0693,completed,1,0,43.821740,/home/hzw/Rethinking_GNN_DP/paper_experiments/figure3/figure3_pipeline3.yaml/dataset=ogbn-arxiv/feature=raw/mechanism=mbm/x_eps=0.1/m=best/norm=false/smoother=hoa/backbone=sage/use_nfr=true/logs/grid_candidate_0693_attempt_1.log,
grid_candidate_0699,grid,grid_candidate_0699,completed,1,0,33.878337,/home/hzw/Rethinking_GNN_DP/paper_experiments/figure3/figure3_pipeline3.yaml/dataset=ogbn-arxiv/feature=raw/mechanism=mbm/x_eps=0.1/m=best/norm=false/smoother=hoa/backbone=sage/use_nfr=true/logs/grid_candidate_0699_attempt_1.log,
grid_candidate_0687,grid,grid_candidate_0687,completed,1,0,51.459715,/home/hzw/Rethinking_GNN_DP/paper_experiments/figure3/figure3_pipeline3.yaml/dataset=ogbn-arxiv/feature=raw/mechanism=mbm/x_eps=0.1/m=best/norm=false/smoother=hoa/backbone=sage/use_nfr=true/logs/grid_candidate_0687_attempt_1.log,
grid_candidate_0691,grid,grid_candidate_0691,completed,1,0,46.877677,/home/hzw/Rethinking_GNN_DP/paper_experiments/figure3/figure3_pipeline3.yaml/dataset=ogbn-arxiv/feature=raw/mechanism=mbm/x_eps=0.1/m=best/norm=false/smoother=hoa/backbone=sage/use_nfr=true/logs/grid_candidate_0691_attempt_1.log,
grid_candidate_0692,grid,grid_candidate_0692,completed,1,0,47.361118,/home/hzw/Rethinking_GNN_DP/paper_experiments/figure3/figure3_pipeline3.yaml/dataset=ogbn-arxiv/feature=raw/mechanism=mbm/x_eps=0.1/m=best/norm=false/smoother=hoa/backbone=sage/use_nfr=true/logs/grid_candidate_0692_attempt_1.log,
grid_candidate_0689,grid,grid_candidate_0689,completed,1,0,48.424181,/home/hzw/Rethinking_GNN_DP/paper_experiments/figure3/figure3_pipeline3.yaml/dataset=ogbn-arxiv/feature=raw/mechanism=mbm/x_eps=0.1/m=best/norm=false/smoother=hoa/backbone=sage/use_nfr=true/logs/grid_candidate_0689_attempt_1.log,
grid_candidate_0690,grid,grid_candidate_0690,completed,1,0,49.761860,/home/hzw/Rethinking_GNN_DP/paper_experiments/figure3/figure3_pipeline3.yaml/dataset=ogbn-arxiv/feature=raw/mechanism=mbm/x_eps=0.1/m=best/norm=false/smoother=hoa/backbone=sage/use_nfr=true/logs/grid_candidate_0690_attempt_1.log,
grid_candidate_0694,grid,grid_candidate_0694,completed,1,0,50.311000,/home/hzw/Rethinking_GNN_DP/paper_experiments/figure3/figure3_pipeline3.yaml/dataset=ogbn-arxiv/feature=raw/mechanism=mbm/x_eps=0.1/m=best/norm=false/smoother=hoa/backbone=sage/use_nfr=true/logs/grid_candidate_0694_attempt_1.log,
grid_candidate_0695,grid,grid_candidate_0695,completed,1,0,46.937859,/home/hzw/Rethinking_GNN_DP/paper_experiments/figure3/figure3_pipeline3.yaml/dataset=ogbn-arxiv/feature=raw/mechanism=mbm/x_eps=0.1/m=best/norm=false/smoother=hoa/backbone=sage/use_nfr=true/logs/grid_candidate_0695_attempt_1.log,
grid_candidate_0701,grid,grid_candidate_0701,completed,1,0,38.013180,/home/hzw/Rethinking_GNN_DP/paper_experiments/figure3/figure3_pipeline3.yaml/dataset=ogbn-arxiv/feature=raw/mechanism=mbm/x_eps=0.1/m=best/norm=false/smoother=hoa/backbone=sage/use_nfr=true/logs/grid_candidate_0701_attempt_1.log,
grid_candidate_0696,grid,grid_candidate_0696,completed,1,0,46.308857,/home/hzw/Rethinking_GNN_DP/paper_experiments/figure3/figure3_pipeline3.yaml/dataset=ogbn-arxiv/feature=raw/mechanism=mbm/x_eps=0.1/m=best/norm=false/smoother=hoa/backbone=sage/use_nfr=true/logs/grid_candidate_0696_attempt_1.log,
grid_candidate_0700,grid,grid_candidate_0700,completed,1,0,44.703945,/home/hzw/Rethinking_GNN_DP/paper_experiments/figure3/figure3_pipeline3.yaml/dataset=ogbn-arxiv/feature=raw/mechanism=mbm/x_eps=0.1/m=best/norm=false/smoother=hoa/backbone=sage/use_nfr=true/logs/grid_candidate_0700_attempt_1.log,
grid_candidate_0697,grid,grid_candidate_0697,completed,1,0,47.875215,/home/hzw/Rethinking_GNN_DP/paper_experiments/figure3/figure3_pipeline3.yaml/dataset=ogbn-arxiv/feature=raw/mechanism=mbm/x_eps=0.1/m=best/norm=false/smoother=hoa/backbone=sage/use_nfr=true/logs/grid_candidate_0697_attempt_1.log,
grid_candidate_0703,grid,grid_candidate_0703,completed,1,0,39.296219,/home/hzw/Rethinking_GNN_DP/paper_experiments/figure3/figure3_pipeline3.yaml/dataset=ogbn-arxiv/feature=raw/mechanism=mbm/x_eps=0.1/m=best/norm=false/smoother=hoa/backbone=sage/use_nfr=true/logs/grid_candidate_0703_attempt_1.log,
grid_candidate_0702,grid,grid_candidate_0702,completed,1,0,43.356083,/home/hzw/Rethinking_GNN_DP/paper_experiments/figure3/figure3_pipeline3.yaml/dataset=ogbn-arxiv/feature=raw/mechanism=mbm/x_eps=0.1/m=best/norm=false/smoother=hoa/backbone=sage/use_nfr=true/logs/grid_candidate_0702_attempt_1.log,
grid_candidate_0698,grid,grid_candidate_0698,completed,1,0,49.415656,/home/hzw/Rethinking_GNN_DP/paper_experiments/figure3/figure3_pipeline3.yaml/dataset=ogbn-arxiv/feature=raw/mechanism=mbm/x_eps=0.1/m=best/norm=false/smoother=hoa/backbone=sage/use_nfr=true/logs/grid_candidate_0698_attempt_1.log,
grid_candidate_0708,grid,grid_candidate_0708,completed,1,0,32.422935,/home/hzw/Rethinking_GNN_DP/paper_experiments/figure3/figure3_pipeline3.yaml/dataset=ogbn-arxiv/feature=raw/mechanism=mbm/x_eps=0.1/m=best/norm=false/smoother=hoa/backbone=sage/use_nfr=true/logs/grid_candidate_0708_attempt_1.log,
grid_candidate_0709,grid,grid_candidate_0709,completed,1,0,32.376443,/home/hzw/Rethinking_GNN_DP/paper_experiments/figure3/figure3_pipeline3.yaml/dataset=ogbn-arxiv/feature=raw/mechanism=mbm/x_eps=0.1/m=best/norm=false/smoother=hoa/backbone=sage/use_nfr=true/logs/grid_candidate_0709_attempt_1.log,
grid_candidate_0704,grid,grid_candidate_0704,completed,1,0,41.137166,/home/hzw/Rethinking_GNN_DP/paper_experiments/figure3/figure3_pipeline3.yaml/dataset=ogbn-arxiv/feature=raw/mechanism=mbm/x_eps=0.1/m=best/norm=false/smoother=hoa/backbone=sage/use_nfr=true/logs/grid_candidate_0704_attempt_1.log,
grid_candidate_0706,grid,grid_candidate_0706,completed,1,0,41.323789,/home/hzw/Rethinking_GNN_DP/paper_experiments/figure3/figure3_pipeline3.yaml/dataset=ogbn-arxiv/feature=raw/mechanism=mbm/x_eps=0.1/m=best/norm=false/smoother=hoa/backbone=sage/use_nfr=true/logs/grid_candidate_0706_attempt_1.log,
grid_candidate_0705,grid,grid_candidate_0705,completed,1,0,43.897216,/home/hzw/Rethinking_GNN_DP/paper_experiments/figure3/figure3_pipeline3.yaml/dataset=ogbn-arxiv/feature=raw/mechanism=mbm/x_eps=0.1/m=best/norm=false/smoother=hoa/backbone=sage/use_nfr=true/logs/grid_candidate_0705_attempt_1.log,
grid_candidate_0707,grid,grid_candidate_0707,completed,1,0,42.980097,/home/hzw/Rethinking_GNN_DP/paper_experiments/figure3/figure3_pipeline3.yaml/dataset=ogbn-arxiv/feature=raw/mechanism=mbm/x_eps=0.1/m=best/norm=false/smoother=hoa/backbone=sage/use_nfr=true/logs/grid_candidate_0707_attempt_1.log,
grid_candidate_0711,grid,grid_candidate_0711,completed,1,0,39.179734,/home/hzw/Rethinking_GNN_DP/paper_experiments/figure3/figure3_pipeline3.yaml/dataset=ogbn-arxiv/feature=raw/mechanism=mbm/x_eps=0.1/m=best/norm=false/smoother=hoa/backbone=sage/use_nfr=true/logs/grid_candidate_0711_attempt_1.log,
grid_candidate_0710,grid,grid_candidate_0710,completed,1,0,42.424715,/home/hzw/Rethinking_GNN_DP/paper_experiments/figure3/figure3_pipeline3.yaml/dataset=ogbn-arxiv/feature=raw/mechanism=mbm/x_eps=0.1/m=best/norm=false/smoother=hoa/backbone=sage/use_nfr=true/logs/grid_candidate_0710_attempt_1.log,
grid_candidate_0712,grid,grid_candidate_0712,completed,1,0,40.171642,/home/hzw/Rethinking_GNN_DP/paper_experiments/figure3/figure3_pipeline3.yaml/dataset=ogbn-arxiv/feature=raw/mechanism=mbm/x_eps=0.1/m=best/norm=false/smoother=hoa/backbone=sage/use_nfr=true/logs/grid_candidate_0712_attempt_1.log,
grid_candidate_0722,grid,grid_candidate_0722,completed,1,0,31.930655,/home/hzw/Rethinking_GNN_DP/paper_experiments/figure3/figure3_pipeline3.yaml/dataset=ogbn-arxiv/feature=raw/mechanism=mbm/x_eps=0.1/m=best/norm=false/smoother=hoa/backbone=sage/use_nfr=true/logs/grid_candidate_0722_attempt_1.log,
grid_candidate_0715,grid,grid_candidate_0715,completed,1,0,42.227641,/home/hzw/Rethinking_GNN_DP/paper_experiments/figure3/figure3_pipeline3.yaml/dataset=ogbn-arxiv/feature=raw/mechanism=mbm/x_eps=0.1/m=best/norm=false/smoother=hoa/backbone=sage/use_nfr=true/logs/grid_candidate_0715_attempt_1.log,
grid_candidate_0714,grid,grid_candidate_0714,completed,1,0,42.760090,/home/hzw/Rethinking_GNN_DP/paper_experiments/figure3/figure3_pipeline3.yaml/dataset=ogbn-arxiv/feature=raw/mechanism=mbm/x_eps=0.1/m=best/norm=false/smoother=hoa/backbone=sage/use_nfr=true/logs/grid_candidate_0714_attempt_1.log,
grid_candidate_0723,grid,grid_candidate_0723,completed,1,0,32.888477,/home/hzw/Rethinking_GNN_DP/paper_experiments/figure3/figure3_pipeline3.yaml/dataset=ogbn-arxiv/feature=raw/mechanism=mbm/x_eps=0.1/m=best/norm=false/smoother=hoa/backbone=sage/use_nfr=true/logs/grid_candidate_0723_attempt_1.log,
grid_candidate_0726,grid,grid_candidate_0726,completed,1,0,31.472725,/home/hzw/Rethinking_GNN_DP/paper_experiments/figure3/figure3_pipeline3.yaml/dataset=ogbn-arxiv/feature=raw/mechanism=mbm/x_eps=0.1/m=best/norm=false/smoother=hoa/backbone=sage/use_nfr=true/logs/grid_candidate_0726_attempt_1.log,
grid_candidate_0713,grid,grid_candidate_0713,completed,1,0,44.521808,/home/hzw/Rethinking_GNN_DP/paper_experiments/figure3/figure3_pipeline3.yaml/dataset=ogbn-arxiv/feature=raw/mechanism=mbm/x_eps=0.1/m=best/norm=false/smoother=hoa/backbone=sage/use_nfr=true/logs/grid_candidate_0713_attempt_1.log,
grid_candidate_0716,grid,grid_candidate_0716,completed,1,0,43.657396,/home/hzw/Rethinking_GNN_DP/paper_experiments/figure3/figure3_pipeline3.yaml/dataset=ogbn-arxiv/feature=raw/mechanism=mbm/x_eps=0.1/m=best/norm=false/smoother=hoa/backbone=sage/use_nfr=true/logs/grid_candidate_0716_attempt_1.log,
grid_candidate_0717,grid,grid_candidate_0717,completed,1,0,44.221592,/home/hzw/Rethinking_GNN_DP/paper_experiments/figure3/figure3_pipeline3.yaml/dataset=ogbn-arxiv/feature=raw/mechanism=mbm/x_eps=0.1/m=best/norm=false/smoother=hoa/backbone=sage/use_nfr=true/logs/grid_candidate_0717_attempt_1.log,
grid_candidate_0720,grid,grid_candidate_0720,completed,1,0,44.115545,/home/hzw/Rethinking_GNN_DP/paper_experiments/figure3/figure3_pipeline3.yaml/dataset=ogbn-arxiv/feature=raw/mechanism=mbm/x_eps=0.1/m=best/norm=false/smoother=hoa/backbone=sage/use_nfr=true/logs/grid_candidate_0720_attempt_1.log,
grid_candidate_0719,grid,grid_candidate_0719,completed,1,0,44.494887,/home/hzw/Rethinking_GNN_DP/paper_experiments/figure3/figure3_pipeline3.yaml/dataset=ogbn-arxiv/feature=raw/mechanism=mbm/x_eps=0.1/m=best/norm=false/smoother=hoa/backbone=sage/use_nfr=true/logs/grid_candidate_0719_attempt_1.log,
grid_candidate_0731,grid,grid_candidate_0731,completed,1,0,33.158952,/home/hzw/Rethinking_GNN_DP/paper_experiments/figure3/figure3_pipeline3.yaml/dataset=ogbn-arxiv/feature=raw/mechanism=mbm/x_eps=0.1/m=best/norm=false/smoother=hoa/backbone=sage/use_nfr=true/logs/grid_candidate_0731_attempt_1.log,
grid_candidate_0718,grid,grid_candidate_0718,completed,1,0,46.694935,/home/hzw/Rethinking_GNN_DP/paper_experiments/figure3/figure3_pipeline3.yaml/dataset=ogbn-arxiv/feature=raw/mechanism=mbm/x_eps=0.1/m=best/norm=false/smoother=hoa/backbone=sage/use_nfr=true/logs/grid_candidate_0718_attempt_1.log,
grid_candidate_0725,grid,grid_candidate_0725,completed,1,0,42.480710,/home/hzw/Rethinking_GNN_DP/paper_experiments/figure3/figure3_pipeline3.yaml/dataset=ogbn-arxiv/feature=raw/mechanism=mbm/x_eps=0.1/m=best/norm=false/smoother=hoa/backbone=sage/use_nfr=true/logs/grid_candidate_0725_attempt_1.log,
grid_candidate_0724,grid,grid_candidate_0724,completed,1,0,43.368067,/home/hzw/Rethinking_GNN_DP/paper_experiments/figure3/figure3_pipeline3.yaml/dataset=ogbn-arxiv/feature=raw/mechanism=mbm/x_eps=0.1/m=best/norm=false/smoother=hoa/backbone=sage/use_nfr=true/logs/grid_candidate_0724_attempt_1.log,
grid_candidate_0727,grid,grid_candidate_0727,completed,1,0,42.051320,/home/hzw/Rethinking_GNN_DP/paper_experiments/figure3/figure3_pipeline3.yaml/dataset=ogbn-arxiv/feature=raw/mechanism=mbm/x_eps=0.1/m=best/norm=false/smoother=hoa/backbone=sage/use_nfr=true/logs/grid_candidate_0727_attempt_1.log,
grid_candidate_0733,grid,grid_candidate_0733,completed,1,0,35.755040,/home/hzw/Rethinking_GNN_DP/paper_experiments/figure3/figure3_pipeline3.yaml/dataset=ogbn-arxiv/feature=raw/mechanism=mbm/x_eps=0.1/m=best/norm=false/smoother=hoa/backbone=sage/use_nfr=true/logs/grid_candidate_0733_attempt_1.log,
grid_candidate_0721,grid,grid_candidate_0721,completed,1,0,47.428498,/home/hzw/Rethinking_GNN_DP/paper_experiments/figure3/figure3_pipeline3.yaml/dataset=ogbn-arxiv/feature=raw/mechanism=mbm/x_eps=0.1/m=best/norm=false/smoother=hoa/backbone=sage/use_nfr=true/logs/grid_candidate_0721_attempt_1.log,
grid_candidate_0728,grid,grid_candidate_0728,completed,1,0,44.835249,/home/hzw/Rethinking_GNN_DP/paper_experiments/figure3/figure3_pipeline3.yaml/dataset=ogbn-arxiv/feature=raw/mechanism=mbm/x_eps=0.1/m=best/norm=false/smoother=hoa/backbone=sage/use_nfr=true/logs/grid_candidate_0728_attempt_1.log,
grid_candidate_0729,grid,grid_candidate_0729,completed,1,0,45.514549,/home/hzw/Rethinking_GNN_DP/paper_experiments/figure3/figure3_pipeline3.yaml/dataset=ogbn-arxiv/feature=raw/mechanism=mbm/x_eps=0.1/m=best/norm=false/smoother=hoa/backbone=sage/use_nfr=true/logs/grid_candidate_0729_attempt_1.log,
grid_candidate_0730,grid,grid_candidate_0730,completed,1,0,45.089982,/home/hzw/Rethinking_GNN_DP/paper_experiments/figure3/figure3_pipeline3.yaml/dataset=ogbn-arxiv/feature=raw/mechanism=mbm/x_eps=0.1/m=best/norm=false/smoother=hoa/backbone=sage/use_nfr=true/logs/grid_candidate_0730_attempt_1.log,
grid_candidate_0734,grid,grid_candidate_0734,completed,1,0,43.827926,/home/hzw/Rethinking_GNN_DP/paper_experiments/figure3/figure3_pipeline3.yaml/dataset=ogbn-arxiv/feature=raw/mechanism=mbm/x_eps=0.1/m=best/norm=false/smoother=hoa/backbone=sage/use_nfr=true/logs/grid_candidate_0734_attempt_1.log,
grid_candidate_0743,grid,grid_candidate_0743,completed,1,0,35.066467,/home/hzw/Rethinking_GNN_DP/paper_experiments/figure3/figure3_pipeline3.yaml/dataset=ogbn-arxiv/feature=raw/mechanism=mbm/x_eps=0.1/m=best/norm=false/smoother=hoa/backbone=sage/use_nfr=true/logs/grid_candidate_0743_attempt_1.log,
grid_candidate_0732,grid,grid_candidate_0732,completed,1,0,47.551319,/home/hzw/Rethinking_GNN_DP/paper_experiments/figure3/figure3_pipeline3.yaml/dataset=ogbn-arxiv/feature=raw/mechanism=mbm/x_eps=0.1/m=best/norm=false/smoother=hoa/backbone=sage/use_nfr=true/logs/grid_candidate_0732_attempt_1.log,
grid_candidate_0738,grid,grid_candidate_0738,completed,1,0,47.210319,/home/hzw/Rethinking_GNN_DP/paper_experiments/figure3/figure3_pipeline3.yaml/dataset=ogbn-arxiv/feature=raw/mechanism=mbm/x_eps=0.1/m=best/norm=false/smoother=hoa/backbone=sage/use_nfr=true/logs/grid_candidate_0738_attempt_1.log,
grid_candidate_0735,grid,grid_candidate_0735,completed,1,0,50.813514,/home/hzw/Rethinking_GNN_DP/paper_experiments/figure3/figure3_pipeline3.yaml/dataset=ogbn-arxiv/feature=raw/mechanism=mbm/x_eps=0.1/m=best/norm=false/smoother=hoa/backbone=sage/use_nfr=true/logs/grid_candidate_0735_attempt_1.log,
grid_candidate_0742,grid,grid_candidate_0742,completed,1,0,45.618156,/home/hzw/Rethinking_GNN_DP/paper_experiments/figure3/figure3_pipeline3.yaml/dataset=ogbn-arxiv/feature=raw/mechanism=mbm/x_eps=0.1/m=best/norm=false/smoother=hoa/backbone=sage/use_nfr=true/logs/grid_candidate_0742_attempt_1.log,
grid_candidate_0737,grid,grid_candidate_0737,completed,1,0,49.728854,/home/hzw/Rethinking_GNN_DP/paper_experiments/figure3/figure3_pipeline3.yaml/dataset=ogbn-arxiv/feature=raw/mechanism=mbm/x_eps=0.1/m=best/norm=false/smoother=hoa/backbone=sage/use_nfr=true/logs/grid_candidate_0737_attempt_1.log,
grid_candidate_0744,grid,grid_candidate_0744,completed,1,0,44.498757,/home/hzw/Rethinking_GNN_DP/paper_experiments/figure3/figure3_pipeline3.yaml/dataset=ogbn-arxiv/feature=raw/mechanism=mbm/x_eps=0.1/m=best/norm=false/smoother=hoa/backbone=sage/use_nfr=true/logs/grid_candidate_0744_attempt_1.log,
grid_candidate_0741,grid,grid_candidate_0741,completed,1,0,50.238174,/home/hzw/Rethinking_GNN_DP/paper_experiments/figure3/figure3_pipeline3.yaml/dataset=ogbn-arxiv/feature=raw/mechanism=mbm/x_eps=0.1/m=best/norm=false/smoother=hoa/backbone=sage/use_nfr=true/logs/grid_candidate_0741_attempt_1.log,
grid_candidate_0745,grid,grid_candidate_0745,completed,1,0,40.832631,/home/hzw/Rethinking_GNN_DP/paper_experiments/figure3/figure3_pipeline3.yaml/dataset=ogbn-arxiv/feature=raw/mechanism=mbm/x_eps=0.1/m=best/norm=false/smoother=hoa/backbone=sage/use_nfr=true/logs/grid_candidate_0745_attempt_1.log,
grid_candidate_0740,grid,grid_candidate_0740,completed,1,0,51.072137,/home/hzw/Rethinking_GNN_DP/paper_experiments/figure3/figure3_pipeline3.yaml/dataset=ogbn-arxiv/feature=raw/mechanism=mbm/x_eps=0.1/m=best/norm=false/smoother=hoa/backbone=sage/use_nfr=true/logs/grid_candidate_0740_attempt_1.log,
grid_candidate_0736,grid,grid_candidate_0736,completed,1,0,53.838527,/home/hzw/Rethinking_GNN_DP/paper_experiments/figure3/figure3_pipeline3.yaml/dataset=ogbn-arxiv/feature=raw/mechanism=mbm/x_eps=0.1/m=best/norm=false/smoother=hoa/backbone=sage/use_nfr=true/logs/grid_candidate_0736_attempt_1.log,
grid_candidate_0746,grid,grid_candidate_0746,completed,1,0,42.995507,/home/hzw/Rethinking_GNN_DP/paper_experiments/figure3/figure3_pipeline3.yaml/dataset=ogbn-arxiv/feature=raw/mechanism=mbm/x_eps=0.1/m=best/norm=false/smoother=hoa/backbone=sage/use_nfr=true/logs/grid_candidate_0746_attempt_1.log,
grid_candidate_0739,grid,grid_candidate_0739,completed,1,0,56.957327,/home/hzw/Rethinking_GNN_DP/paper_experiments/figure3/figure3_pipeline3.yaml/dataset=ogbn-arxiv/feature=raw/mechanism=mbm/x_eps=0.1/m=best/norm=false/smoother=hoa/backbone=sage/use_nfr=true/logs/grid_candidate_0739_attempt_1.log,
grid_candidate_0749,grid,grid_candidate_0749,completed,1,0,42.008812,/home/hzw/Rethinking_GNN_DP/paper_experiments/figure3/figure3_pipeline3.yaml/dataset=ogbn-arxiv/feature=raw/mechanism=mbm/x_eps=0.1/m=best/norm=false/smoother=hoa/backbone=sage/use_nfr=true/logs/grid_candidate_0749_attempt_1.log,
grid_candidate_0747,grid,grid_candidate_0747,completed,1,0,45.396916,/home/hzw/Rethinking_GNN_DP/paper_experiments/figure3/figure3_pipeline3.yaml/dataset=ogbn-arxiv/feature=raw/mechanism=mbm/x_eps=0.1/m=best/norm=false/smoother=hoa/backbone=sage/use_nfr=true/logs/grid_candidate_0747_attempt_1.log,
grid_candidate_0748,grid,grid_candidate_0748,completed,1,0,46.327238,/home/hzw/Rethinking_GNN_DP/paper_experiments/figure3/figure3_pipeline3.yaml/dataset=ogbn-arxiv/feature=raw/mechanism=mbm/x_eps=0.1/m=best/norm=false/smoother=hoa/backbone=sage/use_nfr=true/logs/grid_candidate_0748_attempt_1.log,
grid_candidate_0753,grid,grid_candidate_0753,completed,1,0,42.189672,/home/hzw/Rethinking_GNN_DP/paper_experiments/figure3/figure3_pipeline3.yaml/dataset=ogbn-arxiv/feature=raw/mechanism=mbm/x_eps=0.1/m=best/norm=false/smoother=hoa/backbone=sage/use_nfr=true/logs/grid_candidate_0753_attempt_1.log,
grid_candidate_0754,grid,grid_candidate_0754,completed,1,0,44.202497,/home/hzw/Rethinking_GNN_DP/paper_experiments/figure3/figure3_pipeline3.yaml/dataset=ogbn-arxiv/feature=raw/mechanism=mbm/x_eps=0.1/m=best/norm=false/smoother=hoa/backbone=sage/use_nfr=true/logs/grid_candidate_0754_attempt_1.log,
grid_candidate_0751,grid,grid_candidate_0751,completed,1,0,46.344642,/home/hzw/Rethinking_GNN_DP/paper_experiments/figure3/figure3_pipeline3.yaml/dataset=ogbn-arxiv/feature=raw/mechanism=mbm/x_eps=0.1/m=best/norm=false/smoother=hoa/backbone=sage/use_nfr=true/logs/grid_candidate_0751_attempt_1.log,
grid_candidate_0750,grid,grid_candidate_0750,completed,1,0,47.154743,/home/hzw/Rethinking_GNN_DP/paper_experiments/figure3/figure3_pipeline3.yaml/dataset=ogbn-arxiv/feature=raw/mechanism=mbm/x_eps=0.1/m=best/norm=false/smoother=hoa/backbone=sage/use_nfr=true/logs/grid_candidate_0750_attempt_1.log,
grid_candidate_0752,grid,grid_candidate_0752,completed,1,0,48.113677,/home/hzw/Rethinking_GNN_DP/paper_experiments/figure3/figure3_pipeline3.yaml/dataset=ogbn-arxiv/feature=raw/mechanism=mbm/x_eps=0.1/m=best/norm=false/smoother=hoa/backbone=sage/use_nfr=true/logs/grid_candidate_0752_attempt_1.log,
grid_candidate_0761,grid,grid_candidate_0761,completed,1,0,37.870276,/home/hzw/Rethinking_GNN_DP/paper_experiments/figure3/figure3_pipeline3.yaml/dataset=ogbn-arxiv/feature=raw/mechanism=mbm/x_eps=0.1/m=best/norm=false/smoother=hoa/backbone=sage/use_nfr=true/logs/grid_candidate_0761_attempt_1.log,
grid_candidate_0755,grid,grid_candidate_0755,completed,1,0,45.115847,/home/hzw/Rethinking_GNN_DP/paper_experiments/figure3/figure3_pipeline3.yaml/dataset=ogbn-arxiv/feature=raw/mechanism=mbm/x_eps=0.1/m=best/norm=false/smoother=hoa/backbone=sage/use_nfr=true/logs/grid_candidate_0755_attempt_1.log,
grid_candidate_0758,grid,grid_candidate_0758,completed,1,0,46.619377,/home/hzw/Rethinking_GNN_DP/paper_experiments/figure3/figure3_pipeline3.yaml/dataset=ogbn-arxiv/feature=raw/mechanism=mbm/x_eps=0.1/m=best/norm=false/smoother=hoa/backbone=sage/use_nfr=true/logs/grid_candidate_0758_attempt_1.log,
grid_candidate_0764,grid,grid_candidate_0764,completed,1,0,42.719453,/home/hzw/Rethinking_GNN_DP/paper_experiments/figure3/figure3_pipeline3.yaml/dataset=ogbn-arxiv/feature=raw/mechanism=mbm/x_eps=0.1/m=best/norm=false/smoother=hoa/backbone=sage/use_nfr=true/logs/grid_candidate_0764_attempt_1.log,
grid_candidate_0762,grid,grid_candidate_0762,completed,1,0,44.790650,/home/hzw/Rethinking_GNN_DP/paper_experiments/figure3/figure3_pipeline3.yaml/dataset=ogbn-arxiv/feature=raw/mechanism=mbm/x_eps=0.1/m=best/norm=false/smoother=hoa/backbone=sage/use_nfr=true/logs/grid_candidate_0762_attempt_1.log,
grid_candidate_0760,grid,grid_candidate_0760,completed,1,0,47.666984,/home/hzw/Rethinking_GNN_DP/paper_experiments/figure3/figure3_pipeline3.yaml/dataset=ogbn-arxiv/feature=raw/mechanism=mbm/x_eps=0.1/m=best/norm=false/smoother=hoa/backbone=sage/use_nfr=true/logs/grid_candidate_0760_attempt_1.log,
grid_candidate_0756,grid,grid_candidate_0756,completed,1,0,51.869862,/home/hzw/Rethinking_GNN_DP/paper_experiments/figure3/figure3_pipeline3.yaml/dataset=ogbn-arxiv/feature=raw/mechanism=mbm/x_eps=0.1/m=best/norm=false/smoother=hoa/backbone=sage/use_nfr=true/logs/grid_candidate_0756_attempt_1.log,
grid_candidate_0757,grid,grid_candidate_0757,completed,1,0,49.967945,/home/hzw/Rethinking_GNN_DP/paper_experiments/figure3/figure3_pipeline3.yaml/dataset=ogbn-arxiv/feature=raw/mechanism=mbm/x_eps=0.1/m=best/norm=false/smoother=hoa/backbone=sage/use_nfr=true/logs/grid_candidate_0757_attempt_1.log,
grid_candidate_0765,grid,grid_candidate_0765,completed,1,0,46.728036,/home/hzw/Rethinking_GNN_DP/paper_experiments/figure3/figure3_pipeline3.yaml/dataset=ogbn-arxiv/feature=raw/mechanism=mbm/x_eps=0.1/m=best/norm=false/smoother=hoa/backbone=sage/use_nfr=true/logs/grid_candidate_0765_attempt_1.log,
grid_candidate_0763,grid,grid_candidate_0763,completed,1,0,47.459310,/home/hzw/Rethinking_GNN_DP/paper_experiments/figure3/figure3_pipeline3.yaml/dataset=ogbn-arxiv/feature=raw/mechanism=mbm/x_eps=0.1/m=best/norm=false/smoother=hoa/backbone=sage/use_nfr=true/logs/grid_candidate_0763_attempt_1.log,
grid_candidate_0759,grid,grid_candidate_0759,completed,1,0,51.489051,/home/hzw/Rethinking_GNN_DP/paper_experiments/figure3/figure3_pipeline3.yaml/dataset=ogbn-arxiv/feature=raw/mechanism=mbm/x_eps=0.1/m=best/norm=false/smoother=hoa/backbone=sage/use_nfr=true/logs/grid_candidate_0759_attempt_1.log,
grid_candidate_0768,grid,grid_candidate_0768,completed,1,0,43.048156,/home/hzw/Rethinking_GNN_DP/paper_experiments/figure3/figure3_pipeline3.yaml/dataset=ogbn-arxiv/feature=raw/mechanism=mbm/x_eps=0.1/m=best/norm=false/smoother=hoa/backbone=sage/use_nfr=true/logs/grid_candidate_0768_attempt_1.log,
grid_candidate_0767,grid,grid_candidate_0767,completed,1,0,44.415113,/home/hzw/Rethinking_GNN_DP/paper_experiments/figure3/figure3_pipeline3.yaml/dataset=ogbn-arxiv/feature=raw/mechanism=mbm/x_eps=0.1/m=best/norm=false/smoother=hoa/backbone=sage/use_nfr=true/logs/grid_candidate_0767_attempt_1.log,
grid_candidate_0766,grid,grid_candidate_0766,completed,1,0,45.600371,/home/hzw/Rethinking_GNN_DP/paper_experiments/figure3/figure3_pipeline3.yaml/dataset=ogbn-arxiv/feature=raw/mechanism=mbm/x_eps=0.1/m=best/norm=false/smoother=hoa/backbone=sage/use_nfr=true/logs/grid_candidate_0766_attempt_1.log,
grid_candidate_0769,grid,grid_candidate_0769,completed,1,0,41.538085,/home/hzw/Rethinking_GNN_DP/paper_experiments/figure3/figure3_pipeline3.yaml/dataset=ogbn-arxiv/feature=raw/mechanism=mbm/x_eps=0.1/m=best/norm=false/smoother=hoa/backbone=sage/use_nfr=true/logs/grid_candidate_0769_attempt_1.log,
grid_candidate_0770,grid,grid_candidate_0770,completed,1,0,42.595703,/home/hzw/Rethinking_GNN_DP/paper_experiments/figure3/figure3_pipeline3.yaml/dataset=ogbn-arxiv/feature=raw/mechanism=mbm/x_eps=0.1/m=best/norm=false/smoother=hoa/backbone=sage/use_nfr=true/logs/grid_candidate_0770_attempt_1.log,
grid_candidate_0771,grid,grid_candidate_0771,completed,1,0,43.461398,/home/hzw/Rethinking_GNN_DP/paper_experiments/figure3/figure3_pipeline3.yaml/dataset=ogbn-arxiv/feature=raw/mechanism=mbm/x_eps=0.1/m=best/norm=false/smoother=hoa/backbone=sage/use_nfr=true/logs/grid_candidate_0771_attempt_1.log,
grid_candidate_0783,grid,grid_candidate_0783,completed,1,0,34.649192,/home/hzw/Rethinking_GNN_DP/paper_experiments/figure3/figure3_pipeline3.yaml/dataset=ogbn-arxiv/feature=raw/mechanism=mbm/x_eps=0.1/m=best/norm=false/smoother=hoa/backbone=sage/use_nfr=true/logs/grid_candidate_0783_attempt_1.log,
grid_candidate_0775,grid,grid_candidate_0775,completed,1,0,43.912449,/home/hzw/Rethinking_GNN_DP/paper_experiments/figure3/figure3_pipeline3.yaml/dataset=ogbn-arxiv/feature=raw/mechanism=mbm/x_eps=0.1/m=best/norm=false/smoother=hoa/backbone=sage/use_nfr=true/logs/grid_candidate_0775_attempt_1.log,
grid_candidate_0774,grid,grid_candidate_0774,completed,1,0,45.320445,/home/hzw/Rethinking_GNN_DP/paper_experiments/figure3/figure3_pipeline3.yaml/dataset=ogbn-arxiv/feature=raw/mechanism=mbm/x_eps=0.1/m=best/norm=false/smoother=hoa/backbone=sage/use_nfr=true/logs/grid_candidate_0774_attempt_1.log,
grid_candidate_0773,grid,grid_candidate_0773,completed,1,0,46.088534,/home/hzw/Rethinking_GNN_DP/paper_experiments/figure3/figure3_pipeline3.yaml/dataset=ogbn-arxiv/feature=raw/mechanism=mbm/x_eps=0.1/m=best/norm=false/smoother=hoa/backbone=sage/use_nfr=true/logs/grid_candidate_0773_attempt_1.log,
grid_candidate_0781,grid,grid_candidate_0781,completed,1,0,40.014725,/home/hzw/Rethinking_GNN_DP/paper_experiments/figure3/figure3_pipeline3.yaml/dataset=ogbn-arxiv/feature=raw/mechanism=mbm/x_eps=0.1/m=best/norm=false/smoother=hoa/backbone=sage/use_nfr=true/logs/grid_candidate_0781_attempt_1.log,
grid_candidate_0779,grid,grid_candidate_0779,completed,1,0,45.389422,/home/hzw/Rethinking_GNN_DP/paper_experiments/figure3/figure3_pipeline3.yaml/dataset=ogbn-arxiv/feature=raw/mechanism=mbm/x_eps=0.1/m=best/norm=false/smoother=hoa/backbone=sage/use_nfr=true/logs/grid_candidate_0779_attempt_1.log,
grid_candidate_0786,grid,grid_candidate_0786,completed,1,0,37.145990,/home/hzw/Rethinking_GNN_DP/paper_experiments/figure3/figure3_pipeline3.yaml/dataset=ogbn-arxiv/feature=raw/mechanism=mbm/x_eps=0.1/m=best/norm=false/smoother=hoa/backbone=sage/use_nfr=true/logs/grid_candidate_0786_attempt_1.log,
grid_candidate_0772,grid,grid_candidate_0772,completed,1,0,50.877912,/home/hzw/Rethinking_GNN_DP/paper_experiments/figure3/figure3_pipeline3.yaml/dataset=ogbn-arxiv/feature=raw/mechanism=mbm/x_eps=0.1/m=best/norm=false/smoother=hoa/backbone=sage/use_nfr=true/logs/grid_candidate_0772_attempt_1.log,
grid_candidate_0776,grid,grid_candidate_0776,completed,1,0,49.086401,/home/hzw/Rethinking_GNN_DP/paper_experiments/figure3/figure3_pipeline3.yaml/dataset=ogbn-arxiv/feature=raw/mechanism=mbm/x_eps=0.1/m=best/norm=false/smoother=hoa/backbone=sage/use_nfr=true/logs/grid_candidate_0776_attempt_1.log,
grid_candidate_0785,grid,grid_candidate_0785,completed,1,0,41.249398,/home/hzw/Rethinking_GNN_DP/paper_experiments/figure3/figure3_pipeline3.yaml/dataset=ogbn-arxiv/feature=raw/mechanism=mbm/x_eps=0.1/m=best/norm=false/smoother=hoa/backbone=sage/use_nfr=true/logs/grid_candidate_0785_attempt_1.log,
grid_candidate_0778,grid,grid_candidate_0778,completed,1,0,49.455258,/home/hzw/Rethinking_GNN_DP/paper_experiments/figure3/figure3_pipeline3.yaml/dataset=ogbn-arxiv/feature=raw/mechanism=mbm/x_eps=0.1/m=best/norm=false/smoother=hoa/backbone=sage/use_nfr=true/logs/grid_candidate_0778_attempt_1.log,
grid_candidate_0780,grid,grid_candidate_0780,completed,1,0,50.081295,/home/hzw/Rethinking_GNN_DP/paper_experiments/figure3/figure3_pipeline3.yaml/dataset=ogbn-arxiv/feature=raw/mechanism=mbm/x_eps=0.1/m=best/norm=false/smoother=hoa/backbone=sage/use_nfr=true/logs/grid_candidate_0780_attempt_1.log,
grid_candidate_0782,grid,grid_candidate_0782,completed,1,0,46.576288,/home/hzw/Rethinking_GNN_DP/paper_experiments/figure3/figure3_pipeline3.yaml/dataset=ogbn-arxiv/feature=raw/mechanism=mbm/x_eps=0.1/m=best/norm=false/smoother=hoa/backbone=sage/use_nfr=true/logs/grid_candidate_0782_attempt_1.log,
grid_candidate_0777,grid,grid_candidate_0777,completed,1,0,52.958277,/home/hzw/Rethinking_GNN_DP/paper_experiments/figure3/figure3_pipeline3.yaml/dataset=ogbn-arxiv/feature=raw/mechanism=mbm/x_eps=0.1/m=best/norm=false/smoother=hoa/backbone=sage/use_nfr=true/logs/grid_candidate_0777_attempt_1.log,
grid_candidate_0787,grid,grid_candidate_0787,completed,1,0,41.656124,/home/hzw/Rethinking_GNN_DP/paper_experiments/figure3/figure3_pipeline3.yaml/dataset=ogbn-arxiv/feature=raw/mechanism=mbm/x_eps=0.1/m=best/norm=false/smoother=hoa/backbone=sage/use_nfr=true/logs/grid_candidate_0787_attempt_1.log,
grid_candidate_0784,grid,grid_candidate_0784,completed,1,0,47.283739,/home/hzw/Rethinking_GNN_DP/paper_experiments/figure3/figure3_pipeline3.yaml/dataset=ogbn-arxiv/feature=raw/mechanism=mbm/x_eps=0.1/m=best/norm=false/smoother=hoa/backbone=sage/use_nfr=true/logs/grid_candidate_0784_attempt_1.log,
grid_candidate_0788,grid,grid_candidate_0788,completed,1,0,45.223069,/home/hzw/Rethinking_GNN_DP/paper_experiments/figure3/figure3_pipeline3.yaml/dataset=ogbn-arxiv/feature=raw/mechanism=mbm/x_eps=0.1/m=best/norm=false/smoother=hoa/backbone=sage/use_nfr=true/logs/grid_candidate_0788_attempt_1.log,
grid_candidate_0792,grid,grid_candidate_0792,completed,1,0,42.149250,/home/hzw/Rethinking_GNN_DP/paper_experiments/figure3/figure3_pipeline3.yaml/dataset=ogbn-arxiv/feature=raw/mechanism=mbm/x_eps=0.1/m=best/norm=false/smoother=hoa/backbone=sage/use_nfr=true/logs/grid_candidate_0792_attempt_1.log,
grid_candidate_0789,grid,grid_candidate_0789,completed,1,0,44.995964,/home/hzw/Rethinking_GNN_DP/paper_experiments/figure3/figure3_pipeline3.yaml/dataset=ogbn-arxiv/feature=raw/mechanism=mbm/x_eps=0.1/m=best/norm=false/smoother=hoa/backbone=sage/use_nfr=true/logs/grid_candidate_0789_attempt_1.log,
grid_candidate_0791,grid,grid_candidate_0791,completed,1,0,44.183011,/home/hzw/Rethinking_GNN_DP/paper_experiments/figure3/figure3_pipeline3.yaml/dataset=ogbn-arxiv/feature=raw/mechanism=mbm/x_eps=0.1/m=best/norm=false/smoother=hoa/backbone=sage/use_nfr=true/logs/grid_candidate_0791_attempt_1.log,
grid_candidate_0790,grid,grid_candidate_0790,completed,1,0,45.756428,/home/hzw/Rethinking_GNN_DP/paper_experiments/figure3/figure3_pipeline3.yaml/dataset=ogbn-arxiv/feature=raw/mechanism=mbm/x_eps=0.1/m=best/norm=false/smoother=hoa/backbone=sage/use_nfr=true/logs/grid_candidate_0790_attempt_1.log,
grid_candidate_0797,grid,grid_candidate_0797,completed,1,0,36.391067,/home/hzw/Rethinking_GNN_DP/paper_experiments/figure3/figure3_pipeline3.yaml/dataset=ogbn-arxiv/feature=raw/mechanism=mbm/x_eps=0.1/m=best/norm=false/smoother=hoa/backbone=sage/use_nfr=true/logs/grid_candidate_0797_attempt_1.log,
grid_candidate_0793,grid,grid_candidate_0793,completed,1,0,47.807401,/home/hzw/Rethinking_GNN_DP/paper_experiments/figure3/figure3_pipeline3.yaml/dataset=ogbn-arxiv/feature=raw/mechanism=mbm/x_eps=0.1/m=best/norm=false/smoother=hoa/backbone=sage/use_nfr=true/logs/grid_candidate_0793_attempt_1.log,
grid_candidate_0794,grid,grid_candidate_0794,completed,1,0,47.783733,/home/hzw/Rethinking_GNN_DP/paper_experiments/figure3/figure3_pipeline3.yaml/dataset=ogbn-arxiv/feature=raw/mechanism=mbm/x_eps=0.1/m=best/norm=false/smoother=hoa/backbone=sage/use_nfr=true/logs/grid_candidate_0794_attempt_1.log,
grid_candidate_0796,grid,grid_candidate_0796,completed,1,0,46.488898,/home/hzw/Rethinking_GNN_DP/paper_experiments/figure3/figure3_pipeline3.yaml/dataset=ogbn-arxiv/feature=raw/mechanism=mbm/x_eps=0.1/m=best/norm=false/smoother=hoa/backbone=sage/use_nfr=true/logs/grid_candidate_0796_attempt_1.log,
grid_candidate_0795,grid,grid_candidate_0795,completed,1,0,48.580259,/home/hzw/Rethinking_GNN_DP/paper_experiments/figure3/figure3_pipeline3.yaml/dataset=ogbn-arxiv/feature=raw/mechanism=mbm/x_eps=0.1/m=best/norm=false/smoother=hoa/backbone=sage/use_nfr=true/logs/grid_candidate_0795_attempt_1.log,
grid_candidate_0798,grid,grid_candidate_0798,completed,1,0,46.923168,/home/hzw/Rethinking_GNN_DP/paper_experiments/figure3/figure3_pipeline3.yaml/dataset=ogbn-arxiv/feature=raw/mechanism=mbm/x_eps=0.1/m=best/norm=false/smoother=hoa/backbone=sage/use_nfr=true/logs/grid_candidate_0798_attempt_1.log,
grid_candidate_0802,grid,grid_candidate_0802,completed,1,0,44.351114,/home/hzw/Rethinking_GNN_DP/paper_experiments/figure3/figure3_pipeline3.yaml/dataset=ogbn-arxiv/feature=raw/mechanism=mbm/x_eps=0.1/m=best/norm=false/smoother=hoa/backbone=sage/use_nfr=true/logs/grid_candidate_0802_attempt_1.log,
grid_candidate_0800,grid,grid_candidate_0800,completed,1,0,47.325375,/home/hzw/Rethinking_GNN_DP/paper_experiments/figure3/figure3_pipeline3.yaml/dataset=ogbn-arxiv/feature=raw/mechanism=mbm/x_eps=0.1/m=best/norm=false/smoother=hoa/backbone=sage/use_nfr=true/logs/grid_candidate_0800_attempt_1.log,
grid_candidate_0803,grid,grid_candidate_0803,completed,1,0,46.205111,/home/hzw/Rethinking_GNN_DP/paper_experiments/figure3/figure3_pipeline3.yaml/dataset=ogbn-arxiv/feature=raw/mechanism=mbm/x_eps=0.1/m=best/norm=false/smoother=hoa/backbone=sage/use_nfr=true/logs/grid_candidate_0803_attempt_1.log,
grid_candidate_0805,grid,grid_candidate_0805,completed,1,0,44.338378,/home/hzw/Rethinking_GNN_DP/paper_experiments/figure3/figure3_pipeline3.yaml/dataset=ogbn-arxiv/feature=raw/mechanism=mbm/x_eps=0.1/m=best/norm=false/smoother=hoa/backbone=sage/use_nfr=true/logs/grid_candidate_0805_attempt_1.log,
grid_candidate_0801,grid,grid_candidate_0801,completed,1,0,47.845286,/home/hzw/Rethinking_GNN_DP/paper_experiments/figure3/figure3_pipeline3.yaml/dataset=ogbn-arxiv/feature=raw/mechanism=mbm/x_eps=0.1/m=best/norm=false/smoother=hoa/backbone=sage/use_nfr=true/logs/grid_candidate_0801_attempt_1.log,
grid_candidate_0799,grid,grid_candidate_0799,completed,1,0,49.369380,/home/hzw/Rethinking_GNN_DP/paper_experiments/figure3/figure3_pipeline3.yaml/dataset=ogbn-arxiv/feature=raw/mechanism=mbm/x_eps=0.1/m=best/norm=false/smoother=hoa/backbone=sage/use_nfr=true/logs/grid_candidate_0799_attempt_1.log,
grid_candidate_0806,grid,grid_candidate_0806,completed,1,0,44.698284,/home/hzw/Rethinking_GNN_DP/paper_experiments/figure3/figure3_pipeline3.yaml/dataset=ogbn-arxiv/feature=raw/mechanism=mbm/x_eps=0.1/m=best/norm=false/smoother=hoa/backbone=sage/use_nfr=true/logs/grid_candidate_0806_attempt_1.log,
grid_candidate_0804,grid,grid_candidate_0804,completed,1,0,48.565028,/home/hzw/Rethinking_GNN_DP/paper_experiments/figure3/figure3_pipeline3.yaml/dataset=ogbn-arxiv/feature=raw/mechanism=mbm/x_eps=0.1/m=best/norm=false/smoother=hoa/backbone=sage/use_nfr=true/logs/grid_candidate_0804_attempt_1.log,
grid_candidate_0807,grid,grid_candidate_0807,completed,1,0,45.850153,/home/hzw/Rethinking_GNN_DP/paper_experiments/figure3/figure3_pipeline3.yaml/dataset=ogbn-arxiv/feature=raw/mechanism=mbm/x_eps=0.1/m=best/norm=false/smoother=hoa/backbone=sage/use_nfr=true/logs/grid_candidate_0807_attempt_1.log,
grid_candidate_0820,grid,grid_candidate_0820,completed,1,0,29.705984,/home/hzw/Rethinking_GNN_DP/paper_experiments/figure3/figure3_pipeline3.yaml/dataset=ogbn-arxiv/feature=raw/mechanism=mbm/x_eps=0.1/m=best/norm=false/smoother=hoa/backbone=sage/use_nfr=true/logs/grid_candidate_0820_attempt_1.log,
grid_candidate_0810,grid,grid_candidate_0810,completed,1,0,42.767020,/home/hzw/Rethinking_GNN_DP/paper_experiments/figure3/figure3_pipeline3.yaml/dataset=ogbn-arxiv/feature=raw/mechanism=mbm/x_eps=0.1/m=best/norm=false/smoother=hoa/backbone=sage/use_nfr=true/logs/grid_candidate_0810_attempt_1.log,
grid_candidate_0811,grid,grid_candidate_0811,completed,1,0,43.345834,/home/hzw/Rethinking_GNN_DP/paper_experiments/figure3/figure3_pipeline3.yaml/dataset=ogbn-arxiv/feature=raw/mechanism=mbm/x_eps=0.1/m=best/norm=false/smoother=hoa/backbone=sage/use_nfr=true/logs/grid_candidate_0811_attempt_1.log,
grid_candidate_0812,grid,grid_candidate_0812,completed,1,0,44.064548,/home/hzw/Rethinking_GNN_DP/paper_experiments/figure3/figure3_pipeline3.yaml/dataset=ogbn-arxiv/feature=raw/mechanism=mbm/x_eps=0.1/m=best/norm=false/smoother=hoa/backbone=sage/use_nfr=true/logs/grid_candidate_0812_attempt_1.log,
grid_candidate_0809,grid,grid_candidate_0809,completed,1,0,46.402288,/home/hzw/Rethinking_GNN_DP/paper_experiments/figure3/figure3_pipeline3.yaml/dataset=ogbn-arxiv/feature=raw/mechanism=mbm/x_eps=0.1/m=best/norm=false/smoother=hoa/backbone=sage/use_nfr=true/logs/grid_candidate_0809_attempt_1.log,
grid_candidate_0823,grid,grid_candidate_0823,completed,1,0,33.810741,/home/hzw/Rethinking_GNN_DP/paper_experiments/figure3/figure3_pipeline3.yaml/dataset=ogbn-arxiv/feature=raw/mechanism=mbm/x_eps=0.1/m=best/norm=false/smoother=hoa/backbone=sage/use_nfr=true/logs/grid_candidate_0823_attempt_1.log,
grid_candidate_0808,grid,grid_candidate_0808,completed,1,0,47.829156,/home/hzw/Rethinking_GNN_DP/paper_experiments/figure3/figure3_pipeline3.yaml/dataset=ogbn-arxiv/feature=raw/mechanism=mbm/x_eps=0.1/m=best/norm=false/smoother=hoa/backbone=sage/use_nfr=true/logs/grid_candidate_0808_attempt_1.log,
grid_candidate_0814,grid,grid_candidate_0814,completed,1,0,45.921415,/home/hzw/Rethinking_GNN_DP/paper_experiments/figure3/figure3_pipeline3.yaml/dataset=ogbn-arxiv/feature=raw/mechanism=mbm/x_eps=0.1/m=best/norm=false/smoother=hoa/backbone=sage/use_nfr=true/logs/grid_candidate_0814_attempt_1.log,
grid_candidate_0822,grid,grid_candidate_0822,completed,1,0,42.004638,/home/hzw/Rethinking_GNN_DP/paper_experiments/figure3/figure3_pipeline3.yaml/dataset=ogbn-arxiv/feature=raw/mechanism=mbm/x_eps=0.1/m=best/norm=false/smoother=hoa/backbone=sage/use_nfr=true/logs/grid_candidate_0822_attempt_1.log,
grid_candidate_0815,grid,grid_candidate_0815,completed,1,0,48.983840,/home/hzw/Rethinking_GNN_DP/paper_experiments/figure3/figure3_pipeline3.yaml/dataset=ogbn-arxiv/feature=raw/mechanism=mbm/x_eps=0.1/m=best/norm=false/smoother=hoa/backbone=sage/use_nfr=true/logs/grid_candidate_0815_attempt_1.log,
grid_candidate_0813,grid,grid_candidate_0813,completed,1,0,50.286006,/home/hzw/Rethinking_GNN_DP/paper_experiments/figure3/figure3_pipeline3.yaml/dataset=ogbn-arxiv/feature=raw/mechanism=mbm/x_eps=0.1/m=best/norm=false/smoother=hoa/backbone=sage/use_nfr=true/logs/grid_candidate_0813_attempt_1.log,
grid_candidate_0817,grid,grid_candidate_0817,completed,1,0,47.191429,/home/hzw/Rethinking_GNN_DP/paper_experiments/figure3/figure3_pipeline3.yaml/dataset=ogbn-arxiv/feature=raw/mechanism=mbm/x_eps=0.1/m=best/norm=false/smoother=hoa/backbone=sage/use_nfr=true/logs/grid_candidate_0817_attempt_1.log,
grid_candidate_0824,grid,grid_candidate_0824,completed,1,0,39.712732,/home/hzw/Rethinking_GNN_DP/paper_experiments/figure3/figure3_pipeline3.yaml/dataset=ogbn-arxiv/feature=raw/mechanism=mbm/x_eps=0.1/m=best/norm=false/smoother=hoa/backbone=sage/use_nfr=true/logs/grid_candidate_0824_attempt_1.log,
grid_candidate_0826,grid,grid_candidate_0826,completed,1,0,40.267713,/home/hzw/Rethinking_GNN_DP/paper_experiments/figure3/figure3_pipeline3.yaml/dataset=ogbn-arxiv/feature=raw/mechanism=mbm/x_eps=0.1/m=best/norm=false/smoother=hoa/backbone=sage/use_nfr=true/logs/grid_candidate_0826_attempt_1.log,
grid_candidate_0825,grid,grid_candidate_0825,completed,1,0,40.720210,/home/hzw/Rethinking_GNN_DP/paper_experiments/figure3/figure3_pipeline3.yaml/dataset=ogbn-arxiv/feature=raw/mechanism=mbm/x_eps=0.1/m=best/norm=false/smoother=hoa/backbone=sage/use_nfr=true/logs/grid_candidate_0825_attempt_1.log,
grid_candidate_0818,grid,grid_candidate_0818,completed,1,0,50.297488,/home/hzw/Rethinking_GNN_DP/paper_experiments/figure3/figure3_pipeline3.yaml/dataset=ogbn-arxiv/feature=raw/mechanism=mbm/x_eps=0.1/m=best/norm=false/smoother=hoa/backbone=sage/use_nfr=true/logs/grid_candidate_0818_attempt_1.log,
grid_candidate_0816,grid,grid_candidate_0816,completed,1,0,52.203934,/home/hzw/Rethinking_GNN_DP/paper_experiments/figure3/figure3_pipeline3.yaml/dataset=ogbn-arxiv/feature=raw/mechanism=mbm/x_eps=0.1/m=best/norm=false/smoother=hoa/backbone=sage/use_nfr=true/logs/grid_candidate_0816_attempt_1.log,
grid_candidate_0819,grid,grid_candidate_0819,completed,1,0,52.461524,/home/hzw/Rethinking_GNN_DP/paper_experiments/figure3/figure3_pipeline3.yaml/dataset=ogbn-arxiv/feature=raw/mechanism=mbm/x_eps=0.1/m=best/norm=false/smoother=hoa/backbone=sage/use_nfr=true/logs/grid_candidate_0819_attempt_1.log,
grid_candidate_0827,grid,grid_candidate_0827,completed,1,0,45.754128,/home/hzw/Rethinking_GNN_DP/paper_experiments/figure3/figure3_pipeline3.yaml/dataset=ogbn-arxiv/feature=raw/mechanism=mbm/x_eps=0.1/m=best/norm=false/smoother=hoa/backbone=sage/use_nfr=true/logs/grid_candidate_0827_attempt_1.log,
grid_candidate_0828,grid,grid_candidate_0828,completed,1,0,45.328884,/home/hzw/Rethinking_GNN_DP/paper_experiments/figure3/figure3_pipeline3.yaml/dataset=ogbn-arxiv/feature=raw/mechanism=mbm/x_eps=0.1/m=best/norm=false/smoother=hoa/backbone=sage/use_nfr=true/logs/grid_candidate_0828_attempt_1.log,
grid_candidate_0821,grid,grid_candidate_0821,completed,1,0,52.722726,/home/hzw/Rethinking_GNN_DP/paper_experiments/figure3/figure3_pipeline3.yaml/dataset=ogbn-arxiv/feature=raw/mechanism=mbm/x_eps=0.1/m=best/norm=false/smoother=hoa/backbone=sage/use_nfr=true/logs/grid_candidate_0821_attempt_1.log,
grid_candidate_0835,grid,grid_candidate_0835,completed,1,0,39.309508,/home/hzw/Rethinking_GNN_DP/paper_experiments/figure3/figure3_pipeline3.yaml/dataset=ogbn-arxiv/feature=raw/mechanism=mbm/x_eps=0.1/m=best/norm=false/smoother=hoa/backbone=sage/use_nfr=true/logs/grid_candidate_0835_attempt_1.log,
grid_candidate_0829,grid,grid_candidate_0829,completed,1,0,50.585133,/home/hzw/Rethinking_GNN_DP/paper_experiments/figure3/figure3_pipeline3.yaml/dataset=ogbn-arxiv/feature=raw/mechanism=mbm/x_eps=0.1/m=best/norm=false/smoother=hoa/backbone=sage/use_nfr=true/logs/grid_candidate_0829_attempt_1.log,
grid_candidate_0832,grid,grid_candidate_0832,completed,1,0,44.883049,/home/hzw/Rethinking_GNN_DP/paper_experiments/figure3/figure3_pipeline3.yaml/dataset=ogbn-arxiv/feature=raw/mechanism=mbm/x_eps=0.1/m=best/norm=false/smoother=hoa/backbone=sage/use_nfr=true/logs/grid_candidate_0832_attempt_1.log,
grid_candidate_0833,grid,grid_candidate_0833,completed,1,0,46.420187,/home/hzw/Rethinking_GNN_DP/paper_experiments/figure3/figure3_pipeline3.yaml/dataset=ogbn-arxiv/feature=raw/mechanism=mbm/x_eps=0.1/m=best/norm=false/smoother=hoa/backbone=sage/use_nfr=true/logs/grid_candidate_0833_attempt_1.log,
grid_candidate_0831,grid,grid_candidate_0831,completed,1,0,48.877051,/home/hzw/Rethinking_GNN_DP/paper_experiments/figure3/figure3_pipeline3.yaml/dataset=ogbn-arxiv/feature=raw/mechanism=mbm/x_eps=0.1/m=best/norm=false/smoother=hoa/backbone=sage/use_nfr=true/logs/grid_candidate_0831_attempt_1.log,
grid_candidate_0834,grid,grid_candidate_0834,completed,1,0,47.392523,/home/hzw/Rethinking_GNN_DP/paper_experiments/figure3/figure3_pipeline3.yaml/dataset=ogbn-arxiv/feature=raw/mechanism=mbm/x_eps=0.1/m=best/norm=false/smoother=hoa/backbone=sage/use_nfr=true/logs/grid_candidate_0834_attempt_1.log,
grid_candidate_0837,grid,grid_candidate_0837,completed,1,0,45.012170,/home/hzw/Rethinking_GNN_DP/paper_experiments/figure3/figure3_pipeline3.yaml/dataset=ogbn-arxiv/feature=raw/mechanism=mbm/x_eps=0.1/m=best/norm=false/smoother=hoa/backbone=sage/use_nfr=true/logs/grid_candidate_0837_attempt_1.log,
grid_candidate_0830,grid,grid_candidate_0830,completed,1,0,50.066480,/home/hzw/Rethinking_GNN_DP/paper_experiments/figure3/figure3_pipeline3.yaml/dataset=ogbn-arxiv/feature=raw/mechanism=mbm/x_eps=0.1/m=best/norm=false/smoother=hoa/backbone=sage/use_nfr=true/logs/grid_candidate_0830_attempt_1.log,
grid_candidate_0836,grid,grid_candidate_0836,completed,1,0,47.229688,/home/hzw/Rethinking_GNN_DP/paper_experiments/figure3/figure3_pipeline3.yaml/dataset=ogbn-arxiv/feature=raw/mechanism=mbm/x_eps=0.1/m=best/norm=false/smoother=hoa/backbone=sage/use_nfr=true/logs/grid_candidate_0836_attempt_1.log,
grid_candidate_0841,grid,grid_candidate_0841,completed,1,0,45.142143,/home/hzw/Rethinking_GNN_DP/paper_experiments/figure3/figure3_pipeline3.yaml/dataset=ogbn-arxiv/feature=raw/mechanism=mbm/x_eps=0.1/m=best/norm=false/smoother=hoa/backbone=sage/use_nfr=true/logs/grid_candidate_0841_attempt_1.log,
grid_candidate_0845,grid,grid_candidate_0845,completed,1,0,36.628313,/home/hzw/Rethinking_GNN_DP/paper_experiments/figure3/figure3_pipeline3.yaml/dataset=ogbn-arxiv/feature=raw/mechanism=mbm/x_eps=0.1/m=best/norm=false/smoother=hoa/backbone=sage/use_nfr=true/logs/grid_candidate_0845_attempt_1.log,
grid_candidate_0840,grid,grid_candidate_0840,completed,1,0,47.420335,/home/hzw/Rethinking_GNN_DP/paper_experiments/figure3/figure3_pipeline3.yaml/dataset=ogbn-arxiv/feature=raw/mechanism=mbm/x_eps=0.1/m=best/norm=false/smoother=hoa/backbone=sage/use_nfr=true/logs/grid_candidate_0840_attempt_1.log,
grid_candidate_0842,grid,grid_candidate_0842,completed,1,0,46.728203,/home/hzw/Rethinking_GNN_DP/paper_experiments/figure3/figure3_pipeline3.yaml/dataset=ogbn-arxiv/feature=raw/mechanism=mbm/x_eps=0.1/m=best/norm=false/smoother=hoa/backbone=sage/use_nfr=true/logs/grid_candidate_0842_attempt_1.log,
grid_candidate_0844,grid,grid_candidate_0844,completed,1,0,40.760416,/home/hzw/Rethinking_GNN_DP/paper_experiments/figure3/figure3_pipeline3.yaml/dataset=ogbn-arxiv/feature=raw/mechanism=mbm/x_eps=0.1/m=best/norm=false/smoother=hoa/backbone=sage/use_nfr=true/logs/grid_candidate_0844_attempt_1.log,
grid_candidate_0850,grid,grid_candidate_0850,completed,1,0,34.053942,/home/hzw/Rethinking_GNN_DP/paper_experiments/figure3/figure3_pipeline3.yaml/dataset=ogbn-arxiv/feature=raw/mechanism=mbm/x_eps=0.1/m=best/norm=false/smoother=hoa/backbone=sage/use_nfr=true/logs/grid_candidate_0850_attempt_1.log,
grid_candidate_0838,grid,grid_candidate_0838,completed,1,0,49.781311,/home/hzw/Rethinking_GNN_DP/paper_experiments/figure3/figure3_pipeline3.yaml/dataset=ogbn-arxiv/feature=raw/mechanism=mbm/x_eps=0.1/m=best/norm=false/smoother=hoa/backbone=sage/use_nfr=true/logs/grid_candidate_0838_attempt_1.log,
grid_candidate_0843,grid,grid_candidate_0843,completed,1,0,47.994932,/home/hzw/Rethinking_GNN_DP/paper_experiments/figure3/figure3_pipeline3.yaml/dataset=ogbn-arxiv/feature=raw/mechanism=mbm/x_eps=0.1/m=best/norm=false/smoother=hoa/backbone=sage/use_nfr=true/logs/grid_candidate_0843_attempt_1.log,
grid_candidate_0849,grid,grid_candidate_0849,completed,1,0,39.789163,/home/hzw/Rethinking_GNN_DP/paper_experiments/figure3/figure3_pipeline3.yaml/dataset=ogbn-arxiv/feature=raw/mechanism=mbm/x_eps=0.1/m=best/norm=false/smoother=hoa/backbone=sage/use_nfr=true/logs/grid_candidate_0849_attempt_1.log,
grid_candidate_0846,grid,grid_candidate_0846,completed,1,0,42.677297,/home/hzw/Rethinking_GNN_DP/paper_experiments/figure3/figure3_pipeline3.yaml/dataset=ogbn-arxiv/feature=raw/mechanism=mbm/x_eps=0.1/m=best/norm=false/smoother=hoa/backbone=sage/use_nfr=true/logs/grid_candidate_0846_attempt_1.log,
grid_candidate_0851,grid,grid_candidate_0851,completed,1,0,37.169779,/home/hzw/Rethinking_GNN_DP/paper_experiments/figure3/figure3_pipeline3.yaml/dataset=ogbn-arxiv/feature=raw/mechanism=mbm/x_eps=0.1/m=best/norm=false/smoother=hoa/backbone=sage/use_nfr=true/logs/grid_candidate_0851_attempt_1.log,
grid_candidate_0839,grid,grid_candidate_0839,completed,1,0,56.225640,/home/hzw/Rethinking_GNN_DP/paper_experiments/figure3/figure3_pipeline3.yaml/dataset=ogbn-arxiv/feature=raw/mechanism=mbm/x_eps=0.1/m=best/norm=false/smoother=hoa/backbone=sage/use_nfr=true/logs/grid_candidate_0839_attempt_1.log,
grid_candidate_0847,grid,grid_candidate_0847,completed,1,0,44.436122,/home/hzw/Rethinking_GNN_DP/paper_experiments/figure3/figure3_pipeline3.yaml/dataset=ogbn-arxiv/feature=raw/mechanism=mbm/x_eps=0.1/m=best/norm=false/smoother=hoa/backbone=sage/use_nfr=true/logs/grid_candidate_0847_attempt_1.log,
grid_candidate_0848,grid,grid_candidate_0848,completed,1,0,47.941739,/home/hzw/Rethinking_GNN_DP/paper_experiments/figure3/figure3_pipeline3.yaml/dataset=ogbn-arxiv/feature=raw/mechanism=mbm/x_eps=0.1/m=best/norm=false/smoother=hoa/backbone=sage/use_nfr=true/logs/grid_candidate_0848_attempt_1.log,
grid_candidate_0853,grid,grid_candidate_0853,completed,1,0,40.319067,/home/hzw/Rethinking_GNN_DP/paper_experiments/figure3/figure3_pipeline3.yaml/dataset=ogbn-arxiv/feature=raw/mechanism=mbm/x_eps=0.1/m=best/norm=false/smoother=hoa/backbone=sage/use_nfr=true/logs/grid_candidate_0853_attempt_1.log,
grid_candidate_0855,grid,grid_candidate_0855,completed,1,0,40.777883,/home/hzw/Rethinking_GNN_DP/paper_experiments/figure3/figure3_pipeline3.yaml/dataset=ogbn-arxiv/feature=raw/mechanism=mbm/x_eps=0.1/m=best/norm=false/smoother=hoa/backbone=sage/use_nfr=true/logs/grid_candidate_0855_attempt_1.log,
grid_candidate_0854,grid,grid_candidate_0854,completed,1,0,42.050234,/home/hzw/Rethinking_GNN_DP/paper_experiments/figure3/figure3_pipeline3.yaml/dataset=ogbn-arxiv/feature=raw/mechanism=mbm/x_eps=0.1/m=best/norm=false/smoother=hoa/backbone=sage/use_nfr=true/logs/grid_candidate_0854_attempt_1.log,
grid_candidate_0852,grid,grid_candidate_0852,completed,1,0,43.746722,/home/hzw/Rethinking_GNN_DP/paper_experiments/figure3/figure3_pipeline3.yaml/dataset=ogbn-arxiv/feature=raw/mechanism=mbm/x_eps=0.1/m=best/norm=false/smoother=hoa/backbone=sage/use_nfr=true/logs/grid_candidate_0852_attempt_1.log,
grid_candidate_0856,grid,grid_candidate_0856,completed,1,0,45.177312,/home/hzw/Rethinking_GNN_DP/paper_experiments/figure3/figure3_pipeline3.yaml/dataset=ogbn-arxiv/feature=raw/mechanism=mbm/x_eps=0.1/m=best/norm=false/smoother=hoa/backbone=sage/use_nfr=true/logs/grid_candidate_0856_attempt_1.log,
grid_candidate_0857,grid,grid_candidate_0857,completed,1,0,44.692817,/home/hzw/Rethinking_GNN_DP/paper_experiments/figure3/figure3_pipeline3.yaml/dataset=ogbn-arxiv/feature=raw/mechanism=mbm/x_eps=0.1/m=best/norm=false/smoother=hoa/backbone=sage/use_nfr=true/logs/grid_candidate_0857_attempt_1.log,
grid_candidate_0858,grid,grid_candidate_0858,completed,1,0,47.650835,/home/hzw/Rethinking_GNN_DP/paper_experiments/figure3/figure3_pipeline3.yaml/dataset=ogbn-arxiv/feature=raw/mechanism=mbm/x_eps=0.1/m=best/norm=false/smoother=hoa/backbone=sage/use_nfr=true/logs/grid_candidate_0858_attempt_1.log,
grid_candidate_0860,grid,grid_candidate_0860,completed,1,0,45.326490,/home/hzw/Rethinking_GNN_DP/paper_experiments/figure3/figure3_pipeline3.yaml/dataset=ogbn-arxiv/feature=raw/mechanism=mbm/x_eps=0.1/m=best/norm=false/smoother=hoa/backbone=sage/use_nfr=true/logs/grid_candidate_0860_attempt_1.log,
grid_candidate_0863,grid,grid_candidate_0863,completed,1,0,40.517278,/home/hzw/Rethinking_GNN_DP/paper_experiments/figure3/figure3_pipeline3.yaml/dataset=ogbn-arxiv/feature=raw/mechanism=mbm/x_eps=0.1/m=best/norm=false/smoother=hoa/backbone=sage/use_nfr=true/logs/grid_candidate_0863_attempt_1.log,
grid_candidate_0859,grid,grid_candidate_0859,completed,1,0,46.420322,/home/hzw/Rethinking_GNN_DP/paper_experiments/figure3/figure3_pipeline3.yaml/dataset=ogbn-arxiv/feature=raw/mechanism=mbm/x_eps=0.1/m=best/norm=false/smoother=hoa/backbone=sage/use_nfr=true/logs/grid_candidate_0859_attempt_1.log,
grid_candidate_0861,grid,grid_candidate_0861,completed,1,0,44.024782,/home/hzw/Rethinking_GNN_DP/paper_experiments/figure3/figure3_pipeline3.yaml/dataset=ogbn-arxiv/feature=raw/mechanism=mbm/x_eps=0.1/m=best/norm=false/smoother=hoa/backbone=sage/use_nfr=true/logs/grid_candidate_0861_attempt_1.log,
grid_candidate_0862,grid,grid_candidate_0862,completed,1,0,46.935419,/home/hzw/Rethinking_GNN_DP/paper_experiments/figure3/figure3_pipeline3.yaml/dataset=ogbn-arxiv/feature=raw/mechanism=mbm/x_eps=0.1/m=best/norm=false/smoother=hoa/backbone=sage/use_nfr=true/logs/grid_candidate_0862_attempt_1.log,
grid_candidate_0864,grid,grid_candidate_0864,completed,1,0,47.307022,/home/hzw/Rethinking_GNN_DP/paper_experiments/figure3/figure3_pipeline3.yaml/dataset=ogbn-arxiv/feature=raw/mechanism=mbm/x_eps=0.1/m=best/norm=false/smoother=hoa/backbone=sage/use_nfr=true/logs/grid_candidate_0864_attempt_1.log,
grid_candidate_0865,grid,grid_candidate_0865,completed,1,0,43.373153,/home/hzw/Rethinking_GNN_DP/paper_experiments/figure3/figure3_pipeline3.yaml/dataset=ogbn-arxiv/feature=raw/mechanism=mbm/x_eps=0.1/m=best/norm=false/smoother=hoa/backbone=sage/use_nfr=true/logs/grid_candidate_0865_attempt_1.log,
grid_candidate_0866,grid,grid_candidate_0866,completed,1,0,44.823523,/home/hzw/Rethinking_GNN_DP/paper_experiments/figure3/figure3_pipeline3.yaml/dataset=ogbn-arxiv/feature=raw/mechanism=mbm/x_eps=0.1/m=best/norm=false/smoother=hoa/backbone=sage/use_nfr=true/logs/grid_candidate_0866_attempt_1.log,
grid_candidate_0867,grid,grid_candidate_0867,completed,1,0,41.800742,/home/hzw/Rethinking_GNN_DP/paper_experiments/figure3/figure3_pipeline3.yaml/dataset=ogbn-arxiv/feature=raw/mechanism=mbm/x_eps=0.1/m=best/norm=false/smoother=hoa/backbone=sage/use_nfr=true/logs/grid_candidate_0867_attempt_1.log,
grid_candidate_0871,grid,grid_candidate_0871,completed,1,0,41.653092,/home/hzw/Rethinking_GNN_DP/paper_experiments/figure3/figure3_pipeline3.yaml/dataset=ogbn-arxiv/feature=raw/mechanism=mbm/x_eps=0.1/m=best/norm=false/smoother=hoa/backbone=sage/use_nfr=true/logs/grid_candidate_0871_attempt_1.log,
grid_candidate_0868,grid,grid_candidate_0868,completed,1,0,44.125181,/home/hzw/Rethinking_GNN_DP/paper_experiments/figure3/figure3_pipeline3.yaml/dataset=ogbn-arxiv/feature=raw/mechanism=mbm/x_eps=0.1/m=best/norm=false/smoother=hoa/backbone=sage/use_nfr=true/logs/grid_candidate_0868_attempt_1.log,
grid_candidate_0873,grid,grid_candidate_0873,completed,1,0,41.922200,/home/hzw/Rethinking_GNN_DP/paper_experiments/figure3/figure3_pipeline3.yaml/dataset=ogbn-arxiv/feature=raw/mechanism=mbm/x_eps=0.1/m=best/norm=false/smoother=hoa/backbone=sage/use_nfr=true/logs/grid_candidate_0873_attempt_1.log,
grid_candidate_0869,grid,grid_candidate_0869,completed,1,0,45.322161,/home/hzw/Rethinking_GNN_DP/paper_experiments/figure3/figure3_pipeline3.yaml/dataset=ogbn-arxiv/feature=raw/mechanism=mbm/x_eps=0.1/m=best/norm=false/smoother=hoa/backbone=sage/use_nfr=true/logs/grid_candidate_0869_attempt_1.log,
grid_candidate_0884,grid,grid_candidate_0884,completed,1,0,34.338966,/home/hzw/Rethinking_GNN_DP/paper_experiments/figure3/figure3_pipeline3.yaml/dataset=ogbn-arxiv/feature=raw/mechanism=mbm/x_eps=0.1/m=best/norm=false/smoother=hoa/backbone=sage/use_nfr=true/logs/grid_candidate_0884_attempt_1.log,
grid_candidate_0881,grid,grid_candidate_0881,completed,1,0,39.284596,/home/hzw/Rethinking_GNN_DP/paper_experiments/figure3/figure3_pipeline3.yaml/dataset=ogbn-arxiv/feature=raw/mechanism=mbm/x_eps=0.1/m=best/norm=false/smoother=hoa/backbone=sage/use_nfr=true/logs/grid_candidate_0881_attempt_1.log,
grid_candidate_0872,grid,grid_candidate_0872,completed,1,0,49.753129,/home/hzw/Rethinking_GNN_DP/paper_experiments/figure3/figure3_pipeline3.yaml/dataset=ogbn-arxiv/feature=raw/mechanism=mbm/x_eps=0.1/m=best/norm=false/smoother=hoa/backbone=sage/use_nfr=true/logs/grid_candidate_0872_attempt_1.log,
grid_candidate_0874,grid,grid_candidate_0874,completed,1,0,48.274483,/home/hzw/Rethinking_GNN_DP/paper_experiments/figure3/figure3_pipeline3.yaml/dataset=ogbn-arxiv/feature=raw/mechanism=mbm/x_eps=0.1/m=best/norm=false/smoother=hoa/backbone=sage/use_nfr=true/logs/grid_candidate_0874_attempt_1.log,
grid_candidate_0875,grid,grid_candidate_0875,completed,1,0,47.983642,/home/hzw/Rethinking_GNN_DP/paper_experiments/figure3/figure3_pipeline3.yaml/dataset=ogbn-arxiv/feature=raw/mechanism=mbm/x_eps=0.1/m=best/norm=false/smoother=hoa/backbone=sage/use_nfr=true/logs/grid_candidate_0875_attempt_1.log,
grid_candidate_0878,grid,grid_candidate_0878,completed,1,0,47.014146,/home/hzw/Rethinking_GNN_DP/paper_experiments/figure3/figure3_pipeline3.yaml/dataset=ogbn-arxiv/feature=raw/mechanism=mbm/x_eps=0.1/m=best/norm=false/smoother=hoa/backbone=sage/use_nfr=true/logs/grid_candidate_0878_attempt_1.log,
grid_candidate_0883,grid,grid_candidate_0883,completed,1,0,42.035408,/home/hzw/Rethinking_GNN_DP/paper_experiments/figure3/figure3_pipeline3.yaml/dataset=ogbn-arxiv/feature=raw/mechanism=mbm/x_eps=0.1/m=best/norm=false/smoother=hoa/backbone=sage/use_nfr=true/logs/grid_candidate_0883_attempt_1.log,
grid_candidate_0885,grid,grid_candidate_0885,completed,1,0,41.091524,/home/hzw/Rethinking_GNN_DP/paper_experiments/figure3/figure3_pipeline3.yaml/dataset=ogbn-arxiv/feature=raw/mechanism=mbm/x_eps=0.1/m=best/norm=false/smoother=hoa/backbone=sage/use_nfr=true/logs/grid_candidate_0885_attempt_1.log,
grid_candidate_0880,grid,grid_candidate_0880,completed,1,0,48.204793,/home/hzw/Rethinking_GNN_DP/paper_experiments/figure3/figure3_pipeline3.yaml/dataset=ogbn-arxiv/feature=raw/mechanism=mbm/x_eps=0.1/m=best/norm=false/smoother=hoa/backbone=sage/use_nfr=true/logs/grid_candidate_0880_attempt_1.log,
grid_candidate_0877,grid,grid_candidate_0877,completed,1,0,49.066305,/home/hzw/Rethinking_GNN_DP/paper_experiments/figure3/figure3_pipeline3.yaml/dataset=ogbn-arxiv/feature=raw/mechanism=mbm/x_eps=0.1/m=best/norm=false/smoother=hoa/backbone=sage/use_nfr=true/logs/grid_candidate_0877_attempt_1.log,
grid_candidate_0876,grid,grid_candidate_0876,completed,1,0,50.303651,/home/hzw/Rethinking_GNN_DP/paper_experiments/figure3/figure3_pipeline3.yaml/dataset=ogbn-arxiv/feature=raw/mechanism=mbm/x_eps=0.1/m=best/norm=false/smoother=hoa/backbone=sage/use_nfr=true/logs/grid_candidate_0876_attempt_1.log,
grid_candidate_0879,grid,grid_candidate_0879,completed,1,0,49.780655,/home/hzw/Rethinking_GNN_DP/paper_experiments/figure3/figure3_pipeline3.yaml/dataset=ogbn-arxiv/feature=raw/mechanism=mbm/x_eps=0.1/m=best/norm=false/smoother=hoa/backbone=sage/use_nfr=true/logs/grid_candidate_0879_attempt_1.log,
grid_candidate_0870,grid,grid_candidate_0870,completed,1,0,54.810798,/home/hzw/Rethinking_GNN_DP/paper_experiments/figure3/figure3_pipeline3.yaml/dataset=ogbn-arxiv/feature=raw/mechanism=mbm/x_eps=0.1/m=best/norm=false/smoother=hoa/backbone=sage/use_nfr=true/logs/grid_candidate_0870_attempt_1.log,
grid_candidate_0882,grid,grid_candidate_0882,completed,1,0,46.119710,/home/hzw/Rethinking_GNN_DP/paper_experiments/figure3/figure3_pipeline3.yaml/dataset=ogbn-arxiv/feature=raw/mechanism=mbm/x_eps=0.1/m=best/norm=false/smoother=hoa/backbone=sage/use_nfr=true/logs/grid_candidate_0882_attempt_1.log,
grid_candidate_0894,grid,grid_candidate_0894,completed,1,0,31.846807,/home/hzw/Rethinking_GNN_DP/paper_experiments/figure3/figure3_pipeline3.yaml/dataset=ogbn-arxiv/feature=raw/mechanism=mbm/x_eps=0.1/m=best/norm=false/smoother=hoa/backbone=sage/use_nfr=true/logs/grid_candidate_0894_attempt_1.log,
grid_candidate_0886,grid,grid_candidate_0886,completed,1,0,47.115275,/home/hzw/Rethinking_GNN_DP/paper_experiments/figure3/figure3_pipeline3.yaml/dataset=ogbn-arxiv/feature=raw/mechanism=mbm/x_eps=0.1/m=best/norm=false/smoother=hoa/backbone=sage/use_nfr=true/logs/grid_candidate_0886_attempt_1.log,
grid_candidate_0890,grid,grid_candidate_0890,completed,1,0,41.919417,/home/hzw/Rethinking_GNN_DP/paper_experiments/figure3/figure3_pipeline3.yaml/dataset=ogbn-arxiv/feature=raw/mechanism=mbm/x_eps=0.1/m=best/norm=false/smoother=hoa/backbone=sage/use_nfr=true/logs/grid_candidate_0890_attempt_1.log,
grid_candidate_0887,grid,grid_candidate_0887,completed,1,0,44.422477,/home/hzw/Rethinking_GNN_DP/paper_experiments/figure3/figure3_pipeline3.yaml/dataset=ogbn-arxiv/feature=raw/mechanism=mbm/x_eps=0.1/m=best/norm=false/smoother=hoa/backbone=sage/use_nfr=true/logs/grid_candidate_0887_attempt_1.log,
grid_candidate_0888,grid,grid_candidate_0888,completed,1,0,44.108248,/home/hzw/Rethinking_GNN_DP/paper_experiments/figure3/figure3_pipeline3.yaml/dataset=ogbn-arxiv/feature=raw/mechanism=mbm/x_eps=0.1/m=best/norm=false/smoother=hoa/backbone=sage/use_nfr=true/logs/grid_candidate_0888_attempt_1.log,
grid_candidate_0889,grid,grid_candidate_0889,completed,1,0,44.452739,/home/hzw/Rethinking_GNN_DP/paper_experiments/figure3/figure3_pipeline3.yaml/dataset=ogbn-arxiv/feature=raw/mechanism=mbm/x_eps=0.1/m=best/norm=false/smoother=hoa/backbone=sage/use_nfr=true/logs/grid_candidate_0889_attempt_1.log,
grid_candidate_0891,grid,grid_candidate_0891,completed,1,0,46.128929,/home/hzw/Rethinking_GNN_DP/paper_experiments/figure3/figure3_pipeline3.yaml/dataset=ogbn-arxiv/feature=raw/mechanism=mbm/x_eps=0.1/m=best/norm=false/smoother=hoa/backbone=sage/use_nfr=true/logs/grid_candidate_0891_attempt_1.log,
grid_candidate_0892,grid,grid_candidate_0892,completed,1,0,46.807146,/home/hzw/Rethinking_GNN_DP/paper_experiments/figure3/figure3_pipeline3.yaml/dataset=ogbn-arxiv/feature=raw/mechanism=mbm/x_eps=0.1/m=best/norm=false/smoother=hoa/backbone=sage/use_nfr=true/logs/grid_candidate_0892_attempt_1.log,
grid_candidate_0893,grid,grid_candidate_0893,completed,1,0,46.665836,/home/hzw/Rethinking_GNN_DP/paper_experiments/figure3/figure3_pipeline3.yaml/dataset=ogbn-arxiv/feature=raw/mechanism=mbm/x_eps=0.1/m=best/norm=false/smoother=hoa/backbone=sage/use_nfr=true/logs/grid_candidate_0893_attempt_1.log,
grid_candidate_0896,grid,grid_candidate_0896,completed,1,0,44.174199,/home/hzw/Rethinking_GNN_DP/paper_experiments/figure3/figure3_pipeline3.yaml/dataset=ogbn-arxiv/feature=raw/mechanism=mbm/x_eps=0.1/m=best/norm=false/smoother=hoa/backbone=sage/use_nfr=true/logs/grid_candidate_0896_attempt_1.log,
grid_candidate_0904,grid,grid_candidate_0904,completed,1,0,31.984701,/home/hzw/Rethinking_GNN_DP/paper_experiments/figure3/figure3_pipeline3.yaml/dataset=ogbn-arxiv/feature=raw/mechanism=mbm/x_eps=0.1/m=best/norm=false/smoother=hoa/backbone=sage/use_nfr=true/logs/grid_candidate_0904_attempt_1.log,
grid_candidate_0895,grid,grid_candidate_0895,completed,1,0,47.287692,/home/hzw/Rethinking_GNN_DP/paper_experiments/figure3/figure3_pipeline3.yaml/dataset=ogbn-arxiv/feature=raw/mechanism=mbm/x_eps=0.1/m=best/norm=false/smoother=hoa/backbone=sage/use_nfr=true/logs/grid_candidate_0895_attempt_1.log,
grid_candidate_0907,grid,grid_candidate_0907,completed,1,0,31.316530,/home/hzw/Rethinking_GNN_DP/paper_experiments/figure3/figure3_pipeline3.yaml/dataset=ogbn-arxiv/feature=raw/mechanism=mbm/x_eps=0.1/m=best/norm=false/smoother=hoa/backbone=sage/use_nfr=true/logs/grid_candidate_0907_attempt_1.log,
grid_candidate_0898,grid,grid_candidate_0898,completed,1,0,48.056513,/home/hzw/Rethinking_GNN_DP/paper_experiments/figure3/figure3_pipeline3.yaml/dataset=ogbn-arxiv/feature=raw/mechanism=mbm/x_eps=0.1/m=best/norm=false/smoother=hoa/backbone=sage/use_nfr=true/logs/grid_candidate_0898_attempt_1.log,
grid_candidate_0897,grid,grid_candidate_0897,completed,1,0,51.671878,/home/hzw/Rethinking_GNN_DP/paper_experiments/figure3/figure3_pipeline3.yaml/dataset=ogbn-arxiv/feature=raw/mechanism=mbm/x_eps=0.1/m=best/norm=false/smoother=hoa/backbone=sage/use_nfr=true/logs/grid_candidate_0897_attempt_1.log,
grid_candidate_0899,grid,grid_candidate_0899,completed,1,0,47.209575,/home/hzw/Rethinking_GNN_DP/paper_experiments/figure3/figure3_pipeline3.yaml/dataset=ogbn-arxiv/feature=raw/mechanism=mbm/x_eps=0.1/m=best/norm=false/smoother=hoa/backbone=sage/use_nfr=true/logs/grid_candidate_0899_attempt_1.log,
grid_candidate_0903,grid,grid_candidate_0903,completed,1,0,43.531622,/home/hzw/Rethinking_GNN_DP/paper_experiments/figure3/figure3_pipeline3.yaml/dataset=ogbn-arxiv/feature=raw/mechanism=mbm/x_eps=0.1/m=best/norm=false/smoother=hoa/backbone=sage/use_nfr=true/logs/grid_candidate_0903_attempt_1.log,
grid_candidate_0900,grid,grid_candidate_0900,completed,1,0,47.882101,/home/hzw/Rethinking_GNN_DP/paper_experiments/figure3/figure3_pipeline3.yaml/dataset=ogbn-arxiv/feature=raw/mechanism=mbm/x_eps=0.1/m=best/norm=false/smoother=hoa/backbone=sage/use_nfr=true/logs/grid_candidate_0900_attempt_1.log,
grid_candidate_0901,grid,grid_candidate_0901,completed,1,0,47.833918,/home/hzw/Rethinking_GNN_DP/paper_experiments/figure3/figure3_pipeline3.yaml/dataset=ogbn-arxiv/feature=raw/mechanism=mbm/x_eps=0.1/m=best/norm=false/smoother=hoa/backbone=sage/use_nfr=true/logs/grid_candidate_0901_attempt_1.log,
grid_candidate_0906,grid,grid_candidate_0906,completed,1,0,39.909682,/home/hzw/Rethinking_GNN_DP/paper_experiments/figure3/figure3_pipeline3.yaml/dataset=ogbn-arxiv/feature=raw/mechanism=mbm/x_eps=0.1/m=best/norm=false/smoother=hoa/backbone=sage/use_nfr=true/logs/grid_candidate_0906_attempt_1.log,
grid_candidate_0902,grid,grid_candidate_0902,completed,1,0,46.918619,/home/hzw/Rethinking_GNN_DP/paper_experiments/figure3/figure3_pipeline3.yaml/dataset=ogbn-arxiv/feature=raw/mechanism=mbm/x_eps=0.1/m=best/norm=false/smoother=hoa/backbone=sage/use_nfr=true/logs/grid_candidate_0902_attempt_1.log,
grid_candidate_0905,grid,grid_candidate_0905,completed,1,0,43.828515,/home/hzw/Rethinking_GNN_DP/paper_experiments/figure3/figure3_pipeline3.yaml/dataset=ogbn-arxiv/feature=raw/mechanism=mbm/x_eps=0.1/m=best/norm=false/smoother=hoa/backbone=sage/use_nfr=true/logs/grid_candidate_0905_attempt_1.log,
grid_candidate_0917,grid,grid_candidate_0917,completed,1,0,34.283798,/home/hzw/Rethinking_GNN_DP/paper_experiments/figure3/figure3_pipeline3.yaml/dataset=ogbn-arxiv/feature=raw/mechanism=mbm/x_eps=0.1/m=best/norm=false/smoother=hoa/backbone=sage/use_nfr=true/logs/grid_candidate_0917_attempt_1.log,
grid_candidate_0909,grid,grid_candidate_0909,completed,1,0,41.329726,/home/hzw/Rethinking_GNN_DP/paper_experiments/figure3/figure3_pipeline3.yaml/dataset=ogbn-arxiv/feature=raw/mechanism=mbm/x_eps=0.1/m=best/norm=false/smoother=hoa/backbone=sage/use_nfr=true/logs/grid_candidate_0909_attempt_1.log,
grid_candidate_0908,grid,grid_candidate_0908,completed,1,0,44.163199,/home/hzw/Rethinking_GNN_DP/paper_experiments/figure3/figure3_pipeline3.yaml/dataset=ogbn-arxiv/feature=raw/mechanism=mbm/x_eps=0.1/m=best/norm=false/smoother=hoa/backbone=sage/use_nfr=true/logs/grid_candidate_0908_attempt_1.log,
grid_candidate_0922,grid,grid_candidate_0922,completed,1,0,33.498200,/home/hzw/Rethinking_GNN_DP/paper_experiments/figure3/figure3_pipeline3.yaml/dataset=ogbn-arxiv/feature=raw/mechanism=mbm/x_eps=0.1/m=best/norm=false/smoother=hoa/backbone=sage/use_nfr=true/logs/grid_candidate_0922_attempt_1.log,
grid_candidate_0923,grid,grid_candidate_0923,completed,1,0,33.323465,/home/hzw/Rethinking_GNN_DP/paper_experiments/figure3/figure3_pipeline3.yaml/dataset=ogbn-arxiv/feature=raw/mechanism=mbm/x_eps=0.1/m=best/norm=false/smoother=hoa/backbone=sage/use_nfr=true/logs/grid_candidate_0923_attempt_1.log,
grid_candidate_0911,grid,grid_candidate_0911,completed,1,0,43.233145,/home/hzw/Rethinking_GNN_DP/paper_experiments/figure3/figure3_pipeline3.yaml/dataset=ogbn-arxiv/feature=raw/mechanism=mbm/x_eps=0.1/m=best/norm=false/smoother=hoa/backbone=sage/use_nfr=true/logs/grid_candidate_0911_attempt_1.log,
grid_candidate_0912,grid,grid_candidate_0912,completed,1,0,43.589611,/home/hzw/Rethinking_GNN_DP/paper_experiments/figure3/figure3_pipeline3.yaml/dataset=ogbn-arxiv/feature=raw/mechanism=mbm/x_eps=0.1/m=best/norm=false/smoother=hoa/backbone=sage/use_nfr=true/logs/grid_candidate_0912_attempt_1.log,
grid_candidate_0913,grid,grid_candidate_0913,completed,1,0,46.035466,/home/hzw/Rethinking_GNN_DP/paper_experiments/figure3/figure3_pipeline3.yaml/dataset=ogbn-arxiv/feature=raw/mechanism=mbm/x_eps=0.1/m=best/norm=false/smoother=hoa/backbone=sage/use_nfr=true/logs/grid_candidate_0913_attempt_1.log,
grid_candidate_0914,grid,grid_candidate_0914,completed,1,0,46.090690,/home/hzw/Rethinking_GNN_DP/paper_experiments/figure3/figure3_pipeline3.yaml/dataset=ogbn-arxiv/feature=raw/mechanism=mbm/x_eps=0.1/m=best/norm=false/smoother=hoa/backbone=sage/use_nfr=true/logs/grid_candidate_0914_attempt_1.log,
grid_candidate_0910,grid,grid_candidate_0910,completed,1,0,49.602858,/home/hzw/Rethinking_GNN_DP/paper_experiments/figure3/figure3_pipeline3.yaml/dataset=ogbn-arxiv/feature=raw/mechanism=mbm/x_eps=0.1/m=best/norm=false/smoother=hoa/backbone=sage/use_nfr=true/logs/grid_candidate_0910_attempt_1.log,
grid_candidate_0918,grid,grid_candidate_0918,completed,1,0,47.455917,/home/hzw/Rethinking_GNN_DP/paper_experiments/figure3/figure3_pipeline3.yaml/dataset=ogbn-arxiv/feature=raw/mechanism=mbm/x_eps=0.1/m=best/norm=false/smoother=hoa/backbone=sage/use_nfr=true/logs/grid_candidate_0918_attempt_1.log,
grid_candidate_0916,grid,grid_candidate_0916,completed,1,0,48.990682,/home/hzw/Rethinking_GNN_DP/paper_experiments/figure3/figure3_pipeline3.yaml/dataset=ogbn-arxiv/feature=raw/mechanism=mbm/x_eps=0.1/m=best/norm=false/smoother=hoa/backbone=sage/use_nfr=true/logs/grid_candidate_0916_attempt_1.log,
grid_candidate_0927,grid,grid_candidate_0927,completed,1,0,40.114313,/home/hzw/Rethinking_GNN_DP/paper_experiments/figure3/figure3_pipeline3.yaml/dataset=ogbn-arxiv/feature=raw/mechanism=mbm/x_eps=0.1/m=best/norm=false/smoother=hoa/backbone=sage/use_nfr=true/logs/grid_candidate_0927_attempt_1.log,
grid_candidate_0919,grid,grid_candidate_0919,completed,1,0,49.114241,/home/hzw/Rethinking_GNN_DP/paper_experiments/figure3/figure3_pipeline3.yaml/dataset=ogbn-arxiv/feature=raw/mechanism=mbm/x_eps=0.1/m=best/norm=false/smoother=hoa/backbone=sage/use_nfr=true/logs/grid_candidate_0919_attempt_1.log,
grid_candidate_0915,grid,grid_candidate_0915,completed,1,0,51.827165,/home/hzw/Rethinking_GNN_DP/paper_experiments/figure3/figure3_pipeline3.yaml/dataset=ogbn-arxiv/feature=raw/mechanism=mbm/x_eps=0.1/m=best/norm=false/smoother=hoa/backbone=sage/use_nfr=true/logs/grid_candidate_0915_attempt_1.log,
grid_candidate_0924,grid,grid_candidate_0924,completed,1,0,46.105543,/home/hzw/Rethinking_GNN_DP/paper_experiments/figure3/figure3_pipeline3.yaml/dataset=ogbn-arxiv/feature=raw/mechanism=mbm/x_eps=0.1/m=best/norm=false/smoother=hoa/backbone=sage/use_nfr=true/logs/grid_candidate_0924_attempt_1.log,
grid_candidate_0934,grid,grid_candidate_0934,completed,1,0,33.465037,/home/hzw/Rethinking_GNN_DP/paper_experiments/figure3/figure3_pipeline3.yaml/dataset=ogbn-arxiv/feature=raw/mechanism=mbm/x_eps=0.1/m=best/norm=false/smoother=hoa/backbone=sage/use_nfr=true/logs/grid_candidate_0934_attempt_1.log,
grid_candidate_0926,grid,grid_candidate_0926,completed,1,0,48.313863,/home/hzw/Rethinking_GNN_DP/paper_experiments/figure3/figure3_pipeline3.yaml/dataset=ogbn-arxiv/feature=raw/mechanism=mbm/x_eps=0.1/m=best/norm=false/smoother=hoa/backbone=sage/use_nfr=true/logs/grid_candidate_0926_attempt_1.log,
grid_candidate_0928,grid,grid_candidate_0928,completed,1,0,44.934812,/home/hzw/Rethinking_GNN_DP/paper_experiments/figure3/figure3_pipeline3.yaml/dataset=ogbn-arxiv/feature=raw/mechanism=mbm/x_eps=0.1/m=best/norm=false/smoother=hoa/backbone=sage/use_nfr=true/logs/grid_candidate_0928_attempt_1.log,
grid_candidate_0921,grid,grid_candidate_0921,completed,1,0,56.908375,/home/hzw/Rethinking_GNN_DP/paper_experiments/figure3/figure3_pipeline3.yaml/dataset=ogbn-arxiv/feature=raw/mechanism=mbm/x_eps=0.1/m=best/norm=false/smoother=hoa/backbone=sage/use_nfr=true/logs/grid_candidate_0921_attempt_1.log,
grid_candidate_0920,grid,grid_candidate_0920,completed,1,0,58.271981,/home/hzw/Rethinking_GNN_DP/paper_experiments/figure3/figure3_pipeline3.yaml/dataset=ogbn-arxiv/feature=raw/mechanism=mbm/x_eps=0.1/m=best/norm=false/smoother=hoa/backbone=sage/use_nfr=true/logs/grid_candidate_0920_attempt_1.log,
grid_candidate_0925,grid,grid_candidate_0925,completed,1,0,52.294091,/home/hzw/Rethinking_GNN_DP/paper_experiments/figure3/figure3_pipeline3.yaml/dataset=ogbn-arxiv/feature=raw/mechanism=mbm/x_eps=0.1/m=best/norm=false/smoother=hoa/backbone=sage/use_nfr=true/logs/grid_candidate_0925_attempt_1.log,
grid_candidate_0929,grid,grid_candidate_0929,completed,1,0,45.930194,/home/hzw/Rethinking_GNN_DP/paper_experiments/figure3/figure3_pipeline3.yaml/dataset=ogbn-arxiv/feature=raw/mechanism=mbm/x_eps=0.1/m=best/norm=false/smoother=hoa/backbone=sage/use_nfr=true/logs/grid_candidate_0929_attempt_1.log,
grid_candidate_0930,grid,grid_candidate_0930,completed,1,0,45.882134,/home/hzw/Rethinking_GNN_DP/paper_experiments/figure3/figure3_pipeline3.yaml/dataset=ogbn-arxiv/feature=raw/mechanism=mbm/x_eps=0.1/m=best/norm=false/smoother=hoa/backbone=sage/use_nfr=true/logs/grid_candidate_0930_attempt_1.log,
grid_candidate_0931,grid,grid_candidate_0931,completed,1,0,46.286277,/home/hzw/Rethinking_GNN_DP/paper_experiments/figure3/figure3_pipeline3.yaml/dataset=ogbn-arxiv/feature=raw/mechanism=mbm/x_eps=0.1/m=best/norm=false/smoother=hoa/backbone=sage/use_nfr=true/logs/grid_candidate_0931_attempt_1.log,
grid_candidate_0943,grid,grid_candidate_0943,completed,1,0,34.665605,/home/hzw/Rethinking_GNN_DP/paper_experiments/figure3/figure3_pipeline3.yaml/dataset=ogbn-arxiv/feature=raw/mechanism=mbm/x_eps=0.1/m=best/norm=false/smoother=hoa/backbone=sage/use_nfr=true/logs/grid_candidate_0943_attempt_1.log,
grid_candidate_0932,grid,grid_candidate_0932,completed,1,0,47.894441,/home/hzw/Rethinking_GNN_DP/paper_experiments/figure3/figure3_pipeline3.yaml/dataset=ogbn-arxiv/feature=raw/mechanism=mbm/x_eps=0.1/m=best/norm=false/smoother=hoa/backbone=sage/use_nfr=true/logs/grid_candidate_0932_attempt_1.log,
grid_candidate_0938,grid,grid_candidate_0938,completed,1,0,43.478891,/home/hzw/Rethinking_GNN_DP/paper_experiments/figure3/figure3_pipeline3.yaml/dataset=ogbn-arxiv/feature=raw/mechanism=mbm/x_eps=0.1/m=best/norm=false/smoother=hoa/backbone=sage/use_nfr=true/logs/grid_candidate_0938_attempt_1.log,
grid_candidate_0936,grid,grid_candidate_0936,completed,1,0,45.976570,/home/hzw/Rethinking_GNN_DP/paper_experiments/figure3/figure3_pipeline3.yaml/dataset=ogbn-arxiv/feature=raw/mechanism=mbm/x_eps=0.1/m=best/norm=false/smoother=hoa/backbone=sage/use_nfr=true/logs/grid_candidate_0936_attempt_1.log,
grid_candidate_0947,grid,grid_candidate_0947,completed,1,0,33.817655,/home/hzw/Rethinking_GNN_DP/paper_experiments/figure3/figure3_pipeline3.yaml/dataset=ogbn-arxiv/feature=raw/mechanism=mbm/x_eps=0.1/m=best/norm=false/smoother=hoa/backbone=sage/use_nfr=true/logs/grid_candidate_0947_attempt_1.log,
grid_candidate_0935,grid,grid_candidate_0935,completed,1,0,50.622504,/home/hzw/Rethinking_GNN_DP/paper_experiments/figure3/figure3_pipeline3.yaml/dataset=ogbn-arxiv/feature=raw/mechanism=mbm/x_eps=0.1/m=best/norm=false/smoother=hoa/backbone=sage/use_nfr=true/logs/grid_candidate_0935_attempt_1.log,
grid_candidate_0941,grid,grid_candidate_0941,completed,1,0,46.129640,/home/hzw/Rethinking_GNN_DP/paper_experiments/figure3/figure3_pipeline3.yaml/dataset=ogbn-arxiv/feature=raw/mechanism=mbm/x_eps=0.1/m=best/norm=false/smoother=hoa/backbone=sage/use_nfr=true/logs/grid_candidate_0941_attempt_1.log,
grid_candidate_0942,grid,grid_candidate_0942,completed,1,0,46.935497,/home/hzw/Rethinking_GNN_DP/paper_experiments/figure3/figure3_pipeline3.yaml/dataset=ogbn-arxiv/feature=raw/mechanism=mbm/x_eps=0.1/m=best/norm=false/smoother=hoa/backbone=sage/use_nfr=true/logs/grid_candidate_0942_attempt_1.log,
grid_candidate_0939,grid,grid_candidate_0939,completed,1,0,49.299527,/home/hzw/Rethinking_GNN_DP/paper_experiments/figure3/figure3_pipeline3.yaml/dataset=ogbn-arxiv/feature=raw/mechanism=mbm/x_eps=0.1/m=best/norm=false/smoother=hoa/backbone=sage/use_nfr=true/logs/grid_candidate_0939_attempt_1.log,
grid_candidate_0945,grid,grid_candidate_0945,completed,1,0,42.893858,/home/hzw/Rethinking_GNN_DP/paper_experiments/figure3/figure3_pipeline3.yaml/dataset=ogbn-arxiv/feature=raw/mechanism=mbm/x_eps=0.1/m=best/norm=false/smoother=hoa/backbone=sage/use_nfr=true/logs/grid_candidate_0945_attempt_1.log,
grid_candidate_0937,grid,grid_candidate_0937,completed,1,0,51.712198,/home/hzw/Rethinking_GNN_DP/paper_experiments/figure3/figure3_pipeline3.yaml/dataset=ogbn-arxiv/feature=raw/mechanism=mbm/x_eps=0.1/m=best/norm=false/smoother=hoa/backbone=sage/use_nfr=true/logs/grid_candidate_0937_attempt_1.log,
grid_candidate_0933,grid,grid_candidate_0933,completed,1,0,57.975657,/home/hzw/Rethinking_GNN_DP/paper_experiments/figure3/figure3_pipeline3.yaml/dataset=ogbn-arxiv/feature=raw/mechanism=mbm/x_eps=0.1/m=best/norm=false/smoother=hoa/backbone=sage/use_nfr=true/logs/grid_candidate_0933_attempt_1.log,
grid_candidate_0944,grid,grid_candidate_0944,completed,1,0,45.842044,/home/hzw/Rethinking_GNN_DP/paper_experiments/figure3/figure3_pipeline3.yaml/dataset=ogbn-arxiv/feature=raw/mechanism=mbm/x_eps=0.1/m=best/norm=false/smoother=hoa/backbone=sage/use_nfr=true/logs/grid_candidate_0944_attempt_1.log,
grid_candidate_0959,grid,grid_candidate_0959,completed,1,0,28.648399,/home/hzw/Rethinking_GNN_DP/paper_experiments/figure3/figure3_pipeline3.yaml/dataset=ogbn-arxiv/feature=raw/mechanism=mbm/x_eps=0.1/m=best/norm=false/smoother=hoa/backbone=sage/use_nfr=true/logs/grid_candidate_0959_attempt_1.log,
grid_candidate_0949,grid,grid_candidate_0949,completed,1,0,46.188469,/home/hzw/Rethinking_GNN_DP/paper_experiments/figure3/figure3_pipeline3.yaml/dataset=ogbn-arxiv/feature=raw/mechanism=mbm/x_eps=0.1/m=best/norm=false/smoother=hoa/backbone=sage/use_nfr=true/logs/grid_candidate_0949_attempt_1.log,
grid_candidate_0940,grid,grid_candidate_0940,completed,1,0,56.729982,/home/hzw/Rethinking_GNN_DP/paper_experiments/figure3/figure3_pipeline3.yaml/dataset=ogbn-arxiv/feature=raw/mechanism=mbm/x_eps=0.1/m=best/norm=false/smoother=hoa/backbone=sage/use_nfr=true/logs/grid_candidate_0940_attempt_1.log,
grid_candidate_0948,grid,grid_candidate_0948,completed,1,0,47.204522,/home/hzw/Rethinking_GNN_DP/paper_experiments/figure3/figure3_pipeline3.yaml/dataset=ogbn-arxiv/feature=raw/mechanism=mbm/x_eps=0.1/m=best/norm=false/smoother=hoa/backbone=sage/use_nfr=true/logs/grid_candidate_0948_attempt_1.log,
grid_candidate_0946,grid,grid_candidate_0946,completed,1,0,51.221087,/home/hzw/Rethinking_GNN_DP/paper_experiments/figure3/figure3_pipeline3.yaml/dataset=ogbn-arxiv/feature=raw/mechanism=mbm/x_eps=0.1/m=best/norm=false/smoother=hoa/backbone=sage/use_nfr=true/logs/grid_candidate_0946_attempt_1.log,
grid_candidate_0950,grid,grid_candidate_0950,completed,1,0,47.451951,/home/hzw/Rethinking_GNN_DP/paper_experiments/figure3/figure3_pipeline3.yaml/dataset=ogbn-arxiv/feature=raw/mechanism=mbm/x_eps=0.1/m=best/norm=false/smoother=hoa/backbone=sage/use_nfr=true/logs/grid_candidate_0950_attempt_1.log,
grid_candidate_0962,grid,grid_candidate_0962,completed,1,0,34.729536,/home/hzw/Rethinking_GNN_DP/paper_experiments/figure3/figure3_pipeline3.yaml/dataset=ogbn-arxiv/feature=raw/mechanism=mbm/x_eps=0.1/m=best/norm=false/smoother=hoa/backbone=sage/use_nfr=true/logs/grid_candidate_0962_attempt_1.log,
grid_candidate_0952,grid,grid_candidate_0952,completed,1,0,48.876485,/home/hzw/Rethinking_GNN_DP/paper_experiments/figure3/figure3_pipeline3.yaml/dataset=ogbn-arxiv/feature=raw/mechanism=mbm/x_eps=0.1/m=best/norm=false/smoother=hoa/backbone=sage/use_nfr=true/logs/grid_candidate_0952_attempt_1.log,
grid_candidate_0951,grid,grid_candidate_0951,completed,1,0,49.857514,/home/hzw/Rethinking_GNN_DP/paper_experiments/figure3/figure3_pipeline3.yaml/dataset=ogbn-arxiv/feature=raw/mechanism=mbm/x_eps=0.1/m=best/norm=false/smoother=hoa/backbone=sage/use_nfr=true/logs/grid_candidate_0951_attempt_1.log,
grid_candidate_0953,grid,grid_candidate_0953,completed,1,0,48.440291,/home/hzw/Rethinking_GNN_DP/paper_experiments/figure3/figure3_pipeline3.yaml/dataset=ogbn-arxiv/feature=raw/mechanism=mbm/x_eps=0.1/m=best/norm=false/smoother=hoa/backbone=sage/use_nfr=true/logs/grid_candidate_0953_attempt_1.log,
grid_candidate_0956,grid,grid_candidate_0956,completed,1,0,44.916873,/home/hzw/Rethinking_GNN_DP/paper_experiments/figure3/figure3_pipeline3.yaml/dataset=ogbn-arxiv/feature=raw/mechanism=mbm/x_eps=0.1/m=best/norm=false/smoother=hoa/backbone=sage/use_nfr=true/logs/grid_candidate_0956_attempt_1.log,
grid_candidate_0954,grid,grid_candidate_0954,completed,1,0,48.286505,/home/hzw/Rethinking_GNN_DP/paper_experiments/figure3/figure3_pipeline3.yaml/dataset=ogbn-arxiv/feature=raw/mechanism=mbm/x_eps=0.1/m=best/norm=false/smoother=hoa/backbone=sage/use_nfr=true/logs/grid_candidate_0954_attempt_1.log,
grid_candidate_0957,grid,grid_candidate_0957,completed,1,0,46.515677,/home/hzw/Rethinking_GNN_DP/paper_experiments/figure3/figure3_pipeline3.yaml/dataset=ogbn-arxiv/feature=raw/mechanism=mbm/x_eps=0.1/m=best/norm=false/smoother=hoa/backbone=sage/use_nfr=true/logs/grid_candidate_0957_attempt_1.log,
grid_candidate_0955,grid,grid_candidate_0955,completed,1,0,48.231081,/home/hzw/Rethinking_GNN_DP/paper_experiments/figure3/figure3_pipeline3.yaml/dataset=ogbn-arxiv/feature=raw/mechanism=mbm/x_eps=0.1/m=best/norm=false/smoother=hoa/backbone=sage/use_nfr=true/logs/grid_candidate_0955_attempt_1.log,
grid_candidate_0958,grid,grid_candidate_0958,completed,1,0,45.755947,/home/hzw/Rethinking_GNN_DP/paper_experiments/figure3/figure3_pipeline3.yaml/dataset=ogbn-arxiv/feature=raw/mechanism=mbm/x_eps=0.1/m=best/norm=false/smoother=hoa/backbone=sage/use_nfr=true/logs/grid_candidate_0958_attempt_1.log,
grid_candidate_0960,grid,grid_candidate_0960,completed,1,0,43.231070,/home/hzw/Rethinking_GNN_DP/paper_experiments/figure3/figure3_pipeline3.yaml/dataset=ogbn-arxiv/feature=raw/mechanism=mbm/x_eps=0.1/m=best/norm=false/smoother=hoa/backbone=sage/use_nfr=true/logs/grid_candidate_0960_attempt_1.log,
grid_candidate_0961,grid,grid_candidate_0961,completed,1,0,44.646773,/home/hzw/Rethinking_GNN_DP/paper_experiments/figure3/figure3_pipeline3.yaml/dataset=ogbn-arxiv/feature=raw/mechanism=mbm/x_eps=0.1/m=best/norm=false/smoother=hoa/backbone=sage/use_nfr=true/logs/grid_candidate_0961_attempt_1.log,
grid_candidate_0966,grid,grid_candidate_0966,completed,1,0,47.283001,/home/hzw/Rethinking_GNN_DP/paper_experiments/figure3/figure3_pipeline3.yaml/dataset=ogbn-arxiv/feature=raw/mechanism=mbm/x_eps=0.1/m=best/norm=false/smoother=hoa/backbone=sage/use_nfr=true/logs/grid_candidate_0966_attempt_1.log,
grid_candidate_0975,grid,grid_candidate_0975,completed,1,0,35.094836,/home/hzw/Rethinking_GNN_DP/paper_experiments/figure3/figure3_pipeline3.yaml/dataset=ogbn-arxiv/feature=raw/mechanism=mbm/x_eps=0.1/m=best/norm=false/smoother=hoa/backbone=sage/use_nfr=true/logs/grid_candidate_0975_attempt_1.log,
grid_candidate_0964,grid,grid_candidate_0964,completed,1,0,52.136397,/home/hzw/Rethinking_GNN_DP/paper_experiments/figure3/figure3_pipeline3.yaml/dataset=ogbn-arxiv/feature=raw/mechanism=mbm/x_eps=0.1/m=best/norm=false/smoother=hoa/backbone=sage/use_nfr=true/logs/grid_candidate_0964_attempt_1.log,
grid_candidate_0970,grid,grid_candidate_0970,completed,1,0,43.848459,/home/hzw/Rethinking_GNN_DP/paper_experiments/figure3/figure3_pipeline3.yaml/dataset=ogbn-arxiv/feature=raw/mechanism=mbm/x_eps=0.1/m=best/norm=false/smoother=hoa/backbone=sage/use_nfr=true/logs/grid_candidate_0970_attempt_1.log,
grid_candidate_0967,grid,grid_candidate_0967,completed,1,0,50.238985,/home/hzw/Rethinking_GNN_DP/paper_experiments/figure3/figure3_pipeline3.yaml/dataset=ogbn-arxiv/feature=raw/mechanism=mbm/x_eps=0.1/m=best/norm=false/smoother=hoa/backbone=sage/use_nfr=true/logs/grid_candidate_0967_attempt_1.log,
grid_candidate_0965,grid,grid_candidate_0965,completed,1,0,53.533107,/home/hzw/Rethinking_GNN_DP/paper_experiments/figure3/figure3_pipeline3.yaml/dataset=ogbn-arxiv/feature=raw/mechanism=mbm/x_eps=0.1/m=best/norm=false/smoother=hoa/backbone=sage/use_nfr=true/logs/grid_candidate_0965_attempt_1.log,
grid_candidate_0963,grid,grid_candidate_0963,completed,1,0,56.491777,/home/hzw/Rethinking_GNN_DP/paper_experiments/figure3/figure3_pipeline3.yaml/dataset=ogbn-arxiv/feature=raw/mechanism=mbm/x_eps=0.1/m=best/norm=false/smoother=hoa/backbone=sage/use_nfr=true/logs/grid_candidate_0963_attempt_1.log,
grid_candidate_0969,grid,grid_candidate_0969,completed,1,0,48.159758,/home/hzw/Rethinking_GNN_DP/paper_experiments/figure3/figure3_pipeline3.yaml/dataset=ogbn-arxiv/feature=raw/mechanism=mbm/x_eps=0.1/m=best/norm=false/smoother=hoa/backbone=sage/use_nfr=true/logs/grid_candidate_0969_attempt_1.log,
grid_candidate_0968,grid,grid_candidate_0968,completed,1,0,52.175653,/home/hzw/Rethinking_GNN_DP/paper_experiments/figure3/figure3_pipeline3.yaml/dataset=ogbn-arxiv/feature=raw/mechanism=mbm/x_eps=0.1/m=best/norm=false/smoother=hoa/backbone=sage/use_nfr=true/logs/grid_candidate_0968_attempt_1.log,
grid_candidate_0973,grid,grid_candidate_0973,completed,1,0,44.482106,/home/hzw/Rethinking_GNN_DP/paper_experiments/figure3/figure3_pipeline3.yaml/dataset=ogbn-arxiv/feature=raw/mechanism=mbm/x_eps=0.1/m=best/norm=false/smoother=hoa/backbone=sage/use_nfr=true/logs/grid_candidate_0973_attempt_1.log,
grid_candidate_0971,grid,grid_candidate_0971,completed,1,0,46.572022,/home/hzw/Rethinking_GNN_DP/paper_experiments/figure3/figure3_pipeline3.yaml/dataset=ogbn-arxiv/feature=raw/mechanism=mbm/x_eps=0.1/m=best/norm=false/smoother=hoa/backbone=sage/use_nfr=true/logs/grid_candidate_0971_attempt_1.log,
grid_candidate_0972,grid,grid_candidate_0972,completed,1,0,47.611129,/home/hzw/Rethinking_GNN_DP/paper_experiments/figure3/figure3_pipeline3.yaml/dataset=ogbn-arxiv/feature=raw/mechanism=mbm/x_eps=0.1/m=best/norm=false/smoother=hoa/backbone=sage/use_nfr=true/logs/grid_candidate_0972_attempt_1.log,
grid_candidate_0974,grid,grid_candidate_0974,completed,1,0,46.861874,/home/hzw/Rethinking_GNN_DP/paper_experiments/figure3/figure3_pipeline3.yaml/dataset=ogbn-arxiv/feature=raw/mechanism=mbm/x_eps=0.1/m=best/norm=false/smoother=hoa/backbone=sage/use_nfr=true/logs/grid_candidate_0974_attempt_1.log,
grid_candidate_0979,grid,grid_candidate_0979,completed,1,0,43.298543,/home/hzw/Rethinking_GNN_DP/paper_experiments/figure3/figure3_pipeline3.yaml/dataset=ogbn-arxiv/feature=raw/mechanism=mbm/x_eps=0.1/m=best/norm=false/smoother=hoa/backbone=sage/use_nfr=true/logs/grid_candidate_0979_attempt_1.log,
grid_candidate_0981,grid,grid_candidate_0981,completed,1,0,42.592787,/home/hzw/Rethinking_GNN_DP/paper_experiments/figure3/figure3_pipeline3.yaml/dataset=ogbn-arxiv/feature=raw/mechanism=mbm/x_eps=0.1/m=best/norm=false/smoother=hoa/backbone=sage/use_nfr=true/logs/grid_candidate_0981_attempt_1.log,
grid_candidate_0982,grid,grid_candidate_0982,completed,1,0,39.984772,/home/hzw/Rethinking_GNN_DP/paper_experiments/figure3/figure3_pipeline3.yaml/dataset=ogbn-arxiv/feature=raw/mechanism=mbm/x_eps=0.1/m=best/norm=false/smoother=hoa/backbone=sage/use_nfr=true/logs/grid_candidate_0982_attempt_1.log,
grid_candidate_0978,grid,grid_candidate_0978,completed,1,0,45.644171,/home/hzw/Rethinking_GNN_DP/paper_experiments/figure3/figure3_pipeline3.yaml/dataset=ogbn-arxiv/feature=raw/mechanism=mbm/x_eps=0.1/m=best/norm=false/smoother=hoa/backbone=sage/use_nfr=true/logs/grid_candidate_0978_attempt_1.log,
grid_candidate_0980,grid,grid_candidate_0980,completed,1,0,47.309969,/home/hzw/Rethinking_GNN_DP/paper_experiments/figure3/figure3_pipeline3.yaml/dataset=ogbn-arxiv/feature=raw/mechanism=mbm/x_eps=0.1/m=best/norm=false/smoother=hoa/backbone=sage/use_nfr=true/logs/grid_candidate_0980_attempt_1.log,
grid_candidate_0992,grid,grid_candidate_0992,completed,1,0,31.665787,/home/hzw/Rethinking_GNN_DP/paper_experiments/figure3/figure3_pipeline3.yaml/dataset=ogbn-arxiv/feature=raw/mechanism=mbm/x_eps=0.1/m=best/norm=false/smoother=hoa/backbone=sage/use_nfr=true/logs/grid_candidate_0992_attempt_1.log,
grid_candidate_0976,grid,grid_candidate_0976,completed,1,0,50.573479,/home/hzw/Rethinking_GNN_DP/paper_experiments/figure3/figure3_pipeline3.yaml/dataset=ogbn-arxiv/feature=raw/mechanism=mbm/x_eps=0.1/m=best/norm=false/smoother=hoa/backbone=sage/use_nfr=true/logs/grid_candidate_0976_attempt_1.log,
grid_candidate_0985,grid,grid_candidate_0985,completed,1,0,41.767111,/home/hzw/Rethinking_GNN_DP/paper_experiments/figure3/figure3_pipeline3.yaml/dataset=ogbn-arxiv/feature=raw/mechanism=mbm/x_eps=0.1/m=best/norm=false/smoother=hoa/backbone=sage/use_nfr=true/logs/grid_candidate_0985_attempt_1.log,
grid_candidate_0977,grid,grid_candidate_0977,completed,1,0,52.103611,/home/hzw/Rethinking_GNN_DP/paper_experiments/figure3/figure3_pipeline3.yaml/dataset=ogbn-arxiv/feature=raw/mechanism=mbm/x_eps=0.1/m=best/norm=false/smoother=hoa/backbone=sage/use_nfr=true/logs/grid_candidate_0977_attempt_1.log,
grid_candidate_0983,grid,grid_candidate_0983,completed,1,0,45.430367,/home/hzw/Rethinking_GNN_DP/paper_experiments/figure3/figure3_pipeline3.yaml/dataset=ogbn-arxiv/feature=raw/mechanism=mbm/x_eps=0.1/m=best/norm=false/smoother=hoa/backbone=sage/use_nfr=true/logs/grid_candidate_0983_attempt_1.log,
grid_candidate_0991,grid,grid_candidate_0991,completed,1,0,38.248822,/home/hzw/Rethinking_GNN_DP/paper_experiments/figure3/figure3_pipeline3.yaml/dataset=ogbn-arxiv/feature=raw/mechanism=mbm/x_eps=0.1/m=best/norm=false/smoother=hoa/backbone=sage/use_nfr=true/logs/grid_candidate_0991_attempt_1.log,
grid_candidate_0993,grid,grid_candidate_0993,completed,1,0,38.756583,/home/hzw/Rethinking_GNN_DP/paper_experiments/figure3/figure3_pipeline3.yaml/dataset=ogbn-arxiv/feature=raw/mechanism=mbm/x_eps=0.1/m=best/norm=false/smoother=hoa/backbone=sage/use_nfr=true/logs/grid_candidate_0993_attempt_1.log,
grid_candidate_0986,grid,grid_candidate_0986,completed,1,0,48.988613,/home/hzw/Rethinking_GNN_DP/paper_experiments/figure3/figure3_pipeline3.yaml/dataset=ogbn-arxiv/feature=raw/mechanism=mbm/x_eps=0.1/m=best/norm=false/smoother=hoa/backbone=sage/use_nfr=true/logs/grid_candidate_0986_attempt_1.log,
grid_candidate_0987,grid,grid_candidate_0987,completed,1,0,48.576347,/home/hzw/Rethinking_GNN_DP/paper_experiments/figure3/figure3_pipeline3.yaml/dataset=ogbn-arxiv/feature=raw/mechanism=mbm/x_eps=0.1/m=best/norm=false/smoother=hoa/backbone=sage/use_nfr=true/logs/grid_candidate_0987_attempt_1.log,
grid_candidate_0984,grid,grid_candidate_0984,completed,1,0,51.463540,/home/hzw/Rethinking_GNN_DP/paper_experiments/figure3/figure3_pipeline3.yaml/dataset=ogbn-arxiv/feature=raw/mechanism=mbm/x_eps=0.1/m=best/norm=false/smoother=hoa/backbone=sage/use_nfr=true/logs/grid_candidate_0984_attempt_1.log,
grid_candidate_0988,grid,grid_candidate_0988,completed,1,0,45.994450,/home/hzw/Rethinking_GNN_DP/paper_experiments/figure3/figure3_pipeline3.yaml/dataset=ogbn-arxiv/feature=raw/mechanism=mbm/x_eps=0.1/m=best/norm=false/smoother=hoa/backbone=sage/use_nfr=true/logs/grid_candidate_0988_attempt_1.log,
grid_candidate_0989,grid,grid_candidate_0989,completed,1,0,47.398426,/home/hzw/Rethinking_GNN_DP/paper_experiments/figure3/figure3_pipeline3.yaml/dataset=ogbn-arxiv/feature=raw/mechanism=mbm/x_eps=0.1/m=best/norm=false/smoother=hoa/backbone=sage/use_nfr=true/logs/grid_candidate_0989_attempt_1.log,
grid_candidate_1000,grid,grid_candidate_1000,completed,1,0,31.000343,/home/hzw/Rethinking_GNN_DP/paper_experiments/figure3/figure3_pipeline3.yaml/dataset=ogbn-arxiv/feature=raw/mechanism=mbm/x_eps=0.1/m=best/norm=false/smoother=hoa/backbone=sage/use_nfr=true/logs/grid_candidate_1000_attempt_1.log,
grid_candidate_0995,grid,grid_candidate_0995,completed,1,0,46.138775,/home/hzw/Rethinking_GNN_DP/paper_experiments/figure3/figure3_pipeline3.yaml/dataset=ogbn-arxiv/feature=raw/mechanism=mbm/x_eps=0.1/m=best/norm=false/smoother=hoa/backbone=sage/use_nfr=true/logs/grid_candidate_0995_attempt_1.log,
grid_candidate_0990,grid,grid_candidate_0990,completed,1,0,49.915591,/home/hzw/Rethinking_GNN_DP/paper_experiments/figure3/figure3_pipeline3.yaml/dataset=ogbn-arxiv/feature=raw/mechanism=mbm/x_eps=0.1/m=best/norm=false/smoother=hoa/backbone=sage/use_nfr=true/logs/grid_candidate_0990_attempt_1.log,
grid_candidate_0997,grid,grid_candidate_0997,completed,1,0,45.228751,/home/hzw/Rethinking_GNN_DP/paper_experiments/figure3/figure3_pipeline3.yaml/dataset=ogbn-arxiv/feature=raw/mechanism=mbm/x_eps=0.1/m=best/norm=false/smoother=hoa/backbone=sage/use_nfr=true/logs/grid_candidate_0997_attempt_1.log,
grid_candidate_0996,grid,grid_candidate_0996,completed,1,0,48.389061,/home/hzw/Rethinking_GNN_DP/paper_experiments/figure3/figure3_pipeline3.yaml/dataset=ogbn-arxiv/feature=raw/mechanism=mbm/x_eps=0.1/m=best/norm=false/smoother=hoa/backbone=sage/use_nfr=true/logs/grid_candidate_0996_attempt_1.log,
grid_candidate_0994,grid,grid_candidate_0994,completed,1,0,49.325571,/home/hzw/Rethinking_GNN_DP/paper_experiments/figure3/figure3_pipeline3.yaml/dataset=ogbn-arxiv/feature=raw/mechanism=mbm/x_eps=0.1/m=best/norm=false/smoother=hoa/backbone=sage/use_nfr=true/logs/grid_candidate_0994_attempt_1.log,
grid_candidate_0998,grid,grid_candidate_0998,completed,1,0,44.779352,/home/hzw/Rethinking_GNN_DP/paper_experiments/figure3/figure3_pipeline3.yaml/dataset=ogbn-arxiv/feature=raw/mechanism=mbm/x_eps=0.1/m=best/norm=false/smoother=hoa/backbone=sage/use_nfr=true/logs/grid_candidate_0998_attempt_1.log,
grid_candidate_0999,grid,grid_candidate_0999,completed,1,0,42.094918,/home/hzw/Rethinking_GNN_DP/paper_experiments/figure3/figure3_pipeline3.yaml/dataset=ogbn-arxiv/feature=raw/mechanism=mbm/x_eps=0.1/m=best/norm=false/smoother=hoa/backbone=sage/use_nfr=true/logs/grid_candidate_0999_attempt_1.log,
grid_candidate_1012,grid,grid_candidate_1012,completed,1,0,30.634427,/home/hzw/Rethinking_GNN_DP/paper_experiments/figure3/figure3_pipeline3.yaml/dataset=ogbn-arxiv/feature=raw/mechanism=mbm/x_eps=0.1/m=best/norm=false/smoother=hoa/backbone=sage/use_nfr=true/logs/grid_candidate_1012_attempt_1.log,
grid_candidate_1013,grid,grid_candidate_1013,completed,1,0,32.647186,/home/hzw/Rethinking_GNN_DP/paper_experiments/figure3/figure3_pipeline3.yaml/dataset=ogbn-arxiv/feature=raw/mechanism=mbm/x_eps=0.1/m=best/norm=false/smoother=hoa/backbone=sage/use_nfr=true/logs/grid_candidate_1013_attempt_1.log,
grid_candidate_1002,grid,grid_candidate_1002,completed,1,0,45.459730,/home/hzw/Rethinking_GNN_DP/paper_experiments/figure3/figure3_pipeline3.yaml/dataset=ogbn-arxiv/feature=raw/mechanism=mbm/x_eps=0.1/m=best/norm=false/smoother=hoa/backbone=sage/use_nfr=true/logs/grid_candidate_1002_attempt_1.log,
grid_candidate_1007,grid,grid_candidate_1007,completed,1,0,43.275835,/home/hzw/Rethinking_GNN_DP/paper_experiments/figure3/figure3_pipeline3.yaml/dataset=ogbn-arxiv/feature=raw/mechanism=mbm/x_eps=0.1/m=best/norm=false/smoother=hoa/backbone=sage/use_nfr=true/logs/grid_candidate_1007_attempt_1.log,
grid_candidate_1003,grid,grid_candidate_1003,completed,1,0,48.810518,/home/hzw/Rethinking_GNN_DP/paper_experiments/figure3/figure3_pipeline3.yaml/dataset=ogbn-arxiv/feature=raw/mechanism=mbm/x_eps=0.1/m=best/norm=false/smoother=hoa/backbone=sage/use_nfr=true/logs/grid_candidate_1003_attempt_1.log,
grid_candidate_1008,grid,grid_candidate_1008,completed,1,0,45.157379,/home/hzw/Rethinking_GNN_DP/paper_experiments/figure3/figure3_pipeline3.yaml/dataset=ogbn-arxiv/feature=raw/mechanism=mbm/x_eps=0.1/m=best/norm=false/smoother=hoa/backbone=sage/use_nfr=true/logs/grid_candidate_1008_attempt_1.log,
grid_candidate_1010,grid,grid_candidate_1010,completed,1,0,43.982941,/home/hzw/Rethinking_GNN_DP/paper_experiments/figure3/figure3_pipeline3.yaml/dataset=ogbn-arxiv/feature=raw/mechanism=mbm/x_eps=0.1/m=best/norm=false/smoother=hoa/backbone=sage/use_nfr=true/logs/grid_candidate_1010_attempt_1.log,
grid_candidate_1014,grid,grid_candidate_1014,completed,1,0,42.467988,/home/hzw/Rethinking_GNN_DP/paper_experiments/figure3/figure3_pipeline3.yaml/dataset=ogbn-arxiv/feature=raw/mechanism=mbm/x_eps=0.1/m=best/norm=false/smoother=hoa/backbone=sage/use_nfr=true/logs/grid_candidate_1014_attempt_1.log,
grid_candidate_1009,grid,grid_candidate_1009,completed,1,0,48.010035,/home/hzw/Rethinking_GNN_DP/paper_experiments/figure3/figure3_pipeline3.yaml/dataset=ogbn-arxiv/feature=raw/mechanism=mbm/x_eps=0.1/m=best/norm=false/smoother=hoa/backbone=sage/use_nfr=true/logs/grid_candidate_1009_attempt_1.log,
grid_candidate_1006,grid,grid_candidate_1006,completed,1,0,49.996650,/home/hzw/Rethinking_GNN_DP/paper_experiments/figure3/figure3_pipeline3.yaml/dataset=ogbn-arxiv/feature=raw/mechanism=mbm/x_eps=0.1/m=best/norm=false/smoother=hoa/backbone=sage/use_nfr=true/logs/grid_candidate_1006_attempt_1.log,
grid_candidate_1001,grid,grid_candidate_1001,completed,1,0,54.558165,/home/hzw/Rethinking_GNN_DP/paper_experiments/figure3/figure3_pipeline3.yaml/dataset=ogbn-arxiv/feature=raw/mechanism=mbm/x_eps=0.1/m=best/norm=false/smoother=hoa/backbone=sage/use_nfr=true/logs/grid_candidate_1001_attempt_1.log,
grid_candidate_1004,grid,grid_candidate_1004,completed,1,0,52.125843,/home/hzw/Rethinking_GNN_DP/paper_experiments/figure3/figure3_pipeline3.yaml/dataset=ogbn-arxiv/feature=raw/mechanism=mbm/x_eps=0.1/m=best/norm=false/smoother=hoa/backbone=sage/use_nfr=true/logs/grid_candidate_1004_attempt_1.log,
grid_candidate_1011,grid,grid_candidate_1011,completed,1,0,45.420633,/home/hzw/Rethinking_GNN_DP/paper_experiments/figure3/figure3_pipeline3.yaml/dataset=ogbn-arxiv/feature=raw/mechanism=mbm/x_eps=0.1/m=best/norm=false/smoother=hoa/backbone=sage/use_nfr=true/logs/grid_candidate_1011_attempt_1.log,
grid_candidate_1005,grid,grid_candidate_1005,completed,1,0,54.829219,/home/hzw/Rethinking_GNN_DP/paper_experiments/figure3/figure3_pipeline3.yaml/dataset=ogbn-arxiv/feature=raw/mechanism=mbm/x_eps=0.1/m=best/norm=false/smoother=hoa/backbone=sage/use_nfr=true/logs/grid_candidate_1005_attempt_1.log,
grid_candidate_1017,grid,grid_candidate_1017,completed,1,0,43.944349,/home/hzw/Rethinking_GNN_DP/paper_experiments/figure3/figure3_pipeline3.yaml/dataset=ogbn-arxiv/feature=raw/mechanism=mbm/x_eps=0.1/m=best/norm=false/smoother=hoa/backbone=sage/use_nfr=true/logs/grid_candidate_1017_attempt_1.log,
grid_candidate_1016,grid,grid_candidate_1016,completed,1,0,45.609620,/home/hzw/Rethinking_GNN_DP/paper_experiments/figure3/figure3_pipeline3.yaml/dataset=ogbn-arxiv/feature=raw/mechanism=mbm/x_eps=0.1/m=best/norm=false/smoother=hoa/backbone=sage/use_nfr=true/logs/grid_candidate_1016_attempt_1.log,
grid_candidate_1015,grid,grid_candidate_1015,completed,1,0,48.633183,/home/hzw/Rethinking_GNN_DP/paper_experiments/figure3/figure3_pipeline3.yaml/dataset=ogbn-arxiv/feature=raw/mechanism=mbm/x_eps=0.1/m=best/norm=false/smoother=hoa/backbone=sage/use_nfr=true/logs/grid_candidate_1015_attempt_1.log,
grid_candidate_1019,grid,grid_candidate_1019,completed,1,0,45.966893,/home/hzw/Rethinking_GNN_DP/paper_experiments/figure3/figure3_pipeline3.yaml/dataset=ogbn-arxiv/feature=raw/mechanism=mbm/x_eps=0.1/m=best/norm=false/smoother=hoa/backbone=sage/use_nfr=true/logs/grid_candidate_1019_attempt_1.log,
grid_candidate_1021,grid,grid_candidate_1021,completed,1,0,47.383642,/home/hzw/Rethinking_GNN_DP/paper_experiments/figure3/figure3_pipeline3.yaml/dataset=ogbn-arxiv/feature=raw/mechanism=mbm/x_eps=0.1/m=best/norm=false/smoother=hoa/backbone=sage/use_nfr=true/logs/grid_candidate_1021_attempt_1.log,
grid_candidate_1020,grid,grid_candidate_1020,completed,1,0,52.645992,/home/hzw/Rethinking_GNN_DP/paper_experiments/figure3/figure3_pipeline3.yaml/dataset=ogbn-arxiv/feature=raw/mechanism=mbm/x_eps=0.1/m=best/norm=false/smoother=hoa/backbone=sage/use_nfr=true/logs/grid_candidate_1020_attempt_1.log,
grid_candidate_1018,grid,grid_candidate_1018,completed,1,0,57.303426,/home/hzw/Rethinking_GNN_DP/paper_experiments/figure3/figure3_pipeline3.yaml/dataset=ogbn-arxiv/feature=raw/mechanism=mbm/x_eps=0.1/m=best/norm=false/smoother=hoa/backbone=sage/use_nfr=true/logs/grid_candidate_1018_attempt_1.log,
grid_candidate_1024,grid,grid_candidate_1024,completed,1,0,50.407869,/home/hzw/Rethinking_GNN_DP/paper_experiments/figure3/figure3_pipeline3.yaml/dataset=ogbn-arxiv/feature=raw/mechanism=mbm/x_eps=0.1/m=best/norm=false/smoother=hoa/backbone=sage/use_nfr=true/logs/grid_candidate_1024_attempt_1.log,
grid_candidate_1025,grid,grid_candidate_1025,completed,1,0,49.984970,/home/hzw/Rethinking_GNN_DP/paper_experiments/figure3/figure3_pipeline3.yaml/dataset=ogbn-arxiv/feature=raw/mechanism=mbm/x_eps=0.1/m=best/norm=false/smoother=hoa/backbone=sage/use_nfr=true/logs/grid_candidate_1025_attempt_1.log,
grid_candidate_1027,grid,grid_candidate_1027,completed,1,0,48.638056,/home/hzw/Rethinking_GNN_DP/paper_experiments/figure3/figure3_pipeline3.yaml/dataset=ogbn-arxiv/feature=raw/mechanism=mbm/x_eps=0.1/m=best/norm=false/smoother=hoa/backbone=sage/use_nfr=true/logs/grid_candidate_1027_attempt_1.log,
grid_candidate_1026,grid,grid_candidate_1026,completed,1,0,49.957569,/home/hzw/Rethinking_GNN_DP/paper_experiments/figure3/figure3_pipeline3.yaml/dataset=ogbn-arxiv/feature=raw/mechanism=mbm/x_eps=0.1/m=best/norm=false/smoother=hoa/backbone=sage/use_nfr=true/logs/grid_candidate_1026_attempt_1.log,
grid_candidate_1029,grid,grid_candidate_1029,completed,1,0,47.272336,/home/hzw/Rethinking_GNN_DP/paper_experiments/figure3/figure3_pipeline3.yaml/dataset=ogbn-arxiv/feature=raw/mechanism=mbm/x_eps=0.1/m=best/norm=false/smoother=hoa/backbone=sage/use_nfr=true/logs/grid_candidate_1029_attempt_1.log,
grid_candidate_1022,grid,grid_candidate_1022,completed,1,0,57.274223,/home/hzw/Rethinking_GNN_DP/paper_experiments/figure3/figure3_pipeline3.yaml/dataset=ogbn-arxiv/feature=raw/mechanism=mbm/x_eps=0.1/m=best/norm=false/smoother=hoa/backbone=sage/use_nfr=true/logs/grid_candidate_1022_attempt_1.log,
grid_candidate_1030,grid,grid_candidate_1030,completed,1,0,47.329112,/home/hzw/Rethinking_GNN_DP/paper_experiments/figure3/figure3_pipeline3.yaml/dataset=ogbn-arxiv/feature=raw/mechanism=mbm/x_eps=0.1/m=best/norm=false/smoother=hoa/backbone=sage/use_nfr=true/logs/grid_candidate_1030_attempt_1.log,
grid_candidate_1028,grid,grid_candidate_1028,completed,1,0,49.718337,/home/hzw/Rethinking_GNN_DP/paper_experiments/figure3/figure3_pipeline3.yaml/dataset=ogbn-arxiv/feature=raw/mechanism=mbm/x_eps=0.1/m=best/norm=false/smoother=hoa/backbone=sage/use_nfr=true/logs/grid_candidate_1028_attempt_1.log,
grid_candidate_1032,grid,grid_candidate_1032,completed,1,0,47.058613,/home/hzw/Rethinking_GNN_DP/paper_experiments/figure3/figure3_pipeline3.yaml/dataset=ogbn-arxiv/feature=raw/mechanism=mbm/x_eps=0.1/m=best/norm=false/smoother=hoa/backbone=sage/use_nfr=true/logs/grid_candidate_1032_attempt_1.log,
grid_candidate_1033,grid,grid_candidate_1033,completed,1,0,46.581875,/home/hzw/Rethinking_GNN_DP/paper_experiments/figure3/figure3_pipeline3.yaml/dataset=ogbn-arxiv/feature=raw/mechanism=mbm/x_eps=0.1/m=best/norm=false/smoother=hoa/backbone=sage/use_nfr=true/logs/grid_candidate_1033_attempt_1.log,
grid_candidate_1023,grid,grid_candidate_1023,completed,1,0,57.584913,/home/hzw/Rethinking_GNN_DP/paper_experiments/figure3/figure3_pipeline3.yaml/dataset=ogbn-arxiv/feature=raw/mechanism=mbm/x_eps=0.1/m=best/norm=false/smoother=hoa/backbone=sage/use_nfr=true/logs/grid_candidate_1023_attempt_1.log,
grid_candidate_1035,grid,grid_candidate_1035,completed,1,0,46.874239,/home/hzw/Rethinking_GNN_DP/paper_experiments/figure3/figure3_pipeline3.yaml/dataset=ogbn-arxiv/feature=raw/mechanism=mbm/x_eps=0.1/m=best/norm=false/smoother=hoa/backbone=sage/use_nfr=true/logs/grid_candidate_1035_attempt_1.log,
grid_candidate_1037,grid,grid_candidate_1037,completed,1,0,40.533154,/home/hzw/Rethinking_GNN_DP/paper_experiments/figure3/figure3_pipeline3.yaml/dataset=ogbn-arxiv/feature=raw/mechanism=mbm/x_eps=0.1/m=best/norm=false/smoother=hoa/backbone=sage/use_nfr=true/logs/grid_candidate_1037_attempt_1.log,
grid_candidate_1031,grid,grid_candidate_1031,completed,1,0,49.706839,/home/hzw/Rethinking_GNN_DP/paper_experiments/figure3/figure3_pipeline3.yaml/dataset=ogbn-arxiv/feature=raw/mechanism=mbm/x_eps=0.1/m=best/norm=false/smoother=hoa/backbone=sage/use_nfr=true/logs/grid_candidate_1031_attempt_1.log,
grid_candidate_1034,grid,grid_candidate_1034,completed,1,0,47.690040,/home/hzw/Rethinking_GNN_DP/paper_experiments/figure3/figure3_pipeline3.yaml/dataset=ogbn-arxiv/feature=raw/mechanism=mbm/x_eps=0.1/m=best/norm=false/smoother=hoa/backbone=sage/use_nfr=true/logs/grid_candidate_1034_attempt_1.log,
grid_candidate_1036,grid,grid_candidate_1036,completed,1,0,42.479275,/home/hzw/Rethinking_GNN_DP/paper_experiments/figure3/figure3_pipeline3.yaml/dataset=ogbn-arxiv/feature=raw/mechanism=mbm/x_eps=0.1/m=best/norm=false/smoother=hoa/backbone=sage/use_nfr=true/logs/grid_candidate_1036_attempt_1.log,
grid_candidate_1038,grid,grid_candidate_1038,completed,1,0,42.101220,/home/hzw/Rethinking_GNN_DP/paper_experiments/figure3/figure3_pipeline3.yaml/dataset=ogbn-arxiv/feature=raw/mechanism=mbm/x_eps=0.1/m=best/norm=false/smoother=hoa/backbone=sage/use_nfr=true/logs/grid_candidate_1038_attempt_1.log,
grid_candidate_1043,grid,grid_candidate_1043,completed,1,0,35.734579,/home/hzw/Rethinking_GNN_DP/paper_experiments/figure3/figure3_pipeline3.yaml/dataset=ogbn-arxiv/feature=raw/mechanism=mbm/x_eps=0.1/m=best/norm=false/smoother=hoa/backbone=sage/use_nfr=true/logs/grid_candidate_1043_attempt_1.log,
grid_candidate_1039,grid,grid_candidate_1039,completed,1,0,46.544373,/home/hzw/Rethinking_GNN_DP/paper_experiments/figure3/figure3_pipeline3.yaml/dataset=ogbn-arxiv/feature=raw/mechanism=mbm/x_eps=0.1/m=best/norm=false/smoother=hoa/backbone=sage/use_nfr=true/logs/grid_candidate_1039_attempt_1.log,
grid_candidate_1040,grid,grid_candidate_1040,completed,1,0,45.021734,/home/hzw/Rethinking_GNN_DP/paper_experiments/figure3/figure3_pipeline3.yaml/dataset=ogbn-arxiv/feature=raw/mechanism=mbm/x_eps=0.1/m=best/norm=false/smoother=hoa/backbone=sage/use_nfr=true/logs/grid_candidate_1040_attempt_1.log,
grid_candidate_1054,grid,grid_candidate_1054,completed,1,0,31.029232,/home/hzw/Rethinking_GNN_DP/paper_experiments/figure3/figure3_pipeline3.yaml/dataset=ogbn-arxiv/feature=raw/mechanism=mbm/x_eps=0.1/m=best/norm=false/smoother=hoa/backbone=sage/use_nfr=true/logs/grid_candidate_1054_attempt_1.log,
grid_candidate_1049,grid,grid_candidate_1049,completed,1,0,39.295187,/home/hzw/Rethinking_GNN_DP/paper_experiments/figure3/figure3_pipeline3.yaml/dataset=ogbn-arxiv/feature=raw/mechanism=mbm/x_eps=0.1/m=best/norm=false/smoother=hoa/backbone=sage/use_nfr=true/logs/grid_candidate_1049_attempt_1.log,
grid_candidate_1044,grid,grid_candidate_1044,completed,1,0,41.351438,/home/hzw/Rethinking_GNN_DP/paper_experiments/figure3/figure3_pipeline3.yaml/dataset=ogbn-arxiv/feature=raw/mechanism=mbm/x_eps=0.1/m=best/norm=false/smoother=hoa/backbone=sage/use_nfr=true/logs/grid_candidate_1044_attempt_1.log,
grid_candidate_1042,grid,grid_candidate_1042,completed,1,0,45.321905,/home/hzw/Rethinking_GNN_DP/paper_experiments/figure3/figure3_pipeline3.yaml/dataset=ogbn-arxiv/feature=raw/mechanism=mbm/x_eps=0.1/m=best/norm=false/smoother=hoa/backbone=sage/use_nfr=true/logs/grid_candidate_1042_attempt_1.log,
grid_candidate_1045,grid,grid_candidate_1045,completed,1,0,42.743699,/home/hzw/Rethinking_GNN_DP/paper_experiments/figure3/figure3_pipeline3.yaml/dataset=ogbn-arxiv/feature=raw/mechanism=mbm/x_eps=0.1/m=best/norm=false/smoother=hoa/backbone=sage/use_nfr=true/logs/grid_candidate_1045_attempt_1.log,
grid_candidate_1053,grid,grid_candidate_1053,completed,1,0,37.427834,/home/hzw/Rethinking_GNN_DP/paper_experiments/figure3/figure3_pipeline3.yaml/dataset=ogbn-arxiv/feature=raw/mechanism=mbm/x_eps=0.1/m=best/norm=false/smoother=hoa/backbone=sage/use_nfr=true/logs/grid_candidate_1053_attempt_1.log,
grid_candidate_1041,grid,grid_candidate_1041,completed,1,0,48.977997,/home/hzw/Rethinking_GNN_DP/paper_experiments/figure3/figure3_pipeline3.yaml/dataset=ogbn-arxiv/feature=raw/mechanism=mbm/x_eps=0.1/m=best/norm=false/smoother=hoa/backbone=sage/use_nfr=true/logs/grid_candidate_1041_attempt_1.log,
grid_candidate_1052,grid,grid_candidate_1052,completed,1,0,41.221865,/home/hzw/Rethinking_GNN_DP/paper_experiments/figure3/figure3_pipeline3.yaml/dataset=ogbn-arxiv/feature=raw/mechanism=mbm/x_eps=0.1/m=best/norm=false/smoother=hoa/backbone=sage/use_nfr=true/logs/grid_candidate_1052_attempt_1.log,
grid_candidate_1046,grid,grid_candidate_1046,completed,1,0,47.707804,/home/hzw/Rethinking_GNN_DP/paper_experiments/figure3/figure3_pipeline3.yaml/dataset=ogbn-arxiv/feature=raw/mechanism=mbm/x_eps=0.1/m=best/norm=false/smoother=hoa/backbone=sage/use_nfr=true/logs/grid_candidate_1046_attempt_1.log,
grid_candidate_1051,grid,grid_candidate_1051,completed,1,0,43.513242,/home/hzw/Rethinking_GNN_DP/paper_experiments/figure3/figure3_pipeline3.yaml/dataset=ogbn-arxiv/feature=raw/mechanism=mbm/x_eps=0.1/m=best/norm=false/smoother=hoa/backbone=sage/use_nfr=true/logs/grid_candidate_1051_attempt_1.log,
grid_candidate_1056,grid,grid_candidate_1056,completed,1,0,32.884295,/home/hzw/Rethinking_GNN_DP/paper_experiments/figure3/figure3_pipeline3.yaml/dataset=ogbn-arxiv/feature=raw/mechanism=mbm/x_eps=0.1/m=best/norm=false/smoother=hoa/backbone=sage/use_nfr=true/logs/grid_candidate_1056_attempt_1.log,
grid_candidate_1055,grid,grid_candidate_1055,completed,1,0,37.454185,/home/hzw/Rethinking_GNN_DP/paper_experiments/figure3/figure3_pipeline3.yaml/dataset=ogbn-arxiv/feature=raw/mechanism=mbm/x_eps=0.1/m=best/norm=false/smoother=hoa/backbone=sage/use_nfr=true/logs/grid_candidate_1055_attempt_1.log,
grid_candidate_1057,grid,grid_candidate_1057,completed,1,0,31.650882,/home/hzw/Rethinking_GNN_DP/paper_experiments/figure3/figure3_pipeline3.yaml/dataset=ogbn-arxiv/feature=raw/mechanism=mbm/x_eps=0.1/m=best/norm=false/smoother=hoa/backbone=sage/use_nfr=true/logs/grid_candidate_1057_attempt_1.log,
grid_candidate_1047,grid,grid_candidate_1047,completed,1,0,52.509577,/home/hzw/Rethinking_GNN_DP/paper_experiments/figure3/figure3_pipeline3.yaml/dataset=ogbn-arxiv/feature=raw/mechanism=mbm/x_eps=0.1/m=best/norm=false/smoother=hoa/backbone=sage/use_nfr=true/logs/grid_candidate_1047_attempt_1.log,
grid_candidate_1050,grid,grid_candidate_1050,completed,1,0,48.574349,/home/hzw/Rethinking_GNN_DP/paper_experiments/figure3/figure3_pipeline3.yaml/dataset=ogbn-arxiv/feature=raw/mechanism=mbm/x_eps=0.1/m=best/norm=false/smoother=hoa/backbone=sage/use_nfr=true/logs/grid_candidate_1050_attempt_1.log,
grid_candidate_1048,grid,grid_candidate_1048,completed,1,0,53.057862,/home/hzw/Rethinking_GNN_DP/paper_experiments/figure3/figure3_pipeline3.yaml/dataset=ogbn-arxiv/feature=raw/mechanism=mbm/x_eps=0.1/m=best/norm=false/smoother=hoa/backbone=sage/use_nfr=true/logs/grid_candidate_1048_attempt_1.log,
grid_candidate_1060,grid,grid_candidate_1060,completed,1,0,32.093112,/home/hzw/Rethinking_GNN_DP/paper_experiments/figure3/figure3_pipeline3.yaml/dataset=ogbn-arxiv/feature=raw/mechanism=mbm/x_eps=0.1/m=best/norm=false/smoother=hoa/backbone=sage/use_nfr=true/logs/grid_candidate_1060_attempt_1.log,
grid_candidate_1059,grid,grid_candidate_1059,completed,1,0,34.146336,/home/hzw/Rethinking_GNN_DP/paper_experiments/figure3/figure3_pipeline3.yaml/dataset=ogbn-arxiv/feature=raw/mechanism=mbm/x_eps=0.1/m=best/norm=false/smoother=hoa/backbone=sage/use_nfr=true/logs/grid_candidate_1059_attempt_1.log,
grid_candidate_1068,grid,grid_candidate_1068,completed,1,0,33.024151,/home/hzw/Rethinking_GNN_DP/paper_experiments/figure3/figure3_pipeline3.yaml/dataset=ogbn-arxiv/feature=raw/mechanism=mbm/x_eps=0.1/m=best/norm=false/smoother=hoa/backbone=sage/use_nfr=true/logs/grid_candidate_1068_attempt_1.log,
grid_candidate_1070,grid,grid_candidate_1070,completed,1,0,36.056201,/home/hzw/Rethinking_GNN_DP/paper_experiments/figure3/figure3_pipeline3.yaml/dataset=ogbn-arxiv/feature=raw/mechanism=mbm/x_eps=0.1/m=best/norm=false/smoother=hoa/backbone=sage/use_nfr=true/logs/grid_candidate_1070_attempt_1.log,
grid_candidate_1058,grid,grid_candidate_1058,completed,1,0,44.016705,/home/hzw/Rethinking_GNN_DP/paper_experiments/figure3/figure3_pipeline3.yaml/dataset=ogbn-arxiv/feature=raw/mechanism=mbm/x_eps=0.1/m=best/norm=false/smoother=hoa/backbone=sage/use_nfr=true/logs/grid_candidate_1058_attempt_1.log,
grid_candidate_1061,grid,grid_candidate_1061,completed,1,0,46.490125,/home/hzw/Rethinking_GNN_DP/paper_experiments/figure3/figure3_pipeline3.yaml/dataset=ogbn-arxiv/feature=raw/mechanism=mbm/x_eps=0.1/m=best/norm=false/smoother=hoa/backbone=sage/use_nfr=true/logs/grid_candidate_1061_attempt_1.log,
grid_candidate_1062,grid,grid_candidate_1062,completed,1,0,45.165841,/home/hzw/Rethinking_GNN_DP/paper_experiments/figure3/figure3_pipeline3.yaml/dataset=ogbn-arxiv/feature=raw/mechanism=mbm/x_eps=0.1/m=best/norm=false/smoother=hoa/backbone=sage/use_nfr=true/logs/grid_candidate_1062_attempt_1.log,
grid_candidate_1064,grid,grid_candidate_1064,completed,1,0,45.719034,/home/hzw/Rethinking_GNN_DP/paper_experiments/figure3/figure3_pipeline3.yaml/dataset=ogbn-arxiv/feature=raw/mechanism=mbm/x_eps=0.1/m=best/norm=false/smoother=hoa/backbone=sage/use_nfr=true/logs/grid_candidate_1064_attempt_1.log,
grid_candidate_1066,grid,grid_candidate_1066,completed,1,0,46.820772,/home/hzw/Rethinking_GNN_DP/paper_experiments/figure3/figure3_pipeline3.yaml/dataset=ogbn-arxiv/feature=raw/mechanism=mbm/x_eps=0.1/m=best/norm=false/smoother=hoa/backbone=sage/use_nfr=true/logs/grid_candidate_1066_attempt_1.log,
grid_candidate_1073,grid,grid_candidate_1073,completed,1,0,44.301383,/home/hzw/Rethinking_GNN_DP/paper_experiments/figure3/figure3_pipeline3.yaml/dataset=ogbn-arxiv/feature=raw/mechanism=mbm/x_eps=0.1/m=best/norm=false/smoother=hoa/backbone=sage/use_nfr=true/logs/grid_candidate_1073_attempt_1.log,
grid_candidate_1079,grid,grid_candidate_1079,completed,1,0,34.701326,/home/hzw/Rethinking_GNN_DP/paper_experiments/figure3/figure3_pipeline3.yaml/dataset=ogbn-arxiv/feature=raw/mechanism=mbm/x_eps=0.1/m=best/norm=false/smoother=hoa/backbone=sage/use_nfr=true/logs/grid_candidate_1079_attempt_1.log,
grid_candidate_1065,grid,grid_candidate_1065,completed,1,0,50.870185,/home/hzw/Rethinking_GNN_DP/paper_experiments/figure3/figure3_pipeline3.yaml/dataset=ogbn-arxiv/feature=raw/mechanism=mbm/x_eps=0.1/m=best/norm=false/smoother=hoa/backbone=sage/use_nfr=true/logs/grid_candidate_1065_attempt_1.log,
grid_candidate_1071,grid,grid_candidate_1071,completed,1,0,49.946321,/home/hzw/Rethinking_GNN_DP/paper_experiments/figure3/figure3_pipeline3.yaml/dataset=ogbn-arxiv/feature=raw/mechanism=mbm/x_eps=0.1/m=best/norm=false/smoother=hoa/backbone=sage/use_nfr=true/logs/grid_candidate_1071_attempt_1.log,
grid_candidate_1074,grid,grid_candidate_1074,completed,1,0,46.438372,/home/hzw/Rethinking_GNN_DP/paper_experiments/figure3/figure3_pipeline3.yaml/dataset=ogbn-arxiv/feature=raw/mechanism=mbm/x_eps=0.1/m=best/norm=false/smoother=hoa/backbone=sage/use_nfr=true/logs/grid_candidate_1074_attempt_1.log,
grid_candidate_1075,grid,grid_candidate_1075,completed,1,0,44.873012,/home/hzw/Rethinking_GNN_DP/paper_experiments/figure3/figure3_pipeline3.yaml/dataset=ogbn-arxiv/feature=raw/mechanism=mbm/x_eps=0.1/m=best/norm=false/smoother=hoa/backbone=sage/use_nfr=true/logs/grid_candidate_1075_attempt_1.log,
grid_candidate_1063,grid,grid_candidate_1063,completed,1,0,54.113515,/home/hzw/Rethinking_GNN_DP/paper_experiments/figure3/figure3_pipeline3.yaml/dataset=ogbn-arxiv/feature=raw/mechanism=mbm/x_eps=0.1/m=best/norm=false/smoother=hoa/backbone=sage/use_nfr=true/logs/grid_candidate_1063_attempt_1.log,
grid_candidate_1080,grid,grid_candidate_1080,completed,1,0,39.192742,/home/hzw/Rethinking_GNN_DP/paper_experiments/figure3/figure3_pipeline3.yaml/dataset=ogbn-arxiv/feature=raw/mechanism=mbm/x_eps=0.1/m=best/norm=false/smoother=hoa/backbone=sage/use_nfr=true/logs/grid_candidate_1080_attempt_1.log,
grid_candidate_1069,grid,grid_candidate_1069,completed,1,0,53.361635,/home/hzw/Rethinking_GNN_DP/paper_experiments/figure3/figure3_pipeline3.yaml/dataset=ogbn-arxiv/feature=raw/mechanism=mbm/x_eps=0.1/m=best/norm=false/smoother=hoa/backbone=sage/use_nfr=true/logs/grid_candidate_1069_attempt_1.log,
grid_candidate_1067,grid,grid_candidate_1067,completed,1,0,54.654682,/home/hzw/Rethinking_GNN_DP/paper_experiments/figure3/figure3_pipeline3.yaml/dataset=ogbn-arxiv/feature=raw/mechanism=mbm/x_eps=0.1/m=best/norm=false/smoother=hoa/backbone=sage/use_nfr=true/logs/grid_candidate_1067_attempt_1.log,
grid_candidate_1082,grid,grid_candidate_1082,completed,1,0,38.864347,/home/hzw/Rethinking_GNN_DP/paper_experiments/figure3/figure3_pipeline3.yaml/dataset=ogbn-arxiv/feature=raw/mechanism=mbm/x_eps=0.1/m=best/norm=false/smoother=hoa/backbone=sage/use_nfr=true/logs/grid_candidate_1082_attempt_1.log,
grid_candidate_1072,grid,grid_candidate_1072,completed,1,0,54.024078,/home/hzw/Rethinking_GNN_DP/paper_experiments/figure3/figure3_pipeline3.yaml/dataset=ogbn-arxiv/feature=raw/mechanism=mbm/x_eps=0.1/m=best/norm=false/smoother=hoa/backbone=sage/use_nfr=true/logs/grid_candidate_1072_attempt_1.log,
grid_candidate_1076,grid,grid_candidate_1076,completed,1,0,48.053595,/home/hzw/Rethinking_GNN_DP/paper_experiments/figure3/figure3_pipeline3.yaml/dataset=ogbn-arxiv/feature=raw/mechanism=mbm/x_eps=0.1/m=best/norm=false/smoother=hoa/backbone=sage/use_nfr=true/logs/grid_candidate_1076_attempt_1.log,
grid_candidate_1078,grid,grid_candidate_1078,completed,1,0,47.460960,/home/hzw/Rethinking_GNN_DP/paper_experiments/figure3/figure3_pipeline3.yaml/dataset=ogbn-arxiv/feature=raw/mechanism=mbm/x_eps=0.1/m=best/norm=false/smoother=hoa/backbone=sage/use_nfr=true/logs/grid_candidate_1078_attempt_1.log,
grid_candidate_1077,grid,grid_candidate_1077,completed,1,0,48.458377,/home/hzw/Rethinking_GNN_DP/paper_experiments/figure3/figure3_pipeline3.yaml/dataset=ogbn-arxiv/feature=raw/mechanism=mbm/x_eps=0.1/m=best/norm=false/smoother=hoa/backbone=sage/use_nfr=true/logs/grid_candidate_1077_attempt_1.log,
grid_candidate_1093,grid,grid_candidate_1093,completed,1,0,35.843826,/home/hzw/Rethinking_GNN_DP/paper_experiments/figure3/figure3_pipeline3.yaml/dataset=ogbn-arxiv/feature=raw/mechanism=mbm/x_eps=0.1/m=best/norm=false/smoother=hoa/backbone=sage/use_nfr=true/logs/grid_candidate_1093_attempt_1.log,
grid_candidate_1081,grid,grid_candidate_1081,completed,1,0,48.544717,/home/hzw/Rethinking_GNN_DP/paper_experiments/figure3/figure3_pipeline3.yaml/dataset=ogbn-arxiv/feature=raw/mechanism=mbm/x_eps=0.1/m=best/norm=false/smoother=hoa/backbone=sage/use_nfr=true/logs/grid_candidate_1081_attempt_1.log,
grid_candidate_1086,grid,grid_candidate_1086,completed,1,0,44.055209,/home/hzw/Rethinking_GNN_DP/paper_experiments/figure3/figure3_pipeline3.yaml/dataset=ogbn-arxiv/feature=raw/mechanism=mbm/x_eps=0.1/m=best/norm=false/smoother=hoa/backbone=sage/use_nfr=true/logs/grid_candidate_1086_attempt_1.log,
grid_candidate_1085,grid,grid_candidate_1085,completed,1,0,46.248301,/home/hzw/Rethinking_GNN_DP/paper_experiments/figure3/figure3_pipeline3.yaml/dataset=ogbn-arxiv/feature=raw/mechanism=mbm/x_eps=0.1/m=best/norm=false/smoother=hoa/backbone=sage/use_nfr=true/logs/grid_candidate_1085_attempt_1.log,
grid_candidate_1089,grid,grid_candidate_1089,completed,1,0,45.026962,/home/hzw/Rethinking_GNN_DP/paper_experiments/figure3/figure3_pipeline3.yaml/dataset=ogbn-arxiv/feature=raw/mechanism=mbm/x_eps=0.1/m=best/norm=false/smoother=hoa/backbone=sage/use_nfr=true/logs/grid_candidate_1089_attempt_1.log,
grid_candidate_1094,grid,grid_candidate_1094,completed,1,0,42.730847,/home/hzw/Rethinking_GNN_DP/paper_experiments/figure3/figure3_pipeline3.yaml/dataset=ogbn-arxiv/feature=raw/mechanism=mbm/x_eps=0.1/m=best/norm=false/smoother=hoa/backbone=sage/use_nfr=true/logs/grid_candidate_1094_attempt_1.log,
grid_candidate_1083,grid,grid_candidate_1083,completed,1,0,53.259189,/home/hzw/Rethinking_GNN_DP/paper_experiments/figure3/figure3_pipeline3.yaml/dataset=ogbn-arxiv/feature=raw/mechanism=mbm/x_eps=0.1/m=best/norm=false/smoother=hoa/backbone=sage/use_nfr=true/logs/grid_candidate_1083_attempt_1.log,
grid_candidate_1088,grid,grid_candidate_1088,completed,1,0,48.777796,/home/hzw/Rethinking_GNN_DP/paper_experiments/figure3/figure3_pipeline3.yaml/dataset=ogbn-arxiv/feature=raw/mechanism=mbm/x_eps=0.1/m=best/norm=false/smoother=hoa/backbone=sage/use_nfr=true/logs/grid_candidate_1088_attempt_1.log,
grid_candidate_1087,grid,grid_candidate_1087,completed,1,0,51.136907,/home/hzw/Rethinking_GNN_DP/paper_experiments/figure3/figure3_pipeline3.yaml/dataset=ogbn-arxiv/feature=raw/mechanism=mbm/x_eps=0.1/m=best/norm=false/smoother=hoa/backbone=sage/use_nfr=true/logs/grid_candidate_1087_attempt_1.log,
grid_candidate_1095,grid,grid_candidate_1095,completed,1,0,46.454164,/home/hzw/Rethinking_GNN_DP/paper_experiments/figure3/figure3_pipeline3.yaml/dataset=ogbn-arxiv/feature=raw/mechanism=mbm/x_eps=0.1/m=best/norm=false/smoother=hoa/backbone=sage/use_nfr=true/logs/grid_candidate_1095_attempt_1.log,
grid_candidate_1090,grid,grid_candidate_1090,completed,1,0,50.578028,/home/hzw/Rethinking_GNN_DP/paper_experiments/figure3/figure3_pipeline3.yaml/dataset=ogbn-arxiv/feature=raw/mechanism=mbm/x_eps=0.1/m=best/norm=false/smoother=hoa/backbone=sage/use_nfr=true/logs/grid_candidate_1090_attempt_1.log,
grid_candidate_1084,grid,grid_candidate_1084,completed,1,0,57.574017,/home/hzw/Rethinking_GNN_DP/paper_experiments/figure3/figure3_pipeline3.yaml/dataset=ogbn-arxiv/feature=raw/mechanism=mbm/x_eps=0.1/m=best/norm=false/smoother=hoa/backbone=sage/use_nfr=true/logs/grid_candidate_1084_attempt_1.log,
grid_candidate_1096,grid,grid_candidate_1096,completed,1,0,44.620593,/home/hzw/Rethinking_GNN_DP/paper_experiments/figure3/figure3_pipeline3.yaml/dataset=ogbn-arxiv/feature=raw/mechanism=mbm/x_eps=0.1/m=best/norm=false/smoother=hoa/backbone=sage/use_nfr=true/logs/grid_candidate_1096_attempt_1.log,
grid_candidate_1091,grid,grid_candidate_1091,completed,1,0,54.129581,/home/hzw/Rethinking_GNN_DP/paper_experiments/figure3/figure3_pipeline3.yaml/dataset=ogbn-arxiv/feature=raw/mechanism=mbm/x_eps=0.1/m=best/norm=false/smoother=hoa/backbone=sage/use_nfr=true/logs/grid_candidate_1091_attempt_1.log,
grid_candidate_1092,grid,grid_candidate_1092,completed,1,0,54.764720,/home/hzw/Rethinking_GNN_DP/paper_experiments/figure3/figure3_pipeline3.yaml/dataset=ogbn-arxiv/feature=raw/mechanism=mbm/x_eps=0.1/m=best/norm=false/smoother=hoa/backbone=sage/use_nfr=true/logs/grid_candidate_1092_attempt_1.log,
grid_candidate_1098,grid,grid_candidate_1098,completed,1,0,43.018052,/home/hzw/Rethinking_GNN_DP/paper_experiments/figure3/figure3_pipeline3.yaml/dataset=ogbn-arxiv/feature=raw/mechanism=mbm/x_eps=0.1/m=best/norm=false/smoother=hoa/backbone=sage/use_nfr=true/logs/grid_candidate_1098_attempt_1.log,
grid_candidate_1097,grid,grid_candidate_1097,completed,1,0,46.312027,/home/hzw/Rethinking_GNN_DP/paper_experiments/figure3/figure3_pipeline3.yaml/dataset=ogbn-arxiv/feature=raw/mechanism=mbm/x_eps=0.1/m=best/norm=false/smoother=hoa/backbone=sage/use_nfr=true/logs/grid_candidate_1097_attempt_1.log,
grid_candidate_1105,grid,grid_candidate_1105,completed,1,0,37.052661,/home/hzw/Rethinking_GNN_DP/paper_experiments/figure3/figure3_pipeline3.yaml/dataset=ogbn-arxiv/feature=raw/mechanism=mbm/x_eps=0.1/m=best/norm=false/smoother=hoa/backbone=sage/use_nfr=true/logs/grid_candidate_1105_attempt_1.log,
grid_candidate_1100,grid,grid_candidate_1100,completed,1,0,45.277839,/home/hzw/Rethinking_GNN_DP/paper_experiments/figure3/figure3_pipeline3.yaml/dataset=ogbn-arxiv/feature=raw/mechanism=mbm/x_eps=0.1/m=best/norm=false/smoother=hoa/backbone=sage/use_nfr=true/logs/grid_candidate_1100_attempt_1.log,
grid_candidate_1101,grid,grid_candidate_1101,completed,1,0,44.072066,/home/hzw/Rethinking_GNN_DP/paper_experiments/figure3/figure3_pipeline3.yaml/dataset=ogbn-arxiv/feature=raw/mechanism=mbm/x_eps=0.1/m=best/norm=false/smoother=hoa/backbone=sage/use_nfr=true/logs/grid_candidate_1101_attempt_1.log,
grid_candidate_1107,grid,grid_candidate_1107,completed,1,0,36.769219,/home/hzw/Rethinking_GNN_DP/paper_experiments/figure3/figure3_pipeline3.yaml/dataset=ogbn-arxiv/feature=raw/mechanism=mbm/x_eps=0.1/m=best/norm=false/smoother=hoa/backbone=sage/use_nfr=true/logs/grid_candidate_1107_attempt_1.log,
grid_candidate_1102,grid,grid_candidate_1102,completed,1,0,42.507385,/home/hzw/Rethinking_GNN_DP/paper_experiments/figure3/figure3_pipeline3.yaml/dataset=ogbn-arxiv/feature=raw/mechanism=mbm/x_eps=0.1/m=best/norm=false/smoother=hoa/backbone=sage/use_nfr=true/logs/grid_candidate_1102_attempt_1.log,
grid_candidate_1099,grid,grid_candidate_1099,completed,1,0,46.617703,/home/hzw/Rethinking_GNN_DP/paper_experiments/figure3/figure3_pipeline3.yaml/dataset=ogbn-arxiv/feature=raw/mechanism=mbm/x_eps=0.1/m=best/norm=false/smoother=hoa/backbone=sage/use_nfr=true/logs/grid_candidate_1099_attempt_1.log,
grid_candidate_1111,grid,grid_candidate_1111,completed,1,0,36.344263,/home/hzw/Rethinking_GNN_DP/paper_experiments/figure3/figure3_pipeline3.yaml/dataset=ogbn-arxiv/feature=raw/mechanism=mbm/x_eps=0.1/m=best/norm=false/smoother=hoa/backbone=sage/use_nfr=true/logs/grid_candidate_1111_attempt_1.log,
grid_candidate_1103,grid,grid_candidate_1103,completed,1,0,44.212727,/home/hzw/Rethinking_GNN_DP/paper_experiments/figure3/figure3_pipeline3.yaml/dataset=ogbn-arxiv/feature=raw/mechanism=mbm/x_eps=0.1/m=best/norm=false/smoother=hoa/backbone=sage/use_nfr=true/logs/grid_candidate_1103_attempt_1.log,
grid_candidate_1110,grid,grid_candidate_1110,completed,1,0,37.601916,/home/hzw/Rethinking_GNN_DP/paper_experiments/figure3/figure3_pipeline3.yaml/dataset=ogbn-arxiv/feature=raw/mechanism=mbm/x_eps=0.1/m=best/norm=false/smoother=hoa/backbone=sage/use_nfr=true/logs/grid_candidate_1110_attempt_1.log,
grid_candidate_1108,grid,grid_candidate_1108,completed,1,0,40.923376,/home/hzw/Rethinking_GNN_DP/paper_experiments/figure3/figure3_pipeline3.yaml/dataset=ogbn-arxiv/feature=raw/mechanism=mbm/x_eps=0.1/m=best/norm=false/smoother=hoa/backbone=sage/use_nfr=true/logs/grid_candidate_1108_attempt_1.log,
grid_candidate_1114,grid,grid_candidate_1114,completed,1,0,39.216807,/home/hzw/Rethinking_GNN_DP/paper_experiments/figure3/figure3_pipeline3.yaml/dataset=ogbn-arxiv/feature=raw/mechanism=mbm/x_eps=0.1/m=best/norm=false/smoother=hoa/backbone=sage/use_nfr=true/logs/grid_candidate_1114_attempt_1.log,
grid_candidate_1117,grid,grid_candidate_1117,completed,1,0,35.221959,/home/hzw/Rethinking_GNN_DP/paper_experiments/figure3/figure3_pipeline3.yaml/dataset=ogbn-arxiv/feature=raw/mechanism=mbm/x_eps=0.1/m=best/norm=false/smoother=hoa/backbone=sage/use_nfr=true/logs/grid_candidate_1117_attempt_1.log,
grid_candidate_1109,grid,grid_candidate_1109,completed,1,0,44.795872,/home/hzw/Rethinking_GNN_DP/paper_experiments/figure3/figure3_pipeline3.yaml/dataset=ogbn-arxiv/feature=raw/mechanism=mbm/x_eps=0.1/m=best/norm=false/smoother=hoa/backbone=sage/use_nfr=true/logs/grid_candidate_1109_attempt_1.log,
grid_candidate_1116,grid,grid_candidate_1116,completed,1,0,38.291591,/home/hzw/Rethinking_GNN_DP/paper_experiments/figure3/figure3_pipeline3.yaml/dataset=ogbn-arxiv/feature=raw/mechanism=mbm/x_eps=0.1/m=best/norm=false/smoother=hoa/backbone=sage/use_nfr=true/logs/grid_candidate_1116_attempt_1.log,
grid_candidate_1104,grid,grid_candidate_1104,completed,1,0,50.977838,/home/hzw/Rethinking_GNN_DP/paper_experiments/figure3/figure3_pipeline3.yaml/dataset=ogbn-arxiv/feature=raw/mechanism=mbm/x_eps=0.1/m=best/norm=false/smoother=hoa/backbone=sage/use_nfr=true/logs/grid_candidate_1104_attempt_1.log,
grid_candidate_1106,grid,grid_candidate_1106,completed,1,0,48.543190,/home/hzw/Rethinking_GNN_DP/paper_experiments/figure3/figure3_pipeline3.yaml/dataset=ogbn-arxiv/feature=raw/mechanism=mbm/x_eps=0.1/m=best/norm=false/smoother=hoa/backbone=sage/use_nfr=true/logs/grid_candidate_1106_attempt_1.log,
grid_candidate_1113,grid,grid_candidate_1113,completed,1,0,45.278083,/home/hzw/Rethinking_GNN_DP/paper_experiments/figure3/figure3_pipeline3.yaml/dataset=ogbn-arxiv/feature=raw/mechanism=mbm/x_eps=0.1/m=best/norm=false/smoother=hoa/backbone=sage/use_nfr=true/logs/grid_candidate_1113_attempt_1.log,
grid_candidate_1115,grid,grid_candidate_1115,completed,1,0,42.206990,/home/hzw/Rethinking_GNN_DP/paper_experiments/figure3/figure3_pipeline3.yaml/dataset=ogbn-arxiv/feature=raw/mechanism=mbm/x_eps=0.1/m=best/norm=false/smoother=hoa/backbone=sage/use_nfr=true/logs/grid_candidate_1115_attempt_1.log,
grid_candidate_1112,grid,grid_candidate_1112,completed,1,0,47.933082,/home/hzw/Rethinking_GNN_DP/paper_experiments/figure3/figure3_pipeline3.yaml/dataset=ogbn-arxiv/feature=raw/mechanism=mbm/x_eps=0.1/m=best/norm=false/smoother=hoa/backbone=sage/use_nfr=true/logs/grid_candidate_1112_attempt_1.log,
grid_candidate_1124,grid,grid_candidate_1124,completed,1,0,32.482839,/home/hzw/Rethinking_GNN_DP/paper_experiments/figure3/figure3_pipeline3.yaml/dataset=ogbn-arxiv/feature=raw/mechanism=mbm/x_eps=0.1/m=best/norm=false/smoother=hoa/backbone=sage/use_nfr=true/logs/grid_candidate_1124_attempt_1.log,
grid_candidate_1127,grid,grid_candidate_1127,completed,1,0,29.947867,/home/hzw/Rethinking_GNN_DP/paper_experiments/figure3/figure3_pipeline3.yaml/dataset=ogbn-arxiv/feature=raw/mechanism=mbm/x_eps=0.1/m=best/norm=false/smoother=hoa/backbone=sage/use_nfr=true/logs/grid_candidate_1127_attempt_1.log,
grid_candidate_1120,grid,grid_candidate_1120,completed,1,0,41.282535,/home/hzw/Rethinking_GNN_DP/paper_experiments/figure3/figure3_pipeline3.yaml/dataset=ogbn-arxiv/feature=raw/mechanism=mbm/x_eps=0.1/m=best/norm=false/smoother=hoa/backbone=sage/use_nfr=true/logs/grid_candidate_1120_attempt_1.log,
grid_candidate_1119,grid,grid_candidate_1119,completed,1,0,43.600529,/home/hzw/Rethinking_GNN_DP/paper_experiments/figure3/figure3_pipeline3.yaml/dataset=ogbn-arxiv/feature=raw/mechanism=mbm/x_eps=0.1/m=best/norm=false/smoother=hoa/backbone=sage/use_nfr=true/logs/grid_candidate_1119_attempt_1.log,
grid_candidate_1118,grid,grid_candidate_1118,completed,1,0,46.539611,/home/hzw/Rethinking_GNN_DP/paper_experiments/figure3/figure3_pipeline3.yaml/dataset=ogbn-arxiv/feature=raw/mechanism=mbm/x_eps=0.1/m=best/norm=false/smoother=hoa/backbone=sage/use_nfr=true/logs/grid_candidate_1118_attempt_1.log,
grid_candidate_1121,grid,grid_candidate_1121,completed,1,0,42.270599,/home/hzw/Rethinking_GNN_DP/paper_experiments/figure3/figure3_pipeline3.yaml/dataset=ogbn-arxiv/feature=raw/mechanism=mbm/x_eps=0.1/m=best/norm=false/smoother=hoa/backbone=sage/use_nfr=true/logs/grid_candidate_1121_attempt_1.log,
grid_candidate_1128,grid,grid_candidate_1128,completed,1,0,33.951184,/home/hzw/Rethinking_GNN_DP/paper_experiments/figure3/figure3_pipeline3.yaml/dataset=ogbn-arxiv/feature=raw/mechanism=mbm/x_eps=0.1/m=best/norm=false/smoother=hoa/backbone=sage/use_nfr=true/logs/grid_candidate_1128_attempt_1.log,
grid_candidate_1123,grid,grid_candidate_1123,completed,1,0,40.215340,/home/hzw/Rethinking_GNN_DP/paper_experiments/figure3/figure3_pipeline3.yaml/dataset=ogbn-arxiv/feature=raw/mechanism=mbm/x_eps=0.1/m=best/norm=false/smoother=hoa/backbone=sage/use_nfr=true/logs/grid_candidate_1123_attempt_1.log,
grid_candidate_1122,grid,grid_candidate_1122,completed,1,0,44.874268,/home/hzw/Rethinking_GNN_DP/paper_experiments/figure3/figure3_pipeline3.yaml/dataset=ogbn-arxiv/feature=raw/mechanism=mbm/x_eps=0.1/m=best/norm=false/smoother=hoa/backbone=sage/use_nfr=true/logs/grid_candidate_1122_attempt_1.log,
grid_candidate_1125,grid,grid_candidate_1125,completed,1,0,42.270382,/home/hzw/Rethinking_GNN_DP/paper_experiments/figure3/figure3_pipeline3.yaml/dataset=ogbn-arxiv/feature=raw/mechanism=mbm/x_eps=0.1/m=best/norm=false/smoother=hoa/backbone=sage/use_nfr=true/logs/grid_candidate_1125_attempt_1.log,
grid_candidate_1130,grid,grid_candidate_1130,completed,1,0,37.820516,/home/hzw/Rethinking_GNN_DP/paper_experiments/figure3/figure3_pipeline3.yaml/dataset=ogbn-arxiv/feature=raw/mechanism=mbm/x_eps=0.1/m=best/norm=false/smoother=hoa/backbone=sage/use_nfr=true/logs/grid_candidate_1130_attempt_1.log,
grid_candidate_1126,grid,grid_candidate_1126,completed,1,0,43.277756,/home/hzw/Rethinking_GNN_DP/paper_experiments/figure3/figure3_pipeline3.yaml/dataset=ogbn-arxiv/feature=raw/mechanism=mbm/x_eps=0.1/m=best/norm=false/smoother=hoa/backbone=sage/use_nfr=true/logs/grid_candidate_1126_attempt_1.log,
grid_candidate_1137,grid,grid_candidate_1137,completed,1,0,29.175753,/home/hzw/Rethinking_GNN_DP/paper_experiments/figure3/figure3_pipeline3.yaml/dataset=ogbn-arxiv/feature=raw/mechanism=mbm/x_eps=0.1/m=best/norm=false/smoother=hoa/backbone=sage/use_nfr=true/logs/grid_candidate_1137_attempt_1.log,
grid_candidate_1129,grid,grid_candidate_1129,completed,1,0,41.230716,/home/hzw/Rethinking_GNN_DP/paper_experiments/figure3/figure3_pipeline3.yaml/dataset=ogbn-arxiv/feature=raw/mechanism=mbm/x_eps=0.1/m=best/norm=false/smoother=hoa/backbone=sage/use_nfr=true/logs/grid_candidate_1129_attempt_1.log,
grid_candidate_1133,grid,grid_candidate_1133,completed,1,0,39.314240,/home/hzw/Rethinking_GNN_DP/paper_experiments/figure3/figure3_pipeline3.yaml/dataset=ogbn-arxiv/feature=raw/mechanism=mbm/x_eps=0.1/m=best/norm=false/smoother=hoa/backbone=sage/use_nfr=true/logs/grid_candidate_1133_attempt_1.log,
grid_candidate_1134,grid,grid_candidate_1134,completed,1,0,40.562718,/home/hzw/Rethinking_GNN_DP/paper_experiments/figure3/figure3_pipeline3.yaml/dataset=ogbn-arxiv/feature=raw/mechanism=mbm/x_eps=0.1/m=best/norm=false/smoother=hoa/backbone=sage/use_nfr=true/logs/grid_candidate_1134_attempt_1.log,
grid_candidate_1131,grid,grid_candidate_1131,completed,1,0,45.512715,/home/hzw/Rethinking_GNN_DP/paper_experiments/figure3/figure3_pipeline3.yaml/dataset=ogbn-arxiv/feature=raw/mechanism=mbm/x_eps=0.1/m=best/norm=false/smoother=hoa/backbone=sage/use_nfr=true/logs/grid_candidate_1131_attempt_1.log,
grid_candidate_1132,grid,grid_candidate_1132,completed,1,0,45.177487,/home/hzw/Rethinking_GNN_DP/paper_experiments/figure3/figure3_pipeline3.yaml/dataset=ogbn-arxiv/feature=raw/mechanism=mbm/x_eps=0.1/m=best/norm=false/smoother=hoa/backbone=sage/use_nfr=true/logs/grid_candidate_1132_attempt_1.log,
grid_candidate_1139,grid,grid_candidate_1139,completed,1,0,40.907464,/home/hzw/Rethinking_GNN_DP/paper_experiments/figure3/figure3_pipeline3.yaml/dataset=ogbn-arxiv/feature=raw/mechanism=mbm/x_eps=0.1/m=best/norm=false/smoother=hoa/backbone=sage/use_nfr=true/logs/grid_candidate_1139_attempt_1.log,
grid_candidate_1136,grid,grid_candidate_1136,completed,1,0,43.451477,/home/hzw/Rethinking_GNN_DP/paper_experiments/figure3/figure3_pipeline3.yaml/dataset=ogbn-arxiv/feature=raw/mechanism=mbm/x_eps=0.1/m=best/norm=false/smoother=hoa/backbone=sage/use_nfr=true/logs/grid_candidate_1136_attempt_1.log,
grid_candidate_1147,grid,grid_candidate_1147,completed,1,0,36.207480,/home/hzw/Rethinking_GNN_DP/paper_experiments/figure3/figure3_pipeline3.yaml/dataset=ogbn-arxiv/feature=raw/mechanism=mbm/x_eps=0.1/m=best/norm=false/smoother=hoa/backbone=sage/use_nfr=true/logs/grid_candidate_1147_attempt_1.log,
grid_candidate_1135,grid,grid_candidate_1135,completed,1,0,48.089625,/home/hzw/Rethinking_GNN_DP/paper_experiments/figure3/figure3_pipeline3.yaml/dataset=ogbn-arxiv/feature=raw/mechanism=mbm/x_eps=0.1/m=best/norm=false/smoother=hoa/backbone=sage/use_nfr=true/logs/grid_candidate_1135_attempt_1.log,
grid_candidate_1140,grid,grid_candidate_1140,completed,1,0,45.963159,/home/hzw/Rethinking_GNN_DP/paper_experiments/figure3/figure3_pipeline3.yaml/dataset=ogbn-arxiv/feature=raw/mechanism=mbm/x_eps=0.1/m=best/norm=false/smoother=hoa/backbone=sage/use_nfr=true/logs/grid_candidate_1140_attempt_1.log,
grid_candidate_1138,grid,grid_candidate_1138,completed,1,0,47.547033,/home/hzw/Rethinking_GNN_DP/paper_experiments/figure3/figure3_pipeline3.yaml/dataset=ogbn-arxiv/feature=raw/mechanism=mbm/x_eps=0.1/m=best/norm=false/smoother=hoa/backbone=sage/use_nfr=true/logs/grid_candidate_1138_attempt_1.log,
grid_candidate_1149,grid,grid_candidate_1149,completed,1,0,37.735505,/home/hzw/Rethinking_GNN_DP/paper_experiments/figure3/figure3_pipeline3.yaml/dataset=ogbn-arxiv/feature=raw/mechanism=mbm/x_eps=0.1/m=best/norm=false/smoother=hoa/backbone=sage/use_nfr=true/logs/grid_candidate_1149_attempt_1.log,
grid_candidate_1144,grid,grid_candidate_1144,completed,1,0,45.429576,/home/hzw/Rethinking_GNN_DP/paper_experiments/figure3/figure3_pipeline3.yaml/dataset=ogbn-arxiv/feature=raw/mechanism=mbm/x_eps=0.1/m=best/norm=false/smoother=hoa/backbone=sage/use_nfr=true/logs/grid_candidate_1144_attempt_1.log,
grid_candidate_1142,grid,grid_candidate_1142,completed,1,0,48.319867,/home/hzw/Rethinking_GNN_DP/paper_experiments/figure3/figure3_pipeline3.yaml/dataset=ogbn-arxiv/feature=raw/mechanism=mbm/x_eps=0.1/m=best/norm=false/smoother=hoa/backbone=sage/use_nfr=true/logs/grid_candidate_1142_attempt_1.log,
grid_candidate_1141,grid,grid_candidate_1141,completed,1,0,49.362899,/home/hzw/Rethinking_GNN_DP/paper_experiments/figure3/figure3_pipeline3.yaml/dataset=ogbn-arxiv/feature=raw/mechanism=mbm/x_eps=0.1/m=best/norm=false/smoother=hoa/backbone=sage/use_nfr=true/logs/grid_candidate_1141_attempt_1.log,
grid_candidate_1143,grid,grid_candidate_1143,completed,1,0,49.672630,/home/hzw/Rethinking_GNN_DP/paper_experiments/figure3/figure3_pipeline3.yaml/dataset=ogbn-arxiv/feature=raw/mechanism=mbm/x_eps=0.1/m=best/norm=false/smoother=hoa/backbone=sage/use_nfr=true/logs/grid_candidate_1143_attempt_1.log,
grid_candidate_1146,grid,grid_candidate_1146,completed,1,0,45.506926,/home/hzw/Rethinking_GNN_DP/paper_experiments/figure3/figure3_pipeline3.yaml/dataset=ogbn-arxiv/feature=raw/mechanism=mbm/x_eps=0.1/m=best/norm=false/smoother=hoa/backbone=sage/use_nfr=true/logs/grid_candidate_1146_attempt_1.log,
grid_candidate_1145,grid,grid_candidate_1145,completed,1,0,48.674289,/home/hzw/Rethinking_GNN_DP/paper_experiments/figure3/figure3_pipeline3.yaml/dataset=ogbn-arxiv/feature=raw/mechanism=mbm/x_eps=0.1/m=best/norm=false/smoother=hoa/backbone=sage/use_nfr=true/logs/grid_candidate_1145_attempt_1.log,
grid_candidate_1148,grid,grid_candidate_1148,completed,1,0,46.925521,/home/hzw/Rethinking_GNN_DP/paper_experiments/figure3/figure3_pipeline3.yaml/dataset=ogbn-arxiv/feature=raw/mechanism=mbm/x_eps=0.1/m=best/norm=false/smoother=hoa/backbone=sage/use_nfr=true/logs/grid_candidate_1148_attempt_1.log,
grid_candidate_1152,grid,grid_candidate_1152,completed,1,0,46.679237,/home/hzw/Rethinking_GNN_DP/paper_experiments/figure3/figure3_pipeline3.yaml/dataset=ogbn-arxiv/feature=raw/mechanism=mbm/x_eps=0.1/m=best/norm=false/smoother=hoa/backbone=sage/use_nfr=true/logs/grid_candidate_1152_attempt_1.log,
grid_candidate_1151,grid,grid_candidate_1151,completed,1,0,48.903816,/home/hzw/Rethinking_GNN_DP/paper_experiments/figure3/figure3_pipeline3.yaml/dataset=ogbn-arxiv/feature=raw/mechanism=mbm/x_eps=0.1/m=best/norm=false/smoother=hoa/backbone=sage/use_nfr=true/logs/grid_candidate_1151_attempt_1.log,
grid_candidate_1155,grid,grid_candidate_1155,completed,1,0,45.176487,/home/hzw/Rethinking_GNN_DP/paper_experiments/figure3/figure3_pipeline3.yaml/dataset=ogbn-arxiv/feature=raw/mechanism=mbm/x_eps=0.1/m=best/norm=false/smoother=hoa/backbone=sage/use_nfr=true/logs/grid_candidate_1155_attempt_1.log,
grid_candidate_1153,grid,grid_candidate_1153,completed,1,0,50.785962,/home/hzw/Rethinking_GNN_DP/paper_experiments/figure3/figure3_pipeline3.yaml/dataset=ogbn-arxiv/feature=raw/mechanism=mbm/x_eps=0.1/m=best/norm=false/smoother=hoa/backbone=sage/use_nfr=true/logs/grid_candidate_1153_attempt_1.log,
grid_candidate_1150,grid,grid_candidate_1150,completed,1,0,53.558706,/home/hzw/Rethinking_GNN_DP/paper_experiments/figure3/figure3_pipeline3.yaml/dataset=ogbn-arxiv/feature=raw/mechanism=mbm/x_eps=0.1/m=best/norm=false/smoother=hoa/backbone=sage/use_nfr=true/logs/grid_candidate_1150_attempt_1.log,
grid_candidate_1154,grid,grid_candidate_1154,completed,1,0,50.591302,/home/hzw/Rethinking_GNN_DP/paper_experiments/figure3/figure3_pipeline3.yaml/dataset=ogbn-arxiv/feature=raw/mechanism=mbm/x_eps=0.1/m=best/norm=false/smoother=hoa/backbone=sage/use_nfr=true/logs/grid_candidate_1154_attempt_1.log,
grid_candidate_1168,grid,grid_candidate_1168,completed,1,0,33.643776,/home/hzw/Rethinking_GNN_DP/paper_experiments/figure3/figure3_pipeline3.yaml/dataset=ogbn-arxiv/feature=raw/mechanism=mbm/x_eps=0.1/m=best/norm=false/smoother=hoa/backbone=sage/use_nfr=true/logs/grid_candidate_1168_attempt_1.log,
grid_candidate_1166,grid,grid_candidate_1166,completed,1,0,38.025069,/home/hzw/Rethinking_GNN_DP/paper_experiments/figure3/figure3_pipeline3.yaml/dataset=ogbn-arxiv/feature=raw/mechanism=mbm/x_eps=0.1/m=best/norm=false/smoother=hoa/backbone=sage/use_nfr=true/logs/grid_candidate_1166_attempt_1.log,
grid_candidate_1161,grid,grid_candidate_1161,completed,1,0,46.536425,/home/hzw/Rethinking_GNN_DP/paper_experiments/figure3/figure3_pipeline3.yaml/dataset=ogbn-arxiv/feature=raw/mechanism=mbm/x_eps=0.1/m=best/norm=false/smoother=hoa/backbone=sage/use_nfr=true/logs/grid_candidate_1161_attempt_1.log,
grid_candidate_1156,grid,grid_candidate_1156,completed,1,0,50.561301,/home/hzw/Rethinking_GNN_DP/paper_experiments/figure3/figure3_pipeline3.yaml/dataset=ogbn-arxiv/feature=raw/mechanism=mbm/x_eps=0.1/m=best/norm=false/smoother=hoa/backbone=sage/use_nfr=true/logs/grid_candidate_1156_attempt_1.log,
grid_candidate_1160,grid,grid_candidate_1160,completed,1,0,50.640603,/home/hzw/Rethinking_GNN_DP/paper_experiments/figure3/figure3_pipeline3.yaml/dataset=ogbn-arxiv/feature=raw/mechanism=mbm/x_eps=0.1/m=best/norm=false/smoother=hoa/backbone=sage/use_nfr=true/logs/grid_candidate_1160_attempt_1.log,
grid_candidate_1157,grid,grid_candidate_1157,completed,1,0,52.946453,/home/hzw/Rethinking_GNN_DP/paper_experiments/figure3/figure3_pipeline3.yaml/dataset=ogbn-arxiv/feature=raw/mechanism=mbm/x_eps=0.1/m=best/norm=false/smoother=hoa/backbone=sage/use_nfr=true/logs/grid_candidate_1157_attempt_1.log,
grid_candidate_1171,grid,grid_candidate_1171,completed,1,0,34.549950,/home/hzw/Rethinking_GNN_DP/paper_experiments/figure3/figure3_pipeline3.yaml/dataset=ogbn-arxiv/feature=raw/mechanism=mbm/x_eps=0.1/m=best/norm=false/smoother=hoa/backbone=sage/use_nfr=true/logs/grid_candidate_1171_attempt_1.log,
grid_candidate_1159,grid,grid_candidate_1159,completed,1,0,53.315684,/home/hzw/Rethinking_GNN_DP/paper_experiments/figure3/figure3_pipeline3.yaml/dataset=ogbn-arxiv/feature=raw/mechanism=mbm/x_eps=0.1/m=best/norm=false/smoother=hoa/backbone=sage/use_nfr=true/logs/grid_candidate_1159_attempt_1.log,
grid_candidate_1162,grid,grid_candidate_1162,completed,1,0,49.257378,/home/hzw/Rethinking_GNN_DP/paper_experiments/figure3/figure3_pipeline3.yaml/dataset=ogbn-arxiv/feature=raw/mechanism=mbm/x_eps=0.1/m=best/norm=false/smoother=hoa/backbone=sage/use_nfr=true/logs/grid_candidate_1162_attempt_1.log,
grid_candidate_1165,grid,grid_candidate_1165,completed,1,0,48.981349,/home/hzw/Rethinking_GNN_DP/paper_experiments/figure3/figure3_pipeline3.yaml/dataset=ogbn-arxiv/feature=raw/mechanism=mbm/x_eps=0.1/m=best/norm=false/smoother=hoa/backbone=sage/use_nfr=true/logs/grid_candidate_1165_attempt_1.log,
grid_candidate_1169,grid,grid_candidate_1169,completed,1,0,42.427468,/home/hzw/Rethinking_GNN_DP/paper_experiments/figure3/figure3_pipeline3.yaml/dataset=ogbn-arxiv/feature=raw/mechanism=mbm/x_eps=0.1/m=best/norm=false/smoother=hoa/backbone=sage/use_nfr=true/logs/grid_candidate_1169_attempt_1.log,
grid_candidate_1172,grid,grid_candidate_1172,completed,1,0,36.886097,/home/hzw/Rethinking_GNN_DP/paper_experiments/figure3/figure3_pipeline3.yaml/dataset=ogbn-arxiv/feature=raw/mechanism=mbm/x_eps=0.1/m=best/norm=false/smoother=hoa/backbone=sage/use_nfr=true/logs/grid_candidate_1172_attempt_1.log,
grid_candidate_1158,grid,grid_candidate_1158,completed,1,0,57.150623,/home/hzw/Rethinking_GNN_DP/paper_experiments/figure3/figure3_pipeline3.yaml/dataset=ogbn-arxiv/feature=raw/mechanism=mbm/x_eps=0.1/m=best/norm=false/smoother=hoa/backbone=sage/use_nfr=true/logs/grid_candidate_1158_attempt_1.log,
grid_candidate_1179,grid,grid_candidate_1179,completed,1,0,28.912778,/home/hzw/Rethinking_GNN_DP/paper_experiments/figure3/figure3_pipeline3.yaml/dataset=ogbn-arxiv/feature=raw/mechanism=mbm/x_eps=0.1/m=best/norm=false/smoother=hoa/backbone=sage/use_nfr=true/logs/grid_candidate_1179_attempt_1.log,
grid_candidate_1164,grid,grid_candidate_1164,completed,1,0,53.565706,/home/hzw/Rethinking_GNN_DP/paper_experiments/figure3/figure3_pipeline3.yaml/dataset=ogbn-arxiv/feature=raw/mechanism=mbm/x_eps=0.1/m=best/norm=false/smoother=hoa/backbone=sage/use_nfr=true/logs/grid_candidate_1164_attempt_1.log,
grid_candidate_1163,grid,grid_candidate_1163,completed,1,0,55.306200,/home/hzw/Rethinking_GNN_DP/paper_experiments/figure3/figure3_pipeline3.yaml/dataset=ogbn-arxiv/feature=raw/mechanism=mbm/x_eps=0.1/m=best/norm=false/smoother=hoa/backbone=sage/use_nfr=true/logs/grid_candidate_1163_attempt_1.log,
grid_candidate_1167,grid,grid_candidate_1167,completed,1,0,52.382487,/home/hzw/Rethinking_GNN_DP/paper_experiments/figure3/figure3_pipeline3.yaml/dataset=ogbn-arxiv/feature=raw/mechanism=mbm/x_eps=0.1/m=best/norm=false/smoother=hoa/backbone=sage/use_nfr=true/logs/grid_candidate_1167_attempt_1.log,
grid_candidate_1176,grid,grid_candidate_1176,completed,1,0,38.539040,/home/hzw/Rethinking_GNN_DP/paper_experiments/figure3/figure3_pipeline3.yaml/dataset=ogbn-arxiv/feature=raw/mechanism=mbm/x_eps=0.1/m=best/norm=false/smoother=hoa/backbone=sage/use_nfr=true/logs/grid_candidate_1176_attempt_1.log,
grid_candidate_1170,grid,grid_candidate_1170,completed,1,0,48.610053,/home/hzw/Rethinking_GNN_DP/paper_experiments/figure3/figure3_pipeline3.yaml/dataset=ogbn-arxiv/feature=raw/mechanism=mbm/x_eps=0.1/m=best/norm=false/smoother=hoa/backbone=sage/use_nfr=true/logs/grid_candidate_1170_attempt_1.log,
grid_candidate_1184,grid,grid_candidate_1184,completed,1,0,32.857068,/home/hzw/Rethinking_GNN_DP/paper_experiments/figure3/figure3_pipeline3.yaml/dataset=ogbn-arxiv/feature=raw/mechanism=mbm/x_eps=0.1/m=best/norm=false/smoother=hoa/backbone=sage/use_nfr=true/logs/grid_candidate_1184_attempt_1.log,
grid_candidate_1173,grid,grid_candidate_1173,completed,1,0,46.619974,/home/hzw/Rethinking_GNN_DP/paper_experiments/figure3/figure3_pipeline3.yaml/dataset=ogbn-arxiv/feature=raw/mechanism=mbm/x_eps=0.1/m=best/norm=false/smoother=hoa/backbone=sage/use_nfr=true/logs/grid_candidate_1173_attempt_1.log,
grid_candidate_1183,grid,grid_candidate_1183,completed,1,0,37.189178,/home/hzw/Rethinking_GNN_DP/paper_experiments/figure3/figure3_pipeline3.yaml/dataset=ogbn-arxiv/feature=raw/mechanism=mbm/x_eps=0.1/m=best/norm=false/smoother=hoa/backbone=sage/use_nfr=true/logs/grid_candidate_1183_attempt_1.log,
grid_candidate_1174,grid,grid_candidate_1174,completed,1,0,48.251025,/home/hzw/Rethinking_GNN_DP/paper_experiments/figure3/figure3_pipeline3.yaml/dataset=ogbn-arxiv/feature=raw/mechanism=mbm/x_eps=0.1/m=best/norm=false/smoother=hoa/backbone=sage/use_nfr=true/logs/grid_candidate_1174_attempt_1.log,
grid_candidate_1178,grid,grid_candidate_1178,completed,1,0,44.768455,/home/hzw/Rethinking_GNN_DP/paper_experiments/figure3/figure3_pipeline3.yaml/dataset=ogbn-arxiv/feature=raw/mechanism=mbm/x_eps=0.1/m=best/norm=false/smoother=hoa/backbone=sage/use_nfr=true/logs/grid_candidate_1178_attempt_1.log,
grid_candidate_1187,grid,grid_candidate_1187,completed,1,0,32.787510,/home/hzw/Rethinking_GNN_DP/paper_experiments/figure3/figure3_pipeline3.yaml/dataset=ogbn-arxiv/feature=raw/mechanism=mbm/x_eps=0.1/m=best/norm=false/smoother=hoa/backbone=sage/use_nfr=true/logs/grid_candidate_1187_attempt_1.log,
grid_candidate_1175,grid,grid_candidate_1175,completed,1,0,49.293525,/home/hzw/Rethinking_GNN_DP/paper_experiments/figure3/figure3_pipeline3.yaml/dataset=ogbn-arxiv/feature=raw/mechanism=mbm/x_eps=0.1/m=best/norm=false/smoother=hoa/backbone=sage/use_nfr=true/logs/grid_candidate_1175_attempt_1.log,
grid_candidate_1182,grid,grid_candidate_1182,completed,1,0,43.554665,/home/hzw/Rethinking_GNN_DP/paper_experiments/figure3/figure3_pipeline3.yaml/dataset=ogbn-arxiv/feature=raw/mechanism=mbm/x_eps=0.1/m=best/norm=false/smoother=hoa/backbone=sage/use_nfr=true/logs/grid_candidate_1182_attempt_1.log,
grid_candidate_1181,grid,grid_candidate_1181,completed,1,0,45.411575,/home/hzw/Rethinking_GNN_DP/paper_experiments/figure3/figure3_pipeline3.yaml/dataset=ogbn-arxiv/feature=raw/mechanism=mbm/x_eps=0.1/m=best/norm=false/smoother=hoa/backbone=sage/use_nfr=true/logs/grid_candidate_1181_attempt_1.log,
grid_candidate_1186,grid,grid_candidate_1186,completed,1,0,37.368609,/home/hzw/Rethinking_GNN_DP/paper_experiments/figure3/figure3_pipeline3.yaml/dataset=ogbn-arxiv/feature=raw/mechanism=mbm/x_eps=0.1/m=best/norm=false/smoother=hoa/backbone=sage/use_nfr=true/logs/grid_candidate_1186_attempt_1.log,
grid_candidate_1180,grid,grid_candidate_1180,completed,1,0,47.294600,/home/hzw/Rethinking_GNN_DP/paper_experiments/figure3/figure3_pipeline3.yaml/dataset=ogbn-arxiv/feature=raw/mechanism=mbm/x_eps=0.1/m=best/norm=false/smoother=hoa/backbone=sage/use_nfr=true/logs/grid_candidate_1180_attempt_1.log,
grid_candidate_1177,grid,grid_candidate_1177,completed,1,0,51.066360,/home/hzw/Rethinking_GNN_DP/paper_experiments/figure3/figure3_pipeline3.yaml/dataset=ogbn-arxiv/feature=raw/mechanism=mbm/x_eps=0.1/m=best/norm=false/smoother=hoa/backbone=sage/use_nfr=true/logs/grid_candidate_1177_attempt_1.log,
grid_candidate_1188,grid,grid_candidate_1188,completed,1,0,39.389362,/home/hzw/Rethinking_GNN_DP/paper_experiments/figure3/figure3_pipeline3.yaml/dataset=ogbn-arxiv/feature=raw/mechanism=mbm/x_eps=0.1/m=best/norm=false/smoother=hoa/backbone=sage/use_nfr=true/logs/grid_candidate_1188_attempt_1.log,
grid_candidate_1185,grid,grid_candidate_1185,completed,1,0,45.838974,/home/hzw/Rethinking_GNN_DP/paper_experiments/figure3/figure3_pipeline3.yaml/dataset=ogbn-arxiv/feature=raw/mechanism=mbm/x_eps=0.1/m=best/norm=false/smoother=hoa/backbone=sage/use_nfr=true/logs/grid_candidate_1185_attempt_1.log,
grid_candidate_1197,grid,grid_candidate_1197,completed,1,0,31.631686,/home/hzw/Rethinking_GNN_DP/paper_experiments/figure3/figure3_pipeline3.yaml/dataset=ogbn-arxiv/feature=raw/mechanism=mbm/x_eps=0.1/m=best/norm=false/smoother=hoa/backbone=sage/use_nfr=true/logs/grid_candidate_1197_attempt_1.log,
grid_candidate_1189,grid,grid_candidate_1189,completed,1,0,40.650452,/home/hzw/Rethinking_GNN_DP/paper_experiments/figure3/figure3_pipeline3.yaml/dataset=ogbn-arxiv/feature=raw/mechanism=mbm/x_eps=0.1/m=best/norm=false/smoother=hoa/backbone=sage/use_nfr=true/logs/grid_candidate_1189_attempt_1.log,
grid_candidate_1190,grid,grid_candidate_1190,completed,1,0,42.171770,/home/hzw/Rethinking_GNN_DP/paper_experiments/figure3/figure3_pipeline3.yaml/dataset=ogbn-arxiv/feature=raw/mechanism=mbm/x_eps=0.1/m=best/norm=false/smoother=hoa/backbone=sage/use_nfr=true/logs/grid_candidate_1190_attempt_1.log,
grid_candidate_1200,grid,grid_candidate_1200,completed,1,0,32.730966,/home/hzw/Rethinking_GNN_DP/paper_experiments/figure3/figure3_pipeline3.yaml/dataset=ogbn-arxiv/feature=raw/mechanism=mbm/x_eps=0.1/m=best/norm=false/smoother=hoa/backbone=sage/use_nfr=true/logs/grid_candidate_1200_attempt_1.log,
grid_candidate_1194,grid,grid_candidate_1194,completed,1,0,40.325186,/home/hzw/Rethinking_GNN_DP/paper_experiments/figure3/figure3_pipeline3.yaml/dataset=ogbn-arxiv/feature=raw/mechanism=mbm/x_eps=0.1/m=best/norm=false/smoother=hoa/backbone=sage/use_nfr=true/logs/grid_candidate_1194_attempt_1.log,
grid_candidate_1192,grid,grid_candidate_1192,completed,1,0,44.446014,/home/hzw/Rethinking_GNN_DP/paper_experiments/figure3/figure3_pipeline3.yaml/dataset=ogbn-arxiv/feature=raw/mechanism=mbm/x_eps=0.1/m=best/norm=false/smoother=hoa/backbone=sage/use_nfr=true/logs/grid_candidate_1192_attempt_1.log,
grid_candidate_1196,grid,grid_candidate_1196,completed,1,0,38.906233,/home/hzw/Rethinking_GNN_DP/paper_experiments/figure3/figure3_pipeline3.yaml/dataset=ogbn-arxiv/feature=raw/mechanism=mbm/x_eps=0.1/m=best/norm=false/smoother=hoa/backbone=sage/use_nfr=true/logs/grid_candidate_1196_attempt_1.log,
grid_candidate_1199,grid,grid_candidate_1199,completed,1,0,36.966933,/home/hzw/Rethinking_GNN_DP/paper_experiments/figure3/figure3_pipeline3.yaml/dataset=ogbn-arxiv/feature=raw/mechanism=mbm/x_eps=0.1/m=best/norm=false/smoother=hoa/backbone=sage/use_nfr=true/logs/grid_candidate_1199_attempt_1.log,
grid_candidate_1191,grid,grid_candidate_1191,completed,1,0,46.060472,/home/hzw/Rethinking_GNN_DP/paper_experiments/figure3/figure3_pipeline3.yaml/dataset=ogbn-arxiv/feature=raw/mechanism=mbm/x_eps=0.1/m=best/norm=false/smoother=hoa/backbone=sage/use_nfr=true/logs/grid_candidate_1191_attempt_1.log,
grid_candidate_1195,grid,grid_candidate_1195,completed,1,0,42.971042,/home/hzw/Rethinking_GNN_DP/paper_experiments/figure3/figure3_pipeline3.yaml/dataset=ogbn-arxiv/feature=raw/mechanism=mbm/x_eps=0.1/m=best/norm=false/smoother=hoa/backbone=sage/use_nfr=true/logs/grid_candidate_1195_attempt_1.log,
grid_candidate_1193,grid,grid_candidate_1193,completed,1,0,46.241783,/home/hzw/Rethinking_GNN_DP/paper_experiments/figure3/figure3_pipeline3.yaml/dataset=ogbn-arxiv/feature=raw/mechanism=mbm/x_eps=0.1/m=best/norm=false/smoother=hoa/backbone=sage/use_nfr=true/logs/grid_candidate_1193_attempt_1.log,
grid_candidate_1198,grid,grid_candidate_1198,completed,1,0,45.820196,/home/hzw/Rethinking_GNN_DP/paper_experiments/figure3/figure3_pipeline3.yaml/dataset=ogbn-arxiv/feature=raw/mechanism=mbm/x_eps=0.1/m=best/norm=false/smoother=hoa/backbone=sage/use_nfr=true/logs/grid_candidate_1198_attempt_1.log,
grid_candidate_1211,grid,grid_candidate_1211,completed,1,0,31.399966,/home/hzw/Rethinking_GNN_DP/paper_experiments/figure3/figure3_pipeline3.yaml/dataset=ogbn-arxiv/feature=raw/mechanism=mbm/x_eps=0.1/m=best/norm=false/smoother=hoa/backbone=sage/use_nfr=true/logs/grid_candidate_1211_attempt_1.log,
grid_candidate_1203,grid,grid_candidate_1203,completed,1,0,44.988161,/home/hzw/Rethinking_GNN_DP/paper_experiments/figure3/figure3_pipeline3.yaml/dataset=ogbn-arxiv/feature=raw/mechanism=mbm/x_eps=0.1/m=best/norm=false/smoother=hoa/backbone=sage/use_nfr=true/logs/grid_candidate_1203_attempt_1.log,
grid_candidate_1201,grid,grid_candidate_1201,completed,1,0,48.385818,/home/hzw/Rethinking_GNN_DP/paper_experiments/figure3/figure3_pipeline3.yaml/dataset=ogbn-arxiv/feature=raw/mechanism=mbm/x_eps=0.1/m=best/norm=false/smoother=hoa/backbone=sage/use_nfr=true/logs/grid_candidate_1201_attempt_1.log,
grid_candidate_1205,grid,grid_candidate_1205,completed,1,0,46.810839,/home/hzw/Rethinking_GNN_DP/paper_experiments/figure3/figure3_pipeline3.yaml/dataset=ogbn-arxiv/feature=raw/mechanism=mbm/x_eps=0.1/m=best/norm=false/smoother=hoa/backbone=sage/use_nfr=true/logs/grid_candidate_1205_attempt_1.log,
grid_candidate_1202,grid,grid_candidate_1202,completed,1,0,48.750584,/home/hzw/Rethinking_GNN_DP/paper_experiments/figure3/figure3_pipeline3.yaml/dataset=ogbn-arxiv/feature=raw/mechanism=mbm/x_eps=0.1/m=best/norm=false/smoother=hoa/backbone=sage/use_nfr=true/logs/grid_candidate_1202_attempt_1.log,
grid_candidate_1208,grid,grid_candidate_1208,completed,1,0,48.193877,/home/hzw/Rethinking_GNN_DP/paper_experiments/figure3/figure3_pipeline3.yaml/dataset=ogbn-arxiv/feature=raw/mechanism=mbm/x_eps=0.1/m=best/norm=false/smoother=hoa/backbone=sage/use_nfr=true/logs/grid_candidate_1208_attempt_1.log,
grid_candidate_1209,grid,grid_candidate_1209,completed,1,0,45.907179,/home/hzw/Rethinking_GNN_DP/paper_experiments/figure3/figure3_pipeline3.yaml/dataset=ogbn-arxiv/feature=raw/mechanism=mbm/x_eps=0.1/m=best/norm=false/smoother=hoa/backbone=sage/use_nfr=true/logs/grid_candidate_1209_attempt_1.log,
grid_candidate_1204,grid,grid_candidate_1204,completed,1,0,54.059155,/home/hzw/Rethinking_GNN_DP/paper_experiments/figure3/figure3_pipeline3.yaml/dataset=ogbn-arxiv/feature=raw/mechanism=mbm/x_eps=0.1/m=best/norm=false/smoother=hoa/backbone=sage/use_nfr=true/logs/grid_candidate_1204_attempt_1.log,
grid_candidate_1213,grid,grid_candidate_1213,completed,1,0,43.671213,/home/hzw/Rethinking_GNN_DP/paper_experiments/figure3/figure3_pipeline3.yaml/dataset=ogbn-arxiv/feature=raw/mechanism=mbm/x_eps=0.1/m=best/norm=false/smoother=hoa/backbone=sage/use_nfr=true/logs/grid_candidate_1213_attempt_1.log,
grid_candidate_1206,grid,grid_candidate_1206,completed,1,0,53.862073,/home/hzw/Rethinking_GNN_DP/paper_experiments/figure3/figure3_pipeline3.yaml/dataset=ogbn-arxiv/feature=raw/mechanism=mbm/x_eps=0.1/m=best/norm=false/smoother=hoa/backbone=sage/use_nfr=true/logs/grid_candidate_1206_attempt_1.log,
grid_candidate_1207,grid,grid_candidate_1207,completed,1,0,53.427909,/home/hzw/Rethinking_GNN_DP/paper_experiments/figure3/figure3_pipeline3.yaml/dataset=ogbn-arxiv/feature=raw/mechanism=mbm/x_eps=0.1/m=best/norm=false/smoother=hoa/backbone=sage/use_nfr=true/logs/grid_candidate_1207_attempt_1.log,
grid_candidate_1216,grid,grid_candidate_1216,completed,1,0,41.861186,/home/hzw/Rethinking_GNN_DP/paper_experiments/figure3/figure3_pipeline3.yaml/dataset=ogbn-arxiv/feature=raw/mechanism=mbm/x_eps=0.1/m=best/norm=false/smoother=hoa/backbone=sage/use_nfr=true/logs/grid_candidate_1216_attempt_1.log,
grid_candidate_1212,grid,grid_candidate_1212,completed,1,0,46.134819,/home/hzw/Rethinking_GNN_DP/paper_experiments/figure3/figure3_pipeline3.yaml/dataset=ogbn-arxiv/feature=raw/mechanism=mbm/x_eps=0.1/m=best/norm=false/smoother=hoa/backbone=sage/use_nfr=true/logs/grid_candidate_1212_attempt_1.log,
grid_candidate_1210,grid,grid_candidate_1210,completed,1,0,50.704088,/home/hzw/Rethinking_GNN_DP/paper_experiments/figure3/figure3_pipeline3.yaml/dataset=ogbn-arxiv/feature=raw/mechanism=mbm/x_eps=0.1/m=best/norm=false/smoother=hoa/backbone=sage/use_nfr=true/logs/grid_candidate_1210_attempt_1.log,
grid_candidate_1224,grid,grid_candidate_1224,completed,1,0,33.497874,/home/hzw/Rethinking_GNN_DP/paper_experiments/figure3/figure3_pipeline3.yaml/dataset=ogbn-arxiv/feature=raw/mechanism=mbm/x_eps=0.1/m=best/norm=false/smoother=hoa/backbone=sage/use_nfr=true/logs/grid_candidate_1224_attempt_1.log,
grid_candidate_1225,grid,grid_candidate_1225,completed,1,0,37.681023,/home/hzw/Rethinking_GNN_DP/paper_experiments/figure3/figure3_pipeline3.yaml/dataset=ogbn-arxiv/feature=raw/mechanism=mbm/x_eps=0.1/m=best/norm=false/smoother=hoa/backbone=sage/use_nfr=true/logs/grid_candidate_1225_attempt_1.log,
grid_candidate_1215,grid,grid_candidate_1215,completed,1,0,48.319142,/home/hzw/Rethinking_GNN_DP/paper_experiments/figure3/figure3_pipeline3.yaml/dataset=ogbn-arxiv/feature=raw/mechanism=mbm/x_eps=0.1/m=best/norm=false/smoother=hoa/backbone=sage/use_nfr=true/logs/grid_candidate_1215_attempt_1.log,
grid_candidate_1214,grid,grid_candidate_1214,completed,1,0,49.382651,/home/hzw/Rethinking_GNN_DP/paper_experiments/figure3/figure3_pipeline3.yaml/dataset=ogbn-arxiv/feature=raw/mechanism=mbm/x_eps=0.1/m=best/norm=false/smoother=hoa/backbone=sage/use_nfr=true/logs/grid_candidate_1214_attempt_1.log,
grid_candidate_1223,grid,grid_candidate_1223,completed,1,0,42.908893,/home/hzw/Rethinking_GNN_DP/paper_experiments/figure3/figure3_pipeline3.yaml/dataset=ogbn-arxiv/feature=raw/mechanism=mbm/x_eps=0.1/m=best/norm=false/smoother=hoa/backbone=sage/use_nfr=true/logs/grid_candidate_1223_attempt_1.log,
grid_candidate_1219,grid,grid_candidate_1219,completed,1,0,48.476295,/home/hzw/Rethinking_GNN_DP/paper_experiments/figure3/figure3_pipeline3.yaml/dataset=ogbn-arxiv/feature=raw/mechanism=mbm/x_eps=0.1/m=best/norm=false/smoother=hoa/backbone=sage/use_nfr=true/logs/grid_candidate_1219_attempt_1.log,
grid_candidate_1218,grid,grid_candidate_1218,completed,1,0,49.877970,/home/hzw/Rethinking_GNN_DP/paper_experiments/figure3/figure3_pipeline3.yaml/dataset=ogbn-arxiv/feature=raw/mechanism=mbm/x_eps=0.1/m=best/norm=false/smoother=hoa/backbone=sage/use_nfr=true/logs/grid_candidate_1218_attempt_1.log,
grid_candidate_1229,grid,grid_candidate_1229,completed,1,0,40.243671,/home/hzw/Rethinking_GNN_DP/paper_experiments/figure3/figure3_pipeline3.yaml/dataset=ogbn-arxiv/feature=raw/mechanism=mbm/x_eps=0.1/m=best/norm=false/smoother=hoa/backbone=sage/use_nfr=true/logs/grid_candidate_1229_attempt_1.log,
grid_candidate_1227,grid,grid_candidate_1227,completed,1,0,44.308609,/home/hzw/Rethinking_GNN_DP/paper_experiments/figure3/figure3_pipeline3.yaml/dataset=ogbn-arxiv/feature=raw/mechanism=mbm/x_eps=0.1/m=best/norm=false/smoother=hoa/backbone=sage/use_nfr=true/logs/grid_candidate_1227_attempt_1.log,
grid_candidate_1217,grid,grid_candidate_1217,completed,1,0,56.375170,/home/hzw/Rethinking_GNN_DP/paper_experiments/figure3/figure3_pipeline3.yaml/dataset=ogbn-arxiv/feature=raw/mechanism=mbm/x_eps=0.1/m=best/norm=false/smoother=hoa/backbone=sage/use_nfr=true/logs/grid_candidate_1217_attempt_1.log,
grid_candidate_1228,grid,grid_candidate_1228,completed,1,0,45.298605,/home/hzw/Rethinking_GNN_DP/paper_experiments/figure3/figure3_pipeline3.yaml/dataset=ogbn-arxiv/feature=raw/mechanism=mbm/x_eps=0.1/m=best/norm=false/smoother=hoa/backbone=sage/use_nfr=true/logs/grid_candidate_1228_attempt_1.log,
grid_candidate_1221,grid,grid_candidate_1221,completed,1,0,55.192493,/home/hzw/Rethinking_GNN_DP/paper_experiments/figure3/figure3_pipeline3.yaml/dataset=ogbn-arxiv/feature=raw/mechanism=mbm/x_eps=0.1/m=best/norm=false/smoother=hoa/backbone=sage/use_nfr=true/logs/grid_candidate_1221_attempt_1.log,
grid_candidate_1226,grid,grid_candidate_1226,completed,1,0,48.722553,/home/hzw/Rethinking_GNN_DP/paper_experiments/figure3/figure3_pipeline3.yaml/dataset=ogbn-arxiv/feature=raw/mechanism=mbm/x_eps=0.1/m=best/norm=false/smoother=hoa/backbone=sage/use_nfr=true/logs/grid_candidate_1226_attempt_1.log,
grid_candidate_1220,grid,grid_candidate_1220,completed,1,0,56.673121,/home/hzw/Rethinking_GNN_DP/paper_experiments/figure3/figure3_pipeline3.yaml/dataset=ogbn-arxiv/feature=raw/mechanism=mbm/x_eps=0.1/m=best/norm=false/smoother=hoa/backbone=sage/use_nfr=true/logs/grid_candidate_1220_attempt_1.log,
grid_candidate_1222,grid,grid_candidate_1222,completed,1,0,56.238582,/home/hzw/Rethinking_GNN_DP/paper_experiments/figure3/figure3_pipeline3.yaml/dataset=ogbn-arxiv/feature=raw/mechanism=mbm/x_eps=0.1/m=best/norm=false/smoother=hoa/backbone=sage/use_nfr=true/logs/grid_candidate_1222_attempt_1.log,
grid_candidate_1230,grid,grid_candidate_1230,completed,1,0,44.844332,/home/hzw/Rethinking_GNN_DP/paper_experiments/figure3/figure3_pipeline3.yaml/dataset=ogbn-arxiv/feature=raw/mechanism=mbm/x_eps=0.1/m=best/norm=false/smoother=hoa/backbone=sage/use_nfr=true/logs/grid_candidate_1230_attempt_1.log,
grid_candidate_1231,grid,grid_candidate_1231,completed,1,0,45.689708,/home/hzw/Rethinking_GNN_DP/paper_experiments/figure3/figure3_pipeline3.yaml/dataset=ogbn-arxiv/feature=raw/mechanism=mbm/x_eps=0.1/m=best/norm=false/smoother=hoa/backbone=sage/use_nfr=true/logs/grid_candidate_1231_attempt_1.log,
grid_candidate_1235,grid,grid_candidate_1235,completed,1,0,43.672290,/home/hzw/Rethinking_GNN_DP/paper_experiments/figure3/figure3_pipeline3.yaml/dataset=ogbn-arxiv/feature=raw/mechanism=mbm/x_eps=0.1/m=best/norm=false/smoother=hoa/backbone=sage/use_nfr=true/logs/grid_candidate_1235_attempt_1.log,
grid_candidate_1237,grid,grid_candidate_1237,completed,1,0,39.372548,/home/hzw/Rethinking_GNN_DP/paper_experiments/figure3/figure3_pipeline3.yaml/dataset=ogbn-arxiv/feature=raw/mechanism=mbm/x_eps=0.1/m=best/norm=false/smoother=hoa/backbone=sage/use_nfr=true/logs/grid_candidate_1237_attempt_1.log,
grid_candidate_1234,grid,grid_candidate_1234,completed,1,0,47.316564,/home/hzw/Rethinking_GNN_DP/paper_experiments/figure3/figure3_pipeline3.yaml/dataset=ogbn-arxiv/feature=raw/mechanism=mbm/x_eps=0.1/m=best/norm=false/smoother=hoa/backbone=sage/use_nfr=true/logs/grid_candidate_1234_attempt_1.log,
grid_candidate_1232,grid,grid_candidate_1232,completed,1,0,52.566555,/home/hzw/Rethinking_GNN_DP/paper_experiments/figure3/figure3_pipeline3.yaml/dataset=ogbn-arxiv/feature=raw/mechanism=mbm/x_eps=0.1/m=best/norm=false/smoother=hoa/backbone=sage/use_nfr=true/logs/grid_candidate_1232_attempt_1.log,
grid_candidate_1238,grid,grid_candidate_1238,completed,1,0,42.219155,/home/hzw/Rethinking_GNN_DP/paper_experiments/figure3/figure3_pipeline3.yaml/dataset=ogbn-arxiv/feature=raw/mechanism=mbm/x_eps=0.1/m=best/norm=false/smoother=hoa/backbone=sage/use_nfr=true/logs/grid_candidate_1238_attempt_1.log,
grid_candidate_1233,grid,grid_candidate_1233,completed,1,0,56.073331,/home/hzw/Rethinking_GNN_DP/paper_experiments/figure3/figure3_pipeline3.yaml/dataset=ogbn-arxiv/feature=raw/mechanism=mbm/x_eps=0.1/m=best/norm=false/smoother=hoa/backbone=sage/use_nfr=true/logs/grid_candidate_1233_attempt_1.log,
grid_candidate_1239,grid,grid_candidate_1239,completed,1,0,42.638697,/home/hzw/Rethinking_GNN_DP/paper_experiments/figure3/figure3_pipeline3.yaml/dataset=ogbn-arxiv/feature=raw/mechanism=mbm/x_eps=0.1/m=best/norm=false/smoother=hoa/backbone=sage/use_nfr=true/logs/grid_candidate_1239_attempt_1.log,
grid_candidate_1240,grid,grid_candidate_1240,completed,1,0,43.642562,/home/hzw/Rethinking_GNN_DP/paper_experiments/figure3/figure3_pipeline3.yaml/dataset=ogbn-arxiv/feature=raw/mechanism=mbm/x_eps=0.1/m=best/norm=false/smoother=hoa/backbone=sage/use_nfr=true/logs/grid_candidate_1240_attempt_1.log,
grid_candidate_1241,grid,grid_candidate_1241,completed,1,0,42.547638,/home/hzw/Rethinking_GNN_DP/paper_experiments/figure3/figure3_pipeline3.yaml/dataset=ogbn-arxiv/feature=raw/mechanism=mbm/x_eps=0.1/m=best/norm=false/smoother=hoa/backbone=sage/use_nfr=true/logs/grid_candidate_1241_attempt_1.log,
grid_candidate_1248,grid,grid_candidate_1248,completed,1,0,36.841957,/home/hzw/Rethinking_GNN_DP/paper_experiments/figure3/figure3_pipeline3.yaml/dataset=ogbn-arxiv/feature=raw/mechanism=mbm/x_eps=0.1/m=best/norm=false/smoother=hoa/backbone=sage/use_nfr=true/logs/grid_candidate_1248_attempt_1.log,
grid_candidate_1243,grid,grid_candidate_1243,completed,1,0,43.301526,/home/hzw/Rethinking_GNN_DP/paper_experiments/figure3/figure3_pipeline3.yaml/dataset=ogbn-arxiv/feature=raw/mechanism=mbm/x_eps=0.1/m=best/norm=false/smoother=hoa/backbone=sage/use_nfr=true/logs/grid_candidate_1243_attempt_1.log,
grid_candidate_1251,grid,grid_candidate_1251,completed,1,0,37.411277,/home/hzw/Rethinking_GNN_DP/paper_experiments/figure3/figure3_pipeline3.yaml/dataset=ogbn-arxiv/feature=raw/mechanism=mbm/x_eps=0.1/m=best/norm=false/smoother=hoa/backbone=sage/use_nfr=true/logs/grid_candidate_1251_attempt_1.log,
grid_candidate_1236,grid,grid_candidate_1236,completed,1,0,56.328253,/home/hzw/Rethinking_GNN_DP/paper_experiments/figure3/figure3_pipeline3.yaml/dataset=ogbn-arxiv/feature=raw/mechanism=mbm/x_eps=0.1/m=best/norm=false/smoother=hoa/backbone=sage/use_nfr=true/logs/grid_candidate_1236_attempt_1.log,
grid_candidate_1245,grid,grid_candidate_1245,completed,1,0,41.594794,/home/hzw/Rethinking_GNN_DP/paper_experiments/figure3/figure3_pipeline3.yaml/dataset=ogbn-arxiv/feature=raw/mechanism=mbm/x_eps=0.1/m=best/norm=false/smoother=hoa/backbone=sage/use_nfr=true/logs/grid_candidate_1245_attempt_1.log,
grid_candidate_1252,grid,grid_candidate_1252,completed,1,0,34.975646,/home/hzw/Rethinking_GNN_DP/paper_experiments/figure3/figure3_pipeline3.yaml/dataset=ogbn-arxiv/feature=raw/mechanism=mbm/x_eps=0.1/m=best/norm=false/smoother=hoa/backbone=sage/use_nfr=true/logs/grid_candidate_1252_attempt_1.log,
grid_candidate_1242,grid,grid_candidate_1242,completed,1,0,48.475720,/home/hzw/Rethinking_GNN_DP/paper_experiments/figure3/figure3_pipeline3.yaml/dataset=ogbn-arxiv/feature=raw/mechanism=mbm/x_eps=0.1/m=best/norm=false/smoother=hoa/backbone=sage/use_nfr=true/logs/grid_candidate_1242_attempt_1.log,
grid_candidate_1249,grid,grid_candidate_1249,completed,1,0,42.855242,/home/hzw/Rethinking_GNN_DP/paper_experiments/figure3/figure3_pipeline3.yaml/dataset=ogbn-arxiv/feature=raw/mechanism=mbm/x_eps=0.1/m=best/norm=false/smoother=hoa/backbone=sage/use_nfr=true/logs/grid_candidate_1249_attempt_1.log,
grid_candidate_1255,grid,grid_candidate_1255,completed,1,0,34.475271,/home/hzw/Rethinking_GNN_DP/paper_experiments/figure3/figure3_pipeline3.yaml/dataset=ogbn-arxiv/feature=raw/mechanism=mbm/x_eps=0.1/m=best/norm=false/smoother=hoa/backbone=sage/use_nfr=true/logs/grid_candidate_1255_attempt_1.log,
grid_candidate_1250,grid,grid_candidate_1250,completed,1,0,45.254779,/home/hzw/Rethinking_GNN_DP/paper_experiments/figure3/figure3_pipeline3.yaml/dataset=ogbn-arxiv/feature=raw/mechanism=mbm/x_eps=0.1/m=best/norm=false/smoother=hoa/backbone=sage/use_nfr=true/logs/grid_candidate_1250_attempt_1.log,
grid_candidate_1254,grid,grid_candidate_1254,completed,1,0,42.638101,/home/hzw/Rethinking_GNN_DP/paper_experiments/figure3/figure3_pipeline3.yaml/dataset=ogbn-arxiv/feature=raw/mechanism=mbm/x_eps=0.1/m=best/norm=false/smoother=hoa/backbone=sage/use_nfr=true/logs/grid_candidate_1254_attempt_1.log,
grid_candidate_1253,grid,grid_candidate_1253,completed,1,0,44.499591,/home/hzw/Rethinking_GNN_DP/paper_experiments/figure3/figure3_pipeline3.yaml/dataset=ogbn-arxiv/feature=raw/mechanism=mbm/x_eps=0.1/m=best/norm=false/smoother=hoa/backbone=sage/use_nfr=true/logs/grid_candidate_1253_attempt_1.log,
grid_candidate_1244,grid,grid_candidate_1244,completed,1,0,54.313684,/home/hzw/Rethinking_GNN_DP/paper_experiments/figure3/figure3_pipeline3.yaml/dataset=ogbn-arxiv/feature=raw/mechanism=mbm/x_eps=0.1/m=best/norm=false/smoother=hoa/backbone=sage/use_nfr=true/logs/grid_candidate_1244_attempt_1.log,
grid_candidate_1256,grid,grid_candidate_1256,completed,1,0,42.023787,/home/hzw/Rethinking_GNN_DP/paper_experiments/figure3/figure3_pipeline3.yaml/dataset=ogbn-arxiv/feature=raw/mechanism=mbm/x_eps=0.1/m=best/norm=false/smoother=hoa/backbone=sage/use_nfr=true/logs/grid_candidate_1256_attempt_1.log,
grid_candidate_1246,grid,grid_candidate_1246,completed,1,0,55.803293,/home/hzw/Rethinking_GNN_DP/paper_experiments/figure3/figure3_pipeline3.yaml/dataset=ogbn-arxiv/feature=raw/mechanism=mbm/x_eps=0.1/m=best/norm=false/smoother=hoa/backbone=sage/use_nfr=true/logs/grid_candidate_1246_attempt_1.log,
grid_candidate_1247,grid,grid_candidate_1247,completed,1,0,56.014031,/home/hzw/Rethinking_GNN_DP/paper_experiments/figure3/figure3_pipeline3.yaml/dataset=ogbn-arxiv/feature=raw/mechanism=mbm/x_eps=0.1/m=best/norm=false/smoother=hoa/backbone=sage/use_nfr=true/logs/grid_candidate_1247_attempt_1.log,
grid_candidate_1258,grid,grid_candidate_1258,completed,1,0,41.949922,/home/hzw/Rethinking_GNN_DP/paper_experiments/figure3/figure3_pipeline3.yaml/dataset=ogbn-arxiv/feature=raw/mechanism=mbm/x_eps=0.1/m=best/norm=false/smoother=hoa/backbone=sage/use_nfr=true/logs/grid_candidate_1258_attempt_1.log,
grid_candidate_1257,grid,grid_candidate_1257,completed,1,0,45.359158,/home/hzw/Rethinking_GNN_DP/paper_experiments/figure3/figure3_pipeline3.yaml/dataset=ogbn-arxiv/feature=raw/mechanism=mbm/x_eps=0.1/m=best/norm=false/smoother=hoa/backbone=sage/use_nfr=true/logs/grid_candidate_1257_attempt_1.log,
grid_candidate_1259,grid,grid_candidate_1259,completed,1,0,42.133914,/home/hzw/Rethinking_GNN_DP/paper_experiments/figure3/figure3_pipeline3.yaml/dataset=ogbn-arxiv/feature=raw/mechanism=mbm/x_eps=0.1/m=best/norm=false/smoother=hoa/backbone=sage/use_nfr=true/logs/grid_candidate_1259_attempt_1.log,
grid_candidate_1260,grid,grid_candidate_1260,completed,1,0,43.616428,/home/hzw/Rethinking_GNN_DP/paper_experiments/figure3/figure3_pipeline3.yaml/dataset=ogbn-arxiv/feature=raw/mechanism=mbm/x_eps=0.1/m=best/norm=false/smoother=hoa/backbone=sage/use_nfr=true/logs/grid_candidate_1260_attempt_1.log,
grid_rank,verify,grid_rank,completed,1,0,1.876110,/home/hzw/Rethinking_GNN_DP/paper_experiments/figure3/figure3_pipeline3.yaml/dataset=ogbn-arxiv/feature=raw/mechanism=mbm/x_eps=0.1/m=best/norm=false/smoother=hoa/backbone=sage/use_nfr=true/logs/grid_rank_attempt_1.log,
verify_rank01_repeat03,verify,verify_rank01_repeat03,completed,1,0,48.014861,/home/hzw/Rethinking_GNN_DP/paper_experiments/figure3/figure3_pipeline3.yaml/dataset=ogbn-arxiv/feature=raw/mechanism=mbm/x_eps=0.1/m=best/norm=false/smoother=hoa/backbone=sage/use_nfr=true/logs/verify_rank01_repeat03_attempt_1.log,
verify_rank01_repeat02,verify,verify_rank01_repeat02,completed,1,0,50.419478,/home/hzw/Rethinking_GNN_DP/paper_experiments/figure3/figure3_pipeline3.yaml/dataset=ogbn-arxiv/feature=raw/mechanism=mbm/x_eps=0.1/m=best/norm=false/smoother=hoa/backbone=sage/use_nfr=true/logs/verify_rank01_repeat02_attempt_1.log,
verify_rank01_repeat04,verify,verify_rank01_repeat04,completed,1,0,48.548154,/home/hzw/Rethinking_GNN_DP/paper_experiments/figure3/figure3_pipeline3.yaml/dataset=ogbn-arxiv/feature=raw/mechanism=mbm/x_eps=0.1/m=best/norm=false/smoother=hoa/backbone=sage/use_nfr=true/logs/verify_rank01_repeat04_attempt_1.log,
verify_rank01_repeat05,verify,verify_rank01_repeat05,completed,1,0,43.290581,/home/hzw/Rethinking_GNN_DP/paper_experiments/figure3/figure3_pipeline3.yaml/dataset=ogbn-arxiv/feature=raw/mechanism=mbm/x_eps=0.1/m=best/norm=false/smoother=hoa/backbone=sage/use_nfr=true/logs/verify_rank01_repeat05_attempt_1.log,
verify_rank01_repeat01,verify,verify_rank01_repeat01,completed,1,0,60.983492,/home/hzw/Rethinking_GNN_DP/paper_experiments/figure3/figure3_pipeline3.yaml/dataset=ogbn-arxiv/feature=raw/mechanism=mbm/x_eps=0.1/m=best/norm=false/smoother=hoa/backbone=sage/use_nfr=true/logs/verify_rank01_repeat01_attempt_1.log,
verify_rank02_repeat03,verify,verify_rank02_repeat03,completed,1,0,43.991470,/home/hzw/Rethinking_GNN_DP/paper_experiments/figure3/figure3_pipeline3.yaml/dataset=ogbn-arxiv/feature=raw/mechanism=mbm/x_eps=0.1/m=best/norm=false/smoother=hoa/backbone=sage/use_nfr=true/logs/verify_rank02_repeat03_attempt_1.log,
verify_rank02_repeat01,verify,verify_rank02_repeat01,completed,1,0,54.862099,/home/hzw/Rethinking_GNN_DP/paper_experiments/figure3/figure3_pipeline3.yaml/dataset=ogbn-arxiv/feature=raw/mechanism=mbm/x_eps=0.1/m=best/norm=false/smoother=hoa/backbone=sage/use_nfr=true/logs/verify_rank02_repeat01_attempt_1.log,
verify_rank02_repeat02,verify,verify_rank02_repeat02,completed,1,0,50.306345,/home/hzw/Rethinking_GNN_DP/paper_experiments/figure3/figure3_pipeline3.yaml/dataset=ogbn-arxiv/feature=raw/mechanism=mbm/x_eps=0.1/m=best/norm=false/smoother=hoa/backbone=sage/use_nfr=true/logs/verify_rank02_repeat02_attempt_1.log,
verify_rank02_repeat04,verify,verify_rank02_repeat04,completed,1,0,47.653613,/home/hzw/Rethinking_GNN_DP/paper_experiments/figure3/figure3_pipeline3.yaml/dataset=ogbn-arxiv/feature=raw/mechanism=mbm/x_eps=0.1/m=best/norm=false/smoother=hoa/backbone=sage/use_nfr=true/logs/verify_rank02_repeat04_attempt_1.log,
verify_rank03_repeat02,verify,verify_rank03_repeat02,completed,1,0,43.924978,/home/hzw/Rethinking_GNN_DP/paper_experiments/figure3/figure3_pipeline3.yaml/dataset=ogbn-arxiv/feature=raw/mechanism=mbm/x_eps=0.1/m=best/norm=false/smoother=hoa/backbone=sage/use_nfr=true/logs/verify_rank03_repeat02_attempt_1.log,
verify_rank03_repeat01,verify,verify_rank03_repeat01,completed,1,0,49.016692,/home/hzw/Rethinking_GNN_DP/paper_experiments/figure3/figure3_pipeline3.yaml/dataset=ogbn-arxiv/feature=raw/mechanism=mbm/x_eps=0.1/m=best/norm=false/smoother=hoa/backbone=sage/use_nfr=true/logs/verify_rank03_repeat01_attempt_1.log,
verify_rank02_repeat05,verify,verify_rank02_repeat05,completed,1,0,55.426126,/home/hzw/Rethinking_GNN_DP/paper_experiments/figure3/figure3_pipeline3.yaml/dataset=ogbn-arxiv/feature=raw/mechanism=mbm/x_eps=0.1/m=best/norm=false/smoother=hoa/backbone=sage/use_nfr=true/logs/verify_rank02_repeat05_attempt_1.log,
verify_rank04_repeat02,verify,verify_rank04_repeat02,completed,1,0,37.625941,/home/hzw/Rethinking_GNN_DP/paper_experiments/figure3/figure3_pipeline3.yaml/dataset=ogbn-arxiv/feature=raw/mechanism=mbm/x_eps=0.1/m=best/norm=false/smoother=hoa/backbone=sage/use_nfr=true/logs/verify_rank04_repeat02_attempt_1.log,
verify_rank03_repeat03,verify,verify_rank03_repeat03,completed,1,0,49.050073,/home/hzw/Rethinking_GNN_DP/paper_experiments/figure3/figure3_pipeline3.yaml/dataset=ogbn-arxiv/feature=raw/mechanism=mbm/x_eps=0.1/m=best/norm=false/smoother=hoa/backbone=sage/use_nfr=true/logs/verify_rank03_repeat03_attempt_1.log,
verify_rank03_repeat04,verify,verify_rank03_repeat04,completed,1,0,46.923137,/home/hzw/Rethinking_GNN_DP/paper_experiments/figure3/figure3_pipeline3.yaml/dataset=ogbn-arxiv/feature=raw/mechanism=mbm/x_eps=0.1/m=best/norm=false/smoother=hoa/backbone=sage/use_nfr=true/logs/verify_rank03_repeat04_attempt_1.log,
verify_rank03_repeat05,verify,verify_rank03_repeat05,completed,1,0,47.105219,/home/hzw/Rethinking_GNN_DP/paper_experiments/figure3/figure3_pipeline3.yaml/dataset=ogbn-arxiv/feature=raw/mechanism=mbm/x_eps=0.1/m=best/norm=false/smoother=hoa/backbone=sage/use_nfr=true/logs/verify_rank03_repeat05_attempt_1.log,
verify_rank05_repeat02,verify,verify_rank05_repeat02,completed,1,0,38.699475,/home/hzw/Rethinking_GNN_DP/paper_experiments/figure3/figure3_pipeline3.yaml/dataset=ogbn-arxiv/feature=raw/mechanism=mbm/x_eps=0.1/m=best/norm=false/smoother=hoa/backbone=sage/use_nfr=true/logs/verify_rank05_repeat02_attempt_1.log,
verify_rank04_repeat05,verify,verify_rank04_repeat05,completed,1,0,47.761637,/home/hzw/Rethinking_GNN_DP/paper_experiments/figure3/figure3_pipeline3.yaml/dataset=ogbn-arxiv/feature=raw/mechanism=mbm/x_eps=0.1/m=best/norm=false/smoother=hoa/backbone=sage/use_nfr=true/logs/verify_rank04_repeat05_attempt_1.log,
verify_rank04_repeat01,verify,verify_rank04_repeat01,completed,1,0,54.521156,/home/hzw/Rethinking_GNN_DP/paper_experiments/figure3/figure3_pipeline3.yaml/dataset=ogbn-arxiv/feature=raw/mechanism=mbm/x_eps=0.1/m=best/norm=false/smoother=hoa/backbone=sage/use_nfr=true/logs/verify_rank04_repeat01_attempt_1.log,
verify_rank05_repeat01,verify,verify_rank05_repeat01,completed,1,0,47.739474,/home/hzw/Rethinking_GNN_DP/paper_experiments/figure3/figure3_pipeline3.yaml/dataset=ogbn-arxiv/feature=raw/mechanism=mbm/x_eps=0.1/m=best/norm=false/smoother=hoa/backbone=sage/use_nfr=true/logs/verify_rank05_repeat01_attempt_1.log,
verify_rank05_repeat03,verify,verify_rank05_repeat03,completed,1,0,48.795809,/home/hzw/Rethinking_GNN_DP/paper_experiments/figure3/figure3_pipeline3.yaml/dataset=ogbn-arxiv/feature=raw/mechanism=mbm/x_eps=0.1/m=best/norm=false/smoother=hoa/backbone=sage/use_nfr=true/logs/verify_rank05_repeat03_attempt_1.log,
verify_rank05_repeat05,verify,verify_rank05_repeat05,completed,1,0,48.236888,/home/hzw/Rethinking_GNN_DP/paper_experiments/figure3/figure3_pipeline3.yaml/dataset=ogbn-arxiv/feature=raw/mechanism=mbm/x_eps=0.1/m=best/norm=false/smoother=hoa/backbone=sage/use_nfr=true/logs/verify_rank05_repeat05_attempt_1.log,
verify_rank04_repeat03,verify,verify_rank04_repeat03,completed,1,0,65.515832,/home/hzw/Rethinking_GNN_DP/paper_experiments/figure3/figure3_pipeline3.yaml/dataset=ogbn-arxiv/feature=raw/mechanism=mbm/x_eps=0.1/m=best/norm=false/smoother=hoa/backbone=sage/use_nfr=true/logs/verify_rank04_repeat03_attempt_1.log,
verify_rank04_repeat04,verify,verify_rank04_repeat04,completed,1,0,65.012211,/home/hzw/Rethinking_GNN_DP/paper_experiments/figure3/figure3_pipeline3.yaml/dataset=ogbn-arxiv/feature=raw/mechanism=mbm/x_eps=0.1/m=best/norm=false/smoother=hoa/backbone=sage/use_nfr=true/logs/verify_rank04_repeat04_attempt_1.log,
verify_rank05_repeat04,verify,verify_rank05_repeat04,completed,1,0,56.972168,/home/hzw/Rethinking_GNN_DP/paper_experiments/figure3/figure3_pipeline3.yaml/dataset=ogbn-arxiv/feature=raw/mechanism=mbm/x_eps=0.1/m=best/norm=false/smoother=hoa/backbone=sage/use_nfr=true/logs/verify_rank05_repeat04_attempt_1.log,
verify_finalize,verify,verify_finalize,completed,1,0,2.113449,/home/hzw/Rethinking_GNN_DP/paper_experiments/figure3/figure3_pipeline3.yaml/dataset=ogbn-arxiv/feature=raw/mechanism=mbm/x_eps=0.1/m=best/norm=false/smoother=hoa/backbone=sage/use_nfr=true/logs/verify_finalize_attempt_1.log,
