task_id,pool,label,status,attempts,return_code,seconds,last_log_path,error_message
grid_candidate_0003,grid,grid_candidate_0003,completed,1,0,37.007525,/home/hzw/Rethinking_GNN_DP/paper_experiments/figure3/figure3_pipeline3.yaml/dataset=Books-Children/feature=raw/mechanism=mbm/x_eps=0.001/m=best/norm=false/smoother=hoa/backbone=sage/use_nfr=true/logs/grid_candidate_0003_attempt_1.log,
grid_candidate_0002,grid,grid_candidate_0002,completed,1,0,40.127567,/home/hzw/Rethinking_GNN_DP/paper_experiments/figure3/figure3_pipeline3.yaml/dataset=Books-Children/feature=raw/mechanism=mbm/x_eps=0.001/m=best/norm=false/smoother=hoa/backbone=sage/use_nfr=true/logs/grid_candidate_0002_attempt_1.log,
grid_candidate_0001,grid,grid_candidate_0001,completed,1,0,41.786802,/home/hzw/Rethinking_GNN_DP/paper_experiments/figure3/figure3_pipeline3.yaml/dataset=Books-Children/feature=raw/mechanism=mbm/x_eps=0.001/m=best/norm=false/smoother=hoa/backbone=sage/use_nfr=true/logs/grid_candidate_0001_attempt_1.log,
grid_candidate_0004,grid,grid_candidate_0004,completed,1,0,40.782689,/home/hzw/Rethinking_GNN_DP/paper_experiments/figure3/figure3_pipeline3.yaml/dataset=Books-Children/feature=raw/mechanism=mbm/x_eps=0.001/m=best/norm=false/smoother=hoa/backbone=sage/use_nfr=true/logs/grid_candidate_0004_attempt_1.log,
grid_candidate_0006,grid,grid_candidate_0006,completed,1,0,39.552474,/home/hzw/Rethinking_GNN_DP/paper_experiments/figure3/figure3_pipeline3.yaml/dataset=Books-Children/feature=raw/mechanism=mbm/x_eps=0.001/m=best/norm=false/smoother=hoa/backbone=sage/use_nfr=true/logs/grid_candidate_0006_attempt_1.log,
grid_candidate_0005,grid,grid_candidate_0005,completed,1,0,40.329394,/home/hzw/Rethinking_GNN_DP/paper_experiments/figure3/figure3_pipeline3.yaml/dataset=Books-Children/feature=raw/mechanism=mbm/x_eps=0.001/m=best/norm=false/smoother=hoa/backbone=sage/use_nfr=true/logs/grid_candidate_0005_attempt_1.log,
grid_candidate_0007,grid,grid_candidate_0007,completed,1,0,43.400064,/home/hzw/Rethinking_GNN_DP/paper_experiments/figure3/figure3_pipeline3.yaml/dataset=Books-Children/feature=raw/mechanism=mbm/x_eps=0.001/m=best/norm=false/smoother=hoa/backbone=sage/use_nfr=true/logs/grid_candidate_0007_attempt_1.log,
grid_candidate_0013,grid,grid_candidate_0013,completed,1,0,35.727734,/home/hzw/Rethinking_GNN_DP/paper_experiments/figure3/figure3_pipeline3.yaml/dataset=Books-Children/feature=raw/mechanism=mbm/x_eps=0.001/m=best/norm=false/smoother=hoa/backbone=sage/use_nfr=true/logs/grid_candidate_0013_attempt_1.log,
grid_candidate_0008,grid,grid_candidate_0008,completed,1,0,44.938368,/home/hzw/Rethinking_GNN_DP/paper_experiments/figure3/figure3_pipeline3.yaml/dataset=Books-Children/feature=raw/mechanism=mbm/x_eps=0.001/m=best/norm=false/smoother=hoa/backbone=sage/use_nfr=true/logs/grid_candidate_0008_attempt_1.log,
grid_candidate_0011,grid,grid_candidate_0011,completed,1,0,41.998100,/home/hzw/Rethinking_GNN_DP/paper_experiments/figure3/figure3_pipeline3.yaml/dataset=Books-Children/feature=raw/mechanism=mbm/x_eps=0.001/m=best/norm=false/smoother=hoa/backbone=sage/use_nfr=true/logs/grid_candidate_0011_attempt_1.log,
grid_candidate_0010,grid,grid_candidate_0010,completed,1,0,44.412300,/home/hzw/Rethinking_GNN_DP/paper_experiments/figure3/figure3_pipeline3.yaml/dataset=Books-Children/feature=raw/mechanism=mbm/x_eps=0.001/m=best/norm=false/smoother=hoa/backbone=sage/use_nfr=true/logs/grid_candidate_0010_attempt_1.log,
grid_candidate_0009,grid,grid_candidate_0009,completed,1,0,44.950299,/home/hzw/Rethinking_GNN_DP/paper_experiments/figure3/figure3_pipeline3.yaml/dataset=Books-Children/feature=raw/mechanism=mbm/x_eps=0.001/m=best/norm=false/smoother=hoa/backbone=sage/use_nfr=true/logs/grid_candidate_0009_attempt_1.log,
grid_candidate_0014,grid,grid_candidate_0014,completed,1,0,43.511876,/home/hzw/Rethinking_GNN_DP/paper_experiments/figure3/figure3_pipeline3.yaml/dataset=Books-Children/feature=raw/mechanism=mbm/x_eps=0.001/m=best/norm=false/smoother=hoa/backbone=sage/use_nfr=true/logs/grid_candidate_0014_attempt_1.log,
grid_candidate_0024,grid,grid_candidate_0024,completed,1,0,31.016925,/home/hzw/Rethinking_GNN_DP/paper_experiments/figure3/figure3_pipeline3.yaml/dataset=Books-Children/feature=raw/mechanism=mbm/x_eps=0.001/m=best/norm=false/smoother=hoa/backbone=sage/use_nfr=true/logs/grid_candidate_0024_attempt_1.log,
grid_candidate_0016,grid,grid_candidate_0016,completed,1,0,42.207543,/home/hzw/Rethinking_GNN_DP/paper_experiments/figure3/figure3_pipeline3.yaml/dataset=Books-Children/feature=raw/mechanism=mbm/x_eps=0.001/m=best/norm=false/smoother=hoa/backbone=sage/use_nfr=true/logs/grid_candidate_0016_attempt_1.log,
grid_candidate_0026,grid,grid_candidate_0026,completed,1,0,31.737080,/home/hzw/Rethinking_GNN_DP/paper_experiments/figure3/figure3_pipeline3.yaml/dataset=Books-Children/feature=raw/mechanism=mbm/x_eps=0.001/m=best/norm=false/smoother=hoa/backbone=sage/use_nfr=true/logs/grid_candidate_0026_attempt_1.log,
grid_candidate_0012,grid,grid_candidate_0012,completed,1,0,50.214600,/home/hzw/Rethinking_GNN_DP/paper_experiments/figure3/figure3_pipeline3.yaml/dataset=Books-Children/feature=raw/mechanism=mbm/x_eps=0.001/m=best/norm=false/smoother=hoa/backbone=sage/use_nfr=true/logs/grid_candidate_0012_attempt_1.log,
grid_candidate_0020,grid,grid_candidate_0020,completed,1,0,39.840335,/home/hzw/Rethinking_GNN_DP/paper_experiments/figure3/figure3_pipeline3.yaml/dataset=Books-Children/feature=raw/mechanism=mbm/x_eps=0.001/m=best/norm=false/smoother=hoa/backbone=sage/use_nfr=true/logs/grid_candidate_0020_attempt_1.log,
grid_candidate_0019,grid,grid_candidate_0019,completed,1,0,40.667220,/home/hzw/Rethinking_GNN_DP/paper_experiments/figure3/figure3_pipeline3.yaml/dataset=Books-Children/feature=raw/mechanism=mbm/x_eps=0.001/m=best/norm=false/smoother=hoa/backbone=sage/use_nfr=true/logs/grid_candidate_0019_attempt_1.log,
grid_candidate_0018,grid,grid_candidate_0018,completed,1,0,43.040854,/home/hzw/Rethinking_GNN_DP/paper_experiments/figure3/figure3_pipeline3.yaml/dataset=Books-Children/feature=raw/mechanism=mbm/x_eps=0.001/m=best/norm=false/smoother=hoa/backbone=sage/use_nfr=true/logs/grid_candidate_0018_attempt_1.log,
grid_candidate_0017,grid,grid_candidate_0017,completed,1,0,46.100113,/home/hzw/Rethinking_GNN_DP/paper_experiments/figure3/figure3_pipeline3.yaml/dataset=Books-Children/feature=raw/mechanism=mbm/x_eps=0.001/m=best/norm=false/smoother=hoa/backbone=sage/use_nfr=true/logs/grid_candidate_0017_attempt_1.log,
grid_candidate_0015,grid,grid_candidate_0015,completed,1,0,50.335071,/home/hzw/Rethinking_GNN_DP/paper_experiments/figure3/figure3_pipeline3.yaml/dataset=Books-Children/feature=raw/mechanism=mbm/x_eps=0.001/m=best/norm=false/smoother=hoa/backbone=sage/use_nfr=true/logs/grid_candidate_0015_attempt_1.log,
grid_candidate_0021,grid,grid_candidate_0021,completed,1,0,44.288875,/home/hzw/Rethinking_GNN_DP/paper_experiments/figure3/figure3_pipeline3.yaml/dataset=Books-Children/feature=raw/mechanism=mbm/x_eps=0.001/m=best/norm=false/smoother=hoa/backbone=sage/use_nfr=true/logs/grid_candidate_0021_attempt_1.log,
grid_candidate_0023,grid,grid_candidate_0023,completed,1,0,46.184457,/home/hzw/Rethinking_GNN_DP/paper_experiments/figure3/figure3_pipeline3.yaml/dataset=Books-Children/feature=raw/mechanism=mbm/x_eps=0.001/m=best/norm=false/smoother=hoa/backbone=sage/use_nfr=true/logs/grid_candidate_0023_attempt_1.log,
grid_candidate_0022,grid,grid_candidate_0022,completed,1,0,47.247632,/home/hzw/Rethinking_GNN_DP/paper_experiments/figure3/figure3_pipeline3.yaml/dataset=Books-Children/feature=raw/mechanism=mbm/x_eps=0.001/m=best/norm=false/smoother=hoa/backbone=sage/use_nfr=true/logs/grid_candidate_0022_attempt_1.log,
grid_candidate_0028,grid,grid_candidate_0028,completed,1,0,39.826145,/home/hzw/Rethinking_GNN_DP/paper_experiments/figure3/figure3_pipeline3.yaml/dataset=Books-Children/feature=raw/mechanism=mbm/x_eps=0.001/m=best/norm=false/smoother=hoa/backbone=sage/use_nfr=true/logs/grid_candidate_0028_attempt_1.log,
grid_candidate_0029,grid,grid_candidate_0029,completed,1,0,41.483436,/home/hzw/Rethinking_GNN_DP/paper_experiments/figure3/figure3_pipeline3.yaml/dataset=Books-Children/feature=raw/mechanism=mbm/x_eps=0.001/m=best/norm=false/smoother=hoa/backbone=sage/use_nfr=true/logs/grid_candidate_0029_attempt_1.log,
grid_candidate_0030,grid,grid_candidate_0030,completed,1,0,42.297031,/home/hzw/Rethinking_GNN_DP/paper_experiments/figure3/figure3_pipeline3.yaml/dataset=Books-Children/feature=raw/mechanism=mbm/x_eps=0.001/m=best/norm=false/smoother=hoa/backbone=sage/use_nfr=true/logs/grid_candidate_0030_attempt_1.log,
grid_candidate_0027,grid,grid_candidate_0027,completed,1,0,46.606143,/home/hzw/Rethinking_GNN_DP/paper_experiments/figure3/figure3_pipeline3.yaml/dataset=Books-Children/feature=raw/mechanism=mbm/x_eps=0.001/m=best/norm=false/smoother=hoa/backbone=sage/use_nfr=true/logs/grid_candidate_0027_attempt_1.log,
grid_candidate_0025,grid,grid_candidate_0025,completed,1,0,51.489766,/home/hzw/Rethinking_GNN_DP/paper_experiments/figure3/figure3_pipeline3.yaml/dataset=Books-Children/feature=raw/mechanism=mbm/x_eps=0.001/m=best/norm=false/smoother=hoa/backbone=sage/use_nfr=true/logs/grid_candidate_0025_attempt_1.log,
grid_candidate_0035,grid,grid_candidate_0035,completed,1,0,43.197103,/home/hzw/Rethinking_GNN_DP/paper_experiments/figure3/figure3_pipeline3.yaml/dataset=Books-Children/feature=raw/mechanism=mbm/x_eps=0.001/m=best/norm=false/smoother=hoa/backbone=sage/use_nfr=true/logs/grid_candidate_0035_attempt_1.log,
grid_candidate_0032,grid,grid_candidate_0032,completed,1,0,46.658652,/home/hzw/Rethinking_GNN_DP/paper_experiments/figure3/figure3_pipeline3.yaml/dataset=Books-Children/feature=raw/mechanism=mbm/x_eps=0.001/m=best/norm=false/smoother=hoa/backbone=sage/use_nfr=true/logs/grid_candidate_0032_attempt_1.log,
grid_candidate_0031,grid,grid_candidate_0031,completed,1,0,48.010481,/home/hzw/Rethinking_GNN_DP/paper_experiments/figure3/figure3_pipeline3.yaml/dataset=Books-Children/feature=raw/mechanism=mbm/x_eps=0.001/m=best/norm=false/smoother=hoa/backbone=sage/use_nfr=true/logs/grid_candidate_0031_attempt_1.log,
grid_candidate_0033,grid,grid_candidate_0033,completed,1,0,49.191146,/home/hzw/Rethinking_GNN_DP/paper_experiments/figure3/figure3_pipeline3.yaml/dataset=Books-Children/feature=raw/mechanism=mbm/x_eps=0.001/m=best/norm=false/smoother=hoa/backbone=sage/use_nfr=true/logs/grid_candidate_0033_attempt_1.log,
grid_candidate_0034,grid,grid_candidate_0034,completed,1,0,47.654657,/home/hzw/Rethinking_GNN_DP/paper_experiments/figure3/figure3_pipeline3.yaml/dataset=Books-Children/feature=raw/mechanism=mbm/x_eps=0.001/m=best/norm=false/smoother=hoa/backbone=sage/use_nfr=true/logs/grid_candidate_0034_attempt_1.log,
grid_candidate_0039,grid,grid_candidate_0039,completed,1,0,45.011889,/home/hzw/Rethinking_GNN_DP/paper_experiments/figure3/figure3_pipeline3.yaml/dataset=Books-Children/feature=raw/mechanism=mbm/x_eps=0.001/m=best/norm=false/smoother=hoa/backbone=sage/use_nfr=true/logs/grid_candidate_0039_attempt_1.log,
grid_candidate_0047,grid,grid_candidate_0047,completed,1,0,38.178496,/home/hzw/Rethinking_GNN_DP/paper_experiments/figure3/figure3_pipeline3.yaml/dataset=Books-Children/feature=raw/mechanism=mbm/x_eps=0.001/m=best/norm=false/smoother=hoa/backbone=sage/use_nfr=true/logs/grid_candidate_0047_attempt_1.log,
grid_candidate_0036,grid,grid_candidate_0036,completed,1,0,51.049033,/home/hzw/Rethinking_GNN_DP/paper_experiments/figure3/figure3_pipeline3.yaml/dataset=Books-Children/feature=raw/mechanism=mbm/x_eps=0.001/m=best/norm=false/smoother=hoa/backbone=sage/use_nfr=true/logs/grid_candidate_0036_attempt_1.log,
grid_candidate_0048,grid,grid_candidate_0048,completed,1,0,35.183083,/home/hzw/Rethinking_GNN_DP/paper_experiments/figure3/figure3_pipeline3.yaml/dataset=Books-Children/feature=raw/mechanism=mbm/x_eps=0.001/m=best/norm=false/smoother=hoa/backbone=sage/use_nfr=true/logs/grid_candidate_0048_attempt_1.log,
grid_candidate_0037,grid,grid_candidate_0037,completed,1,0,51.543918,/home/hzw/Rethinking_GNN_DP/paper_experiments/figure3/figure3_pipeline3.yaml/dataset=Books-Children/feature=raw/mechanism=mbm/x_eps=0.001/m=best/norm=false/smoother=hoa/backbone=sage/use_nfr=true/logs/grid_candidate_0037_attempt_1.log,
grid_candidate_0038,grid,grid_candidate_0038,completed,1,0,52.090175,/home/hzw/Rethinking_GNN_DP/paper_experiments/figure3/figure3_pipeline3.yaml/dataset=Books-Children/feature=raw/mechanism=mbm/x_eps=0.001/m=best/norm=false/smoother=hoa/backbone=sage/use_nfr=true/logs/grid_candidate_0038_attempt_1.log,
grid_candidate_0045,grid,grid_candidate_0045,completed,1,0,44.355296,/home/hzw/Rethinking_GNN_DP/paper_experiments/figure3/figure3_pipeline3.yaml/dataset=Books-Children/feature=raw/mechanism=mbm/x_eps=0.001/m=best/norm=false/smoother=hoa/backbone=sage/use_nfr=true/logs/grid_candidate_0045_attempt_1.log,
grid_candidate_0043,grid,grid_candidate_0043,completed,1,0,49.950539,/home/hzw/Rethinking_GNN_DP/paper_experiments/figure3/figure3_pipeline3.yaml/dataset=Books-Children/feature=raw/mechanism=mbm/x_eps=0.001/m=best/norm=false/smoother=hoa/backbone=sage/use_nfr=true/logs/grid_candidate_0043_attempt_1.log,
grid_candidate_0041,grid,grid_candidate_0041,completed,1,0,52.048968,/home/hzw/Rethinking_GNN_DP/paper_experiments/figure3/figure3_pipeline3.yaml/dataset=Books-Children/feature=raw/mechanism=mbm/x_eps=0.001/m=best/norm=false/smoother=hoa/backbone=sage/use_nfr=true/logs/grid_candidate_0041_attempt_1.log,
grid_candidate_0046,grid,grid_candidate_0046,completed,1,0,48.201655,/home/hzw/Rethinking_GNN_DP/paper_experiments/figure3/figure3_pipeline3.yaml/dataset=Books-Children/feature=raw/mechanism=mbm/x_eps=0.001/m=best/norm=false/smoother=hoa/backbone=sage/use_nfr=true/logs/grid_candidate_0046_attempt_1.log,
grid_candidate_0042,grid,grid_candidate_0042,completed,1,0,52.903724,/home/hzw/Rethinking_GNN_DP/paper_experiments/figure3/figure3_pipeline3.yaml/dataset=Books-Children/feature=raw/mechanism=mbm/x_eps=0.001/m=best/norm=false/smoother=hoa/backbone=sage/use_nfr=true/logs/grid_candidate_0042_attempt_1.log,
grid_candidate_0040,grid,grid_candidate_0040,completed,1,0,55.903436,/home/hzw/Rethinking_GNN_DP/paper_experiments/figure3/figure3_pipeline3.yaml/dataset=Books-Children/feature=raw/mechanism=mbm/x_eps=0.001/m=best/norm=false/smoother=hoa/backbone=sage/use_nfr=true/logs/grid_candidate_0040_attempt_1.log,
grid_candidate_0044,grid,grid_candidate_0044,completed,1,0,55.351833,/home/hzw/Rethinking_GNN_DP/paper_experiments/figure3/figure3_pipeline3.yaml/dataset=Books-Children/feature=raw/mechanism=mbm/x_eps=0.001/m=best/norm=false/smoother=hoa/backbone=sage/use_nfr=true/logs/grid_candidate_0044_attempt_1.log,
grid_candidate_0049,grid,grid_candidate_0049,completed,1,0,46.825197,/home/hzw/Rethinking_GNN_DP/paper_experiments/figure3/figure3_pipeline3.yaml/dataset=Books-Children/feature=raw/mechanism=mbm/x_eps=0.001/m=best/norm=false/smoother=hoa/backbone=sage/use_nfr=true/logs/grid_candidate_0049_attempt_1.log,
grid_candidate_0051,grid,grid_candidate_0051,completed,1,0,48.753368,/home/hzw/Rethinking_GNN_DP/paper_experiments/figure3/figure3_pipeline3.yaml/dataset=Books-Children/feature=raw/mechanism=mbm/x_eps=0.001/m=best/norm=false/smoother=hoa/backbone=sage/use_nfr=true/logs/grid_candidate_0051_attempt_1.log,
grid_candidate_0050,grid,grid_candidate_0050,completed,1,0,52.429096,/home/hzw/Rethinking_GNN_DP/paper_experiments/figure3/figure3_pipeline3.yaml/dataset=Books-Children/feature=raw/mechanism=mbm/x_eps=0.001/m=best/norm=false/smoother=hoa/backbone=sage/use_nfr=true/logs/grid_candidate_0050_attempt_1.log,
grid_candidate_0052,grid,grid_candidate_0052,completed,1,0,49.876730,/home/hzw/Rethinking_GNN_DP/paper_experiments/figure3/figure3_pipeline3.yaml/dataset=Books-Children/feature=raw/mechanism=mbm/x_eps=0.001/m=best/norm=false/smoother=hoa/backbone=sage/use_nfr=true/logs/grid_candidate_0052_attempt_1.log,
grid_candidate_0053,grid,grid_candidate_0053,completed,1,0,51.041848,/home/hzw/Rethinking_GNN_DP/paper_experiments/figure3/figure3_pipeline3.yaml/dataset=Books-Children/feature=raw/mechanism=mbm/x_eps=0.001/m=best/norm=false/smoother=hoa/backbone=sage/use_nfr=true/logs/grid_candidate_0053_attempt_1.log,
grid_candidate_0054,grid,grid_candidate_0054,completed,1,0,49.697771,/home/hzw/Rethinking_GNN_DP/paper_experiments/figure3/figure3_pipeline3.yaml/dataset=Books-Children/feature=raw/mechanism=mbm/x_eps=0.001/m=best/norm=false/smoother=hoa/backbone=sage/use_nfr=true/logs/grid_candidate_0054_attempt_1.log,
grid_candidate_0058,grid,grid_candidate_0058,completed,1,0,43.912377,/home/hzw/Rethinking_GNN_DP/paper_experiments/figure3/figure3_pipeline3.yaml/dataset=Books-Children/feature=raw/mechanism=mbm/x_eps=0.001/m=best/norm=false/smoother=hoa/backbone=sage/use_nfr=true/logs/grid_candidate_0058_attempt_1.log,
grid_candidate_0062,grid,grid_candidate_0062,completed,1,0,34.611959,/home/hzw/Rethinking_GNN_DP/paper_experiments/figure3/figure3_pipeline3.yaml/dataset=Books-Children/feature=raw/mechanism=mbm/x_eps=0.001/m=best/norm=false/smoother=hoa/backbone=sage/use_nfr=true/logs/grid_candidate_0062_attempt_1.log,
grid_candidate_0060,grid,grid_candidate_0060,completed,1,0,40.250229,/home/hzw/Rethinking_GNN_DP/paper_experiments/figure3/figure3_pipeline3.yaml/dataset=Books-Children/feature=raw/mechanism=mbm/x_eps=0.001/m=best/norm=false/smoother=hoa/backbone=sage/use_nfr=true/logs/grid_candidate_0060_attempt_1.log,
grid_candidate_0059,grid,grid_candidate_0059,completed,1,0,45.602761,/home/hzw/Rethinking_GNN_DP/paper_experiments/figure3/figure3_pipeline3.yaml/dataset=Books-Children/feature=raw/mechanism=mbm/x_eps=0.001/m=best/norm=false/smoother=hoa/backbone=sage/use_nfr=true/logs/grid_candidate_0059_attempt_1.log,
grid_candidate_0056,grid,grid_candidate_0056,completed,1,0,54.442078,/home/hzw/Rethinking_GNN_DP/paper_experiments/figure3/figure3_pipeline3.yaml/dataset=Books-Children/feature=raw/mechanism=mbm/x_eps=0.001/m=best/norm=false/smoother=hoa/backbone=sage/use_nfr=true/logs/grid_candidate_0056_attempt_1.log,
grid_candidate_0057,grid,grid_candidate_0057,completed,1,0,51.774656,/home/hzw/Rethinking_GNN_DP/paper_experiments/figure3/figure3_pipeline3.yaml/dataset=Books-Children/feature=raw/mechanism=mbm/x_eps=0.001/m=best/norm=false/smoother=hoa/backbone=sage/use_nfr=true/logs/grid_candidate_0057_attempt_1.log,
grid_candidate_0055,grid,grid_candidate_0055,completed,1,0,59.589888,/home/hzw/Rethinking_GNN_DP/paper_experiments/figure3/figure3_pipeline3.yaml/dataset=Books-Children/feature=raw/mechanism=mbm/x_eps=0.001/m=best/norm=false/smoother=hoa/backbone=sage/use_nfr=true/logs/grid_candidate_0055_attempt_1.log,
grid_candidate_0061,grid,grid_candidate_0061,completed,1,0,43.147760,/home/hzw/Rethinking_GNN_DP/paper_experiments/figure3/figure3_pipeline3.yaml/dataset=Books-Children/feature=raw/mechanism=mbm/x_eps=0.001/m=best/norm=false/smoother=hoa/backbone=sage/use_nfr=true/logs/grid_candidate_0061_attempt_1.log,
grid_candidate_0064,grid,grid_candidate_0064,completed,1,0,38.917236,/home/hzw/Rethinking_GNN_DP/paper_experiments/figure3/figure3_pipeline3.yaml/dataset=Books-Children/feature=raw/mechanism=mbm/x_eps=0.001/m=best/norm=false/smoother=hoa/backbone=sage/use_nfr=true/logs/grid_candidate_0064_attempt_1.log,
grid_candidate_0063,grid,grid_candidate_0063,completed,1,0,41.746849,/home/hzw/Rethinking_GNN_DP/paper_experiments/figure3/figure3_pipeline3.yaml/dataset=Books-Children/feature=raw/mechanism=mbm/x_eps=0.001/m=best/norm=false/smoother=hoa/backbone=sage/use_nfr=true/logs/grid_candidate_0063_attempt_1.log,
grid_candidate_0067,grid,grid_candidate_0067,completed,1,0,36.460130,/home/hzw/Rethinking_GNN_DP/paper_experiments/figure3/figure3_pipeline3.yaml/dataset=Books-Children/feature=raw/mechanism=mbm/x_eps=0.001/m=best/norm=false/smoother=hoa/backbone=sage/use_nfr=true/logs/grid_candidate_0067_attempt_1.log,
grid_candidate_0065,grid,grid_candidate_0065,completed,1,0,44.438178,/home/hzw/Rethinking_GNN_DP/paper_experiments/figure3/figure3_pipeline3.yaml/dataset=Books-Children/feature=raw/mechanism=mbm/x_eps=0.001/m=best/norm=false/smoother=hoa/backbone=sage/use_nfr=true/logs/grid_candidate_0065_attempt_1.log,
grid_candidate_0066,grid,grid_candidate_0066,completed,1,0,44.241691,/home/hzw/Rethinking_GNN_DP/paper_experiments/figure3/figure3_pipeline3.yaml/dataset=Books-Children/feature=raw/mechanism=mbm/x_eps=0.001/m=best/norm=false/smoother=hoa/backbone=sage/use_nfr=true/logs/grid_candidate_0066_attempt_1.log,
grid_candidate_0069,grid,grid_candidate_0069,completed,1,0,32.180617,/home/hzw/Rethinking_GNN_DP/paper_experiments/figure3/figure3_pipeline3.yaml/dataset=Books-Children/feature=raw/mechanism=mbm/x_eps=0.001/m=best/norm=false/smoother=hoa/backbone=sage/use_nfr=true/logs/grid_candidate_0069_attempt_1.log,
grid_candidate_0068,grid,grid_candidate_0068,completed,1,0,35.929904,/home/hzw/Rethinking_GNN_DP/paper_experiments/figure3/figure3_pipeline3.yaml/dataset=Books-Children/feature=raw/mechanism=mbm/x_eps=0.001/m=best/norm=false/smoother=hoa/backbone=sage/use_nfr=true/logs/grid_candidate_0068_attempt_1.log,
grid_candidate_0071,grid,grid_candidate_0071,completed,1,0,30.944258,/home/hzw/Rethinking_GNN_DP/paper_experiments/figure3/figure3_pipeline3.yaml/dataset=Books-Children/feature=raw/mechanism=mbm/x_eps=0.001/m=best/norm=false/smoother=hoa/backbone=sage/use_nfr=true/logs/grid_candidate_0071_attempt_1.log,
grid_candidate_0070,grid,grid_candidate_0070,completed,1,0,38.716631,/home/hzw/Rethinking_GNN_DP/paper_experiments/figure3/figure3_pipeline3.yaml/dataset=Books-Children/feature=raw/mechanism=mbm/x_eps=0.001/m=best/norm=false/smoother=hoa/backbone=sage/use_nfr=true/logs/grid_candidate_0070_attempt_1.log,
grid_candidate_0073,grid,grid_candidate_0073,completed,1,0,36.687379,/home/hzw/Rethinking_GNN_DP/paper_experiments/figure3/figure3_pipeline3.yaml/dataset=Books-Children/feature=raw/mechanism=mbm/x_eps=0.001/m=best/norm=false/smoother=hoa/backbone=sage/use_nfr=true/logs/grid_candidate_0073_attempt_1.log,
grid_candidate_0076,grid,grid_candidate_0076,completed,1,0,34.177159,/home/hzw/Rethinking_GNN_DP/paper_experiments/figure3/figure3_pipeline3.yaml/dataset=Books-Children/feature=raw/mechanism=mbm/x_eps=0.001/m=best/norm=false/smoother=hoa/backbone=sage/use_nfr=true/logs/grid_candidate_0076_attempt_1.log,
grid_candidate_0074,grid,grid_candidate_0074,completed,1,0,37.722327,/home/hzw/Rethinking_GNN_DP/paper_experiments/figure3/figure3_pipeline3.yaml/dataset=Books-Children/feature=raw/mechanism=mbm/x_eps=0.001/m=best/norm=false/smoother=hoa/backbone=sage/use_nfr=true/logs/grid_candidate_0074_attempt_1.log,
grid_candidate_0072,grid,grid_candidate_0072,completed,1,0,41.137041,/home/hzw/Rethinking_GNN_DP/paper_experiments/figure3/figure3_pipeline3.yaml/dataset=Books-Children/feature=raw/mechanism=mbm/x_eps=0.001/m=best/norm=false/smoother=hoa/backbone=sage/use_nfr=true/logs/grid_candidate_0072_attempt_1.log,
grid_candidate_0075,grid,grid_candidate_0075,completed,1,0,41.141537,/home/hzw/Rethinking_GNN_DP/paper_experiments/figure3/figure3_pipeline3.yaml/dataset=Books-Children/feature=raw/mechanism=mbm/x_eps=0.001/m=best/norm=false/smoother=hoa/backbone=sage/use_nfr=true/logs/grid_candidate_0075_attempt_1.log,
grid_candidate_0077,grid,grid_candidate_0077,completed,1,0,40.057878,/home/hzw/Rethinking_GNN_DP/paper_experiments/figure3/figure3_pipeline3.yaml/dataset=Books-Children/feature=raw/mechanism=mbm/x_eps=0.001/m=best/norm=false/smoother=hoa/backbone=sage/use_nfr=true/logs/grid_candidate_0077_attempt_1.log,
grid_candidate_0081,grid,grid_candidate_0081,completed,1,0,39.034608,/home/hzw/Rethinking_GNN_DP/paper_experiments/figure3/figure3_pipeline3.yaml/dataset=Books-Children/feature=raw/mechanism=mbm/x_eps=0.001/m=best/norm=false/smoother=hoa/backbone=sage/use_nfr=true/logs/grid_candidate_0081_attempt_1.log,
grid_candidate_0078,grid,grid_candidate_0078,completed,1,0,40.925080,/home/hzw/Rethinking_GNN_DP/paper_experiments/figure3/figure3_pipeline3.yaml/dataset=Books-Children/feature=raw/mechanism=mbm/x_eps=0.001/m=best/norm=false/smoother=hoa/backbone=sage/use_nfr=true/logs/grid_candidate_0078_attempt_1.log,
grid_candidate_0079,grid,grid_candidate_0079,completed,1,0,40.997458,/home/hzw/Rethinking_GNN_DP/paper_experiments/figure3/figure3_pipeline3.yaml/dataset=Books-Children/feature=raw/mechanism=mbm/x_eps=0.001/m=best/norm=false/smoother=hoa/backbone=sage/use_nfr=true/logs/grid_candidate_0079_attempt_1.log,
grid_candidate_0083,grid,grid_candidate_0083,completed,1,0,40.517832,/home/hzw/Rethinking_GNN_DP/paper_experiments/figure3/figure3_pipeline3.yaml/dataset=Books-Children/feature=raw/mechanism=mbm/x_eps=0.001/m=best/norm=false/smoother=hoa/backbone=sage/use_nfr=true/logs/grid_candidate_0083_attempt_1.log,
grid_candidate_0080,grid,grid_candidate_0080,completed,1,0,45.119298,/home/hzw/Rethinking_GNN_DP/paper_experiments/figure3/figure3_pipeline3.yaml/dataset=Books-Children/feature=raw/mechanism=mbm/x_eps=0.001/m=best/norm=false/smoother=hoa/backbone=sage/use_nfr=true/logs/grid_candidate_0080_attempt_1.log,
grid_candidate_0085,grid,grid_candidate_0085,completed,1,0,44.349170,/home/hzw/Rethinking_GNN_DP/paper_experiments/figure3/figure3_pipeline3.yaml/dataset=Books-Children/feature=raw/mechanism=mbm/x_eps=0.001/m=best/norm=false/smoother=hoa/backbone=sage/use_nfr=true/logs/grid_candidate_0085_attempt_1.log,
grid_candidate_0082,grid,grid_candidate_0082,completed,1,0,48.365093,/home/hzw/Rethinking_GNN_DP/paper_experiments/figure3/figure3_pipeline3.yaml/dataset=Books-Children/feature=raw/mechanism=mbm/x_eps=0.001/m=best/norm=false/smoother=hoa/backbone=sage/use_nfr=true/logs/grid_candidate_0082_attempt_1.log,
grid_candidate_0084,grid,grid_candidate_0084,completed,1,0,46.952386,/home/hzw/Rethinking_GNN_DP/paper_experiments/figure3/figure3_pipeline3.yaml/dataset=Books-Children/feature=raw/mechanism=mbm/x_eps=0.001/m=best/norm=false/smoother=hoa/backbone=sage/use_nfr=true/logs/grid_candidate_0084_attempt_1.log,
grid_candidate_0086,grid,grid_candidate_0086,completed,1,0,46.525308,/home/hzw/Rethinking_GNN_DP/paper_experiments/figure3/figure3_pipeline3.yaml/dataset=Books-Children/feature=raw/mechanism=mbm/x_eps=0.001/m=best/norm=false/smoother=hoa/backbone=sage/use_nfr=true/logs/grid_candidate_0086_attempt_1.log,
grid_candidate_0088,grid,grid_candidate_0088,completed,1,0,46.272747,/home/hzw/Rethinking_GNN_DP/paper_experiments/figure3/figure3_pipeline3.yaml/dataset=Books-Children/feature=raw/mechanism=mbm/x_eps=0.001/m=best/norm=false/smoother=hoa/backbone=sage/use_nfr=true/logs/grid_candidate_0088_attempt_1.log,
grid_candidate_0087,grid,grid_candidate_0087,completed,1,0,47.309934,/home/hzw/Rethinking_GNN_DP/paper_experiments/figure3/figure3_pipeline3.yaml/dataset=Books-Children/feature=raw/mechanism=mbm/x_eps=0.001/m=best/norm=false/smoother=hoa/backbone=sage/use_nfr=true/logs/grid_candidate_0087_attempt_1.log,
grid_candidate_0089,grid,grid_candidate_0089,completed,1,0,47.779644,/home/hzw/Rethinking_GNN_DP/paper_experiments/figure3/figure3_pipeline3.yaml/dataset=Books-Children/feature=raw/mechanism=mbm/x_eps=0.001/m=best/norm=false/smoother=hoa/backbone=sage/use_nfr=true/logs/grid_candidate_0089_attempt_1.log,
grid_candidate_0092,grid,grid_candidate_0092,completed,1,0,43.869029,/home/hzw/Rethinking_GNN_DP/paper_experiments/figure3/figure3_pipeline3.yaml/dataset=Books-Children/feature=raw/mechanism=mbm/x_eps=0.001/m=best/norm=false/smoother=hoa/backbone=sage/use_nfr=true/logs/grid_candidate_0092_attempt_1.log,
grid_candidate_0090,grid,grid_candidate_0090,completed,1,0,47.330421,/home/hzw/Rethinking_GNN_DP/paper_experiments/figure3/figure3_pipeline3.yaml/dataset=Books-Children/feature=raw/mechanism=mbm/x_eps=0.001/m=best/norm=false/smoother=hoa/backbone=sage/use_nfr=true/logs/grid_candidate_0090_attempt_1.log,
grid_candidate_0105,grid,grid_candidate_0105,completed,1,0,31.999048,/home/hzw/Rethinking_GNN_DP/paper_experiments/figure3/figure3_pipeline3.yaml/dataset=Books-Children/feature=raw/mechanism=mbm/x_eps=0.001/m=best/norm=false/smoother=hoa/backbone=sage/use_nfr=true/logs/grid_candidate_0105_attempt_1.log,
grid_candidate_0091,grid,grid_candidate_0091,completed,1,0,47.781216,/home/hzw/Rethinking_GNN_DP/paper_experiments/figure3/figure3_pipeline3.yaml/dataset=Books-Children/feature=raw/mechanism=mbm/x_eps=0.001/m=best/norm=false/smoother=hoa/backbone=sage/use_nfr=true/logs/grid_candidate_0091_attempt_1.log,
grid_candidate_0095,grid,grid_candidate_0095,completed,1,0,45.860990,/home/hzw/Rethinking_GNN_DP/paper_experiments/figure3/figure3_pipeline3.yaml/dataset=Books-Children/feature=raw/mechanism=mbm/x_eps=0.001/m=best/norm=false/smoother=hoa/backbone=sage/use_nfr=true/logs/grid_candidate_0095_attempt_1.log,
grid_candidate_0094,grid,grid_candidate_0094,completed,1,0,46.889997,/home/hzw/Rethinking_GNN_DP/paper_experiments/figure3/figure3_pipeline3.yaml/dataset=Books-Children/feature=raw/mechanism=mbm/x_eps=0.001/m=best/norm=false/smoother=hoa/backbone=sage/use_nfr=true/logs/grid_candidate_0094_attempt_1.log,
grid_candidate_0093,grid,grid_candidate_0093,completed,1,0,48.808912,/home/hzw/Rethinking_GNN_DP/paper_experiments/figure3/figure3_pipeline3.yaml/dataset=Books-Children/feature=raw/mechanism=mbm/x_eps=0.001/m=best/norm=false/smoother=hoa/backbone=sage/use_nfr=true/logs/grid_candidate_0093_attempt_1.log,
grid_candidate_0096,grid,grid_candidate_0096,completed,1,0,47.087565,/home/hzw/Rethinking_GNN_DP/paper_experiments/figure3/figure3_pipeline3.yaml/dataset=Books-Children/feature=raw/mechanism=mbm/x_eps=0.001/m=best/norm=false/smoother=hoa/backbone=sage/use_nfr=true/logs/grid_candidate_0096_attempt_1.log,
grid_candidate_0097,grid,grid_candidate_0097,completed,1,0,48.659519,/home/hzw/Rethinking_GNN_DP/paper_experiments/figure3/figure3_pipeline3.yaml/dataset=Books-Children/feature=raw/mechanism=mbm/x_eps=0.001/m=best/norm=false/smoother=hoa/backbone=sage/use_nfr=true/logs/grid_candidate_0097_attempt_1.log,
grid_candidate_0098,grid,grid_candidate_0098,completed,1,0,48.573054,/home/hzw/Rethinking_GNN_DP/paper_experiments/figure3/figure3_pipeline3.yaml/dataset=Books-Children/feature=raw/mechanism=mbm/x_eps=0.001/m=best/norm=false/smoother=hoa/backbone=sage/use_nfr=true/logs/grid_candidate_0098_attempt_1.log,
grid_candidate_0099,grid,grid_candidate_0099,completed,1,0,47.787195,/home/hzw/Rethinking_GNN_DP/paper_experiments/figure3/figure3_pipeline3.yaml/dataset=Books-Children/feature=raw/mechanism=mbm/x_eps=0.001/m=best/norm=false/smoother=hoa/backbone=sage/use_nfr=true/logs/grid_candidate_0099_attempt_1.log,
grid_candidate_0101,grid,grid_candidate_0101,completed,1,0,48.664348,/home/hzw/Rethinking_GNN_DP/paper_experiments/figure3/figure3_pipeline3.yaml/dataset=Books-Children/feature=raw/mechanism=mbm/x_eps=0.001/m=best/norm=false/smoother=hoa/backbone=sage/use_nfr=true/logs/grid_candidate_0101_attempt_1.log,
grid_candidate_0103,grid,grid_candidate_0103,completed,1,0,47.667465,/home/hzw/Rethinking_GNN_DP/paper_experiments/figure3/figure3_pipeline3.yaml/dataset=Books-Children/feature=raw/mechanism=mbm/x_eps=0.001/m=best/norm=false/smoother=hoa/backbone=sage/use_nfr=true/logs/grid_candidate_0103_attempt_1.log,
grid_candidate_0100,grid,grid_candidate_0100,completed,1,0,51.241009,/home/hzw/Rethinking_GNN_DP/paper_experiments/figure3/figure3_pipeline3.yaml/dataset=Books-Children/feature=raw/mechanism=mbm/x_eps=0.001/m=best/norm=false/smoother=hoa/backbone=sage/use_nfr=true/logs/grid_candidate_0100_attempt_1.log,
grid_candidate_0102,grid,grid_candidate_0102,completed,1,0,50.787443,/home/hzw/Rethinking_GNN_DP/paper_experiments/figure3/figure3_pipeline3.yaml/dataset=Books-Children/feature=raw/mechanism=mbm/x_eps=0.001/m=best/norm=false/smoother=hoa/backbone=sage/use_nfr=true/logs/grid_candidate_0102_attempt_1.log,
grid_candidate_0104,grid,grid_candidate_0104,completed,1,0,50.480614,/home/hzw/Rethinking_GNN_DP/paper_experiments/figure3/figure3_pipeline3.yaml/dataset=Books-Children/feature=raw/mechanism=mbm/x_eps=0.001/m=best/norm=false/smoother=hoa/backbone=sage/use_nfr=true/logs/grid_candidate_0104_attempt_1.log,
grid_candidate_0106,grid,grid_candidate_0106,completed,1,0,45.414888,/home/hzw/Rethinking_GNN_DP/paper_experiments/figure3/figure3_pipeline3.yaml/dataset=Books-Children/feature=raw/mechanism=mbm/x_eps=0.001/m=best/norm=false/smoother=hoa/backbone=sage/use_nfr=true/logs/grid_candidate_0106_attempt_1.log,
grid_candidate_0107,grid,grid_candidate_0107,completed,1,0,44.331407,/home/hzw/Rethinking_GNN_DP/paper_experiments/figure3/figure3_pipeline3.yaml/dataset=Books-Children/feature=raw/mechanism=mbm/x_eps=0.001/m=best/norm=false/smoother=hoa/backbone=sage/use_nfr=true/logs/grid_candidate_0107_attempt_1.log,
grid_candidate_0108,grid,grid_candidate_0108,completed,1,0,44.682432,/home/hzw/Rethinking_GNN_DP/paper_experiments/figure3/figure3_pipeline3.yaml/dataset=Books-Children/feature=raw/mechanism=mbm/x_eps=0.001/m=best/norm=false/smoother=hoa/backbone=sage/use_nfr=true/logs/grid_candidate_0108_attempt_1.log,
grid_candidate_0109,grid,grid_candidate_0109,completed,1,0,46.108188,/home/hzw/Rethinking_GNN_DP/paper_experiments/figure3/figure3_pipeline3.yaml/dataset=Books-Children/feature=raw/mechanism=mbm/x_eps=0.001/m=best/norm=false/smoother=hoa/backbone=sage/use_nfr=true/logs/grid_candidate_0109_attempt_1.log,
grid_candidate_0110,grid,grid_candidate_0110,completed,1,0,50.589716,/home/hzw/Rethinking_GNN_DP/paper_experiments/figure3/figure3_pipeline3.yaml/dataset=Books-Children/feature=raw/mechanism=mbm/x_eps=0.001/m=best/norm=false/smoother=hoa/backbone=sage/use_nfr=true/logs/grid_candidate_0110_attempt_1.log,
grid_candidate_0113,grid,grid_candidate_0113,completed,1,0,47.081717,/home/hzw/Rethinking_GNN_DP/paper_experiments/figure3/figure3_pipeline3.yaml/dataset=Books-Children/feature=raw/mechanism=mbm/x_eps=0.001/m=best/norm=false/smoother=hoa/backbone=sage/use_nfr=true/logs/grid_candidate_0113_attempt_1.log,
grid_candidate_0116,grid,grid_candidate_0116,completed,1,0,46.417063,/home/hzw/Rethinking_GNN_DP/paper_experiments/figure3/figure3_pipeline3.yaml/dataset=Books-Children/feature=raw/mechanism=mbm/x_eps=0.001/m=best/norm=false/smoother=hoa/backbone=sage/use_nfr=true/logs/grid_candidate_0116_attempt_1.log,
grid_candidate_0111,grid,grid_candidate_0111,completed,1,0,49.271984,/home/hzw/Rethinking_GNN_DP/paper_experiments/figure3/figure3_pipeline3.yaml/dataset=Books-Children/feature=raw/mechanism=mbm/x_eps=0.001/m=best/norm=false/smoother=hoa/backbone=sage/use_nfr=true/logs/grid_candidate_0111_attempt_1.log,
grid_candidate_0114,grid,grid_candidate_0114,completed,1,0,48.181926,/home/hzw/Rethinking_GNN_DP/paper_experiments/figure3/figure3_pipeline3.yaml/dataset=Books-Children/feature=raw/mechanism=mbm/x_eps=0.001/m=best/norm=false/smoother=hoa/backbone=sage/use_nfr=true/logs/grid_candidate_0114_attempt_1.log,
grid_candidate_0115,grid,grid_candidate_0115,completed,1,0,47.955564,/home/hzw/Rethinking_GNN_DP/paper_experiments/figure3/figure3_pipeline3.yaml/dataset=Books-Children/feature=raw/mechanism=mbm/x_eps=0.001/m=best/norm=false/smoother=hoa/backbone=sage/use_nfr=true/logs/grid_candidate_0115_attempt_1.log,
grid_candidate_0112,grid,grid_candidate_0112,completed,1,0,50.578463,/home/hzw/Rethinking_GNN_DP/paper_experiments/figure3/figure3_pipeline3.yaml/dataset=Books-Children/feature=raw/mechanism=mbm/x_eps=0.001/m=best/norm=false/smoother=hoa/backbone=sage/use_nfr=true/logs/grid_candidate_0112_attempt_1.log,
grid_candidate_0126,grid,grid_candidate_0126,completed,1,0,35.837407,/home/hzw/Rethinking_GNN_DP/paper_experiments/figure3/figure3_pipeline3.yaml/dataset=Books-Children/feature=raw/mechanism=mbm/x_eps=0.001/m=best/norm=false/smoother=hoa/backbone=sage/use_nfr=true/logs/grid_candidate_0126_attempt_1.log,
grid_candidate_0117,grid,grid_candidate_0117,completed,1,0,48.858375,/home/hzw/Rethinking_GNN_DP/paper_experiments/figure3/figure3_pipeline3.yaml/dataset=Books-Children/feature=raw/mechanism=mbm/x_eps=0.001/m=best/norm=false/smoother=hoa/backbone=sage/use_nfr=true/logs/grid_candidate_0117_attempt_1.log,
grid_candidate_0118,grid,grid_candidate_0118,completed,1,0,47.778648,/home/hzw/Rethinking_GNN_DP/paper_experiments/figure3/figure3_pipeline3.yaml/dataset=Books-Children/feature=raw/mechanism=mbm/x_eps=0.001/m=best/norm=false/smoother=hoa/backbone=sage/use_nfr=true/logs/grid_candidate_0118_attempt_1.log,
grid_candidate_0119,grid,grid_candidate_0119,completed,1,0,49.957819,/home/hzw/Rethinking_GNN_DP/paper_experiments/figure3/figure3_pipeline3.yaml/dataset=Books-Children/feature=raw/mechanism=mbm/x_eps=0.001/m=best/norm=false/smoother=hoa/backbone=sage/use_nfr=true/logs/grid_candidate_0119_attempt_1.log,
grid_candidate_0120,grid,grid_candidate_0120,completed,1,0,49.260266,/home/hzw/Rethinking_GNN_DP/paper_experiments/figure3/figure3_pipeline3.yaml/dataset=Books-Children/feature=raw/mechanism=mbm/x_eps=0.001/m=best/norm=false/smoother=hoa/backbone=sage/use_nfr=true/logs/grid_candidate_0120_attempt_1.log,
grid_candidate_0121,grid,grid_candidate_0121,completed,1,0,50.583794,/home/hzw/Rethinking_GNN_DP/paper_experiments/figure3/figure3_pipeline3.yaml/dataset=Books-Children/feature=raw/mechanism=mbm/x_eps=0.001/m=best/norm=false/smoother=hoa/backbone=sage/use_nfr=true/logs/grid_candidate_0121_attempt_1.log,
grid_candidate_0124,grid,grid_candidate_0124,completed,1,0,51.309446,/home/hzw/Rethinking_GNN_DP/paper_experiments/figure3/figure3_pipeline3.yaml/dataset=Books-Children/feature=raw/mechanism=mbm/x_eps=0.001/m=best/norm=false/smoother=hoa/backbone=sage/use_nfr=true/logs/grid_candidate_0124_attempt_1.log,
grid_candidate_0122,grid,grid_candidate_0122,completed,1,0,53.069819,/home/hzw/Rethinking_GNN_DP/paper_experiments/figure3/figure3_pipeline3.yaml/dataset=Books-Children/feature=raw/mechanism=mbm/x_eps=0.001/m=best/norm=false/smoother=hoa/backbone=sage/use_nfr=true/logs/grid_candidate_0122_attempt_1.log,
grid_candidate_0127,grid,grid_candidate_0127,completed,1,0,50.690371,/home/hzw/Rethinking_GNN_DP/paper_experiments/figure3/figure3_pipeline3.yaml/dataset=Books-Children/feature=raw/mechanism=mbm/x_eps=0.001/m=best/norm=false/smoother=hoa/backbone=sage/use_nfr=true/logs/grid_candidate_0127_attempt_1.log,
grid_candidate_0125,grid,grid_candidate_0125,completed,1,0,56.425878,/home/hzw/Rethinking_GNN_DP/paper_experiments/figure3/figure3_pipeline3.yaml/dataset=Books-Children/feature=raw/mechanism=mbm/x_eps=0.001/m=best/norm=false/smoother=hoa/backbone=sage/use_nfr=true/logs/grid_candidate_0125_attempt_1.log,
grid_candidate_0123,grid,grid_candidate_0123,completed,1,0,60.460169,/home/hzw/Rethinking_GNN_DP/paper_experiments/figure3/figure3_pipeline3.yaml/dataset=Books-Children/feature=raw/mechanism=mbm/x_eps=0.001/m=best/norm=false/smoother=hoa/backbone=sage/use_nfr=true/logs/grid_candidate_0123_attempt_1.log,
grid_candidate_0129,grid,grid_candidate_0129,completed,1,0,54.773827,/home/hzw/Rethinking_GNN_DP/paper_experiments/figure3/figure3_pipeline3.yaml/dataset=Books-Children/feature=raw/mechanism=mbm/x_eps=0.001/m=best/norm=false/smoother=hoa/backbone=sage/use_nfr=true/logs/grid_candidate_0129_attempt_1.log,
grid_candidate_0143,grid,grid_candidate_0143,completed,1,0,37.971613,/home/hzw/Rethinking_GNN_DP/paper_experiments/figure3/figure3_pipeline3.yaml/dataset=Books-Children/feature=raw/mechanism=mbm/x_eps=0.001/m=best/norm=false/smoother=hoa/backbone=sage/use_nfr=true/logs/grid_candidate_0143_attempt_1.log,
grid_candidate_0128,grid,grid_candidate_0128,completed,1,0,57.185137,/home/hzw/Rethinking_GNN_DP/paper_experiments/figure3/figure3_pipeline3.yaml/dataset=Books-Children/feature=raw/mechanism=mbm/x_eps=0.001/m=best/norm=false/smoother=hoa/backbone=sage/use_nfr=true/logs/grid_candidate_0128_attempt_1.log,
grid_candidate_0130,grid,grid_candidate_0130,completed,1,0,57.375510,/home/hzw/Rethinking_GNN_DP/paper_experiments/figure3/figure3_pipeline3.yaml/dataset=Books-Children/feature=raw/mechanism=mbm/x_eps=0.001/m=best/norm=false/smoother=hoa/backbone=sage/use_nfr=true/logs/grid_candidate_0130_attempt_1.log,
grid_candidate_0131,grid,grid_candidate_0131,completed,1,0,57.550206,/home/hzw/Rethinking_GNN_DP/paper_experiments/figure3/figure3_pipeline3.yaml/dataset=Books-Children/feature=raw/mechanism=mbm/x_eps=0.001/m=best/norm=false/smoother=hoa/backbone=sage/use_nfr=true/logs/grid_candidate_0131_attempt_1.log,
grid_candidate_0134,grid,grid_candidate_0134,completed,1,0,54.509552,/home/hzw/Rethinking_GNN_DP/paper_experiments/figure3/figure3_pipeline3.yaml/dataset=Books-Children/feature=raw/mechanism=mbm/x_eps=0.001/m=best/norm=false/smoother=hoa/backbone=sage/use_nfr=true/logs/grid_candidate_0134_attempt_1.log,
grid_candidate_0132,grid,grid_candidate_0132,completed,1,0,58.353184,/home/hzw/Rethinking_GNN_DP/paper_experiments/figure3/figure3_pipeline3.yaml/dataset=Books-Children/feature=raw/mechanism=mbm/x_eps=0.001/m=best/norm=false/smoother=hoa/backbone=sage/use_nfr=true/logs/grid_candidate_0132_attempt_1.log,
grid_candidate_0133,grid,grid_candidate_0133,completed,1,0,61.570682,/home/hzw/Rethinking_GNN_DP/paper_experiments/figure3/figure3_pipeline3.yaml/dataset=Books-Children/feature=raw/mechanism=mbm/x_eps=0.001/m=best/norm=false/smoother=hoa/backbone=sage/use_nfr=true/logs/grid_candidate_0133_attempt_1.log,
grid_candidate_0136,grid,grid_candidate_0136,completed,1,0,56.445412,/home/hzw/Rethinking_GNN_DP/paper_experiments/figure3/figure3_pipeline3.yaml/dataset=Books-Children/feature=raw/mechanism=mbm/x_eps=0.001/m=best/norm=false/smoother=hoa/backbone=sage/use_nfr=true/logs/grid_candidate_0136_attempt_1.log,
grid_candidate_0135,grid,grid_candidate_0135,completed,1,0,57.685365,/home/hzw/Rethinking_GNN_DP/paper_experiments/figure3/figure3_pipeline3.yaml/dataset=Books-Children/feature=raw/mechanism=mbm/x_eps=0.001/m=best/norm=false/smoother=hoa/backbone=sage/use_nfr=true/logs/grid_candidate_0135_attempt_1.log,
grid_candidate_0140,grid,grid_candidate_0140,completed,1,0,54.575817,/home/hzw/Rethinking_GNN_DP/paper_experiments/figure3/figure3_pipeline3.yaml/dataset=Books-Children/feature=raw/mechanism=mbm/x_eps=0.001/m=best/norm=false/smoother=hoa/backbone=sage/use_nfr=true/logs/grid_candidate_0140_attempt_1.log,
grid_candidate_0137,grid,grid_candidate_0137,completed,1,0,58.187087,/home/hzw/Rethinking_GNN_DP/paper_experiments/figure3/figure3_pipeline3.yaml/dataset=Books-Children/feature=raw/mechanism=mbm/x_eps=0.001/m=best/norm=false/smoother=hoa/backbone=sage/use_nfr=true/logs/grid_candidate_0137_attempt_1.log,
grid_candidate_0141,grid,grid_candidate_0141,completed,1,0,57.438018,/home/hzw/Rethinking_GNN_DP/paper_experiments/figure3/figure3_pipeline3.yaml/dataset=Books-Children/feature=raw/mechanism=mbm/x_eps=0.001/m=best/norm=false/smoother=hoa/backbone=sage/use_nfr=true/logs/grid_candidate_0141_attempt_1.log,
grid_candidate_0142,grid,grid_candidate_0142,completed,1,0,55.393170,/home/hzw/Rethinking_GNN_DP/paper_experiments/figure3/figure3_pipeline3.yaml/dataset=Books-Children/feature=raw/mechanism=mbm/x_eps=0.001/m=best/norm=false/smoother=hoa/backbone=sage/use_nfr=true/logs/grid_candidate_0142_attempt_1.log,
grid_candidate_0139,grid,grid_candidate_0139,completed,1,0,59.509186,/home/hzw/Rethinking_GNN_DP/paper_experiments/figure3/figure3_pipeline3.yaml/dataset=Books-Children/feature=raw/mechanism=mbm/x_eps=0.001/m=best/norm=false/smoother=hoa/backbone=sage/use_nfr=true/logs/grid_candidate_0139_attempt_1.log,
grid_candidate_0138,grid,grid_candidate_0138,completed,1,0,61.664913,/home/hzw/Rethinking_GNN_DP/paper_experiments/figure3/figure3_pipeline3.yaml/dataset=Books-Children/feature=raw/mechanism=mbm/x_eps=0.001/m=best/norm=false/smoother=hoa/backbone=sage/use_nfr=true/logs/grid_candidate_0138_attempt_1.log,
grid_candidate_0144,grid,grid_candidate_0144,completed,1,0,54.824817,/home/hzw/Rethinking_GNN_DP/paper_experiments/figure3/figure3_pipeline3.yaml/dataset=Books-Children/feature=raw/mechanism=mbm/x_eps=0.001/m=best/norm=false/smoother=hoa/backbone=sage/use_nfr=true/logs/grid_candidate_0144_attempt_1.log,
grid_candidate_0150,grid,grid_candidate_0150,completed,1,0,48.415324,/home/hzw/Rethinking_GNN_DP/paper_experiments/figure3/figure3_pipeline3.yaml/dataset=Books-Children/feature=raw/mechanism=mbm/x_eps=0.001/m=best/norm=false/smoother=hoa/backbone=sage/use_nfr=true/logs/grid_candidate_0150_attempt_1.log,
grid_candidate_0145,grid,grid_candidate_0145,completed,1,0,55.822281,/home/hzw/Rethinking_GNN_DP/paper_experiments/figure3/figure3_pipeline3.yaml/dataset=Books-Children/feature=raw/mechanism=mbm/x_eps=0.001/m=best/norm=false/smoother=hoa/backbone=sage/use_nfr=true/logs/grid_candidate_0145_attempt_1.log,
grid_candidate_0147,grid,grid_candidate_0147,completed,1,0,54.253957,/home/hzw/Rethinking_GNN_DP/paper_experiments/figure3/figure3_pipeline3.yaml/dataset=Books-Children/feature=raw/mechanism=mbm/x_eps=0.001/m=best/norm=false/smoother=hoa/backbone=sage/use_nfr=true/logs/grid_candidate_0147_attempt_1.log,
grid_candidate_0148,grid,grid_candidate_0148,completed,1,0,53.464928,/home/hzw/Rethinking_GNN_DP/paper_experiments/figure3/figure3_pipeline3.yaml/dataset=Books-Children/feature=raw/mechanism=mbm/x_eps=0.001/m=best/norm=false/smoother=hoa/backbone=sage/use_nfr=true/logs/grid_candidate_0148_attempt_1.log,
grid_candidate_0149,grid,grid_candidate_0149,completed,1,0,53.726353,/home/hzw/Rethinking_GNN_DP/paper_experiments/figure3/figure3_pipeline3.yaml/dataset=Books-Children/feature=raw/mechanism=mbm/x_eps=0.001/m=best/norm=false/smoother=hoa/backbone=sage/use_nfr=true/logs/grid_candidate_0149_attempt_1.log,
grid_candidate_0161,grid,grid_candidate_0161,completed,1,0,34.377263,/home/hzw/Rethinking_GNN_DP/paper_experiments/figure3/figure3_pipeline3.yaml/dataset=Books-Children/feature=raw/mechanism=mbm/x_eps=0.001/m=best/norm=false/smoother=hoa/backbone=sage/use_nfr=true/logs/grid_candidate_0161_attempt_1.log,
grid_candidate_0159,grid,grid_candidate_0159,completed,1,0,39.765007,/home/hzw/Rethinking_GNN_DP/paper_experiments/figure3/figure3_pipeline3.yaml/dataset=Books-Children/feature=raw/mechanism=mbm/x_eps=0.001/m=best/norm=false/smoother=hoa/backbone=sage/use_nfr=true/logs/grid_candidate_0159_attempt_1.log,
grid_candidate_0151,grid,grid_candidate_0151,completed,1,0,55.385028,/home/hzw/Rethinking_GNN_DP/paper_experiments/figure3/figure3_pipeline3.yaml/dataset=Books-Children/feature=raw/mechanism=mbm/x_eps=0.001/m=best/norm=false/smoother=hoa/backbone=sage/use_nfr=true/logs/grid_candidate_0151_attempt_1.log,
grid_candidate_0156,grid,grid_candidate_0156,completed,1,0,46.068410,/home/hzw/Rethinking_GNN_DP/paper_experiments/figure3/figure3_pipeline3.yaml/dataset=Books-Children/feature=raw/mechanism=mbm/x_eps=0.001/m=best/norm=false/smoother=hoa/backbone=sage/use_nfr=true/logs/grid_candidate_0156_attempt_1.log,
grid_candidate_0146,grid,grid_candidate_0146,completed,1,0,58.981073,/home/hzw/Rethinking_GNN_DP/paper_experiments/figure3/figure3_pipeline3.yaml/dataset=Books-Children/feature=raw/mechanism=mbm/x_eps=0.001/m=best/norm=false/smoother=hoa/backbone=sage/use_nfr=true/logs/grid_candidate_0146_attempt_1.log,
grid_candidate_0153,grid,grid_candidate_0153,completed,1,0,53.384246,/home/hzw/Rethinking_GNN_DP/paper_experiments/figure3/figure3_pipeline3.yaml/dataset=Books-Children/feature=raw/mechanism=mbm/x_eps=0.001/m=best/norm=false/smoother=hoa/backbone=sage/use_nfr=true/logs/grid_candidate_0153_attempt_1.log,
grid_candidate_0152,grid,grid_candidate_0152,completed,1,0,57.217526,/home/hzw/Rethinking_GNN_DP/paper_experiments/figure3/figure3_pipeline3.yaml/dataset=Books-Children/feature=raw/mechanism=mbm/x_eps=0.001/m=best/norm=false/smoother=hoa/backbone=sage/use_nfr=true/logs/grid_candidate_0152_attempt_1.log,
grid_candidate_0154,grid,grid_candidate_0154,completed,1,0,58.972187,/home/hzw/Rethinking_GNN_DP/paper_experiments/figure3/figure3_pipeline3.yaml/dataset=Books-Children/feature=raw/mechanism=mbm/x_eps=0.001/m=best/norm=false/smoother=hoa/backbone=sage/use_nfr=true/logs/grid_candidate_0154_attempt_1.log,
grid_candidate_0163,grid,grid_candidate_0163,completed,1,0,40.654119,/home/hzw/Rethinking_GNN_DP/paper_experiments/figure3/figure3_pipeline3.yaml/dataset=Books-Children/feature=raw/mechanism=mbm/x_eps=0.001/m=best/norm=false/smoother=hoa/backbone=sage/use_nfr=true/logs/grid_candidate_0163_attempt_1.log,
grid_candidate_0158,grid,grid_candidate_0158,completed,1,0,52.122946,/home/hzw/Rethinking_GNN_DP/paper_experiments/figure3/figure3_pipeline3.yaml/dataset=Books-Children/feature=raw/mechanism=mbm/x_eps=0.001/m=best/norm=false/smoother=hoa/backbone=sage/use_nfr=true/logs/grid_candidate_0158_attempt_1.log,
grid_candidate_0164,grid,grid_candidate_0164,completed,1,0,40.461997,/home/hzw/Rethinking_GNN_DP/paper_experiments/figure3/figure3_pipeline3.yaml/dataset=Books-Children/feature=raw/mechanism=mbm/x_eps=0.001/m=best/norm=false/smoother=hoa/backbone=sage/use_nfr=true/logs/grid_candidate_0164_attempt_1.log,
grid_candidate_0155,grid,grid_candidate_0155,completed,1,0,62.104272,/home/hzw/Rethinking_GNN_DP/paper_experiments/figure3/figure3_pipeline3.yaml/dataset=Books-Children/feature=raw/mechanism=mbm/x_eps=0.001/m=best/norm=false/smoother=hoa/backbone=sage/use_nfr=true/logs/grid_candidate_0155_attempt_1.log,
grid_candidate_0157,grid,grid_candidate_0157,completed,1,0,58.495384,/home/hzw/Rethinking_GNN_DP/paper_experiments/figure3/figure3_pipeline3.yaml/dataset=Books-Children/feature=raw/mechanism=mbm/x_eps=0.001/m=best/norm=false/smoother=hoa/backbone=sage/use_nfr=true/logs/grid_candidate_0157_attempt_1.log,
grid_candidate_0165,grid,grid_candidate_0165,completed,1,0,43.460579,/home/hzw/Rethinking_GNN_DP/paper_experiments/figure3/figure3_pipeline3.yaml/dataset=Books-Children/feature=raw/mechanism=mbm/x_eps=0.001/m=best/norm=false/smoother=hoa/backbone=sage/use_nfr=true/logs/grid_candidate_0165_attempt_1.log,
grid_candidate_0173,grid,grid_candidate_0173,completed,1,0,33.874785,/home/hzw/Rethinking_GNN_DP/paper_experiments/figure3/figure3_pipeline3.yaml/dataset=Books-Children/feature=raw/mechanism=mbm/x_eps=0.001/m=best/norm=false/smoother=hoa/backbone=sage/use_nfr=true/logs/grid_candidate_0173_attempt_1.log,
grid_candidate_0160,grid,grid_candidate_0160,completed,1,0,57.001458,/home/hzw/Rethinking_GNN_DP/paper_experiments/figure3/figure3_pipeline3.yaml/dataset=Books-Children/feature=raw/mechanism=mbm/x_eps=0.001/m=best/norm=false/smoother=hoa/backbone=sage/use_nfr=true/logs/grid_candidate_0160_attempt_1.log,
grid_candidate_0162,grid,grid_candidate_0162,completed,1,0,51.606914,/home/hzw/Rethinking_GNN_DP/paper_experiments/figure3/figure3_pipeline3.yaml/dataset=Books-Children/feature=raw/mechanism=mbm/x_eps=0.001/m=best/norm=false/smoother=hoa/backbone=sage/use_nfr=true/logs/grid_candidate_0162_attempt_1.log,
grid_candidate_0166,grid,grid_candidate_0166,completed,1,0,46.389251,/home/hzw/Rethinking_GNN_DP/paper_experiments/figure3/figure3_pipeline3.yaml/dataset=Books-Children/feature=raw/mechanism=mbm/x_eps=0.001/m=best/norm=false/smoother=hoa/backbone=sage/use_nfr=true/logs/grid_candidate_0166_attempt_1.log,
grid_candidate_0167,grid,grid_candidate_0167,completed,1,0,46.184425,/home/hzw/Rethinking_GNN_DP/paper_experiments/figure3/figure3_pipeline3.yaml/dataset=Books-Children/feature=raw/mechanism=mbm/x_eps=0.001/m=best/norm=false/smoother=hoa/backbone=sage/use_nfr=true/logs/grid_candidate_0167_attempt_1.log,
grid_candidate_0169,grid,grid_candidate_0169,completed,1,0,45.262025,/home/hzw/Rethinking_GNN_DP/paper_experiments/figure3/figure3_pipeline3.yaml/dataset=Books-Children/feature=raw/mechanism=mbm/x_eps=0.001/m=best/norm=false/smoother=hoa/backbone=sage/use_nfr=true/logs/grid_candidate_0169_attempt_1.log,
grid_candidate_0170,grid,grid_candidate_0170,completed,1,0,46.405145,/home/hzw/Rethinking_GNN_DP/paper_experiments/figure3/figure3_pipeline3.yaml/dataset=Books-Children/feature=raw/mechanism=mbm/x_eps=0.001/m=best/norm=false/smoother=hoa/backbone=sage/use_nfr=true/logs/grid_candidate_0170_attempt_1.log,
grid_candidate_0168,grid,grid_candidate_0168,completed,1,0,50.009431,/home/hzw/Rethinking_GNN_DP/paper_experiments/figure3/figure3_pipeline3.yaml/dataset=Books-Children/feature=raw/mechanism=mbm/x_eps=0.001/m=best/norm=false/smoother=hoa/backbone=sage/use_nfr=true/logs/grid_candidate_0168_attempt_1.log,
grid_candidate_0171,grid,grid_candidate_0171,completed,1,0,49.007016,/home/hzw/Rethinking_GNN_DP/paper_experiments/figure3/figure3_pipeline3.yaml/dataset=Books-Children/feature=raw/mechanism=mbm/x_eps=0.001/m=best/norm=false/smoother=hoa/backbone=sage/use_nfr=true/logs/grid_candidate_0171_attempt_1.log,
grid_candidate_0172,grid,grid_candidate_0172,completed,1,0,50.277664,/home/hzw/Rethinking_GNN_DP/paper_experiments/figure3/figure3_pipeline3.yaml/dataset=Books-Children/feature=raw/mechanism=mbm/x_eps=0.001/m=best/norm=false/smoother=hoa/backbone=sage/use_nfr=true/logs/grid_candidate_0172_attempt_1.log,
grid_candidate_0174,grid,grid_candidate_0174,completed,1,0,51.589916,/home/hzw/Rethinking_GNN_DP/paper_experiments/figure3/figure3_pipeline3.yaml/dataset=Books-Children/feature=raw/mechanism=mbm/x_eps=0.001/m=best/norm=false/smoother=hoa/backbone=sage/use_nfr=true/logs/grid_candidate_0174_attempt_1.log,
grid_candidate_0177,grid,grid_candidate_0177,completed,1,0,48.894705,/home/hzw/Rethinking_GNN_DP/paper_experiments/figure3/figure3_pipeline3.yaml/dataset=Books-Children/feature=raw/mechanism=mbm/x_eps=0.001/m=best/norm=false/smoother=hoa/backbone=sage/use_nfr=true/logs/grid_candidate_0177_attempt_1.log,
grid_candidate_0175,grid,grid_candidate_0175,completed,1,0,51.947143,/home/hzw/Rethinking_GNN_DP/paper_experiments/figure3/figure3_pipeline3.yaml/dataset=Books-Children/feature=raw/mechanism=mbm/x_eps=0.001/m=best/norm=false/smoother=hoa/backbone=sage/use_nfr=true/logs/grid_candidate_0175_attempt_1.log,
grid_candidate_0180,grid,grid_candidate_0180,completed,1,0,48.758887,/home/hzw/Rethinking_GNN_DP/paper_experiments/figure3/figure3_pipeline3.yaml/dataset=Books-Children/feature=raw/mechanism=mbm/x_eps=0.001/m=best/norm=false/smoother=hoa/backbone=sage/use_nfr=true/logs/grid_candidate_0180_attempt_1.log,
grid_candidate_0176,grid,grid_candidate_0176,completed,1,0,51.030699,/home/hzw/Rethinking_GNN_DP/paper_experiments/figure3/figure3_pipeline3.yaml/dataset=Books-Children/feature=raw/mechanism=mbm/x_eps=0.001/m=best/norm=false/smoother=hoa/backbone=sage/use_nfr=true/logs/grid_candidate_0176_attempt_1.log,
grid_candidate_0178,grid,grid_candidate_0178,completed,1,0,51.712327,/home/hzw/Rethinking_GNN_DP/paper_experiments/figure3/figure3_pipeline3.yaml/dataset=Books-Children/feature=raw/mechanism=mbm/x_eps=0.001/m=best/norm=false/smoother=hoa/backbone=sage/use_nfr=true/logs/grid_candidate_0178_attempt_1.log,
grid_candidate_0179,grid,grid_candidate_0179,completed,1,0,52.511489,/home/hzw/Rethinking_GNN_DP/paper_experiments/figure3/figure3_pipeline3.yaml/dataset=Books-Children/feature=raw/mechanism=mbm/x_eps=0.001/m=best/norm=false/smoother=hoa/backbone=sage/use_nfr=true/logs/grid_candidate_0179_attempt_1.log,
grid_candidate_0183,grid,grid_candidate_0183,completed,1,0,44.828878,/home/hzw/Rethinking_GNN_DP/paper_experiments/figure3/figure3_pipeline3.yaml/dataset=Books-Children/feature=raw/mechanism=mbm/x_eps=0.001/m=best/norm=false/smoother=hoa/backbone=sage/use_nfr=true/logs/grid_candidate_0183_attempt_1.log,
grid_candidate_0182,grid,grid_candidate_0182,completed,1,0,49.366686,/home/hzw/Rethinking_GNN_DP/paper_experiments/figure3/figure3_pipeline3.yaml/dataset=Books-Children/feature=raw/mechanism=mbm/x_eps=0.001/m=best/norm=false/smoother=hoa/backbone=sage/use_nfr=true/logs/grid_candidate_0182_attempt_1.log,
grid_candidate_0186,grid,grid_candidate_0186,completed,1,0,43.530367,/home/hzw/Rethinking_GNN_DP/paper_experiments/figure3/figure3_pipeline3.yaml/dataset=Books-Children/feature=raw/mechanism=mbm/x_eps=0.001/m=best/norm=false/smoother=hoa/backbone=sage/use_nfr=true/logs/grid_candidate_0186_attempt_1.log,
grid_candidate_0188,grid,grid_candidate_0188,completed,1,0,44.049417,/home/hzw/Rethinking_GNN_DP/paper_experiments/figure3/figure3_pipeline3.yaml/dataset=Books-Children/feature=raw/mechanism=mbm/x_eps=0.001/m=best/norm=false/smoother=hoa/backbone=sage/use_nfr=true/logs/grid_candidate_0188_attempt_1.log,
grid_candidate_0181,grid,grid_candidate_0181,completed,1,0,52.513224,/home/hzw/Rethinking_GNN_DP/paper_experiments/figure3/figure3_pipeline3.yaml/dataset=Books-Children/feature=raw/mechanism=mbm/x_eps=0.001/m=best/norm=false/smoother=hoa/backbone=sage/use_nfr=true/logs/grid_candidate_0181_attempt_1.log,
grid_candidate_0187,grid,grid_candidate_0187,completed,1,0,46.411011,/home/hzw/Rethinking_GNN_DP/paper_experiments/figure3/figure3_pipeline3.yaml/dataset=Books-Children/feature=raw/mechanism=mbm/x_eps=0.001/m=best/norm=false/smoother=hoa/backbone=sage/use_nfr=true/logs/grid_candidate_0187_attempt_1.log,
grid_candidate_0185,grid,grid_candidate_0185,completed,1,0,51.082189,/home/hzw/Rethinking_GNN_DP/paper_experiments/figure3/figure3_pipeline3.yaml/dataset=Books-Children/feature=raw/mechanism=mbm/x_eps=0.001/m=best/norm=false/smoother=hoa/backbone=sage/use_nfr=true/logs/grid_candidate_0185_attempt_1.log,
grid_candidate_0184,grid,grid_candidate_0184,completed,1,0,52.334236,/home/hzw/Rethinking_GNN_DP/paper_experiments/figure3/figure3_pipeline3.yaml/dataset=Books-Children/feature=raw/mechanism=mbm/x_eps=0.001/m=best/norm=false/smoother=hoa/backbone=sage/use_nfr=true/logs/grid_candidate_0184_attempt_1.log,
grid_candidate_0189,grid,grid_candidate_0189,completed,1,0,49.526476,/home/hzw/Rethinking_GNN_DP/paper_experiments/figure3/figure3_pipeline3.yaml/dataset=Books-Children/feature=raw/mechanism=mbm/x_eps=0.001/m=best/norm=false/smoother=hoa/backbone=sage/use_nfr=true/logs/grid_candidate_0189_attempt_1.log,
grid_candidate_0193,grid,grid_candidate_0193,completed,1,0,42.638697,/home/hzw/Rethinking_GNN_DP/paper_experiments/figure3/figure3_pipeline3.yaml/dataset=Books-Children/feature=raw/mechanism=mbm/x_eps=0.001/m=best/norm=false/smoother=hoa/backbone=sage/use_nfr=true/logs/grid_candidate_0193_attempt_1.log,
grid_candidate_0204,grid,grid_candidate_0204,completed,1,0,30.291964,/home/hzw/Rethinking_GNN_DP/paper_experiments/figure3/figure3_pipeline3.yaml/dataset=Books-Children/feature=raw/mechanism=mbm/x_eps=0.001/m=best/norm=false/smoother=hoa/backbone=sage/use_nfr=true/logs/grid_candidate_0204_attempt_1.log,
grid_candidate_0192,grid,grid_candidate_0192,completed,1,0,51.537928,/home/hzw/Rethinking_GNN_DP/paper_experiments/figure3/figure3_pipeline3.yaml/dataset=Books-Children/feature=raw/mechanism=mbm/x_eps=0.001/m=best/norm=false/smoother=hoa/backbone=sage/use_nfr=true/logs/grid_candidate_0192_attempt_1.log,
grid_candidate_0206,grid,grid_candidate_0206,completed,1,0,31.148486,/home/hzw/Rethinking_GNN_DP/paper_experiments/figure3/figure3_pipeline3.yaml/dataset=Books-Children/feature=raw/mechanism=mbm/x_eps=0.001/m=best/norm=false/smoother=hoa/backbone=sage/use_nfr=true/logs/grid_candidate_0206_attempt_1.log,
grid_candidate_0196,grid,grid_candidate_0196,completed,1,0,43.534896,/home/hzw/Rethinking_GNN_DP/paper_experiments/figure3/figure3_pipeline3.yaml/dataset=Books-Children/feature=raw/mechanism=mbm/x_eps=0.001/m=best/norm=false/smoother=hoa/backbone=sage/use_nfr=true/logs/grid_candidate_0196_attempt_1.log,
grid_candidate_0191,grid,grid_candidate_0191,completed,1,0,53.503161,/home/hzw/Rethinking_GNN_DP/paper_experiments/figure3/figure3_pipeline3.yaml/dataset=Books-Children/feature=raw/mechanism=mbm/x_eps=0.001/m=best/norm=false/smoother=hoa/backbone=sage/use_nfr=true/logs/grid_candidate_0191_attempt_1.log,
grid_candidate_0197,grid,grid_candidate_0197,completed,1,0,43.780879,/home/hzw/Rethinking_GNN_DP/paper_experiments/figure3/figure3_pipeline3.yaml/dataset=Books-Children/feature=raw/mechanism=mbm/x_eps=0.001/m=best/norm=false/smoother=hoa/backbone=sage/use_nfr=true/logs/grid_candidate_0197_attempt_1.log,
grid_candidate_0194,grid,grid_candidate_0194,completed,1,0,48.171896,/home/hzw/Rethinking_GNN_DP/paper_experiments/figure3/figure3_pipeline3.yaml/dataset=Books-Children/feature=raw/mechanism=mbm/x_eps=0.001/m=best/norm=false/smoother=hoa/backbone=sage/use_nfr=true/logs/grid_candidate_0194_attempt_1.log,
grid_candidate_0190,grid,grid_candidate_0190,completed,1,0,57.055720,/home/hzw/Rethinking_GNN_DP/paper_experiments/figure3/figure3_pipeline3.yaml/dataset=Books-Children/feature=raw/mechanism=mbm/x_eps=0.001/m=best/norm=false/smoother=hoa/backbone=sage/use_nfr=true/logs/grid_candidate_0190_attempt_1.log,
grid_candidate_0198,grid,grid_candidate_0198,completed,1,0,45.994989,/home/hzw/Rethinking_GNN_DP/paper_experiments/figure3/figure3_pipeline3.yaml/dataset=Books-Children/feature=raw/mechanism=mbm/x_eps=0.001/m=best/norm=false/smoother=hoa/backbone=sage/use_nfr=true/logs/grid_candidate_0198_attempt_1.log,
grid_candidate_0203,grid,grid_candidate_0203,completed,1,0,42.642704,/home/hzw/Rethinking_GNN_DP/paper_experiments/figure3/figure3_pipeline3.yaml/dataset=Books-Children/feature=raw/mechanism=mbm/x_eps=0.001/m=best/norm=false/smoother=hoa/backbone=sage/use_nfr=true/logs/grid_candidate_0203_attempt_1.log,
grid_candidate_0201,grid,grid_candidate_0201,completed,1,0,45.118500,/home/hzw/Rethinking_GNN_DP/paper_experiments/figure3/figure3_pipeline3.yaml/dataset=Books-Children/feature=raw/mechanism=mbm/x_eps=0.001/m=best/norm=false/smoother=hoa/backbone=sage/use_nfr=true/logs/grid_candidate_0201_attempt_1.log,
grid_candidate_0202,grid,grid_candidate_0202,completed,1,0,46.039370,/home/hzw/Rethinking_GNN_DP/paper_experiments/figure3/figure3_pipeline3.yaml/dataset=Books-Children/feature=raw/mechanism=mbm/x_eps=0.001/m=best/norm=false/smoother=hoa/backbone=sage/use_nfr=true/logs/grid_candidate_0202_attempt_1.log,
grid_candidate_0195,grid,grid_candidate_0195,completed,1,0,56.065045,/home/hzw/Rethinking_GNN_DP/paper_experiments/figure3/figure3_pipeline3.yaml/dataset=Books-Children/feature=raw/mechanism=mbm/x_eps=0.001/m=best/norm=false/smoother=hoa/backbone=sage/use_nfr=true/logs/grid_candidate_0195_attempt_1.log,
grid_candidate_0199,grid,grid_candidate_0199,completed,1,0,52.254822,/home/hzw/Rethinking_GNN_DP/paper_experiments/figure3/figure3_pipeline3.yaml/dataset=Books-Children/feature=raw/mechanism=mbm/x_eps=0.001/m=best/norm=false/smoother=hoa/backbone=sage/use_nfr=true/logs/grid_candidate_0199_attempt_1.log,
grid_candidate_0207,grid,grid_candidate_0207,completed,1,0,45.474075,/home/hzw/Rethinking_GNN_DP/paper_experiments/figure3/figure3_pipeline3.yaml/dataset=Books-Children/feature=raw/mechanism=mbm/x_eps=0.001/m=best/norm=false/smoother=hoa/backbone=sage/use_nfr=true/logs/grid_candidate_0207_attempt_1.log,
grid_candidate_0205,grid,grid_candidate_0205,completed,1,0,50.517075,/home/hzw/Rethinking_GNN_DP/paper_experiments/figure3/figure3_pipeline3.yaml/dataset=Books-Children/feature=raw/mechanism=mbm/x_eps=0.001/m=best/norm=false/smoother=hoa/backbone=sage/use_nfr=true/logs/grid_candidate_0205_attempt_1.log,
grid_candidate_0200,grid,grid_candidate_0200,completed,1,0,55.858188,/home/hzw/Rethinking_GNN_DP/paper_experiments/figure3/figure3_pipeline3.yaml/dataset=Books-Children/feature=raw/mechanism=mbm/x_eps=0.001/m=best/norm=false/smoother=hoa/backbone=sage/use_nfr=true/logs/grid_candidate_0200_attempt_1.log,
grid_candidate_0218,grid,grid_candidate_0218,completed,1,0,30.623795,/home/hzw/Rethinking_GNN_DP/paper_experiments/figure3/figure3_pipeline3.yaml/dataset=Books-Children/feature=raw/mechanism=mbm/x_eps=0.001/m=best/norm=false/smoother=hoa/backbone=sage/use_nfr=true/logs/grid_candidate_0218_attempt_1.log,
grid_candidate_0211,grid,grid_candidate_0211,completed,1,0,44.292226,/home/hzw/Rethinking_GNN_DP/paper_experiments/figure3/figure3_pipeline3.yaml/dataset=Books-Children/feature=raw/mechanism=mbm/x_eps=0.001/m=best/norm=false/smoother=hoa/backbone=sage/use_nfr=true/logs/grid_candidate_0211_attempt_1.log,
grid_candidate_0221,grid,grid_candidate_0221,completed,1,0,36.684191,/home/hzw/Rethinking_GNN_DP/paper_experiments/figure3/figure3_pipeline3.yaml/dataset=Books-Children/feature=raw/mechanism=mbm/x_eps=0.001/m=best/norm=false/smoother=hoa/backbone=sage/use_nfr=true/logs/grid_candidate_0221_attempt_1.log,
grid_candidate_0209,grid,grid_candidate_0209,completed,1,0,53.492450,/home/hzw/Rethinking_GNN_DP/paper_experiments/figure3/figure3_pipeline3.yaml/dataset=Books-Children/feature=raw/mechanism=mbm/x_eps=0.001/m=best/norm=false/smoother=hoa/backbone=sage/use_nfr=true/logs/grid_candidate_0209_attempt_1.log,
grid_candidate_0213,grid,grid_candidate_0213,completed,1,0,46.623061,/home/hzw/Rethinking_GNN_DP/paper_experiments/figure3/figure3_pipeline3.yaml/dataset=Books-Children/feature=raw/mechanism=mbm/x_eps=0.001/m=best/norm=false/smoother=hoa/backbone=sage/use_nfr=true/logs/grid_candidate_0213_attempt_1.log,
grid_candidate_0208,grid,grid_candidate_0208,completed,1,0,56.994066,/home/hzw/Rethinking_GNN_DP/paper_experiments/figure3/figure3_pipeline3.yaml/dataset=Books-Children/feature=raw/mechanism=mbm/x_eps=0.001/m=best/norm=false/smoother=hoa/backbone=sage/use_nfr=true/logs/grid_candidate_0208_attempt_1.log,
grid_candidate_0212,grid,grid_candidate_0212,completed,1,0,52.366708,/home/hzw/Rethinking_GNN_DP/paper_experiments/figure3/figure3_pipeline3.yaml/dataset=Books-Children/feature=raw/mechanism=mbm/x_eps=0.001/m=best/norm=false/smoother=hoa/backbone=sage/use_nfr=true/logs/grid_candidate_0212_attempt_1.log,
grid_candidate_0219,grid,grid_candidate_0219,completed,1,0,46.798896,/home/hzw/Rethinking_GNN_DP/paper_experiments/figure3/figure3_pipeline3.yaml/dataset=Books-Children/feature=raw/mechanism=mbm/x_eps=0.001/m=best/norm=false/smoother=hoa/backbone=sage/use_nfr=true/logs/grid_candidate_0219_attempt_1.log,
grid_candidate_0210,grid,grid_candidate_0210,completed,1,0,54.405873,/home/hzw/Rethinking_GNN_DP/paper_experiments/figure3/figure3_pipeline3.yaml/dataset=Books-Children/feature=raw/mechanism=mbm/x_eps=0.001/m=best/norm=false/smoother=hoa/backbone=sage/use_nfr=true/logs/grid_candidate_0210_attempt_1.log,
grid_candidate_0217,grid,grid_candidate_0217,completed,1,0,49.318252,/home/hzw/Rethinking_GNN_DP/paper_experiments/figure3/figure3_pipeline3.yaml/dataset=Books-Children/feature=raw/mechanism=mbm/x_eps=0.001/m=best/norm=false/smoother=hoa/backbone=sage/use_nfr=true/logs/grid_candidate_0217_attempt_1.log,
grid_candidate_0216,grid,grid_candidate_0216,completed,1,0,50.115688,/home/hzw/Rethinking_GNN_DP/paper_experiments/figure3/figure3_pipeline3.yaml/dataset=Books-Children/feature=raw/mechanism=mbm/x_eps=0.001/m=best/norm=false/smoother=hoa/backbone=sage/use_nfr=true/logs/grid_candidate_0216_attempt_1.log,
grid_candidate_0214,grid,grid_candidate_0214,completed,1,0,53.077047,/home/hzw/Rethinking_GNN_DP/paper_experiments/figure3/figure3_pipeline3.yaml/dataset=Books-Children/feature=raw/mechanism=mbm/x_eps=0.001/m=best/norm=false/smoother=hoa/backbone=sage/use_nfr=true/logs/grid_candidate_0214_attempt_1.log,
grid_candidate_0220,grid,grid_candidate_0220,completed,1,0,48.947862,/home/hzw/Rethinking_GNN_DP/paper_experiments/figure3/figure3_pipeline3.yaml/dataset=Books-Children/feature=raw/mechanism=mbm/x_eps=0.001/m=best/norm=false/smoother=hoa/backbone=sage/use_nfr=true/logs/grid_candidate_0220_attempt_1.log,
grid_candidate_0236,grid,grid_candidate_0236,completed,1,0,33.465558,/home/hzw/Rethinking_GNN_DP/paper_experiments/figure3/figure3_pipeline3.yaml/dataset=Books-Children/feature=raw/mechanism=mbm/x_eps=0.001/m=best/norm=false/smoother=hoa/backbone=sage/use_nfr=true/logs/grid_candidate_0236_attempt_1.log,
grid_candidate_0227,grid,grid_candidate_0227,completed,1,0,48.222647,/home/hzw/Rethinking_GNN_DP/paper_experiments/figure3/figure3_pipeline3.yaml/dataset=Books-Children/feature=raw/mechanism=mbm/x_eps=0.001/m=best/norm=false/smoother=hoa/backbone=sage/use_nfr=true/logs/grid_candidate_0227_attempt_1.log,
grid_candidate_0215,grid,grid_candidate_0215,completed,1,0,59.359991,/home/hzw/Rethinking_GNN_DP/paper_experiments/figure3/figure3_pipeline3.yaml/dataset=Books-Children/feature=raw/mechanism=mbm/x_eps=0.001/m=best/norm=false/smoother=hoa/backbone=sage/use_nfr=true/logs/grid_candidate_0215_attempt_1.log,
grid_candidate_0222,grid,grid_candidate_0222,completed,1,0,53.384680,/home/hzw/Rethinking_GNN_DP/paper_experiments/figure3/figure3_pipeline3.yaml/dataset=Books-Children/feature=raw/mechanism=mbm/x_eps=0.001/m=best/norm=false/smoother=hoa/backbone=sage/use_nfr=true/logs/grid_candidate_0222_attempt_1.log,
grid_candidate_0224,grid,grid_candidate_0224,completed,1,0,50.971716,/home/hzw/Rethinking_GNN_DP/paper_experiments/figure3/figure3_pipeline3.yaml/dataset=Books-Children/feature=raw/mechanism=mbm/x_eps=0.001/m=best/norm=false/smoother=hoa/backbone=sage/use_nfr=true/logs/grid_candidate_0224_attempt_1.log,
grid_candidate_0223,grid,grid_candidate_0223,completed,1,0,52.245443,/home/hzw/Rethinking_GNN_DP/paper_experiments/figure3/figure3_pipeline3.yaml/dataset=Books-Children/feature=raw/mechanism=mbm/x_eps=0.001/m=best/norm=false/smoother=hoa/backbone=sage/use_nfr=true/logs/grid_candidate_0223_attempt_1.log,
grid_candidate_0226,grid,grid_candidate_0226,completed,1,0,50.008636,/home/hzw/Rethinking_GNN_DP/paper_experiments/figure3/figure3_pipeline3.yaml/dataset=Books-Children/feature=raw/mechanism=mbm/x_eps=0.001/m=best/norm=false/smoother=hoa/backbone=sage/use_nfr=true/logs/grid_candidate_0226_attempt_1.log,
grid_candidate_0228,grid,grid_candidate_0228,completed,1,0,47.236436,/home/hzw/Rethinking_GNN_DP/paper_experiments/figure3/figure3_pipeline3.yaml/dataset=Books-Children/feature=raw/mechanism=mbm/x_eps=0.001/m=best/norm=false/smoother=hoa/backbone=sage/use_nfr=true/logs/grid_candidate_0228_attempt_1.log,
grid_candidate_0231,grid,grid_candidate_0231,completed,1,0,47.492304,/home/hzw/Rethinking_GNN_DP/paper_experiments/figure3/figure3_pipeline3.yaml/dataset=Books-Children/feature=raw/mechanism=mbm/x_eps=0.001/m=best/norm=false/smoother=hoa/backbone=sage/use_nfr=true/logs/grid_candidate_0231_attempt_1.log,
grid_candidate_0237,grid,grid_candidate_0237,completed,1,0,40.001694,/home/hzw/Rethinking_GNN_DP/paper_experiments/figure3/figure3_pipeline3.yaml/dataset=Books-Children/feature=raw/mechanism=mbm/x_eps=0.001/m=best/norm=false/smoother=hoa/backbone=sage/use_nfr=true/logs/grid_candidate_0237_attempt_1.log,
grid_candidate_0229,grid,grid_candidate_0229,completed,1,0,48.901640,/home/hzw/Rethinking_GNN_DP/paper_experiments/figure3/figure3_pipeline3.yaml/dataset=Books-Children/feature=raw/mechanism=mbm/x_eps=0.001/m=best/norm=false/smoother=hoa/backbone=sage/use_nfr=true/logs/grid_candidate_0229_attempt_1.log,
grid_candidate_0232,grid,grid_candidate_0232,completed,1,0,48.614775,/home/hzw/Rethinking_GNN_DP/paper_experiments/figure3/figure3_pipeline3.yaml/dataset=Books-Children/feature=raw/mechanism=mbm/x_eps=0.001/m=best/norm=false/smoother=hoa/backbone=sage/use_nfr=true/logs/grid_candidate_0232_attempt_1.log,
grid_candidate_0239,grid,grid_candidate_0239,completed,1,0,39.009877,/home/hzw/Rethinking_GNN_DP/paper_experiments/figure3/figure3_pipeline3.yaml/dataset=Books-Children/feature=raw/mechanism=mbm/x_eps=0.001/m=best/norm=false/smoother=hoa/backbone=sage/use_nfr=true/logs/grid_candidate_0239_attempt_1.log,
grid_candidate_0225,grid,grid_candidate_0225,completed,1,0,56.195155,/home/hzw/Rethinking_GNN_DP/paper_experiments/figure3/figure3_pipeline3.yaml/dataset=Books-Children/feature=raw/mechanism=mbm/x_eps=0.001/m=best/norm=false/smoother=hoa/backbone=sage/use_nfr=true/logs/grid_candidate_0225_attempt_1.log,
grid_candidate_0233,grid,grid_candidate_0233,completed,1,0,51.289570,/home/hzw/Rethinking_GNN_DP/paper_experiments/figure3/figure3_pipeline3.yaml/dataset=Books-Children/feature=raw/mechanism=mbm/x_eps=0.001/m=best/norm=false/smoother=hoa/backbone=sage/use_nfr=true/logs/grid_candidate_0233_attempt_1.log,
grid_candidate_0242,grid,grid_candidate_0242,completed,1,0,43.392354,/home/hzw/Rethinking_GNN_DP/paper_experiments/figure3/figure3_pipeline3.yaml/dataset=Books-Children/feature=raw/mechanism=mbm/x_eps=0.001/m=best/norm=false/smoother=hoa/backbone=sage/use_nfr=true/logs/grid_candidate_0242_attempt_1.log,
grid_candidate_0230,grid,grid_candidate_0230,completed,1,0,61.226227,/home/hzw/Rethinking_GNN_DP/paper_experiments/figure3/figure3_pipeline3.yaml/dataset=Books-Children/feature=raw/mechanism=mbm/x_eps=0.001/m=best/norm=false/smoother=hoa/backbone=sage/use_nfr=true/logs/grid_candidate_0230_attempt_1.log,
grid_candidate_0244,grid,grid_candidate_0244,completed,1,0,43.076522,/home/hzw/Rethinking_GNN_DP/paper_experiments/figure3/figure3_pipeline3.yaml/dataset=Books-Children/feature=raw/mechanism=mbm/x_eps=0.001/m=best/norm=false/smoother=hoa/backbone=sage/use_nfr=true/logs/grid_candidate_0244_attempt_1.log,
grid_candidate_0243,grid,grid_candidate_0243,completed,1,0,44.584364,/home/hzw/Rethinking_GNN_DP/paper_experiments/figure3/figure3_pipeline3.yaml/dataset=Books-Children/feature=raw/mechanism=mbm/x_eps=0.001/m=best/norm=false/smoother=hoa/backbone=sage/use_nfr=true/logs/grid_candidate_0243_attempt_1.log,
grid_candidate_0249,grid,grid_candidate_0249,completed,1,0,31.018902,/home/hzw/Rethinking_GNN_DP/paper_experiments/figure3/figure3_pipeline3.yaml/dataset=Books-Children/feature=raw/mechanism=mbm/x_eps=0.001/m=best/norm=false/smoother=hoa/backbone=sage/use_nfr=true/logs/grid_candidate_0249_attempt_1.log,
grid_candidate_0241,grid,grid_candidate_0241,completed,1,0,47.007396,/home/hzw/Rethinking_GNN_DP/paper_experiments/figure3/figure3_pipeline3.yaml/dataset=Books-Children/feature=raw/mechanism=mbm/x_eps=0.001/m=best/norm=false/smoother=hoa/backbone=sage/use_nfr=true/logs/grid_candidate_0241_attempt_1.log,
grid_candidate_0235,grid,grid_candidate_0235,completed,1,0,58.776881,/home/hzw/Rethinking_GNN_DP/paper_experiments/figure3/figure3_pipeline3.yaml/dataset=Books-Children/feature=raw/mechanism=mbm/x_eps=0.001/m=best/norm=false/smoother=hoa/backbone=sage/use_nfr=true/logs/grid_candidate_0235_attempt_1.log,
grid_candidate_0250,grid,grid_candidate_0250,completed,1,0,30.669083,/home/hzw/Rethinking_GNN_DP/paper_experiments/figure3/figure3_pipeline3.yaml/dataset=Books-Children/feature=raw/mechanism=mbm/x_eps=0.001/m=best/norm=false/smoother=hoa/backbone=sage/use_nfr=true/logs/grid_candidate_0250_attempt_1.log,
grid_candidate_0234,grid,grid_candidate_0234,completed,1,0,62.052166,/home/hzw/Rethinking_GNN_DP/paper_experiments/figure3/figure3_pipeline3.yaml/dataset=Books-Children/feature=raw/mechanism=mbm/x_eps=0.001/m=best/norm=false/smoother=hoa/backbone=sage/use_nfr=true/logs/grid_candidate_0234_attempt_1.log,
grid_candidate_0240,grid,grid_candidate_0240,completed,1,0,54.848418,/home/hzw/Rethinking_GNN_DP/paper_experiments/figure3/figure3_pipeline3.yaml/dataset=Books-Children/feature=raw/mechanism=mbm/x_eps=0.001/m=best/norm=false/smoother=hoa/backbone=sage/use_nfr=true/logs/grid_candidate_0240_attempt_1.log,
grid_candidate_0245,grid,grid_candidate_0245,completed,1,0,41.716069,/home/hzw/Rethinking_GNN_DP/paper_experiments/figure3/figure3_pipeline3.yaml/dataset=Books-Children/feature=raw/mechanism=mbm/x_eps=0.001/m=best/norm=false/smoother=hoa/backbone=sage/use_nfr=true/logs/grid_candidate_0245_attempt_1.log,
grid_candidate_0247,grid,grid_candidate_0247,completed,1,0,39.054757,/home/hzw/Rethinking_GNN_DP/paper_experiments/figure3/figure3_pipeline3.yaml/dataset=Books-Children/feature=raw/mechanism=mbm/x_eps=0.001/m=best/norm=false/smoother=hoa/backbone=sage/use_nfr=true/logs/grid_candidate_0247_attempt_1.log,
grid_candidate_0251,grid,grid_candidate_0251,completed,1,0,35.751246,/home/hzw/Rethinking_GNN_DP/paper_experiments/figure3/figure3_pipeline3.yaml/dataset=Books-Children/feature=raw/mechanism=mbm/x_eps=0.001/m=best/norm=false/smoother=hoa/backbone=sage/use_nfr=true/logs/grid_candidate_0251_attempt_1.log,
grid_candidate_0238,grid,grid_candidate_0238,completed,1,0,61.579958,/home/hzw/Rethinking_GNN_DP/paper_experiments/figure3/figure3_pipeline3.yaml/dataset=Books-Children/feature=raw/mechanism=mbm/x_eps=0.001/m=best/norm=false/smoother=hoa/backbone=sage/use_nfr=true/logs/grid_candidate_0238_attempt_1.log,
grid_candidate_0246,grid,grid_candidate_0246,completed,1,0,44.418877,/home/hzw/Rethinking_GNN_DP/paper_experiments/figure3/figure3_pipeline3.yaml/dataset=Books-Children/feature=raw/mechanism=mbm/x_eps=0.001/m=best/norm=false/smoother=hoa/backbone=sage/use_nfr=true/logs/grid_candidate_0246_attempt_1.log,
grid_candidate_0255,grid,grid_candidate_0255,completed,1,0,34.987899,/home/hzw/Rethinking_GNN_DP/paper_experiments/figure3/figure3_pipeline3.yaml/dataset=Books-Children/feature=raw/mechanism=mbm/x_eps=0.001/m=best/norm=false/smoother=hoa/backbone=sage/use_nfr=true/logs/grid_candidate_0255_attempt_1.log,
grid_candidate_0248,grid,grid_candidate_0248,completed,1,0,45.687792,/home/hzw/Rethinking_GNN_DP/paper_experiments/figure3/figure3_pipeline3.yaml/dataset=Books-Children/feature=raw/mechanism=mbm/x_eps=0.001/m=best/norm=false/smoother=hoa/backbone=sage/use_nfr=true/logs/grid_candidate_0248_attempt_1.log,
grid_candidate_0252,grid,grid_candidate_0252,completed,1,0,48.164232,/home/hzw/Rethinking_GNN_DP/paper_experiments/figure3/figure3_pipeline3.yaml/dataset=Books-Children/feature=raw/mechanism=mbm/x_eps=0.001/m=best/norm=false/smoother=hoa/backbone=sage/use_nfr=true/logs/grid_candidate_0252_attempt_1.log,
grid_candidate_0256,grid,grid_candidate_0256,completed,1,0,45.602770,/home/hzw/Rethinking_GNN_DP/paper_experiments/figure3/figure3_pipeline3.yaml/dataset=Books-Children/feature=raw/mechanism=mbm/x_eps=0.001/m=best/norm=false/smoother=hoa/backbone=sage/use_nfr=true/logs/grid_candidate_0256_attempt_1.log,
grid_candidate_0253,grid,grid_candidate_0253,completed,1,0,48.289918,/home/hzw/Rethinking_GNN_DP/paper_experiments/figure3/figure3_pipeline3.yaml/dataset=Books-Children/feature=raw/mechanism=mbm/x_eps=0.001/m=best/norm=false/smoother=hoa/backbone=sage/use_nfr=true/logs/grid_candidate_0253_attempt_1.log,
grid_candidate_0254,grid,grid_candidate_0254,completed,1,0,48.373233,/home/hzw/Rethinking_GNN_DP/paper_experiments/figure3/figure3_pipeline3.yaml/dataset=Books-Children/feature=raw/mechanism=mbm/x_eps=0.001/m=best/norm=false/smoother=hoa/backbone=sage/use_nfr=true/logs/grid_candidate_0254_attempt_1.log,
grid_candidate_0257,grid,grid_candidate_0257,completed,1,0,45.354916,/home/hzw/Rethinking_GNN_DP/paper_experiments/figure3/figure3_pipeline3.yaml/dataset=Books-Children/feature=raw/mechanism=mbm/x_eps=0.001/m=best/norm=false/smoother=hoa/backbone=sage/use_nfr=true/logs/grid_candidate_0257_attempt_1.log,
grid_candidate_0270,grid,grid_candidate_0270,completed,1,0,37.422823,/home/hzw/Rethinking_GNN_DP/paper_experiments/figure3/figure3_pipeline3.yaml/dataset=Books-Children/feature=raw/mechanism=mbm/x_eps=0.001/m=best/norm=false/smoother=hoa/backbone=sage/use_nfr=true/logs/grid_candidate_0270_attempt_1.log,
grid_candidate_0259,grid,grid_candidate_0259,completed,1,0,44.919866,/home/hzw/Rethinking_GNN_DP/paper_experiments/figure3/figure3_pipeline3.yaml/dataset=Books-Children/feature=raw/mechanism=mbm/x_eps=0.001/m=best/norm=false/smoother=hoa/backbone=sage/use_nfr=true/logs/grid_candidate_0259_attempt_1.log,
grid_candidate_0260,grid,grid_candidate_0260,completed,1,0,45.069439,/home/hzw/Rethinking_GNN_DP/paper_experiments/figure3/figure3_pipeline3.yaml/dataset=Books-Children/feature=raw/mechanism=mbm/x_eps=0.001/m=best/norm=false/smoother=hoa/backbone=sage/use_nfr=true/logs/grid_candidate_0260_attempt_1.log,
grid_candidate_0258,grid,grid_candidate_0258,completed,1,0,47.644986,/home/hzw/Rethinking_GNN_DP/paper_experiments/figure3/figure3_pipeline3.yaml/dataset=Books-Children/feature=raw/mechanism=mbm/x_eps=0.001/m=best/norm=false/smoother=hoa/backbone=sage/use_nfr=true/logs/grid_candidate_0258_attempt_1.log,
grid_candidate_0261,grid,grid_candidate_0261,completed,1,0,48.346451,/home/hzw/Rethinking_GNN_DP/paper_experiments/figure3/figure3_pipeline3.yaml/dataset=Books-Children/feature=raw/mechanism=mbm/x_eps=0.001/m=best/norm=false/smoother=hoa/backbone=sage/use_nfr=true/logs/grid_candidate_0261_attempt_1.log,
grid_candidate_0264,grid,grid_candidate_0264,completed,1,0,50.446656,/home/hzw/Rethinking_GNN_DP/paper_experiments/figure3/figure3_pipeline3.yaml/dataset=Books-Children/feature=raw/mechanism=mbm/x_eps=0.001/m=best/norm=false/smoother=hoa/backbone=sage/use_nfr=true/logs/grid_candidate_0264_attempt_1.log,
grid_candidate_0263,grid,grid_candidate_0263,completed,1,0,51.869176,/home/hzw/Rethinking_GNN_DP/paper_experiments/figure3/figure3_pipeline3.yaml/dataset=Books-Children/feature=raw/mechanism=mbm/x_eps=0.001/m=best/norm=false/smoother=hoa/backbone=sage/use_nfr=true/logs/grid_candidate_0263_attempt_1.log,
grid_candidate_0265,grid,grid_candidate_0265,completed,1,0,50.967029,/home/hzw/Rethinking_GNN_DP/paper_experiments/figure3/figure3_pipeline3.yaml/dataset=Books-Children/feature=raw/mechanism=mbm/x_eps=0.001/m=best/norm=false/smoother=hoa/backbone=sage/use_nfr=true/logs/grid_candidate_0265_attempt_1.log,
grid_candidate_0262,grid,grid_candidate_0262,completed,1,0,52.942291,/home/hzw/Rethinking_GNN_DP/paper_experiments/figure3/figure3_pipeline3.yaml/dataset=Books-Children/feature=raw/mechanism=mbm/x_eps=0.001/m=best/norm=false/smoother=hoa/backbone=sage/use_nfr=true/logs/grid_candidate_0262_attempt_1.log,
grid_candidate_0268,grid,grid_candidate_0268,completed,1,0,51.907425,/home/hzw/Rethinking_GNN_DP/paper_experiments/figure3/figure3_pipeline3.yaml/dataset=Books-Children/feature=raw/mechanism=mbm/x_eps=0.001/m=best/norm=false/smoother=hoa/backbone=sage/use_nfr=true/logs/grid_candidate_0268_attempt_1.log,
grid_candidate_0266,grid,grid_candidate_0266,completed,1,0,54.074994,/home/hzw/Rethinking_GNN_DP/paper_experiments/figure3/figure3_pipeline3.yaml/dataset=Books-Children/feature=raw/mechanism=mbm/x_eps=0.001/m=best/norm=false/smoother=hoa/backbone=sage/use_nfr=true/logs/grid_candidate_0266_attempt_1.log,
grid_candidate_0269,grid,grid_candidate_0269,completed,1,0,52.496971,/home/hzw/Rethinking_GNN_DP/paper_experiments/figure3/figure3_pipeline3.yaml/dataset=Books-Children/feature=raw/mechanism=mbm/x_eps=0.001/m=best/norm=false/smoother=hoa/backbone=sage/use_nfr=true/logs/grid_candidate_0269_attempt_1.log,
grid_candidate_0267,grid,grid_candidate_0267,completed,1,0,55.547779,/home/hzw/Rethinking_GNN_DP/paper_experiments/figure3/figure3_pipeline3.yaml/dataset=Books-Children/feature=raw/mechanism=mbm/x_eps=0.001/m=best/norm=false/smoother=hoa/backbone=sage/use_nfr=true/logs/grid_candidate_0267_attempt_1.log,
grid_candidate_0271,grid,grid_candidate_0271,completed,1,0,52.074044,/home/hzw/Rethinking_GNN_DP/paper_experiments/figure3/figure3_pipeline3.yaml/dataset=Books-Children/feature=raw/mechanism=mbm/x_eps=0.001/m=best/norm=false/smoother=hoa/backbone=sage/use_nfr=true/logs/grid_candidate_0271_attempt_1.log,
grid_candidate_0275,grid,grid_candidate_0275,completed,1,0,46.491558,/home/hzw/Rethinking_GNN_DP/paper_experiments/figure3/figure3_pipeline3.yaml/dataset=Books-Children/feature=raw/mechanism=mbm/x_eps=0.001/m=best/norm=false/smoother=hoa/backbone=sage/use_nfr=true/logs/grid_candidate_0275_attempt_1.log,
grid_candidate_0272,grid,grid_candidate_0272,completed,1,0,49.501284,/home/hzw/Rethinking_GNN_DP/paper_experiments/figure3/figure3_pipeline3.yaml/dataset=Books-Children/feature=raw/mechanism=mbm/x_eps=0.001/m=best/norm=false/smoother=hoa/backbone=sage/use_nfr=true/logs/grid_candidate_0272_attempt_1.log,
grid_candidate_0274,grid,grid_candidate_0274,completed,1,0,49.400557,/home/hzw/Rethinking_GNN_DP/paper_experiments/figure3/figure3_pipeline3.yaml/dataset=Books-Children/feature=raw/mechanism=mbm/x_eps=0.001/m=best/norm=false/smoother=hoa/backbone=sage/use_nfr=true/logs/grid_candidate_0274_attempt_1.log,
grid_candidate_0276,grid,grid_candidate_0276,completed,1,0,48.314911,/home/hzw/Rethinking_GNN_DP/paper_experiments/figure3/figure3_pipeline3.yaml/dataset=Books-Children/feature=raw/mechanism=mbm/x_eps=0.001/m=best/norm=false/smoother=hoa/backbone=sage/use_nfr=true/logs/grid_candidate_0276_attempt_1.log,
grid_candidate_0279,grid,grid_candidate_0279,completed,1,0,46.298764,/home/hzw/Rethinking_GNN_DP/paper_experiments/figure3/figure3_pipeline3.yaml/dataset=Books-Children/feature=raw/mechanism=mbm/x_eps=0.001/m=best/norm=false/smoother=hoa/backbone=sage/use_nfr=true/logs/grid_candidate_0279_attempt_1.log,
grid_candidate_0273,grid,grid_candidate_0273,completed,1,0,53.143518,/home/hzw/Rethinking_GNN_DP/paper_experiments/figure3/figure3_pipeline3.yaml/dataset=Books-Children/feature=raw/mechanism=mbm/x_eps=0.001/m=best/norm=false/smoother=hoa/backbone=sage/use_nfr=true/logs/grid_candidate_0273_attempt_1.log,
grid_candidate_0281,grid,grid_candidate_0281,completed,1,0,48.032675,/home/hzw/Rethinking_GNN_DP/paper_experiments/figure3/figure3_pipeline3.yaml/dataset=Books-Children/feature=raw/mechanism=mbm/x_eps=0.001/m=best/norm=false/smoother=hoa/backbone=sage/use_nfr=true/logs/grid_candidate_0281_attempt_1.log,
grid_candidate_0277,grid,grid_candidate_0277,completed,1,0,51.566752,/home/hzw/Rethinking_GNN_DP/paper_experiments/figure3/figure3_pipeline3.yaml/dataset=Books-Children/feature=raw/mechanism=mbm/x_eps=0.001/m=best/norm=false/smoother=hoa/backbone=sage/use_nfr=true/logs/grid_candidate_0277_attempt_1.log,
grid_candidate_0278,grid,grid_candidate_0278,completed,1,0,52.273433,/home/hzw/Rethinking_GNN_DP/paper_experiments/figure3/figure3_pipeline3.yaml/dataset=Books-Children/feature=raw/mechanism=mbm/x_eps=0.001/m=best/norm=false/smoother=hoa/backbone=sage/use_nfr=true/logs/grid_candidate_0278_attempt_1.log,
grid_candidate_0280,grid,grid_candidate_0280,completed,1,0,50.955375,/home/hzw/Rethinking_GNN_DP/paper_experiments/figure3/figure3_pipeline3.yaml/dataset=Books-Children/feature=raw/mechanism=mbm/x_eps=0.001/m=best/norm=false/smoother=hoa/backbone=sage/use_nfr=true/logs/grid_candidate_0280_attempt_1.log,
grid_candidate_0282,grid,grid_candidate_0282,completed,1,0,51.849168,/home/hzw/Rethinking_GNN_DP/paper_experiments/figure3/figure3_pipeline3.yaml/dataset=Books-Children/feature=raw/mechanism=mbm/x_eps=0.001/m=best/norm=false/smoother=hoa/backbone=sage/use_nfr=true/logs/grid_candidate_0282_attempt_1.log,
grid_candidate_0286,grid,grid_candidate_0286,completed,1,0,49.117398,/home/hzw/Rethinking_GNN_DP/paper_experiments/figure3/figure3_pipeline3.yaml/dataset=Books-Children/feature=raw/mechanism=mbm/x_eps=0.001/m=best/norm=false/smoother=hoa/backbone=sage/use_nfr=true/logs/grid_candidate_0286_attempt_1.log,
grid_candidate_0284,grid,grid_candidate_0284,completed,1,0,52.419075,/home/hzw/Rethinking_GNN_DP/paper_experiments/figure3/figure3_pipeline3.yaml/dataset=Books-Children/feature=raw/mechanism=mbm/x_eps=0.001/m=best/norm=false/smoother=hoa/backbone=sage/use_nfr=true/logs/grid_candidate_0284_attempt_1.log,
grid_candidate_0287,grid,grid_candidate_0287,completed,1,0,52.785924,/home/hzw/Rethinking_GNN_DP/paper_experiments/figure3/figure3_pipeline3.yaml/dataset=Books-Children/feature=raw/mechanism=mbm/x_eps=0.001/m=best/norm=false/smoother=hoa/backbone=sage/use_nfr=true/logs/grid_candidate_0287_attempt_1.log,
grid_candidate_0283,grid,grid_candidate_0283,completed,1,0,56.160710,/home/hzw/Rethinking_GNN_DP/paper_experiments/figure3/figure3_pipeline3.yaml/dataset=Books-Children/feature=raw/mechanism=mbm/x_eps=0.001/m=best/norm=false/smoother=hoa/backbone=sage/use_nfr=true/logs/grid_candidate_0283_attempt_1.log,
grid_candidate_0288,grid,grid_candidate_0288,completed,1,0,50.429388,/home/hzw/Rethinking_GNN_DP/paper_experiments/figure3/figure3_pipeline3.yaml/dataset=Books-Children/feature=raw/mechanism=mbm/x_eps=0.001/m=best/norm=false/smoother=hoa/backbone=sage/use_nfr=true/logs/grid_candidate_0288_attempt_1.log,
grid_candidate_0285,grid,grid_candidate_0285,completed,1,0,55.731563,/home/hzw/Rethinking_GNN_DP/paper_experiments/figure3/figure3_pipeline3.yaml/dataset=Books-Children/feature=raw/mechanism=mbm/x_eps=0.001/m=best/norm=false/smoother=hoa/backbone=sage/use_nfr=true/logs/grid_candidate_0285_attempt_1.log,
grid_candidate_0291,grid,grid_candidate_0291,completed,1,0,43.682793,/home/hzw/Rethinking_GNN_DP/paper_experiments/figure3/figure3_pipeline3.yaml/dataset=Books-Children/feature=raw/mechanism=mbm/x_eps=0.001/m=best/norm=false/smoother=hoa/backbone=sage/use_nfr=true/logs/grid_candidate_0291_attempt_1.log,
grid_candidate_0290,grid,grid_candidate_0290,completed,1,0,45.180241,/home/hzw/Rethinking_GNN_DP/paper_experiments/figure3/figure3_pipeline3.yaml/dataset=Books-Children/feature=raw/mechanism=mbm/x_eps=0.001/m=best/norm=false/smoother=hoa/backbone=sage/use_nfr=true/logs/grid_candidate_0290_attempt_1.log,
grid_candidate_0292,grid,grid_candidate_0292,completed,1,0,46.542777,/home/hzw/Rethinking_GNN_DP/paper_experiments/figure3/figure3_pipeline3.yaml/dataset=Books-Children/feature=raw/mechanism=mbm/x_eps=0.001/m=best/norm=false/smoother=hoa/backbone=sage/use_nfr=true/logs/grid_candidate_0292_attempt_1.log,
grid_candidate_0293,grid,grid_candidate_0293,completed,1,0,46.874828,/home/hzw/Rethinking_GNN_DP/paper_experiments/figure3/figure3_pipeline3.yaml/dataset=Books-Children/feature=raw/mechanism=mbm/x_eps=0.001/m=best/norm=false/smoother=hoa/backbone=sage/use_nfr=true/logs/grid_candidate_0293_attempt_1.log,
grid_candidate_0289,grid,grid_candidate_0289,completed,1,0,50.893592,/home/hzw/Rethinking_GNN_DP/paper_experiments/figure3/figure3_pipeline3.yaml/dataset=Books-Children/feature=raw/mechanism=mbm/x_eps=0.001/m=best/norm=false/smoother=hoa/backbone=sage/use_nfr=true/logs/grid_candidate_0289_attempt_1.log,
grid_candidate_0295,grid,grid_candidate_0295,completed,1,0,47.157507,/home/hzw/Rethinking_GNN_DP/paper_experiments/figure3/figure3_pipeline3.yaml/dataset=Books-Children/feature=raw/mechanism=mbm/x_eps=0.001/m=best/norm=false/smoother=hoa/backbone=sage/use_nfr=true/logs/grid_candidate_0295_attempt_1.log,
grid_candidate_0294,grid,grid_candidate_0294,completed,1,0,49.291593,/home/hzw/Rethinking_GNN_DP/paper_experiments/figure3/figure3_pipeline3.yaml/dataset=Books-Children/feature=raw/mechanism=mbm/x_eps=0.001/m=best/norm=false/smoother=hoa/backbone=sage/use_nfr=true/logs/grid_candidate_0294_attempt_1.log,
grid_candidate_0301,grid,grid_candidate_0301,completed,1,0,40.853333,/home/hzw/Rethinking_GNN_DP/paper_experiments/figure3/figure3_pipeline3.yaml/dataset=Books-Children/feature=raw/mechanism=mbm/x_eps=0.001/m=best/norm=false/smoother=hoa/backbone=sage/use_nfr=true/logs/grid_candidate_0301_attempt_1.log,
grid_candidate_0296,grid,grid_candidate_0296,completed,1,0,50.195636,/home/hzw/Rethinking_GNN_DP/paper_experiments/figure3/figure3_pipeline3.yaml/dataset=Books-Children/feature=raw/mechanism=mbm/x_eps=0.001/m=best/norm=false/smoother=hoa/backbone=sage/use_nfr=true/logs/grid_candidate_0296_attempt_1.log,
grid_candidate_0298,grid,grid_candidate_0298,completed,1,0,49.295592,/home/hzw/Rethinking_GNN_DP/paper_experiments/figure3/figure3_pipeline3.yaml/dataset=Books-Children/feature=raw/mechanism=mbm/x_eps=0.001/m=best/norm=false/smoother=hoa/backbone=sage/use_nfr=true/logs/grid_candidate_0298_attempt_1.log,
grid_candidate_0297,grid,grid_candidate_0297,completed,1,0,54.685538,/home/hzw/Rethinking_GNN_DP/paper_experiments/figure3/figure3_pipeline3.yaml/dataset=Books-Children/feature=raw/mechanism=mbm/x_eps=0.001/m=best/norm=false/smoother=hoa/backbone=sage/use_nfr=true/logs/grid_candidate_0297_attempt_1.log,
grid_candidate_0299,grid,grid_candidate_0299,completed,1,0,52.763124,/home/hzw/Rethinking_GNN_DP/paper_experiments/figure3/figure3_pipeline3.yaml/dataset=Books-Children/feature=raw/mechanism=mbm/x_eps=0.001/m=best/norm=false/smoother=hoa/backbone=sage/use_nfr=true/logs/grid_candidate_0299_attempt_1.log,
grid_candidate_0300,grid,grid_candidate_0300,completed,1,0,53.526797,/home/hzw/Rethinking_GNN_DP/paper_experiments/figure3/figure3_pipeline3.yaml/dataset=Books-Children/feature=raw/mechanism=mbm/x_eps=0.001/m=best/norm=false/smoother=hoa/backbone=sage/use_nfr=true/logs/grid_candidate_0300_attempt_1.log,
grid_candidate_0302,grid,grid_candidate_0302,completed,1,0,52.493634,/home/hzw/Rethinking_GNN_DP/paper_experiments/figure3/figure3_pipeline3.yaml/dataset=Books-Children/feature=raw/mechanism=mbm/x_eps=0.001/m=best/norm=false/smoother=hoa/backbone=sage/use_nfr=true/logs/grid_candidate_0302_attempt_1.log,
grid_candidate_0305,grid,grid_candidate_0305,completed,1,0,54.500108,/home/hzw/Rethinking_GNN_DP/paper_experiments/figure3/figure3_pipeline3.yaml/dataset=Books-Children/feature=raw/mechanism=mbm/x_eps=0.001/m=best/norm=false/smoother=hoa/backbone=sage/use_nfr=true/logs/grid_candidate_0305_attempt_1.log,
grid_candidate_0303,grid,grid_candidate_0303,completed,1,0,60.557969,/home/hzw/Rethinking_GNN_DP/paper_experiments/figure3/figure3_pipeline3.yaml/dataset=Books-Children/feature=raw/mechanism=mbm/x_eps=0.001/m=best/norm=false/smoother=hoa/backbone=sage/use_nfr=true/logs/grid_candidate_0303_attempt_1.log,
grid_candidate_0304,grid,grid_candidate_0304,completed,1,0,59.581667,/home/hzw/Rethinking_GNN_DP/paper_experiments/figure3/figure3_pipeline3.yaml/dataset=Books-Children/feature=raw/mechanism=mbm/x_eps=0.001/m=best/norm=false/smoother=hoa/backbone=sage/use_nfr=true/logs/grid_candidate_0304_attempt_1.log,
grid_candidate_0308,grid,grid_candidate_0308,completed,1,0,54.576020,/home/hzw/Rethinking_GNN_DP/paper_experiments/figure3/figure3_pipeline3.yaml/dataset=Books-Children/feature=raw/mechanism=mbm/x_eps=0.001/m=best/norm=false/smoother=hoa/backbone=sage/use_nfr=true/logs/grid_candidate_0308_attempt_1.log,
grid_candidate_0307,grid,grid_candidate_0307,completed,1,0,57.275088,/home/hzw/Rethinking_GNN_DP/paper_experiments/figure3/figure3_pipeline3.yaml/dataset=Books-Children/feature=raw/mechanism=mbm/x_eps=0.001/m=best/norm=false/smoother=hoa/backbone=sage/use_nfr=true/logs/grid_candidate_0307_attempt_1.log,
grid_candidate_0306,grid,grid_candidate_0306,completed,1,0,60.106998,/home/hzw/Rethinking_GNN_DP/paper_experiments/figure3/figure3_pipeline3.yaml/dataset=Books-Children/feature=raw/mechanism=mbm/x_eps=0.001/m=best/norm=false/smoother=hoa/backbone=sage/use_nfr=true/logs/grid_candidate_0306_attempt_1.log,
grid_candidate_0311,grid,grid_candidate_0311,completed,1,0,53.526274,/home/hzw/Rethinking_GNN_DP/paper_experiments/figure3/figure3_pipeline3.yaml/dataset=Books-Children/feature=raw/mechanism=mbm/x_eps=0.001/m=best/norm=false/smoother=hoa/backbone=sage/use_nfr=true/logs/grid_candidate_0311_attempt_1.log,
grid_candidate_0313,grid,grid_candidate_0313,completed,1,0,51.391421,/home/hzw/Rethinking_GNN_DP/paper_experiments/figure3/figure3_pipeline3.yaml/dataset=Books-Children/feature=raw/mechanism=mbm/x_eps=0.001/m=best/norm=false/smoother=hoa/backbone=sage/use_nfr=true/logs/grid_candidate_0313_attempt_1.log,
grid_candidate_0309,grid,grid_candidate_0309,completed,1,0,57.327253,/home/hzw/Rethinking_GNN_DP/paper_experiments/figure3/figure3_pipeline3.yaml/dataset=Books-Children/feature=raw/mechanism=mbm/x_eps=0.001/m=best/norm=false/smoother=hoa/backbone=sage/use_nfr=true/logs/grid_candidate_0309_attempt_1.log,
grid_candidate_0312,grid,grid_candidate_0312,completed,1,0,55.874435,/home/hzw/Rethinking_GNN_DP/paper_experiments/figure3/figure3_pipeline3.yaml/dataset=Books-Children/feature=raw/mechanism=mbm/x_eps=0.001/m=best/norm=false/smoother=hoa/backbone=sage/use_nfr=true/logs/grid_candidate_0312_attempt_1.log,
grid_candidate_0314,grid,grid_candidate_0314,completed,1,0,54.029584,/home/hzw/Rethinking_GNN_DP/paper_experiments/figure3/figure3_pipeline3.yaml/dataset=Books-Children/feature=raw/mechanism=mbm/x_eps=0.001/m=best/norm=false/smoother=hoa/backbone=sage/use_nfr=true/logs/grid_candidate_0314_attempt_1.log,
grid_candidate_0310,grid,grid_candidate_0310,completed,1,0,59.020418,/home/hzw/Rethinking_GNN_DP/paper_experiments/figure3/figure3_pipeline3.yaml/dataset=Books-Children/feature=raw/mechanism=mbm/x_eps=0.001/m=best/norm=false/smoother=hoa/backbone=sage/use_nfr=true/logs/grid_candidate_0310_attempt_1.log,
grid_candidate_0319,grid,grid_candidate_0319,completed,1,0,50.974304,/home/hzw/Rethinking_GNN_DP/paper_experiments/figure3/figure3_pipeline3.yaml/dataset=Books-Children/feature=raw/mechanism=mbm/x_eps=0.001/m=best/norm=false/smoother=hoa/backbone=sage/use_nfr=true/logs/grid_candidate_0319_attempt_1.log,
grid_candidate_0317,grid,grid_candidate_0317,completed,1,0,57.228831,/home/hzw/Rethinking_GNN_DP/paper_experiments/figure3/figure3_pipeline3.yaml/dataset=Books-Children/feature=raw/mechanism=mbm/x_eps=0.001/m=best/norm=false/smoother=hoa/backbone=sage/use_nfr=true/logs/grid_candidate_0317_attempt_1.log,
grid_candidate_0315,grid,grid_candidate_0315,completed,1,0,59.699354,/home/hzw/Rethinking_GNN_DP/paper_experiments/figure3/figure3_pipeline3.yaml/dataset=Books-Children/feature=raw/mechanism=mbm/x_eps=0.001/m=best/norm=false/smoother=hoa/backbone=sage/use_nfr=true/logs/grid_candidate_0315_attempt_1.log,
grid_candidate_0316,grid,grid_candidate_0316,completed,1,0,58.377898,/home/hzw/Rethinking_GNN_DP/paper_experiments/figure3/figure3_pipeline3.yaml/dataset=Books-Children/feature=raw/mechanism=mbm/x_eps=0.001/m=best/norm=false/smoother=hoa/backbone=sage/use_nfr=true/logs/grid_candidate_0316_attempt_1.log,
grid_candidate_0318,grid,grid_candidate_0318,completed,1,0,57.329428,/home/hzw/Rethinking_GNN_DP/paper_experiments/figure3/figure3_pipeline3.yaml/dataset=Books-Children/feature=raw/mechanism=mbm/x_eps=0.001/m=best/norm=false/smoother=hoa/backbone=sage/use_nfr=true/logs/grid_candidate_0318_attempt_1.log,
grid_candidate_0322,grid,grid_candidate_0322,completed,1,0,54.287642,/home/hzw/Rethinking_GNN_DP/paper_experiments/figure3/figure3_pipeline3.yaml/dataset=Books-Children/feature=raw/mechanism=mbm/x_eps=0.001/m=best/norm=false/smoother=hoa/backbone=sage/use_nfr=true/logs/grid_candidate_0322_attempt_1.log,
grid_candidate_0320,grid,grid_candidate_0320,completed,1,0,57.013747,/home/hzw/Rethinking_GNN_DP/paper_experiments/figure3/figure3_pipeline3.yaml/dataset=Books-Children/feature=raw/mechanism=mbm/x_eps=0.001/m=best/norm=false/smoother=hoa/backbone=sage/use_nfr=true/logs/grid_candidate_0320_attempt_1.log,
grid_candidate_0323,grid,grid_candidate_0323,completed,1,0,53.707130,/home/hzw/Rethinking_GNN_DP/paper_experiments/figure3/figure3_pipeline3.yaml/dataset=Books-Children/feature=raw/mechanism=mbm/x_eps=0.001/m=best/norm=false/smoother=hoa/backbone=sage/use_nfr=true/logs/grid_candidate_0323_attempt_1.log,
grid_candidate_0326,grid,grid_candidate_0326,completed,1,0,51.301335,/home/hzw/Rethinking_GNN_DP/paper_experiments/figure3/figure3_pipeline3.yaml/dataset=Books-Children/feature=raw/mechanism=mbm/x_eps=0.001/m=best/norm=false/smoother=hoa/backbone=sage/use_nfr=true/logs/grid_candidate_0326_attempt_1.log,
grid_candidate_0327,grid,grid_candidate_0327,completed,1,0,49.191166,/home/hzw/Rethinking_GNN_DP/paper_experiments/figure3/figure3_pipeline3.yaml/dataset=Books-Children/feature=raw/mechanism=mbm/x_eps=0.001/m=best/norm=false/smoother=hoa/backbone=sage/use_nfr=true/logs/grid_candidate_0327_attempt_1.log,
grid_candidate_0321,grid,grid_candidate_0321,completed,1,0,56.697324,/home/hzw/Rethinking_GNN_DP/paper_experiments/figure3/figure3_pipeline3.yaml/dataset=Books-Children/feature=raw/mechanism=mbm/x_eps=0.001/m=best/norm=false/smoother=hoa/backbone=sage/use_nfr=true/logs/grid_candidate_0321_attempt_1.log,
grid_candidate_0324,grid,grid_candidate_0324,completed,1,0,56.696778,/home/hzw/Rethinking_GNN_DP/paper_experiments/figure3/figure3_pipeline3.yaml/dataset=Books-Children/feature=raw/mechanism=mbm/x_eps=0.001/m=best/norm=false/smoother=hoa/backbone=sage/use_nfr=true/logs/grid_candidate_0324_attempt_1.log,
grid_candidate_0325,grid,grid_candidate_0325,completed,1,0,57.566500,/home/hzw/Rethinking_GNN_DP/paper_experiments/figure3/figure3_pipeline3.yaml/dataset=Books-Children/feature=raw/mechanism=mbm/x_eps=0.001/m=best/norm=false/smoother=hoa/backbone=sage/use_nfr=true/logs/grid_candidate_0325_attempt_1.log,
grid_candidate_0333,grid,grid_candidate_0333,completed,1,0,47.031586,/home/hzw/Rethinking_GNN_DP/paper_experiments/figure3/figure3_pipeline3.yaml/dataset=Books-Children/feature=raw/mechanism=mbm/x_eps=0.001/m=best/norm=false/smoother=hoa/backbone=sage/use_nfr=true/logs/grid_candidate_0333_attempt_1.log,
grid_candidate_0328,grid,grid_candidate_0328,completed,1,0,56.165181,/home/hzw/Rethinking_GNN_DP/paper_experiments/figure3/figure3_pipeline3.yaml/dataset=Books-Children/feature=raw/mechanism=mbm/x_eps=0.001/m=best/norm=false/smoother=hoa/backbone=sage/use_nfr=true/logs/grid_candidate_0328_attempt_1.log,
grid_candidate_0331,grid,grid_candidate_0331,completed,1,0,50.557955,/home/hzw/Rethinking_GNN_DP/paper_experiments/figure3/figure3_pipeline3.yaml/dataset=Books-Children/feature=raw/mechanism=mbm/x_eps=0.001/m=best/norm=false/smoother=hoa/backbone=sage/use_nfr=true/logs/grid_candidate_0331_attempt_1.log,
grid_candidate_0339,grid,grid_candidate_0339,completed,1,0,33.975056,/home/hzw/Rethinking_GNN_DP/paper_experiments/figure3/figure3_pipeline3.yaml/dataset=Books-Children/feature=raw/mechanism=mbm/x_eps=0.001/m=best/norm=false/smoother=hoa/backbone=sage/use_nfr=true/logs/grid_candidate_0339_attempt_1.log,
grid_candidate_0334,grid,grid_candidate_0334,completed,1,0,50.229831,/home/hzw/Rethinking_GNN_DP/paper_experiments/figure3/figure3_pipeline3.yaml/dataset=Books-Children/feature=raw/mechanism=mbm/x_eps=0.001/m=best/norm=false/smoother=hoa/backbone=sage/use_nfr=true/logs/grid_candidate_0334_attempt_1.log,
grid_candidate_0335,grid,grid_candidate_0335,completed,1,0,47.051818,/home/hzw/Rethinking_GNN_DP/paper_experiments/figure3/figure3_pipeline3.yaml/dataset=Books-Children/feature=raw/mechanism=mbm/x_eps=0.001/m=best/norm=false/smoother=hoa/backbone=sage/use_nfr=true/logs/grid_candidate_0335_attempt_1.log,
grid_candidate_0329,grid,grid_candidate_0329,completed,1,0,61.133202,/home/hzw/Rethinking_GNN_DP/paper_experiments/figure3/figure3_pipeline3.yaml/dataset=Books-Children/feature=raw/mechanism=mbm/x_eps=0.001/m=best/norm=false/smoother=hoa/backbone=sage/use_nfr=true/logs/grid_candidate_0329_attempt_1.log,
grid_candidate_0330,grid,grid_candidate_0330,completed,1,0,58.994894,/home/hzw/Rethinking_GNN_DP/paper_experiments/figure3/figure3_pipeline3.yaml/dataset=Books-Children/feature=raw/mechanism=mbm/x_eps=0.001/m=best/norm=false/smoother=hoa/backbone=sage/use_nfr=true/logs/grid_candidate_0330_attempt_1.log,
grid_candidate_0338,grid,grid_candidate_0338,completed,1,0,45.097064,/home/hzw/Rethinking_GNN_DP/paper_experiments/figure3/figure3_pipeline3.yaml/dataset=Books-Children/feature=raw/mechanism=mbm/x_eps=0.001/m=best/norm=false/smoother=hoa/backbone=sage/use_nfr=true/logs/grid_candidate_0338_attempt_1.log,
grid_candidate_0332,grid,grid_candidate_0332,completed,1,0,57.738702,/home/hzw/Rethinking_GNN_DP/paper_experiments/figure3/figure3_pipeline3.yaml/dataset=Books-Children/feature=raw/mechanism=mbm/x_eps=0.001/m=best/norm=false/smoother=hoa/backbone=sage/use_nfr=true/logs/grid_candidate_0332_attempt_1.log,
grid_candidate_0337,grid,grid_candidate_0337,completed,1,0,45.658648,/home/hzw/Rethinking_GNN_DP/paper_experiments/figure3/figure3_pipeline3.yaml/dataset=Books-Children/feature=raw/mechanism=mbm/x_eps=0.001/m=best/norm=false/smoother=hoa/backbone=sage/use_nfr=true/logs/grid_candidate_0337_attempt_1.log,
grid_candidate_0336,grid,grid_candidate_0336,completed,1,0,47.758151,/home/hzw/Rethinking_GNN_DP/paper_experiments/figure3/figure3_pipeline3.yaml/dataset=Books-Children/feature=raw/mechanism=mbm/x_eps=0.001/m=best/norm=false/smoother=hoa/backbone=sage/use_nfr=true/logs/grid_candidate_0336_attempt_1.log,
grid_candidate_0342,grid,grid_candidate_0342,completed,1,0,44.934800,/home/hzw/Rethinking_GNN_DP/paper_experiments/figure3/figure3_pipeline3.yaml/dataset=Books-Children/feature=raw/mechanism=mbm/x_eps=0.001/m=best/norm=false/smoother=hoa/backbone=sage/use_nfr=true/logs/grid_candidate_0342_attempt_1.log,
grid_candidate_0340,grid,grid_candidate_0340,completed,1,0,48.462573,/home/hzw/Rethinking_GNN_DP/paper_experiments/figure3/figure3_pipeline3.yaml/dataset=Books-Children/feature=raw/mechanism=mbm/x_eps=0.001/m=best/norm=false/smoother=hoa/backbone=sage/use_nfr=true/logs/grid_candidate_0340_attempt_1.log,
grid_candidate_0343,grid,grid_candidate_0343,completed,1,0,46.963511,/home/hzw/Rethinking_GNN_DP/paper_experiments/figure3/figure3_pipeline3.yaml/dataset=Books-Children/feature=raw/mechanism=mbm/x_eps=0.001/m=best/norm=false/smoother=hoa/backbone=sage/use_nfr=true/logs/grid_candidate_0343_attempt_1.log,
grid_candidate_0347,grid,grid_candidate_0347,completed,1,0,43.329775,/home/hzw/Rethinking_GNN_DP/paper_experiments/figure3/figure3_pipeline3.yaml/dataset=Books-Children/feature=raw/mechanism=mbm/x_eps=0.001/m=best/norm=false/smoother=hoa/backbone=sage/use_nfr=true/logs/grid_candidate_0347_attempt_1.log,
grid_candidate_0344,grid,grid_candidate_0344,completed,1,0,46.656531,/home/hzw/Rethinking_GNN_DP/paper_experiments/figure3/figure3_pipeline3.yaml/dataset=Books-Children/feature=raw/mechanism=mbm/x_eps=0.001/m=best/norm=false/smoother=hoa/backbone=sage/use_nfr=true/logs/grid_candidate_0344_attempt_1.log,
grid_candidate_0345,grid,grid_candidate_0345,completed,1,0,47.507600,/home/hzw/Rethinking_GNN_DP/paper_experiments/figure3/figure3_pipeline3.yaml/dataset=Books-Children/feature=raw/mechanism=mbm/x_eps=0.001/m=best/norm=false/smoother=hoa/backbone=sage/use_nfr=true/logs/grid_candidate_0345_attempt_1.log,
grid_candidate_0341,grid,grid_candidate_0341,completed,1,0,50.940510,/home/hzw/Rethinking_GNN_DP/paper_experiments/figure3/figure3_pipeline3.yaml/dataset=Books-Children/feature=raw/mechanism=mbm/x_eps=0.001/m=best/norm=false/smoother=hoa/backbone=sage/use_nfr=true/logs/grid_candidate_0341_attempt_1.log,
grid_candidate_0350,grid,grid_candidate_0350,completed,1,0,43.094475,/home/hzw/Rethinking_GNN_DP/paper_experiments/figure3/figure3_pipeline3.yaml/dataset=Books-Children/feature=raw/mechanism=mbm/x_eps=0.001/m=best/norm=false/smoother=hoa/backbone=sage/use_nfr=true/logs/grid_candidate_0350_attempt_1.log,
grid_candidate_0348,grid,grid_candidate_0348,completed,1,0,46.069162,/home/hzw/Rethinking_GNN_DP/paper_experiments/figure3/figure3_pipeline3.yaml/dataset=Books-Children/feature=raw/mechanism=mbm/x_eps=0.001/m=best/norm=false/smoother=hoa/backbone=sage/use_nfr=true/logs/grid_candidate_0348_attempt_1.log,
grid_candidate_0351,grid,grid_candidate_0351,completed,1,0,43.704466,/home/hzw/Rethinking_GNN_DP/paper_experiments/figure3/figure3_pipeline3.yaml/dataset=Books-Children/feature=raw/mechanism=mbm/x_eps=0.001/m=best/norm=false/smoother=hoa/backbone=sage/use_nfr=true/logs/grid_candidate_0351_attempt_1.log,
grid_candidate_0353,grid,grid_candidate_0353,completed,1,0,41.110411,/home/hzw/Rethinking_GNN_DP/paper_experiments/figure3/figure3_pipeline3.yaml/dataset=Books-Children/feature=raw/mechanism=mbm/x_eps=0.001/m=best/norm=false/smoother=hoa/backbone=sage/use_nfr=true/logs/grid_candidate_0353_attempt_1.log,
grid_candidate_0346,grid,grid_candidate_0346,completed,1,0,51.101596,/home/hzw/Rethinking_GNN_DP/paper_experiments/figure3/figure3_pipeline3.yaml/dataset=Books-Children/feature=raw/mechanism=mbm/x_eps=0.001/m=best/norm=false/smoother=hoa/backbone=sage/use_nfr=true/logs/grid_candidate_0346_attempt_1.log,
grid_candidate_0349,grid,grid_candidate_0349,completed,1,0,48.668914,/home/hzw/Rethinking_GNN_DP/paper_experiments/figure3/figure3_pipeline3.yaml/dataset=Books-Children/feature=raw/mechanism=mbm/x_eps=0.001/m=best/norm=false/smoother=hoa/backbone=sage/use_nfr=true/logs/grid_candidate_0349_attempt_1.log,
grid_candidate_0354,grid,grid_candidate_0354,completed,1,0,44.652988,/home/hzw/Rethinking_GNN_DP/paper_experiments/figure3/figure3_pipeline3.yaml/dataset=Books-Children/feature=raw/mechanism=mbm/x_eps=0.001/m=best/norm=false/smoother=hoa/backbone=sage/use_nfr=true/logs/grid_candidate_0354_attempt_1.log,
grid_candidate_0355,grid,grid_candidate_0355,completed,1,0,43.605794,/home/hzw/Rethinking_GNN_DP/paper_experiments/figure3/figure3_pipeline3.yaml/dataset=Books-Children/feature=raw/mechanism=mbm/x_eps=0.001/m=best/norm=false/smoother=hoa/backbone=sage/use_nfr=true/logs/grid_candidate_0355_attempt_1.log,
grid_candidate_0356,grid,grid_candidate_0356,completed,1,0,42.869024,/home/hzw/Rethinking_GNN_DP/paper_experiments/figure3/figure3_pipeline3.yaml/dataset=Books-Children/feature=raw/mechanism=mbm/x_eps=0.001/m=best/norm=false/smoother=hoa/backbone=sage/use_nfr=true/logs/grid_candidate_0356_attempt_1.log,
grid_candidate_0361,grid,grid_candidate_0361,completed,1,0,41.235220,/home/hzw/Rethinking_GNN_DP/paper_experiments/figure3/figure3_pipeline3.yaml/dataset=Books-Children/feature=raw/mechanism=mbm/x_eps=0.001/m=best/norm=false/smoother=hoa/backbone=sage/use_nfr=true/logs/grid_candidate_0361_attempt_1.log,
grid_candidate_0352,grid,grid_candidate_0352,completed,1,0,51.691789,/home/hzw/Rethinking_GNN_DP/paper_experiments/figure3/figure3_pipeline3.yaml/dataset=Books-Children/feature=raw/mechanism=mbm/x_eps=0.001/m=best/norm=false/smoother=hoa/backbone=sage/use_nfr=true/logs/grid_candidate_0352_attempt_1.log,
grid_candidate_0362,grid,grid_candidate_0362,completed,1,0,43.088763,/home/hzw/Rethinking_GNN_DP/paper_experiments/figure3/figure3_pipeline3.yaml/dataset=Books-Children/feature=raw/mechanism=mbm/x_eps=0.001/m=best/norm=false/smoother=hoa/backbone=sage/use_nfr=true/logs/grid_candidate_0362_attempt_1.log,
grid_candidate_0358,grid,grid_candidate_0358,completed,1,0,46.933649,/home/hzw/Rethinking_GNN_DP/paper_experiments/figure3/figure3_pipeline3.yaml/dataset=Books-Children/feature=raw/mechanism=mbm/x_eps=0.001/m=best/norm=false/smoother=hoa/backbone=sage/use_nfr=true/logs/grid_candidate_0358_attempt_1.log,
grid_candidate_0366,grid,grid_candidate_0366,completed,1,0,37.978849,/home/hzw/Rethinking_GNN_DP/paper_experiments/figure3/figure3_pipeline3.yaml/dataset=Books-Children/feature=raw/mechanism=mbm/x_eps=0.001/m=best/norm=false/smoother=hoa/backbone=sage/use_nfr=true/logs/grid_candidate_0366_attempt_1.log,
grid_candidate_0368,grid,grid_candidate_0368,completed,1,0,34.786886,/home/hzw/Rethinking_GNN_DP/paper_experiments/figure3/figure3_pipeline3.yaml/dataset=Books-Children/feature=raw/mechanism=mbm/x_eps=0.001/m=best/norm=false/smoother=hoa/backbone=sage/use_nfr=true/logs/grid_candidate_0368_attempt_1.log,
grid_candidate_0359,grid,grid_candidate_0359,completed,1,0,48.027401,/home/hzw/Rethinking_GNN_DP/paper_experiments/figure3/figure3_pipeline3.yaml/dataset=Books-Children/feature=raw/mechanism=mbm/x_eps=0.001/m=best/norm=false/smoother=hoa/backbone=sage/use_nfr=true/logs/grid_candidate_0359_attempt_1.log,
grid_candidate_0364,grid,grid_candidate_0364,completed,1,0,41.461188,/home/hzw/Rethinking_GNN_DP/paper_experiments/figure3/figure3_pipeline3.yaml/dataset=Books-Children/feature=raw/mechanism=mbm/x_eps=0.001/m=best/norm=false/smoother=hoa/backbone=sage/use_nfr=true/logs/grid_candidate_0364_attempt_1.log,
grid_candidate_0363,grid,grid_candidate_0363,completed,1,0,44.622972,/home/hzw/Rethinking_GNN_DP/paper_experiments/figure3/figure3_pipeline3.yaml/dataset=Books-Children/feature=raw/mechanism=mbm/x_eps=0.001/m=best/norm=false/smoother=hoa/backbone=sage/use_nfr=true/logs/grid_candidate_0363_attempt_1.log,
grid_candidate_0357,grid,grid_candidate_0357,completed,1,0,50.959453,/home/hzw/Rethinking_GNN_DP/paper_experiments/figure3/figure3_pipeline3.yaml/dataset=Books-Children/feature=raw/mechanism=mbm/x_eps=0.001/m=best/norm=false/smoother=hoa/backbone=sage/use_nfr=true/logs/grid_candidate_0357_attempt_1.log,
grid_candidate_0360,grid,grid_candidate_0360,completed,1,0,52.117164,/home/hzw/Rethinking_GNN_DP/paper_experiments/figure3/figure3_pipeline3.yaml/dataset=Books-Children/feature=raw/mechanism=mbm/x_eps=0.001/m=best/norm=false/smoother=hoa/backbone=sage/use_nfr=true/logs/grid_candidate_0360_attempt_1.log,
grid_candidate_0367,grid,grid_candidate_0367,completed,1,0,41.274051,/home/hzw/Rethinking_GNN_DP/paper_experiments/figure3/figure3_pipeline3.yaml/dataset=Books-Children/feature=raw/mechanism=mbm/x_eps=0.001/m=best/norm=false/smoother=hoa/backbone=sage/use_nfr=true/logs/grid_candidate_0367_attempt_1.log,
grid_candidate_0365,grid,grid_candidate_0365,completed,1,0,48.073206,/home/hzw/Rethinking_GNN_DP/paper_experiments/figure3/figure3_pipeline3.yaml/dataset=Books-Children/feature=raw/mechanism=mbm/x_eps=0.001/m=best/norm=false/smoother=hoa/backbone=sage/use_nfr=true/logs/grid_candidate_0365_attempt_1.log,
grid_candidate_0369,grid,grid_candidate_0369,completed,1,0,42.739246,/home/hzw/Rethinking_GNN_DP/paper_experiments/figure3/figure3_pipeline3.yaml/dataset=Books-Children/feature=raw/mechanism=mbm/x_eps=0.001/m=best/norm=false/smoother=hoa/backbone=sage/use_nfr=true/logs/grid_candidate_0369_attempt_1.log,
grid_candidate_0373,grid,grid_candidate_0373,completed,1,0,42.127379,/home/hzw/Rethinking_GNN_DP/paper_experiments/figure3/figure3_pipeline3.yaml/dataset=Books-Children/feature=raw/mechanism=mbm/x_eps=0.001/m=best/norm=false/smoother=hoa/backbone=sage/use_nfr=true/logs/grid_candidate_0373_attempt_1.log,
grid_candidate_0377,grid,grid_candidate_0377,completed,1,0,29.590245,/home/hzw/Rethinking_GNN_DP/paper_experiments/figure3/figure3_pipeline3.yaml/dataset=Books-Children/feature=raw/mechanism=mbm/x_eps=0.001/m=best/norm=false/smoother=hoa/backbone=sage/use_nfr=true/logs/grid_candidate_0377_attempt_1.log,
grid_candidate_0374,grid,grid_candidate_0374,completed,1,0,43.664957,/home/hzw/Rethinking_GNN_DP/paper_experiments/figure3/figure3_pipeline3.yaml/dataset=Books-Children/feature=raw/mechanism=mbm/x_eps=0.001/m=best/norm=false/smoother=hoa/backbone=sage/use_nfr=true/logs/grid_candidate_0374_attempt_1.log,
grid_candidate_0371,grid,grid_candidate_0371,completed,1,0,45.794462,/home/hzw/Rethinking_GNN_DP/paper_experiments/figure3/figure3_pipeline3.yaml/dataset=Books-Children/feature=raw/mechanism=mbm/x_eps=0.001/m=best/norm=false/smoother=hoa/backbone=sage/use_nfr=true/logs/grid_candidate_0371_attempt_1.log,
grid_candidate_0372,grid,grid_candidate_0372,completed,1,0,44.968022,/home/hzw/Rethinking_GNN_DP/paper_experiments/figure3/figure3_pipeline3.yaml/dataset=Books-Children/feature=raw/mechanism=mbm/x_eps=0.001/m=best/norm=false/smoother=hoa/backbone=sage/use_nfr=true/logs/grid_candidate_0372_attempt_1.log,
grid_candidate_0375,grid,grid_candidate_0375,completed,1,0,48.176586,/home/hzw/Rethinking_GNN_DP/paper_experiments/figure3/figure3_pipeline3.yaml/dataset=Books-Children/feature=raw/mechanism=mbm/x_eps=0.001/m=best/norm=false/smoother=hoa/backbone=sage/use_nfr=true/logs/grid_candidate_0375_attempt_1.log,
grid_candidate_0370,grid,grid_candidate_0370,completed,1,0,50.864410,/home/hzw/Rethinking_GNN_DP/paper_experiments/figure3/figure3_pipeline3.yaml/dataset=Books-Children/feature=raw/mechanism=mbm/x_eps=0.001/m=best/norm=false/smoother=hoa/backbone=sage/use_nfr=true/logs/grid_candidate_0370_attempt_1.log,
grid_candidate_0376,grid,grid_candidate_0376,completed,1,0,44.915572,/home/hzw/Rethinking_GNN_DP/paper_experiments/figure3/figure3_pipeline3.yaml/dataset=Books-Children/feature=raw/mechanism=mbm/x_eps=0.001/m=best/norm=false/smoother=hoa/backbone=sage/use_nfr=true/logs/grid_candidate_0376_attempt_1.log,
grid_candidate_0379,grid,grid_candidate_0379,completed,1,0,45.665900,/home/hzw/Rethinking_GNN_DP/paper_experiments/figure3/figure3_pipeline3.yaml/dataset=Books-Children/feature=raw/mechanism=mbm/x_eps=0.001/m=best/norm=false/smoother=hoa/backbone=sage/use_nfr=true/logs/grid_candidate_0379_attempt_1.log,
grid_candidate_0393,grid,grid_candidate_0393,completed,1,0,34.658870,/home/hzw/Rethinking_GNN_DP/paper_experiments/figure3/figure3_pipeline3.yaml/dataset=Books-Children/feature=raw/mechanism=mbm/x_eps=0.001/m=best/norm=false/smoother=hoa/backbone=sage/use_nfr=true/logs/grid_candidate_0393_attempt_1.log,
grid_candidate_0383,grid,grid_candidate_0383,completed,1,0,47.704539,/home/hzw/Rethinking_GNN_DP/paper_experiments/figure3/figure3_pipeline3.yaml/dataset=Books-Children/feature=raw/mechanism=mbm/x_eps=0.001/m=best/norm=false/smoother=hoa/backbone=sage/use_nfr=true/logs/grid_candidate_0383_attempt_1.log,
grid_candidate_0381,grid,grid_candidate_0381,completed,1,0,49.105877,/home/hzw/Rethinking_GNN_DP/paper_experiments/figure3/figure3_pipeline3.yaml/dataset=Books-Children/feature=raw/mechanism=mbm/x_eps=0.001/m=best/norm=false/smoother=hoa/backbone=sage/use_nfr=true/logs/grid_candidate_0381_attempt_1.log,
grid_candidate_0378,grid,grid_candidate_0378,completed,1,0,51.148703,/home/hzw/Rethinking_GNN_DP/paper_experiments/figure3/figure3_pipeline3.yaml/dataset=Books-Children/feature=raw/mechanism=mbm/x_eps=0.001/m=best/norm=false/smoother=hoa/backbone=sage/use_nfr=true/logs/grid_candidate_0378_attempt_1.log,
grid_candidate_0382,grid,grid_candidate_0382,completed,1,0,49.249438,/home/hzw/Rethinking_GNN_DP/paper_experiments/figure3/figure3_pipeline3.yaml/dataset=Books-Children/feature=raw/mechanism=mbm/x_eps=0.001/m=best/norm=false/smoother=hoa/backbone=sage/use_nfr=true/logs/grid_candidate_0382_attempt_1.log,
grid_candidate_0386,grid,grid_candidate_0386,completed,1,0,46.440865,/home/hzw/Rethinking_GNN_DP/paper_experiments/figure3/figure3_pipeline3.yaml/dataset=Books-Children/feature=raw/mechanism=mbm/x_eps=0.001/m=best/norm=false/smoother=hoa/backbone=sage/use_nfr=true/logs/grid_candidate_0386_attempt_1.log,
grid_candidate_0384,grid,grid_candidate_0384,completed,1,0,49.926258,/home/hzw/Rethinking_GNN_DP/paper_experiments/figure3/figure3_pipeline3.yaml/dataset=Books-Children/feature=raw/mechanism=mbm/x_eps=0.001/m=best/norm=false/smoother=hoa/backbone=sage/use_nfr=true/logs/grid_candidate_0384_attempt_1.log,
grid_candidate_0397,grid,grid_candidate_0397,completed,1,0,36.085325,/home/hzw/Rethinking_GNN_DP/paper_experiments/figure3/figure3_pipeline3.yaml/dataset=Books-Children/feature=raw/mechanism=mbm/x_eps=0.001/m=best/norm=false/smoother=hoa/backbone=sage/use_nfr=true/logs/grid_candidate_0397_attempt_1.log,
grid_candidate_0398,grid,grid_candidate_0398,completed,1,0,35.967592,/home/hzw/Rethinking_GNN_DP/paper_experiments/figure3/figure3_pipeline3.yaml/dataset=Books-Children/feature=raw/mechanism=mbm/x_eps=0.001/m=best/norm=false/smoother=hoa/backbone=sage/use_nfr=true/logs/grid_candidate_0398_attempt_1.log,
grid_candidate_0387,grid,grid_candidate_0387,completed,1,0,49.063216,/home/hzw/Rethinking_GNN_DP/paper_experiments/figure3/figure3_pipeline3.yaml/dataset=Books-Children/feature=raw/mechanism=mbm/x_eps=0.001/m=best/norm=false/smoother=hoa/backbone=sage/use_nfr=true/logs/grid_candidate_0387_attempt_1.log,
grid_candidate_0392,grid,grid_candidate_0392,completed,1,0,46.879649,/home/hzw/Rethinking_GNN_DP/paper_experiments/figure3/figure3_pipeline3.yaml/dataset=Books-Children/feature=raw/mechanism=mbm/x_eps=0.001/m=best/norm=false/smoother=hoa/backbone=sage/use_nfr=true/logs/grid_candidate_0392_attempt_1.log,
grid_candidate_0395,grid,grid_candidate_0395,completed,1,0,43.711073,/home/hzw/Rethinking_GNN_DP/paper_experiments/figure3/figure3_pipeline3.yaml/dataset=Books-Children/feature=raw/mechanism=mbm/x_eps=0.001/m=best/norm=false/smoother=hoa/backbone=sage/use_nfr=true/logs/grid_candidate_0395_attempt_1.log,
grid_candidate_0389,grid,grid_candidate_0389,completed,1,0,52.626567,/home/hzw/Rethinking_GNN_DP/paper_experiments/figure3/figure3_pipeline3.yaml/dataset=Books-Children/feature=raw/mechanism=mbm/x_eps=0.001/m=best/norm=false/smoother=hoa/backbone=sage/use_nfr=true/logs/grid_candidate_0389_attempt_1.log,
grid_candidate_0380,grid,grid_candidate_0380,completed,1,0,61.298547,/home/hzw/Rethinking_GNN_DP/paper_experiments/figure3/figure3_pipeline3.yaml/dataset=Books-Children/feature=raw/mechanism=mbm/x_eps=0.001/m=best/norm=false/smoother=hoa/backbone=sage/use_nfr=true/logs/grid_candidate_0380_attempt_1.log,
grid_candidate_0385,grid,grid_candidate_0385,completed,1,0,58.511409,/home/hzw/Rethinking_GNN_DP/paper_experiments/figure3/figure3_pipeline3.yaml/dataset=Books-Children/feature=raw/mechanism=mbm/x_eps=0.001/m=best/norm=false/smoother=hoa/backbone=sage/use_nfr=true/logs/grid_candidate_0385_attempt_1.log,
grid_candidate_0391,grid,grid_candidate_0391,completed,1,0,51.185819,/home/hzw/Rethinking_GNN_DP/paper_experiments/figure3/figure3_pipeline3.yaml/dataset=Books-Children/feature=raw/mechanism=mbm/x_eps=0.001/m=best/norm=false/smoother=hoa/backbone=sage/use_nfr=true/logs/grid_candidate_0391_attempt_1.log,
grid_candidate_0390,grid,grid_candidate_0390,completed,1,0,53.987501,/home/hzw/Rethinking_GNN_DP/paper_experiments/figure3/figure3_pipeline3.yaml/dataset=Books-Children/feature=raw/mechanism=mbm/x_eps=0.001/m=best/norm=false/smoother=hoa/backbone=sage/use_nfr=true/logs/grid_candidate_0390_attempt_1.log,
grid_candidate_0388,grid,grid_candidate_0388,completed,1,0,58.197536,/home/hzw/Rethinking_GNN_DP/paper_experiments/figure3/figure3_pipeline3.yaml/dataset=Books-Children/feature=raw/mechanism=mbm/x_eps=0.001/m=best/norm=false/smoother=hoa/backbone=sage/use_nfr=true/logs/grid_candidate_0388_attempt_1.log,
grid_candidate_0394,grid,grid_candidate_0394,completed,1,0,50.001411,/home/hzw/Rethinking_GNN_DP/paper_experiments/figure3/figure3_pipeline3.yaml/dataset=Books-Children/feature=raw/mechanism=mbm/x_eps=0.001/m=best/norm=false/smoother=hoa/backbone=sage/use_nfr=true/logs/grid_candidate_0394_attempt_1.log,
grid_candidate_0396,grid,grid_candidate_0396,completed,1,0,49.928705,/home/hzw/Rethinking_GNN_DP/paper_experiments/figure3/figure3_pipeline3.yaml/dataset=Books-Children/feature=raw/mechanism=mbm/x_eps=0.001/m=best/norm=false/smoother=hoa/backbone=sage/use_nfr=true/logs/grid_candidate_0396_attempt_1.log,
grid_candidate_0399,grid,grid_candidate_0399,completed,1,0,48.925401,/home/hzw/Rethinking_GNN_DP/paper_experiments/figure3/figure3_pipeline3.yaml/dataset=Books-Children/feature=raw/mechanism=mbm/x_eps=0.001/m=best/norm=false/smoother=hoa/backbone=sage/use_nfr=true/logs/grid_candidate_0399_attempt_1.log,
grid_candidate_0401,grid,grid_candidate_0401,completed,1,0,48.377945,/home/hzw/Rethinking_GNN_DP/paper_experiments/figure3/figure3_pipeline3.yaml/dataset=Books-Children/feature=raw/mechanism=mbm/x_eps=0.001/m=best/norm=false/smoother=hoa/backbone=sage/use_nfr=true/logs/grid_candidate_0401_attempt_1.log,
grid_candidate_0403,grid,grid_candidate_0403,completed,1,0,47.499329,/home/hzw/Rethinking_GNN_DP/paper_experiments/figure3/figure3_pipeline3.yaml/dataset=Books-Children/feature=raw/mechanism=mbm/x_eps=0.001/m=best/norm=false/smoother=hoa/backbone=sage/use_nfr=true/logs/grid_candidate_0403_attempt_1.log,
grid_candidate_0402,grid,grid_candidate_0402,completed,1,0,48.130618,/home/hzw/Rethinking_GNN_DP/paper_experiments/figure3/figure3_pipeline3.yaml/dataset=Books-Children/feature=raw/mechanism=mbm/x_eps=0.001/m=best/norm=false/smoother=hoa/backbone=sage/use_nfr=true/logs/grid_candidate_0402_attempt_1.log,
grid_candidate_0400,grid,grid_candidate_0400,completed,1,0,53.052966,/home/hzw/Rethinking_GNN_DP/paper_experiments/figure3/figure3_pipeline3.yaml/dataset=Books-Children/feature=raw/mechanism=mbm/x_eps=0.001/m=best/norm=false/smoother=hoa/backbone=sage/use_nfr=true/logs/grid_candidate_0400_attempt_1.log,
grid_candidate_0407,grid,grid_candidate_0407,completed,1,0,45.539394,/home/hzw/Rethinking_GNN_DP/paper_experiments/figure3/figure3_pipeline3.yaml/dataset=Books-Children/feature=raw/mechanism=mbm/x_eps=0.001/m=best/norm=false/smoother=hoa/backbone=sage/use_nfr=true/logs/grid_candidate_0407_attempt_1.log,
grid_candidate_0413,grid,grid_candidate_0413,completed,1,0,32.687805,/home/hzw/Rethinking_GNN_DP/paper_experiments/figure3/figure3_pipeline3.yaml/dataset=Books-Children/feature=raw/mechanism=mbm/x_eps=0.001/m=best/norm=false/smoother=hoa/backbone=sage/use_nfr=true/logs/grid_candidate_0413_attempt_1.log,
grid_candidate_0414,grid,grid_candidate_0414,completed,1,0,30.064879,/home/hzw/Rethinking_GNN_DP/paper_experiments/figure3/figure3_pipeline3.yaml/dataset=Books-Children/feature=raw/mechanism=mbm/x_eps=0.001/m=best/norm=false/smoother=hoa/backbone=sage/use_nfr=true/logs/grid_candidate_0414_attempt_1.log,
grid_candidate_0408,grid,grid_candidate_0408,completed,1,0,47.781945,/home/hzw/Rethinking_GNN_DP/paper_experiments/figure3/figure3_pipeline3.yaml/dataset=Books-Children/feature=raw/mechanism=mbm/x_eps=0.001/m=best/norm=false/smoother=hoa/backbone=sage/use_nfr=true/logs/grid_candidate_0408_attempt_1.log,
grid_candidate_0405,grid,grid_candidate_0405,completed,1,0,54.018103,/home/hzw/Rethinking_GNN_DP/paper_experiments/figure3/figure3_pipeline3.yaml/dataset=Books-Children/feature=raw/mechanism=mbm/x_eps=0.001/m=best/norm=false/smoother=hoa/backbone=sage/use_nfr=true/logs/grid_candidate_0405_attempt_1.log,
grid_candidate_0406,grid,grid_candidate_0406,completed,1,0,51.765896,/home/hzw/Rethinking_GNN_DP/paper_experiments/figure3/figure3_pipeline3.yaml/dataset=Books-Children/feature=raw/mechanism=mbm/x_eps=0.001/m=best/norm=false/smoother=hoa/backbone=sage/use_nfr=true/logs/grid_candidate_0406_attempt_1.log,
grid_candidate_0411,grid,grid_candidate_0411,completed,1,0,47.862520,/home/hzw/Rethinking_GNN_DP/paper_experiments/figure3/figure3_pipeline3.yaml/dataset=Books-Children/feature=raw/mechanism=mbm/x_eps=0.001/m=best/norm=false/smoother=hoa/backbone=sage/use_nfr=true/logs/grid_candidate_0411_attempt_1.log,
grid_candidate_0409,grid,grid_candidate_0409,completed,1,0,52.165256,/home/hzw/Rethinking_GNN_DP/paper_experiments/figure3/figure3_pipeline3.yaml/dataset=Books-Children/feature=raw/mechanism=mbm/x_eps=0.001/m=best/norm=false/smoother=hoa/backbone=sage/use_nfr=true/logs/grid_candidate_0409_attempt_1.log,
grid_candidate_0416,grid,grid_candidate_0416,completed,1,0,33.052615,/home/hzw/Rethinking_GNN_DP/paper_experiments/figure3/figure3_pipeline3.yaml/dataset=Books-Children/feature=raw/mechanism=mbm/x_eps=0.001/m=best/norm=false/smoother=hoa/backbone=sage/use_nfr=true/logs/grid_candidate_0416_attempt_1.log,
grid_candidate_0412,grid,grid_candidate_0412,completed,1,0,47.749129,/home/hzw/Rethinking_GNN_DP/paper_experiments/figure3/figure3_pipeline3.yaml/dataset=Books-Children/feature=raw/mechanism=mbm/x_eps=0.001/m=best/norm=false/smoother=hoa/backbone=sage/use_nfr=true/logs/grid_candidate_0412_attempt_1.log,
grid_candidate_0404,grid,grid_candidate_0404,completed,1,0,58.012480,/home/hzw/Rethinking_GNN_DP/paper_experiments/figure3/figure3_pipeline3.yaml/dataset=Books-Children/feature=raw/mechanism=mbm/x_eps=0.001/m=best/norm=false/smoother=hoa/backbone=sage/use_nfr=true/logs/grid_candidate_0404_attempt_1.log,
grid_candidate_0417,grid,grid_candidate_0417,completed,1,0,34.949544,/home/hzw/Rethinking_GNN_DP/paper_experiments/figure3/figure3_pipeline3.yaml/dataset=Books-Children/feature=raw/mechanism=mbm/x_eps=0.001/m=best/norm=false/smoother=hoa/backbone=sage/use_nfr=true/logs/grid_candidate_0417_attempt_1.log,
grid_candidate_0410,grid,grid_candidate_0410,completed,1,0,55.303568,/home/hzw/Rethinking_GNN_DP/paper_experiments/figure3/figure3_pipeline3.yaml/dataset=Books-Children/feature=raw/mechanism=mbm/x_eps=0.001/m=best/norm=false/smoother=hoa/backbone=sage/use_nfr=true/logs/grid_candidate_0410_attempt_1.log,
grid_candidate_0418,grid,grid_candidate_0418,completed,1,0,37.927681,/home/hzw/Rethinking_GNN_DP/paper_experiments/figure3/figure3_pipeline3.yaml/dataset=Books-Children/feature=raw/mechanism=mbm/x_eps=0.001/m=best/norm=false/smoother=hoa/backbone=sage/use_nfr=true/logs/grid_candidate_0418_attempt_1.log,
grid_candidate_0420,grid,grid_candidate_0420,completed,1,0,42.614609,/home/hzw/Rethinking_GNN_DP/paper_experiments/figure3/figure3_pipeline3.yaml/dataset=Books-Children/feature=raw/mechanism=mbm/x_eps=0.001/m=best/norm=false/smoother=hoa/backbone=sage/use_nfr=true/logs/grid_candidate_0420_attempt_1.log,
grid_candidate_0419,grid,grid_candidate_0419,completed,1,0,43.930059,/home/hzw/Rethinking_GNN_DP/paper_experiments/figure3/figure3_pipeline3.yaml/dataset=Books-Children/feature=raw/mechanism=mbm/x_eps=0.001/m=best/norm=false/smoother=hoa/backbone=sage/use_nfr=true/logs/grid_candidate_0419_attempt_1.log,
grid_candidate_0422,grid,grid_candidate_0422,completed,1,0,42.345456,/home/hzw/Rethinking_GNN_DP/paper_experiments/figure3/figure3_pipeline3.yaml/dataset=Books-Children/feature=raw/mechanism=mbm/x_eps=0.001/m=best/norm=false/smoother=hoa/backbone=sage/use_nfr=true/logs/grid_candidate_0422_attempt_1.log,
grid_candidate_0421,grid,grid_candidate_0421,completed,1,0,43.475409,/home/hzw/Rethinking_GNN_DP/paper_experiments/figure3/figure3_pipeline3.yaml/dataset=Books-Children/feature=raw/mechanism=mbm/x_eps=0.001/m=best/norm=false/smoother=hoa/backbone=sage/use_nfr=true/logs/grid_candidate_0421_attempt_1.log,
grid_candidate_0423,grid,grid_candidate_0423,completed,1,0,42.832356,/home/hzw/Rethinking_GNN_DP/paper_experiments/figure3/figure3_pipeline3.yaml/dataset=Books-Children/feature=raw/mechanism=mbm/x_eps=0.001/m=best/norm=false/smoother=hoa/backbone=sage/use_nfr=true/logs/grid_candidate_0423_attempt_1.log,
grid_candidate_0424,grid,grid_candidate_0424,completed,1,0,46.803053,/home/hzw/Rethinking_GNN_DP/paper_experiments/figure3/figure3_pipeline3.yaml/dataset=Books-Children/feature=raw/mechanism=mbm/x_eps=0.001/m=best/norm=false/smoother=hoa/backbone=sage/use_nfr=true/logs/grid_candidate_0424_attempt_1.log,
grid_candidate_0425,grid,grid_candidate_0425,completed,1,0,43.828167,/home/hzw/Rethinking_GNN_DP/paper_experiments/figure3/figure3_pipeline3.yaml/dataset=Books-Children/feature=raw/mechanism=mbm/x_eps=0.001/m=best/norm=false/smoother=hoa/backbone=sage/use_nfr=true/logs/grid_candidate_0425_attempt_1.log,
grid_candidate_0415,grid,grid_candidate_0415,completed,1,0,55.192866,/home/hzw/Rethinking_GNN_DP/paper_experiments/figure3/figure3_pipeline3.yaml/dataset=Books-Children/feature=raw/mechanism=mbm/x_eps=0.001/m=best/norm=false/smoother=hoa/backbone=sage/use_nfr=true/logs/grid_candidate_0415_attempt_1.log,
grid_candidate_0426,grid,grid_candidate_0426,completed,1,0,45.563629,/home/hzw/Rethinking_GNN_DP/paper_experiments/figure3/figure3_pipeline3.yaml/dataset=Books-Children/feature=raw/mechanism=mbm/x_eps=0.001/m=best/norm=false/smoother=hoa/backbone=sage/use_nfr=true/logs/grid_candidate_0426_attempt_1.log,
grid_candidate_0428,grid,grid_candidate_0428,completed,1,0,44.377561,/home/hzw/Rethinking_GNN_DP/paper_experiments/figure3/figure3_pipeline3.yaml/dataset=Books-Children/feature=raw/mechanism=mbm/x_eps=0.001/m=best/norm=false/smoother=hoa/backbone=sage/use_nfr=true/logs/grid_candidate_0428_attempt_1.log,
grid_candidate_0429,grid,grid_candidate_0429,completed,1,0,44.095341,/home/hzw/Rethinking_GNN_DP/paper_experiments/figure3/figure3_pipeline3.yaml/dataset=Books-Children/feature=raw/mechanism=mbm/x_eps=0.001/m=best/norm=false/smoother=hoa/backbone=sage/use_nfr=true/logs/grid_candidate_0429_attempt_1.log,
grid_candidate_0433,grid,grid_candidate_0433,completed,1,0,42.093466,/home/hzw/Rethinking_GNN_DP/paper_experiments/figure3/figure3_pipeline3.yaml/dataset=Books-Children/feature=raw/mechanism=mbm/x_eps=0.001/m=best/norm=false/smoother=hoa/backbone=sage/use_nfr=true/logs/grid_candidate_0433_attempt_1.log,
grid_candidate_0427,grid,grid_candidate_0427,completed,1,0,48.466552,/home/hzw/Rethinking_GNN_DP/paper_experiments/figure3/figure3_pipeline3.yaml/dataset=Books-Children/feature=raw/mechanism=mbm/x_eps=0.001/m=best/norm=false/smoother=hoa/backbone=sage/use_nfr=true/logs/grid_candidate_0427_attempt_1.log,
grid_candidate_0442,grid,grid_candidate_0442,completed,1,0,34.297661,/home/hzw/Rethinking_GNN_DP/paper_experiments/figure3/figure3_pipeline3.yaml/dataset=Books-Children/feature=raw/mechanism=mbm/x_eps=0.001/m=best/norm=false/smoother=hoa/backbone=sage/use_nfr=true/logs/grid_candidate_0442_attempt_1.log,
grid_candidate_0441,grid,grid_candidate_0441,completed,1,0,35.493955,/home/hzw/Rethinking_GNN_DP/paper_experiments/figure3/figure3_pipeline3.yaml/dataset=Books-Children/feature=raw/mechanism=mbm/x_eps=0.001/m=best/norm=false/smoother=hoa/backbone=sage/use_nfr=true/logs/grid_candidate_0441_attempt_1.log,
grid_candidate_0432,grid,grid_candidate_0432,completed,1,0,47.570233,/home/hzw/Rethinking_GNN_DP/paper_experiments/figure3/figure3_pipeline3.yaml/dataset=Books-Children/feature=raw/mechanism=mbm/x_eps=0.001/m=best/norm=false/smoother=hoa/backbone=sage/use_nfr=true/logs/grid_candidate_0432_attempt_1.log,
grid_candidate_0430,grid,grid_candidate_0430,completed,1,0,49.287966,/home/hzw/Rethinking_GNN_DP/paper_experiments/figure3/figure3_pipeline3.yaml/dataset=Books-Children/feature=raw/mechanism=mbm/x_eps=0.001/m=best/norm=false/smoother=hoa/backbone=sage/use_nfr=true/logs/grid_candidate_0430_attempt_1.log,
grid_candidate_0431,grid,grid_candidate_0431,completed,1,0,49.538558,/home/hzw/Rethinking_GNN_DP/paper_experiments/figure3/figure3_pipeline3.yaml/dataset=Books-Children/feature=raw/mechanism=mbm/x_eps=0.001/m=best/norm=false/smoother=hoa/backbone=sage/use_nfr=true/logs/grid_candidate_0431_attempt_1.log,
grid_candidate_0434,grid,grid_candidate_0434,completed,1,0,48.259786,/home/hzw/Rethinking_GNN_DP/paper_experiments/figure3/figure3_pipeline3.yaml/dataset=Books-Children/feature=raw/mechanism=mbm/x_eps=0.001/m=best/norm=false/smoother=hoa/backbone=sage/use_nfr=true/logs/grid_candidate_0434_attempt_1.log,
grid_candidate_0435,grid,grid_candidate_0435,completed,1,0,48.376874,/home/hzw/Rethinking_GNN_DP/paper_experiments/figure3/figure3_pipeline3.yaml/dataset=Books-Children/feature=raw/mechanism=mbm/x_eps=0.001/m=best/norm=false/smoother=hoa/backbone=sage/use_nfr=true/logs/grid_candidate_0435_attempt_1.log,
grid_candidate_0446,grid,grid_candidate_0446,completed,1,0,33.055549,/home/hzw/Rethinking_GNN_DP/paper_experiments/figure3/figure3_pipeline3.yaml/dataset=Books-Children/feature=raw/mechanism=mbm/x_eps=0.001/m=best/norm=false/smoother=hoa/backbone=sage/use_nfr=true/logs/grid_candidate_0446_attempt_1.log,
grid_candidate_0436,grid,grid_candidate_0436,completed,1,0,48.846990,/home/hzw/Rethinking_GNN_DP/paper_experiments/figure3/figure3_pipeline3.yaml/dataset=Books-Children/feature=raw/mechanism=mbm/x_eps=0.001/m=best/norm=false/smoother=hoa/backbone=sage/use_nfr=true/logs/grid_candidate_0436_attempt_1.log,
grid_candidate_0439,grid,grid_candidate_0439,completed,1,0,45.107664,/home/hzw/Rethinking_GNN_DP/paper_experiments/figure3/figure3_pipeline3.yaml/dataset=Books-Children/feature=raw/mechanism=mbm/x_eps=0.001/m=best/norm=false/smoother=hoa/backbone=sage/use_nfr=true/logs/grid_candidate_0439_attempt_1.log,
grid_candidate_0438,grid,grid_candidate_0438,completed,1,0,47.992103,/home/hzw/Rethinking_GNN_DP/paper_experiments/figure3/figure3_pipeline3.yaml/dataset=Books-Children/feature=raw/mechanism=mbm/x_eps=0.001/m=best/norm=false/smoother=hoa/backbone=sage/use_nfr=true/logs/grid_candidate_0438_attempt_1.log,
grid_candidate_0440,grid,grid_candidate_0440,completed,1,0,45.367702,/home/hzw/Rethinking_GNN_DP/paper_experiments/figure3/figure3_pipeline3.yaml/dataset=Books-Children/feature=raw/mechanism=mbm/x_eps=0.001/m=best/norm=false/smoother=hoa/backbone=sage/use_nfr=true/logs/grid_candidate_0440_attempt_1.log,
grid_candidate_0437,grid,grid_candidate_0437,completed,1,0,52.099772,/home/hzw/Rethinking_GNN_DP/paper_experiments/figure3/figure3_pipeline3.yaml/dataset=Books-Children/feature=raw/mechanism=mbm/x_eps=0.001/m=best/norm=false/smoother=hoa/backbone=sage/use_nfr=true/logs/grid_candidate_0437_attempt_1.log,
grid_candidate_0443,grid,grid_candidate_0443,completed,1,0,48.350452,/home/hzw/Rethinking_GNN_DP/paper_experiments/figure3/figure3_pipeline3.yaml/dataset=Books-Children/feature=raw/mechanism=mbm/x_eps=0.001/m=best/norm=false/smoother=hoa/backbone=sage/use_nfr=true/logs/grid_candidate_0443_attempt_1.log,
grid_candidate_0445,grid,grid_candidate_0445,completed,1,0,46.601636,/home/hzw/Rethinking_GNN_DP/paper_experiments/figure3/figure3_pipeline3.yaml/dataset=Books-Children/feature=raw/mechanism=mbm/x_eps=0.001/m=best/norm=false/smoother=hoa/backbone=sage/use_nfr=true/logs/grid_candidate_0445_attempt_1.log,
grid_candidate_0444,grid,grid_candidate_0444,completed,1,0,49.022503,/home/hzw/Rethinking_GNN_DP/paper_experiments/figure3/figure3_pipeline3.yaml/dataset=Books-Children/feature=raw/mechanism=mbm/x_eps=0.001/m=best/norm=false/smoother=hoa/backbone=sage/use_nfr=true/logs/grid_candidate_0444_attempt_1.log,
grid_candidate_0448,grid,grid_candidate_0448,completed,1,0,47.848987,/home/hzw/Rethinking_GNN_DP/paper_experiments/figure3/figure3_pipeline3.yaml/dataset=Books-Children/feature=raw/mechanism=mbm/x_eps=0.001/m=best/norm=false/smoother=hoa/backbone=sage/use_nfr=true/logs/grid_candidate_0448_attempt_1.log,
grid_candidate_0450,grid,grid_candidate_0450,completed,1,0,49.575081,/home/hzw/Rethinking_GNN_DP/paper_experiments/figure3/figure3_pipeline3.yaml/dataset=Books-Children/feature=raw/mechanism=mbm/x_eps=0.001/m=best/norm=false/smoother=hoa/backbone=sage/use_nfr=true/logs/grid_candidate_0450_attempt_1.log,
grid_candidate_0447,grid,grid_candidate_0447,completed,1,0,50.592735,/home/hzw/Rethinking_GNN_DP/paper_experiments/figure3/figure3_pipeline3.yaml/dataset=Books-Children/feature=raw/mechanism=mbm/x_eps=0.001/m=best/norm=false/smoother=hoa/backbone=sage/use_nfr=true/logs/grid_candidate_0447_attempt_1.log,
grid_candidate_0451,grid,grid_candidate_0451,completed,1,0,48.820793,/home/hzw/Rethinking_GNN_DP/paper_experiments/figure3/figure3_pipeline3.yaml/dataset=Books-Children/feature=raw/mechanism=mbm/x_eps=0.001/m=best/norm=false/smoother=hoa/backbone=sage/use_nfr=true/logs/grid_candidate_0451_attempt_1.log,
grid_candidate_0449,grid,grid_candidate_0449,completed,1,0,51.779644,/home/hzw/Rethinking_GNN_DP/paper_experiments/figure3/figure3_pipeline3.yaml/dataset=Books-Children/feature=raw/mechanism=mbm/x_eps=0.001/m=best/norm=false/smoother=hoa/backbone=sage/use_nfr=true/logs/grid_candidate_0449_attempt_1.log,
grid_candidate_0462,grid,grid_candidate_0462,completed,1,0,31.985858,/home/hzw/Rethinking_GNN_DP/paper_experiments/figure3/figure3_pipeline3.yaml/dataset=Books-Children/feature=raw/mechanism=mbm/x_eps=0.001/m=best/norm=false/smoother=hoa/backbone=sage/use_nfr=true/logs/grid_candidate_0462_attempt_1.log,
grid_candidate_0452,grid,grid_candidate_0452,completed,1,0,51.762080,/home/hzw/Rethinking_GNN_DP/paper_experiments/figure3/figure3_pipeline3.yaml/dataset=Books-Children/feature=raw/mechanism=mbm/x_eps=0.001/m=best/norm=false/smoother=hoa/backbone=sage/use_nfr=true/logs/grid_candidate_0452_attempt_1.log,
grid_candidate_0461,grid,grid_candidate_0461,completed,1,0,33.896309,/home/hzw/Rethinking_GNN_DP/paper_experiments/figure3/figure3_pipeline3.yaml/dataset=Books-Children/feature=raw/mechanism=mbm/x_eps=0.001/m=best/norm=false/smoother=hoa/backbone=sage/use_nfr=true/logs/grid_candidate_0461_attempt_1.log,
grid_candidate_0453,grid,grid_candidate_0453,completed,1,0,50.031188,/home/hzw/Rethinking_GNN_DP/paper_experiments/figure3/figure3_pipeline3.yaml/dataset=Books-Children/feature=raw/mechanism=mbm/x_eps=0.001/m=best/norm=false/smoother=hoa/backbone=sage/use_nfr=true/logs/grid_candidate_0453_attempt_1.log,
grid_candidate_0457,grid,grid_candidate_0457,completed,1,0,48.187686,/home/hzw/Rethinking_GNN_DP/paper_experiments/figure3/figure3_pipeline3.yaml/dataset=Books-Children/feature=raw/mechanism=mbm/x_eps=0.001/m=best/norm=false/smoother=hoa/backbone=sage/use_nfr=true/logs/grid_candidate_0457_attempt_1.log,
grid_candidate_0455,grid,grid_candidate_0455,completed,1,0,49.477867,/home/hzw/Rethinking_GNN_DP/paper_experiments/figure3/figure3_pipeline3.yaml/dataset=Books-Children/feature=raw/mechanism=mbm/x_eps=0.001/m=best/norm=false/smoother=hoa/backbone=sage/use_nfr=true/logs/grid_candidate_0455_attempt_1.log,
grid_candidate_0454,grid,grid_candidate_0454,completed,1,0,52.082061,/home/hzw/Rethinking_GNN_DP/paper_experiments/figure3/figure3_pipeline3.yaml/dataset=Books-Children/feature=raw/mechanism=mbm/x_eps=0.001/m=best/norm=false/smoother=hoa/backbone=sage/use_nfr=true/logs/grid_candidate_0454_attempt_1.log,
grid_candidate_0458,grid,grid_candidate_0458,completed,1,0,49.781073,/home/hzw/Rethinking_GNN_DP/paper_experiments/figure3/figure3_pipeline3.yaml/dataset=Books-Children/feature=raw/mechanism=mbm/x_eps=0.001/m=best/norm=false/smoother=hoa/backbone=sage/use_nfr=true/logs/grid_candidate_0458_attempt_1.log,
grid_candidate_0456,grid,grid_candidate_0456,completed,1,0,52.020226,/home/hzw/Rethinking_GNN_DP/paper_experiments/figure3/figure3_pipeline3.yaml/dataset=Books-Children/feature=raw/mechanism=mbm/x_eps=0.001/m=best/norm=false/smoother=hoa/backbone=sage/use_nfr=true/logs/grid_candidate_0456_attempt_1.log,
grid_candidate_0459,grid,grid_candidate_0459,completed,1,0,47.266163,/home/hzw/Rethinking_GNN_DP/paper_experiments/figure3/figure3_pipeline3.yaml/dataset=Books-Children/feature=raw/mechanism=mbm/x_eps=0.001/m=best/norm=false/smoother=hoa/backbone=sage/use_nfr=true/logs/grid_candidate_0459_attempt_1.log,
grid_candidate_0460,grid,grid_candidate_0460,completed,1,0,52.330216,/home/hzw/Rethinking_GNN_DP/paper_experiments/figure3/figure3_pipeline3.yaml/dataset=Books-Children/feature=raw/mechanism=mbm/x_eps=0.001/m=best/norm=false/smoother=hoa/backbone=sage/use_nfr=true/logs/grid_candidate_0460_attempt_1.log,
grid_candidate_0464,grid,grid_candidate_0464,completed,1,0,49.078247,/home/hzw/Rethinking_GNN_DP/paper_experiments/figure3/figure3_pipeline3.yaml/dataset=Books-Children/feature=raw/mechanism=mbm/x_eps=0.001/m=best/norm=false/smoother=hoa/backbone=sage/use_nfr=true/logs/grid_candidate_0464_attempt_1.log,
grid_candidate_0463,grid,grid_candidate_0463,completed,1,0,50.918212,/home/hzw/Rethinking_GNN_DP/paper_experiments/figure3/figure3_pipeline3.yaml/dataset=Books-Children/feature=raw/mechanism=mbm/x_eps=0.001/m=best/norm=false/smoother=hoa/backbone=sage/use_nfr=true/logs/grid_candidate_0463_attempt_1.log,
grid_candidate_0465,grid,grid_candidate_0465,completed,1,0,50.089611,/home/hzw/Rethinking_GNN_DP/paper_experiments/figure3/figure3_pipeline3.yaml/dataset=Books-Children/feature=raw/mechanism=mbm/x_eps=0.001/m=best/norm=false/smoother=hoa/backbone=sage/use_nfr=true/logs/grid_candidate_0465_attempt_1.log,
grid_candidate_0467,grid,grid_candidate_0467,completed,1,0,48.706641,/home/hzw/Rethinking_GNN_DP/paper_experiments/figure3/figure3_pipeline3.yaml/dataset=Books-Children/feature=raw/mechanism=mbm/x_eps=0.001/m=best/norm=false/smoother=hoa/backbone=sage/use_nfr=true/logs/grid_candidate_0467_attempt_1.log,
grid_candidate_0468,grid,grid_candidate_0468,completed,1,0,48.347062,/home/hzw/Rethinking_GNN_DP/paper_experiments/figure3/figure3_pipeline3.yaml/dataset=Books-Children/feature=raw/mechanism=mbm/x_eps=0.001/m=best/norm=false/smoother=hoa/backbone=sage/use_nfr=true/logs/grid_candidate_0468_attempt_1.log,
grid_candidate_0466,grid,grid_candidate_0466,completed,1,0,49.577534,/home/hzw/Rethinking_GNN_DP/paper_experiments/figure3/figure3_pipeline3.yaml/dataset=Books-Children/feature=raw/mechanism=mbm/x_eps=0.001/m=best/norm=false/smoother=hoa/backbone=sage/use_nfr=true/logs/grid_candidate_0466_attempt_1.log,
grid_candidate_0470,grid,grid_candidate_0470,completed,1,0,47.325135,/home/hzw/Rethinking_GNN_DP/paper_experiments/figure3/figure3_pipeline3.yaml/dataset=Books-Children/feature=raw/mechanism=mbm/x_eps=0.001/m=best/norm=false/smoother=hoa/backbone=sage/use_nfr=true/logs/grid_candidate_0470_attempt_1.log,
grid_candidate_0469,grid,grid_candidate_0469,completed,1,0,47.929355,/home/hzw/Rethinking_GNN_DP/paper_experiments/figure3/figure3_pipeline3.yaml/dataset=Books-Children/feature=raw/mechanism=mbm/x_eps=0.001/m=best/norm=false/smoother=hoa/backbone=sage/use_nfr=true/logs/grid_candidate_0469_attempt_1.log,
grid_candidate_0471,grid,grid_candidate_0471,completed,1,0,48.786236,/home/hzw/Rethinking_GNN_DP/paper_experiments/figure3/figure3_pipeline3.yaml/dataset=Books-Children/feature=raw/mechanism=mbm/x_eps=0.001/m=best/norm=false/smoother=hoa/backbone=sage/use_nfr=true/logs/grid_candidate_0471_attempt_1.log,
grid_candidate_0476,grid,grid_candidate_0476,completed,1,0,44.855837,/home/hzw/Rethinking_GNN_DP/paper_experiments/figure3/figure3_pipeline3.yaml/dataset=Books-Children/feature=raw/mechanism=mbm/x_eps=0.001/m=best/norm=false/smoother=hoa/backbone=sage/use_nfr=true/logs/grid_candidate_0476_attempt_1.log,
grid_candidate_0473,grid,grid_candidate_0473,completed,1,0,48.638305,/home/hzw/Rethinking_GNN_DP/paper_experiments/figure3/figure3_pipeline3.yaml/dataset=Books-Children/feature=raw/mechanism=mbm/x_eps=0.001/m=best/norm=false/smoother=hoa/backbone=sage/use_nfr=true/logs/grid_candidate_0473_attempt_1.log,
grid_candidate_0474,grid,grid_candidate_0474,completed,1,0,48.669057,/home/hzw/Rethinking_GNN_DP/paper_experiments/figure3/figure3_pipeline3.yaml/dataset=Books-Children/feature=raw/mechanism=mbm/x_eps=0.001/m=best/norm=false/smoother=hoa/backbone=sage/use_nfr=true/logs/grid_candidate_0474_attempt_1.log,
grid_candidate_0481,grid,grid_candidate_0481,completed,1,0,39.475028,/home/hzw/Rethinking_GNN_DP/paper_experiments/figure3/figure3_pipeline3.yaml/dataset=Books-Children/feature=raw/mechanism=mbm/x_eps=0.001/m=best/norm=false/smoother=hoa/backbone=sage/use_nfr=true/logs/grid_candidate_0481_attempt_1.log,
grid_candidate_0472,grid,grid_candidate_0472,completed,1,0,53.155319,/home/hzw/Rethinking_GNN_DP/paper_experiments/figure3/figure3_pipeline3.yaml/dataset=Books-Children/feature=raw/mechanism=mbm/x_eps=0.001/m=best/norm=false/smoother=hoa/backbone=sage/use_nfr=true/logs/grid_candidate_0472_attempt_1.log,
grid_candidate_0475,grid,grid_candidate_0475,completed,1,0,50.227554,/home/hzw/Rethinking_GNN_DP/paper_experiments/figure3/figure3_pipeline3.yaml/dataset=Books-Children/feature=raw/mechanism=mbm/x_eps=0.001/m=best/norm=false/smoother=hoa/backbone=sage/use_nfr=true/logs/grid_candidate_0475_attempt_1.log,
grid_candidate_0477,grid,grid_candidate_0477,completed,1,0,50.927625,/home/hzw/Rethinking_GNN_DP/paper_experiments/figure3/figure3_pipeline3.yaml/dataset=Books-Children/feature=raw/mechanism=mbm/x_eps=0.001/m=best/norm=false/smoother=hoa/backbone=sage/use_nfr=true/logs/grid_candidate_0477_attempt_1.log,
grid_candidate_0478,grid,grid_candidate_0478,completed,1,0,50.346059,/home/hzw/Rethinking_GNN_DP/paper_experiments/figure3/figure3_pipeline3.yaml/dataset=Books-Children/feature=raw/mechanism=mbm/x_eps=0.001/m=best/norm=false/smoother=hoa/backbone=sage/use_nfr=true/logs/grid_candidate_0478_attempt_1.log,
grid_candidate_0479,grid,grid_candidate_0479,completed,1,0,48.546618,/home/hzw/Rethinking_GNN_DP/paper_experiments/figure3/figure3_pipeline3.yaml/dataset=Books-Children/feature=raw/mechanism=mbm/x_eps=0.001/m=best/norm=false/smoother=hoa/backbone=sage/use_nfr=true/logs/grid_candidate_0479_attempt_1.log,
grid_candidate_0480,grid,grid_candidate_0480,completed,1,0,45.689033,/home/hzw/Rethinking_GNN_DP/paper_experiments/figure3/figure3_pipeline3.yaml/dataset=Books-Children/feature=raw/mechanism=mbm/x_eps=0.001/m=best/norm=false/smoother=hoa/backbone=sage/use_nfr=true/logs/grid_candidate_0480_attempt_1.log,
grid_candidate_0483,grid,grid_candidate_0483,completed,1,0,49.409440,/home/hzw/Rethinking_GNN_DP/paper_experiments/figure3/figure3_pipeline3.yaml/dataset=Books-Children/feature=raw/mechanism=mbm/x_eps=0.001/m=best/norm=false/smoother=hoa/backbone=sage/use_nfr=true/logs/grid_candidate_0483_attempt_1.log,
grid_candidate_0482,grid,grid_candidate_0482,completed,1,0,53.307504,/home/hzw/Rethinking_GNN_DP/paper_experiments/figure3/figure3_pipeline3.yaml/dataset=Books-Children/feature=raw/mechanism=mbm/x_eps=0.001/m=best/norm=false/smoother=hoa/backbone=sage/use_nfr=true/logs/grid_candidate_0482_attempt_1.log,
grid_candidate_0485,grid,grid_candidate_0485,completed,1,0,51.939725,/home/hzw/Rethinking_GNN_DP/paper_experiments/figure3/figure3_pipeline3.yaml/dataset=Books-Children/feature=raw/mechanism=mbm/x_eps=0.001/m=best/norm=false/smoother=hoa/backbone=sage/use_nfr=true/logs/grid_candidate_0485_attempt_1.log,
grid_candidate_0484,grid,grid_candidate_0484,completed,1,0,53.471640,/home/hzw/Rethinking_GNN_DP/paper_experiments/figure3/figure3_pipeline3.yaml/dataset=Books-Children/feature=raw/mechanism=mbm/x_eps=0.001/m=best/norm=false/smoother=hoa/backbone=sage/use_nfr=true/logs/grid_candidate_0484_attempt_1.log,
grid_candidate_0486,grid,grid_candidate_0486,completed,1,0,53.676757,/home/hzw/Rethinking_GNN_DP/paper_experiments/figure3/figure3_pipeline3.yaml/dataset=Books-Children/feature=raw/mechanism=mbm/x_eps=0.001/m=best/norm=false/smoother=hoa/backbone=sage/use_nfr=true/logs/grid_candidate_0486_attempt_1.log,
grid_candidate_0488,grid,grid_candidate_0488,completed,1,0,51.063923,/home/hzw/Rethinking_GNN_DP/paper_experiments/figure3/figure3_pipeline3.yaml/dataset=Books-Children/feature=raw/mechanism=mbm/x_eps=0.001/m=best/norm=false/smoother=hoa/backbone=sage/use_nfr=true/logs/grid_candidate_0488_attempt_1.log,
grid_candidate_0501,grid,grid_candidate_0501,completed,1,0,33.326004,/home/hzw/Rethinking_GNN_DP/paper_experiments/figure3/figure3_pipeline3.yaml/dataset=Books-Children/feature=raw/mechanism=mbm/x_eps=0.001/m=best/norm=false/smoother=hoa/backbone=sage/use_nfr=true/logs/grid_candidate_0501_attempt_1.log,
grid_candidate_0491,grid,grid_candidate_0491,completed,1,0,58.703797,/home/hzw/Rethinking_GNN_DP/paper_experiments/figure3/figure3_pipeline3.yaml/dataset=Books-Children/feature=raw/mechanism=mbm/x_eps=0.001/m=best/norm=false/smoother=hoa/backbone=sage/use_nfr=true/logs/grid_candidate_0491_attempt_1.log,
grid_candidate_0489,grid,grid_candidate_0489,completed,1,0,60.528949,/home/hzw/Rethinking_GNN_DP/paper_experiments/figure3/figure3_pipeline3.yaml/dataset=Books-Children/feature=raw/mechanism=mbm/x_eps=0.001/m=best/norm=false/smoother=hoa/backbone=sage/use_nfr=true/logs/grid_candidate_0489_attempt_1.log,
grid_candidate_0487,grid,grid_candidate_0487,completed,1,0,63.757739,/home/hzw/Rethinking_GNN_DP/paper_experiments/figure3/figure3_pipeline3.yaml/dataset=Books-Children/feature=raw/mechanism=mbm/x_eps=0.001/m=best/norm=false/smoother=hoa/backbone=sage/use_nfr=true/logs/grid_candidate_0487_attempt_1.log,
grid_candidate_0492,grid,grid_candidate_0492,completed,1,0,54.805279,/home/hzw/Rethinking_GNN_DP/paper_experiments/figure3/figure3_pipeline3.yaml/dataset=Books-Children/feature=raw/mechanism=mbm/x_eps=0.001/m=best/norm=false/smoother=hoa/backbone=sage/use_nfr=true/logs/grid_candidate_0492_attempt_1.log,
grid_candidate_0490,grid,grid_candidate_0490,completed,1,0,61.323743,/home/hzw/Rethinking_GNN_DP/paper_experiments/figure3/figure3_pipeline3.yaml/dataset=Books-Children/feature=raw/mechanism=mbm/x_eps=0.001/m=best/norm=false/smoother=hoa/backbone=sage/use_nfr=true/logs/grid_candidate_0490_attempt_1.log,
grid_candidate_0495,grid,grid_candidate_0495,completed,1,0,57.341997,/home/hzw/Rethinking_GNN_DP/paper_experiments/figure3/figure3_pipeline3.yaml/dataset=Books-Children/feature=raw/mechanism=mbm/x_eps=0.001/m=best/norm=false/smoother=hoa/backbone=sage/use_nfr=true/logs/grid_candidate_0495_attempt_1.log,
grid_candidate_0500,grid,grid_candidate_0500,completed,1,0,48.169041,/home/hzw/Rethinking_GNN_DP/paper_experiments/figure3/figure3_pipeline3.yaml/dataset=Books-Children/feature=raw/mechanism=mbm/x_eps=0.001/m=best/norm=false/smoother=hoa/backbone=sage/use_nfr=true/logs/grid_candidate_0500_attempt_1.log,
grid_candidate_0493,grid,grid_candidate_0493,completed,1,0,61.688423,/home/hzw/Rethinking_GNN_DP/paper_experiments/figure3/figure3_pipeline3.yaml/dataset=Books-Children/feature=raw/mechanism=mbm/x_eps=0.001/m=best/norm=false/smoother=hoa/backbone=sage/use_nfr=true/logs/grid_candidate_0493_attempt_1.log,
grid_candidate_0494,grid,grid_candidate_0494,completed,1,0,60.832615,/home/hzw/Rethinking_GNN_DP/paper_experiments/figure3/figure3_pipeline3.yaml/dataset=Books-Children/feature=raw/mechanism=mbm/x_eps=0.001/m=best/norm=false/smoother=hoa/backbone=sage/use_nfr=true/logs/grid_candidate_0494_attempt_1.log,
grid_candidate_0497,grid,grid_candidate_0497,completed,1,0,61.870027,/home/hzw/Rethinking_GNN_DP/paper_experiments/figure3/figure3_pipeline3.yaml/dataset=Books-Children/feature=raw/mechanism=mbm/x_eps=0.001/m=best/norm=false/smoother=hoa/backbone=sage/use_nfr=true/logs/grid_candidate_0497_attempt_1.log,
grid_candidate_0502,grid,grid_candidate_0502,completed,1,0,53.549281,/home/hzw/Rethinking_GNN_DP/paper_experiments/figure3/figure3_pipeline3.yaml/dataset=Books-Children/feature=raw/mechanism=mbm/x_eps=0.001/m=best/norm=false/smoother=hoa/backbone=sage/use_nfr=true/logs/grid_candidate_0502_attempt_1.log,
grid_candidate_0505,grid,grid_candidate_0505,completed,1,0,53.880740,/home/hzw/Rethinking_GNN_DP/paper_experiments/figure3/figure3_pipeline3.yaml/dataset=Books-Children/feature=raw/mechanism=mbm/x_eps=0.001/m=best/norm=false/smoother=hoa/backbone=sage/use_nfr=true/logs/grid_candidate_0505_attempt_1.log,
grid_candidate_0496,grid,grid_candidate_0496,completed,1,0,66.007016,/home/hzw/Rethinking_GNN_DP/paper_experiments/figure3/figure3_pipeline3.yaml/dataset=Books-Children/feature=raw/mechanism=mbm/x_eps=0.001/m=best/norm=false/smoother=hoa/backbone=sage/use_nfr=true/logs/grid_candidate_0496_attempt_1.log,
grid_candidate_0498,grid,grid_candidate_0498,completed,1,0,59.319785,/home/hzw/Rethinking_GNN_DP/paper_experiments/figure3/figure3_pipeline3.yaml/dataset=Books-Children/feature=raw/mechanism=mbm/x_eps=0.001/m=best/norm=false/smoother=hoa/backbone=sage/use_nfr=true/logs/grid_candidate_0498_attempt_1.log,
grid_candidate_0504,grid,grid_candidate_0504,completed,1,0,57.145798,/home/hzw/Rethinking_GNN_DP/paper_experiments/figure3/figure3_pipeline3.yaml/dataset=Books-Children/feature=raw/mechanism=mbm/x_eps=0.001/m=best/norm=false/smoother=hoa/backbone=sage/use_nfr=true/logs/grid_candidate_0504_attempt_1.log,
grid_candidate_0508,grid,grid_candidate_0508,completed,1,0,54.496782,/home/hzw/Rethinking_GNN_DP/paper_experiments/figure3/figure3_pipeline3.yaml/dataset=Books-Children/feature=raw/mechanism=mbm/x_eps=0.001/m=best/norm=false/smoother=hoa/backbone=sage/use_nfr=true/logs/grid_candidate_0508_attempt_1.log,
grid_candidate_0499,grid,grid_candidate_0499,completed,1,0,65.348480,/home/hzw/Rethinking_GNN_DP/paper_experiments/figure3/figure3_pipeline3.yaml/dataset=Books-Children/feature=raw/mechanism=mbm/x_eps=0.001/m=best/norm=false/smoother=hoa/backbone=sage/use_nfr=true/logs/grid_candidate_0499_attempt_1.log,
grid_candidate_0516,grid,grid_candidate_0516,completed,1,0,51.422641,/home/hzw/Rethinking_GNN_DP/paper_experiments/figure3/figure3_pipeline3.yaml/dataset=Books-Children/feature=raw/mechanism=mbm/x_eps=0.001/m=best/norm=false/smoother=hoa/backbone=sage/use_nfr=true/logs/grid_candidate_0516_attempt_1.log,
grid_candidate_0511,grid,grid_candidate_0511,completed,1,0,56.048964,/home/hzw/Rethinking_GNN_DP/paper_experiments/figure3/figure3_pipeline3.yaml/dataset=Books-Children/feature=raw/mechanism=mbm/x_eps=0.001/m=best/norm=false/smoother=hoa/backbone=sage/use_nfr=true/logs/grid_candidate_0511_attempt_1.log,
grid_candidate_0507,grid,grid_candidate_0507,completed,1,0,60.300832,/home/hzw/Rethinking_GNN_DP/paper_experiments/figure3/figure3_pipeline3.yaml/dataset=Books-Children/feature=raw/mechanism=mbm/x_eps=0.001/m=best/norm=false/smoother=hoa/backbone=sage/use_nfr=true/logs/grid_candidate_0507_attempt_1.log,
grid_candidate_0515,grid,grid_candidate_0515,completed,1,0,52.908551,/home/hzw/Rethinking_GNN_DP/paper_experiments/figure3/figure3_pipeline3.yaml/dataset=Books-Children/feature=raw/mechanism=mbm/x_eps=0.001/m=best/norm=false/smoother=hoa/backbone=sage/use_nfr=true/logs/grid_candidate_0515_attempt_1.log,
grid_candidate_0509,grid,grid_candidate_0509,completed,1,0,59.631331,/home/hzw/Rethinking_GNN_DP/paper_experiments/figure3/figure3_pipeline3.yaml/dataset=Books-Children/feature=raw/mechanism=mbm/x_eps=0.001/m=best/norm=false/smoother=hoa/backbone=sage/use_nfr=true/logs/grid_candidate_0509_attempt_1.log,
grid_candidate_0510,grid,grid_candidate_0510,completed,1,0,59.085581,/home/hzw/Rethinking_GNN_DP/paper_experiments/figure3/figure3_pipeline3.yaml/dataset=Books-Children/feature=raw/mechanism=mbm/x_eps=0.001/m=best/norm=false/smoother=hoa/backbone=sage/use_nfr=true/logs/grid_candidate_0510_attempt_1.log,
grid_candidate_0521,grid,grid_candidate_0521,completed,1,0,36.883832,/home/hzw/Rethinking_GNN_DP/paper_experiments/figure3/figure3_pipeline3.yaml/dataset=Books-Children/feature=raw/mechanism=mbm/x_eps=0.001/m=best/norm=false/smoother=hoa/backbone=sage/use_nfr=true/logs/grid_candidate_0521_attempt_1.log,
grid_candidate_0503,grid,grid_candidate_0503,completed,1,0,65.735170,/home/hzw/Rethinking_GNN_DP/paper_experiments/figure3/figure3_pipeline3.yaml/dataset=Books-Children/feature=raw/mechanism=mbm/x_eps=0.001/m=best/norm=false/smoother=hoa/backbone=sage/use_nfr=true/logs/grid_candidate_0503_attempt_1.log,
grid_candidate_0506,grid,grid_candidate_0506,completed,1,0,64.938310,/home/hzw/Rethinking_GNN_DP/paper_experiments/figure3/figure3_pipeline3.yaml/dataset=Books-Children/feature=raw/mechanism=mbm/x_eps=0.001/m=best/norm=false/smoother=hoa/backbone=sage/use_nfr=true/logs/grid_candidate_0506_attempt_1.log,
grid_candidate_0517,grid,grid_candidate_0517,completed,1,0,53.256964,/home/hzw/Rethinking_GNN_DP/paper_experiments/figure3/figure3_pipeline3.yaml/dataset=Books-Children/feature=raw/mechanism=mbm/x_eps=0.001/m=best/norm=false/smoother=hoa/backbone=sage/use_nfr=true/logs/grid_candidate_0517_attempt_1.log,
grid_candidate_0523,grid,grid_candidate_0523,completed,1,0,37.691560,/home/hzw/Rethinking_GNN_DP/paper_experiments/figure3/figure3_pipeline3.yaml/dataset=Books-Children/feature=raw/mechanism=mbm/x_eps=0.001/m=best/norm=false/smoother=hoa/backbone=sage/use_nfr=true/logs/grid_candidate_0523_attempt_1.log,
grid_candidate_0518,grid,grid_candidate_0518,completed,1,0,47.572235,/home/hzw/Rethinking_GNN_DP/paper_experiments/figure3/figure3_pipeline3.yaml/dataset=Books-Children/feature=raw/mechanism=mbm/x_eps=0.001/m=best/norm=false/smoother=hoa/backbone=sage/use_nfr=true/logs/grid_candidate_0518_attempt_1.log,
grid_candidate_0514,grid,grid_candidate_0514,completed,1,0,59.287705,/home/hzw/Rethinking_GNN_DP/paper_experiments/figure3/figure3_pipeline3.yaml/dataset=Books-Children/feature=raw/mechanism=mbm/x_eps=0.001/m=best/norm=false/smoother=hoa/backbone=sage/use_nfr=true/logs/grid_candidate_0514_attempt_1.log,
grid_candidate_0512,grid,grid_candidate_0512,completed,1,0,60.667509,/home/hzw/Rethinking_GNN_DP/paper_experiments/figure3/figure3_pipeline3.yaml/dataset=Books-Children/feature=raw/mechanism=mbm/x_eps=0.001/m=best/norm=false/smoother=hoa/backbone=sage/use_nfr=true/logs/grid_candidate_0512_attempt_1.log,
grid_candidate_0519,grid,grid_candidate_0519,completed,1,0,47.225199,/home/hzw/Rethinking_GNN_DP/paper_experiments/figure3/figure3_pipeline3.yaml/dataset=Books-Children/feature=raw/mechanism=mbm/x_eps=0.001/m=best/norm=false/smoother=hoa/backbone=sage/use_nfr=true/logs/grid_candidate_0519_attempt_1.log,
grid_candidate_0513,grid,grid_candidate_0513,completed,1,0,61.848664,/home/hzw/Rethinking_GNN_DP/paper_experiments/figure3/figure3_pipeline3.yaml/dataset=Books-Children/feature=raw/mechanism=mbm/x_eps=0.001/m=best/norm=false/smoother=hoa/backbone=sage/use_nfr=true/logs/grid_candidate_0513_attempt_1.log,
grid_candidate_0520,grid,grid_candidate_0520,completed,1,0,46.623796,/home/hzw/Rethinking_GNN_DP/paper_experiments/figure3/figure3_pipeline3.yaml/dataset=Books-Children/feature=raw/mechanism=mbm/x_eps=0.001/m=best/norm=false/smoother=hoa/backbone=sage/use_nfr=true/logs/grid_candidate_0520_attempt_1.log,
grid_candidate_0524,grid,grid_candidate_0524,completed,1,0,42.989600,/home/hzw/Rethinking_GNN_DP/paper_experiments/figure3/figure3_pipeline3.yaml/dataset=Books-Children/feature=raw/mechanism=mbm/x_eps=0.001/m=best/norm=false/smoother=hoa/backbone=sage/use_nfr=true/logs/grid_candidate_0524_attempt_1.log,
grid_candidate_0522,grid,grid_candidate_0522,completed,1,0,47.226206,/home/hzw/Rethinking_GNN_DP/paper_experiments/figure3/figure3_pipeline3.yaml/dataset=Books-Children/feature=raw/mechanism=mbm/x_eps=0.001/m=best/norm=false/smoother=hoa/backbone=sage/use_nfr=true/logs/grid_candidate_0522_attempt_1.log,
grid_candidate_0526,grid,grid_candidate_0526,completed,1,0,42.829424,/home/hzw/Rethinking_GNN_DP/paper_experiments/figure3/figure3_pipeline3.yaml/dataset=Books-Children/feature=raw/mechanism=mbm/x_eps=0.001/m=best/norm=false/smoother=hoa/backbone=sage/use_nfr=true/logs/grid_candidate_0526_attempt_1.log,
grid_candidate_0525,grid,grid_candidate_0525,completed,1,0,46.377490,/home/hzw/Rethinking_GNN_DP/paper_experiments/figure3/figure3_pipeline3.yaml/dataset=Books-Children/feature=raw/mechanism=mbm/x_eps=0.001/m=best/norm=false/smoother=hoa/backbone=sage/use_nfr=true/logs/grid_candidate_0525_attempt_1.log,
grid_candidate_0528,grid,grid_candidate_0528,completed,1,0,45.031171,/home/hzw/Rethinking_GNN_DP/paper_experiments/figure3/figure3_pipeline3.yaml/dataset=Books-Children/feature=raw/mechanism=mbm/x_eps=0.001/m=best/norm=false/smoother=hoa/backbone=sage/use_nfr=true/logs/grid_candidate_0528_attempt_1.log,
grid_candidate_0530,grid,grid_candidate_0530,completed,1,0,41.366026,/home/hzw/Rethinking_GNN_DP/paper_experiments/figure3/figure3_pipeline3.yaml/dataset=Books-Children/feature=raw/mechanism=mbm/x_eps=0.001/m=best/norm=false/smoother=hoa/backbone=sage/use_nfr=true/logs/grid_candidate_0530_attempt_1.log,
grid_candidate_0531,grid,grid_candidate_0531,completed,1,0,40.898636,/home/hzw/Rethinking_GNN_DP/paper_experiments/figure3/figure3_pipeline3.yaml/dataset=Books-Children/feature=raw/mechanism=mbm/x_eps=0.001/m=best/norm=false/smoother=hoa/backbone=sage/use_nfr=true/logs/grid_candidate_0531_attempt_1.log,
grid_candidate_0527,grid,grid_candidate_0527,completed,1,0,49.769023,/home/hzw/Rethinking_GNN_DP/paper_experiments/figure3/figure3_pipeline3.yaml/dataset=Books-Children/feature=raw/mechanism=mbm/x_eps=0.001/m=best/norm=false/smoother=hoa/backbone=sage/use_nfr=true/logs/grid_candidate_0527_attempt_1.log,
grid_candidate_0529,grid,grid_candidate_0529,completed,1,0,53.176253,/home/hzw/Rethinking_GNN_DP/paper_experiments/figure3/figure3_pipeline3.yaml/dataset=Books-Children/feature=raw/mechanism=mbm/x_eps=0.001/m=best/norm=false/smoother=hoa/backbone=sage/use_nfr=true/logs/grid_candidate_0529_attempt_1.log,
grid_candidate_0543,grid,grid_candidate_0543,completed,1,0,31.694147,/home/hzw/Rethinking_GNN_DP/paper_experiments/figure3/figure3_pipeline3.yaml/dataset=Books-Children/feature=raw/mechanism=mbm/x_eps=0.001/m=best/norm=false/smoother=hoa/backbone=sage/use_nfr=true/logs/grid_candidate_0543_attempt_1.log,
grid_candidate_0533,grid,grid_candidate_0533,completed,1,0,48.976608,/home/hzw/Rethinking_GNN_DP/paper_experiments/figure3/figure3_pipeline3.yaml/dataset=Books-Children/feature=raw/mechanism=mbm/x_eps=0.001/m=best/norm=false/smoother=hoa/backbone=sage/use_nfr=true/logs/grid_candidate_0533_attempt_1.log,
grid_candidate_0534,grid,grid_candidate_0534,completed,1,0,44.917140,/home/hzw/Rethinking_GNN_DP/paper_experiments/figure3/figure3_pipeline3.yaml/dataset=Books-Children/feature=raw/mechanism=mbm/x_eps=0.001/m=best/norm=false/smoother=hoa/backbone=sage/use_nfr=true/logs/grid_candidate_0534_attempt_1.log,
grid_candidate_0536,grid,grid_candidate_0536,completed,1,0,43.863504,/home/hzw/Rethinking_GNN_DP/paper_experiments/figure3/figure3_pipeline3.yaml/dataset=Books-Children/feature=raw/mechanism=mbm/x_eps=0.001/m=best/norm=false/smoother=hoa/backbone=sage/use_nfr=true/logs/grid_candidate_0536_attempt_1.log,
grid_candidate_0535,grid,grid_candidate_0535,completed,1,0,45.522172,/home/hzw/Rethinking_GNN_DP/paper_experiments/figure3/figure3_pipeline3.yaml/dataset=Books-Children/feature=raw/mechanism=mbm/x_eps=0.001/m=best/norm=false/smoother=hoa/backbone=sage/use_nfr=true/logs/grid_candidate_0535_attempt_1.log,
grid_candidate_0532,grid,grid_candidate_0532,completed,1,0,51.830324,/home/hzw/Rethinking_GNN_DP/paper_experiments/figure3/figure3_pipeline3.yaml/dataset=Books-Children/feature=raw/mechanism=mbm/x_eps=0.001/m=best/norm=false/smoother=hoa/backbone=sage/use_nfr=true/logs/grid_candidate_0532_attempt_1.log,
grid_candidate_0539,grid,grid_candidate_0539,completed,1,0,48.891047,/home/hzw/Rethinking_GNN_DP/paper_experiments/figure3/figure3_pipeline3.yaml/dataset=Books-Children/feature=raw/mechanism=mbm/x_eps=0.001/m=best/norm=false/smoother=hoa/backbone=sage/use_nfr=true/logs/grid_candidate_0539_attempt_1.log,
grid_candidate_0550,grid,grid_candidate_0550,completed,1,0,42.387772,/home/hzw/Rethinking_GNN_DP/paper_experiments/figure3/figure3_pipeline3.yaml/dataset=Books-Children/feature=raw/mechanism=mbm/x_eps=0.001/m=best/norm=false/smoother=hoa/backbone=sage/use_nfr=true/logs/grid_candidate_0550_attempt_1.log,
grid_candidate_0537,grid,grid_candidate_0537,completed,1,0,53.900727,/home/hzw/Rethinking_GNN_DP/paper_experiments/figure3/figure3_pipeline3.yaml/dataset=Books-Children/feature=raw/mechanism=mbm/x_eps=0.001/m=best/norm=false/smoother=hoa/backbone=sage/use_nfr=true/logs/grid_candidate_0537_attempt_1.log,
grid_candidate_0542,grid,grid_candidate_0542,completed,1,0,46.332702,/home/hzw/Rethinking_GNN_DP/paper_experiments/figure3/figure3_pipeline3.yaml/dataset=Books-Children/feature=raw/mechanism=mbm/x_eps=0.001/m=best/norm=false/smoother=hoa/backbone=sage/use_nfr=true/logs/grid_candidate_0542_attempt_1.log,
grid_candidate_0540,grid,grid_candidate_0540,completed,1,0,51.294002,/home/hzw/Rethinking_GNN_DP/paper_experiments/figure3/figure3_pipeline3.yaml/dataset=Books-Children/feature=raw/mechanism=mbm/x_eps=0.001/m=best/norm=false/smoother=hoa/backbone=sage/use_nfr=true/logs/grid_candidate_0540_attempt_1.log,
grid_candidate_0541,grid,grid_candidate_0541,completed,1,0,46.856889,/home/hzw/Rethinking_GNN_DP/paper_experiments/figure3/figure3_pipeline3.yaml/dataset=Books-Children/feature=raw/mechanism=mbm/x_eps=0.001/m=best/norm=false/smoother=hoa/backbone=sage/use_nfr=true/logs/grid_candidate_0541_attempt_1.log,
grid_candidate_0549,grid,grid_candidate_0549,completed,1,0,45.578596,/home/hzw/Rethinking_GNN_DP/paper_experiments/figure3/figure3_pipeline3.yaml/dataset=Books-Children/feature=raw/mechanism=mbm/x_eps=0.001/m=best/norm=false/smoother=hoa/backbone=sage/use_nfr=true/logs/grid_candidate_0549_attempt_1.log,
grid_candidate_0545,grid,grid_candidate_0545,completed,1,0,47.413940,/home/hzw/Rethinking_GNN_DP/paper_experiments/figure3/figure3_pipeline3.yaml/dataset=Books-Children/feature=raw/mechanism=mbm/x_eps=0.001/m=best/norm=false/smoother=hoa/backbone=sage/use_nfr=true/logs/grid_candidate_0545_attempt_1.log,
grid_candidate_0547,grid,grid_candidate_0547,completed,1,0,47.002358,/home/hzw/Rethinking_GNN_DP/paper_experiments/figure3/figure3_pipeline3.yaml/dataset=Books-Children/feature=raw/mechanism=mbm/x_eps=0.001/m=best/norm=false/smoother=hoa/backbone=sage/use_nfr=true/logs/grid_candidate_0547_attempt_1.log,
grid_candidate_0538,grid,grid_candidate_0538,completed,1,0,56.607731,/home/hzw/Rethinking_GNN_DP/paper_experiments/figure3/figure3_pipeline3.yaml/dataset=Books-Children/feature=raw/mechanism=mbm/x_eps=0.001/m=best/norm=false/smoother=hoa/backbone=sage/use_nfr=true/logs/grid_candidate_0538_attempt_1.log,
grid_candidate_0548,grid,grid_candidate_0548,completed,1,0,47.201935,/home/hzw/Rethinking_GNN_DP/paper_experiments/figure3/figure3_pipeline3.yaml/dataset=Books-Children/feature=raw/mechanism=mbm/x_eps=0.001/m=best/norm=false/smoother=hoa/backbone=sage/use_nfr=true/logs/grid_candidate_0548_attempt_1.log,
grid_candidate_0544,grid,grid_candidate_0544,completed,1,0,49.236544,/home/hzw/Rethinking_GNN_DP/paper_experiments/figure3/figure3_pipeline3.yaml/dataset=Books-Children/feature=raw/mechanism=mbm/x_eps=0.001/m=best/norm=false/smoother=hoa/backbone=sage/use_nfr=true/logs/grid_candidate_0544_attempt_1.log,
grid_candidate_0546,grid,grid_candidate_0546,completed,1,0,49.433962,/home/hzw/Rethinking_GNN_DP/paper_experiments/figure3/figure3_pipeline3.yaml/dataset=Books-Children/feature=raw/mechanism=mbm/x_eps=0.001/m=best/norm=false/smoother=hoa/backbone=sage/use_nfr=true/logs/grid_candidate_0546_attempt_1.log,
grid_candidate_0551,grid,grid_candidate_0551,completed,1,0,47.841978,/home/hzw/Rethinking_GNN_DP/paper_experiments/figure3/figure3_pipeline3.yaml/dataset=Books-Children/feature=raw/mechanism=mbm/x_eps=0.001/m=best/norm=false/smoother=hoa/backbone=sage/use_nfr=true/logs/grid_candidate_0551_attempt_1.log,
grid_candidate_0552,grid,grid_candidate_0552,completed,1,0,47.258306,/home/hzw/Rethinking_GNN_DP/paper_experiments/figure3/figure3_pipeline3.yaml/dataset=Books-Children/feature=raw/mechanism=mbm/x_eps=0.001/m=best/norm=false/smoother=hoa/backbone=sage/use_nfr=true/logs/grid_candidate_0552_attempt_1.log,
grid_candidate_0553,grid,grid_candidate_0553,completed,1,0,46.744682,/home/hzw/Rethinking_GNN_DP/paper_experiments/figure3/figure3_pipeline3.yaml/dataset=Books-Children/feature=raw/mechanism=mbm/x_eps=0.001/m=best/norm=false/smoother=hoa/backbone=sage/use_nfr=true/logs/grid_candidate_0553_attempt_1.log,
grid_candidate_0556,grid,grid_candidate_0556,completed,1,0,46.390740,/home/hzw/Rethinking_GNN_DP/paper_experiments/figure3/figure3_pipeline3.yaml/dataset=Books-Children/feature=raw/mechanism=mbm/x_eps=0.001/m=best/norm=false/smoother=hoa/backbone=sage/use_nfr=true/logs/grid_candidate_0556_attempt_1.log,
grid_candidate_0558,grid,grid_candidate_0558,completed,1,0,45.690880,/home/hzw/Rethinking_GNN_DP/paper_experiments/figure3/figure3_pipeline3.yaml/dataset=Books-Children/feature=raw/mechanism=mbm/x_eps=0.001/m=best/norm=false/smoother=hoa/backbone=sage/use_nfr=true/logs/grid_candidate_0558_attempt_1.log,
grid_candidate_0560,grid,grid_candidate_0560,completed,1,0,43.273036,/home/hzw/Rethinking_GNN_DP/paper_experiments/figure3/figure3_pipeline3.yaml/dataset=Books-Children/feature=raw/mechanism=mbm/x_eps=0.001/m=best/norm=false/smoother=hoa/backbone=sage/use_nfr=true/logs/grid_candidate_0560_attempt_1.log,
grid_candidate_0562,grid,grid_candidate_0562,completed,1,0,34.975652,/home/hzw/Rethinking_GNN_DP/paper_experiments/figure3/figure3_pipeline3.yaml/dataset=Books-Children/feature=raw/mechanism=mbm/x_eps=0.001/m=best/norm=false/smoother=hoa/backbone=sage/use_nfr=true/logs/grid_candidate_0562_attempt_1.log,
grid_candidate_0557,grid,grid_candidate_0557,completed,1,0,50.643983,/home/hzw/Rethinking_GNN_DP/paper_experiments/figure3/figure3_pipeline3.yaml/dataset=Books-Children/feature=raw/mechanism=mbm/x_eps=0.001/m=best/norm=false/smoother=hoa/backbone=sage/use_nfr=true/logs/grid_candidate_0557_attempt_1.log,
grid_candidate_0559,grid,grid_candidate_0559,completed,1,0,46.272941,/home/hzw/Rethinking_GNN_DP/paper_experiments/figure3/figure3_pipeline3.yaml/dataset=Books-Children/feature=raw/mechanism=mbm/x_eps=0.001/m=best/norm=false/smoother=hoa/backbone=sage/use_nfr=true/logs/grid_candidate_0559_attempt_1.log,
grid_candidate_0555,grid,grid_candidate_0555,completed,1,0,53.653534,/home/hzw/Rethinking_GNN_DP/paper_experiments/figure3/figure3_pipeline3.yaml/dataset=Books-Children/feature=raw/mechanism=mbm/x_eps=0.001/m=best/norm=false/smoother=hoa/backbone=sage/use_nfr=true/logs/grid_candidate_0555_attempt_1.log,
grid_candidate_0565,grid,grid_candidate_0565,completed,1,0,37.400599,/home/hzw/Rethinking_GNN_DP/paper_experiments/figure3/figure3_pipeline3.yaml/dataset=Books-Children/feature=raw/mechanism=mbm/x_eps=0.001/m=best/norm=false/smoother=hoa/backbone=sage/use_nfr=true/logs/grid_candidate_0565_attempt_1.log,
grid_candidate_0554,grid,grid_candidate_0554,completed,1,0,56.068370,/home/hzw/Rethinking_GNN_DP/paper_experiments/figure3/figure3_pipeline3.yaml/dataset=Books-Children/feature=raw/mechanism=mbm/x_eps=0.001/m=best/norm=false/smoother=hoa/backbone=sage/use_nfr=true/logs/grid_candidate_0554_attempt_1.log,
grid_candidate_0564,grid,grid_candidate_0564,completed,1,0,39.715650,/home/hzw/Rethinking_GNN_DP/paper_experiments/figure3/figure3_pipeline3.yaml/dataset=Books-Children/feature=raw/mechanism=mbm/x_eps=0.001/m=best/norm=false/smoother=hoa/backbone=sage/use_nfr=true/logs/grid_candidate_0564_attempt_1.log,
grid_candidate_0561,grid,grid_candidate_0561,completed,1,0,44.628014,/home/hzw/Rethinking_GNN_DP/paper_experiments/figure3/figure3_pipeline3.yaml/dataset=Books-Children/feature=raw/mechanism=mbm/x_eps=0.001/m=best/norm=false/smoother=hoa/backbone=sage/use_nfr=true/logs/grid_candidate_0561_attempt_1.log,
grid_candidate_0563,grid,grid_candidate_0563,completed,1,0,42.689510,/home/hzw/Rethinking_GNN_DP/paper_experiments/figure3/figure3_pipeline3.yaml/dataset=Books-Children/feature=raw/mechanism=mbm/x_eps=0.001/m=best/norm=false/smoother=hoa/backbone=sage/use_nfr=true/logs/grid_candidate_0563_attempt_1.log,
grid_candidate_0568,grid,grid_candidate_0568,completed,1,0,40.906582,/home/hzw/Rethinking_GNN_DP/paper_experiments/figure3/figure3_pipeline3.yaml/dataset=Books-Children/feature=raw/mechanism=mbm/x_eps=0.001/m=best/norm=false/smoother=hoa/backbone=sage/use_nfr=true/logs/grid_candidate_0568_attempt_1.log,
grid_candidate_0567,grid,grid_candidate_0567,completed,1,0,42.371783,/home/hzw/Rethinking_GNN_DP/paper_experiments/figure3/figure3_pipeline3.yaml/dataset=Books-Children/feature=raw/mechanism=mbm/x_eps=0.001/m=best/norm=false/smoother=hoa/backbone=sage/use_nfr=true/logs/grid_candidate_0567_attempt_1.log,
grid_candidate_0566,grid,grid_candidate_0566,completed,1,0,47.297002,/home/hzw/Rethinking_GNN_DP/paper_experiments/figure3/figure3_pipeline3.yaml/dataset=Books-Children/feature=raw/mechanism=mbm/x_eps=0.001/m=best/norm=false/smoother=hoa/backbone=sage/use_nfr=true/logs/grid_candidate_0566_attempt_1.log,
grid_candidate_0572,grid,grid_candidate_0572,completed,1,0,40.493489,/home/hzw/Rethinking_GNN_DP/paper_experiments/figure3/figure3_pipeline3.yaml/dataset=Books-Children/feature=raw/mechanism=mbm/x_eps=0.001/m=best/norm=false/smoother=hoa/backbone=sage/use_nfr=true/logs/grid_candidate_0572_attempt_1.log,
grid_candidate_0575,grid,grid_candidate_0575,completed,1,0,30.883171,/home/hzw/Rethinking_GNN_DP/paper_experiments/figure3/figure3_pipeline3.yaml/dataset=Books-Children/feature=raw/mechanism=mbm/x_eps=0.001/m=best/norm=false/smoother=hoa/backbone=sage/use_nfr=true/logs/grid_candidate_0575_attempt_1.log,
grid_candidate_0569,grid,grid_candidate_0569,completed,1,0,43.301628,/home/hzw/Rethinking_GNN_DP/paper_experiments/figure3/figure3_pipeline3.yaml/dataset=Books-Children/feature=raw/mechanism=mbm/x_eps=0.001/m=best/norm=false/smoother=hoa/backbone=sage/use_nfr=true/logs/grid_candidate_0569_attempt_1.log,
grid_candidate_0571,grid,grid_candidate_0571,completed,1,0,43.517893,/home/hzw/Rethinking_GNN_DP/paper_experiments/figure3/figure3_pipeline3.yaml/dataset=Books-Children/feature=raw/mechanism=mbm/x_eps=0.001/m=best/norm=false/smoother=hoa/backbone=sage/use_nfr=true/logs/grid_candidate_0571_attempt_1.log,
grid_candidate_0573,grid,grid_candidate_0573,completed,1,0,52.959300,/home/hzw/Rethinking_GNN_DP/paper_experiments/figure3/figure3_pipeline3.yaml/dataset=Books-Children/feature=raw/mechanism=mbm/x_eps=0.001/m=best/norm=false/smoother=hoa/backbone=sage/use_nfr=true/logs/grid_candidate_0573_attempt_1.log,
grid_candidate_0570,grid,grid_candidate_0570,completed,1,0,56.276672,/home/hzw/Rethinking_GNN_DP/paper_experiments/figure3/figure3_pipeline3.yaml/dataset=Books-Children/feature=raw/mechanism=mbm/x_eps=0.001/m=best/norm=false/smoother=hoa/backbone=sage/use_nfr=true/logs/grid_candidate_0570_attempt_1.log,
grid_candidate_0574,grid,grid_candidate_0574,completed,1,0,49.852431,/home/hzw/Rethinking_GNN_DP/paper_experiments/figure3/figure3_pipeline3.yaml/dataset=Books-Children/feature=raw/mechanism=mbm/x_eps=0.001/m=best/norm=false/smoother=hoa/backbone=sage/use_nfr=true/logs/grid_candidate_0574_attempt_1.log,
grid_candidate_0577,grid,grid_candidate_0577,completed,1,0,47.188986,/home/hzw/Rethinking_GNN_DP/paper_experiments/figure3/figure3_pipeline3.yaml/dataset=Books-Children/feature=raw/mechanism=mbm/x_eps=0.001/m=best/norm=false/smoother=hoa/backbone=sage/use_nfr=true/logs/grid_candidate_0577_attempt_1.log,
grid_candidate_0576,grid,grid_candidate_0576,completed,1,0,48.573678,/home/hzw/Rethinking_GNN_DP/paper_experiments/figure3/figure3_pipeline3.yaml/dataset=Books-Children/feature=raw/mechanism=mbm/x_eps=0.001/m=best/norm=false/smoother=hoa/backbone=sage/use_nfr=true/logs/grid_candidate_0576_attempt_1.log,
grid_candidate_0579,grid,grid_candidate_0579,completed,1,0,49.104506,/home/hzw/Rethinking_GNN_DP/paper_experiments/figure3/figure3_pipeline3.yaml/dataset=Books-Children/feature=raw/mechanism=mbm/x_eps=0.001/m=best/norm=false/smoother=hoa/backbone=sage/use_nfr=true/logs/grid_candidate_0579_attempt_1.log,
grid_candidate_0578,grid,grid_candidate_0578,completed,1,0,51.737726,/home/hzw/Rethinking_GNN_DP/paper_experiments/figure3/figure3_pipeline3.yaml/dataset=Books-Children/feature=raw/mechanism=mbm/x_eps=0.001/m=best/norm=false/smoother=hoa/backbone=sage/use_nfr=true/logs/grid_candidate_0578_attempt_1.log,
grid_candidate_0581,grid,grid_candidate_0581,completed,1,0,51.069792,/home/hzw/Rethinking_GNN_DP/paper_experiments/figure3/figure3_pipeline3.yaml/dataset=Books-Children/feature=raw/mechanism=mbm/x_eps=0.001/m=best/norm=false/smoother=hoa/backbone=sage/use_nfr=true/logs/grid_candidate_0581_attempt_1.log,
grid_candidate_0590,grid,grid_candidate_0590,completed,1,0,45.931918,/home/hzw/Rethinking_GNN_DP/paper_experiments/figure3/figure3_pipeline3.yaml/dataset=Books-Children/feature=raw/mechanism=mbm/x_eps=0.001/m=best/norm=false/smoother=hoa/backbone=sage/use_nfr=true/logs/grid_candidate_0590_attempt_1.log,
grid_candidate_0582,grid,grid_candidate_0582,completed,1,0,51.848333,/home/hzw/Rethinking_GNN_DP/paper_experiments/figure3/figure3_pipeline3.yaml/dataset=Books-Children/feature=raw/mechanism=mbm/x_eps=0.001/m=best/norm=false/smoother=hoa/backbone=sage/use_nfr=true/logs/grid_candidate_0582_attempt_1.log,
grid_candidate_0580,grid,grid_candidate_0580,completed,1,0,52.904488,/home/hzw/Rethinking_GNN_DP/paper_experiments/figure3/figure3_pipeline3.yaml/dataset=Books-Children/feature=raw/mechanism=mbm/x_eps=0.001/m=best/norm=false/smoother=hoa/backbone=sage/use_nfr=true/logs/grid_candidate_0580_attempt_1.log,
grid_candidate_0584,grid,grid_candidate_0584,completed,1,0,52.830637,/home/hzw/Rethinking_GNN_DP/paper_experiments/figure3/figure3_pipeline3.yaml/dataset=Books-Children/feature=raw/mechanism=mbm/x_eps=0.001/m=best/norm=false/smoother=hoa/backbone=sage/use_nfr=true/logs/grid_candidate_0584_attempt_1.log,
grid_candidate_0588,grid,grid_candidate_0588,completed,1,0,50.556673,/home/hzw/Rethinking_GNN_DP/paper_experiments/figure3/figure3_pipeline3.yaml/dataset=Books-Children/feature=raw/mechanism=mbm/x_eps=0.001/m=best/norm=false/smoother=hoa/backbone=sage/use_nfr=true/logs/grid_candidate_0588_attempt_1.log,
grid_candidate_0583,grid,grid_candidate_0583,completed,1,0,53.631467,/home/hzw/Rethinking_GNN_DP/paper_experiments/figure3/figure3_pipeline3.yaml/dataset=Books-Children/feature=raw/mechanism=mbm/x_eps=0.001/m=best/norm=false/smoother=hoa/backbone=sage/use_nfr=true/logs/grid_candidate_0583_attempt_1.log,
grid_candidate_0587,grid,grid_candidate_0587,completed,1,0,51.897107,/home/hzw/Rethinking_GNN_DP/paper_experiments/figure3/figure3_pipeline3.yaml/dataset=Books-Children/feature=raw/mechanism=mbm/x_eps=0.001/m=best/norm=false/smoother=hoa/backbone=sage/use_nfr=true/logs/grid_candidate_0587_attempt_1.log,
grid_candidate_0591,grid,grid_candidate_0591,completed,1,0,47.241577,/home/hzw/Rethinking_GNN_DP/paper_experiments/figure3/figure3_pipeline3.yaml/dataset=Books-Children/feature=raw/mechanism=mbm/x_eps=0.001/m=best/norm=false/smoother=hoa/backbone=sage/use_nfr=true/logs/grid_candidate_0591_attempt_1.log,
grid_candidate_0586,grid,grid_candidate_0586,completed,1,0,52.712034,/home/hzw/Rethinking_GNN_DP/paper_experiments/figure3/figure3_pipeline3.yaml/dataset=Books-Children/feature=raw/mechanism=mbm/x_eps=0.001/m=best/norm=false/smoother=hoa/backbone=sage/use_nfr=true/logs/grid_candidate_0586_attempt_1.log,
grid_candidate_0589,grid,grid_candidate_0589,completed,1,0,52.801576,/home/hzw/Rethinking_GNN_DP/paper_experiments/figure3/figure3_pipeline3.yaml/dataset=Books-Children/feature=raw/mechanism=mbm/x_eps=0.001/m=best/norm=false/smoother=hoa/backbone=sage/use_nfr=true/logs/grid_candidate_0589_attempt_1.log,
grid_candidate_0592,grid,grid_candidate_0592,completed,1,0,51.609035,/home/hzw/Rethinking_GNN_DP/paper_experiments/figure3/figure3_pipeline3.yaml/dataset=Books-Children/feature=raw/mechanism=mbm/x_eps=0.001/m=best/norm=false/smoother=hoa/backbone=sage/use_nfr=true/logs/grid_candidate_0592_attempt_1.log,
grid_candidate_0593,grid,grid_candidate_0593,completed,1,0,51.628385,/home/hzw/Rethinking_GNN_DP/paper_experiments/figure3/figure3_pipeline3.yaml/dataset=Books-Children/feature=raw/mechanism=mbm/x_eps=0.001/m=best/norm=false/smoother=hoa/backbone=sage/use_nfr=true/logs/grid_candidate_0593_attempt_1.log,
grid_candidate_0585,grid,grid_candidate_0585,completed,1,0,58.722391,/home/hzw/Rethinking_GNN_DP/paper_experiments/figure3/figure3_pipeline3.yaml/dataset=Books-Children/feature=raw/mechanism=mbm/x_eps=0.001/m=best/norm=false/smoother=hoa/backbone=sage/use_nfr=true/logs/grid_candidate_0585_attempt_1.log,
grid_candidate_0594,grid,grid_candidate_0594,completed,1,0,50.897149,/home/hzw/Rethinking_GNN_DP/paper_experiments/figure3/figure3_pipeline3.yaml/dataset=Books-Children/feature=raw/mechanism=mbm/x_eps=0.001/m=best/norm=false/smoother=hoa/backbone=sage/use_nfr=true/logs/grid_candidate_0594_attempt_1.log,
grid_candidate_0596,grid,grid_candidate_0596,completed,1,0,49.609918,/home/hzw/Rethinking_GNN_DP/paper_experiments/figure3/figure3_pipeline3.yaml/dataset=Books-Children/feature=raw/mechanism=mbm/x_eps=0.001/m=best/norm=false/smoother=hoa/backbone=sage/use_nfr=true/logs/grid_candidate_0596_attempt_1.log,
grid_candidate_0595,grid,grid_candidate_0595,completed,1,0,51.410627,/home/hzw/Rethinking_GNN_DP/paper_experiments/figure3/figure3_pipeline3.yaml/dataset=Books-Children/feature=raw/mechanism=mbm/x_eps=0.001/m=best/norm=false/smoother=hoa/backbone=sage/use_nfr=true/logs/grid_candidate_0595_attempt_1.log,
grid_candidate_0598,grid,grid_candidate_0598,completed,1,0,49.501527,/home/hzw/Rethinking_GNN_DP/paper_experiments/figure3/figure3_pipeline3.yaml/dataset=Books-Children/feature=raw/mechanism=mbm/x_eps=0.001/m=best/norm=false/smoother=hoa/backbone=sage/use_nfr=true/logs/grid_candidate_0598_attempt_1.log,
grid_candidate_0597,grid,grid_candidate_0597,completed,1,0,51.023886,/home/hzw/Rethinking_GNN_DP/paper_experiments/figure3/figure3_pipeline3.yaml/dataset=Books-Children/feature=raw/mechanism=mbm/x_eps=0.001/m=best/norm=false/smoother=hoa/backbone=sage/use_nfr=true/logs/grid_candidate_0597_attempt_1.log,
grid_candidate_0599,grid,grid_candidate_0599,completed,1,0,51.361703,/home/hzw/Rethinking_GNN_DP/paper_experiments/figure3/figure3_pipeline3.yaml/dataset=Books-Children/feature=raw/mechanism=mbm/x_eps=0.001/m=best/norm=false/smoother=hoa/backbone=sage/use_nfr=true/logs/grid_candidate_0599_attempt_1.log,
grid_candidate_0601,grid,grid_candidate_0601,completed,1,0,50.616196,/home/hzw/Rethinking_GNN_DP/paper_experiments/figure3/figure3_pipeline3.yaml/dataset=Books-Children/feature=raw/mechanism=mbm/x_eps=0.001/m=best/norm=false/smoother=hoa/backbone=sage/use_nfr=true/logs/grid_candidate_0601_attempt_1.log,
grid_candidate_0603,grid,grid_candidate_0603,completed,1,0,45.814389,/home/hzw/Rethinking_GNN_DP/paper_experiments/figure3/figure3_pipeline3.yaml/dataset=Books-Children/feature=raw/mechanism=mbm/x_eps=0.001/m=best/norm=false/smoother=hoa/backbone=sage/use_nfr=true/logs/grid_candidate_0603_attempt_1.log,
grid_candidate_0606,grid,grid_candidate_0606,completed,1,0,43.947817,/home/hzw/Rethinking_GNN_DP/paper_experiments/figure3/figure3_pipeline3.yaml/dataset=Books-Children/feature=raw/mechanism=mbm/x_eps=0.001/m=best/norm=false/smoother=hoa/backbone=sage/use_nfr=true/logs/grid_candidate_0606_attempt_1.log,
grid_candidate_0602,grid,grid_candidate_0602,completed,1,0,47.427659,/home/hzw/Rethinking_GNN_DP/paper_experiments/figure3/figure3_pipeline3.yaml/dataset=Books-Children/feature=raw/mechanism=mbm/x_eps=0.001/m=best/norm=false/smoother=hoa/backbone=sage/use_nfr=true/logs/grid_candidate_0602_attempt_1.log,
grid_candidate_0604,grid,grid_candidate_0604,completed,1,0,46.803106,/home/hzw/Rethinking_GNN_DP/paper_experiments/figure3/figure3_pipeline3.yaml/dataset=Books-Children/feature=raw/mechanism=mbm/x_eps=0.001/m=best/norm=false/smoother=hoa/backbone=sage/use_nfr=true/logs/grid_candidate_0604_attempt_1.log,
grid_candidate_0605,grid,grid_candidate_0605,completed,1,0,46.679543,/home/hzw/Rethinking_GNN_DP/paper_experiments/figure3/figure3_pipeline3.yaml/dataset=Books-Children/feature=raw/mechanism=mbm/x_eps=0.001/m=best/norm=false/smoother=hoa/backbone=sage/use_nfr=true/logs/grid_candidate_0605_attempt_1.log,
grid_candidate_0607,grid,grid_candidate_0607,completed,1,0,46.118045,/home/hzw/Rethinking_GNN_DP/paper_experiments/figure3/figure3_pipeline3.yaml/dataset=Books-Children/feature=raw/mechanism=mbm/x_eps=0.001/m=best/norm=false/smoother=hoa/backbone=sage/use_nfr=true/logs/grid_candidate_0607_attempt_1.log,
grid_candidate_0600,grid,grid_candidate_0600,completed,1,0,59.904816,/home/hzw/Rethinking_GNN_DP/paper_experiments/figure3/figure3_pipeline3.yaml/dataset=Books-Children/feature=raw/mechanism=mbm/x_eps=0.001/m=best/norm=false/smoother=hoa/backbone=sage/use_nfr=true/logs/grid_candidate_0600_attempt_1.log,
grid_candidate_0608,grid,grid_candidate_0608,completed,1,0,45.010895,/home/hzw/Rethinking_GNN_DP/paper_experiments/figure3/figure3_pipeline3.yaml/dataset=Books-Children/feature=raw/mechanism=mbm/x_eps=0.001/m=best/norm=false/smoother=hoa/backbone=sage/use_nfr=true/logs/grid_candidate_0608_attempt_1.log,
grid_candidate_0609,grid,grid_candidate_0609,completed,1,0,48.226547,/home/hzw/Rethinking_GNN_DP/paper_experiments/figure3/figure3_pipeline3.yaml/dataset=Books-Children/feature=raw/mechanism=mbm/x_eps=0.001/m=best/norm=false/smoother=hoa/backbone=sage/use_nfr=true/logs/grid_candidate_0609_attempt_1.log,
grid_candidate_0613,grid,grid_candidate_0613,completed,1,0,43.460516,/home/hzw/Rethinking_GNN_DP/paper_experiments/figure3/figure3_pipeline3.yaml/dataset=Books-Children/feature=raw/mechanism=mbm/x_eps=0.001/m=best/norm=false/smoother=hoa/backbone=sage/use_nfr=true/logs/grid_candidate_0613_attempt_1.log,
grid_candidate_0610,grid,grid_candidate_0610,completed,1,0,47.654521,/home/hzw/Rethinking_GNN_DP/paper_experiments/figure3/figure3_pipeline3.yaml/dataset=Books-Children/feature=raw/mechanism=mbm/x_eps=0.001/m=best/norm=false/smoother=hoa/backbone=sage/use_nfr=true/logs/grid_candidate_0610_attempt_1.log,
grid_candidate_0612,grid,grid_candidate_0612,completed,1,0,46.577997,/home/hzw/Rethinking_GNN_DP/paper_experiments/figure3/figure3_pipeline3.yaml/dataset=Books-Children/feature=raw/mechanism=mbm/x_eps=0.001/m=best/norm=false/smoother=hoa/backbone=sage/use_nfr=true/logs/grid_candidate_0612_attempt_1.log,
grid_candidate_0611,grid,grid_candidate_0611,completed,1,0,48.225103,/home/hzw/Rethinking_GNN_DP/paper_experiments/figure3/figure3_pipeline3.yaml/dataset=Books-Children/feature=raw/mechanism=mbm/x_eps=0.001/m=best/norm=false/smoother=hoa/backbone=sage/use_nfr=true/logs/grid_candidate_0611_attempt_1.log,
grid_candidate_0615,grid,grid_candidate_0615,completed,1,0,46.027638,/home/hzw/Rethinking_GNN_DP/paper_experiments/figure3/figure3_pipeline3.yaml/dataset=Books-Children/feature=raw/mechanism=mbm/x_eps=0.001/m=best/norm=false/smoother=hoa/backbone=sage/use_nfr=true/logs/grid_candidate_0615_attempt_1.log,
grid_candidate_0614,grid,grid_candidate_0614,completed,1,0,49.880465,/home/hzw/Rethinking_GNN_DP/paper_experiments/figure3/figure3_pipeline3.yaml/dataset=Books-Children/feature=raw/mechanism=mbm/x_eps=0.001/m=best/norm=false/smoother=hoa/backbone=sage/use_nfr=true/logs/grid_candidate_0614_attempt_1.log,
grid_candidate_0619,grid,grid_candidate_0619,completed,1,0,44.823750,/home/hzw/Rethinking_GNN_DP/paper_experiments/figure3/figure3_pipeline3.yaml/dataset=Books-Children/feature=raw/mechanism=mbm/x_eps=0.001/m=best/norm=false/smoother=hoa/backbone=sage/use_nfr=true/logs/grid_candidate_0619_attempt_1.log,
grid_candidate_0616,grid,grid_candidate_0616,completed,1,0,48.940746,/home/hzw/Rethinking_GNN_DP/paper_experiments/figure3/figure3_pipeline3.yaml/dataset=Books-Children/feature=raw/mechanism=mbm/x_eps=0.001/m=best/norm=false/smoother=hoa/backbone=sage/use_nfr=true/logs/grid_candidate_0616_attempt_1.log,
grid_candidate_0618,grid,grid_candidate_0618,completed,1,0,48.071477,/home/hzw/Rethinking_GNN_DP/paper_experiments/figure3/figure3_pipeline3.yaml/dataset=Books-Children/feature=raw/mechanism=mbm/x_eps=0.001/m=best/norm=false/smoother=hoa/backbone=sage/use_nfr=true/logs/grid_candidate_0618_attempt_1.log,
grid_candidate_0621,grid,grid_candidate_0621,completed,1,0,46.253142,/home/hzw/Rethinking_GNN_DP/paper_experiments/figure3/figure3_pipeline3.yaml/dataset=Books-Children/feature=raw/mechanism=mbm/x_eps=0.001/m=best/norm=false/smoother=hoa/backbone=sage/use_nfr=true/logs/grid_candidate_0621_attempt_1.log,
grid_candidate_0617,grid,grid_candidate_0617,completed,1,0,50.542601,/home/hzw/Rethinking_GNN_DP/paper_experiments/figure3/figure3_pipeline3.yaml/dataset=Books-Children/feature=raw/mechanism=mbm/x_eps=0.001/m=best/norm=false/smoother=hoa/backbone=sage/use_nfr=true/logs/grid_candidate_0617_attempt_1.log,
grid_candidate_0622,grid,grid_candidate_0622,completed,1,0,48.393658,/home/hzw/Rethinking_GNN_DP/paper_experiments/figure3/figure3_pipeline3.yaml/dataset=Books-Children/feature=raw/mechanism=mbm/x_eps=0.001/m=best/norm=false/smoother=hoa/backbone=sage/use_nfr=true/logs/grid_candidate_0622_attempt_1.log,
grid_candidate_0620,grid,grid_candidate_0620,completed,1,0,49.374258,/home/hzw/Rethinking_GNN_DP/paper_experiments/figure3/figure3_pipeline3.yaml/dataset=Books-Children/feature=raw/mechanism=mbm/x_eps=0.001/m=best/norm=false/smoother=hoa/backbone=sage/use_nfr=true/logs/grid_candidate_0620_attempt_1.log,
grid_candidate_0625,grid,grid_candidate_0625,completed,1,0,47.651383,/home/hzw/Rethinking_GNN_DP/paper_experiments/figure3/figure3_pipeline3.yaml/dataset=Books-Children/feature=raw/mechanism=mbm/x_eps=0.001/m=best/norm=false/smoother=hoa/backbone=sage/use_nfr=true/logs/grid_candidate_0625_attempt_1.log,
grid_candidate_0636,grid,grid_candidate_0636,completed,1,0,36.883051,/home/hzw/Rethinking_GNN_DP/paper_experiments/figure3/figure3_pipeline3.yaml/dataset=Books-Children/feature=raw/mechanism=mbm/x_eps=0.001/m=best/norm=false/smoother=hoa/backbone=sage/use_nfr=true/logs/grid_candidate_0636_attempt_1.log,
grid_candidate_0624,grid,grid_candidate_0624,completed,1,0,50.402167,/home/hzw/Rethinking_GNN_DP/paper_experiments/figure3/figure3_pipeline3.yaml/dataset=Books-Children/feature=raw/mechanism=mbm/x_eps=0.001/m=best/norm=false/smoother=hoa/backbone=sage/use_nfr=true/logs/grid_candidate_0624_attempt_1.log,
grid_candidate_0626,grid,grid_candidate_0626,completed,1,0,47.981341,/home/hzw/Rethinking_GNN_DP/paper_experiments/figure3/figure3_pipeline3.yaml/dataset=Books-Children/feature=raw/mechanism=mbm/x_eps=0.001/m=best/norm=false/smoother=hoa/backbone=sage/use_nfr=true/logs/grid_candidate_0626_attempt_1.log,
grid_candidate_0623,grid,grid_candidate_0623,completed,1,0,51.773334,/home/hzw/Rethinking_GNN_DP/paper_experiments/figure3/figure3_pipeline3.yaml/dataset=Books-Children/feature=raw/mechanism=mbm/x_eps=0.001/m=best/norm=false/smoother=hoa/backbone=sage/use_nfr=true/logs/grid_candidate_0623_attempt_1.log,
grid_candidate_0628,grid,grid_candidate_0628,completed,1,0,46.615106,/home/hzw/Rethinking_GNN_DP/paper_experiments/figure3/figure3_pipeline3.yaml/dataset=Books-Children/feature=raw/mechanism=mbm/x_eps=0.001/m=best/norm=false/smoother=hoa/backbone=sage/use_nfr=true/logs/grid_candidate_0628_attempt_1.log,
grid_candidate_0627,grid,grid_candidate_0627,completed,1,0,49.016351,/home/hzw/Rethinking_GNN_DP/paper_experiments/figure3/figure3_pipeline3.yaml/dataset=Books-Children/feature=raw/mechanism=mbm/x_eps=0.001/m=best/norm=false/smoother=hoa/backbone=sage/use_nfr=true/logs/grid_candidate_0627_attempt_1.log,
grid_candidate_0634,grid,grid_candidate_0634,completed,1,0,47.290903,/home/hzw/Rethinking_GNN_DP/paper_experiments/figure3/figure3_pipeline3.yaml/dataset=Books-Children/feature=raw/mechanism=mbm/x_eps=0.001/m=best/norm=false/smoother=hoa/backbone=sage/use_nfr=true/logs/grid_candidate_0634_attempt_1.log,
grid_candidate_0632,grid,grid_candidate_0632,completed,1,0,49.731045,/home/hzw/Rethinking_GNN_DP/paper_experiments/figure3/figure3_pipeline3.yaml/dataset=Books-Children/feature=raw/mechanism=mbm/x_eps=0.001/m=best/norm=false/smoother=hoa/backbone=sage/use_nfr=true/logs/grid_candidate_0632_attempt_1.log,
grid_candidate_0629,grid,grid_candidate_0629,completed,1,0,51.576108,/home/hzw/Rethinking_GNN_DP/paper_experiments/figure3/figure3_pipeline3.yaml/dataset=Books-Children/feature=raw/mechanism=mbm/x_eps=0.001/m=best/norm=false/smoother=hoa/backbone=sage/use_nfr=true/logs/grid_candidate_0629_attempt_1.log,
grid_candidate_0630,grid,grid_candidate_0630,completed,1,0,51.509821,/home/hzw/Rethinking_GNN_DP/paper_experiments/figure3/figure3_pipeline3.yaml/dataset=Books-Children/feature=raw/mechanism=mbm/x_eps=0.001/m=best/norm=false/smoother=hoa/backbone=sage/use_nfr=true/logs/grid_candidate_0630_attempt_1.log,
grid_candidate_0631,grid,grid_candidate_0631,completed,1,0,52.376768,/home/hzw/Rethinking_GNN_DP/paper_experiments/figure3/figure3_pipeline3.yaml/dataset=Books-Children/feature=raw/mechanism=mbm/x_eps=0.001/m=best/norm=false/smoother=hoa/backbone=sage/use_nfr=true/logs/grid_candidate_0631_attempt_1.log,
grid_candidate_0633,grid,grid_candidate_0633,completed,1,0,52.166054,/home/hzw/Rethinking_GNN_DP/paper_experiments/figure3/figure3_pipeline3.yaml/dataset=Books-Children/feature=raw/mechanism=mbm/x_eps=0.001/m=best/norm=false/smoother=hoa/backbone=sage/use_nfr=true/logs/grid_candidate_0633_attempt_1.log,
grid_candidate_0635,grid,grid_candidate_0635,completed,1,0,51.217841,/home/hzw/Rethinking_GNN_DP/paper_experiments/figure3/figure3_pipeline3.yaml/dataset=Books-Children/feature=raw/mechanism=mbm/x_eps=0.001/m=best/norm=false/smoother=hoa/backbone=sage/use_nfr=true/logs/grid_candidate_0635_attempt_1.log,
grid_candidate_0638,grid,grid_candidate_0638,completed,1,0,48.436701,/home/hzw/Rethinking_GNN_DP/paper_experiments/figure3/figure3_pipeline3.yaml/dataset=Books-Children/feature=raw/mechanism=mbm/x_eps=0.001/m=best/norm=false/smoother=hoa/backbone=sage/use_nfr=true/logs/grid_candidate_0638_attempt_1.log,
grid_candidate_0637,grid,grid_candidate_0637,completed,1,0,51.258356,/home/hzw/Rethinking_GNN_DP/paper_experiments/figure3/figure3_pipeline3.yaml/dataset=Books-Children/feature=raw/mechanism=mbm/x_eps=0.001/m=best/norm=false/smoother=hoa/backbone=sage/use_nfr=true/logs/grid_candidate_0637_attempt_1.log,
grid_candidate_0639,grid,grid_candidate_0639,completed,1,0,50.853463,/home/hzw/Rethinking_GNN_DP/paper_experiments/figure3/figure3_pipeline3.yaml/dataset=Books-Children/feature=raw/mechanism=mbm/x_eps=0.001/m=best/norm=false/smoother=hoa/backbone=sage/use_nfr=true/logs/grid_candidate_0639_attempt_1.log,
grid_candidate_0643,grid,grid_candidate_0643,completed,1,0,47.596523,/home/hzw/Rethinking_GNN_DP/paper_experiments/figure3/figure3_pipeline3.yaml/dataset=Books-Children/feature=raw/mechanism=mbm/x_eps=0.001/m=best/norm=false/smoother=hoa/backbone=sage/use_nfr=true/logs/grid_candidate_0643_attempt_1.log,
grid_candidate_0641,grid,grid_candidate_0641,completed,1,0,49.045766,/home/hzw/Rethinking_GNN_DP/paper_experiments/figure3/figure3_pipeline3.yaml/dataset=Books-Children/feature=raw/mechanism=mbm/x_eps=0.001/m=best/norm=false/smoother=hoa/backbone=sage/use_nfr=true/logs/grid_candidate_0641_attempt_1.log,
grid_candidate_0644,grid,grid_candidate_0644,completed,1,0,48.740062,/home/hzw/Rethinking_GNN_DP/paper_experiments/figure3/figure3_pipeline3.yaml/dataset=Books-Children/feature=raw/mechanism=mbm/x_eps=0.001/m=best/norm=false/smoother=hoa/backbone=sage/use_nfr=true/logs/grid_candidate_0644_attempt_1.log,
grid_candidate_0640,grid,grid_candidate_0640,completed,1,0,52.023101,/home/hzw/Rethinking_GNN_DP/paper_experiments/figure3/figure3_pipeline3.yaml/dataset=Books-Children/feature=raw/mechanism=mbm/x_eps=0.001/m=best/norm=false/smoother=hoa/backbone=sage/use_nfr=true/logs/grid_candidate_0640_attempt_1.log,
grid_candidate_0642,grid,grid_candidate_0642,completed,1,0,50.459344,/home/hzw/Rethinking_GNN_DP/paper_experiments/figure3/figure3_pipeline3.yaml/dataset=Books-Children/feature=raw/mechanism=mbm/x_eps=0.001/m=best/norm=false/smoother=hoa/backbone=sage/use_nfr=true/logs/grid_candidate_0642_attempt_1.log,
grid_candidate_0653,grid,grid_candidate_0653,completed,1,0,31.954644,/home/hzw/Rethinking_GNN_DP/paper_experiments/figure3/figure3_pipeline3.yaml/dataset=Books-Children/feature=raw/mechanism=mbm/x_eps=0.001/m=best/norm=false/smoother=hoa/backbone=sage/use_nfr=true/logs/grid_candidate_0653_attempt_1.log,
grid_candidate_0647,grid,grid_candidate_0647,completed,1,0,45.947842,/home/hzw/Rethinking_GNN_DP/paper_experiments/figure3/figure3_pipeline3.yaml/dataset=Books-Children/feature=raw/mechanism=mbm/x_eps=0.001/m=best/norm=false/smoother=hoa/backbone=sage/use_nfr=true/logs/grid_candidate_0647_attempt_1.log,
grid_candidate_0646,grid,grid_candidate_0646,completed,1,0,48.413483,/home/hzw/Rethinking_GNN_DP/paper_experiments/figure3/figure3_pipeline3.yaml/dataset=Books-Children/feature=raw/mechanism=mbm/x_eps=0.001/m=best/norm=false/smoother=hoa/backbone=sage/use_nfr=true/logs/grid_candidate_0646_attempt_1.log,
grid_candidate_0648,grid,grid_candidate_0648,completed,1,0,48.713513,/home/hzw/Rethinking_GNN_DP/paper_experiments/figure3/figure3_pipeline3.yaml/dataset=Books-Children/feature=raw/mechanism=mbm/x_eps=0.001/m=best/norm=false/smoother=hoa/backbone=sage/use_nfr=true/logs/grid_candidate_0648_attempt_1.log,
grid_candidate_0645,grid,grid_candidate_0645,completed,1,0,51.496919,/home/hzw/Rethinking_GNN_DP/paper_experiments/figure3/figure3_pipeline3.yaml/dataset=Books-Children/feature=raw/mechanism=mbm/x_eps=0.001/m=best/norm=false/smoother=hoa/backbone=sage/use_nfr=true/logs/grid_candidate_0645_attempt_1.log,
grid_candidate_0650,grid,grid_candidate_0650,completed,1,0,48.691554,/home/hzw/Rethinking_GNN_DP/paper_experiments/figure3/figure3_pipeline3.yaml/dataset=Books-Children/feature=raw/mechanism=mbm/x_eps=0.001/m=best/norm=false/smoother=hoa/backbone=sage/use_nfr=true/logs/grid_candidate_0650_attempt_1.log,
grid_candidate_0649,grid,grid_candidate_0649,completed,1,0,52.297964,/home/hzw/Rethinking_GNN_DP/paper_experiments/figure3/figure3_pipeline3.yaml/dataset=Books-Children/feature=raw/mechanism=mbm/x_eps=0.001/m=best/norm=false/smoother=hoa/backbone=sage/use_nfr=true/logs/grid_candidate_0649_attempt_1.log,
grid_candidate_0652,grid,grid_candidate_0652,completed,1,0,49.000568,/home/hzw/Rethinking_GNN_DP/paper_experiments/figure3/figure3_pipeline3.yaml/dataset=Books-Children/feature=raw/mechanism=mbm/x_eps=0.001/m=best/norm=false/smoother=hoa/backbone=sage/use_nfr=true/logs/grid_candidate_0652_attempt_1.log,
grid_candidate_0651,grid,grid_candidate_0651,completed,1,0,49.512231,/home/hzw/Rethinking_GNN_DP/paper_experiments/figure3/figure3_pipeline3.yaml/dataset=Books-Children/feature=raw/mechanism=mbm/x_eps=0.001/m=best/norm=false/smoother=hoa/backbone=sage/use_nfr=true/logs/grid_candidate_0651_attempt_1.log,
grid_candidate_0657,grid,grid_candidate_0657,completed,1,0,47.513787,/home/hzw/Rethinking_GNN_DP/paper_experiments/figure3/figure3_pipeline3.yaml/dataset=Books-Children/feature=raw/mechanism=mbm/x_eps=0.001/m=best/norm=false/smoother=hoa/backbone=sage/use_nfr=true/logs/grid_candidate_0657_attempt_1.log,
grid_candidate_0654,grid,grid_candidate_0654,completed,1,0,50.234560,/home/hzw/Rethinking_GNN_DP/paper_experiments/figure3/figure3_pipeline3.yaml/dataset=Books-Children/feature=raw/mechanism=mbm/x_eps=0.001/m=best/norm=false/smoother=hoa/backbone=sage/use_nfr=true/logs/grid_candidate_0654_attempt_1.log,
grid_candidate_0656,grid,grid_candidate_0656,completed,1,0,49.095984,/home/hzw/Rethinking_GNN_DP/paper_experiments/figure3/figure3_pipeline3.yaml/dataset=Books-Children/feature=raw/mechanism=mbm/x_eps=0.001/m=best/norm=false/smoother=hoa/backbone=sage/use_nfr=true/logs/grid_candidate_0656_attempt_1.log,
grid_candidate_0660,grid,grid_candidate_0660,completed,1,0,49.479108,/home/hzw/Rethinking_GNN_DP/paper_experiments/figure3/figure3_pipeline3.yaml/dataset=Books-Children/feature=raw/mechanism=mbm/x_eps=0.001/m=best/norm=false/smoother=hoa/backbone=sage/use_nfr=true/logs/grid_candidate_0660_attempt_1.log,
grid_candidate_0658,grid,grid_candidate_0658,completed,1,0,52.408044,/home/hzw/Rethinking_GNN_DP/paper_experiments/figure3/figure3_pipeline3.yaml/dataset=Books-Children/feature=raw/mechanism=mbm/x_eps=0.001/m=best/norm=false/smoother=hoa/backbone=sage/use_nfr=true/logs/grid_candidate_0658_attempt_1.log,
grid_candidate_0659,grid,grid_candidate_0659,completed,1,0,52.616986,/home/hzw/Rethinking_GNN_DP/paper_experiments/figure3/figure3_pipeline3.yaml/dataset=Books-Children/feature=raw/mechanism=mbm/x_eps=0.001/m=best/norm=false/smoother=hoa/backbone=sage/use_nfr=true/logs/grid_candidate_0659_attempt_1.log,
grid_candidate_0673,grid,grid_candidate_0673,completed,1,0,35.231633,/home/hzw/Rethinking_GNN_DP/paper_experiments/figure3/figure3_pipeline3.yaml/dataset=Books-Children/feature=raw/mechanism=mbm/x_eps=0.001/m=best/norm=false/smoother=hoa/backbone=sage/use_nfr=true/logs/grid_candidate_0673_attempt_1.log,
grid_candidate_0655,grid,grid_candidate_0655,completed,1,0,55.638385,/home/hzw/Rethinking_GNN_DP/paper_experiments/figure3/figure3_pipeline3.yaml/dataset=Books-Children/feature=raw/mechanism=mbm/x_eps=0.001/m=best/norm=false/smoother=hoa/backbone=sage/use_nfr=true/logs/grid_candidate_0655_attempt_1.log,
grid_candidate_0662,grid,grid_candidate_0662,completed,1,0,52.089658,/home/hzw/Rethinking_GNN_DP/paper_experiments/figure3/figure3_pipeline3.yaml/dataset=Books-Children/feature=raw/mechanism=mbm/x_eps=0.001/m=best/norm=false/smoother=hoa/backbone=sage/use_nfr=true/logs/grid_candidate_0662_attempt_1.log,
grid_candidate_0661,grid,grid_candidate_0661,completed,1,0,53.619146,/home/hzw/Rethinking_GNN_DP/paper_experiments/figure3/figure3_pipeline3.yaml/dataset=Books-Children/feature=raw/mechanism=mbm/x_eps=0.001/m=best/norm=false/smoother=hoa/backbone=sage/use_nfr=true/logs/grid_candidate_0661_attempt_1.log,
grid_candidate_0663,grid,grid_candidate_0663,completed,1,0,52.488857,/home/hzw/Rethinking_GNN_DP/paper_experiments/figure3/figure3_pipeline3.yaml/dataset=Books-Children/feature=raw/mechanism=mbm/x_eps=0.001/m=best/norm=false/smoother=hoa/backbone=sage/use_nfr=true/logs/grid_candidate_0663_attempt_1.log,
grid_candidate_0665,grid,grid_candidate_0665,completed,1,0,53.930665,/home/hzw/Rethinking_GNN_DP/paper_experiments/figure3/figure3_pipeline3.yaml/dataset=Books-Children/feature=raw/mechanism=mbm/x_eps=0.001/m=best/norm=false/smoother=hoa/backbone=sage/use_nfr=true/logs/grid_candidate_0665_attempt_1.log,
grid_candidate_0666,grid,grid_candidate_0666,completed,1,0,54.487207,/home/hzw/Rethinking_GNN_DP/paper_experiments/figure3/figure3_pipeline3.yaml/dataset=Books-Children/feature=raw/mechanism=mbm/x_eps=0.001/m=best/norm=false/smoother=hoa/backbone=sage/use_nfr=true/logs/grid_candidate_0666_attempt_1.log,
grid_candidate_0664,grid,grid_candidate_0664,completed,1,0,60.054792,/home/hzw/Rethinking_GNN_DP/paper_experiments/figure3/figure3_pipeline3.yaml/dataset=Books-Children/feature=raw/mechanism=mbm/x_eps=0.001/m=best/norm=false/smoother=hoa/backbone=sage/use_nfr=true/logs/grid_candidate_0664_attempt_1.log,
grid_candidate_0667,grid,grid_candidate_0667,completed,1,0,56.694749,/home/hzw/Rethinking_GNN_DP/paper_experiments/figure3/figure3_pipeline3.yaml/dataset=Books-Children/feature=raw/mechanism=mbm/x_eps=0.001/m=best/norm=false/smoother=hoa/backbone=sage/use_nfr=true/logs/grid_candidate_0667_attempt_1.log,
grid_candidate_0668,grid,grid_candidate_0668,completed,1,0,57.935564,/home/hzw/Rethinking_GNN_DP/paper_experiments/figure3/figure3_pipeline3.yaml/dataset=Books-Children/feature=raw/mechanism=mbm/x_eps=0.001/m=best/norm=false/smoother=hoa/backbone=sage/use_nfr=true/logs/grid_candidate_0668_attempt_1.log,
grid_candidate_0670,grid,grid_candidate_0670,completed,1,0,58.199019,/home/hzw/Rethinking_GNN_DP/paper_experiments/figure3/figure3_pipeline3.yaml/dataset=Books-Children/feature=raw/mechanism=mbm/x_eps=0.001/m=best/norm=false/smoother=hoa/backbone=sage/use_nfr=true/logs/grid_candidate_0670_attempt_1.log,
grid_candidate_0671,grid,grid_candidate_0671,completed,1,0,56.602054,/home/hzw/Rethinking_GNN_DP/paper_experiments/figure3/figure3_pipeline3.yaml/dataset=Books-Children/feature=raw/mechanism=mbm/x_eps=0.001/m=best/norm=false/smoother=hoa/backbone=sage/use_nfr=true/logs/grid_candidate_0671_attempt_1.log,
grid_candidate_0672,grid,grid_candidate_0672,completed,1,0,55.930357,/home/hzw/Rethinking_GNN_DP/paper_experiments/figure3/figure3_pipeline3.yaml/dataset=Books-Children/feature=raw/mechanism=mbm/x_eps=0.001/m=best/norm=false/smoother=hoa/backbone=sage/use_nfr=true/logs/grid_candidate_0672_attempt_1.log,
grid_candidate_0674,grid,grid_candidate_0674,completed,1,0,51.060978,/home/hzw/Rethinking_GNN_DP/paper_experiments/figure3/figure3_pipeline3.yaml/dataset=Books-Children/feature=raw/mechanism=mbm/x_eps=0.001/m=best/norm=false/smoother=hoa/backbone=sage/use_nfr=true/logs/grid_candidate_0674_attempt_1.log,
grid_candidate_0669,grid,grid_candidate_0669,completed,1,0,62.101337,/home/hzw/Rethinking_GNN_DP/paper_experiments/figure3/figure3_pipeline3.yaml/dataset=Books-Children/feature=raw/mechanism=mbm/x_eps=0.001/m=best/norm=false/smoother=hoa/backbone=sage/use_nfr=true/logs/grid_candidate_0669_attempt_1.log,
grid_candidate_0677,grid,grid_candidate_0677,completed,1,0,51.370419,/home/hzw/Rethinking_GNN_DP/paper_experiments/figure3/figure3_pipeline3.yaml/dataset=Books-Children/feature=raw/mechanism=mbm/x_eps=0.001/m=best/norm=false/smoother=hoa/backbone=sage/use_nfr=true/logs/grid_candidate_0677_attempt_1.log,
grid_candidate_0678,grid,grid_candidate_0678,completed,1,0,52.143416,/home/hzw/Rethinking_GNN_DP/paper_experiments/figure3/figure3_pipeline3.yaml/dataset=Books-Children/feature=raw/mechanism=mbm/x_eps=0.001/m=best/norm=false/smoother=hoa/backbone=sage/use_nfr=true/logs/grid_candidate_0678_attempt_1.log,
grid_candidate_0675,grid,grid_candidate_0675,completed,1,0,54.977373,/home/hzw/Rethinking_GNN_DP/paper_experiments/figure3/figure3_pipeline3.yaml/dataset=Books-Children/feature=raw/mechanism=mbm/x_eps=0.001/m=best/norm=false/smoother=hoa/backbone=sage/use_nfr=true/logs/grid_candidate_0675_attempt_1.log,
grid_candidate_0687,grid,grid_candidate_0687,completed,1,0,36.793753,/home/hzw/Rethinking_GNN_DP/paper_experiments/figure3/figure3_pipeline3.yaml/dataset=Books-Children/feature=raw/mechanism=mbm/x_eps=0.001/m=best/norm=false/smoother=hoa/backbone=sage/use_nfr=true/logs/grid_candidate_0687_attempt_1.log,
grid_candidate_0676,grid,grid_candidate_0676,completed,1,0,59.410209,/home/hzw/Rethinking_GNN_DP/paper_experiments/figure3/figure3_pipeline3.yaml/dataset=Books-Children/feature=raw/mechanism=mbm/x_eps=0.001/m=best/norm=false/smoother=hoa/backbone=sage/use_nfr=true/logs/grid_candidate_0676_attempt_1.log,
grid_candidate_0680,grid,grid_candidate_0680,completed,1,0,57.920630,/home/hzw/Rethinking_GNN_DP/paper_experiments/figure3/figure3_pipeline3.yaml/dataset=Books-Children/feature=raw/mechanism=mbm/x_eps=0.001/m=best/norm=false/smoother=hoa/backbone=sage/use_nfr=true/logs/grid_candidate_0680_attempt_1.log,
grid_candidate_0679,grid,grid_candidate_0679,completed,1,0,59.123934,/home/hzw/Rethinking_GNN_DP/paper_experiments/figure3/figure3_pipeline3.yaml/dataset=Books-Children/feature=raw/mechanism=mbm/x_eps=0.001/m=best/norm=false/smoother=hoa/backbone=sage/use_nfr=true/logs/grid_candidate_0679_attempt_1.log,
grid_candidate_0681,grid,grid_candidate_0681,completed,1,0,52.710169,/home/hzw/Rethinking_GNN_DP/paper_experiments/figure3/figure3_pipeline3.yaml/dataset=Books-Children/feature=raw/mechanism=mbm/x_eps=0.001/m=best/norm=false/smoother=hoa/backbone=sage/use_nfr=true/logs/grid_candidate_0681_attempt_1.log,
grid_candidate_0685,grid,grid_candidate_0685,completed,1,0,47.948313,/home/hzw/Rethinking_GNN_DP/paper_experiments/figure3/figure3_pipeline3.yaml/dataset=Books-Children/feature=raw/mechanism=mbm/x_eps=0.001/m=best/norm=false/smoother=hoa/backbone=sage/use_nfr=true/logs/grid_candidate_0685_attempt_1.log,
grid_candidate_0684,grid,grid_candidate_0684,completed,1,0,48.502770,/home/hzw/Rethinking_GNN_DP/paper_experiments/figure3/figure3_pipeline3.yaml/dataset=Books-Children/feature=raw/mechanism=mbm/x_eps=0.001/m=best/norm=false/smoother=hoa/backbone=sage/use_nfr=true/logs/grid_candidate_0684_attempt_1.log,
grid_candidate_0686,grid,grid_candidate_0686,completed,1,0,45.917013,/home/hzw/Rethinking_GNN_DP/paper_experiments/figure3/figure3_pipeline3.yaml/dataset=Books-Children/feature=raw/mechanism=mbm/x_eps=0.001/m=best/norm=false/smoother=hoa/backbone=sage/use_nfr=true/logs/grid_candidate_0686_attempt_1.log,
grid_candidate_0682,grid,grid_candidate_0682,completed,1,0,56.324661,/home/hzw/Rethinking_GNN_DP/paper_experiments/figure3/figure3_pipeline3.yaml/dataset=Books-Children/feature=raw/mechanism=mbm/x_eps=0.001/m=best/norm=false/smoother=hoa/backbone=sage/use_nfr=true/logs/grid_candidate_0682_attempt_1.log,
grid_candidate_0683,grid,grid_candidate_0683,completed,1,0,54.591487,/home/hzw/Rethinking_GNN_DP/paper_experiments/figure3/figure3_pipeline3.yaml/dataset=Books-Children/feature=raw/mechanism=mbm/x_eps=0.001/m=best/norm=false/smoother=hoa/backbone=sage/use_nfr=true/logs/grid_candidate_0683_attempt_1.log,
grid_candidate_0691,grid,grid_candidate_0691,completed,1,0,44.050234,/home/hzw/Rethinking_GNN_DP/paper_experiments/figure3/figure3_pipeline3.yaml/dataset=Books-Children/feature=raw/mechanism=mbm/x_eps=0.001/m=best/norm=false/smoother=hoa/backbone=sage/use_nfr=true/logs/grid_candidate_0691_attempt_1.log,
grid_candidate_0688,grid,grid_candidate_0688,completed,1,0,48.644467,/home/hzw/Rethinking_GNN_DP/paper_experiments/figure3/figure3_pipeline3.yaml/dataset=Books-Children/feature=raw/mechanism=mbm/x_eps=0.001/m=best/norm=false/smoother=hoa/backbone=sage/use_nfr=true/logs/grid_candidate_0688_attempt_1.log,
grid_candidate_0692,grid,grid_candidate_0692,completed,1,0,44.824566,/home/hzw/Rethinking_GNN_DP/paper_experiments/figure3/figure3_pipeline3.yaml/dataset=Books-Children/feature=raw/mechanism=mbm/x_eps=0.001/m=best/norm=false/smoother=hoa/backbone=sage/use_nfr=true/logs/grid_candidate_0692_attempt_1.log,
grid_candidate_0689,grid,grid_candidate_0689,completed,1,0,50.162816,/home/hzw/Rethinking_GNN_DP/paper_experiments/figure3/figure3_pipeline3.yaml/dataset=Books-Children/feature=raw/mechanism=mbm/x_eps=0.001/m=best/norm=false/smoother=hoa/backbone=sage/use_nfr=true/logs/grid_candidate_0689_attempt_1.log,
grid_candidate_0690,grid,grid_candidate_0690,completed,1,0,48.094242,/home/hzw/Rethinking_GNN_DP/paper_experiments/figure3/figure3_pipeline3.yaml/dataset=Books-Children/feature=raw/mechanism=mbm/x_eps=0.001/m=best/norm=false/smoother=hoa/backbone=sage/use_nfr=true/logs/grid_candidate_0690_attempt_1.log,
grid_candidate_0704,grid,grid_candidate_0704,completed,1,0,33.993766,/home/hzw/Rethinking_GNN_DP/paper_experiments/figure3/figure3_pipeline3.yaml/dataset=Books-Children/feature=raw/mechanism=mbm/x_eps=0.001/m=best/norm=false/smoother=hoa/backbone=sage/use_nfr=true/logs/grid_candidate_0704_attempt_1.log,
grid_candidate_0693,grid,grid_candidate_0693,completed,1,0,49.970243,/home/hzw/Rethinking_GNN_DP/paper_experiments/figure3/figure3_pipeline3.yaml/dataset=Books-Children/feature=raw/mechanism=mbm/x_eps=0.001/m=best/norm=false/smoother=hoa/backbone=sage/use_nfr=true/logs/grid_candidate_0693_attempt_1.log,
grid_candidate_0695,grid,grid_candidate_0695,completed,1,0,49.752066,/home/hzw/Rethinking_GNN_DP/paper_experiments/figure3/figure3_pipeline3.yaml/dataset=Books-Children/feature=raw/mechanism=mbm/x_eps=0.001/m=best/norm=false/smoother=hoa/backbone=sage/use_nfr=true/logs/grid_candidate_0695_attempt_1.log,
grid_candidate_0694,grid,grid_candidate_0694,completed,1,0,50.316207,/home/hzw/Rethinking_GNN_DP/paper_experiments/figure3/figure3_pipeline3.yaml/dataset=Books-Children/feature=raw/mechanism=mbm/x_eps=0.001/m=best/norm=false/smoother=hoa/backbone=sage/use_nfr=true/logs/grid_candidate_0694_attempt_1.log,
grid_candidate_0696,grid,grid_candidate_0696,completed,1,0,52.055088,/home/hzw/Rethinking_GNN_DP/paper_experiments/figure3/figure3_pipeline3.yaml/dataset=Books-Children/feature=raw/mechanism=mbm/x_eps=0.001/m=best/norm=false/smoother=hoa/backbone=sage/use_nfr=true/logs/grid_candidate_0696_attempt_1.log,
grid_candidate_0700,grid,grid_candidate_0700,completed,1,0,50.798278,/home/hzw/Rethinking_GNN_DP/paper_experiments/figure3/figure3_pipeline3.yaml/dataset=Books-Children/feature=raw/mechanism=mbm/x_eps=0.001/m=best/norm=false/smoother=hoa/backbone=sage/use_nfr=true/logs/grid_candidate_0700_attempt_1.log,
grid_candidate_0698,grid,grid_candidate_0698,completed,1,0,52.746246,/home/hzw/Rethinking_GNN_DP/paper_experiments/figure3/figure3_pipeline3.yaml/dataset=Books-Children/feature=raw/mechanism=mbm/x_eps=0.001/m=best/norm=false/smoother=hoa/backbone=sage/use_nfr=true/logs/grid_candidate_0698_attempt_1.log,
grid_candidate_0699,grid,grid_candidate_0699,completed,1,0,52.490001,/home/hzw/Rethinking_GNN_DP/paper_experiments/figure3/figure3_pipeline3.yaml/dataset=Books-Children/feature=raw/mechanism=mbm/x_eps=0.001/m=best/norm=false/smoother=hoa/backbone=sage/use_nfr=true/logs/grid_candidate_0699_attempt_1.log,
grid_candidate_0701,grid,grid_candidate_0701,completed,1,0,51.320520,/home/hzw/Rethinking_GNN_DP/paper_experiments/figure3/figure3_pipeline3.yaml/dataset=Books-Children/feature=raw/mechanism=mbm/x_eps=0.001/m=best/norm=false/smoother=hoa/backbone=sage/use_nfr=true/logs/grid_candidate_0701_attempt_1.log,
grid_candidate_0697,grid,grid_candidate_0697,completed,1,0,59.287043,/home/hzw/Rethinking_GNN_DP/paper_experiments/figure3/figure3_pipeline3.yaml/dataset=Books-Children/feature=raw/mechanism=mbm/x_eps=0.001/m=best/norm=false/smoother=hoa/backbone=sage/use_nfr=true/logs/grid_candidate_0697_attempt_1.log,
grid_candidate_0702,grid,grid_candidate_0702,completed,1,0,50.161605,/home/hzw/Rethinking_GNN_DP/paper_experiments/figure3/figure3_pipeline3.yaml/dataset=Books-Children/feature=raw/mechanism=mbm/x_eps=0.001/m=best/norm=false/smoother=hoa/backbone=sage/use_nfr=true/logs/grid_candidate_0702_attempt_1.log,
grid_candidate_0703,grid,grid_candidate_0703,completed,1,0,50.380767,/home/hzw/Rethinking_GNN_DP/paper_experiments/figure3/figure3_pipeline3.yaml/dataset=Books-Children/feature=raw/mechanism=mbm/x_eps=0.001/m=best/norm=false/smoother=hoa/backbone=sage/use_nfr=true/logs/grid_candidate_0703_attempt_1.log,
grid_candidate_0705,grid,grid_candidate_0705,completed,1,0,53.415618,/home/hzw/Rethinking_GNN_DP/paper_experiments/figure3/figure3_pipeline3.yaml/dataset=Books-Children/feature=raw/mechanism=mbm/x_eps=0.001/m=best/norm=false/smoother=hoa/backbone=sage/use_nfr=true/logs/grid_candidate_0705_attempt_1.log,
grid_candidate_0709,grid,grid_candidate_0709,completed,1,0,53.298192,/home/hzw/Rethinking_GNN_DP/paper_experiments/figure3/figure3_pipeline3.yaml/dataset=Books-Children/feature=raw/mechanism=mbm/x_eps=0.001/m=best/norm=false/smoother=hoa/backbone=sage/use_nfr=true/logs/grid_candidate_0709_attempt_1.log,
grid_candidate_0710,grid,grid_candidate_0710,completed,1,0,52.274060,/home/hzw/Rethinking_GNN_DP/paper_experiments/figure3/figure3_pipeline3.yaml/dataset=Books-Children/feature=raw/mechanism=mbm/x_eps=0.001/m=best/norm=false/smoother=hoa/backbone=sage/use_nfr=true/logs/grid_candidate_0710_attempt_1.log,
grid_candidate_0712,grid,grid_candidate_0712,completed,1,0,50.577006,/home/hzw/Rethinking_GNN_DP/paper_experiments/figure3/figure3_pipeline3.yaml/dataset=Books-Children/feature=raw/mechanism=mbm/x_eps=0.001/m=best/norm=false/smoother=hoa/backbone=sage/use_nfr=true/logs/grid_candidate_0712_attempt_1.log,
grid_candidate_0706,grid,grid_candidate_0706,completed,1,0,55.572221,/home/hzw/Rethinking_GNN_DP/paper_experiments/figure3/figure3_pipeline3.yaml/dataset=Books-Children/feature=raw/mechanism=mbm/x_eps=0.001/m=best/norm=false/smoother=hoa/backbone=sage/use_nfr=true/logs/grid_candidate_0706_attempt_1.log,
grid_candidate_0708,grid,grid_candidate_0708,completed,1,0,54.979225,/home/hzw/Rethinking_GNN_DP/paper_experiments/figure3/figure3_pipeline3.yaml/dataset=Books-Children/feature=raw/mechanism=mbm/x_eps=0.001/m=best/norm=false/smoother=hoa/backbone=sage/use_nfr=true/logs/grid_candidate_0708_attempt_1.log,
grid_candidate_0707,grid,grid_candidate_0707,completed,1,0,56.272195,/home/hzw/Rethinking_GNN_DP/paper_experiments/figure3/figure3_pipeline3.yaml/dataset=Books-Children/feature=raw/mechanism=mbm/x_eps=0.001/m=best/norm=false/smoother=hoa/backbone=sage/use_nfr=true/logs/grid_candidate_0707_attempt_1.log,
grid_candidate_0726,grid,grid_candidate_0726,completed,1,0,33.266970,/home/hzw/Rethinking_GNN_DP/paper_experiments/figure3/figure3_pipeline3.yaml/dataset=Books-Children/feature=raw/mechanism=mbm/x_eps=0.001/m=best/norm=false/smoother=hoa/backbone=sage/use_nfr=true/logs/grid_candidate_0726_attempt_1.log,
grid_candidate_0711,grid,grid_candidate_0711,completed,1,0,55.939130,/home/hzw/Rethinking_GNN_DP/paper_experiments/figure3/figure3_pipeline3.yaml/dataset=Books-Children/feature=raw/mechanism=mbm/x_eps=0.001/m=best/norm=false/smoother=hoa/backbone=sage/use_nfr=true/logs/grid_candidate_0711_attempt_1.log,
grid_candidate_0715,grid,grid_candidate_0715,completed,1,0,49.033056,/home/hzw/Rethinking_GNN_DP/paper_experiments/figure3/figure3_pipeline3.yaml/dataset=Books-Children/feature=raw/mechanism=mbm/x_eps=0.001/m=best/norm=false/smoother=hoa/backbone=sage/use_nfr=true/logs/grid_candidate_0715_attempt_1.log,
grid_candidate_0721,grid,grid_candidate_0721,completed,1,0,44.692805,/home/hzw/Rethinking_GNN_DP/paper_experiments/figure3/figure3_pipeline3.yaml/dataset=Books-Children/feature=raw/mechanism=mbm/x_eps=0.001/m=best/norm=false/smoother=hoa/backbone=sage/use_nfr=true/logs/grid_candidate_0721_attempt_1.log,
grid_candidate_0720,grid,grid_candidate_0720,completed,1,0,46.850217,/home/hzw/Rethinking_GNN_DP/paper_experiments/figure3/figure3_pipeline3.yaml/dataset=Books-Children/feature=raw/mechanism=mbm/x_eps=0.001/m=best/norm=false/smoother=hoa/backbone=sage/use_nfr=true/logs/grid_candidate_0720_attempt_1.log,
grid_candidate_0713,grid,grid_candidate_0713,completed,1,0,59.229345,/home/hzw/Rethinking_GNN_DP/paper_experiments/figure3/figure3_pipeline3.yaml/dataset=Books-Children/feature=raw/mechanism=mbm/x_eps=0.001/m=best/norm=false/smoother=hoa/backbone=sage/use_nfr=true/logs/grid_candidate_0713_attempt_1.log,
grid_candidate_0717,grid,grid_candidate_0717,completed,1,0,55.585707,/home/hzw/Rethinking_GNN_DP/paper_experiments/figure3/figure3_pipeline3.yaml/dataset=Books-Children/feature=raw/mechanism=mbm/x_eps=0.001/m=best/norm=false/smoother=hoa/backbone=sage/use_nfr=true/logs/grid_candidate_0717_attempt_1.log,
grid_candidate_0716,grid,grid_candidate_0716,completed,1,0,56.365788,/home/hzw/Rethinking_GNN_DP/paper_experiments/figure3/figure3_pipeline3.yaml/dataset=Books-Children/feature=raw/mechanism=mbm/x_eps=0.001/m=best/norm=false/smoother=hoa/backbone=sage/use_nfr=true/logs/grid_candidate_0716_attempt_1.log,
grid_candidate_0718,grid,grid_candidate_0718,completed,1,0,55.280600,/home/hzw/Rethinking_GNN_DP/paper_experiments/figure3/figure3_pipeline3.yaml/dataset=Books-Children/feature=raw/mechanism=mbm/x_eps=0.001/m=best/norm=false/smoother=hoa/backbone=sage/use_nfr=true/logs/grid_candidate_0718_attempt_1.log,
grid_candidate_0725,grid,grid_candidate_0725,completed,1,0,45.037833,/home/hzw/Rethinking_GNN_DP/paper_experiments/figure3/figure3_pipeline3.yaml/dataset=Books-Children/feature=raw/mechanism=mbm/x_eps=0.001/m=best/norm=false/smoother=hoa/backbone=sage/use_nfr=true/logs/grid_candidate_0725_attempt_1.log,
grid_candidate_0714,grid,grid_candidate_0714,completed,1,0,58.828537,/home/hzw/Rethinking_GNN_DP/paper_experiments/figure3/figure3_pipeline3.yaml/dataset=Books-Children/feature=raw/mechanism=mbm/x_eps=0.001/m=best/norm=false/smoother=hoa/backbone=sage/use_nfr=true/logs/grid_candidate_0714_attempt_1.log,
grid_candidate_0724,grid,grid_candidate_0724,completed,1,0,47.434484,/home/hzw/Rethinking_GNN_DP/paper_experiments/figure3/figure3_pipeline3.yaml/dataset=Books-Children/feature=raw/mechanism=mbm/x_eps=0.001/m=best/norm=false/smoother=hoa/backbone=sage/use_nfr=true/logs/grid_candidate_0724_attempt_1.log,
grid_candidate_0723,grid,grid_candidate_0723,completed,1,0,49.799241,/home/hzw/Rethinking_GNN_DP/paper_experiments/figure3/figure3_pipeline3.yaml/dataset=Books-Children/feature=raw/mechanism=mbm/x_eps=0.001/m=best/norm=false/smoother=hoa/backbone=sage/use_nfr=true/logs/grid_candidate_0723_attempt_1.log,
grid_candidate_0719,grid,grid_candidate_0719,completed,1,0,54.273954,/home/hzw/Rethinking_GNN_DP/paper_experiments/figure3/figure3_pipeline3.yaml/dataset=Books-Children/feature=raw/mechanism=mbm/x_eps=0.001/m=best/norm=false/smoother=hoa/backbone=sage/use_nfr=true/logs/grid_candidate_0719_attempt_1.log,
grid_candidate_0727,grid,grid_candidate_0727,completed,1,0,45.938511,/home/hzw/Rethinking_GNN_DP/paper_experiments/figure3/figure3_pipeline3.yaml/dataset=Books-Children/feature=raw/mechanism=mbm/x_eps=0.001/m=best/norm=false/smoother=hoa/backbone=sage/use_nfr=true/logs/grid_candidate_0727_attempt_1.log,
grid_candidate_0722,grid,grid_candidate_0722,completed,1,0,51.288788,/home/hzw/Rethinking_GNN_DP/paper_experiments/figure3/figure3_pipeline3.yaml/dataset=Books-Children/feature=raw/mechanism=mbm/x_eps=0.001/m=best/norm=false/smoother=hoa/backbone=sage/use_nfr=true/logs/grid_candidate_0722_attempt_1.log,
grid_candidate_0728,grid,grid_candidate_0728,completed,1,0,46.375636,/home/hzw/Rethinking_GNN_DP/paper_experiments/figure3/figure3_pipeline3.yaml/dataset=Books-Children/feature=raw/mechanism=mbm/x_eps=0.001/m=best/norm=false/smoother=hoa/backbone=sage/use_nfr=true/logs/grid_candidate_0728_attempt_1.log,
grid_candidate_0738,grid,grid_candidate_0738,completed,1,0,31.462282,/home/hzw/Rethinking_GNN_DP/paper_experiments/figure3/figure3_pipeline3.yaml/dataset=Books-Children/feature=raw/mechanism=mbm/x_eps=0.001/m=best/norm=false/smoother=hoa/backbone=sage/use_nfr=true/logs/grid_candidate_0738_attempt_1.log,
grid_candidate_0729,grid,grid_candidate_0729,completed,1,0,46.555659,/home/hzw/Rethinking_GNN_DP/paper_experiments/figure3/figure3_pipeline3.yaml/dataset=Books-Children/feature=raw/mechanism=mbm/x_eps=0.001/m=best/norm=false/smoother=hoa/backbone=sage/use_nfr=true/logs/grid_candidate_0729_attempt_1.log,
grid_candidate_0730,grid,grid_candidate_0730,completed,1,0,46.286695,/home/hzw/Rethinking_GNN_DP/paper_experiments/figure3/figure3_pipeline3.yaml/dataset=Books-Children/feature=raw/mechanism=mbm/x_eps=0.001/m=best/norm=false/smoother=hoa/backbone=sage/use_nfr=true/logs/grid_candidate_0730_attempt_1.log,
grid_candidate_0731,grid,grid_candidate_0731,completed,1,0,44.556914,/home/hzw/Rethinking_GNN_DP/paper_experiments/figure3/figure3_pipeline3.yaml/dataset=Books-Children/feature=raw/mechanism=mbm/x_eps=0.001/m=best/norm=false/smoother=hoa/backbone=sage/use_nfr=true/logs/grid_candidate_0731_attempt_1.log,
grid_candidate_0732,grid,grid_candidate_0732,completed,1,0,45.983218,/home/hzw/Rethinking_GNN_DP/paper_experiments/figure3/figure3_pipeline3.yaml/dataset=Books-Children/feature=raw/mechanism=mbm/x_eps=0.001/m=best/norm=false/smoother=hoa/backbone=sage/use_nfr=true/logs/grid_candidate_0732_attempt_1.log,
grid_candidate_0733,grid,grid_candidate_0733,completed,1,0,48.089504,/home/hzw/Rethinking_GNN_DP/paper_experiments/figure3/figure3_pipeline3.yaml/dataset=Books-Children/feature=raw/mechanism=mbm/x_eps=0.001/m=best/norm=false/smoother=hoa/backbone=sage/use_nfr=true/logs/grid_candidate_0733_attempt_1.log,
grid_candidate_0734,grid,grid_candidate_0734,completed,1,0,46.705631,/home/hzw/Rethinking_GNN_DP/paper_experiments/figure3/figure3_pipeline3.yaml/dataset=Books-Children/feature=raw/mechanism=mbm/x_eps=0.001/m=best/norm=false/smoother=hoa/backbone=sage/use_nfr=true/logs/grid_candidate_0734_attempt_1.log,
grid_candidate_0736,grid,grid_candidate_0736,completed,1,0,46.225835,/home/hzw/Rethinking_GNN_DP/paper_experiments/figure3/figure3_pipeline3.yaml/dataset=Books-Children/feature=raw/mechanism=mbm/x_eps=0.001/m=best/norm=false/smoother=hoa/backbone=sage/use_nfr=true/logs/grid_candidate_0736_attempt_1.log,
grid_candidate_0737,grid,grid_candidate_0737,completed,1,0,44.611787,/home/hzw/Rethinking_GNN_DP/paper_experiments/figure3/figure3_pipeline3.yaml/dataset=Books-Children/feature=raw/mechanism=mbm/x_eps=0.001/m=best/norm=false/smoother=hoa/backbone=sage/use_nfr=true/logs/grid_candidate_0737_attempt_1.log,
grid_candidate_0735,grid,grid_candidate_0735,completed,1,0,52.631868,/home/hzw/Rethinking_GNN_DP/paper_experiments/figure3/figure3_pipeline3.yaml/dataset=Books-Children/feature=raw/mechanism=mbm/x_eps=0.001/m=best/norm=false/smoother=hoa/backbone=sage/use_nfr=true/logs/grid_candidate_0735_attempt_1.log,
grid_candidate_0740,grid,grid_candidate_0740,completed,1,0,48.041394,/home/hzw/Rethinking_GNN_DP/paper_experiments/figure3/figure3_pipeline3.yaml/dataset=Books-Children/feature=raw/mechanism=mbm/x_eps=0.001/m=best/norm=false/smoother=hoa/backbone=sage/use_nfr=true/logs/grid_candidate_0740_attempt_1.log,
grid_candidate_0739,grid,grid_candidate_0739,completed,1,0,50.106855,/home/hzw/Rethinking_GNN_DP/paper_experiments/figure3/figure3_pipeline3.yaml/dataset=Books-Children/feature=raw/mechanism=mbm/x_eps=0.001/m=best/norm=false/smoother=hoa/backbone=sage/use_nfr=true/logs/grid_candidate_0739_attempt_1.log,
grid_candidate_0741,grid,grid_candidate_0741,completed,1,0,47.775409,/home/hzw/Rethinking_GNN_DP/paper_experiments/figure3/figure3_pipeline3.yaml/dataset=Books-Children/feature=raw/mechanism=mbm/x_eps=0.001/m=best/norm=false/smoother=hoa/backbone=sage/use_nfr=true/logs/grid_candidate_0741_attempt_1.log,
grid_candidate_0745,grid,grid_candidate_0745,completed,1,0,43.535615,/home/hzw/Rethinking_GNN_DP/paper_experiments/figure3/figure3_pipeline3.yaml/dataset=Books-Children/feature=raw/mechanism=mbm/x_eps=0.001/m=best/norm=false/smoother=hoa/backbone=sage/use_nfr=true/logs/grid_candidate_0745_attempt_1.log,
grid_candidate_0742,grid,grid_candidate_0742,completed,1,0,46.071918,/home/hzw/Rethinking_GNN_DP/paper_experiments/figure3/figure3_pipeline3.yaml/dataset=Books-Children/feature=raw/mechanism=mbm/x_eps=0.001/m=best/norm=false/smoother=hoa/backbone=sage/use_nfr=true/logs/grid_candidate_0742_attempt_1.log,
grid_candidate_0743,grid,grid_candidate_0743,completed,1,0,45.865392,/home/hzw/Rethinking_GNN_DP/paper_experiments/figure3/figure3_pipeline3.yaml/dataset=Books-Children/feature=raw/mechanism=mbm/x_eps=0.001/m=best/norm=false/smoother=hoa/backbone=sage/use_nfr=true/logs/grid_candidate_0743_attempt_1.log,
grid_candidate_0758,grid,grid_candidate_0758,completed,1,0,33.252990,/home/hzw/Rethinking_GNN_DP/paper_experiments/figure3/figure3_pipeline3.yaml/dataset=Books-Children/feature=raw/mechanism=mbm/x_eps=0.001/m=best/norm=false/smoother=hoa/backbone=sage/use_nfr=true/logs/grid_candidate_0758_attempt_1.log,
grid_candidate_0744,grid,grid_candidate_0744,completed,1,0,47.522724,/home/hzw/Rethinking_GNN_DP/paper_experiments/figure3/figure3_pipeline3.yaml/dataset=Books-Children/feature=raw/mechanism=mbm/x_eps=0.001/m=best/norm=false/smoother=hoa/backbone=sage/use_nfr=true/logs/grid_candidate_0744_attempt_1.log,
grid_candidate_0747,grid,grid_candidate_0747,completed,1,0,48.800730,/home/hzw/Rethinking_GNN_DP/paper_experiments/figure3/figure3_pipeline3.yaml/dataset=Books-Children/feature=raw/mechanism=mbm/x_eps=0.001/m=best/norm=false/smoother=hoa/backbone=sage/use_nfr=true/logs/grid_candidate_0747_attempt_1.log,
grid_candidate_0748,grid,grid_candidate_0748,completed,1,0,48.541291,/home/hzw/Rethinking_GNN_DP/paper_experiments/figure3/figure3_pipeline3.yaml/dataset=Books-Children/feature=raw/mechanism=mbm/x_eps=0.001/m=best/norm=false/smoother=hoa/backbone=sage/use_nfr=true/logs/grid_candidate_0748_attempt_1.log,
grid_candidate_0746,grid,grid_candidate_0746,completed,1,0,51.279219,/home/hzw/Rethinking_GNN_DP/paper_experiments/figure3/figure3_pipeline3.yaml/dataset=Books-Children/feature=raw/mechanism=mbm/x_eps=0.001/m=best/norm=false/smoother=hoa/backbone=sage/use_nfr=true/logs/grid_candidate_0746_attempt_1.log,
grid_candidate_0749,grid,grid_candidate_0749,completed,1,0,50.634462,/home/hzw/Rethinking_GNN_DP/paper_experiments/figure3/figure3_pipeline3.yaml/dataset=Books-Children/feature=raw/mechanism=mbm/x_eps=0.001/m=best/norm=false/smoother=hoa/backbone=sage/use_nfr=true/logs/grid_candidate_0749_attempt_1.log,
grid_candidate_0750,grid,grid_candidate_0750,completed,1,0,54.378983,/home/hzw/Rethinking_GNN_DP/paper_experiments/figure3/figure3_pipeline3.yaml/dataset=Books-Children/feature=raw/mechanism=mbm/x_eps=0.001/m=best/norm=false/smoother=hoa/backbone=sage/use_nfr=true/logs/grid_candidate_0750_attempt_1.log,
grid_candidate_0768,grid,grid_candidate_0768,completed,1,0,36.492859,/home/hzw/Rethinking_GNN_DP/paper_experiments/figure3/figure3_pipeline3.yaml/dataset=Books-Children/feature=raw/mechanism=mbm/x_eps=0.001/m=best/norm=false/smoother=hoa/backbone=sage/use_nfr=true/logs/grid_candidate_0768_attempt_1.log,
grid_candidate_0752,grid,grid_candidate_0752,completed,1,0,52.768687,/home/hzw/Rethinking_GNN_DP/paper_experiments/figure3/figure3_pipeline3.yaml/dataset=Books-Children/feature=raw/mechanism=mbm/x_eps=0.001/m=best/norm=false/smoother=hoa/backbone=sage/use_nfr=true/logs/grid_candidate_0752_attempt_1.log,
grid_candidate_0751,grid,grid_candidate_0751,completed,1,0,53.458617,/home/hzw/Rethinking_GNN_DP/paper_experiments/figure3/figure3_pipeline3.yaml/dataset=Books-Children/feature=raw/mechanism=mbm/x_eps=0.001/m=best/norm=false/smoother=hoa/backbone=sage/use_nfr=true/logs/grid_candidate_0751_attempt_1.log,
grid_candidate_0761,grid,grid_candidate_0761,completed,1,0,46.159627,/home/hzw/Rethinking_GNN_DP/paper_experiments/figure3/figure3_pipeline3.yaml/dataset=Books-Children/feature=raw/mechanism=mbm/x_eps=0.001/m=best/norm=false/smoother=hoa/backbone=sage/use_nfr=true/logs/grid_candidate_0761_attempt_1.log,
grid_candidate_0762,grid,grid_candidate_0762,completed,1,0,46.801540,/home/hzw/Rethinking_GNN_DP/paper_experiments/figure3/figure3_pipeline3.yaml/dataset=Books-Children/feature=raw/mechanism=mbm/x_eps=0.001/m=best/norm=false/smoother=hoa/backbone=sage/use_nfr=true/logs/grid_candidate_0762_attempt_1.log,
grid_candidate_0755,grid,grid_candidate_0755,completed,1,0,50.460548,/home/hzw/Rethinking_GNN_DP/paper_experiments/figure3/figure3_pipeline3.yaml/dataset=Books-Children/feature=raw/mechanism=mbm/x_eps=0.001/m=best/norm=false/smoother=hoa/backbone=sage/use_nfr=true/logs/grid_candidate_0755_attempt_1.log,
grid_candidate_0753,grid,grid_candidate_0753,completed,1,0,53.307887,/home/hzw/Rethinking_GNN_DP/paper_experiments/figure3/figure3_pipeline3.yaml/dataset=Books-Children/feature=raw/mechanism=mbm/x_eps=0.001/m=best/norm=false/smoother=hoa/backbone=sage/use_nfr=true/logs/grid_candidate_0753_attempt_1.log,
grid_candidate_0757,grid,grid_candidate_0757,completed,1,0,50.835596,/home/hzw/Rethinking_GNN_DP/paper_experiments/figure3/figure3_pipeline3.yaml/dataset=Books-Children/feature=raw/mechanism=mbm/x_eps=0.001/m=best/norm=false/smoother=hoa/backbone=sage/use_nfr=true/logs/grid_candidate_0757_attempt_1.log,
grid_candidate_0756,grid,grid_candidate_0756,completed,1,0,53.098588,/home/hzw/Rethinking_GNN_DP/paper_experiments/figure3/figure3_pipeline3.yaml/dataset=Books-Children/feature=raw/mechanism=mbm/x_eps=0.001/m=best/norm=false/smoother=hoa/backbone=sage/use_nfr=true/logs/grid_candidate_0756_attempt_1.log,
grid_candidate_0759,grid,grid_candidate_0759,completed,1,0,52.150111,/home/hzw/Rethinking_GNN_DP/paper_experiments/figure3/figure3_pipeline3.yaml/dataset=Books-Children/feature=raw/mechanism=mbm/x_eps=0.001/m=best/norm=false/smoother=hoa/backbone=sage/use_nfr=true/logs/grid_candidate_0759_attempt_1.log,
grid_candidate_0754,grid,grid_candidate_0754,completed,1,0,54.930972,/home/hzw/Rethinking_GNN_DP/paper_experiments/figure3/figure3_pipeline3.yaml/dataset=Books-Children/feature=raw/mechanism=mbm/x_eps=0.001/m=best/norm=false/smoother=hoa/backbone=sage/use_nfr=true/logs/grid_candidate_0754_attempt_1.log,
grid_candidate_0764,grid,grid_candidate_0764,completed,1,0,54.114543,/home/hzw/Rethinking_GNN_DP/paper_experiments/figure3/figure3_pipeline3.yaml/dataset=Books-Children/feature=raw/mechanism=mbm/x_eps=0.001/m=best/norm=false/smoother=hoa/backbone=sage/use_nfr=true/logs/grid_candidate_0764_attempt_1.log,
grid_candidate_0760,grid,grid_candidate_0760,completed,1,0,56.858577,/home/hzw/Rethinking_GNN_DP/paper_experiments/figure3/figure3_pipeline3.yaml/dataset=Books-Children/feature=raw/mechanism=mbm/x_eps=0.001/m=best/norm=false/smoother=hoa/backbone=sage/use_nfr=true/logs/grid_candidate_0760_attempt_1.log,
grid_candidate_0763,grid,grid_candidate_0763,completed,1,0,56.038920,/home/hzw/Rethinking_GNN_DP/paper_experiments/figure3/figure3_pipeline3.yaml/dataset=Books-Children/feature=raw/mechanism=mbm/x_eps=0.001/m=best/norm=false/smoother=hoa/backbone=sage/use_nfr=true/logs/grid_candidate_0763_attempt_1.log,
grid_candidate_0765,grid,grid_candidate_0765,completed,1,0,53.368184,/home/hzw/Rethinking_GNN_DP/paper_experiments/figure3/figure3_pipeline3.yaml/dataset=Books-Children/feature=raw/mechanism=mbm/x_eps=0.001/m=best/norm=false/smoother=hoa/backbone=sage/use_nfr=true/logs/grid_candidate_0765_attempt_1.log,
grid_candidate_0766,grid,grid_candidate_0766,completed,1,0,52.468935,/home/hzw/Rethinking_GNN_DP/paper_experiments/figure3/figure3_pipeline3.yaml/dataset=Books-Children/feature=raw/mechanism=mbm/x_eps=0.001/m=best/norm=false/smoother=hoa/backbone=sage/use_nfr=true/logs/grid_candidate_0766_attempt_1.log,
grid_candidate_0769,grid,grid_candidate_0769,completed,1,0,50.640858,/home/hzw/Rethinking_GNN_DP/paper_experiments/figure3/figure3_pipeline3.yaml/dataset=Books-Children/feature=raw/mechanism=mbm/x_eps=0.001/m=best/norm=false/smoother=hoa/backbone=sage/use_nfr=true/logs/grid_candidate_0769_attempt_1.log,
grid_candidate_0767,grid,grid_candidate_0767,completed,1,0,52.705781,/home/hzw/Rethinking_GNN_DP/paper_experiments/figure3/figure3_pipeline3.yaml/dataset=Books-Children/feature=raw/mechanism=mbm/x_eps=0.001/m=best/norm=false/smoother=hoa/backbone=sage/use_nfr=true/logs/grid_candidate_0767_attempt_1.log,
grid_candidate_0771,grid,grid_candidate_0771,completed,1,0,47.607643,/home/hzw/Rethinking_GNN_DP/paper_experiments/figure3/figure3_pipeline3.yaml/dataset=Books-Children/feature=raw/mechanism=mbm/x_eps=0.001/m=best/norm=false/smoother=hoa/backbone=sage/use_nfr=true/logs/grid_candidate_0771_attempt_1.log,
grid_candidate_0772,grid,grid_candidate_0772,completed,1,0,47.569174,/home/hzw/Rethinking_GNN_DP/paper_experiments/figure3/figure3_pipeline3.yaml/dataset=Books-Children/feature=raw/mechanism=mbm/x_eps=0.001/m=best/norm=false/smoother=hoa/backbone=sage/use_nfr=true/logs/grid_candidate_0772_attempt_1.log,
grid_candidate_0782,grid,grid_candidate_0782,completed,1,0,30.992947,/home/hzw/Rethinking_GNN_DP/paper_experiments/figure3/figure3_pipeline3.yaml/dataset=Books-Children/feature=raw/mechanism=mbm/x_eps=0.001/m=best/norm=false/smoother=hoa/backbone=sage/use_nfr=true/logs/grid_candidate_0782_attempt_1.log,
grid_candidate_0770,grid,grid_candidate_0770,completed,1,0,50.958944,/home/hzw/Rethinking_GNN_DP/paper_experiments/figure3/figure3_pipeline3.yaml/dataset=Books-Children/feature=raw/mechanism=mbm/x_eps=0.001/m=best/norm=false/smoother=hoa/backbone=sage/use_nfr=true/logs/grid_candidate_0770_attempt_1.log,
grid_candidate_0776,grid,grid_candidate_0776,completed,1,0,41.856691,/home/hzw/Rethinking_GNN_DP/paper_experiments/figure3/figure3_pipeline3.yaml/dataset=Books-Children/feature=raw/mechanism=mbm/x_eps=0.001/m=best/norm=false/smoother=hoa/backbone=sage/use_nfr=true/logs/grid_candidate_0776_attempt_1.log,
grid_candidate_0774,grid,grid_candidate_0774,completed,1,0,46.367607,/home/hzw/Rethinking_GNN_DP/paper_experiments/figure3/figure3_pipeline3.yaml/dataset=Books-Children/feature=raw/mechanism=mbm/x_eps=0.001/m=best/norm=false/smoother=hoa/backbone=sage/use_nfr=true/logs/grid_candidate_0774_attempt_1.log,
grid_candidate_0773,grid,grid_candidate_0773,completed,1,0,51.099525,/home/hzw/Rethinking_GNN_DP/paper_experiments/figure3/figure3_pipeline3.yaml/dataset=Books-Children/feature=raw/mechanism=mbm/x_eps=0.001/m=best/norm=false/smoother=hoa/backbone=sage/use_nfr=true/logs/grid_candidate_0773_attempt_1.log,
grid_candidate_0775,grid,grid_candidate_0775,completed,1,0,46.155511,/home/hzw/Rethinking_GNN_DP/paper_experiments/figure3/figure3_pipeline3.yaml/dataset=Books-Children/feature=raw/mechanism=mbm/x_eps=0.001/m=best/norm=false/smoother=hoa/backbone=sage/use_nfr=true/logs/grid_candidate_0775_attempt_1.log,
grid_candidate_0777,grid,grid_candidate_0777,completed,1,0,43.290059,/home/hzw/Rethinking_GNN_DP/paper_experiments/figure3/figure3_pipeline3.yaml/dataset=Books-Children/feature=raw/mechanism=mbm/x_eps=0.001/m=best/norm=false/smoother=hoa/backbone=sage/use_nfr=true/logs/grid_candidate_0777_attempt_1.log,
grid_candidate_0779,grid,grid_candidate_0779,completed,1,0,42.569612,/home/hzw/Rethinking_GNN_DP/paper_experiments/figure3/figure3_pipeline3.yaml/dataset=Books-Children/feature=raw/mechanism=mbm/x_eps=0.001/m=best/norm=false/smoother=hoa/backbone=sage/use_nfr=true/logs/grid_candidate_0779_attempt_1.log,
grid_candidate_0781,grid,grid_candidate_0781,completed,1,0,45.578145,/home/hzw/Rethinking_GNN_DP/paper_experiments/figure3/figure3_pipeline3.yaml/dataset=Books-Children/feature=raw/mechanism=mbm/x_eps=0.001/m=best/norm=false/smoother=hoa/backbone=sage/use_nfr=true/logs/grid_candidate_0781_attempt_1.log,
grid_candidate_0778,grid,grid_candidate_0778,completed,1,0,49.333621,/home/hzw/Rethinking_GNN_DP/paper_experiments/figure3/figure3_pipeline3.yaml/dataset=Books-Children/feature=raw/mechanism=mbm/x_eps=0.001/m=best/norm=false/smoother=hoa/backbone=sage/use_nfr=true/logs/grid_candidate_0778_attempt_1.log,
grid_candidate_0785,grid,grid_candidate_0785,completed,1,0,41.871355,/home/hzw/Rethinking_GNN_DP/paper_experiments/figure3/figure3_pipeline3.yaml/dataset=Books-Children/feature=raw/mechanism=mbm/x_eps=0.001/m=best/norm=false/smoother=hoa/backbone=sage/use_nfr=true/logs/grid_candidate_0785_attempt_1.log,
grid_candidate_0784,grid,grid_candidate_0784,completed,1,0,44.316675,/home/hzw/Rethinking_GNN_DP/paper_experiments/figure3/figure3_pipeline3.yaml/dataset=Books-Children/feature=raw/mechanism=mbm/x_eps=0.001/m=best/norm=false/smoother=hoa/backbone=sage/use_nfr=true/logs/grid_candidate_0784_attempt_1.log,
grid_candidate_0783,grid,grid_candidate_0783,completed,1,0,47.412108,/home/hzw/Rethinking_GNN_DP/paper_experiments/figure3/figure3_pipeline3.yaml/dataset=Books-Children/feature=raw/mechanism=mbm/x_eps=0.001/m=best/norm=false/smoother=hoa/backbone=sage/use_nfr=true/logs/grid_candidate_0783_attempt_1.log,
grid_candidate_0786,grid,grid_candidate_0786,completed,1,0,45.313411,/home/hzw/Rethinking_GNN_DP/paper_experiments/figure3/figure3_pipeline3.yaml/dataset=Books-Children/feature=raw/mechanism=mbm/x_eps=0.001/m=best/norm=false/smoother=hoa/backbone=sage/use_nfr=true/logs/grid_candidate_0786_attempt_1.log,
grid_candidate_0780,grid,grid_candidate_0780,completed,1,0,57.975974,/home/hzw/Rethinking_GNN_DP/paper_experiments/figure3/figure3_pipeline3.yaml/dataset=Books-Children/feature=raw/mechanism=mbm/x_eps=0.001/m=best/norm=false/smoother=hoa/backbone=sage/use_nfr=true/logs/grid_candidate_0780_attempt_1.log,
grid_candidate_0788,grid,grid_candidate_0788,completed,1,0,45.213071,/home/hzw/Rethinking_GNN_DP/paper_experiments/figure3/figure3_pipeline3.yaml/dataset=Books-Children/feature=raw/mechanism=mbm/x_eps=0.001/m=best/norm=false/smoother=hoa/backbone=sage/use_nfr=true/logs/grid_candidate_0788_attempt_1.log,
grid_candidate_0787,grid,grid_candidate_0787,completed,1,0,45.868126,/home/hzw/Rethinking_GNN_DP/paper_experiments/figure3/figure3_pipeline3.yaml/dataset=Books-Children/feature=raw/mechanism=mbm/x_eps=0.001/m=best/norm=false/smoother=hoa/backbone=sage/use_nfr=true/logs/grid_candidate_0787_attempt_1.log,
grid_candidate_0789,grid,grid_candidate_0789,completed,1,0,45.910910,/home/hzw/Rethinking_GNN_DP/paper_experiments/figure3/figure3_pipeline3.yaml/dataset=Books-Children/feature=raw/mechanism=mbm/x_eps=0.001/m=best/norm=false/smoother=hoa/backbone=sage/use_nfr=true/logs/grid_candidate_0789_attempt_1.log,
grid_candidate_0795,grid,grid_candidate_0795,completed,1,0,43.589383,/home/hzw/Rethinking_GNN_DP/paper_experiments/figure3/figure3_pipeline3.yaml/dataset=Books-Children/feature=raw/mechanism=mbm/x_eps=0.001/m=best/norm=false/smoother=hoa/backbone=sage/use_nfr=true/logs/grid_candidate_0795_attempt_1.log,
grid_candidate_0790,grid,grid_candidate_0790,completed,1,0,46.047487,/home/hzw/Rethinking_GNN_DP/paper_experiments/figure3/figure3_pipeline3.yaml/dataset=Books-Children/feature=raw/mechanism=mbm/x_eps=0.001/m=best/norm=false/smoother=hoa/backbone=sage/use_nfr=true/logs/grid_candidate_0790_attempt_1.log,
grid_candidate_0794,grid,grid_candidate_0794,completed,1,0,50.710463,/home/hzw/Rethinking_GNN_DP/paper_experiments/figure3/figure3_pipeline3.yaml/dataset=Books-Children/feature=raw/mechanism=mbm/x_eps=0.001/m=best/norm=false/smoother=hoa/backbone=sage/use_nfr=true/logs/grid_candidate_0794_attempt_1.log,
grid_candidate_0791,grid,grid_candidate_0791,completed,1,0,53.267334,/home/hzw/Rethinking_GNN_DP/paper_experiments/figure3/figure3_pipeline3.yaml/dataset=Books-Children/feature=raw/mechanism=mbm/x_eps=0.001/m=best/norm=false/smoother=hoa/backbone=sage/use_nfr=true/logs/grid_candidate_0791_attempt_1.log,
grid_candidate_0793,grid,grid_candidate_0793,completed,1,0,52.460206,/home/hzw/Rethinking_GNN_DP/paper_experiments/figure3/figure3_pipeline3.yaml/dataset=Books-Children/feature=raw/mechanism=mbm/x_eps=0.001/m=best/norm=false/smoother=hoa/backbone=sage/use_nfr=true/logs/grid_candidate_0793_attempt_1.log,
grid_candidate_0792,grid,grid_candidate_0792,completed,1,0,53.313903,/home/hzw/Rethinking_GNN_DP/paper_experiments/figure3/figure3_pipeline3.yaml/dataset=Books-Children/feature=raw/mechanism=mbm/x_eps=0.001/m=best/norm=false/smoother=hoa/backbone=sage/use_nfr=true/logs/grid_candidate_0792_attempt_1.log,
grid_candidate_0797,grid,grid_candidate_0797,completed,1,0,51.183368,/home/hzw/Rethinking_GNN_DP/paper_experiments/figure3/figure3_pipeline3.yaml/dataset=Books-Children/feature=raw/mechanism=mbm/x_eps=0.001/m=best/norm=false/smoother=hoa/backbone=sage/use_nfr=true/logs/grid_candidate_0797_attempt_1.log,
grid_candidate_0796,grid,grid_candidate_0796,completed,1,0,53.587499,/home/hzw/Rethinking_GNN_DP/paper_experiments/figure3/figure3_pipeline3.yaml/dataset=Books-Children/feature=raw/mechanism=mbm/x_eps=0.001/m=best/norm=false/smoother=hoa/backbone=sage/use_nfr=true/logs/grid_candidate_0796_attempt_1.log,
grid_candidate_0798,grid,grid_candidate_0798,completed,1,0,52.439056,/home/hzw/Rethinking_GNN_DP/paper_experiments/figure3/figure3_pipeline3.yaml/dataset=Books-Children/feature=raw/mechanism=mbm/x_eps=0.001/m=best/norm=false/smoother=hoa/backbone=sage/use_nfr=true/logs/grid_candidate_0798_attempt_1.log,
grid_candidate_0799,grid,grid_candidate_0799,completed,1,0,52.099336,/home/hzw/Rethinking_GNN_DP/paper_experiments/figure3/figure3_pipeline3.yaml/dataset=Books-Children/feature=raw/mechanism=mbm/x_eps=0.001/m=best/norm=false/smoother=hoa/backbone=sage/use_nfr=true/logs/grid_candidate_0799_attempt_1.log,
grid_candidate_0804,grid,grid_candidate_0804,completed,1,0,49.524814,/home/hzw/Rethinking_GNN_DP/paper_experiments/figure3/figure3_pipeline3.yaml/dataset=Books-Children/feature=raw/mechanism=mbm/x_eps=0.001/m=best/norm=false/smoother=hoa/backbone=sage/use_nfr=true/logs/grid_candidate_0804_attempt_1.log,
grid_candidate_0802,grid,grid_candidate_0802,completed,1,0,52.394643,/home/hzw/Rethinking_GNN_DP/paper_experiments/figure3/figure3_pipeline3.yaml/dataset=Books-Children/feature=raw/mechanism=mbm/x_eps=0.001/m=best/norm=false/smoother=hoa/backbone=sage/use_nfr=true/logs/grid_candidate_0802_attempt_1.log,
grid_candidate_0801,grid,grid_candidate_0801,completed,1,0,53.951217,/home/hzw/Rethinking_GNN_DP/paper_experiments/figure3/figure3_pipeline3.yaml/dataset=Books-Children/feature=raw/mechanism=mbm/x_eps=0.001/m=best/norm=false/smoother=hoa/backbone=sage/use_nfr=true/logs/grid_candidate_0801_attempt_1.log,
grid_candidate_0805,grid,grid_candidate_0805,completed,1,0,50.510320,/home/hzw/Rethinking_GNN_DP/paper_experiments/figure3/figure3_pipeline3.yaml/dataset=Books-Children/feature=raw/mechanism=mbm/x_eps=0.001/m=best/norm=false/smoother=hoa/backbone=sage/use_nfr=true/logs/grid_candidate_0805_attempt_1.log,
grid_candidate_0807,grid,grid_candidate_0807,completed,1,0,48.281151,/home/hzw/Rethinking_GNN_DP/paper_experiments/figure3/figure3_pipeline3.yaml/dataset=Books-Children/feature=raw/mechanism=mbm/x_eps=0.001/m=best/norm=false/smoother=hoa/backbone=sage/use_nfr=true/logs/grid_candidate_0807_attempt_1.log,
grid_candidate_0800,grid,grid_candidate_0800,completed,1,0,56.438343,/home/hzw/Rethinking_GNN_DP/paper_experiments/figure3/figure3_pipeline3.yaml/dataset=Books-Children/feature=raw/mechanism=mbm/x_eps=0.001/m=best/norm=false/smoother=hoa/backbone=sage/use_nfr=true/logs/grid_candidate_0800_attempt_1.log,
grid_candidate_0806,grid,grid_candidate_0806,completed,1,0,51.261356,/home/hzw/Rethinking_GNN_DP/paper_experiments/figure3/figure3_pipeline3.yaml/dataset=Books-Children/feature=raw/mechanism=mbm/x_eps=0.001/m=best/norm=false/smoother=hoa/backbone=sage/use_nfr=true/logs/grid_candidate_0806_attempt_1.log,
grid_candidate_0803,grid,grid_candidate_0803,completed,1,0,54.952987,/home/hzw/Rethinking_GNN_DP/paper_experiments/figure3/figure3_pipeline3.yaml/dataset=Books-Children/feature=raw/mechanism=mbm/x_eps=0.001/m=best/norm=false/smoother=hoa/backbone=sage/use_nfr=true/logs/grid_candidate_0803_attempt_1.log,
grid_candidate_0820,grid,grid_candidate_0820,completed,1,0,32.219032,/home/hzw/Rethinking_GNN_DP/paper_experiments/figure3/figure3_pipeline3.yaml/dataset=Books-Children/feature=raw/mechanism=mbm/x_eps=0.001/m=best/norm=false/smoother=hoa/backbone=sage/use_nfr=true/logs/grid_candidate_0820_attempt_1.log,
grid_candidate_0810,grid,grid_candidate_0810,completed,1,0,50.569113,/home/hzw/Rethinking_GNN_DP/paper_experiments/figure3/figure3_pipeline3.yaml/dataset=Books-Children/feature=raw/mechanism=mbm/x_eps=0.001/m=best/norm=false/smoother=hoa/backbone=sage/use_nfr=true/logs/grid_candidate_0810_attempt_1.log,
grid_candidate_0812,grid,grid_candidate_0812,completed,1,0,49.591087,/home/hzw/Rethinking_GNN_DP/paper_experiments/figure3/figure3_pipeline3.yaml/dataset=Books-Children/feature=raw/mechanism=mbm/x_eps=0.001/m=best/norm=false/smoother=hoa/backbone=sage/use_nfr=true/logs/grid_candidate_0812_attempt_1.log,
grid_candidate_0808,grid,grid_candidate_0808,completed,1,0,54.214370,/home/hzw/Rethinking_GNN_DP/paper_experiments/figure3/figure3_pipeline3.yaml/dataset=Books-Children/feature=raw/mechanism=mbm/x_eps=0.001/m=best/norm=false/smoother=hoa/backbone=sage/use_nfr=true/logs/grid_candidate_0808_attempt_1.log,
grid_candidate_0809,grid,grid_candidate_0809,completed,1,0,53.633704,/home/hzw/Rethinking_GNN_DP/paper_experiments/figure3/figure3_pipeline3.yaml/dataset=Books-Children/feature=raw/mechanism=mbm/x_eps=0.001/m=best/norm=false/smoother=hoa/backbone=sage/use_nfr=true/logs/grid_candidate_0809_attempt_1.log,
grid_candidate_0811,grid,grid_candidate_0811,completed,1,0,51.948137,/home/hzw/Rethinking_GNN_DP/paper_experiments/figure3/figure3_pipeline3.yaml/dataset=Books-Children/feature=raw/mechanism=mbm/x_eps=0.001/m=best/norm=false/smoother=hoa/backbone=sage/use_nfr=true/logs/grid_candidate_0811_attempt_1.log,
grid_candidate_0813,grid,grid_candidate_0813,completed,1,0,50.234522,/home/hzw/Rethinking_GNN_DP/paper_experiments/figure3/figure3_pipeline3.yaml/dataset=Books-Children/feature=raw/mechanism=mbm/x_eps=0.001/m=best/norm=false/smoother=hoa/backbone=sage/use_nfr=true/logs/grid_candidate_0813_attempt_1.log,
grid_candidate_0814,grid,grid_candidate_0814,completed,1,0,48.373155,/home/hzw/Rethinking_GNN_DP/paper_experiments/figure3/figure3_pipeline3.yaml/dataset=Books-Children/feature=raw/mechanism=mbm/x_eps=0.001/m=best/norm=false/smoother=hoa/backbone=sage/use_nfr=true/logs/grid_candidate_0814_attempt_1.log,
grid_candidate_0823,grid,grid_candidate_0823,completed,1,0,31.436541,/home/hzw/Rethinking_GNN_DP/paper_experiments/figure3/figure3_pipeline3.yaml/dataset=Books-Children/feature=raw/mechanism=mbm/x_eps=0.001/m=best/norm=false/smoother=hoa/backbone=sage/use_nfr=true/logs/grid_candidate_0823_attempt_1.log,
grid_candidate_0815,grid,grid_candidate_0815,completed,1,0,50.792759,/home/hzw/Rethinking_GNN_DP/paper_experiments/figure3/figure3_pipeline3.yaml/dataset=Books-Children/feature=raw/mechanism=mbm/x_eps=0.001/m=best/norm=false/smoother=hoa/backbone=sage/use_nfr=true/logs/grid_candidate_0815_attempt_1.log,
grid_candidate_0816,grid,grid_candidate_0816,completed,1,0,47.134245,/home/hzw/Rethinking_GNN_DP/paper_experiments/figure3/figure3_pipeline3.yaml/dataset=Books-Children/feature=raw/mechanism=mbm/x_eps=0.001/m=best/norm=false/smoother=hoa/backbone=sage/use_nfr=true/logs/grid_candidate_0816_attempt_1.log,
grid_candidate_0817,grid,grid_candidate_0817,completed,1,0,46.220440,/home/hzw/Rethinking_GNN_DP/paper_experiments/figure3/figure3_pipeline3.yaml/dataset=Books-Children/feature=raw/mechanism=mbm/x_eps=0.001/m=best/norm=false/smoother=hoa/backbone=sage/use_nfr=true/logs/grid_candidate_0817_attempt_1.log,
grid_candidate_0818,grid,grid_candidate_0818,completed,1,0,48.619148,/home/hzw/Rethinking_GNN_DP/paper_experiments/figure3/figure3_pipeline3.yaml/dataset=Books-Children/feature=raw/mechanism=mbm/x_eps=0.001/m=best/norm=false/smoother=hoa/backbone=sage/use_nfr=true/logs/grid_candidate_0818_attempt_1.log,
grid_candidate_0819,grid,grid_candidate_0819,completed,1,0,48.397378,/home/hzw/Rethinking_GNN_DP/paper_experiments/figure3/figure3_pipeline3.yaml/dataset=Books-Children/feature=raw/mechanism=mbm/x_eps=0.001/m=best/norm=false/smoother=hoa/backbone=sage/use_nfr=true/logs/grid_candidate_0819_attempt_1.log,
grid_candidate_0821,grid,grid_candidate_0821,completed,1,0,47.696648,/home/hzw/Rethinking_GNN_DP/paper_experiments/figure3/figure3_pipeline3.yaml/dataset=Books-Children/feature=raw/mechanism=mbm/x_eps=0.001/m=best/norm=false/smoother=hoa/backbone=sage/use_nfr=true/logs/grid_candidate_0821_attempt_1.log,
grid_candidate_0824,grid,grid_candidate_0824,completed,1,0,43.057447,/home/hzw/Rethinking_GNN_DP/paper_experiments/figure3/figure3_pipeline3.yaml/dataset=Books-Children/feature=raw/mechanism=mbm/x_eps=0.001/m=best/norm=false/smoother=hoa/backbone=sage/use_nfr=true/logs/grid_candidate_0824_attempt_1.log,
grid_candidate_0822,grid,grid_candidate_0822,completed,1,0,45.757759,/home/hzw/Rethinking_GNN_DP/paper_experiments/figure3/figure3_pipeline3.yaml/dataset=Books-Children/feature=raw/mechanism=mbm/x_eps=0.001/m=best/norm=false/smoother=hoa/backbone=sage/use_nfr=true/logs/grid_candidate_0822_attempt_1.log,
grid_candidate_0827,grid,grid_candidate_0827,completed,1,0,47.208559,/home/hzw/Rethinking_GNN_DP/paper_experiments/figure3/figure3_pipeline3.yaml/dataset=Books-Children/feature=raw/mechanism=mbm/x_eps=0.001/m=best/norm=false/smoother=hoa/backbone=sage/use_nfr=true/logs/grid_candidate_0827_attempt_1.log,
grid_candidate_0825,grid,grid_candidate_0825,completed,1,0,49.711299,/home/hzw/Rethinking_GNN_DP/paper_experiments/figure3/figure3_pipeline3.yaml/dataset=Books-Children/feature=raw/mechanism=mbm/x_eps=0.001/m=best/norm=false/smoother=hoa/backbone=sage/use_nfr=true/logs/grid_candidate_0825_attempt_1.log,
grid_candidate_0826,grid,grid_candidate_0826,completed,1,0,51.053317,/home/hzw/Rethinking_GNN_DP/paper_experiments/figure3/figure3_pipeline3.yaml/dataset=Books-Children/feature=raw/mechanism=mbm/x_eps=0.001/m=best/norm=false/smoother=hoa/backbone=sage/use_nfr=true/logs/grid_candidate_0826_attempt_1.log,
grid_candidate_0830,grid,grid_candidate_0830,completed,1,0,44.457493,/home/hzw/Rethinking_GNN_DP/paper_experiments/figure3/figure3_pipeline3.yaml/dataset=Books-Children/feature=raw/mechanism=mbm/x_eps=0.001/m=best/norm=false/smoother=hoa/backbone=sage/use_nfr=true/logs/grid_candidate_0830_attempt_1.log,
grid_candidate_0831,grid,grid_candidate_0831,completed,1,0,48.237081,/home/hzw/Rethinking_GNN_DP/paper_experiments/figure3/figure3_pipeline3.yaml/dataset=Books-Children/feature=raw/mechanism=mbm/x_eps=0.001/m=best/norm=false/smoother=hoa/backbone=sage/use_nfr=true/logs/grid_candidate_0831_attempt_1.log,
grid_candidate_0828,grid,grid_candidate_0828,completed,1,0,50.363369,/home/hzw/Rethinking_GNN_DP/paper_experiments/figure3/figure3_pipeline3.yaml/dataset=Books-Children/feature=raw/mechanism=mbm/x_eps=0.001/m=best/norm=false/smoother=hoa/backbone=sage/use_nfr=true/logs/grid_candidate_0828_attempt_1.log,
grid_candidate_0829,grid,grid_candidate_0829,completed,1,0,50.687811,/home/hzw/Rethinking_GNN_DP/paper_experiments/figure3/figure3_pipeline3.yaml/dataset=Books-Children/feature=raw/mechanism=mbm/x_eps=0.001/m=best/norm=false/smoother=hoa/backbone=sage/use_nfr=true/logs/grid_candidate_0829_attempt_1.log,
grid_candidate_0832,grid,grid_candidate_0832,completed,1,0,49.046001,/home/hzw/Rethinking_GNN_DP/paper_experiments/figure3/figure3_pipeline3.yaml/dataset=Books-Children/feature=raw/mechanism=mbm/x_eps=0.001/m=best/norm=false/smoother=hoa/backbone=sage/use_nfr=true/logs/grid_candidate_0832_attempt_1.log,
grid_candidate_0833,grid,grid_candidate_0833,completed,1,0,48.186886,/home/hzw/Rethinking_GNN_DP/paper_experiments/figure3/figure3_pipeline3.yaml/dataset=Books-Children/feature=raw/mechanism=mbm/x_eps=0.001/m=best/norm=false/smoother=hoa/backbone=sage/use_nfr=true/logs/grid_candidate_0833_attempt_1.log,
grid_candidate_0834,grid,grid_candidate_0834,completed,1,0,48.500717,/home/hzw/Rethinking_GNN_DP/paper_experiments/figure3/figure3_pipeline3.yaml/dataset=Books-Children/feature=raw/mechanism=mbm/x_eps=0.001/m=best/norm=false/smoother=hoa/backbone=sage/use_nfr=true/logs/grid_candidate_0834_attempt_1.log,
grid_candidate_0845,grid,grid_candidate_0845,completed,1,0,38.377353,/home/hzw/Rethinking_GNN_DP/paper_experiments/figure3/figure3_pipeline3.yaml/dataset=Books-Children/feature=raw/mechanism=mbm/x_eps=0.001/m=best/norm=false/smoother=hoa/backbone=sage/use_nfr=true/logs/grid_candidate_0845_attempt_1.log,
grid_candidate_0839,grid,grid_candidate_0839,completed,1,0,45.684857,/home/hzw/Rethinking_GNN_DP/paper_experiments/figure3/figure3_pipeline3.yaml/dataset=Books-Children/feature=raw/mechanism=mbm/x_eps=0.001/m=best/norm=false/smoother=hoa/backbone=sage/use_nfr=true/logs/grid_candidate_0839_attempt_1.log,
grid_candidate_0851,grid,grid_candidate_0851,completed,1,0,36.845883,/home/hzw/Rethinking_GNN_DP/paper_experiments/figure3/figure3_pipeline3.yaml/dataset=Books-Children/feature=raw/mechanism=mbm/x_eps=0.001/m=best/norm=false/smoother=hoa/backbone=sage/use_nfr=true/logs/grid_candidate_0851_attempt_1.log,
grid_candidate_0838,grid,grid_candidate_0838,completed,1,0,48.627229,/home/hzw/Rethinking_GNN_DP/paper_experiments/figure3/figure3_pipeline3.yaml/dataset=Books-Children/feature=raw/mechanism=mbm/x_eps=0.001/m=best/norm=false/smoother=hoa/backbone=sage/use_nfr=true/logs/grid_candidate_0838_attempt_1.log,
grid_candidate_0835,grid,grid_candidate_0835,completed,1,0,51.582796,/home/hzw/Rethinking_GNN_DP/paper_experiments/figure3/figure3_pipeline3.yaml/dataset=Books-Children/feature=raw/mechanism=mbm/x_eps=0.001/m=best/norm=false/smoother=hoa/backbone=sage/use_nfr=true/logs/grid_candidate_0835_attempt_1.log,
grid_candidate_0837,grid,grid_candidate_0837,completed,1,0,52.119670,/home/hzw/Rethinking_GNN_DP/paper_experiments/figure3/figure3_pipeline3.yaml/dataset=Books-Children/feature=raw/mechanism=mbm/x_eps=0.001/m=best/norm=false/smoother=hoa/backbone=sage/use_nfr=true/logs/grid_candidate_0837_attempt_1.log,
grid_candidate_0844,grid,grid_candidate_0844,completed,1,0,47.848867,/home/hzw/Rethinking_GNN_DP/paper_experiments/figure3/figure3_pipeline3.yaml/dataset=Books-Children/feature=raw/mechanism=mbm/x_eps=0.001/m=best/norm=false/smoother=hoa/backbone=sage/use_nfr=true/logs/grid_candidate_0844_attempt_1.log,
grid_candidate_0836,grid,grid_candidate_0836,completed,1,0,53.462282,/home/hzw/Rethinking_GNN_DP/paper_experiments/figure3/figure3_pipeline3.yaml/dataset=Books-Children/feature=raw/mechanism=mbm/x_eps=0.001/m=best/norm=false/smoother=hoa/backbone=sage/use_nfr=true/logs/grid_candidate_0836_attempt_1.log,
grid_candidate_0840,grid,grid_candidate_0840,completed,1,0,53.357656,/home/hzw/Rethinking_GNN_DP/paper_experiments/figure3/figure3_pipeline3.yaml/dataset=Books-Children/feature=raw/mechanism=mbm/x_eps=0.001/m=best/norm=false/smoother=hoa/backbone=sage/use_nfr=true/logs/grid_candidate_0840_attempt_1.log,
grid_candidate_0842,grid,grid_candidate_0842,completed,1,0,53.345388,/home/hzw/Rethinking_GNN_DP/paper_experiments/figure3/figure3_pipeline3.yaml/dataset=Books-Children/feature=raw/mechanism=mbm/x_eps=0.001/m=best/norm=false/smoother=hoa/backbone=sage/use_nfr=true/logs/grid_candidate_0842_attempt_1.log,
grid_candidate_0843,grid,grid_candidate_0843,completed,1,0,53.440836,/home/hzw/Rethinking_GNN_DP/paper_experiments/figure3/figure3_pipeline3.yaml/dataset=Books-Children/feature=raw/mechanism=mbm/x_eps=0.001/m=best/norm=false/smoother=hoa/backbone=sage/use_nfr=true/logs/grid_candidate_0843_attempt_1.log,
grid_candidate_0847,grid,grid_candidate_0847,completed,1,0,50.237771,/home/hzw/Rethinking_GNN_DP/paper_experiments/figure3/figure3_pipeline3.yaml/dataset=Books-Children/feature=raw/mechanism=mbm/x_eps=0.001/m=best/norm=false/smoother=hoa/backbone=sage/use_nfr=true/logs/grid_candidate_0847_attempt_1.log,
grid_candidate_0848,grid,grid_candidate_0848,completed,1,0,50.822451,/home/hzw/Rethinking_GNN_DP/paper_experiments/figure3/figure3_pipeline3.yaml/dataset=Books-Children/feature=raw/mechanism=mbm/x_eps=0.001/m=best/norm=false/smoother=hoa/backbone=sage/use_nfr=true/logs/grid_candidate_0848_attempt_1.log,
grid_candidate_0841,grid,grid_candidate_0841,completed,1,0,56.238709,/home/hzw/Rethinking_GNN_DP/paper_experiments/figure3/figure3_pipeline3.yaml/dataset=Books-Children/feature=raw/mechanism=mbm/x_eps=0.001/m=best/norm=false/smoother=hoa/backbone=sage/use_nfr=true/logs/grid_candidate_0841_attempt_1.log,
grid_candidate_0849,grid,grid_candidate_0849,completed,1,0,51.120072,/home/hzw/Rethinking_GNN_DP/paper_experiments/figure3/figure3_pipeline3.yaml/dataset=Books-Children/feature=raw/mechanism=mbm/x_eps=0.001/m=best/norm=false/smoother=hoa/backbone=sage/use_nfr=true/logs/grid_candidate_0849_attempt_1.log,
grid_candidate_0846,grid,grid_candidate_0846,completed,1,0,53.384538,/home/hzw/Rethinking_GNN_DP/paper_experiments/figure3/figure3_pipeline3.yaml/dataset=Books-Children/feature=raw/mechanism=mbm/x_eps=0.001/m=best/norm=false/smoother=hoa/backbone=sage/use_nfr=true/logs/grid_candidate_0846_attempt_1.log,
grid_candidate_0850,grid,grid_candidate_0850,completed,1,0,51.136241,/home/hzw/Rethinking_GNN_DP/paper_experiments/figure3/figure3_pipeline3.yaml/dataset=Books-Children/feature=raw/mechanism=mbm/x_eps=0.001/m=best/norm=false/smoother=hoa/backbone=sage/use_nfr=true/logs/grid_candidate_0850_attempt_1.log,
grid_candidate_0852,grid,grid_candidate_0852,completed,1,0,50.385265,/home/hzw/Rethinking_GNN_DP/paper_experiments/figure3/figure3_pipeline3.yaml/dataset=Books-Children/feature=raw/mechanism=mbm/x_eps=0.001/m=best/norm=false/smoother=hoa/backbone=sage/use_nfr=true/logs/grid_candidate_0852_attempt_1.log,
grid_candidate_0855,grid,grid_candidate_0855,completed,1,0,50.566425,/home/hzw/Rethinking_GNN_DP/paper_experiments/figure3/figure3_pipeline3.yaml/dataset=Books-Children/feature=raw/mechanism=mbm/x_eps=0.001/m=best/norm=false/smoother=hoa/backbone=sage/use_nfr=true/logs/grid_candidate_0855_attempt_1.log,
grid_candidate_0853,grid,grid_candidate_0853,completed,1,0,53.855907,/home/hzw/Rethinking_GNN_DP/paper_experiments/figure3/figure3_pipeline3.yaml/dataset=Books-Children/feature=raw/mechanism=mbm/x_eps=0.001/m=best/norm=false/smoother=hoa/backbone=sage/use_nfr=true/logs/grid_candidate_0853_attempt_1.log,
grid_candidate_0854,grid,grid_candidate_0854,completed,1,0,53.450946,/home/hzw/Rethinking_GNN_DP/paper_experiments/figure3/figure3_pipeline3.yaml/dataset=Books-Children/feature=raw/mechanism=mbm/x_eps=0.001/m=best/norm=false/smoother=hoa/backbone=sage/use_nfr=true/logs/grid_candidate_0854_attempt_1.log,
grid_candidate_0857,grid,grid_candidate_0857,completed,1,0,51.018370,/home/hzw/Rethinking_GNN_DP/paper_experiments/figure3/figure3_pipeline3.yaml/dataset=Books-Children/feature=raw/mechanism=mbm/x_eps=0.001/m=best/norm=false/smoother=hoa/backbone=sage/use_nfr=true/logs/grid_candidate_0857_attempt_1.log,
grid_candidate_0856,grid,grid_candidate_0856,completed,1,0,52.252868,/home/hzw/Rethinking_GNN_DP/paper_experiments/figure3/figure3_pipeline3.yaml/dataset=Books-Children/feature=raw/mechanism=mbm/x_eps=0.001/m=best/norm=false/smoother=hoa/backbone=sage/use_nfr=true/logs/grid_candidate_0856_attempt_1.log,
grid_candidate_0859,grid,grid_candidate_0859,completed,1,0,47.188167,/home/hzw/Rethinking_GNN_DP/paper_experiments/figure3/figure3_pipeline3.yaml/dataset=Books-Children/feature=raw/mechanism=mbm/x_eps=0.001/m=best/norm=false/smoother=hoa/backbone=sage/use_nfr=true/logs/grid_candidate_0859_attempt_1.log,
grid_candidate_0858,grid,grid_candidate_0858,completed,1,0,48.577479,/home/hzw/Rethinking_GNN_DP/paper_experiments/figure3/figure3_pipeline3.yaml/dataset=Books-Children/feature=raw/mechanism=mbm/x_eps=0.001/m=best/norm=false/smoother=hoa/backbone=sage/use_nfr=true/logs/grid_candidate_0858_attempt_1.log,
grid_candidate_0860,grid,grid_candidate_0860,completed,1,0,54.693126,/home/hzw/Rethinking_GNN_DP/paper_experiments/figure3/figure3_pipeline3.yaml/dataset=Books-Children/feature=raw/mechanism=mbm/x_eps=0.001/m=best/norm=false/smoother=hoa/backbone=sage/use_nfr=true/logs/grid_candidate_0860_attempt_1.log,
grid_candidate_0861,grid,grid_candidate_0861,completed,1,0,50.398148,/home/hzw/Rethinking_GNN_DP/paper_experiments/figure3/figure3_pipeline3.yaml/dataset=Books-Children/feature=raw/mechanism=mbm/x_eps=0.001/m=best/norm=false/smoother=hoa/backbone=sage/use_nfr=true/logs/grid_candidate_0861_attempt_1.log,
grid_candidate_0862,grid,grid_candidate_0862,completed,1,0,51.181426,/home/hzw/Rethinking_GNN_DP/paper_experiments/figure3/figure3_pipeline3.yaml/dataset=Books-Children/feature=raw/mechanism=mbm/x_eps=0.001/m=best/norm=false/smoother=hoa/backbone=sage/use_nfr=true/logs/grid_candidate_0862_attempt_1.log,
grid_candidate_0863,grid,grid_candidate_0863,completed,1,0,50.041762,/home/hzw/Rethinking_GNN_DP/paper_experiments/figure3/figure3_pipeline3.yaml/dataset=Books-Children/feature=raw/mechanism=mbm/x_eps=0.001/m=best/norm=false/smoother=hoa/backbone=sage/use_nfr=true/logs/grid_candidate_0863_attempt_1.log,
grid_candidate_0868,grid,grid_candidate_0868,completed,1,0,42.683719,/home/hzw/Rethinking_GNN_DP/paper_experiments/figure3/figure3_pipeline3.yaml/dataset=Books-Children/feature=raw/mechanism=mbm/x_eps=0.001/m=best/norm=false/smoother=hoa/backbone=sage/use_nfr=true/logs/grid_candidate_0868_attempt_1.log,
grid_candidate_0864,grid,grid_candidate_0864,completed,1,0,50.408284,/home/hzw/Rethinking_GNN_DP/paper_experiments/figure3/figure3_pipeline3.yaml/dataset=Books-Children/feature=raw/mechanism=mbm/x_eps=0.001/m=best/norm=false/smoother=hoa/backbone=sage/use_nfr=true/logs/grid_candidate_0864_attempt_1.log,
grid_candidate_0865,grid,grid_candidate_0865,completed,1,0,47.188321,/home/hzw/Rethinking_GNN_DP/paper_experiments/figure3/figure3_pipeline3.yaml/dataset=Books-Children/feature=raw/mechanism=mbm/x_eps=0.001/m=best/norm=false/smoother=hoa/backbone=sage/use_nfr=true/logs/grid_candidate_0865_attempt_1.log,
grid_candidate_0869,grid,grid_candidate_0869,completed,1,0,44.245874,/home/hzw/Rethinking_GNN_DP/paper_experiments/figure3/figure3_pipeline3.yaml/dataset=Books-Children/feature=raw/mechanism=mbm/x_eps=0.001/m=best/norm=false/smoother=hoa/backbone=sage/use_nfr=true/logs/grid_candidate_0869_attempt_1.log,
grid_candidate_0867,grid,grid_candidate_0867,completed,1,0,50.199544,/home/hzw/Rethinking_GNN_DP/paper_experiments/figure3/figure3_pipeline3.yaml/dataset=Books-Children/feature=raw/mechanism=mbm/x_eps=0.001/m=best/norm=false/smoother=hoa/backbone=sage/use_nfr=true/logs/grid_candidate_0867_attempt_1.log,
grid_candidate_0866,grid,grid_candidate_0866,completed,1,0,52.289171,/home/hzw/Rethinking_GNN_DP/paper_experiments/figure3/figure3_pipeline3.yaml/dataset=Books-Children/feature=raw/mechanism=mbm/x_eps=0.001/m=best/norm=false/smoother=hoa/backbone=sage/use_nfr=true/logs/grid_candidate_0866_attempt_1.log,
grid_candidate_0881,grid,grid_candidate_0881,completed,1,0,35.788277,/home/hzw/Rethinking_GNN_DP/paper_experiments/figure3/figure3_pipeline3.yaml/dataset=Books-Children/feature=raw/mechanism=mbm/x_eps=0.001/m=best/norm=false/smoother=hoa/backbone=sage/use_nfr=true/logs/grid_candidate_0881_attempt_1.log,
grid_candidate_0870,grid,grid_candidate_0870,completed,1,0,50.735480,/home/hzw/Rethinking_GNN_DP/paper_experiments/figure3/figure3_pipeline3.yaml/dataset=Books-Children/feature=raw/mechanism=mbm/x_eps=0.001/m=best/norm=false/smoother=hoa/backbone=sage/use_nfr=true/logs/grid_candidate_0870_attempt_1.log,
grid_candidate_0883,grid,grid_candidate_0883,completed,1,0,35.605242,/home/hzw/Rethinking_GNN_DP/paper_experiments/figure3/figure3_pipeline3.yaml/dataset=Books-Children/feature=raw/mechanism=mbm/x_eps=0.001/m=best/norm=false/smoother=hoa/backbone=sage/use_nfr=true/logs/grid_candidate_0883_attempt_1.log,
grid_candidate_0871,grid,grid_candidate_0871,completed,1,0,51.469978,/home/hzw/Rethinking_GNN_DP/paper_experiments/figure3/figure3_pipeline3.yaml/dataset=Books-Children/feature=raw/mechanism=mbm/x_eps=0.001/m=best/norm=false/smoother=hoa/backbone=sage/use_nfr=true/logs/grid_candidate_0871_attempt_1.log,
grid_candidate_0873,grid,grid_candidate_0873,completed,1,0,48.565583,/home/hzw/Rethinking_GNN_DP/paper_experiments/figure3/figure3_pipeline3.yaml/dataset=Books-Children/feature=raw/mechanism=mbm/x_eps=0.001/m=best/norm=false/smoother=hoa/backbone=sage/use_nfr=true/logs/grid_candidate_0873_attempt_1.log,
grid_candidate_0872,grid,grid_candidate_0872,completed,1,0,50.241001,/home/hzw/Rethinking_GNN_DP/paper_experiments/figure3/figure3_pipeline3.yaml/dataset=Books-Children/feature=raw/mechanism=mbm/x_eps=0.001/m=best/norm=false/smoother=hoa/backbone=sage/use_nfr=true/logs/grid_candidate_0872_attempt_1.log,
grid_candidate_0886,grid,grid_candidate_0886,completed,1,0,37.399270,/home/hzw/Rethinking_GNN_DP/paper_experiments/figure3/figure3_pipeline3.yaml/dataset=Books-Children/feature=raw/mechanism=mbm/x_eps=0.001/m=best/norm=false/smoother=hoa/backbone=sage/use_nfr=true/logs/grid_candidate_0886_attempt_1.log,
grid_candidate_0884,grid,grid_candidate_0884,completed,1,0,39.206732,/home/hzw/Rethinking_GNN_DP/paper_experiments/figure3/figure3_pipeline3.yaml/dataset=Books-Children/feature=raw/mechanism=mbm/x_eps=0.001/m=best/norm=false/smoother=hoa/backbone=sage/use_nfr=true/logs/grid_candidate_0884_attempt_1.log,
grid_candidate_0876,grid,grid_candidate_0876,completed,1,0,48.218847,/home/hzw/Rethinking_GNN_DP/paper_experiments/figure3/figure3_pipeline3.yaml/dataset=Books-Children/feature=raw/mechanism=mbm/x_eps=0.001/m=best/norm=false/smoother=hoa/backbone=sage/use_nfr=true/logs/grid_candidate_0876_attempt_1.log,
grid_candidate_0874,grid,grid_candidate_0874,completed,1,0,52.646125,/home/hzw/Rethinking_GNN_DP/paper_experiments/figure3/figure3_pipeline3.yaml/dataset=Books-Children/feature=raw/mechanism=mbm/x_eps=0.001/m=best/norm=false/smoother=hoa/backbone=sage/use_nfr=true/logs/grid_candidate_0874_attempt_1.log,
grid_candidate_0877,grid,grid_candidate_0877,completed,1,0,49.578977,/home/hzw/Rethinking_GNN_DP/paper_experiments/figure3/figure3_pipeline3.yaml/dataset=Books-Children/feature=raw/mechanism=mbm/x_eps=0.001/m=best/norm=false/smoother=hoa/backbone=sage/use_nfr=true/logs/grid_candidate_0877_attempt_1.log,
grid_candidate_0878,grid,grid_candidate_0878,completed,1,0,49.802190,/home/hzw/Rethinking_GNN_DP/paper_experiments/figure3/figure3_pipeline3.yaml/dataset=Books-Children/feature=raw/mechanism=mbm/x_eps=0.001/m=best/norm=false/smoother=hoa/backbone=sage/use_nfr=true/logs/grid_candidate_0878_attempt_1.log,
grid_candidate_0882,grid,grid_candidate_0882,completed,1,0,46.230033,/home/hzw/Rethinking_GNN_DP/paper_experiments/figure3/figure3_pipeline3.yaml/dataset=Books-Children/feature=raw/mechanism=mbm/x_eps=0.001/m=best/norm=false/smoother=hoa/backbone=sage/use_nfr=true/logs/grid_candidate_0882_attempt_1.log,
grid_candidate_0880,grid,grid_candidate_0880,completed,1,0,49.178880,/home/hzw/Rethinking_GNN_DP/paper_experiments/figure3/figure3_pipeline3.yaml/dataset=Books-Children/feature=raw/mechanism=mbm/x_eps=0.001/m=best/norm=false/smoother=hoa/backbone=sage/use_nfr=true/logs/grid_candidate_0880_attempt_1.log,
grid_candidate_0879,grid,grid_candidate_0879,completed,1,0,51.786007,/home/hzw/Rethinking_GNN_DP/paper_experiments/figure3/figure3_pipeline3.yaml/dataset=Books-Children/feature=raw/mechanism=mbm/x_eps=0.001/m=best/norm=false/smoother=hoa/backbone=sage/use_nfr=true/logs/grid_candidate_0879_attempt_1.log,
grid_candidate_0875,grid,grid_candidate_0875,completed,1,0,56.811896,/home/hzw/Rethinking_GNN_DP/paper_experiments/figure3/figure3_pipeline3.yaml/dataset=Books-Children/feature=raw/mechanism=mbm/x_eps=0.001/m=best/norm=false/smoother=hoa/backbone=sage/use_nfr=true/logs/grid_candidate_0875_attempt_1.log,
grid_candidate_0885,grid,grid_candidate_0885,completed,1,0,49.505994,/home/hzw/Rethinking_GNN_DP/paper_experiments/figure3/figure3_pipeline3.yaml/dataset=Books-Children/feature=raw/mechanism=mbm/x_eps=0.001/m=best/norm=false/smoother=hoa/backbone=sage/use_nfr=true/logs/grid_candidate_0885_attempt_1.log,
grid_candidate_0888,grid,grid_candidate_0888,completed,1,0,48.682536,/home/hzw/Rethinking_GNN_DP/paper_experiments/figure3/figure3_pipeline3.yaml/dataset=Books-Children/feature=raw/mechanism=mbm/x_eps=0.001/m=best/norm=false/smoother=hoa/backbone=sage/use_nfr=true/logs/grid_candidate_0888_attempt_1.log,
grid_candidate_0889,grid,grid_candidate_0889,completed,1,0,47.055992,/home/hzw/Rethinking_GNN_DP/paper_experiments/figure3/figure3_pipeline3.yaml/dataset=Books-Children/feature=raw/mechanism=mbm/x_eps=0.001/m=best/norm=false/smoother=hoa/backbone=sage/use_nfr=true/logs/grid_candidate_0889_attempt_1.log,
grid_candidate_0887,grid,grid_candidate_0887,completed,1,0,52.186952,/home/hzw/Rethinking_GNN_DP/paper_experiments/figure3/figure3_pipeline3.yaml/dataset=Books-Children/feature=raw/mechanism=mbm/x_eps=0.001/m=best/norm=false/smoother=hoa/backbone=sage/use_nfr=true/logs/grid_candidate_0887_attempt_1.log,
grid_candidate_0892,grid,grid_candidate_0892,completed,1,0,46.045370,/home/hzw/Rethinking_GNN_DP/paper_experiments/figure3/figure3_pipeline3.yaml/dataset=Books-Children/feature=raw/mechanism=mbm/x_eps=0.001/m=best/norm=false/smoother=hoa/backbone=sage/use_nfr=true/logs/grid_candidate_0892_attempt_1.log,
grid_candidate_0895,grid,grid_candidate_0895,completed,1,0,45.439475,/home/hzw/Rethinking_GNN_DP/paper_experiments/figure3/figure3_pipeline3.yaml/dataset=Books-Children/feature=raw/mechanism=mbm/x_eps=0.001/m=best/norm=false/smoother=hoa/backbone=sage/use_nfr=true/logs/grid_candidate_0895_attempt_1.log,
grid_candidate_0898,grid,grid_candidate_0898,completed,1,0,34.350028,/home/hzw/Rethinking_GNN_DP/paper_experiments/figure3/figure3_pipeline3.yaml/dataset=Books-Children/feature=raw/mechanism=mbm/x_eps=0.001/m=best/norm=false/smoother=hoa/backbone=sage/use_nfr=true/logs/grid_candidate_0898_attempt_1.log,
grid_candidate_0903,grid,grid_candidate_0903,completed,1,0,30.506939,/home/hzw/Rethinking_GNN_DP/paper_experiments/figure3/figure3_pipeline3.yaml/dataset=Books-Children/feature=raw/mechanism=mbm/x_eps=0.001/m=best/norm=false/smoother=hoa/backbone=sage/use_nfr=true/logs/grid_candidate_0903_attempt_1.log,
grid_candidate_0891,grid,grid_candidate_0891,completed,1,0,51.059935,/home/hzw/Rethinking_GNN_DP/paper_experiments/figure3/figure3_pipeline3.yaml/dataset=Books-Children/feature=raw/mechanism=mbm/x_eps=0.001/m=best/norm=false/smoother=hoa/backbone=sage/use_nfr=true/logs/grid_candidate_0891_attempt_1.log,
grid_candidate_0893,grid,grid_candidate_0893,completed,1,0,51.598308,/home/hzw/Rethinking_GNN_DP/paper_experiments/figure3/figure3_pipeline3.yaml/dataset=Books-Children/feature=raw/mechanism=mbm/x_eps=0.001/m=best/norm=false/smoother=hoa/backbone=sage/use_nfr=true/logs/grid_candidate_0893_attempt_1.log,
grid_candidate_0894,grid,grid_candidate_0894,completed,1,0,51.386808,/home/hzw/Rethinking_GNN_DP/paper_experiments/figure3/figure3_pipeline3.yaml/dataset=Books-Children/feature=raw/mechanism=mbm/x_eps=0.001/m=best/norm=false/smoother=hoa/backbone=sage/use_nfr=true/logs/grid_candidate_0894_attempt_1.log,
grid_candidate_0890,grid,grid_candidate_0890,completed,1,0,59.696822,/home/hzw/Rethinking_GNN_DP/paper_experiments/figure3/figure3_pipeline3.yaml/dataset=Books-Children/feature=raw/mechanism=mbm/x_eps=0.001/m=best/norm=false/smoother=hoa/backbone=sage/use_nfr=true/logs/grid_candidate_0890_attempt_1.log,
grid_candidate_0897,grid,grid_candidate_0897,completed,1,0,47.935546,/home/hzw/Rethinking_GNN_DP/paper_experiments/figure3/figure3_pipeline3.yaml/dataset=Books-Children/feature=raw/mechanism=mbm/x_eps=0.001/m=best/norm=false/smoother=hoa/backbone=sage/use_nfr=true/logs/grid_candidate_0897_attempt_1.log,
grid_candidate_0896,grid,grid_candidate_0896,completed,1,0,50.917994,/home/hzw/Rethinking_GNN_DP/paper_experiments/figure3/figure3_pipeline3.yaml/dataset=Books-Children/feature=raw/mechanism=mbm/x_eps=0.001/m=best/norm=false/smoother=hoa/backbone=sage/use_nfr=true/logs/grid_candidate_0896_attempt_1.log,
grid_candidate_0902,grid,grid_candidate_0902,completed,1,0,45.245271,/home/hzw/Rethinking_GNN_DP/paper_experiments/figure3/figure3_pipeline3.yaml/dataset=Books-Children/feature=raw/mechanism=mbm/x_eps=0.001/m=best/norm=false/smoother=hoa/backbone=sage/use_nfr=true/logs/grid_candidate_0902_attempt_1.log,
grid_candidate_0900,grid,grid_candidate_0900,completed,1,0,48.137984,/home/hzw/Rethinking_GNN_DP/paper_experiments/figure3/figure3_pipeline3.yaml/dataset=Books-Children/feature=raw/mechanism=mbm/x_eps=0.001/m=best/norm=false/smoother=hoa/backbone=sage/use_nfr=true/logs/grid_candidate_0900_attempt_1.log,
grid_candidate_0899,grid,grid_candidate_0899,completed,1,0,50.222427,/home/hzw/Rethinking_GNN_DP/paper_experiments/figure3/figure3_pipeline3.yaml/dataset=Books-Children/feature=raw/mechanism=mbm/x_eps=0.001/m=best/norm=false/smoother=hoa/backbone=sage/use_nfr=true/logs/grid_candidate_0899_attempt_1.log,
grid_candidate_0901,grid,grid_candidate_0901,completed,1,0,50.815463,/home/hzw/Rethinking_GNN_DP/paper_experiments/figure3/figure3_pipeline3.yaml/dataset=Books-Children/feature=raw/mechanism=mbm/x_eps=0.001/m=best/norm=false/smoother=hoa/backbone=sage/use_nfr=true/logs/grid_candidate_0901_attempt_1.log,
grid_candidate_0908,grid,grid_candidate_0908,completed,1,0,42.568127,/home/hzw/Rethinking_GNN_DP/paper_experiments/figure3/figure3_pipeline3.yaml/dataset=Books-Children/feature=raw/mechanism=mbm/x_eps=0.001/m=best/norm=false/smoother=hoa/backbone=sage/use_nfr=true/logs/grid_candidate_0908_attempt_1.log,
grid_candidate_0917,grid,grid_candidate_0917,completed,1,0,35.174618,/home/hzw/Rethinking_GNN_DP/paper_experiments/figure3/figure3_pipeline3.yaml/dataset=Books-Children/feature=raw/mechanism=mbm/x_eps=0.001/m=best/norm=false/smoother=hoa/backbone=sage/use_nfr=true/logs/grid_candidate_0917_attempt_1.log,
grid_candidate_0918,grid,grid_candidate_0918,completed,1,0,34.215446,/home/hzw/Rethinking_GNN_DP/paper_experiments/figure3/figure3_pipeline3.yaml/dataset=Books-Children/feature=raw/mechanism=mbm/x_eps=0.001/m=best/norm=false/smoother=hoa/backbone=sage/use_nfr=true/logs/grid_candidate_0918_attempt_1.log,
grid_candidate_0906,grid,grid_candidate_0906,completed,1,0,46.646928,/home/hzw/Rethinking_GNN_DP/paper_experiments/figure3/figure3_pipeline3.yaml/dataset=Books-Children/feature=raw/mechanism=mbm/x_eps=0.001/m=best/norm=false/smoother=hoa/backbone=sage/use_nfr=true/logs/grid_candidate_0906_attempt_1.log,
grid_candidate_0909,grid,grid_candidate_0909,completed,1,0,44.146275,/home/hzw/Rethinking_GNN_DP/paper_experiments/figure3/figure3_pipeline3.yaml/dataset=Books-Children/feature=raw/mechanism=mbm/x_eps=0.001/m=best/norm=false/smoother=hoa/backbone=sage/use_nfr=true/logs/grid_candidate_0909_attempt_1.log,
grid_candidate_0907,grid,grid_candidate_0907,completed,1,0,47.475379,/home/hzw/Rethinking_GNN_DP/paper_experiments/figure3/figure3_pipeline3.yaml/dataset=Books-Children/feature=raw/mechanism=mbm/x_eps=0.001/m=best/norm=false/smoother=hoa/backbone=sage/use_nfr=true/logs/grid_candidate_0907_attempt_1.log,
grid_candidate_0904,grid,grid_candidate_0904,completed,1,0,50.573641,/home/hzw/Rethinking_GNN_DP/paper_experiments/figure3/figure3_pipeline3.yaml/dataset=Books-Children/feature=raw/mechanism=mbm/x_eps=0.001/m=best/norm=false/smoother=hoa/backbone=sage/use_nfr=true/logs/grid_candidate_0904_attempt_1.log,
grid_candidate_0905,grid,grid_candidate_0905,completed,1,0,51.200686,/home/hzw/Rethinking_GNN_DP/paper_experiments/figure3/figure3_pipeline3.yaml/dataset=Books-Children/feature=raw/mechanism=mbm/x_eps=0.001/m=best/norm=false/smoother=hoa/backbone=sage/use_nfr=true/logs/grid_candidate_0905_attempt_1.log,
grid_candidate_0921,grid,grid_candidate_0921,completed,1,0,37.251979,/home/hzw/Rethinking_GNN_DP/paper_experiments/figure3/figure3_pipeline3.yaml/dataset=Books-Children/feature=raw/mechanism=mbm/x_eps=0.001/m=best/norm=false/smoother=hoa/backbone=sage/use_nfr=true/logs/grid_candidate_0921_attempt_1.log,
grid_candidate_0911,grid,grid_candidate_0911,completed,1,0,50.122320,/home/hzw/Rethinking_GNN_DP/paper_experiments/figure3/figure3_pipeline3.yaml/dataset=Books-Children/feature=raw/mechanism=mbm/x_eps=0.001/m=best/norm=false/smoother=hoa/backbone=sage/use_nfr=true/logs/grid_candidate_0911_attempt_1.log,
grid_candidate_0912,grid,grid_candidate_0912,completed,1,0,51.219006,/home/hzw/Rethinking_GNN_DP/paper_experiments/figure3/figure3_pipeline3.yaml/dataset=Books-Children/feature=raw/mechanism=mbm/x_eps=0.001/m=best/norm=false/smoother=hoa/backbone=sage/use_nfr=true/logs/grid_candidate_0912_attempt_1.log,
grid_candidate_0913,grid,grid_candidate_0913,completed,1,0,50.457721,/home/hzw/Rethinking_GNN_DP/paper_experiments/figure3/figure3_pipeline3.yaml/dataset=Books-Children/feature=raw/mechanism=mbm/x_eps=0.001/m=best/norm=false/smoother=hoa/backbone=sage/use_nfr=true/logs/grid_candidate_0913_attempt_1.log,
grid_candidate_0910,grid,grid_candidate_0910,completed,1,0,53.532639,/home/hzw/Rethinking_GNN_DP/paper_experiments/figure3/figure3_pipeline3.yaml/dataset=Books-Children/feature=raw/mechanism=mbm/x_eps=0.001/m=best/norm=false/smoother=hoa/backbone=sage/use_nfr=true/logs/grid_candidate_0910_attempt_1.log,
grid_candidate_0916,grid,grid_candidate_0916,completed,1,0,47.429899,/home/hzw/Rethinking_GNN_DP/paper_experiments/figure3/figure3_pipeline3.yaml/dataset=Books-Children/feature=raw/mechanism=mbm/x_eps=0.001/m=best/norm=false/smoother=hoa/backbone=sage/use_nfr=true/logs/grid_candidate_0916_attempt_1.log,
grid_candidate_0914,grid,grid_candidate_0914,completed,1,0,49.350845,/home/hzw/Rethinking_GNN_DP/paper_experiments/figure3/figure3_pipeline3.yaml/dataset=Books-Children/feature=raw/mechanism=mbm/x_eps=0.001/m=best/norm=false/smoother=hoa/backbone=sage/use_nfr=true/logs/grid_candidate_0914_attempt_1.log,
grid_candidate_0915,grid,grid_candidate_0915,completed,1,0,49.401679,/home/hzw/Rethinking_GNN_DP/paper_experiments/figure3/figure3_pipeline3.yaml/dataset=Books-Children/feature=raw/mechanism=mbm/x_eps=0.001/m=best/norm=false/smoother=hoa/backbone=sage/use_nfr=true/logs/grid_candidate_0915_attempt_1.log,
grid_candidate_0919,grid,grid_candidate_0919,completed,1,0,46.113337,/home/hzw/Rethinking_GNN_DP/paper_experiments/figure3/figure3_pipeline3.yaml/dataset=Books-Children/feature=raw/mechanism=mbm/x_eps=0.001/m=best/norm=false/smoother=hoa/backbone=sage/use_nfr=true/logs/grid_candidate_0919_attempt_1.log,
grid_candidate_0920,grid,grid_candidate_0920,completed,1,0,45.843115,/home/hzw/Rethinking_GNN_DP/paper_experiments/figure3/figure3_pipeline3.yaml/dataset=Books-Children/feature=raw/mechanism=mbm/x_eps=0.001/m=best/norm=false/smoother=hoa/backbone=sage/use_nfr=true/logs/grid_candidate_0920_attempt_1.log,
grid_candidate_0924,grid,grid_candidate_0924,completed,1,0,41.643364,/home/hzw/Rethinking_GNN_DP/paper_experiments/figure3/figure3_pipeline3.yaml/dataset=Books-Children/feature=raw/mechanism=mbm/x_eps=0.001/m=best/norm=false/smoother=hoa/backbone=sage/use_nfr=true/logs/grid_candidate_0924_attempt_1.log,
grid_candidate_0922,grid,grid_candidate_0922,completed,1,0,46.082804,/home/hzw/Rethinking_GNN_DP/paper_experiments/figure3/figure3_pipeline3.yaml/dataset=Books-Children/feature=raw/mechanism=mbm/x_eps=0.001/m=best/norm=false/smoother=hoa/backbone=sage/use_nfr=true/logs/grid_candidate_0922_attempt_1.log,
grid_candidate_0923,grid,grid_candidate_0923,completed,1,0,45.568741,/home/hzw/Rethinking_GNN_DP/paper_experiments/figure3/figure3_pipeline3.yaml/dataset=Books-Children/feature=raw/mechanism=mbm/x_eps=0.001/m=best/norm=false/smoother=hoa/backbone=sage/use_nfr=true/logs/grid_candidate_0923_attempt_1.log,
grid_candidate_0926,grid,grid_candidate_0926,completed,1,0,45.087383,/home/hzw/Rethinking_GNN_DP/paper_experiments/figure3/figure3_pipeline3.yaml/dataset=Books-Children/feature=raw/mechanism=mbm/x_eps=0.001/m=best/norm=false/smoother=hoa/backbone=sage/use_nfr=true/logs/grid_candidate_0926_attempt_1.log,
grid_candidate_0927,grid,grid_candidate_0927,completed,1,0,45.392982,/home/hzw/Rethinking_GNN_DP/paper_experiments/figure3/figure3_pipeline3.yaml/dataset=Books-Children/feature=raw/mechanism=mbm/x_eps=0.001/m=best/norm=false/smoother=hoa/backbone=sage/use_nfr=true/logs/grid_candidate_0927_attempt_1.log,
grid_candidate_0929,grid,grid_candidate_0929,completed,1,0,45.390716,/home/hzw/Rethinking_GNN_DP/paper_experiments/figure3/figure3_pipeline3.yaml/dataset=Books-Children/feature=raw/mechanism=mbm/x_eps=0.001/m=best/norm=false/smoother=hoa/backbone=sage/use_nfr=true/logs/grid_candidate_0929_attempt_1.log,
grid_candidate_0933,grid,grid_candidate_0933,completed,1,0,35.903936,/home/hzw/Rethinking_GNN_DP/paper_experiments/figure3/figure3_pipeline3.yaml/dataset=Books-Children/feature=raw/mechanism=mbm/x_eps=0.001/m=best/norm=false/smoother=hoa/backbone=sage/use_nfr=true/logs/grid_candidate_0933_attempt_1.log,
grid_candidate_0934,grid,grid_candidate_0934,completed,1,0,35.696577,/home/hzw/Rethinking_GNN_DP/paper_experiments/figure3/figure3_pipeline3.yaml/dataset=Books-Children/feature=raw/mechanism=mbm/x_eps=0.001/m=best/norm=false/smoother=hoa/backbone=sage/use_nfr=true/logs/grid_candidate_0934_attempt_1.log,
grid_candidate_0935,grid,grid_candidate_0935,completed,1,0,34.211672,/home/hzw/Rethinking_GNN_DP/paper_experiments/figure3/figure3_pipeline3.yaml/dataset=Books-Children/feature=raw/mechanism=mbm/x_eps=0.001/m=best/norm=false/smoother=hoa/backbone=sage/use_nfr=true/logs/grid_candidate_0935_attempt_1.log,
grid_candidate_0925,grid,grid_candidate_0925,completed,1,0,52.377950,/home/hzw/Rethinking_GNN_DP/paper_experiments/figure3/figure3_pipeline3.yaml/dataset=Books-Children/feature=raw/mechanism=mbm/x_eps=0.001/m=best/norm=false/smoother=hoa/backbone=sage/use_nfr=true/logs/grid_candidate_0925_attempt_1.log,
grid_candidate_0936,grid,grid_candidate_0936,completed,1,0,33.612200,/home/hzw/Rethinking_GNN_DP/paper_experiments/figure3/figure3_pipeline3.yaml/dataset=Books-Children/feature=raw/mechanism=mbm/x_eps=0.001/m=best/norm=false/smoother=hoa/backbone=sage/use_nfr=true/logs/grid_candidate_0936_attempt_1.log,
grid_candidate_0928,grid,grid_candidate_0928,completed,1,0,48.069736,/home/hzw/Rethinking_GNN_DP/paper_experiments/figure3/figure3_pipeline3.yaml/dataset=Books-Children/feature=raw/mechanism=mbm/x_eps=0.001/m=best/norm=false/smoother=hoa/backbone=sage/use_nfr=true/logs/grid_candidate_0928_attempt_1.log,
grid_candidate_0932,grid,grid_candidate_0932,completed,1,0,45.180024,/home/hzw/Rethinking_GNN_DP/paper_experiments/figure3/figure3_pipeline3.yaml/dataset=Books-Children/feature=raw/mechanism=mbm/x_eps=0.001/m=best/norm=false/smoother=hoa/backbone=sage/use_nfr=true/logs/grid_candidate_0932_attempt_1.log,
grid_candidate_0931,grid,grid_candidate_0931,completed,1,0,46.947951,/home/hzw/Rethinking_GNN_DP/paper_experiments/figure3/figure3_pipeline3.yaml/dataset=Books-Children/feature=raw/mechanism=mbm/x_eps=0.001/m=best/norm=false/smoother=hoa/backbone=sage/use_nfr=true/logs/grid_candidate_0931_attempt_1.log,
grid_candidate_0937,grid,grid_candidate_0937,completed,1,0,36.567749,/home/hzw/Rethinking_GNN_DP/paper_experiments/figure3/figure3_pipeline3.yaml/dataset=Books-Children/feature=raw/mechanism=mbm/x_eps=0.001/m=best/norm=false/smoother=hoa/backbone=sage/use_nfr=true/logs/grid_candidate_0937_attempt_1.log,
grid_candidate_0930,grid,grid_candidate_0930,completed,1,0,54.242863,/home/hzw/Rethinking_GNN_DP/paper_experiments/figure3/figure3_pipeline3.yaml/dataset=Books-Children/feature=raw/mechanism=mbm/x_eps=0.001/m=best/norm=false/smoother=hoa/backbone=sage/use_nfr=true/logs/grid_candidate_0930_attempt_1.log,
grid_candidate_0938,grid,grid_candidate_0938,completed,1,0,46.935895,/home/hzw/Rethinking_GNN_DP/paper_experiments/figure3/figure3_pipeline3.yaml/dataset=Books-Children/feature=raw/mechanism=mbm/x_eps=0.001/m=best/norm=false/smoother=hoa/backbone=sage/use_nfr=true/logs/grid_candidate_0938_attempt_1.log,
grid_candidate_0939,grid,grid_candidate_0939,completed,1,0,46.464429,/home/hzw/Rethinking_GNN_DP/paper_experiments/figure3/figure3_pipeline3.yaml/dataset=Books-Children/feature=raw/mechanism=mbm/x_eps=0.001/m=best/norm=false/smoother=hoa/backbone=sage/use_nfr=true/logs/grid_candidate_0939_attempt_1.log,
grid_candidate_0941,grid,grid_candidate_0941,completed,1,0,46.260086,/home/hzw/Rethinking_GNN_DP/paper_experiments/figure3/figure3_pipeline3.yaml/dataset=Books-Children/feature=raw/mechanism=mbm/x_eps=0.001/m=best/norm=false/smoother=hoa/backbone=sage/use_nfr=true/logs/grid_candidate_0941_attempt_1.log,
grid_candidate_0944,grid,grid_candidate_0944,completed,1,0,47.431229,/home/hzw/Rethinking_GNN_DP/paper_experiments/figure3/figure3_pipeline3.yaml/dataset=Books-Children/feature=raw/mechanism=mbm/x_eps=0.001/m=best/norm=false/smoother=hoa/backbone=sage/use_nfr=true/logs/grid_candidate_0944_attempt_1.log,
grid_candidate_0942,grid,grid_candidate_0942,completed,1,0,49.649055,/home/hzw/Rethinking_GNN_DP/paper_experiments/figure3/figure3_pipeline3.yaml/dataset=Books-Children/feature=raw/mechanism=mbm/x_eps=0.001/m=best/norm=false/smoother=hoa/backbone=sage/use_nfr=true/logs/grid_candidate_0942_attempt_1.log,
grid_candidate_0959,grid,grid_candidate_0959,completed,1,0,33.729223,/home/hzw/Rethinking_GNN_DP/paper_experiments/figure3/figure3_pipeline3.yaml/dataset=Books-Children/feature=raw/mechanism=mbm/x_eps=0.001/m=best/norm=false/smoother=hoa/backbone=sage/use_nfr=true/logs/grid_candidate_0959_attempt_1.log,
grid_candidate_0943,grid,grid_candidate_0943,completed,1,0,50.284186,/home/hzw/Rethinking_GNN_DP/paper_experiments/figure3/figure3_pipeline3.yaml/dataset=Books-Children/feature=raw/mechanism=mbm/x_eps=0.001/m=best/norm=false/smoother=hoa/backbone=sage/use_nfr=true/logs/grid_candidate_0943_attempt_1.log,
grid_candidate_0946,grid,grid_candidate_0946,completed,1,0,50.706873,/home/hzw/Rethinking_GNN_DP/paper_experiments/figure3/figure3_pipeline3.yaml/dataset=Books-Children/feature=raw/mechanism=mbm/x_eps=0.001/m=best/norm=false/smoother=hoa/backbone=sage/use_nfr=true/logs/grid_candidate_0946_attempt_1.log,
grid_candidate_0948,grid,grid_candidate_0948,completed,1,0,48.555906,/home/hzw/Rethinking_GNN_DP/paper_experiments/figure3/figure3_pipeline3.yaml/dataset=Books-Children/feature=raw/mechanism=mbm/x_eps=0.001/m=best/norm=false/smoother=hoa/backbone=sage/use_nfr=true/logs/grid_candidate_0948_attempt_1.log,
grid_candidate_0947,grid,grid_candidate_0947,completed,1,0,51.293152,/home/hzw/Rethinking_GNN_DP/paper_experiments/figure3/figure3_pipeline3.yaml/dataset=Books-Children/feature=raw/mechanism=mbm/x_eps=0.001/m=best/norm=false/smoother=hoa/backbone=sage/use_nfr=true/logs/grid_candidate_0947_attempt_1.log,
grid_candidate_0940,grid,grid_candidate_0940,completed,1,0,57.212151,/home/hzw/Rethinking_GNN_DP/paper_experiments/figure3/figure3_pipeline3.yaml/dataset=Books-Children/feature=raw/mechanism=mbm/x_eps=0.001/m=best/norm=false/smoother=hoa/backbone=sage/use_nfr=true/logs/grid_candidate_0940_attempt_1.log,
grid_candidate_0960,grid,grid_candidate_0960,completed,1,0,38.703167,/home/hzw/Rethinking_GNN_DP/paper_experiments/figure3/figure3_pipeline3.yaml/dataset=Books-Children/feature=raw/mechanism=mbm/x_eps=0.001/m=best/norm=false/smoother=hoa/backbone=sage/use_nfr=true/logs/grid_candidate_0960_attempt_1.log,
grid_candidate_0949,grid,grid_candidate_0949,completed,1,0,49.131741,/home/hzw/Rethinking_GNN_DP/paper_experiments/figure3/figure3_pipeline3.yaml/dataset=Books-Children/feature=raw/mechanism=mbm/x_eps=0.001/m=best/norm=false/smoother=hoa/backbone=sage/use_nfr=true/logs/grid_candidate_0949_attempt_1.log,
grid_candidate_0950,grid,grid_candidate_0950,completed,1,0,50.805125,/home/hzw/Rethinking_GNN_DP/paper_experiments/figure3/figure3_pipeline3.yaml/dataset=Books-Children/feature=raw/mechanism=mbm/x_eps=0.001/m=best/norm=false/smoother=hoa/backbone=sage/use_nfr=true/logs/grid_candidate_0950_attempt_1.log,
grid_candidate_0953,grid,grid_candidate_0953,completed,1,0,50.357381,/home/hzw/Rethinking_GNN_DP/paper_experiments/figure3/figure3_pipeline3.yaml/dataset=Books-Children/feature=raw/mechanism=mbm/x_eps=0.001/m=best/norm=false/smoother=hoa/backbone=sage/use_nfr=true/logs/grid_candidate_0953_attempt_1.log,
grid_candidate_0954,grid,grid_candidate_0954,completed,1,0,51.011329,/home/hzw/Rethinking_GNN_DP/paper_experiments/figure3/figure3_pipeline3.yaml/dataset=Books-Children/feature=raw/mechanism=mbm/x_eps=0.001/m=best/norm=false/smoother=hoa/backbone=sage/use_nfr=true/logs/grid_candidate_0954_attempt_1.log,
grid_candidate_0951,grid,grid_candidate_0951,completed,1,0,52.704158,/home/hzw/Rethinking_GNN_DP/paper_experiments/figure3/figure3_pipeline3.yaml/dataset=Books-Children/feature=raw/mechanism=mbm/x_eps=0.001/m=best/norm=false/smoother=hoa/backbone=sage/use_nfr=true/logs/grid_candidate_0951_attempt_1.log,
grid_candidate_0945,grid,grid_candidate_0945,completed,1,0,61.111958,/home/hzw/Rethinking_GNN_DP/paper_experiments/figure3/figure3_pipeline3.yaml/dataset=Books-Children/feature=raw/mechanism=mbm/x_eps=0.001/m=best/norm=false/smoother=hoa/backbone=sage/use_nfr=true/logs/grid_candidate_0945_attempt_1.log,
grid_candidate_0952,grid,grid_candidate_0952,completed,1,0,53.374917,/home/hzw/Rethinking_GNN_DP/paper_experiments/figure3/figure3_pipeline3.yaml/dataset=Books-Children/feature=raw/mechanism=mbm/x_eps=0.001/m=best/norm=false/smoother=hoa/backbone=sage/use_nfr=true/logs/grid_candidate_0952_attempt_1.log,
grid_candidate_0958,grid,grid_candidate_0958,completed,1,0,49.437779,/home/hzw/Rethinking_GNN_DP/paper_experiments/figure3/figure3_pipeline3.yaml/dataset=Books-Children/feature=raw/mechanism=mbm/x_eps=0.001/m=best/norm=false/smoother=hoa/backbone=sage/use_nfr=true/logs/grid_candidate_0958_attempt_1.log,
grid_candidate_0956,grid,grid_candidate_0956,completed,1,0,52.378158,/home/hzw/Rethinking_GNN_DP/paper_experiments/figure3/figure3_pipeline3.yaml/dataset=Books-Children/feature=raw/mechanism=mbm/x_eps=0.001/m=best/norm=false/smoother=hoa/backbone=sage/use_nfr=true/logs/grid_candidate_0956_attempt_1.log,
grid_candidate_0957,grid,grid_candidate_0957,completed,1,0,53.861985,/home/hzw/Rethinking_GNN_DP/paper_experiments/figure3/figure3_pipeline3.yaml/dataset=Books-Children/feature=raw/mechanism=mbm/x_eps=0.001/m=best/norm=false/smoother=hoa/backbone=sage/use_nfr=true/logs/grid_candidate_0957_attempt_1.log,
grid_candidate_0955,grid,grid_candidate_0955,completed,1,0,58.976419,/home/hzw/Rethinking_GNN_DP/paper_experiments/figure3/figure3_pipeline3.yaml/dataset=Books-Children/feature=raw/mechanism=mbm/x_eps=0.001/m=best/norm=false/smoother=hoa/backbone=sage/use_nfr=true/logs/grid_candidate_0955_attempt_1.log,
grid_candidate_0968,grid,grid_candidate_0968,completed,1,0,45.830683,/home/hzw/Rethinking_GNN_DP/paper_experiments/figure3/figure3_pipeline3.yaml/dataset=Books-Children/feature=raw/mechanism=mbm/x_eps=0.001/m=best/norm=false/smoother=hoa/backbone=sage/use_nfr=true/logs/grid_candidate_0968_attempt_1.log,
grid_candidate_0966,grid,grid_candidate_0966,completed,1,0,47.765008,/home/hzw/Rethinking_GNN_DP/paper_experiments/figure3/figure3_pipeline3.yaml/dataset=Books-Children/feature=raw/mechanism=mbm/x_eps=0.001/m=best/norm=false/smoother=hoa/backbone=sage/use_nfr=true/logs/grid_candidate_0966_attempt_1.log,
grid_candidate_0964,grid,grid_candidate_0964,completed,1,0,49.462088,/home/hzw/Rethinking_GNN_DP/paper_experiments/figure3/figure3_pipeline3.yaml/dataset=Books-Children/feature=raw/mechanism=mbm/x_eps=0.001/m=best/norm=false/smoother=hoa/backbone=sage/use_nfr=true/logs/grid_candidate_0964_attempt_1.log,
grid_candidate_0972,grid,grid_candidate_0972,completed,1,0,43.153846,/home/hzw/Rethinking_GNN_DP/paper_experiments/figure3/figure3_pipeline3.yaml/dataset=Books-Children/feature=raw/mechanism=mbm/x_eps=0.001/m=best/norm=false/smoother=hoa/backbone=sage/use_nfr=true/logs/grid_candidate_0972_attempt_1.log,
grid_candidate_0961,grid,grid_candidate_0961,completed,1,0,53.031490,/home/hzw/Rethinking_GNN_DP/paper_experiments/figure3/figure3_pipeline3.yaml/dataset=Books-Children/feature=raw/mechanism=mbm/x_eps=0.001/m=best/norm=false/smoother=hoa/backbone=sage/use_nfr=true/logs/grid_candidate_0961_attempt_1.log,
grid_candidate_0963,grid,grid_candidate_0963,completed,1,0,50.806386,/home/hzw/Rethinking_GNN_DP/paper_experiments/figure3/figure3_pipeline3.yaml/dataset=Books-Children/feature=raw/mechanism=mbm/x_eps=0.001/m=best/norm=false/smoother=hoa/backbone=sage/use_nfr=true/logs/grid_candidate_0963_attempt_1.log,
grid_candidate_0962,grid,grid_candidate_0962,completed,1,0,53.691955,/home/hzw/Rethinking_GNN_DP/paper_experiments/figure3/figure3_pipeline3.yaml/dataset=Books-Children/feature=raw/mechanism=mbm/x_eps=0.001/m=best/norm=false/smoother=hoa/backbone=sage/use_nfr=true/logs/grid_candidate_0962_attempt_1.log,
grid_candidate_0967,grid,grid_candidate_0967,completed,1,0,50.342823,/home/hzw/Rethinking_GNN_DP/paper_experiments/figure3/figure3_pipeline3.yaml/dataset=Books-Children/feature=raw/mechanism=mbm/x_eps=0.001/m=best/norm=false/smoother=hoa/backbone=sage/use_nfr=true/logs/grid_candidate_0967_attempt_1.log,
grid_candidate_0969,grid,grid_candidate_0969,completed,1,0,51.083360,/home/hzw/Rethinking_GNN_DP/paper_experiments/figure3/figure3_pipeline3.yaml/dataset=Books-Children/feature=raw/mechanism=mbm/x_eps=0.001/m=best/norm=false/smoother=hoa/backbone=sage/use_nfr=true/logs/grid_candidate_0969_attempt_1.log,
grid_candidate_0971,grid,grid_candidate_0971,completed,1,0,49.239698,/home/hzw/Rethinking_GNN_DP/paper_experiments/figure3/figure3_pipeline3.yaml/dataset=Books-Children/feature=raw/mechanism=mbm/x_eps=0.001/m=best/norm=false/smoother=hoa/backbone=sage/use_nfr=true/logs/grid_candidate_0971_attempt_1.log,
grid_candidate_0973,grid,grid_candidate_0973,completed,1,0,46.468613,/home/hzw/Rethinking_GNN_DP/paper_experiments/figure3/figure3_pipeline3.yaml/dataset=Books-Children/feature=raw/mechanism=mbm/x_eps=0.001/m=best/norm=false/smoother=hoa/backbone=sage/use_nfr=true/logs/grid_candidate_0973_attempt_1.log,
grid_candidate_0965,grid,grid_candidate_0965,completed,1,0,56.404048,/home/hzw/Rethinking_GNN_DP/paper_experiments/figure3/figure3_pipeline3.yaml/dataset=Books-Children/feature=raw/mechanism=mbm/x_eps=0.001/m=best/norm=false/smoother=hoa/backbone=sage/use_nfr=true/logs/grid_candidate_0965_attempt_1.log,
grid_candidate_0970,grid,grid_candidate_0970,completed,1,0,55.719645,/home/hzw/Rethinking_GNN_DP/paper_experiments/figure3/figure3_pipeline3.yaml/dataset=Books-Children/feature=raw/mechanism=mbm/x_eps=0.001/m=best/norm=false/smoother=hoa/backbone=sage/use_nfr=true/logs/grid_candidate_0970_attempt_1.log,
grid_candidate_0974,grid,grid_candidate_0974,completed,1,0,47.910489,/home/hzw/Rethinking_GNN_DP/paper_experiments/figure3/figure3_pipeline3.yaml/dataset=Books-Children/feature=raw/mechanism=mbm/x_eps=0.001/m=best/norm=false/smoother=hoa/backbone=sage/use_nfr=true/logs/grid_candidate_0974_attempt_1.log,
grid_candidate_0975,grid,grid_candidate_0975,completed,1,0,46.205196,/home/hzw/Rethinking_GNN_DP/paper_experiments/figure3/figure3_pipeline3.yaml/dataset=Books-Children/feature=raw/mechanism=mbm/x_eps=0.001/m=best/norm=false/smoother=hoa/backbone=sage/use_nfr=true/logs/grid_candidate_0975_attempt_1.log,
grid_candidate_0976,grid,grid_candidate_0976,completed,1,0,45.448038,/home/hzw/Rethinking_GNN_DP/paper_experiments/figure3/figure3_pipeline3.yaml/dataset=Books-Children/feature=raw/mechanism=mbm/x_eps=0.001/m=best/norm=false/smoother=hoa/backbone=sage/use_nfr=true/logs/grid_candidate_0976_attempt_1.log,
grid_candidate_0992,grid,grid_candidate_0992,completed,1,0,29.992272,/home/hzw/Rethinking_GNN_DP/paper_experiments/figure3/figure3_pipeline3.yaml/dataset=Books-Children/feature=raw/mechanism=mbm/x_eps=0.001/m=best/norm=false/smoother=hoa/backbone=sage/use_nfr=true/logs/grid_candidate_0992_attempt_1.log,
grid_candidate_0978,grid,grid_candidate_0978,completed,1,0,46.620223,/home/hzw/Rethinking_GNN_DP/paper_experiments/figure3/figure3_pipeline3.yaml/dataset=Books-Children/feature=raw/mechanism=mbm/x_eps=0.001/m=best/norm=false/smoother=hoa/backbone=sage/use_nfr=true/logs/grid_candidate_0978_attempt_1.log,
grid_candidate_0977,grid,grid_candidate_0977,completed,1,0,48.403332,/home/hzw/Rethinking_GNN_DP/paper_experiments/figure3/figure3_pipeline3.yaml/dataset=Books-Children/feature=raw/mechanism=mbm/x_eps=0.001/m=best/norm=false/smoother=hoa/backbone=sage/use_nfr=true/logs/grid_candidate_0977_attempt_1.log,
grid_candidate_0994,grid,grid_candidate_0994,completed,1,0,31.773800,/home/hzw/Rethinking_GNN_DP/paper_experiments/figure3/figure3_pipeline3.yaml/dataset=Books-Children/feature=raw/mechanism=mbm/x_eps=0.001/m=best/norm=false/smoother=hoa/backbone=sage/use_nfr=true/logs/grid_candidate_0994_attempt_1.log,
grid_candidate_0979,grid,grid_candidate_0979,completed,1,0,50.385199,/home/hzw/Rethinking_GNN_DP/paper_experiments/figure3/figure3_pipeline3.yaml/dataset=Books-Children/feature=raw/mechanism=mbm/x_eps=0.001/m=best/norm=false/smoother=hoa/backbone=sage/use_nfr=true/logs/grid_candidate_0979_attempt_1.log,
grid_candidate_0982,grid,grid_candidate_0982,completed,1,0,48.777852,/home/hzw/Rethinking_GNN_DP/paper_experiments/figure3/figure3_pipeline3.yaml/dataset=Books-Children/feature=raw/mechanism=mbm/x_eps=0.001/m=best/norm=false/smoother=hoa/backbone=sage/use_nfr=true/logs/grid_candidate_0982_attempt_1.log,
grid_candidate_0981,grid,grid_candidate_0981,completed,1,0,50.297071,/home/hzw/Rethinking_GNN_DP/paper_experiments/figure3/figure3_pipeline3.yaml/dataset=Books-Children/feature=raw/mechanism=mbm/x_eps=0.001/m=best/norm=false/smoother=hoa/backbone=sage/use_nfr=true/logs/grid_candidate_0981_attempt_1.log,
grid_candidate_0980,grid,grid_candidate_0980,completed,1,0,53.435897,/home/hzw/Rethinking_GNN_DP/paper_experiments/figure3/figure3_pipeline3.yaml/dataset=Books-Children/feature=raw/mechanism=mbm/x_eps=0.001/m=best/norm=false/smoother=hoa/backbone=sage/use_nfr=true/logs/grid_candidate_0980_attempt_1.log,
grid_candidate_0983,grid,grid_candidate_0983,completed,1,0,49.486459,/home/hzw/Rethinking_GNN_DP/paper_experiments/figure3/figure3_pipeline3.yaml/dataset=Books-Children/feature=raw/mechanism=mbm/x_eps=0.001/m=best/norm=false/smoother=hoa/backbone=sage/use_nfr=true/logs/grid_candidate_0983_attempt_1.log,
grid_candidate_0986,grid,grid_candidate_0986,completed,1,0,48.435993,/home/hzw/Rethinking_GNN_DP/paper_experiments/figure3/figure3_pipeline3.yaml/dataset=Books-Children/feature=raw/mechanism=mbm/x_eps=0.001/m=best/norm=false/smoother=hoa/backbone=sage/use_nfr=true/logs/grid_candidate_0986_attempt_1.log,
grid_candidate_0984,grid,grid_candidate_0984,completed,1,0,52.049797,/home/hzw/Rethinking_GNN_DP/paper_experiments/figure3/figure3_pipeline3.yaml/dataset=Books-Children/feature=raw/mechanism=mbm/x_eps=0.001/m=best/norm=false/smoother=hoa/backbone=sage/use_nfr=true/logs/grid_candidate_0984_attempt_1.log,
grid_candidate_0991,grid,grid_candidate_0991,completed,1,0,46.269833,/home/hzw/Rethinking_GNN_DP/paper_experiments/figure3/figure3_pipeline3.yaml/dataset=Books-Children/feature=raw/mechanism=mbm/x_eps=0.001/m=best/norm=false/smoother=hoa/backbone=sage/use_nfr=true/logs/grid_candidate_0991_attempt_1.log,
grid_candidate_0985,grid,grid_candidate_0985,completed,1,0,54.691297,/home/hzw/Rethinking_GNN_DP/paper_experiments/figure3/figure3_pipeline3.yaml/dataset=Books-Children/feature=raw/mechanism=mbm/x_eps=0.001/m=best/norm=false/smoother=hoa/backbone=sage/use_nfr=true/logs/grid_candidate_0985_attempt_1.log,
grid_candidate_1000,grid,grid_candidate_1000,completed,1,0,39.136485,/home/hzw/Rethinking_GNN_DP/paper_experiments/figure3/figure3_pipeline3.yaml/dataset=Books-Children/feature=raw/mechanism=mbm/x_eps=0.001/m=best/norm=false/smoother=hoa/backbone=sage/use_nfr=true/logs/grid_candidate_1000_attempt_1.log,
grid_candidate_0987,grid,grid_candidate_0987,completed,1,0,52.843820,/home/hzw/Rethinking_GNN_DP/paper_experiments/figure3/figure3_pipeline3.yaml/dataset=Books-Children/feature=raw/mechanism=mbm/x_eps=0.001/m=best/norm=false/smoother=hoa/backbone=sage/use_nfr=true/logs/grid_candidate_0987_attempt_1.log,
grid_candidate_0990,grid,grid_candidate_0990,completed,1,0,51.314852,/home/hzw/Rethinking_GNN_DP/paper_experiments/figure3/figure3_pipeline3.yaml/dataset=Books-Children/feature=raw/mechanism=mbm/x_eps=0.001/m=best/norm=false/smoother=hoa/backbone=sage/use_nfr=true/logs/grid_candidate_0990_attempt_1.log,
grid_candidate_0989,grid,grid_candidate_0989,completed,1,0,52.763676,/home/hzw/Rethinking_GNN_DP/paper_experiments/figure3/figure3_pipeline3.yaml/dataset=Books-Children/feature=raw/mechanism=mbm/x_eps=0.001/m=best/norm=false/smoother=hoa/backbone=sage/use_nfr=true/logs/grid_candidate_0989_attempt_1.log,
grid_candidate_0993,grid,grid_candidate_0993,completed,1,0,50.738835,/home/hzw/Rethinking_GNN_DP/paper_experiments/figure3/figure3_pipeline3.yaml/dataset=Books-Children/feature=raw/mechanism=mbm/x_eps=0.001/m=best/norm=false/smoother=hoa/backbone=sage/use_nfr=true/logs/grid_candidate_0993_attempt_1.log,
grid_candidate_0988,grid,grid_candidate_0988,completed,1,0,54.775193,/home/hzw/Rethinking_GNN_DP/paper_experiments/figure3/figure3_pipeline3.yaml/dataset=Books-Children/feature=raw/mechanism=mbm/x_eps=0.001/m=best/norm=false/smoother=hoa/backbone=sage/use_nfr=true/logs/grid_candidate_0988_attempt_1.log,
grid_candidate_0998,grid,grid_candidate_0998,completed,1,0,49.540562,/home/hzw/Rethinking_GNN_DP/paper_experiments/figure3/figure3_pipeline3.yaml/dataset=Books-Children/feature=raw/mechanism=mbm/x_eps=0.001/m=best/norm=false/smoother=hoa/backbone=sage/use_nfr=true/logs/grid_candidate_0998_attempt_1.log,
grid_candidate_1012,grid,grid_candidate_1012,completed,1,0,32.453976,/home/hzw/Rethinking_GNN_DP/paper_experiments/figure3/figure3_pipeline3.yaml/dataset=Books-Children/feature=raw/mechanism=mbm/x_eps=0.001/m=best/norm=false/smoother=hoa/backbone=sage/use_nfr=true/logs/grid_candidate_1012_attempt_1.log,
grid_candidate_0997,grid,grid_candidate_0997,completed,1,0,51.456298,/home/hzw/Rethinking_GNN_DP/paper_experiments/figure3/figure3_pipeline3.yaml/dataset=Books-Children/feature=raw/mechanism=mbm/x_eps=0.001/m=best/norm=false/smoother=hoa/backbone=sage/use_nfr=true/logs/grid_candidate_0997_attempt_1.log,
grid_candidate_0996,grid,grid_candidate_0996,completed,1,0,52.376067,/home/hzw/Rethinking_GNN_DP/paper_experiments/figure3/figure3_pipeline3.yaml/dataset=Books-Children/feature=raw/mechanism=mbm/x_eps=0.001/m=best/norm=false/smoother=hoa/backbone=sage/use_nfr=true/logs/grid_candidate_0996_attempt_1.log,
grid_candidate_0999,grid,grid_candidate_0999,completed,1,0,50.947745,/home/hzw/Rethinking_GNN_DP/paper_experiments/figure3/figure3_pipeline3.yaml/dataset=Books-Children/feature=raw/mechanism=mbm/x_eps=0.001/m=best/norm=false/smoother=hoa/backbone=sage/use_nfr=true/logs/grid_candidate_0999_attempt_1.log,
grid_candidate_0995,grid,grid_candidate_0995,completed,1,0,57.978086,/home/hzw/Rethinking_GNN_DP/paper_experiments/figure3/figure3_pipeline3.yaml/dataset=Books-Children/feature=raw/mechanism=mbm/x_eps=0.001/m=best/norm=false/smoother=hoa/backbone=sage/use_nfr=true/logs/grid_candidate_0995_attempt_1.log,
grid_candidate_1003,grid,grid_candidate_1003,completed,1,0,49.002595,/home/hzw/Rethinking_GNN_DP/paper_experiments/figure3/figure3_pipeline3.yaml/dataset=Books-Children/feature=raw/mechanism=mbm/x_eps=0.001/m=best/norm=false/smoother=hoa/backbone=sage/use_nfr=true/logs/grid_candidate_1003_attempt_1.log,
grid_candidate_1001,grid,grid_candidate_1001,completed,1,0,52.163594,/home/hzw/Rethinking_GNN_DP/paper_experiments/figure3/figure3_pipeline3.yaml/dataset=Books-Children/feature=raw/mechanism=mbm/x_eps=0.001/m=best/norm=false/smoother=hoa/backbone=sage/use_nfr=true/logs/grid_candidate_1001_attempt_1.log,
grid_candidate_1002,grid,grid_candidate_1002,completed,1,0,51.938952,/home/hzw/Rethinking_GNN_DP/paper_experiments/figure3/figure3_pipeline3.yaml/dataset=Books-Children/feature=raw/mechanism=mbm/x_eps=0.001/m=best/norm=false/smoother=hoa/backbone=sage/use_nfr=true/logs/grid_candidate_1002_attempt_1.log,
grid_candidate_1004,grid,grid_candidate_1004,completed,1,0,50.635550,/home/hzw/Rethinking_GNN_DP/paper_experiments/figure3/figure3_pipeline3.yaml/dataset=Books-Children/feature=raw/mechanism=mbm/x_eps=0.001/m=best/norm=false/smoother=hoa/backbone=sage/use_nfr=true/logs/grid_candidate_1004_attempt_1.log,
grid_candidate_1005,grid,grid_candidate_1005,completed,1,0,51.737872,/home/hzw/Rethinking_GNN_DP/paper_experiments/figure3/figure3_pipeline3.yaml/dataset=Books-Children/feature=raw/mechanism=mbm/x_eps=0.001/m=best/norm=false/smoother=hoa/backbone=sage/use_nfr=true/logs/grid_candidate_1005_attempt_1.log,
grid_candidate_1007,grid,grid_candidate_1007,completed,1,0,48.466876,/home/hzw/Rethinking_GNN_DP/paper_experiments/figure3/figure3_pipeline3.yaml/dataset=Books-Children/feature=raw/mechanism=mbm/x_eps=0.001/m=best/norm=false/smoother=hoa/backbone=sage/use_nfr=true/logs/grid_candidate_1007_attempt_1.log,
grid_candidate_1008,grid,grid_candidate_1008,completed,1,0,48.436679,/home/hzw/Rethinking_GNN_DP/paper_experiments/figure3/figure3_pipeline3.yaml/dataset=Books-Children/feature=raw/mechanism=mbm/x_eps=0.001/m=best/norm=false/smoother=hoa/backbone=sage/use_nfr=true/logs/grid_candidate_1008_attempt_1.log,
grid_candidate_1006,grid,grid_candidate_1006,completed,1,0,52.579087,/home/hzw/Rethinking_GNN_DP/paper_experiments/figure3/figure3_pipeline3.yaml/dataset=Books-Children/feature=raw/mechanism=mbm/x_eps=0.001/m=best/norm=false/smoother=hoa/backbone=sage/use_nfr=true/logs/grid_candidate_1006_attempt_1.log,
grid_candidate_1015,grid,grid_candidate_1015,completed,1,0,35.543389,/home/hzw/Rethinking_GNN_DP/paper_experiments/figure3/figure3_pipeline3.yaml/dataset=Books-Children/feature=raw/mechanism=mbm/x_eps=0.001/m=best/norm=false/smoother=hoa/backbone=sage/use_nfr=true/logs/grid_candidate_1015_attempt_1.log,
grid_candidate_1009,grid,grid_candidate_1009,completed,1,0,51.170435,/home/hzw/Rethinking_GNN_DP/paper_experiments/figure3/figure3_pipeline3.yaml/dataset=Books-Children/feature=raw/mechanism=mbm/x_eps=0.001/m=best/norm=false/smoother=hoa/backbone=sage/use_nfr=true/logs/grid_candidate_1009_attempt_1.log,
grid_candidate_1011,grid,grid_candidate_1011,completed,1,0,47.795344,/home/hzw/Rethinking_GNN_DP/paper_experiments/figure3/figure3_pipeline3.yaml/dataset=Books-Children/feature=raw/mechanism=mbm/x_eps=0.001/m=best/norm=false/smoother=hoa/backbone=sage/use_nfr=true/logs/grid_candidate_1011_attempt_1.log,
grid_candidate_1013,grid,grid_candidate_1013,completed,1,0,48.790199,/home/hzw/Rethinking_GNN_DP/paper_experiments/figure3/figure3_pipeline3.yaml/dataset=Books-Children/feature=raw/mechanism=mbm/x_eps=0.001/m=best/norm=false/smoother=hoa/backbone=sage/use_nfr=true/logs/grid_candidate_1013_attempt_1.log,
grid_candidate_1016,grid,grid_candidate_1016,completed,1,0,45.519527,/home/hzw/Rethinking_GNN_DP/paper_experiments/figure3/figure3_pipeline3.yaml/dataset=Books-Children/feature=raw/mechanism=mbm/x_eps=0.001/m=best/norm=false/smoother=hoa/backbone=sage/use_nfr=true/logs/grid_candidate_1016_attempt_1.log,
grid_candidate_1010,grid,grid_candidate_1010,completed,1,0,53.710011,/home/hzw/Rethinking_GNN_DP/paper_experiments/figure3/figure3_pipeline3.yaml/dataset=Books-Children/feature=raw/mechanism=mbm/x_eps=0.001/m=best/norm=false/smoother=hoa/backbone=sage/use_nfr=true/logs/grid_candidate_1010_attempt_1.log,
grid_candidate_1014,grid,grid_candidate_1014,completed,1,0,48.117456,/home/hzw/Rethinking_GNN_DP/paper_experiments/figure3/figure3_pipeline3.yaml/dataset=Books-Children/feature=raw/mechanism=mbm/x_eps=0.001/m=best/norm=false/smoother=hoa/backbone=sage/use_nfr=true/logs/grid_candidate_1014_attempt_1.log,
grid_candidate_1017,grid,grid_candidate_1017,completed,1,0,45.088239,/home/hzw/Rethinking_GNN_DP/paper_experiments/figure3/figure3_pipeline3.yaml/dataset=Books-Children/feature=raw/mechanism=mbm/x_eps=0.001/m=best/norm=false/smoother=hoa/backbone=sage/use_nfr=true/logs/grid_candidate_1017_attempt_1.log,
grid_candidate_1020,grid,grid_candidate_1020,completed,1,0,47.404819,/home/hzw/Rethinking_GNN_DP/paper_experiments/figure3/figure3_pipeline3.yaml/dataset=Books-Children/feature=raw/mechanism=mbm/x_eps=0.001/m=best/norm=false/smoother=hoa/backbone=sage/use_nfr=true/logs/grid_candidate_1020_attempt_1.log,
grid_candidate_1019,grid,grid_candidate_1019,completed,1,0,49.133325,/home/hzw/Rethinking_GNN_DP/paper_experiments/figure3/figure3_pipeline3.yaml/dataset=Books-Children/feature=raw/mechanism=mbm/x_eps=0.001/m=best/norm=false/smoother=hoa/backbone=sage/use_nfr=true/logs/grid_candidate_1019_attempt_1.log,
grid_candidate_1018,grid,grid_candidate_1018,completed,1,0,50.384839,/home/hzw/Rethinking_GNN_DP/paper_experiments/figure3/figure3_pipeline3.yaml/dataset=Books-Children/feature=raw/mechanism=mbm/x_eps=0.001/m=best/norm=false/smoother=hoa/backbone=sage/use_nfr=true/logs/grid_candidate_1018_attempt_1.log,
grid_candidate_1024,grid,grid_candidate_1024,completed,1,0,44.644509,/home/hzw/Rethinking_GNN_DP/paper_experiments/figure3/figure3_pipeline3.yaml/dataset=Books-Children/feature=raw/mechanism=mbm/x_eps=0.001/m=best/norm=false/smoother=hoa/backbone=sage/use_nfr=true/logs/grid_candidate_1024_attempt_1.log,
grid_candidate_1022,grid,grid_candidate_1022,completed,1,0,49.563687,/home/hzw/Rethinking_GNN_DP/paper_experiments/figure3/figure3_pipeline3.yaml/dataset=Books-Children/feature=raw/mechanism=mbm/x_eps=0.001/m=best/norm=false/smoother=hoa/backbone=sage/use_nfr=true/logs/grid_candidate_1022_attempt_1.log,
grid_candidate_1023,grid,grid_candidate_1023,completed,1,0,48.020486,/home/hzw/Rethinking_GNN_DP/paper_experiments/figure3/figure3_pipeline3.yaml/dataset=Books-Children/feature=raw/mechanism=mbm/x_eps=0.001/m=best/norm=false/smoother=hoa/backbone=sage/use_nfr=true/logs/grid_candidate_1023_attempt_1.log,
grid_candidate_1021,grid,grid_candidate_1021,completed,1,0,53.176127,/home/hzw/Rethinking_GNN_DP/paper_experiments/figure3/figure3_pipeline3.yaml/dataset=Books-Children/feature=raw/mechanism=mbm/x_eps=0.001/m=best/norm=false/smoother=hoa/backbone=sage/use_nfr=true/logs/grid_candidate_1021_attempt_1.log,
grid_candidate_1028,grid,grid_candidate_1028,completed,1,0,45.518210,/home/hzw/Rethinking_GNN_DP/paper_experiments/figure3/figure3_pipeline3.yaml/dataset=Books-Children/feature=raw/mechanism=mbm/x_eps=0.001/m=best/norm=false/smoother=hoa/backbone=sage/use_nfr=true/logs/grid_candidate_1028_attempt_1.log,
grid_candidate_1026,grid,grid_candidate_1026,completed,1,0,49.620544,/home/hzw/Rethinking_GNN_DP/paper_experiments/figure3/figure3_pipeline3.yaml/dataset=Books-Children/feature=raw/mechanism=mbm/x_eps=0.001/m=best/norm=false/smoother=hoa/backbone=sage/use_nfr=true/logs/grid_candidate_1026_attempt_1.log,
grid_candidate_1029,grid,grid_candidate_1029,completed,1,0,48.165886,/home/hzw/Rethinking_GNN_DP/paper_experiments/figure3/figure3_pipeline3.yaml/dataset=Books-Children/feature=raw/mechanism=mbm/x_eps=0.001/m=best/norm=false/smoother=hoa/backbone=sage/use_nfr=true/logs/grid_candidate_1029_attempt_1.log,
grid_candidate_1027,grid,grid_candidate_1027,completed,1,0,49.514957,/home/hzw/Rethinking_GNN_DP/paper_experiments/figure3/figure3_pipeline3.yaml/dataset=Books-Children/feature=raw/mechanism=mbm/x_eps=0.001/m=best/norm=false/smoother=hoa/backbone=sage/use_nfr=true/logs/grid_candidate_1027_attempt_1.log,
grid_candidate_1030,grid,grid_candidate_1030,completed,1,0,49.365004,/home/hzw/Rethinking_GNN_DP/paper_experiments/figure3/figure3_pipeline3.yaml/dataset=Books-Children/feature=raw/mechanism=mbm/x_eps=0.001/m=best/norm=false/smoother=hoa/backbone=sage/use_nfr=true/logs/grid_candidate_1030_attempt_1.log,
grid_candidate_1031,grid,grid_candidate_1031,completed,1,0,49.642903,/home/hzw/Rethinking_GNN_DP/paper_experiments/figure3/figure3_pipeline3.yaml/dataset=Books-Children/feature=raw/mechanism=mbm/x_eps=0.001/m=best/norm=false/smoother=hoa/backbone=sage/use_nfr=true/logs/grid_candidate_1031_attempt_1.log,
grid_candidate_1040,grid,grid_candidate_1040,completed,1,0,39.583716,/home/hzw/Rethinking_GNN_DP/paper_experiments/figure3/figure3_pipeline3.yaml/dataset=Books-Children/feature=raw/mechanism=mbm/x_eps=0.001/m=best/norm=false/smoother=hoa/backbone=sage/use_nfr=true/logs/grid_candidate_1040_attempt_1.log,
grid_candidate_1035,grid,grid_candidate_1035,completed,1,0,45.041999,/home/hzw/Rethinking_GNN_DP/paper_experiments/figure3/figure3_pipeline3.yaml/dataset=Books-Children/feature=raw/mechanism=mbm/x_eps=0.001/m=best/norm=false/smoother=hoa/backbone=sage/use_nfr=true/logs/grid_candidate_1035_attempt_1.log,
grid_candidate_1025,grid,grid_candidate_1025,completed,1,0,59.665490,/home/hzw/Rethinking_GNN_DP/paper_experiments/figure3/figure3_pipeline3.yaml/dataset=Books-Children/feature=raw/mechanism=mbm/x_eps=0.001/m=best/norm=false/smoother=hoa/backbone=sage/use_nfr=true/logs/grid_candidate_1025_attempt_1.log,
grid_candidate_1032,grid,grid_candidate_1032,completed,1,0,49.689747,/home/hzw/Rethinking_GNN_DP/paper_experiments/figure3/figure3_pipeline3.yaml/dataset=Books-Children/feature=raw/mechanism=mbm/x_eps=0.001/m=best/norm=false/smoother=hoa/backbone=sage/use_nfr=true/logs/grid_candidate_1032_attempt_1.log,
grid_candidate_1034,grid,grid_candidate_1034,completed,1,0,50.877889,/home/hzw/Rethinking_GNN_DP/paper_experiments/figure3/figure3_pipeline3.yaml/dataset=Books-Children/feature=raw/mechanism=mbm/x_eps=0.001/m=best/norm=false/smoother=hoa/backbone=sage/use_nfr=true/logs/grid_candidate_1034_attempt_1.log,
grid_candidate_1036,grid,grid_candidate_1036,completed,1,0,50.122245,/home/hzw/Rethinking_GNN_DP/paper_experiments/figure3/figure3_pipeline3.yaml/dataset=Books-Children/feature=raw/mechanism=mbm/x_eps=0.001/m=best/norm=false/smoother=hoa/backbone=sage/use_nfr=true/logs/grid_candidate_1036_attempt_1.log,
grid_candidate_1044,grid,grid_candidate_1044,completed,1,0,45.094014,/home/hzw/Rethinking_GNN_DP/paper_experiments/figure3/figure3_pipeline3.yaml/dataset=Books-Children/feature=raw/mechanism=mbm/x_eps=0.001/m=best/norm=false/smoother=hoa/backbone=sage/use_nfr=true/logs/grid_candidate_1044_attempt_1.log,
grid_candidate_1033,grid,grid_candidate_1033,completed,1,0,52.463273,/home/hzw/Rethinking_GNN_DP/paper_experiments/figure3/figure3_pipeline3.yaml/dataset=Books-Children/feature=raw/mechanism=mbm/x_eps=0.001/m=best/norm=false/smoother=hoa/backbone=sage/use_nfr=true/logs/grid_candidate_1033_attempt_1.log,
grid_candidate_1038,grid,grid_candidate_1038,completed,1,0,50.798083,/home/hzw/Rethinking_GNN_DP/paper_experiments/figure3/figure3_pipeline3.yaml/dataset=Books-Children/feature=raw/mechanism=mbm/x_eps=0.001/m=best/norm=false/smoother=hoa/backbone=sage/use_nfr=true/logs/grid_candidate_1038_attempt_1.log,
grid_candidate_1039,grid,grid_candidate_1039,completed,1,0,49.617479,/home/hzw/Rethinking_GNN_DP/paper_experiments/figure3/figure3_pipeline3.yaml/dataset=Books-Children/feature=raw/mechanism=mbm/x_eps=0.001/m=best/norm=false/smoother=hoa/backbone=sage/use_nfr=true/logs/grid_candidate_1039_attempt_1.log,
grid_candidate_1037,grid,grid_candidate_1037,completed,1,0,51.511998,/home/hzw/Rethinking_GNN_DP/paper_experiments/figure3/figure3_pipeline3.yaml/dataset=Books-Children/feature=raw/mechanism=mbm/x_eps=0.001/m=best/norm=false/smoother=hoa/backbone=sage/use_nfr=true/logs/grid_candidate_1037_attempt_1.log,
grid_candidate_1043,grid,grid_candidate_1043,completed,1,0,47.389966,/home/hzw/Rethinking_GNN_DP/paper_experiments/figure3/figure3_pipeline3.yaml/dataset=Books-Children/feature=raw/mechanism=mbm/x_eps=0.001/m=best/norm=false/smoother=hoa/backbone=sage/use_nfr=true/logs/grid_candidate_1043_attempt_1.log,
grid_candidate_1041,grid,grid_candidate_1041,completed,1,0,49.997499,/home/hzw/Rethinking_GNN_DP/paper_experiments/figure3/figure3_pipeline3.yaml/dataset=Books-Children/feature=raw/mechanism=mbm/x_eps=0.001/m=best/norm=false/smoother=hoa/backbone=sage/use_nfr=true/logs/grid_candidate_1041_attempt_1.log,
grid_candidate_1042,grid,grid_candidate_1042,completed,1,0,49.822935,/home/hzw/Rethinking_GNN_DP/paper_experiments/figure3/figure3_pipeline3.yaml/dataset=Books-Children/feature=raw/mechanism=mbm/x_eps=0.001/m=best/norm=false/smoother=hoa/backbone=sage/use_nfr=true/logs/grid_candidate_1042_attempt_1.log,
grid_candidate_1045,grid,grid_candidate_1045,completed,1,0,50.243804,/home/hzw/Rethinking_GNN_DP/paper_experiments/figure3/figure3_pipeline3.yaml/dataset=Books-Children/feature=raw/mechanism=mbm/x_eps=0.001/m=best/norm=false/smoother=hoa/backbone=sage/use_nfr=true/logs/grid_candidate_1045_attempt_1.log,
grid_candidate_1046,grid,grid_candidate_1046,completed,1,0,51.218588,/home/hzw/Rethinking_GNN_DP/paper_experiments/figure3/figure3_pipeline3.yaml/dataset=Books-Children/feature=raw/mechanism=mbm/x_eps=0.001/m=best/norm=false/smoother=hoa/backbone=sage/use_nfr=true/logs/grid_candidate_1046_attempt_1.log,
grid_candidate_1047,grid,grid_candidate_1047,completed,1,0,49.255545,/home/hzw/Rethinking_GNN_DP/paper_experiments/figure3/figure3_pipeline3.yaml/dataset=Books-Children/feature=raw/mechanism=mbm/x_eps=0.001/m=best/norm=false/smoother=hoa/backbone=sage/use_nfr=true/logs/grid_candidate_1047_attempt_1.log,
grid_candidate_1051,grid,grid_candidate_1051,completed,1,0,44.198669,/home/hzw/Rethinking_GNN_DP/paper_experiments/figure3/figure3_pipeline3.yaml/dataset=Books-Children/feature=raw/mechanism=mbm/x_eps=0.001/m=best/norm=false/smoother=hoa/backbone=sage/use_nfr=true/logs/grid_candidate_1051_attempt_1.log,
grid_candidate_1048,grid,grid_candidate_1048,completed,1,0,51.047588,/home/hzw/Rethinking_GNN_DP/paper_experiments/figure3/figure3_pipeline3.yaml/dataset=Books-Children/feature=raw/mechanism=mbm/x_eps=0.001/m=best/norm=false/smoother=hoa/backbone=sage/use_nfr=true/logs/grid_candidate_1048_attempt_1.log,
grid_candidate_1052,grid,grid_candidate_1052,completed,1,0,45.945512,/home/hzw/Rethinking_GNN_DP/paper_experiments/figure3/figure3_pipeline3.yaml/dataset=Books-Children/feature=raw/mechanism=mbm/x_eps=0.001/m=best/norm=false/smoother=hoa/backbone=sage/use_nfr=true/logs/grid_candidate_1052_attempt_1.log,
grid_candidate_1053,grid,grid_candidate_1053,completed,1,0,45.851223,/home/hzw/Rethinking_GNN_DP/paper_experiments/figure3/figure3_pipeline3.yaml/dataset=Books-Children/feature=raw/mechanism=mbm/x_eps=0.001/m=best/norm=false/smoother=hoa/backbone=sage/use_nfr=true/logs/grid_candidate_1053_attempt_1.log,
grid_candidate_1049,grid,grid_candidate_1049,completed,1,0,50.636464,/home/hzw/Rethinking_GNN_DP/paper_experiments/figure3/figure3_pipeline3.yaml/dataset=Books-Children/feature=raw/mechanism=mbm/x_eps=0.001/m=best/norm=false/smoother=hoa/backbone=sage/use_nfr=true/logs/grid_candidate_1049_attempt_1.log,
grid_candidate_1050,grid,grid_candidate_1050,completed,1,0,51.453345,/home/hzw/Rethinking_GNN_DP/paper_experiments/figure3/figure3_pipeline3.yaml/dataset=Books-Children/feature=raw/mechanism=mbm/x_eps=0.001/m=best/norm=false/smoother=hoa/backbone=sage/use_nfr=true/logs/grid_candidate_1050_attempt_1.log,
grid_candidate_1054,grid,grid_candidate_1054,completed,1,0,50.877325,/home/hzw/Rethinking_GNN_DP/paper_experiments/figure3/figure3_pipeline3.yaml/dataset=Books-Children/feature=raw/mechanism=mbm/x_eps=0.001/m=best/norm=false/smoother=hoa/backbone=sage/use_nfr=true/logs/grid_candidate_1054_attempt_1.log,
grid_candidate_1056,grid,grid_candidate_1056,completed,1,0,50.130523,/home/hzw/Rethinking_GNN_DP/paper_experiments/figure3/figure3_pipeline3.yaml/dataset=Books-Children/feature=raw/mechanism=mbm/x_eps=0.001/m=best/norm=false/smoother=hoa/backbone=sage/use_nfr=true/logs/grid_candidate_1056_attempt_1.log,
grid_candidate_1058,grid,grid_candidate_1058,completed,1,0,48.382060,/home/hzw/Rethinking_GNN_DP/paper_experiments/figure3/figure3_pipeline3.yaml/dataset=Books-Children/feature=raw/mechanism=mbm/x_eps=0.001/m=best/norm=false/smoother=hoa/backbone=sage/use_nfr=true/logs/grid_candidate_1058_attempt_1.log,
grid_candidate_1059,grid,grid_candidate_1059,completed,1,0,50.484534,/home/hzw/Rethinking_GNN_DP/paper_experiments/figure3/figure3_pipeline3.yaml/dataset=Books-Children/feature=raw/mechanism=mbm/x_eps=0.001/m=best/norm=false/smoother=hoa/backbone=sage/use_nfr=true/logs/grid_candidate_1059_attempt_1.log,
grid_candidate_1057,grid,grid_candidate_1057,completed,1,0,52.739487,/home/hzw/Rethinking_GNN_DP/paper_experiments/figure3/figure3_pipeline3.yaml/dataset=Books-Children/feature=raw/mechanism=mbm/x_eps=0.001/m=best/norm=false/smoother=hoa/backbone=sage/use_nfr=true/logs/grid_candidate_1057_attempt_1.log,
grid_candidate_1061,grid,grid_candidate_1061,completed,1,0,48.314241,/home/hzw/Rethinking_GNN_DP/paper_experiments/figure3/figure3_pipeline3.yaml/dataset=Books-Children/feature=raw/mechanism=mbm/x_eps=0.001/m=best/norm=false/smoother=hoa/backbone=sage/use_nfr=true/logs/grid_candidate_1061_attempt_1.log,
grid_candidate_1060,grid,grid_candidate_1060,completed,1,0,50.969260,/home/hzw/Rethinking_GNN_DP/paper_experiments/figure3/figure3_pipeline3.yaml/dataset=Books-Children/feature=raw/mechanism=mbm/x_eps=0.001/m=best/norm=false/smoother=hoa/backbone=sage/use_nfr=true/logs/grid_candidate_1060_attempt_1.log,
grid_candidate_1075,grid,grid_candidate_1075,completed,1,0,36.866995,/home/hzw/Rethinking_GNN_DP/paper_experiments/figure3/figure3_pipeline3.yaml/dataset=Books-Children/feature=raw/mechanism=mbm/x_eps=0.001/m=best/norm=false/smoother=hoa/backbone=sage/use_nfr=true/logs/grid_candidate_1075_attempt_1.log,
grid_candidate_1055,grid,grid_candidate_1055,completed,1,0,61.065457,/home/hzw/Rethinking_GNN_DP/paper_experiments/figure3/figure3_pipeline3.yaml/dataset=Books-Children/feature=raw/mechanism=mbm/x_eps=0.001/m=best/norm=false/smoother=hoa/backbone=sage/use_nfr=true/logs/grid_candidate_1055_attempt_1.log,
grid_candidate_1079,grid,grid_candidate_1079,completed,1,0,36.930553,/home/hzw/Rethinking_GNN_DP/paper_experiments/figure3/figure3_pipeline3.yaml/dataset=Books-Children/feature=raw/mechanism=mbm/x_eps=0.001/m=best/norm=false/smoother=hoa/backbone=sage/use_nfr=true/logs/grid_candidate_1079_attempt_1.log,
grid_candidate_1064,grid,grid_candidate_1064,completed,1,0,51.288219,/home/hzw/Rethinking_GNN_DP/paper_experiments/figure3/figure3_pipeline3.yaml/dataset=Books-Children/feature=raw/mechanism=mbm/x_eps=0.001/m=best/norm=false/smoother=hoa/backbone=sage/use_nfr=true/logs/grid_candidate_1064_attempt_1.log,
grid_candidate_1066,grid,grid_candidate_1066,completed,1,0,49.524699,/home/hzw/Rethinking_GNN_DP/paper_experiments/figure3/figure3_pipeline3.yaml/dataset=Books-Children/feature=raw/mechanism=mbm/x_eps=0.001/m=best/norm=false/smoother=hoa/backbone=sage/use_nfr=true/logs/grid_candidate_1066_attempt_1.log,
grid_candidate_1074,grid,grid_candidate_1074,completed,1,0,39.507890,/home/hzw/Rethinking_GNN_DP/paper_experiments/figure3/figure3_pipeline3.yaml/dataset=Books-Children/feature=raw/mechanism=mbm/x_eps=0.001/m=best/norm=false/smoother=hoa/backbone=sage/use_nfr=true/logs/grid_candidate_1074_attempt_1.log,
grid_candidate_1063,grid,grid_candidate_1063,completed,1,0,52.493275,/home/hzw/Rethinking_GNN_DP/paper_experiments/figure3/figure3_pipeline3.yaml/dataset=Books-Children/feature=raw/mechanism=mbm/x_eps=0.001/m=best/norm=false/smoother=hoa/backbone=sage/use_nfr=true/logs/grid_candidate_1063_attempt_1.log,
grid_candidate_1080,grid,grid_candidate_1080,completed,1,0,36.708177,/home/hzw/Rethinking_GNN_DP/paper_experiments/figure3/figure3_pipeline3.yaml/dataset=Books-Children/feature=raw/mechanism=mbm/x_eps=0.001/m=best/norm=false/smoother=hoa/backbone=sage/use_nfr=true/logs/grid_candidate_1080_attempt_1.log,
grid_candidate_1062,grid,grid_candidate_1062,completed,1,0,53.428415,/home/hzw/Rethinking_GNN_DP/paper_experiments/figure3/figure3_pipeline3.yaml/dataset=Books-Children/feature=raw/mechanism=mbm/x_eps=0.001/m=best/norm=false/smoother=hoa/backbone=sage/use_nfr=true/logs/grid_candidate_1062_attempt_1.log,
grid_candidate_1065,grid,grid_candidate_1065,completed,1,0,51.710794,/home/hzw/Rethinking_GNN_DP/paper_experiments/figure3/figure3_pipeline3.yaml/dataset=Books-Children/feature=raw/mechanism=mbm/x_eps=0.001/m=best/norm=false/smoother=hoa/backbone=sage/use_nfr=true/logs/grid_candidate_1065_attempt_1.log,
grid_candidate_1067,grid,grid_candidate_1067,completed,1,0,50.310178,/home/hzw/Rethinking_GNN_DP/paper_experiments/figure3/figure3_pipeline3.yaml/dataset=Books-Children/feature=raw/mechanism=mbm/x_eps=0.001/m=best/norm=false/smoother=hoa/backbone=sage/use_nfr=true/logs/grid_candidate_1067_attempt_1.log,
grid_candidate_1068,grid,grid_candidate_1068,completed,1,0,49.299024,/home/hzw/Rethinking_GNN_DP/paper_experiments/figure3/figure3_pipeline3.yaml/dataset=Books-Children/feature=raw/mechanism=mbm/x_eps=0.001/m=best/norm=false/smoother=hoa/backbone=sage/use_nfr=true/logs/grid_candidate_1068_attempt_1.log,
grid_candidate_1081,grid,grid_candidate_1081,completed,1,0,37.444874,/home/hzw/Rethinking_GNN_DP/paper_experiments/figure3/figure3_pipeline3.yaml/dataset=Books-Children/feature=raw/mechanism=mbm/x_eps=0.001/m=best/norm=false/smoother=hoa/backbone=sage/use_nfr=true/logs/grid_candidate_1081_attempt_1.log,
grid_candidate_1069,grid,grid_candidate_1069,completed,1,0,49.410464,/home/hzw/Rethinking_GNN_DP/paper_experiments/figure3/figure3_pipeline3.yaml/dataset=Books-Children/feature=raw/mechanism=mbm/x_eps=0.001/m=best/norm=false/smoother=hoa/backbone=sage/use_nfr=true/logs/grid_candidate_1069_attempt_1.log,
grid_candidate_1071,grid,grid_candidate_1071,completed,1,0,50.625827,/home/hzw/Rethinking_GNN_DP/paper_experiments/figure3/figure3_pipeline3.yaml/dataset=Books-Children/feature=raw/mechanism=mbm/x_eps=0.001/m=best/norm=false/smoother=hoa/backbone=sage/use_nfr=true/logs/grid_candidate_1071_attempt_1.log,
grid_candidate_1077,grid,grid_candidate_1077,completed,1,0,49.992519,/home/hzw/Rethinking_GNN_DP/paper_experiments/figure3/figure3_pipeline3.yaml/dataset=Books-Children/feature=raw/mechanism=mbm/x_eps=0.001/m=best/norm=false/smoother=hoa/backbone=sage/use_nfr=true/logs/grid_candidate_1077_attempt_1.log,
grid_candidate_1078,grid,grid_candidate_1078,completed,1,0,50.708566,/home/hzw/Rethinking_GNN_DP/paper_experiments/figure3/figure3_pipeline3.yaml/dataset=Books-Children/feature=raw/mechanism=mbm/x_eps=0.001/m=best/norm=false/smoother=hoa/backbone=sage/use_nfr=true/logs/grid_candidate_1078_attempt_1.log,
grid_candidate_1072,grid,grid_candidate_1072,completed,1,0,53.345218,/home/hzw/Rethinking_GNN_DP/paper_experiments/figure3/figure3_pipeline3.yaml/dataset=Books-Children/feature=raw/mechanism=mbm/x_eps=0.001/m=best/norm=false/smoother=hoa/backbone=sage/use_nfr=true/logs/grid_candidate_1072_attempt_1.log,
grid_candidate_1073,grid,grid_candidate_1073,completed,1,0,53.441140,/home/hzw/Rethinking_GNN_DP/paper_experiments/figure3/figure3_pipeline3.yaml/dataset=Books-Children/feature=raw/mechanism=mbm/x_eps=0.001/m=best/norm=false/smoother=hoa/backbone=sage/use_nfr=true/logs/grid_candidate_1073_attempt_1.log,
grid_candidate_1076,grid,grid_candidate_1076,completed,1,0,52.035632,/home/hzw/Rethinking_GNN_DP/paper_experiments/figure3/figure3_pipeline3.yaml/dataset=Books-Children/feature=raw/mechanism=mbm/x_eps=0.001/m=best/norm=false/smoother=hoa/backbone=sage/use_nfr=true/logs/grid_candidate_1076_attempt_1.log,
grid_candidate_1070,grid,grid_candidate_1070,completed,1,0,58.007518,/home/hzw/Rethinking_GNN_DP/paper_experiments/figure3/figure3_pipeline3.yaml/dataset=Books-Children/feature=raw/mechanism=mbm/x_eps=0.001/m=best/norm=false/smoother=hoa/backbone=sage/use_nfr=true/logs/grid_candidate_1070_attempt_1.log,
grid_candidate_1082,grid,grid_candidate_1082,completed,1,0,47.419402,/home/hzw/Rethinking_GNN_DP/paper_experiments/figure3/figure3_pipeline3.yaml/dataset=Books-Children/feature=raw/mechanism=mbm/x_eps=0.001/m=best/norm=false/smoother=hoa/backbone=sage/use_nfr=true/logs/grid_candidate_1082_attempt_1.log,
grid_candidate_1083,grid,grid_candidate_1083,completed,1,0,47.394826,/home/hzw/Rethinking_GNN_DP/paper_experiments/figure3/figure3_pipeline3.yaml/dataset=Books-Children/feature=raw/mechanism=mbm/x_eps=0.001/m=best/norm=false/smoother=hoa/backbone=sage/use_nfr=true/logs/grid_candidate_1083_attempt_1.log,
grid_candidate_1086,grid,grid_candidate_1086,completed,1,0,44.342215,/home/hzw/Rethinking_GNN_DP/paper_experiments/figure3/figure3_pipeline3.yaml/dataset=Books-Children/feature=raw/mechanism=mbm/x_eps=0.001/m=best/norm=false/smoother=hoa/backbone=sage/use_nfr=true/logs/grid_candidate_1086_attempt_1.log,
grid_candidate_1093,grid,grid_candidate_1093,completed,1,0,28.938030,/home/hzw/Rethinking_GNN_DP/paper_experiments/figure3/figure3_pipeline3.yaml/dataset=Books-Children/feature=raw/mechanism=mbm/x_eps=0.001/m=best/norm=false/smoother=hoa/backbone=sage/use_nfr=true/logs/grid_candidate_1093_attempt_1.log,
grid_candidate_1084,grid,grid_candidate_1084,completed,1,0,47.985981,/home/hzw/Rethinking_GNN_DP/paper_experiments/figure3/figure3_pipeline3.yaml/dataset=Books-Children/feature=raw/mechanism=mbm/x_eps=0.001/m=best/norm=false/smoother=hoa/backbone=sage/use_nfr=true/logs/grid_candidate_1084_attempt_1.log,
grid_candidate_1085,grid,grid_candidate_1085,completed,1,0,46.953233,/home/hzw/Rethinking_GNN_DP/paper_experiments/figure3/figure3_pipeline3.yaml/dataset=Books-Children/feature=raw/mechanism=mbm/x_eps=0.001/m=best/norm=false/smoother=hoa/backbone=sage/use_nfr=true/logs/grid_candidate_1085_attempt_1.log,
grid_candidate_1091,grid,grid_candidate_1091,completed,1,0,32.853791,/home/hzw/Rethinking_GNN_DP/paper_experiments/figure3/figure3_pipeline3.yaml/dataset=Books-Children/feature=raw/mechanism=mbm/x_eps=0.001/m=best/norm=false/smoother=hoa/backbone=sage/use_nfr=true/logs/grid_candidate_1091_attempt_1.log,
grid_candidate_1087,grid,grid_candidate_1087,completed,1,0,45.155755,/home/hzw/Rethinking_GNN_DP/paper_experiments/figure3/figure3_pipeline3.yaml/dataset=Books-Children/feature=raw/mechanism=mbm/x_eps=0.001/m=best/norm=false/smoother=hoa/backbone=sage/use_nfr=true/logs/grid_candidate_1087_attempt_1.log,
grid_candidate_1088,grid,grid_candidate_1088,completed,1,0,48.305749,/home/hzw/Rethinking_GNN_DP/paper_experiments/figure3/figure3_pipeline3.yaml/dataset=Books-Children/feature=raw/mechanism=mbm/x_eps=0.001/m=best/norm=false/smoother=hoa/backbone=sage/use_nfr=true/logs/grid_candidate_1088_attempt_1.log,
grid_candidate_1089,grid,grid_candidate_1089,completed,1,0,50.233099,/home/hzw/Rethinking_GNN_DP/paper_experiments/figure3/figure3_pipeline3.yaml/dataset=Books-Children/feature=raw/mechanism=mbm/x_eps=0.001/m=best/norm=false/smoother=hoa/backbone=sage/use_nfr=true/logs/grid_candidate_1089_attempt_1.log,
grid_candidate_1109,grid,grid_candidate_1109,completed,1,0,31.932300,/home/hzw/Rethinking_GNN_DP/paper_experiments/figure3/figure3_pipeline3.yaml/dataset=Books-Children/feature=raw/mechanism=mbm/x_eps=0.001/m=best/norm=false/smoother=hoa/backbone=sage/use_nfr=true/logs/grid_candidate_1109_attempt_1.log,
grid_candidate_1092,grid,grid_candidate_1092,completed,1,0,48.275282,/home/hzw/Rethinking_GNN_DP/paper_experiments/figure3/figure3_pipeline3.yaml/dataset=Books-Children/feature=raw/mechanism=mbm/x_eps=0.001/m=best/norm=false/smoother=hoa/backbone=sage/use_nfr=true/logs/grid_candidate_1092_attempt_1.log,
grid_candidate_1094,grid,grid_candidate_1094,completed,1,0,45.048630,/home/hzw/Rethinking_GNN_DP/paper_experiments/figure3/figure3_pipeline3.yaml/dataset=Books-Children/feature=raw/mechanism=mbm/x_eps=0.001/m=best/norm=false/smoother=hoa/backbone=sage/use_nfr=true/logs/grid_candidate_1094_attempt_1.log,
grid_candidate_1096,grid,grid_candidate_1096,completed,1,0,46.610096,/home/hzw/Rethinking_GNN_DP/paper_experiments/figure3/figure3_pipeline3.yaml/dataset=Books-Children/feature=raw/mechanism=mbm/x_eps=0.001/m=best/norm=false/smoother=hoa/backbone=sage/use_nfr=true/logs/grid_candidate_1096_attempt_1.log,
grid_candidate_1103,grid,grid_candidate_1103,completed,1,0,45.662296,/home/hzw/Rethinking_GNN_DP/paper_experiments/figure3/figure3_pipeline3.yaml/dataset=Books-Children/feature=raw/mechanism=mbm/x_eps=0.001/m=best/norm=false/smoother=hoa/backbone=sage/use_nfr=true/logs/grid_candidate_1103_attempt_1.log,
grid_candidate_1090,grid,grid_candidate_1090,completed,1,0,58.766242,/home/hzw/Rethinking_GNN_DP/paper_experiments/figure3/figure3_pipeline3.yaml/dataset=Books-Children/feature=raw/mechanism=mbm/x_eps=0.001/m=best/norm=false/smoother=hoa/backbone=sage/use_nfr=true/logs/grid_candidate_1090_attempt_1.log,
grid_candidate_1097,grid,grid_candidate_1097,completed,1,0,49.524335,/home/hzw/Rethinking_GNN_DP/paper_experiments/figure3/figure3_pipeline3.yaml/dataset=Books-Children/feature=raw/mechanism=mbm/x_eps=0.001/m=best/norm=false/smoother=hoa/backbone=sage/use_nfr=true/logs/grid_candidate_1097_attempt_1.log,
grid_candidate_1107,grid,grid_candidate_1107,completed,1,0,46.247763,/home/hzw/Rethinking_GNN_DP/paper_experiments/figure3/figure3_pipeline3.yaml/dataset=Books-Children/feature=raw/mechanism=mbm/x_eps=0.001/m=best/norm=false/smoother=hoa/backbone=sage/use_nfr=true/logs/grid_candidate_1107_attempt_1.log,
grid_candidate_1099,grid,grid_candidate_1099,completed,1,0,49.563040,/home/hzw/Rethinking_GNN_DP/paper_experiments/figure3/figure3_pipeline3.yaml/dataset=Books-Children/feature=raw/mechanism=mbm/x_eps=0.001/m=best/norm=false/smoother=hoa/backbone=sage/use_nfr=true/logs/grid_candidate_1099_attempt_1.log,
grid_candidate_1098,grid,grid_candidate_1098,completed,1,0,50.110720,/home/hzw/Rethinking_GNN_DP/paper_experiments/figure3/figure3_pipeline3.yaml/dataset=Books-Children/feature=raw/mechanism=mbm/x_eps=0.001/m=best/norm=false/smoother=hoa/backbone=sage/use_nfr=true/logs/grid_candidate_1098_attempt_1.log,
grid_candidate_1102,grid,grid_candidate_1102,completed,1,0,51.222190,/home/hzw/Rethinking_GNN_DP/paper_experiments/figure3/figure3_pipeline3.yaml/dataset=Books-Children/feature=raw/mechanism=mbm/x_eps=0.001/m=best/norm=false/smoother=hoa/backbone=sage/use_nfr=true/logs/grid_candidate_1102_attempt_1.log,
grid_candidate_1100,grid,grid_candidate_1100,completed,1,0,52.235820,/home/hzw/Rethinking_GNN_DP/paper_experiments/figure3/figure3_pipeline3.yaml/dataset=Books-Children/feature=raw/mechanism=mbm/x_eps=0.001/m=best/norm=false/smoother=hoa/backbone=sage/use_nfr=true/logs/grid_candidate_1100_attempt_1.log,
grid_candidate_1106,grid,grid_candidate_1106,completed,1,0,52.555370,/home/hzw/Rethinking_GNN_DP/paper_experiments/figure3/figure3_pipeline3.yaml/dataset=Books-Children/feature=raw/mechanism=mbm/x_eps=0.001/m=best/norm=false/smoother=hoa/backbone=sage/use_nfr=true/logs/grid_candidate_1106_attempt_1.log,
grid_candidate_1101,grid,grid_candidate_1101,completed,1,0,54.477634,/home/hzw/Rethinking_GNN_DP/paper_experiments/figure3/figure3_pipeline3.yaml/dataset=Books-Children/feature=raw/mechanism=mbm/x_eps=0.001/m=best/norm=false/smoother=hoa/backbone=sage/use_nfr=true/logs/grid_candidate_1101_attempt_1.log,
grid_candidate_1095,grid,grid_candidate_1095,completed,1,0,61.666929,/home/hzw/Rethinking_GNN_DP/paper_experiments/figure3/figure3_pipeline3.yaml/dataset=Books-Children/feature=raw/mechanism=mbm/x_eps=0.001/m=best/norm=false/smoother=hoa/backbone=sage/use_nfr=true/logs/grid_candidate_1095_attempt_1.log,
grid_candidate_1104,grid,grid_candidate_1104,completed,1,0,55.051786,/home/hzw/Rethinking_GNN_DP/paper_experiments/figure3/figure3_pipeline3.yaml/dataset=Books-Children/feature=raw/mechanism=mbm/x_eps=0.001/m=best/norm=false/smoother=hoa/backbone=sage/use_nfr=true/logs/grid_candidate_1104_attempt_1.log,
grid_candidate_1108,grid,grid_candidate_1108,completed,1,0,55.033252,/home/hzw/Rethinking_GNN_DP/paper_experiments/figure3/figure3_pipeline3.yaml/dataset=Books-Children/feature=raw/mechanism=mbm/x_eps=0.001/m=best/norm=false/smoother=hoa/backbone=sage/use_nfr=true/logs/grid_candidate_1108_attempt_1.log,
grid_candidate_1105,grid,grid_candidate_1105,completed,1,0,58.196302,/home/hzw/Rethinking_GNN_DP/paper_experiments/figure3/figure3_pipeline3.yaml/dataset=Books-Children/feature=raw/mechanism=mbm/x_eps=0.001/m=best/norm=false/smoother=hoa/backbone=sage/use_nfr=true/logs/grid_candidate_1105_attempt_1.log,
grid_candidate_1110,grid,grid_candidate_1110,completed,1,0,55.436767,/home/hzw/Rethinking_GNN_DP/paper_experiments/figure3/figure3_pipeline3.yaml/dataset=Books-Children/feature=raw/mechanism=mbm/x_eps=0.001/m=best/norm=false/smoother=hoa/backbone=sage/use_nfr=true/logs/grid_candidate_1110_attempt_1.log,
grid_candidate_1111,grid,grid_candidate_1111,completed,1,0,49.806594,/home/hzw/Rethinking_GNN_DP/paper_experiments/figure3/figure3_pipeline3.yaml/dataset=Books-Children/feature=raw/mechanism=mbm/x_eps=0.001/m=best/norm=false/smoother=hoa/backbone=sage/use_nfr=true/logs/grid_candidate_1111_attempt_1.log,
grid_candidate_1125,grid,grid_candidate_1125,completed,1,0,41.351719,/home/hzw/Rethinking_GNN_DP/paper_experiments/figure3/figure3_pipeline3.yaml/dataset=Books-Children/feature=raw/mechanism=mbm/x_eps=0.001/m=best/norm=false/smoother=hoa/backbone=sage/use_nfr=true/logs/grid_candidate_1125_attempt_1.log,
grid_candidate_1118,grid,grid_candidate_1118,completed,1,0,47.507013,/home/hzw/Rethinking_GNN_DP/paper_experiments/figure3/figure3_pipeline3.yaml/dataset=Books-Children/feature=raw/mechanism=mbm/x_eps=0.001/m=best/norm=false/smoother=hoa/backbone=sage/use_nfr=true/logs/grid_candidate_1118_attempt_1.log,
grid_candidate_1116,grid,grid_candidate_1116,completed,1,0,51.768516,/home/hzw/Rethinking_GNN_DP/paper_experiments/figure3/figure3_pipeline3.yaml/dataset=Books-Children/feature=raw/mechanism=mbm/x_eps=0.001/m=best/norm=false/smoother=hoa/backbone=sage/use_nfr=true/logs/grid_candidate_1116_attempt_1.log,
grid_candidate_1113,grid,grid_candidate_1113,completed,1,0,52.902075,/home/hzw/Rethinking_GNN_DP/paper_experiments/figure3/figure3_pipeline3.yaml/dataset=Books-Children/feature=raw/mechanism=mbm/x_eps=0.001/m=best/norm=false/smoother=hoa/backbone=sage/use_nfr=true/logs/grid_candidate_1113_attempt_1.log,
grid_candidate_1119,grid,grid_candidate_1119,completed,1,0,49.505112,/home/hzw/Rethinking_GNN_DP/paper_experiments/figure3/figure3_pipeline3.yaml/dataset=Books-Children/feature=raw/mechanism=mbm/x_eps=0.001/m=best/norm=false/smoother=hoa/backbone=sage/use_nfr=true/logs/grid_candidate_1119_attempt_1.log,
grid_candidate_1112,grid,grid_candidate_1112,completed,1,0,54.429006,/home/hzw/Rethinking_GNN_DP/paper_experiments/figure3/figure3_pipeline3.yaml/dataset=Books-Children/feature=raw/mechanism=mbm/x_eps=0.001/m=best/norm=false/smoother=hoa/backbone=sage/use_nfr=true/logs/grid_candidate_1112_attempt_1.log,
grid_candidate_1117,grid,grid_candidate_1117,completed,1,0,51.222881,/home/hzw/Rethinking_GNN_DP/paper_experiments/figure3/figure3_pipeline3.yaml/dataset=Books-Children/feature=raw/mechanism=mbm/x_eps=0.001/m=best/norm=false/smoother=hoa/backbone=sage/use_nfr=true/logs/grid_candidate_1117_attempt_1.log,
grid_candidate_1114,grid,grid_candidate_1114,completed,1,0,54.793765,/home/hzw/Rethinking_GNN_DP/paper_experiments/figure3/figure3_pipeline3.yaml/dataset=Books-Children/feature=raw/mechanism=mbm/x_eps=0.001/m=best/norm=false/smoother=hoa/backbone=sage/use_nfr=true/logs/grid_candidate_1114_attempt_1.log,
grid_candidate_1115,grid,grid_candidate_1115,completed,1,0,55.079827,/home/hzw/Rethinking_GNN_DP/paper_experiments/figure3/figure3_pipeline3.yaml/dataset=Books-Children/feature=raw/mechanism=mbm/x_eps=0.001/m=best/norm=false/smoother=hoa/backbone=sage/use_nfr=true/logs/grid_candidate_1115_attempt_1.log,
grid_candidate_1123,grid,grid_candidate_1123,completed,1,0,48.679760,/home/hzw/Rethinking_GNN_DP/paper_experiments/figure3/figure3_pipeline3.yaml/dataset=Books-Children/feature=raw/mechanism=mbm/x_eps=0.001/m=best/norm=false/smoother=hoa/backbone=sage/use_nfr=true/logs/grid_candidate_1123_attempt_1.log,
grid_candidate_1121,grid,grid_candidate_1121,completed,1,0,50.265393,/home/hzw/Rethinking_GNN_DP/paper_experiments/figure3/figure3_pipeline3.yaml/dataset=Books-Children/feature=raw/mechanism=mbm/x_eps=0.001/m=best/norm=false/smoother=hoa/backbone=sage/use_nfr=true/logs/grid_candidate_1121_attempt_1.log,
grid_candidate_1122,grid,grid_candidate_1122,completed,1,0,49.838702,/home/hzw/Rethinking_GNN_DP/paper_experiments/figure3/figure3_pipeline3.yaml/dataset=Books-Children/feature=raw/mechanism=mbm/x_eps=0.001/m=best/norm=false/smoother=hoa/backbone=sage/use_nfr=true/logs/grid_candidate_1122_attempt_1.log,
grid_candidate_1124,grid,grid_candidate_1124,completed,1,0,49.096455,/home/hzw/Rethinking_GNN_DP/paper_experiments/figure3/figure3_pipeline3.yaml/dataset=Books-Children/feature=raw/mechanism=mbm/x_eps=0.001/m=best/norm=false/smoother=hoa/backbone=sage/use_nfr=true/logs/grid_candidate_1124_attempt_1.log,
grid_candidate_1126,grid,grid_candidate_1126,completed,1,0,46.629866,/home/hzw/Rethinking_GNN_DP/paper_experiments/figure3/figure3_pipeline3.yaml/dataset=Books-Children/feature=raw/mechanism=mbm/x_eps=0.001/m=best/norm=false/smoother=hoa/backbone=sage/use_nfr=true/logs/grid_candidate_1126_attempt_1.log,
grid_candidate_1127,grid,grid_candidate_1127,completed,1,0,46.613026,/home/hzw/Rethinking_GNN_DP/paper_experiments/figure3/figure3_pipeline3.yaml/dataset=Books-Children/feature=raw/mechanism=mbm/x_eps=0.001/m=best/norm=false/smoother=hoa/backbone=sage/use_nfr=true/logs/grid_candidate_1127_attempt_1.log,
grid_candidate_1131,grid,grid_candidate_1131,completed,1,0,36.064466,/home/hzw/Rethinking_GNN_DP/paper_experiments/figure3/figure3_pipeline3.yaml/dataset=Books-Children/feature=raw/mechanism=mbm/x_eps=0.001/m=best/norm=false/smoother=hoa/backbone=sage/use_nfr=true/logs/grid_candidate_1131_attempt_1.log,
grid_candidate_1120,grid,grid_candidate_1120,completed,1,0,57.631888,/home/hzw/Rethinking_GNN_DP/paper_experiments/figure3/figure3_pipeline3.yaml/dataset=Books-Children/feature=raw/mechanism=mbm/x_eps=0.001/m=best/norm=false/smoother=hoa/backbone=sage/use_nfr=true/logs/grid_candidate_1120_attempt_1.log,
grid_candidate_1129,grid,grid_candidate_1129,completed,1,0,41.534034,/home/hzw/Rethinking_GNN_DP/paper_experiments/figure3/figure3_pipeline3.yaml/dataset=Books-Children/feature=raw/mechanism=mbm/x_eps=0.001/m=best/norm=false/smoother=hoa/backbone=sage/use_nfr=true/logs/grid_candidate_1129_attempt_1.log,
grid_candidate_1132,grid,grid_candidate_1132,completed,1,0,33.141794,/home/hzw/Rethinking_GNN_DP/paper_experiments/figure3/figure3_pipeline3.yaml/dataset=Books-Children/feature=raw/mechanism=mbm/x_eps=0.001/m=best/norm=false/smoother=hoa/backbone=sage/use_nfr=true/logs/grid_candidate_1132_attempt_1.log,
grid_candidate_1133,grid,grid_candidate_1133,completed,1,0,32.683758,/home/hzw/Rethinking_GNN_DP/paper_experiments/figure3/figure3_pipeline3.yaml/dataset=Books-Children/feature=raw/mechanism=mbm/x_eps=0.001/m=best/norm=false/smoother=hoa/backbone=sage/use_nfr=true/logs/grid_candidate_1133_attempt_1.log,
grid_candidate_1128,grid,grid_candidate_1128,completed,1,0,44.287304,/home/hzw/Rethinking_GNN_DP/paper_experiments/figure3/figure3_pipeline3.yaml/dataset=Books-Children/feature=raw/mechanism=mbm/x_eps=0.001/m=best/norm=false/smoother=hoa/backbone=sage/use_nfr=true/logs/grid_candidate_1128_attempt_1.log,
grid_candidate_1130,grid,grid_candidate_1130,completed,1,0,43.544294,/home/hzw/Rethinking_GNN_DP/paper_experiments/figure3/figure3_pipeline3.yaml/dataset=Books-Children/feature=raw/mechanism=mbm/x_eps=0.001/m=best/norm=false/smoother=hoa/backbone=sage/use_nfr=true/logs/grid_candidate_1130_attempt_1.log,
grid_candidate_1138,grid,grid_candidate_1138,completed,1,0,32.179858,/home/hzw/Rethinking_GNN_DP/paper_experiments/figure3/figure3_pipeline3.yaml/dataset=Books-Children/feature=raw/mechanism=mbm/x_eps=0.001/m=best/norm=false/smoother=hoa/backbone=sage/use_nfr=true/logs/grid_candidate_1138_attempt_1.log,
grid_candidate_1136,grid,grid_candidate_1136,completed,1,0,43.869538,/home/hzw/Rethinking_GNN_DP/paper_experiments/figure3/figure3_pipeline3.yaml/dataset=Books-Children/feature=raw/mechanism=mbm/x_eps=0.001/m=best/norm=false/smoother=hoa/backbone=sage/use_nfr=true/logs/grid_candidate_1136_attempt_1.log,
grid_candidate_1134,grid,grid_candidate_1134,completed,1,0,46.670965,/home/hzw/Rethinking_GNN_DP/paper_experiments/figure3/figure3_pipeline3.yaml/dataset=Books-Children/feature=raw/mechanism=mbm/x_eps=0.001/m=best/norm=false/smoother=hoa/backbone=sage/use_nfr=true/logs/grid_candidate_1134_attempt_1.log,
grid_candidate_1137,grid,grid_candidate_1137,completed,1,0,48.037509,/home/hzw/Rethinking_GNN_DP/paper_experiments/figure3/figure3_pipeline3.yaml/dataset=Books-Children/feature=raw/mechanism=mbm/x_eps=0.001/m=best/norm=false/smoother=hoa/backbone=sage/use_nfr=true/logs/grid_candidate_1137_attempt_1.log,
grid_candidate_1139,grid,grid_candidate_1139,completed,1,0,46.211985,/home/hzw/Rethinking_GNN_DP/paper_experiments/figure3/figure3_pipeline3.yaml/dataset=Books-Children/feature=raw/mechanism=mbm/x_eps=0.001/m=best/norm=false/smoother=hoa/backbone=sage/use_nfr=true/logs/grid_candidate_1139_attempt_1.log,
grid_candidate_1135,grid,grid_candidate_1135,completed,1,0,53.082368,/home/hzw/Rethinking_GNN_DP/paper_experiments/figure3/figure3_pipeline3.yaml/dataset=Books-Children/feature=raw/mechanism=mbm/x_eps=0.001/m=best/norm=false/smoother=hoa/backbone=sage/use_nfr=true/logs/grid_candidate_1135_attempt_1.log,
grid_candidate_1141,grid,grid_candidate_1141,completed,1,0,47.407790,/home/hzw/Rethinking_GNN_DP/paper_experiments/figure3/figure3_pipeline3.yaml/dataset=Books-Children/feature=raw/mechanism=mbm/x_eps=0.001/m=best/norm=false/smoother=hoa/backbone=sage/use_nfr=true/logs/grid_candidate_1141_attempt_1.log,
grid_candidate_1143,grid,grid_candidate_1143,completed,1,0,48.694467,/home/hzw/Rethinking_GNN_DP/paper_experiments/figure3/figure3_pipeline3.yaml/dataset=Books-Children/feature=raw/mechanism=mbm/x_eps=0.001/m=best/norm=false/smoother=hoa/backbone=sage/use_nfr=true/logs/grid_candidate_1143_attempt_1.log,
grid_candidate_1146,grid,grid_candidate_1146,completed,1,0,47.773630,/home/hzw/Rethinking_GNN_DP/paper_experiments/figure3/figure3_pipeline3.yaml/dataset=Books-Children/feature=raw/mechanism=mbm/x_eps=0.001/m=best/norm=false/smoother=hoa/backbone=sage/use_nfr=true/logs/grid_candidate_1146_attempt_1.log,
grid_candidate_1142,grid,grid_candidate_1142,completed,1,0,52.895555,/home/hzw/Rethinking_GNN_DP/paper_experiments/figure3/figure3_pipeline3.yaml/dataset=Books-Children/feature=raw/mechanism=mbm/x_eps=0.001/m=best/norm=false/smoother=hoa/backbone=sage/use_nfr=true/logs/grid_candidate_1142_attempt_1.log,
grid_candidate_1147,grid,grid_candidate_1147,completed,1,0,48.107717,/home/hzw/Rethinking_GNN_DP/paper_experiments/figure3/figure3_pipeline3.yaml/dataset=Books-Children/feature=raw/mechanism=mbm/x_eps=0.001/m=best/norm=false/smoother=hoa/backbone=sage/use_nfr=true/logs/grid_candidate_1147_attempt_1.log,
grid_candidate_1145,grid,grid_candidate_1145,completed,1,0,49.236398,/home/hzw/Rethinking_GNN_DP/paper_experiments/figure3/figure3_pipeline3.yaml/dataset=Books-Children/feature=raw/mechanism=mbm/x_eps=0.001/m=best/norm=false/smoother=hoa/backbone=sage/use_nfr=true/logs/grid_candidate_1145_attempt_1.log,
grid_candidate_1140,grid,grid_candidate_1140,completed,1,0,56.881390,/home/hzw/Rethinking_GNN_DP/paper_experiments/figure3/figure3_pipeline3.yaml/dataset=Books-Children/feature=raw/mechanism=mbm/x_eps=0.001/m=best/norm=false/smoother=hoa/backbone=sage/use_nfr=true/logs/grid_candidate_1140_attempt_1.log,
grid_candidate_1144,grid,grid_candidate_1144,completed,1,0,53.791957,/home/hzw/Rethinking_GNN_DP/paper_experiments/figure3/figure3_pipeline3.yaml/dataset=Books-Children/feature=raw/mechanism=mbm/x_eps=0.001/m=best/norm=false/smoother=hoa/backbone=sage/use_nfr=true/logs/grid_candidate_1144_attempt_1.log,
grid_candidate_1148,grid,grid_candidate_1148,completed,1,0,48.932300,/home/hzw/Rethinking_GNN_DP/paper_experiments/figure3/figure3_pipeline3.yaml/dataset=Books-Children/feature=raw/mechanism=mbm/x_eps=0.001/m=best/norm=false/smoother=hoa/backbone=sage/use_nfr=true/logs/grid_candidate_1148_attempt_1.log,
grid_candidate_1149,grid,grid_candidate_1149,completed,1,0,50.150026,/home/hzw/Rethinking_GNN_DP/paper_experiments/figure3/figure3_pipeline3.yaml/dataset=Books-Children/feature=raw/mechanism=mbm/x_eps=0.001/m=best/norm=false/smoother=hoa/backbone=sage/use_nfr=true/logs/grid_candidate_1149_attempt_1.log,
grid_candidate_1152,grid,grid_candidate_1152,completed,1,0,48.895155,/home/hzw/Rethinking_GNN_DP/paper_experiments/figure3/figure3_pipeline3.yaml/dataset=Books-Children/feature=raw/mechanism=mbm/x_eps=0.001/m=best/norm=false/smoother=hoa/backbone=sage/use_nfr=true/logs/grid_candidate_1152_attempt_1.log,
grid_candidate_1154,grid,grid_candidate_1154,completed,1,0,48.790600,/home/hzw/Rethinking_GNN_DP/paper_experiments/figure3/figure3_pipeline3.yaml/dataset=Books-Children/feature=raw/mechanism=mbm/x_eps=0.001/m=best/norm=false/smoother=hoa/backbone=sage/use_nfr=true/logs/grid_candidate_1154_attempt_1.log,
grid_candidate_1156,grid,grid_candidate_1156,completed,1,0,48.862653,/home/hzw/Rethinking_GNN_DP/paper_experiments/figure3/figure3_pipeline3.yaml/dataset=Books-Children/feature=raw/mechanism=mbm/x_eps=0.001/m=best/norm=false/smoother=hoa/backbone=sage/use_nfr=true/logs/grid_candidate_1156_attempt_1.log,
grid_candidate_1150,grid,grid_candidate_1150,completed,1,0,52.716383,/home/hzw/Rethinking_GNN_DP/paper_experiments/figure3/figure3_pipeline3.yaml/dataset=Books-Children/feature=raw/mechanism=mbm/x_eps=0.001/m=best/norm=false/smoother=hoa/backbone=sage/use_nfr=true/logs/grid_candidate_1150_attempt_1.log,
grid_candidate_1161,grid,grid_candidate_1161,completed,1,0,45.277260,/home/hzw/Rethinking_GNN_DP/paper_experiments/figure3/figure3_pipeline3.yaml/dataset=Books-Children/feature=raw/mechanism=mbm/x_eps=0.001/m=best/norm=false/smoother=hoa/backbone=sage/use_nfr=true/logs/grid_candidate_1161_attempt_1.log,
grid_candidate_1151,grid,grid_candidate_1151,completed,1,0,54.168531,/home/hzw/Rethinking_GNN_DP/paper_experiments/figure3/figure3_pipeline3.yaml/dataset=Books-Children/feature=raw/mechanism=mbm/x_eps=0.001/m=best/norm=false/smoother=hoa/backbone=sage/use_nfr=true/logs/grid_candidate_1151_attempt_1.log,
grid_candidate_1157,grid,grid_candidate_1157,completed,1,0,50.818982,/home/hzw/Rethinking_GNN_DP/paper_experiments/figure3/figure3_pipeline3.yaml/dataset=Books-Children/feature=raw/mechanism=mbm/x_eps=0.001/m=best/norm=false/smoother=hoa/backbone=sage/use_nfr=true/logs/grid_candidate_1157_attempt_1.log,
grid_candidate_1158,grid,grid_candidate_1158,completed,1,0,50.586551,/home/hzw/Rethinking_GNN_DP/paper_experiments/figure3/figure3_pipeline3.yaml/dataset=Books-Children/feature=raw/mechanism=mbm/x_eps=0.001/m=best/norm=false/smoother=hoa/backbone=sage/use_nfr=true/logs/grid_candidate_1158_attempt_1.log,
grid_candidate_1153,grid,grid_candidate_1153,completed,1,0,56.787867,/home/hzw/Rethinking_GNN_DP/paper_experiments/figure3/figure3_pipeline3.yaml/dataset=Books-Children/feature=raw/mechanism=mbm/x_eps=0.001/m=best/norm=false/smoother=hoa/backbone=sage/use_nfr=true/logs/grid_candidate_1153_attempt_1.log,
grid_candidate_1164,grid,grid_candidate_1164,completed,1,0,46.909613,/home/hzw/Rethinking_GNN_DP/paper_experiments/figure3/figure3_pipeline3.yaml/dataset=Books-Children/feature=raw/mechanism=mbm/x_eps=0.001/m=best/norm=false/smoother=hoa/backbone=sage/use_nfr=true/logs/grid_candidate_1164_attempt_1.log,
grid_candidate_1167,grid,grid_candidate_1167,completed,1,0,45.849721,/home/hzw/Rethinking_GNN_DP/paper_experiments/figure3/figure3_pipeline3.yaml/dataset=Books-Children/feature=raw/mechanism=mbm/x_eps=0.001/m=best/norm=false/smoother=hoa/backbone=sage/use_nfr=true/logs/grid_candidate_1167_attempt_1.log,
grid_candidate_1159,grid,grid_candidate_1159,completed,1,0,56.213636,/home/hzw/Rethinking_GNN_DP/paper_experiments/figure3/figure3_pipeline3.yaml/dataset=Books-Children/feature=raw/mechanism=mbm/x_eps=0.001/m=best/norm=false/smoother=hoa/backbone=sage/use_nfr=true/logs/grid_candidate_1159_attempt_1.log,
grid_candidate_1166,grid,grid_candidate_1166,completed,1,0,47.337222,/home/hzw/Rethinking_GNN_DP/paper_experiments/figure3/figure3_pipeline3.yaml/dataset=Books-Children/feature=raw/mechanism=mbm/x_eps=0.001/m=best/norm=false/smoother=hoa/backbone=sage/use_nfr=true/logs/grid_candidate_1166_attempt_1.log,
grid_candidate_1162,grid,grid_candidate_1162,completed,1,0,52.034592,/home/hzw/Rethinking_GNN_DP/paper_experiments/figure3/figure3_pipeline3.yaml/dataset=Books-Children/feature=raw/mechanism=mbm/x_eps=0.001/m=best/norm=false/smoother=hoa/backbone=sage/use_nfr=true/logs/grid_candidate_1162_attempt_1.log,
grid_candidate_1168,grid,grid_candidate_1168,completed,1,0,48.438711,/home/hzw/Rethinking_GNN_DP/paper_experiments/figure3/figure3_pipeline3.yaml/dataset=Books-Children/feature=raw/mechanism=mbm/x_eps=0.001/m=best/norm=false/smoother=hoa/backbone=sage/use_nfr=true/logs/grid_candidate_1168_attempt_1.log,
grid_candidate_1163,grid,grid_candidate_1163,completed,1,0,52.683794,/home/hzw/Rethinking_GNN_DP/paper_experiments/figure3/figure3_pipeline3.yaml/dataset=Books-Children/feature=raw/mechanism=mbm/x_eps=0.001/m=best/norm=false/smoother=hoa/backbone=sage/use_nfr=true/logs/grid_candidate_1163_attempt_1.log,
grid_candidate_1160,grid,grid_candidate_1160,completed,1,0,59.624061,/home/hzw/Rethinking_GNN_DP/paper_experiments/figure3/figure3_pipeline3.yaml/dataset=Books-Children/feature=raw/mechanism=mbm/x_eps=0.001/m=best/norm=false/smoother=hoa/backbone=sage/use_nfr=true/logs/grid_candidate_1160_attempt_1.log,
grid_candidate_1169,grid,grid_candidate_1169,completed,1,0,51.523980,/home/hzw/Rethinking_GNN_DP/paper_experiments/figure3/figure3_pipeline3.yaml/dataset=Books-Children/feature=raw/mechanism=mbm/x_eps=0.001/m=best/norm=false/smoother=hoa/backbone=sage/use_nfr=true/logs/grid_candidate_1169_attempt_1.log,
grid_candidate_1170,grid,grid_candidate_1170,completed,1,0,48.875848,/home/hzw/Rethinking_GNN_DP/paper_experiments/figure3/figure3_pipeline3.yaml/dataset=Books-Children/feature=raw/mechanism=mbm/x_eps=0.001/m=best/norm=false/smoother=hoa/backbone=sage/use_nfr=true/logs/grid_candidate_1170_attempt_1.log,
grid_candidate_1165,grid,grid_candidate_1165,completed,1,0,55.155941,/home/hzw/Rethinking_GNN_DP/paper_experiments/figure3/figure3_pipeline3.yaml/dataset=Books-Children/feature=raw/mechanism=mbm/x_eps=0.001/m=best/norm=false/smoother=hoa/backbone=sage/use_nfr=true/logs/grid_candidate_1165_attempt_1.log,
grid_candidate_1155,grid,grid_candidate_1155,completed,1,0,66.871760,/home/hzw/Rethinking_GNN_DP/paper_experiments/figure3/figure3_pipeline3.yaml/dataset=Books-Children/feature=raw/mechanism=mbm/x_eps=0.001/m=best/norm=false/smoother=hoa/backbone=sage/use_nfr=true/logs/grid_candidate_1155_attempt_1.log,
grid_candidate_1171,grid,grid_candidate_1171,completed,1,0,42.373282,/home/hzw/Rethinking_GNN_DP/paper_experiments/figure3/figure3_pipeline3.yaml/dataset=Books-Children/feature=raw/mechanism=mbm/x_eps=0.001/m=best/norm=false/smoother=hoa/backbone=sage/use_nfr=true/logs/grid_candidate_1171_attempt_1.log,
grid_candidate_1172,grid,grid_candidate_1172,completed,1,0,43.958118,/home/hzw/Rethinking_GNN_DP/paper_experiments/figure3/figure3_pipeline3.yaml/dataset=Books-Children/feature=raw/mechanism=mbm/x_eps=0.001/m=best/norm=false/smoother=hoa/backbone=sage/use_nfr=true/logs/grid_candidate_1172_attempt_1.log,
grid_candidate_1173,grid,grid_candidate_1173,completed,1,0,43.371551,/home/hzw/Rethinking_GNN_DP/paper_experiments/figure3/figure3_pipeline3.yaml/dataset=Books-Children/feature=raw/mechanism=mbm/x_eps=0.001/m=best/norm=false/smoother=hoa/backbone=sage/use_nfr=true/logs/grid_candidate_1173_attempt_1.log,
grid_candidate_1176,grid,grid_candidate_1176,completed,1,0,40.909672,/home/hzw/Rethinking_GNN_DP/paper_experiments/figure3/figure3_pipeline3.yaml/dataset=Books-Children/feature=raw/mechanism=mbm/x_eps=0.001/m=best/norm=false/smoother=hoa/backbone=sage/use_nfr=true/logs/grid_candidate_1176_attempt_1.log,
grid_candidate_1174,grid,grid_candidate_1174,completed,1,0,48.546565,/home/hzw/Rethinking_GNN_DP/paper_experiments/figure3/figure3_pipeline3.yaml/dataset=Books-Children/feature=raw/mechanism=mbm/x_eps=0.001/m=best/norm=false/smoother=hoa/backbone=sage/use_nfr=true/logs/grid_candidate_1174_attempt_1.log,
grid_candidate_1177,grid,grid_candidate_1177,completed,1,0,44.203640,/home/hzw/Rethinking_GNN_DP/paper_experiments/figure3/figure3_pipeline3.yaml/dataset=Books-Children/feature=raw/mechanism=mbm/x_eps=0.001/m=best/norm=false/smoother=hoa/backbone=sage/use_nfr=true/logs/grid_candidate_1177_attempt_1.log,
grid_candidate_1179,grid,grid_candidate_1179,completed,1,0,41.330121,/home/hzw/Rethinking_GNN_DP/paper_experiments/figure3/figure3_pipeline3.yaml/dataset=Books-Children/feature=raw/mechanism=mbm/x_eps=0.001/m=best/norm=false/smoother=hoa/backbone=sage/use_nfr=true/logs/grid_candidate_1179_attempt_1.log,
grid_candidate_1181,grid,grid_candidate_1181,completed,1,0,43.425141,/home/hzw/Rethinking_GNN_DP/paper_experiments/figure3/figure3_pipeline3.yaml/dataset=Books-Children/feature=raw/mechanism=mbm/x_eps=0.001/m=best/norm=false/smoother=hoa/backbone=sage/use_nfr=true/logs/grid_candidate_1181_attempt_1.log,
grid_candidate_1182,grid,grid_candidate_1182,completed,1,0,42.087245,/home/hzw/Rethinking_GNN_DP/paper_experiments/figure3/figure3_pipeline3.yaml/dataset=Books-Children/feature=raw/mechanism=mbm/x_eps=0.001/m=best/norm=false/smoother=hoa/backbone=sage/use_nfr=true/logs/grid_candidate_1182_attempt_1.log,
grid_candidate_1175,grid,grid_candidate_1175,completed,1,0,52.145786,/home/hzw/Rethinking_GNN_DP/paper_experiments/figure3/figure3_pipeline3.yaml/dataset=Books-Children/feature=raw/mechanism=mbm/x_eps=0.001/m=best/norm=false/smoother=hoa/backbone=sage/use_nfr=true/logs/grid_candidate_1175_attempt_1.log,
grid_candidate_1183,grid,grid_candidate_1183,completed,1,0,42.423936,/home/hzw/Rethinking_GNN_DP/paper_experiments/figure3/figure3_pipeline3.yaml/dataset=Books-Children/feature=raw/mechanism=mbm/x_eps=0.001/m=best/norm=false/smoother=hoa/backbone=sage/use_nfr=true/logs/grid_candidate_1183_attempt_1.log,
grid_candidate_1178,grid,grid_candidate_1178,completed,1,0,48.004334,/home/hzw/Rethinking_GNN_DP/paper_experiments/figure3/figure3_pipeline3.yaml/dataset=Books-Children/feature=raw/mechanism=mbm/x_eps=0.001/m=best/norm=false/smoother=hoa/backbone=sage/use_nfr=true/logs/grid_candidate_1178_attempt_1.log,
grid_candidate_1184,grid,grid_candidate_1184,completed,1,0,43.807066,/home/hzw/Rethinking_GNN_DP/paper_experiments/figure3/figure3_pipeline3.yaml/dataset=Books-Children/feature=raw/mechanism=mbm/x_eps=0.001/m=best/norm=false/smoother=hoa/backbone=sage/use_nfr=true/logs/grid_candidate_1184_attempt_1.log,
grid_candidate_1180,grid,grid_candidate_1180,completed,1,0,48.545328,/home/hzw/Rethinking_GNN_DP/paper_experiments/figure3/figure3_pipeline3.yaml/dataset=Books-Children/feature=raw/mechanism=mbm/x_eps=0.001/m=best/norm=false/smoother=hoa/backbone=sage/use_nfr=true/logs/grid_candidate_1180_attempt_1.log,
grid_candidate_1186,grid,grid_candidate_1186,completed,1,0,42.869203,/home/hzw/Rethinking_GNN_DP/paper_experiments/figure3/figure3_pipeline3.yaml/dataset=Books-Children/feature=raw/mechanism=mbm/x_eps=0.001/m=best/norm=false/smoother=hoa/backbone=sage/use_nfr=true/logs/grid_candidate_1186_attempt_1.log,
grid_candidate_1187,grid,grid_candidate_1187,completed,1,0,44.180697,/home/hzw/Rethinking_GNN_DP/paper_experiments/figure3/figure3_pipeline3.yaml/dataset=Books-Children/feature=raw/mechanism=mbm/x_eps=0.001/m=best/norm=false/smoother=hoa/backbone=sage/use_nfr=true/logs/grid_candidate_1187_attempt_1.log,
grid_candidate_1192,grid,grid_candidate_1192,completed,1,0,40.470398,/home/hzw/Rethinking_GNN_DP/paper_experiments/figure3/figure3_pipeline3.yaml/dataset=Books-Children/feature=raw/mechanism=mbm/x_eps=0.001/m=best/norm=false/smoother=hoa/backbone=sage/use_nfr=true/logs/grid_candidate_1192_attempt_1.log,
grid_candidate_1188,grid,grid_candidate_1188,completed,1,0,46.567266,/home/hzw/Rethinking_GNN_DP/paper_experiments/figure3/figure3_pipeline3.yaml/dataset=Books-Children/feature=raw/mechanism=mbm/x_eps=0.001/m=best/norm=false/smoother=hoa/backbone=sage/use_nfr=true/logs/grid_candidate_1188_attempt_1.log,
grid_candidate_1185,grid,grid_candidate_1185,completed,1,0,50.144769,/home/hzw/Rethinking_GNN_DP/paper_experiments/figure3/figure3_pipeline3.yaml/dataset=Books-Children/feature=raw/mechanism=mbm/x_eps=0.001/m=best/norm=false/smoother=hoa/backbone=sage/use_nfr=true/logs/grid_candidate_1185_attempt_1.log,
grid_candidate_1189,grid,grid_candidate_1189,completed,1,0,48.996396,/home/hzw/Rethinking_GNN_DP/paper_experiments/figure3/figure3_pipeline3.yaml/dataset=Books-Children/feature=raw/mechanism=mbm/x_eps=0.001/m=best/norm=false/smoother=hoa/backbone=sage/use_nfr=true/logs/grid_candidate_1189_attempt_1.log,
grid_candidate_1191,grid,grid_candidate_1191,completed,1,0,48.366072,/home/hzw/Rethinking_GNN_DP/paper_experiments/figure3/figure3_pipeline3.yaml/dataset=Books-Children/feature=raw/mechanism=mbm/x_eps=0.001/m=best/norm=false/smoother=hoa/backbone=sage/use_nfr=true/logs/grid_candidate_1191_attempt_1.log,
grid_candidate_1193,grid,grid_candidate_1193,completed,1,0,47.463861,/home/hzw/Rethinking_GNN_DP/paper_experiments/figure3/figure3_pipeline3.yaml/dataset=Books-Children/feature=raw/mechanism=mbm/x_eps=0.001/m=best/norm=false/smoother=hoa/backbone=sage/use_nfr=true/logs/grid_candidate_1193_attempt_1.log,
grid_candidate_1206,grid,grid_candidate_1206,completed,1,0,34.128691,/home/hzw/Rethinking_GNN_DP/paper_experiments/figure3/figure3_pipeline3.yaml/dataset=Books-Children/feature=raw/mechanism=mbm/x_eps=0.001/m=best/norm=false/smoother=hoa/backbone=sage/use_nfr=true/logs/grid_candidate_1206_attempt_1.log,
grid_candidate_1190,grid,grid_candidate_1190,completed,1,0,50.405933,/home/hzw/Rethinking_GNN_DP/paper_experiments/figure3/figure3_pipeline3.yaml/dataset=Books-Children/feature=raw/mechanism=mbm/x_eps=0.001/m=best/norm=false/smoother=hoa/backbone=sage/use_nfr=true/logs/grid_candidate_1190_attempt_1.log,
grid_candidate_1197,grid,grid_candidate_1197,completed,1,0,44.259953,/home/hzw/Rethinking_GNN_DP/paper_experiments/figure3/figure3_pipeline3.yaml/dataset=Books-Children/feature=raw/mechanism=mbm/x_eps=0.001/m=best/norm=false/smoother=hoa/backbone=sage/use_nfr=true/logs/grid_candidate_1197_attempt_1.log,
grid_candidate_1194,grid,grid_candidate_1194,completed,1,0,48.259184,/home/hzw/Rethinking_GNN_DP/paper_experiments/figure3/figure3_pipeline3.yaml/dataset=Books-Children/feature=raw/mechanism=mbm/x_eps=0.001/m=best/norm=false/smoother=hoa/backbone=sage/use_nfr=true/logs/grid_candidate_1194_attempt_1.log,
grid_candidate_1198,grid,grid_candidate_1198,completed,1,0,45.827529,/home/hzw/Rethinking_GNN_DP/paper_experiments/figure3/figure3_pipeline3.yaml/dataset=Books-Children/feature=raw/mechanism=mbm/x_eps=0.001/m=best/norm=false/smoother=hoa/backbone=sage/use_nfr=true/logs/grid_candidate_1198_attempt_1.log,
grid_candidate_1195,grid,grid_candidate_1195,completed,1,0,49.944888,/home/hzw/Rethinking_GNN_DP/paper_experiments/figure3/figure3_pipeline3.yaml/dataset=Books-Children/feature=raw/mechanism=mbm/x_eps=0.001/m=best/norm=false/smoother=hoa/backbone=sage/use_nfr=true/logs/grid_candidate_1195_attempt_1.log,
grid_candidate_1201,grid,grid_candidate_1201,completed,1,0,45.207261,/home/hzw/Rethinking_GNN_DP/paper_experiments/figure3/figure3_pipeline3.yaml/dataset=Books-Children/feature=raw/mechanism=mbm/x_eps=0.001/m=best/norm=false/smoother=hoa/backbone=sage/use_nfr=true/logs/grid_candidate_1201_attempt_1.log,
grid_candidate_1196,grid,grid_candidate_1196,completed,1,0,49.497147,/home/hzw/Rethinking_GNN_DP/paper_experiments/figure3/figure3_pipeline3.yaml/dataset=Books-Children/feature=raw/mechanism=mbm/x_eps=0.001/m=best/norm=false/smoother=hoa/backbone=sage/use_nfr=true/logs/grid_candidate_1196_attempt_1.log,
grid_candidate_1199,grid,grid_candidate_1199,completed,1,0,48.041204,/home/hzw/Rethinking_GNN_DP/paper_experiments/figure3/figure3_pipeline3.yaml/dataset=Books-Children/feature=raw/mechanism=mbm/x_eps=0.001/m=best/norm=false/smoother=hoa/backbone=sage/use_nfr=true/logs/grid_candidate_1199_attempt_1.log,
grid_candidate_1202,grid,grid_candidate_1202,completed,1,0,46.699628,/home/hzw/Rethinking_GNN_DP/paper_experiments/figure3/figure3_pipeline3.yaml/dataset=Books-Children/feature=raw/mechanism=mbm/x_eps=0.001/m=best/norm=false/smoother=hoa/backbone=sage/use_nfr=true/logs/grid_candidate_1202_attempt_1.log,
grid_candidate_1203,grid,grid_candidate_1203,completed,1,0,48.145115,/home/hzw/Rethinking_GNN_DP/paper_experiments/figure3/figure3_pipeline3.yaml/dataset=Books-Children/feature=raw/mechanism=mbm/x_eps=0.001/m=best/norm=false/smoother=hoa/backbone=sage/use_nfr=true/logs/grid_candidate_1203_attempt_1.log,
grid_candidate_1204,grid,grid_candidate_1204,completed,1,0,49.025171,/home/hzw/Rethinking_GNN_DP/paper_experiments/figure3/figure3_pipeline3.yaml/dataset=Books-Children/feature=raw/mechanism=mbm/x_eps=0.001/m=best/norm=false/smoother=hoa/backbone=sage/use_nfr=true/logs/grid_candidate_1204_attempt_1.log,
grid_candidate_1200,grid,grid_candidate_1200,completed,1,0,53.978290,/home/hzw/Rethinking_GNN_DP/paper_experiments/figure3/figure3_pipeline3.yaml/dataset=Books-Children/feature=raw/mechanism=mbm/x_eps=0.001/m=best/norm=false/smoother=hoa/backbone=sage/use_nfr=true/logs/grid_candidate_1200_attempt_1.log,
grid_candidate_1207,grid,grid_candidate_1207,completed,1,0,50.072113,/home/hzw/Rethinking_GNN_DP/paper_experiments/figure3/figure3_pipeline3.yaml/dataset=Books-Children/feature=raw/mechanism=mbm/x_eps=0.001/m=best/norm=false/smoother=hoa/backbone=sage/use_nfr=true/logs/grid_candidate_1207_attempt_1.log,
grid_candidate_1208,grid,grid_candidate_1208,completed,1,0,48.450459,/home/hzw/Rethinking_GNN_DP/paper_experiments/figure3/figure3_pipeline3.yaml/dataset=Books-Children/feature=raw/mechanism=mbm/x_eps=0.001/m=best/norm=false/smoother=hoa/backbone=sage/use_nfr=true/logs/grid_candidate_1208_attempt_1.log,
grid_candidate_1209,grid,grid_candidate_1209,completed,1,0,48.145623,/home/hzw/Rethinking_GNN_DP/paper_experiments/figure3/figure3_pipeline3.yaml/dataset=Books-Children/feature=raw/mechanism=mbm/x_eps=0.001/m=best/norm=false/smoother=hoa/backbone=sage/use_nfr=true/logs/grid_candidate_1209_attempt_1.log,
grid_candidate_1210,grid,grid_candidate_1210,completed,1,0,46.001041,/home/hzw/Rethinking_GNN_DP/paper_experiments/figure3/figure3_pipeline3.yaml/dataset=Books-Children/feature=raw/mechanism=mbm/x_eps=0.001/m=best/norm=false/smoother=hoa/backbone=sage/use_nfr=true/logs/grid_candidate_1210_attempt_1.log,
grid_candidate_1205,grid,grid_candidate_1205,completed,1,0,56.510071,/home/hzw/Rethinking_GNN_DP/paper_experiments/figure3/figure3_pipeline3.yaml/dataset=Books-Children/feature=raw/mechanism=mbm/x_eps=0.001/m=best/norm=false/smoother=hoa/backbone=sage/use_nfr=true/logs/grid_candidate_1205_attempt_1.log,
grid_candidate_1211,grid,grid_candidate_1211,completed,1,0,51.723690,/home/hzw/Rethinking_GNN_DP/paper_experiments/figure3/figure3_pipeline3.yaml/dataset=Books-Children/feature=raw/mechanism=mbm/x_eps=0.001/m=best/norm=false/smoother=hoa/backbone=sage/use_nfr=true/logs/grid_candidate_1211_attempt_1.log,
grid_candidate_1214,grid,grid_candidate_1214,completed,1,0,46.684916,/home/hzw/Rethinking_GNN_DP/paper_experiments/figure3/figure3_pipeline3.yaml/dataset=Books-Children/feature=raw/mechanism=mbm/x_eps=0.001/m=best/norm=false/smoother=hoa/backbone=sage/use_nfr=true/logs/grid_candidate_1214_attempt_1.log,
grid_candidate_1215,grid,grid_candidate_1215,completed,1,0,46.656403,/home/hzw/Rethinking_GNN_DP/paper_experiments/figure3/figure3_pipeline3.yaml/dataset=Books-Children/feature=raw/mechanism=mbm/x_eps=0.001/m=best/norm=false/smoother=hoa/backbone=sage/use_nfr=true/logs/grid_candidate_1215_attempt_1.log,
grid_candidate_1216,grid,grid_candidate_1216,completed,1,0,46.828859,/home/hzw/Rethinking_GNN_DP/paper_experiments/figure3/figure3_pipeline3.yaml/dataset=Books-Children/feature=raw/mechanism=mbm/x_eps=0.001/m=best/norm=false/smoother=hoa/backbone=sage/use_nfr=true/logs/grid_candidate_1216_attempt_1.log,
grid_candidate_1212,grid,grid_candidate_1212,completed,1,0,51.911185,/home/hzw/Rethinking_GNN_DP/paper_experiments/figure3/figure3_pipeline3.yaml/dataset=Books-Children/feature=raw/mechanism=mbm/x_eps=0.001/m=best/norm=false/smoother=hoa/backbone=sage/use_nfr=true/logs/grid_candidate_1212_attempt_1.log,
grid_candidate_1217,grid,grid_candidate_1217,completed,1,0,46.419362,/home/hzw/Rethinking_GNN_DP/paper_experiments/figure3/figure3_pipeline3.yaml/dataset=Books-Children/feature=raw/mechanism=mbm/x_eps=0.001/m=best/norm=false/smoother=hoa/backbone=sage/use_nfr=true/logs/grid_candidate_1217_attempt_1.log,
grid_candidate_1213,grid,grid_candidate_1213,completed,1,0,52.946116,/home/hzw/Rethinking_GNN_DP/paper_experiments/figure3/figure3_pipeline3.yaml/dataset=Books-Children/feature=raw/mechanism=mbm/x_eps=0.001/m=best/norm=false/smoother=hoa/backbone=sage/use_nfr=true/logs/grid_candidate_1213_attempt_1.log,
grid_candidate_1218,grid,grid_candidate_1218,completed,1,0,47.271568,/home/hzw/Rethinking_GNN_DP/paper_experiments/figure3/figure3_pipeline3.yaml/dataset=Books-Children/feature=raw/mechanism=mbm/x_eps=0.001/m=best/norm=false/smoother=hoa/backbone=sage/use_nfr=true/logs/grid_candidate_1218_attempt_1.log,
grid_candidate_1222,grid,grid_candidate_1222,completed,1,0,43.689625,/home/hzw/Rethinking_GNN_DP/paper_experiments/figure3/figure3_pipeline3.yaml/dataset=Books-Children/feature=raw/mechanism=mbm/x_eps=0.001/m=best/norm=false/smoother=hoa/backbone=sage/use_nfr=true/logs/grid_candidate_1222_attempt_1.log,
grid_candidate_1219,grid,grid_candidate_1219,completed,1,0,49.355288,/home/hzw/Rethinking_GNN_DP/paper_experiments/figure3/figure3_pipeline3.yaml/dataset=Books-Children/feature=raw/mechanism=mbm/x_eps=0.001/m=best/norm=false/smoother=hoa/backbone=sage/use_nfr=true/logs/grid_candidate_1219_attempt_1.log,
grid_candidate_1220,grid,grid_candidate_1220,completed,1,0,49.740376,/home/hzw/Rethinking_GNN_DP/paper_experiments/figure3/figure3_pipeline3.yaml/dataset=Books-Children/feature=raw/mechanism=mbm/x_eps=0.001/m=best/norm=false/smoother=hoa/backbone=sage/use_nfr=true/logs/grid_candidate_1220_attempt_1.log,
grid_candidate_1223,grid,grid_candidate_1223,completed,1,0,48.253302,/home/hzw/Rethinking_GNN_DP/paper_experiments/figure3/figure3_pipeline3.yaml/dataset=Books-Children/feature=raw/mechanism=mbm/x_eps=0.001/m=best/norm=false/smoother=hoa/backbone=sage/use_nfr=true/logs/grid_candidate_1223_attempt_1.log,
grid_candidate_1221,grid,grid_candidate_1221,completed,1,0,51.746041,/home/hzw/Rethinking_GNN_DP/paper_experiments/figure3/figure3_pipeline3.yaml/dataset=Books-Children/feature=raw/mechanism=mbm/x_eps=0.001/m=best/norm=false/smoother=hoa/backbone=sage/use_nfr=true/logs/grid_candidate_1221_attempt_1.log,
grid_candidate_1224,grid,grid_candidate_1224,completed,1,0,49.703710,/home/hzw/Rethinking_GNN_DP/paper_experiments/figure3/figure3_pipeline3.yaml/dataset=Books-Children/feature=raw/mechanism=mbm/x_eps=0.001/m=best/norm=false/smoother=hoa/backbone=sage/use_nfr=true/logs/grid_candidate_1224_attempt_1.log,
grid_candidate_1225,grid,grid_candidate_1225,completed,1,0,49.484670,/home/hzw/Rethinking_GNN_DP/paper_experiments/figure3/figure3_pipeline3.yaml/dataset=Books-Children/feature=raw/mechanism=mbm/x_eps=0.001/m=best/norm=false/smoother=hoa/backbone=sage/use_nfr=true/logs/grid_candidate_1225_attempt_1.log,
grid_candidate_1228,grid,grid_candidate_1228,completed,1,0,45.543143,/home/hzw/Rethinking_GNN_DP/paper_experiments/figure3/figure3_pipeline3.yaml/dataset=Books-Children/feature=raw/mechanism=mbm/x_eps=0.001/m=best/norm=false/smoother=hoa/backbone=sage/use_nfr=true/logs/grid_candidate_1228_attempt_1.log,
grid_candidate_1226,grid,grid_candidate_1226,completed,1,0,48.458139,/home/hzw/Rethinking_GNN_DP/paper_experiments/figure3/figure3_pipeline3.yaml/dataset=Books-Children/feature=raw/mechanism=mbm/x_eps=0.001/m=best/norm=false/smoother=hoa/backbone=sage/use_nfr=true/logs/grid_candidate_1226_attempt_1.log,
grid_candidate_1227,grid,grid_candidate_1227,completed,1,0,48.907084,/home/hzw/Rethinking_GNN_DP/paper_experiments/figure3/figure3_pipeline3.yaml/dataset=Books-Children/feature=raw/mechanism=mbm/x_eps=0.001/m=best/norm=false/smoother=hoa/backbone=sage/use_nfr=true/logs/grid_candidate_1227_attempt_1.log,
grid_candidate_1229,grid,grid_candidate_1229,completed,1,0,50.475073,/home/hzw/Rethinking_GNN_DP/paper_experiments/figure3/figure3_pipeline3.yaml/dataset=Books-Children/feature=raw/mechanism=mbm/x_eps=0.001/m=best/norm=false/smoother=hoa/backbone=sage/use_nfr=true/logs/grid_candidate_1229_attempt_1.log,
grid_candidate_1243,grid,grid_candidate_1243,completed,1,0,32.779945,/home/hzw/Rethinking_GNN_DP/paper_experiments/figure3/figure3_pipeline3.yaml/dataset=Books-Children/feature=raw/mechanism=mbm/x_eps=0.001/m=best/norm=false/smoother=hoa/backbone=sage/use_nfr=true/logs/grid_candidate_1243_attempt_1.log,
grid_candidate_1230,grid,grid_candidate_1230,completed,1,0,50.653692,/home/hzw/Rethinking_GNN_DP/paper_experiments/figure3/figure3_pipeline3.yaml/dataset=Books-Children/feature=raw/mechanism=mbm/x_eps=0.001/m=best/norm=false/smoother=hoa/backbone=sage/use_nfr=true/logs/grid_candidate_1230_attempt_1.log,
grid_candidate_1231,grid,grid_candidate_1231,completed,1,0,49.137150,/home/hzw/Rethinking_GNN_DP/paper_experiments/figure3/figure3_pipeline3.yaml/dataset=Books-Children/feature=raw/mechanism=mbm/x_eps=0.001/m=best/norm=false/smoother=hoa/backbone=sage/use_nfr=true/logs/grid_candidate_1231_attempt_1.log,
grid_candidate_1233,grid,grid_candidate_1233,completed,1,0,49.090257,/home/hzw/Rethinking_GNN_DP/paper_experiments/figure3/figure3_pipeline3.yaml/dataset=Books-Children/feature=raw/mechanism=mbm/x_eps=0.001/m=best/norm=false/smoother=hoa/backbone=sage/use_nfr=true/logs/grid_candidate_1233_attempt_1.log,
grid_candidate_1234,grid,grid_candidate_1234,completed,1,0,48.271895,/home/hzw/Rethinking_GNN_DP/paper_experiments/figure3/figure3_pipeline3.yaml/dataset=Books-Children/feature=raw/mechanism=mbm/x_eps=0.001/m=best/norm=false/smoother=hoa/backbone=sage/use_nfr=true/logs/grid_candidate_1234_attempt_1.log,
grid_candidate_1232,grid,grid_candidate_1232,completed,1,0,51.303515,/home/hzw/Rethinking_GNN_DP/paper_experiments/figure3/figure3_pipeline3.yaml/dataset=Books-Children/feature=raw/mechanism=mbm/x_eps=0.001/m=best/norm=false/smoother=hoa/backbone=sage/use_nfr=true/logs/grid_candidate_1232_attempt_1.log,
grid_candidate_1237,grid,grid_candidate_1237,completed,1,0,52.504841,/home/hzw/Rethinking_GNN_DP/paper_experiments/figure3/figure3_pipeline3.yaml/dataset=Books-Children/feature=raw/mechanism=mbm/x_eps=0.001/m=best/norm=false/smoother=hoa/backbone=sage/use_nfr=true/logs/grid_candidate_1237_attempt_1.log,
grid_candidate_1240,grid,grid_candidate_1240,completed,1,0,47.656751,/home/hzw/Rethinking_GNN_DP/paper_experiments/figure3/figure3_pipeline3.yaml/dataset=Books-Children/feature=raw/mechanism=mbm/x_eps=0.001/m=best/norm=false/smoother=hoa/backbone=sage/use_nfr=true/logs/grid_candidate_1240_attempt_1.log,
grid_candidate_1239,grid,grid_candidate_1239,completed,1,0,49.535365,/home/hzw/Rethinking_GNN_DP/paper_experiments/figure3/figure3_pipeline3.yaml/dataset=Books-Children/feature=raw/mechanism=mbm/x_eps=0.001/m=best/norm=false/smoother=hoa/backbone=sage/use_nfr=true/logs/grid_candidate_1239_attempt_1.log,
grid_candidate_1236,grid,grid_candidate_1236,completed,1,0,55.465834,/home/hzw/Rethinking_GNN_DP/paper_experiments/figure3/figure3_pipeline3.yaml/dataset=Books-Children/feature=raw/mechanism=mbm/x_eps=0.001/m=best/norm=false/smoother=hoa/backbone=sage/use_nfr=true/logs/grid_candidate_1236_attempt_1.log,
grid_candidate_1238,grid,grid_candidate_1238,completed,1,0,53.614186,/home/hzw/Rethinking_GNN_DP/paper_experiments/figure3/figure3_pipeline3.yaml/dataset=Books-Children/feature=raw/mechanism=mbm/x_eps=0.001/m=best/norm=false/smoother=hoa/backbone=sage/use_nfr=true/logs/grid_candidate_1238_attempt_1.log,
grid_candidate_1241,grid,grid_candidate_1241,completed,1,0,49.709323,/home/hzw/Rethinking_GNN_DP/paper_experiments/figure3/figure3_pipeline3.yaml/dataset=Books-Children/feature=raw/mechanism=mbm/x_eps=0.001/m=best/norm=false/smoother=hoa/backbone=sage/use_nfr=true/logs/grid_candidate_1241_attempt_1.log,
grid_candidate_1235,grid,grid_candidate_1235,completed,1,0,59.054785,/home/hzw/Rethinking_GNN_DP/paper_experiments/figure3/figure3_pipeline3.yaml/dataset=Books-Children/feature=raw/mechanism=mbm/x_eps=0.001/m=best/norm=false/smoother=hoa/backbone=sage/use_nfr=true/logs/grid_candidate_1235_attempt_1.log,
grid_candidate_1242,grid,grid_candidate_1242,completed,1,0,50.207101,/home/hzw/Rethinking_GNN_DP/paper_experiments/figure3/figure3_pipeline3.yaml/dataset=Books-Children/feature=raw/mechanism=mbm/x_eps=0.001/m=best/norm=false/smoother=hoa/backbone=sage/use_nfr=true/logs/grid_candidate_1242_attempt_1.log,
grid_candidate_1244,grid,grid_candidate_1244,completed,1,0,48.591644,/home/hzw/Rethinking_GNN_DP/paper_experiments/figure3/figure3_pipeline3.yaml/dataset=Books-Children/feature=raw/mechanism=mbm/x_eps=0.001/m=best/norm=false/smoother=hoa/backbone=sage/use_nfr=true/logs/grid_candidate_1244_attempt_1.log,
grid_candidate_1245,grid,grid_candidate_1245,completed,1,0,50.400168,/home/hzw/Rethinking_GNN_DP/paper_experiments/figure3/figure3_pipeline3.yaml/dataset=Books-Children/feature=raw/mechanism=mbm/x_eps=0.001/m=best/norm=false/smoother=hoa/backbone=sage/use_nfr=true/logs/grid_candidate_1245_attempt_1.log,
grid_candidate_1246,grid,grid_candidate_1246,completed,1,0,50.979956,/home/hzw/Rethinking_GNN_DP/paper_experiments/figure3/figure3_pipeline3.yaml/dataset=Books-Children/feature=raw/mechanism=mbm/x_eps=0.001/m=best/norm=false/smoother=hoa/backbone=sage/use_nfr=true/logs/grid_candidate_1246_attempt_1.log,
grid_candidate_1248,grid,grid_candidate_1248,completed,1,0,45.002790,/home/hzw/Rethinking_GNN_DP/paper_experiments/figure3/figure3_pipeline3.yaml/dataset=Books-Children/feature=raw/mechanism=mbm/x_eps=0.001/m=best/norm=false/smoother=hoa/backbone=sage/use_nfr=true/logs/grid_candidate_1248_attempt_1.log,
grid_candidate_1249,grid,grid_candidate_1249,completed,1,0,46.037091,/home/hzw/Rethinking_GNN_DP/paper_experiments/figure3/figure3_pipeline3.yaml/dataset=Books-Children/feature=raw/mechanism=mbm/x_eps=0.001/m=best/norm=false/smoother=hoa/backbone=sage/use_nfr=true/logs/grid_candidate_1249_attempt_1.log,
grid_candidate_1247,grid,grid_candidate_1247,completed,1,0,49.036041,/home/hzw/Rethinking_GNN_DP/paper_experiments/figure3/figure3_pipeline3.yaml/dataset=Books-Children/feature=raw/mechanism=mbm/x_eps=0.001/m=best/norm=false/smoother=hoa/backbone=sage/use_nfr=true/logs/grid_candidate_1247_attempt_1.log,
grid_candidate_1251,grid,grid_candidate_1251,completed,1,0,47.699240,/home/hzw/Rethinking_GNN_DP/paper_experiments/figure3/figure3_pipeline3.yaml/dataset=Books-Children/feature=raw/mechanism=mbm/x_eps=0.001/m=best/norm=false/smoother=hoa/backbone=sage/use_nfr=true/logs/grid_candidate_1251_attempt_1.log,
grid_candidate_1250,grid,grid_candidate_1250,completed,1,0,50.043472,/home/hzw/Rethinking_GNN_DP/paper_experiments/figure3/figure3_pipeline3.yaml/dataset=Books-Children/feature=raw/mechanism=mbm/x_eps=0.001/m=best/norm=false/smoother=hoa/backbone=sage/use_nfr=true/logs/grid_candidate_1250_attempt_1.log,
grid_candidate_1255,grid,grid_candidate_1255,completed,1,0,47.242468,/home/hzw/Rethinking_GNN_DP/paper_experiments/figure3/figure3_pipeline3.yaml/dataset=Books-Children/feature=raw/mechanism=mbm/x_eps=0.001/m=best/norm=false/smoother=hoa/backbone=sage/use_nfr=true/logs/grid_candidate_1255_attempt_1.log,
grid_candidate_1252,grid,grid_candidate_1252,completed,1,0,49.915813,/home/hzw/Rethinking_GNN_DP/paper_experiments/figure3/figure3_pipeline3.yaml/dataset=Books-Children/feature=raw/mechanism=mbm/x_eps=0.001/m=best/norm=false/smoother=hoa/backbone=sage/use_nfr=true/logs/grid_candidate_1252_attempt_1.log,
grid_candidate_1256,grid,grid_candidate_1256,completed,1,0,47.451080,/home/hzw/Rethinking_GNN_DP/paper_experiments/figure3/figure3_pipeline3.yaml/dataset=Books-Children/feature=raw/mechanism=mbm/x_eps=0.001/m=best/norm=false/smoother=hoa/backbone=sage/use_nfr=true/logs/grid_candidate_1256_attempt_1.log,
grid_candidate_1253,grid,grid_candidate_1253,completed,1,0,51.079912,/home/hzw/Rethinking_GNN_DP/paper_experiments/figure3/figure3_pipeline3.yaml/dataset=Books-Children/feature=raw/mechanism=mbm/x_eps=0.001/m=best/norm=false/smoother=hoa/backbone=sage/use_nfr=true/logs/grid_candidate_1253_attempt_1.log,
grid_candidate_1254,grid,grid_candidate_1254,completed,1,0,50.578397,/home/hzw/Rethinking_GNN_DP/paper_experiments/figure3/figure3_pipeline3.yaml/dataset=Books-Children/feature=raw/mechanism=mbm/x_eps=0.001/m=best/norm=false/smoother=hoa/backbone=sage/use_nfr=true/logs/grid_candidate_1254_attempt_1.log,
grid_candidate_1258,grid,grid_candidate_1258,completed,1,0,45.056264,/home/hzw/Rethinking_GNN_DP/paper_experiments/figure3/figure3_pipeline3.yaml/dataset=Books-Children/feature=raw/mechanism=mbm/x_eps=0.001/m=best/norm=false/smoother=hoa/backbone=sage/use_nfr=true/logs/grid_candidate_1258_attempt_1.log,
grid_candidate_1257,grid,grid_candidate_1257,completed,1,0,48.083843,/home/hzw/Rethinking_GNN_DP/paper_experiments/figure3/figure3_pipeline3.yaml/dataset=Books-Children/feature=raw/mechanism=mbm/x_eps=0.001/m=best/norm=false/smoother=hoa/backbone=sage/use_nfr=true/logs/grid_candidate_1257_attempt_1.log,
grid_candidate_1259,grid,grid_candidate_1259,completed,1,0,46.133870,/home/hzw/Rethinking_GNN_DP/paper_experiments/figure3/figure3_pipeline3.yaml/dataset=Books-Children/feature=raw/mechanism=mbm/x_eps=0.001/m=best/norm=false/smoother=hoa/backbone=sage/use_nfr=true/logs/grid_candidate_1259_attempt_1.log,
grid_candidate_1260,grid,grid_candidate_1260,completed,1,0,43.304642,/home/hzw/Rethinking_GNN_DP/paper_experiments/figure3/figure3_pipeline3.yaml/dataset=Books-Children/feature=raw/mechanism=mbm/x_eps=0.001/m=best/norm=false/smoother=hoa/backbone=sage/use_nfr=true/logs/grid_candidate_1260_attempt_1.log,
grid_rank,verify,grid_rank,completed,1,0,2.274796,/home/hzw/Rethinking_GNN_DP/paper_experiments/figure3/figure3_pipeline3.yaml/dataset=Books-Children/feature=raw/mechanism=mbm/x_eps=0.001/m=best/norm=false/smoother=hoa/backbone=sage/use_nfr=true/logs/grid_rank_attempt_1.log,
verify_rank01_repeat01,verify,verify_rank01_repeat01,completed,1,0,59.232484,/home/hzw/Rethinking_GNN_DP/paper_experiments/figure3/figure3_pipeline3.yaml/dataset=Books-Children/feature=raw/mechanism=mbm/x_eps=0.001/m=best/norm=false/smoother=hoa/backbone=sage/use_nfr=true/logs/verify_rank01_repeat01_attempt_1.log,
verify_rank01_repeat02,verify,verify_rank01_repeat02,completed,1,0,53.507380,/home/hzw/Rethinking_GNN_DP/paper_experiments/figure3/figure3_pipeline3.yaml/dataset=Books-Children/feature=raw/mechanism=mbm/x_eps=0.001/m=best/norm=false/smoother=hoa/backbone=sage/use_nfr=true/logs/verify_rank01_repeat02_attempt_1.log,
verify_rank01_repeat04,verify,verify_rank01_repeat04,completed,1,0,47.067378,/home/hzw/Rethinking_GNN_DP/paper_experiments/figure3/figure3_pipeline3.yaml/dataset=Books-Children/feature=raw/mechanism=mbm/x_eps=0.001/m=best/norm=false/smoother=hoa/backbone=sage/use_nfr=true/logs/verify_rank01_repeat04_attempt_1.log,
verify_rank01_repeat05,verify,verify_rank01_repeat05,completed,1,0,59.856163,/home/hzw/Rethinking_GNN_DP/paper_experiments/figure3/figure3_pipeline3.yaml/dataset=Books-Children/feature=raw/mechanism=mbm/x_eps=0.001/m=best/norm=false/smoother=hoa/backbone=sage/use_nfr=true/logs/verify_rank01_repeat05_attempt_1.log,
verify_rank02_repeat04,verify,verify_rank02_repeat04,completed,1,0,51.349267,/home/hzw/Rethinking_GNN_DP/paper_experiments/figure3/figure3_pipeline3.yaml/dataset=Books-Children/feature=raw/mechanism=mbm/x_eps=0.001/m=best/norm=false/smoother=hoa/backbone=sage/use_nfr=true/logs/verify_rank02_repeat04_attempt_1.log,
verify_rank01_repeat03,verify,verify_rank01_repeat03,completed,1,0,66.527416,/home/hzw/Rethinking_GNN_DP/paper_experiments/figure3/figure3_pipeline3.yaml/dataset=Books-Children/feature=raw/mechanism=mbm/x_eps=0.001/m=best/norm=false/smoother=hoa/backbone=sage/use_nfr=true/logs/verify_rank01_repeat03_attempt_1.log,
verify_rank02_repeat01,verify,verify_rank02_repeat01,completed,1,0,62.199878,/home/hzw/Rethinking_GNN_DP/paper_experiments/figure3/figure3_pipeline3.yaml/dataset=Books-Children/feature=raw/mechanism=mbm/x_eps=0.001/m=best/norm=false/smoother=hoa/backbone=sage/use_nfr=true/logs/verify_rank02_repeat01_attempt_1.log,
verify_rank03_repeat02,verify,verify_rank03_repeat02,completed,1,0,44.574196,/home/hzw/Rethinking_GNN_DP/paper_experiments/figure3/figure3_pipeline3.yaml/dataset=Books-Children/feature=raw/mechanism=mbm/x_eps=0.001/m=best/norm=false/smoother=hoa/backbone=sage/use_nfr=true/logs/verify_rank03_repeat02_attempt_1.log,
verify_rank02_repeat02,verify,verify_rank02_repeat02,completed,1,0,59.006679,/home/hzw/Rethinking_GNN_DP/paper_experiments/figure3/figure3_pipeline3.yaml/dataset=Books-Children/feature=raw/mechanism=mbm/x_eps=0.001/m=best/norm=false/smoother=hoa/backbone=sage/use_nfr=true/logs/verify_rank02_repeat02_attempt_1.log,
verify_rank03_repeat05,verify,verify_rank03_repeat05,completed,1,0,45.346223,/home/hzw/Rethinking_GNN_DP/paper_experiments/figure3/figure3_pipeline3.yaml/dataset=Books-Children/feature=raw/mechanism=mbm/x_eps=0.001/m=best/norm=false/smoother=hoa/backbone=sage/use_nfr=true/logs/verify_rank03_repeat05_attempt_1.log,
verify_rank03_repeat01,verify,verify_rank03_repeat01,completed,1,0,60.818739,/home/hzw/Rethinking_GNN_DP/paper_experiments/figure3/figure3_pipeline3.yaml/dataset=Books-Children/feature=raw/mechanism=mbm/x_eps=0.001/m=best/norm=false/smoother=hoa/backbone=sage/use_nfr=true/logs/verify_rank03_repeat01_attempt_1.log,
verify_rank02_repeat03,verify,verify_rank02_repeat03,completed,1,0,68.127306,/home/hzw/Rethinking_GNN_DP/paper_experiments/figure3/figure3_pipeline3.yaml/dataset=Books-Children/feature=raw/mechanism=mbm/x_eps=0.001/m=best/norm=false/smoother=hoa/backbone=sage/use_nfr=true/logs/verify_rank02_repeat03_attempt_1.log,
verify_rank03_repeat03,verify,verify_rank03_repeat03,completed,1,0,54.461454,/home/hzw/Rethinking_GNN_DP/paper_experiments/figure3/figure3_pipeline3.yaml/dataset=Books-Children/feature=raw/mechanism=mbm/x_eps=0.001/m=best/norm=false/smoother=hoa/backbone=sage/use_nfr=true/logs/verify_rank03_repeat03_attempt_1.log,
verify_rank02_repeat05,verify,verify_rank02_repeat05,completed,1,0,66.772623,/home/hzw/Rethinking_GNN_DP/paper_experiments/figure3/figure3_pipeline3.yaml/dataset=Books-Children/feature=raw/mechanism=mbm/x_eps=0.001/m=best/norm=false/smoother=hoa/backbone=sage/use_nfr=true/logs/verify_rank02_repeat05_attempt_1.log,
verify_rank03_repeat04,verify,verify_rank03_repeat04,completed,1,0,63.322829,/home/hzw/Rethinking_GNN_DP/paper_experiments/figure3/figure3_pipeline3.yaml/dataset=Books-Children/feature=raw/mechanism=mbm/x_eps=0.001/m=best/norm=false/smoother=hoa/backbone=sage/use_nfr=true/logs/verify_rank03_repeat04_attempt_1.log,
verify_rank04_repeat02,verify,verify_rank04_repeat02,completed,1,0,53.053337,/home/hzw/Rethinking_GNN_DP/paper_experiments/figure3/figure3_pipeline3.yaml/dataset=Books-Children/feature=raw/mechanism=mbm/x_eps=0.001/m=best/norm=false/smoother=hoa/backbone=sage/use_nfr=true/logs/verify_rank04_repeat02_attempt_1.log,
verify_rank04_repeat04,verify,verify_rank04_repeat04,completed,1,0,54.324952,/home/hzw/Rethinking_GNN_DP/paper_experiments/figure3/figure3_pipeline3.yaml/dataset=Books-Children/feature=raw/mechanism=mbm/x_eps=0.001/m=best/norm=false/smoother=hoa/backbone=sage/use_nfr=true/logs/verify_rank04_repeat04_attempt_1.log,
verify_rank04_repeat03,verify,verify_rank04_repeat03,completed,1,0,60.960513,/home/hzw/Rethinking_GNN_DP/paper_experiments/figure3/figure3_pipeline3.yaml/dataset=Books-Children/feature=raw/mechanism=mbm/x_eps=0.001/m=best/norm=false/smoother=hoa/backbone=sage/use_nfr=true/logs/verify_rank04_repeat03_attempt_1.log,
verify_rank05_repeat01,verify,verify_rank05_repeat01,completed,1,0,46.099888,/home/hzw/Rethinking_GNN_DP/paper_experiments/figure3/figure3_pipeline3.yaml/dataset=Books-Children/feature=raw/mechanism=mbm/x_eps=0.001/m=best/norm=false/smoother=hoa/backbone=sage/use_nfr=true/logs/verify_rank05_repeat01_attempt_1.log,
verify_rank04_repeat01,verify,verify_rank04_repeat01,completed,1,0,69.498765,/home/hzw/Rethinking_GNN_DP/paper_experiments/figure3/figure3_pipeline3.yaml/dataset=Books-Children/feature=raw/mechanism=mbm/x_eps=0.001/m=best/norm=false/smoother=hoa/backbone=sage/use_nfr=true/logs/verify_rank04_repeat01_attempt_1.log,
verify_rank04_repeat05,verify,verify_rank04_repeat05,completed,1,0,59.333987,/home/hzw/Rethinking_GNN_DP/paper_experiments/figure3/figure3_pipeline3.yaml/dataset=Books-Children/feature=raw/mechanism=mbm/x_eps=0.001/m=best/norm=false/smoother=hoa/backbone=sage/use_nfr=true/logs/verify_rank04_repeat05_attempt_1.log,
verify_rank05_repeat02,verify,verify_rank05_repeat02,completed,1,0,47.465538,/home/hzw/Rethinking_GNN_DP/paper_experiments/figure3/figure3_pipeline3.yaml/dataset=Books-Children/feature=raw/mechanism=mbm/x_eps=0.001/m=best/norm=false/smoother=hoa/backbone=sage/use_nfr=true/logs/verify_rank05_repeat02_attempt_1.log,
verify_rank05_repeat03,verify,verify_rank05_repeat03,completed,1,0,59.816790,/home/hzw/Rethinking_GNN_DP/paper_experiments/figure3/figure3_pipeline3.yaml/dataset=Books-Children/feature=raw/mechanism=mbm/x_eps=0.001/m=best/norm=false/smoother=hoa/backbone=sage/use_nfr=true/logs/verify_rank05_repeat03_attempt_1.log,
verify_rank05_repeat04,verify,verify_rank05_repeat04,completed,1,0,59.872543,/home/hzw/Rethinking_GNN_DP/paper_experiments/figure3/figure3_pipeline3.yaml/dataset=Books-Children/feature=raw/mechanism=mbm/x_eps=0.001/m=best/norm=false/smoother=hoa/backbone=sage/use_nfr=true/logs/verify_rank05_repeat04_attempt_1.log,
verify_rank05_repeat05,verify,verify_rank05_repeat05,completed,1,0,60.528592,/home/hzw/Rethinking_GNN_DP/paper_experiments/figure3/figure3_pipeline3.yaml/dataset=Books-Children/feature=raw/mechanism=mbm/x_eps=0.001/m=best/norm=false/smoother=hoa/backbone=sage/use_nfr=true/logs/verify_rank05_repeat05_attempt_1.log,
verify_finalize,verify,verify_finalize,completed,1,0,2.000077,/home/hzw/Rethinking_GNN_DP/paper_experiments/figure3/figure3_pipeline3.yaml/dataset=Books-Children/feature=raw/mechanism=mbm/x_eps=0.001/m=best/norm=false/smoother=hoa/backbone=sage/use_nfr=true/logs/verify_finalize_attempt_1.log,
