rank,candidate_id,x_steps,learning_rate,weight_decay,dropout,tao2,val_acc_mean,val_acc_std,val_acc_min,val_acc_max,test_acc_mean,test_acc_std,test_acc_min,test_acc_max,n
1,950,32,0.01,0.01,0.25,0.9,89.2715988159,0,89.2715988159,89.2715988159,87.6341018677,0,87.6341018677,87.6341018677,1
2,1025,32,0.0001,0,0.25,0.9,89.1022033691,0,89.1022033691,89.1022033691,87.5776443481,0,87.5776443481,87.5776443481,1
3,1040,32,0.0001,0.0001,0.25,0.9,89.1022033691,0,89.1022033691,89.1022033691,87.5776443481,0,87.5776443481,87.5776443481,1
4,1055,32,0.0001,0.001,0.25,0.9,89.1022033691,0,89.1022033691,89.1022033691,87.5776443481,0,87.5776443481,87.5776443481,1
5,1070,32,0.0001,0.01,0.25,0.9,89.1022033691,0,89.1022033691,89.1022033691,87.5776443481,0,87.5776443481,87.5776443481,1
6,1130,64,0.01,0.01,0.25,0.9,89.1022033691,0,89.1022033691,89.1022033691,87.6905670166,0,87.6905670166,87.6905670166,1
7,1190,64,0.001,0.01,0.25,0.9,89.1022033691,0,89.1022033691,89.1022033691,87.8599624634,0,87.8599624634,87.8599624634,1
8,1195,64,0.001,0.01,0.5,0.9,89.1022033691,0,89.1022033691,89.1022033691,87.8034973145,0,87.8034973145,87.8034973145,1
9,1205,64,0.0001,0,0.25,0.9,89.1022033691,0,89.1022033691,89.1022033691,87.0129852295,0,87.0129852295,87.0129852295,1
10,1220,64,0.0001,0.0001,0.25,0.9,89.1022033691,0,89.1022033691,89.1022033691,87.0129852295,0,87.0129852295,87.0129852295,1
11,1235,64,0.0001,0.001,0.25,0.9,89.1022033691,0,89.1022033691,89.1022033691,87.0694503784,0,87.0694503784,87.0694503784,1
12,1249,64,0.0001,0.01,0.25,0.7,89.1022033691,0,89.1022033691,89.1022033691,87.6905670166,0,87.6905670166,87.6905670166,1
13,1250,64,0.0001,0.01,0.25,0.9,89.1022033691,0,89.1022033691,89.1022033691,87.1823806763,0,87.1823806763,87.1823806763,1
14,1140,64,0.01,0.01,0.75,0.9,89.0457305908,0,89.0457305908,89.0457305908,87.7470321655,0,87.7470321655,87.7470321655,1
15,1204,64,0.0001,0,0.25,0.7,89.0457305908,0,89.0457305908,89.0457305908,87.6341018677,0,87.6341018677,87.6341018677,1
16,1219,64,0.0001,0.0001,0.25,0.7,89.0457305908,0,89.0457305908,89.0457305908,87.6341018677,0,87.6341018677,87.6341018677,1
17,1234,64,0.0001,0.001,0.25,0.7,89.0457305908,0,89.0457305908,89.0457305908,87.6341018677,0,87.6341018677,87.6341018677,1
18,600,8,0.01,0.01,0.75,0.9,88.9892730713,0,88.9892730713,88.9892730713,87.2388458252,0,87.2388458252,87.2388458252,1
19,1154,64,0.001,0,0.75,0.7,88.9892730713,0,88.9892730713,88.9892730713,87.408241272,0,87.408241272,87.408241272,1
20,1169,64,0.001,0.0001,0.75,0.7,88.9892730713,0,88.9892730713,88.9892730713,87.408241272,0,87.408241272,87.408241272,1
21,1180,64,0.001,0.001,0.5,0.9,88.9892730713,0,88.9892730713,88.9892730713,87.8034973145,0,87.8034973145,87.8034973145,1
22,1184,64,0.001,0.001,0.75,0.7,88.9892730713,0,88.9892730713,88.9892730713,87.5211715698,0,87.5211715698,87.5211715698,1
23,1199,64,0.001,0.01,0.75,0.7,88.9892730713,0,88.9892730713,88.9892730713,86.6741943359,0,86.6741943359,86.6741943359,1
24,1210,64,0.0001,0,0.5,0.9,88.9892730713,0,88.9892730713,88.9892730713,87.408241272,0,87.408241272,87.408241272,1
25,1225,64,0.0001,0.0001,0.5,0.9,88.9892730713,0,88.9892730713,88.9892730713,87.408241272,0,87.408241272,87.408241272,1
26,1240,64,0.0001,0.001,0.5,0.9,88.9892730713,0,88.9892730713,88.9892730713,87.408241272,0,87.408241272,87.408241272,1
27,1054,32,0.0001,0.001,0.25,0.7,88.9328079224,0,88.9328079224,88.9328079224,87.351776123,0,87.351776123,87.351776123,1
28,1145,64,0.001,0,0.25,0.9,88.9328079224,0,88.9328079224,88.9328079224,88.0293579102,0,88.0293579102,88.0293579102,1
29,1150,64,0.001,0,0.5,0.9,88.9328079224,0,88.9328079224,88.9328079224,87.8034973145,0,87.8034973145,87.8034973145,1
30,1160,64,0.001,0.0001,0.25,0.9,88.9328079224,0,88.9328079224,88.9328079224,88.0293579102,0,88.0293579102,88.0293579102,1
31,1165,64,0.001,0.0001,0.5,0.9,88.9328079224,0,88.9328079224,88.9328079224,87.8034973145,0,87.8034973145,87.8034973145,1
32,1175,64,0.001,0.001,0.25,0.9,88.9328079224,0,88.9328079224,88.9328079224,88.0293579102,0,88.0293579102,88.0293579102,1
33,1255,64,0.0001,0.01,0.5,0.9,88.9328079224,0,88.9328079224,88.9328079224,87.2953109741,0,87.2953109741,87.2953109741,1
34,775,16,0.01,0.01,0.5,0.9,88.876335144,0,88.876335144,88.876335144,87.1259155273,0,87.1259155273,87.1259155273,1
35,845,16,0.0001,0,0.25,0.9,88.876335144,0,88.876335144,88.876335144,87.5776443481,0,87.5776443481,87.5776443481,1
36,860,16,0.0001,0.0001,0.25,0.9,88.876335144,0,88.876335144,88.876335144,87.5776443481,0,87.5776443481,87.5776443481,1
37,875,16,0.0001,0.001,0.25,0.9,88.876335144,0,88.876335144,88.876335144,87.5776443481,0,87.5776443481,87.5776443481,1
38,890,16,0.0001,0.01,0.25,0.9,88.876335144,0,88.876335144,88.876335144,87.5211715698,0,87.5211715698,87.5211715698,1
39,970,32,0.001,0,0.5,0.9,88.876335144,0,88.876335144,88.876335144,87.6341018677,0,87.6341018677,87.6341018677,1
40,985,32,0.001,0.0001,0.5,0.9,88.876335144,0,88.876335144,88.876335144,87.6341018677,0,87.6341018677,87.6341018677,1
41,1000,32,0.001,0.001,0.5,0.9,88.876335144,0,88.876335144,88.876335144,87.6341018677,0,87.6341018677,87.6341018677,1
42,1015,32,0.001,0.01,0.5,0.9,88.876335144,0,88.876335144,88.876335144,87.4647064209,0,87.4647064209,87.4647064209,1
43,1024,32,0.0001,0,0.25,0.7,88.876335144,0,88.876335144,88.876335144,87.351776123,0,87.351776123,87.351776123,1
44,1030,32,0.0001,0,0.5,0.9,88.876335144,0,88.876335144,88.876335144,87.4647064209,0,87.4647064209,87.4647064209,1
45,1039,32,0.0001,0.0001,0.25,0.7,88.876335144,0,88.876335144,88.876335144,87.351776123,0,87.351776123,87.351776123,1
46,1045,32,0.0001,0.0001,0.5,0.9,88.876335144,0,88.876335144,88.876335144,87.4647064209,0,87.4647064209,87.4647064209,1
47,1060,32,0.0001,0.001,0.5,0.9,88.876335144,0,88.876335144,88.876335144,87.4647064209,0,87.4647064209,87.4647064209,1
48,1069,32,0.0001,0.01,0.25,0.7,88.876335144,0,88.876335144,88.876335144,87.351776123,0,87.351776123,87.351776123,1
49,1075,32,0.0001,0.01,0.5,0.9,88.876335144,0,88.876335144,88.876335144,87.5776443481,0,87.5776443481,87.5776443481,1
50,1135,64,0.01,0.01,0.5,0.9,88.876335144,0,88.876335144,88.876335144,87.8599624634,0,87.8599624634,87.8599624634,1
51,1155,64,0.001,0,0.75,0.9,88.876335144,0,88.876335144,88.876335144,87.5776443481,0,87.5776443481,87.5776443481,1
52,1170,64,0.001,0.0001,0.75,0.9,88.876335144,0,88.876335144,88.876335144,87.5776443481,0,87.5776443481,87.5776443481,1
53,1200,64,0.001,0.01,0.75,0.9,88.876335144,0,88.876335144,88.876335144,87.6905670166,0,87.6905670166,87.6905670166,1
54,1209,64,0.0001,0,0.5,0.7,88.876335144,0,88.876335144,88.876335144,87.5776443481,0,87.5776443481,87.5776443481,1
55,1215,64,0.0001,0,0.75,0.9,88.876335144,0,88.876335144,88.876335144,87.2388458252,0,87.2388458252,87.2388458252,1
56,1224,64,0.0001,0.0001,0.5,0.7,88.876335144,0,88.876335144,88.876335144,87.5776443481,0,87.5776443481,87.5776443481,1
57,1230,64,0.0001,0.0001,0.75,0.9,88.876335144,0,88.876335144,88.876335144,87.2388458252,0,87.2388458252,87.2388458252,1
58,1245,64,0.0001,0.001,0.75,0.9,88.876335144,0,88.876335144,88.876335144,87.1823806763,0,87.1823806763,87.1823806763,1
59,1260,64,0.0001,0.01,0.75,0.9,88.876335144,0,88.876335144,88.876335144,87.2388458252,0,87.2388458252,87.2388458252,1
60,955,32,0.01,0.01,0.5,0.9,88.8198699951,0,88.8198699951,88.8198699951,87.6905670166,0,87.6905670166,87.6905670166,1
61,960,32,0.01,0.01,0.75,0.9,88.8198699951,0,88.8198699951,88.8198699951,87.6341018677,0,87.6341018677,87.6341018677,1
62,1029,32,0.0001,0,0.5,0.7,88.8198699951,0,88.8198699951,88.8198699951,87.1823806763,0,87.1823806763,87.1823806763,1
63,1044,32,0.0001,0.0001,0.5,0.7,88.8198699951,0,88.8198699951,88.8198699951,87.1823806763,0,87.1823806763,87.1823806763,1
64,1059,32,0.0001,0.001,0.5,0.7,88.8198699951,0,88.8198699951,88.8198699951,87.1823806763,0,87.1823806763,87.1823806763,1
65,1074,32,0.0001,0.01,0.5,0.7,88.8198699951,0,88.8198699951,88.8198699951,87.1823806763,0,87.1823806763,87.1823806763,1
66,1185,64,0.001,0.001,0.75,0.9,88.8198699951,0,88.8198699951,88.8198699951,87.4647064209,0,87.4647064209,87.4647064209,1
67,1203,64,0.0001,0,0.25,0.5,88.8198699951,0,88.8198699951,88.8198699951,87.6341018677,0,87.6341018677,87.6341018677,1
68,1207,64,0.0001,0,0.5,0.3,88.8198699951,0,88.8198699951,88.8198699951,87.1259155273,0,87.1259155273,87.1259155273,1
69,1218,64,0.0001,0.0001,0.25,0.5,88.8198699951,0,88.8198699951,88.8198699951,87.6341018677,0,87.6341018677,87.6341018677,1
70,1222,64,0.0001,0.0001,0.5,0.3,88.8198699951,0,88.8198699951,88.8198699951,87.1823806763,0,87.1823806763,87.1823806763,1
71,1233,64,0.0001,0.001,0.25,0.5,88.8198699951,0,88.8198699951,88.8198699951,87.6341018677,0,87.6341018677,87.6341018677,1
72,1237,64,0.0001,0.001,0.5,0.3,88.8198699951,0,88.8198699951,88.8198699951,87.1823806763,0,87.1823806763,87.1823806763,1
73,1239,64,0.0001,0.001,0.5,0.7,88.8198699951,0,88.8198699951,88.8198699951,87.2953109741,0,87.2953109741,87.2953109741,1
74,1248,64,0.0001,0.01,0.25,0.5,88.8198699951,0,88.8198699951,88.8198699951,87.5211715698,0,87.5211715698,87.5211715698,1
75,1252,64,0.0001,0.01,0.5,0.3,88.8198699951,0,88.8198699951,88.8198699951,87.1823806763,0,87.1823806763,87.1823806763,1
76,1254,64,0.0001,0.01,0.5,0.7,88.8198699951,0,88.8198699951,88.8198699951,87.2953109741,0,87.2953109741,87.2953109741,1
77,895,16,0.0001,0.01,0.5,0.9,88.7634124756,0,88.7634124756,88.7634124756,87.6341018677,0,87.6341018677,87.6341018677,1
78,1010,32,0.001,0.01,0.25,0.9,88.7634124756,0,88.7634124756,88.7634124756,87.6905670166,0,87.6905670166,87.6905670166,1
79,1080,32,0.0001,0.01,0.75,0.9,88.7634124756,0,88.7634124756,88.7634124756,87.0694503784,0,87.0694503784,87.0694503784,1
80,1212,64,0.0001,0,0.75,0.3,88.7634124756,0,88.7634124756,88.7634124756,87.1823806763,0,87.1823806763,87.1823806763,1
81,1227,64,0.0001,0.0001,0.75,0.3,88.7634124756,0,88.7634124756,88.7634124756,87.2388458252,0,87.2388458252,87.2388458252,1
82,1242,64,0.0001,0.001,0.75,0.3,88.7634124756,0,88.7634124756,88.7634124756,87.2388458252,0,87.2388458252,87.2388458252,1
83,1257,64,0.0001,0.01,0.75,0.3,88.7634124756,0,88.7634124756,88.7634124756,87.2388458252,0,87.2388458252,87.2388458252,1
84,850,16,0.0001,0,0.5,0.9,88.7069473267,0,88.7069473267,88.7069473267,87.4647064209,0,87.4647064209,87.4647064209,1
85,865,16,0.0001,0.0001,0.5,0.9,88.7069473267,0,88.7069473267,88.7069473267,87.4647064209,0,87.4647064209,87.4647064209,1
86,880,16,0.0001,0.001,0.5,0.9,88.7069473267,0,88.7069473267,88.7069473267,87.4647064209,0,87.4647064209,87.4647064209,1
87,975,32,0.001,0,0.75,0.9,88.7069473267,0,88.7069473267,88.7069473267,87.6341018677,0,87.6341018677,87.6341018677,1
88,995,32,0.001,0.001,0.25,0.9,88.7069473267,0,88.7069473267,88.7069473267,87.5776443481,0,87.5776443481,87.5776443481,1
89,1035,32,0.0001,0,0.75,0.9,88.7069473267,0,88.7069473267,88.7069473267,87.0694503784,0,87.0694503784,87.0694503784,1
90,1050,32,0.0001,0.0001,0.75,0.9,88.7069473267,0,88.7069473267,88.7069473267,87.0694503784,0,87.0694503784,87.0694503784,1
91,1065,32,0.0001,0.001,0.75,0.9,88.7069473267,0,88.7069473267,88.7069473267,87.0694503784,0,87.0694503784,87.0694503784,1
92,1206,64,0.0001,0,0.5,0.1,88.7069473267,0,88.7069473267,88.7069473267,87.5211715698,0,87.5211715698,87.5211715698,1
93,1214,64,0.0001,0,0.75,0.7,88.7069473267,0,88.7069473267,88.7069473267,87.2953109741,0,87.2953109741,87.2953109741,1
94,1221,64,0.0001,0.0001,0.5,0.1,88.7069473267,0,88.7069473267,88.7069473267,87.5211715698,0,87.5211715698,87.5211715698,1
95,1228,64,0.0001,0.0001,0.75,0.5,88.7069473267,0,88.7069473267,88.7069473267,87.351776123,0,87.351776123,87.351776123,1
96,1229,64,0.0001,0.0001,0.75,0.7,88.7069473267,0,88.7069473267,88.7069473267,87.2953109741,0,87.2953109741,87.2953109741,1
97,1236,64,0.0001,0.001,0.5,0.1,88.7069473267,0,88.7069473267,88.7069473267,87.5211715698,0,87.5211715698,87.5211715698,1
98,1244,64,0.0001,0.001,0.75,0.7,88.7069473267,0,88.7069473267,88.7069473267,87.2953109741,0,87.2953109741,87.2953109741,1
99,1259,64,0.0001,0.01,0.75,0.7,88.7069473267,0,88.7069473267,88.7069473267,87.2388458252,0,87.2388458252,87.2388458252,1
100,595,8,0.01,0.01,0.5,0.9,88.6504745483,0,88.6504745483,88.6504745483,86.7871246338,0,86.7871246338,86.7871246338,1
101,855,16,0.0001,0,0.75,0.9,88.6504745483,0,88.6504745483,88.6504745483,87.0129852295,0,87.0129852295,87.0129852295,1
102,870,16,0.0001,0.0001,0.75,0.9,88.6504745483,0,88.6504745483,88.6504745483,87.0129852295,0,87.0129852295,87.0129852295,1
103,885,16,0.0001,0.001,0.75,0.9,88.6504745483,0,88.6504745483,88.6504745483,87.0129852295,0,87.0129852295,87.0129852295,1
104,900,16,0.0001,0.01,0.75,0.9,88.6504745483,0,88.6504745483,88.6504745483,87.0129852295,0,87.0129852295,87.0129852295,1
105,990,32,0.001,0.0001,0.75,0.9,88.6504745483,0,88.6504745483,88.6504745483,87.5776443481,0,87.5776443481,87.5776443481,1
106,1005,32,0.001,0.001,0.75,0.9,88.6504745483,0,88.6504745483,88.6504745483,87.5776443481,0,87.5776443481,87.5776443481,1
107,1020,32,0.001,0.01,0.75,0.9,88.6504745483,0,88.6504745483,88.6504745483,87.408241272,0,87.408241272,87.408241272,1
108,1144,64,0.001,0,0.25,0.7,88.6504745483,0,88.6504745483,88.6504745483,86.9000549316,0,86.9000549316,86.9000549316,1
109,1208,64,0.0001,0,0.5,0.5,88.6504745483,0,88.6504745483,88.6504745483,87.1259155273,0,87.1259155273,87.1259155273,1
110,1213,64,0.0001,0,0.75,0.5,88.6504745483,0,88.6504745483,88.6504745483,87.1823806763,0,87.1823806763,87.1823806763,1
111,1223,64,0.0001,0.0001,0.5,0.5,88.6504745483,0,88.6504745483,88.6504745483,87.1259155273,0,87.1259155273,87.1259155273,1
112,1238,64,0.0001,0.001,0.5,0.5,88.6504745483,0,88.6504745483,88.6504745483,87.1259155273,0,87.1259155273,87.1259155273,1
113,1243,64,0.0001,0.001,0.75,0.5,88.6504745483,0,88.6504745483,88.6504745483,87.2388458252,0,87.2388458252,87.2388458252,1
114,1246,64,0.0001,0.01,0.25,0.1,88.6504745483,0,88.6504745483,88.6504745483,87.1823806763,0,87.1823806763,87.1823806763,1
115,1251,64,0.0001,0.01,0.5,0.1,88.6504745483,0,88.6504745483,88.6504745483,87.4647064209,0,87.4647064209,87.4647064209,1
116,1253,64,0.0001,0.01,0.5,0.5,88.6504745483,0,88.6504745483,88.6504745483,87.1823806763,0,87.1823806763,87.1823806763,1
117,1258,64,0.0001,0.01,0.75,0.5,88.6504745483,0,88.6504745483,88.6504745483,87.1823806763,0,87.1823806763,87.1823806763,1
118,965,32,0.001,0,0.25,0.9,88.5940170288,0,88.5940170288,88.5940170288,87.5776443481,0,87.5776443481,87.5776443481,1
119,980,32,0.001,0.0001,0.25,0.9,88.5940170288,0,88.5940170288,88.5940170288,87.5776443481,0,87.5776443481,87.5776443481,1
120,1159,64,0.001,0.0001,0.25,0.7,88.5940170288,0,88.5940170288,88.5940170288,86.9000549316,0,86.9000549316,86.9000549316,1
121,1174,64,0.001,0.001,0.25,0.7,88.5940170288,0,88.5940170288,88.5940170288,86.9000549316,0,86.9000549316,86.9000549316,1
122,1179,64,0.001,0.001,0.5,0.7,88.5940170288,0,88.5940170288,88.5940170288,86.4483261108,0,86.4483261108,86.4483261108,1
123,1189,64,0.001,0.01,0.25,0.7,88.5940170288,0,88.5940170288,88.5940170288,86.9565200806,0,86.9565200806,86.9565200806,1
124,1202,64,0.0001,0,0.25,0.3,88.5940170288,0,88.5940170288,88.5940170288,87.4647064209,0,87.4647064209,87.4647064209,1
125,1217,64,0.0001,0.0001,0.25,0.3,88.5940170288,0,88.5940170288,88.5940170288,87.4647064209,0,87.4647064209,87.4647064209,1
126,1226,64,0.0001,0.0001,0.75,0.1,88.5940170288,0,88.5940170288,88.5940170288,86.8435897827,0,86.8435897827,86.8435897827,1
127,1232,64,0.0001,0.001,0.25,0.3,88.5940170288,0,88.5940170288,88.5940170288,87.4647064209,0,87.4647064209,87.4647064209,1
128,1241,64,0.0001,0.001,0.75,0.1,88.5940170288,0,88.5940170288,88.5940170288,86.8435897827,0,86.8435897827,86.8435897827,1
129,1247,64,0.0001,0.01,0.25,0.3,88.5940170288,0,88.5940170288,88.5940170288,87.4647064209,0,87.4647064209,87.4647064209,1
130,1256,64,0.0001,0.01,0.75,0.1,88.5940170288,0,88.5940170288,88.5940170288,86.8435897827,0,86.8435897827,86.8435897827,1
131,675,8,0.0001,0,0.75,0.9,88.5375518799,0,88.5375518799,88.5375518799,87.4647064209,0,87.4647064209,87.4647064209,1
132,690,8,0.0001,0.0001,0.75,0.9,88.5375518799,0,88.5375518799,88.5375518799,87.4647064209,0,87.4647064209,87.4647064209,1
133,705,8,0.0001,0.001,0.75,0.9,88.5375518799,0,88.5375518799,88.5375518799,87.4647064209,0,87.4647064209,87.4647064209,1
134,720,8,0.0001,0.01,0.75,0.9,88.5375518799,0,88.5375518799,88.5375518799,87.4647064209,0,87.4647064209,87.4647064209,1
135,780,16,0.01,0.01,0.75,0.9,88.5375518799,0,88.5375518799,88.5375518799,86.7871246338,0,86.7871246338,86.7871246338,1
136,795,16,0.001,0,0.75,0.9,88.5375518799,0,88.5375518799,88.5375518799,87.4647064209,0,87.4647064209,87.4647064209,1
137,810,16,0.001,0.0001,0.75,0.9,88.5375518799,0,88.5375518799,88.5375518799,87.4647064209,0,87.4647064209,87.4647064209,1
138,825,16,0.001,0.001,0.75,0.9,88.5375518799,0,88.5375518799,88.5375518799,87.4647064209,0,87.4647064209,87.4647064209,1
139,935,32,0.01,0.001,0.25,0.9,88.5375518799,0,88.5375518799,88.5375518799,86.8435897827,0,86.8435897827,86.8435897827,1
140,1194,64,0.001,0.01,0.5,0.7,88.5375518799,0,88.5375518799,88.5375518799,86.617729187,0,86.617729187,86.617729187,1
141,1211,64,0.0001,0,0.75,0.1,88.5375518799,0,88.5375518799,88.5375518799,86.9000549316,0,86.9000549316,86.9000549316,1
142,670,8,0.0001,0,0.5,0.9,88.4810791016,0,88.4810791016,88.4810791016,87.2953109741,0,87.2953109741,87.2953109741,1
143,685,8,0.0001,0.0001,0.5,0.9,88.4810791016,0,88.4810791016,88.4810791016,87.2953109741,0,87.2953109741,87.2953109741,1
144,700,8,0.0001,0.001,0.5,0.9,88.4810791016,0,88.4810791016,88.4810791016,87.2953109741,0,87.2953109741,87.2953109741,1
145,774,16,0.01,0.01,0.5,0.7,88.4810791016,0,88.4810791016,88.4810791016,86.617729187,0,86.617729187,86.617729187,1
146,835,16,0.001,0.01,0.5,0.9,88.4810791016,0,88.4810791016,88.4810791016,87.5211715698,0,87.5211715698,87.5211715698,1
147,840,16,0.001,0.01,0.75,0.9,88.4810791016,0,88.4810791016,88.4810791016,87.6905670166,0,87.6905670166,87.6905670166,1
148,1033,32,0.0001,0,0.75,0.5,88.4810791016,0,88.4810791016,88.4810791016,87.1823806763,0,87.1823806763,87.1823806763,1
149,1034,32,0.0001,0,0.75,0.7,88.4810791016,0,88.4810791016,88.4810791016,87.0129852295,0,87.0129852295,87.0129852295,1
150,1048,32,0.0001,0.0001,0.75,0.5,88.4810791016,0,88.4810791016,88.4810791016,87.1823806763,0,87.1823806763,87.1823806763,1
151,1049,32,0.0001,0.0001,0.75,0.7,88.4810791016,0,88.4810791016,88.4810791016,87.0129852295,0,87.0129852295,87.0129852295,1
152,1063,32,0.0001,0.001,0.75,0.5,88.4810791016,0,88.4810791016,88.4810791016,87.1823806763,0,87.1823806763,87.1823806763,1
153,1064,32,0.0001,0.001,0.75,0.7,88.4810791016,0,88.4810791016,88.4810791016,87.0129852295,0,87.0129852295,87.0129852295,1
154,1078,32,0.0001,0.01,0.75,0.5,88.4810791016,0,88.4810791016,88.4810791016,87.1823806763,0,87.1823806763,87.1823806763,1
155,1079,32,0.0001,0.01,0.75,0.7,88.4810791016,0,88.4810791016,88.4810791016,87.0129852295,0,87.0129852295,87.0129852295,1
156,1120,64,0.01,0.001,0.5,0.9,88.4810791016,0,88.4810791016,88.4810791016,86.5612640381,0,86.5612640381,86.5612640381,1
157,1201,64,0.0001,0,0.25,0.1,88.4810791016,0,88.4810791016,88.4810791016,87.4647064209,0,87.4647064209,87.4647064209,1
158,1216,64,0.0001,0.0001,0.25,0.1,88.4810791016,0,88.4810791016,88.4810791016,87.4647064209,0,87.4647064209,87.4647064209,1
159,1231,64,0.0001,0.001,0.25,0.1,88.4810791016,0,88.4810791016,88.4810791016,87.4647064209,0,87.4647064209,87.4647064209,1
160,665,8,0.0001,0,0.25,0.9,88.4246139526,0,88.4246139526,88.4246139526,87.2953109741,0,87.2953109741,87.2953109741,1
161,680,8,0.0001,0.0001,0.25,0.9,88.4246139526,0,88.4246139526,88.4246139526,87.2953109741,0,87.2953109741,87.2953109741,1
162,695,8,0.0001,0.001,0.25,0.9,88.4246139526,0,88.4246139526,88.4246139526,87.2953109741,0,87.2953109741,87.2953109741,1
163,710,8,0.0001,0.01,0.25,0.9,88.4246139526,0,88.4246139526,88.4246139526,87.2953109741,0,87.2953109741,87.2953109741,1
164,715,8,0.0001,0.01,0.5,0.9,88.4246139526,0,88.4246139526,88.4246139526,87.2953109741,0,87.2953109741,87.2953109741,1
165,760,16,0.01,0.001,0.5,0.9,88.4246139526,0,88.4246139526,88.4246139526,87.0694503784,0,87.0694503784,87.0694503784,1
166,769,16,0.01,0.01,0.25,0.7,88.4246139526,0,88.4246139526,88.4246139526,85.2625579834,0,85.2625579834,85.2625579834,1
167,790,16,0.001,0,0.5,0.9,88.4246139526,0,88.4246139526,88.4246139526,87.5211715698,0,87.5211715698,87.5211715698,1
168,805,16,0.001,0.0001,0.5,0.9,88.4246139526,0,88.4246139526,88.4246139526,87.5211715698,0,87.5211715698,87.5211715698,1
169,820,16,0.001,0.001,0.5,0.9,88.4246139526,0,88.4246139526,88.4246139526,87.5211715698,0,87.5211715698,87.5211715698,1
170,945,32,0.01,0.001,0.75,0.9,88.4246139526,0,88.4246139526,88.4246139526,86.1660079956,0,86.1660079956,86.1660079956,1
171,1023,32,0.0001,0,0.25,0.5,88.4246139526,0,88.4246139526,88.4246139526,86.9565200806,0,86.9565200806,86.9565200806,1
172,1038,32,0.0001,0.0001,0.25,0.5,88.4246139526,0,88.4246139526,88.4246139526,86.9565200806,0,86.9565200806,86.9565200806,1
173,1053,32,0.0001,0.001,0.25,0.5,88.4246139526,0,88.4246139526,88.4246139526,87.1259155273,0,87.1259155273,87.1259155273,1
174,1068,32,0.0001,0.01,0.25,0.5,88.4246139526,0,88.4246139526,88.4246139526,87.1259155273,0,87.1259155273,87.1259155273,1
175,1105,64,0.01,0.0001,0.5,0.9,88.4246139526,0,88.4246139526,88.4246139526,86.2789382935,0,86.2789382935,86.2789382935,1
176,1149,64,0.001,0,0.5,0.7,88.4246139526,0,88.4246139526,88.4246139526,86.6741943359,0,86.6741943359,86.6741943359,1
177,1197,64,0.001,0.01,0.75,0.3,88.4246139526,0,88.4246139526,88.4246139526,86.617729187,0,86.617729187,86.617729187,1
178,830,16,0.001,0.01,0.25,0.9,88.3681564331,0,88.3681564331,88.3681564331,87.5211715698,0,87.5211715698,87.5211715698,1
179,844,16,0.0001,0,0.25,0.7,88.3681564331,0,88.3681564331,88.3681564331,86.7306594849,0,86.7306594849,86.7306594849,1
180,849,16,0.0001,0,0.5,0.7,88.3681564331,0,88.3681564331,88.3681564331,87.0129852295,0,87.0129852295,87.0129852295,1
181,859,16,0.0001,0.0001,0.25,0.7,88.3681564331,0,88.3681564331,88.3681564331,86.7306594849,0,86.7306594849,86.7306594849,1
182,864,16,0.0001,0.0001,0.5,0.7,88.3681564331,0,88.3681564331,88.3681564331,87.0129852295,0,87.0129852295,87.0129852295,1
183,874,16,0.0001,0.001,0.25,0.7,88.3681564331,0,88.3681564331,88.3681564331,86.7306594849,0,86.7306594849,86.7306594849,1
184,879,16,0.0001,0.001,0.5,0.7,88.3681564331,0,88.3681564331,88.3681564331,87.0129852295,0,87.0129852295,87.0129852295,1
185,889,16,0.0001,0.01,0.25,0.7,88.3681564331,0,88.3681564331,88.3681564331,86.7871246338,0,86.7871246338,86.7871246338,1
186,894,16,0.0001,0.01,0.5,0.7,88.3681564331,0,88.3681564331,88.3681564331,87.0694503784,0,87.0694503784,87.0694503784,1
187,1028,32,0.0001,0,0.5,0.5,88.3681564331,0,88.3681564331,88.3681564331,87.0694503784,0,87.0694503784,87.0694503784,1
188,1043,32,0.0001,0.0001,0.5,0.5,88.3681564331,0,88.3681564331,88.3681564331,87.0694503784,0,87.0694503784,87.0694503784,1
189,1058,32,0.0001,0.001,0.5,0.5,88.3681564331,0,88.3681564331,88.3681564331,86.9565200806,0,86.9565200806,86.9565200806,1
190,1073,32,0.0001,0.01,0.5,0.5,88.3681564331,0,88.3681564331,88.3681564331,86.9565200806,0,86.9565200806,86.9565200806,1
191,1164,64,0.001,0.0001,0.5,0.7,88.3681564331,0,88.3681564331,88.3681564331,86.617729187,0,86.617729187,86.617729187,1
192,815,16,0.001,0.001,0.25,0.9,88.3116836548,0,88.3116836548,88.3116836548,87.2388458252,0,87.2388458252,87.2388458252,1
193,1027,32,0.0001,0,0.5,0.3,88.3116836548,0,88.3116836548,88.3116836548,87.1259155273,0,87.1259155273,87.1259155273,1
194,1032,32,0.0001,0,0.75,0.3,88.3116836548,0,88.3116836548,88.3116836548,86.8435897827,0,86.8435897827,86.8435897827,1
195,1042,32,0.0001,0.0001,0.5,0.3,88.3116836548,0,88.3116836548,88.3116836548,87.1259155273,0,87.1259155273,87.1259155273,1
196,1047,32,0.0001,0.0001,0.75,0.3,88.3116836548,0,88.3116836548,88.3116836548,86.8435897827,0,86.8435897827,86.8435897827,1
197,1057,32,0.0001,0.001,0.5,0.3,88.3116836548,0,88.3116836548,88.3116836548,87.1259155273,0,87.1259155273,87.1259155273,1
198,1072,32,0.0001,0.01,0.5,0.3,88.3116836548,0,88.3116836548,88.3116836548,87.0694503784,0,87.0694503784,87.0694503784,1
199,1125,64,0.01,0.001,0.75,0.9,88.3116836548,0,88.3116836548,88.3116836548,85.9966125488,0,85.9966125488,85.9966125488,1
200,1193,64,0.001,0.01,0.5,0.5,88.3116836548,0,88.3116836548,88.3116836548,87.0129852295,0,87.0129852295,87.0129852295,1
201,785,16,0.001,0,0.25,0.9,88.2552185059,0,88.2552185059,88.2552185059,87.351776123,0,87.351776123,87.351776123,1
202,800,16,0.001,0.0001,0.25,0.9,88.2552185059,0,88.2552185059,88.2552185059,87.351776123,0,87.351776123,87.351776123,1
203,949,32,0.01,0.01,0.25,0.7,88.2552185059,0,88.2552185059,88.2552185059,86.4483261108,0,86.4483261108,86.4483261108,1
204,1062,32,0.0001,0.001,0.75,0.3,88.2552185059,0,88.2552185059,88.2552185059,86.8435897827,0,86.8435897827,86.8435897827,1
205,1077,32,0.0001,0.01,0.75,0.3,88.2552185059,0,88.2552185059,88.2552185059,86.9000549316,0,86.9000549316,86.9000549316,1
206,1134,64,0.01,0.01,0.5,0.7,88.2552185059,0,88.2552185059,88.2552185059,87.2388458252,0,87.2388458252,87.2388458252,1
207,1198,64,0.001,0.01,0.75,0.5,88.2552185059,0,88.2552185059,88.2552185059,87.1259155273,0,87.1259155273,87.1259155273,1
208,940,32,0.01,0.001,0.5,0.9,88.1987609863,0,88.1987609863,88.1987609863,86.3918685913,0,86.3918685913,86.3918685913,1
209,948,32,0.01,0.01,0.25,0.5,88.1987609863,0,88.1987609863,88.1987609863,85.6013565063,0,85.6013565063,85.6013565063,1
210,1031,32,0.0001,0,0.75,0.1,88.1987609863,0,88.1987609863,88.1987609863,86.2224731445,0,86.2224731445,86.2224731445,1
211,1061,32,0.0001,0.001,0.75,0.1,88.1987609863,0,88.1987609863,88.1987609863,86.2224731445,0,86.2224731445,86.2224731445,1
212,594,8,0.01,0.01,0.5,0.7,88.1422958374,0,88.1422958374,88.1422958374,86.1095428467,0,86.1095428467,86.1095428467,1
213,989,32,0.001,0.0001,0.75,0.7,88.1422958374,0,88.1422958374,88.1422958374,86.5047988892,0,86.5047988892,86.5047988892,1
214,1046,32,0.0001,0.0001,0.75,0.1,88.1422958374,0,88.1422958374,88.1422958374,86.3354034424,0,86.3354034424,86.3354034424,1
215,1076,32,0.0001,0.01,0.75,0.1,88.1422958374,0,88.1422958374,88.1422958374,86.1660079956,0,86.1660079956,86.1660079956,1
216,1152,64,0.001,0,0.75,0.3,88.1422958374,0,88.1422958374,88.1422958374,86.1660079956,0,86.1660079956,86.1660079956,1
217,1182,64,0.001,0.001,0.75,0.3,88.1422958374,0,88.1422958374,88.1422958374,86.3918685913,0,86.3918685913,86.3918685913,1
218,420,4,0.01,0.01,0.75,0.9,88.0858230591,0,88.0858230591,88.0858230591,86.6741943359,0,86.6741943359,86.6741943359,1
219,854,16,0.0001,0,0.75,0.7,88.0858230591,0,88.0858230591,88.0858230591,86.4483261108,0,86.4483261108,86.4483261108,1
220,869,16,0.0001,0.0001,0.75,0.7,88.0858230591,0,88.0858230591,88.0858230591,86.4483261108,0,86.4483261108,86.4483261108,1
221,884,16,0.0001,0.001,0.75,0.7,88.0858230591,0,88.0858230591,88.0858230591,86.4483261108,0,86.4483261108,86.4483261108,1
222,899,16,0.0001,0.01,0.75,0.7,88.0858230591,0,88.0858230591,88.0858230591,86.4483261108,0,86.4483261108,86.4483261108,1
223,1004,32,0.001,0.001,0.75,0.7,88.0858230591,0,88.0858230591,88.0858230591,86.617729187,0,86.617729187,86.617729187,1
224,1095,64,0.01,0,0.75,0.9,88.0858230591,0,88.0858230591,88.0858230591,85.6578140259,0,85.6578140259,85.6578140259,1
225,1167,64,0.001,0.0001,0.75,0.3,88.0858230591,0,88.0858230591,88.0858230591,86.3354034424,0,86.3354034424,86.3354034424,1
226,1188,64,0.001,0.01,0.25,0.5,88.0858230591,0,88.0858230591,88.0858230591,86.7871246338,0,86.7871246338,86.7871246338,1
227,413,4,0.01,0.01,0.5,0.5,88.0293579102,0,88.0293579102,88.0293579102,86.0530700684,0,86.0530700684,86.0530700684,1
228,590,8,0.01,0.01,0.25,0.9,88.0293579102,0,88.0293579102,88.0293579102,86.0530700684,0,86.0530700684,86.0530700684,1
229,770,16,0.01,0.01,0.25,0.9,88.0293579102,0,88.0293579102,88.0293579102,87.6905670166,0,87.6905670166,87.6905670166,1
230,794,16,0.001,0,0.75,0.7,88.0293579102,0,88.0293579102,88.0293579102,86.1095428467,0,86.1095428467,86.1095428467,1
231,809,16,0.001,0.0001,0.75,0.7,88.0293579102,0,88.0293579102,88.0293579102,86.0530700684,0,86.0530700684,86.0530700684,1
232,824,16,0.001,0.001,0.75,0.7,88.0293579102,0,88.0293579102,88.0293579102,86.0530700684,0,86.0530700684,86.0530700684,1
233,829,16,0.001,0.01,0.25,0.7,88.0293579102,0,88.0293579102,88.0293579102,85.2625579834,0,85.2625579834,85.2625579834,1
234,1009,32,0.001,0.01,0.25,0.7,88.0293579102,0,88.0293579102,88.0293579102,86.2789382935,0,86.2789382935,86.2789382935,1
235,1019,32,0.001,0.01,0.75,0.7,88.0293579102,0,88.0293579102,88.0293579102,86.3354034424,0,86.3354034424,86.3354034424,1
236,1153,64,0.001,0,0.75,0.5,88.0293579102,0,88.0293579102,88.0293579102,86.3918685913,0,86.3918685913,86.3918685913,1
237,1168,64,0.001,0.0001,0.75,0.5,88.0293579102,0,88.0293579102,88.0293579102,86.8435897827,0,86.8435897827,86.8435897827,1
238,408,4,0.01,0.01,0.25,0.5,87.9729003906,0,87.9729003906,87.9729003906,84.6979064941,0,84.6979064941,84.6979064941,1
239,415,4,0.01,0.01,0.5,0.9,87.9729003906,0,87.9729003906,87.9729003906,86.2224731445,0,86.2224731445,86.2224731445,1
240,745,16,0.01,0.0001,0.5,0.9,87.9729003906,0,87.9729003906,87.9729003906,86.4483261108,0,86.4483261108,86.4483261108,1
241,755,16,0.01,0.001,0.25,0.9,87.9729003906,0,87.9729003906,87.9729003906,86.5047988892,0,86.5047988892,86.5047988892,1
242,784,16,0.001,0,0.25,0.7,87.9729003906,0,87.9729003906,87.9729003906,85.2625579834,0,85.2625579834,85.2625579834,1
243,799,16,0.001,0.0001,0.25,0.7,87.9729003906,0,87.9729003906,87.9729003906,85.2625579834,0,85.2625579834,85.2625579834,1
244,814,16,0.001,0.001,0.25,0.7,87.9729003906,0,87.9729003906,87.9729003906,85.2625579834,0,85.2625579834,85.2625579834,1
245,964,32,0.001,0,0.25,0.7,87.9729003906,0,87.9729003906,87.9729003906,86.2789382935,0,86.2789382935,86.2789382935,1
246,974,32,0.001,0,0.75,0.7,87.9729003906,0,87.9729003906,87.9729003906,86.2224731445,0,86.2224731445,86.2224731445,1
247,979,32,0.001,0.0001,0.25,0.7,87.9729003906,0,87.9729003906,87.9729003906,86.2789382935,0,86.2789382935,86.2789382935,1
248,1014,32,0.001,0.01,0.5,0.7,87.9729003906,0,87.9729003906,87.9729003906,86.4483261108,0,86.4483261108,86.4483261108,1
249,1115,64,0.01,0.001,0.25,0.9,87.9729003906,0,87.9729003906,87.9729003906,86.2789382935,0,86.2789382935,86.2789382935,1
250,1183,64,0.001,0.001,0.75,0.5,87.9729003906,0,87.9729003906,87.9729003906,86.617729187,0,86.617729187,86.617729187,1
251,419,4,0.01,0.01,0.75,0.7,87.9164276123,0,87.9164276123,87.9164276123,85.8836746216,0,85.8836746216,85.8836746216,1
252,605,8,0.001,0,0.25,0.9,87.9164276123,0,87.9164276123,87.9164276123,86.5047988892,0,86.5047988892,86.5047988892,1
253,610,8,0.001,0,0.5,0.9,87.9164276123,0,87.9164276123,87.9164276123,86.0530700684,0,86.0530700684,86.0530700684,1
254,620,8,0.001,0.0001,0.25,0.9,87.9164276123,0,87.9164276123,87.9164276123,86.5047988892,0,86.5047988892,86.5047988892,1
255,625,8,0.001,0.0001,0.5,0.9,87.9164276123,0,87.9164276123,87.9164276123,86.0530700684,0,86.0530700684,86.0530700684,1
256,635,8,0.001,0.001,0.25,0.9,87.9164276123,0,87.9164276123,87.9164276123,86.5047988892,0,86.5047988892,86.5047988892,1
257,640,8,0.001,0.001,0.5,0.9,87.9164276123,0,87.9164276123,87.9164276123,86.1095428467,0,86.1095428467,86.1095428467,1
258,650,8,0.001,0.01,0.25,0.9,87.9164276123,0,87.9164276123,87.9164276123,86.5047988892,0,86.5047988892,86.5047988892,1
259,655,8,0.001,0.01,0.5,0.9,87.9164276123,0,87.9164276123,87.9164276123,86.0530700684,0,86.0530700684,86.0530700684,1
260,853,16,0.0001,0,0.75,0.5,87.9164276123,0,87.9164276123,87.9164276123,86.2224731445,0,86.2224731445,86.2224731445,1
261,883,16,0.0001,0.001,0.75,0.5,87.9164276123,0,87.9164276123,87.9164276123,86.2224731445,0,86.2224731445,86.2224731445,1
262,969,32,0.001,0,0.5,0.7,87.9164276123,0,87.9164276123,87.9164276123,86.0530700684,0,86.0530700684,86.0530700684,1
263,994,32,0.001,0.001,0.25,0.7,87.9164276123,0,87.9164276123,87.9164276123,86.2789382935,0,86.2789382935,86.2789382935,1
264,1021,32,0.0001,0,0.25,0.1,87.9164276123,0,87.9164276123,87.9164276123,85.5448913574,0,85.5448913574,85.5448913574,1
265,1036,32,0.0001,0.0001,0.25,0.1,87.9164276123,0,87.9164276123,87.9164276123,85.5448913574,0,85.5448913574,85.5448913574,1
266,1051,32,0.0001,0.001,0.25,0.1,87.9164276123,0,87.9164276123,87.9164276123,85.5448913574,0,85.5448913574,85.5448913574,1
267,1066,32,0.0001,0.01,0.25,0.1,87.9164276123,0,87.9164276123,87.9164276123,85.6013565063,0,85.6013565063,85.6013565063,1
268,1163,64,0.001,0.0001,0.5,0.5,87.9164276123,0,87.9164276123,87.9164276123,86.3918685913,0,86.3918685913,86.3918685913,1
269,1178,64,0.001,0.001,0.5,0.5,87.9164276123,0,87.9164276123,87.9164276123,86.4483261108,0,86.4483261108,86.4483261108,1
270,839,16,0.001,0.01,0.75,0.7,87.8599624634,0,87.8599624634,87.8599624634,86.0530700684,0,86.0530700684,86.0530700684,1
271,868,16,0.0001,0.0001,0.75,0.5,87.8599624634,0,87.8599624634,87.8599624634,86.2224731445,0,86.2224731445,86.2224731445,1
272,898,16,0.0001,0.01,0.75,0.5,87.8599624634,0,87.8599624634,87.8599624634,86.2224731445,0,86.2224731445,86.2224731445,1
273,925,32,0.01,0.0001,0.5,0.9,87.8599624634,0,87.8599624634,87.8599624634,86.0530700684,0,86.0530700684,86.0530700684,1
274,984,32,0.001,0.0001,0.5,0.7,87.8599624634,0,87.8599624634,87.8599624634,86.0530700684,0,86.0530700684,86.0530700684,1
275,999,32,0.001,0.001,0.5,0.7,87.8599624634,0,87.8599624634,87.8599624634,86.1095428467,0,86.1095428467,86.1095428467,1
276,1022,32,0.0001,0,0.25,0.3,87.8599624634,0,87.8599624634,87.8599624634,86.7306594849,0,86.7306594849,86.7306594849,1
277,1037,32,0.0001,0.0001,0.25,0.3,87.8599624634,0,87.8599624634,87.8599624634,86.7306594849,0,86.7306594849,86.7306594849,1
278,1052,32,0.0001,0.001,0.25,0.3,87.8599624634,0,87.8599624634,87.8599624634,86.7306594849,0,86.7306594849,86.7306594849,1
279,1067,32,0.0001,0.01,0.25,0.3,87.8599624634,0,87.8599624634,87.8599624634,86.7306594849,0,86.7306594849,86.7306594849,1
280,1110,64,0.01,0.0001,0.75,0.9,87.8599624634,0,87.8599624634,87.8599624634,85.6013565063,0,85.6013565063,85.6013565063,1
281,1148,64,0.001,0,0.5,0.5,87.8599624634,0,87.8599624634,87.8599624634,86.4483261108,0,86.4483261108,86.4483261108,1
282,414,4,0.01,0.01,0.5,0.7,87.8034973145,0,87.8034973145,87.8034973145,85.9401473999,0,85.9401473999,85.9401473999,1
283,580,8,0.01,0.001,0.5,0.9,87.8034973145,0,87.8034973145,87.8034973145,86.1095428467,0,86.1095428467,86.1095428467,1
284,588,8,0.01,0.01,0.25,0.5,87.8034973145,0,87.8034973145,87.8034973145,84.9802398682,0,84.9802398682,84.9802398682,1
285,593,8,0.01,0.01,0.5,0.5,87.8034973145,0,87.8034973145,87.8034973145,85.7707519531,0,85.7707519531,85.7707519531,1
286,725,16,0.01,0,0.25,0.9,87.8034973145,0,87.8034973145,87.8034973145,86.6741943359,0,86.6741943359,86.6741943359,1
287,740,16,0.01,0.0001,0.25,0.9,87.8034973145,0,87.8034973145,87.8034973145,86.5047988892,0,86.5047988892,86.5047988892,1
288,910,32,0.01,0,0.5,0.9,87.8034973145,0,87.8034973145,87.8034973145,85.8836746216,0,85.8836746216,85.8836746216,1
289,1003,32,0.001,0.001,0.75,0.5,87.8034973145,0,87.8034973145,87.8034973145,86.1095428467,0,86.1095428467,86.1095428467,1
290,1013,32,0.001,0.01,0.5,0.5,87.8034973145,0,87.8034973145,87.8034973145,86.7306594849,0,86.7306594849,86.7306594849,1
291,235,2,0.01,0.01,0.5,0.9,87.7470321655,0,87.7470321655,87.7470321655,85.1496353149,0,85.1496353149,85.1496353149,1
292,240,2,0.01,0.01,0.75,0.9,87.7470321655,0,87.7470321655,87.7470321655,86.2224731445,0,86.2224731445,86.2224731445,1
293,407,4,0.01,0.01,0.25,0.3,87.7470321655,0,87.7470321655,87.7470321655,84.6979064941,0,84.6979064941,84.6979064941,1
294,409,4,0.01,0.01,0.25,0.7,87.7470321655,0,87.7470321655,87.7470321655,84.8673019409,0,84.8673019409,84.8673019409,1
295,495,4,0.0001,0,0.75,0.9,87.7470321655,0,87.7470321655,87.7470321655,86.3354034424,0,86.3354034424,86.3354034424,1
296,510,4,0.0001,0.0001,0.75,0.9,87.7470321655,0,87.7470321655,87.7470321655,86.3354034424,0,86.3354034424,86.3354034424,1
297,525,4,0.0001,0.001,0.75,0.9,87.7470321655,0,87.7470321655,87.7470321655,86.3354034424,0,86.3354034424,86.3354034424,1
298,540,4,0.0001,0.01,0.75,0.9,87.7470321655,0,87.7470321655,87.7470321655,86.4483261108,0,86.4483261108,86.4483261108,1
299,1018,32,0.001,0.01,0.75,0.5,87.7470321655,0,87.7470321655,87.7470321655,85.8836746216,0,85.8836746216,85.8836746216,1
300,1056,32,0.0001,0.001,0.5,0.1,87.7470321655,0,87.7470321655,87.7470321655,86.2789382935,0,86.2789382935,86.2789382935,1
301,1166,64,0.001,0.0001,0.75,0.1,87.7470321655,0,87.7470321655,87.7470321655,86.2789382935,0,86.2789382935,86.2789382935,1
302,545,8,0.01,0,0.25,0.9,87.6905670166,0,87.6905670166,87.6905670166,85.7142868042,0,85.7142868042,85.7142868042,1
303,560,8,0.01,0.0001,0.25,0.9,87.6905670166,0,87.6905670166,87.6905670166,85.6578140259,0,85.6578140259,85.6578140259,1
304,575,8,0.01,0.001,0.25,0.9,87.6905670166,0,87.6905670166,87.6905670166,86.0530700684,0,86.0530700684,86.0530700684,1
305,585,8,0.01,0.001,0.75,0.9,87.6905670166,0,87.6905670166,87.6905670166,86.0530700684,0,86.0530700684,86.0530700684,1
306,589,8,0.01,0.01,0.25,0.7,87.6905670166,0,87.6905670166,87.6905670166,85.2061004639,0,85.2061004639,85.2061004639,1
307,599,8,0.01,0.01,0.75,0.7,87.6905670166,0,87.6905670166,87.6905670166,86.5047988892,0,86.5047988892,86.5047988892,1
308,730,16,0.01,0,0.5,0.9,87.6905670166,0,87.6905670166,87.6905670166,86.2224731445,0,86.2224731445,86.2224731445,1
309,765,16,0.01,0.001,0.75,0.9,87.6905670166,0,87.6905670166,87.6905670166,86.1660079956,0,86.1660079956,86.1660079956,1
310,834,16,0.001,0.01,0.5,0.7,87.6905670166,0,87.6905670166,87.6905670166,86.1660079956,0,86.1660079956,86.1660079956,1
311,882,16,0.0001,0.001,0.75,0.3,87.6905670166,0,87.6905670166,87.6905670166,85.4884185791,0,85.4884185791,85.4884185791,1
312,893,16,0.0001,0.01,0.5,0.5,87.6905670166,0,87.6905670166,87.6905670166,86.2789382935,0,86.2789382935,86.2789382935,1
313,1026,32,0.0001,0,0.5,0.1,87.6905670166,0,87.6905670166,87.6905670166,86.2789382935,0,86.2789382935,86.2789382935,1
314,1041,32,0.0001,0.0001,0.5,0.1,87.6905670166,0,87.6905670166,87.6905670166,86.2789382935,0,86.2789382935,86.2789382935,1
315,1071,32,0.0001,0.01,0.5,0.1,87.6905670166,0,87.6905670166,87.6905670166,86.3918685913,0,86.3918685913,86.3918685913,1
316,1129,64,0.01,0.01,0.25,0.7,87.6905670166,0,87.6905670166,87.6905670166,86.2789382935,0,86.2789382935,86.2789382935,1
317,410,4,0.01,0.01,0.25,0.9,87.6341018677,0,87.6341018677,87.6341018677,85.6013565063,0,85.6013565063,85.6013565063,1
318,418,4,0.01,0.01,0.75,0.5,87.6341018677,0,87.6341018677,87.6341018677,85.3754959106,0,85.3754959106,85.3754959106,1
319,425,4,0.001,0,0.25,0.9,87.6341018677,0,87.6341018677,87.6341018677,85.5448913574,0,85.5448913574,85.5448913574,1
320,440,4,0.001,0.0001,0.25,0.9,87.6341018677,0,87.6341018677,87.6341018677,85.5448913574,0,85.5448913574,85.5448913574,1
321,455,4,0.001,0.001,0.25,0.9,87.6341018677,0,87.6341018677,87.6341018677,85.6013565063,0,85.6013565063,85.6013565063,1
322,470,4,0.001,0.01,0.25,0.9,87.6341018677,0,87.6341018677,87.6341018677,85.6013565063,0,85.6013565063,85.6013565063,1
323,789,16,0.001,0,0.5,0.7,87.6341018677,0,87.6341018677,87.6341018677,85.7707519531,0,85.7707519531,85.7707519531,1
324,804,16,0.001,0.0001,0.5,0.7,87.6341018677,0,87.6341018677,87.6341018677,85.7707519531,0,85.7707519531,85.7707519531,1
325,819,16,0.001,0.001,0.5,0.7,87.6341018677,0,87.6341018677,87.6341018677,85.8272171021,0,85.8272171021,85.8272171021,1
326,897,16,0.0001,0.01,0.75,0.3,87.6341018677,0,87.6341018677,87.6341018677,85.4884185791,0,85.4884185791,85.4884185791,1
327,905,32,0.01,0,0.25,0.9,87.6341018677,0,87.6341018677,87.6341018677,86.5612640381,0,86.5612640381,86.5612640381,1
328,920,32,0.01,0.0001,0.25,0.9,87.6341018677,0,87.6341018677,87.6341018677,86.7871246338,0,86.7871246338,86.7871246338,1
329,1090,64,0.01,0,0.5,0.9,87.6341018677,0,87.6341018677,87.6341018677,85.8836746216,0,85.8836746216,85.8836746216,1
330,1158,64,0.001,0.0001,0.25,0.5,87.6341018677,0,87.6341018677,87.6341018677,85.6013565063,0,85.6013565063,85.6013565063,1
331,1187,64,0.001,0.01,0.25,0.3,87.6341018677,0,87.6341018677,87.6341018677,86.0530700684,0,86.0530700684,86.0530700684,1
332,867,16,0.0001,0.0001,0.75,0.3,87.5776443481,0,87.5776443481,87.5776443481,85.5448913574,0,85.5448913574,85.5448913574,1
333,973,32,0.001,0,0.75,0.5,87.5776443481,0,87.5776443481,87.5776443481,85.7707519531,0,85.7707519531,85.7707519531,1
334,1143,64,0.001,0,0.25,0.5,87.5776443481,0,87.5776443481,87.5776443481,85.6578140259,0,85.6578140259,85.6578140259,1
335,1181,64,0.001,0.001,0.75,0.1,87.5776443481,0,87.5776443481,87.5776443481,85.6578140259,0,85.6578140259,85.6578140259,1
336,1196,64,0.001,0.01,0.75,0.1,87.5776443481,0,87.5776443481,87.5776443481,85.9401473999,0,85.9401473999,85.9401473999,1
337,490,4,0.0001,0,0.5,0.9,87.5211715698,0,87.5211715698,87.5211715698,86.4483261108,0,86.4483261108,86.4483261108,1
338,505,4,0.0001,0.0001,0.5,0.9,87.5211715698,0,87.5211715698,87.5211715698,86.4483261108,0,86.4483261108,86.4483261108,1
339,520,4,0.0001,0.001,0.5,0.9,87.5211715698,0,87.5211715698,87.5211715698,86.4483261108,0,86.4483261108,86.4483261108,1
340,535,4,0.0001,0.01,0.5,0.9,87.5211715698,0,87.5211715698,87.5211715698,86.4483261108,0,86.4483261108,86.4483261108,1
341,615,8,0.001,0,0.75,0.9,87.5211715698,0,87.5211715698,87.5211715698,85.2625579834,0,85.2625579834,85.2625579834,1
342,630,8,0.001,0.0001,0.75,0.9,87.5211715698,0,87.5211715698,87.5211715698,85.2061004639,0,85.2061004639,85.2061004639,1
343,645,8,0.001,0.001,0.75,0.9,87.5211715698,0,87.5211715698,87.5211715698,85.2061004639,0,85.2061004639,85.2061004639,1
344,660,8,0.001,0.01,0.75,0.9,87.5211715698,0,87.5211715698,87.5211715698,85.2061004639,0,85.2061004639,85.2061004639,1
345,848,16,0.0001,0,0.5,0.5,87.5211715698,0,87.5211715698,87.5211715698,86.0530700684,0,86.0530700684,86.0530700684,1
346,863,16,0.0001,0.0001,0.5,0.5,87.5211715698,0,87.5211715698,87.5211715698,86.0530700684,0,86.0530700684,86.0530700684,1
347,878,16,0.0001,0.001,0.5,0.5,87.5211715698,0,87.5211715698,87.5211715698,86.0530700684,0,86.0530700684,86.0530700684,1
348,930,32,0.01,0.0001,0.75,0.9,87.5211715698,0,87.5211715698,87.5211715698,85.7707519531,0,85.7707519531,85.7707519531,1
349,988,32,0.001,0.0001,0.75,0.5,87.5211715698,0,87.5211715698,87.5211715698,85.7142868042,0,85.7142868042,85.7142868042,1
350,1151,64,0.001,0,0.75,0.1,87.5211715698,0,87.5211715698,87.5211715698,85.7707519531,0,85.7707519531,85.7707519531,1
351,1173,64,0.001,0.001,0.25,0.5,87.5211715698,0,87.5211715698,87.5211715698,85.5448913574,0,85.5448913574,85.5448913574,1
352,555,8,0.01,0,0.75,0.9,87.4647064209,0,87.4647064209,87.4647064209,85.9401473999,0,85.9401473999,85.9401473999,1
353,852,16,0.0001,0,0.75,0.3,87.4647064209,0,87.4647064209,87.4647064209,85.5448913574,0,85.5448913574,85.5448913574,1
354,1100,64,0.01,0.0001,0.25,0.9,87.4647064209,0,87.4647064209,87.4647064209,85.7707519531,0,85.7707519531,85.7707519531,1
355,1172,64,0.001,0.001,0.25,0.3,87.4647064209,0,87.4647064209,87.4647064209,85.8272171021,0,85.8272171021,85.8272171021,1
356,405,4,0.01,0.001,0.75,0.9,87.408241272,0,87.408241272,87.408241272,85.8836746216,0,85.8836746216,85.8836746216,1
357,430,4,0.001,0,0.5,0.9,87.408241272,0,87.408241272,87.408241272,84.8673019409,0,84.8673019409,84.8673019409,1
358,445,4,0.001,0.0001,0.5,0.9,87.408241272,0,87.408241272,87.408241272,84.8108444214,0,84.8108444214,84.8108444214,1
359,460,4,0.001,0.001,0.5,0.9,87.408241272,0,87.408241272,87.408241272,84.8108444214,0,84.8108444214,84.8108444214,1
360,475,4,0.001,0.01,0.5,0.9,87.408241272,0,87.408241272,87.408241272,84.8673019409,0,84.8673019409,84.8673019409,1
361,485,4,0.0001,0,0.25,0.9,87.408241272,0,87.408241272,87.408241272,86.2789382935,0,86.2789382935,86.2789382935,1
362,500,4,0.0001,0.0001,0.25,0.9,87.408241272,0,87.408241272,87.408241272,86.2789382935,0,86.2789382935,86.2789382935,1
363,515,4,0.0001,0.001,0.25,0.9,87.408241272,0,87.408241272,87.408241272,86.2789382935,0,86.2789382935,86.2789382935,1
364,530,4,0.0001,0.01,0.25,0.9,87.408241272,0,87.408241272,87.408241272,86.3354034424,0,86.3354034424,86.3354034424,1
365,750,16,0.01,0.0001,0.75,0.9,87.408241272,0,87.408241272,87.408241272,86.1095428467,0,86.1095428467,86.1095428467,1
366,1085,64,0.01,0,0.25,0.9,87.408241272,0,87.408241272,87.408241272,85.9401473999,0,85.9401473999,85.9401473999,1
367,1192,64,0.001,0.01,0.5,0.3,87.408241272,0,87.408241272,87.408241272,86.2224731445,0,86.2224731445,86.2224731445,1
368,550,8,0.01,0,0.5,0.9,87.351776123,0,87.351776123,87.351776123,85.7142868042,0,85.7142868042,85.7142868042,1
369,565,8,0.01,0.0001,0.5,0.9,87.351776123,0,87.351776123,87.351776123,85.9401473999,0,85.9401473999,85.9401473999,1
370,570,8,0.01,0.0001,0.75,0.9,87.351776123,0,87.351776123,87.351776123,85.9966125488,0,85.9966125488,85.9966125488,1
371,624,8,0.001,0.0001,0.5,0.7,87.351776123,0,87.351776123,87.351776123,84.8673019409,0,84.8673019409,84.8673019409,1
372,639,8,0.001,0.001,0.5,0.7,87.351776123,0,87.351776123,87.351776123,84.8673019409,0,84.8673019409,84.8673019409,1
373,735,16,0.01,0,0.75,0.9,87.351776123,0,87.351776123,87.351776123,86.0530700684,0,86.0530700684,86.0530700684,1
374,838,16,0.001,0.01,0.75,0.5,87.351776123,0,87.351776123,87.351776123,84.8673019409,0,84.8673019409,84.8673019409,1
375,843,16,0.0001,0,0.25,0.5,87.351776123,0,87.351776123,87.351776123,86.2224731445,0,86.2224731445,86.2224731445,1
376,858,16,0.0001,0.0001,0.25,0.5,87.351776123,0,87.351776123,87.351776123,86.2224731445,0,86.2224731445,86.2224731445,1
377,873,16,0.0001,0.001,0.25,0.5,87.351776123,0,87.351776123,87.351776123,86.2224731445,0,86.2224731445,86.2224731445,1
378,888,16,0.0001,0.01,0.25,0.5,87.351776123,0,87.351776123,87.351776123,86.2789382935,0,86.2789382935,86.2789382935,1
379,1016,32,0.001,0.01,0.75,0.1,87.351776123,0,87.351776123,87.351776123,85.0931625366,0,85.0931625366,85.0931625366,1
380,1142,64,0.001,0,0.25,0.3,87.351776123,0,87.351776123,87.351776123,86.0530700684,0,86.0530700684,86.0530700684,1
381,230,2,0.01,0.01,0.25,0.9,87.2953109741,0,87.2953109741,87.2953109741,84.8673019409,0,84.8673019409,84.8673019409,1
382,234,2,0.01,0.01,0.5,0.7,87.2953109741,0,87.2953109741,87.2953109741,85.1496353149,0,85.1496353149,85.1496353149,1
383,609,8,0.001,0,0.5,0.7,87.2953109741,0,87.2953109741,87.2953109741,84.8673019409,0,84.8673019409,84.8673019409,1
384,654,8,0.001,0.01,0.5,0.7,87.2953109741,0,87.2953109741,87.2953109741,84.8108444214,0,84.8108444214,84.8108444214,1
385,674,8,0.0001,0,0.75,0.7,87.2953109741,0,87.2953109741,87.2953109741,85.4884185791,0,85.4884185791,85.4884185791,1
386,689,8,0.0001,0.0001,0.75,0.7,87.2953109741,0,87.2953109741,87.2953109741,85.4884185791,0,85.4884185791,85.4884185791,1
387,704,8,0.0001,0.001,0.75,0.7,87.2953109741,0,87.2953109741,87.2953109741,85.4884185791,0,85.4884185791,85.4884185791,1
388,719,8,0.0001,0.01,0.75,0.7,87.2953109741,0,87.2953109741,87.2953109741,85.3754959106,0,85.3754959106,85.3754959106,1
389,968,32,0.001,0,0.5,0.5,87.2953109741,0,87.2953109741,87.2953109741,85.8836746216,0,85.8836746216,85.8836746216,1
390,983,32,0.001,0.0001,0.5,0.5,87.2953109741,0,87.2953109741,87.2953109741,85.8272171021,0,85.8272171021,85.8272171021,1
391,998,32,0.001,0.001,0.5,0.5,87.2953109741,0,87.2953109741,87.2953109741,85.9401473999,0,85.9401473999,85.9401473999,1
392,1017,32,0.001,0.01,0.75,0.3,87.2953109741,0,87.2953109741,87.2953109741,85.6013565063,0,85.6013565063,85.6013565063,1
393,412,4,0.01,0.01,0.5,0.3,87.2388458252,0,87.2388458252,87.2388458252,85.0931625366,0,85.0931625366,85.0931625366,1
394,823,16,0.001,0.001,0.75,0.5,87.2388458252,0,87.2388458252,87.2388458252,84.8108444214,0,84.8108444214,84.8108444214,1
395,947,32,0.01,0.01,0.25,0.3,87.2388458252,0,87.2388458252,87.2388458252,84.020324707,0,84.020324707,84.020324707,1
396,219,2,0.01,0.001,0.5,0.7,87.1823806763,0,87.1823806763,87.1823806763,84.4155883789,0,84.4155883789,84.4155883789,1
397,233,2,0.01,0.01,0.5,0.5,87.1823806763,0,87.1823806763,87.1823806763,85.1496353149,0,85.1496353149,85.1496353149,1
398,669,8,0.0001,0,0.5,0.7,87.1823806763,0,87.1823806763,87.1823806763,85.7142868042,0,85.7142868042,85.7142868042,1
399,684,8,0.0001,0.0001,0.5,0.7,87.1823806763,0,87.1823806763,87.1823806763,85.7142868042,0,85.7142868042,85.7142868042,1
400,699,8,0.0001,0.001,0.5,0.7,87.1823806763,0,87.1823806763,87.1823806763,85.7142868042,0,85.7142868042,85.7142868042,1
401,714,8,0.0001,0.01,0.5,0.7,87.1823806763,0,87.1823806763,87.1823806763,85.7142868042,0,85.7142868042,85.7142868042,1
402,1157,64,0.001,0.0001,0.25,0.3,87.1823806763,0,87.1823806763,87.1823806763,85.9401473999,0,85.9401473999,85.9401473999,1
403,228,2,0.01,0.01,0.25,0.5,87.1259155273,0,87.1259155273,87.1259155273,84.6979064941,0,84.6979064941,84.6979064941,1
404,574,8,0.01,0.001,0.25,0.7,87.1259155273,0,87.1259155273,87.1259155273,84.6979064941,0,84.6979064941,84.6979064941,1
405,972,32,0.001,0,0.75,0.3,87.1259155273,0,87.1259155273,87.1259155273,85.8836746216,0,85.8836746216,85.8836746216,1
406,1001,32,0.001,0.001,0.75,0.1,87.1259155273,0,87.1259155273,87.1259155273,84.9237670898,0,84.9237670898,84.9237670898,1
407,220,2,0.01,0.001,0.5,0.9,87.0694503784,0,87.0694503784,87.0694503784,85.4884185791,0,85.4884185791,85.4884185791,1
408,399,4,0.01,0.001,0.5,0.7,87.0694503784,0,87.0694503784,87.0694503784,85.2061004639,0,85.2061004639,85.2061004639,1
409,604,8,0.001,0,0.25,0.7,87.0694503784,0,87.0694503784,87.0694503784,85.2625579834,0,85.2625579834,85.2625579834,1
410,619,8,0.001,0.0001,0.25,0.7,87.0694503784,0,87.0694503784,87.0694503784,85.2625579834,0,85.2625579834,85.2625579834,1
411,634,8,0.001,0.001,0.25,0.7,87.0694503784,0,87.0694503784,87.0694503784,85.2625579834,0,85.2625579834,85.2625579834,1
412,649,8,0.001,0.01,0.25,0.7,87.0694503784,0,87.0694503784,87.0694503784,85.2625579834,0,85.2625579834,85.2625579834,1
413,664,8,0.0001,0,0.25,0.7,87.0694503784,0,87.0694503784,87.0694503784,85.5448913574,0,85.5448913574,85.5448913574,1
414,679,8,0.0001,0.0001,0.25,0.7,87.0694503784,0,87.0694503784,87.0694503784,85.5448913574,0,85.5448913574,85.5448913574,1
415,694,8,0.0001,0.001,0.25,0.7,87.0694503784,0,87.0694503784,87.0694503784,85.5448913574,0,85.5448913574,85.5448913574,1
416,709,8,0.0001,0.01,0.25,0.7,87.0694503784,0,87.0694503784,87.0694503784,85.6013565063,0,85.6013565063,85.6013565063,1
417,915,32,0.01,0,0.75,0.9,87.0694503784,0,87.0694503784,87.0694503784,85.0931625366,0,85.0931625366,85.0931625366,1
418,1002,32,0.001,0.001,0.75,0.3,87.0694503784,0,87.0694503784,87.0694503784,85.2061004639,0,85.2061004639,85.2061004639,1
419,987,32,0.001,0.0001,0.75,0.3,87.0129852295,0,87.0129852295,87.0129852295,85.3190231323,0,85.3190231323,85.3190231323,1
420,1008,32,0.001,0.01,0.25,0.5,87.0129852295,0,87.0129852295,87.0129852295,86.1660079956,0,86.1660079956,86.1660079956,1
421,793,16,0.001,0,0.75,0.5,86.9565200806,0,86.9565200806,86.9565200806,84.076789856,0,84.076789856,84.076789856,1
422,803,16,0.001,0.0001,0.5,0.5,86.9565200806,0,86.9565200806,86.9565200806,85.2625579834,0,85.2625579834,85.2625579834,1
423,862,16,0.0001,0.0001,0.5,0.3,86.9565200806,0,86.9565200806,86.9565200806,85.0931625366,0,85.0931625366,85.0931625366,1
424,971,32,0.001,0,0.75,0.1,86.9565200806,0,86.9565200806,86.9565200806,85.2625579834,0,85.2625579834,85.2625579834,1
425,1114,64,0.01,0.001,0.25,0.7,86.9565200806,0,86.9565200806,86.9565200806,85.6013565063,0,85.6013565063,85.6013565063,1
426,828,16,0.001,0.01,0.25,0.5,86.9000549316,0,86.9000549316,86.9000549316,85.0366973877,0,85.0366973877,85.0366973877,1
427,833,16,0.001,0.01,0.5,0.5,86.9000549316,0,86.9000549316,86.9000549316,85.1496353149,0,85.1496353149,85.1496353149,1
428,847,16,0.0001,0,0.5,0.3,86.9000549316,0,86.9000549316,86.9000549316,85.0931625366,0,85.0931625366,85.0931625366,1
429,877,16,0.0001,0.001,0.5,0.3,86.9000549316,0,86.9000549316,86.9000549316,85.0931625366,0,85.0931625366,85.0931625366,1
430,892,16,0.0001,0.01,0.5,0.3,86.9000549316,0,86.9000549316,86.9000549316,85.0366973877,0,85.0366973877,85.0366973877,1
431,963,32,0.001,0,0.25,0.5,86.9000549316,0,86.9000549316,86.9000549316,85.9966125488,0,85.9966125488,85.9966125488,1
432,978,32,0.001,0.0001,0.25,0.5,86.9000549316,0,86.9000549316,86.9000549316,86.0530700684,0,86.0530700684,86.0530700684,1
433,993,32,0.001,0.001,0.25,0.5,86.9000549316,0,86.9000549316,86.9000549316,86.0530700684,0,86.0530700684,86.0530700684,1
434,375,4,0.01,0,0.75,0.9,86.8435897827,0,86.8435897827,86.8435897827,85.4319610596,0,85.4319610596,85.4319610596,1
435,390,4,0.01,0.0001,0.75,0.9,86.8435897827,0,86.8435897827,86.8435897827,85.4319610596,0,85.4319610596,85.4319610596,1
436,392,4,0.01,0.001,0.25,0.3,86.8435897827,0,86.8435897827,86.8435897827,83.1168823242,0,83.1168823242,83.1168823242,1
437,783,16,0.001,0,0.25,0.5,86.8435897827,0,86.8435897827,86.8435897827,84.8108444214,0,84.8108444214,84.8108444214,1
438,798,16,0.001,0.0001,0.25,0.5,86.8435897827,0,86.8435897827,86.8435897827,84.9237670898,0,84.9237670898,84.9237670898,1
439,808,16,0.001,0.0001,0.75,0.5,86.8435897827,0,86.8435897827,86.8435897827,84.6979064941,0,84.6979064941,84.6979064941,1
440,813,16,0.001,0.001,0.25,0.5,86.8435897827,0,86.8435897827,86.8435897827,84.8673019409,0,84.8673019409,84.8673019409,1
441,210,2,0.01,0.0001,0.75,0.9,86.7871246338,0,86.7871246338,86.7871246338,85.3190231323,0,85.3190231323,85.3190231323,1
442,225,2,0.01,0.001,0.75,0.9,86.7871246338,0,86.7871246338,86.7871246338,85.7142868042,0,85.7142868042,85.7142868042,1
443,315,2,0.0001,0,0.75,0.9,86.7871246338,0,86.7871246338,86.7871246338,84.8108444214,0,84.8108444214,84.8108444214,1
444,330,2,0.0001,0.0001,0.75,0.9,86.7871246338,0,86.7871246338,86.7871246338,84.8108444214,0,84.8108444214,84.8108444214,1
445,345,2,0.0001,0.001,0.75,0.9,86.7871246338,0,86.7871246338,86.7871246338,84.8108444214,0,84.8108444214,84.8108444214,1
446,360,2,0.0001,0.01,0.75,0.9,86.7871246338,0,86.7871246338,86.7871246338,84.8108444214,0,84.8108444214,84.8108444214,1
447,603,8,0.001,0,0.25,0.5,86.7871246338,0,86.7871246338,86.7871246338,84.3591156006,0,84.3591156006,84.3591156006,1
448,618,8,0.001,0.0001,0.25,0.5,86.7871246338,0,86.7871246338,86.7871246338,84.3591156006,0,84.3591156006,84.3591156006,1
449,959,32,0.01,0.01,0.75,0.7,86.7871246338,0,86.7871246338,86.7871246338,84.9237670898,0,84.9237670898,84.9237670898,1
450,1161,64,0.001,0.0001,0.5,0.1,86.7871246338,0,86.7871246338,86.7871246338,85.5448913574,0,85.5448913574,85.5448913574,1
451,818,16,0.001,0.001,0.5,0.5,86.7306594849,0,86.7306594849,86.7306594849,85.2061004639,0,85.2061004639,85.2061004639,1
452,1012,32,0.001,0.01,0.5,0.3,86.7306594849,0,86.7306594849,86.7306594849,85.3190231323,0,85.3190231323,85.3190231323,1
453,1147,64,0.001,0,0.5,0.3,86.7306594849,0,86.7306594849,86.7306594849,85.4319610596,0,85.4319610596,85.4319610596,1
454,214,2,0.01,0.001,0.25,0.7,86.6741943359,0,86.6741943359,86.6741943359,84.076789856,0,84.076789856,84.076789856,1
455,227,2,0.01,0.01,0.25,0.3,86.6741943359,0,86.6741943359,86.6741943359,84.2461853027,0,84.2461853027,84.2461853027,1
456,229,2,0.01,0.01,0.25,0.7,86.6741943359,0,86.6741943359,86.6741943359,84.2461853027,0,84.2461853027,84.2461853027,1
457,231,2,0.01,0.01,0.5,0.1,86.6741943359,0,86.6741943359,86.6741943359,84.1332550049,0,84.1332550049,84.1332550049,1
458,393,4,0.01,0.001,0.25,0.5,86.6741943359,0,86.6741943359,86.6741943359,84.020324707,0,84.020324707,84.020324707,1
459,480,4,0.001,0.01,0.75,0.9,86.6741943359,0,86.6741943359,86.6741943359,83.9073944092,0,83.9073944092,83.9073944092,1
460,584,8,0.01,0.001,0.75,0.7,86.6741943359,0,86.6741943359,86.6741943359,84.6979064941,0,84.6979064941,84.6979064941,1
461,633,8,0.001,0.001,0.25,0.5,86.6741943359,0,86.6741943359,86.6741943359,84.3591156006,0,84.3591156006,84.3591156006,1
462,788,16,0.001,0,0.5,0.5,86.6741943359,0,86.6741943359,86.6741943359,84.9802398682,0,84.9802398682,84.9802398682,1
463,842,16,0.0001,0,0.25,0.3,86.6741943359,0,86.6741943359,86.6741943359,85.0931625366,0,85.0931625366,85.0931625366,1
464,846,16,0.0001,0,0.5,0.1,86.6741943359,0,86.6741943359,86.6741943359,84.5849838257,0,84.5849838257,84.5849838257,1
465,857,16,0.0001,0.0001,0.25,0.3,86.6741943359,0,86.6741943359,86.6741943359,85.0931625366,0,85.0931625366,85.0931625366,1
466,861,16,0.0001,0.0001,0.5,0.1,86.6741943359,0,86.6741943359,86.6741943359,84.5849838257,0,84.5849838257,84.5849838257,1
467,872,16,0.0001,0.001,0.25,0.3,86.6741943359,0,86.6741943359,86.6741943359,85.0931625366,0,85.0931625366,85.0931625366,1
468,876,16,0.0001,0.001,0.5,0.1,86.6741943359,0,86.6741943359,86.6741943359,84.5849838257,0,84.5849838257,84.5849838257,1
469,887,16,0.0001,0.01,0.25,0.3,86.6741943359,0,86.6741943359,86.6741943359,85.1496353149,0,85.1496353149,85.1496353149,1
470,986,32,0.001,0.0001,0.75,0.1,86.6741943359,0,86.6741943359,86.6741943359,84.7543716431,0,84.7543716431,84.7543716431,1
471,1146,64,0.001,0,0.5,0.1,86.6741943359,0,86.6741943359,86.6741943359,85.4884185791,0,85.4884185791,85.4884185791,1
472,1191,64,0.001,0.01,0.5,0.1,86.6741943359,0,86.6741943359,86.6741943359,85.3190231323,0,85.3190231323,85.3190231323,1
473,195,2,0.01,0,0.75,0.9,86.617729187,0,86.617729187,86.617729187,84.6979064941,0,84.6979064941,84.6979064941,1
474,370,4,0.01,0,0.5,0.9,86.617729187,0,86.617729187,86.617729187,85.3190231323,0,85.3190231323,85.3190231323,1
475,398,4,0.01,0.001,0.5,0.5,86.617729187,0,86.617729187,86.617729187,84.8673019409,0,84.8673019409,84.8673019409,1
476,400,4,0.01,0.001,0.5,0.9,86.617729187,0,86.617729187,86.617729187,84.9802398682,0,84.9802398682,84.9802398682,1
477,435,4,0.001,0,0.75,0.9,86.617729187,0,86.617729187,86.617729187,83.9638595581,0,83.9638595581,83.9638595581,1
478,648,8,0.001,0.01,0.25,0.5,86.617729187,0,86.617729187,86.617729187,84.2461853027,0,84.2461853027,84.2461853027,1
479,792,16,0.001,0,0.75,0.3,86.617729187,0,86.617729187,86.617729187,84.9802398682,0,84.9802398682,84.9802398682,1
480,851,16,0.0001,0,0.75,0.1,86.617729187,0,86.617729187,86.617729187,85.0931625366,0,85.0931625366,85.0931625366,1
481,866,16,0.0001,0.0001,0.75,0.1,86.617729187,0,86.617729187,86.617729187,85.0931625366,0,85.0931625366,85.0931625366,1
482,891,16,0.0001,0.01,0.5,0.1,86.617729187,0,86.617729187,86.617729187,84.5849838257,0,84.5849838257,84.5849838257,1
483,1011,32,0.001,0.01,0.5,0.1,86.617729187,0,86.617729187,86.617729187,85.3190231323,0,85.3190231323,85.3190231323,1
484,1176,64,0.001,0.001,0.5,0.1,86.617729187,0,86.617729187,86.617729187,85.2625579834,0,85.2625579834,85.2625579834,1
485,232,2,0.01,0.01,0.5,0.3,86.5612640381,0,86.5612640381,86.5612640381,83.6250686646,0,83.6250686646,83.6250686646,1
486,237,2,0.01,0.01,0.75,0.3,86.5612640381,0,86.5612640381,86.5612640381,83.8509292603,0,83.8509292603,83.8509292603,1
487,385,4,0.01,0.0001,0.5,0.9,86.5612640381,0,86.5612640381,86.5612640381,84.3591156006,0,84.3591156006,84.3591156006,1
488,397,4,0.01,0.001,0.5,0.3,86.5612640381,0,86.5612640381,86.5612640381,83.8509292603,0,83.8509292603,83.8509292603,1
489,450,4,0.001,0.0001,0.75,0.9,86.5612640381,0,86.5612640381,86.5612640381,83.9073944092,0,83.9073944092,83.9073944092,1
490,465,4,0.001,0.001,0.75,0.9,86.5612640381,0,86.5612640381,86.5612640381,83.9073944092,0,83.9073944092,83.9073944092,1
491,623,8,0.001,0.0001,0.5,0.5,86.5612640381,0,86.5612640381,86.5612640381,85.0931625366,0,85.0931625366,85.0931625366,1
492,638,8,0.001,0.001,0.5,0.5,86.5612640381,0,86.5612640381,86.5612640381,84.7543716431,0,84.7543716431,84.7543716431,1
493,653,8,0.001,0.01,0.5,0.5,86.5612640381,0,86.5612640381,86.5612640381,84.8108444214,0,84.8108444214,84.8108444214,1
494,952,32,0.01,0.01,0.5,0.3,86.5612640381,0,86.5612640381,86.5612640381,84.6414413452,0,84.6414413452,84.6414413452,1
495,355,2,0.0001,0.01,0.5,0.9,86.5047988892,0,86.5047988892,86.5047988892,84.8108444214,0,84.8108444214,84.8108444214,1
496,608,8,0.001,0,0.5,0.5,86.5047988892,0,86.5047988892,86.5047988892,83.6250686646,0,83.6250686646,83.6250686646,1
497,881,16,0.0001,0.001,0.75,0.1,86.5047988892,0,86.5047988892,86.5047988892,85.0931625366,0,85.0931625366,85.0931625366,1
498,1006,32,0.001,0.01,0.25,0.1,86.5047988892,0,86.5047988892,86.5047988892,85.2061004639,0,85.2061004639,85.2061004639,1
499,310,2,0.0001,0,0.5,0.9,86.4483261108,0,86.4483261108,86.4483261108,84.7543716431,0,84.7543716431,84.7543716431,1
500,325,2,0.0001,0.0001,0.5,0.9,86.4483261108,0,86.4483261108,86.4483261108,84.7543716431,0,84.7543716431,84.7543716431,1
501,340,2,0.0001,0.001,0.5,0.9,86.4483261108,0,86.4483261108,86.4483261108,84.7543716431,0,84.7543716431,84.7543716431,1
502,544,8,0.01,0,0.25,0.7,86.4483261108,0,86.4483261108,86.4483261108,83.7944641113,0,83.7944641113,83.7944641113,1
503,832,16,0.001,0.01,0.5,0.3,86.4483261108,0,86.4483261108,86.4483261108,84.020324707,0,84.020324707,84.020324707,1
504,976,32,0.001,0.0001,0.25,0.1,86.4483261108,0,86.4483261108,86.4483261108,85.1496353149,0,85.1496353149,85.1496353149,1
505,1099,64,0.01,0.0001,0.25,0.7,86.4483261108,0,86.4483261108,86.4483261108,84.5849838257,0,84.5849838257,84.5849838257,1
506,1162,64,0.001,0.0001,0.5,0.3,86.4483261108,0,86.4483261108,86.4483261108,85.2625579834,0,85.2625579834,85.2625579834,1
507,1177,64,0.001,0.001,0.5,0.3,86.4483261108,0,86.4483261108,86.4483261108,85.3190231323,0,85.3190231323,85.3190231323,1
508,226,2,0.01,0.01,0.25,0.1,86.3918685913,0,86.3918685913,86.3918685913,84.076789856,0,84.076789856,84.076789856,1
509,380,4,0.01,0.0001,0.25,0.9,86.3918685913,0,86.3918685913,86.3918685913,84.7543716431,0,84.7543716431,84.7543716431,1
510,728,16,0.01,0,0.5,0.5,86.3918685913,0,86.3918685913,86.3918685913,84.3026504517,0,84.3026504517,84.3026504517,1
511,743,16,0.01,0.0001,0.5,0.5,86.3918685913,0,86.3918685913,86.3918685913,84.3026504517,0,84.3026504517,84.3026504517,1
512,758,16,0.01,0.001,0.5,0.5,86.3918685913,0,86.3918685913,86.3918685913,84.3591156006,0,84.3591156006,84.3591156006,1
513,807,16,0.001,0.0001,0.75,0.3,86.3918685913,0,86.3918685913,86.3918685913,84.5849838257,0,84.5849838257,84.5849838257,1
514,967,32,0.001,0,0.5,0.3,86.3918685913,0,86.3918685913,86.3918685913,84.8673019409,0,84.8673019409,84.8673019409,1
515,977,32,0.001,0.0001,0.25,0.3,86.3918685913,0,86.3918685913,86.3918685913,85.3754959106,0,85.3754959106,85.3754959106,1
516,982,32,0.001,0.0001,0.5,0.3,86.3918685913,0,86.3918685913,86.3918685913,84.9802398682,0,84.9802398682,84.9802398682,1
517,997,32,0.001,0.001,0.5,0.3,86.3918685913,0,86.3918685913,86.3918685913,85.0366973877,0,85.0366973877,85.0366973877,1
518,190,2,0.01,0,0.5,0.9,86.3354034424,0,86.3354034424,86.3354034424,84.076789856,0,84.076789856,84.076789856,1
519,559,8,0.01,0.0001,0.25,0.7,86.3354034424,0,86.3354034424,86.3354034424,83.5686035156,0,83.5686035156,83.5686035156,1
520,773,16,0.01,0.01,0.5,0.5,86.3354034424,0,86.3354034424,86.3354034424,84.3591156006,0,84.3591156006,84.3591156006,1
521,812,16,0.001,0.001,0.25,0.3,86.3354034424,0,86.3354034424,86.3354034424,84.020324707,0,84.020324707,84.020324707,1
522,827,16,0.001,0.01,0.25,0.3,86.3354034424,0,86.3354034424,86.3354034424,84.1332550049,0,84.1332550049,84.1332550049,1
523,841,16,0.0001,0,0.25,0.1,86.3354034424,0,86.3354034424,86.3354034424,84.2461853027,0,84.2461853027,84.2461853027,1
524,856,16,0.0001,0.0001,0.25,0.1,86.3354034424,0,86.3354034424,86.3354034424,84.2461853027,0,84.2461853027,84.2461853027,1
525,871,16,0.0001,0.001,0.25,0.1,86.3354034424,0,86.3354034424,86.3354034424,84.2461853027,0,84.2461853027,84.2461853027,1
526,886,16,0.0001,0.01,0.25,0.1,86.3354034424,0,86.3354034424,86.3354034424,84.2461853027,0,84.2461853027,84.2461853027,1
527,1007,32,0.001,0.01,0.25,0.3,86.3354034424,0,86.3354034424,86.3354034424,85.4319610596,0,85.4319610596,85.4319610596,1
528,579,8,0.01,0.001,0.5,0.7,86.2789382935,0,86.2789382935,86.2789382935,84.3026504517,0,84.3026504517,84.3026504517,1
529,673,8,0.0001,0,0.75,0.5,86.2789382935,0,86.2789382935,86.2789382935,84.020324707,0,84.020324707,84.020324707,1
530,688,8,0.0001,0.0001,0.75,0.5,86.2789382935,0,86.2789382935,86.2789382935,84.020324707,0,84.020324707,84.020324707,1
531,703,8,0.0001,0.001,0.75,0.5,86.2789382935,0,86.2789382935,86.2789382935,83.9638595581,0,83.9638595581,83.9638595581,1
532,718,8,0.0001,0.01,0.75,0.5,86.2789382935,0,86.2789382935,86.2789382935,84.020324707,0,84.020324707,84.020324707,1
533,782,16,0.001,0,0.25,0.3,86.2789382935,0,86.2789382935,86.2789382935,83.7379989624,0,83.7379989624,83.7379989624,1
534,204,2,0.01,0.0001,0.5,0.7,86.2224731445,0,86.2224731445,86.2224731445,84.1332550049,0,84.1332550049,84.1332550049,1
535,224,2,0.01,0.001,0.75,0.7,86.2224731445,0,86.2224731445,86.2224731445,84.1332550049,0,84.1332550049,84.1332550049,1
536,384,4,0.01,0.0001,0.5,0.7,86.2224731445,0,86.2224731445,86.2224731445,84.3026504517,0,84.3026504517,84.3026504517,1
537,395,4,0.01,0.001,0.25,0.9,86.2224731445,0,86.2224731445,86.2224731445,84.3026504517,0,84.3026504517,84.3026504517,1
538,668,8,0.0001,0,0.5,0.5,86.2224731445,0,86.2224731445,86.2224731445,84.4720458984,0,84.4720458984,84.4720458984,1
539,683,8,0.0001,0.0001,0.5,0.5,86.2224731445,0,86.2224731445,86.2224731445,84.4720458984,0,84.4720458984,84.4720458984,1
540,698,8,0.0001,0.001,0.5,0.5,86.2224731445,0,86.2224731445,86.2224731445,84.4720458984,0,84.4720458984,84.4720458984,1
541,724,16,0.01,0,0.25,0.7,86.2224731445,0,86.2224731445,86.2224731445,84.3026504517,0,84.3026504517,84.3026504517,1
542,739,16,0.01,0.0001,0.25,0.7,86.2224731445,0,86.2224731445,86.2224731445,84.3026504517,0,84.3026504517,84.3026504517,1
543,744,16,0.01,0.0001,0.5,0.7,86.2224731445,0,86.2224731445,86.2224731445,84.9802398682,0,84.9802398682,84.9802398682,1
544,754,16,0.01,0.001,0.25,0.7,86.2224731445,0,86.2224731445,86.2224731445,84.3026504517,0,84.3026504517,84.3026504517,1
545,759,16,0.01,0.001,0.5,0.7,86.2224731445,0,86.2224731445,86.2224731445,84.9802398682,0,84.9802398682,84.9802398682,1
546,826,16,0.001,0.01,0.25,0.1,86.2224731445,0,86.2224731445,86.2224731445,84.3026504517,0,84.3026504517,84.3026504517,1
547,953,32,0.01,0.01,0.5,0.5,86.2224731445,0,86.2224731445,86.2224731445,85.0931625366,0,85.0931625366,85.0931625366,1
548,962,32,0.001,0,0.25,0.3,86.2224731445,0,86.2224731445,86.2224731445,84.9802398682,0,84.9802398682,84.9802398682,1
549,992,32,0.001,0.001,0.25,0.3,86.2224731445,0,86.2224731445,86.2224731445,84.9802398682,0,84.9802398682,84.9802398682,1
550,365,4,0.01,0,0.25,0.9,86.1660079956,0,86.1660079956,86.1660079956,84.8108444214,0,84.8108444214,84.8108444214,1
551,543,8,0.01,0,0.25,0.5,86.1660079956,0,86.1660079956,86.1660079956,84.1332550049,0,84.1332550049,84.1332550049,1
552,729,16,0.01,0,0.5,0.7,86.1660079956,0,86.1660079956,86.1660079956,84.9237670898,0,84.9237670898,84.9237670898,1
553,768,16,0.01,0.01,0.25,0.5,86.1660079956,0,86.1660079956,86.1660079956,84.4155883789,0,84.4155883789,84.4155883789,1
554,787,16,0.001,0,0.5,0.3,86.1660079956,0,86.1660079956,86.1660079956,84.076789856,0,84.076789856,84.076789856,1
555,797,16,0.001,0.0001,0.25,0.3,86.1660079956,0,86.1660079956,86.1660079956,83.6250686646,0,83.6250686646,83.6250686646,1
556,802,16,0.001,0.0001,0.5,0.3,86.1660079956,0,86.1660079956,86.1660079956,84.020324707,0,84.020324707,84.020324707,1
557,896,16,0.0001,0.01,0.75,0.1,86.1660079956,0,86.1660079956,86.1660079956,84.4155883789,0,84.4155883789,84.4155883789,1
558,961,32,0.001,0,0.25,0.1,86.1660079956,0,86.1660079956,86.1660079956,84.5285110474,0,84.5285110474,84.5285110474,1
559,205,2,0.01,0.0001,0.5,0.9,86.1095428467,0,86.1095428467,86.1095428467,84.1332550049,0,84.1332550049,84.1332550049,1
560,239,2,0.01,0.01,0.75,0.7,86.1095428467,0,86.1095428467,86.1095428467,84.1332550049,0,84.1332550049,84.1332550049,1
561,549,8,0.01,0,0.5,0.7,86.1095428467,0,86.1095428467,86.1095428467,84.2461853027,0,84.2461853027,84.2461853027,1
562,723,16,0.01,0,0.25,0.5,86.1095428467,0,86.1095428467,86.1095428467,84.4720458984,0,84.4720458984,84.4720458984,1
563,738,16,0.01,0.0001,0.25,0.5,86.1095428467,0,86.1095428467,86.1095428467,84.4720458984,0,84.4720458984,84.4720458984,1
564,753,16,0.01,0.001,0.25,0.5,86.1095428467,0,86.1095428467,86.1095428467,84.4720458984,0,84.4720458984,84.4720458984,1
565,817,16,0.001,0.001,0.5,0.3,86.1095428467,0,86.1095428467,86.1095428467,84.076789856,0,84.076789856,84.076789856,1
566,564,8,0.01,0.0001,0.5,0.7,86.0530700684,0,86.0530700684,86.0530700684,84.4720458984,0,84.4720458984,84.4720458984,1
567,602,8,0.001,0,0.25,0.3,86.0530700684,0,86.0530700684,86.0530700684,83.9638595581,0,83.9638595581,83.9638595581,1
568,617,8,0.001,0.0001,0.25,0.3,86.0530700684,0,86.0530700684,86.0530700684,83.7944641113,0,83.7944641113,83.7944641113,1
569,632,8,0.001,0.001,0.25,0.3,86.0530700684,0,86.0530700684,86.0530700684,83.4556732178,0,83.4556732178,83.4556732178,1
570,806,16,0.001,0.0001,0.75,0.1,86.0530700684,0,86.0530700684,86.0530700684,84.1897201538,0,84.1897201538,84.1897201538,1
571,991,32,0.001,0.001,0.25,0.1,86.0530700684,0,86.0530700684,86.0530700684,84.1897201538,0,84.1897201538,84.1897201538,1
572,1084,64,0.01,0,0.25,0.7,86.0530700684,0,86.0530700684,86.0530700684,84.3026504517,0,84.3026504517,84.3026504517,1
573,183,2,0.01,0,0.25,0.5,85.9966125488,0,85.9966125488,85.9966125488,82.6651611328,0,82.6651611328,82.6651611328,1
574,212,2,0.01,0.001,0.25,0.3,85.9966125488,0,85.9966125488,85.9966125488,83.4556732178,0,83.4556732178,83.4556732178,1
575,350,2,0.0001,0.01,0.25,0.9,85.9966125488,0,85.9966125488,85.9966125488,84.1332550049,0,84.1332550049,84.1332550049,1
576,361,4,0.01,0,0.25,0.1,85.9966125488,0,85.9966125488,85.9966125488,83.7379989624,0,83.7379989624,83.7379989624,1
577,376,4,0.01,0.0001,0.25,0.1,85.9966125488,0,85.9966125488,85.9966125488,83.7379989624,0,83.7379989624,83.7379989624,1
578,647,8,0.001,0.01,0.25,0.3,85.9966125488,0,85.9966125488,85.9966125488,84.2461853027,0,84.2461853027,84.2461853027,1
579,713,8,0.0001,0.01,0.5,0.5,85.9966125488,0,85.9966125488,85.9966125488,84.4155883789,0,84.4155883789,84.4155883789,1
580,904,32,0.01,0,0.25,0.7,85.9966125488,0,85.9966125488,85.9966125488,84.020324707,0,84.020324707,84.020324707,1
581,919,32,0.01,0.0001,0.25,0.7,85.9966125488,0,85.9966125488,85.9966125488,84.020324707,0,84.020324707,84.020324707,1
582,305,2,0.0001,0,0.25,0.9,85.9401473999,0,85.9401473999,85.9401473999,84.020324707,0,84.020324707,84.020324707,1
583,320,2,0.0001,0.0001,0.25,0.9,85.9401473999,0,85.9401473999,85.9401473999,84.020324707,0,84.020324707,84.020324707,1
584,335,2,0.0001,0.001,0.25,0.9,85.9401473999,0,85.9401473999,85.9401473999,84.020324707,0,84.020324707,84.020324707,1
585,391,4,0.01,0.001,0.25,0.1,85.9401473999,0,85.9401473999,85.9401473999,83.6815338135,0,83.6815338135,83.6815338135,1
586,406,4,0.01,0.01,0.25,0.1,85.9401473999,0,85.9401473999,85.9401473999,83.7944641113,0,83.7944641113,83.7944641113,1
587,821,16,0.001,0.001,0.75,0.1,85.9401473999,0,85.9401473999,85.9401473999,84.2461853027,0,84.2461853027,84.2461853027,1
588,934,32,0.01,0.001,0.25,0.7,85.9401473999,0,85.9401473999,85.9401473999,84.020324707,0,84.020324707,84.020324707,1
589,211,2,0.01,0.001,0.25,0.1,85.8836746216,0,85.8836746216,85.8836746216,82.4957580566,0,82.4957580566,82.4957580566,1
590,573,8,0.01,0.001,0.25,0.5,85.8836746216,0,85.8836746216,85.8836746216,83.7944641113,0,83.7944641113,83.7944641113,1
591,796,16,0.001,0.0001,0.25,0.1,85.8836746216,0,85.8836746216,85.8836746216,84.1897201538,0,84.1897201538,84.1897201538,1
592,811,16,0.001,0.001,0.25,0.1,85.8836746216,0,85.8836746216,85.8836746216,84.1897201538,0,84.1897201538,84.1897201538,1
593,836,16,0.001,0.01,0.75,0.1,85.8836746216,0,85.8836746216,85.8836746216,83.9073944092,0,83.9073944092,83.9073944092,1
594,364,4,0.01,0,0.25,0.7,85.8272171021,0,85.8272171021,85.8272171021,82.8910217285,0,82.8910217285,82.8910217285,1
595,558,8,0.01,0.0001,0.25,0.5,85.8272171021,0,85.8272171021,85.8272171021,83.7379989624,0,83.7379989624,83.7379989624,1
596,781,16,0.001,0,0.25,0.1,85.8272171021,0,85.8272171021,85.8272171021,83.6815338135,0,83.6815338135,83.6815338135,1
597,837,16,0.001,0.01,0.75,0.3,85.8272171021,0,85.8272171021,85.8272171021,83.286277771,0,83.286277771,83.286277771,1
598,394,4,0.01,0.001,0.25,0.7,85.7707519531,0,85.7707519531,85.7707519531,83.1733474731,0,83.1733474731,83.1733474731,1
599,816,16,0.001,0.001,0.5,0.1,85.7707519531,0,85.7707519531,85.7707519531,83.6815338135,0,83.6815338135,83.6815338135,1
600,996,32,0.001,0.001,0.5,0.1,85.7707519531,0,85.7707519531,85.7707519531,84.3591156006,0,84.3591156006,84.3591156006,1
601,238,2,0.01,0.01,0.75,0.5,85.7142868042,0,85.7142868042,85.7142868042,83.2298126221,0,83.2298126221,83.2298126221,1
602,275,2,0.001,0.001,0.25,0.9,85.7142868042,0,85.7142868042,85.7142868042,83.8509292603,0,83.8509292603,83.8509292603,1
603,362,4,0.01,0,0.25,0.3,85.7142868042,0,85.7142868042,85.7142868042,83.9073944092,0,83.9073944092,83.9073944092,1
604,379,4,0.01,0.0001,0.25,0.7,85.7142868042,0,85.7142868042,85.7142868042,83.286277771,0,83.286277771,83.286277771,1
605,423,4,0.001,0,0.25,0.5,85.7142868042,0,85.7142868042,85.7142868042,83.9638595581,0,83.9638595581,83.9638595581,1
606,438,4,0.001,0.0001,0.25,0.5,85.7142868042,0,85.7142868042,85.7142868042,83.9638595581,0,83.9638595581,83.9638595581,1
607,453,4,0.001,0.001,0.25,0.5,85.7142868042,0,85.7142868042,85.7142868042,83.9638595581,0,83.9638595581,83.9638595581,1
608,468,4,0.001,0.01,0.25,0.5,85.7142868042,0,85.7142868042,85.7142868042,83.9638595581,0,83.9638595581,83.9638595581,1
609,646,8,0.001,0.01,0.25,0.1,85.7142868042,0,85.7142868042,85.7142868042,83.1733474731,0,83.1733474731,83.1733474731,1
610,708,8,0.0001,0.01,0.25,0.5,85.7142868042,0,85.7142868042,85.7142868042,84.1332550049,0,84.1332550049,84.1332550049,1
611,727,16,0.01,0,0.5,0.3,85.7142868042,0,85.7142868042,85.7142868042,83.6250686646,0,83.6250686646,83.6250686646,1
612,737,16,0.01,0.0001,0.25,0.3,85.7142868042,0,85.7142868042,85.7142868042,83.7379989624,0,83.7379989624,83.7379989624,1
613,742,16,0.01,0.0001,0.5,0.3,85.7142868042,0,85.7142868042,85.7142868042,83.6815338135,0,83.6815338135,83.6815338135,1
614,752,16,0.01,0.001,0.25,0.3,85.7142868042,0,85.7142868042,85.7142868042,83.7379989624,0,83.7379989624,83.7379989624,1
615,245,2,0.001,0,0.25,0.9,85.6578140259,0,85.6578140259,85.6578140259,83.8509292603,0,83.8509292603,83.8509292603,1
616,255,2,0.001,0,0.75,0.9,85.6578140259,0,85.6578140259,85.6578140259,83.3427429199,0,83.3427429199,83.3427429199,1
617,260,2,0.001,0.0001,0.25,0.9,85.6578140259,0,85.6578140259,85.6578140259,83.8509292603,0,83.8509292603,83.8509292603,1
618,270,2,0.001,0.0001,0.75,0.9,85.6578140259,0,85.6578140259,85.6578140259,83.3992080688,0,83.3992080688,83.3992080688,1
619,285,2,0.001,0.001,0.75,0.9,85.6578140259,0,85.6578140259,85.6578140259,83.3992080688,0,83.3992080688,83.3992080688,1
620,377,4,0.01,0.0001,0.25,0.3,85.6578140259,0,85.6578140259,85.6578140259,83.9638595581,0,83.9638595581,83.9638595581,1
621,541,8,0.01,0,0.25,0.1,85.6578140259,0,85.6578140259,85.6578140259,83.4556732178,0,83.4556732178,83.4556732178,1
622,556,8,0.01,0.0001,0.25,0.1,85.6578140259,0,85.6578140259,85.6578140259,83.4556732178,0,83.4556732178,83.4556732178,1
623,571,8,0.01,0.001,0.25,0.1,85.6578140259,0,85.6578140259,85.6578140259,83.4556732178,0,83.4556732178,83.4556732178,1
624,586,8,0.01,0.01,0.25,0.1,85.6578140259,0,85.6578140259,85.6578140259,83.4556732178,0,83.4556732178,83.4556732178,1
625,601,8,0.001,0,0.25,0.1,85.6578140259,0,85.6578140259,85.6578140259,83.3992080688,0,83.3992080688,83.3992080688,1
626,616,8,0.001,0.0001,0.25,0.1,85.6578140259,0,85.6578140259,85.6578140259,83.3427429199,0,83.3427429199,83.3427429199,1
627,631,8,0.001,0.001,0.25,0.1,85.6578140259,0,85.6578140259,85.6578140259,83.2298126221,0,83.2298126221,83.2298126221,1
628,663,8,0.0001,0,0.25,0.5,85.6578140259,0,85.6578140259,85.6578140259,84.1332550049,0,84.1332550049,84.1332550049,1
629,678,8,0.0001,0.0001,0.25,0.5,85.6578140259,0,85.6578140259,85.6578140259,84.1332550049,0,84.1332550049,84.1332550049,1
630,693,8,0.0001,0.001,0.25,0.5,85.6578140259,0,85.6578140259,85.6578140259,84.1332550049,0,84.1332550049,84.1332550049,1
631,722,16,0.01,0,0.25,0.3,85.6578140259,0,85.6578140259,85.6578140259,83.7379989624,0,83.7379989624,83.7379989624,1
632,757,16,0.01,0.001,0.5,0.3,85.6578140259,0,85.6578140259,85.6578140259,83.6815338135,0,83.6815338135,83.6815338135,1
633,767,16,0.01,0.01,0.25,0.3,85.6578140259,0,85.6578140259,85.6578140259,83.6815338135,0,83.6815338135,83.6815338135,1
634,218,2,0.01,0.001,0.5,0.5,85.6013565063,0,85.6013565063,85.6013565063,83.3992080688,0,83.3992080688,83.3992080688,1
635,300,2,0.001,0.01,0.75,0.9,85.6013565063,0,85.6013565063,85.6013565063,83.3427429199,0,83.3427429199,83.3427429199,1
636,363,4,0.01,0,0.25,0.5,85.6013565063,0,85.6013565063,85.6013565063,82.6086959839,0,82.6086959839,82.6086959839,1
637,614,8,0.001,0,0.75,0.7,85.6013565063,0,85.6013565063,85.6013565063,84.4720458984,0,84.4720458984,84.4720458984,1
638,629,8,0.001,0.0001,0.75,0.7,85.6013565063,0,85.6013565063,85.6013565063,84.4720458984,0,84.4720458984,84.4720458984,1
639,644,8,0.001,0.001,0.75,0.7,85.6013565063,0,85.6013565063,85.6013565063,84.4720458984,0,84.4720458984,84.4720458984,1
640,772,16,0.01,0.01,0.5,0.3,85.6013565063,0,85.6013565063,85.6013565063,83.6815338135,0,83.6815338135,83.6815338135,1
641,184,2,0.01,0,0.25,0.7,85.5448913574,0,85.5448913574,85.5448913574,82.4393005371,0,82.4393005371,82.4393005371,1
642,250,2,0.001,0,0.5,0.9,85.5448913574,0,85.5448913574,85.5448913574,83.1168823242,0,83.1168823242,83.1168823242,1
643,290,2,0.001,0.01,0.25,0.9,85.5448913574,0,85.5448913574,85.5448913574,83.8509292603,0,83.8509292603,83.8509292603,1
644,378,4,0.01,0.0001,0.25,0.5,85.5448913574,0,85.5448913574,85.5448913574,82.7216262817,0,82.7216262817,82.7216262817,1
645,659,8,0.001,0.01,0.75,0.7,85.5448913574,0,85.5448913574,85.5448913574,84.5285110474,0,84.5285110474,84.5285110474,1
646,822,16,0.001,0.001,0.75,0.3,85.5448913574,0,85.5448913574,85.5448913574,82.552230835,0,82.552230835,82.552230835,1
647,932,32,0.01,0.001,0.25,0.3,85.5448913574,0,85.5448913574,85.5448913574,83.1733474731,0,83.1733474731,83.1733474731,1
648,966,32,0.001,0,0.5,0.1,85.5448913574,0,85.5448913574,85.5448913574,84.076789856,0,84.076789856,84.076789856,1
649,189,2,0.01,0,0.5,0.7,85.4884185791,0,85.4884185791,85.4884185791,84.1897201538,0,84.1897201538,84.1897201538,1
650,198,2,0.01,0.0001,0.25,0.5,85.4884185791,0,85.4884185791,85.4884185791,83.0039520264,0,83.0039520264,83.0039520264,1
651,265,2,0.001,0.0001,0.5,0.9,85.4884185791,0,85.4884185791,85.4884185791,83.1168823242,0,83.1168823242,83.1168823242,1
652,280,2,0.001,0.001,0.5,0.9,85.4884185791,0,85.4884185791,85.4884185791,83.1168823242,0,83.1168823242,83.1168823242,1
653,295,2,0.001,0.01,0.5,0.9,85.4884185791,0,85.4884185791,85.4884185791,83.1168823242,0,83.1168823242,83.1168823242,1
654,542,8,0.01,0,0.25,0.3,85.4884185791,0,85.4884185791,85.4884185791,83.7944641113,0,83.7944641113,83.7944641113,1
655,554,8,0.01,0,0.75,0.7,85.4884185791,0,85.4884185791,85.4884185791,83.9073944092,0,83.9073944092,83.9073944092,1
656,557,8,0.01,0.0001,0.25,0.3,85.4884185791,0,85.4884185791,85.4884185791,83.7944641113,0,83.7944641113,83.7944641113,1
657,572,8,0.01,0.001,0.25,0.3,85.4884185791,0,85.4884185791,85.4884185791,83.7944641113,0,83.7944641113,83.7944641113,1
658,587,8,0.01,0.01,0.25,0.3,85.4884185791,0,85.4884185791,85.4884185791,83.7379989624,0,83.7379989624,83.7379989624,1
659,981,32,0.001,0.0001,0.5,0.1,85.4884185791,0,85.4884185791,85.4884185791,84.076789856,0,84.076789856,84.076789856,1
660,1128,64,0.01,0.01,0.25,0.5,85.4884185791,0,85.4884185791,85.4884185791,84.4155883789,0,84.4155883789,84.4155883789,1
661,196,2,0.01,0.0001,0.25,0.1,85.4319610596,0,85.4319610596,85.4319610596,82.8345565796,0,82.8345565796,82.8345565796,1
662,213,2,0.01,0.001,0.25,0.5,85.4319610596,0,85.4319610596,85.4319610596,83.4556732178,0,83.4556732178,83.4556732178,1
663,954,32,0.01,0.01,0.5,0.7,85.4319610596,0,85.4319610596,85.4319610596,83.7379989624,0,83.7379989624,83.7379989624,1
664,1186,64,0.001,0.01,0.25,0.1,85.4319610596,0,85.4319610596,85.4319610596,83.9073944092,0,83.9073944092,83.9073944092,1
665,369,4,0.01,0,0.5,0.7,85.3754959106,0,85.3754959106,85.3754959106,83.8509292603,0,83.8509292603,83.8509292603,1
666,547,8,0.01,0,0.5,0.3,85.3190231323,0,85.3190231323,85.3190231323,83.4556732178,0,83.4556732178,83.4556732178,1
667,562,8,0.01,0.0001,0.5,0.3,85.3190231323,0,85.3190231323,85.3190231323,83.4556732178,0,83.4556732178,83.4556732178,1
668,577,8,0.01,0.001,0.5,0.3,85.3190231323,0,85.3190231323,85.3190231323,83.4556732178,0,83.4556732178,83.4556732178,1
669,909,32,0.01,0,0.5,0.7,85.3190231323,0,85.3190231323,85.3190231323,83.7379989624,0,83.7379989624,83.7379989624,1
670,924,32,0.01,0.0001,0.5,0.7,85.3190231323,0,85.3190231323,85.3190231323,83.6815338135,0,83.6815338135,83.6815338135,1
671,939,32,0.01,0.001,0.5,0.7,85.3190231323,0,85.3190231323,85.3190231323,83.7379989624,0,83.7379989624,83.7379989624,1
672,197,2,0.01,0.0001,0.25,0.3,85.2625579834,0,85.2625579834,85.2625579834,83.5121383667,0,83.5121383667,83.5121383667,1
673,424,4,0.001,0,0.25,0.7,85.2625579834,0,85.2625579834,85.2625579834,83.6250686646,0,83.6250686646,83.6250686646,1
674,439,4,0.001,0.0001,0.25,0.7,85.2625579834,0,85.2625579834,85.2625579834,83.6250686646,0,83.6250686646,83.6250686646,1
675,454,4,0.001,0.001,0.25,0.7,85.2625579834,0,85.2625579834,85.2625579834,83.6250686646,0,83.6250686646,83.6250686646,1
676,469,4,0.001,0.01,0.25,0.7,85.2625579834,0,85.2625579834,85.2625579834,83.6250686646,0,83.6250686646,83.6250686646,1
677,181,2,0.01,0,0.25,0.1,85.2061004639,0,85.2061004639,85.2061004639,82.8910217285,0,82.8910217285,82.8910217285,1
678,182,2,0.01,0,0.25,0.3,85.2061004639,0,85.2061004639,85.2061004639,83.1168823242,0,83.1168823242,83.1168823242,1
679,489,4,0.0001,0,0.5,0.7,85.2061004639,0,85.2061004639,85.2061004639,83.5121383667,0,83.5121383667,83.5121383667,1
680,504,4,0.0001,0.0001,0.5,0.7,85.2061004639,0,85.2061004639,85.2061004639,83.5121383667,0,83.5121383667,83.5121383667,1
681,519,4,0.0001,0.001,0.5,0.7,85.2061004639,0,85.2061004639,85.2061004639,83.5121383667,0,83.5121383667,83.5121383667,1
682,534,4,0.0001,0.01,0.5,0.7,85.2061004639,0,85.2061004639,85.2061004639,83.5121383667,0,83.5121383667,83.5121383667,1
683,539,4,0.0001,0.01,0.75,0.7,85.2061004639,0,85.2061004639,85.2061004639,83.286277771,0,83.286277771,83.286277771,1
684,592,8,0.01,0.01,0.5,0.3,85.2061004639,0,85.2061004639,85.2061004639,83.4556732178,0,83.4556732178,83.4556732178,1
685,199,2,0.01,0.0001,0.25,0.7,85.1496353149,0,85.1496353149,85.1496353149,83.286277771,0,83.286277771,83.286277771,1
686,831,16,0.001,0.01,0.5,0.1,85.1496353149,0,85.1496353149,85.1496353149,83.3992080688,0,83.3992080688,83.3992080688,1
687,1141,64,0.001,0,0.25,0.1,85.1496353149,0,85.1496353149,85.1496353149,83.9073944092,0,83.9073944092,83.9073944092,1
688,1156,64,0.001,0.0001,0.25,0.1,85.1496353149,0,85.1496353149,85.1496353149,83.9073944092,0,83.9073944092,83.9073944092,1
689,1171,64,0.001,0.001,0.25,0.1,85.1496353149,0,85.1496353149,85.1496353149,83.9073944092,0,83.9073944092,83.9073944092,1
690,443,4,0.001,0.0001,0.5,0.5,85.0931625366,0,85.0931625366,85.0931625366,83.0604171753,0,83.0604171753,83.0604171753,1
691,458,4,0.001,0.001,0.5,0.5,85.0931625366,0,85.0931625366,85.0931625366,83.0039520264,0,83.0039520264,83.0039520264,1
692,484,4,0.0001,0,0.25,0.7,85.0931625366,0,85.0931625366,85.0931625366,83.3427429199,0,83.3427429199,83.3427429199,1
693,494,4,0.0001,0,0.75,0.7,85.0931625366,0,85.0931625366,85.0931625366,83.0039520264,0,83.0039520264,83.0039520264,1
694,499,4,0.0001,0.0001,0.25,0.7,85.0931625366,0,85.0931625366,85.0931625366,83.3427429199,0,83.3427429199,83.3427429199,1
695,509,4,0.0001,0.0001,0.75,0.7,85.0931625366,0,85.0931625366,85.0931625366,83.0039520264,0,83.0039520264,83.0039520264,1
696,514,4,0.0001,0.001,0.25,0.7,85.0931625366,0,85.0931625366,85.0931625366,83.3427429199,0,83.3427429199,83.3427429199,1
697,524,4,0.0001,0.001,0.75,0.7,85.0931625366,0,85.0931625366,85.0931625366,83.0039520264,0,83.0039520264,83.0039520264,1
698,628,8,0.001,0.0001,0.75,0.5,85.0931625366,0,85.0931625366,85.0931625366,82.8345565796,0,82.8345565796,82.8345565796,1
699,643,8,0.001,0.001,0.75,0.5,85.0931625366,0,85.0931625366,85.0931625366,82.8345565796,0,82.8345565796,82.8345565796,1
700,656,8,0.001,0.01,0.75,0.1,85.0931625366,0,85.0931625366,85.0931625366,82.9474868774,0,82.9474868774,82.9474868774,1
701,667,8,0.0001,0,0.5,0.3,85.0931625366,0,85.0931625366,85.0931625366,82.8910217285,0,82.8910217285,82.8910217285,1
702,682,8,0.0001,0.0001,0.5,0.3,85.0931625366,0,85.0931625366,85.0931625366,82.8910217285,0,82.8910217285,82.8910217285,1
703,697,8,0.0001,0.001,0.5,0.3,85.0931625366,0,85.0931625366,85.0931625366,82.8910217285,0,82.8910217285,82.8910217285,1
704,712,8,0.0001,0.01,0.5,0.3,85.0931625366,0,85.0931625366,85.0931625366,82.9474868774,0,82.9474868774,82.9474868774,1
705,717,8,0.0001,0.01,0.75,0.3,85.0931625366,0,85.0931625366,85.0931625366,82.6086959839,0,82.6086959839,82.6086959839,1
706,801,16,0.001,0.0001,0.5,0.1,85.0931625366,0,85.0931625366,85.0931625366,83.286277771,0,83.286277771,83.286277771,1
707,467,4,0.001,0.01,0.25,0.3,85.0366973877,0,85.0366973877,85.0366973877,83.0039520264,0,83.0039520264,83.0039520264,1
708,529,4,0.0001,0.01,0.25,0.7,85.0366973877,0,85.0366973877,85.0366973877,83.286277771,0,83.286277771,83.286277771,1
709,607,8,0.001,0,0.5,0.3,85.0366973877,0,85.0366973877,85.0366973877,83.1168823242,0,83.1168823242,83.1168823242,1
710,613,8,0.001,0,0.75,0.5,85.0366973877,0,85.0366973877,85.0366973877,82.8345565796,0,82.8345565796,82.8345565796,1
711,622,8,0.001,0.0001,0.5,0.3,85.0366973877,0,85.0366973877,85.0366973877,83.1168823242,0,83.1168823242,83.1168823242,1
712,637,8,0.001,0.001,0.5,0.3,85.0366973877,0,85.0366973877,85.0366973877,83.1733474731,0,83.1733474731,83.1733474731,1
713,672,8,0.0001,0,0.75,0.3,85.0366973877,0,85.0366973877,85.0366973877,82.6086959839,0,82.6086959839,82.6086959839,1
714,687,8,0.0001,0.0001,0.75,0.3,85.0366973877,0,85.0366973877,85.0366973877,82.6086959839,0,82.6086959839,82.6086959839,1
715,702,8,0.0001,0.001,0.75,0.3,85.0366973877,0,85.0366973877,85.0366973877,82.6086959839,0,82.6086959839,82.6086959839,1
716,721,16,0.01,0,0.25,0.1,85.0366973877,0,85.0366973877,85.0366973877,83.1733474731,0,83.1733474731,83.1733474731,1
717,736,16,0.01,0.0001,0.25,0.1,85.0366973877,0,85.0366973877,85.0366973877,83.2298126221,0,83.2298126221,83.2298126221,1
718,751,16,0.01,0.001,0.25,0.1,85.0366973877,0,85.0366973877,85.0366973877,83.2298126221,0,83.2298126221,83.2298126221,1
719,766,16,0.01,0.01,0.25,0.1,85.0366973877,0,85.0366973877,85.0366973877,83.286277771,0,83.286277771,83.286277771,1
720,786,16,0.001,0,0.5,0.1,85.0366973877,0,85.0366973877,85.0366973877,83.286277771,0,83.286277771,83.286277771,1
721,548,8,0.01,0,0.5,0.5,84.9802398682,0,84.9802398682,84.9802398682,83.5121383667,0,83.5121383667,83.5121383667,1
722,563,8,0.01,0.0001,0.5,0.5,84.9802398682,0,84.9802398682,84.9802398682,83.4556732178,0,83.4556732178,83.4556732178,1
723,578,8,0.01,0.001,0.5,0.5,84.9802398682,0,84.9802398682,84.9802398682,83.5121383667,0,83.5121383667,83.5121383667,1
724,658,8,0.001,0.01,0.75,0.5,84.9802398682,0,84.9802398682,84.9802398682,82.6651611328,0,82.6651611328,82.6651611328,1
725,726,16,0.01,0,0.5,0.1,84.9802398682,0,84.9802398682,84.9802398682,83.3427429199,0,83.3427429199,83.3427429199,1
726,741,16,0.01,0.0001,0.5,0.1,84.9802398682,0,84.9802398682,84.9802398682,83.3992080688,0,83.3992080688,83.3992080688,1
727,756,16,0.01,0.001,0.5,0.1,84.9802398682,0,84.9802398682,84.9802398682,83.3992080688,0,83.3992080688,83.3992080688,1
728,771,16,0.01,0.01,0.5,0.1,84.9802398682,0,84.9802398682,84.9802398682,83.3992080688,0,83.3992080688,83.3992080688,1
729,946,32,0.01,0.01,0.25,0.1,84.9802398682,0,84.9802398682,84.9802398682,83.3427429199,0,83.3427429199,83.3427429199,1
730,422,4,0.001,0,0.25,0.3,84.9237670898,0,84.9237670898,84.9237670898,84.1332550049,0,84.1332550049,84.1332550049,1
731,437,4,0.001,0.0001,0.25,0.3,84.9237670898,0,84.9237670898,84.9237670898,84.1332550049,0,84.1332550049,84.1332550049,1
732,452,4,0.001,0.001,0.25,0.3,84.9237670898,0,84.9237670898,84.9237670898,84.1332550049,0,84.1332550049,84.1332550049,1
733,652,8,0.001,0.01,0.5,0.3,84.9237670898,0,84.9237670898,84.9237670898,82.8345565796,0,82.8345565796,82.8345565796,1
734,1127,64,0.01,0.01,0.25,0.3,84.8673019409,0,84.8673019409,84.8673019409,82.6086959839,0,82.6086959839,82.6086959839,1
735,473,4,0.001,0.01,0.5,0.5,84.8108444214,0,84.8108444214,84.8108444214,83.0604171753,0,83.0604171753,83.0604171753,1
736,666,8,0.0001,0,0.5,0.1,84.8108444214,0,84.8108444214,84.8108444214,82.552230835,0,82.552230835,82.552230835,1
737,681,8,0.0001,0.0001,0.5,0.1,84.8108444214,0,84.8108444214,84.8108444214,82.552230835,0,82.552230835,82.552230835,1
738,696,8,0.0001,0.001,0.5,0.1,84.8108444214,0,84.8108444214,84.8108444214,82.552230835,0,82.552230835,82.552230835,1
739,711,8,0.0001,0.01,0.5,0.1,84.8108444214,0,84.8108444214,84.8108444214,82.552230835,0,82.552230835,82.552230835,1
740,918,32,0.01,0.0001,0.25,0.5,84.8108444214,0,84.8108444214,84.8108444214,82.7780914307,0,82.7780914307,82.7780914307,1
741,944,32,0.01,0.001,0.75,0.7,84.8108444214,0,84.8108444214,84.8108444214,82.7780914307,0,82.7780914307,82.7780914307,1
742,209,2,0.01,0.0001,0.75,0.7,84.7543716431,0,84.7543716431,84.7543716431,83.1168823242,0,83.1168823242,83.1168823242,1
743,404,4,0.01,0.001,0.75,0.7,84.7543716431,0,84.7543716431,84.7543716431,82.1005020142,0,82.1005020142,82.1005020142,1
744,428,4,0.001,0,0.5,0.5,84.7543716431,0,84.7543716431,84.7543716431,83.0604171753,0,83.0604171753,83.0604171753,1
745,546,8,0.01,0,0.5,0.1,84.6979064941,0,84.6979064941,84.6979064941,83.286277771,0,83.286277771,83.286277771,1
746,561,8,0.01,0.0001,0.5,0.1,84.6979064941,0,84.6979064941,84.6979064941,83.3427429199,0,83.3427429199,83.3427429199,1
747,576,8,0.01,0.001,0.5,0.1,84.6979064941,0,84.6979064941,84.6979064941,83.3427429199,0,83.3427429199,83.3427429199,1
748,764,16,0.01,0.001,0.75,0.7,84.6979064941,0,84.6979064941,84.6979064941,83.3992080688,0,83.3992080688,83.3992080688,1
749,421,4,0.001,0,0.25,0.1,84.6414413452,0,84.6414413452,84.6414413452,83.0039520264,0,83.0039520264,83.0039520264,1
750,436,4,0.001,0.0001,0.25,0.1,84.6414413452,0,84.6414413452,84.6414413452,83.0039520264,0,83.0039520264,83.0039520264,1
751,451,4,0.001,0.001,0.25,0.1,84.6414413452,0,84.6414413452,84.6414413452,83.0039520264,0,83.0039520264,83.0039520264,1
752,466,4,0.001,0.01,0.25,0.1,84.6414413452,0,84.6414413452,84.6414413452,83.0039520264,0,83.0039520264,83.0039520264,1
753,591,8,0.01,0.01,0.5,0.1,84.6414413452,0,84.6414413452,84.6414413452,83.3992080688,0,83.3992080688,83.3992080688,1
754,749,16,0.01,0.0001,0.75,0.7,84.6414413452,0,84.6414413452,84.6414413452,83.3992080688,0,83.3992080688,83.3992080688,1
755,779,16,0.01,0.01,0.75,0.7,84.6414413452,0,84.6414413452,84.6414413452,83.4556732178,0,83.4556732178,83.4556732178,1
756,791,16,0.001,0,0.75,0.1,84.6414413452,0,84.6414413452,84.6414413452,83.1733474731,0,83.1733474731,83.1733474731,1
757,366,4,0.01,0,0.5,0.1,84.5849838257,0,84.5849838257,84.5849838257,82.6651611328,0,82.6651611328,82.6651611328,1
758,381,4,0.01,0.0001,0.5,0.1,84.5849838257,0,84.5849838257,84.5849838257,82.8345565796,0,82.8345565796,82.8345565796,1
759,396,4,0.01,0.001,0.5,0.1,84.5849838257,0,84.5849838257,84.5849838257,82.7780914307,0,82.7780914307,82.7780914307,1
760,479,4,0.001,0.01,0.75,0.7,84.5849838257,0,84.5849838257,84.5849838257,82.7216262817,0,82.7216262817,82.7216262817,1
761,569,8,0.01,0.0001,0.75,0.7,84.5849838257,0,84.5849838257,84.5849838257,83.5121383667,0,83.5121383667,83.5121383667,1
762,662,8,0.0001,0,0.25,0.3,84.5849838257,0,84.5849838257,84.5849838257,83.286277771,0,83.286277771,83.286277771,1
763,677,8,0.0001,0.0001,0.25,0.3,84.5849838257,0,84.5849838257,84.5849838257,83.286277771,0,83.286277771,83.286277771,1
764,692,8,0.0001,0.001,0.25,0.3,84.5849838257,0,84.5849838257,84.5849838257,83.286277771,0,83.286277771,83.286277771,1
765,734,16,0.01,0,0.75,0.7,84.5849838257,0,84.5849838257,84.5849838257,83.3992080688,0,83.3992080688,83.3992080688,1
766,903,32,0.01,0,0.25,0.5,84.5849838257,0,84.5849838257,84.5849838257,82.6086959839,0,82.6086959839,82.6086959839,1
767,933,32,0.01,0.001,0.25,0.5,84.5849838257,0,84.5849838257,84.5849838257,83.1733474731,0,83.1733474731,83.1733474731,1
768,449,4,0.001,0.0001,0.75,0.7,84.5285110474,0,84.5285110474,84.5285110474,82.6086959839,0,82.6086959839,82.6086959839,1
769,464,4,0.001,0.001,0.75,0.7,84.5285110474,0,84.5285110474,84.5285110474,82.6651611328,0,82.6651611328,82.6651611328,1
770,707,8,0.0001,0.01,0.25,0.3,84.5285110474,0,84.5285110474,84.5285110474,83.1733474731,0,83.1733474731,83.1733474731,1
771,914,32,0.01,0,0.75,0.7,84.5285110474,0,84.5285110474,84.5285110474,82.4393005371,0,82.4393005371,82.4393005371,1
772,923,32,0.01,0.0001,0.5,0.5,84.5285110474,0,84.5285110474,84.5285110474,83.2298126221,0,83.2298126221,83.2298126221,1
773,938,32,0.01,0.001,0.5,0.5,84.5285110474,0,84.5285110474,84.5285110474,83.2298126221,0,83.2298126221,83.2298126221,1
774,203,2,0.01,0.0001,0.5,0.5,84.4720458984,0,84.4720458984,84.4720458984,83.3427429199,0,83.3427429199,83.3427429199,1
775,383,4,0.01,0.0001,0.5,0.5,84.4720458984,0,84.4720458984,84.4720458984,82.3263702393,0,82.3263702393,82.3263702393,1
776,411,4,0.01,0.01,0.5,0.1,84.4720458984,0,84.4720458984,84.4720458984,82.7216262817,0,82.7216262817,82.7216262817,1
777,60,0,0.01,0.01,0.75,0.9,84.4155883789,0,84.4155883789,84.4155883789,82.7780914307,0,82.7780914307,82.7780914307,1
778,188,2,0.01,0,0.5,0.5,84.4155883789,0,84.4155883789,84.4155883789,83.0039520264,0,83.0039520264,83.0039520264,1
779,367,4,0.01,0,0.5,0.3,84.4155883789,0,84.4155883789,84.4155883789,82.6651611328,0,82.6651611328,82.6651611328,1
780,382,4,0.01,0.0001,0.5,0.3,84.4155883789,0,84.4155883789,84.4155883789,82.7216262817,0,82.7216262817,82.7216262817,1
781,1119,64,0.01,0.001,0.5,0.7,84.4155883789,0,84.4155883789,84.4155883789,83.286277771,0,83.286277771,83.286277771,1
782,194,2,0.01,0,0.75,0.7,84.3591156006,0,84.3591156006,84.3591156006,83.3427429199,0,83.3427429199,83.3427429199,1
783,368,4,0.01,0,0.5,0.5,84.3591156006,0,84.3591156006,84.3591156006,82.6086959839,0,82.6086959839,82.6086959839,1
784,389,4,0.01,0.0001,0.75,0.7,84.3026504517,0,84.3026504517,84.3026504517,81.7052459717,0,81.7052459717,81.7052459717,1
785,929,32,0.01,0.0001,0.75,0.7,84.3026504517,0,84.3026504517,84.3026504517,82.6651611328,0,82.6651611328,82.6651611328,1
786,434,4,0.001,0,0.75,0.7,84.2461853027,0,84.2461853027,84.2461853027,82.2698974609,0,82.2698974609,82.2698974609,1
787,671,8,0.0001,0,0.75,0.1,84.2461853027,0,84.2461853027,84.2461853027,81.5358505249,0,81.5358505249,81.5358505249,1
788,686,8,0.0001,0.0001,0.75,0.1,84.2461853027,0,84.2461853027,84.2461853027,81.5923233032,0,81.5923233032,81.5923233032,1
789,701,8,0.0001,0.001,0.75,0.1,84.2461853027,0,84.2461853027,84.2461853027,81.5358505249,0,81.5358505249,81.5358505249,1
790,716,8,0.0001,0.01,0.75,0.1,84.2461853027,0,84.2461853027,84.2461853027,81.5358505249,0,81.5358505249,81.5358505249,1
791,329,2,0.0001,0.0001,0.75,0.7,84.1897201538,0,84.1897201538,84.1897201538,81.5923233032,0,81.5923233032,81.5923233032,1
792,374,4,0.01,0,0.75,0.7,84.1897201538,0,84.1897201538,84.1897201538,82.2134399414,0,82.2134399414,82.2134399414,1
793,472,4,0.001,0.01,0.5,0.3,84.1897201538,0,84.1897201538,84.1897201538,81.8181838989,0,81.8181838989,81.8181838989,1
794,474,4,0.001,0.01,0.5,0.7,84.1897201538,0,84.1897201538,84.1897201538,82.4393005371,0,82.4393005371,82.4393005371,1
795,488,4,0.0001,0,0.5,0.5,84.1897201538,0,84.1897201538,84.1897201538,81.9311065674,0,81.9311065674,81.9311065674,1
796,503,4,0.0001,0.0001,0.5,0.5,84.1897201538,0,84.1897201538,84.1897201538,81.9311065674,0,81.9311065674,81.9311065674,1
797,518,4,0.0001,0.001,0.5,0.5,84.1897201538,0,84.1897201538,84.1897201538,81.9311065674,0,81.9311065674,81.9311065674,1
798,661,8,0.0001,0,0.25,0.1,84.1897201538,0,84.1897201538,84.1897201538,82.3263702393,0,82.3263702393,82.3263702393,1
799,676,8,0.0001,0.0001,0.25,0.1,84.1897201538,0,84.1897201538,84.1897201538,82.3263702393,0,82.3263702393,82.3263702393,1
800,691,8,0.0001,0.001,0.25,0.1,84.1897201538,0,84.1897201538,84.1897201538,82.3263702393,0,82.3263702393,82.3263702393,1
801,706,8,0.0001,0.01,0.25,0.1,84.1897201538,0,84.1897201538,84.1897201538,82.3263702393,0,82.3263702393,82.3263702393,1
802,202,2,0.01,0.0001,0.5,0.3,84.1332550049,0,84.1332550049,84.1332550049,82.2698974609,0,82.2698974609,82.2698974609,1
803,217,2,0.01,0.001,0.5,0.3,84.1332550049,0,84.1332550049,84.1332550049,82.3263702393,0,82.3263702393,82.3263702393,1
804,429,4,0.001,0,0.5,0.7,84.1332550049,0,84.1332550049,84.1332550049,82.4393005371,0,82.4393005371,82.4393005371,1
805,442,4,0.001,0.0001,0.5,0.3,84.1332550049,0,84.1332550049,84.1332550049,81.8181838989,0,81.8181838989,81.8181838989,1
806,444,4,0.001,0.0001,0.5,0.7,84.1332550049,0,84.1332550049,84.1332550049,82.4393005371,0,82.4393005371,82.4393005371,1
807,457,4,0.001,0.001,0.5,0.3,84.1332550049,0,84.1332550049,84.1332550049,81.76171875,0,81.76171875,81.76171875,1
808,459,4,0.001,0.001,0.5,0.7,84.1332550049,0,84.1332550049,84.1332550049,82.4393005371,0,82.4393005371,82.4393005371,1
809,533,4,0.0001,0.01,0.5,0.5,84.1332550049,0,84.1332550049,84.1332550049,81.9311065674,0,81.9311065674,81.9311065674,1
810,187,2,0.01,0,0.5,0.3,84.076789856,0,84.076789856,84.076789856,82.4393005371,0,82.4393005371,82.4393005371,1
811,314,2,0.0001,0,0.75,0.7,84.076789856,0,84.076789856,84.076789856,81.4229278564,0,81.4229278564,81.4229278564,1
812,359,2,0.0001,0.01,0.75,0.7,84.076789856,0,84.076789856,84.076789856,81.5923233032,0,81.5923233032,81.5923233032,1
813,427,4,0.001,0,0.5,0.3,84.076789856,0,84.076789856,84.076789856,81.76171875,0,81.76171875,81.76171875,1
814,483,4,0.0001,0,0.25,0.5,84.076789856,0,84.076789856,84.076789856,81.3664550781,0,81.3664550781,81.3664550781,1
815,493,4,0.0001,0,0.75,0.5,84.076789856,0,84.076789856,84.076789856,81.9875793457,0,81.9875793457,81.9875793457,1
816,498,4,0.0001,0.0001,0.25,0.5,84.076789856,0,84.076789856,84.076789856,81.3664550781,0,81.3664550781,81.3664550781,1
817,508,4,0.0001,0.0001,0.75,0.5,84.076789856,0,84.076789856,84.076789856,81.8746414185,0,81.8746414185,81.8746414185,1
818,528,4,0.0001,0.01,0.25,0.5,84.076789856,0,84.076789856,84.076789856,81.3099899292,0,81.3099899292,81.3099899292,1
819,513,4,0.0001,0.001,0.25,0.5,84.020324707,0,84.020324707,84.020324707,81.4229278564,0,81.4229278564,81.4229278564,1
820,523,4,0.0001,0.001,0.75,0.5,84.020324707,0,84.020324707,84.020324707,81.8746414185,0,81.8746414185,81.8746414185,1
821,538,4,0.0001,0.01,0.75,0.5,84.020324707,0,84.020324707,84.020324707,81.9875793457,0,81.9875793457,81.9875793457,1
822,606,8,0.001,0,0.5,0.1,84.020324707,0,84.020324707,84.020324707,81.76171875,0,81.76171875,81.76171875,1
823,621,8,0.001,0.0001,0.5,0.1,84.020324707,0,84.020324707,84.020324707,81.7052459717,0,81.7052459717,81.7052459717,1
824,636,8,0.001,0.001,0.5,0.1,84.020324707,0,84.020324707,84.020324707,81.7052459717,0,81.7052459717,81.7052459717,1
825,651,8,0.001,0.01,0.5,0.1,84.020324707,0,84.020324707,84.020324707,81.8181838989,0,81.8181838989,81.8181838989,1
826,908,32,0.01,0,0.5,0.5,84.020324707,0,84.020324707,84.020324707,83.1168823242,0,83.1168823242,83.1168823242,1
827,344,2,0.0001,0.001,0.75,0.7,83.9638595581,0,83.9638595581,83.9638595581,81.5358505249,0,81.5358505249,81.5358505249,1
828,216,2,0.01,0.001,0.5,0.1,83.9073944092,0,83.9073944092,83.9073944092,82.3263702393,0,82.3263702393,82.3263702393,1
829,263,2,0.001,0.0001,0.5,0.5,83.7944641113,0,83.7944641113,83.7944641113,81.8746414185,0,81.8746414185,81.8746414185,1
830,278,2,0.001,0.001,0.5,0.5,83.7944641113,0,83.7944641113,83.7944641113,81.5923233032,0,81.5923233032,81.5923233032,1
831,293,2,0.001,0.01,0.5,0.5,83.7944641113,0,83.7944641113,83.7944641113,81.9875793457,0,81.9875793457,81.9875793457,1
832,201,2,0.01,0.0001,0.5,0.1,83.7379989624,0,83.7379989624,83.7379989624,82.2698974609,0,82.2698974609,82.2698974609,1
833,269,2,0.001,0.0001,0.75,0.7,83.7379989624,0,83.7379989624,83.7379989624,81.027671814,0,81.027671814,81.027671814,1
834,931,32,0.01,0.001,0.25,0.1,83.7379989624,0,83.7379989624,83.7379989624,82.1569747925,0,82.1569747925,82.1569747925,1
835,254,2,0.001,0,0.75,0.7,83.6815338135,0,83.6815338135,83.6815338135,80.8582687378,0,80.8582687378,80.8582687378,1
836,248,2,0.001,0,0.5,0.5,83.6250686646,0,83.6250686646,83.6250686646,82.1569747925,0,82.1569747925,82.1569747925,1
837,299,2,0.001,0.01,0.75,0.7,83.6250686646,0,83.6250686646,83.6250686646,80.9711990356,0,80.9711990356,80.9711990356,1
838,611,8,0.001,0,0.75,0.1,83.6250686646,0,83.6250686646,83.6250686646,80.7453384399,0,80.7453384399,80.7453384399,1
839,626,8,0.001,0.0001,0.75,0.1,83.6250686646,0,83.6250686646,83.6250686646,80.8582687378,0,80.8582687378,80.8582687378,1
840,29,0,0.01,0.0001,0.75,0.7,83.5686035156,0,83.5686035156,83.5686035156,80.7453384399,0,80.7453384399,80.7453384399,1
841,186,2,0.01,0,0.5,0.1,83.5686035156,0,83.5686035156,83.5686035156,82.3828353882,0,82.3828353882,82.3828353882,1
842,284,2,0.001,0.001,0.75,0.7,83.5686035156,0,83.5686035156,83.5686035156,81.2535247803,0,81.2535247803,81.2535247803,1
843,309,2,0.0001,0,0.5,0.7,83.5686035156,0,83.5686035156,83.5686035156,81.0841293335,0,81.0841293335,81.0841293335,1
844,532,4,0.0001,0.01,0.5,0.3,83.5686035156,0,83.5686035156,83.5686035156,80.9711990356,0,80.9711990356,80.9711990356,1
845,641,8,0.001,0.001,0.75,0.1,83.5686035156,0,83.5686035156,83.5686035156,80.7453384399,0,80.7453384399,80.7453384399,1
846,324,2,0.0001,0.0001,0.5,0.7,83.5121383667,0,83.5121383667,83.5121383667,81.0841293335,0,81.0841293335,81.0841293335,1
847,339,2,0.0001,0.001,0.5,0.7,83.5121383667,0,83.5121383667,83.5121383667,81.1405944824,0,81.1405944824,81.1405944824,1
848,502,4,0.0001,0.0001,0.5,0.3,83.5121383667,0,83.5121383667,83.5121383667,80.9147338867,0,80.9147338867,80.9147338867,1
849,517,4,0.0001,0.001,0.5,0.3,83.5121383667,0,83.5121383667,83.5121383667,80.9147338867,0,80.9147338867,80.9147338867,1
850,901,32,0.01,0,0.25,0.1,83.5121383667,0,83.5121383667,83.5121383667,81.7052459717,0,81.7052459717,81.7052459717,1
851,917,32,0.01,0.0001,0.25,0.3,83.5121383667,0,83.5121383667,83.5121383667,81.76171875,0,81.76171875,81.76171875,1
852,354,2,0.0001,0.01,0.5,0.7,83.4556732178,0,83.4556732178,83.4556732178,81.027671814,0,81.027671814,81.027671814,1
853,456,4,0.001,0.001,0.5,0.1,83.4556732178,0,83.4556732178,83.4556732178,81.3664550781,0,81.3664550781,81.3664550781,1
854,487,4,0.0001,0,0.5,0.3,83.4556732178,0,83.4556732178,83.4556732178,80.9147338867,0,80.9147338867,80.9147338867,1
855,426,4,0.001,0,0.5,0.1,83.3992080688,0,83.3992080688,83.3992080688,81.3664550781,0,81.3664550781,81.3664550781,1
856,441,4,0.001,0.0001,0.5,0.1,83.3427429199,0,83.3427429199,83.3427429199,81.3664550781,0,81.3664550781,81.3664550781,1
857,471,4,0.001,0.01,0.5,0.1,83.3427429199,0,83.3427429199,83.3427429199,81.479385376,0,81.479385376,81.479385376,1
858,537,4,0.0001,0.01,0.75,0.3,83.286277771,0,83.286277771,83.286277771,80.8582687378,0,80.8582687378,80.8582687378,1
859,916,32,0.01,0.0001,0.25,0.1,83.286277771,0,83.286277771,83.286277771,81.3664550781,0,81.3664550781,81.3664550781,1
860,349,2,0.0001,0.01,0.25,0.7,83.2298126221,0,83.2298126221,83.2298126221,80.6324157715,0,80.6324157715,80.6324157715,1
861,522,4,0.0001,0.001,0.75,0.3,83.2298126221,0,83.2298126221,83.2298126221,80.8582687378,0,80.8582687378,80.8582687378,1
862,902,32,0.01,0,0.25,0.3,83.2298126221,0,83.2298126221,83.2298126221,81.5923233032,0,81.5923233032,81.5923233032,1
863,193,2,0.01,0,0.75,0.5,83.1733474731,0,83.1733474731,83.1733474731,81.1970672607,0,81.1970672607,81.1970672607,1
864,319,2,0.0001,0.0001,0.25,0.7,83.1733474731,0,83.1733474731,83.1733474731,80.7453384399,0,80.7453384399,80.7453384399,1
865,334,2,0.0001,0.001,0.25,0.7,83.1733474731,0,83.1733474731,83.1733474731,80.7453384399,0,80.7453384399,80.7453384399,1
866,482,4,0.0001,0,0.25,0.3,83.1733474731,0,83.1733474731,83.1733474731,79.8418960571,0,79.8418960571,79.8418960571,1
867,497,4,0.0001,0.0001,0.25,0.3,83.1733474731,0,83.1733474731,83.1733474731,79.8418960571,0,79.8418960571,79.8418960571,1
868,512,4,0.0001,0.001,0.25,0.3,83.1733474731,0,83.1733474731,83.1733474731,79.8418960571,0,79.8418960571,79.8418960571,1
869,527,4,0.0001,0.01,0.25,0.3,83.1733474731,0,83.1733474731,83.1733474731,79.8418960571,0,79.8418960571,79.8418960571,1
870,304,2,0.0001,0,0.25,0.7,83.1168823242,0,83.1168823242,83.1168823242,80.8582687378,0,80.8582687378,80.8582687378,1
871,223,2,0.01,0.001,0.75,0.5,83.0604171753,0,83.0604171753,83.0604171753,81.1405944824,0,81.1405944824,81.1405944824,1
872,249,2,0.001,0,0.5,0.7,83.0604171753,0,83.0604171753,83.0604171753,81.479385376,0,81.479385376,81.479385376,1
873,264,2,0.001,0.0001,0.5,0.7,83.0039520264,0,83.0039520264,83.0039520264,81.5923233032,0,81.5923233032,81.5923233032,1
874,277,2,0.001,0.001,0.5,0.3,83.0039520264,0,83.0039520264,83.0039520264,80.4630126953,0,80.4630126953,80.4630126953,1
875,279,2,0.001,0.001,0.5,0.7,83.0039520264,0,83.0039520264,83.0039520264,81.5923233032,0,81.5923233032,81.5923233032,1
876,15,0,0.01,0,0.75,0.9,82.9474868774,0,82.9474868774,82.9474868774,80.9711990356,0,80.9711990356,80.9711990356,1
877,30,0,0.01,0.0001,0.75,0.9,82.9474868774,0,82.9474868774,82.9474868774,81.8181838989,0,81.8181838989,81.8181838989,1
878,44,0,0.01,0.001,0.75,0.7,82.9474868774,0,82.9474868774,82.9474868774,79.954826355,0,79.954826355,79.954826355,1
879,262,2,0.001,0.0001,0.5,0.3,82.9474868774,0,82.9474868774,82.9474868774,80.5759429932,0,80.5759429932,80.5759429932,1
880,294,2,0.001,0.01,0.5,0.7,82.9474868774,0,82.9474868774,82.9474868774,81.5923233032,0,81.5923233032,81.5923233032,1
881,507,4,0.0001,0.0001,0.75,0.3,82.9474868774,0,82.9474868774,82.9474868774,81.027671814,0,81.027671814,81.027671814,1
882,1098,64,0.01,0.0001,0.25,0.5,82.9474868774,0,82.9474868774,82.9474868774,81.4229278564,0,81.4229278564,81.4229278564,1
883,59,0,0.01,0.01,0.75,0.7,82.8910217285,0,82.8910217285,82.8910217285,80.688873291,0,80.688873291,80.688873291,1
884,292,2,0.001,0.01,0.5,0.3,82.8910217285,0,82.8910217285,82.8910217285,81.0841293335,0,81.0841293335,81.0841293335,1
885,492,4,0.0001,0,0.75,0.3,82.8910217285,0,82.8910217285,82.8910217285,81.027671814,0,81.027671814,81.027671814,1
886,244,2,0.001,0,0.25,0.7,82.8345565796,0,82.8345565796,82.8345565796,81.7052459717,0,81.7052459717,81.7052459717,1
887,259,2,0.001,0.0001,0.25,0.7,82.8345565796,0,82.8345565796,82.8345565796,81.7052459717,0,81.7052459717,81.7052459717,1
888,274,2,0.001,0.001,0.25,0.7,82.8345565796,0,82.8345565796,82.8345565796,81.7052459717,0,81.7052459717,81.7052459717,1
889,289,2,0.001,0.01,0.25,0.7,82.8345565796,0,82.8345565796,82.8345565796,81.7052459717,0,81.7052459717,81.7052459717,1
890,463,4,0.001,0.001,0.75,0.5,82.8345565796,0,82.8345565796,82.8345565796,80.1242218018,0,80.1242218018,80.1242218018,1
891,1113,64,0.01,0.001,0.25,0.5,82.8345565796,0,82.8345565796,82.8345565796,81.5358505249,0,81.5358505249,81.5358505249,1
892,45,0,0.01,0.001,0.75,0.9,82.7780914307,0,82.7780914307,82.7780914307,81.9311065674,0,81.9311065674,81.9311065674,1
893,247,2,0.001,0,0.5,0.3,82.7780914307,0,82.7780914307,82.7780914307,81.027671814,0,81.027671814,81.027671814,1
894,433,4,0.001,0,0.75,0.5,82.7780914307,0,82.7780914307,82.7780914307,80.0112915039,0,80.0112915039,80.0112915039,1
895,448,4,0.001,0.0001,0.75,0.5,82.7780914307,0,82.7780914307,82.7780914307,79.8983612061,0,79.8983612061,79.8983612061,1
896,208,2,0.01,0.0001,0.75,0.5,82.7216262817,0,82.7216262817,82.7216262817,80.8018035889,0,80.8018035889,80.8018035889,1
897,531,4,0.0001,0.01,0.5,0.1,82.7216262817,0,82.7216262817,82.7216262817,79.5031051636,0,79.5031051636,79.5031051636,1
898,1083,64,0.01,0,0.25,0.5,82.7216262817,0,82.7216262817,82.7216262817,81.6487884521,0,81.6487884521,81.6487884521,1
899,478,4,0.001,0.01,0.75,0.5,82.6651611328,0,82.6651611328,82.6651611328,80.0112915039,0,80.0112915039,80.0112915039,1
900,1089,64,0.01,0,0.5,0.7,82.6651611328,0,82.6651611328,82.6651611328,81.9875793457,0,81.9875793457,81.9875793457,1
901,1104,64,0.01,0.0001,0.5,0.7,82.6651611328,0,82.6651611328,82.6651611328,81.8746414185,0,81.8746414185,81.8746414185,1
902,486,4,0.0001,0,0.5,0.1,82.6086959839,0,82.6086959839,82.6086959839,79.4466400146,0,79.4466400146,79.4466400146,1
903,501,4,0.0001,0.0001,0.5,0.1,82.6086959839,0,82.6086959839,82.6086959839,79.4466400146,0,79.4466400146,79.4466400146,1
904,516,4,0.0001,0.001,0.5,0.1,82.6086959839,0,82.6086959839,82.6086959839,79.3901748657,0,79.3901748657,79.3901748657,1
905,261,2,0.001,0.0001,0.5,0.1,82.4393005371,0,82.4393005371,82.4393005371,80.8582687378,0,80.8582687378,80.8582687378,1
906,291,2,0.001,0.01,0.5,0.1,82.4393005371,0,82.4393005371,82.4393005371,80.8018035889,0,80.8018035889,80.8018035889,1
907,276,2,0.001,0.001,0.5,0.1,82.3828353882,0,82.3828353882,82.3828353882,80.8018035889,0,80.8018035889,80.8018035889,1
908,348,2,0.0001,0.01,0.25,0.5,82.3828353882,0,82.3828353882,82.3828353882,79.6160354614,0,79.6160354614,79.6160354614,1
909,481,4,0.0001,0,0.25,0.1,82.3828353882,0,82.3828353882,82.3828353882,79.5031051636,0,79.5031051636,79.5031051636,1
910,496,4,0.0001,0.0001,0.25,0.1,82.3828353882,0,82.3828353882,82.3828353882,79.5031051636,0,79.5031051636,79.5031051636,1
911,511,4,0.0001,0.001,0.25,0.1,82.3828353882,0,82.3828353882,82.3828353882,79.5031051636,0,79.5031051636,79.5031051636,1
912,246,2,0.001,0,0.5,0.1,82.3263702393,0,82.3263702393,82.3263702393,81.027671814,0,81.027671814,81.027671814,1
913,526,4,0.0001,0.01,0.25,0.1,82.3263702393,0,82.3263702393,82.3263702393,79.5595703125,0,79.5595703125,79.5595703125,1
914,642,8,0.001,0.001,0.75,0.3,82.3263702393,0,82.3263702393,82.3263702393,80.0112915039,0,80.0112915039,80.0112915039,1
915,185,2,0.01,0,0.25,0.9,82.2698974609,0,82.2698974609,82.2698974609,81.1970672607,0,81.1970672607,81.1970672607,1
916,200,2,0.01,0.0001,0.25,0.9,82.2698974609,0,82.2698974609,82.2698974609,81.1970672607,0,81.1970672607,81.1970672607,1
917,215,2,0.01,0.001,0.25,0.9,82.2698974609,0,82.2698974609,82.2698974609,81.1970672607,0,81.1970672607,81.1970672607,1
918,313,2,0.0001,0,0.75,0.5,82.2698974609,0,82.2698974609,82.2698974609,79.4466400146,0,79.4466400146,79.4466400146,1
919,627,8,0.001,0.0001,0.75,0.3,82.2698974609,0,82.2698974609,82.2698974609,80.0112915039,0,80.0112915039,80.0112915039,1
920,612,8,0.001,0,0.75,0.3,82.2134399414,0,82.2134399414,82.2134399414,80.0677566528,0,80.0677566528,80.0677566528,1
921,328,2,0.0001,0.0001,0.75,0.5,82.1005020142,0,82.1005020142,82.1005020142,79.4466400146,0,79.4466400146,79.4466400146,1
922,657,8,0.001,0.01,0.75,0.3,82.1005020142,0,82.1005020142,82.1005020142,80.0112915039,0,80.0112915039,80.0112915039,1
923,733,16,0.01,0,0.75,0.5,82.1005020142,0,82.1005020142,82.1005020142,80.8018035889,0,80.8018035889,80.8018035889,1
924,748,16,0.01,0.0001,0.75,0.5,82.1005020142,0,82.1005020142,82.1005020142,80.8582687378,0,80.8582687378,80.8582687378,1
925,763,16,0.01,0.001,0.75,0.5,82.1005020142,0,82.1005020142,82.1005020142,80.8582687378,0,80.8582687378,80.8582687378,1
926,343,2,0.0001,0.001,0.75,0.5,82.0440444946,0,82.0440444946,82.0440444946,79.0513839722,0,79.0513839722,79.0513839722,1
927,358,2,0.0001,0.01,0.75,0.5,82.0440444946,0,82.0440444946,82.0440444946,78.9949188232,0,78.9949188232,78.9949188232,1
928,778,16,0.01,0.01,0.75,0.5,82.0440444946,0,82.0440444946,82.0440444946,80.8018035889,0,80.8018035889,80.8018035889,1
929,308,2,0.0001,0,0.5,0.5,81.9311065674,0,81.9311065674,81.9311065674,79.2207794189,0,79.2207794189,79.2207794189,1
930,288,2,0.001,0.01,0.25,0.5,81.8746414185,0,81.8746414185,81.8746414185,80.8018035889,0,80.8018035889,80.8018035889,1
931,243,2,0.001,0,0.25,0.5,81.8181838989,0,81.8181838989,81.8181838989,80.7453384399,0,80.7453384399,80.7453384399,1
932,258,2,0.001,0.0001,0.25,0.5,81.8181838989,0,81.8181838989,81.8181838989,80.6324157715,0,80.6324157715,80.6324157715,1
933,318,2,0.0001,0.0001,0.25,0.5,81.8181838989,0,81.8181838989,81.8181838989,79.3337097168,0,79.3337097168,79.3337097168,1
934,323,2,0.0001,0.0001,0.5,0.5,81.8181838989,0,81.8181838989,81.8181838989,79.2772445679,0,79.2772445679,79.2772445679,1
935,333,2,0.0001,0.001,0.25,0.5,81.8181838989,0,81.8181838989,81.8181838989,79.3901748657,0,79.3901748657,79.3901748657,1
936,338,2,0.0001,0.001,0.5,0.5,81.8181838989,0,81.8181838989,81.8181838989,79.2772445679,0,79.2772445679,79.2772445679,1
937,353,2,0.0001,0.01,0.5,0.5,81.8181838989,0,81.8181838989,81.8181838989,79.1078414917,0,79.1078414917,79.1078414917,1
938,598,8,0.01,0.01,0.75,0.5,81.8181838989,0,81.8181838989,81.8181838989,80.8018035889,0,80.8018035889,80.8018035889,1
939,273,2,0.001,0.001,0.25,0.5,81.76171875,0,81.76171875,81.76171875,80.6324157715,0,80.6324157715,80.6324157715,1
940,506,4,0.0001,0.0001,0.75,0.1,81.7052459717,0,81.7052459717,81.7052459717,80.0112915039,0,80.0112915039,80.0112915039,1
941,491,4,0.0001,0,0.75,0.1,81.6487884521,0,81.6487884521,81.6487884521,80.0677566528,0,80.0677566528,80.0677566528,1
942,536,4,0.0001,0.01,0.75,0.1,81.6487884521,0,81.6487884521,81.6487884521,80.1242218018,0,80.1242218018,80.1242218018,1
943,28,0,0.01,0.0001,0.75,0.5,81.5923233032,0,81.5923233032,81.5923233032,79.3901748657,0,79.3901748657,79.3901748657,1
944,521,4,0.0001,0.001,0.75,0.1,81.5923233032,0,81.5923233032,81.5923233032,80.1242218018,0,80.1242218018,80.1242218018,1
945,553,8,0.01,0,0.75,0.5,81.5923233032,0,81.5923233032,81.5923233032,80.7453384399,0,80.7453384399,80.7453384399,1
946,568,8,0.01,0.0001,0.75,0.5,81.5923233032,0,81.5923233032,81.5923233032,80.7453384399,0,80.7453384399,80.7453384399,1
947,583,8,0.01,0.001,0.75,0.5,81.5923233032,0,81.5923233032,81.5923233032,80.7453384399,0,80.7453384399,80.7453384399,1
948,55,0,0.01,0.01,0.5,0.9,81.4229278564,0,81.4229278564,81.4229278564,80.2936172485,0,80.2936172485,80.2936172485,1
949,222,2,0.01,0.001,0.75,0.3,81.4229278564,0,81.4229278564,81.4229278564,79.3337097168,0,79.3337097168,79.3337097168,1
950,13,0,0.01,0,0.75,0.5,81.3664550781,0,81.3664550781,81.3664550781,78.091468811,0,78.091468811,78.091468811,1
951,271,2,0.001,0.001,0.25,0.1,81.3664550781,0,81.3664550781,81.3664550781,79.6160354614,0,79.6160354614,79.6160354614,1
952,286,2,0.001,0.01,0.25,0.1,81.3664550781,0,81.3664550781,81.3664550781,79.6160354614,0,79.6160354614,79.6160354614,1
953,303,2,0.0001,0,0.25,0.5,81.3664550781,0,81.3664550781,81.3664550781,78.9384460449,0,78.9384460449,78.9384460449,1
954,567,8,0.01,0.0001,0.75,0.3,81.3664550781,0,81.3664550781,81.3664550781,79.2207794189,0,79.2207794189,79.2207794189,1
955,582,8,0.01,0.001,0.75,0.3,81.3664550781,0,81.3664550781,81.3664550781,79.2207794189,0,79.2207794189,79.2207794189,1
956,597,8,0.01,0.01,0.75,0.3,81.3664550781,0,81.3664550781,81.3664550781,79.2207794189,0,79.2207794189,79.2207794189,1
957,242,2,0.001,0,0.25,0.3,81.3099899292,0,81.3099899292,81.3099899292,80.1242218018,0,80.1242218018,80.1242218018,1
958,257,2,0.001,0.0001,0.25,0.3,81.3099899292,0,81.3099899292,81.3099899292,80.1242218018,0,80.1242218018,80.1242218018,1
959,272,2,0.001,0.001,0.25,0.3,81.3099899292,0,81.3099899292,81.3099899292,80.1242218018,0,80.1242218018,80.1242218018,1
960,552,8,0.01,0,0.75,0.3,81.3099899292,0,81.3099899292,81.3099899292,79.2207794189,0,79.2207794189,79.2207794189,1
961,241,2,0.001,0,0.25,0.1,81.2535247803,0,81.2535247803,81.2535247803,79.6160354614,0,79.6160354614,79.6160354614,1
962,256,2,0.001,0.0001,0.25,0.1,81.2535247803,0,81.2535247803,81.2535247803,79.6725006104,0,79.6725006104,79.6725006104,1
963,287,2,0.001,0.01,0.25,0.3,81.2535247803,0,81.2535247803,81.2535247803,80.0677566528,0,80.0677566528,80.0677566528,1
964,1112,64,0.01,0.001,0.25,0.3,81.2535247803,0,81.2535247803,81.2535247803,79.7289657593,0,79.7289657593,79.7289657593,1
965,732,16,0.01,0,0.75,0.3,81.1970672607,0,81.1970672607,81.1970672607,80.3500823975,0,80.3500823975,80.3500823975,1
966,747,16,0.01,0.0001,0.75,0.3,81.1970672607,0,81.1970672607,81.1970672607,80.3500823975,0,80.3500823975,80.3500823975,1
967,762,16,0.01,0.001,0.75,0.3,81.1970672607,0,81.1970672607,81.1970672607,80.3500823975,0,80.3500823975,80.3500823975,1
968,27,0,0.01,0.0001,0.75,0.3,81.1405944824,0,81.1405944824,81.1405944824,78.3173294067,0,78.3173294067,78.3173294067,1
969,777,16,0.01,0.01,0.75,0.3,81.1405944824,0,81.1405944824,81.1405944824,80.3500823975,0,80.3500823975,80.3500823975,1
970,43,0,0.01,0.001,0.75,0.5,81.027671814,0,81.027671814,81.027671814,78.5431900024,0,78.5431900024,78.5431900024,1
971,477,4,0.001,0.01,0.75,0.3,81.027671814,0,81.027671814,81.027671814,77.4138870239,0,77.4138870239,77.4138870239,1
972,14,0,0.01,0,0.75,0.7,80.9147338867,0,80.9147338867,80.9147338867,77.9220733643,0,77.9220733643,77.9220733643,1
973,50,0,0.01,0.01,0.25,0.9,80.9147338867,0,80.9147338867,80.9147338867,80.1242218018,0,80.1242218018,80.1242218018,1
974,307,2,0.0001,0,0.5,0.3,80.8582687378,0,80.8582687378,80.8582687378,78.2044067383,0,78.2044067383,78.2044067383,1
975,312,2,0.0001,0,0.75,0.3,80.8582687378,0,80.8582687378,80.8582687378,78.3737945557,0,78.3737945557,78.3737945557,1
976,322,2,0.0001,0.0001,0.5,0.3,80.8582687378,0,80.8582687378,80.8582687378,78.091468811,0,78.091468811,78.091468811,1
977,337,2,0.0001,0.001,0.5,0.3,80.8582687378,0,80.8582687378,80.8582687378,78.14793396,0,78.14793396,78.14793396,1
978,268,2,0.001,0.0001,0.75,0.5,80.8018035889,0,80.8018035889,80.8018035889,77.8656158447,0,77.8656158447,77.8656158447,1
979,298,2,0.001,0.01,0.75,0.5,80.7453384399,0,80.7453384399,80.7453384399,77.5268173218,0,77.5268173218,77.5268173218,1
980,352,2,0.0001,0.01,0.5,0.3,80.7453384399,0,80.7453384399,80.7453384399,78.0350112915,0,78.0350112915,78.0350112915,1
981,388,4,0.01,0.0001,0.75,0.5,80.7453384399,0,80.7453384399,80.7453384399,78.9949188232,0,78.9949188232,78.9949188232,1
982,403,4,0.01,0.001,0.75,0.5,80.7453384399,0,80.7453384399,80.7453384399,78.9949188232,0,78.9949188232,78.9949188232,1
983,58,0,0.01,0.01,0.75,0.5,80.688873291,0,80.688873291,80.688873291,78.3173294067,0,78.3173294067,78.3173294067,1
984,283,2,0.001,0.001,0.75,0.5,80.688873291,0,80.688873291,80.688873291,77.8656158447,0,77.8656158447,77.8656158447,1
985,316,2,0.0001,0.0001,0.25,0.1,80.688873291,0,80.688873291,80.688873291,78.0350112915,0,78.0350112915,78.0350112915,1
986,317,2,0.0001,0.0001,0.25,0.3,80.688873291,0,80.688873291,80.688873291,78.430267334,0,78.430267334,78.430267334,1
987,332,2,0.0001,0.001,0.25,0.3,80.688873291,0,80.688873291,80.688873291,78.430267334,0,78.430267334,78.430267334,1
988,347,2,0.0001,0.01,0.25,0.3,80.688873291,0,80.688873291,80.688873291,78.430267334,0,78.430267334,78.430267334,1
989,373,4,0.01,0,0.75,0.5,80.688873291,0,80.688873291,80.688873291,78.9384460449,0,78.9384460449,78.9384460449,1
990,57,0,0.01,0.01,0.75,0.3,80.6324157715,0,80.6324157715,80.6324157715,77.357421875,0,77.357421875,77.357421875,1
991,301,2,0.0001,0,0.25,0.1,80.6324157715,0,80.6324157715,80.6324157715,77.8656158447,0,77.8656158447,77.8656158447,1
992,302,2,0.0001,0,0.25,0.3,80.6324157715,0,80.6324157715,80.6324157715,78.430267334,0,78.430267334,78.430267334,1
993,331,2,0.0001,0.001,0.25,0.1,80.6324157715,0,80.6324157715,80.6324157715,77.9220733643,0,77.9220733643,77.9220733643,1
994,346,2,0.0001,0.01,0.25,0.1,80.6324157715,0,80.6324157715,80.6324157715,77.8091430664,0,77.8091430664,77.8091430664,1
995,447,4,0.001,0.0001,0.75,0.3,80.6324157715,0,80.6324157715,80.6324157715,77.0751037598,0,77.0751037598,77.0751037598,1
996,551,8,0.01,0,0.75,0.1,80.6324157715,0,80.6324157715,80.6324157715,78.430267334,0,78.430267334,78.430267334,1
997,1097,64,0.01,0.0001,0.25,0.3,80.6324157715,0,80.6324157715,80.6324157715,79.2207794189,0,79.2207794189,79.2207794189,1
998,432,4,0.001,0,0.75,0.3,80.5759429932,0,80.5759429932,80.5759429932,77.1880264282,0,77.1880264282,77.1880264282,1
999,566,8,0.01,0.0001,0.75,0.1,80.5759429932,0,80.5759429932,80.5759429932,78.430267334,0,78.430267334,78.430267334,1
1000,581,8,0.01,0.001,0.75,0.1,80.5759429932,0,80.5759429932,80.5759429932,78.430267334,0,78.430267334,78.430267334,1
1001,327,2,0.0001,0.0001,0.75,0.3,80.5194778442,0,80.5194778442,80.5194778442,77.5832824707,0,77.5832824707,77.5832824707,1
1002,462,4,0.001,0.001,0.75,0.3,80.5194778442,0,80.5194778442,80.5194778442,77.0751037598,0,77.0751037598,77.0751037598,1
1003,596,8,0.01,0.01,0.75,0.1,80.5194778442,0,80.5194778442,80.5194778442,78.430267334,0,78.430267334,78.430267334,1
1004,1082,64,0.01,0,0.25,0.3,80.5194778442,0,80.5194778442,80.5194778442,79.2207794189,0,79.2207794189,79.2207794189,1
1005,253,2,0.001,0,0.75,0.5,80.4065475464,0,80.4065475464,80.4065475464,77.5832824707,0,77.5832824707,77.5832824707,1
1006,342,2,0.0001,0.001,0.75,0.3,80.4065475464,0,80.4065475464,80.4065475464,77.5832824707,0,77.5832824707,77.5832824707,1
1007,12,0,0.01,0,0.75,0.3,80.2371520996,0,80.2371520996,80.2371520996,76.4539794922,0,76.4539794922,76.4539794922,1
1008,54,0,0.01,0.01,0.5,0.7,80.1806869507,0,80.1806869507,80.1806869507,78.7690582275,0,78.7690582275,78.7690582275,1
1009,357,2,0.0001,0.01,0.75,0.3,80.1806869507,0,80.1806869507,80.1806869507,77.639755249,0,77.639755249,77.639755249,1
1010,53,0,0.01,0.01,0.5,0.5,80.0677566528,0,80.0677566528,80.0677566528,78.4867248535,0,78.4867248535,78.4867248535,1
1011,321,2,0.0001,0.0001,0.5,0.1,80.0677566528,0,80.0677566528,80.0677566528,77.5268173218,0,77.5268173218,77.5268173218,1
1012,306,2,0.0001,0,0.5,0.1,80.0112915039,0,80.0112915039,80.0112915039,77.4703598022,0,77.4703598022,77.4703598022,1
1013,351,2,0.0001,0.01,0.5,0.1,79.954826355,0,79.954826355,79.954826355,77.4703598022,0,77.4703598022,77.4703598022,1
1014,336,2,0.0001,0.001,0.5,0.1,79.8983612061,0,79.8983612061,79.8983612061,77.3009567261,0,77.3009567261,77.3009567261,1
1015,26,0,0.01,0.0001,0.75,0.1,79.7854309082,0,79.7854309082,79.7854309082,78.8819885254,0,78.8819885254,78.8819885254,1
1016,387,4,0.01,0.0001,0.75,0.3,79.7854309082,0,79.7854309082,79.7854309082,78.5996627808,0,78.5996627808,78.5996627808,1
1017,402,4,0.01,0.001,0.75,0.3,79.7854309082,0,79.7854309082,79.7854309082,78.5996627808,0,78.5996627808,78.5996627808,1
1018,56,0,0.01,0.01,0.75,0.1,79.7289657593,0,79.7289657593,79.7289657593,77.7526779175,0,77.7526779175,77.7526779175,1
1019,372,4,0.01,0,0.75,0.3,79.7289657593,0,79.7289657593,79.7289657593,78.6561279297,0,78.6561279297,78.6561279297,1
1020,417,4,0.01,0.01,0.75,0.3,79.7289657593,0,79.7289657593,79.7289657593,78.430267334,0,78.430267334,78.430267334,1
1021,267,2,0.001,0.0001,0.75,0.3,79.5031051636,0,79.5031051636,79.5031051636,77.0751037598,0,77.0751037598,77.0751037598,1
1022,371,4,0.01,0,0.75,0.1,79.4466400146,0,79.4466400146,79.4466400146,78.2608718872,0,78.2608718872,78.2608718872,1
1023,386,4,0.01,0.0001,0.75,0.1,79.4466400146,0,79.4466400146,79.4466400146,78.14793396,0,78.14793396,78.14793396,1
1024,401,4,0.01,0.001,0.75,0.1,79.4466400146,0,79.4466400146,79.4466400146,78.14793396,0,78.14793396,78.14793396,1
1025,416,4,0.01,0.01,0.75,0.1,79.4466400146,0,79.4466400146,79.4466400146,78.2044067383,0,78.2044067383,78.2044067383,1
1026,282,2,0.001,0.001,0.75,0.3,79.2772445679,0,79.2772445679,79.2772445679,77.1315612793,0,77.1315612793,77.1315612793,1
1027,297,2,0.001,0.01,0.75,0.3,79.2772445679,0,79.2772445679,79.2772445679,77.0186309814,0,77.0186309814,77.0186309814,1
1028,326,2,0.0001,0.0001,0.75,0.1,79.2772445679,0,79.2772445679,79.2772445679,76.2281188965,0,76.2281188965,76.2281188965,1
1029,776,16,0.01,0.01,0.75,0.1,79.2772445679,0,79.2772445679,79.2772445679,78.2044067383,0,78.2044067383,78.2044067383,1
1030,341,2,0.0001,0.001,0.75,0.1,79.2207794189,0,79.2207794189,79.2207794189,76.0587234497,0,76.0587234497,76.0587234497,1
1031,761,16,0.01,0.001,0.75,0.1,79.2207794189,0,79.2207794189,79.2207794189,78.091468811,0,78.091468811,78.091468811,1
1032,252,2,0.001,0,0.75,0.3,79.16431427,0,79.16431427,79.16431427,76.5104446411,0,76.5104446411,76.5104446411,1
1033,731,16,0.01,0,0.75,0.1,79.16431427,0,79.16431427,79.16431427,78.091468811,0,78.091468811,78.091468811,1
1034,746,16,0.01,0.0001,0.75,0.1,79.16431427,0,79.16431427,79.16431427,78.091468811,0,78.091468811,78.091468811,1
1035,41,0,0.01,0.001,0.75,0.1,79.0513839722,0,79.0513839722,79.0513839722,76.4539794922,0,76.4539794922,76.4539794922,1
1036,42,0,0.01,0.001,0.75,0.3,78.7690582275,0,78.7690582275,78.7690582275,77.2444915771,0,77.2444915771,77.2444915771,1
1037,356,2,0.0001,0.01,0.75,0.1,78.7690582275,0,78.7690582275,78.7690582275,75.55052948,0,75.55052948,75.55052948,1
1038,476,4,0.001,0.01,0.75,0.1,78.7690582275,0,78.7690582275,78.7690582275,74.5341567993,0,74.5341567993,74.5341567993,1
1039,266,2,0.001,0.0001,0.75,0.1,78.7125854492,0,78.7125854492,78.7125854492,75.7199249268,0,75.7199249268,75.7199249268,1
1040,431,4,0.001,0,0.75,0.1,78.7125854492,0,78.7125854492,78.7125854492,74.5906219482,0,74.5906219482,74.5906219482,1
1041,296,2,0.001,0.01,0.75,0.1,78.6561279297,0,78.6561279297,78.6561279297,75.6634674072,0,75.6634674072,75.6634674072,1
1042,461,4,0.001,0.001,0.75,0.1,78.6561279297,0,78.6561279297,78.6561279297,74.6470947266,0,74.6470947266,74.6470947266,1
1043,11,0,0.01,0,0.75,0.1,78.5996627808,0,78.5996627808,78.5996627808,74.9294128418,0,74.9294128418,74.9294128418,1
1044,281,2,0.001,0.001,0.75,0.1,78.5996627808,0,78.5996627808,78.5996627808,75.7763977051,0,75.7763977051,75.7763977051,1
1045,446,4,0.001,0.0001,0.75,0.1,78.5996627808,0,78.5996627808,78.5996627808,74.6470947266,0,74.6470947266,74.6470947266,1
1046,311,2,0.0001,0,0.75,0.1,78.4867248535,0,78.4867248535,78.4867248535,74.8164901733,0,74.8164901733,74.8164901733,1
1047,251,2,0.001,0,0.75,0.1,78.3173294067,0,78.3173294067,78.3173294067,75.3246688843,0,75.3246688843,75.3246688843,1
1048,207,2,0.01,0.0001,0.75,0.3,78.2608718872,0,78.2608718872,78.2608718872,75.8893280029,0,75.8893280029,75.8893280029,1
1049,192,2,0.01,0,0.75,0.3,78.091468811,0,78.091468811,78.091468811,76.1716537476,0,76.1716537476,76.1716537476,1
1050,191,2,0.01,0,0.75,0.1,77.9220733643,0,77.9220733643,77.9220733643,75.4940719604,0,75.4940719604,75.4940719604,1
1051,206,2,0.01,0.0001,0.75,0.1,77.8091430664,0,77.8091430664,77.8091430664,75.55052948,0,75.55052948,75.55052948,1
1052,221,2,0.01,0.001,0.75,0.1,77.7526779175,0,77.7526779175,77.7526779175,75.55052948,0,75.55052948,75.55052948,1
1053,236,2,0.01,0.01,0.75,0.1,77.7526779175,0,77.7526779175,77.7526779175,75.4940719604,0,75.4940719604,75.4940719604,1
1054,907,32,0.01,0,0.5,0.3,77.5832824707,0,77.5832824707,77.5832824707,76.0587234497,0,76.0587234497,76.0587234497,1
1055,922,32,0.01,0.0001,0.5,0.3,77.5832824707,0,77.5832824707,77.5832824707,76.1151885986,0,76.1151885986,76.1151885986,1
1056,937,32,0.01,0.001,0.5,0.3,77.5832824707,0,77.5832824707,77.5832824707,76.1151885986,0,76.1151885986,76.1151885986,1
1057,936,32,0.01,0.001,0.5,0.1,77.2444915771,0,77.2444915771,77.2444915771,75.9457931519,0,75.9457931519,75.9457931519,1
1058,951,32,0.01,0.01,0.5,0.1,77.2444915771,0,77.2444915771,77.2444915771,75.9457931519,0,75.9457931519,75.9457931519,1
1059,906,32,0.01,0,0.5,0.1,77.1880264282,0,77.1880264282,77.1880264282,76.0022583008,0,76.0022583008,76.0022583008,1
1060,921,32,0.01,0.0001,0.5,0.1,77.1880264282,0,77.1880264282,77.1880264282,76.0022583008,0,76.0022583008,76.0022583008,1
1061,1087,64,0.01,0,0.5,0.3,74.5341567993,0,74.5341567993,74.5341567993,72.8966674805,0,72.8966674805,72.8966674805,1
1062,1102,64,0.01,0.0001,0.5,0.3,74.5341567993,0,74.5341567993,74.5341567993,72.8966674805,0,72.8966674805,72.8966674805,1
1063,1117,64,0.01,0.001,0.5,0.3,74.5341567993,0,74.5341567993,74.5341567993,72.8966674805,0,72.8966674805,72.8966674805,1
1064,1132,64,0.01,0.01,0.5,0.3,74.5341567993,0,74.5341567993,74.5341567993,73.0095977783,0,73.0095977783,73.0095977783,1
1065,1139,64,0.01,0.01,0.75,0.7,74.5341567993,0,74.5341567993,74.5341567993,72.0496902466,0,72.0496902466,72.0496902466,1
1066,1124,64,0.01,0.001,0.75,0.7,74.1389007568,0,74.1389007568,74.1389007568,71.6544342041,0,71.6544342041,71.6544342041,1
1067,1109,64,0.01,0.0001,0.75,0.7,74.0824432373,0,74.0824432373,74.0824432373,71.710899353,0,71.710899353,71.710899353,1
1068,1126,64,0.01,0.01,0.25,0.1,74.025970459,0,74.025970459,74.025970459,71.9932174683,0,71.9932174683,71.9932174683,1
1069,913,32,0.01,0,0.75,0.5,73.9695053101,0,73.9695053101,73.9695053101,72.501411438,0,72.501411438,72.501411438,1
1070,928,32,0.01,0.0001,0.75,0.5,73.9695053101,0,73.9695053101,73.9695053101,72.501411438,0,72.501411438,72.501411438,1
1071,943,32,0.01,0.001,0.75,0.5,73.9695053101,0,73.9695053101,73.9695053101,72.501411438,0,72.501411438,72.501411438,1
1072,1094,64,0.01,0,0.75,0.7,73.9695053101,0,73.9695053101,73.9695053101,71.710899353,0,71.710899353,71.710899353,1
1073,958,32,0.01,0.01,0.75,0.5,73.9130401611,0,73.9130401611,73.9130401611,72.501411438,0,72.501411438,72.501411438,1
1074,1081,64,0.01,0,0.25,0.1,73.6871871948,0,73.6871871948,73.6871871948,71.9367599487,0,71.9367599487,71.9367599487,1
1075,1096,64,0.01,0.0001,0.25,0.1,73.6871871948,0,73.6871871948,73.6871871948,71.9367599487,0,71.9367599487,71.9367599487,1
1076,1111,64,0.01,0.001,0.25,0.1,73.6871871948,0,73.6871871948,73.6871871948,71.8802947998,0,71.8802947998,71.8802947998,1
1077,1086,64,0.01,0,0.5,0.1,73.1789932251,0,73.1789932251,73.1789932251,71.5979614258,0,71.5979614258,71.5979614258,1
1078,1101,64,0.01,0.0001,0.5,0.1,73.1789932251,0,73.1789932251,73.1789932251,71.5979614258,0,71.5979614258,71.5979614258,1
1079,1108,64,0.01,0.0001,0.75,0.5,73.1789932251,0,73.1789932251,73.1789932251,71.8802947998,0,71.8802947998,71.8802947998,1
1080,1116,64,0.01,0.001,0.5,0.1,73.1789932251,0,73.1789932251,73.1789932251,71.5979614258,0,71.5979614258,71.5979614258,1
1081,1088,64,0.01,0,0.5,0.5,73.1225280762,0,73.1225280762,73.1225280762,70.9203872681,0,70.9203872681,70.9203872681,1
1082,1103,64,0.01,0.0001,0.5,0.5,73.0660629272,0,73.0660629272,73.0660629272,70.9203872681,0,70.9203872681,70.9203872681,1
1083,1118,64,0.01,0.001,0.5,0.5,73.0660629272,0,73.0660629272,73.0660629272,70.9203872681,0,70.9203872681,70.9203872681,1
1084,1131,64,0.01,0.01,0.5,0.1,73.0660629272,0,73.0660629272,73.0660629272,71.5979614258,0,71.5979614258,71.5979614258,1
1085,1133,64,0.01,0.01,0.5,0.5,73.0095977783,0,73.0095977783,73.0095977783,70.8639144897,0,70.8639144897,70.8639144897,1
1086,1123,64,0.01,0.001,0.75,0.5,71.9932174683,0,71.9932174683,71.9932174683,70.9203872681,0,70.9203872681,70.9203872681,1
1087,912,32,0.01,0,0.75,0.3,70.8639144897,0,70.8639144897,70.8639144897,68.1535873413,0,68.1535873413,68.1535873413,1
1088,927,32,0.01,0.0001,0.75,0.3,70.8639144897,0,70.8639144897,70.8639144897,68.2100448608,0,68.2100448608,68.2100448608,1
1089,942,32,0.01,0.001,0.75,0.3,70.8639144897,0,70.8639144897,70.8639144897,68.2100448608,0,68.2100448608,68.2100448608,1
1090,957,32,0.01,0.01,0.75,0.3,70.8639144897,0,70.8639144897,70.8639144897,68.2100448608,0,68.2100448608,68.2100448608,1
1091,1093,64,0.01,0,0.75,0.5,70.7509841919,0,70.7509841919,70.7509841919,67.8147888184,0,67.8147888184,67.8147888184,1
1092,1138,64,0.01,0.01,0.75,0.5,70.7509841919,0,70.7509841919,70.7509841919,67.6453933716,0,67.6453933716,67.6453933716,1
1093,120,0,0.001,0.01,0.75,0.9,70.1298675537,0,70.1298675537,70.1298675537,66.572555542,0,66.572555542,66.572555542,1
1094,115,0,0.001,0.01,0.5,0.9,69.9604721069,0,69.9604721069,69.9604721069,67.4195327759,0,67.4195327759,67.4195327759,1
1095,926,32,0.01,0.0001,0.75,0.1,69.5652160645,0,69.5652160645,69.5652160645,66.4596252441,0,66.4596252441,66.4596252441,1
1096,941,32,0.01,0.001,0.75,0.1,69.5652160645,0,69.5652160645,69.5652160645,66.4596252441,0,66.4596252441,66.4596252441,1
1097,956,32,0.01,0.01,0.75,0.1,69.5652160645,0,69.5652160645,69.5652160645,66.4596252441,0,66.4596252441,66.4596252441,1
1098,911,32,0.01,0,0.75,0.1,69.5087509155,0,69.5087509155,69.5087509155,66.4596252441,0,66.4596252441,66.4596252441,1
1099,72,0,0.001,0,0.75,0.3,69.4522857666,0,69.4522857666,69.4522857666,67.4195327759,0,67.4195327759,67.4195327759,1
1100,105,0,0.001,0.001,0.75,0.9,69.2828903198,0,69.2828903198,69.2828903198,66.6854858398,0,66.6854858398,66.6854858398,1
1101,100,0,0.001,0.001,0.5,0.9,69.2264251709,0,69.2264251709,69.2264251709,66.8548812866,0,66.8548812866,66.8548812866,1
1102,180,0,0.0001,0.01,0.75,0.9,69.169960022,0,69.169960022,69.169960022,66.4031600952,0,66.4031600952,66.4031600952,1
1103,1092,64,0.01,0,0.75,0.3,69.0005645752,0,69.0005645752,69.0005645752,66.9678115845,0,66.9678115845,66.9678115845,1
1104,85,0,0.001,0.0001,0.5,0.9,68.9440994263,0,68.9440994263,68.9440994263,66.6854858398,0,66.6854858398,66.6854858398,1
1105,70,0,0.001,0,0.5,0.9,68.8311691284,0,68.8311691284,68.8311691284,66.4596252441,0,66.4596252441,66.4596252441,1
1106,90,0,0.001,0.0001,0.75,0.9,68.7747039795,0,68.7747039795,68.7747039795,66.3466949463,0,66.3466949463,66.3466949463,1
1107,71,0,0.001,0,0.75,0.1,68.6617736816,0,68.6617736816,68.6617736816,64.5962677002,0,64.5962677002,64.5962677002,1
1108,110,0,0.001,0.01,0.25,0.9,68.6617736816,0,68.6617736816,68.6617736816,65.4997177124,0,65.4997177124,65.4997177124,1
1109,116,0,0.001,0.01,0.75,0.1,68.6617736816,0,68.6617736816,68.6617736816,64.5398101807,0,64.5398101807,64.5398101807,1
1110,119,0,0.001,0.01,0.75,0.7,68.6617736816,0,68.6617736816,68.6617736816,65.1609268188,0,65.1609268188,65.1609268188,1
1111,75,0,0.001,0,0.75,0.9,68.4359130859,0,68.4359130859,68.4359130859,67.0242767334,0,67.0242767334,67.0242767334,1
1112,114,0,0.001,0.01,0.5,0.7,68.2665176392,0,68.2665176392,68.2665176392,66.0643692017,0,66.0643692017,66.0643692017,1
1113,117,0,0.001,0.01,0.75,0.3,68.2100448608,0,68.2100448608,68.2100448608,64.5962677002,0,64.5962677002,64.5962677002,1
1114,73,0,0.001,0,0.75,0.5,68.1535873413,0,68.1535873413,68.1535873413,63.9186859131,0,63.9186859131,63.9186859131,1
1115,1107,64,0.01,0.0001,0.75,0.3,68.1535873413,0,68.1535873413,68.1535873413,67.0807418823,0,67.0807418823,67.0807418823,1
1116,101,0,0.001,0.001,0.75,0.1,68.0406494141,0,68.0406494141,68.0406494141,64.4833374023,0,64.4833374023,64.4833374023,1
1117,111,0,0.001,0.01,0.5,0.1,68.0406494141,0,68.0406494141,68.0406494141,65.9514389038,0,65.9514389038,65.9514389038,1
1118,102,0,0.001,0.001,0.75,0.3,67.9841842651,0,67.9841842651,67.9841842651,64.1445541382,0,64.1445541382,64.1445541382,1
1119,112,0,0.001,0.01,0.5,0.3,67.9841842651,0,67.9841842651,67.9841842651,65.838508606,0,65.838508606,65.838508606,1
1120,118,0,0.001,0.01,0.75,0.5,67.9841842651,0,67.9841842651,67.9841842651,64.0880813599,0,64.0880813599,64.0880813599,1
1121,1122,64,0.01,0.001,0.75,0.3,67.9841842651,0,67.9841842651,67.9841842651,66.8548812866,0,66.8548812866,66.8548812866,1
1122,84,0,0.001,0.0001,0.5,0.7,67.8712615967,0,67.8712615967,67.8712615967,65.3867874146,0,65.3867874146,65.3867874146,1
1123,96,0,0.001,0.001,0.5,0.1,67.8712615967,0,67.8712615967,67.8712615967,65.6691131592,0,65.6691131592,65.6691131592,1
1124,104,0,0.001,0.001,0.75,0.7,67.8712615967,0,67.8712615967,67.8712615967,64.2010116577,0,64.2010116577,64.2010116577,1
1125,82,0,0.001,0.0001,0.5,0.3,67.8147888184,0,67.8147888184,67.8147888184,65.782043457,0,65.782043457,65.782043457,1
1126,98,0,0.001,0.001,0.5,0.5,67.8147888184,0,67.8147888184,67.8147888184,65.6126480103,0,65.6126480103,65.6126480103,1
1127,103,0,0.001,0.001,0.75,0.5,67.8147888184,0,67.8147888184,67.8147888184,63.6363639832,0,63.6363639832,63.6363639832,1
1128,113,0,0.001,0.01,0.5,0.5,67.8147888184,0,67.8147888184,67.8147888184,65.6691131592,0,65.6691131592,65.6691131592,1
1129,86,0,0.001,0.0001,0.75,0.1,67.7583312988,0,67.7583312988,67.7583312988,64.0316162109,0,64.0316162109,64.0316162109,1
1130,95,0,0.001,0.001,0.25,0.9,67.7583312988,0,67.7583312988,67.7583312988,64.8786010742,0,64.8786010742,64.8786010742,1
1131,99,0,0.001,0.001,0.5,0.7,67.7583312988,0,67.7583312988,67.7583312988,65.8949737549,0,65.8949737549,65.8949737549,1
1132,165,0,0.0001,0.001,0.75,0.9,67.7583312988,0,67.7583312988,67.7583312988,65.1044616699,0,65.1044616699,65.1044616699,1
1133,97,0,0.001,0.001,0.5,0.3,67.6453933716,0,67.6453933716,67.6453933716,65.3303222656,0,65.3303222656,65.3303222656,1
1134,81,0,0.001,0.0001,0.5,0.1,67.5889282227,0,67.5889282227,67.5889282227,65.6126480103,0,65.6126480103,65.6126480103,1
1135,87,0,0.001,0.0001,0.75,0.3,67.5889282227,0,67.5889282227,67.5889282227,63.5798988342,0,63.5798988342,63.5798988342,1
1136,88,0,0.001,0.0001,0.75,0.5,67.5889282227,0,67.5889282227,67.5889282227,63.6363639832,0,63.6363639832,63.6363639832,1
1137,89,0,0.001,0.0001,0.75,0.7,67.5889282227,0,67.5889282227,67.5889282227,64.3704147339,0,64.3704147339,64.3704147339,1
1138,135,0,0.0001,0,0.75,0.9,67.5889282227,0,67.5889282227,67.5889282227,65.4997177124,0,65.4997177124,65.4997177124,1
1139,80,0,0.001,0.0001,0.25,0.9,67.5324707031,0,67.5324707031,67.5324707031,64.8221282959,0,64.8221282959,64.8221282959,1
1140,83,0,0.001,0.0001,0.5,0.5,67.4759979248,0,67.4759979248,67.4759979248,65.782043457,0,65.782043457,65.782043457,1
1141,150,0,0.0001,0.0001,0.75,0.9,67.3066101074,0,67.3066101074,67.3066101074,65.2173843384,0,65.2173843384,65.2173843384,1
1142,175,0,0.0001,0.01,0.5,0.9,67.1936721802,0,67.1936721802,67.1936721802,64.9350662231,0,64.9350662231,64.9350662231,1
1143,1137,64,0.01,0.01,0.75,0.3,67.1372146606,0,67.1372146606,67.1372146606,65.1044616699,0,65.1044616699,65.1044616699,1
1144,35,0,0.01,0.001,0.25,0.9,67.0807418823,0,67.0807418823,67.0807418823,65.3303222656,0,65.3303222656,65.3303222656,1
1145,5,0,0.01,0,0.25,0.9,66.9678115845,0,66.9678115845,66.9678115845,64.1445541382,0,64.1445541382,64.1445541382,1
1146,20,0,0.01,0.0001,0.25,0.9,66.7984161377,0,66.7984161377,66.7984161377,65.4432525635,0,65.4432525635,65.4432525635,1
1147,65,0,0.001,0,0.25,0.9,66.7984161377,0,66.7984161377,66.7984161377,64.3704147339,0,64.3704147339,64.3704147339,1
1148,49,0,0.01,0.01,0.25,0.7,66.7419586182,0,66.7419586182,66.7419586182,64.5398101807,0,64.5398101807,64.5398101807,1
1149,170,0,0.0001,0.01,0.25,0.9,66.7419586182,0,66.7419586182,66.7419586182,63.8057594299,0,63.8057594299,63.8057594299,1
1150,108,0,0.001,0.01,0.25,0.5,66.6290206909,0,66.6290206909,66.6290206909,63.6363639832,0,63.6363639832,63.6363639832,1
1151,19,0,0.01,0.0001,0.25,0.7,66.3466949463,0,66.3466949463,66.3466949463,64.0316162109,0,64.0316162109,64.0316162109,1
1152,74,0,0.001,0,0.75,0.7,66.2902297974,0,66.2902297974,66.2902297974,63.6363639832,0,63.6363639832,63.6363639832,1
1153,107,0,0.001,0.01,0.25,0.3,66.2902297974,0,66.2902297974,66.2902297974,63.5234298706,0,63.5234298706,63.5234298706,1
1154,34,0,0.01,0.001,0.25,0.7,66.1772994995,0,66.1772994995,66.1772994995,64.5398101807,0,64.5398101807,64.5398101807,1
1155,69,0,0.001,0,0.5,0.7,66.1772994995,0,66.1772994995,66.1772994995,63.3540344238,0,63.3540344238,63.3540344238,1
1156,145,0,0.0001,0.0001,0.5,0.9,65.9514389038,0,65.9514389038,65.9514389038,63.749294281,0,63.749294281,63.749294281,1
1157,91,0,0.001,0.001,0.25,0.1,65.8949737549,0,65.8949737549,65.8949737549,62.7893791199,0,62.7893791199,62.7893791199,1
1158,160,0,0.0001,0.001,0.5,0.9,65.7255783081,0,65.7255783081,65.7255783081,64.2010116577,0,64.2010116577,64.2010116577,1
1159,92,0,0.001,0.001,0.25,0.3,65.6691131592,0,65.6691131592,65.6691131592,62.7329177856,0,62.7329177856,62.7329177856,1
1160,106,0,0.001,0.01,0.25,0.1,65.6691131592,0,65.6691131592,65.6691131592,63.0717086792,0,63.0717086792,63.0717086792,1
1161,47,0,0.01,0.01,0.25,0.3,65.6126480103,0,65.6126480103,65.6126480103,62.5635223389,0,62.5635223389,62.5635223389,1
1162,93,0,0.001,0.001,0.25,0.5,65.6126480103,0,65.6126480103,65.6126480103,63.6363639832,0,63.6363639832,63.6363639832,1
1163,18,0,0.01,0.0001,0.25,0.5,65.5561828613,0,65.5561828613,65.5561828613,62.8458480835,0,62.8458480835,62.8458480835,1
1164,33,0,0.01,0.001,0.25,0.5,65.5561828613,0,65.5561828613,65.5561828613,63.2975692749,0,63.2975692749,63.2975692749,1
1165,109,0,0.001,0.01,0.25,0.7,65.5561828613,0,65.5561828613,65.5561828613,64.0880813599,0,64.0880813599,64.0880813599,1
1166,77,0,0.001,0.0001,0.25,0.3,65.4997177124,0,65.4997177124,65.4997177124,62.7329177856,0,62.7329177856,62.7329177856,1
1167,17,0,0.01,0.0001,0.25,0.3,65.4432525635,0,65.4432525635,65.4432525635,62.5070571899,0,62.5070571899,62.5070571899,1
1168,32,0,0.01,0.001,0.25,0.3,65.4432525635,0,65.4432525635,65.4432525635,62.450592041,0,62.450592041,62.450592041,1
1169,76,0,0.001,0.0001,0.25,0.1,65.3303222656,0,65.3303222656,65.3303222656,62.5070571899,0,62.5070571899,62.5070571899,1
1170,130,0,0.0001,0,0.5,0.9,65.3303222656,0,65.3303222656,65.3303222656,63.4105033875,0,63.4105033875,63.4105033875,1
1171,78,0,0.001,0.0001,0.25,0.5,65.2738571167,0,65.2738571167,65.2738571167,63.5234298706,0,63.5234298706,63.5234298706,1
1172,48,0,0.01,0.01,0.25,0.5,65.2173843384,0,65.2173843384,65.2173843384,63.1281738281,0,63.1281738281,63.1281738281,1
1173,16,0,0.01,0.0001,0.25,0.1,65.1609268188,0,65.1609268188,65.1609268188,62.1118011475,0,62.1118011475,62.1118011475,1
1174,31,0,0.01,0.001,0.25,0.1,65.1044616699,0,65.1044616699,65.1044616699,62.3376617432,0,62.3376617432,62.3376617432,1
1175,94,0,0.001,0.001,0.25,0.7,65.1044616699,0,65.1044616699,65.1044616699,63.5234298706,0,63.5234298706,63.5234298706,1
1176,25,0,0.01,0.0001,0.5,0.9,64.9350662231,0,64.9350662231,64.9350662231,61.8859405518,0,61.8859405518,61.8859405518,1
1177,46,0,0.01,0.01,0.25,0.1,64.8786010742,0,64.8786010742,64.8786010742,62.5070571899,0,62.5070571899,62.5070571899,1
1178,79,0,0.001,0.0001,0.25,0.7,64.5962677002,0,64.5962677002,64.5962677002,63.2411079407,0,63.2411079407,63.2411079407,1
1179,68,0,0.001,0,0.5,0.5,64.3704147339,0,64.3704147339,64.3704147339,62.1682662964,0,62.1682662964,62.1682662964,1
1180,40,0,0.01,0.001,0.5,0.9,64.313949585,0,64.313949585,64.313949585,61.3212890625,0,61.3212890625,61.3212890625,1
1181,4,0,0.01,0,0.25,0.7,63.9186859131,0,63.9186859131,63.9186859131,60.9824943542,0,60.9824943542,60.9824943542,1
1182,149,0,0.0001,0.0001,0.75,0.7,63.9186859131,0,63.9186859131,63.9186859131,60.417842865,0,60.417842865,60.417842865,1
1183,179,0,0.0001,0.01,0.75,0.7,63.9186859131,0,63.9186859131,63.9186859131,60.3613777161,0,60.3613777161,60.3613777161,1
1184,10,0,0.01,0,0.5,0.9,63.8622207642,0,63.8622207642,63.8622207642,60.5307693481,0,60.5307693481,60.5307693481,1
1185,164,0,0.0001,0.001,0.75,0.7,63.749294281,0,63.749294281,63.749294281,60.8130989075,0,60.8130989075,60.8130989075,1
1186,140,0,0.0001,0.0001,0.25,0.9,63.4669647217,0,63.4669647217,63.4669647217,60.5307693481,0,60.5307693481,60.5307693481,1
1187,155,0,0.0001,0.001,0.25,0.9,63.4669647217,0,63.4669647217,63.4669647217,60.7001647949,0,60.7001647949,60.7001647949,1
1188,174,0,0.0001,0.01,0.5,0.7,63.1846427917,0,63.1846427917,63.1846427917,61.4342155457,0,61.4342155457,61.4342155457,1
1189,64,0,0.001,0,0.25,0.7,63.0717086792,0,63.0717086792,63.0717086792,61.2648200989,0,61.2648200989,61.2648200989,1
1190,125,0,0.0001,0,0.25,0.9,63.015247345,0,63.015247345,63.015247345,60.1919822693,0,60.1919822693,60.1919822693,1
1191,144,0,0.0001,0.0001,0.5,0.7,62.9587783813,0,62.9587783813,62.9587783813,60.92603302,0,60.92603302,60.92603302,1
1192,67,0,0.001,0,0.5,0.3,62.9023132324,0,62.9023132324,62.9023132324,61.9988670349,0,61.9988670349,61.9988670349,1
1193,23,0,0.01,0.0001,0.5,0.5,62.8458480835,0,62.8458480835,62.8458480835,59.0062065125,0,59.0062065125,59.0062065125,1
1194,159,0,0.0001,0.001,0.5,0.7,62.8458480835,0,62.8458480835,62.8458480835,60.92603302,0,60.92603302,60.92603302,1
1195,38,0,0.01,0.001,0.5,0.5,62.7893791199,0,62.7893791199,62.7893791199,59.2320747375,0,59.2320747375,59.2320747375,1
1196,178,0,0.0001,0.01,0.75,0.5,62.7893791199,0,62.7893791199,62.7893791199,60.2484474182,0,60.2484474182,60.2484474182,1
1197,63,0,0.001,0,0.25,0.5,62.5070571899,0,62.5070571899,62.5070571899,60.0225868225,0,60.0225868225,60.0225868225,1
1198,158,0,0.0001,0.001,0.5,0.5,62.450592041,0,62.450592041,62.450592041,60.2484474182,0,60.2484474182,60.2484474182,1
1199,66,0,0.001,0,0.5,0.1,62.3941230774,0,62.3941230774,62.3941230774,61.4906845093,0,61.4906845093,61.4906845093,1
1200,148,0,0.0001,0.0001,0.75,0.5,62.3941230774,0,62.3941230774,62.3941230774,59.2885360718,0,59.2885360718,59.2885360718,1
1201,163,0,0.0001,0.001,0.75,0.5,62.3941230774,0,62.3941230774,62.3941230774,59.7967262268,0,59.7967262268,59.7967262268,1
1202,24,0,0.01,0.0001,0.5,0.7,62.3376617432,0,62.3376617432,62.3376617432,59.5708618164,0,59.5708618164,59.5708618164,1
1203,143,0,0.0001,0.0001,0.5,0.5,62.3376617432,0,62.3376617432,62.3376617432,60.5872383118,0,60.5872383118,60.5872383118,1
1204,173,0,0.0001,0.01,0.5,0.5,62.3376617432,0,62.3376617432,62.3376617432,60.8130989075,0,60.8130989075,60.8130989075,1
1205,1136,64,0.01,0.01,0.75,0.1,62.2811965942,0,62.2811965942,62.2811965942,58.4980239868,0,58.4980239868,58.4980239868,1
1206,22,0,0.01,0.0001,0.5,0.3,62.2247276306,0,62.2247276306,62.2247276306,58.9497451782,0,58.9497451782,58.9497451782,1
1207,1106,64,0.01,0.0001,0.75,0.1,62.2247276306,0,62.2247276306,62.2247276306,58.385093689,0,58.385093689,58.385093689,1
1208,1091,64,0.01,0,0.75,0.1,62.1682662964,0,62.1682662964,62.1682662964,58.385093689,0,58.385093689,58.385093689,1
1209,1121,64,0.01,0.001,0.75,0.1,62.1682662964,0,62.1682662964,62.1682662964,58.4415550232,0,58.4415550232,58.4415550232,1
1210,39,0,0.01,0.001,0.5,0.7,62.1118011475,0,62.1118011475,62.1118011475,59.4579353333,0,59.4579353333,59.4579353333,1
1211,162,0,0.0001,0.001,0.75,0.3,61.9988670349,0,61.9988670349,61.9988670349,59.6837921143,0,59.6837921143,59.6837921143,1
1212,142,0,0.0001,0.0001,0.5,0.3,61.9424057007,0,61.9424057007,61.9424057007,60.5307693481,0,60.5307693481,60.5307693481,1
1213,37,0,0.01,0.001,0.5,0.3,61.8859405518,0,61.8859405518,61.8859405518,58.6674194336,0,58.6674194336,58.6674194336,1
1214,52,0,0.01,0.01,0.5,0.3,61.8859405518,0,61.8859405518,61.8859405518,59.0626792908,0,59.0626792908,59.0626792908,1
1215,147,0,0.0001,0.0001,0.75,0.3,61.8859405518,0,61.8859405518,61.8859405518,59.1756057739,0,59.1756057739,59.1756057739,1
1216,157,0,0.0001,0.001,0.5,0.3,61.8859405518,0,61.8859405518,61.8859405518,60.2484474182,0,60.2484474182,60.2484474182,1
1217,177,0,0.0001,0.01,0.75,0.3,61.8859405518,0,61.8859405518,61.8859405518,59.4014663696,0,59.4014663696,59.4014663696,1
1218,21,0,0.01,0.0001,0.5,0.1,61.7730064392,0,61.7730064392,61.7730064392,59.0626792908,0,59.0626792908,59.0626792908,1
1219,134,0,0.0001,0,0.75,0.7,61.716545105,0,61.716545105,61.716545105,56.9169921875,0,56.9169921875,56.9169921875,1
1220,146,0,0.0001,0.0001,0.75,0.1,61.716545105,0,61.716545105,61.716545105,58.8932800293,0,58.8932800293,58.8932800293,1
1221,161,0,0.0001,0.001,0.75,0.1,61.6600761414,0,61.6600761414,61.6600761414,58.4980239868,0,58.4980239868,58.4980239868,1
1222,172,0,0.0001,0.01,0.5,0.3,61.6600761414,0,61.6600761414,61.6600761414,60.2484474182,0,60.2484474182,60.2484474182,1
1223,36,0,0.01,0.001,0.5,0.1,61.6036109924,0,61.6036109924,61.6036109924,58.9497451782,0,58.9497451782,58.9497451782,1
1224,51,0,0.01,0.01,0.5,0.1,61.6036109924,0,61.6036109924,61.6036109924,58.8368110657,0,58.8368110657,58.8368110657,1
1225,62,0,0.001,0,0.25,0.3,61.5471496582,0,61.5471496582,61.5471496582,59.2885360718,0,59.2885360718,59.2885360718,1
1226,61,0,0.001,0,0.25,0.1,61.4906845093,0,61.4906845093,61.4906845093,59.3450012207,0,59.3450012207,59.3450012207,1
1227,171,0,0.0001,0.01,0.5,0.1,61.4342155457,0,61.4342155457,61.4342155457,59.90965271,0,59.90965271,59.90965271,1
1228,176,0,0.0001,0.01,0.75,0.1,61.3777503967,0,61.3777503967,61.3777503967,58.5544891357,0,58.5544891357,58.5544891357,1
1229,141,0,0.0001,0.0001,0.5,0.1,61.3212890625,0,61.3212890625,61.3212890625,60.0225868225,0,60.0225868225,60.0225868225,1
1230,156,0,0.0001,0.001,0.5,0.1,61.3212890625,0,61.3212890625,61.3212890625,59.9661178589,0,59.9661178589,59.9661178589,1
1231,169,0,0.0001,0.01,0.25,0.7,60.9824943542,0,60.9824943542,60.9824943542,59.0626792908,0,59.0626792908,59.0626792908,1
1232,154,0,0.0001,0.001,0.25,0.7,60.7566375732,0,60.7566375732,60.7566375732,58.1027679443,0,58.1027679443,58.1027679443,1
1233,3,0,0.01,0,0.25,0.5,60.5872383118,0,60.5872383118,60.5872383118,58.4415550232,0,58.4415550232,58.4415550232,1
1234,2,0,0.01,0,0.25,0.3,60.3049087524,0,60.3049087524,60.3049087524,57.0299263,0,57.0299263,57.0299263,1
1235,139,0,0.0001,0.0001,0.25,0.7,60.2484474182,0,60.2484474182,60.2484474182,57.820438385,0,57.820438385,57.820438385,1
1236,153,0,0.0001,0.001,0.25,0.5,60.0790481567,0,60.0790481567,60.0790481567,57.820438385,0,57.820438385,57.820438385,1
1237,129,0,0.0001,0,0.5,0.7,60.0225868225,0,60.0225868225,60.0225868225,57.9898376465,0,57.9898376465,57.9898376465,1
1238,168,0,0.0001,0.01,0.25,0.5,59.9661178589,0,59.9661178589,59.9661178589,57.8769035339,0,57.8769035339,57.8769035339,1
1239,167,0,0.0001,0.01,0.25,0.3,59.90965271,0,59.90965271,59.90965271,57.3687210083,0,57.3687210083,57.3687210083,1
1240,138,0,0.0001,0.0001,0.25,0.5,59.8531913757,0,59.8531913757,59.8531913757,57.6510429382,0,57.6510429382,57.6510429382,1
1241,166,0,0.0001,0.01,0.25,0.1,59.7967262268,0,59.7967262268,59.7967262268,58.2721595764,0,58.2721595764,58.2721595764,1
1242,1,0,0.01,0,0.25,0.1,59.7402572632,0,59.7402572632,59.7402572632,56.521736145,0,56.521736145,56.521736145,1
1243,151,0,0.0001,0.001,0.25,0.1,59.7402572632,0,59.7402572632,59.7402572632,57.4816474915,0,57.4816474915,57.4816474915,1
1244,152,0,0.0001,0.001,0.25,0.3,59.62733078,0,59.62733078,59.62733078,57.5381088257,0,57.5381088257,57.5381088257,1
1245,9,0,0.01,0,0.5,0.7,59.5143966675,0,59.5143966675,59.5143966675,56.8605308533,0,56.8605308533,56.8605308533,1
1246,136,0,0.0001,0.0001,0.25,0.1,59.3450012207,0,59.3450012207,59.3450012207,57.820438385,0,57.820438385,57.820438385,1
1247,137,0,0.0001,0.0001,0.25,0.3,59.3450012207,0,59.3450012207,59.3450012207,57.5945777893,0,57.5945777893,57.5945777893,1
1248,133,0,0.0001,0,0.75,0.5,58.7803497314,0,58.7803497314,58.7803497314,55.5053634644,0,55.5053634644,55.5053634644,1
1249,128,0,0.0001,0,0.5,0.5,58.4980239868,0,58.4980239868,58.4980239868,56.0700187683,0,56.0700187683,56.0700187683,1
1250,8,0,0.01,0,0.5,0.5,57.9333724976,0,57.9333724976,57.9333724976,55.3359680176,0,55.3359680176,55.3359680176,1
1251,6,0,0.01,0,0.5,0.1,57.7639770508,0,57.7639770508,57.7639770508,54.1501922607,0,54.1501922607,54.1501922607,1
1252,127,0,0.0001,0,0.5,0.3,57.5381088257,0,57.5381088257,57.5381088257,55.5053634644,0,55.5053634644,55.5053634644,1
1253,7,0,0.01,0,0.5,0.3,57.2557868958,0,57.2557868958,57.2557868958,54.3760604858,0,54.3760604858,54.3760604858,1
1254,132,0,0.0001,0,0.75,0.3,57.0299263,0,57.0299263,57.0299263,54.7713165283,0,54.7713165283,54.7713165283,1
1255,124,0,0.0001,0,0.25,0.7,56.8605308533,0,56.8605308533,56.8605308533,55.279499054,0,55.279499054,55.279499054,1
1256,126,0,0.0001,0,0.5,0.1,56.6346702576,0,56.6346702576,56.6346702576,54.488986969,0,54.488986969,54.488986969,1
1257,131,0,0.0001,0,0.75,0.1,56.521736145,0,56.521736145,56.521736145,53.5290794373,0,53.5290794373,53.5290794373,1
1258,123,0,0.0001,0,0.25,0.5,55.5618286133,0,55.5618286133,55.5618286133,53.5855407715,0,53.5855407715,53.5855407715,1
1259,122,0,0.0001,0,0.25,0.3,55.2230377197,0,55.2230377197,55.2230377197,52.9079627991,0,52.9079627991,52.9079627991,1
1260,121,0,0.0001,0,0.25,0.1,54.488986969,0,54.488986969,54.488986969,52.5691680908,0,52.5691680908,52.5691680908,1
