K,d,repeat,seed,acc,rs_z_a,kla_z_l,kla_a_l,scale,learning_rate,weight_decay,dropout,job_dir,repeat_result_dir
0,4,0,12345,29.246675491333,0.038415643065,0.001258451773,0.047079462651,16,0.01,0,0.25,/data/hzw/Rethinking_DP_GNN_runtime/paper_experiments/figure10/x_steps=0.yaml/dataset=cora/feature=random_normal/feature_dim=4/scale=16/random_normal_mean=0/random_normal_std=1/mechanism=mbm/x_eps=inf/m=best/norm=false/smoother=hoa/backbone=sage/use_nfr=false/sanity_check=true/node_ratio=1,/data/hzw/Rethinking_DP_GNN_runtime/paper_experiments/figure10/x_steps=0.yaml/dataset=cora/feature=random_normal/feature_dim=4/scale=16/random_normal_mean=0/random_normal_std=1/mechanism=mbm/x_eps=inf/m=best/norm=false/smoother=hoa/backbone=sage/use_nfr=false/sanity_check=true/node_ratio=1/final_repeat10
0,4,1,12346,35.745937347412,0.038418061712,0.002803423748,0.047079462651,16,0.01,0,0.25,/data/hzw/Rethinking_DP_GNN_runtime/paper_experiments/figure10/x_steps=0.yaml/dataset=cora/feature=random_normal/feature_dim=4/scale=16/random_normal_mean=0/random_normal_std=1/mechanism=mbm/x_eps=inf/m=best/norm=false/smoother=hoa/backbone=sage/use_nfr=false/sanity_check=true/node_ratio=1,/data/hzw/Rethinking_DP_GNN_runtime/paper_experiments/figure10/x_steps=0.yaml/dataset=cora/feature=random_normal/feature_dim=4/scale=16/random_normal_mean=0/random_normal_std=1/mechanism=mbm/x_eps=inf/m=best/norm=false/smoother=hoa/backbone=sage/use_nfr=false/sanity_check=true/node_ratio=1/final_repeat10
0,4,2,12347,34.121124267578,0.038421886514,0.001787094537,0.047079462651,16,0.01,0,0.25,/data/hzw/Rethinking_DP_GNN_runtime/paper_experiments/figure10/x_steps=0.yaml/dataset=cora/feature=random_normal/feature_dim=4/scale=16/random_normal_mean=0/random_normal_std=1/mechanism=mbm/x_eps=inf/m=best/norm=false/smoother=hoa/backbone=sage/use_nfr=false/sanity_check=true/node_ratio=1,/data/hzw/Rethinking_DP_GNN_runtime/paper_experiments/figure10/x_steps=0.yaml/dataset=cora/feature=random_normal/feature_dim=4/scale=16/random_normal_mean=0/random_normal_std=1/mechanism=mbm/x_eps=inf/m=best/norm=false/smoother=hoa/backbone=sage/use_nfr=false/sanity_check=true/node_ratio=1/final_repeat10
0,4,3,12348,32.348598480225,0.038426460626,0.001449696471,0.047079462651,16,0.01,0,0.25,/data/hzw/Rethinking_DP_GNN_runtime/paper_experiments/figure10/x_steps=0.yaml/dataset=cora/feature=random_normal/feature_dim=4/scale=16/random_normal_mean=0/random_normal_std=1/mechanism=mbm/x_eps=inf/m=best/norm=false/smoother=hoa/backbone=sage/use_nfr=false/sanity_check=true/node_ratio=1,/data/hzw/Rethinking_DP_GNN_runtime/paper_experiments/figure10/x_steps=0.yaml/dataset=cora/feature=random_normal/feature_dim=4/scale=16/random_normal_mean=0/random_normal_std=1/mechanism=mbm/x_eps=inf/m=best/norm=false/smoother=hoa/backbone=sage/use_nfr=false/sanity_check=true/node_ratio=1/final_repeat10
0,4,4,12349,29.837518692017,0.038429322376,0.001012232282,0.047079462651,16,0.01,0,0.25,/data/hzw/Rethinking_DP_GNN_runtime/paper_experiments/figure10/x_steps=0.yaml/dataset=cora/feature=random_normal/feature_dim=4/scale=16/random_normal_mean=0/random_normal_std=1/mechanism=mbm/x_eps=inf/m=best/norm=false/smoother=hoa/backbone=sage/use_nfr=false/sanity_check=true/node_ratio=1,/data/hzw/Rethinking_DP_GNN_runtime/paper_experiments/figure10/x_steps=0.yaml/dataset=cora/feature=random_normal/feature_dim=4/scale=16/random_normal_mean=0/random_normal_std=1/mechanism=mbm/x_eps=inf/m=best/norm=false/smoother=hoa/backbone=sage/use_nfr=false/sanity_check=true/node_ratio=1/final_repeat10
0,4,5,12350,28.064992904663,0.038427000102,0.001741602907,0.047079462651,16,0.01,0,0.25,/data/hzw/Rethinking_DP_GNN_runtime/paper_experiments/figure10/x_steps=0.yaml/dataset=cora/feature=random_normal/feature_dim=4/scale=16/random_normal_mean=0/random_normal_std=1/mechanism=mbm/x_eps=inf/m=best/norm=false/smoother=hoa/backbone=sage/use_nfr=false/sanity_check=true/node_ratio=1,/data/hzw/Rethinking_DP_GNN_runtime/paper_experiments/figure10/x_steps=0.yaml/dataset=cora/feature=random_normal/feature_dim=4/scale=16/random_normal_mean=0/random_normal_std=1/mechanism=mbm/x_eps=inf/m=best/norm=false/smoother=hoa/backbone=sage/use_nfr=false/sanity_check=true/node_ratio=1/final_repeat10
0,4,6,12351,33.530281066895,0.038426496996,0.001440457771,0.047079462651,16,0.01,0,0.25,/data/hzw/Rethinking_DP_GNN_runtime/paper_experiments/figure10/x_steps=0.yaml/dataset=cora/feature=random_normal/feature_dim=4/scale=16/random_normal_mean=0/random_normal_std=1/mechanism=mbm/x_eps=inf/m=best/norm=false/smoother=hoa/backbone=sage/use_nfr=false/sanity_check=true/node_ratio=1,/data/hzw/Rethinking_DP_GNN_runtime/paper_experiments/figure10/x_steps=0.yaml/dataset=cora/feature=random_normal/feature_dim=4/scale=16/random_normal_mean=0/random_normal_std=1/mechanism=mbm/x_eps=inf/m=best/norm=false/smoother=hoa/backbone=sage/use_nfr=false/sanity_check=true/node_ratio=1/final_repeat10
0,4,7,12352,33.087150573730,0.038413232204,0.001585621442,0.047079462651,16,0.01,0,0.25,/data/hzw/Rethinking_DP_GNN_runtime/paper_experiments/figure10/x_steps=0.yaml/dataset=cora/feature=random_normal/feature_dim=4/scale=16/random_normal_mean=0/random_normal_std=1/mechanism=mbm/x_eps=inf/m=best/norm=false/smoother=hoa/backbone=sage/use_nfr=false/sanity_check=true/node_ratio=1,/data/hzw/Rethinking_DP_GNN_runtime/paper_experiments/figure10/x_steps=0.yaml/dataset=cora/feature=random_normal/feature_dim=4/scale=16/random_normal_mean=0/random_normal_std=1/mechanism=mbm/x_eps=inf/m=best/norm=false/smoother=hoa/backbone=sage/use_nfr=false/sanity_check=true/node_ratio=1/final_repeat10
0,4,8,12353,35.302806854248,0.038421620196,0.001478446188,0.047079462651,16,0.01,0,0.25,/data/hzw/Rethinking_DP_GNN_runtime/paper_experiments/figure10/x_steps=0.yaml/dataset=cora/feature=random_normal/feature_dim=4/scale=16/random_normal_mean=0/random_normal_std=1/mechanism=mbm/x_eps=inf/m=best/norm=false/smoother=hoa/backbone=sage/use_nfr=false/sanity_check=true/node_ratio=1,/data/hzw/Rethinking_DP_GNN_runtime/paper_experiments/figure10/x_steps=0.yaml/dataset=cora/feature=random_normal/feature_dim=4/scale=16/random_normal_mean=0/random_normal_std=1/mechanism=mbm/x_eps=inf/m=best/norm=false/smoother=hoa/backbone=sage/use_nfr=false/sanity_check=true/node_ratio=1/final_repeat10
0,4,9,12354,31.166912078857,0.038421538450,0.002269274092,0.047079462651,16,0.01,0,0.25,/data/hzw/Rethinking_DP_GNN_runtime/paper_experiments/figure10/x_steps=0.yaml/dataset=cora/feature=random_normal/feature_dim=4/scale=16/random_normal_mean=0/random_normal_std=1/mechanism=mbm/x_eps=inf/m=best/norm=false/smoother=hoa/backbone=sage/use_nfr=false/sanity_check=true/node_ratio=1,/data/hzw/Rethinking_DP_GNN_runtime/paper_experiments/figure10/x_steps=0.yaml/dataset=cora/feature=random_normal/feature_dim=4/scale=16/random_normal_mean=0/random_normal_std=1/mechanism=mbm/x_eps=inf/m=best/norm=false/smoother=hoa/backbone=sage/use_nfr=false/sanity_check=true/node_ratio=1/final_repeat10
0,8,0,12345,38.995567321777,0.054279586060,0.002022121023,0.047079462651,256,0.01,0,0.25,/data/hzw/Rethinking_DP_GNN_runtime/paper_experiments/figure10/x_steps=0.yaml/dataset=cora/feature=random_normal/feature_dim=8/scale=256/random_normal_mean=0/random_normal_std=1/mechanism=mbm/x_eps=inf/m=best/norm=false/smoother=hoa/backbone=sage/use_nfr=false/sanity_check=true/node_ratio=1,/data/hzw/Rethinking_DP_GNN_runtime/paper_experiments/figure10/x_steps=0.yaml/dataset=cora/feature=random_normal/feature_dim=8/scale=256/random_normal_mean=0/random_normal_std=1/mechanism=mbm/x_eps=inf/m=best/norm=false/smoother=hoa/backbone=sage/use_nfr=false/sanity_check=true/node_ratio=1/final_repeat10
0,8,1,12346,39.290988922119,0.054296721197,0.001659695517,0.047079462651,256,0.01,0,0.25,/data/hzw/Rethinking_DP_GNN_runtime/paper_experiments/figure10/x_steps=0.yaml/dataset=cora/feature=random_normal/feature_dim=8/scale=256/random_normal_mean=0/random_normal_std=1/mechanism=mbm/x_eps=inf/m=best/norm=false/smoother=hoa/backbone=sage/use_nfr=false/sanity_check=true/node_ratio=1,/data/hzw/Rethinking_DP_GNN_runtime/paper_experiments/figure10/x_steps=0.yaml/dataset=cora/feature=random_normal/feature_dim=8/scale=256/random_normal_mean=0/random_normal_std=1/mechanism=mbm/x_eps=inf/m=best/norm=false/smoother=hoa/backbone=sage/use_nfr=false/sanity_check=true/node_ratio=1/final_repeat10
0,8,2,12347,38.109306335449,0.054278240125,0.002014639622,0.047079462651,256,0.01,0,0.25,/data/hzw/Rethinking_DP_GNN_runtime/paper_experiments/figure10/x_steps=0.yaml/dataset=cora/feature=random_normal/feature_dim=8/scale=256/random_normal_mean=0/random_normal_std=1/mechanism=mbm/x_eps=inf/m=best/norm=false/smoother=hoa/backbone=sage/use_nfr=false/sanity_check=true/node_ratio=1,/data/hzw/Rethinking_DP_GNN_runtime/paper_experiments/figure10/x_steps=0.yaml/dataset=cora/feature=random_normal/feature_dim=8/scale=256/random_normal_mean=0/random_normal_std=1/mechanism=mbm/x_eps=inf/m=best/norm=false/smoother=hoa/backbone=sage/use_nfr=false/sanity_check=true/node_ratio=1/final_repeat10
0,8,3,12348,35.302806854248,0.054292585142,0.002657651604,0.047079462651,256,0.01,0,0.25,/data/hzw/Rethinking_DP_GNN_runtime/paper_experiments/figure10/x_steps=0.yaml/dataset=cora/feature=random_normal/feature_dim=8/scale=256/random_normal_mean=0/random_normal_std=1/mechanism=mbm/x_eps=inf/m=best/norm=false/smoother=hoa/backbone=sage/use_nfr=false/sanity_check=true/node_ratio=1,/data/hzw/Rethinking_DP_GNN_runtime/paper_experiments/figure10/x_steps=0.yaml/dataset=cora/feature=random_normal/feature_dim=8/scale=256/random_normal_mean=0/random_normal_std=1/mechanism=mbm/x_eps=inf/m=best/norm=false/smoother=hoa/backbone=sage/use_nfr=false/sanity_check=true/node_ratio=1/final_repeat10
0,8,4,12349,36.189067840576,0.054302535207,0.002093022953,0.047079462651,256,0.01,0,0.25,/data/hzw/Rethinking_DP_GNN_runtime/paper_experiments/figure10/x_steps=0.yaml/dataset=cora/feature=random_normal/feature_dim=8/scale=256/random_normal_mean=0/random_normal_std=1/mechanism=mbm/x_eps=inf/m=best/norm=false/smoother=hoa/backbone=sage/use_nfr=false/sanity_check=true/node_ratio=1,/data/hzw/Rethinking_DP_GNN_runtime/paper_experiments/figure10/x_steps=0.yaml/dataset=cora/feature=random_normal/feature_dim=8/scale=256/random_normal_mean=0/random_normal_std=1/mechanism=mbm/x_eps=inf/m=best/norm=false/smoother=hoa/backbone=sage/use_nfr=false/sanity_check=true/node_ratio=1/final_repeat10
0,8,5,12350,37.370754241943,0.054288870555,0.001926828830,0.047079462651,256,0.01,0,0.25,/data/hzw/Rethinking_DP_GNN_runtime/paper_experiments/figure10/x_steps=0.yaml/dataset=cora/feature=random_normal/feature_dim=8/scale=256/random_normal_mean=0/random_normal_std=1/mechanism=mbm/x_eps=inf/m=best/norm=false/smoother=hoa/backbone=sage/use_nfr=false/sanity_check=true/node_ratio=1,/data/hzw/Rethinking_DP_GNN_runtime/paper_experiments/figure10/x_steps=0.yaml/dataset=cora/feature=random_normal/feature_dim=8/scale=256/random_normal_mean=0/random_normal_std=1/mechanism=mbm/x_eps=inf/m=best/norm=false/smoother=hoa/backbone=sage/use_nfr=false/sanity_check=true/node_ratio=1/final_repeat10
0,8,6,12351,35.598228454590,0.054303860682,0.002322907179,0.047079462651,256,0.01,0,0.25,/data/hzw/Rethinking_DP_GNN_runtime/paper_experiments/figure10/x_steps=0.yaml/dataset=cora/feature=random_normal/feature_dim=8/scale=256/random_normal_mean=0/random_normal_std=1/mechanism=mbm/x_eps=inf/m=best/norm=false/smoother=hoa/backbone=sage/use_nfr=false/sanity_check=true/node_ratio=1,/data/hzw/Rethinking_DP_GNN_runtime/paper_experiments/figure10/x_steps=0.yaml/dataset=cora/feature=random_normal/feature_dim=8/scale=256/random_normal_mean=0/random_normal_std=1/mechanism=mbm/x_eps=inf/m=best/norm=false/smoother=hoa/backbone=sage/use_nfr=false/sanity_check=true/node_ratio=1/final_repeat10
0,8,7,12352,37.223041534424,0.054283272697,0.001604859994,0.047079462651,256,0.01,0,0.25,/data/hzw/Rethinking_DP_GNN_runtime/paper_experiments/figure10/x_steps=0.yaml/dataset=cora/feature=random_normal/feature_dim=8/scale=256/random_normal_mean=0/random_normal_std=1/mechanism=mbm/x_eps=inf/m=best/norm=false/smoother=hoa/backbone=sage/use_nfr=false/sanity_check=true/node_ratio=1,/data/hzw/Rethinking_DP_GNN_runtime/paper_experiments/figure10/x_steps=0.yaml/dataset=cora/feature=random_normal/feature_dim=8/scale=256/random_normal_mean=0/random_normal_std=1/mechanism=mbm/x_eps=inf/m=best/norm=false/smoother=hoa/backbone=sage/use_nfr=false/sanity_check=true/node_ratio=1/final_repeat10
0,8,8,12353,37.813884735107,0.054260487983,0.002482716857,0.047079462651,256,0.01,0,0.25,/data/hzw/Rethinking_DP_GNN_runtime/paper_experiments/figure10/x_steps=0.yaml/dataset=cora/feature=random_normal/feature_dim=8/scale=256/random_normal_mean=0/random_normal_std=1/mechanism=mbm/x_eps=inf/m=best/norm=false/smoother=hoa/backbone=sage/use_nfr=false/sanity_check=true/node_ratio=1,/data/hzw/Rethinking_DP_GNN_runtime/paper_experiments/figure10/x_steps=0.yaml/dataset=cora/feature=random_normal/feature_dim=8/scale=256/random_normal_mean=0/random_normal_std=1/mechanism=mbm/x_eps=inf/m=best/norm=false/smoother=hoa/backbone=sage/use_nfr=false/sanity_check=true/node_ratio=1/final_repeat10
0,8,9,12354,37.075332641602,0.054296864477,0.002412455180,0.047079462651,256,0.01,0,0.25,/data/hzw/Rethinking_DP_GNN_runtime/paper_experiments/figure10/x_steps=0.yaml/dataset=cora/feature=random_normal/feature_dim=8/scale=256/random_normal_mean=0/random_normal_std=1/mechanism=mbm/x_eps=inf/m=best/norm=false/smoother=hoa/backbone=sage/use_nfr=false/sanity_check=true/node_ratio=1,/data/hzw/Rethinking_DP_GNN_runtime/paper_experiments/figure10/x_steps=0.yaml/dataset=cora/feature=random_normal/feature_dim=8/scale=256/random_normal_mean=0/random_normal_std=1/mechanism=mbm/x_eps=inf/m=best/norm=false/smoother=hoa/backbone=sage/use_nfr=false/sanity_check=true/node_ratio=1/final_repeat10
0,16,0,12345,43.870014190674,0.076697892770,0.003603506600,0.047079462651,64,0.01,0.0001,0.25,/data/hzw/Rethinking_DP_GNN_runtime/paper_experiments/figure10/x_steps=0.yaml/dataset=cora/feature=random_normal/feature_dim=16/scale=64/random_normal_mean=0/random_normal_std=1/mechanism=mbm/x_eps=inf/m=best/norm=false/smoother=hoa/backbone=sage/use_nfr=false/sanity_check=true/node_ratio=1,/data/hzw/Rethinking_DP_GNN_runtime/paper_experiments/figure10/x_steps=0.yaml/dataset=cora/feature=random_normal/feature_dim=16/scale=64/random_normal_mean=0/random_normal_std=1/mechanism=mbm/x_eps=inf/m=best/norm=false/smoother=hoa/backbone=sage/use_nfr=false/sanity_check=true/node_ratio=1/final_repeat10
0,16,1,12346,46.528800964355,0.076667788718,0.003731323875,0.047079462651,64,0.01,0.0001,0.25,/data/hzw/Rethinking_DP_GNN_runtime/paper_experiments/figure10/x_steps=0.yaml/dataset=cora/feature=random_normal/feature_dim=16/scale=64/random_normal_mean=0/random_normal_std=1/mechanism=mbm/x_eps=inf/m=best/norm=false/smoother=hoa/backbone=sage/use_nfr=false/sanity_check=true/node_ratio=1,/data/hzw/Rethinking_DP_GNN_runtime/paper_experiments/figure10/x_steps=0.yaml/dataset=cora/feature=random_normal/feature_dim=16/scale=64/random_normal_mean=0/random_normal_std=1/mechanism=mbm/x_eps=inf/m=best/norm=false/smoother=hoa/backbone=sage/use_nfr=false/sanity_check=true/node_ratio=1/final_repeat10
0,16,2,12347,48.596748352051,0.076682159815,0.003990293547,0.047079462651,64,0.01,0.0001,0.25,/data/hzw/Rethinking_DP_GNN_runtime/paper_experiments/figure10/x_steps=0.yaml/dataset=cora/feature=random_normal/feature_dim=16/scale=64/random_normal_mean=0/random_normal_std=1/mechanism=mbm/x_eps=inf/m=best/norm=false/smoother=hoa/backbone=sage/use_nfr=false/sanity_check=true/node_ratio=1,/data/hzw/Rethinking_DP_GNN_runtime/paper_experiments/figure10/x_steps=0.yaml/dataset=cora/feature=random_normal/feature_dim=16/scale=64/random_normal_mean=0/random_normal_std=1/mechanism=mbm/x_eps=inf/m=best/norm=false/smoother=hoa/backbone=sage/use_nfr=false/sanity_check=true/node_ratio=1/final_repeat10
0,16,3,12348,46.085670471191,0.076691444276,0.003956507100,0.047079462651,64,0.01,0.0001,0.25,/data/hzw/Rethinking_DP_GNN_runtime/paper_experiments/figure10/x_steps=0.yaml/dataset=cora/feature=random_normal/feature_dim=16/scale=64/random_normal_mean=0/random_normal_std=1/mechanism=mbm/x_eps=inf/m=best/norm=false/smoother=hoa/backbone=sage/use_nfr=false/sanity_check=true/node_ratio=1,/data/hzw/Rethinking_DP_GNN_runtime/paper_experiments/figure10/x_steps=0.yaml/dataset=cora/feature=random_normal/feature_dim=16/scale=64/random_normal_mean=0/random_normal_std=1/mechanism=mbm/x_eps=inf/m=best/norm=false/smoother=hoa/backbone=sage/use_nfr=false/sanity_check=true/node_ratio=1/final_repeat10
0,16,4,12349,43.574592590332,0.076662508684,0.004083513074,0.047079462651,64,0.01,0.0001,0.25,/data/hzw/Rethinking_DP_GNN_runtime/paper_experiments/figure10/x_steps=0.yaml/dataset=cora/feature=random_normal/feature_dim=16/scale=64/random_normal_mean=0/random_normal_std=1/mechanism=mbm/x_eps=inf/m=best/norm=false/smoother=hoa/backbone=sage/use_nfr=false/sanity_check=true/node_ratio=1,/data/hzw/Rethinking_DP_GNN_runtime/paper_experiments/figure10/x_steps=0.yaml/dataset=cora/feature=random_normal/feature_dim=16/scale=64/random_normal_mean=0/random_normal_std=1/mechanism=mbm/x_eps=inf/m=best/norm=false/smoother=hoa/backbone=sage/use_nfr=false/sanity_check=true/node_ratio=1/final_repeat10
0,16,5,12350,47.267353057861,0.076633056377,0.004522182735,0.047079462651,64,0.01,0.0001,0.25,/data/hzw/Rethinking_DP_GNN_runtime/paper_experiments/figure10/x_steps=0.yaml/dataset=cora/feature=random_normal/feature_dim=16/scale=64/random_normal_mean=0/random_normal_std=1/mechanism=mbm/x_eps=inf/m=best/norm=false/smoother=hoa/backbone=sage/use_nfr=false/sanity_check=true/node_ratio=1,/data/hzw/Rethinking_DP_GNN_runtime/paper_experiments/figure10/x_steps=0.yaml/dataset=cora/feature=random_normal/feature_dim=16/scale=64/random_normal_mean=0/random_normal_std=1/mechanism=mbm/x_eps=inf/m=best/norm=false/smoother=hoa/backbone=sage/use_nfr=false/sanity_check=true/node_ratio=1/final_repeat10
0,16,6,12351,45.199409484863,0.076686031541,0.004255711605,0.047079462651,64,0.01,0.0001,0.25,/data/hzw/Rethinking_DP_GNN_runtime/paper_experiments/figure10/x_steps=0.yaml/dataset=cora/feature=random_normal/feature_dim=16/scale=64/random_normal_mean=0/random_normal_std=1/mechanism=mbm/x_eps=inf/m=best/norm=false/smoother=hoa/backbone=sage/use_nfr=false/sanity_check=true/node_ratio=1,/data/hzw/Rethinking_DP_GNN_runtime/paper_experiments/figure10/x_steps=0.yaml/dataset=cora/feature=random_normal/feature_dim=16/scale=64/random_normal_mean=0/random_normal_std=1/mechanism=mbm/x_eps=inf/m=best/norm=false/smoother=hoa/backbone=sage/use_nfr=false/sanity_check=true/node_ratio=1/final_repeat10
0,16,7,12352,47.858196258545,0.076697212944,0.003510599209,0.047079462651,64,0.01,0.0001,0.25,/data/hzw/Rethinking_DP_GNN_runtime/paper_experiments/figure10/x_steps=0.yaml/dataset=cora/feature=random_normal/feature_dim=16/scale=64/random_normal_mean=0/random_normal_std=1/mechanism=mbm/x_eps=inf/m=best/norm=false/smoother=hoa/backbone=sage/use_nfr=false/sanity_check=true/node_ratio=1,/data/hzw/Rethinking_DP_GNN_runtime/paper_experiments/figure10/x_steps=0.yaml/dataset=cora/feature=random_normal/feature_dim=16/scale=64/random_normal_mean=0/random_normal_std=1/mechanism=mbm/x_eps=inf/m=best/norm=false/smoother=hoa/backbone=sage/use_nfr=false/sanity_check=true/node_ratio=1/final_repeat10
0,16,8,12353,43.870014190674,0.076629151120,0.004138702319,0.047079462651,64,0.01,0.0001,0.25,/data/hzw/Rethinking_DP_GNN_runtime/paper_experiments/figure10/x_steps=0.yaml/dataset=cora/feature=random_normal/feature_dim=16/scale=64/random_normal_mean=0/random_normal_std=1/mechanism=mbm/x_eps=inf/m=best/norm=false/smoother=hoa/backbone=sage/use_nfr=false/sanity_check=true/node_ratio=1,/data/hzw/Rethinking_DP_GNN_runtime/paper_experiments/figure10/x_steps=0.yaml/dataset=cora/feature=random_normal/feature_dim=16/scale=64/random_normal_mean=0/random_normal_std=1/mechanism=mbm/x_eps=inf/m=best/norm=false/smoother=hoa/backbone=sage/use_nfr=false/sanity_check=true/node_ratio=1/final_repeat10
0,16,9,12354,47.119644165039,0.076638809025,0.003185016835,0.047079462651,64,0.01,0.0001,0.25,/data/hzw/Rethinking_DP_GNN_runtime/paper_experiments/figure10/x_steps=0.yaml/dataset=cora/feature=random_normal/feature_dim=16/scale=64/random_normal_mean=0/random_normal_std=1/mechanism=mbm/x_eps=inf/m=best/norm=false/smoother=hoa/backbone=sage/use_nfr=false/sanity_check=true/node_ratio=1,/data/hzw/Rethinking_DP_GNN_runtime/paper_experiments/figure10/x_steps=0.yaml/dataset=cora/feature=random_normal/feature_dim=16/scale=64/random_normal_mean=0/random_normal_std=1/mechanism=mbm/x_eps=inf/m=best/norm=false/smoother=hoa/backbone=sage/use_nfr=false/sanity_check=true/node_ratio=1/final_repeat10
0,32,0,12345,52.437221527100,0.108130011201,0.005024803252,0.047079462651,64,0.01,0.0001,0.5,/data/hzw/Rethinking_DP_GNN_runtime/paper_experiments/figure10/x_steps=0.yaml/dataset=cora/feature=random_normal/feature_dim=32/scale=64/random_normal_mean=0/random_normal_std=1/mechanism=mbm/x_eps=inf/m=best/norm=false/smoother=hoa/backbone=sage/use_nfr=false/sanity_check=true/node_ratio=1,/data/hzw/Rethinking_DP_GNN_runtime/paper_experiments/figure10/x_steps=0.yaml/dataset=cora/feature=random_normal/feature_dim=32/scale=64/random_normal_mean=0/random_normal_std=1/mechanism=mbm/x_eps=inf/m=best/norm=false/smoother=hoa/backbone=sage/use_nfr=false/sanity_check=true/node_ratio=1/final_repeat10
0,32,1,12346,50.960117340088,0.108104507294,0.004814134968,0.047079462651,64,0.01,0.0001,0.5,/data/hzw/Rethinking_DP_GNN_runtime/paper_experiments/figure10/x_steps=0.yaml/dataset=cora/feature=random_normal/feature_dim=32/scale=64/random_normal_mean=0/random_normal_std=1/mechanism=mbm/x_eps=inf/m=best/norm=false/smoother=hoa/backbone=sage/use_nfr=false/sanity_check=true/node_ratio=1,/data/hzw/Rethinking_DP_GNN_runtime/paper_experiments/figure10/x_steps=0.yaml/dataset=cora/feature=random_normal/feature_dim=32/scale=64/random_normal_mean=0/random_normal_std=1/mechanism=mbm/x_eps=inf/m=best/norm=false/smoother=hoa/backbone=sage/use_nfr=false/sanity_check=true/node_ratio=1/final_repeat10
0,32,2,12347,48.153617858887,0.108166748789,0.004730592712,0.047079462651,64,0.01,0.0001,0.5,/data/hzw/Rethinking_DP_GNN_runtime/paper_experiments/figure10/x_steps=0.yaml/dataset=cora/feature=random_normal/feature_dim=32/scale=64/random_normal_mean=0/random_normal_std=1/mechanism=mbm/x_eps=inf/m=best/norm=false/smoother=hoa/backbone=sage/use_nfr=false/sanity_check=true/node_ratio=1,/data/hzw/Rethinking_DP_GNN_runtime/paper_experiments/figure10/x_steps=0.yaml/dataset=cora/feature=random_normal/feature_dim=32/scale=64/random_normal_mean=0/random_normal_std=1/mechanism=mbm/x_eps=inf/m=best/norm=false/smoother=hoa/backbone=sage/use_nfr=false/sanity_check=true/node_ratio=1/final_repeat10
0,32,3,12348,54.652881622314,0.108115343922,0.005796433516,0.047079462651,64,0.01,0.0001,0.5,/data/hzw/Rethinking_DP_GNN_runtime/paper_experiments/figure10/x_steps=0.yaml/dataset=cora/feature=random_normal/feature_dim=32/scale=64/random_normal_mean=0/random_normal_std=1/mechanism=mbm/x_eps=inf/m=best/norm=false/smoother=hoa/backbone=sage/use_nfr=false/sanity_check=true/node_ratio=1,/data/hzw/Rethinking_DP_GNN_runtime/paper_experiments/figure10/x_steps=0.yaml/dataset=cora/feature=random_normal/feature_dim=32/scale=64/random_normal_mean=0/random_normal_std=1/mechanism=mbm/x_eps=inf/m=best/norm=false/smoother=hoa/backbone=sage/use_nfr=false/sanity_check=true/node_ratio=1/final_repeat10
0,32,4,12349,50.369274139404,0.108125409216,0.004409398643,0.047079462651,64,0.01,0.0001,0.5,/data/hzw/Rethinking_DP_GNN_runtime/paper_experiments/figure10/x_steps=0.yaml/dataset=cora/feature=random_normal/feature_dim=32/scale=64/random_normal_mean=0/random_normal_std=1/mechanism=mbm/x_eps=inf/m=best/norm=false/smoother=hoa/backbone=sage/use_nfr=false/sanity_check=true/node_ratio=1,/data/hzw/Rethinking_DP_GNN_runtime/paper_experiments/figure10/x_steps=0.yaml/dataset=cora/feature=random_normal/feature_dim=32/scale=64/random_normal_mean=0/random_normal_std=1/mechanism=mbm/x_eps=inf/m=best/norm=false/smoother=hoa/backbone=sage/use_nfr=false/sanity_check=true/node_ratio=1/final_repeat10
0,32,5,12350,48.005908966064,0.108102455292,0.004321459840,0.047079462651,64,0.01,0.0001,0.5,/data/hzw/Rethinking_DP_GNN_runtime/paper_experiments/figure10/x_steps=0.yaml/dataset=cora/feature=random_normal/feature_dim=32/scale=64/random_normal_mean=0/random_normal_std=1/mechanism=mbm/x_eps=inf/m=best/norm=false/smoother=hoa/backbone=sage/use_nfr=false/sanity_check=true/node_ratio=1,/data/hzw/Rethinking_DP_GNN_runtime/paper_experiments/figure10/x_steps=0.yaml/dataset=cora/feature=random_normal/feature_dim=32/scale=64/random_normal_mean=0/random_normal_std=1/mechanism=mbm/x_eps=inf/m=best/norm=false/smoother=hoa/backbone=sage/use_nfr=false/sanity_check=true/node_ratio=1/final_repeat10
0,32,6,12351,50.812404632568,0.108136778567,0.004591552245,0.047079462651,64,0.01,0.0001,0.5,/data/hzw/Rethinking_DP_GNN_runtime/paper_experiments/figure10/x_steps=0.yaml/dataset=cora/feature=random_normal/feature_dim=32/scale=64/random_normal_mean=0/random_normal_std=1/mechanism=mbm/x_eps=inf/m=best/norm=false/smoother=hoa/backbone=sage/use_nfr=false/sanity_check=true/node_ratio=1,/data/hzw/Rethinking_DP_GNN_runtime/paper_experiments/figure10/x_steps=0.yaml/dataset=cora/feature=random_normal/feature_dim=32/scale=64/random_normal_mean=0/random_normal_std=1/mechanism=mbm/x_eps=inf/m=best/norm=false/smoother=hoa/backbone=sage/use_nfr=false/sanity_check=true/node_ratio=1/final_repeat10
0,32,7,12352,52.289508819580,0.108177768553,0.005152305533,0.047079462651,64,0.01,0.0001,0.5,/data/hzw/Rethinking_DP_GNN_runtime/paper_experiments/figure10/x_steps=0.yaml/dataset=cora/feature=random_normal/feature_dim=32/scale=64/random_normal_mean=0/random_normal_std=1/mechanism=mbm/x_eps=inf/m=best/norm=false/smoother=hoa/backbone=sage/use_nfr=false/sanity_check=true/node_ratio=1,/data/hzw/Rethinking_DP_GNN_runtime/paper_experiments/figure10/x_steps=0.yaml/dataset=cora/feature=random_normal/feature_dim=32/scale=64/random_normal_mean=0/random_normal_std=1/mechanism=mbm/x_eps=inf/m=best/norm=false/smoother=hoa/backbone=sage/use_nfr=false/sanity_check=true/node_ratio=1/final_repeat10
0,32,8,12353,45.937961578369,0.108072283534,0.004247323960,0.047079462651,64,0.01,0.0001,0.5,/data/hzw/Rethinking_DP_GNN_runtime/paper_experiments/figure10/x_steps=0.yaml/dataset=cora/feature=random_normal/feature_dim=32/scale=64/random_normal_mean=0/random_normal_std=1/mechanism=mbm/x_eps=inf/m=best/norm=false/smoother=hoa/backbone=sage/use_nfr=false/sanity_check=true/node_ratio=1,/data/hzw/Rethinking_DP_GNN_runtime/paper_experiments/figure10/x_steps=0.yaml/dataset=cora/feature=random_normal/feature_dim=32/scale=64/random_normal_mean=0/random_normal_std=1/mechanism=mbm/x_eps=inf/m=best/norm=false/smoother=hoa/backbone=sage/use_nfr=false/sanity_check=true/node_ratio=1/final_repeat10
0,32,9,12354,56.425403594971,0.108105750028,0.005171970643,0.047079462651,64,0.01,0.0001,0.5,/data/hzw/Rethinking_DP_GNN_runtime/paper_experiments/figure10/x_steps=0.yaml/dataset=cora/feature=random_normal/feature_dim=32/scale=64/random_normal_mean=0/random_normal_std=1/mechanism=mbm/x_eps=inf/m=best/norm=false/smoother=hoa/backbone=sage/use_nfr=false/sanity_check=true/node_ratio=1,/data/hzw/Rethinking_DP_GNN_runtime/paper_experiments/figure10/x_steps=0.yaml/dataset=cora/feature=random_normal/feature_dim=32/scale=64/random_normal_mean=0/random_normal_std=1/mechanism=mbm/x_eps=inf/m=best/norm=false/smoother=hoa/backbone=sage/use_nfr=false/sanity_check=true/node_ratio=1/final_repeat10
0,64,0,12345,55.686855316162,0.152000817747,0.006893752983,0.047079462651,64,0.01,0.01,0.5,/data/hzw/Rethinking_DP_GNN_runtime/paper_experiments/figure10/x_steps=0.yaml/dataset=cora/feature=random_normal/feature_dim=64/scale=64/random_normal_mean=0/random_normal_std=1/mechanism=mbm/x_eps=inf/m=best/norm=false/smoother=hoa/backbone=sage/use_nfr=false/sanity_check=true/node_ratio=1,/data/hzw/Rethinking_DP_GNN_runtime/paper_experiments/figure10/x_steps=0.yaml/dataset=cora/feature=random_normal/feature_dim=64/scale=64/random_normal_mean=0/random_normal_std=1/mechanism=mbm/x_eps=inf/m=best/norm=false/smoother=hoa/backbone=sage/use_nfr=false/sanity_check=true/node_ratio=1/final_repeat10
0,64,1,12346,63.072376251221,0.151922568489,0.007262878215,0.047079462651,64,0.01,0.01,0.5,/data/hzw/Rethinking_DP_GNN_runtime/paper_experiments/figure10/x_steps=0.yaml/dataset=cora/feature=random_normal/feature_dim=64/scale=64/random_normal_mean=0/random_normal_std=1/mechanism=mbm/x_eps=inf/m=best/norm=false/smoother=hoa/backbone=sage/use_nfr=false/sanity_check=true/node_ratio=1,/data/hzw/Rethinking_DP_GNN_runtime/paper_experiments/figure10/x_steps=0.yaml/dataset=cora/feature=random_normal/feature_dim=64/scale=64/random_normal_mean=0/random_normal_std=1/mechanism=mbm/x_eps=inf/m=best/norm=false/smoother=hoa/backbone=sage/use_nfr=false/sanity_check=true/node_ratio=1/final_repeat10
0,64,2,12347,63.663219451904,0.152067516839,0.007856567904,0.047079462651,64,0.01,0.01,0.5,/data/hzw/Rethinking_DP_GNN_runtime/paper_experiments/figure10/x_steps=0.yaml/dataset=cora/feature=random_normal/feature_dim=64/scale=64/random_normal_mean=0/random_normal_std=1/mechanism=mbm/x_eps=inf/m=best/norm=false/smoother=hoa/backbone=sage/use_nfr=false/sanity_check=true/node_ratio=1,/data/hzw/Rethinking_DP_GNN_runtime/paper_experiments/figure10/x_steps=0.yaml/dataset=cora/feature=random_normal/feature_dim=64/scale=64/random_normal_mean=0/random_normal_std=1/mechanism=mbm/x_eps=inf/m=best/norm=false/smoother=hoa/backbone=sage/use_nfr=false/sanity_check=true/node_ratio=1/final_repeat10
0,64,3,12348,60.709011077881,0.151966290658,0.007640151498,0.047079462651,64,0.01,0.01,0.5,/data/hzw/Rethinking_DP_GNN_runtime/paper_experiments/figure10/x_steps=0.yaml/dataset=cora/feature=random_normal/feature_dim=64/scale=64/random_normal_mean=0/random_normal_std=1/mechanism=mbm/x_eps=inf/m=best/norm=false/smoother=hoa/backbone=sage/use_nfr=false/sanity_check=true/node_ratio=1,/data/hzw/Rethinking_DP_GNN_runtime/paper_experiments/figure10/x_steps=0.yaml/dataset=cora/feature=random_normal/feature_dim=64/scale=64/random_normal_mean=0/random_normal_std=1/mechanism=mbm/x_eps=inf/m=best/norm=false/smoother=hoa/backbone=sage/use_nfr=false/sanity_check=true/node_ratio=1/final_repeat10
0,64,4,12349,59.084194183350,0.152019230269,0.006686754197,0.047079462651,64,0.01,0.01,0.5,/data/hzw/Rethinking_DP_GNN_runtime/paper_experiments/figure10/x_steps=0.yaml/dataset=cora/feature=random_normal/feature_dim=64/scale=64/random_normal_mean=0/random_normal_std=1/mechanism=mbm/x_eps=inf/m=best/norm=false/smoother=hoa/backbone=sage/use_nfr=false/sanity_check=true/node_ratio=1,/data/hzw/Rethinking_DP_GNN_runtime/paper_experiments/figure10/x_steps=0.yaml/dataset=cora/feature=random_normal/feature_dim=64/scale=64/random_normal_mean=0/random_normal_std=1/mechanism=mbm/x_eps=inf/m=best/norm=false/smoother=hoa/backbone=sage/use_nfr=false/sanity_check=true/node_ratio=1/final_repeat10
0,64,5,12350,51.107830047607,0.151916903670,0.006872000644,0.047079462651,64,0.01,0.01,0.5,/data/hzw/Rethinking_DP_GNN_runtime/paper_experiments/figure10/x_steps=0.yaml/dataset=cora/feature=random_normal/feature_dim=64/scale=64/random_normal_mean=0/random_normal_std=1/mechanism=mbm/x_eps=inf/m=best/norm=false/smoother=hoa/backbone=sage/use_nfr=false/sanity_check=true/node_ratio=1,/data/hzw/Rethinking_DP_GNN_runtime/paper_experiments/figure10/x_steps=0.yaml/dataset=cora/feature=random_normal/feature_dim=64/scale=64/random_normal_mean=0/random_normal_std=1/mechanism=mbm/x_eps=inf/m=best/norm=false/smoother=hoa/backbone=sage/use_nfr=false/sanity_check=true/node_ratio=1/final_repeat10
0,64,6,12351,54.948299407959,0.152058703317,0.006724921915,0.047079462651,64,0.01,0.01,0.5,/data/hzw/Rethinking_DP_GNN_runtime/paper_experiments/figure10/x_steps=0.yaml/dataset=cora/feature=random_normal/feature_dim=64/scale=64/random_normal_mean=0/random_normal_std=1/mechanism=mbm/x_eps=inf/m=best/norm=false/smoother=hoa/backbone=sage/use_nfr=false/sanity_check=true/node_ratio=1,/data/hzw/Rethinking_DP_GNN_runtime/paper_experiments/figure10/x_steps=0.yaml/dataset=cora/feature=random_normal/feature_dim=64/scale=64/random_normal_mean=0/random_normal_std=1/mechanism=mbm/x_eps=inf/m=best/norm=false/smoother=hoa/backbone=sage/use_nfr=false/sanity_check=true/node_ratio=1/final_repeat10
0,64,7,12352,59.970455169678,0.151999389442,0.007441031348,0.047079462651,64,0.01,0.01,0.5,/data/hzw/Rethinking_DP_GNN_runtime/paper_experiments/figure10/x_steps=0.yaml/dataset=cora/feature=random_normal/feature_dim=64/scale=64/random_normal_mean=0/random_normal_std=1/mechanism=mbm/x_eps=inf/m=best/norm=false/smoother=hoa/backbone=sage/use_nfr=false/sanity_check=true/node_ratio=1,/data/hzw/Rethinking_DP_GNN_runtime/paper_experiments/figure10/x_steps=0.yaml/dataset=cora/feature=random_normal/feature_dim=64/scale=64/random_normal_mean=0/random_normal_std=1/mechanism=mbm/x_eps=inf/m=best/norm=false/smoother=hoa/backbone=sage/use_nfr=false/sanity_check=true/node_ratio=1/final_repeat10
0,64,8,12353,59.379611968994,0.151943904010,0.008300842836,0.047079462651,64,0.01,0.01,0.5,/data/hzw/Rethinking_DP_GNN_runtime/paper_experiments/figure10/x_steps=0.yaml/dataset=cora/feature=random_normal/feature_dim=64/scale=64/random_normal_mean=0/random_normal_std=1/mechanism=mbm/x_eps=inf/m=best/norm=false/smoother=hoa/backbone=sage/use_nfr=false/sanity_check=true/node_ratio=1,/data/hzw/Rethinking_DP_GNN_runtime/paper_experiments/figure10/x_steps=0.yaml/dataset=cora/feature=random_normal/feature_dim=64/scale=64/random_normal_mean=0/random_normal_std=1/mechanism=mbm/x_eps=inf/m=best/norm=false/smoother=hoa/backbone=sage/use_nfr=false/sanity_check=true/node_ratio=1/final_repeat10
0,64,9,12354,60.561298370361,0.152034117967,0.006896789860,0.047079462651,64,0.01,0.01,0.5,/data/hzw/Rethinking_DP_GNN_runtime/paper_experiments/figure10/x_steps=0.yaml/dataset=cora/feature=random_normal/feature_dim=64/scale=64/random_normal_mean=0/random_normal_std=1/mechanism=mbm/x_eps=inf/m=best/norm=false/smoother=hoa/backbone=sage/use_nfr=false/sanity_check=true/node_ratio=1,/data/hzw/Rethinking_DP_GNN_runtime/paper_experiments/figure10/x_steps=0.yaml/dataset=cora/feature=random_normal/feature_dim=64/scale=64/random_normal_mean=0/random_normal_std=1/mechanism=mbm/x_eps=inf/m=best/norm=false/smoother=hoa/backbone=sage/use_nfr=false/sanity_check=true/node_ratio=1/final_repeat10
0,128,0,12345,65.731170654297,0.212336534539,0.009305287424,0.047079462651,64,0.01,0.01,0.75,/data/hzw/Rethinking_DP_GNN_runtime/paper_experiments/figure10/x_steps=0.yaml/dataset=cora/feature=random_normal/feature_dim=128/scale=64/random_normal_mean=0/random_normal_std=1/mechanism=mbm/x_eps=inf/m=best/norm=false/smoother=hoa/backbone=sage/use_nfr=false/sanity_check=true/node_ratio=1,/data/hzw/Rethinking_DP_GNN_runtime/paper_experiments/figure10/x_steps=0.yaml/dataset=cora/feature=random_normal/feature_dim=128/scale=64/random_normal_mean=0/random_normal_std=1/mechanism=mbm/x_eps=inf/m=best/norm=false/smoother=hoa/backbone=sage/use_nfr=false/sanity_check=true/node_ratio=1/final_repeat10
0,128,1,12346,65.288040161133,0.212533527914,0.010247004891,0.047079462651,64,0.01,0.01,0.75,/data/hzw/Rethinking_DP_GNN_runtime/paper_experiments/figure10/x_steps=0.yaml/dataset=cora/feature=random_normal/feature_dim=128/scale=64/random_normal_mean=0/random_normal_std=1/mechanism=mbm/x_eps=inf/m=best/norm=false/smoother=hoa/backbone=sage/use_nfr=false/sanity_check=true/node_ratio=1,/data/hzw/Rethinking_DP_GNN_runtime/paper_experiments/figure10/x_steps=0.yaml/dataset=cora/feature=random_normal/feature_dim=128/scale=64/random_normal_mean=0/random_normal_std=1/mechanism=mbm/x_eps=inf/m=best/norm=false/smoother=hoa/backbone=sage/use_nfr=false/sanity_check=true/node_ratio=1/final_repeat10
0,128,2,12347,68.242248535156,0.212565926622,0.010400161506,0.047079462651,64,0.01,0.01,0.75,/data/hzw/Rethinking_DP_GNN_runtime/paper_experiments/figure10/x_steps=0.yaml/dataset=cora/feature=random_normal/feature_dim=128/scale=64/random_normal_mean=0/random_normal_std=1/mechanism=mbm/x_eps=inf/m=best/norm=false/smoother=hoa/backbone=sage/use_nfr=false/sanity_check=true/node_ratio=1,/data/hzw/Rethinking_DP_GNN_runtime/paper_experiments/figure10/x_steps=0.yaml/dataset=cora/feature=random_normal/feature_dim=128/scale=64/random_normal_mean=0/random_normal_std=1/mechanism=mbm/x_eps=inf/m=best/norm=false/smoother=hoa/backbone=sage/use_nfr=false/sanity_check=true/node_ratio=1/final_repeat10
0,128,3,12348,63.958637237549,0.212674965608,0.008963950196,0.047079462651,64,0.01,0.01,0.75,/data/hzw/Rethinking_DP_GNN_runtime/paper_experiments/figure10/x_steps=0.yaml/dataset=cora/feature=random_normal/feature_dim=128/scale=64/random_normal_mean=0/random_normal_std=1/mechanism=mbm/x_eps=inf/m=best/norm=false/smoother=hoa/backbone=sage/use_nfr=false/sanity_check=true/node_ratio=1,/data/hzw/Rethinking_DP_GNN_runtime/paper_experiments/figure10/x_steps=0.yaml/dataset=cora/feature=random_normal/feature_dim=128/scale=64/random_normal_mean=0/random_normal_std=1/mechanism=mbm/x_eps=inf/m=best/norm=false/smoother=hoa/backbone=sage/use_nfr=false/sanity_check=true/node_ratio=1/final_repeat10
0,128,4,12349,67.503692626953,0.212463310528,0.009976494755,0.047079462651,64,0.01,0.01,0.75,/data/hzw/Rethinking_DP_GNN_runtime/paper_experiments/figure10/x_steps=0.yaml/dataset=cora/feature=random_normal/feature_dim=128/scale=64/random_normal_mean=0/random_normal_std=1/mechanism=mbm/x_eps=inf/m=best/norm=false/smoother=hoa/backbone=sage/use_nfr=false/sanity_check=true/node_ratio=1,/data/hzw/Rethinking_DP_GNN_runtime/paper_experiments/figure10/x_steps=0.yaml/dataset=cora/feature=random_normal/feature_dim=128/scale=64/random_normal_mean=0/random_normal_std=1/mechanism=mbm/x_eps=inf/m=best/norm=false/smoother=hoa/backbone=sage/use_nfr=false/sanity_check=true/node_ratio=1/final_repeat10
0,128,5,12350,69.276222229004,0.212559116184,0.010540831876,0.047079462651,64,0.01,0.01,0.75,/data/hzw/Rethinking_DP_GNN_runtime/paper_experiments/figure10/x_steps=0.yaml/dataset=cora/feature=random_normal/feature_dim=128/scale=64/random_normal_mean=0/random_normal_std=1/mechanism=mbm/x_eps=inf/m=best/norm=false/smoother=hoa/backbone=sage/use_nfr=false/sanity_check=true/node_ratio=1,/data/hzw/Rethinking_DP_GNN_runtime/paper_experiments/figure10/x_steps=0.yaml/dataset=cora/feature=random_normal/feature_dim=128/scale=64/random_normal_mean=0/random_normal_std=1/mechanism=mbm/x_eps=inf/m=best/norm=false/smoother=hoa/backbone=sage/use_nfr=false/sanity_check=true/node_ratio=1/final_repeat10
0,128,6,12351,65.288040161133,0.212675117061,0.009519345631,0.047079462651,64,0.01,0.01,0.75,/data/hzw/Rethinking_DP_GNN_runtime/paper_experiments/figure10/x_steps=0.yaml/dataset=cora/feature=random_normal/feature_dim=128/scale=64/random_normal_mean=0/random_normal_std=1/mechanism=mbm/x_eps=inf/m=best/norm=false/smoother=hoa/backbone=sage/use_nfr=false/sanity_check=true/node_ratio=1,/data/hzw/Rethinking_DP_GNN_runtime/paper_experiments/figure10/x_steps=0.yaml/dataset=cora/feature=random_normal/feature_dim=128/scale=64/random_normal_mean=0/random_normal_std=1/mechanism=mbm/x_eps=inf/m=best/norm=false/smoother=hoa/backbone=sage/use_nfr=false/sanity_check=true/node_ratio=1/final_repeat10
0,128,7,12352,67.799118041992,0.212519313463,0.010447588297,0.047079462651,64,0.01,0.01,0.75,/data/hzw/Rethinking_DP_GNN_runtime/paper_experiments/figure10/x_steps=0.yaml/dataset=cora/feature=random_normal/feature_dim=128/scale=64/random_normal_mean=0/random_normal_std=1/mechanism=mbm/x_eps=inf/m=best/norm=false/smoother=hoa/backbone=sage/use_nfr=false/sanity_check=true/node_ratio=1,/data/hzw/Rethinking_DP_GNN_runtime/paper_experiments/figure10/x_steps=0.yaml/dataset=cora/feature=random_normal/feature_dim=128/scale=64/random_normal_mean=0/random_normal_std=1/mechanism=mbm/x_eps=inf/m=best/norm=false/smoother=hoa/backbone=sage/use_nfr=false/sanity_check=true/node_ratio=1/final_repeat10
0,128,8,12353,65.435745239258,0.212421541763,0.009762185437,0.047079462651,64,0.01,0.01,0.75,/data/hzw/Rethinking_DP_GNN_runtime/paper_experiments/figure10/x_steps=0.yaml/dataset=cora/feature=random_normal/feature_dim=128/scale=64/random_normal_mean=0/random_normal_std=1/mechanism=mbm/x_eps=inf/m=best/norm=false/smoother=hoa/backbone=sage/use_nfr=false/sanity_check=true/node_ratio=1,/data/hzw/Rethinking_DP_GNN_runtime/paper_experiments/figure10/x_steps=0.yaml/dataset=cora/feature=random_normal/feature_dim=128/scale=64/random_normal_mean=0/random_normal_std=1/mechanism=mbm/x_eps=inf/m=best/norm=false/smoother=hoa/backbone=sage/use_nfr=false/sanity_check=true/node_ratio=1/final_repeat10
0,128,9,12354,70.457901000977,0.212461946575,0.010591165072,0.047079462651,64,0.01,0.01,0.75,/data/hzw/Rethinking_DP_GNN_runtime/paper_experiments/figure10/x_steps=0.yaml/dataset=cora/feature=random_normal/feature_dim=128/scale=64/random_normal_mean=0/random_normal_std=1/mechanism=mbm/x_eps=inf/m=best/norm=false/smoother=hoa/backbone=sage/use_nfr=false/sanity_check=true/node_ratio=1,/data/hzw/Rethinking_DP_GNN_runtime/paper_experiments/figure10/x_steps=0.yaml/dataset=cora/feature=random_normal/feature_dim=128/scale=64/random_normal_mean=0/random_normal_std=1/mechanism=mbm/x_eps=inf/m=best/norm=false/smoother=hoa/backbone=sage/use_nfr=false/sanity_check=true/node_ratio=1/final_repeat10
0,256,0,12345,75.923187255859,0.293877805551,0.014534614778,0.047079462651,64,0.01,0.01,0.75,/data/hzw/Rethinking_DP_GNN_runtime/paper_experiments/figure10/x_steps=0.yaml/dataset=cora/feature=random_normal/feature_dim=256/scale=64/random_normal_mean=0/random_normal_std=1/mechanism=mbm/x_eps=inf/m=best/norm=false/smoother=hoa/backbone=sage/use_nfr=false/sanity_check=true/node_ratio=1,/data/hzw/Rethinking_DP_GNN_runtime/paper_experiments/figure10/x_steps=0.yaml/dataset=cora/feature=random_normal/feature_dim=256/scale=64/random_normal_mean=0/random_normal_std=1/mechanism=mbm/x_eps=inf/m=best/norm=false/smoother=hoa/backbone=sage/use_nfr=false/sanity_check=true/node_ratio=1/final_repeat10
0,256,1,12346,76.218612670898,0.294062041777,0.014351151142,0.047079462651,64,0.01,0.01,0.75,/data/hzw/Rethinking_DP_GNN_runtime/paper_experiments/figure10/x_steps=0.yaml/dataset=cora/feature=random_normal/feature_dim=256/scale=64/random_normal_mean=0/random_normal_std=1/mechanism=mbm/x_eps=inf/m=best/norm=false/smoother=hoa/backbone=sage/use_nfr=false/sanity_check=true/node_ratio=1,/data/hzw/Rethinking_DP_GNN_runtime/paper_experiments/figure10/x_steps=0.yaml/dataset=cora/feature=random_normal/feature_dim=256/scale=64/random_normal_mean=0/random_normal_std=1/mechanism=mbm/x_eps=inf/m=best/norm=false/smoother=hoa/backbone=sage/use_nfr=false/sanity_check=true/node_ratio=1/final_repeat10
0,256,2,12347,72.378135681152,0.294053025146,0.013937545785,0.047079462651,64,0.01,0.01,0.75,/data/hzw/Rethinking_DP_GNN_runtime/paper_experiments/figure10/x_steps=0.yaml/dataset=cora/feature=random_normal/feature_dim=256/scale=64/random_normal_mean=0/random_normal_std=1/mechanism=mbm/x_eps=inf/m=best/norm=false/smoother=hoa/backbone=sage/use_nfr=false/sanity_check=true/node_ratio=1,/data/hzw/Rethinking_DP_GNN_runtime/paper_experiments/figure10/x_steps=0.yaml/dataset=cora/feature=random_normal/feature_dim=256/scale=64/random_normal_mean=0/random_normal_std=1/mechanism=mbm/x_eps=inf/m=best/norm=false/smoother=hoa/backbone=sage/use_nfr=false/sanity_check=true/node_ratio=1/final_repeat10
0,256,3,12348,72.378135681152,0.294054124121,0.013811922539,0.047079462651,64,0.01,0.01,0.75,/data/hzw/Rethinking_DP_GNN_runtime/paper_experiments/figure10/x_steps=0.yaml/dataset=cora/feature=random_normal/feature_dim=256/scale=64/random_normal_mean=0/random_normal_std=1/mechanism=mbm/x_eps=inf/m=best/norm=false/smoother=hoa/backbone=sage/use_nfr=false/sanity_check=true/node_ratio=1,/data/hzw/Rethinking_DP_GNN_runtime/paper_experiments/figure10/x_steps=0.yaml/dataset=cora/feature=random_normal/feature_dim=256/scale=64/random_normal_mean=0/random_normal_std=1/mechanism=mbm/x_eps=inf/m=best/norm=false/smoother=hoa/backbone=sage/use_nfr=false/sanity_check=true/node_ratio=1/final_repeat10
0,256,4,12349,75.036926269531,0.294102001777,0.013693267358,0.047079462651,64,0.01,0.01,0.75,/data/hzw/Rethinking_DP_GNN_runtime/paper_experiments/figure10/x_steps=0.yaml/dataset=cora/feature=random_normal/feature_dim=256/scale=64/random_normal_mean=0/random_normal_std=1/mechanism=mbm/x_eps=inf/m=best/norm=false/smoother=hoa/backbone=sage/use_nfr=false/sanity_check=true/node_ratio=1,/data/hzw/Rethinking_DP_GNN_runtime/paper_experiments/figure10/x_steps=0.yaml/dataset=cora/feature=random_normal/feature_dim=256/scale=64/random_normal_mean=0/random_normal_std=1/mechanism=mbm/x_eps=inf/m=best/norm=false/smoother=hoa/backbone=sage/use_nfr=false/sanity_check=true/node_ratio=1/final_repeat10
0,256,5,12350,71.048744201660,0.293877618344,0.013950231794,0.047079462651,64,0.01,0.01,0.75,/data/hzw/Rethinking_DP_GNN_runtime/paper_experiments/figure10/x_steps=0.yaml/dataset=cora/feature=random_normal/feature_dim=256/scale=64/random_normal_mean=0/random_normal_std=1/mechanism=mbm/x_eps=inf/m=best/norm=false/smoother=hoa/backbone=sage/use_nfr=false/sanity_check=true/node_ratio=1,/data/hzw/Rethinking_DP_GNN_runtime/paper_experiments/figure10/x_steps=0.yaml/dataset=cora/feature=random_normal/feature_dim=256/scale=64/random_normal_mean=0/random_normal_std=1/mechanism=mbm/x_eps=inf/m=best/norm=false/smoother=hoa/backbone=sage/use_nfr=false/sanity_check=true/node_ratio=1/final_repeat10
0,256,6,12351,72.378135681152,0.294200169418,0.012950528789,0.047079462651,64,0.01,0.01,0.75,/data/hzw/Rethinking_DP_GNN_runtime/paper_experiments/figure10/x_steps=0.yaml/dataset=cora/feature=random_normal/feature_dim=256/scale=64/random_normal_mean=0/random_normal_std=1/mechanism=mbm/x_eps=inf/m=best/norm=false/smoother=hoa/backbone=sage/use_nfr=false/sanity_check=true/node_ratio=1,/data/hzw/Rethinking_DP_GNN_runtime/paper_experiments/figure10/x_steps=0.yaml/dataset=cora/feature=random_normal/feature_dim=256/scale=64/random_normal_mean=0/random_normal_std=1/mechanism=mbm/x_eps=inf/m=best/norm=false/smoother=hoa/backbone=sage/use_nfr=false/sanity_check=true/node_ratio=1/final_repeat10
0,256,7,12352,74.002952575684,0.293900465126,0.014086371893,0.047079462651,64,0.01,0.01,0.75,/data/hzw/Rethinking_DP_GNN_runtime/paper_experiments/figure10/x_steps=0.yaml/dataset=cora/feature=random_normal/feature_dim=256/scale=64/random_normal_mean=0/random_normal_std=1/mechanism=mbm/x_eps=inf/m=best/norm=false/smoother=hoa/backbone=sage/use_nfr=false/sanity_check=true/node_ratio=1,/data/hzw/Rethinking_DP_GNN_runtime/paper_experiments/figure10/x_steps=0.yaml/dataset=cora/feature=random_normal/feature_dim=256/scale=64/random_normal_mean=0/random_normal_std=1/mechanism=mbm/x_eps=inf/m=best/norm=false/smoother=hoa/backbone=sage/use_nfr=false/sanity_check=true/node_ratio=1/final_repeat10
0,256,8,12353,74.002952575684,0.293904981989,0.013917733344,0.047079462651,64,0.01,0.01,0.75,/data/hzw/Rethinking_DP_GNN_runtime/paper_experiments/figure10/x_steps=0.yaml/dataset=cora/feature=random_normal/feature_dim=256/scale=64/random_normal_mean=0/random_normal_std=1/mechanism=mbm/x_eps=inf/m=best/norm=false/smoother=hoa/backbone=sage/use_nfr=false/sanity_check=true/node_ratio=1,/data/hzw/Rethinking_DP_GNN_runtime/paper_experiments/figure10/x_steps=0.yaml/dataset=cora/feature=random_normal/feature_dim=256/scale=64/random_normal_mean=0/random_normal_std=1/mechanism=mbm/x_eps=inf/m=best/norm=false/smoother=hoa/backbone=sage/use_nfr=false/sanity_check=true/node_ratio=1/final_repeat10
0,256,9,12354,76.809455871582,0.294000241699,0.013762676516,0.047079462651,64,0.01,0.01,0.75,/data/hzw/Rethinking_DP_GNN_runtime/paper_experiments/figure10/x_steps=0.yaml/dataset=cora/feature=random_normal/feature_dim=256/scale=64/random_normal_mean=0/random_normal_std=1/mechanism=mbm/x_eps=inf/m=best/norm=false/smoother=hoa/backbone=sage/use_nfr=false/sanity_check=true/node_ratio=1,/data/hzw/Rethinking_DP_GNN_runtime/paper_experiments/figure10/x_steps=0.yaml/dataset=cora/feature=random_normal/feature_dim=256/scale=64/random_normal_mean=0/random_normal_std=1/mechanism=mbm/x_eps=inf/m=best/norm=false/smoother=hoa/backbone=sage/use_nfr=false/sanity_check=true/node_ratio=1/final_repeat10
0,512,0,12345,73.855247497559,0.398720093490,0.018367648869,0.047079462651,16,0.01,0.01,0.75,/data/hzw/Rethinking_DP_GNN_runtime/paper_experiments/figure10/x_steps=0.yaml/dataset=cora/feature=random_normal/feature_dim=512/scale=16/random_normal_mean=0/random_normal_std=1/mechanism=mbm/x_eps=inf/m=best/norm=false/smoother=hoa/backbone=sage/use_nfr=false/sanity_check=true/node_ratio=1,/data/hzw/Rethinking_DP_GNN_runtime/paper_experiments/figure10/x_steps=0.yaml/dataset=cora/feature=random_normal/feature_dim=512/scale=16/random_normal_mean=0/random_normal_std=1/mechanism=mbm/x_eps=inf/m=best/norm=false/smoother=hoa/backbone=sage/use_nfr=false/sanity_check=true/node_ratio=1/final_repeat10
0,512,1,12346,77.991134643555,0.398864338594,0.018633922903,0.047079462651,16,0.01,0.01,0.75,/data/hzw/Rethinking_DP_GNN_runtime/paper_experiments/figure10/x_steps=0.yaml/dataset=cora/feature=random_normal/feature_dim=512/scale=16/random_normal_mean=0/random_normal_std=1/mechanism=mbm/x_eps=inf/m=best/norm=false/smoother=hoa/backbone=sage/use_nfr=false/sanity_check=true/node_ratio=1,/data/hzw/Rethinking_DP_GNN_runtime/paper_experiments/figure10/x_steps=0.yaml/dataset=cora/feature=random_normal/feature_dim=512/scale=16/random_normal_mean=0/random_normal_std=1/mechanism=mbm/x_eps=inf/m=best/norm=false/smoother=hoa/backbone=sage/use_nfr=false/sanity_check=true/node_ratio=1/final_repeat10
0,512,2,12347,74.593795776367,0.398961902156,0.018265489507,0.047079462651,16,0.01,0.01,0.75,/data/hzw/Rethinking_DP_GNN_runtime/paper_experiments/figure10/x_steps=0.yaml/dataset=cora/feature=random_normal/feature_dim=512/scale=16/random_normal_mean=0/random_normal_std=1/mechanism=mbm/x_eps=inf/m=best/norm=false/smoother=hoa/backbone=sage/use_nfr=false/sanity_check=true/node_ratio=1,/data/hzw/Rethinking_DP_GNN_runtime/paper_experiments/figure10/x_steps=0.yaml/dataset=cora/feature=random_normal/feature_dim=512/scale=16/random_normal_mean=0/random_normal_std=1/mechanism=mbm/x_eps=inf/m=best/norm=false/smoother=hoa/backbone=sage/use_nfr=false/sanity_check=true/node_ratio=1/final_repeat10
0,512,3,12348,78.729690551758,0.398844822203,0.018204580449,0.047079462651,16,0.01,0.01,0.75,/data/hzw/Rethinking_DP_GNN_runtime/paper_experiments/figure10/x_steps=0.yaml/dataset=cora/feature=random_normal/feature_dim=512/scale=16/random_normal_mean=0/random_normal_std=1/mechanism=mbm/x_eps=inf/m=best/norm=false/smoother=hoa/backbone=sage/use_nfr=false/sanity_check=true/node_ratio=1,/data/hzw/Rethinking_DP_GNN_runtime/paper_experiments/figure10/x_steps=0.yaml/dataset=cora/feature=random_normal/feature_dim=512/scale=16/random_normal_mean=0/random_normal_std=1/mechanism=mbm/x_eps=inf/m=best/norm=false/smoother=hoa/backbone=sage/use_nfr=false/sanity_check=true/node_ratio=1/final_repeat10
0,512,4,12349,75.923187255859,0.398997863140,0.018004664627,0.047079462651,16,0.01,0.01,0.75,/data/hzw/Rethinking_DP_GNN_runtime/paper_experiments/figure10/x_steps=0.yaml/dataset=cora/feature=random_normal/feature_dim=512/scale=16/random_normal_mean=0/random_normal_std=1/mechanism=mbm/x_eps=inf/m=best/norm=false/smoother=hoa/backbone=sage/use_nfr=false/sanity_check=true/node_ratio=1,/data/hzw/Rethinking_DP_GNN_runtime/paper_experiments/figure10/x_steps=0.yaml/dataset=cora/feature=random_normal/feature_dim=512/scale=16/random_normal_mean=0/random_normal_std=1/mechanism=mbm/x_eps=inf/m=best/norm=false/smoother=hoa/backbone=sage/use_nfr=false/sanity_check=true/node_ratio=1/final_repeat10
0,512,5,12350,73.707534790039,0.398729106104,0.018129960923,0.047079462651,16,0.01,0.01,0.75,/data/hzw/Rethinking_DP_GNN_runtime/paper_experiments/figure10/x_steps=0.yaml/dataset=cora/feature=random_normal/feature_dim=512/scale=16/random_normal_mean=0/random_normal_std=1/mechanism=mbm/x_eps=inf/m=best/norm=false/smoother=hoa/backbone=sage/use_nfr=false/sanity_check=true/node_ratio=1,/data/hzw/Rethinking_DP_GNN_runtime/paper_experiments/figure10/x_steps=0.yaml/dataset=cora/feature=random_normal/feature_dim=512/scale=16/random_normal_mean=0/random_normal_std=1/mechanism=mbm/x_eps=inf/m=best/norm=false/smoother=hoa/backbone=sage/use_nfr=false/sanity_check=true/node_ratio=1/final_repeat10
0,512,6,12351,76.070899963379,0.399055841056,0.018964271799,0.047079462651,16,0.01,0.01,0.75,/data/hzw/Rethinking_DP_GNN_runtime/paper_experiments/figure10/x_steps=0.yaml/dataset=cora/feature=random_normal/feature_dim=512/scale=16/random_normal_mean=0/random_normal_std=1/mechanism=mbm/x_eps=inf/m=best/norm=false/smoother=hoa/backbone=sage/use_nfr=false/sanity_check=true/node_ratio=1,/data/hzw/Rethinking_DP_GNN_runtime/paper_experiments/figure10/x_steps=0.yaml/dataset=cora/feature=random_normal/feature_dim=512/scale=16/random_normal_mean=0/random_normal_std=1/mechanism=mbm/x_eps=inf/m=best/norm=false/smoother=hoa/backbone=sage/use_nfr=false/sanity_check=true/node_ratio=1/final_repeat10
0,512,7,12352,76.514030456543,0.398850674295,0.018906516890,0.047079462651,16,0.01,0.01,0.75,/data/hzw/Rethinking_DP_GNN_runtime/paper_experiments/figure10/x_steps=0.yaml/dataset=cora/feature=random_normal/feature_dim=512/scale=16/random_normal_mean=0/random_normal_std=1/mechanism=mbm/x_eps=inf/m=best/norm=false/smoother=hoa/backbone=sage/use_nfr=false/sanity_check=true/node_ratio=1,/data/hzw/Rethinking_DP_GNN_runtime/paper_experiments/figure10/x_steps=0.yaml/dataset=cora/feature=random_normal/feature_dim=512/scale=16/random_normal_mean=0/random_normal_std=1/mechanism=mbm/x_eps=inf/m=best/norm=false/smoother=hoa/backbone=sage/use_nfr=false/sanity_check=true/node_ratio=1/final_repeat10
0,512,8,12353,75.332351684570,0.398698833507,0.018406238426,0.047079462651,16,0.01,0.01,0.75,/data/hzw/Rethinking_DP_GNN_runtime/paper_experiments/figure10/x_steps=0.yaml/dataset=cora/feature=random_normal/feature_dim=512/scale=16/random_normal_mean=0/random_normal_std=1/mechanism=mbm/x_eps=inf/m=best/norm=false/smoother=hoa/backbone=sage/use_nfr=false/sanity_check=true/node_ratio=1,/data/hzw/Rethinking_DP_GNN_runtime/paper_experiments/figure10/x_steps=0.yaml/dataset=cora/feature=random_normal/feature_dim=512/scale=16/random_normal_mean=0/random_normal_std=1/mechanism=mbm/x_eps=inf/m=best/norm=false/smoother=hoa/backbone=sage/use_nfr=false/sanity_check=true/node_ratio=1/final_repeat10
0,512,9,12354,78.434265136719,0.398896451073,0.018436320689,0.047079462651,16,0.01,0.01,0.75,/data/hzw/Rethinking_DP_GNN_runtime/paper_experiments/figure10/x_steps=0.yaml/dataset=cora/feature=random_normal/feature_dim=512/scale=16/random_normal_mean=0/random_normal_std=1/mechanism=mbm/x_eps=inf/m=best/norm=false/smoother=hoa/backbone=sage/use_nfr=false/sanity_check=true/node_ratio=1,/data/hzw/Rethinking_DP_GNN_runtime/paper_experiments/figure10/x_steps=0.yaml/dataset=cora/feature=random_normal/feature_dim=512/scale=16/random_normal_mean=0/random_normal_std=1/mechanism=mbm/x_eps=inf/m=best/norm=false/smoother=hoa/backbone=sage/use_nfr=false/sanity_check=true/node_ratio=1/final_repeat10
0,1024,0,12345,78.286560058594,0.523821209373,0.024098827493,0.047079462651,16,0.001,0.01,0.75,/data/hzw/Rethinking_DP_GNN_runtime/paper_experiments/figure10/x_steps=0.yaml/dataset=cora/feature=random_normal/feature_dim=1024/scale=16/random_normal_mean=0/random_normal_std=1/mechanism=mbm/x_eps=inf/m=best/norm=false/smoother=hoa/backbone=sage/use_nfr=false/sanity_check=true/node_ratio=1,/data/hzw/Rethinking_DP_GNN_runtime/paper_experiments/figure10/x_steps=0.yaml/dataset=cora/feature=random_normal/feature_dim=1024/scale=16/random_normal_mean=0/random_normal_std=1/mechanism=mbm/x_eps=inf/m=best/norm=false/smoother=hoa/backbone=sage/use_nfr=false/sanity_check=true/node_ratio=1/final_repeat10
0,1024,1,12346,79.763664245605,0.524222454377,0.025356429637,0.047079462651,16,0.001,0.01,0.75,/data/hzw/Rethinking_DP_GNN_runtime/paper_experiments/figure10/x_steps=0.yaml/dataset=cora/feature=random_normal/feature_dim=1024/scale=16/random_normal_mean=0/random_normal_std=1/mechanism=mbm/x_eps=inf/m=best/norm=false/smoother=hoa/backbone=sage/use_nfr=false/sanity_check=true/node_ratio=1,/data/hzw/Rethinking_DP_GNN_runtime/paper_experiments/figure10/x_steps=0.yaml/dataset=cora/feature=random_normal/feature_dim=1024/scale=16/random_normal_mean=0/random_normal_std=1/mechanism=mbm/x_eps=inf/m=best/norm=false/smoother=hoa/backbone=sage/use_nfr=false/sanity_check=true/node_ratio=1/final_repeat10
0,1024,2,12347,79.320533752441,0.524064348625,0.024328014721,0.047079462651,16,0.001,0.01,0.75,/data/hzw/Rethinking_DP_GNN_runtime/paper_experiments/figure10/x_steps=0.yaml/dataset=cora/feature=random_normal/feature_dim=1024/scale=16/random_normal_mean=0/random_normal_std=1/mechanism=mbm/x_eps=inf/m=best/norm=false/smoother=hoa/backbone=sage/use_nfr=false/sanity_check=true/node_ratio=1,/data/hzw/Rethinking_DP_GNN_runtime/paper_experiments/figure10/x_steps=0.yaml/dataset=cora/feature=random_normal/feature_dim=1024/scale=16/random_normal_mean=0/random_normal_std=1/mechanism=mbm/x_eps=inf/m=best/norm=false/smoother=hoa/backbone=sage/use_nfr=false/sanity_check=true/node_ratio=1/final_repeat10
0,1024,3,12348,80.206794738770,0.523820527665,0.024933929621,0.047079462651,16,0.001,0.01,0.75,/data/hzw/Rethinking_DP_GNN_runtime/paper_experiments/figure10/x_steps=0.yaml/dataset=cora/feature=random_normal/feature_dim=1024/scale=16/random_normal_mean=0/random_normal_std=1/mechanism=mbm/x_eps=inf/m=best/norm=false/smoother=hoa/backbone=sage/use_nfr=false/sanity_check=true/node_ratio=1,/data/hzw/Rethinking_DP_GNN_runtime/paper_experiments/figure10/x_steps=0.yaml/dataset=cora/feature=random_normal/feature_dim=1024/scale=16/random_normal_mean=0/random_normal_std=1/mechanism=mbm/x_eps=inf/m=best/norm=false/smoother=hoa/backbone=sage/use_nfr=false/sanity_check=true/node_ratio=1/final_repeat10
0,1024,4,12349,80.502212524414,0.523967086747,0.024851649116,0.047079462651,16,0.001,0.01,0.75,/data/hzw/Rethinking_DP_GNN_runtime/paper_experiments/figure10/x_steps=0.yaml/dataset=cora/feature=random_normal/feature_dim=1024/scale=16/random_normal_mean=0/random_normal_std=1/mechanism=mbm/x_eps=inf/m=best/norm=false/smoother=hoa/backbone=sage/use_nfr=false/sanity_check=true/node_ratio=1,/data/hzw/Rethinking_DP_GNN_runtime/paper_experiments/figure10/x_steps=0.yaml/dataset=cora/feature=random_normal/feature_dim=1024/scale=16/random_normal_mean=0/random_normal_std=1/mechanism=mbm/x_eps=inf/m=best/norm=false/smoother=hoa/backbone=sage/use_nfr=false/sanity_check=true/node_ratio=1/final_repeat10
0,1024,5,12350,77.252586364746,0.523996191947,0.025840801805,0.047079462651,16,0.001,0.01,0.75,/data/hzw/Rethinking_DP_GNN_runtime/paper_experiments/figure10/x_steps=0.yaml/dataset=cora/feature=random_normal/feature_dim=1024/scale=16/random_normal_mean=0/random_normal_std=1/mechanism=mbm/x_eps=inf/m=best/norm=false/smoother=hoa/backbone=sage/use_nfr=false/sanity_check=true/node_ratio=1,/data/hzw/Rethinking_DP_GNN_runtime/paper_experiments/figure10/x_steps=0.yaml/dataset=cora/feature=random_normal/feature_dim=1024/scale=16/random_normal_mean=0/random_normal_std=1/mechanism=mbm/x_eps=inf/m=best/norm=false/smoother=hoa/backbone=sage/use_nfr=false/sanity_check=true/node_ratio=1/final_repeat10
0,1024,6,12351,78.286560058594,0.523847645948,0.024763728873,0.047079462651,16,0.001,0.01,0.75,/data/hzw/Rethinking_DP_GNN_runtime/paper_experiments/figure10/x_steps=0.yaml/dataset=cora/feature=random_normal/feature_dim=1024/scale=16/random_normal_mean=0/random_normal_std=1/mechanism=mbm/x_eps=inf/m=best/norm=false/smoother=hoa/backbone=sage/use_nfr=false/sanity_check=true/node_ratio=1,/data/hzw/Rethinking_DP_GNN_runtime/paper_experiments/figure10/x_steps=0.yaml/dataset=cora/feature=random_normal/feature_dim=1024/scale=16/random_normal_mean=0/random_normal_std=1/mechanism=mbm/x_eps=inf/m=best/norm=false/smoother=hoa/backbone=sage/use_nfr=false/sanity_check=true/node_ratio=1/final_repeat10
0,1024,7,12352,77.695716857910,0.523928651873,0.024399055737,0.047079462651,16,0.001,0.01,0.75,/data/hzw/Rethinking_DP_GNN_runtime/paper_experiments/figure10/x_steps=0.yaml/dataset=cora/feature=random_normal/feature_dim=1024/scale=16/random_normal_mean=0/random_normal_std=1/mechanism=mbm/x_eps=inf/m=best/norm=false/smoother=hoa/backbone=sage/use_nfr=false/sanity_check=true/node_ratio=1,/data/hzw/Rethinking_DP_GNN_runtime/paper_experiments/figure10/x_steps=0.yaml/dataset=cora/feature=random_normal/feature_dim=1024/scale=16/random_normal_mean=0/random_normal_std=1/mechanism=mbm/x_eps=inf/m=best/norm=false/smoother=hoa/backbone=sage/use_nfr=false/sanity_check=true/node_ratio=1/final_repeat10
0,1024,8,12353,79.172821044922,0.523881824445,0.025610324852,0.047079462651,16,0.001,0.01,0.75,/data/hzw/Rethinking_DP_GNN_runtime/paper_experiments/figure10/x_steps=0.yaml/dataset=cora/feature=random_normal/feature_dim=1024/scale=16/random_normal_mean=0/random_normal_std=1/mechanism=mbm/x_eps=inf/m=best/norm=false/smoother=hoa/backbone=sage/use_nfr=false/sanity_check=true/node_ratio=1,/data/hzw/Rethinking_DP_GNN_runtime/paper_experiments/figure10/x_steps=0.yaml/dataset=cora/feature=random_normal/feature_dim=1024/scale=16/random_normal_mean=0/random_normal_std=1/mechanism=mbm/x_eps=inf/m=best/norm=false/smoother=hoa/backbone=sage/use_nfr=false/sanity_check=true/node_ratio=1/final_repeat10
0,1024,9,12354,79.320533752441,0.523918071527,0.024255233869,0.047079462651,16,0.001,0.01,0.75,/data/hzw/Rethinking_DP_GNN_runtime/paper_experiments/figure10/x_steps=0.yaml/dataset=cora/feature=random_normal/feature_dim=1024/scale=16/random_normal_mean=0/random_normal_std=1/mechanism=mbm/x_eps=inf/m=best/norm=false/smoother=hoa/backbone=sage/use_nfr=false/sanity_check=true/node_ratio=1,/data/hzw/Rethinking_DP_GNN_runtime/paper_experiments/figure10/x_steps=0.yaml/dataset=cora/feature=random_normal/feature_dim=1024/scale=16/random_normal_mean=0/random_normal_std=1/mechanism=mbm/x_eps=inf/m=best/norm=false/smoother=hoa/backbone=sage/use_nfr=false/sanity_check=true/node_ratio=1/final_repeat10
0,2048,0,12345,81.536186218262,0.656245076629,0.031260160799,0.047079462651,16,0.001,0.01,0.75,/data/hzw/Rethinking_DP_GNN_runtime/paper_experiments/figure10/x_steps=0.yaml/dataset=cora/feature=random_normal/feature_dim=2048/scale=16/random_normal_mean=0/random_normal_std=1/mechanism=mbm/x_eps=inf/m=best/norm=false/smoother=hoa/backbone=sage/use_nfr=false/sanity_check=true/node_ratio=1,/data/hzw/Rethinking_DP_GNN_runtime/paper_experiments/figure10/x_steps=0.yaml/dataset=cora/feature=random_normal/feature_dim=2048/scale=16/random_normal_mean=0/random_normal_std=1/mechanism=mbm/x_eps=inf/m=best/norm=false/smoother=hoa/backbone=sage/use_nfr=false/sanity_check=true/node_ratio=1/final_repeat10
0,2048,1,12346,80.206794738770,0.656360407994,0.031012920395,0.047079462651,16,0.001,0.01,0.75,/data/hzw/Rethinking_DP_GNN_runtime/paper_experiments/figure10/x_steps=0.yaml/dataset=cora/feature=random_normal/feature_dim=2048/scale=16/random_normal_mean=0/random_normal_std=1/mechanism=mbm/x_eps=inf/m=best/norm=false/smoother=hoa/backbone=sage/use_nfr=false/sanity_check=true/node_ratio=1,/data/hzw/Rethinking_DP_GNN_runtime/paper_experiments/figure10/x_steps=0.yaml/dataset=cora/feature=random_normal/feature_dim=2048/scale=16/random_normal_mean=0/random_normal_std=1/mechanism=mbm/x_eps=inf/m=best/norm=false/smoother=hoa/backbone=sage/use_nfr=false/sanity_check=true/node_ratio=1/final_repeat10
0,2048,2,12347,81.240768432617,0.656366684674,0.030843694112,0.047079462651,16,0.001,0.01,0.75,/data/hzw/Rethinking_DP_GNN_runtime/paper_experiments/figure10/x_steps=0.yaml/dataset=cora/feature=random_normal/feature_dim=2048/scale=16/random_normal_mean=0/random_normal_std=1/mechanism=mbm/x_eps=inf/m=best/norm=false/smoother=hoa/backbone=sage/use_nfr=false/sanity_check=true/node_ratio=1,/data/hzw/Rethinking_DP_GNN_runtime/paper_experiments/figure10/x_steps=0.yaml/dataset=cora/feature=random_normal/feature_dim=2048/scale=16/random_normal_mean=0/random_normal_std=1/mechanism=mbm/x_eps=inf/m=best/norm=false/smoother=hoa/backbone=sage/use_nfr=false/sanity_check=true/node_ratio=1/final_repeat10
0,2048,3,12348,82.127029418945,0.656563152272,0.030815198019,0.047079462651,16,0.001,0.01,0.75,/data/hzw/Rethinking_DP_GNN_runtime/paper_experiments/figure10/x_steps=0.yaml/dataset=cora/feature=random_normal/feature_dim=2048/scale=16/random_normal_mean=0/random_normal_std=1/mechanism=mbm/x_eps=inf/m=best/norm=false/smoother=hoa/backbone=sage/use_nfr=false/sanity_check=true/node_ratio=1,/data/hzw/Rethinking_DP_GNN_runtime/paper_experiments/figure10/x_steps=0.yaml/dataset=cora/feature=random_normal/feature_dim=2048/scale=16/random_normal_mean=0/random_normal_std=1/mechanism=mbm/x_eps=inf/m=best/norm=false/smoother=hoa/backbone=sage/use_nfr=false/sanity_check=true/node_ratio=1/final_repeat10
0,2048,4,12349,80.797637939453,0.656486174728,0.030228015148,0.047079462651,16,0.001,0.01,0.75,/data/hzw/Rethinking_DP_GNN_runtime/paper_experiments/figure10/x_steps=0.yaml/dataset=cora/feature=random_normal/feature_dim=2048/scale=16/random_normal_mean=0/random_normal_std=1/mechanism=mbm/x_eps=inf/m=best/norm=false/smoother=hoa/backbone=sage/use_nfr=false/sanity_check=true/node_ratio=1,/data/hzw/Rethinking_DP_GNN_runtime/paper_experiments/figure10/x_steps=0.yaml/dataset=cora/feature=random_normal/feature_dim=2048/scale=16/random_normal_mean=0/random_normal_std=1/mechanism=mbm/x_eps=inf/m=best/norm=false/smoother=hoa/backbone=sage/use_nfr=false/sanity_check=true/node_ratio=1/final_repeat10
0,2048,5,12350,78.138847351074,0.656312767773,0.030764677030,0.047079462651,16,0.001,0.01,0.75,/data/hzw/Rethinking_DP_GNN_runtime/paper_experiments/figure10/x_steps=0.yaml/dataset=cora/feature=random_normal/feature_dim=2048/scale=16/random_normal_mean=0/random_normal_std=1/mechanism=mbm/x_eps=inf/m=best/norm=false/smoother=hoa/backbone=sage/use_nfr=false/sanity_check=true/node_ratio=1,/data/hzw/Rethinking_DP_GNN_runtime/paper_experiments/figure10/x_steps=0.yaml/dataset=cora/feature=random_normal/feature_dim=2048/scale=16/random_normal_mean=0/random_normal_std=1/mechanism=mbm/x_eps=inf/m=best/norm=false/smoother=hoa/backbone=sage/use_nfr=false/sanity_check=true/node_ratio=1/final_repeat10
0,2048,6,12351,79.911376953125,0.656370270291,0.031368043977,0.047079462651,16,0.001,0.01,0.75,/data/hzw/Rethinking_DP_GNN_runtime/paper_experiments/figure10/x_steps=0.yaml/dataset=cora/feature=random_normal/feature_dim=2048/scale=16/random_normal_mean=0/random_normal_std=1/mechanism=mbm/x_eps=inf/m=best/norm=false/smoother=hoa/backbone=sage/use_nfr=false/sanity_check=true/node_ratio=1,/data/hzw/Rethinking_DP_GNN_runtime/paper_experiments/figure10/x_steps=0.yaml/dataset=cora/feature=random_normal/feature_dim=2048/scale=16/random_normal_mean=0/random_normal_std=1/mechanism=mbm/x_eps=inf/m=best/norm=false/smoother=hoa/backbone=sage/use_nfr=false/sanity_check=true/node_ratio=1/final_repeat10
0,2048,7,12352,81.388481140137,0.656106148659,0.030252207812,0.047079462651,16,0.001,0.01,0.75,/data/hzw/Rethinking_DP_GNN_runtime/paper_experiments/figure10/x_steps=0.yaml/dataset=cora/feature=random_normal/feature_dim=2048/scale=16/random_normal_mean=0/random_normal_std=1/mechanism=mbm/x_eps=inf/m=best/norm=false/smoother=hoa/backbone=sage/use_nfr=false/sanity_check=true/node_ratio=1,/data/hzw/Rethinking_DP_GNN_runtime/paper_experiments/figure10/x_steps=0.yaml/dataset=cora/feature=random_normal/feature_dim=2048/scale=16/random_normal_mean=0/random_normal_std=1/mechanism=mbm/x_eps=inf/m=best/norm=false/smoother=hoa/backbone=sage/use_nfr=false/sanity_check=true/node_ratio=1/final_repeat10
0,2048,8,12353,81.831611633301,0.656484271142,0.030969550478,0.047079462651,16,0.001,0.01,0.75,/data/hzw/Rethinking_DP_GNN_runtime/paper_experiments/figure10/x_steps=0.yaml/dataset=cora/feature=random_normal/feature_dim=2048/scale=16/random_normal_mean=0/random_normal_std=1/mechanism=mbm/x_eps=inf/m=best/norm=false/smoother=hoa/backbone=sage/use_nfr=false/sanity_check=true/node_ratio=1,/data/hzw/Rethinking_DP_GNN_runtime/paper_experiments/figure10/x_steps=0.yaml/dataset=cora/feature=random_normal/feature_dim=2048/scale=16/random_normal_mean=0/random_normal_std=1/mechanism=mbm/x_eps=inf/m=best/norm=false/smoother=hoa/backbone=sage/use_nfr=false/sanity_check=true/node_ratio=1/final_repeat10
0,2048,9,12354,83.013290405273,0.656293100206,0.030813374606,0.047079462651,16,0.001,0.01,0.75,/data/hzw/Rethinking_DP_GNN_runtime/paper_experiments/figure10/x_steps=0.yaml/dataset=cora/feature=random_normal/feature_dim=2048/scale=16/random_normal_mean=0/random_normal_std=1/mechanism=mbm/x_eps=inf/m=best/norm=false/smoother=hoa/backbone=sage/use_nfr=false/sanity_check=true/node_ratio=1,/data/hzw/Rethinking_DP_GNN_runtime/paper_experiments/figure10/x_steps=0.yaml/dataset=cora/feature=random_normal/feature_dim=2048/scale=16/random_normal_mean=0/random_normal_std=1/mechanism=mbm/x_eps=inf/m=best/norm=false/smoother=hoa/backbone=sage/use_nfr=false/sanity_check=true/node_ratio=1/final_repeat10
0,4096,0,12345,82.127029418945,0.775979917626,0.036490197104,0.047079462651,0.0625,0.01,0.0001,0.75,/data/hzw/Rethinking_DP_GNN_runtime/paper_experiments/figure10/x_steps=0.yaml/dataset=cora/feature=random_normal/feature_dim=4096/scale=0.0625/random_normal_mean=0/random_normal_std=1/mechanism=mbm/x_eps=inf/m=best/norm=false/smoother=hoa/backbone=sage/use_nfr=false/sanity_check=true/node_ratio=1,/data/hzw/Rethinking_DP_GNN_runtime/paper_experiments/figure10/x_steps=0.yaml/dataset=cora/feature=random_normal/feature_dim=4096/scale=0.0625/random_normal_mean=0/random_normal_std=1/mechanism=mbm/x_eps=inf/m=best/norm=false/smoother=hoa/backbone=sage/use_nfr=false/sanity_check=true/node_ratio=1/final_repeat10
0,4096,1,12346,81.831611633301,0.776084053867,0.037093289448,0.047079462651,0.0625,0.01,0.0001,0.75,/data/hzw/Rethinking_DP_GNN_runtime/paper_experiments/figure10/x_steps=0.yaml/dataset=cora/feature=random_normal/feature_dim=4096/scale=0.0625/random_normal_mean=0/random_normal_std=1/mechanism=mbm/x_eps=inf/m=best/norm=false/smoother=hoa/backbone=sage/use_nfr=false/sanity_check=true/node_ratio=1,/data/hzw/Rethinking_DP_GNN_runtime/paper_experiments/figure10/x_steps=0.yaml/dataset=cora/feature=random_normal/feature_dim=4096/scale=0.0625/random_normal_mean=0/random_normal_std=1/mechanism=mbm/x_eps=inf/m=best/norm=false/smoother=hoa/backbone=sage/use_nfr=false/sanity_check=true/node_ratio=1/final_repeat10
0,4096,2,12347,82.274742126465,0.775975203911,0.036288286976,0.047079462651,0.0625,0.01,0.0001,0.75,/data/hzw/Rethinking_DP_GNN_runtime/paper_experiments/figure10/x_steps=0.yaml/dataset=cora/feature=random_normal/feature_dim=4096/scale=0.0625/random_normal_mean=0/random_normal_std=1/mechanism=mbm/x_eps=inf/m=best/norm=false/smoother=hoa/backbone=sage/use_nfr=false/sanity_check=true/node_ratio=1,/data/hzw/Rethinking_DP_GNN_runtime/paper_experiments/figure10/x_steps=0.yaml/dataset=cora/feature=random_normal/feature_dim=4096/scale=0.0625/random_normal_mean=0/random_normal_std=1/mechanism=mbm/x_eps=inf/m=best/norm=false/smoother=hoa/backbone=sage/use_nfr=false/sanity_check=true/node_ratio=1/final_repeat10
0,4096,3,12348,82.570159912109,0.775894234453,0.036069363729,0.047079462651,0.0625,0.01,0.0001,0.75,/data/hzw/Rethinking_DP_GNN_runtime/paper_experiments/figure10/x_steps=0.yaml/dataset=cora/feature=random_normal/feature_dim=4096/scale=0.0625/random_normal_mean=0/random_normal_std=1/mechanism=mbm/x_eps=inf/m=best/norm=false/smoother=hoa/backbone=sage/use_nfr=false/sanity_check=true/node_ratio=1,/data/hzw/Rethinking_DP_GNN_runtime/paper_experiments/figure10/x_steps=0.yaml/dataset=cora/feature=random_normal/feature_dim=4096/scale=0.0625/random_normal_mean=0/random_normal_std=1/mechanism=mbm/x_eps=inf/m=best/norm=false/smoother=hoa/backbone=sage/use_nfr=false/sanity_check=true/node_ratio=1/final_repeat10
0,4096,4,12349,82.570159912109,0.775927354999,0.036512869131,0.047079462651,0.0625,0.01,0.0001,0.75,/data/hzw/Rethinking_DP_GNN_runtime/paper_experiments/figure10/x_steps=0.yaml/dataset=cora/feature=random_normal/feature_dim=4096/scale=0.0625/random_normal_mean=0/random_normal_std=1/mechanism=mbm/x_eps=inf/m=best/norm=false/smoother=hoa/backbone=sage/use_nfr=false/sanity_check=true/node_ratio=1,/data/hzw/Rethinking_DP_GNN_runtime/paper_experiments/figure10/x_steps=0.yaml/dataset=cora/feature=random_normal/feature_dim=4096/scale=0.0625/random_normal_mean=0/random_normal_std=1/mechanism=mbm/x_eps=inf/m=best/norm=false/smoother=hoa/backbone=sage/use_nfr=false/sanity_check=true/node_ratio=1/final_repeat10
0,4096,5,12350,80.649925231934,0.775965424313,0.036330249136,0.047079462651,0.0625,0.01,0.0001,0.75,/data/hzw/Rethinking_DP_GNN_runtime/paper_experiments/figure10/x_steps=0.yaml/dataset=cora/feature=random_normal/feature_dim=4096/scale=0.0625/random_normal_mean=0/random_normal_std=1/mechanism=mbm/x_eps=inf/m=best/norm=false/smoother=hoa/backbone=sage/use_nfr=false/sanity_check=true/node_ratio=1,/data/hzw/Rethinking_DP_GNN_runtime/paper_experiments/figure10/x_steps=0.yaml/dataset=cora/feature=random_normal/feature_dim=4096/scale=0.0625/random_normal_mean=0/random_normal_std=1/mechanism=mbm/x_eps=inf/m=best/norm=false/smoother=hoa/backbone=sage/use_nfr=false/sanity_check=true/node_ratio=1/final_repeat10
0,4096,6,12351,81.240768432617,0.775943927139,0.036932201109,0.047079462651,0.0625,0.01,0.0001,0.75,/data/hzw/Rethinking_DP_GNN_runtime/paper_experiments/figure10/x_steps=0.yaml/dataset=cora/feature=random_normal/feature_dim=4096/scale=0.0625/random_normal_mean=0/random_normal_std=1/mechanism=mbm/x_eps=inf/m=best/norm=false/smoother=hoa/backbone=sage/use_nfr=false/sanity_check=true/node_ratio=1,/data/hzw/Rethinking_DP_GNN_runtime/paper_experiments/figure10/x_steps=0.yaml/dataset=cora/feature=random_normal/feature_dim=4096/scale=0.0625/random_normal_mean=0/random_normal_std=1/mechanism=mbm/x_eps=inf/m=best/norm=false/smoother=hoa/backbone=sage/use_nfr=false/sanity_check=true/node_ratio=1/final_repeat10
0,4096,7,12352,82.570159912109,0.775984500131,0.036329460338,0.047079462651,0.0625,0.01,0.0001,0.75,/data/hzw/Rethinking_DP_GNN_runtime/paper_experiments/figure10/x_steps=0.yaml/dataset=cora/feature=random_normal/feature_dim=4096/scale=0.0625/random_normal_mean=0/random_normal_std=1/mechanism=mbm/x_eps=inf/m=best/norm=false/smoother=hoa/backbone=sage/use_nfr=false/sanity_check=true/node_ratio=1,/data/hzw/Rethinking_DP_GNN_runtime/paper_experiments/figure10/x_steps=0.yaml/dataset=cora/feature=random_normal/feature_dim=4096/scale=0.0625/random_normal_mean=0/random_normal_std=1/mechanism=mbm/x_eps=inf/m=best/norm=false/smoother=hoa/backbone=sage/use_nfr=false/sanity_check=true/node_ratio=1/final_repeat10
0,4096,8,12353,82.570159912109,0.776102663131,0.036437164633,0.047079462651,0.0625,0.01,0.0001,0.75,/data/hzw/Rethinking_DP_GNN_runtime/paper_experiments/figure10/x_steps=0.yaml/dataset=cora/feature=random_normal/feature_dim=4096/scale=0.0625/random_normal_mean=0/random_normal_std=1/mechanism=mbm/x_eps=inf/m=best/norm=false/smoother=hoa/backbone=sage/use_nfr=false/sanity_check=true/node_ratio=1,/data/hzw/Rethinking_DP_GNN_runtime/paper_experiments/figure10/x_steps=0.yaml/dataset=cora/feature=random_normal/feature_dim=4096/scale=0.0625/random_normal_mean=0/random_normal_std=1/mechanism=mbm/x_eps=inf/m=best/norm=false/smoother=hoa/backbone=sage/use_nfr=false/sanity_check=true/node_ratio=1/final_repeat10
0,4096,9,12354,83.456420898438,0.775834561395,0.036315645277,0.047079462651,0.0625,0.01,0.0001,0.75,/data/hzw/Rethinking_DP_GNN_runtime/paper_experiments/figure10/x_steps=0.yaml/dataset=cora/feature=random_normal/feature_dim=4096/scale=0.0625/random_normal_mean=0/random_normal_std=1/mechanism=mbm/x_eps=inf/m=best/norm=false/smoother=hoa/backbone=sage/use_nfr=false/sanity_check=true/node_ratio=1,/data/hzw/Rethinking_DP_GNN_runtime/paper_experiments/figure10/x_steps=0.yaml/dataset=cora/feature=random_normal/feature_dim=4096/scale=0.0625/random_normal_mean=0/random_normal_std=1/mechanism=mbm/x_eps=inf/m=best/norm=false/smoother=hoa/backbone=sage/use_nfr=false/sanity_check=true/node_ratio=1/final_repeat10
0,8192,0,12345,83.308715820312,0.866973088167,0.040658280360,0.047079462651,0.0625,0.01,0,0.75,/data/hzw/Rethinking_DP_GNN_runtime/paper_experiments/figure10/x_steps=0.yaml/dataset=cora/feature=random_normal/feature_dim=8192/scale=0.0625/random_normal_mean=0/random_normal_std=1/mechanism=mbm/x_eps=inf/m=best/norm=false/smoother=hoa/backbone=sage/use_nfr=false/sanity_check=true/node_ratio=1,/data/hzw/Rethinking_DP_GNN_runtime/paper_experiments/figure10/x_steps=0.yaml/dataset=cora/feature=random_normal/feature_dim=8192/scale=0.0625/random_normal_mean=0/random_normal_std=1/mechanism=mbm/x_eps=inf/m=best/norm=false/smoother=hoa/backbone=sage/use_nfr=false/sanity_check=true/node_ratio=1/final_repeat10
0,8192,1,12346,82.127029418945,0.866981362349,0.040657376160,0.047079462651,0.0625,0.01,0,0.75,/data/hzw/Rethinking_DP_GNN_runtime/paper_experiments/figure10/x_steps=0.yaml/dataset=cora/feature=random_normal/feature_dim=8192/scale=0.0625/random_normal_mean=0/random_normal_std=1/mechanism=mbm/x_eps=inf/m=best/norm=false/smoother=hoa/backbone=sage/use_nfr=false/sanity_check=true/node_ratio=1,/data/hzw/Rethinking_DP_GNN_runtime/paper_experiments/figure10/x_steps=0.yaml/dataset=cora/feature=random_normal/feature_dim=8192/scale=0.0625/random_normal_mean=0/random_normal_std=1/mechanism=mbm/x_eps=inf/m=best/norm=false/smoother=hoa/backbone=sage/use_nfr=false/sanity_check=true/node_ratio=1/final_repeat10
0,8192,2,12347,84.342689514160,0.867045057339,0.041001109352,0.047079462651,0.0625,0.01,0,0.75,/data/hzw/Rethinking_DP_GNN_runtime/paper_experiments/figure10/x_steps=0.yaml/dataset=cora/feature=random_normal/feature_dim=8192/scale=0.0625/random_normal_mean=0/random_normal_std=1/mechanism=mbm/x_eps=inf/m=best/norm=false/smoother=hoa/backbone=sage/use_nfr=false/sanity_check=true/node_ratio=1,/data/hzw/Rethinking_DP_GNN_runtime/paper_experiments/figure10/x_steps=0.yaml/dataset=cora/feature=random_normal/feature_dim=8192/scale=0.0625/random_normal_mean=0/random_normal_std=1/mechanism=mbm/x_eps=inf/m=best/norm=false/smoother=hoa/backbone=sage/use_nfr=false/sanity_check=true/node_ratio=1/final_repeat10
0,8192,3,12348,85.081237792969,0.866891671589,0.040372325354,0.047079462651,0.0625,0.01,0,0.75,/data/hzw/Rethinking_DP_GNN_runtime/paper_experiments/figure10/x_steps=0.yaml/dataset=cora/feature=random_normal/feature_dim=8192/scale=0.0625/random_normal_mean=0/random_normal_std=1/mechanism=mbm/x_eps=inf/m=best/norm=false/smoother=hoa/backbone=sage/use_nfr=false/sanity_check=true/node_ratio=1,/data/hzw/Rethinking_DP_GNN_runtime/paper_experiments/figure10/x_steps=0.yaml/dataset=cora/feature=random_normal/feature_dim=8192/scale=0.0625/random_normal_mean=0/random_normal_std=1/mechanism=mbm/x_eps=inf/m=best/norm=false/smoother=hoa/backbone=sage/use_nfr=false/sanity_check=true/node_ratio=1/final_repeat10
0,8192,4,12349,83.161003112793,0.866842200148,0.040539894155,0.047079462651,0.0625,0.01,0,0.75,/data/hzw/Rethinking_DP_GNN_runtime/paper_experiments/figure10/x_steps=0.yaml/dataset=cora/feature=random_normal/feature_dim=8192/scale=0.0625/random_normal_mean=0/random_normal_std=1/mechanism=mbm/x_eps=inf/m=best/norm=false/smoother=hoa/backbone=sage/use_nfr=false/sanity_check=true/node_ratio=1,/data/hzw/Rethinking_DP_GNN_runtime/paper_experiments/figure10/x_steps=0.yaml/dataset=cora/feature=random_normal/feature_dim=8192/scale=0.0625/random_normal_mean=0/random_normal_std=1/mechanism=mbm/x_eps=inf/m=best/norm=false/smoother=hoa/backbone=sage/use_nfr=false/sanity_check=true/node_ratio=1/final_repeat10
0,8192,5,12350,82.127029418945,0.866927764284,0.040853148527,0.047079462651,0.0625,0.01,0,0.75,/data/hzw/Rethinking_DP_GNN_runtime/paper_experiments/figure10/x_steps=0.yaml/dataset=cora/feature=random_normal/feature_dim=8192/scale=0.0625/random_normal_mean=0/random_normal_std=1/mechanism=mbm/x_eps=inf/m=best/norm=false/smoother=hoa/backbone=sage/use_nfr=false/sanity_check=true/node_ratio=1,/data/hzw/Rethinking_DP_GNN_runtime/paper_experiments/figure10/x_steps=0.yaml/dataset=cora/feature=random_normal/feature_dim=8192/scale=0.0625/random_normal_mean=0/random_normal_std=1/mechanism=mbm/x_eps=inf/m=best/norm=false/smoother=hoa/backbone=sage/use_nfr=false/sanity_check=true/node_ratio=1/final_repeat10
0,8192,6,12351,81.831611633301,0.867037982790,0.040575976688,0.047079462651,0.0625,0.01,0,0.75,/data/hzw/Rethinking_DP_GNN_runtime/paper_experiments/figure10/x_steps=0.yaml/dataset=cora/feature=random_normal/feature_dim=8192/scale=0.0625/random_normal_mean=0/random_normal_std=1/mechanism=mbm/x_eps=inf/m=best/norm=false/smoother=hoa/backbone=sage/use_nfr=false/sanity_check=true/node_ratio=1,/data/hzw/Rethinking_DP_GNN_runtime/paper_experiments/figure10/x_steps=0.yaml/dataset=cora/feature=random_normal/feature_dim=8192/scale=0.0625/random_normal_mean=0/random_normal_std=1/mechanism=mbm/x_eps=inf/m=best/norm=false/smoother=hoa/backbone=sage/use_nfr=false/sanity_check=true/node_ratio=1/final_repeat10
0,8192,7,12352,83.899559020996,0.866928258988,0.040850597339,0.047079462651,0.0625,0.01,0,0.75,/data/hzw/Rethinking_DP_GNN_runtime/paper_experiments/figure10/x_steps=0.yaml/dataset=cora/feature=random_normal/feature_dim=8192/scale=0.0625/random_normal_mean=0/random_normal_std=1/mechanism=mbm/x_eps=inf/m=best/norm=false/smoother=hoa/backbone=sage/use_nfr=false/sanity_check=true/node_ratio=1,/data/hzw/Rethinking_DP_GNN_runtime/paper_experiments/figure10/x_steps=0.yaml/dataset=cora/feature=random_normal/feature_dim=8192/scale=0.0625/random_normal_mean=0/random_normal_std=1/mechanism=mbm/x_eps=inf/m=best/norm=false/smoother=hoa/backbone=sage/use_nfr=false/sanity_check=true/node_ratio=1/final_repeat10
0,8192,8,12353,84.342689514160,0.867183438666,0.041226776784,0.047079462651,0.0625,0.01,0,0.75,/data/hzw/Rethinking_DP_GNN_runtime/paper_experiments/figure10/x_steps=0.yaml/dataset=cora/feature=random_normal/feature_dim=8192/scale=0.0625/random_normal_mean=0/random_normal_std=1/mechanism=mbm/x_eps=inf/m=best/norm=false/smoother=hoa/backbone=sage/use_nfr=false/sanity_check=true/node_ratio=1,/data/hzw/Rethinking_DP_GNN_runtime/paper_experiments/figure10/x_steps=0.yaml/dataset=cora/feature=random_normal/feature_dim=8192/scale=0.0625/random_normal_mean=0/random_normal_std=1/mechanism=mbm/x_eps=inf/m=best/norm=false/smoother=hoa/backbone=sage/use_nfr=false/sanity_check=true/node_ratio=1/final_repeat10
0,8192,9,12354,85.376663208008,0.866882869112,0.040770336307,0.047079462651,0.0625,0.01,0,0.75,/data/hzw/Rethinking_DP_GNN_runtime/paper_experiments/figure10/x_steps=0.yaml/dataset=cora/feature=random_normal/feature_dim=8192/scale=0.0625/random_normal_mean=0/random_normal_std=1/mechanism=mbm/x_eps=inf/m=best/norm=false/smoother=hoa/backbone=sage/use_nfr=false/sanity_check=true/node_ratio=1,/data/hzw/Rethinking_DP_GNN_runtime/paper_experiments/figure10/x_steps=0.yaml/dataset=cora/feature=random_normal/feature_dim=8192/scale=0.0625/random_normal_mean=0/random_normal_std=1/mechanism=mbm/x_eps=inf/m=best/norm=false/smoother=hoa/backbone=sage/use_nfr=false/sanity_check=true/node_ratio=1/final_repeat10
0,16384,0,12345,84.194976806641,0.926398659422,0.043970124116,0.047079462651,4,0.001,0.001,0.75,/data/hzw/Rethinking_DP_GNN_runtime/paper_experiments/figure10/x_steps=0.yaml/dataset=cora/feature=random_normal/feature_dim=16384/scale=4/random_normal_mean=0/random_normal_std=1/mechanism=mbm/x_eps=inf/m=best/norm=false/smoother=hoa/backbone=sage/use_nfr=false/sanity_check=true/node_ratio=1,/data/hzw/Rethinking_DP_GNN_runtime/paper_experiments/figure10/x_steps=0.yaml/dataset=cora/feature=random_normal/feature_dim=16384/scale=4/random_normal_mean=0/random_normal_std=1/mechanism=mbm/x_eps=inf/m=best/norm=false/smoother=hoa/backbone=sage/use_nfr=false/sanity_check=true/node_ratio=1/final_repeat10
0,16384,1,12346,84.047264099121,0.926371401736,0.043247993570,0.047079462651,4,0.001,0.001,0.75,/data/hzw/Rethinking_DP_GNN_runtime/paper_experiments/figure10/x_steps=0.yaml/dataset=cora/feature=random_normal/feature_dim=16384/scale=4/random_normal_mean=0/random_normal_std=1/mechanism=mbm/x_eps=inf/m=best/norm=false/smoother=hoa/backbone=sage/use_nfr=false/sanity_check=true/node_ratio=1,/data/hzw/Rethinking_DP_GNN_runtime/paper_experiments/figure10/x_steps=0.yaml/dataset=cora/feature=random_normal/feature_dim=16384/scale=4/random_normal_mean=0/random_normal_std=1/mechanism=mbm/x_eps=inf/m=best/norm=false/smoother=hoa/backbone=sage/use_nfr=false/sanity_check=true/node_ratio=1/final_repeat10
0,16384,2,12347,83.899559020996,0.926403731706,0.043872865884,0.047079462651,4,0.001,0.001,0.75,/data/hzw/Rethinking_DP_GNN_runtime/paper_experiments/figure10/x_steps=0.yaml/dataset=cora/feature=random_normal/feature_dim=16384/scale=4/random_normal_mean=0/random_normal_std=1/mechanism=mbm/x_eps=inf/m=best/norm=false/smoother=hoa/backbone=sage/use_nfr=false/sanity_check=true/node_ratio=1,/data/hzw/Rethinking_DP_GNN_runtime/paper_experiments/figure10/x_steps=0.yaml/dataset=cora/feature=random_normal/feature_dim=16384/scale=4/random_normal_mean=0/random_normal_std=1/mechanism=mbm/x_eps=inf/m=best/norm=false/smoother=hoa/backbone=sage/use_nfr=false/sanity_check=true/node_ratio=1/final_repeat10
0,16384,3,12348,84.933532714844,0.926429670418,0.043512395898,0.047079462651,4,0.001,0.001,0.75,/data/hzw/Rethinking_DP_GNN_runtime/paper_experiments/figure10/x_steps=0.yaml/dataset=cora/feature=random_normal/feature_dim=16384/scale=4/random_normal_mean=0/random_normal_std=1/mechanism=mbm/x_eps=inf/m=best/norm=false/smoother=hoa/backbone=sage/use_nfr=false/sanity_check=true/node_ratio=1,/data/hzw/Rethinking_DP_GNN_runtime/paper_experiments/figure10/x_steps=0.yaml/dataset=cora/feature=random_normal/feature_dim=16384/scale=4/random_normal_mean=0/random_normal_std=1/mechanism=mbm/x_eps=inf/m=best/norm=false/smoother=hoa/backbone=sage/use_nfr=false/sanity_check=true/node_ratio=1/final_repeat10
0,16384,4,12349,82.717872619629,0.926403418717,0.043842444458,0.047079462651,4,0.001,0.001,0.75,/data/hzw/Rethinking_DP_GNN_runtime/paper_experiments/figure10/x_steps=0.yaml/dataset=cora/feature=random_normal/feature_dim=16384/scale=4/random_normal_mean=0/random_normal_std=1/mechanism=mbm/x_eps=inf/m=best/norm=false/smoother=hoa/backbone=sage/use_nfr=false/sanity_check=true/node_ratio=1,/data/hzw/Rethinking_DP_GNN_runtime/paper_experiments/figure10/x_steps=0.yaml/dataset=cora/feature=random_normal/feature_dim=16384/scale=4/random_normal_mean=0/random_normal_std=1/mechanism=mbm/x_eps=inf/m=best/norm=false/smoother=hoa/backbone=sage/use_nfr=false/sanity_check=true/node_ratio=1/final_repeat10
0,16384,5,12350,81.093055725098,0.926354839176,0.043774888769,0.047079462651,4,0.001,0.001,0.75,/data/hzw/Rethinking_DP_GNN_runtime/paper_experiments/figure10/x_steps=0.yaml/dataset=cora/feature=random_normal/feature_dim=16384/scale=4/random_normal_mean=0/random_normal_std=1/mechanism=mbm/x_eps=inf/m=best/norm=false/smoother=hoa/backbone=sage/use_nfr=false/sanity_check=true/node_ratio=1,/data/hzw/Rethinking_DP_GNN_runtime/paper_experiments/figure10/x_steps=0.yaml/dataset=cora/feature=random_normal/feature_dim=16384/scale=4/random_normal_mean=0/random_normal_std=1/mechanism=mbm/x_eps=inf/m=best/norm=false/smoother=hoa/backbone=sage/use_nfr=false/sanity_check=true/node_ratio=1/final_repeat10
0,16384,6,12351,83.899559020996,0.926508309423,0.043632522445,0.047079462651,4,0.001,0.001,0.75,/data/hzw/Rethinking_DP_GNN_runtime/paper_experiments/figure10/x_steps=0.yaml/dataset=cora/feature=random_normal/feature_dim=16384/scale=4/random_normal_mean=0/random_normal_std=1/mechanism=mbm/x_eps=inf/m=best/norm=false/smoother=hoa/backbone=sage/use_nfr=false/sanity_check=true/node_ratio=1,/data/hzw/Rethinking_DP_GNN_runtime/paper_experiments/figure10/x_steps=0.yaml/dataset=cora/feature=random_normal/feature_dim=16384/scale=4/random_normal_mean=0/random_normal_std=1/mechanism=mbm/x_eps=inf/m=best/norm=false/smoother=hoa/backbone=sage/use_nfr=false/sanity_check=true/node_ratio=1/final_repeat10
0,16384,7,12352,84.785820007324,0.926424983140,0.043343141550,0.047079462651,4,0.001,0.001,0.75,/data/hzw/Rethinking_DP_GNN_runtime/paper_experiments/figure10/x_steps=0.yaml/dataset=cora/feature=random_normal/feature_dim=16384/scale=4/random_normal_mean=0/random_normal_std=1/mechanism=mbm/x_eps=inf/m=best/norm=false/smoother=hoa/backbone=sage/use_nfr=false/sanity_check=true/node_ratio=1,/data/hzw/Rethinking_DP_GNN_runtime/paper_experiments/figure10/x_steps=0.yaml/dataset=cora/feature=random_normal/feature_dim=16384/scale=4/random_normal_mean=0/random_normal_std=1/mechanism=mbm/x_eps=inf/m=best/norm=false/smoother=hoa/backbone=sage/use_nfr=false/sanity_check=true/node_ratio=1/final_repeat10
0,16384,8,12353,84.785820007324,0.926446981085,0.043739537188,0.047079462651,4,0.001,0.001,0.75,/data/hzw/Rethinking_DP_GNN_runtime/paper_experiments/figure10/x_steps=0.yaml/dataset=cora/feature=random_normal/feature_dim=16384/scale=4/random_normal_mean=0/random_normal_std=1/mechanism=mbm/x_eps=inf/m=best/norm=false/smoother=hoa/backbone=sage/use_nfr=false/sanity_check=true/node_ratio=1,/data/hzw/Rethinking_DP_GNN_runtime/paper_experiments/figure10/x_steps=0.yaml/dataset=cora/feature=random_normal/feature_dim=16384/scale=4/random_normal_mean=0/random_normal_std=1/mechanism=mbm/x_eps=inf/m=best/norm=false/smoother=hoa/backbone=sage/use_nfr=false/sanity_check=true/node_ratio=1/final_repeat10
0,16384,9,12354,84.933532714844,0.926340309328,0.043712107162,0.047079462651,4,0.001,0.001,0.75,/data/hzw/Rethinking_DP_GNN_runtime/paper_experiments/figure10/x_steps=0.yaml/dataset=cora/feature=random_normal/feature_dim=16384/scale=4/random_normal_mean=0/random_normal_std=1/mechanism=mbm/x_eps=inf/m=best/norm=false/smoother=hoa/backbone=sage/use_nfr=false/sanity_check=true/node_ratio=1,/data/hzw/Rethinking_DP_GNN_runtime/paper_experiments/figure10/x_steps=0.yaml/dataset=cora/feature=random_normal/feature_dim=16384/scale=4/random_normal_mean=0/random_normal_std=1/mechanism=mbm/x_eps=inf/m=best/norm=false/smoother=hoa/backbone=sage/use_nfr=false/sanity_check=true/node_ratio=1/final_repeat10
0,32768,0,12345,83.751846313477,0.961161698560,0.045332943221,0.047079462651,1,0.001,0.0001,0.75,/data/hzw/Rethinking_DP_GNN_runtime/paper_experiments/figure10/x_steps=0.yaml/dataset=cora/feature=random_normal/feature_dim=32768/random_normal_mean=0/random_normal_std=1/mechanism=mbm/x_eps=inf/m=best/norm=false/smoother=hoa/backbone=sage/use_nfr=false/sanity_check=true/node_ratio=1,/data/hzw/Rethinking_DP_GNN_runtime/paper_experiments/figure10/x_steps=0.yaml/dataset=cora/feature=random_normal/feature_dim=32768/random_normal_mean=0/random_normal_std=1/mechanism=mbm/x_eps=inf/m=best/norm=false/smoother=hoa/backbone=sage/use_nfr=false/sanity_check=true/node_ratio=1/final_repeat10
0,32768,1,12346,81.831611633301,0.961074326353,0.045202332577,0.047079462651,1,0.001,0.0001,0.75,/data/hzw/Rethinking_DP_GNN_runtime/paper_experiments/figure10/x_steps=0.yaml/dataset=cora/feature=random_normal/feature_dim=32768/random_normal_mean=0/random_normal_std=1/mechanism=mbm/x_eps=inf/m=best/norm=false/smoother=hoa/backbone=sage/use_nfr=false/sanity_check=true/node_ratio=1,/data/hzw/Rethinking_DP_GNN_runtime/paper_experiments/figure10/x_steps=0.yaml/dataset=cora/feature=random_normal/feature_dim=32768/random_normal_mean=0/random_normal_std=1/mechanism=mbm/x_eps=inf/m=best/norm=false/smoother=hoa/backbone=sage/use_nfr=false/sanity_check=true/node_ratio=1/final_repeat10
0,32768,2,12347,84.785820007324,0.961094378812,0.045178302888,0.047079462651,1,0.001,0.0001,0.75,/data/hzw/Rethinking_DP_GNN_runtime/paper_experiments/figure10/x_steps=0.yaml/dataset=cora/feature=random_normal/feature_dim=32768/random_normal_mean=0/random_normal_std=1/mechanism=mbm/x_eps=inf/m=best/norm=false/smoother=hoa/backbone=sage/use_nfr=false/sanity_check=true/node_ratio=1,/data/hzw/Rethinking_DP_GNN_runtime/paper_experiments/figure10/x_steps=0.yaml/dataset=cora/feature=random_normal/feature_dim=32768/random_normal_mean=0/random_normal_std=1/mechanism=mbm/x_eps=inf/m=best/norm=false/smoother=hoa/backbone=sage/use_nfr=false/sanity_check=true/node_ratio=1/final_repeat10
0,32768,3,12348,84.785820007324,0.961092055133,0.045241015230,0.047079462651,1,0.001,0.0001,0.75,/data/hzw/Rethinking_DP_GNN_runtime/paper_experiments/figure10/x_steps=0.yaml/dataset=cora/feature=random_normal/feature_dim=32768/random_normal_mean=0/random_normal_std=1/mechanism=mbm/x_eps=inf/m=best/norm=false/smoother=hoa/backbone=sage/use_nfr=false/sanity_check=true/node_ratio=1,/data/hzw/Rethinking_DP_GNN_runtime/paper_experiments/figure10/x_steps=0.yaml/dataset=cora/feature=random_normal/feature_dim=32768/random_normal_mean=0/random_normal_std=1/mechanism=mbm/x_eps=inf/m=best/norm=false/smoother=hoa/backbone=sage/use_nfr=false/sanity_check=true/node_ratio=1/final_repeat10
0,32768,4,12349,83.456420898438,0.961103920286,0.045156579389,0.047079462651,1,0.001,0.0001,0.75,/data/hzw/Rethinking_DP_GNN_runtime/paper_experiments/figure10/x_steps=0.yaml/dataset=cora/feature=random_normal/feature_dim=32768/random_normal_mean=0/random_normal_std=1/mechanism=mbm/x_eps=inf/m=best/norm=false/smoother=hoa/backbone=sage/use_nfr=false/sanity_check=true/node_ratio=1,/data/hzw/Rethinking_DP_GNN_runtime/paper_experiments/figure10/x_steps=0.yaml/dataset=cora/feature=random_normal/feature_dim=32768/random_normal_mean=0/random_normal_std=1/mechanism=mbm/x_eps=inf/m=best/norm=false/smoother=hoa/backbone=sage/use_nfr=false/sanity_check=true/node_ratio=1/final_repeat10
0,32768,5,12350,83.308715820312,0.961085642939,0.045195428437,0.047079462651,1,0.001,0.0001,0.75,/data/hzw/Rethinking_DP_GNN_runtime/paper_experiments/figure10/x_steps=0.yaml/dataset=cora/feature=random_normal/feature_dim=32768/random_normal_mean=0/random_normal_std=1/mechanism=mbm/x_eps=inf/m=best/norm=false/smoother=hoa/backbone=sage/use_nfr=false/sanity_check=true/node_ratio=1,/data/hzw/Rethinking_DP_GNN_runtime/paper_experiments/figure10/x_steps=0.yaml/dataset=cora/feature=random_normal/feature_dim=32768/random_normal_mean=0/random_normal_std=1/mechanism=mbm/x_eps=inf/m=best/norm=false/smoother=hoa/backbone=sage/use_nfr=false/sanity_check=true/node_ratio=1/final_repeat10
0,32768,6,12351,84.194976806641,0.961118930527,0.045245462421,0.047079462651,1,0.001,0.0001,0.75,/data/hzw/Rethinking_DP_GNN_runtime/paper_experiments/figure10/x_steps=0.yaml/dataset=cora/feature=random_normal/feature_dim=32768/random_normal_mean=0/random_normal_std=1/mechanism=mbm/x_eps=inf/m=best/norm=false/smoother=hoa/backbone=sage/use_nfr=false/sanity_check=true/node_ratio=1,/data/hzw/Rethinking_DP_GNN_runtime/paper_experiments/figure10/x_steps=0.yaml/dataset=cora/feature=random_normal/feature_dim=32768/random_normal_mean=0/random_normal_std=1/mechanism=mbm/x_eps=inf/m=best/norm=false/smoother=hoa/backbone=sage/use_nfr=false/sanity_check=true/node_ratio=1/final_repeat10
0,32768,7,12352,84.194976806641,0.961062613285,0.045446133481,0.047079462651,1,0.001,0.0001,0.75,/data/hzw/Rethinking_DP_GNN_runtime/paper_experiments/figure10/x_steps=0.yaml/dataset=cora/feature=random_normal/feature_dim=32768/random_normal_mean=0/random_normal_std=1/mechanism=mbm/x_eps=inf/m=best/norm=false/smoother=hoa/backbone=sage/use_nfr=false/sanity_check=true/node_ratio=1,/data/hzw/Rethinking_DP_GNN_runtime/paper_experiments/figure10/x_steps=0.yaml/dataset=cora/feature=random_normal/feature_dim=32768/random_normal_mean=0/random_normal_std=1/mechanism=mbm/x_eps=inf/m=best/norm=false/smoother=hoa/backbone=sage/use_nfr=false/sanity_check=true/node_ratio=1/final_repeat10
0,32768,8,12353,85.228950500488,0.961141777888,0.045221875265,0.047079462651,1,0.001,0.0001,0.75,/data/hzw/Rethinking_DP_GNN_runtime/paper_experiments/figure10/x_steps=0.yaml/dataset=cora/feature=random_normal/feature_dim=32768/random_normal_mean=0/random_normal_std=1/mechanism=mbm/x_eps=inf/m=best/norm=false/smoother=hoa/backbone=sage/use_nfr=false/sanity_check=true/node_ratio=1,/data/hzw/Rethinking_DP_GNN_runtime/paper_experiments/figure10/x_steps=0.yaml/dataset=cora/feature=random_normal/feature_dim=32768/random_normal_mean=0/random_normal_std=1/mechanism=mbm/x_eps=inf/m=best/norm=false/smoother=hoa/backbone=sage/use_nfr=false/sanity_check=true/node_ratio=1/final_repeat10
0,32768,9,12354,85.376663208008,0.961076583957,0.045294347667,0.047079462651,1,0.001,0.0001,0.75,/data/hzw/Rethinking_DP_GNN_runtime/paper_experiments/figure10/x_steps=0.yaml/dataset=cora/feature=random_normal/feature_dim=32768/random_normal_mean=0/random_normal_std=1/mechanism=mbm/x_eps=inf/m=best/norm=false/smoother=hoa/backbone=sage/use_nfr=false/sanity_check=true/node_ratio=1,/data/hzw/Rethinking_DP_GNN_runtime/paper_experiments/figure10/x_steps=0.yaml/dataset=cora/feature=random_normal/feature_dim=32768/random_normal_mean=0/random_normal_std=1/mechanism=mbm/x_eps=inf/m=best/norm=false/smoother=hoa/backbone=sage/use_nfr=false/sanity_check=true/node_ratio=1/final_repeat10
2,4,0,12345,34.121124267578,0.078712856021,0.011904724591,0.165453465616,256,0.01,0.01,0.25,/data/hzw/Rethinking_DP_GNN_runtime/paper_experiments/figure10/x_steps=2.yaml/dataset=cora/feature=random_normal/feature_dim=4/scale=256/random_normal_mean=0/random_normal_std=1/mechanism=mbm/x_eps=inf/m=best/norm=false/smoother=hoa/backbone=sage/use_nfr=false/sanity_check=true/node_ratio=1,/data/hzw/Rethinking_DP_GNN_runtime/paper_experiments/figure10/x_steps=2.yaml/dataset=cora/feature=random_normal/feature_dim=4/scale=256/random_normal_mean=0/random_normal_std=1/mechanism=mbm/x_eps=inf/m=best/norm=false/smoother=hoa/backbone=sage/use_nfr=false/sanity_check=true/node_ratio=1/final_repeat10
2,4,1,12346,40.029541015625,0.077763035398,0.013420678242,0.165453465616,256,0.01,0.01,0.25,/data/hzw/Rethinking_DP_GNN_runtime/paper_experiments/figure10/x_steps=2.yaml/dataset=cora/feature=random_normal/feature_dim=4/scale=256/random_normal_mean=0/random_normal_std=1/mechanism=mbm/x_eps=inf/m=best/norm=false/smoother=hoa/backbone=sage/use_nfr=false/sanity_check=true/node_ratio=1,/data/hzw/Rethinking_DP_GNN_runtime/paper_experiments/figure10/x_steps=2.yaml/dataset=cora/feature=random_normal/feature_dim=4/scale=256/random_normal_mean=0/random_normal_std=1/mechanism=mbm/x_eps=inf/m=best/norm=false/smoother=hoa/backbone=sage/use_nfr=false/sanity_check=true/node_ratio=1/final_repeat10
2,4,2,12347,36.189067840576,0.077847184360,0.011227745817,0.165453465616,256,0.01,0.01,0.25,/data/hzw/Rethinking_DP_GNN_runtime/paper_experiments/figure10/x_steps=2.yaml/dataset=cora/feature=random_normal/feature_dim=4/scale=256/random_normal_mean=0/random_normal_std=1/mechanism=mbm/x_eps=inf/m=best/norm=false/smoother=hoa/backbone=sage/use_nfr=false/sanity_check=true/node_ratio=1,/data/hzw/Rethinking_DP_GNN_runtime/paper_experiments/figure10/x_steps=2.yaml/dataset=cora/feature=random_normal/feature_dim=4/scale=256/random_normal_mean=0/random_normal_std=1/mechanism=mbm/x_eps=inf/m=best/norm=false/smoother=hoa/backbone=sage/use_nfr=false/sanity_check=true/node_ratio=1/final_repeat10
2,4,3,12348,37.666175842285,0.077046300531,0.011668006477,0.165453465616,256,0.01,0.01,0.25,/data/hzw/Rethinking_DP_GNN_runtime/paper_experiments/figure10/x_steps=2.yaml/dataset=cora/feature=random_normal/feature_dim=4/scale=256/random_normal_mean=0/random_normal_std=1/mechanism=mbm/x_eps=inf/m=best/norm=false/smoother=hoa/backbone=sage/use_nfr=false/sanity_check=true/node_ratio=1,/data/hzw/Rethinking_DP_GNN_runtime/paper_experiments/figure10/x_steps=2.yaml/dataset=cora/feature=random_normal/feature_dim=4/scale=256/random_normal_mean=0/random_normal_std=1/mechanism=mbm/x_eps=inf/m=best/norm=false/smoother=hoa/backbone=sage/use_nfr=false/sanity_check=true/node_ratio=1/final_repeat10
2,4,4,12349,34.121124267578,0.075438123442,0.005513206837,0.165453465616,256,0.01,0.01,0.25,/data/hzw/Rethinking_DP_GNN_runtime/paper_experiments/figure10/x_steps=2.yaml/dataset=cora/feature=random_normal/feature_dim=4/scale=256/random_normal_mean=0/random_normal_std=1/mechanism=mbm/x_eps=inf/m=best/norm=false/smoother=hoa/backbone=sage/use_nfr=false/sanity_check=true/node_ratio=1,/data/hzw/Rethinking_DP_GNN_runtime/paper_experiments/figure10/x_steps=2.yaml/dataset=cora/feature=random_normal/feature_dim=4/scale=256/random_normal_mean=0/random_normal_std=1/mechanism=mbm/x_eps=inf/m=best/norm=false/smoother=hoa/backbone=sage/use_nfr=false/sanity_check=true/node_ratio=1/final_repeat10
2,4,5,12350,40.177253723145,0.080838983770,0.014127737675,0.165453465616,256,0.01,0.01,0.25,/data/hzw/Rethinking_DP_GNN_runtime/paper_experiments/figure10/x_steps=2.yaml/dataset=cora/feature=random_normal/feature_dim=4/scale=256/random_normal_mean=0/random_normal_std=1/mechanism=mbm/x_eps=inf/m=best/norm=false/smoother=hoa/backbone=sage/use_nfr=false/sanity_check=true/node_ratio=1,/data/hzw/Rethinking_DP_GNN_runtime/paper_experiments/figure10/x_steps=2.yaml/dataset=cora/feature=random_normal/feature_dim=4/scale=256/random_normal_mean=0/random_normal_std=1/mechanism=mbm/x_eps=inf/m=best/norm=false/smoother=hoa/backbone=sage/use_nfr=false/sanity_check=true/node_ratio=1/final_repeat10
2,4,6,12351,37.075332641602,0.076262224148,0.009636307777,0.165453465616,256,0.01,0.01,0.25,/data/hzw/Rethinking_DP_GNN_runtime/paper_experiments/figure10/x_steps=2.yaml/dataset=cora/feature=random_normal/feature_dim=4/scale=256/random_normal_mean=0/random_normal_std=1/mechanism=mbm/x_eps=inf/m=best/norm=false/smoother=hoa/backbone=sage/use_nfr=false/sanity_check=true/node_ratio=1,/data/hzw/Rethinking_DP_GNN_runtime/paper_experiments/figure10/x_steps=2.yaml/dataset=cora/feature=random_normal/feature_dim=4/scale=256/random_normal_mean=0/random_normal_std=1/mechanism=mbm/x_eps=inf/m=best/norm=false/smoother=hoa/backbone=sage/use_nfr=false/sanity_check=true/node_ratio=1/final_repeat10
2,4,7,12352,39.881832122803,0.077203527850,0.007681980956,0.165453465616,256,0.01,0.01,0.25,/data/hzw/Rethinking_DP_GNN_runtime/paper_experiments/figure10/x_steps=2.yaml/dataset=cora/feature=random_normal/feature_dim=4/scale=256/random_normal_mean=0/random_normal_std=1/mechanism=mbm/x_eps=inf/m=best/norm=false/smoother=hoa/backbone=sage/use_nfr=false/sanity_check=true/node_ratio=1,/data/hzw/Rethinking_DP_GNN_runtime/paper_experiments/figure10/x_steps=2.yaml/dataset=cora/feature=random_normal/feature_dim=4/scale=256/random_normal_mean=0/random_normal_std=1/mechanism=mbm/x_eps=inf/m=best/norm=false/smoother=hoa/backbone=sage/use_nfr=false/sanity_check=true/node_ratio=1/final_repeat10
2,4,8,12353,37.223041534424,0.077165977945,0.007743023194,0.165453465616,256,0.01,0.01,0.25,/data/hzw/Rethinking_DP_GNN_runtime/paper_experiments/figure10/x_steps=2.yaml/dataset=cora/feature=random_normal/feature_dim=4/scale=256/random_normal_mean=0/random_normal_std=1/mechanism=mbm/x_eps=inf/m=best/norm=false/smoother=hoa/backbone=sage/use_nfr=false/sanity_check=true/node_ratio=1,/data/hzw/Rethinking_DP_GNN_runtime/paper_experiments/figure10/x_steps=2.yaml/dataset=cora/feature=random_normal/feature_dim=4/scale=256/random_normal_mean=0/random_normal_std=1/mechanism=mbm/x_eps=inf/m=best/norm=false/smoother=hoa/backbone=sage/use_nfr=false/sanity_check=true/node_ratio=1/final_repeat10
2,4,9,12354,40.915805816650,0.076710282695,0.013797090477,0.165453465616,256,0.01,0.01,0.25,/data/hzw/Rethinking_DP_GNN_runtime/paper_experiments/figure10/x_steps=2.yaml/dataset=cora/feature=random_normal/feature_dim=4/scale=256/random_normal_mean=0/random_normal_std=1/mechanism=mbm/x_eps=inf/m=best/norm=false/smoother=hoa/backbone=sage/use_nfr=false/sanity_check=true/node_ratio=1,/data/hzw/Rethinking_DP_GNN_runtime/paper_experiments/figure10/x_steps=2.yaml/dataset=cora/feature=random_normal/feature_dim=4/scale=256/random_normal_mean=0/random_normal_std=1/mechanism=mbm/x_eps=inf/m=best/norm=false/smoother=hoa/backbone=sage/use_nfr=false/sanity_check=true/node_ratio=1/final_repeat10
2,8,0,12345,49.187591552734,0.112937188882,0.018202062123,0.165453465616,64,0.01,0.0001,0.25,/data/hzw/Rethinking_DP_GNN_runtime/paper_experiments/figure10/x_steps=2.yaml/dataset=cora/feature=random_normal/feature_dim=8/scale=64/random_normal_mean=0/random_normal_std=1/mechanism=mbm/x_eps=inf/m=best/norm=false/smoother=hoa/backbone=sage/use_nfr=false/sanity_check=true/node_ratio=1,/data/hzw/Rethinking_DP_GNN_runtime/paper_experiments/figure10/x_steps=2.yaml/dataset=cora/feature=random_normal/feature_dim=8/scale=64/random_normal_mean=0/random_normal_std=1/mechanism=mbm/x_eps=inf/m=best/norm=false/smoother=hoa/backbone=sage/use_nfr=false/sanity_check=true/node_ratio=1/final_repeat10
2,8,1,12346,45.937961578369,0.109041218256,0.012615949658,0.165453465616,64,0.01,0.0001,0.25,/data/hzw/Rethinking_DP_GNN_runtime/paper_experiments/figure10/x_steps=2.yaml/dataset=cora/feature=random_normal/feature_dim=8/scale=64/random_normal_mean=0/random_normal_std=1/mechanism=mbm/x_eps=inf/m=best/norm=false/smoother=hoa/backbone=sage/use_nfr=false/sanity_check=true/node_ratio=1,/data/hzw/Rethinking_DP_GNN_runtime/paper_experiments/figure10/x_steps=2.yaml/dataset=cora/feature=random_normal/feature_dim=8/scale=64/random_normal_mean=0/random_normal_std=1/mechanism=mbm/x_eps=inf/m=best/norm=false/smoother=hoa/backbone=sage/use_nfr=false/sanity_check=true/node_ratio=1/final_repeat10
2,8,2,12347,47.267353057861,0.110069511972,0.013682648498,0.165453465616,64,0.01,0.0001,0.25,/data/hzw/Rethinking_DP_GNN_runtime/paper_experiments/figure10/x_steps=2.yaml/dataset=cora/feature=random_normal/feature_dim=8/scale=64/random_normal_mean=0/random_normal_std=1/mechanism=mbm/x_eps=inf/m=best/norm=false/smoother=hoa/backbone=sage/use_nfr=false/sanity_check=true/node_ratio=1,/data/hzw/Rethinking_DP_GNN_runtime/paper_experiments/figure10/x_steps=2.yaml/dataset=cora/feature=random_normal/feature_dim=8/scale=64/random_normal_mean=0/random_normal_std=1/mechanism=mbm/x_eps=inf/m=best/norm=false/smoother=hoa/backbone=sage/use_nfr=false/sanity_check=true/node_ratio=1/final_repeat10
2,8,3,12348,45.051696777344,0.114324176452,0.016255067872,0.165453465616,64,0.01,0.0001,0.25,/data/hzw/Rethinking_DP_GNN_runtime/paper_experiments/figure10/x_steps=2.yaml/dataset=cora/feature=random_normal/feature_dim=8/scale=64/random_normal_mean=0/random_normal_std=1/mechanism=mbm/x_eps=inf/m=best/norm=false/smoother=hoa/backbone=sage/use_nfr=false/sanity_check=true/node_ratio=1,/data/hzw/Rethinking_DP_GNN_runtime/paper_experiments/figure10/x_steps=2.yaml/dataset=cora/feature=random_normal/feature_dim=8/scale=64/random_normal_mean=0/random_normal_std=1/mechanism=mbm/x_eps=inf/m=best/norm=false/smoother=hoa/backbone=sage/use_nfr=false/sanity_check=true/node_ratio=1/final_repeat10
2,8,4,12349,46.824222564697,0.111233763452,0.019951000465,0.165453465616,64,0.01,0.0001,0.25,/data/hzw/Rethinking_DP_GNN_runtime/paper_experiments/figure10/x_steps=2.yaml/dataset=cora/feature=random_normal/feature_dim=8/scale=64/random_normal_mean=0/random_normal_std=1/mechanism=mbm/x_eps=inf/m=best/norm=false/smoother=hoa/backbone=sage/use_nfr=false/sanity_check=true/node_ratio=1,/data/hzw/Rethinking_DP_GNN_runtime/paper_experiments/figure10/x_steps=2.yaml/dataset=cora/feature=random_normal/feature_dim=8/scale=64/random_normal_mean=0/random_normal_std=1/mechanism=mbm/x_eps=inf/m=best/norm=false/smoother=hoa/backbone=sage/use_nfr=false/sanity_check=true/node_ratio=1/final_repeat10
2,8,5,12350,47.710487365723,0.111789428152,0.015960175131,0.165453465616,64,0.01,0.0001,0.25,/data/hzw/Rethinking_DP_GNN_runtime/paper_experiments/figure10/x_steps=2.yaml/dataset=cora/feature=random_normal/feature_dim=8/scale=64/random_normal_mean=0/random_normal_std=1/mechanism=mbm/x_eps=inf/m=best/norm=false/smoother=hoa/backbone=sage/use_nfr=false/sanity_check=true/node_ratio=1,/data/hzw/Rethinking_DP_GNN_runtime/paper_experiments/figure10/x_steps=2.yaml/dataset=cora/feature=random_normal/feature_dim=8/scale=64/random_normal_mean=0/random_normal_std=1/mechanism=mbm/x_eps=inf/m=best/norm=false/smoother=hoa/backbone=sage/use_nfr=false/sanity_check=true/node_ratio=1/final_repeat10
2,8,6,12351,43.722305297852,0.114447495984,0.019282490600,0.165453465616,64,0.01,0.0001,0.25,/data/hzw/Rethinking_DP_GNN_runtime/paper_experiments/figure10/x_steps=2.yaml/dataset=cora/feature=random_normal/feature_dim=8/scale=64/random_normal_mean=0/random_normal_std=1/mechanism=mbm/x_eps=inf/m=best/norm=false/smoother=hoa/backbone=sage/use_nfr=false/sanity_check=true/node_ratio=1,/data/hzw/Rethinking_DP_GNN_runtime/paper_experiments/figure10/x_steps=2.yaml/dataset=cora/feature=random_normal/feature_dim=8/scale=64/random_normal_mean=0/random_normal_std=1/mechanism=mbm/x_eps=inf/m=best/norm=false/smoother=hoa/backbone=sage/use_nfr=false/sanity_check=true/node_ratio=1/final_repeat10
2,8,7,12352,45.642539978027,0.111411887323,0.013872246864,0.165453465616,64,0.01,0.0001,0.25,/data/hzw/Rethinking_DP_GNN_runtime/paper_experiments/figure10/x_steps=2.yaml/dataset=cora/feature=random_normal/feature_dim=8/scale=64/random_normal_mean=0/random_normal_std=1/mechanism=mbm/x_eps=inf/m=best/norm=false/smoother=hoa/backbone=sage/use_nfr=false/sanity_check=true/node_ratio=1,/data/hzw/Rethinking_DP_GNN_runtime/paper_experiments/figure10/x_steps=2.yaml/dataset=cora/feature=random_normal/feature_dim=8/scale=64/random_normal_mean=0/random_normal_std=1/mechanism=mbm/x_eps=inf/m=best/norm=false/smoother=hoa/backbone=sage/use_nfr=false/sanity_check=true/node_ratio=1/final_repeat10
2,8,8,12353,49.187591552734,0.113465138102,0.020570872101,0.165453465616,64,0.01,0.0001,0.25,/data/hzw/Rethinking_DP_GNN_runtime/paper_experiments/figure10/x_steps=2.yaml/dataset=cora/feature=random_normal/feature_dim=8/scale=64/random_normal_mean=0/random_normal_std=1/mechanism=mbm/x_eps=inf/m=best/norm=false/smoother=hoa/backbone=sage/use_nfr=false/sanity_check=true/node_ratio=1,/data/hzw/Rethinking_DP_GNN_runtime/paper_experiments/figure10/x_steps=2.yaml/dataset=cora/feature=random_normal/feature_dim=8/scale=64/random_normal_mean=0/random_normal_std=1/mechanism=mbm/x_eps=inf/m=best/norm=false/smoother=hoa/backbone=sage/use_nfr=false/sanity_check=true/node_ratio=1/final_repeat10
2,8,9,12354,52.437221527100,0.115846072321,0.022651775167,0.165453465616,64,0.01,0.0001,0.25,/data/hzw/Rethinking_DP_GNN_runtime/paper_experiments/figure10/x_steps=2.yaml/dataset=cora/feature=random_normal/feature_dim=8/scale=64/random_normal_mean=0/random_normal_std=1/mechanism=mbm/x_eps=inf/m=best/norm=false/smoother=hoa/backbone=sage/use_nfr=false/sanity_check=true/node_ratio=1,/data/hzw/Rethinking_DP_GNN_runtime/paper_experiments/figure10/x_steps=2.yaml/dataset=cora/feature=random_normal/feature_dim=8/scale=64/random_normal_mean=0/random_normal_std=1/mechanism=mbm/x_eps=inf/m=best/norm=false/smoother=hoa/backbone=sage/use_nfr=false/sanity_check=true/node_ratio=1/final_repeat10
2,16,0,12345,60.118167877197,0.160631198060,0.024850193044,0.165453465616,64,0.01,0,0.25,/data/hzw/Rethinking_DP_GNN_runtime/paper_experiments/figure10/x_steps=2.yaml/dataset=cora/feature=random_normal/feature_dim=16/scale=64/random_normal_mean=0/random_normal_std=1/mechanism=mbm/x_eps=inf/m=best/norm=false/smoother=hoa/backbone=sage/use_nfr=false/sanity_check=true/node_ratio=1,/data/hzw/Rethinking_DP_GNN_runtime/paper_experiments/figure10/x_steps=2.yaml/dataset=cora/feature=random_normal/feature_dim=16/scale=64/random_normal_mean=0/random_normal_std=1/mechanism=mbm/x_eps=inf/m=best/norm=false/smoother=hoa/backbone=sage/use_nfr=false/sanity_check=true/node_ratio=1/final_repeat10
2,16,1,12346,60.413585662842,0.161373170376,0.029665381726,0.165453465616,64,0.01,0,0.25,/data/hzw/Rethinking_DP_GNN_runtime/paper_experiments/figure10/x_steps=2.yaml/dataset=cora/feature=random_normal/feature_dim=16/scale=64/random_normal_mean=0/random_normal_std=1/mechanism=mbm/x_eps=inf/m=best/norm=false/smoother=hoa/backbone=sage/use_nfr=false/sanity_check=true/node_ratio=1,/data/hzw/Rethinking_DP_GNN_runtime/paper_experiments/figure10/x_steps=2.yaml/dataset=cora/feature=random_normal/feature_dim=16/scale=64/random_normal_mean=0/random_normal_std=1/mechanism=mbm/x_eps=inf/m=best/norm=false/smoother=hoa/backbone=sage/use_nfr=false/sanity_check=true/node_ratio=1/final_repeat10
2,16,2,12347,60.265876770020,0.162540269021,0.029388561567,0.165453465616,64,0.01,0,0.25,/data/hzw/Rethinking_DP_GNN_runtime/paper_experiments/figure10/x_steps=2.yaml/dataset=cora/feature=random_normal/feature_dim=16/scale=64/random_normal_mean=0/random_normal_std=1/mechanism=mbm/x_eps=inf/m=best/norm=false/smoother=hoa/backbone=sage/use_nfr=false/sanity_check=true/node_ratio=1,/data/hzw/Rethinking_DP_GNN_runtime/paper_experiments/figure10/x_steps=2.yaml/dataset=cora/feature=random_normal/feature_dim=16/scale=64/random_normal_mean=0/random_normal_std=1/mechanism=mbm/x_eps=inf/m=best/norm=false/smoother=hoa/backbone=sage/use_nfr=false/sanity_check=true/node_ratio=1/final_repeat10
2,16,3,12348,58.493350982666,0.162229456554,0.024979151459,0.165453465616,64,0.01,0,0.25,/data/hzw/Rethinking_DP_GNN_runtime/paper_experiments/figure10/x_steps=2.yaml/dataset=cora/feature=random_normal/feature_dim=16/scale=64/random_normal_mean=0/random_normal_std=1/mechanism=mbm/x_eps=inf/m=best/norm=false/smoother=hoa/backbone=sage/use_nfr=false/sanity_check=true/node_ratio=1,/data/hzw/Rethinking_DP_GNN_runtime/paper_experiments/figure10/x_steps=2.yaml/dataset=cora/feature=random_normal/feature_dim=16/scale=64/random_normal_mean=0/random_normal_std=1/mechanism=mbm/x_eps=inf/m=best/norm=false/smoother=hoa/backbone=sage/use_nfr=false/sanity_check=true/node_ratio=1/final_repeat10
2,16,4,12349,62.333824157715,0.160893315791,0.028815650666,0.165453465616,64,0.01,0,0.25,/data/hzw/Rethinking_DP_GNN_runtime/paper_experiments/figure10/x_steps=2.yaml/dataset=cora/feature=random_normal/feature_dim=16/scale=64/random_normal_mean=0/random_normal_std=1/mechanism=mbm/x_eps=inf/m=best/norm=false/smoother=hoa/backbone=sage/use_nfr=false/sanity_check=true/node_ratio=1,/data/hzw/Rethinking_DP_GNN_runtime/paper_experiments/figure10/x_steps=2.yaml/dataset=cora/feature=random_normal/feature_dim=16/scale=64/random_normal_mean=0/random_normal_std=1/mechanism=mbm/x_eps=inf/m=best/norm=false/smoother=hoa/backbone=sage/use_nfr=false/sanity_check=true/node_ratio=1/final_repeat10
2,16,5,12350,57.311664581299,0.162580464739,0.030215604866,0.165453465616,64,0.01,0,0.25,/data/hzw/Rethinking_DP_GNN_runtime/paper_experiments/figure10/x_steps=2.yaml/dataset=cora/feature=random_normal/feature_dim=16/scale=64/random_normal_mean=0/random_normal_std=1/mechanism=mbm/x_eps=inf/m=best/norm=false/smoother=hoa/backbone=sage/use_nfr=false/sanity_check=true/node_ratio=1,/data/hzw/Rethinking_DP_GNN_runtime/paper_experiments/figure10/x_steps=2.yaml/dataset=cora/feature=random_normal/feature_dim=16/scale=64/random_normal_mean=0/random_normal_std=1/mechanism=mbm/x_eps=inf/m=best/norm=false/smoother=hoa/backbone=sage/use_nfr=false/sanity_check=true/node_ratio=1/final_repeat10
2,16,6,12351,57.163959503174,0.161220378531,0.026724356439,0.165453465616,64,0.01,0,0.25,/data/hzw/Rethinking_DP_GNN_runtime/paper_experiments/figure10/x_steps=2.yaml/dataset=cora/feature=random_normal/feature_dim=16/scale=64/random_normal_mean=0/random_normal_std=1/mechanism=mbm/x_eps=inf/m=best/norm=false/smoother=hoa/backbone=sage/use_nfr=false/sanity_check=true/node_ratio=1,/data/hzw/Rethinking_DP_GNN_runtime/paper_experiments/figure10/x_steps=2.yaml/dataset=cora/feature=random_normal/feature_dim=16/scale=64/random_normal_mean=0/random_normal_std=1/mechanism=mbm/x_eps=inf/m=best/norm=false/smoother=hoa/backbone=sage/use_nfr=false/sanity_check=true/node_ratio=1/final_repeat10
2,16,7,12352,57.607089996338,0.163552563496,0.030784185249,0.165453465616,64,0.01,0,0.25,/data/hzw/Rethinking_DP_GNN_runtime/paper_experiments/figure10/x_steps=2.yaml/dataset=cora/feature=random_normal/feature_dim=16/scale=64/random_normal_mean=0/random_normal_std=1/mechanism=mbm/x_eps=inf/m=best/norm=false/smoother=hoa/backbone=sage/use_nfr=false/sanity_check=true/node_ratio=1,/data/hzw/Rethinking_DP_GNN_runtime/paper_experiments/figure10/x_steps=2.yaml/dataset=cora/feature=random_normal/feature_dim=16/scale=64/random_normal_mean=0/random_normal_std=1/mechanism=mbm/x_eps=inf/m=best/norm=false/smoother=hoa/backbone=sage/use_nfr=false/sanity_check=true/node_ratio=1/final_repeat10
2,16,8,12353,56.573116302490,0.162512218442,0.028050679883,0.165453465616,64,0.01,0,0.25,/data/hzw/Rethinking_DP_GNN_runtime/paper_experiments/figure10/x_steps=2.yaml/dataset=cora/feature=random_normal/feature_dim=16/scale=64/random_normal_mean=0/random_normal_std=1/mechanism=mbm/x_eps=inf/m=best/norm=false/smoother=hoa/backbone=sage/use_nfr=false/sanity_check=true/node_ratio=1,/data/hzw/Rethinking_DP_GNN_runtime/paper_experiments/figure10/x_steps=2.yaml/dataset=cora/feature=random_normal/feature_dim=16/scale=64/random_normal_mean=0/random_normal_std=1/mechanism=mbm/x_eps=inf/m=best/norm=false/smoother=hoa/backbone=sage/use_nfr=false/sanity_check=true/node_ratio=1/final_repeat10
2,16,9,12354,59.527324676514,0.159304352279,0.023541773217,0.165453465616,64,0.01,0,0.25,/data/hzw/Rethinking_DP_GNN_runtime/paper_experiments/figure10/x_steps=2.yaml/dataset=cora/feature=random_normal/feature_dim=16/scale=64/random_normal_mean=0/random_normal_std=1/mechanism=mbm/x_eps=inf/m=best/norm=false/smoother=hoa/backbone=sage/use_nfr=false/sanity_check=true/node_ratio=1,/data/hzw/Rethinking_DP_GNN_runtime/paper_experiments/figure10/x_steps=2.yaml/dataset=cora/feature=random_normal/feature_dim=16/scale=64/random_normal_mean=0/random_normal_std=1/mechanism=mbm/x_eps=inf/m=best/norm=false/smoother=hoa/backbone=sage/use_nfr=false/sanity_check=true/node_ratio=1/final_repeat10
2,32,0,12345,71.935005187988,0.226620465888,0.040626813945,0.165453465616,64,0.01,0.01,0.25,/data/hzw/Rethinking_DP_GNN_runtime/paper_experiments/figure10/x_steps=2.yaml/dataset=cora/feature=random_normal/feature_dim=32/scale=64/random_normal_mean=0/random_normal_std=1/mechanism=mbm/x_eps=inf/m=best/norm=false/smoother=hoa/backbone=sage/use_nfr=false/sanity_check=true/node_ratio=1,/data/hzw/Rethinking_DP_GNN_runtime/paper_experiments/figure10/x_steps=2.yaml/dataset=cora/feature=random_normal/feature_dim=32/scale=64/random_normal_mean=0/random_normal_std=1/mechanism=mbm/x_eps=inf/m=best/norm=false/smoother=hoa/backbone=sage/use_nfr=false/sanity_check=true/node_ratio=1/final_repeat10
2,32,1,12346,67.503692626953,0.226603585542,0.036506824634,0.165453465616,64,0.01,0.01,0.25,/data/hzw/Rethinking_DP_GNN_runtime/paper_experiments/figure10/x_steps=2.yaml/dataset=cora/feature=random_normal/feature_dim=32/scale=64/random_normal_mean=0/random_normal_std=1/mechanism=mbm/x_eps=inf/m=best/norm=false/smoother=hoa/backbone=sage/use_nfr=false/sanity_check=true/node_ratio=1,/data/hzw/Rethinking_DP_GNN_runtime/paper_experiments/figure10/x_steps=2.yaml/dataset=cora/feature=random_normal/feature_dim=32/scale=64/random_normal_mean=0/random_normal_std=1/mechanism=mbm/x_eps=inf/m=best/norm=false/smoother=hoa/backbone=sage/use_nfr=false/sanity_check=true/node_ratio=1/final_repeat10
2,32,2,12347,70.753326416016,0.228161547716,0.036690215434,0.165453465616,64,0.01,0.01,0.25,/data/hzw/Rethinking_DP_GNN_runtime/paper_experiments/figure10/x_steps=2.yaml/dataset=cora/feature=random_normal/feature_dim=32/scale=64/random_normal_mean=0/random_normal_std=1/mechanism=mbm/x_eps=inf/m=best/norm=false/smoother=hoa/backbone=sage/use_nfr=false/sanity_check=true/node_ratio=1,/data/hzw/Rethinking_DP_GNN_runtime/paper_experiments/figure10/x_steps=2.yaml/dataset=cora/feature=random_normal/feature_dim=32/scale=64/random_normal_mean=0/random_normal_std=1/mechanism=mbm/x_eps=inf/m=best/norm=false/smoother=hoa/backbone=sage/use_nfr=false/sanity_check=true/node_ratio=1/final_repeat10
2,32,3,12348,70.310195922852,0.228641218744,0.042455864021,0.165453465616,64,0.01,0.01,0.25,/data/hzw/Rethinking_DP_GNN_runtime/paper_experiments/figure10/x_steps=2.yaml/dataset=cora/feature=random_normal/feature_dim=32/scale=64/random_normal_mean=0/random_normal_std=1/mechanism=mbm/x_eps=inf/m=best/norm=false/smoother=hoa/backbone=sage/use_nfr=false/sanity_check=true/node_ratio=1,/data/hzw/Rethinking_DP_GNN_runtime/paper_experiments/figure10/x_steps=2.yaml/dataset=cora/feature=random_normal/feature_dim=32/scale=64/random_normal_mean=0/random_normal_std=1/mechanism=mbm/x_eps=inf/m=best/norm=false/smoother=hoa/backbone=sage/use_nfr=false/sanity_check=true/node_ratio=1/final_repeat10
2,32,4,12349,67.651405334473,0.224122655464,0.033117525134,0.165453465616,64,0.01,0.01,0.25,/data/hzw/Rethinking_DP_GNN_runtime/paper_experiments/figure10/x_steps=2.yaml/dataset=cora/feature=random_normal/feature_dim=32/scale=64/random_normal_mean=0/random_normal_std=1/mechanism=mbm/x_eps=inf/m=best/norm=false/smoother=hoa/backbone=sage/use_nfr=false/sanity_check=true/node_ratio=1,/data/hzw/Rethinking_DP_GNN_runtime/paper_experiments/figure10/x_steps=2.yaml/dataset=cora/feature=random_normal/feature_dim=32/scale=64/random_normal_mean=0/random_normal_std=1/mechanism=mbm/x_eps=inf/m=best/norm=false/smoother=hoa/backbone=sage/use_nfr=false/sanity_check=true/node_ratio=1/final_repeat10
2,32,5,12350,67.208274841309,0.225643453798,0.035512714891,0.165453465616,64,0.01,0.01,0.25,/data/hzw/Rethinking_DP_GNN_runtime/paper_experiments/figure10/x_steps=2.yaml/dataset=cora/feature=random_normal/feature_dim=32/scale=64/random_normal_mean=0/random_normal_std=1/mechanism=mbm/x_eps=inf/m=best/norm=false/smoother=hoa/backbone=sage/use_nfr=false/sanity_check=true/node_ratio=1,/data/hzw/Rethinking_DP_GNN_runtime/paper_experiments/figure10/x_steps=2.yaml/dataset=cora/feature=random_normal/feature_dim=32/scale=64/random_normal_mean=0/random_normal_std=1/mechanism=mbm/x_eps=inf/m=best/norm=false/smoother=hoa/backbone=sage/use_nfr=false/sanity_check=true/node_ratio=1/final_repeat10
2,32,6,12351,69.571640014648,0.225303337640,0.033367009003,0.165453465616,64,0.01,0.01,0.25,/data/hzw/Rethinking_DP_GNN_runtime/paper_experiments/figure10/x_steps=2.yaml/dataset=cora/feature=random_normal/feature_dim=32/scale=64/random_normal_mean=0/random_normal_std=1/mechanism=mbm/x_eps=inf/m=best/norm=false/smoother=hoa/backbone=sage/use_nfr=false/sanity_check=true/node_ratio=1,/data/hzw/Rethinking_DP_GNN_runtime/paper_experiments/figure10/x_steps=2.yaml/dataset=cora/feature=random_normal/feature_dim=32/scale=64/random_normal_mean=0/random_normal_std=1/mechanism=mbm/x_eps=inf/m=best/norm=false/smoother=hoa/backbone=sage/use_nfr=false/sanity_check=true/node_ratio=1/final_repeat10
2,32,7,12352,72.378135681152,0.227977356369,0.036193334508,0.165453465616,64,0.01,0.01,0.25,/data/hzw/Rethinking_DP_GNN_runtime/paper_experiments/figure10/x_steps=2.yaml/dataset=cora/feature=random_normal/feature_dim=32/scale=64/random_normal_mean=0/random_normal_std=1/mechanism=mbm/x_eps=inf/m=best/norm=false/smoother=hoa/backbone=sage/use_nfr=false/sanity_check=true/node_ratio=1,/data/hzw/Rethinking_DP_GNN_runtime/paper_experiments/figure10/x_steps=2.yaml/dataset=cora/feature=random_normal/feature_dim=32/scale=64/random_normal_mean=0/random_normal_std=1/mechanism=mbm/x_eps=inf/m=best/norm=false/smoother=hoa/backbone=sage/use_nfr=false/sanity_check=true/node_ratio=1/final_repeat10
2,32,8,12353,70.162483215332,0.226885204889,0.035798159842,0.165453465616,64,0.01,0.01,0.25,/data/hzw/Rethinking_DP_GNN_runtime/paper_experiments/figure10/x_steps=2.yaml/dataset=cora/feature=random_normal/feature_dim=32/scale=64/random_normal_mean=0/random_normal_std=1/mechanism=mbm/x_eps=inf/m=best/norm=false/smoother=hoa/backbone=sage/use_nfr=false/sanity_check=true/node_ratio=1,/data/hzw/Rethinking_DP_GNN_runtime/paper_experiments/figure10/x_steps=2.yaml/dataset=cora/feature=random_normal/feature_dim=32/scale=64/random_normal_mean=0/random_normal_std=1/mechanism=mbm/x_eps=inf/m=best/norm=false/smoother=hoa/backbone=sage/use_nfr=false/sanity_check=true/node_ratio=1/final_repeat10
2,32,9,12354,71.787300109863,0.229662657925,0.040380909927,0.165453465616,64,0.01,0.01,0.25,/data/hzw/Rethinking_DP_GNN_runtime/paper_experiments/figure10/x_steps=2.yaml/dataset=cora/feature=random_normal/feature_dim=32/scale=64/random_normal_mean=0/random_normal_std=1/mechanism=mbm/x_eps=inf/m=best/norm=false/smoother=hoa/backbone=sage/use_nfr=false/sanity_check=true/node_ratio=1,/data/hzw/Rethinking_DP_GNN_runtime/paper_experiments/figure10/x_steps=2.yaml/dataset=cora/feature=random_normal/feature_dim=32/scale=64/random_normal_mean=0/random_normal_std=1/mechanism=mbm/x_eps=inf/m=best/norm=false/smoother=hoa/backbone=sage/use_nfr=false/sanity_check=true/node_ratio=1/final_repeat10
2,64,0,12345,73.559822082520,0.310877658364,0.047027620937,0.165453465616,64,0.01,0.01,0.5,/data/hzw/Rethinking_DP_GNN_runtime/paper_experiments/figure10/x_steps=2.yaml/dataset=cora/feature=random_normal/feature_dim=64/scale=64/random_normal_mean=0/random_normal_std=1/mechanism=mbm/x_eps=inf/m=best/norm=false/smoother=hoa/backbone=sage/use_nfr=false/sanity_check=true/node_ratio=1,/data/hzw/Rethinking_DP_GNN_runtime/paper_experiments/figure10/x_steps=2.yaml/dataset=cora/feature=random_normal/feature_dim=64/scale=64/random_normal_mean=0/random_normal_std=1/mechanism=mbm/x_eps=inf/m=best/norm=false/smoother=hoa/backbone=sage/use_nfr=false/sanity_check=true/node_ratio=1/final_repeat10
2,64,1,12346,74.298377990723,0.311400497167,0.049803987622,0.165453465616,64,0.01,0.01,0.5,/data/hzw/Rethinking_DP_GNN_runtime/paper_experiments/figure10/x_steps=2.yaml/dataset=cora/feature=random_normal/feature_dim=64/scale=64/random_normal_mean=0/random_normal_std=1/mechanism=mbm/x_eps=inf/m=best/norm=false/smoother=hoa/backbone=sage/use_nfr=false/sanity_check=true/node_ratio=1,/data/hzw/Rethinking_DP_GNN_runtime/paper_experiments/figure10/x_steps=2.yaml/dataset=cora/feature=random_normal/feature_dim=64/scale=64/random_normal_mean=0/random_normal_std=1/mechanism=mbm/x_eps=inf/m=best/norm=false/smoother=hoa/backbone=sage/use_nfr=false/sanity_check=true/node_ratio=1/final_repeat10
2,64,2,12347,76.957160949707,0.311142305748,0.059628464095,0.165453465616,64,0.01,0.01,0.5,/data/hzw/Rethinking_DP_GNN_runtime/paper_experiments/figure10/x_steps=2.yaml/dataset=cora/feature=random_normal/feature_dim=64/scale=64/random_normal_mean=0/random_normal_std=1/mechanism=mbm/x_eps=inf/m=best/norm=false/smoother=hoa/backbone=sage/use_nfr=false/sanity_check=true/node_ratio=1,/data/hzw/Rethinking_DP_GNN_runtime/paper_experiments/figure10/x_steps=2.yaml/dataset=cora/feature=random_normal/feature_dim=64/scale=64/random_normal_mean=0/random_normal_std=1/mechanism=mbm/x_eps=inf/m=best/norm=false/smoother=hoa/backbone=sage/use_nfr=false/sanity_check=true/node_ratio=1/final_repeat10
2,64,3,12348,76.514030456543,0.310051853802,0.055813851695,0.165453465616,64,0.01,0.01,0.5,/data/hzw/Rethinking_DP_GNN_runtime/paper_experiments/figure10/x_steps=2.yaml/dataset=cora/feature=random_normal/feature_dim=64/scale=64/random_normal_mean=0/random_normal_std=1/mechanism=mbm/x_eps=inf/m=best/norm=false/smoother=hoa/backbone=sage/use_nfr=false/sanity_check=true/node_ratio=1,/data/hzw/Rethinking_DP_GNN_runtime/paper_experiments/figure10/x_steps=2.yaml/dataset=cora/feature=random_normal/feature_dim=64/scale=64/random_normal_mean=0/random_normal_std=1/mechanism=mbm/x_eps=inf/m=best/norm=false/smoother=hoa/backbone=sage/use_nfr=false/sanity_check=true/node_ratio=1/final_repeat10
2,64,4,12349,73.412109375000,0.311456118030,0.048225589989,0.165453465616,64,0.01,0.01,0.5,/data/hzw/Rethinking_DP_GNN_runtime/paper_experiments/figure10/x_steps=2.yaml/dataset=cora/feature=random_normal/feature_dim=64/scale=64/random_normal_mean=0/random_normal_std=1/mechanism=mbm/x_eps=inf/m=best/norm=false/smoother=hoa/backbone=sage/use_nfr=false/sanity_check=true/node_ratio=1,/data/hzw/Rethinking_DP_GNN_runtime/paper_experiments/figure10/x_steps=2.yaml/dataset=cora/feature=random_normal/feature_dim=64/scale=64/random_normal_mean=0/random_normal_std=1/mechanism=mbm/x_eps=inf/m=best/norm=false/smoother=hoa/backbone=sage/use_nfr=false/sanity_check=true/node_ratio=1/final_repeat10
2,64,5,12350,73.264404296875,0.312546592046,0.050941770710,0.165453465616,64,0.01,0.01,0.5,/data/hzw/Rethinking_DP_GNN_runtime/paper_experiments/figure10/x_steps=2.yaml/dataset=cora/feature=random_normal/feature_dim=64/scale=64/random_normal_mean=0/random_normal_std=1/mechanism=mbm/x_eps=inf/m=best/norm=false/smoother=hoa/backbone=sage/use_nfr=false/sanity_check=true/node_ratio=1,/data/hzw/Rethinking_DP_GNN_runtime/paper_experiments/figure10/x_steps=2.yaml/dataset=cora/feature=random_normal/feature_dim=64/scale=64/random_normal_mean=0/random_normal_std=1/mechanism=mbm/x_eps=inf/m=best/norm=false/smoother=hoa/backbone=sage/use_nfr=false/sanity_check=true/node_ratio=1/final_repeat10
2,64,6,12351,77.104873657227,0.311620268325,0.051804987489,0.165453465616,64,0.01,0.01,0.5,/data/hzw/Rethinking_DP_GNN_runtime/paper_experiments/figure10/x_steps=2.yaml/dataset=cora/feature=random_normal/feature_dim=64/scale=64/random_normal_mean=0/random_normal_std=1/mechanism=mbm/x_eps=inf/m=best/norm=false/smoother=hoa/backbone=sage/use_nfr=false/sanity_check=true/node_ratio=1,/data/hzw/Rethinking_DP_GNN_runtime/paper_experiments/figure10/x_steps=2.yaml/dataset=cora/feature=random_normal/feature_dim=64/scale=64/random_normal_mean=0/random_normal_std=1/mechanism=mbm/x_eps=inf/m=best/norm=false/smoother=hoa/backbone=sage/use_nfr=false/sanity_check=true/node_ratio=1/final_repeat10
2,64,7,12352,75.627769470215,0.314110135972,0.052294484181,0.165453465616,64,0.01,0.01,0.5,/data/hzw/Rethinking_DP_GNN_runtime/paper_experiments/figure10/x_steps=2.yaml/dataset=cora/feature=random_normal/feature_dim=64/scale=64/random_normal_mean=0/random_normal_std=1/mechanism=mbm/x_eps=inf/m=best/norm=false/smoother=hoa/backbone=sage/use_nfr=false/sanity_check=true/node_ratio=1,/data/hzw/Rethinking_DP_GNN_runtime/paper_experiments/figure10/x_steps=2.yaml/dataset=cora/feature=random_normal/feature_dim=64/scale=64/random_normal_mean=0/random_normal_std=1/mechanism=mbm/x_eps=inf/m=best/norm=false/smoother=hoa/backbone=sage/use_nfr=false/sanity_check=true/node_ratio=1/final_repeat10
2,64,8,12353,75.036926269531,0.313174390168,0.053179715641,0.165453465616,64,0.01,0.01,0.5,/data/hzw/Rethinking_DP_GNN_runtime/paper_experiments/figure10/x_steps=2.yaml/dataset=cora/feature=random_normal/feature_dim=64/scale=64/random_normal_mean=0/random_normal_std=1/mechanism=mbm/x_eps=inf/m=best/norm=false/smoother=hoa/backbone=sage/use_nfr=false/sanity_check=true/node_ratio=1,/data/hzw/Rethinking_DP_GNN_runtime/paper_experiments/figure10/x_steps=2.yaml/dataset=cora/feature=random_normal/feature_dim=64/scale=64/random_normal_mean=0/random_normal_std=1/mechanism=mbm/x_eps=inf/m=best/norm=false/smoother=hoa/backbone=sage/use_nfr=false/sanity_check=true/node_ratio=1/final_repeat10
2,64,9,12354,75.923187255859,0.312491467930,0.047476661783,0.165453465616,64,0.01,0.01,0.5,/data/hzw/Rethinking_DP_GNN_runtime/paper_experiments/figure10/x_steps=2.yaml/dataset=cora/feature=random_normal/feature_dim=64/scale=64/random_normal_mean=0/random_normal_std=1/mechanism=mbm/x_eps=inf/m=best/norm=false/smoother=hoa/backbone=sage/use_nfr=false/sanity_check=true/node_ratio=1,/data/hzw/Rethinking_DP_GNN_runtime/paper_experiments/figure10/x_steps=2.yaml/dataset=cora/feature=random_normal/feature_dim=64/scale=64/random_normal_mean=0/random_normal_std=1/mechanism=mbm/x_eps=inf/m=best/norm=false/smoother=hoa/backbone=sage/use_nfr=false/sanity_check=true/node_ratio=1/final_repeat10
2,128,0,12345,79.172821044922,0.419899816528,0.063005177487,0.165453465616,64,0.01,0.01,0.5,/data/hzw/Rethinking_DP_GNN_runtime/paper_experiments/figure10/x_steps=2.yaml/dataset=cora/feature=random_normal/feature_dim=128/scale=64/random_normal_mean=0/random_normal_std=1/mechanism=mbm/x_eps=inf/m=best/norm=false/smoother=hoa/backbone=sage/use_nfr=false/sanity_check=true/node_ratio=1,/data/hzw/Rethinking_DP_GNN_runtime/paper_experiments/figure10/x_steps=2.yaml/dataset=cora/feature=random_normal/feature_dim=128/scale=64/random_normal_mean=0/random_normal_std=1/mechanism=mbm/x_eps=inf/m=best/norm=false/smoother=hoa/backbone=sage/use_nfr=false/sanity_check=true/node_ratio=1/final_repeat10
2,128,1,12346,80.649925231934,0.423678817824,0.069923792599,0.165453465616,64,0.01,0.01,0.5,/data/hzw/Rethinking_DP_GNN_runtime/paper_experiments/figure10/x_steps=2.yaml/dataset=cora/feature=random_normal/feature_dim=128/scale=64/random_normal_mean=0/random_normal_std=1/mechanism=mbm/x_eps=inf/m=best/norm=false/smoother=hoa/backbone=sage/use_nfr=false/sanity_check=true/node_ratio=1,/data/hzw/Rethinking_DP_GNN_runtime/paper_experiments/figure10/x_steps=2.yaml/dataset=cora/feature=random_normal/feature_dim=128/scale=64/random_normal_mean=0/random_normal_std=1/mechanism=mbm/x_eps=inf/m=best/norm=false/smoother=hoa/backbone=sage/use_nfr=false/sanity_check=true/node_ratio=1/final_repeat10
2,128,2,12347,78.729690551758,0.423700747856,0.072818606379,0.165453465616,64,0.01,0.01,0.5,/data/hzw/Rethinking_DP_GNN_runtime/paper_experiments/figure10/x_steps=2.yaml/dataset=cora/feature=random_normal/feature_dim=128/scale=64/random_normal_mean=0/random_normal_std=1/mechanism=mbm/x_eps=inf/m=best/norm=false/smoother=hoa/backbone=sage/use_nfr=false/sanity_check=true/node_ratio=1,/data/hzw/Rethinking_DP_GNN_runtime/paper_experiments/figure10/x_steps=2.yaml/dataset=cora/feature=random_normal/feature_dim=128/scale=64/random_normal_mean=0/random_normal_std=1/mechanism=mbm/x_eps=inf/m=best/norm=false/smoother=hoa/backbone=sage/use_nfr=false/sanity_check=true/node_ratio=1/final_repeat10
2,128,3,12348,78.729690551758,0.422901706278,0.063245113744,0.165453465616,64,0.01,0.01,0.5,/data/hzw/Rethinking_DP_GNN_runtime/paper_experiments/figure10/x_steps=2.yaml/dataset=cora/feature=random_normal/feature_dim=128/scale=64/random_normal_mean=0/random_normal_std=1/mechanism=mbm/x_eps=inf/m=best/norm=false/smoother=hoa/backbone=sage/use_nfr=false/sanity_check=true/node_ratio=1,/data/hzw/Rethinking_DP_GNN_runtime/paper_experiments/figure10/x_steps=2.yaml/dataset=cora/feature=random_normal/feature_dim=128/scale=64/random_normal_mean=0/random_normal_std=1/mechanism=mbm/x_eps=inf/m=best/norm=false/smoother=hoa/backbone=sage/use_nfr=false/sanity_check=true/node_ratio=1/final_repeat10
2,128,4,12349,78.581977844238,0.425374253193,0.067453026050,0.165453465616,64,0.01,0.01,0.5,/data/hzw/Rethinking_DP_GNN_runtime/paper_experiments/figure10/x_steps=2.yaml/dataset=cora/feature=random_normal/feature_dim=128/scale=64/random_normal_mean=0/random_normal_std=1/mechanism=mbm/x_eps=inf/m=best/norm=false/smoother=hoa/backbone=sage/use_nfr=false/sanity_check=true/node_ratio=1,/data/hzw/Rethinking_DP_GNN_runtime/paper_experiments/figure10/x_steps=2.yaml/dataset=cora/feature=random_normal/feature_dim=128/scale=64/random_normal_mean=0/random_normal_std=1/mechanism=mbm/x_eps=inf/m=best/norm=false/smoother=hoa/backbone=sage/use_nfr=false/sanity_check=true/node_ratio=1/final_repeat10
2,128,5,12350,75.184638977051,0.423795078002,0.076842571185,0.165453465616,64,0.01,0.01,0.5,/data/hzw/Rethinking_DP_GNN_runtime/paper_experiments/figure10/x_steps=2.yaml/dataset=cora/feature=random_normal/feature_dim=128/scale=64/random_normal_mean=0/random_normal_std=1/mechanism=mbm/x_eps=inf/m=best/norm=false/smoother=hoa/backbone=sage/use_nfr=false/sanity_check=true/node_ratio=1,/data/hzw/Rethinking_DP_GNN_runtime/paper_experiments/figure10/x_steps=2.yaml/dataset=cora/feature=random_normal/feature_dim=128/scale=64/random_normal_mean=0/random_normal_std=1/mechanism=mbm/x_eps=inf/m=best/norm=false/smoother=hoa/backbone=sage/use_nfr=false/sanity_check=true/node_ratio=1/final_repeat10
2,128,6,12351,78.286560058594,0.422443868139,0.064546530719,0.165453465616,64,0.01,0.01,0.5,/data/hzw/Rethinking_DP_GNN_runtime/paper_experiments/figure10/x_steps=2.yaml/dataset=cora/feature=random_normal/feature_dim=128/scale=64/random_normal_mean=0/random_normal_std=1/mechanism=mbm/x_eps=inf/m=best/norm=false/smoother=hoa/backbone=sage/use_nfr=false/sanity_check=true/node_ratio=1,/data/hzw/Rethinking_DP_GNN_runtime/paper_experiments/figure10/x_steps=2.yaml/dataset=cora/feature=random_normal/feature_dim=128/scale=64/random_normal_mean=0/random_normal_std=1/mechanism=mbm/x_eps=inf/m=best/norm=false/smoother=hoa/backbone=sage/use_nfr=false/sanity_check=true/node_ratio=1/final_repeat10
2,128,7,12352,81.240768432617,0.423024949049,0.073848901154,0.165453465616,64,0.01,0.01,0.5,/data/hzw/Rethinking_DP_GNN_runtime/paper_experiments/figure10/x_steps=2.yaml/dataset=cora/feature=random_normal/feature_dim=128/scale=64/random_normal_mean=0/random_normal_std=1/mechanism=mbm/x_eps=inf/m=best/norm=false/smoother=hoa/backbone=sage/use_nfr=false/sanity_check=true/node_ratio=1,/data/hzw/Rethinking_DP_GNN_runtime/paper_experiments/figure10/x_steps=2.yaml/dataset=cora/feature=random_normal/feature_dim=128/scale=64/random_normal_mean=0/random_normal_std=1/mechanism=mbm/x_eps=inf/m=best/norm=false/smoother=hoa/backbone=sage/use_nfr=false/sanity_check=true/node_ratio=1/final_repeat10
2,128,8,12353,80.502212524414,0.423216343154,0.064609666386,0.165453465616,64,0.01,0.01,0.5,/data/hzw/Rethinking_DP_GNN_runtime/paper_experiments/figure10/x_steps=2.yaml/dataset=cora/feature=random_normal/feature_dim=128/scale=64/random_normal_mean=0/random_normal_std=1/mechanism=mbm/x_eps=inf/m=best/norm=false/smoother=hoa/backbone=sage/use_nfr=false/sanity_check=true/node_ratio=1,/data/hzw/Rethinking_DP_GNN_runtime/paper_experiments/figure10/x_steps=2.yaml/dataset=cora/feature=random_normal/feature_dim=128/scale=64/random_normal_mean=0/random_normal_std=1/mechanism=mbm/x_eps=inf/m=best/norm=false/smoother=hoa/backbone=sage/use_nfr=false/sanity_check=true/node_ratio=1/final_repeat10
2,128,9,12354,82.717872619629,0.424576833789,0.076432420166,0.165453465616,64,0.01,0.01,0.5,/data/hzw/Rethinking_DP_GNN_runtime/paper_experiments/figure10/x_steps=2.yaml/dataset=cora/feature=random_normal/feature_dim=128/scale=64/random_normal_mean=0/random_normal_std=1/mechanism=mbm/x_eps=inf/m=best/norm=false/smoother=hoa/backbone=sage/use_nfr=false/sanity_check=true/node_ratio=1,/data/hzw/Rethinking_DP_GNN_runtime/paper_experiments/figure10/x_steps=2.yaml/dataset=cora/feature=random_normal/feature_dim=128/scale=64/random_normal_mean=0/random_normal_std=1/mechanism=mbm/x_eps=inf/m=best/norm=false/smoother=hoa/backbone=sage/use_nfr=false/sanity_check=true/node_ratio=1/final_repeat10
2,256,0,12345,80.354507446289,0.552472416459,0.095470934225,0.165453465616,256,0.01,0.001,0.75,/data/hzw/Rethinking_DP_GNN_runtime/paper_experiments/figure10/x_steps=2.yaml/dataset=cora/feature=random_normal/feature_dim=256/scale=256/random_normal_mean=0/random_normal_std=1/mechanism=mbm/x_eps=inf/m=best/norm=false/smoother=hoa/backbone=sage/use_nfr=false/sanity_check=true/node_ratio=1,/data/hzw/Rethinking_DP_GNN_runtime/paper_experiments/figure10/x_steps=2.yaml/dataset=cora/feature=random_normal/feature_dim=256/scale=256/random_normal_mean=0/random_normal_std=1/mechanism=mbm/x_eps=inf/m=best/norm=false/smoother=hoa/backbone=sage/use_nfr=false/sanity_check=true/node_ratio=1/final_repeat10
2,256,1,12346,80.354507446289,0.552878335932,0.089414095542,0.165453465616,256,0.01,0.001,0.75,/data/hzw/Rethinking_DP_GNN_runtime/paper_experiments/figure10/x_steps=2.yaml/dataset=cora/feature=random_normal/feature_dim=256/scale=256/random_normal_mean=0/random_normal_std=1/mechanism=mbm/x_eps=inf/m=best/norm=false/smoother=hoa/backbone=sage/use_nfr=false/sanity_check=true/node_ratio=1,/data/hzw/Rethinking_DP_GNN_runtime/paper_experiments/figure10/x_steps=2.yaml/dataset=cora/feature=random_normal/feature_dim=256/scale=256/random_normal_mean=0/random_normal_std=1/mechanism=mbm/x_eps=inf/m=best/norm=false/smoother=hoa/backbone=sage/use_nfr=false/sanity_check=true/node_ratio=1/final_repeat10
2,256,2,12347,81.093055725098,0.551569851562,0.089755989177,0.165453465616,256,0.01,0.001,0.75,/data/hzw/Rethinking_DP_GNN_runtime/paper_experiments/figure10/x_steps=2.yaml/dataset=cora/feature=random_normal/feature_dim=256/scale=256/random_normal_mean=0/random_normal_std=1/mechanism=mbm/x_eps=inf/m=best/norm=false/smoother=hoa/backbone=sage/use_nfr=false/sanity_check=true/node_ratio=1,/data/hzw/Rethinking_DP_GNN_runtime/paper_experiments/figure10/x_steps=2.yaml/dataset=cora/feature=random_normal/feature_dim=256/scale=256/random_normal_mean=0/random_normal_std=1/mechanism=mbm/x_eps=inf/m=best/norm=false/smoother=hoa/backbone=sage/use_nfr=false/sanity_check=true/node_ratio=1/final_repeat10
2,256,3,12348,79.172821044922,0.552940243441,0.092468055111,0.165453465616,256,0.01,0.001,0.75,/data/hzw/Rethinking_DP_GNN_runtime/paper_experiments/figure10/x_steps=2.yaml/dataset=cora/feature=random_normal/feature_dim=256/scale=256/random_normal_mean=0/random_normal_std=1/mechanism=mbm/x_eps=inf/m=best/norm=false/smoother=hoa/backbone=sage/use_nfr=false/sanity_check=true/node_ratio=1,/data/hzw/Rethinking_DP_GNN_runtime/paper_experiments/figure10/x_steps=2.yaml/dataset=cora/feature=random_normal/feature_dim=256/scale=256/random_normal_mean=0/random_normal_std=1/mechanism=mbm/x_eps=inf/m=best/norm=false/smoother=hoa/backbone=sage/use_nfr=false/sanity_check=true/node_ratio=1/final_repeat10
2,256,4,12349,80.797637939453,0.553068189501,0.095048486797,0.165453465616,256,0.01,0.001,0.75,/data/hzw/Rethinking_DP_GNN_runtime/paper_experiments/figure10/x_steps=2.yaml/dataset=cora/feature=random_normal/feature_dim=256/scale=256/random_normal_mean=0/random_normal_std=1/mechanism=mbm/x_eps=inf/m=best/norm=false/smoother=hoa/backbone=sage/use_nfr=false/sanity_check=true/node_ratio=1,/data/hzw/Rethinking_DP_GNN_runtime/paper_experiments/figure10/x_steps=2.yaml/dataset=cora/feature=random_normal/feature_dim=256/scale=256/random_normal_mean=0/random_normal_std=1/mechanism=mbm/x_eps=inf/m=best/norm=false/smoother=hoa/backbone=sage/use_nfr=false/sanity_check=true/node_ratio=1/final_repeat10
2,256,5,12350,76.809455871582,0.551346334066,0.090838527434,0.165453465616,256,0.01,0.001,0.75,/data/hzw/Rethinking_DP_GNN_runtime/paper_experiments/figure10/x_steps=2.yaml/dataset=cora/feature=random_normal/feature_dim=256/scale=256/random_normal_mean=0/random_normal_std=1/mechanism=mbm/x_eps=inf/m=best/norm=false/smoother=hoa/backbone=sage/use_nfr=false/sanity_check=true/node_ratio=1,/data/hzw/Rethinking_DP_GNN_runtime/paper_experiments/figure10/x_steps=2.yaml/dataset=cora/feature=random_normal/feature_dim=256/scale=256/random_normal_mean=0/random_normal_std=1/mechanism=mbm/x_eps=inf/m=best/norm=false/smoother=hoa/backbone=sage/use_nfr=false/sanity_check=true/node_ratio=1/final_repeat10
2,256,6,12351,78.286560058594,0.551066382069,0.084913656661,0.165453465616,256,0.01,0.001,0.75,/data/hzw/Rethinking_DP_GNN_runtime/paper_experiments/figure10/x_steps=2.yaml/dataset=cora/feature=random_normal/feature_dim=256/scale=256/random_normal_mean=0/random_normal_std=1/mechanism=mbm/x_eps=inf/m=best/norm=false/smoother=hoa/backbone=sage/use_nfr=false/sanity_check=true/node_ratio=1,/data/hzw/Rethinking_DP_GNN_runtime/paper_experiments/figure10/x_steps=2.yaml/dataset=cora/feature=random_normal/feature_dim=256/scale=256/random_normal_mean=0/random_normal_std=1/mechanism=mbm/x_eps=inf/m=best/norm=false/smoother=hoa/backbone=sage/use_nfr=false/sanity_check=true/node_ratio=1/final_repeat10
2,256,7,12352,80.354507446289,0.551367637869,0.091098736524,0.165453465616,256,0.01,0.001,0.75,/data/hzw/Rethinking_DP_GNN_runtime/paper_experiments/figure10/x_steps=2.yaml/dataset=cora/feature=random_normal/feature_dim=256/scale=256/random_normal_mean=0/random_normal_std=1/mechanism=mbm/x_eps=inf/m=best/norm=false/smoother=hoa/backbone=sage/use_nfr=false/sanity_check=true/node_ratio=1,/data/hzw/Rethinking_DP_GNN_runtime/paper_experiments/figure10/x_steps=2.yaml/dataset=cora/feature=random_normal/feature_dim=256/scale=256/random_normal_mean=0/random_normal_std=1/mechanism=mbm/x_eps=inf/m=best/norm=false/smoother=hoa/backbone=sage/use_nfr=false/sanity_check=true/node_ratio=1/final_repeat10
2,256,8,12353,78.729690551758,0.551604628593,0.092594046351,0.165453465616,256,0.01,0.001,0.75,/data/hzw/Rethinking_DP_GNN_runtime/paper_experiments/figure10/x_steps=2.yaml/dataset=cora/feature=random_normal/feature_dim=256/scale=256/random_normal_mean=0/random_normal_std=1/mechanism=mbm/x_eps=inf/m=best/norm=false/smoother=hoa/backbone=sage/use_nfr=false/sanity_check=true/node_ratio=1,/data/hzw/Rethinking_DP_GNN_runtime/paper_experiments/figure10/x_steps=2.yaml/dataset=cora/feature=random_normal/feature_dim=256/scale=256/random_normal_mean=0/random_normal_std=1/mechanism=mbm/x_eps=inf/m=best/norm=false/smoother=hoa/backbone=sage/use_nfr=false/sanity_check=true/node_ratio=1/final_repeat10
2,256,9,12354,82.865585327148,0.552888291913,0.095633084565,0.165453465616,256,0.01,0.001,0.75,/data/hzw/Rethinking_DP_GNN_runtime/paper_experiments/figure10/x_steps=2.yaml/dataset=cora/feature=random_normal/feature_dim=256/scale=256/random_normal_mean=0/random_normal_std=1/mechanism=mbm/x_eps=inf/m=best/norm=false/smoother=hoa/backbone=sage/use_nfr=false/sanity_check=true/node_ratio=1,/data/hzw/Rethinking_DP_GNN_runtime/paper_experiments/figure10/x_steps=2.yaml/dataset=cora/feature=random_normal/feature_dim=256/scale=256/random_normal_mean=0/random_normal_std=1/mechanism=mbm/x_eps=inf/m=best/norm=false/smoother=hoa/backbone=sage/use_nfr=false/sanity_check=true/node_ratio=1/final_repeat10
2,512,0,12345,80.797637939453,0.684126390340,0.111400399537,0.165453465616,16,0.01,0.01,0.75,/data/hzw/Rethinking_DP_GNN_runtime/paper_experiments/figure10/x_steps=2.yaml/dataset=cora/feature=random_normal/feature_dim=512/scale=16/random_normal_mean=0/random_normal_std=1/mechanism=mbm/x_eps=inf/m=best/norm=false/smoother=hoa/backbone=sage/use_nfr=false/sanity_check=true/node_ratio=1,/data/hzw/Rethinking_DP_GNN_runtime/paper_experiments/figure10/x_steps=2.yaml/dataset=cora/feature=random_normal/feature_dim=512/scale=16/random_normal_mean=0/random_normal_std=1/mechanism=mbm/x_eps=inf/m=best/norm=false/smoother=hoa/backbone=sage/use_nfr=false/sanity_check=true/node_ratio=1/final_repeat10
2,512,1,12346,84.047264099121,0.683909612952,0.113147554695,0.165453465616,16,0.01,0.01,0.75,/data/hzw/Rethinking_DP_GNN_runtime/paper_experiments/figure10/x_steps=2.yaml/dataset=cora/feature=random_normal/feature_dim=512/scale=16/random_normal_mean=0/random_normal_std=1/mechanism=mbm/x_eps=inf/m=best/norm=false/smoother=hoa/backbone=sage/use_nfr=false/sanity_check=true/node_ratio=1,/data/hzw/Rethinking_DP_GNN_runtime/paper_experiments/figure10/x_steps=2.yaml/dataset=cora/feature=random_normal/feature_dim=512/scale=16/random_normal_mean=0/random_normal_std=1/mechanism=mbm/x_eps=inf/m=best/norm=false/smoother=hoa/backbone=sage/use_nfr=false/sanity_check=true/node_ratio=1/final_repeat10
2,512,2,12347,78.877403259277,0.682711632842,0.111694408632,0.165453465616,16,0.01,0.01,0.75,/data/hzw/Rethinking_DP_GNN_runtime/paper_experiments/figure10/x_steps=2.yaml/dataset=cora/feature=random_normal/feature_dim=512/scale=16/random_normal_mean=0/random_normal_std=1/mechanism=mbm/x_eps=inf/m=best/norm=false/smoother=hoa/backbone=sage/use_nfr=false/sanity_check=true/node_ratio=1,/data/hzw/Rethinking_DP_GNN_runtime/paper_experiments/figure10/x_steps=2.yaml/dataset=cora/feature=random_normal/feature_dim=512/scale=16/random_normal_mean=0/random_normal_std=1/mechanism=mbm/x_eps=inf/m=best/norm=false/smoother=hoa/backbone=sage/use_nfr=false/sanity_check=true/node_ratio=1/final_repeat10
2,512,3,12348,84.047264099121,0.682562477691,0.109968245494,0.165453465616,16,0.01,0.01,0.75,/data/hzw/Rethinking_DP_GNN_runtime/paper_experiments/figure10/x_steps=2.yaml/dataset=cora/feature=random_normal/feature_dim=512/scale=16/random_normal_mean=0/random_normal_std=1/mechanism=mbm/x_eps=inf/m=best/norm=false/smoother=hoa/backbone=sage/use_nfr=false/sanity_check=true/node_ratio=1,/data/hzw/Rethinking_DP_GNN_runtime/paper_experiments/figure10/x_steps=2.yaml/dataset=cora/feature=random_normal/feature_dim=512/scale=16/random_normal_mean=0/random_normal_std=1/mechanism=mbm/x_eps=inf/m=best/norm=false/smoother=hoa/backbone=sage/use_nfr=false/sanity_check=true/node_ratio=1/final_repeat10
2,512,4,12349,81.388481140137,0.682046428014,0.107269238318,0.165453465616,16,0.01,0.01,0.75,/data/hzw/Rethinking_DP_GNN_runtime/paper_experiments/figure10/x_steps=2.yaml/dataset=cora/feature=random_normal/feature_dim=512/scale=16/random_normal_mean=0/random_normal_std=1/mechanism=mbm/x_eps=inf/m=best/norm=false/smoother=hoa/backbone=sage/use_nfr=false/sanity_check=true/node_ratio=1,/data/hzw/Rethinking_DP_GNN_runtime/paper_experiments/figure10/x_steps=2.yaml/dataset=cora/feature=random_normal/feature_dim=512/scale=16/random_normal_mean=0/random_normal_std=1/mechanism=mbm/x_eps=inf/m=best/norm=false/smoother=hoa/backbone=sage/use_nfr=false/sanity_check=true/node_ratio=1/final_repeat10
2,512,5,12350,81.831611633301,0.683251529146,0.108549165121,0.165453465616,16,0.01,0.01,0.75,/data/hzw/Rethinking_DP_GNN_runtime/paper_experiments/figure10/x_steps=2.yaml/dataset=cora/feature=random_normal/feature_dim=512/scale=16/random_normal_mean=0/random_normal_std=1/mechanism=mbm/x_eps=inf/m=best/norm=false/smoother=hoa/backbone=sage/use_nfr=false/sanity_check=true/node_ratio=1,/data/hzw/Rethinking_DP_GNN_runtime/paper_experiments/figure10/x_steps=2.yaml/dataset=cora/feature=random_normal/feature_dim=512/scale=16/random_normal_mean=0/random_normal_std=1/mechanism=mbm/x_eps=inf/m=best/norm=false/smoother=hoa/backbone=sage/use_nfr=false/sanity_check=true/node_ratio=1/final_repeat10
2,512,6,12351,83.899559020996,0.683888867706,0.111113884426,0.165453465616,16,0.01,0.01,0.75,/data/hzw/Rethinking_DP_GNN_runtime/paper_experiments/figure10/x_steps=2.yaml/dataset=cora/feature=random_normal/feature_dim=512/scale=16/random_normal_mean=0/random_normal_std=1/mechanism=mbm/x_eps=inf/m=best/norm=false/smoother=hoa/backbone=sage/use_nfr=false/sanity_check=true/node_ratio=1,/data/hzw/Rethinking_DP_GNN_runtime/paper_experiments/figure10/x_steps=2.yaml/dataset=cora/feature=random_normal/feature_dim=512/scale=16/random_normal_mean=0/random_normal_std=1/mechanism=mbm/x_eps=inf/m=best/norm=false/smoother=hoa/backbone=sage/use_nfr=false/sanity_check=true/node_ratio=1/final_repeat10
2,512,7,12352,83.161003112793,0.682451095596,0.110818803575,0.165453465616,16,0.01,0.01,0.75,/data/hzw/Rethinking_DP_GNN_runtime/paper_experiments/figure10/x_steps=2.yaml/dataset=cora/feature=random_normal/feature_dim=512/scale=16/random_normal_mean=0/random_normal_std=1/mechanism=mbm/x_eps=inf/m=best/norm=false/smoother=hoa/backbone=sage/use_nfr=false/sanity_check=true/node_ratio=1,/data/hzw/Rethinking_DP_GNN_runtime/paper_experiments/figure10/x_steps=2.yaml/dataset=cora/feature=random_normal/feature_dim=512/scale=16/random_normal_mean=0/random_normal_std=1/mechanism=mbm/x_eps=inf/m=best/norm=false/smoother=hoa/backbone=sage/use_nfr=false/sanity_check=true/node_ratio=1/final_repeat10
2,512,8,12353,82.570159912109,0.681487194428,0.110334213283,0.165453465616,16,0.01,0.01,0.75,/data/hzw/Rethinking_DP_GNN_runtime/paper_experiments/figure10/x_steps=2.yaml/dataset=cora/feature=random_normal/feature_dim=512/scale=16/random_normal_mean=0/random_normal_std=1/mechanism=mbm/x_eps=inf/m=best/norm=false/smoother=hoa/backbone=sage/use_nfr=false/sanity_check=true/node_ratio=1,/data/hzw/Rethinking_DP_GNN_runtime/paper_experiments/figure10/x_steps=2.yaml/dataset=cora/feature=random_normal/feature_dim=512/scale=16/random_normal_mean=0/random_normal_std=1/mechanism=mbm/x_eps=inf/m=best/norm=false/smoother=hoa/backbone=sage/use_nfr=false/sanity_check=true/node_ratio=1/final_repeat10
2,512,9,12354,83.308715820312,0.683776552516,0.112730039145,0.165453465616,16,0.01,0.01,0.75,/data/hzw/Rethinking_DP_GNN_runtime/paper_experiments/figure10/x_steps=2.yaml/dataset=cora/feature=random_normal/feature_dim=512/scale=16/random_normal_mean=0/random_normal_std=1/mechanism=mbm/x_eps=inf/m=best/norm=false/smoother=hoa/backbone=sage/use_nfr=false/sanity_check=true/node_ratio=1,/data/hzw/Rethinking_DP_GNN_runtime/paper_experiments/figure10/x_steps=2.yaml/dataset=cora/feature=random_normal/feature_dim=512/scale=16/random_normal_mean=0/random_normal_std=1/mechanism=mbm/x_eps=inf/m=best/norm=false/smoother=hoa/backbone=sage/use_nfr=false/sanity_check=true/node_ratio=1/final_repeat10
2,1024,0,12345,84.490394592285,0.797100157644,0.131555383912,0.165453465616,1,0.01,0.001,0.5,/data/hzw/Rethinking_DP_GNN_runtime/paper_experiments/figure10/x_steps=2.yaml/dataset=cora/feature=random_normal/feature_dim=1024/random_normal_mean=0/random_normal_std=1/mechanism=mbm/x_eps=inf/m=best/norm=false/smoother=hoa/backbone=sage/use_nfr=false/sanity_check=true/node_ratio=1,/data/hzw/Rethinking_DP_GNN_runtime/paper_experiments/figure10/x_steps=2.yaml/dataset=cora/feature=random_normal/feature_dim=1024/random_normal_mean=0/random_normal_std=1/mechanism=mbm/x_eps=inf/m=best/norm=false/smoother=hoa/backbone=sage/use_nfr=false/sanity_check=true/node_ratio=1/final_repeat10
2,1024,1,12346,83.899559020996,0.798864056071,0.135743316409,0.165453465616,1,0.01,0.001,0.5,/data/hzw/Rethinking_DP_GNN_runtime/paper_experiments/figure10/x_steps=2.yaml/dataset=cora/feature=random_normal/feature_dim=1024/random_normal_mean=0/random_normal_std=1/mechanism=mbm/x_eps=inf/m=best/norm=false/smoother=hoa/backbone=sage/use_nfr=false/sanity_check=true/node_ratio=1,/data/hzw/Rethinking_DP_GNN_runtime/paper_experiments/figure10/x_steps=2.yaml/dataset=cora/feature=random_normal/feature_dim=1024/random_normal_mean=0/random_normal_std=1/mechanism=mbm/x_eps=inf/m=best/norm=false/smoother=hoa/backbone=sage/use_nfr=false/sanity_check=true/node_ratio=1/final_repeat10
2,1024,2,12347,85.228950500488,0.798161458998,0.129151945813,0.165453465616,1,0.01,0.001,0.5,/data/hzw/Rethinking_DP_GNN_runtime/paper_experiments/figure10/x_steps=2.yaml/dataset=cora/feature=random_normal/feature_dim=1024/random_normal_mean=0/random_normal_std=1/mechanism=mbm/x_eps=inf/m=best/norm=false/smoother=hoa/backbone=sage/use_nfr=false/sanity_check=true/node_ratio=1,/data/hzw/Rethinking_DP_GNN_runtime/paper_experiments/figure10/x_steps=2.yaml/dataset=cora/feature=random_normal/feature_dim=1024/random_normal_mean=0/random_normal_std=1/mechanism=mbm/x_eps=inf/m=best/norm=false/smoother=hoa/backbone=sage/use_nfr=false/sanity_check=true/node_ratio=1/final_repeat10
2,1024,3,12348,85.228950500488,0.798175491218,0.133291129287,0.165453465616,1,0.01,0.001,0.5,/data/hzw/Rethinking_DP_GNN_runtime/paper_experiments/figure10/x_steps=2.yaml/dataset=cora/feature=random_normal/feature_dim=1024/random_normal_mean=0/random_normal_std=1/mechanism=mbm/x_eps=inf/m=best/norm=false/smoother=hoa/backbone=sage/use_nfr=false/sanity_check=true/node_ratio=1,/data/hzw/Rethinking_DP_GNN_runtime/paper_experiments/figure10/x_steps=2.yaml/dataset=cora/feature=random_normal/feature_dim=1024/random_normal_mean=0/random_normal_std=1/mechanism=mbm/x_eps=inf/m=best/norm=false/smoother=hoa/backbone=sage/use_nfr=false/sanity_check=true/node_ratio=1/final_repeat10
2,1024,4,12349,82.422454833984,0.797847301501,0.132975495838,0.165453465616,1,0.01,0.001,0.5,/data/hzw/Rethinking_DP_GNN_runtime/paper_experiments/figure10/x_steps=2.yaml/dataset=cora/feature=random_normal/feature_dim=1024/random_normal_mean=0/random_normal_std=1/mechanism=mbm/x_eps=inf/m=best/norm=false/smoother=hoa/backbone=sage/use_nfr=false/sanity_check=true/node_ratio=1,/data/hzw/Rethinking_DP_GNN_runtime/paper_experiments/figure10/x_steps=2.yaml/dataset=cora/feature=random_normal/feature_dim=1024/random_normal_mean=0/random_normal_std=1/mechanism=mbm/x_eps=inf/m=best/norm=false/smoother=hoa/backbone=sage/use_nfr=false/sanity_check=true/node_ratio=1/final_repeat10
2,1024,5,12350,82.570159912109,0.797744354924,0.137109415814,0.165453465616,1,0.01,0.001,0.5,/data/hzw/Rethinking_DP_GNN_runtime/paper_experiments/figure10/x_steps=2.yaml/dataset=cora/feature=random_normal/feature_dim=1024/random_normal_mean=0/random_normal_std=1/mechanism=mbm/x_eps=inf/m=best/norm=false/smoother=hoa/backbone=sage/use_nfr=false/sanity_check=true/node_ratio=1,/data/hzw/Rethinking_DP_GNN_runtime/paper_experiments/figure10/x_steps=2.yaml/dataset=cora/feature=random_normal/feature_dim=1024/random_normal_mean=0/random_normal_std=1/mechanism=mbm/x_eps=inf/m=best/norm=false/smoother=hoa/backbone=sage/use_nfr=false/sanity_check=true/node_ratio=1/final_repeat10
2,1024,6,12351,84.342689514160,0.797352327038,0.133572773100,0.165453465616,1,0.01,0.001,0.5,/data/hzw/Rethinking_DP_GNN_runtime/paper_experiments/figure10/x_steps=2.yaml/dataset=cora/feature=random_normal/feature_dim=1024/random_normal_mean=0/random_normal_std=1/mechanism=mbm/x_eps=inf/m=best/norm=false/smoother=hoa/backbone=sage/use_nfr=false/sanity_check=true/node_ratio=1,/data/hzw/Rethinking_DP_GNN_runtime/paper_experiments/figure10/x_steps=2.yaml/dataset=cora/feature=random_normal/feature_dim=1024/random_normal_mean=0/random_normal_std=1/mechanism=mbm/x_eps=inf/m=best/norm=false/smoother=hoa/backbone=sage/use_nfr=false/sanity_check=true/node_ratio=1/final_repeat10
2,1024,7,12352,85.524368286133,0.798296568055,0.131889602177,0.165453465616,1,0.01,0.001,0.5,/data/hzw/Rethinking_DP_GNN_runtime/paper_experiments/figure10/x_steps=2.yaml/dataset=cora/feature=random_normal/feature_dim=1024/random_normal_mean=0/random_normal_std=1/mechanism=mbm/x_eps=inf/m=best/norm=false/smoother=hoa/backbone=sage/use_nfr=false/sanity_check=true/node_ratio=1,/data/hzw/Rethinking_DP_GNN_runtime/paper_experiments/figure10/x_steps=2.yaml/dataset=cora/feature=random_normal/feature_dim=1024/random_normal_mean=0/random_normal_std=1/mechanism=mbm/x_eps=inf/m=best/norm=false/smoother=hoa/backbone=sage/use_nfr=false/sanity_check=true/node_ratio=1/final_repeat10
2,1024,8,12353,84.490394592285,0.797533051015,0.133854989732,0.165453465616,1,0.01,0.001,0.5,/data/hzw/Rethinking_DP_GNN_runtime/paper_experiments/figure10/x_steps=2.yaml/dataset=cora/feature=random_normal/feature_dim=1024/random_normal_mean=0/random_normal_std=1/mechanism=mbm/x_eps=inf/m=best/norm=false/smoother=hoa/backbone=sage/use_nfr=false/sanity_check=true/node_ratio=1,/data/hzw/Rethinking_DP_GNN_runtime/paper_experiments/figure10/x_steps=2.yaml/dataset=cora/feature=random_normal/feature_dim=1024/random_normal_mean=0/random_normal_std=1/mechanism=mbm/x_eps=inf/m=best/norm=false/smoother=hoa/backbone=sage/use_nfr=false/sanity_check=true/node_ratio=1/final_repeat10
2,1024,9,12354,84.785820007324,0.797553613137,0.129347078459,0.165453465616,1,0.01,0.001,0.5,/data/hzw/Rethinking_DP_GNN_runtime/paper_experiments/figure10/x_steps=2.yaml/dataset=cora/feature=random_normal/feature_dim=1024/random_normal_mean=0/random_normal_std=1/mechanism=mbm/x_eps=inf/m=best/norm=false/smoother=hoa/backbone=sage/use_nfr=false/sanity_check=true/node_ratio=1,/data/hzw/Rethinking_DP_GNN_runtime/paper_experiments/figure10/x_steps=2.yaml/dataset=cora/feature=random_normal/feature_dim=1024/random_normal_mean=0/random_normal_std=1/mechanism=mbm/x_eps=inf/m=best/norm=false/smoother=hoa/backbone=sage/use_nfr=false/sanity_check=true/node_ratio=1/final_repeat10
2,2048,0,12345,83.604133605957,0.882094433140,0.147248328370,0.165453465616,1,0.01,0.001,0.25,/data/hzw/Rethinking_DP_GNN_runtime/paper_experiments/figure10/x_steps=2.yaml/dataset=cora/feature=random_normal/feature_dim=2048/random_normal_mean=0/random_normal_std=1/mechanism=mbm/x_eps=inf/m=best/norm=false/smoother=hoa/backbone=sage/use_nfr=false/sanity_check=true/node_ratio=1,/data/hzw/Rethinking_DP_GNN_runtime/paper_experiments/figure10/x_steps=2.yaml/dataset=cora/feature=random_normal/feature_dim=2048/random_normal_mean=0/random_normal_std=1/mechanism=mbm/x_eps=inf/m=best/norm=false/smoother=hoa/backbone=sage/use_nfr=false/sanity_check=true/node_ratio=1/final_repeat10
2,2048,1,12346,84.047264099121,0.882310889381,0.148111874707,0.165453465616,1,0.01,0.001,0.25,/data/hzw/Rethinking_DP_GNN_runtime/paper_experiments/figure10/x_steps=2.yaml/dataset=cora/feature=random_normal/feature_dim=2048/random_normal_mean=0/random_normal_std=1/mechanism=mbm/x_eps=inf/m=best/norm=false/smoother=hoa/backbone=sage/use_nfr=false/sanity_check=true/node_ratio=1,/data/hzw/Rethinking_DP_GNN_runtime/paper_experiments/figure10/x_steps=2.yaml/dataset=cora/feature=random_normal/feature_dim=2048/random_normal_mean=0/random_normal_std=1/mechanism=mbm/x_eps=inf/m=best/norm=false/smoother=hoa/backbone=sage/use_nfr=false/sanity_check=true/node_ratio=1/final_repeat10
2,2048,2,12347,85.967498779297,0.881771347190,0.146089849855,0.165453465616,1,0.01,0.001,0.25,/data/hzw/Rethinking_DP_GNN_runtime/paper_experiments/figure10/x_steps=2.yaml/dataset=cora/feature=random_normal/feature_dim=2048/random_normal_mean=0/random_normal_std=1/mechanism=mbm/x_eps=inf/m=best/norm=false/smoother=hoa/backbone=sage/use_nfr=false/sanity_check=true/node_ratio=1,/data/hzw/Rethinking_DP_GNN_runtime/paper_experiments/figure10/x_steps=2.yaml/dataset=cora/feature=random_normal/feature_dim=2048/random_normal_mean=0/random_normal_std=1/mechanism=mbm/x_eps=inf/m=best/norm=false/smoother=hoa/backbone=sage/use_nfr=false/sanity_check=true/node_ratio=1/final_repeat10
2,2048,3,12348,85.376663208008,0.881680521264,0.145508074381,0.165453465616,1,0.01,0.001,0.25,/data/hzw/Rethinking_DP_GNN_runtime/paper_experiments/figure10/x_steps=2.yaml/dataset=cora/feature=random_normal/feature_dim=2048/random_normal_mean=0/random_normal_std=1/mechanism=mbm/x_eps=inf/m=best/norm=false/smoother=hoa/backbone=sage/use_nfr=false/sanity_check=true/node_ratio=1,/data/hzw/Rethinking_DP_GNN_runtime/paper_experiments/figure10/x_steps=2.yaml/dataset=cora/feature=random_normal/feature_dim=2048/random_normal_mean=0/random_normal_std=1/mechanism=mbm/x_eps=inf/m=best/norm=false/smoother=hoa/backbone=sage/use_nfr=false/sanity_check=true/node_ratio=1/final_repeat10
2,2048,4,12349,83.899559020996,0.881995789242,0.143299296943,0.165453465616,1,0.01,0.001,0.25,/data/hzw/Rethinking_DP_GNN_runtime/paper_experiments/figure10/x_steps=2.yaml/dataset=cora/feature=random_normal/feature_dim=2048/random_normal_mean=0/random_normal_std=1/mechanism=mbm/x_eps=inf/m=best/norm=false/smoother=hoa/backbone=sage/use_nfr=false/sanity_check=true/node_ratio=1,/data/hzw/Rethinking_DP_GNN_runtime/paper_experiments/figure10/x_steps=2.yaml/dataset=cora/feature=random_normal/feature_dim=2048/random_normal_mean=0/random_normal_std=1/mechanism=mbm/x_eps=inf/m=best/norm=false/smoother=hoa/backbone=sage/use_nfr=false/sanity_check=true/node_ratio=1/final_repeat10
2,2048,5,12350,82.570159912109,0.881910684268,0.146433314812,0.165453465616,1,0.01,0.001,0.25,/data/hzw/Rethinking_DP_GNN_runtime/paper_experiments/figure10/x_steps=2.yaml/dataset=cora/feature=random_normal/feature_dim=2048/random_normal_mean=0/random_normal_std=1/mechanism=mbm/x_eps=inf/m=best/norm=false/smoother=hoa/backbone=sage/use_nfr=false/sanity_check=true/node_ratio=1,/data/hzw/Rethinking_DP_GNN_runtime/paper_experiments/figure10/x_steps=2.yaml/dataset=cora/feature=random_normal/feature_dim=2048/random_normal_mean=0/random_normal_std=1/mechanism=mbm/x_eps=inf/m=best/norm=false/smoother=hoa/backbone=sage/use_nfr=false/sanity_check=true/node_ratio=1/final_repeat10
2,2048,6,12351,85.081237792969,0.881520264001,0.148967045606,0.165453465616,1,0.01,0.001,0.25,/data/hzw/Rethinking_DP_GNN_runtime/paper_experiments/figure10/x_steps=2.yaml/dataset=cora/feature=random_normal/feature_dim=2048/random_normal_mean=0/random_normal_std=1/mechanism=mbm/x_eps=inf/m=best/norm=false/smoother=hoa/backbone=sage/use_nfr=false/sanity_check=true/node_ratio=1,/data/hzw/Rethinking_DP_GNN_runtime/paper_experiments/figure10/x_steps=2.yaml/dataset=cora/feature=random_normal/feature_dim=2048/random_normal_mean=0/random_normal_std=1/mechanism=mbm/x_eps=inf/m=best/norm=false/smoother=hoa/backbone=sage/use_nfr=false/sanity_check=true/node_ratio=1/final_repeat10
2,2048,7,12352,86.558341979980,0.881786828301,0.144178372645,0.165453465616,1,0.01,0.001,0.25,/data/hzw/Rethinking_DP_GNN_runtime/paper_experiments/figure10/x_steps=2.yaml/dataset=cora/feature=random_normal/feature_dim=2048/random_normal_mean=0/random_normal_std=1/mechanism=mbm/x_eps=inf/m=best/norm=false/smoother=hoa/backbone=sage/use_nfr=false/sanity_check=true/node_ratio=1,/data/hzw/Rethinking_DP_GNN_runtime/paper_experiments/figure10/x_steps=2.yaml/dataset=cora/feature=random_normal/feature_dim=2048/random_normal_mean=0/random_normal_std=1/mechanism=mbm/x_eps=inf/m=best/norm=false/smoother=hoa/backbone=sage/use_nfr=false/sanity_check=true/node_ratio=1/final_repeat10
2,2048,8,12353,85.081237792969,0.882147343371,0.145696518410,0.165453465616,1,0.01,0.001,0.25,/data/hzw/Rethinking_DP_GNN_runtime/paper_experiments/figure10/x_steps=2.yaml/dataset=cora/feature=random_normal/feature_dim=2048/random_normal_mean=0/random_normal_std=1/mechanism=mbm/x_eps=inf/m=best/norm=false/smoother=hoa/backbone=sage/use_nfr=false/sanity_check=true/node_ratio=1,/data/hzw/Rethinking_DP_GNN_runtime/paper_experiments/figure10/x_steps=2.yaml/dataset=cora/feature=random_normal/feature_dim=2048/random_normal_mean=0/random_normal_std=1/mechanism=mbm/x_eps=inf/m=best/norm=false/smoother=hoa/backbone=sage/use_nfr=false/sanity_check=true/node_ratio=1/final_repeat10
2,2048,9,12354,87.001472473145,0.881814279520,0.143639126129,0.165453465616,1,0.01,0.001,0.25,/data/hzw/Rethinking_DP_GNN_runtime/paper_experiments/figure10/x_steps=2.yaml/dataset=cora/feature=random_normal/feature_dim=2048/random_normal_mean=0/random_normal_std=1/mechanism=mbm/x_eps=inf/m=best/norm=false/smoother=hoa/backbone=sage/use_nfr=false/sanity_check=true/node_ratio=1,/data/hzw/Rethinking_DP_GNN_runtime/paper_experiments/figure10/x_steps=2.yaml/dataset=cora/feature=random_normal/feature_dim=2048/random_normal_mean=0/random_normal_std=1/mechanism=mbm/x_eps=inf/m=best/norm=false/smoother=hoa/backbone=sage/use_nfr=false/sanity_check=true/node_ratio=1/final_repeat10
2,4096,0,12345,83.604133605957,0.935585671746,0.153468647069,0.165453465616,0.25,0.01,0.001,0.25,/data/hzw/Rethinking_DP_GNN_runtime/paper_experiments/figure10/x_steps=2.yaml/dataset=cora/feature=random_normal/feature_dim=4096/scale=0.25/random_normal_mean=0/random_normal_std=1/mechanism=mbm/x_eps=inf/m=best/norm=false/smoother=hoa/backbone=sage/use_nfr=false/sanity_check=true/node_ratio=1,/data/hzw/Rethinking_DP_GNN_runtime/paper_experiments/figure10/x_steps=2.yaml/dataset=cora/feature=random_normal/feature_dim=4096/scale=0.25/random_normal_mean=0/random_normal_std=1/mechanism=mbm/x_eps=inf/m=best/norm=false/smoother=hoa/backbone=sage/use_nfr=false/sanity_check=true/node_ratio=1/final_repeat10
2,4096,1,12346,85.228950500488,0.935641233781,0.156530583839,0.165453465616,0.25,0.01,0.001,0.25,/data/hzw/Rethinking_DP_GNN_runtime/paper_experiments/figure10/x_steps=2.yaml/dataset=cora/feature=random_normal/feature_dim=4096/scale=0.25/random_normal_mean=0/random_normal_std=1/mechanism=mbm/x_eps=inf/m=best/norm=false/smoother=hoa/backbone=sage/use_nfr=false/sanity_check=true/node_ratio=1,/data/hzw/Rethinking_DP_GNN_runtime/paper_experiments/figure10/x_steps=2.yaml/dataset=cora/feature=random_normal/feature_dim=4096/scale=0.25/random_normal_mean=0/random_normal_std=1/mechanism=mbm/x_eps=inf/m=best/norm=false/smoother=hoa/backbone=sage/use_nfr=false/sanity_check=true/node_ratio=1/final_repeat10
2,4096,2,12347,86.558341979980,0.935347628357,0.153031599871,0.165453465616,0.25,0.01,0.001,0.25,/data/hzw/Rethinking_DP_GNN_runtime/paper_experiments/figure10/x_steps=2.yaml/dataset=cora/feature=random_normal/feature_dim=4096/scale=0.25/random_normal_mean=0/random_normal_std=1/mechanism=mbm/x_eps=inf/m=best/norm=false/smoother=hoa/backbone=sage/use_nfr=false/sanity_check=true/node_ratio=1,/data/hzw/Rethinking_DP_GNN_runtime/paper_experiments/figure10/x_steps=2.yaml/dataset=cora/feature=random_normal/feature_dim=4096/scale=0.25/random_normal_mean=0/random_normal_std=1/mechanism=mbm/x_eps=inf/m=best/norm=false/smoother=hoa/backbone=sage/use_nfr=false/sanity_check=true/node_ratio=1/final_repeat10
2,4096,3,12348,85.524368286133,0.935405380460,0.153952046690,0.165453465616,0.25,0.01,0.001,0.25,/data/hzw/Rethinking_DP_GNN_runtime/paper_experiments/figure10/x_steps=2.yaml/dataset=cora/feature=random_normal/feature_dim=4096/scale=0.25/random_normal_mean=0/random_normal_std=1/mechanism=mbm/x_eps=inf/m=best/norm=false/smoother=hoa/backbone=sage/use_nfr=false/sanity_check=true/node_ratio=1,/data/hzw/Rethinking_DP_GNN_runtime/paper_experiments/figure10/x_steps=2.yaml/dataset=cora/feature=random_normal/feature_dim=4096/scale=0.25/random_normal_mean=0/random_normal_std=1/mechanism=mbm/x_eps=inf/m=best/norm=false/smoother=hoa/backbone=sage/use_nfr=false/sanity_check=true/node_ratio=1/final_repeat10
2,4096,4,12349,84.785820007324,0.935438276711,0.155464485247,0.165453465616,0.25,0.01,0.001,0.25,/data/hzw/Rethinking_DP_GNN_runtime/paper_experiments/figure10/x_steps=2.yaml/dataset=cora/feature=random_normal/feature_dim=4096/scale=0.25/random_normal_mean=0/random_normal_std=1/mechanism=mbm/x_eps=inf/m=best/norm=false/smoother=hoa/backbone=sage/use_nfr=false/sanity_check=true/node_ratio=1,/data/hzw/Rethinking_DP_GNN_runtime/paper_experiments/figure10/x_steps=2.yaml/dataset=cora/feature=random_normal/feature_dim=4096/scale=0.25/random_normal_mean=0/random_normal_std=1/mechanism=mbm/x_eps=inf/m=best/norm=false/smoother=hoa/backbone=sage/use_nfr=false/sanity_check=true/node_ratio=1/final_repeat10
2,4096,5,12350,83.308715820312,0.935872914817,0.154254229838,0.165453465616,0.25,0.01,0.001,0.25,/data/hzw/Rethinking_DP_GNN_runtime/paper_experiments/figure10/x_steps=2.yaml/dataset=cora/feature=random_normal/feature_dim=4096/scale=0.25/random_normal_mean=0/random_normal_std=1/mechanism=mbm/x_eps=inf/m=best/norm=false/smoother=hoa/backbone=sage/use_nfr=false/sanity_check=true/node_ratio=1,/data/hzw/Rethinking_DP_GNN_runtime/paper_experiments/figure10/x_steps=2.yaml/dataset=cora/feature=random_normal/feature_dim=4096/scale=0.25/random_normal_mean=0/random_normal_std=1/mechanism=mbm/x_eps=inf/m=best/norm=false/smoother=hoa/backbone=sage/use_nfr=false/sanity_check=true/node_ratio=1/final_repeat10
2,4096,6,12351,85.228950500488,0.935587971583,0.157466073527,0.165453465616,0.25,0.01,0.001,0.25,/data/hzw/Rethinking_DP_GNN_runtime/paper_experiments/figure10/x_steps=2.yaml/dataset=cora/feature=random_normal/feature_dim=4096/scale=0.25/random_normal_mean=0/random_normal_std=1/mechanism=mbm/x_eps=inf/m=best/norm=false/smoother=hoa/backbone=sage/use_nfr=false/sanity_check=true/node_ratio=1,/data/hzw/Rethinking_DP_GNN_runtime/paper_experiments/figure10/x_steps=2.yaml/dataset=cora/feature=random_normal/feature_dim=4096/scale=0.25/random_normal_mean=0/random_normal_std=1/mechanism=mbm/x_eps=inf/m=best/norm=false/smoother=hoa/backbone=sage/use_nfr=false/sanity_check=true/node_ratio=1/final_repeat10
2,4096,7,12352,85.524368286133,0.935227197256,0.153901360048,0.165453465616,0.25,0.01,0.001,0.25,/data/hzw/Rethinking_DP_GNN_runtime/paper_experiments/figure10/x_steps=2.yaml/dataset=cora/feature=random_normal/feature_dim=4096/scale=0.25/random_normal_mean=0/random_normal_std=1/mechanism=mbm/x_eps=inf/m=best/norm=false/smoother=hoa/backbone=sage/use_nfr=false/sanity_check=true/node_ratio=1,/data/hzw/Rethinking_DP_GNN_runtime/paper_experiments/figure10/x_steps=2.yaml/dataset=cora/feature=random_normal/feature_dim=4096/scale=0.25/random_normal_mean=0/random_normal_std=1/mechanism=mbm/x_eps=inf/m=best/norm=false/smoother=hoa/backbone=sage/use_nfr=false/sanity_check=true/node_ratio=1/final_repeat10
2,4096,8,12353,85.376663208008,0.935533291812,0.156025151515,0.165453465616,0.25,0.01,0.001,0.25,/data/hzw/Rethinking_DP_GNN_runtime/paper_experiments/figure10/x_steps=2.yaml/dataset=cora/feature=random_normal/feature_dim=4096/scale=0.25/random_normal_mean=0/random_normal_std=1/mechanism=mbm/x_eps=inf/m=best/norm=false/smoother=hoa/backbone=sage/use_nfr=false/sanity_check=true/node_ratio=1,/data/hzw/Rethinking_DP_GNN_runtime/paper_experiments/figure10/x_steps=2.yaml/dataset=cora/feature=random_normal/feature_dim=4096/scale=0.25/random_normal_mean=0/random_normal_std=1/mechanism=mbm/x_eps=inf/m=best/norm=false/smoother=hoa/backbone=sage/use_nfr=false/sanity_check=true/node_ratio=1/final_repeat10
2,4096,9,12354,86.558341979980,0.935769099721,0.155813266562,0.165453465616,0.25,0.01,0.001,0.25,/data/hzw/Rethinking_DP_GNN_runtime/paper_experiments/figure10/x_steps=2.yaml/dataset=cora/feature=random_normal/feature_dim=4096/scale=0.25/random_normal_mean=0/random_normal_std=1/mechanism=mbm/x_eps=inf/m=best/norm=false/smoother=hoa/backbone=sage/use_nfr=false/sanity_check=true/node_ratio=1,/data/hzw/Rethinking_DP_GNN_runtime/paper_experiments/figure10/x_steps=2.yaml/dataset=cora/feature=random_normal/feature_dim=4096/scale=0.25/random_normal_mean=0/random_normal_std=1/mechanism=mbm/x_eps=inf/m=best/norm=false/smoother=hoa/backbone=sage/use_nfr=false/sanity_check=true/node_ratio=1/final_repeat10
2,8192,0,12345,84.785820007324,0.966177318335,0.159965431848,0.165453465616,0.25,0.01,0.0001,0.75,/data/hzw/Rethinking_DP_GNN_runtime/paper_experiments/figure10/x_steps=2.yaml/dataset=cora/feature=random_normal/feature_dim=8192/scale=0.25/random_normal_mean=0/random_normal_std=1/mechanism=mbm/x_eps=inf/m=best/norm=false/smoother=hoa/backbone=sage/use_nfr=false/sanity_check=true/node_ratio=1,/data/hzw/Rethinking_DP_GNN_runtime/paper_experiments/figure10/x_steps=2.yaml/dataset=cora/feature=random_normal/feature_dim=8192/scale=0.25/random_normal_mean=0/random_normal_std=1/mechanism=mbm/x_eps=inf/m=best/norm=false/smoother=hoa/backbone=sage/use_nfr=false/sanity_check=true/node_ratio=1/final_repeat10
2,8192,1,12346,84.785820007324,0.966341847168,0.160316509026,0.165453465616,0.25,0.01,0.0001,0.75,/data/hzw/Rethinking_DP_GNN_runtime/paper_experiments/figure10/x_steps=2.yaml/dataset=cora/feature=random_normal/feature_dim=8192/scale=0.25/random_normal_mean=0/random_normal_std=1/mechanism=mbm/x_eps=inf/m=best/norm=false/smoother=hoa/backbone=sage/use_nfr=false/sanity_check=true/node_ratio=1,/data/hzw/Rethinking_DP_GNN_runtime/paper_experiments/figure10/x_steps=2.yaml/dataset=cora/feature=random_normal/feature_dim=8192/scale=0.25/random_normal_mean=0/random_normal_std=1/mechanism=mbm/x_eps=inf/m=best/norm=false/smoother=hoa/backbone=sage/use_nfr=false/sanity_check=true/node_ratio=1/final_repeat10
2,8192,2,12347,87.001472473145,0.966105394990,0.160917477936,0.165453465616,0.25,0.01,0.0001,0.75,/data/hzw/Rethinking_DP_GNN_runtime/paper_experiments/figure10/x_steps=2.yaml/dataset=cora/feature=random_normal/feature_dim=8192/scale=0.25/random_normal_mean=0/random_normal_std=1/mechanism=mbm/x_eps=inf/m=best/norm=false/smoother=hoa/backbone=sage/use_nfr=false/sanity_check=true/node_ratio=1,/data/hzw/Rethinking_DP_GNN_runtime/paper_experiments/figure10/x_steps=2.yaml/dataset=cora/feature=random_normal/feature_dim=8192/scale=0.25/random_normal_mean=0/random_normal_std=1/mechanism=mbm/x_eps=inf/m=best/norm=false/smoother=hoa/backbone=sage/use_nfr=false/sanity_check=true/node_ratio=1/final_repeat10
2,8192,3,12348,85.376663208008,0.966003483252,0.159165712129,0.165453465616,0.25,0.01,0.0001,0.75,/data/hzw/Rethinking_DP_GNN_runtime/paper_experiments/figure10/x_steps=2.yaml/dataset=cora/feature=random_normal/feature_dim=8192/scale=0.25/random_normal_mean=0/random_normal_std=1/mechanism=mbm/x_eps=inf/m=best/norm=false/smoother=hoa/backbone=sage/use_nfr=false/sanity_check=true/node_ratio=1,/data/hzw/Rethinking_DP_GNN_runtime/paper_experiments/figure10/x_steps=2.yaml/dataset=cora/feature=random_normal/feature_dim=8192/scale=0.25/random_normal_mean=0/random_normal_std=1/mechanism=mbm/x_eps=inf/m=best/norm=false/smoother=hoa/backbone=sage/use_nfr=false/sanity_check=true/node_ratio=1/final_repeat10
2,8192,4,12349,85.672080993652,0.966219355973,0.160306447672,0.165453465616,0.25,0.01,0.0001,0.75,/data/hzw/Rethinking_DP_GNN_runtime/paper_experiments/figure10/x_steps=2.yaml/dataset=cora/feature=random_normal/feature_dim=8192/scale=0.25/random_normal_mean=0/random_normal_std=1/mechanism=mbm/x_eps=inf/m=best/norm=false/smoother=hoa/backbone=sage/use_nfr=false/sanity_check=true/node_ratio=1,/data/hzw/Rethinking_DP_GNN_runtime/paper_experiments/figure10/x_steps=2.yaml/dataset=cora/feature=random_normal/feature_dim=8192/scale=0.25/random_normal_mean=0/random_normal_std=1/mechanism=mbm/x_eps=inf/m=best/norm=false/smoother=hoa/backbone=sage/use_nfr=false/sanity_check=true/node_ratio=1/final_repeat10
2,8192,5,12350,82.717872619629,0.966014084679,0.159837183135,0.165453465616,0.25,0.01,0.0001,0.75,/data/hzw/Rethinking_DP_GNN_runtime/paper_experiments/figure10/x_steps=2.yaml/dataset=cora/feature=random_normal/feature_dim=8192/scale=0.25/random_normal_mean=0/random_normal_std=1/mechanism=mbm/x_eps=inf/m=best/norm=false/smoother=hoa/backbone=sage/use_nfr=false/sanity_check=true/node_ratio=1,/data/hzw/Rethinking_DP_GNN_runtime/paper_experiments/figure10/x_steps=2.yaml/dataset=cora/feature=random_normal/feature_dim=8192/scale=0.25/random_normal_mean=0/random_normal_std=1/mechanism=mbm/x_eps=inf/m=best/norm=false/smoother=hoa/backbone=sage/use_nfr=false/sanity_check=true/node_ratio=1/final_repeat10
2,8192,6,12351,84.490394592285,0.966226536275,0.159127058431,0.165453465616,0.25,0.01,0.0001,0.75,/data/hzw/Rethinking_DP_GNN_runtime/paper_experiments/figure10/x_steps=2.yaml/dataset=cora/feature=random_normal/feature_dim=8192/scale=0.25/random_normal_mean=0/random_normal_std=1/mechanism=mbm/x_eps=inf/m=best/norm=false/smoother=hoa/backbone=sage/use_nfr=false/sanity_check=true/node_ratio=1,/data/hzw/Rethinking_DP_GNN_runtime/paper_experiments/figure10/x_steps=2.yaml/dataset=cora/feature=random_normal/feature_dim=8192/scale=0.25/random_normal_mean=0/random_normal_std=1/mechanism=mbm/x_eps=inf/m=best/norm=false/smoother=hoa/backbone=sage/use_nfr=false/sanity_check=true/node_ratio=1/final_repeat10
2,8192,7,12352,87.001472473145,0.966109626755,0.159602418712,0.165453465616,0.25,0.01,0.0001,0.75,/data/hzw/Rethinking_DP_GNN_runtime/paper_experiments/figure10/x_steps=2.yaml/dataset=cora/feature=random_normal/feature_dim=8192/scale=0.25/random_normal_mean=0/random_normal_std=1/mechanism=mbm/x_eps=inf/m=best/norm=false/smoother=hoa/backbone=sage/use_nfr=false/sanity_check=true/node_ratio=1,/data/hzw/Rethinking_DP_GNN_runtime/paper_experiments/figure10/x_steps=2.yaml/dataset=cora/feature=random_normal/feature_dim=8192/scale=0.25/random_normal_mean=0/random_normal_std=1/mechanism=mbm/x_eps=inf/m=best/norm=false/smoother=hoa/backbone=sage/use_nfr=false/sanity_check=true/node_ratio=1/final_repeat10
2,8192,8,12353,85.967498779297,0.966145826562,0.161466602767,0.165453465616,0.25,0.01,0.0001,0.75,/data/hzw/Rethinking_DP_GNN_runtime/paper_experiments/figure10/x_steps=2.yaml/dataset=cora/feature=random_normal/feature_dim=8192/scale=0.25/random_normal_mean=0/random_normal_std=1/mechanism=mbm/x_eps=inf/m=best/norm=false/smoother=hoa/backbone=sage/use_nfr=false/sanity_check=true/node_ratio=1,/data/hzw/Rethinking_DP_GNN_runtime/paper_experiments/figure10/x_steps=2.yaml/dataset=cora/feature=random_normal/feature_dim=8192/scale=0.25/random_normal_mean=0/random_normal_std=1/mechanism=mbm/x_eps=inf/m=best/norm=false/smoother=hoa/backbone=sage/use_nfr=false/sanity_check=true/node_ratio=1/final_repeat10
2,8192,9,12354,86.115211486816,0.966028772706,0.159792347141,0.165453465616,0.25,0.01,0.0001,0.75,/data/hzw/Rethinking_DP_GNN_runtime/paper_experiments/figure10/x_steps=2.yaml/dataset=cora/feature=random_normal/feature_dim=8192/scale=0.25/random_normal_mean=0/random_normal_std=1/mechanism=mbm/x_eps=inf/m=best/norm=false/smoother=hoa/backbone=sage/use_nfr=false/sanity_check=true/node_ratio=1,/data/hzw/Rethinking_DP_GNN_runtime/paper_experiments/figure10/x_steps=2.yaml/dataset=cora/feature=random_normal/feature_dim=8192/scale=0.25/random_normal_mean=0/random_normal_std=1/mechanism=mbm/x_eps=inf/m=best/norm=false/smoother=hoa/backbone=sage/use_nfr=false/sanity_check=true/node_ratio=1/final_repeat10
2,16384,0,12345,84.933532714844,0.982692075849,0.162994660374,0.165453465616,4,0.01,0.01,0.75,/data/hzw/Rethinking_DP_GNN_runtime/paper_experiments/figure10/x_steps=2.yaml/dataset=cora/feature=random_normal/feature_dim=16384/scale=4/random_normal_mean=0/random_normal_std=1/mechanism=mbm/x_eps=inf/m=best/norm=false/smoother=hoa/backbone=sage/use_nfr=false/sanity_check=true/node_ratio=1,/data/hzw/Rethinking_DP_GNN_runtime/paper_experiments/figure10/x_steps=2.yaml/dataset=cora/feature=random_normal/feature_dim=16384/scale=4/random_normal_mean=0/random_normal_std=1/mechanism=mbm/x_eps=inf/m=best/norm=false/smoother=hoa/backbone=sage/use_nfr=false/sanity_check=true/node_ratio=1/final_repeat10
2,16384,1,12346,85.967498779297,0.982638651145,0.161806931382,0.165453465616,4,0.01,0.01,0.75,/data/hzw/Rethinking_DP_GNN_runtime/paper_experiments/figure10/x_steps=2.yaml/dataset=cora/feature=random_normal/feature_dim=16384/scale=4/random_normal_mean=0/random_normal_std=1/mechanism=mbm/x_eps=inf/m=best/norm=false/smoother=hoa/backbone=sage/use_nfr=false/sanity_check=true/node_ratio=1,/data/hzw/Rethinking_DP_GNN_runtime/paper_experiments/figure10/x_steps=2.yaml/dataset=cora/feature=random_normal/feature_dim=16384/scale=4/random_normal_mean=0/random_normal_std=1/mechanism=mbm/x_eps=inf/m=best/norm=false/smoother=hoa/backbone=sage/use_nfr=false/sanity_check=true/node_ratio=1/final_repeat10
2,16384,2,12347,88.035446166992,0.982674258338,0.163014461872,0.165453465616,4,0.01,0.01,0.75,/data/hzw/Rethinking_DP_GNN_runtime/paper_experiments/figure10/x_steps=2.yaml/dataset=cora/feature=random_normal/feature_dim=16384/scale=4/random_normal_mean=0/random_normal_std=1/mechanism=mbm/x_eps=inf/m=best/norm=false/smoother=hoa/backbone=sage/use_nfr=false/sanity_check=true/node_ratio=1,/data/hzw/Rethinking_DP_GNN_runtime/paper_experiments/figure10/x_steps=2.yaml/dataset=cora/feature=random_normal/feature_dim=16384/scale=4/random_normal_mean=0/random_normal_std=1/mechanism=mbm/x_eps=inf/m=best/norm=false/smoother=hoa/backbone=sage/use_nfr=false/sanity_check=true/node_ratio=1/final_repeat10
2,16384,3,12348,85.524368286133,0.982589091323,0.160828491292,0.165453465616,4,0.01,0.01,0.75,/data/hzw/Rethinking_DP_GNN_runtime/paper_experiments/figure10/x_steps=2.yaml/dataset=cora/feature=random_normal/feature_dim=16384/scale=4/random_normal_mean=0/random_normal_std=1/mechanism=mbm/x_eps=inf/m=best/norm=false/smoother=hoa/backbone=sage/use_nfr=false/sanity_check=true/node_ratio=1,/data/hzw/Rethinking_DP_GNN_runtime/paper_experiments/figure10/x_steps=2.yaml/dataset=cora/feature=random_normal/feature_dim=16384/scale=4/random_normal_mean=0/random_normal_std=1/mechanism=mbm/x_eps=inf/m=best/norm=false/smoother=hoa/backbone=sage/use_nfr=false/sanity_check=true/node_ratio=1/final_repeat10
2,16384,4,12349,84.638107299805,0.982627617925,0.162405413322,0.165453465616,4,0.01,0.01,0.75,/data/hzw/Rethinking_DP_GNN_runtime/paper_experiments/figure10/x_steps=2.yaml/dataset=cora/feature=random_normal/feature_dim=16384/scale=4/random_normal_mean=0/random_normal_std=1/mechanism=mbm/x_eps=inf/m=best/norm=false/smoother=hoa/backbone=sage/use_nfr=false/sanity_check=true/node_ratio=1,/data/hzw/Rethinking_DP_GNN_runtime/paper_experiments/figure10/x_steps=2.yaml/dataset=cora/feature=random_normal/feature_dim=16384/scale=4/random_normal_mean=0/random_normal_std=1/mechanism=mbm/x_eps=inf/m=best/norm=false/smoother=hoa/backbone=sage/use_nfr=false/sanity_check=true/node_ratio=1/final_repeat10
2,16384,5,12350,83.899559020996,0.982718906823,0.162855314118,0.165453465616,4,0.01,0.01,0.75,/data/hzw/Rethinking_DP_GNN_runtime/paper_experiments/figure10/x_steps=2.yaml/dataset=cora/feature=random_normal/feature_dim=16384/scale=4/random_normal_mean=0/random_normal_std=1/mechanism=mbm/x_eps=inf/m=best/norm=false/smoother=hoa/backbone=sage/use_nfr=false/sanity_check=true/node_ratio=1,/data/hzw/Rethinking_DP_GNN_runtime/paper_experiments/figure10/x_steps=2.yaml/dataset=cora/feature=random_normal/feature_dim=16384/scale=4/random_normal_mean=0/random_normal_std=1/mechanism=mbm/x_eps=inf/m=best/norm=false/smoother=hoa/backbone=sage/use_nfr=false/sanity_check=true/node_ratio=1/final_repeat10
2,16384,6,12351,85.524368286133,0.982678668057,0.162523638977,0.165453465616,4,0.01,0.01,0.75,/data/hzw/Rethinking_DP_GNN_runtime/paper_experiments/figure10/x_steps=2.yaml/dataset=cora/feature=random_normal/feature_dim=16384/scale=4/random_normal_mean=0/random_normal_std=1/mechanism=mbm/x_eps=inf/m=best/norm=false/smoother=hoa/backbone=sage/use_nfr=false/sanity_check=true/node_ratio=1,/data/hzw/Rethinking_DP_GNN_runtime/paper_experiments/figure10/x_steps=2.yaml/dataset=cora/feature=random_normal/feature_dim=16384/scale=4/random_normal_mean=0/random_normal_std=1/mechanism=mbm/x_eps=inf/m=best/norm=false/smoother=hoa/backbone=sage/use_nfr=false/sanity_check=true/node_ratio=1/final_repeat10
2,16384,7,12352,87.592315673828,0.982631147311,0.163035939346,0.165453465616,4,0.01,0.01,0.75,/data/hzw/Rethinking_DP_GNN_runtime/paper_experiments/figure10/x_steps=2.yaml/dataset=cora/feature=random_normal/feature_dim=16384/scale=4/random_normal_mean=0/random_normal_std=1/mechanism=mbm/x_eps=inf/m=best/norm=false/smoother=hoa/backbone=sage/use_nfr=false/sanity_check=true/node_ratio=1,/data/hzw/Rethinking_DP_GNN_runtime/paper_experiments/figure10/x_steps=2.yaml/dataset=cora/feature=random_normal/feature_dim=16384/scale=4/random_normal_mean=0/random_normal_std=1/mechanism=mbm/x_eps=inf/m=best/norm=false/smoother=hoa/backbone=sage/use_nfr=false/sanity_check=true/node_ratio=1/final_repeat10
2,16384,8,12353,85.228950500488,0.982648911529,0.163007007001,0.165453465616,4,0.01,0.01,0.75,/data/hzw/Rethinking_DP_GNN_runtime/paper_experiments/figure10/x_steps=2.yaml/dataset=cora/feature=random_normal/feature_dim=16384/scale=4/random_normal_mean=0/random_normal_std=1/mechanism=mbm/x_eps=inf/m=best/norm=false/smoother=hoa/backbone=sage/use_nfr=false/sanity_check=true/node_ratio=1,/data/hzw/Rethinking_DP_GNN_runtime/paper_experiments/figure10/x_steps=2.yaml/dataset=cora/feature=random_normal/feature_dim=16384/scale=4/random_normal_mean=0/random_normal_std=1/mechanism=mbm/x_eps=inf/m=best/norm=false/smoother=hoa/backbone=sage/use_nfr=false/sanity_check=true/node_ratio=1/final_repeat10
2,16384,9,12354,86.853767395020,0.982562291181,0.162023321335,0.165453465616,4,0.01,0.01,0.75,/data/hzw/Rethinking_DP_GNN_runtime/paper_experiments/figure10/x_steps=2.yaml/dataset=cora/feature=random_normal/feature_dim=16384/scale=4/random_normal_mean=0/random_normal_std=1/mechanism=mbm/x_eps=inf/m=best/norm=false/smoother=hoa/backbone=sage/use_nfr=false/sanity_check=true/node_ratio=1,/data/hzw/Rethinking_DP_GNN_runtime/paper_experiments/figure10/x_steps=2.yaml/dataset=cora/feature=random_normal/feature_dim=16384/scale=4/random_normal_mean=0/random_normal_std=1/mechanism=mbm/x_eps=inf/m=best/norm=false/smoother=hoa/backbone=sage/use_nfr=false/sanity_check=true/node_ratio=1/final_repeat10
2,32768,0,12345,84.194976806641,0.991239528400,0.164239616378,0.165453465616,0.25,0.01,0.001,0.5,/data/hzw/Rethinking_DP_GNN_runtime/paper_experiments/figure10/x_steps=2.yaml/dataset=cora/feature=random_normal/feature_dim=32768/scale=0.25/random_normal_mean=0/random_normal_std=1/mechanism=mbm/x_eps=inf/m=best/norm=false/smoother=hoa/backbone=sage/use_nfr=false/sanity_check=true/node_ratio=1,/data/hzw/Rethinking_DP_GNN_runtime/paper_experiments/figure10/x_steps=2.yaml/dataset=cora/feature=random_normal/feature_dim=32768/scale=0.25/random_normal_mean=0/random_normal_std=1/mechanism=mbm/x_eps=inf/m=best/norm=false/smoother=hoa/backbone=sage/use_nfr=false/sanity_check=true/node_ratio=1/final_repeat10
2,32768,1,12346,85.376663208008,0.991189543229,0.164011744241,0.165453465616,0.25,0.01,0.001,0.5,/data/hzw/Rethinking_DP_GNN_runtime/paper_experiments/figure10/x_steps=2.yaml/dataset=cora/feature=random_normal/feature_dim=32768/scale=0.25/random_normal_mean=0/random_normal_std=1/mechanism=mbm/x_eps=inf/m=best/norm=false/smoother=hoa/backbone=sage/use_nfr=false/sanity_check=true/node_ratio=1,/data/hzw/Rethinking_DP_GNN_runtime/paper_experiments/figure10/x_steps=2.yaml/dataset=cora/feature=random_normal/feature_dim=32768/scale=0.25/random_normal_mean=0/random_normal_std=1/mechanism=mbm/x_eps=inf/m=best/norm=false/smoother=hoa/backbone=sage/use_nfr=false/sanity_check=true/node_ratio=1/final_repeat10
2,32768,2,12347,86.410636901855,0.991250664353,0.164227966390,0.165453465616,0.25,0.01,0.001,0.5,/data/hzw/Rethinking_DP_GNN_runtime/paper_experiments/figure10/x_steps=2.yaml/dataset=cora/feature=random_normal/feature_dim=32768/scale=0.25/random_normal_mean=0/random_normal_std=1/mechanism=mbm/x_eps=inf/m=best/norm=false/smoother=hoa/backbone=sage/use_nfr=false/sanity_check=true/node_ratio=1,/data/hzw/Rethinking_DP_GNN_runtime/paper_experiments/figure10/x_steps=2.yaml/dataset=cora/feature=random_normal/feature_dim=32768/scale=0.25/random_normal_mean=0/random_normal_std=1/mechanism=mbm/x_eps=inf/m=best/norm=false/smoother=hoa/backbone=sage/use_nfr=false/sanity_check=true/node_ratio=1/final_repeat10
2,32768,3,12348,85.819793701172,0.991212176642,0.164107539709,0.165453465616,0.25,0.01,0.001,0.5,/data/hzw/Rethinking_DP_GNN_runtime/paper_experiments/figure10/x_steps=2.yaml/dataset=cora/feature=random_normal/feature_dim=32768/scale=0.25/random_normal_mean=0/random_normal_std=1/mechanism=mbm/x_eps=inf/m=best/norm=false/smoother=hoa/backbone=sage/use_nfr=false/sanity_check=true/node_ratio=1,/data/hzw/Rethinking_DP_GNN_runtime/paper_experiments/figure10/x_steps=2.yaml/dataset=cora/feature=random_normal/feature_dim=32768/scale=0.25/random_normal_mean=0/random_normal_std=1/mechanism=mbm/x_eps=inf/m=best/norm=false/smoother=hoa/backbone=sage/use_nfr=false/sanity_check=true/node_ratio=1/final_repeat10
2,32768,4,12349,85.081237792969,0.991302908683,0.163649710970,0.165453465616,0.25,0.01,0.001,0.5,/data/hzw/Rethinking_DP_GNN_runtime/paper_experiments/figure10/x_steps=2.yaml/dataset=cora/feature=random_normal/feature_dim=32768/scale=0.25/random_normal_mean=0/random_normal_std=1/mechanism=mbm/x_eps=inf/m=best/norm=false/smoother=hoa/backbone=sage/use_nfr=false/sanity_check=true/node_ratio=1,/data/hzw/Rethinking_DP_GNN_runtime/paper_experiments/figure10/x_steps=2.yaml/dataset=cora/feature=random_normal/feature_dim=32768/scale=0.25/random_normal_mean=0/random_normal_std=1/mechanism=mbm/x_eps=inf/m=best/norm=false/smoother=hoa/backbone=sage/use_nfr=false/sanity_check=true/node_ratio=1/final_repeat10
2,32768,5,12350,85.524368286133,0.991194455555,0.164112555085,0.165453465616,0.25,0.01,0.001,0.5,/data/hzw/Rethinking_DP_GNN_runtime/paper_experiments/figure10/x_steps=2.yaml/dataset=cora/feature=random_normal/feature_dim=32768/scale=0.25/random_normal_mean=0/random_normal_std=1/mechanism=mbm/x_eps=inf/m=best/norm=false/smoother=hoa/backbone=sage/use_nfr=false/sanity_check=true/node_ratio=1,/data/hzw/Rethinking_DP_GNN_runtime/paper_experiments/figure10/x_steps=2.yaml/dataset=cora/feature=random_normal/feature_dim=32768/scale=0.25/random_normal_mean=0/random_normal_std=1/mechanism=mbm/x_eps=inf/m=best/norm=false/smoother=hoa/backbone=sage/use_nfr=false/sanity_check=true/node_ratio=1/final_repeat10
2,32768,6,12351,85.819793701172,0.991208550038,0.164261233723,0.165453465616,0.25,0.01,0.001,0.5,/data/hzw/Rethinking_DP_GNN_runtime/paper_experiments/figure10/x_steps=2.yaml/dataset=cora/feature=random_normal/feature_dim=32768/scale=0.25/random_normal_mean=0/random_normal_std=1/mechanism=mbm/x_eps=inf/m=best/norm=false/smoother=hoa/backbone=sage/use_nfr=false/sanity_check=true/node_ratio=1,/data/hzw/Rethinking_DP_GNN_runtime/paper_experiments/figure10/x_steps=2.yaml/dataset=cora/feature=random_normal/feature_dim=32768/scale=0.25/random_normal_mean=0/random_normal_std=1/mechanism=mbm/x_eps=inf/m=best/norm=false/smoother=hoa/backbone=sage/use_nfr=false/sanity_check=true/node_ratio=1/final_repeat10
2,32768,7,12352,86.410636901855,0.991220239472,0.164574564247,0.165453465616,0.25,0.01,0.001,0.5,/data/hzw/Rethinking_DP_GNN_runtime/paper_experiments/figure10/x_steps=2.yaml/dataset=cora/feature=random_normal/feature_dim=32768/scale=0.25/random_normal_mean=0/random_normal_std=1/mechanism=mbm/x_eps=inf/m=best/norm=false/smoother=hoa/backbone=sage/use_nfr=false/sanity_check=true/node_ratio=1,/data/hzw/Rethinking_DP_GNN_runtime/paper_experiments/figure10/x_steps=2.yaml/dataset=cora/feature=random_normal/feature_dim=32768/scale=0.25/random_normal_mean=0/random_normal_std=1/mechanism=mbm/x_eps=inf/m=best/norm=false/smoother=hoa/backbone=sage/use_nfr=false/sanity_check=true/node_ratio=1/final_repeat10
2,32768,8,12353,86.853767395020,0.991131132659,0.163937739190,0.165453465616,0.25,0.01,0.001,0.5,/data/hzw/Rethinking_DP_GNN_runtime/paper_experiments/figure10/x_steps=2.yaml/dataset=cora/feature=random_normal/feature_dim=32768/scale=0.25/random_normal_mean=0/random_normal_std=1/mechanism=mbm/x_eps=inf/m=best/norm=false/smoother=hoa/backbone=sage/use_nfr=false/sanity_check=true/node_ratio=1,/data/hzw/Rethinking_DP_GNN_runtime/paper_experiments/figure10/x_steps=2.yaml/dataset=cora/feature=random_normal/feature_dim=32768/scale=0.25/random_normal_mean=0/random_normal_std=1/mechanism=mbm/x_eps=inf/m=best/norm=false/smoother=hoa/backbone=sage/use_nfr=false/sanity_check=true/node_ratio=1/final_repeat10
2,32768,9,12354,86.262924194336,0.991214565982,0.164369476223,0.165453465616,0.25,0.01,0.001,0.5,/data/hzw/Rethinking_DP_GNN_runtime/paper_experiments/figure10/x_steps=2.yaml/dataset=cora/feature=random_normal/feature_dim=32768/scale=0.25/random_normal_mean=0/random_normal_std=1/mechanism=mbm/x_eps=inf/m=best/norm=false/smoother=hoa/backbone=sage/use_nfr=false/sanity_check=true/node_ratio=1,/data/hzw/Rethinking_DP_GNN_runtime/paper_experiments/figure10/x_steps=2.yaml/dataset=cora/feature=random_normal/feature_dim=32768/scale=0.25/random_normal_mean=0/random_normal_std=1/mechanism=mbm/x_eps=inf/m=best/norm=false/smoother=hoa/backbone=sage/use_nfr=false/sanity_check=true/node_ratio=1/final_repeat10
4,4,0,12345,36.779911041260,0.091416630857,0.018505040493,0.213688079317,1024,0.01,0.001,0.25,/data/hzw/Rethinking_DP_GNN_runtime/paper_experiments/figure10/x_steps=4.yaml/dataset=cora/feature=random_normal/feature_dim=4/scale=1024/random_normal_mean=0/random_normal_std=1/mechanism=mbm/x_eps=inf/m=best/norm=false/smoother=hoa/backbone=sage/use_nfr=false/sanity_check=true/node_ratio=1,/data/hzw/Rethinking_DP_GNN_runtime/paper_experiments/figure10/x_steps=4.yaml/dataset=cora/feature=random_normal/feature_dim=4/scale=1024/random_normal_mean=0/random_normal_std=1/mechanism=mbm/x_eps=inf/m=best/norm=false/smoother=hoa/backbone=sage/use_nfr=false/sanity_check=true/node_ratio=1/final_repeat10
4,4,1,12346,42.983749389648,0.090657633596,0.020680150617,0.213688079317,1024,0.01,0.001,0.25,/data/hzw/Rethinking_DP_GNN_runtime/paper_experiments/figure10/x_steps=4.yaml/dataset=cora/feature=random_normal/feature_dim=4/scale=1024/random_normal_mean=0/random_normal_std=1/mechanism=mbm/x_eps=inf/m=best/norm=false/smoother=hoa/backbone=sage/use_nfr=false/sanity_check=true/node_ratio=1,/data/hzw/Rethinking_DP_GNN_runtime/paper_experiments/figure10/x_steps=4.yaml/dataset=cora/feature=random_normal/feature_dim=4/scale=1024/random_normal_mean=0/random_normal_std=1/mechanism=mbm/x_eps=inf/m=best/norm=false/smoother=hoa/backbone=sage/use_nfr=false/sanity_check=true/node_ratio=1/final_repeat10
4,4,2,12347,40.029541015625,0.091225798449,0.017691248774,0.213688079317,1024,0.01,0.001,0.25,/data/hzw/Rethinking_DP_GNN_runtime/paper_experiments/figure10/x_steps=4.yaml/dataset=cora/feature=random_normal/feature_dim=4/scale=1024/random_normal_mean=0/random_normal_std=1/mechanism=mbm/x_eps=inf/m=best/norm=false/smoother=hoa/backbone=sage/use_nfr=false/sanity_check=true/node_ratio=1,/data/hzw/Rethinking_DP_GNN_runtime/paper_experiments/figure10/x_steps=4.yaml/dataset=cora/feature=random_normal/feature_dim=4/scale=1024/random_normal_mean=0/random_normal_std=1/mechanism=mbm/x_eps=inf/m=best/norm=false/smoother=hoa/backbone=sage/use_nfr=false/sanity_check=true/node_ratio=1/final_repeat10
4,4,3,12348,40.324962615967,0.090667079498,0.018137190462,0.213688079317,1024,0.01,0.001,0.25,/data/hzw/Rethinking_DP_GNN_runtime/paper_experiments/figure10/x_steps=4.yaml/dataset=cora/feature=random_normal/feature_dim=4/scale=1024/random_normal_mean=0/random_normal_std=1/mechanism=mbm/x_eps=inf/m=best/norm=false/smoother=hoa/backbone=sage/use_nfr=false/sanity_check=true/node_ratio=1,/data/hzw/Rethinking_DP_GNN_runtime/paper_experiments/figure10/x_steps=4.yaml/dataset=cora/feature=random_normal/feature_dim=4/scale=1024/random_normal_mean=0/random_normal_std=1/mechanism=mbm/x_eps=inf/m=best/norm=false/smoother=hoa/backbone=sage/use_nfr=false/sanity_check=true/node_ratio=1/final_repeat10
4,4,4,12349,32.644020080566,0.085637764839,0.008186454871,0.213688079317,1024,0.01,0.001,0.25,/data/hzw/Rethinking_DP_GNN_runtime/paper_experiments/figure10/x_steps=4.yaml/dataset=cora/feature=random_normal/feature_dim=4/scale=1024/random_normal_mean=0/random_normal_std=1/mechanism=mbm/x_eps=inf/m=best/norm=false/smoother=hoa/backbone=sage/use_nfr=false/sanity_check=true/node_ratio=1,/data/hzw/Rethinking_DP_GNN_runtime/paper_experiments/figure10/x_steps=4.yaml/dataset=cora/feature=random_normal/feature_dim=4/scale=1024/random_normal_mean=0/random_normal_std=1/mechanism=mbm/x_eps=inf/m=best/norm=false/smoother=hoa/backbone=sage/use_nfr=false/sanity_check=true/node_ratio=1/final_repeat10
4,4,5,12350,41.802066802979,0.096867719014,0.022997318544,0.213688079317,1024,0.01,0.001,0.25,/data/hzw/Rethinking_DP_GNN_runtime/paper_experiments/figure10/x_steps=4.yaml/dataset=cora/feature=random_normal/feature_dim=4/scale=1024/random_normal_mean=0/random_normal_std=1/mechanism=mbm/x_eps=inf/m=best/norm=false/smoother=hoa/backbone=sage/use_nfr=false/sanity_check=true/node_ratio=1,/data/hzw/Rethinking_DP_GNN_runtime/paper_experiments/figure10/x_steps=4.yaml/dataset=cora/feature=random_normal/feature_dim=4/scale=1024/random_normal_mean=0/random_normal_std=1/mechanism=mbm/x_eps=inf/m=best/norm=false/smoother=hoa/backbone=sage/use_nfr=false/sanity_check=true/node_ratio=1/final_repeat10
4,4,6,12351,35.598228454590,0.087104768861,0.014042501677,0.213688079317,1024,0.01,0.001,0.25,/data/hzw/Rethinking_DP_GNN_runtime/paper_experiments/figure10/x_steps=4.yaml/dataset=cora/feature=random_normal/feature_dim=4/scale=1024/random_normal_mean=0/random_normal_std=1/mechanism=mbm/x_eps=inf/m=best/norm=false/smoother=hoa/backbone=sage/use_nfr=false/sanity_check=true/node_ratio=1,/data/hzw/Rethinking_DP_GNN_runtime/paper_experiments/figure10/x_steps=4.yaml/dataset=cora/feature=random_normal/feature_dim=4/scale=1024/random_normal_mean=0/random_normal_std=1/mechanism=mbm/x_eps=inf/m=best/norm=false/smoother=hoa/backbone=sage/use_nfr=false/sanity_check=true/node_ratio=1/final_repeat10
4,4,7,12352,38.700145721436,0.088649492980,0.012175751218,0.213688079317,1024,0.01,0.001,0.25,/data/hzw/Rethinking_DP_GNN_runtime/paper_experiments/figure10/x_steps=4.yaml/dataset=cora/feature=random_normal/feature_dim=4/scale=1024/random_normal_mean=0/random_normal_std=1/mechanism=mbm/x_eps=inf/m=best/norm=false/smoother=hoa/backbone=sage/use_nfr=false/sanity_check=true/node_ratio=1,/data/hzw/Rethinking_DP_GNN_runtime/paper_experiments/figure10/x_steps=4.yaml/dataset=cora/feature=random_normal/feature_dim=4/scale=1024/random_normal_mean=0/random_normal_std=1/mechanism=mbm/x_eps=inf/m=best/norm=false/smoother=hoa/backbone=sage/use_nfr=false/sanity_check=true/node_ratio=1/final_repeat10
4,4,8,12353,38.257015228271,0.088255579255,0.011237422465,0.213688079317,1024,0.01,0.001,0.25,/data/hzw/Rethinking_DP_GNN_runtime/paper_experiments/figure10/x_steps=4.yaml/dataset=cora/feature=random_normal/feature_dim=4/scale=1024/random_normal_mean=0/random_normal_std=1/mechanism=mbm/x_eps=inf/m=best/norm=false/smoother=hoa/backbone=sage/use_nfr=false/sanity_check=true/node_ratio=1,/data/hzw/Rethinking_DP_GNN_runtime/paper_experiments/figure10/x_steps=4.yaml/dataset=cora/feature=random_normal/feature_dim=4/scale=1024/random_normal_mean=0/random_normal_std=1/mechanism=mbm/x_eps=inf/m=best/norm=false/smoother=hoa/backbone=sage/use_nfr=false/sanity_check=true/node_ratio=1/final_repeat10
4,4,9,12354,43.574592590332,0.088407035962,0.020137087690,0.213688079317,1024,0.01,0.001,0.25,/data/hzw/Rethinking_DP_GNN_runtime/paper_experiments/figure10/x_steps=4.yaml/dataset=cora/feature=random_normal/feature_dim=4/scale=1024/random_normal_mean=0/random_normal_std=1/mechanism=mbm/x_eps=inf/m=best/norm=false/smoother=hoa/backbone=sage/use_nfr=false/sanity_check=true/node_ratio=1,/data/hzw/Rethinking_DP_GNN_runtime/paper_experiments/figure10/x_steps=4.yaml/dataset=cora/feature=random_normal/feature_dim=4/scale=1024/random_normal_mean=0/random_normal_std=1/mechanism=mbm/x_eps=inf/m=best/norm=false/smoother=hoa/backbone=sage/use_nfr=false/sanity_check=true/node_ratio=1/final_repeat10
4,8,0,12345,48.892169952393,0.133286305556,0.027461190873,0.213688079317,64,0.01,0.0001,0.25,/data/hzw/Rethinking_DP_GNN_runtime/paper_experiments/figure10/x_steps=4.yaml/dataset=cora/feature=random_normal/feature_dim=8/scale=64/random_normal_mean=0/random_normal_std=1/mechanism=mbm/x_eps=inf/m=best/norm=false/smoother=hoa/backbone=sage/use_nfr=false/sanity_check=true/node_ratio=1,/data/hzw/Rethinking_DP_GNN_runtime/paper_experiments/figure10/x_steps=4.yaml/dataset=cora/feature=random_normal/feature_dim=8/scale=64/random_normal_mean=0/random_normal_std=1/mechanism=mbm/x_eps=inf/m=best/norm=false/smoother=hoa/backbone=sage/use_nfr=false/sanity_check=true/node_ratio=1/final_repeat10
4,8,1,12346,48.596748352051,0.123484785027,0.018680943966,0.213688079317,64,0.01,0.0001,0.25,/data/hzw/Rethinking_DP_GNN_runtime/paper_experiments/figure10/x_steps=4.yaml/dataset=cora/feature=random_normal/feature_dim=8/scale=64/random_normal_mean=0/random_normal_std=1/mechanism=mbm/x_eps=inf/m=best/norm=false/smoother=hoa/backbone=sage/use_nfr=false/sanity_check=true/node_ratio=1,/data/hzw/Rethinking_DP_GNN_runtime/paper_experiments/figure10/x_steps=4.yaml/dataset=cora/feature=random_normal/feature_dim=8/scale=64/random_normal_mean=0/random_normal_std=1/mechanism=mbm/x_eps=inf/m=best/norm=false/smoother=hoa/backbone=sage/use_nfr=false/sanity_check=true/node_ratio=1/final_repeat10
4,8,2,12347,51.994091033936,0.127204107552,0.020783597956,0.213688079317,64,0.01,0.0001,0.25,/data/hzw/Rethinking_DP_GNN_runtime/paper_experiments/figure10/x_steps=4.yaml/dataset=cora/feature=random_normal/feature_dim=8/scale=64/random_normal_mean=0/random_normal_std=1/mechanism=mbm/x_eps=inf/m=best/norm=false/smoother=hoa/backbone=sage/use_nfr=false/sanity_check=true/node_ratio=1,/data/hzw/Rethinking_DP_GNN_runtime/paper_experiments/figure10/x_steps=4.yaml/dataset=cora/feature=random_normal/feature_dim=8/scale=64/random_normal_mean=0/random_normal_std=1/mechanism=mbm/x_eps=inf/m=best/norm=false/smoother=hoa/backbone=sage/use_nfr=false/sanity_check=true/node_ratio=1/final_repeat10
4,8,3,12348,49.187591552734,0.133785292828,0.025697608320,0.213688079317,64,0.01,0.0001,0.25,/data/hzw/Rethinking_DP_GNN_runtime/paper_experiments/figure10/x_steps=4.yaml/dataset=cora/feature=random_normal/feature_dim=8/scale=64/random_normal_mean=0/random_normal_std=1/mechanism=mbm/x_eps=inf/m=best/norm=false/smoother=hoa/backbone=sage/use_nfr=false/sanity_check=true/node_ratio=1,/data/hzw/Rethinking_DP_GNN_runtime/paper_experiments/figure10/x_steps=4.yaml/dataset=cora/feature=random_normal/feature_dim=8/scale=64/random_normal_mean=0/random_normal_std=1/mechanism=mbm/x_eps=inf/m=best/norm=false/smoother=hoa/backbone=sage/use_nfr=false/sanity_check=true/node_ratio=1/final_repeat10
4,8,4,12349,51.698665618896,0.129422783696,0.029132020259,0.213688079317,64,0.01,0.0001,0.25,/data/hzw/Rethinking_DP_GNN_runtime/paper_experiments/figure10/x_steps=4.yaml/dataset=cora/feature=random_normal/feature_dim=8/scale=64/random_normal_mean=0/random_normal_std=1/mechanism=mbm/x_eps=inf/m=best/norm=false/smoother=hoa/backbone=sage/use_nfr=false/sanity_check=true/node_ratio=1,/data/hzw/Rethinking_DP_GNN_runtime/paper_experiments/figure10/x_steps=4.yaml/dataset=cora/feature=random_normal/feature_dim=8/scale=64/random_normal_mean=0/random_normal_std=1/mechanism=mbm/x_eps=inf/m=best/norm=false/smoother=hoa/backbone=sage/use_nfr=false/sanity_check=true/node_ratio=1/final_repeat10
4,8,5,12350,52.289508819580,0.131073447348,0.024508739967,0.213688079317,64,0.01,0.0001,0.25,/data/hzw/Rethinking_DP_GNN_runtime/paper_experiments/figure10/x_steps=4.yaml/dataset=cora/feature=random_normal/feature_dim=8/scale=64/random_normal_mean=0/random_normal_std=1/mechanism=mbm/x_eps=inf/m=best/norm=false/smoother=hoa/backbone=sage/use_nfr=false/sanity_check=true/node_ratio=1,/data/hzw/Rethinking_DP_GNN_runtime/paper_experiments/figure10/x_steps=4.yaml/dataset=cora/feature=random_normal/feature_dim=8/scale=64/random_normal_mean=0/random_normal_std=1/mechanism=mbm/x_eps=inf/m=best/norm=false/smoother=hoa/backbone=sage/use_nfr=false/sanity_check=true/node_ratio=1/final_repeat10
4,8,6,12351,49.630722045898,0.134940459489,0.029918933529,0.213688079317,64,0.01,0.0001,0.25,/data/hzw/Rethinking_DP_GNN_runtime/paper_experiments/figure10/x_steps=4.yaml/dataset=cora/feature=random_normal/feature_dim=8/scale=64/random_normal_mean=0/random_normal_std=1/mechanism=mbm/x_eps=inf/m=best/norm=false/smoother=hoa/backbone=sage/use_nfr=false/sanity_check=true/node_ratio=1,/data/hzw/Rethinking_DP_GNN_runtime/paper_experiments/figure10/x_steps=4.yaml/dataset=cora/feature=random_normal/feature_dim=8/scale=64/random_normal_mean=0/random_normal_std=1/mechanism=mbm/x_eps=inf/m=best/norm=false/smoother=hoa/backbone=sage/use_nfr=false/sanity_check=true/node_ratio=1/final_repeat10
4,8,7,12352,48.005908966064,0.129507335806,0.021187549936,0.213688079317,64,0.01,0.0001,0.25,/data/hzw/Rethinking_DP_GNN_runtime/paper_experiments/figure10/x_steps=4.yaml/dataset=cora/feature=random_normal/feature_dim=8/scale=64/random_normal_mean=0/random_normal_std=1/mechanism=mbm/x_eps=inf/m=best/norm=false/smoother=hoa/backbone=sage/use_nfr=false/sanity_check=true/node_ratio=1,/data/hzw/Rethinking_DP_GNN_runtime/paper_experiments/figure10/x_steps=4.yaml/dataset=cora/feature=random_normal/feature_dim=8/scale=64/random_normal_mean=0/random_normal_std=1/mechanism=mbm/x_eps=inf/m=best/norm=false/smoother=hoa/backbone=sage/use_nfr=false/sanity_check=true/node_ratio=1/final_repeat10
4,8,8,12353,52.880352020264,0.132072754999,0.030006748886,0.213688079317,64,0.01,0.0001,0.25,/data/hzw/Rethinking_DP_GNN_runtime/paper_experiments/figure10/x_steps=4.yaml/dataset=cora/feature=random_normal/feature_dim=8/scale=64/random_normal_mean=0/random_normal_std=1/mechanism=mbm/x_eps=inf/m=best/norm=false/smoother=hoa/backbone=sage/use_nfr=false/sanity_check=true/node_ratio=1,/data/hzw/Rethinking_DP_GNN_runtime/paper_experiments/figure10/x_steps=4.yaml/dataset=cora/feature=random_normal/feature_dim=8/scale=64/random_normal_mean=0/random_normal_std=1/mechanism=mbm/x_eps=inf/m=best/norm=false/smoother=hoa/backbone=sage/use_nfr=false/sanity_check=true/node_ratio=1/final_repeat10
4,8,9,12354,56.277690887451,0.136129398877,0.033827613368,0.213688079317,64,0.01,0.0001,0.25,/data/hzw/Rethinking_DP_GNN_runtime/paper_experiments/figure10/x_steps=4.yaml/dataset=cora/feature=random_normal/feature_dim=8/scale=64/random_normal_mean=0/random_normal_std=1/mechanism=mbm/x_eps=inf/m=best/norm=false/smoother=hoa/backbone=sage/use_nfr=false/sanity_check=true/node_ratio=1,/data/hzw/Rethinking_DP_GNN_runtime/paper_experiments/figure10/x_steps=4.yaml/dataset=cora/feature=random_normal/feature_dim=8/scale=64/random_normal_mean=0/random_normal_std=1/mechanism=mbm/x_eps=inf/m=best/norm=false/smoother=hoa/backbone=sage/use_nfr=false/sanity_check=true/node_ratio=1/final_repeat10
4,16,0,12345,63.663219451904,0.185111269740,0.036672475390,0.213688079317,64,0.01,0.001,0.25,/data/hzw/Rethinking_DP_GNN_runtime/paper_experiments/figure10/x_steps=4.yaml/dataset=cora/feature=random_normal/feature_dim=16/scale=64/random_normal_mean=0/random_normal_std=1/mechanism=mbm/x_eps=inf/m=best/norm=false/smoother=hoa/backbone=sage/use_nfr=false/sanity_check=true/node_ratio=1,/data/hzw/Rethinking_DP_GNN_runtime/paper_experiments/figure10/x_steps=4.yaml/dataset=cora/feature=random_normal/feature_dim=16/scale=64/random_normal_mean=0/random_normal_std=1/mechanism=mbm/x_eps=inf/m=best/norm=false/smoother=hoa/backbone=sage/use_nfr=false/sanity_check=true/node_ratio=1/final_repeat10
4,16,1,12346,62.629245758057,0.189561851502,0.045174424419,0.213688079317,64,0.01,0.001,0.25,/data/hzw/Rethinking_DP_GNN_runtime/paper_experiments/figure10/x_steps=4.yaml/dataset=cora/feature=random_normal/feature_dim=16/scale=64/random_normal_mean=0/random_normal_std=1/mechanism=mbm/x_eps=inf/m=best/norm=false/smoother=hoa/backbone=sage/use_nfr=false/sanity_check=true/node_ratio=1,/data/hzw/Rethinking_DP_GNN_runtime/paper_experiments/figure10/x_steps=4.yaml/dataset=cora/feature=random_normal/feature_dim=16/scale=64/random_normal_mean=0/random_normal_std=1/mechanism=mbm/x_eps=inf/m=best/norm=false/smoother=hoa/backbone=sage/use_nfr=false/sanity_check=true/node_ratio=1/final_repeat10
4,16,2,12347,63.367797851562,0.189926346113,0.043699639956,0.213688079317,64,0.01,0.001,0.25,/data/hzw/Rethinking_DP_GNN_runtime/paper_experiments/figure10/x_steps=4.yaml/dataset=cora/feature=random_normal/feature_dim=16/scale=64/random_normal_mean=0/random_normal_std=1/mechanism=mbm/x_eps=inf/m=best/norm=false/smoother=hoa/backbone=sage/use_nfr=false/sanity_check=true/node_ratio=1,/data/hzw/Rethinking_DP_GNN_runtime/paper_experiments/figure10/x_steps=4.yaml/dataset=cora/feature=random_normal/feature_dim=16/scale=64/random_normal_mean=0/random_normal_std=1/mechanism=mbm/x_eps=inf/m=best/norm=false/smoother=hoa/backbone=sage/use_nfr=false/sanity_check=true/node_ratio=1/final_repeat10
4,16,3,12348,62.038402557373,0.189977713100,0.037756393506,0.213688079317,64,0.01,0.001,0.25,/data/hzw/Rethinking_DP_GNN_runtime/paper_experiments/figure10/x_steps=4.yaml/dataset=cora/feature=random_normal/feature_dim=16/scale=64/random_normal_mean=0/random_normal_std=1/mechanism=mbm/x_eps=inf/m=best/norm=false/smoother=hoa/backbone=sage/use_nfr=false/sanity_check=true/node_ratio=1,/data/hzw/Rethinking_DP_GNN_runtime/paper_experiments/figure10/x_steps=4.yaml/dataset=cora/feature=random_normal/feature_dim=16/scale=64/random_normal_mean=0/random_normal_std=1/mechanism=mbm/x_eps=inf/m=best/norm=false/smoother=hoa/backbone=sage/use_nfr=false/sanity_check=true/node_ratio=1/final_repeat10
4,16,4,12349,64.697196960449,0.188196724979,0.044335699456,0.213688079317,64,0.01,0.001,0.25,/data/hzw/Rethinking_DP_GNN_runtime/paper_experiments/figure10/x_steps=4.yaml/dataset=cora/feature=random_normal/feature_dim=16/scale=64/random_normal_mean=0/random_normal_std=1/mechanism=mbm/x_eps=inf/m=best/norm=false/smoother=hoa/backbone=sage/use_nfr=false/sanity_check=true/node_ratio=1,/data/hzw/Rethinking_DP_GNN_runtime/paper_experiments/figure10/x_steps=4.yaml/dataset=cora/feature=random_normal/feature_dim=16/scale=64/random_normal_mean=0/random_normal_std=1/mechanism=mbm/x_eps=inf/m=best/norm=false/smoother=hoa/backbone=sage/use_nfr=false/sanity_check=true/node_ratio=1/final_repeat10
4,16,5,12350,61.004428863525,0.190327768172,0.043859472591,0.213688079317,64,0.01,0.001,0.25,/data/hzw/Rethinking_DP_GNN_runtime/paper_experiments/figure10/x_steps=4.yaml/dataset=cora/feature=random_normal/feature_dim=16/scale=64/random_normal_mean=0/random_normal_std=1/mechanism=mbm/x_eps=inf/m=best/norm=false/smoother=hoa/backbone=sage/use_nfr=false/sanity_check=true/node_ratio=1,/data/hzw/Rethinking_DP_GNN_runtime/paper_experiments/figure10/x_steps=4.yaml/dataset=cora/feature=random_normal/feature_dim=16/scale=64/random_normal_mean=0/random_normal_std=1/mechanism=mbm/x_eps=inf/m=best/norm=false/smoother=hoa/backbone=sage/use_nfr=false/sanity_check=true/node_ratio=1/final_repeat10
4,16,6,12351,64.254066467285,0.187040015273,0.039432491840,0.213688079317,64,0.01,0.001,0.25,/data/hzw/Rethinking_DP_GNN_runtime/paper_experiments/figure10/x_steps=4.yaml/dataset=cora/feature=random_normal/feature_dim=16/scale=64/random_normal_mean=0/random_normal_std=1/mechanism=mbm/x_eps=inf/m=best/norm=false/smoother=hoa/backbone=sage/use_nfr=false/sanity_check=true/node_ratio=1,/data/hzw/Rethinking_DP_GNN_runtime/paper_experiments/figure10/x_steps=4.yaml/dataset=cora/feature=random_normal/feature_dim=16/scale=64/random_normal_mean=0/random_normal_std=1/mechanism=mbm/x_eps=inf/m=best/norm=false/smoother=hoa/backbone=sage/use_nfr=false/sanity_check=true/node_ratio=1/final_repeat10
4,16,7,12352,61.447559356689,0.192146746974,0.046391032101,0.213688079317,64,0.01,0.001,0.25,/data/hzw/Rethinking_DP_GNN_runtime/paper_experiments/figure10/x_steps=4.yaml/dataset=cora/feature=random_normal/feature_dim=16/scale=64/random_normal_mean=0/random_normal_std=1/mechanism=mbm/x_eps=inf/m=best/norm=false/smoother=hoa/backbone=sage/use_nfr=false/sanity_check=true/node_ratio=1,/data/hzw/Rethinking_DP_GNN_runtime/paper_experiments/figure10/x_steps=4.yaml/dataset=cora/feature=random_normal/feature_dim=16/scale=64/random_normal_mean=0/random_normal_std=1/mechanism=mbm/x_eps=inf/m=best/norm=false/smoother=hoa/backbone=sage/use_nfr=false/sanity_check=true/node_ratio=1/final_repeat10
4,16,8,12353,58.936481475830,0.189253162362,0.041393801830,0.213688079317,64,0.01,0.001,0.25,/data/hzw/Rethinking_DP_GNN_runtime/paper_experiments/figure10/x_steps=4.yaml/dataset=cora/feature=random_normal/feature_dim=16/scale=64/random_normal_mean=0/random_normal_std=1/mechanism=mbm/x_eps=inf/m=best/norm=false/smoother=hoa/backbone=sage/use_nfr=false/sanity_check=true/node_ratio=1,/data/hzw/Rethinking_DP_GNN_runtime/paper_experiments/figure10/x_steps=4.yaml/dataset=cora/feature=random_normal/feature_dim=16/scale=64/random_normal_mean=0/random_normal_std=1/mechanism=mbm/x_eps=inf/m=best/norm=false/smoother=hoa/backbone=sage/use_nfr=false/sanity_check=true/node_ratio=1/final_repeat10
4,16,9,12354,66.174301147461,0.184912596769,0.036176044649,0.213688079317,64,0.01,0.001,0.25,/data/hzw/Rethinking_DP_GNN_runtime/paper_experiments/figure10/x_steps=4.yaml/dataset=cora/feature=random_normal/feature_dim=16/scale=64/random_normal_mean=0/random_normal_std=1/mechanism=mbm/x_eps=inf/m=best/norm=false/smoother=hoa/backbone=sage/use_nfr=false/sanity_check=true/node_ratio=1,/data/hzw/Rethinking_DP_GNN_runtime/paper_experiments/figure10/x_steps=4.yaml/dataset=cora/feature=random_normal/feature_dim=16/scale=64/random_normal_mean=0/random_normal_std=1/mechanism=mbm/x_eps=inf/m=best/norm=false/smoother=hoa/backbone=sage/use_nfr=false/sanity_check=true/node_ratio=1/final_repeat10
4,32,0,12345,72.525848388672,0.264446576794,0.061142544373,0.213688079317,16,0.01,0.001,0.25,/data/hzw/Rethinking_DP_GNN_runtime/paper_experiments/figure10/x_steps=4.yaml/dataset=cora/feature=random_normal/feature_dim=32/scale=16/random_normal_mean=0/random_normal_std=1/mechanism=mbm/x_eps=inf/m=best/norm=false/smoother=hoa/backbone=sage/use_nfr=false/sanity_check=true/node_ratio=1,/data/hzw/Rethinking_DP_GNN_runtime/paper_experiments/figure10/x_steps=4.yaml/dataset=cora/feature=random_normal/feature_dim=32/scale=16/random_normal_mean=0/random_normal_std=1/mechanism=mbm/x_eps=inf/m=best/norm=false/smoother=hoa/backbone=sage/use_nfr=false/sanity_check=true/node_ratio=1/final_repeat10
4,32,1,12346,69.423927307129,0.263335187032,0.053908493856,0.213688079317,16,0.01,0.001,0.25,/data/hzw/Rethinking_DP_GNN_runtime/paper_experiments/figure10/x_steps=4.yaml/dataset=cora/feature=random_normal/feature_dim=32/scale=16/random_normal_mean=0/random_normal_std=1/mechanism=mbm/x_eps=inf/m=best/norm=false/smoother=hoa/backbone=sage/use_nfr=false/sanity_check=true/node_ratio=1,/data/hzw/Rethinking_DP_GNN_runtime/paper_experiments/figure10/x_steps=4.yaml/dataset=cora/feature=random_normal/feature_dim=32/scale=16/random_normal_mean=0/random_normal_std=1/mechanism=mbm/x_eps=inf/m=best/norm=false/smoother=hoa/backbone=sage/use_nfr=false/sanity_check=true/node_ratio=1/final_repeat10
4,32,2,12347,70.162483215332,0.266173282756,0.056833374295,0.213688079317,16,0.01,0.001,0.25,/data/hzw/Rethinking_DP_GNN_runtime/paper_experiments/figure10/x_steps=4.yaml/dataset=cora/feature=random_normal/feature_dim=32/scale=16/random_normal_mean=0/random_normal_std=1/mechanism=mbm/x_eps=inf/m=best/norm=false/smoother=hoa/backbone=sage/use_nfr=false/sanity_check=true/node_ratio=1,/data/hzw/Rethinking_DP_GNN_runtime/paper_experiments/figure10/x_steps=4.yaml/dataset=cora/feature=random_normal/feature_dim=32/scale=16/random_normal_mean=0/random_normal_std=1/mechanism=mbm/x_eps=inf/m=best/norm=false/smoother=hoa/backbone=sage/use_nfr=false/sanity_check=true/node_ratio=1/final_repeat10
4,32,3,12348,76.661743164062,0.267801832436,0.063334548428,0.213688079317,16,0.01,0.001,0.25,/data/hzw/Rethinking_DP_GNN_runtime/paper_experiments/figure10/x_steps=4.yaml/dataset=cora/feature=random_normal/feature_dim=32/scale=16/random_normal_mean=0/random_normal_std=1/mechanism=mbm/x_eps=inf/m=best/norm=false/smoother=hoa/backbone=sage/use_nfr=false/sanity_check=true/node_ratio=1,/data/hzw/Rethinking_DP_GNN_runtime/paper_experiments/figure10/x_steps=4.yaml/dataset=cora/feature=random_normal/feature_dim=32/scale=16/random_normal_mean=0/random_normal_std=1/mechanism=mbm/x_eps=inf/m=best/norm=false/smoother=hoa/backbone=sage/use_nfr=false/sanity_check=true/node_ratio=1/final_repeat10
4,32,4,12349,70.605613708496,0.258638593629,0.049540933646,0.213688079317,16,0.01,0.001,0.25,/data/hzw/Rethinking_DP_GNN_runtime/paper_experiments/figure10/x_steps=4.yaml/dataset=cora/feature=random_normal/feature_dim=32/scale=16/random_normal_mean=0/random_normal_std=1/mechanism=mbm/x_eps=inf/m=best/norm=false/smoother=hoa/backbone=sage/use_nfr=false/sanity_check=true/node_ratio=1,/data/hzw/Rethinking_DP_GNN_runtime/paper_experiments/figure10/x_steps=4.yaml/dataset=cora/feature=random_normal/feature_dim=32/scale=16/random_normal_mean=0/random_normal_std=1/mechanism=mbm/x_eps=inf/m=best/norm=false/smoother=hoa/backbone=sage/use_nfr=false/sanity_check=true/node_ratio=1/final_repeat10
4,32,5,12350,69.719352722168,0.262604129182,0.053120337584,0.213688079317,16,0.01,0.001,0.25,/data/hzw/Rethinking_DP_GNN_runtime/paper_experiments/figure10/x_steps=4.yaml/dataset=cora/feature=random_normal/feature_dim=32/scale=16/random_normal_mean=0/random_normal_std=1/mechanism=mbm/x_eps=inf/m=best/norm=false/smoother=hoa/backbone=sage/use_nfr=false/sanity_check=true/node_ratio=1,/data/hzw/Rethinking_DP_GNN_runtime/paper_experiments/figure10/x_steps=4.yaml/dataset=cora/feature=random_normal/feature_dim=32/scale=16/random_normal_mean=0/random_normal_std=1/mechanism=mbm/x_eps=inf/m=best/norm=false/smoother=hoa/backbone=sage/use_nfr=false/sanity_check=true/node_ratio=1/final_repeat10
4,32,6,12351,75.036926269531,0.260161222522,0.050046975929,0.213688079317,16,0.01,0.001,0.25,/data/hzw/Rethinking_DP_GNN_runtime/paper_experiments/figure10/x_steps=4.yaml/dataset=cora/feature=random_normal/feature_dim=32/scale=16/random_normal_mean=0/random_normal_std=1/mechanism=mbm/x_eps=inf/m=best/norm=false/smoother=hoa/backbone=sage/use_nfr=false/sanity_check=true/node_ratio=1,/data/hzw/Rethinking_DP_GNN_runtime/paper_experiments/figure10/x_steps=4.yaml/dataset=cora/feature=random_normal/feature_dim=32/scale=16/random_normal_mean=0/random_normal_std=1/mechanism=mbm/x_eps=inf/m=best/norm=false/smoother=hoa/backbone=sage/use_nfr=false/sanity_check=true/node_ratio=1/final_repeat10
4,32,7,12352,74.446083068848,0.264610531744,0.053774800312,0.213688079317,16,0.01,0.001,0.25,/data/hzw/Rethinking_DP_GNN_runtime/paper_experiments/figure10/x_steps=4.yaml/dataset=cora/feature=random_normal/feature_dim=32/scale=16/random_normal_mean=0/random_normal_std=1/mechanism=mbm/x_eps=inf/m=best/norm=false/smoother=hoa/backbone=sage/use_nfr=false/sanity_check=true/node_ratio=1,/data/hzw/Rethinking_DP_GNN_runtime/paper_experiments/figure10/x_steps=4.yaml/dataset=cora/feature=random_normal/feature_dim=32/scale=16/random_normal_mean=0/random_normal_std=1/mechanism=mbm/x_eps=inf/m=best/norm=false/smoother=hoa/backbone=sage/use_nfr=false/sanity_check=true/node_ratio=1/final_repeat10
4,32,8,12353,70.901031494141,0.264348393067,0.054660524249,0.213688079317,16,0.01,0.001,0.25,/data/hzw/Rethinking_DP_GNN_runtime/paper_experiments/figure10/x_steps=4.yaml/dataset=cora/feature=random_normal/feature_dim=32/scale=16/random_normal_mean=0/random_normal_std=1/mechanism=mbm/x_eps=inf/m=best/norm=false/smoother=hoa/backbone=sage/use_nfr=false/sanity_check=true/node_ratio=1,/data/hzw/Rethinking_DP_GNN_runtime/paper_experiments/figure10/x_steps=4.yaml/dataset=cora/feature=random_normal/feature_dim=32/scale=16/random_normal_mean=0/random_normal_std=1/mechanism=mbm/x_eps=inf/m=best/norm=false/smoother=hoa/backbone=sage/use_nfr=false/sanity_check=true/node_ratio=1/final_repeat10
4,32,9,12354,74.298377990723,0.269674726837,0.060771618560,0.213688079317,16,0.01,0.001,0.25,/data/hzw/Rethinking_DP_GNN_runtime/paper_experiments/figure10/x_steps=4.yaml/dataset=cora/feature=random_normal/feature_dim=32/scale=16/random_normal_mean=0/random_normal_std=1/mechanism=mbm/x_eps=inf/m=best/norm=false/smoother=hoa/backbone=sage/use_nfr=false/sanity_check=true/node_ratio=1,/data/hzw/Rethinking_DP_GNN_runtime/paper_experiments/figure10/x_steps=4.yaml/dataset=cora/feature=random_normal/feature_dim=32/scale=16/random_normal_mean=0/random_normal_std=1/mechanism=mbm/x_eps=inf/m=best/norm=false/smoother=hoa/backbone=sage/use_nfr=false/sanity_check=true/node_ratio=1/final_repeat10
4,64,0,12345,81.093055725098,0.357417046136,0.070698705137,0.213688079317,64,0.01,0.01,0.25,/data/hzw/Rethinking_DP_GNN_runtime/paper_experiments/figure10/x_steps=4.yaml/dataset=cora/feature=random_normal/feature_dim=64/scale=64/random_normal_mean=0/random_normal_std=1/mechanism=mbm/x_eps=inf/m=best/norm=false/smoother=hoa/backbone=sage/use_nfr=false/sanity_check=true/node_ratio=1,/data/hzw/Rethinking_DP_GNN_runtime/paper_experiments/figure10/x_steps=4.yaml/dataset=cora/feature=random_normal/feature_dim=64/scale=64/random_normal_mean=0/random_normal_std=1/mechanism=mbm/x_eps=inf/m=best/norm=false/smoother=hoa/backbone=sage/use_nfr=false/sanity_check=true/node_ratio=1/final_repeat10
4,64,1,12346,77.843429565430,0.358330178402,0.074337108608,0.213688079317,64,0.01,0.01,0.25,/data/hzw/Rethinking_DP_GNN_runtime/paper_experiments/figure10/x_steps=4.yaml/dataset=cora/feature=random_normal/feature_dim=64/scale=64/random_normal_mean=0/random_normal_std=1/mechanism=mbm/x_eps=inf/m=best/norm=false/smoother=hoa/backbone=sage/use_nfr=false/sanity_check=true/node_ratio=1,/data/hzw/Rethinking_DP_GNN_runtime/paper_experiments/figure10/x_steps=4.yaml/dataset=cora/feature=random_normal/feature_dim=64/scale=64/random_normal_mean=0/random_normal_std=1/mechanism=mbm/x_eps=inf/m=best/norm=false/smoother=hoa/backbone=sage/use_nfr=false/sanity_check=true/node_ratio=1/final_repeat10
4,64,2,12347,81.093055725098,0.359512630509,0.089018659065,0.213688079317,64,0.01,0.01,0.25,/data/hzw/Rethinking_DP_GNN_runtime/paper_experiments/figure10/x_steps=4.yaml/dataset=cora/feature=random_normal/feature_dim=64/scale=64/random_normal_mean=0/random_normal_std=1/mechanism=mbm/x_eps=inf/m=best/norm=false/smoother=hoa/backbone=sage/use_nfr=false/sanity_check=true/node_ratio=1,/data/hzw/Rethinking_DP_GNN_runtime/paper_experiments/figure10/x_steps=4.yaml/dataset=cora/feature=random_normal/feature_dim=64/scale=64/random_normal_mean=0/random_normal_std=1/mechanism=mbm/x_eps=inf/m=best/norm=false/smoother=hoa/backbone=sage/use_nfr=false/sanity_check=true/node_ratio=1/final_repeat10
4,64,3,12348,79.615951538086,0.357803001017,0.082679846173,0.213688079317,64,0.01,0.01,0.25,/data/hzw/Rethinking_DP_GNN_runtime/paper_experiments/figure10/x_steps=4.yaml/dataset=cora/feature=random_normal/feature_dim=64/scale=64/random_normal_mean=0/random_normal_std=1/mechanism=mbm/x_eps=inf/m=best/norm=false/smoother=hoa/backbone=sage/use_nfr=false/sanity_check=true/node_ratio=1,/data/hzw/Rethinking_DP_GNN_runtime/paper_experiments/figure10/x_steps=4.yaml/dataset=cora/feature=random_normal/feature_dim=64/scale=64/random_normal_mean=0/random_normal_std=1/mechanism=mbm/x_eps=inf/m=best/norm=false/smoother=hoa/backbone=sage/use_nfr=false/sanity_check=true/node_ratio=1/final_repeat10
4,64,4,12349,75.627769470215,0.358951562205,0.072042812221,0.213688079317,64,0.01,0.01,0.25,/data/hzw/Rethinking_DP_GNN_runtime/paper_experiments/figure10/x_steps=4.yaml/dataset=cora/feature=random_normal/feature_dim=64/scale=64/random_normal_mean=0/random_normal_std=1/mechanism=mbm/x_eps=inf/m=best/norm=false/smoother=hoa/backbone=sage/use_nfr=false/sanity_check=true/node_ratio=1,/data/hzw/Rethinking_DP_GNN_runtime/paper_experiments/figure10/x_steps=4.yaml/dataset=cora/feature=random_normal/feature_dim=64/scale=64/random_normal_mean=0/random_normal_std=1/mechanism=mbm/x_eps=inf/m=best/norm=false/smoother=hoa/backbone=sage/use_nfr=false/sanity_check=true/node_ratio=1/final_repeat10
4,64,5,12350,76.661743164062,0.359361507890,0.076029336589,0.213688079317,64,0.01,0.01,0.25,/data/hzw/Rethinking_DP_GNN_runtime/paper_experiments/figure10/x_steps=4.yaml/dataset=cora/feature=random_normal/feature_dim=64/scale=64/random_normal_mean=0/random_normal_std=1/mechanism=mbm/x_eps=inf/m=best/norm=false/smoother=hoa/backbone=sage/use_nfr=false/sanity_check=true/node_ratio=1,/data/hzw/Rethinking_DP_GNN_runtime/paper_experiments/figure10/x_steps=4.yaml/dataset=cora/feature=random_normal/feature_dim=64/scale=64/random_normal_mean=0/random_normal_std=1/mechanism=mbm/x_eps=inf/m=best/norm=false/smoother=hoa/backbone=sage/use_nfr=false/sanity_check=true/node_ratio=1/final_repeat10
4,64,6,12351,79.911376953125,0.358923680630,0.077688630370,0.213688079317,64,0.01,0.01,0.25,/data/hzw/Rethinking_DP_GNN_runtime/paper_experiments/figure10/x_steps=4.yaml/dataset=cora/feature=random_normal/feature_dim=64/scale=64/random_normal_mean=0/random_normal_std=1/mechanism=mbm/x_eps=inf/m=best/norm=false/smoother=hoa/backbone=sage/use_nfr=false/sanity_check=true/node_ratio=1,/data/hzw/Rethinking_DP_GNN_runtime/paper_experiments/figure10/x_steps=4.yaml/dataset=cora/feature=random_normal/feature_dim=64/scale=64/random_normal_mean=0/random_normal_std=1/mechanism=mbm/x_eps=inf/m=best/norm=false/smoother=hoa/backbone=sage/use_nfr=false/sanity_check=true/node_ratio=1/final_repeat10
4,64,7,12352,77.991134643555,0.363229543082,0.078653831633,0.213688079317,64,0.01,0.01,0.25,/data/hzw/Rethinking_DP_GNN_runtime/paper_experiments/figure10/x_steps=4.yaml/dataset=cora/feature=random_normal/feature_dim=64/scale=64/random_normal_mean=0/random_normal_std=1/mechanism=mbm/x_eps=inf/m=best/norm=false/smoother=hoa/backbone=sage/use_nfr=false/sanity_check=true/node_ratio=1,/data/hzw/Rethinking_DP_GNN_runtime/paper_experiments/figure10/x_steps=4.yaml/dataset=cora/feature=random_normal/feature_dim=64/scale=64/random_normal_mean=0/random_normal_std=1/mechanism=mbm/x_eps=inf/m=best/norm=false/smoother=hoa/backbone=sage/use_nfr=false/sanity_check=true/node_ratio=1/final_repeat10
4,64,8,12353,80.206794738770,0.360002132460,0.078358397104,0.213688079317,64,0.01,0.01,0.25,/data/hzw/Rethinking_DP_GNN_runtime/paper_experiments/figure10/x_steps=4.yaml/dataset=cora/feature=random_normal/feature_dim=64/scale=64/random_normal_mean=0/random_normal_std=1/mechanism=mbm/x_eps=inf/m=best/norm=false/smoother=hoa/backbone=sage/use_nfr=false/sanity_check=true/node_ratio=1,/data/hzw/Rethinking_DP_GNN_runtime/paper_experiments/figure10/x_steps=4.yaml/dataset=cora/feature=random_normal/feature_dim=64/scale=64/random_normal_mean=0/random_normal_std=1/mechanism=mbm/x_eps=inf/m=best/norm=false/smoother=hoa/backbone=sage/use_nfr=false/sanity_check=true/node_ratio=1/final_repeat10
4,64,9,12354,77.991134643555,0.359873005831,0.070444434424,0.213688079317,64,0.01,0.01,0.25,/data/hzw/Rethinking_DP_GNN_runtime/paper_experiments/figure10/x_steps=4.yaml/dataset=cora/feature=random_normal/feature_dim=64/scale=64/random_normal_mean=0/random_normal_std=1/mechanism=mbm/x_eps=inf/m=best/norm=false/smoother=hoa/backbone=sage/use_nfr=false/sanity_check=true/node_ratio=1,/data/hzw/Rethinking_DP_GNN_runtime/paper_experiments/figure10/x_steps=4.yaml/dataset=cora/feature=random_normal/feature_dim=64/scale=64/random_normal_mean=0/random_normal_std=1/mechanism=mbm/x_eps=inf/m=best/norm=false/smoother=hoa/backbone=sage/use_nfr=false/sanity_check=true/node_ratio=1/final_repeat10
4,128,0,12345,80.945343017578,0.475050152079,0.092884025859,0.213688079317,64,0.01,0.01,0.25,/data/hzw/Rethinking_DP_GNN_runtime/paper_experiments/figure10/x_steps=4.yaml/dataset=cora/feature=random_normal/feature_dim=128/scale=64/random_normal_mean=0/random_normal_std=1/mechanism=mbm/x_eps=inf/m=best/norm=false/smoother=hoa/backbone=sage/use_nfr=false/sanity_check=true/node_ratio=1,/data/hzw/Rethinking_DP_GNN_runtime/paper_experiments/figure10/x_steps=4.yaml/dataset=cora/feature=random_normal/feature_dim=128/scale=64/random_normal_mean=0/random_normal_std=1/mechanism=mbm/x_eps=inf/m=best/norm=false/smoother=hoa/backbone=sage/use_nfr=false/sanity_check=true/node_ratio=1/final_repeat10
4,128,1,12346,82.127029418945,0.482213487013,0.103606225906,0.213688079317,64,0.01,0.01,0.25,/data/hzw/Rethinking_DP_GNN_runtime/paper_experiments/figure10/x_steps=4.yaml/dataset=cora/feature=random_normal/feature_dim=128/scale=64/random_normal_mean=0/random_normal_std=1/mechanism=mbm/x_eps=inf/m=best/norm=false/smoother=hoa/backbone=sage/use_nfr=false/sanity_check=true/node_ratio=1,/data/hzw/Rethinking_DP_GNN_runtime/paper_experiments/figure10/x_steps=4.yaml/dataset=cora/feature=random_normal/feature_dim=128/scale=64/random_normal_mean=0/random_normal_std=1/mechanism=mbm/x_eps=inf/m=best/norm=false/smoother=hoa/backbone=sage/use_nfr=false/sanity_check=true/node_ratio=1/final_repeat10
4,128,2,12347,79.468238830566,0.481088873543,0.106062561312,0.213688079317,64,0.01,0.01,0.25,/data/hzw/Rethinking_DP_GNN_runtime/paper_experiments/figure10/x_steps=4.yaml/dataset=cora/feature=random_normal/feature_dim=128/scale=64/random_normal_mean=0/random_normal_std=1/mechanism=mbm/x_eps=inf/m=best/norm=false/smoother=hoa/backbone=sage/use_nfr=false/sanity_check=true/node_ratio=1,/data/hzw/Rethinking_DP_GNN_runtime/paper_experiments/figure10/x_steps=4.yaml/dataset=cora/feature=random_normal/feature_dim=128/scale=64/random_normal_mean=0/random_normal_std=1/mechanism=mbm/x_eps=inf/m=best/norm=false/smoother=hoa/backbone=sage/use_nfr=false/sanity_check=true/node_ratio=1/final_repeat10
4,128,3,12348,79.025108337402,0.480347336173,0.093811968915,0.213688079317,64,0.01,0.01,0.25,/data/hzw/Rethinking_DP_GNN_runtime/paper_experiments/figure10/x_steps=4.yaml/dataset=cora/feature=random_normal/feature_dim=128/scale=64/random_normal_mean=0/random_normal_std=1/mechanism=mbm/x_eps=inf/m=best/norm=false/smoother=hoa/backbone=sage/use_nfr=false/sanity_check=true/node_ratio=1,/data/hzw/Rethinking_DP_GNN_runtime/paper_experiments/figure10/x_steps=4.yaml/dataset=cora/feature=random_normal/feature_dim=128/scale=64/random_normal_mean=0/random_normal_std=1/mechanism=mbm/x_eps=inf/m=best/norm=false/smoother=hoa/backbone=sage/use_nfr=false/sanity_check=true/node_ratio=1/final_repeat10
4,128,4,12349,81.240768432617,0.483019407690,0.099243022577,0.213688079317,64,0.01,0.01,0.25,/data/hzw/Rethinking_DP_GNN_runtime/paper_experiments/figure10/x_steps=4.yaml/dataset=cora/feature=random_normal/feature_dim=128/scale=64/random_normal_mean=0/random_normal_std=1/mechanism=mbm/x_eps=inf/m=best/norm=false/smoother=hoa/backbone=sage/use_nfr=false/sanity_check=true/node_ratio=1,/data/hzw/Rethinking_DP_GNN_runtime/paper_experiments/figure10/x_steps=4.yaml/dataset=cora/feature=random_normal/feature_dim=128/scale=64/random_normal_mean=0/random_normal_std=1/mechanism=mbm/x_eps=inf/m=best/norm=false/smoother=hoa/backbone=sage/use_nfr=false/sanity_check=true/node_ratio=1/final_repeat10
4,128,5,12350,75.036926269531,0.481904691165,0.112644850778,0.213688079317,64,0.01,0.01,0.25,/data/hzw/Rethinking_DP_GNN_runtime/paper_experiments/figure10/x_steps=4.yaml/dataset=cora/feature=random_normal/feature_dim=128/scale=64/random_normal_mean=0/random_normal_std=1/mechanism=mbm/x_eps=inf/m=best/norm=false/smoother=hoa/backbone=sage/use_nfr=false/sanity_check=true/node_ratio=1,/data/hzw/Rethinking_DP_GNN_runtime/paper_experiments/figure10/x_steps=4.yaml/dataset=cora/feature=random_normal/feature_dim=128/scale=64/random_normal_mean=0/random_normal_std=1/mechanism=mbm/x_eps=inf/m=best/norm=false/smoother=hoa/backbone=sage/use_nfr=false/sanity_check=true/node_ratio=1/final_repeat10
4,128,6,12351,78.729690551758,0.478749642667,0.094721551066,0.213688079317,64,0.01,0.01,0.25,/data/hzw/Rethinking_DP_GNN_runtime/paper_experiments/figure10/x_steps=4.yaml/dataset=cora/feature=random_normal/feature_dim=128/scale=64/random_normal_mean=0/random_normal_std=1/mechanism=mbm/x_eps=inf/m=best/norm=false/smoother=hoa/backbone=sage/use_nfr=false/sanity_check=true/node_ratio=1,/data/hzw/Rethinking_DP_GNN_runtime/paper_experiments/figure10/x_steps=4.yaml/dataset=cora/feature=random_normal/feature_dim=128/scale=64/random_normal_mean=0/random_normal_std=1/mechanism=mbm/x_eps=inf/m=best/norm=false/smoother=hoa/backbone=sage/use_nfr=false/sanity_check=true/node_ratio=1/final_repeat10
4,128,7,12352,83.604133605957,0.480539574723,0.107807120989,0.213688079317,64,0.01,0.01,0.25,/data/hzw/Rethinking_DP_GNN_runtime/paper_experiments/figure10/x_steps=4.yaml/dataset=cora/feature=random_normal/feature_dim=128/scale=64/random_normal_mean=0/random_normal_std=1/mechanism=mbm/x_eps=inf/m=best/norm=false/smoother=hoa/backbone=sage/use_nfr=false/sanity_check=true/node_ratio=1,/data/hzw/Rethinking_DP_GNN_runtime/paper_experiments/figure10/x_steps=4.yaml/dataset=cora/feature=random_normal/feature_dim=128/scale=64/random_normal_mean=0/random_normal_std=1/mechanism=mbm/x_eps=inf/m=best/norm=false/smoother=hoa/backbone=sage/use_nfr=false/sanity_check=true/node_ratio=1/final_repeat10
4,128,8,12353,80.059082031250,0.479013217796,0.094002379608,0.213688079317,64,0.01,0.01,0.25,/data/hzw/Rethinking_DP_GNN_runtime/paper_experiments/figure10/x_steps=4.yaml/dataset=cora/feature=random_normal/feature_dim=128/scale=64/random_normal_mean=0/random_normal_std=1/mechanism=mbm/x_eps=inf/m=best/norm=false/smoother=hoa/backbone=sage/use_nfr=false/sanity_check=true/node_ratio=1,/data/hzw/Rethinking_DP_GNN_runtime/paper_experiments/figure10/x_steps=4.yaml/dataset=cora/feature=random_normal/feature_dim=128/scale=64/random_normal_mean=0/random_normal_std=1/mechanism=mbm/x_eps=inf/m=best/norm=false/smoother=hoa/backbone=sage/use_nfr=false/sanity_check=true/node_ratio=1/final_repeat10
4,128,9,12354,83.899559020996,0.483222279998,0.111482605689,0.213688079317,64,0.01,0.01,0.25,/data/hzw/Rethinking_DP_GNN_runtime/paper_experiments/figure10/x_steps=4.yaml/dataset=cora/feature=random_normal/feature_dim=128/scale=64/random_normal_mean=0/random_normal_std=1/mechanism=mbm/x_eps=inf/m=best/norm=false/smoother=hoa/backbone=sage/use_nfr=false/sanity_check=true/node_ratio=1,/data/hzw/Rethinking_DP_GNN_runtime/paper_experiments/figure10/x_steps=4.yaml/dataset=cora/feature=random_normal/feature_dim=128/scale=64/random_normal_mean=0/random_normal_std=1/mechanism=mbm/x_eps=inf/m=best/norm=false/smoother=hoa/backbone=sage/use_nfr=false/sanity_check=true/node_ratio=1/final_repeat10
4,256,0,12345,82.717872619629,0.615119517262,0.136828806429,0.213688079317,1,0.01,0.001,0.25,/data/hzw/Rethinking_DP_GNN_runtime/paper_experiments/figure10/x_steps=4.yaml/dataset=cora/feature=random_normal/feature_dim=256/random_normal_mean=0/random_normal_std=1/mechanism=mbm/x_eps=inf/m=best/norm=false/smoother=hoa/backbone=sage/use_nfr=false/sanity_check=true/node_ratio=1,/data/hzw/Rethinking_DP_GNN_runtime/paper_experiments/figure10/x_steps=4.yaml/dataset=cora/feature=random_normal/feature_dim=256/random_normal_mean=0/random_normal_std=1/mechanism=mbm/x_eps=inf/m=best/norm=false/smoother=hoa/backbone=sage/use_nfr=false/sanity_check=true/node_ratio=1/final_repeat10
4,256,1,12346,83.161003112793,0.614109122471,0.128491914068,0.213688079317,1,0.01,0.001,0.25,/data/hzw/Rethinking_DP_GNN_runtime/paper_experiments/figure10/x_steps=4.yaml/dataset=cora/feature=random_normal/feature_dim=256/random_normal_mean=0/random_normal_std=1/mechanism=mbm/x_eps=inf/m=best/norm=false/smoother=hoa/backbone=sage/use_nfr=false/sanity_check=true/node_ratio=1,/data/hzw/Rethinking_DP_GNN_runtime/paper_experiments/figure10/x_steps=4.yaml/dataset=cora/feature=random_normal/feature_dim=256/random_normal_mean=0/random_normal_std=1/mechanism=mbm/x_eps=inf/m=best/norm=false/smoother=hoa/backbone=sage/use_nfr=false/sanity_check=true/node_ratio=1/final_repeat10
4,256,2,12347,81.683898925781,0.612555214579,0.128362644499,0.213688079317,1,0.01,0.001,0.25,/data/hzw/Rethinking_DP_GNN_runtime/paper_experiments/figure10/x_steps=4.yaml/dataset=cora/feature=random_normal/feature_dim=256/random_normal_mean=0/random_normal_std=1/mechanism=mbm/x_eps=inf/m=best/norm=false/smoother=hoa/backbone=sage/use_nfr=false/sanity_check=true/node_ratio=1,/data/hzw/Rethinking_DP_GNN_runtime/paper_experiments/figure10/x_steps=4.yaml/dataset=cora/feature=random_normal/feature_dim=256/random_normal_mean=0/random_normal_std=1/mechanism=mbm/x_eps=inf/m=best/norm=false/smoother=hoa/backbone=sage/use_nfr=false/sanity_check=true/node_ratio=1/final_repeat10
4,256,3,12348,82.570159912109,0.615156043918,0.132383349631,0.213688079317,1,0.01,0.001,0.25,/data/hzw/Rethinking_DP_GNN_runtime/paper_experiments/figure10/x_steps=4.yaml/dataset=cora/feature=random_normal/feature_dim=256/random_normal_mean=0/random_normal_std=1/mechanism=mbm/x_eps=inf/m=best/norm=false/smoother=hoa/backbone=sage/use_nfr=false/sanity_check=true/node_ratio=1,/data/hzw/Rethinking_DP_GNN_runtime/paper_experiments/figure10/x_steps=4.yaml/dataset=cora/feature=random_normal/feature_dim=256/random_normal_mean=0/random_normal_std=1/mechanism=mbm/x_eps=inf/m=best/norm=false/smoother=hoa/backbone=sage/use_nfr=false/sanity_check=true/node_ratio=1/final_repeat10
4,256,4,12349,81.979316711426,0.614981153019,0.135540411580,0.213688079317,1,0.01,0.001,0.25,/data/hzw/Rethinking_DP_GNN_runtime/paper_experiments/figure10/x_steps=4.yaml/dataset=cora/feature=random_normal/feature_dim=256/random_normal_mean=0/random_normal_std=1/mechanism=mbm/x_eps=inf/m=best/norm=false/smoother=hoa/backbone=sage/use_nfr=false/sanity_check=true/node_ratio=1,/data/hzw/Rethinking_DP_GNN_runtime/paper_experiments/figure10/x_steps=4.yaml/dataset=cora/feature=random_normal/feature_dim=256/random_normal_mean=0/random_normal_std=1/mechanism=mbm/x_eps=inf/m=best/norm=false/smoother=hoa/backbone=sage/use_nfr=false/sanity_check=true/node_ratio=1/final_repeat10
4,256,5,12350,80.354507446289,0.612644699296,0.130412138791,0.213688079317,1,0.01,0.001,0.25,/data/hzw/Rethinking_DP_GNN_runtime/paper_experiments/figure10/x_steps=4.yaml/dataset=cora/feature=random_normal/feature_dim=256/random_normal_mean=0/random_normal_std=1/mechanism=mbm/x_eps=inf/m=best/norm=false/smoother=hoa/backbone=sage/use_nfr=false/sanity_check=true/node_ratio=1,/data/hzw/Rethinking_DP_GNN_runtime/paper_experiments/figure10/x_steps=4.yaml/dataset=cora/feature=random_normal/feature_dim=256/random_normal_mean=0/random_normal_std=1/mechanism=mbm/x_eps=inf/m=best/norm=false/smoother=hoa/backbone=sage/use_nfr=false/sanity_check=true/node_ratio=1/final_repeat10
4,256,6,12351,81.683898925781,0.610910045413,0.121763048400,0.213688079317,1,0.01,0.001,0.25,/data/hzw/Rethinking_DP_GNN_runtime/paper_experiments/figure10/x_steps=4.yaml/dataset=cora/feature=random_normal/feature_dim=256/random_normal_mean=0/random_normal_std=1/mechanism=mbm/x_eps=inf/m=best/norm=false/smoother=hoa/backbone=sage/use_nfr=false/sanity_check=true/node_ratio=1,/data/hzw/Rethinking_DP_GNN_runtime/paper_experiments/figure10/x_steps=4.yaml/dataset=cora/feature=random_normal/feature_dim=256/random_normal_mean=0/random_normal_std=1/mechanism=mbm/x_eps=inf/m=best/norm=false/smoother=hoa/backbone=sage/use_nfr=false/sanity_check=true/node_ratio=1/final_repeat10
4,256,7,12352,83.308715820312,0.612904650540,0.130857826023,0.213688079317,1,0.01,0.001,0.25,/data/hzw/Rethinking_DP_GNN_runtime/paper_experiments/figure10/x_steps=4.yaml/dataset=cora/feature=random_normal/feature_dim=256/random_normal_mean=0/random_normal_std=1/mechanism=mbm/x_eps=inf/m=best/norm=false/smoother=hoa/backbone=sage/use_nfr=false/sanity_check=true/node_ratio=1,/data/hzw/Rethinking_DP_GNN_runtime/paper_experiments/figure10/x_steps=4.yaml/dataset=cora/feature=random_normal/feature_dim=256/random_normal_mean=0/random_normal_std=1/mechanism=mbm/x_eps=inf/m=best/norm=false/smoother=hoa/backbone=sage/use_nfr=false/sanity_check=true/node_ratio=1/final_repeat10
4,256,8,12353,82.422454833984,0.612551663022,0.133725480087,0.213688079317,1,0.01,0.001,0.25,/data/hzw/Rethinking_DP_GNN_runtime/paper_experiments/figure10/x_steps=4.yaml/dataset=cora/feature=random_normal/feature_dim=256/random_normal_mean=0/random_normal_std=1/mechanism=mbm/x_eps=inf/m=best/norm=false/smoother=hoa/backbone=sage/use_nfr=false/sanity_check=true/node_ratio=1,/data/hzw/Rethinking_DP_GNN_runtime/paper_experiments/figure10/x_steps=4.yaml/dataset=cora/feature=random_normal/feature_dim=256/random_normal_mean=0/random_normal_std=1/mechanism=mbm/x_eps=inf/m=best/norm=false/smoother=hoa/backbone=sage/use_nfr=false/sanity_check=true/node_ratio=1/final_repeat10
4,256,9,12354,83.604133605957,0.616482964431,0.136748940623,0.213688079317,1,0.01,0.001,0.25,/data/hzw/Rethinking_DP_GNN_runtime/paper_experiments/figure10/x_steps=4.yaml/dataset=cora/feature=random_normal/feature_dim=256/random_normal_mean=0/random_normal_std=1/mechanism=mbm/x_eps=inf/m=best/norm=false/smoother=hoa/backbone=sage/use_nfr=false/sanity_check=true/node_ratio=1,/data/hzw/Rethinking_DP_GNN_runtime/paper_experiments/figure10/x_steps=4.yaml/dataset=cora/feature=random_normal/feature_dim=256/random_normal_mean=0/random_normal_std=1/mechanism=mbm/x_eps=inf/m=best/norm=false/smoother=hoa/backbone=sage/use_nfr=false/sanity_check=true/node_ratio=1/final_repeat10
4,512,0,12345,82.717872619629,0.740473519238,0.156065130799,0.213688079317,1,0.01,0.001,0.25,/data/hzw/Rethinking_DP_GNN_runtime/paper_experiments/figure10/x_steps=4.yaml/dataset=cora/feature=random_normal/feature_dim=512/random_normal_mean=0/random_normal_std=1/mechanism=mbm/x_eps=inf/m=best/norm=false/smoother=hoa/backbone=sage/use_nfr=false/sanity_check=true/node_ratio=1,/data/hzw/Rethinking_DP_GNN_runtime/paper_experiments/figure10/x_steps=4.yaml/dataset=cora/feature=random_normal/feature_dim=512/random_normal_mean=0/random_normal_std=1/mechanism=mbm/x_eps=inf/m=best/norm=false/smoother=hoa/backbone=sage/use_nfr=false/sanity_check=true/node_ratio=1/final_repeat10
4,512,1,12346,84.342689514160,0.740324855500,0.158191239164,0.213688079317,1,0.01,0.001,0.25,/data/hzw/Rethinking_DP_GNN_runtime/paper_experiments/figure10/x_steps=4.yaml/dataset=cora/feature=random_normal/feature_dim=512/random_normal_mean=0/random_normal_std=1/mechanism=mbm/x_eps=inf/m=best/norm=false/smoother=hoa/backbone=sage/use_nfr=false/sanity_check=true/node_ratio=1,/data/hzw/Rethinking_DP_GNN_runtime/paper_experiments/figure10/x_steps=4.yaml/dataset=cora/feature=random_normal/feature_dim=512/random_normal_mean=0/random_normal_std=1/mechanism=mbm/x_eps=inf/m=best/norm=false/smoother=hoa/backbone=sage/use_nfr=false/sanity_check=true/node_ratio=1/final_repeat10
4,512,2,12347,83.308715820312,0.738610974614,0.156247855222,0.213688079317,1,0.01,0.001,0.25,/data/hzw/Rethinking_DP_GNN_runtime/paper_experiments/figure10/x_steps=4.yaml/dataset=cora/feature=random_normal/feature_dim=512/random_normal_mean=0/random_normal_std=1/mechanism=mbm/x_eps=inf/m=best/norm=false/smoother=hoa/backbone=sage/use_nfr=false/sanity_check=true/node_ratio=1,/data/hzw/Rethinking_DP_GNN_runtime/paper_experiments/figure10/x_steps=4.yaml/dataset=cora/feature=random_normal/feature_dim=512/random_normal_mean=0/random_normal_std=1/mechanism=mbm/x_eps=inf/m=best/norm=false/smoother=hoa/backbone=sage/use_nfr=false/sanity_check=true/node_ratio=1/final_repeat10
4,512,3,12348,84.638107299805,0.738819895382,0.153810466302,0.213688079317,1,0.01,0.001,0.25,/data/hzw/Rethinking_DP_GNN_runtime/paper_experiments/figure10/x_steps=4.yaml/dataset=cora/feature=random_normal/feature_dim=512/random_normal_mean=0/random_normal_std=1/mechanism=mbm/x_eps=inf/m=best/norm=false/smoother=hoa/backbone=sage/use_nfr=false/sanity_check=true/node_ratio=1,/data/hzw/Rethinking_DP_GNN_runtime/paper_experiments/figure10/x_steps=4.yaml/dataset=cora/feature=random_normal/feature_dim=512/random_normal_mean=0/random_normal_std=1/mechanism=mbm/x_eps=inf/m=best/norm=false/smoother=hoa/backbone=sage/use_nfr=false/sanity_check=true/node_ratio=1/final_repeat10
4,512,4,12349,82.570159912109,0.738265765289,0.150989024424,0.213688079317,1,0.01,0.001,0.25,/data/hzw/Rethinking_DP_GNN_runtime/paper_experiments/figure10/x_steps=4.yaml/dataset=cora/feature=random_normal/feature_dim=512/random_normal_mean=0/random_normal_std=1/mechanism=mbm/x_eps=inf/m=best/norm=false/smoother=hoa/backbone=sage/use_nfr=false/sanity_check=true/node_ratio=1,/data/hzw/Rethinking_DP_GNN_runtime/paper_experiments/figure10/x_steps=4.yaml/dataset=cora/feature=random_normal/feature_dim=512/random_normal_mean=0/random_normal_std=1/mechanism=mbm/x_eps=inf/m=best/norm=false/smoother=hoa/backbone=sage/use_nfr=false/sanity_check=true/node_ratio=1/final_repeat10
4,512,5,12350,83.308715820312,0.739684753050,0.152175476610,0.213688079317,1,0.01,0.001,0.25,/data/hzw/Rethinking_DP_GNN_runtime/paper_experiments/figure10/x_steps=4.yaml/dataset=cora/feature=random_normal/feature_dim=512/random_normal_mean=0/random_normal_std=1/mechanism=mbm/x_eps=inf/m=best/norm=false/smoother=hoa/backbone=sage/use_nfr=false/sanity_check=true/node_ratio=1,/data/hzw/Rethinking_DP_GNN_runtime/paper_experiments/figure10/x_steps=4.yaml/dataset=cora/feature=random_normal/feature_dim=512/random_normal_mean=0/random_normal_std=1/mechanism=mbm/x_eps=inf/m=best/norm=false/smoother=hoa/backbone=sage/use_nfr=false/sanity_check=true/node_ratio=1/final_repeat10
4,512,6,12351,84.490394592285,0.740888601988,0.155535678852,0.213688079317,1,0.01,0.001,0.25,/data/hzw/Rethinking_DP_GNN_runtime/paper_experiments/figure10/x_steps=4.yaml/dataset=cora/feature=random_normal/feature_dim=512/random_normal_mean=0/random_normal_std=1/mechanism=mbm/x_eps=inf/m=best/norm=false/smoother=hoa/backbone=sage/use_nfr=false/sanity_check=true/node_ratio=1,/data/hzw/Rethinking_DP_GNN_runtime/paper_experiments/figure10/x_steps=4.yaml/dataset=cora/feature=random_normal/feature_dim=512/random_normal_mean=0/random_normal_std=1/mechanism=mbm/x_eps=inf/m=best/norm=false/smoother=hoa/backbone=sage/use_nfr=false/sanity_check=true/node_ratio=1/final_repeat10
4,512,7,12352,85.081237792969,0.739011933713,0.155480964404,0.213688079317,1,0.01,0.001,0.25,/data/hzw/Rethinking_DP_GNN_runtime/paper_experiments/figure10/x_steps=4.yaml/dataset=cora/feature=random_normal/feature_dim=512/random_normal_mean=0/random_normal_std=1/mechanism=mbm/x_eps=inf/m=best/norm=false/smoother=hoa/backbone=sage/use_nfr=false/sanity_check=true/node_ratio=1,/data/hzw/Rethinking_DP_GNN_runtime/paper_experiments/figure10/x_steps=4.yaml/dataset=cora/feature=random_normal/feature_dim=512/random_normal_mean=0/random_normal_std=1/mechanism=mbm/x_eps=inf/m=best/norm=false/smoother=hoa/backbone=sage/use_nfr=false/sanity_check=true/node_ratio=1/final_repeat10
4,512,8,12353,84.638107299805,0.737215397504,0.154390849736,0.213688079317,1,0.01,0.001,0.25,/data/hzw/Rethinking_DP_GNN_runtime/paper_experiments/figure10/x_steps=4.yaml/dataset=cora/feature=random_normal/feature_dim=512/random_normal_mean=0/random_normal_std=1/mechanism=mbm/x_eps=inf/m=best/norm=false/smoother=hoa/backbone=sage/use_nfr=false/sanity_check=true/node_ratio=1,/data/hzw/Rethinking_DP_GNN_runtime/paper_experiments/figure10/x_steps=4.yaml/dataset=cora/feature=random_normal/feature_dim=512/random_normal_mean=0/random_normal_std=1/mechanism=mbm/x_eps=inf/m=best/norm=false/smoother=hoa/backbone=sage/use_nfr=false/sanity_check=true/node_ratio=1/final_repeat10
4,512,9,12354,86.115211486816,0.739661846223,0.156718635118,0.213688079317,1,0.01,0.001,0.25,/data/hzw/Rethinking_DP_GNN_runtime/paper_experiments/figure10/x_steps=4.yaml/dataset=cora/feature=random_normal/feature_dim=512/random_normal_mean=0/random_normal_std=1/mechanism=mbm/x_eps=inf/m=best/norm=false/smoother=hoa/backbone=sage/use_nfr=false/sanity_check=true/node_ratio=1,/data/hzw/Rethinking_DP_GNN_runtime/paper_experiments/figure10/x_steps=4.yaml/dataset=cora/feature=random_normal/feature_dim=512/random_normal_mean=0/random_normal_std=1/mechanism=mbm/x_eps=inf/m=best/norm=false/smoother=hoa/backbone=sage/use_nfr=false/sanity_check=true/node_ratio=1/final_repeat10
4,1024,0,12345,84.490394592285,0.840000534544,0.179260396579,0.213688079317,0.0625,0.01,0.0001,0.25,/data/hzw/Rethinking_DP_GNN_runtime/paper_experiments/figure10/x_steps=4.yaml/dataset=cora/feature=random_normal/feature_dim=1024/scale=0.0625/random_normal_mean=0/random_normal_std=1/mechanism=mbm/x_eps=inf/m=best/norm=false/smoother=hoa/backbone=sage/use_nfr=false/sanity_check=true/node_ratio=1,/data/hzw/Rethinking_DP_GNN_runtime/paper_experiments/figure10/x_steps=4.yaml/dataset=cora/feature=random_normal/feature_dim=1024/scale=0.0625/random_normal_mean=0/random_normal_std=1/mechanism=mbm/x_eps=inf/m=best/norm=false/smoother=hoa/backbone=sage/use_nfr=false/sanity_check=true/node_ratio=1/final_repeat10
4,1024,1,12346,85.376663208008,0.842251438303,0.185117485019,0.213688079317,0.0625,0.01,0.0001,0.25,/data/hzw/Rethinking_DP_GNN_runtime/paper_experiments/figure10/x_steps=4.yaml/dataset=cora/feature=random_normal/feature_dim=1024/scale=0.0625/random_normal_mean=0/random_normal_std=1/mechanism=mbm/x_eps=inf/m=best/norm=false/smoother=hoa/backbone=sage/use_nfr=false/sanity_check=true/node_ratio=1,/data/hzw/Rethinking_DP_GNN_runtime/paper_experiments/figure10/x_steps=4.yaml/dataset=cora/feature=random_normal/feature_dim=1024/scale=0.0625/random_normal_mean=0/random_normal_std=1/mechanism=mbm/x_eps=inf/m=best/norm=false/smoother=hoa/backbone=sage/use_nfr=false/sanity_check=true/node_ratio=1/final_repeat10
4,1024,2,12347,86.262924194336,0.840837887389,0.175943417961,0.213688079317,0.0625,0.01,0.0001,0.25,/data/hzw/Rethinking_DP_GNN_runtime/paper_experiments/figure10/x_steps=4.yaml/dataset=cora/feature=random_normal/feature_dim=1024/scale=0.0625/random_normal_mean=0/random_normal_std=1/mechanism=mbm/x_eps=inf/m=best/norm=false/smoother=hoa/backbone=sage/use_nfr=false/sanity_check=true/node_ratio=1,/data/hzw/Rethinking_DP_GNN_runtime/paper_experiments/figure10/x_steps=4.yaml/dataset=cora/feature=random_normal/feature_dim=1024/scale=0.0625/random_normal_mean=0/random_normal_std=1/mechanism=mbm/x_eps=inf/m=best/norm=false/smoother=hoa/backbone=sage/use_nfr=false/sanity_check=true/node_ratio=1/final_repeat10
4,1024,3,12348,86.410636901855,0.841017124258,0.181048819607,0.213688079317,0.0625,0.01,0.0001,0.25,/data/hzw/Rethinking_DP_GNN_runtime/paper_experiments/figure10/x_steps=4.yaml/dataset=cora/feature=random_normal/feature_dim=1024/scale=0.0625/random_normal_mean=0/random_normal_std=1/mechanism=mbm/x_eps=inf/m=best/norm=false/smoother=hoa/backbone=sage/use_nfr=false/sanity_check=true/node_ratio=1,/data/hzw/Rethinking_DP_GNN_runtime/paper_experiments/figure10/x_steps=4.yaml/dataset=cora/feature=random_normal/feature_dim=1024/scale=0.0625/random_normal_mean=0/random_normal_std=1/mechanism=mbm/x_eps=inf/m=best/norm=false/smoother=hoa/backbone=sage/use_nfr=false/sanity_check=true/node_ratio=1/final_repeat10
4,1024,4,12349,84.490394592285,0.841069779209,0.180792842013,0.213688079317,0.0625,0.01,0.0001,0.25,/data/hzw/Rethinking_DP_GNN_runtime/paper_experiments/figure10/x_steps=4.yaml/dataset=cora/feature=random_normal/feature_dim=1024/scale=0.0625/random_normal_mean=0/random_normal_std=1/mechanism=mbm/x_eps=inf/m=best/norm=false/smoother=hoa/backbone=sage/use_nfr=false/sanity_check=true/node_ratio=1,/data/hzw/Rethinking_DP_GNN_runtime/paper_experiments/figure10/x_steps=4.yaml/dataset=cora/feature=random_normal/feature_dim=1024/scale=0.0625/random_normal_mean=0/random_normal_std=1/mechanism=mbm/x_eps=inf/m=best/norm=false/smoother=hoa/backbone=sage/use_nfr=false/sanity_check=true/node_ratio=1/final_repeat10
4,1024,5,12350,83.899559020996,0.840878509886,0.186525709129,0.213688079317,0.0625,0.01,0.0001,0.25,/data/hzw/Rethinking_DP_GNN_runtime/paper_experiments/figure10/x_steps=4.yaml/dataset=cora/feature=random_normal/feature_dim=1024/scale=0.0625/random_normal_mean=0/random_normal_std=1/mechanism=mbm/x_eps=inf/m=best/norm=false/smoother=hoa/backbone=sage/use_nfr=false/sanity_check=true/node_ratio=1,/data/hzw/Rethinking_DP_GNN_runtime/paper_experiments/figure10/x_steps=4.yaml/dataset=cora/feature=random_normal/feature_dim=1024/scale=0.0625/random_normal_mean=0/random_normal_std=1/mechanism=mbm/x_eps=inf/m=best/norm=false/smoother=hoa/backbone=sage/use_nfr=false/sanity_check=true/node_ratio=1/final_repeat10
4,1024,6,12351,84.933532714844,0.840537598548,0.181833441276,0.213688079317,0.0625,0.01,0.0001,0.25,/data/hzw/Rethinking_DP_GNN_runtime/paper_experiments/figure10/x_steps=4.yaml/dataset=cora/feature=random_normal/feature_dim=1024/scale=0.0625/random_normal_mean=0/random_normal_std=1/mechanism=mbm/x_eps=inf/m=best/norm=false/smoother=hoa/backbone=sage/use_nfr=false/sanity_check=true/node_ratio=1,/data/hzw/Rethinking_DP_GNN_runtime/paper_experiments/figure10/x_steps=4.yaml/dataset=cora/feature=random_normal/feature_dim=1024/scale=0.0625/random_normal_mean=0/random_normal_std=1/mechanism=mbm/x_eps=inf/m=best/norm=false/smoother=hoa/backbone=sage/use_nfr=false/sanity_check=true/node_ratio=1/final_repeat10
4,1024,7,12352,86.706054687500,0.841647268292,0.180249030725,0.213688079317,0.0625,0.01,0.0001,0.25,/data/hzw/Rethinking_DP_GNN_runtime/paper_experiments/figure10/x_steps=4.yaml/dataset=cora/feature=random_normal/feature_dim=1024/scale=0.0625/random_normal_mean=0/random_normal_std=1/mechanism=mbm/x_eps=inf/m=best/norm=false/smoother=hoa/backbone=sage/use_nfr=false/sanity_check=true/node_ratio=1,/data/hzw/Rethinking_DP_GNN_runtime/paper_experiments/figure10/x_steps=4.yaml/dataset=cora/feature=random_normal/feature_dim=1024/scale=0.0625/random_normal_mean=0/random_normal_std=1/mechanism=mbm/x_eps=inf/m=best/norm=false/smoother=hoa/backbone=sage/use_nfr=false/sanity_check=true/node_ratio=1/final_repeat10
4,1024,8,12353,85.228950500488,0.840442366070,0.182038735397,0.213688079317,0.0625,0.01,0.0001,0.25,/data/hzw/Rethinking_DP_GNN_runtime/paper_experiments/figure10/x_steps=4.yaml/dataset=cora/feature=random_normal/feature_dim=1024/scale=0.0625/random_normal_mean=0/random_normal_std=1/mechanism=mbm/x_eps=inf/m=best/norm=false/smoother=hoa/backbone=sage/use_nfr=false/sanity_check=true/node_ratio=1,/data/hzw/Rethinking_DP_GNN_runtime/paper_experiments/figure10/x_steps=4.yaml/dataset=cora/feature=random_normal/feature_dim=1024/scale=0.0625/random_normal_mean=0/random_normal_std=1/mechanism=mbm/x_eps=inf/m=best/norm=false/smoother=hoa/backbone=sage/use_nfr=false/sanity_check=true/node_ratio=1/final_repeat10
4,1024,9,12354,85.672080993652,0.840382336122,0.175901560132,0.213688079317,0.0625,0.01,0.0001,0.25,/data/hzw/Rethinking_DP_GNN_runtime/paper_experiments/figure10/x_steps=4.yaml/dataset=cora/feature=random_normal/feature_dim=1024/scale=0.0625/random_normal_mean=0/random_normal_std=1/mechanism=mbm/x_eps=inf/m=best/norm=false/smoother=hoa/backbone=sage/use_nfr=false/sanity_check=true/node_ratio=1,/data/hzw/Rethinking_DP_GNN_runtime/paper_experiments/figure10/x_steps=4.yaml/dataset=cora/feature=random_normal/feature_dim=1024/scale=0.0625/random_normal_mean=0/random_normal_std=1/mechanism=mbm/x_eps=inf/m=best/norm=false/smoother=hoa/backbone=sage/use_nfr=false/sanity_check=true/node_ratio=1/final_repeat10
4,2048,0,12345,83.899559020996,0.910326874936,0.196145146848,0.213688079317,1,0.01,0.001,0.25,/data/hzw/Rethinking_DP_GNN_runtime/paper_experiments/figure10/x_steps=4.yaml/dataset=cora/feature=random_normal/feature_dim=2048/random_normal_mean=0/random_normal_std=1/mechanism=mbm/x_eps=inf/m=best/norm=false/smoother=hoa/backbone=sage/use_nfr=false/sanity_check=true/node_ratio=1,/data/hzw/Rethinking_DP_GNN_runtime/paper_experiments/figure10/x_steps=4.yaml/dataset=cora/feature=random_normal/feature_dim=2048/random_normal_mean=0/random_normal_std=1/mechanism=mbm/x_eps=inf/m=best/norm=false/smoother=hoa/backbone=sage/use_nfr=false/sanity_check=true/node_ratio=1/final_repeat10
4,2048,1,12346,84.047264099121,0.910696373397,0.197434714361,0.213688079317,1,0.01,0.001,0.25,/data/hzw/Rethinking_DP_GNN_runtime/paper_experiments/figure10/x_steps=4.yaml/dataset=cora/feature=random_normal/feature_dim=2048/random_normal_mean=0/random_normal_std=1/mechanism=mbm/x_eps=inf/m=best/norm=false/smoother=hoa/backbone=sage/use_nfr=false/sanity_check=true/node_ratio=1,/data/hzw/Rethinking_DP_GNN_runtime/paper_experiments/figure10/x_steps=4.yaml/dataset=cora/feature=random_normal/feature_dim=2048/random_normal_mean=0/random_normal_std=1/mechanism=mbm/x_eps=inf/m=best/norm=false/smoother=hoa/backbone=sage/use_nfr=false/sanity_check=true/node_ratio=1/final_repeat10
4,2048,2,12347,86.558341979980,0.909745287085,0.194262681195,0.213688079317,1,0.01,0.001,0.25,/data/hzw/Rethinking_DP_GNN_runtime/paper_experiments/figure10/x_steps=4.yaml/dataset=cora/feature=random_normal/feature_dim=2048/random_normal_mean=0/random_normal_std=1/mechanism=mbm/x_eps=inf/m=best/norm=false/smoother=hoa/backbone=sage/use_nfr=false/sanity_check=true/node_ratio=1,/data/hzw/Rethinking_DP_GNN_runtime/paper_experiments/figure10/x_steps=4.yaml/dataset=cora/feature=random_normal/feature_dim=2048/random_normal_mean=0/random_normal_std=1/mechanism=mbm/x_eps=inf/m=best/norm=false/smoother=hoa/backbone=sage/use_nfr=false/sanity_check=true/node_ratio=1/final_repeat10
4,2048,3,12348,85.672080993652,0.909801153728,0.193687030165,0.213688079317,1,0.01,0.001,0.25,/data/hzw/Rethinking_DP_GNN_runtime/paper_experiments/figure10/x_steps=4.yaml/dataset=cora/feature=random_normal/feature_dim=2048/random_normal_mean=0/random_normal_std=1/mechanism=mbm/x_eps=inf/m=best/norm=false/smoother=hoa/backbone=sage/use_nfr=false/sanity_check=true/node_ratio=1,/data/hzw/Rethinking_DP_GNN_runtime/paper_experiments/figure10/x_steps=4.yaml/dataset=cora/feature=random_normal/feature_dim=2048/random_normal_mean=0/random_normal_std=1/mechanism=mbm/x_eps=inf/m=best/norm=false/smoother=hoa/backbone=sage/use_nfr=false/sanity_check=true/node_ratio=1/final_repeat10
4,2048,4,12349,84.785820007324,0.910067259524,0.191724375049,0.213688079317,1,0.01,0.001,0.25,/data/hzw/Rethinking_DP_GNN_runtime/paper_experiments/figure10/x_steps=4.yaml/dataset=cora/feature=random_normal/feature_dim=2048/random_normal_mean=0/random_normal_std=1/mechanism=mbm/x_eps=inf/m=best/norm=false/smoother=hoa/backbone=sage/use_nfr=false/sanity_check=true/node_ratio=1,/data/hzw/Rethinking_DP_GNN_runtime/paper_experiments/figure10/x_steps=4.yaml/dataset=cora/feature=random_normal/feature_dim=2048/random_normal_mean=0/random_normal_std=1/mechanism=mbm/x_eps=inf/m=best/norm=false/smoother=hoa/backbone=sage/use_nfr=false/sanity_check=true/node_ratio=1/final_repeat10
4,2048,5,12350,83.751846313477,0.910132770699,0.195471469586,0.213688079317,1,0.01,0.001,0.25,/data/hzw/Rethinking_DP_GNN_runtime/paper_experiments/figure10/x_steps=4.yaml/dataset=cora/feature=random_normal/feature_dim=2048/random_normal_mean=0/random_normal_std=1/mechanism=mbm/x_eps=inf/m=best/norm=false/smoother=hoa/backbone=sage/use_nfr=false/sanity_check=true/node_ratio=1,/data/hzw/Rethinking_DP_GNN_runtime/paper_experiments/figure10/x_steps=4.yaml/dataset=cora/feature=random_normal/feature_dim=2048/random_normal_mean=0/random_normal_std=1/mechanism=mbm/x_eps=inf/m=best/norm=false/smoother=hoa/backbone=sage/use_nfr=false/sanity_check=true/node_ratio=1/final_repeat10
4,2048,6,12351,84.342689514160,0.909647777561,0.197781570392,0.213688079317,1,0.01,0.001,0.25,/data/hzw/Rethinking_DP_GNN_runtime/paper_experiments/figure10/x_steps=4.yaml/dataset=cora/feature=random_normal/feature_dim=2048/random_normal_mean=0/random_normal_std=1/mechanism=mbm/x_eps=inf/m=best/norm=false/smoother=hoa/backbone=sage/use_nfr=false/sanity_check=true/node_ratio=1,/data/hzw/Rethinking_DP_GNN_runtime/paper_experiments/figure10/x_steps=4.yaml/dataset=cora/feature=random_normal/feature_dim=2048/random_normal_mean=0/random_normal_std=1/mechanism=mbm/x_eps=inf/m=best/norm=false/smoother=hoa/backbone=sage/use_nfr=false/sanity_check=true/node_ratio=1/final_repeat10
4,2048,7,12352,86.115211486816,0.909993463330,0.192417722309,0.213688079317,1,0.01,0.001,0.25,/data/hzw/Rethinking_DP_GNN_runtime/paper_experiments/figure10/x_steps=4.yaml/dataset=cora/feature=random_normal/feature_dim=2048/random_normal_mean=0/random_normal_std=1/mechanism=mbm/x_eps=inf/m=best/norm=false/smoother=hoa/backbone=sage/use_nfr=false/sanity_check=true/node_ratio=1,/data/hzw/Rethinking_DP_GNN_runtime/paper_experiments/figure10/x_steps=4.yaml/dataset=cora/feature=random_normal/feature_dim=2048/random_normal_mean=0/random_normal_std=1/mechanism=mbm/x_eps=inf/m=best/norm=false/smoother=hoa/backbone=sage/use_nfr=false/sanity_check=true/node_ratio=1/final_repeat10
4,2048,8,12353,84.342689514160,0.910452592111,0.194416038831,0.213688079317,1,0.01,0.001,0.25,/data/hzw/Rethinking_DP_GNN_runtime/paper_experiments/figure10/x_steps=4.yaml/dataset=cora/feature=random_normal/feature_dim=2048/random_normal_mean=0/random_normal_std=1/mechanism=mbm/x_eps=inf/m=best/norm=false/smoother=hoa/backbone=sage/use_nfr=false/sanity_check=true/node_ratio=1,/data/hzw/Rethinking_DP_GNN_runtime/paper_experiments/figure10/x_steps=4.yaml/dataset=cora/feature=random_normal/feature_dim=2048/random_normal_mean=0/random_normal_std=1/mechanism=mbm/x_eps=inf/m=best/norm=false/smoother=hoa/backbone=sage/use_nfr=false/sanity_check=true/node_ratio=1/final_repeat10
4,2048,9,12354,87.001472473145,0.909944783888,0.191003096626,0.213688079317,1,0.01,0.001,0.25,/data/hzw/Rethinking_DP_GNN_runtime/paper_experiments/figure10/x_steps=4.yaml/dataset=cora/feature=random_normal/feature_dim=2048/random_normal_mean=0/random_normal_std=1/mechanism=mbm/x_eps=inf/m=best/norm=false/smoother=hoa/backbone=sage/use_nfr=false/sanity_check=true/node_ratio=1,/data/hzw/Rethinking_DP_GNN_runtime/paper_experiments/figure10/x_steps=4.yaml/dataset=cora/feature=random_normal/feature_dim=2048/random_normal_mean=0/random_normal_std=1/mechanism=mbm/x_eps=inf/m=best/norm=false/smoother=hoa/backbone=sage/use_nfr=false/sanity_check=true/node_ratio=1/final_repeat10
4,4096,0,12345,84.490394592285,0.952020390336,0.201865028446,0.213688079317,0.25,0.01,0.001,0.5,/data/hzw/Rethinking_DP_GNN_runtime/paper_experiments/figure10/x_steps=4.yaml/dataset=cora/feature=random_normal/feature_dim=4096/scale=0.25/random_normal_mean=0/random_normal_std=1/mechanism=mbm/x_eps=inf/m=best/norm=false/smoother=hoa/backbone=sage/use_nfr=false/sanity_check=true/node_ratio=1,/data/hzw/Rethinking_DP_GNN_runtime/paper_experiments/figure10/x_steps=4.yaml/dataset=cora/feature=random_normal/feature_dim=4096/scale=0.25/random_normal_mean=0/random_normal_std=1/mechanism=mbm/x_eps=inf/m=best/norm=false/smoother=hoa/backbone=sage/use_nfr=false/sanity_check=true/node_ratio=1/final_repeat10
4,4096,1,12346,85.524368286133,0.952118313623,0.205776821404,0.213688079317,0.25,0.01,0.001,0.5,/data/hzw/Rethinking_DP_GNN_runtime/paper_experiments/figure10/x_steps=4.yaml/dataset=cora/feature=random_normal/feature_dim=4096/scale=0.25/random_normal_mean=0/random_normal_std=1/mechanism=mbm/x_eps=inf/m=best/norm=false/smoother=hoa/backbone=sage/use_nfr=false/sanity_check=true/node_ratio=1,/data/hzw/Rethinking_DP_GNN_runtime/paper_experiments/figure10/x_steps=4.yaml/dataset=cora/feature=random_normal/feature_dim=4096/scale=0.25/random_normal_mean=0/random_normal_std=1/mechanism=mbm/x_eps=inf/m=best/norm=false/smoother=hoa/backbone=sage/use_nfr=false/sanity_check=true/node_ratio=1/final_repeat10
4,4096,2,12347,87.740028381348,0.951697989654,0.201142802887,0.213688079317,0.25,0.01,0.001,0.5,/data/hzw/Rethinking_DP_GNN_runtime/paper_experiments/figure10/x_steps=4.yaml/dataset=cora/feature=random_normal/feature_dim=4096/scale=0.25/random_normal_mean=0/random_normal_std=1/mechanism=mbm/x_eps=inf/m=best/norm=false/smoother=hoa/backbone=sage/use_nfr=false/sanity_check=true/node_ratio=1,/data/hzw/Rethinking_DP_GNN_runtime/paper_experiments/figure10/x_steps=4.yaml/dataset=cora/feature=random_normal/feature_dim=4096/scale=0.25/random_normal_mean=0/random_normal_std=1/mechanism=mbm/x_eps=inf/m=best/norm=false/smoother=hoa/backbone=sage/use_nfr=false/sanity_check=true/node_ratio=1/final_repeat10
4,4096,3,12348,85.228950500488,0.951815478096,0.202522482917,0.213688079317,0.25,0.01,0.001,0.5,/data/hzw/Rethinking_DP_GNN_runtime/paper_experiments/figure10/x_steps=4.yaml/dataset=cora/feature=random_normal/feature_dim=4096/scale=0.25/random_normal_mean=0/random_normal_std=1/mechanism=mbm/x_eps=inf/m=best/norm=false/smoother=hoa/backbone=sage/use_nfr=false/sanity_check=true/node_ratio=1,/data/hzw/Rethinking_DP_GNN_runtime/paper_experiments/figure10/x_steps=4.yaml/dataset=cora/feature=random_normal/feature_dim=4096/scale=0.25/random_normal_mean=0/random_normal_std=1/mechanism=mbm/x_eps=inf/m=best/norm=false/smoother=hoa/backbone=sage/use_nfr=false/sanity_check=true/node_ratio=1/final_repeat10
4,4096,4,12349,84.490394592285,0.951892381353,0.204155319652,0.213688079317,0.25,0.01,0.001,0.5,/data/hzw/Rethinking_DP_GNN_runtime/paper_experiments/figure10/x_steps=4.yaml/dataset=cora/feature=random_normal/feature_dim=4096/scale=0.25/random_normal_mean=0/random_normal_std=1/mechanism=mbm/x_eps=inf/m=best/norm=false/smoother=hoa/backbone=sage/use_nfr=false/sanity_check=true/node_ratio=1,/data/hzw/Rethinking_DP_GNN_runtime/paper_experiments/figure10/x_steps=4.yaml/dataset=cora/feature=random_normal/feature_dim=4096/scale=0.25/random_normal_mean=0/random_normal_std=1/mechanism=mbm/x_eps=inf/m=best/norm=false/smoother=hoa/backbone=sage/use_nfr=false/sanity_check=true/node_ratio=1/final_repeat10
4,4096,5,12350,84.047264099121,0.952413503429,0.203046019605,0.213688079317,0.25,0.01,0.001,0.5,/data/hzw/Rethinking_DP_GNN_runtime/paper_experiments/figure10/x_steps=4.yaml/dataset=cora/feature=random_normal/feature_dim=4096/scale=0.25/random_normal_mean=0/random_normal_std=1/mechanism=mbm/x_eps=inf/m=best/norm=false/smoother=hoa/backbone=sage/use_nfr=false/sanity_check=true/node_ratio=1,/data/hzw/Rethinking_DP_GNN_runtime/paper_experiments/figure10/x_steps=4.yaml/dataset=cora/feature=random_normal/feature_dim=4096/scale=0.25/random_normal_mean=0/random_normal_std=1/mechanism=mbm/x_eps=inf/m=best/norm=false/smoother=hoa/backbone=sage/use_nfr=false/sanity_check=true/node_ratio=1/final_repeat10
4,4096,6,12351,85.672080993652,0.952123048187,0.206706992446,0.213688079317,0.25,0.01,0.001,0.5,/data/hzw/Rethinking_DP_GNN_runtime/paper_experiments/figure10/x_steps=4.yaml/dataset=cora/feature=random_normal/feature_dim=4096/scale=0.25/random_normal_mean=0/random_normal_std=1/mechanism=mbm/x_eps=inf/m=best/norm=false/smoother=hoa/backbone=sage/use_nfr=false/sanity_check=true/node_ratio=1,/data/hzw/Rethinking_DP_GNN_runtime/paper_experiments/figure10/x_steps=4.yaml/dataset=cora/feature=random_normal/feature_dim=4096/scale=0.25/random_normal_mean=0/random_normal_std=1/mechanism=mbm/x_eps=inf/m=best/norm=false/smoother=hoa/backbone=sage/use_nfr=false/sanity_check=true/node_ratio=1/final_repeat10
4,4096,7,12352,85.524368286133,0.951735974755,0.202511347638,0.213688079317,0.25,0.01,0.001,0.5,/data/hzw/Rethinking_DP_GNN_runtime/paper_experiments/figure10/x_steps=4.yaml/dataset=cora/feature=random_normal/feature_dim=4096/scale=0.25/random_normal_mean=0/random_normal_std=1/mechanism=mbm/x_eps=inf/m=best/norm=false/smoother=hoa/backbone=sage/use_nfr=false/sanity_check=true/node_ratio=1,/data/hzw/Rethinking_DP_GNN_runtime/paper_experiments/figure10/x_steps=4.yaml/dataset=cora/feature=random_normal/feature_dim=4096/scale=0.25/random_normal_mean=0/random_normal_std=1/mechanism=mbm/x_eps=inf/m=best/norm=false/smoother=hoa/backbone=sage/use_nfr=false/sanity_check=true/node_ratio=1/final_repeat10
4,4096,8,12353,85.081237792969,0.952092370517,0.205015635791,0.213688079317,0.25,0.01,0.001,0.5,/data/hzw/Rethinking_DP_GNN_runtime/paper_experiments/figure10/x_steps=4.yaml/dataset=cora/feature=random_normal/feature_dim=4096/scale=0.25/random_normal_mean=0/random_normal_std=1/mechanism=mbm/x_eps=inf/m=best/norm=false/smoother=hoa/backbone=sage/use_nfr=false/sanity_check=true/node_ratio=1,/data/hzw/Rethinking_DP_GNN_runtime/paper_experiments/figure10/x_steps=4.yaml/dataset=cora/feature=random_normal/feature_dim=4096/scale=0.25/random_normal_mean=0/random_normal_std=1/mechanism=mbm/x_eps=inf/m=best/norm=false/smoother=hoa/backbone=sage/use_nfr=false/sanity_check=true/node_ratio=1/final_repeat10
4,4096,9,12354,87.444610595703,0.952292721069,0.204883618903,0.213688079317,0.25,0.01,0.001,0.5,/data/hzw/Rethinking_DP_GNN_runtime/paper_experiments/figure10/x_steps=4.yaml/dataset=cora/feature=random_normal/feature_dim=4096/scale=0.25/random_normal_mean=0/random_normal_std=1/mechanism=mbm/x_eps=inf/m=best/norm=false/smoother=hoa/backbone=sage/use_nfr=false/sanity_check=true/node_ratio=1,/data/hzw/Rethinking_DP_GNN_runtime/paper_experiments/figure10/x_steps=4.yaml/dataset=cora/feature=random_normal/feature_dim=4096/scale=0.25/random_normal_mean=0/random_normal_std=1/mechanism=mbm/x_eps=inf/m=best/norm=false/smoother=hoa/backbone=sage/use_nfr=false/sanity_check=true/node_ratio=1/final_repeat10
4,8192,0,12345,84.638107299805,0.975161144960,0.208246172706,0.213688079317,0.0625,0.01,0.0001,0.75,/data/hzw/Rethinking_DP_GNN_runtime/paper_experiments/figure10/x_steps=4.yaml/dataset=cora/feature=random_normal/feature_dim=8192/scale=0.0625/random_normal_mean=0/random_normal_std=1/mechanism=mbm/x_eps=inf/m=best/norm=false/smoother=hoa/backbone=sage/use_nfr=false/sanity_check=true/node_ratio=1,/data/hzw/Rethinking_DP_GNN_runtime/paper_experiments/figure10/x_steps=4.yaml/dataset=cora/feature=random_normal/feature_dim=8192/scale=0.0625/random_normal_mean=0/random_normal_std=1/mechanism=mbm/x_eps=inf/m=best/norm=false/smoother=hoa/backbone=sage/use_nfr=false/sanity_check=true/node_ratio=1/final_repeat10
4,8192,1,12346,86.115211486816,0.975315535450,0.209024498487,0.213688079317,0.0625,0.01,0.0001,0.75,/data/hzw/Rethinking_DP_GNN_runtime/paper_experiments/figure10/x_steps=4.yaml/dataset=cora/feature=random_normal/feature_dim=8192/scale=0.0625/random_normal_mean=0/random_normal_std=1/mechanism=mbm/x_eps=inf/m=best/norm=false/smoother=hoa/backbone=sage/use_nfr=false/sanity_check=true/node_ratio=1,/data/hzw/Rethinking_DP_GNN_runtime/paper_experiments/figure10/x_steps=4.yaml/dataset=cora/feature=random_normal/feature_dim=8192/scale=0.0625/random_normal_mean=0/random_normal_std=1/mechanism=mbm/x_eps=inf/m=best/norm=false/smoother=hoa/backbone=sage/use_nfr=false/sanity_check=true/node_ratio=1/final_repeat10
4,8192,2,12347,87.887741088867,0.975079550875,0.209677418826,0.213688079317,0.0625,0.01,0.0001,0.75,/data/hzw/Rethinking_DP_GNN_runtime/paper_experiments/figure10/x_steps=4.yaml/dataset=cora/feature=random_normal/feature_dim=8192/scale=0.0625/random_normal_mean=0/random_normal_std=1/mechanism=mbm/x_eps=inf/m=best/norm=false/smoother=hoa/backbone=sage/use_nfr=false/sanity_check=true/node_ratio=1,/data/hzw/Rethinking_DP_GNN_runtime/paper_experiments/figure10/x_steps=4.yaml/dataset=cora/feature=random_normal/feature_dim=8192/scale=0.0625/random_normal_mean=0/random_normal_std=1/mechanism=mbm/x_eps=inf/m=best/norm=false/smoother=hoa/backbone=sage/use_nfr=false/sanity_check=true/node_ratio=1/final_repeat10
4,8192,3,12348,86.262924194336,0.974954342790,0.207420582230,0.213688079317,0.0625,0.01,0.0001,0.75,/data/hzw/Rethinking_DP_GNN_runtime/paper_experiments/figure10/x_steps=4.yaml/dataset=cora/feature=random_normal/feature_dim=8192/scale=0.0625/random_normal_mean=0/random_normal_std=1/mechanism=mbm/x_eps=inf/m=best/norm=false/smoother=hoa/backbone=sage/use_nfr=false/sanity_check=true/node_ratio=1,/data/hzw/Rethinking_DP_GNN_runtime/paper_experiments/figure10/x_steps=4.yaml/dataset=cora/feature=random_normal/feature_dim=8192/scale=0.0625/random_normal_mean=0/random_normal_std=1/mechanism=mbm/x_eps=inf/m=best/norm=false/smoother=hoa/backbone=sage/use_nfr=false/sanity_check=true/node_ratio=1/final_repeat10
4,8192,4,12349,85.228950500488,0.975179961528,0.208847026078,0.213688079317,0.0625,0.01,0.0001,0.75,/data/hzw/Rethinking_DP_GNN_runtime/paper_experiments/figure10/x_steps=4.yaml/dataset=cora/feature=random_normal/feature_dim=8192/scale=0.0625/random_normal_mean=0/random_normal_std=1/mechanism=mbm/x_eps=inf/m=best/norm=false/smoother=hoa/backbone=sage/use_nfr=false/sanity_check=true/node_ratio=1,/data/hzw/Rethinking_DP_GNN_runtime/paper_experiments/figure10/x_steps=4.yaml/dataset=cora/feature=random_normal/feature_dim=8192/scale=0.0625/random_normal_mean=0/random_normal_std=1/mechanism=mbm/x_eps=inf/m=best/norm=false/smoother=hoa/backbone=sage/use_nfr=false/sanity_check=true/node_ratio=1/final_repeat10
4,8192,5,12350,83.899559020996,0.974998606751,0.207911336808,0.213688079317,0.0625,0.01,0.0001,0.75,/data/hzw/Rethinking_DP_GNN_runtime/paper_experiments/figure10/x_steps=4.yaml/dataset=cora/feature=random_normal/feature_dim=8192/scale=0.0625/random_normal_mean=0/random_normal_std=1/mechanism=mbm/x_eps=inf/m=best/norm=false/smoother=hoa/backbone=sage/use_nfr=false/sanity_check=true/node_ratio=1,/data/hzw/Rethinking_DP_GNN_runtime/paper_experiments/figure10/x_steps=4.yaml/dataset=cora/feature=random_normal/feature_dim=8192/scale=0.0625/random_normal_mean=0/random_normal_std=1/mechanism=mbm/x_eps=inf/m=best/norm=false/smoother=hoa/backbone=sage/use_nfr=false/sanity_check=true/node_ratio=1/final_repeat10
4,8192,6,12351,84.785820007324,0.975115271781,0.207525241932,0.213688079317,0.0625,0.01,0.0001,0.75,/data/hzw/Rethinking_DP_GNN_runtime/paper_experiments/figure10/x_steps=4.yaml/dataset=cora/feature=random_normal/feature_dim=8192/scale=0.0625/random_normal_mean=0/random_normal_std=1/mechanism=mbm/x_eps=inf/m=best/norm=false/smoother=hoa/backbone=sage/use_nfr=false/sanity_check=true/node_ratio=1,/data/hzw/Rethinking_DP_GNN_runtime/paper_experiments/figure10/x_steps=4.yaml/dataset=cora/feature=random_normal/feature_dim=8192/scale=0.0625/random_normal_mean=0/random_normal_std=1/mechanism=mbm/x_eps=inf/m=best/norm=false/smoother=hoa/backbone=sage/use_nfr=false/sanity_check=true/node_ratio=1/final_repeat10
4,8192,7,12352,87.149185180664,0.975069178367,0.208268620113,0.213688079317,0.0625,0.01,0.0001,0.75,/data/hzw/Rethinking_DP_GNN_runtime/paper_experiments/figure10/x_steps=4.yaml/dataset=cora/feature=random_normal/feature_dim=8192/scale=0.0625/random_normal_mean=0/random_normal_std=1/mechanism=mbm/x_eps=inf/m=best/norm=false/smoother=hoa/backbone=sage/use_nfr=false/sanity_check=true/node_ratio=1,/data/hzw/Rethinking_DP_GNN_runtime/paper_experiments/figure10/x_steps=4.yaml/dataset=cora/feature=random_normal/feature_dim=8192/scale=0.0625/random_normal_mean=0/random_normal_std=1/mechanism=mbm/x_eps=inf/m=best/norm=false/smoother=hoa/backbone=sage/use_nfr=false/sanity_check=true/node_ratio=1/final_repeat10
4,8192,8,12353,85.819793701172,0.975113336506,0.210397942885,0.213688079317,0.0625,0.01,0.0001,0.75,/data/hzw/Rethinking_DP_GNN_runtime/paper_experiments/figure10/x_steps=4.yaml/dataset=cora/feature=random_normal/feature_dim=8192/scale=0.0625/random_normal_mean=0/random_normal_std=1/mechanism=mbm/x_eps=inf/m=best/norm=false/smoother=hoa/backbone=sage/use_nfr=false/sanity_check=true/node_ratio=1,/data/hzw/Rethinking_DP_GNN_runtime/paper_experiments/figure10/x_steps=4.yaml/dataset=cora/feature=random_normal/feature_dim=8192/scale=0.0625/random_normal_mean=0/random_normal_std=1/mechanism=mbm/x_eps=inf/m=best/norm=false/smoother=hoa/backbone=sage/use_nfr=false/sanity_check=true/node_ratio=1/final_repeat10
4,8192,9,12354,86.410636901855,0.974973714610,0.208066145682,0.213688079317,0.0625,0.01,0.0001,0.75,/data/hzw/Rethinking_DP_GNN_runtime/paper_experiments/figure10/x_steps=4.yaml/dataset=cora/feature=random_normal/feature_dim=8192/scale=0.0625/random_normal_mean=0/random_normal_std=1/mechanism=mbm/x_eps=inf/m=best/norm=false/smoother=hoa/backbone=sage/use_nfr=false/sanity_check=true/node_ratio=1,/data/hzw/Rethinking_DP_GNN_runtime/paper_experiments/figure10/x_steps=4.yaml/dataset=cora/feature=random_normal/feature_dim=8192/scale=0.0625/random_normal_mean=0/random_normal_std=1/mechanism=mbm/x_eps=inf/m=best/norm=false/smoother=hoa/backbone=sage/use_nfr=false/sanity_check=true/node_ratio=1/final_repeat10
4,16384,0,12345,85.672080993652,0.987395385927,0.211525980495,0.213688079317,4,0.01,0.01,0.75,/data/hzw/Rethinking_DP_GNN_runtime/paper_experiments/figure10/x_steps=4.yaml/dataset=cora/feature=random_normal/feature_dim=16384/scale=4/random_normal_mean=0/random_normal_std=1/mechanism=mbm/x_eps=inf/m=best/norm=false/smoother=hoa/backbone=sage/use_nfr=false/sanity_check=true/node_ratio=1,/data/hzw/Rethinking_DP_GNN_runtime/paper_experiments/figure10/x_steps=4.yaml/dataset=cora/feature=random_normal/feature_dim=16384/scale=4/random_normal_mean=0/random_normal_std=1/mechanism=mbm/x_eps=inf/m=best/norm=false/smoother=hoa/backbone=sage/use_nfr=false/sanity_check=true/node_ratio=1/final_repeat10
4,16384,1,12346,85.376663208008,0.987303688693,0.209992046381,0.213688079317,4,0.01,0.01,0.75,/data/hzw/Rethinking_DP_GNN_runtime/paper_experiments/figure10/x_steps=4.yaml/dataset=cora/feature=random_normal/feature_dim=16384/scale=4/random_normal_mean=0/random_normal_std=1/mechanism=mbm/x_eps=inf/m=best/norm=false/smoother=hoa/backbone=sage/use_nfr=false/sanity_check=true/node_ratio=1,/data/hzw/Rethinking_DP_GNN_runtime/paper_experiments/figure10/x_steps=4.yaml/dataset=cora/feature=random_normal/feature_dim=16384/scale=4/random_normal_mean=0/random_normal_std=1/mechanism=mbm/x_eps=inf/m=best/norm=false/smoother=hoa/backbone=sage/use_nfr=false/sanity_check=true/node_ratio=1/final_repeat10
4,16384,2,12347,87.887741088867,0.987358414068,0.211689456365,0.213688079317,4,0.01,0.01,0.75,/data/hzw/Rethinking_DP_GNN_runtime/paper_experiments/figure10/x_steps=4.yaml/dataset=cora/feature=random_normal/feature_dim=16384/scale=4/random_normal_mean=0/random_normal_std=1/mechanism=mbm/x_eps=inf/m=best/norm=false/smoother=hoa/backbone=sage/use_nfr=false/sanity_check=true/node_ratio=1,/data/hzw/Rethinking_DP_GNN_runtime/paper_experiments/figure10/x_steps=4.yaml/dataset=cora/feature=random_normal/feature_dim=16384/scale=4/random_normal_mean=0/random_normal_std=1/mechanism=mbm/x_eps=inf/m=best/norm=false/smoother=hoa/backbone=sage/use_nfr=false/sanity_check=true/node_ratio=1/final_repeat10
4,16384,3,12348,85.819793701172,0.987237084627,0.208966478872,0.213688079317,4,0.01,0.01,0.75,/data/hzw/Rethinking_DP_GNN_runtime/paper_experiments/figure10/x_steps=4.yaml/dataset=cora/feature=random_normal/feature_dim=16384/scale=4/random_normal_mean=0/random_normal_std=1/mechanism=mbm/x_eps=inf/m=best/norm=false/smoother=hoa/backbone=sage/use_nfr=false/sanity_check=true/node_ratio=1,/data/hzw/Rethinking_DP_GNN_runtime/paper_experiments/figure10/x_steps=4.yaml/dataset=cora/feature=random_normal/feature_dim=16384/scale=4/random_normal_mean=0/random_normal_std=1/mechanism=mbm/x_eps=inf/m=best/norm=false/smoother=hoa/backbone=sage/use_nfr=false/sanity_check=true/node_ratio=1/final_repeat10
4,16384,4,12349,85.672080993652,0.987301832642,0.210798808356,0.213688079317,4,0.01,0.01,0.75,/data/hzw/Rethinking_DP_GNN_runtime/paper_experiments/figure10/x_steps=4.yaml/dataset=cora/feature=random_normal/feature_dim=16384/scale=4/random_normal_mean=0/random_normal_std=1/mechanism=mbm/x_eps=inf/m=best/norm=false/smoother=hoa/backbone=sage/use_nfr=false/sanity_check=true/node_ratio=1,/data/hzw/Rethinking_DP_GNN_runtime/paper_experiments/figure10/x_steps=4.yaml/dataset=cora/feature=random_normal/feature_dim=16384/scale=4/random_normal_mean=0/random_normal_std=1/mechanism=mbm/x_eps=inf/m=best/norm=false/smoother=hoa/backbone=sage/use_nfr=false/sanity_check=true/node_ratio=1/final_repeat10
4,16384,5,12350,83.308715820312,0.987404535540,0.211228281499,0.213688079317,4,0.01,0.01,0.75,/data/hzw/Rethinking_DP_GNN_runtime/paper_experiments/figure10/x_steps=4.yaml/dataset=cora/feature=random_normal/feature_dim=16384/scale=4/random_normal_mean=0/random_normal_std=1/mechanism=mbm/x_eps=inf/m=best/norm=false/smoother=hoa/backbone=sage/use_nfr=false/sanity_check=true/node_ratio=1,/data/hzw/Rethinking_DP_GNN_runtime/paper_experiments/figure10/x_steps=4.yaml/dataset=cora/feature=random_normal/feature_dim=16384/scale=4/random_normal_mean=0/random_normal_std=1/mechanism=mbm/x_eps=inf/m=best/norm=false/smoother=hoa/backbone=sage/use_nfr=false/sanity_check=true/node_ratio=1/final_repeat10
4,16384,6,12351,85.228950500488,0.987339031344,0.210844839884,0.213688079317,4,0.01,0.01,0.75,/data/hzw/Rethinking_DP_GNN_runtime/paper_experiments/figure10/x_steps=4.yaml/dataset=cora/feature=random_normal/feature_dim=16384/scale=4/random_normal_mean=0/random_normal_std=1/mechanism=mbm/x_eps=inf/m=best/norm=false/smoother=hoa/backbone=sage/use_nfr=false/sanity_check=true/node_ratio=1,/data/hzw/Rethinking_DP_GNN_runtime/paper_experiments/figure10/x_steps=4.yaml/dataset=cora/feature=random_normal/feature_dim=16384/scale=4/random_normal_mean=0/random_normal_std=1/mechanism=mbm/x_eps=inf/m=best/norm=false/smoother=hoa/backbone=sage/use_nfr=false/sanity_check=true/node_ratio=1/final_repeat10
4,16384,7,12352,87.296897888184,0.987289572016,0.211543441038,0.213688079317,4,0.01,0.01,0.75,/data/hzw/Rethinking_DP_GNN_runtime/paper_experiments/figure10/x_steps=4.yaml/dataset=cora/feature=random_normal/feature_dim=16384/scale=4/random_normal_mean=0/random_normal_std=1/mechanism=mbm/x_eps=inf/m=best/norm=false/smoother=hoa/backbone=sage/use_nfr=false/sanity_check=true/node_ratio=1,/data/hzw/Rethinking_DP_GNN_runtime/paper_experiments/figure10/x_steps=4.yaml/dataset=cora/feature=random_normal/feature_dim=16384/scale=4/random_normal_mean=0/random_normal_std=1/mechanism=mbm/x_eps=inf/m=best/norm=false/smoother=hoa/backbone=sage/use_nfr=false/sanity_check=true/node_ratio=1/final_repeat10
4,16384,8,12353,85.967498779297,0.987333106590,0.211356059506,0.213688079317,4,0.01,0.01,0.75,/data/hzw/Rethinking_DP_GNN_runtime/paper_experiments/figure10/x_steps=4.yaml/dataset=cora/feature=random_normal/feature_dim=16384/scale=4/random_normal_mean=0/random_normal_std=1/mechanism=mbm/x_eps=inf/m=best/norm=false/smoother=hoa/backbone=sage/use_nfr=false/sanity_check=true/node_ratio=1,/data/hzw/Rethinking_DP_GNN_runtime/paper_experiments/figure10/x_steps=4.yaml/dataset=cora/feature=random_normal/feature_dim=16384/scale=4/random_normal_mean=0/random_normal_std=1/mechanism=mbm/x_eps=inf/m=best/norm=false/smoother=hoa/backbone=sage/use_nfr=false/sanity_check=true/node_ratio=1/final_repeat10
4,16384,9,12354,86.558341979980,0.987229605126,0.210378739508,0.213688079317,4,0.01,0.01,0.75,/data/hzw/Rethinking_DP_GNN_runtime/paper_experiments/figure10/x_steps=4.yaml/dataset=cora/feature=random_normal/feature_dim=16384/scale=4/random_normal_mean=0/random_normal_std=1/mechanism=mbm/x_eps=inf/m=best/norm=false/smoother=hoa/backbone=sage/use_nfr=false/sanity_check=true/node_ratio=1,/data/hzw/Rethinking_DP_GNN_runtime/paper_experiments/figure10/x_steps=4.yaml/dataset=cora/feature=random_normal/feature_dim=16384/scale=4/random_normal_mean=0/random_normal_std=1/mechanism=mbm/x_eps=inf/m=best/norm=false/smoother=hoa/backbone=sage/use_nfr=false/sanity_check=true/node_ratio=1/final_repeat10
4,32768,0,12345,84.490394592285,0.993630316314,0.212634624983,0.213688079317,0.0625,0.01,0.0001,0.75,/data/hzw/Rethinking_DP_GNN_runtime/paper_experiments/figure10/x_steps=4.yaml/dataset=cora/feature=random_normal/feature_dim=32768/scale=0.0625/random_normal_mean=0/random_normal_std=1/mechanism=mbm/x_eps=inf/m=best/norm=false/smoother=hoa/backbone=sage/use_nfr=false/sanity_check=true/node_ratio=1,/data/hzw/Rethinking_DP_GNN_runtime/paper_experiments/figure10/x_steps=4.yaml/dataset=cora/feature=random_normal/feature_dim=32768/scale=0.0625/random_normal_mean=0/random_normal_std=1/mechanism=mbm/x_eps=inf/m=best/norm=false/smoother=hoa/backbone=sage/use_nfr=false/sanity_check=true/node_ratio=1/final_repeat10
4,32768,1,12346,85.672080993652,0.993576842726,0.212396018900,0.213688079317,0.0625,0.01,0.0001,0.75,/data/hzw/Rethinking_DP_GNN_runtime/paper_experiments/figure10/x_steps=4.yaml/dataset=cora/feature=random_normal/feature_dim=32768/scale=0.0625/random_normal_mean=0/random_normal_std=1/mechanism=mbm/x_eps=inf/m=best/norm=false/smoother=hoa/backbone=sage/use_nfr=false/sanity_check=true/node_ratio=1,/data/hzw/Rethinking_DP_GNN_runtime/paper_experiments/figure10/x_steps=4.yaml/dataset=cora/feature=random_normal/feature_dim=32768/scale=0.0625/random_normal_mean=0/random_normal_std=1/mechanism=mbm/x_eps=inf/m=best/norm=false/smoother=hoa/backbone=sage/use_nfr=false/sanity_check=true/node_ratio=1/final_repeat10
4,32768,2,12347,87.887741088867,0.993651372543,0.212456914895,0.213688079317,0.0625,0.01,0.0001,0.75,/data/hzw/Rethinking_DP_GNN_runtime/paper_experiments/figure10/x_steps=4.yaml/dataset=cora/feature=random_normal/feature_dim=32768/scale=0.0625/random_normal_mean=0/random_normal_std=1/mechanism=mbm/x_eps=inf/m=best/norm=false/smoother=hoa/backbone=sage/use_nfr=false/sanity_check=true/node_ratio=1,/data/hzw/Rethinking_DP_GNN_runtime/paper_experiments/figure10/x_steps=4.yaml/dataset=cora/feature=random_normal/feature_dim=32768/scale=0.0625/random_normal_mean=0/random_normal_std=1/mechanism=mbm/x_eps=inf/m=best/norm=false/smoother=hoa/backbone=sage/use_nfr=false/sanity_check=true/node_ratio=1/final_repeat10
4,32768,3,12348,86.558341979980,0.993609811390,0.212450297811,0.213688079317,0.0625,0.01,0.0001,0.75,/data/hzw/Rethinking_DP_GNN_runtime/paper_experiments/figure10/x_steps=4.yaml/dataset=cora/feature=random_normal/feature_dim=32768/scale=0.0625/random_normal_mean=0/random_normal_std=1/mechanism=mbm/x_eps=inf/m=best/norm=false/smoother=hoa/backbone=sage/use_nfr=false/sanity_check=true/node_ratio=1,/data/hzw/Rethinking_DP_GNN_runtime/paper_experiments/figure10/x_steps=4.yaml/dataset=cora/feature=random_normal/feature_dim=32768/scale=0.0625/random_normal_mean=0/random_normal_std=1/mechanism=mbm/x_eps=inf/m=best/norm=false/smoother=hoa/backbone=sage/use_nfr=false/sanity_check=true/node_ratio=1/final_repeat10
4,32768,4,12349,84.933532714844,0.993695712105,0.211813304577,0.213688079317,0.0625,0.01,0.0001,0.75,/data/hzw/Rethinking_DP_GNN_runtime/paper_experiments/figure10/x_steps=4.yaml/dataset=cora/feature=random_normal/feature_dim=32768/scale=0.0625/random_normal_mean=0/random_normal_std=1/mechanism=mbm/x_eps=inf/m=best/norm=false/smoother=hoa/backbone=sage/use_nfr=false/sanity_check=true/node_ratio=1,/data/hzw/Rethinking_DP_GNN_runtime/paper_experiments/figure10/x_steps=4.yaml/dataset=cora/feature=random_normal/feature_dim=32768/scale=0.0625/random_normal_mean=0/random_normal_std=1/mechanism=mbm/x_eps=inf/m=best/norm=false/smoother=hoa/backbone=sage/use_nfr=false/sanity_check=true/node_ratio=1/final_repeat10
4,32768,5,12350,85.524368286133,0.993580245724,0.212435144634,0.213688079317,0.0625,0.01,0.0001,0.75,/data/hzw/Rethinking_DP_GNN_runtime/paper_experiments/figure10/x_steps=4.yaml/dataset=cora/feature=random_normal/feature_dim=32768/scale=0.0625/random_normal_mean=0/random_normal_std=1/mechanism=mbm/x_eps=inf/m=best/norm=false/smoother=hoa/backbone=sage/use_nfr=false/sanity_check=true/node_ratio=1,/data/hzw/Rethinking_DP_GNN_runtime/paper_experiments/figure10/x_steps=4.yaml/dataset=cora/feature=random_normal/feature_dim=32768/scale=0.0625/random_normal_mean=0/random_normal_std=1/mechanism=mbm/x_eps=inf/m=best/norm=false/smoother=hoa/backbone=sage/use_nfr=false/sanity_check=true/node_ratio=1/final_repeat10
4,32768,6,12351,85.081237792969,0.993612928865,0.212700510758,0.213688079317,0.0625,0.01,0.0001,0.75,/data/hzw/Rethinking_DP_GNN_runtime/paper_experiments/figure10/x_steps=4.yaml/dataset=cora/feature=random_normal/feature_dim=32768/scale=0.0625/random_normal_mean=0/random_normal_std=1/mechanism=mbm/x_eps=inf/m=best/norm=false/smoother=hoa/backbone=sage/use_nfr=false/sanity_check=true/node_ratio=1,/data/hzw/Rethinking_DP_GNN_runtime/paper_experiments/figure10/x_steps=4.yaml/dataset=cora/feature=random_normal/feature_dim=32768/scale=0.0625/random_normal_mean=0/random_normal_std=1/mechanism=mbm/x_eps=inf/m=best/norm=false/smoother=hoa/backbone=sage/use_nfr=false/sanity_check=true/node_ratio=1/final_repeat10
4,32768,7,12352,84.490394592285,0.993621273908,0.212973142290,0.213688079317,0.0625,0.01,0.0001,0.75,/data/hzw/Rethinking_DP_GNN_runtime/paper_experiments/figure10/x_steps=4.yaml/dataset=cora/feature=random_normal/feature_dim=32768/scale=0.0625/random_normal_mean=0/random_normal_std=1/mechanism=mbm/x_eps=inf/m=best/norm=false/smoother=hoa/backbone=sage/use_nfr=false/sanity_check=true/node_ratio=1,/data/hzw/Rethinking_DP_GNN_runtime/paper_experiments/figure10/x_steps=4.yaml/dataset=cora/feature=random_normal/feature_dim=32768/scale=0.0625/random_normal_mean=0/random_normal_std=1/mechanism=mbm/x_eps=inf/m=best/norm=false/smoother=hoa/backbone=sage/use_nfr=false/sanity_check=true/node_ratio=1/final_repeat10
4,32768,8,12353,86.115211486816,0.993542681984,0.212302536840,0.213688079317,0.0625,0.01,0.0001,0.75,/data/hzw/Rethinking_DP_GNN_runtime/paper_experiments/figure10/x_steps=4.yaml/dataset=cora/feature=random_normal/feature_dim=32768/scale=0.0625/random_normal_mean=0/random_normal_std=1/mechanism=mbm/x_eps=inf/m=best/norm=false/smoother=hoa/backbone=sage/use_nfr=false/sanity_check=true/node_ratio=1,/data/hzw/Rethinking_DP_GNN_runtime/paper_experiments/figure10/x_steps=4.yaml/dataset=cora/feature=random_normal/feature_dim=32768/scale=0.0625/random_normal_mean=0/random_normal_std=1/mechanism=mbm/x_eps=inf/m=best/norm=false/smoother=hoa/backbone=sage/use_nfr=false/sanity_check=true/node_ratio=1/final_repeat10
4,32768,9,12354,87.444610595703,0.993614187710,0.212750225088,0.213688079317,0.0625,0.01,0.0001,0.75,/data/hzw/Rethinking_DP_GNN_runtime/paper_experiments/figure10/x_steps=4.yaml/dataset=cora/feature=random_normal/feature_dim=32768/scale=0.0625/random_normal_mean=0/random_normal_std=1/mechanism=mbm/x_eps=inf/m=best/norm=false/smoother=hoa/backbone=sage/use_nfr=false/sanity_check=true/node_ratio=1,/data/hzw/Rethinking_DP_GNN_runtime/paper_experiments/figure10/x_steps=4.yaml/dataset=cora/feature=random_normal/feature_dim=32768/scale=0.0625/random_normal_mean=0/random_normal_std=1/mechanism=mbm/x_eps=inf/m=best/norm=false/smoother=hoa/backbone=sage/use_nfr=false/sanity_check=true/node_ratio=1/final_repeat10
8,4,0,12345,40.472671508789,0.110873216585,0.031011013024,0.286228949921,64,0.01,0,0.25,/data/hzw/Rethinking_DP_GNN_runtime/paper_experiments/figure10/x_steps=8.yaml/dataset=cora/feature=random_normal/feature_dim=4/scale=64/random_normal_mean=0/random_normal_std=1/mechanism=mbm/x_eps=inf/m=best/norm=false/smoother=hoa/backbone=sage/use_nfr=false/sanity_check=true/node_ratio=1,/data/hzw/Rethinking_DP_GNN_runtime/paper_experiments/figure10/x_steps=8.yaml/dataset=cora/feature=random_normal/feature_dim=4/scale=64/random_normal_mean=0/random_normal_std=1/mechanism=mbm/x_eps=inf/m=best/norm=false/smoother=hoa/backbone=sage/use_nfr=false/sanity_check=true/node_ratio=1/final_repeat10
8,4,1,12346,47.858196258545,0.110866580133,0.034639902869,0.286228949921,64,0.01,0,0.25,/data/hzw/Rethinking_DP_GNN_runtime/paper_experiments/figure10/x_steps=8.yaml/dataset=cora/feature=random_normal/feature_dim=4/scale=64/random_normal_mean=0/random_normal_std=1/mechanism=mbm/x_eps=inf/m=best/norm=false/smoother=hoa/backbone=sage/use_nfr=false/sanity_check=true/node_ratio=1,/data/hzw/Rethinking_DP_GNN_runtime/paper_experiments/figure10/x_steps=8.yaml/dataset=cora/feature=random_normal/feature_dim=4/scale=64/random_normal_mean=0/random_normal_std=1/mechanism=mbm/x_eps=inf/m=best/norm=false/smoother=hoa/backbone=sage/use_nfr=false/sanity_check=true/node_ratio=1/final_repeat10
8,4,2,12347,45.642539978027,0.112357661210,0.030320876491,0.286228949921,64,0.01,0,0.25,/data/hzw/Rethinking_DP_GNN_runtime/paper_experiments/figure10/x_steps=8.yaml/dataset=cora/feature=random_normal/feature_dim=4/scale=64/random_normal_mean=0/random_normal_std=1/mechanism=mbm/x_eps=inf/m=best/norm=false/smoother=hoa/backbone=sage/use_nfr=false/sanity_check=true/node_ratio=1,/data/hzw/Rethinking_DP_GNN_runtime/paper_experiments/figure10/x_steps=8.yaml/dataset=cora/feature=random_normal/feature_dim=4/scale=64/random_normal_mean=0/random_normal_std=1/mechanism=mbm/x_eps=inf/m=best/norm=false/smoother=hoa/backbone=sage/use_nfr=false/sanity_check=true/node_ratio=1/final_repeat10
8,4,3,12348,44.165435791016,0.112805079547,0.031169647785,0.286228949921,64,0.01,0,0.25,/data/hzw/Rethinking_DP_GNN_runtime/paper_experiments/figure10/x_steps=8.yaml/dataset=cora/feature=random_normal/feature_dim=4/scale=64/random_normal_mean=0/random_normal_std=1/mechanism=mbm/x_eps=inf/m=best/norm=false/smoother=hoa/backbone=sage/use_nfr=false/sanity_check=true/node_ratio=1,/data/hzw/Rethinking_DP_GNN_runtime/paper_experiments/figure10/x_steps=8.yaml/dataset=cora/feature=random_normal/feature_dim=4/scale=64/random_normal_mean=0/random_normal_std=1/mechanism=mbm/x_eps=inf/m=best/norm=false/smoother=hoa/backbone=sage/use_nfr=false/sanity_check=true/node_ratio=1/final_repeat10
8,4,4,12349,37.813884735107,0.099347378123,0.013280282837,0.286228949921,64,0.01,0,0.25,/data/hzw/Rethinking_DP_GNN_runtime/paper_experiments/figure10/x_steps=8.yaml/dataset=cora/feature=random_normal/feature_dim=4/scale=64/random_normal_mean=0/random_normal_std=1/mechanism=mbm/x_eps=inf/m=best/norm=false/smoother=hoa/backbone=sage/use_nfr=false/sanity_check=true/node_ratio=1,/data/hzw/Rethinking_DP_GNN_runtime/paper_experiments/figure10/x_steps=8.yaml/dataset=cora/feature=random_normal/feature_dim=4/scale=64/random_normal_mean=0/random_normal_std=1/mechanism=mbm/x_eps=inf/m=best/norm=false/smoother=hoa/backbone=sage/use_nfr=false/sanity_check=true/node_ratio=1/final_repeat10
8,4,5,12350,46.824222564697,0.123945075410,0.039322073796,0.286228949921,64,0.01,0,0.25,/data/hzw/Rethinking_DP_GNN_runtime/paper_experiments/figure10/x_steps=8.yaml/dataset=cora/feature=random_normal/feature_dim=4/scale=64/random_normal_mean=0/random_normal_std=1/mechanism=mbm/x_eps=inf/m=best/norm=false/smoother=hoa/backbone=sage/use_nfr=false/sanity_check=true/node_ratio=1,/data/hzw/Rethinking_DP_GNN_runtime/paper_experiments/figure10/x_steps=8.yaml/dataset=cora/feature=random_normal/feature_dim=4/scale=64/random_normal_mean=0/random_normal_std=1/mechanism=mbm/x_eps=inf/m=best/norm=false/smoother=hoa/backbone=sage/use_nfr=false/sanity_check=true/node_ratio=1/final_repeat10
8,4,6,12351,40.029541015625,0.100910175796,0.022380555064,0.286228949921,64,0.01,0,0.25,/data/hzw/Rethinking_DP_GNN_runtime/paper_experiments/figure10/x_steps=8.yaml/dataset=cora/feature=random_normal/feature_dim=4/scale=64/random_normal_mean=0/random_normal_std=1/mechanism=mbm/x_eps=inf/m=best/norm=false/smoother=hoa/backbone=sage/use_nfr=false/sanity_check=true/node_ratio=1,/data/hzw/Rethinking_DP_GNN_runtime/paper_experiments/figure10/x_steps=8.yaml/dataset=cora/feature=random_normal/feature_dim=4/scale=64/random_normal_mean=0/random_normal_std=1/mechanism=mbm/x_eps=inf/m=best/norm=false/smoother=hoa/backbone=sage/use_nfr=false/sanity_check=true/node_ratio=1/final_repeat10
8,4,7,12352,44.460857391357,0.104373627158,0.021789980092,0.286228949921,64,0.01,0,0.25,/data/hzw/Rethinking_DP_GNN_runtime/paper_experiments/figure10/x_steps=8.yaml/dataset=cora/feature=random_normal/feature_dim=4/scale=64/random_normal_mean=0/random_normal_std=1/mechanism=mbm/x_eps=inf/m=best/norm=false/smoother=hoa/backbone=sage/use_nfr=false/sanity_check=true/node_ratio=1,/data/hzw/Rethinking_DP_GNN_runtime/paper_experiments/figure10/x_steps=8.yaml/dataset=cora/feature=random_normal/feature_dim=4/scale=64/random_normal_mean=0/random_normal_std=1/mechanism=mbm/x_eps=inf/m=best/norm=false/smoother=hoa/backbone=sage/use_nfr=false/sanity_check=true/node_ratio=1/final_repeat10
8,4,8,12353,40.915805816650,0.102650408361,0.018239891416,0.286228949921,64,0.01,0,0.25,/data/hzw/Rethinking_DP_GNN_runtime/paper_experiments/figure10/x_steps=8.yaml/dataset=cora/feature=random_normal/feature_dim=4/scale=64/random_normal_mean=0/random_normal_std=1/mechanism=mbm/x_eps=inf/m=best/norm=false/smoother=hoa/backbone=sage/use_nfr=false/sanity_check=true/node_ratio=1,/data/hzw/Rethinking_DP_GNN_runtime/paper_experiments/figure10/x_steps=8.yaml/dataset=cora/feature=random_normal/feature_dim=4/scale=64/random_normal_mean=0/random_normal_std=1/mechanism=mbm/x_eps=inf/m=best/norm=false/smoother=hoa/backbone=sage/use_nfr=false/sanity_check=true/node_ratio=1/final_repeat10
8,4,9,12354,47.119644165039,0.105923468803,0.032612680503,0.286228949921,64,0.01,0,0.25,/data/hzw/Rethinking_DP_GNN_runtime/paper_experiments/figure10/x_steps=8.yaml/dataset=cora/feature=random_normal/feature_dim=4/scale=64/random_normal_mean=0/random_normal_std=1/mechanism=mbm/x_eps=inf/m=best/norm=false/smoother=hoa/backbone=sage/use_nfr=false/sanity_check=true/node_ratio=1,/data/hzw/Rethinking_DP_GNN_runtime/paper_experiments/figure10/x_steps=8.yaml/dataset=cora/feature=random_normal/feature_dim=4/scale=64/random_normal_mean=0/random_normal_std=1/mechanism=mbm/x_eps=inf/m=best/norm=false/smoother=hoa/backbone=sage/use_nfr=false/sanity_check=true/node_ratio=1/final_repeat10
8,8,0,12345,52.732639312744,0.166099793594,0.045668567816,0.286228949921,64,0.01,0,0.25,/data/hzw/Rethinking_DP_GNN_runtime/paper_experiments/figure10/x_steps=8.yaml/dataset=cora/feature=random_normal/feature_dim=8/scale=64/random_normal_mean=0/random_normal_std=1/mechanism=mbm/x_eps=inf/m=best/norm=false/smoother=hoa/backbone=sage/use_nfr=false/sanity_check=true/node_ratio=1,/data/hzw/Rethinking_DP_GNN_runtime/paper_experiments/figure10/x_steps=8.yaml/dataset=cora/feature=random_normal/feature_dim=8/scale=64/random_normal_mean=0/random_normal_std=1/mechanism=mbm/x_eps=inf/m=best/norm=false/smoother=hoa/backbone=sage/use_nfr=false/sanity_check=true/node_ratio=1/final_repeat10
8,8,1,12346,51.994091033936,0.143010145617,0.030314132522,0.286228949921,64,0.01,0,0.25,/data/hzw/Rethinking_DP_GNN_runtime/paper_experiments/figure10/x_steps=8.yaml/dataset=cora/feature=random_normal/feature_dim=8/scale=64/random_normal_mean=0/random_normal_std=1/mechanism=mbm/x_eps=inf/m=best/norm=false/smoother=hoa/backbone=sage/use_nfr=false/sanity_check=true/node_ratio=1,/data/hzw/Rethinking_DP_GNN_runtime/paper_experiments/figure10/x_steps=8.yaml/dataset=cora/feature=random_normal/feature_dim=8/scale=64/random_normal_mean=0/random_normal_std=1/mechanism=mbm/x_eps=inf/m=best/norm=false/smoother=hoa/backbone=sage/use_nfr=false/sanity_check=true/node_ratio=1/final_repeat10
8,8,2,12347,55.391429901123,0.152647298137,0.035327443962,0.286228949921,64,0.01,0,0.25,/data/hzw/Rethinking_DP_GNN_runtime/paper_experiments/figure10/x_steps=8.yaml/dataset=cora/feature=random_normal/feature_dim=8/scale=64/random_normal_mean=0/random_normal_std=1/mechanism=mbm/x_eps=inf/m=best/norm=false/smoother=hoa/backbone=sage/use_nfr=false/sanity_check=true/node_ratio=1,/data/hzw/Rethinking_DP_GNN_runtime/paper_experiments/figure10/x_steps=8.yaml/dataset=cora/feature=random_normal/feature_dim=8/scale=64/random_normal_mean=0/random_normal_std=1/mechanism=mbm/x_eps=inf/m=best/norm=false/smoother=hoa/backbone=sage/use_nfr=false/sanity_check=true/node_ratio=1/final_repeat10
8,8,3,12348,54.505168914795,0.163820385840,0.043786587634,0.286228949921,64,0.01,0,0.25,/data/hzw/Rethinking_DP_GNN_runtime/paper_experiments/figure10/x_steps=8.yaml/dataset=cora/feature=random_normal/feature_dim=8/scale=64/random_normal_mean=0/random_normal_std=1/mechanism=mbm/x_eps=inf/m=best/norm=false/smoother=hoa/backbone=sage/use_nfr=false/sanity_check=true/node_ratio=1,/data/hzw/Rethinking_DP_GNN_runtime/paper_experiments/figure10/x_steps=8.yaml/dataset=cora/feature=random_normal/feature_dim=8/scale=64/random_normal_mean=0/random_normal_std=1/mechanism=mbm/x_eps=inf/m=best/norm=false/smoother=hoa/backbone=sage/use_nfr=false/sanity_check=true/node_ratio=1/final_repeat10
8,8,4,12349,53.028064727783,0.158056912527,0.047447058543,0.286228949921,64,0.01,0,0.25,/data/hzw/Rethinking_DP_GNN_runtime/paper_experiments/figure10/x_steps=8.yaml/dataset=cora/feature=random_normal/feature_dim=8/scale=64/random_normal_mean=0/random_normal_std=1/mechanism=mbm/x_eps=inf/m=best/norm=false/smoother=hoa/backbone=sage/use_nfr=false/sanity_check=true/node_ratio=1,/data/hzw/Rethinking_DP_GNN_runtime/paper_experiments/figure10/x_steps=8.yaml/dataset=cora/feature=random_normal/feature_dim=8/scale=64/random_normal_mean=0/random_normal_std=1/mechanism=mbm/x_eps=inf/m=best/norm=false/smoother=hoa/backbone=sage/use_nfr=false/sanity_check=true/node_ratio=1/final_repeat10
8,8,5,12350,55.834560394287,0.160077728105,0.041704989114,0.286228949921,64,0.01,0,0.25,/data/hzw/Rethinking_DP_GNN_runtime/paper_experiments/figure10/x_steps=8.yaml/dataset=cora/feature=random_normal/feature_dim=8/scale=64/random_normal_mean=0/random_normal_std=1/mechanism=mbm/x_eps=inf/m=best/norm=false/smoother=hoa/backbone=sage/use_nfr=false/sanity_check=true/node_ratio=1,/data/hzw/Rethinking_DP_GNN_runtime/paper_experiments/figure10/x_steps=8.yaml/dataset=cora/feature=random_normal/feature_dim=8/scale=64/random_normal_mean=0/random_normal_std=1/mechanism=mbm/x_eps=inf/m=best/norm=false/smoother=hoa/backbone=sage/use_nfr=false/sanity_check=true/node_ratio=1/final_repeat10
8,8,6,12351,53.766613006592,0.170941236386,0.051192527694,0.286228949921,64,0.01,0,0.25,/data/hzw/Rethinking_DP_GNN_runtime/paper_experiments/figure10/x_steps=8.yaml/dataset=cora/feature=random_normal/feature_dim=8/scale=64/random_normal_mean=0/random_normal_std=1/mechanism=mbm/x_eps=inf/m=best/norm=false/smoother=hoa/backbone=sage/use_nfr=false/sanity_check=true/node_ratio=1,/data/hzw/Rethinking_DP_GNN_runtime/paper_experiments/figure10/x_steps=8.yaml/dataset=cora/feature=random_normal/feature_dim=8/scale=64/random_normal_mean=0/random_normal_std=1/mechanism=mbm/x_eps=inf/m=best/norm=false/smoother=hoa/backbone=sage/use_nfr=false/sanity_check=true/node_ratio=1/final_repeat10
8,8,7,12352,55.834560394287,0.156102068930,0.035330392682,0.286228949921,64,0.01,0,0.25,/data/hzw/Rethinking_DP_GNN_runtime/paper_experiments/figure10/x_steps=8.yaml/dataset=cora/feature=random_normal/feature_dim=8/scale=64/random_normal_mean=0/random_normal_std=1/mechanism=mbm/x_eps=inf/m=best/norm=false/smoother=hoa/backbone=sage/use_nfr=false/sanity_check=true/node_ratio=1,/data/hzw/Rethinking_DP_GNN_runtime/paper_experiments/figure10/x_steps=8.yaml/dataset=cora/feature=random_normal/feature_dim=8/scale=64/random_normal_mean=0/random_normal_std=1/mechanism=mbm/x_eps=inf/m=best/norm=false/smoother=hoa/backbone=sage/use_nfr=false/sanity_check=true/node_ratio=1/final_repeat10
8,8,8,12353,59.527324676514,0.159601104293,0.047350502283,0.286228949921,64,0.01,0,0.25,/data/hzw/Rethinking_DP_GNN_runtime/paper_experiments/figure10/x_steps=8.yaml/dataset=cora/feature=random_normal/feature_dim=8/scale=64/random_normal_mean=0/random_normal_std=1/mechanism=mbm/x_eps=inf/m=best/norm=false/smoother=hoa/backbone=sage/use_nfr=false/sanity_check=true/node_ratio=1,/data/hzw/Rethinking_DP_GNN_runtime/paper_experiments/figure10/x_steps=8.yaml/dataset=cora/feature=random_normal/feature_dim=8/scale=64/random_normal_mean=0/random_normal_std=1/mechanism=mbm/x_eps=inf/m=best/norm=false/smoother=hoa/backbone=sage/use_nfr=false/sanity_check=true/node_ratio=1/final_repeat10
8,8,9,12354,59.970455169678,0.169316508028,0.054739431467,0.286228949921,64,0.01,0,0.25,/data/hzw/Rethinking_DP_GNN_runtime/paper_experiments/figure10/x_steps=8.yaml/dataset=cora/feature=random_normal/feature_dim=8/scale=64/random_normal_mean=0/random_normal_std=1/mechanism=mbm/x_eps=inf/m=best/norm=false/smoother=hoa/backbone=sage/use_nfr=false/sanity_check=true/node_ratio=1,/data/hzw/Rethinking_DP_GNN_runtime/paper_experiments/figure10/x_steps=8.yaml/dataset=cora/feature=random_normal/feature_dim=8/scale=64/random_normal_mean=0/random_normal_std=1/mechanism=mbm/x_eps=inf/m=best/norm=false/smoother=hoa/backbone=sage/use_nfr=false/sanity_check=true/node_ratio=1/final_repeat10
8,16,0,12345,69.867057800293,0.220383898584,0.060086169960,0.286228949921,64,0.01,0.001,0.25,/data/hzw/Rethinking_DP_GNN_runtime/paper_experiments/figure10/x_steps=8.yaml/dataset=cora/feature=random_normal/feature_dim=16/scale=64/random_normal_mean=0/random_normal_std=1/mechanism=mbm/x_eps=inf/m=best/norm=false/smoother=hoa/backbone=sage/use_nfr=false/sanity_check=true/node_ratio=1,/data/hzw/Rethinking_DP_GNN_runtime/paper_experiments/figure10/x_steps=8.yaml/dataset=cora/feature=random_normal/feature_dim=16/scale=64/random_normal_mean=0/random_normal_std=1/mechanism=mbm/x_eps=inf/m=best/norm=false/smoother=hoa/backbone=sage/use_nfr=false/sanity_check=true/node_ratio=1/final_repeat10
8,16,1,12346,64.844902038574,0.235415896853,0.075621990478,0.286228949921,64,0.01,0.001,0.25,/data/hzw/Rethinking_DP_GNN_runtime/paper_experiments/figure10/x_steps=8.yaml/dataset=cora/feature=random_normal/feature_dim=16/scale=64/random_normal_mean=0/random_normal_std=1/mechanism=mbm/x_eps=inf/m=best/norm=false/smoother=hoa/backbone=sage/use_nfr=false/sanity_check=true/node_ratio=1,/data/hzw/Rethinking_DP_GNN_runtime/paper_experiments/figure10/x_steps=8.yaml/dataset=cora/feature=random_normal/feature_dim=16/scale=64/random_normal_mean=0/random_normal_std=1/mechanism=mbm/x_eps=inf/m=best/norm=false/smoother=hoa/backbone=sage/use_nfr=false/sanity_check=true/node_ratio=1/final_repeat10
8,16,2,12347,68.094535827637,0.230806235158,0.069019679179,0.286228949921,64,0.01,0.001,0.25,/data/hzw/Rethinking_DP_GNN_runtime/paper_experiments/figure10/x_steps=8.yaml/dataset=cora/feature=random_normal/feature_dim=16/scale=64/random_normal_mean=0/random_normal_std=1/mechanism=mbm/x_eps=inf/m=best/norm=false/smoother=hoa/backbone=sage/use_nfr=false/sanity_check=true/node_ratio=1,/data/hzw/Rethinking_DP_GNN_runtime/paper_experiments/figure10/x_steps=8.yaml/dataset=cora/feature=random_normal/feature_dim=16/scale=64/random_normal_mean=0/random_normal_std=1/mechanism=mbm/x_eps=inf/m=best/norm=false/smoother=hoa/backbone=sage/use_nfr=false/sanity_check=true/node_ratio=1/final_repeat10
8,16,3,12348,69.719352722168,0.231166426971,0.062605390269,0.286228949921,64,0.01,0.001,0.25,/data/hzw/Rethinking_DP_GNN_runtime/paper_experiments/figure10/x_steps=8.yaml/dataset=cora/feature=random_normal/feature_dim=16/scale=64/random_normal_mean=0/random_normal_std=1/mechanism=mbm/x_eps=inf/m=best/norm=false/smoother=hoa/backbone=sage/use_nfr=false/sanity_check=true/node_ratio=1,/data/hzw/Rethinking_DP_GNN_runtime/paper_experiments/figure10/x_steps=8.yaml/dataset=cora/feature=random_normal/feature_dim=16/scale=64/random_normal_mean=0/random_normal_std=1/mechanism=mbm/x_eps=inf/m=best/norm=false/smoother=hoa/backbone=sage/use_nfr=false/sanity_check=true/node_ratio=1/final_repeat10
8,16,4,12349,69.276222229004,0.232317190119,0.073903049686,0.286228949921,64,0.01,0.001,0.25,/data/hzw/Rethinking_DP_GNN_runtime/paper_experiments/figure10/x_steps=8.yaml/dataset=cora/feature=random_normal/feature_dim=16/scale=64/random_normal_mean=0/random_normal_std=1/mechanism=mbm/x_eps=inf/m=best/norm=false/smoother=hoa/backbone=sage/use_nfr=false/sanity_check=true/node_ratio=1,/data/hzw/Rethinking_DP_GNN_runtime/paper_experiments/figure10/x_steps=8.yaml/dataset=cora/feature=random_normal/feature_dim=16/scale=64/random_normal_mean=0/random_normal_std=1/mechanism=mbm/x_eps=inf/m=best/norm=false/smoother=hoa/backbone=sage/use_nfr=false/sanity_check=true/node_ratio=1/final_repeat10
8,16,5,12350,62.924663543701,0.231954157662,0.068587049266,0.286228949921,64,0.01,0.001,0.25,/data/hzw/Rethinking_DP_GNN_runtime/paper_experiments/figure10/x_steps=8.yaml/dataset=cora/feature=random_normal/feature_dim=16/scale=64/random_normal_mean=0/random_normal_std=1/mechanism=mbm/x_eps=inf/m=best/norm=false/smoother=hoa/backbone=sage/use_nfr=false/sanity_check=true/node_ratio=1,/data/hzw/Rethinking_DP_GNN_runtime/paper_experiments/figure10/x_steps=8.yaml/dataset=cora/feature=random_normal/feature_dim=16/scale=64/random_normal_mean=0/random_normal_std=1/mechanism=mbm/x_eps=inf/m=best/norm=false/smoother=hoa/backbone=sage/use_nfr=false/sanity_check=true/node_ratio=1/final_repeat10
8,16,6,12351,66.765144348145,0.226311618459,0.063068464266,0.286228949921,64,0.01,0.001,0.25,/data/hzw/Rethinking_DP_GNN_runtime/paper_experiments/figure10/x_steps=8.yaml/dataset=cora/feature=random_normal/feature_dim=16/scale=64/random_normal_mean=0/random_normal_std=1/mechanism=mbm/x_eps=inf/m=best/norm=false/smoother=hoa/backbone=sage/use_nfr=false/sanity_check=true/node_ratio=1,/data/hzw/Rethinking_DP_GNN_runtime/paper_experiments/figure10/x_steps=8.yaml/dataset=cora/feature=random_normal/feature_dim=16/scale=64/random_normal_mean=0/random_normal_std=1/mechanism=mbm/x_eps=inf/m=best/norm=false/smoother=hoa/backbone=sage/use_nfr=false/sanity_check=true/node_ratio=1/final_repeat10
8,16,7,12352,67.355979919434,0.237733904914,0.075105872535,0.286228949921,64,0.01,0.001,0.25,/data/hzw/Rethinking_DP_GNN_runtime/paper_experiments/figure10/x_steps=8.yaml/dataset=cora/feature=random_normal/feature_dim=16/scale=64/random_normal_mean=0/random_normal_std=1/mechanism=mbm/x_eps=inf/m=best/norm=false/smoother=hoa/backbone=sage/use_nfr=false/sanity_check=true/node_ratio=1,/data/hzw/Rethinking_DP_GNN_runtime/paper_experiments/figure10/x_steps=8.yaml/dataset=cora/feature=random_normal/feature_dim=16/scale=64/random_normal_mean=0/random_normal_std=1/mechanism=mbm/x_eps=inf/m=best/norm=false/smoother=hoa/backbone=sage/use_nfr=false/sanity_check=true/node_ratio=1/final_repeat10
8,16,8,12353,65.140327453613,0.229960350776,0.066394107771,0.286228949921,64,0.01,0.001,0.25,/data/hzw/Rethinking_DP_GNN_runtime/paper_experiments/figure10/x_steps=8.yaml/dataset=cora/feature=random_normal/feature_dim=16/scale=64/random_normal_mean=0/random_normal_std=1/mechanism=mbm/x_eps=inf/m=best/norm=false/smoother=hoa/backbone=sage/use_nfr=false/sanity_check=true/node_ratio=1,/data/hzw/Rethinking_DP_GNN_runtime/paper_experiments/figure10/x_steps=8.yaml/dataset=cora/feature=random_normal/feature_dim=16/scale=64/random_normal_mean=0/random_normal_std=1/mechanism=mbm/x_eps=inf/m=best/norm=false/smoother=hoa/backbone=sage/use_nfr=false/sanity_check=true/node_ratio=1/final_repeat10
8,16,9,12354,71.935005187988,0.225028773533,0.061068642576,0.286228949921,64,0.01,0.001,0.25,/data/hzw/Rethinking_DP_GNN_runtime/paper_experiments/figure10/x_steps=8.yaml/dataset=cora/feature=random_normal/feature_dim=16/scale=64/random_normal_mean=0/random_normal_std=1/mechanism=mbm/x_eps=inf/m=best/norm=false/smoother=hoa/backbone=sage/use_nfr=false/sanity_check=true/node_ratio=1,/data/hzw/Rethinking_DP_GNN_runtime/paper_experiments/figure10/x_steps=8.yaml/dataset=cora/feature=random_normal/feature_dim=16/scale=64/random_normal_mean=0/random_normal_std=1/mechanism=mbm/x_eps=inf/m=best/norm=false/smoother=hoa/backbone=sage/use_nfr=false/sanity_check=true/node_ratio=1/final_repeat10
8,32,0,12345,77.695716857910,0.322049524961,0.098655713819,0.286228949921,16,0.01,0,0.25,/data/hzw/Rethinking_DP_GNN_runtime/paper_experiments/figure10/x_steps=8.yaml/dataset=cora/feature=random_normal/feature_dim=32/scale=16/random_normal_mean=0/random_normal_std=1/mechanism=mbm/x_eps=inf/m=best/norm=false/smoother=hoa/backbone=sage/use_nfr=false/sanity_check=true/node_ratio=1,/data/hzw/Rethinking_DP_GNN_runtime/paper_experiments/figure10/x_steps=8.yaml/dataset=cora/feature=random_normal/feature_dim=32/scale=16/random_normal_mean=0/random_normal_std=1/mechanism=mbm/x_eps=inf/m=best/norm=false/smoother=hoa/backbone=sage/use_nfr=false/sanity_check=true/node_ratio=1/final_repeat10
8,32,1,12346,71.196456909180,0.316129241110,0.085934806540,0.286228949921,16,0.01,0,0.25,/data/hzw/Rethinking_DP_GNN_runtime/paper_experiments/figure10/x_steps=8.yaml/dataset=cora/feature=random_normal/feature_dim=32/scale=16/random_normal_mean=0/random_normal_std=1/mechanism=mbm/x_eps=inf/m=best/norm=false/smoother=hoa/backbone=sage/use_nfr=false/sanity_check=true/node_ratio=1,/data/hzw/Rethinking_DP_GNN_runtime/paper_experiments/figure10/x_steps=8.yaml/dataset=cora/feature=random_normal/feature_dim=32/scale=16/random_normal_mean=0/random_normal_std=1/mechanism=mbm/x_eps=inf/m=best/norm=false/smoother=hoa/backbone=sage/use_nfr=false/sanity_check=true/node_ratio=1/final_repeat10
8,32,2,12347,75.184638977051,0.325642298710,0.095226095688,0.286228949921,16,0.01,0,0.25,/data/hzw/Rethinking_DP_GNN_runtime/paper_experiments/figure10/x_steps=8.yaml/dataset=cora/feature=random_normal/feature_dim=32/scale=16/random_normal_mean=0/random_normal_std=1/mechanism=mbm/x_eps=inf/m=best/norm=false/smoother=hoa/backbone=sage/use_nfr=false/sanity_check=true/node_ratio=1,/data/hzw/Rethinking_DP_GNN_runtime/paper_experiments/figure10/x_steps=8.yaml/dataset=cora/feature=random_normal/feature_dim=32/scale=16/random_normal_mean=0/random_normal_std=1/mechanism=mbm/x_eps=inf/m=best/norm=false/smoother=hoa/backbone=sage/use_nfr=false/sanity_check=true/node_ratio=1/final_repeat10
8,32,3,12348,77.695716857910,0.327075937566,0.100679100720,0.286228949921,16,0.01,0,0.25,/data/hzw/Rethinking_DP_GNN_runtime/paper_experiments/figure10/x_steps=8.yaml/dataset=cora/feature=random_normal/feature_dim=32/scale=16/random_normal_mean=0/random_normal_std=1/mechanism=mbm/x_eps=inf/m=best/norm=false/smoother=hoa/backbone=sage/use_nfr=false/sanity_check=true/node_ratio=1,/data/hzw/Rethinking_DP_GNN_runtime/paper_experiments/figure10/x_steps=8.yaml/dataset=cora/feature=random_normal/feature_dim=32/scale=16/random_normal_mean=0/random_normal_std=1/mechanism=mbm/x_eps=inf/m=best/norm=false/smoother=hoa/backbone=sage/use_nfr=false/sanity_check=true/node_ratio=1/final_repeat10
8,32,4,12349,73.264404296875,0.310954510299,0.081107655615,0.286228949921,16,0.01,0,0.25,/data/hzw/Rethinking_DP_GNN_runtime/paper_experiments/figure10/x_steps=8.yaml/dataset=cora/feature=random_normal/feature_dim=32/scale=16/random_normal_mean=0/random_normal_std=1/mechanism=mbm/x_eps=inf/m=best/norm=false/smoother=hoa/backbone=sage/use_nfr=false/sanity_check=true/node_ratio=1,/data/hzw/Rethinking_DP_GNN_runtime/paper_experiments/figure10/x_steps=8.yaml/dataset=cora/feature=random_normal/feature_dim=32/scale=16/random_normal_mean=0/random_normal_std=1/mechanism=mbm/x_eps=inf/m=best/norm=false/smoother=hoa/backbone=sage/use_nfr=false/sanity_check=true/node_ratio=1/final_repeat10
8,32,5,12350,74.002952575684,0.318772000380,0.086006867945,0.286228949921,16,0.01,0,0.25,/data/hzw/Rethinking_DP_GNN_runtime/paper_experiments/figure10/x_steps=8.yaml/dataset=cora/feature=random_normal/feature_dim=32/scale=16/random_normal_mean=0/random_normal_std=1/mechanism=mbm/x_eps=inf/m=best/norm=false/smoother=hoa/backbone=sage/use_nfr=false/sanity_check=true/node_ratio=1,/data/hzw/Rethinking_DP_GNN_runtime/paper_experiments/figure10/x_steps=8.yaml/dataset=cora/feature=random_normal/feature_dim=32/scale=16/random_normal_mean=0/random_normal_std=1/mechanism=mbm/x_eps=inf/m=best/norm=false/smoother=hoa/backbone=sage/use_nfr=false/sanity_check=true/node_ratio=1/final_repeat10
8,32,6,12351,77.548004150391,0.312097462938,0.080548265278,0.286228949921,16,0.01,0,0.25,/data/hzw/Rethinking_DP_GNN_runtime/paper_experiments/figure10/x_steps=8.yaml/dataset=cora/feature=random_normal/feature_dim=32/scale=16/random_normal_mean=0/random_normal_std=1/mechanism=mbm/x_eps=inf/m=best/norm=false/smoother=hoa/backbone=sage/use_nfr=false/sanity_check=true/node_ratio=1,/data/hzw/Rethinking_DP_GNN_runtime/paper_experiments/figure10/x_steps=8.yaml/dataset=cora/feature=random_normal/feature_dim=32/scale=16/random_normal_mean=0/random_normal_std=1/mechanism=mbm/x_eps=inf/m=best/norm=false/smoother=hoa/backbone=sage/use_nfr=false/sanity_check=true/node_ratio=1/final_repeat10
8,32,7,12352,79.025108337402,0.320020527519,0.086994870831,0.286228949921,16,0.01,0,0.25,/data/hzw/Rethinking_DP_GNN_runtime/paper_experiments/figure10/x_steps=8.yaml/dataset=cora/feature=random_normal/feature_dim=32/scale=16/random_normal_mean=0/random_normal_std=1/mechanism=mbm/x_eps=inf/m=best/norm=false/smoother=hoa/backbone=sage/use_nfr=false/sanity_check=true/node_ratio=1,/data/hzw/Rethinking_DP_GNN_runtime/paper_experiments/figure10/x_steps=8.yaml/dataset=cora/feature=random_normal/feature_dim=32/scale=16/random_normal_mean=0/random_normal_std=1/mechanism=mbm/x_eps=inf/m=best/norm=false/smoother=hoa/backbone=sage/use_nfr=false/sanity_check=true/node_ratio=1/final_repeat10
8,32,8,12353,72.082717895508,0.323347669545,0.090548219456,0.286228949921,16,0.01,0,0.25,/data/hzw/Rethinking_DP_GNN_runtime/paper_experiments/figure10/x_steps=8.yaml/dataset=cora/feature=random_normal/feature_dim=32/scale=16/random_normal_mean=0/random_normal_std=1/mechanism=mbm/x_eps=inf/m=best/norm=false/smoother=hoa/backbone=sage/use_nfr=false/sanity_check=true/node_ratio=1,/data/hzw/Rethinking_DP_GNN_runtime/paper_experiments/figure10/x_steps=8.yaml/dataset=cora/feature=random_normal/feature_dim=32/scale=16/random_normal_mean=0/random_normal_std=1/mechanism=mbm/x_eps=inf/m=best/norm=false/smoother=hoa/backbone=sage/use_nfr=false/sanity_check=true/node_ratio=1/final_repeat10
8,32,9,12354,77.548004150391,0.331060209766,0.097845107327,0.286228949921,16,0.01,0,0.25,/data/hzw/Rethinking_DP_GNN_runtime/paper_experiments/figure10/x_steps=8.yaml/dataset=cora/feature=random_normal/feature_dim=32/scale=16/random_normal_mean=0/random_normal_std=1/mechanism=mbm/x_eps=inf/m=best/norm=false/smoother=hoa/backbone=sage/use_nfr=false/sanity_check=true/node_ratio=1,/data/hzw/Rethinking_DP_GNN_runtime/paper_experiments/figure10/x_steps=8.yaml/dataset=cora/feature=random_normal/feature_dim=32/scale=16/random_normal_mean=0/random_normal_std=1/mechanism=mbm/x_eps=inf/m=best/norm=false/smoother=hoa/backbone=sage/use_nfr=false/sanity_check=true/node_ratio=1/final_repeat10
8,64,0,12345,79.911376953125,0.425831285173,0.114574413424,0.286228949921,64,0.01,0.01,0.25,/data/hzw/Rethinking_DP_GNN_runtime/paper_experiments/figure10/x_steps=8.yaml/dataset=cora/feature=random_normal/feature_dim=64/scale=64/random_normal_mean=0/random_normal_std=1/mechanism=mbm/x_eps=inf/m=best/norm=false/smoother=hoa/backbone=sage/use_nfr=false/sanity_check=true/node_ratio=1,/data/hzw/Rethinking_DP_GNN_runtime/paper_experiments/figure10/x_steps=8.yaml/dataset=cora/feature=random_normal/feature_dim=64/scale=64/random_normal_mean=0/random_normal_std=1/mechanism=mbm/x_eps=inf/m=best/norm=false/smoother=hoa/backbone=sage/use_nfr=false/sanity_check=true/node_ratio=1/final_repeat10
8,64,1,12346,80.354507446289,0.426742145205,0.119332576975,0.286228949921,64,0.01,0.01,0.25,/data/hzw/Rethinking_DP_GNN_runtime/paper_experiments/figure10/x_steps=8.yaml/dataset=cora/feature=random_normal/feature_dim=64/scale=64/random_normal_mean=0/random_normal_std=1/mechanism=mbm/x_eps=inf/m=best/norm=false/smoother=hoa/backbone=sage/use_nfr=false/sanity_check=true/node_ratio=1,/data/hzw/Rethinking_DP_GNN_runtime/paper_experiments/figure10/x_steps=8.yaml/dataset=cora/feature=random_normal/feature_dim=64/scale=64/random_normal_mean=0/random_normal_std=1/mechanism=mbm/x_eps=inf/m=best/norm=false/smoother=hoa/backbone=sage/use_nfr=false/sanity_check=true/node_ratio=1/final_repeat10
8,64,2,12347,82.570159912109,0.432531406707,0.141570826643,0.286228949921,64,0.01,0.01,0.25,/data/hzw/Rethinking_DP_GNN_runtime/paper_experiments/figure10/x_steps=8.yaml/dataset=cora/feature=random_normal/feature_dim=64/scale=64/random_normal_mean=0/random_normal_std=1/mechanism=mbm/x_eps=inf/m=best/norm=false/smoother=hoa/backbone=sage/use_nfr=false/sanity_check=true/node_ratio=1,/data/hzw/Rethinking_DP_GNN_runtime/paper_experiments/figure10/x_steps=8.yaml/dataset=cora/feature=random_normal/feature_dim=64/scale=64/random_normal_mean=0/random_normal_std=1/mechanism=mbm/x_eps=inf/m=best/norm=false/smoother=hoa/backbone=sage/use_nfr=false/sanity_check=true/node_ratio=1/final_repeat10
8,64,3,12348,80.945343017578,0.430970570118,0.131412684676,0.286228949921,64,0.01,0.01,0.25,/data/hzw/Rethinking_DP_GNN_runtime/paper_experiments/figure10/x_steps=8.yaml/dataset=cora/feature=random_normal/feature_dim=64/scale=64/random_normal_mean=0/random_normal_std=1/mechanism=mbm/x_eps=inf/m=best/norm=false/smoother=hoa/backbone=sage/use_nfr=false/sanity_check=true/node_ratio=1,/data/hzw/Rethinking_DP_GNN_runtime/paper_experiments/figure10/x_steps=8.yaml/dataset=cora/feature=random_normal/feature_dim=64/scale=64/random_normal_mean=0/random_normal_std=1/mechanism=mbm/x_eps=inf/m=best/norm=false/smoother=hoa/backbone=sage/use_nfr=false/sanity_check=true/node_ratio=1/final_repeat10
8,64,4,12349,80.649925231934,0.428881141867,0.116998625109,0.286228949921,64,0.01,0.01,0.25,/data/hzw/Rethinking_DP_GNN_runtime/paper_experiments/figure10/x_steps=8.yaml/dataset=cora/feature=random_normal/feature_dim=64/scale=64/random_normal_mean=0/random_normal_std=1/mechanism=mbm/x_eps=inf/m=best/norm=false/smoother=hoa/backbone=sage/use_nfr=false/sanity_check=true/node_ratio=1,/data/hzw/Rethinking_DP_GNN_runtime/paper_experiments/figure10/x_steps=8.yaml/dataset=cora/feature=random_normal/feature_dim=64/scale=64/random_normal_mean=0/random_normal_std=1/mechanism=mbm/x_eps=inf/m=best/norm=false/smoother=hoa/backbone=sage/use_nfr=false/sanity_check=true/node_ratio=1/final_repeat10
8,64,5,12350,79.615951538086,0.428126253749,0.122439607247,0.286228949921,64,0.01,0.01,0.25,/data/hzw/Rethinking_DP_GNN_runtime/paper_experiments/figure10/x_steps=8.yaml/dataset=cora/feature=random_normal/feature_dim=64/scale=64/random_normal_mean=0/random_normal_std=1/mechanism=mbm/x_eps=inf/m=best/norm=false/smoother=hoa/backbone=sage/use_nfr=false/sanity_check=true/node_ratio=1,/data/hzw/Rethinking_DP_GNN_runtime/paper_experiments/figure10/x_steps=8.yaml/dataset=cora/feature=random_normal/feature_dim=64/scale=64/random_normal_mean=0/random_normal_std=1/mechanism=mbm/x_eps=inf/m=best/norm=false/smoother=hoa/backbone=sage/use_nfr=false/sanity_check=true/node_ratio=1/final_repeat10
8,64,6,12351,80.797637939453,0.427435001293,0.124686939613,0.286228949921,64,0.01,0.01,0.25,/data/hzw/Rethinking_DP_GNN_runtime/paper_experiments/figure10/x_steps=8.yaml/dataset=cora/feature=random_normal/feature_dim=64/scale=64/random_normal_mean=0/random_normal_std=1/mechanism=mbm/x_eps=inf/m=best/norm=false/smoother=hoa/backbone=sage/use_nfr=false/sanity_check=true/node_ratio=1,/data/hzw/Rethinking_DP_GNN_runtime/paper_experiments/figure10/x_steps=8.yaml/dataset=cora/feature=random_normal/feature_dim=64/scale=64/random_normal_mean=0/random_normal_std=1/mechanism=mbm/x_eps=inf/m=best/norm=false/smoother=hoa/backbone=sage/use_nfr=false/sanity_check=true/node_ratio=1/final_repeat10
8,64,7,12352,80.502212524414,0.435953592625,0.126735399079,0.286228949921,64,0.01,0.01,0.25,/data/hzw/Rethinking_DP_GNN_runtime/paper_experiments/figure10/x_steps=8.yaml/dataset=cora/feature=random_normal/feature_dim=64/scale=64/random_normal_mean=0/random_normal_std=1/mechanism=mbm/x_eps=inf/m=best/norm=false/smoother=hoa/backbone=sage/use_nfr=false/sanity_check=true/node_ratio=1,/data/hzw/Rethinking_DP_GNN_runtime/paper_experiments/figure10/x_steps=8.yaml/dataset=cora/feature=random_normal/feature_dim=64/scale=64/random_normal_mean=0/random_normal_std=1/mechanism=mbm/x_eps=inf/m=best/norm=false/smoother=hoa/backbone=sage/use_nfr=false/sanity_check=true/node_ratio=1/final_repeat10
8,64,8,12353,82.865585327148,0.428383380783,0.124363615523,0.286228949921,64,0.01,0.01,0.25,/data/hzw/Rethinking_DP_GNN_runtime/paper_experiments/figure10/x_steps=8.yaml/dataset=cora/feature=random_normal/feature_dim=64/scale=64/random_normal_mean=0/random_normal_std=1/mechanism=mbm/x_eps=inf/m=best/norm=false/smoother=hoa/backbone=sage/use_nfr=false/sanity_check=true/node_ratio=1,/data/hzw/Rethinking_DP_GNN_runtime/paper_experiments/figure10/x_steps=8.yaml/dataset=cora/feature=random_normal/feature_dim=64/scale=64/random_normal_mean=0/random_normal_std=1/mechanism=mbm/x_eps=inf/m=best/norm=false/smoother=hoa/backbone=sage/use_nfr=false/sanity_check=true/node_ratio=1/final_repeat10
8,64,9,12354,81.093055725098,0.428489600436,0.112142888602,0.286228949921,64,0.01,0.01,0.25,/data/hzw/Rethinking_DP_GNN_runtime/paper_experiments/figure10/x_steps=8.yaml/dataset=cora/feature=random_normal/feature_dim=64/scale=64/random_normal_mean=0/random_normal_std=1/mechanism=mbm/x_eps=inf/m=best/norm=false/smoother=hoa/backbone=sage/use_nfr=false/sanity_check=true/node_ratio=1,/data/hzw/Rethinking_DP_GNN_runtime/paper_experiments/figure10/x_steps=8.yaml/dataset=cora/feature=random_normal/feature_dim=64/scale=64/random_normal_mean=0/random_normal_std=1/mechanism=mbm/x_eps=inf/m=best/norm=false/smoother=hoa/backbone=sage/use_nfr=false/sanity_check=true/node_ratio=1/final_repeat10
8,128,0,12345,79.763664245605,0.550101756332,0.146478257552,0.286228949921,64,0.01,0.01,0.75,/data/hzw/Rethinking_DP_GNN_runtime/paper_experiments/figure10/x_steps=8.yaml/dataset=cora/feature=random_normal/feature_dim=128/scale=64/random_normal_mean=0/random_normal_std=1/mechanism=mbm/x_eps=inf/m=best/norm=false/smoother=hoa/backbone=sage/use_nfr=false/sanity_check=true/node_ratio=1,/data/hzw/Rethinking_DP_GNN_runtime/paper_experiments/figure10/x_steps=8.yaml/dataset=cora/feature=random_normal/feature_dim=128/scale=64/random_normal_mean=0/random_normal_std=1/mechanism=mbm/x_eps=inf/m=best/norm=false/smoother=hoa/backbone=sage/use_nfr=false/sanity_check=true/node_ratio=1/final_repeat10
8,128,1,12346,83.013290405273,0.563741077525,0.163136501199,0.286228949921,64,0.01,0.01,0.75,/data/hzw/Rethinking_DP_GNN_runtime/paper_experiments/figure10/x_steps=8.yaml/dataset=cora/feature=random_normal/feature_dim=128/scale=64/random_normal_mean=0/random_normal_std=1/mechanism=mbm/x_eps=inf/m=best/norm=false/smoother=hoa/backbone=sage/use_nfr=false/sanity_check=true/node_ratio=1,/data/hzw/Rethinking_DP_GNN_runtime/paper_experiments/figure10/x_steps=8.yaml/dataset=cora/feature=random_normal/feature_dim=128/scale=64/random_normal_mean=0/random_normal_std=1/mechanism=mbm/x_eps=inf/m=best/norm=false/smoother=hoa/backbone=sage/use_nfr=false/sanity_check=true/node_ratio=1/final_repeat10
8,128,2,12347,82.717872619629,0.561199086609,0.164957609292,0.286228949921,64,0.01,0.01,0.75,/data/hzw/Rethinking_DP_GNN_runtime/paper_experiments/figure10/x_steps=8.yaml/dataset=cora/feature=random_normal/feature_dim=128/scale=64/random_normal_mean=0/random_normal_std=1/mechanism=mbm/x_eps=inf/m=best/norm=false/smoother=hoa/backbone=sage/use_nfr=false/sanity_check=true/node_ratio=1,/data/hzw/Rethinking_DP_GNN_runtime/paper_experiments/figure10/x_steps=8.yaml/dataset=cora/feature=random_normal/feature_dim=128/scale=64/random_normal_mean=0/random_normal_std=1/mechanism=mbm/x_eps=inf/m=best/norm=false/smoother=hoa/backbone=sage/use_nfr=false/sanity_check=true/node_ratio=1/final_repeat10
8,128,3,12348,79.911376953125,0.560259836804,0.148617208255,0.286228949921,64,0.01,0.01,0.75,/data/hzw/Rethinking_DP_GNN_runtime/paper_experiments/figure10/x_steps=8.yaml/dataset=cora/feature=random_normal/feature_dim=128/scale=64/random_normal_mean=0/random_normal_std=1/mechanism=mbm/x_eps=inf/m=best/norm=false/smoother=hoa/backbone=sage/use_nfr=false/sanity_check=true/node_ratio=1,/data/hzw/Rethinking_DP_GNN_runtime/paper_experiments/figure10/x_steps=8.yaml/dataset=cora/feature=random_normal/feature_dim=128/scale=64/random_normal_mean=0/random_normal_std=1/mechanism=mbm/x_eps=inf/m=best/norm=false/smoother=hoa/backbone=sage/use_nfr=false/sanity_check=true/node_ratio=1/final_repeat10
8,128,4,12349,81.683898925781,0.562701959769,0.155715119453,0.286228949921,64,0.01,0.01,0.75,/data/hzw/Rethinking_DP_GNN_runtime/paper_experiments/figure10/x_steps=8.yaml/dataset=cora/feature=random_normal/feature_dim=128/scale=64/random_normal_mean=0/random_normal_std=1/mechanism=mbm/x_eps=inf/m=best/norm=false/smoother=hoa/backbone=sage/use_nfr=false/sanity_check=true/node_ratio=1,/data/hzw/Rethinking_DP_GNN_runtime/paper_experiments/figure10/x_steps=8.yaml/dataset=cora/feature=random_normal/feature_dim=128/scale=64/random_normal_mean=0/random_normal_std=1/mechanism=mbm/x_eps=inf/m=best/norm=false/smoother=hoa/backbone=sage/use_nfr=false/sanity_check=true/node_ratio=1/final_repeat10
8,128,5,12350,77.695716857910,0.564419203689,0.175782455466,0.286228949921,64,0.01,0.01,0.75,/data/hzw/Rethinking_DP_GNN_runtime/paper_experiments/figure10/x_steps=8.yaml/dataset=cora/feature=random_normal/feature_dim=128/scale=64/random_normal_mean=0/random_normal_std=1/mechanism=mbm/x_eps=inf/m=best/norm=false/smoother=hoa/backbone=sage/use_nfr=false/sanity_check=true/node_ratio=1,/data/hzw/Rethinking_DP_GNN_runtime/paper_experiments/figure10/x_steps=8.yaml/dataset=cora/feature=random_normal/feature_dim=128/scale=64/random_normal_mean=0/random_normal_std=1/mechanism=mbm/x_eps=inf/m=best/norm=false/smoother=hoa/backbone=sage/use_nfr=false/sanity_check=true/node_ratio=1/final_repeat10
8,128,6,12351,78.729690551758,0.555926604047,0.148439701574,0.286228949921,64,0.01,0.01,0.75,/data/hzw/Rethinking_DP_GNN_runtime/paper_experiments/figure10/x_steps=8.yaml/dataset=cora/feature=random_normal/feature_dim=128/scale=64/random_normal_mean=0/random_normal_std=1/mechanism=mbm/x_eps=inf/m=best/norm=false/smoother=hoa/backbone=sage/use_nfr=false/sanity_check=true/node_ratio=1,/data/hzw/Rethinking_DP_GNN_runtime/paper_experiments/figure10/x_steps=8.yaml/dataset=cora/feature=random_normal/feature_dim=128/scale=64/random_normal_mean=0/random_normal_std=1/mechanism=mbm/x_eps=inf/m=best/norm=false/smoother=hoa/backbone=sage/use_nfr=false/sanity_check=true/node_ratio=1/final_repeat10
8,128,7,12352,83.604133605957,0.561179246171,0.168140303575,0.286228949921,64,0.01,0.01,0.75,/data/hzw/Rethinking_DP_GNN_runtime/paper_experiments/figure10/x_steps=8.yaml/dataset=cora/feature=random_normal/feature_dim=128/scale=64/random_normal_mean=0/random_normal_std=1/mechanism=mbm/x_eps=inf/m=best/norm=false/smoother=hoa/backbone=sage/use_nfr=false/sanity_check=true/node_ratio=1,/data/hzw/Rethinking_DP_GNN_runtime/paper_experiments/figure10/x_steps=8.yaml/dataset=cora/feature=random_normal/feature_dim=128/scale=64/random_normal_mean=0/random_normal_std=1/mechanism=mbm/x_eps=inf/m=best/norm=false/smoother=hoa/backbone=sage/use_nfr=false/sanity_check=true/node_ratio=1/final_repeat10
8,128,8,12353,81.683898925781,0.554994534010,0.146481412348,0.286228949921,64,0.01,0.01,0.75,/data/hzw/Rethinking_DP_GNN_runtime/paper_experiments/figure10/x_steps=8.yaml/dataset=cora/feature=random_normal/feature_dim=128/scale=64/random_normal_mean=0/random_normal_std=1/mechanism=mbm/x_eps=inf/m=best/norm=false/smoother=hoa/backbone=sage/use_nfr=false/sanity_check=true/node_ratio=1,/data/hzw/Rethinking_DP_GNN_runtime/paper_experiments/figure10/x_steps=8.yaml/dataset=cora/feature=random_normal/feature_dim=128/scale=64/random_normal_mean=0/random_normal_std=1/mechanism=mbm/x_eps=inf/m=best/norm=false/smoother=hoa/backbone=sage/use_nfr=false/sanity_check=true/node_ratio=1/final_repeat10
8,128,9,12354,85.819793701172,0.564978830048,0.172853489221,0.286228949921,64,0.01,0.01,0.75,/data/hzw/Rethinking_DP_GNN_runtime/paper_experiments/figure10/x_steps=8.yaml/dataset=cora/feature=random_normal/feature_dim=128/scale=64/random_normal_mean=0/random_normal_std=1/mechanism=mbm/x_eps=inf/m=best/norm=false/smoother=hoa/backbone=sage/use_nfr=false/sanity_check=true/node_ratio=1,/data/hzw/Rethinking_DP_GNN_runtime/paper_experiments/figure10/x_steps=8.yaml/dataset=cora/feature=random_normal/feature_dim=128/scale=64/random_normal_mean=0/random_normal_std=1/mechanism=mbm/x_eps=inf/m=best/norm=false/smoother=hoa/backbone=sage/use_nfr=false/sanity_check=true/node_ratio=1/final_repeat10
8,256,0,12345,84.047264099121,0.695815409346,0.205802753898,0.286228949921,1,0.01,0.001,0.5,/data/hzw/Rethinking_DP_GNN_runtime/paper_experiments/figure10/x_steps=8.yaml/dataset=cora/feature=random_normal/feature_dim=256/random_normal_mean=0/random_normal_std=1/mechanism=mbm/x_eps=inf/m=best/norm=false/smoother=hoa/backbone=sage/use_nfr=false/sanity_check=true/node_ratio=1,/data/hzw/Rethinking_DP_GNN_runtime/paper_experiments/figure10/x_steps=8.yaml/dataset=cora/feature=random_normal/feature_dim=256/random_normal_mean=0/random_normal_std=1/mechanism=mbm/x_eps=inf/m=best/norm=false/smoother=hoa/backbone=sage/use_nfr=false/sanity_check=true/node_ratio=1/final_repeat10
8,256,1,12346,84.490394592285,0.691530365894,0.194826855761,0.286228949921,1,0.01,0.001,0.5,/data/hzw/Rethinking_DP_GNN_runtime/paper_experiments/figure10/x_steps=8.yaml/dataset=cora/feature=random_normal/feature_dim=256/random_normal_mean=0/random_normal_std=1/mechanism=mbm/x_eps=inf/m=best/norm=false/smoother=hoa/backbone=sage/use_nfr=false/sanity_check=true/node_ratio=1,/data/hzw/Rethinking_DP_GNN_runtime/paper_experiments/figure10/x_steps=8.yaml/dataset=cora/feature=random_normal/feature_dim=256/random_normal_mean=0/random_normal_std=1/mechanism=mbm/x_eps=inf/m=best/norm=false/smoother=hoa/backbone=sage/use_nfr=false/sanity_check=true/node_ratio=1/final_repeat10
8,256,2,12347,81.536186218262,0.689845039022,0.194217957036,0.286228949921,1,0.01,0.001,0.5,/data/hzw/Rethinking_DP_GNN_runtime/paper_experiments/figure10/x_steps=8.yaml/dataset=cora/feature=random_normal/feature_dim=256/random_normal_mean=0/random_normal_std=1/mechanism=mbm/x_eps=inf/m=best/norm=false/smoother=hoa/backbone=sage/use_nfr=false/sanity_check=true/node_ratio=1,/data/hzw/Rethinking_DP_GNN_runtime/paper_experiments/figure10/x_steps=8.yaml/dataset=cora/feature=random_normal/feature_dim=256/random_normal_mean=0/random_normal_std=1/mechanism=mbm/x_eps=inf/m=best/norm=false/smoother=hoa/backbone=sage/use_nfr=false/sanity_check=true/node_ratio=1/final_repeat10
8,256,3,12348,84.638107299805,0.694893959628,0.199613001226,0.286228949921,1,0.01,0.001,0.5,/data/hzw/Rethinking_DP_GNN_runtime/paper_experiments/figure10/x_steps=8.yaml/dataset=cora/feature=random_normal/feature_dim=256/random_normal_mean=0/random_normal_std=1/mechanism=mbm/x_eps=inf/m=best/norm=false/smoother=hoa/backbone=sage/use_nfr=false/sanity_check=true/node_ratio=1,/data/hzw/Rethinking_DP_GNN_runtime/paper_experiments/figure10/x_steps=8.yaml/dataset=cora/feature=random_normal/feature_dim=256/random_normal_mean=0/random_normal_std=1/mechanism=mbm/x_eps=inf/m=best/norm=false/smoother=hoa/backbone=sage/use_nfr=false/sanity_check=true/node_ratio=1/final_repeat10
8,256,4,12349,83.013290405273,0.693202885027,0.202638992303,0.286228949921,1,0.01,0.001,0.5,/data/hzw/Rethinking_DP_GNN_runtime/paper_experiments/figure10/x_steps=8.yaml/dataset=cora/feature=random_normal/feature_dim=256/random_normal_mean=0/random_normal_std=1/mechanism=mbm/x_eps=inf/m=best/norm=false/smoother=hoa/backbone=sage/use_nfr=false/sanity_check=true/node_ratio=1,/data/hzw/Rethinking_DP_GNN_runtime/paper_experiments/figure10/x_steps=8.yaml/dataset=cora/feature=random_normal/feature_dim=256/random_normal_mean=0/random_normal_std=1/mechanism=mbm/x_eps=inf/m=best/norm=false/smoother=hoa/backbone=sage/use_nfr=false/sanity_check=true/node_ratio=1/final_repeat10
8,256,5,12350,82.127029418945,0.691106510448,0.197346837658,0.286228949921,1,0.01,0.001,0.5,/data/hzw/Rethinking_DP_GNN_runtime/paper_experiments/figure10/x_steps=8.yaml/dataset=cora/feature=random_normal/feature_dim=256/random_normal_mean=0/random_normal_std=1/mechanism=mbm/x_eps=inf/m=best/norm=false/smoother=hoa/backbone=sage/use_nfr=false/sanity_check=true/node_ratio=1,/data/hzw/Rethinking_DP_GNN_runtime/paper_experiments/figure10/x_steps=8.yaml/dataset=cora/feature=random_normal/feature_dim=256/random_normal_mean=0/random_normal_std=1/mechanism=mbm/x_eps=inf/m=best/norm=false/smoother=hoa/backbone=sage/use_nfr=false/sanity_check=true/node_ratio=1/final_repeat10
8,256,6,12351,84.047264099121,0.686921994498,0.184882420918,0.286228949921,1,0.01,0.001,0.5,/data/hzw/Rethinking_DP_GNN_runtime/paper_experiments/figure10/x_steps=8.yaml/dataset=cora/feature=random_normal/feature_dim=256/random_normal_mean=0/random_normal_std=1/mechanism=mbm/x_eps=inf/m=best/norm=false/smoother=hoa/backbone=sage/use_nfr=false/sanity_check=true/node_ratio=1,/data/hzw/Rethinking_DP_GNN_runtime/paper_experiments/figure10/x_steps=8.yaml/dataset=cora/feature=random_normal/feature_dim=256/random_normal_mean=0/random_normal_std=1/mechanism=mbm/x_eps=inf/m=best/norm=false/smoother=hoa/backbone=sage/use_nfr=false/sanity_check=true/node_ratio=1/final_repeat10
8,256,7,12352,85.819793701172,0.692310917381,0.198535053371,0.286228949921,1,0.01,0.001,0.5,/data/hzw/Rethinking_DP_GNN_runtime/paper_experiments/figure10/x_steps=8.yaml/dataset=cora/feature=random_normal/feature_dim=256/random_normal_mean=0/random_normal_std=1/mechanism=mbm/x_eps=inf/m=best/norm=false/smoother=hoa/backbone=sage/use_nfr=false/sanity_check=true/node_ratio=1,/data/hzw/Rethinking_DP_GNN_runtime/paper_experiments/figure10/x_steps=8.yaml/dataset=cora/feature=random_normal/feature_dim=256/random_normal_mean=0/random_normal_std=1/mechanism=mbm/x_eps=inf/m=best/norm=false/smoother=hoa/backbone=sage/use_nfr=false/sanity_check=true/node_ratio=1/final_repeat10
8,256,8,12353,84.342689514160,0.690631188721,0.203183294843,0.286228949921,1,0.01,0.001,0.5,/data/hzw/Rethinking_DP_GNN_runtime/paper_experiments/figure10/x_steps=8.yaml/dataset=cora/feature=random_normal/feature_dim=256/random_normal_mean=0/random_normal_std=1/mechanism=mbm/x_eps=inf/m=best/norm=false/smoother=hoa/backbone=sage/use_nfr=false/sanity_check=true/node_ratio=1,/data/hzw/Rethinking_DP_GNN_runtime/paper_experiments/figure10/x_steps=8.yaml/dataset=cora/feature=random_normal/feature_dim=256/random_normal_mean=0/random_normal_std=1/mechanism=mbm/x_eps=inf/m=best/norm=false/smoother=hoa/backbone=sage/use_nfr=false/sanity_check=true/node_ratio=1/final_repeat10
8,256,9,12354,85.376663208008,0.698311957639,0.205742283504,0.286228949921,1,0.01,0.001,0.5,/data/hzw/Rethinking_DP_GNN_runtime/paper_experiments/figure10/x_steps=8.yaml/dataset=cora/feature=random_normal/feature_dim=256/random_normal_mean=0/random_normal_std=1/mechanism=mbm/x_eps=inf/m=best/norm=false/smoother=hoa/backbone=sage/use_nfr=false/sanity_check=true/node_ratio=1,/data/hzw/Rethinking_DP_GNN_runtime/paper_experiments/figure10/x_steps=8.yaml/dataset=cora/feature=random_normal/feature_dim=256/random_normal_mean=0/random_normal_std=1/mechanism=mbm/x_eps=inf/m=best/norm=false/smoother=hoa/backbone=sage/use_nfr=false/sanity_check=true/node_ratio=1/final_repeat10
8,512,0,12345,84.194976806641,0.805830914918,0.228003829327,0.286228949921,1,0.01,0.001,0.5,/data/hzw/Rethinking_DP_GNN_runtime/paper_experiments/figure10/x_steps=8.yaml/dataset=cora/feature=random_normal/feature_dim=512/random_normal_mean=0/random_normal_std=1/mechanism=mbm/x_eps=inf/m=best/norm=false/smoother=hoa/backbone=sage/use_nfr=false/sanity_check=true/node_ratio=1,/data/hzw/Rethinking_DP_GNN_runtime/paper_experiments/figure10/x_steps=8.yaml/dataset=cora/feature=random_normal/feature_dim=512/random_normal_mean=0/random_normal_std=1/mechanism=mbm/x_eps=inf/m=best/norm=false/smoother=hoa/backbone=sage/use_nfr=false/sanity_check=true/node_ratio=1/final_repeat10
8,512,1,12346,84.785820007324,0.805392463911,0.230244303663,0.286228949921,1,0.01,0.001,0.5,/data/hzw/Rethinking_DP_GNN_runtime/paper_experiments/figure10/x_steps=8.yaml/dataset=cora/feature=random_normal/feature_dim=512/random_normal_mean=0/random_normal_std=1/mechanism=mbm/x_eps=inf/m=best/norm=false/smoother=hoa/backbone=sage/use_nfr=false/sanity_check=true/node_ratio=1,/data/hzw/Rethinking_DP_GNN_runtime/paper_experiments/figure10/x_steps=8.yaml/dataset=cora/feature=random_normal/feature_dim=512/random_normal_mean=0/random_normal_std=1/mechanism=mbm/x_eps=inf/m=best/norm=false/smoother=hoa/backbone=sage/use_nfr=false/sanity_check=true/node_ratio=1/final_repeat10
8,512,2,12347,84.638107299805,0.803615477348,0.228178212236,0.286228949921,1,0.01,0.001,0.5,/data/hzw/Rethinking_DP_GNN_runtime/paper_experiments/figure10/x_steps=8.yaml/dataset=cora/feature=random_normal/feature_dim=512/random_normal_mean=0/random_normal_std=1/mechanism=mbm/x_eps=inf/m=best/norm=false/smoother=hoa/backbone=sage/use_nfr=false/sanity_check=true/node_ratio=1,/data/hzw/Rethinking_DP_GNN_runtime/paper_experiments/figure10/x_steps=8.yaml/dataset=cora/feature=random_normal/feature_dim=512/random_normal_mean=0/random_normal_std=1/mechanism=mbm/x_eps=inf/m=best/norm=false/smoother=hoa/backbone=sage/use_nfr=false/sanity_check=true/node_ratio=1/final_repeat10
8,512,3,12348,85.228950500488,0.804140247127,0.225175649822,0.286228949921,1,0.01,0.001,0.5,/data/hzw/Rethinking_DP_GNN_runtime/paper_experiments/figure10/x_steps=8.yaml/dataset=cora/feature=random_normal/feature_dim=512/random_normal_mean=0/random_normal_std=1/mechanism=mbm/x_eps=inf/m=best/norm=false/smoother=hoa/backbone=sage/use_nfr=false/sanity_check=true/node_ratio=1,/data/hzw/Rethinking_DP_GNN_runtime/paper_experiments/figure10/x_steps=8.yaml/dataset=cora/feature=random_normal/feature_dim=512/random_normal_mean=0/random_normal_std=1/mechanism=mbm/x_eps=inf/m=best/norm=false/smoother=hoa/backbone=sage/use_nfr=false/sanity_check=true/node_ratio=1/final_repeat10
8,512,4,12349,83.013290405273,0.804266824159,0.222041281246,0.286228949921,1,0.01,0.001,0.5,/data/hzw/Rethinking_DP_GNN_runtime/paper_experiments/figure10/x_steps=8.yaml/dataset=cora/feature=random_normal/feature_dim=512/random_normal_mean=0/random_normal_std=1/mechanism=mbm/x_eps=inf/m=best/norm=false/smoother=hoa/backbone=sage/use_nfr=false/sanity_check=true/node_ratio=1,/data/hzw/Rethinking_DP_GNN_runtime/paper_experiments/figure10/x_steps=8.yaml/dataset=cora/feature=random_normal/feature_dim=512/random_normal_mean=0/random_normal_std=1/mechanism=mbm/x_eps=inf/m=best/norm=false/smoother=hoa/backbone=sage/use_nfr=false/sanity_check=true/node_ratio=1/final_repeat10
8,512,5,12350,84.047264099121,0.805167851305,0.222679118219,0.286228949921,1,0.01,0.001,0.5,/data/hzw/Rethinking_DP_GNN_runtime/paper_experiments/figure10/x_steps=8.yaml/dataset=cora/feature=random_normal/feature_dim=512/random_normal_mean=0/random_normal_std=1/mechanism=mbm/x_eps=inf/m=best/norm=false/smoother=hoa/backbone=sage/use_nfr=false/sanity_check=true/node_ratio=1,/data/hzw/Rethinking_DP_GNN_runtime/paper_experiments/figure10/x_steps=8.yaml/dataset=cora/feature=random_normal/feature_dim=512/random_normal_mean=0/random_normal_std=1/mechanism=mbm/x_eps=inf/m=best/norm=false/smoother=hoa/backbone=sage/use_nfr=false/sanity_check=true/node_ratio=1/final_repeat10
8,512,6,12351,84.342689514160,0.807079982202,0.226874987267,0.286228949921,1,0.01,0.001,0.5,/data/hzw/Rethinking_DP_GNN_runtime/paper_experiments/figure10/x_steps=8.yaml/dataset=cora/feature=random_normal/feature_dim=512/random_normal_mean=0/random_normal_std=1/mechanism=mbm/x_eps=inf/m=best/norm=false/smoother=hoa/backbone=sage/use_nfr=false/sanity_check=true/node_ratio=1,/data/hzw/Rethinking_DP_GNN_runtime/paper_experiments/figure10/x_steps=8.yaml/dataset=cora/feature=random_normal/feature_dim=512/random_normal_mean=0/random_normal_std=1/mechanism=mbm/x_eps=inf/m=best/norm=false/smoother=hoa/backbone=sage/use_nfr=false/sanity_check=true/node_ratio=1/final_repeat10
8,512,7,12352,86.853767395020,0.804527234734,0.226925591079,0.286228949921,1,0.01,0.001,0.5,/data/hzw/Rethinking_DP_GNN_runtime/paper_experiments/figure10/x_steps=8.yaml/dataset=cora/feature=random_normal/feature_dim=512/random_normal_mean=0/random_normal_std=1/mechanism=mbm/x_eps=inf/m=best/norm=false/smoother=hoa/backbone=sage/use_nfr=false/sanity_check=true/node_ratio=1,/data/hzw/Rethinking_DP_GNN_runtime/paper_experiments/figure10/x_steps=8.yaml/dataset=cora/feature=random_normal/feature_dim=512/random_normal_mean=0/random_normal_std=1/mechanism=mbm/x_eps=inf/m=best/norm=false/smoother=hoa/backbone=sage/use_nfr=false/sanity_check=true/node_ratio=1/final_repeat10
8,512,8,12353,83.899559020996,0.802084747993,0.225757478223,0.286228949921,1,0.01,0.001,0.5,/data/hzw/Rethinking_DP_GNN_runtime/paper_experiments/figure10/x_steps=8.yaml/dataset=cora/feature=random_normal/feature_dim=512/random_normal_mean=0/random_normal_std=1/mechanism=mbm/x_eps=inf/m=best/norm=false/smoother=hoa/backbone=sage/use_nfr=false/sanity_check=true/node_ratio=1,/data/hzw/Rethinking_DP_GNN_runtime/paper_experiments/figure10/x_steps=8.yaml/dataset=cora/feature=random_normal/feature_dim=512/random_normal_mean=0/random_normal_std=1/mechanism=mbm/x_eps=inf/m=best/norm=false/smoother=hoa/backbone=sage/use_nfr=false/sanity_check=true/node_ratio=1/final_repeat10
8,512,9,12354,86.853767395020,0.804584839784,0.227790069331,0.286228949921,1,0.01,0.001,0.5,/data/hzw/Rethinking_DP_GNN_runtime/paper_experiments/figure10/x_steps=8.yaml/dataset=cora/feature=random_normal/feature_dim=512/random_normal_mean=0/random_normal_std=1/mechanism=mbm/x_eps=inf/m=best/norm=false/smoother=hoa/backbone=sage/use_nfr=false/sanity_check=true/node_ratio=1,/data/hzw/Rethinking_DP_GNN_runtime/paper_experiments/figure10/x_steps=8.yaml/dataset=cora/feature=random_normal/feature_dim=512/random_normal_mean=0/random_normal_std=1/mechanism=mbm/x_eps=inf/m=best/norm=false/smoother=hoa/backbone=sage/use_nfr=false/sanity_check=true/node_ratio=1/final_repeat10
8,1024,0,12345,83.456420898438,0.885670186612,0.253754790622,0.286228949921,0.25,0.01,0.0001,0.75,/data/hzw/Rethinking_DP_GNN_runtime/paper_experiments/figure10/x_steps=8.yaml/dataset=cora/feature=random_normal/feature_dim=1024/scale=0.25/random_normal_mean=0/random_normal_std=1/mechanism=mbm/x_eps=inf/m=best/norm=false/smoother=hoa/backbone=sage/use_nfr=false/sanity_check=true/node_ratio=1,/data/hzw/Rethinking_DP_GNN_runtime/paper_experiments/figure10/x_steps=8.yaml/dataset=cora/feature=random_normal/feature_dim=1024/scale=0.25/random_normal_mean=0/random_normal_std=1/mechanism=mbm/x_eps=inf/m=best/norm=false/smoother=hoa/backbone=sage/use_nfr=false/sanity_check=true/node_ratio=1/final_repeat10
8,1024,1,12346,85.228950500488,0.888706640464,0.261359181813,0.286228949921,0.25,0.01,0.0001,0.75,/data/hzw/Rethinking_DP_GNN_runtime/paper_experiments/figure10/x_steps=8.yaml/dataset=cora/feature=random_normal/feature_dim=1024/scale=0.25/random_normal_mean=0/random_normal_std=1/mechanism=mbm/x_eps=inf/m=best/norm=false/smoother=hoa/backbone=sage/use_nfr=false/sanity_check=true/node_ratio=1,/data/hzw/Rethinking_DP_GNN_runtime/paper_experiments/figure10/x_steps=8.yaml/dataset=cora/feature=random_normal/feature_dim=1024/scale=0.25/random_normal_mean=0/random_normal_std=1/mechanism=mbm/x_eps=inf/m=best/norm=false/smoother=hoa/backbone=sage/use_nfr=false/sanity_check=true/node_ratio=1/final_repeat10
8,1024,2,12347,85.672080993652,0.886421057249,0.249266857658,0.286228949921,0.25,0.01,0.0001,0.75,/data/hzw/Rethinking_DP_GNN_runtime/paper_experiments/figure10/x_steps=8.yaml/dataset=cora/feature=random_normal/feature_dim=1024/scale=0.25/random_normal_mean=0/random_normal_std=1/mechanism=mbm/x_eps=inf/m=best/norm=false/smoother=hoa/backbone=sage/use_nfr=false/sanity_check=true/node_ratio=1,/data/hzw/Rethinking_DP_GNN_runtime/paper_experiments/figure10/x_steps=8.yaml/dataset=cora/feature=random_normal/feature_dim=1024/scale=0.25/random_normal_mean=0/random_normal_std=1/mechanism=mbm/x_eps=inf/m=best/norm=false/smoother=hoa/backbone=sage/use_nfr=false/sanity_check=true/node_ratio=1/final_repeat10
8,1024,3,12348,86.853767395020,0.886738660034,0.255331554345,0.286228949921,0.25,0.01,0.0001,0.75,/data/hzw/Rethinking_DP_GNN_runtime/paper_experiments/figure10/x_steps=8.yaml/dataset=cora/feature=random_normal/feature_dim=1024/scale=0.25/random_normal_mean=0/random_normal_std=1/mechanism=mbm/x_eps=inf/m=best/norm=false/smoother=hoa/backbone=sage/use_nfr=false/sanity_check=true/node_ratio=1,/data/hzw/Rethinking_DP_GNN_runtime/paper_experiments/figure10/x_steps=8.yaml/dataset=cora/feature=random_normal/feature_dim=1024/scale=0.25/random_normal_mean=0/random_normal_std=1/mechanism=mbm/x_eps=inf/m=best/norm=false/smoother=hoa/backbone=sage/use_nfr=false/sanity_check=true/node_ratio=1/final_repeat10
8,1024,4,12349,84.047264099121,0.887047873415,0.255108526562,0.286228949921,0.25,0.01,0.0001,0.75,/data/hzw/Rethinking_DP_GNN_runtime/paper_experiments/figure10/x_steps=8.yaml/dataset=cora/feature=random_normal/feature_dim=1024/scale=0.25/random_normal_mean=0/random_normal_std=1/mechanism=mbm/x_eps=inf/m=best/norm=false/smoother=hoa/backbone=sage/use_nfr=false/sanity_check=true/node_ratio=1,/data/hzw/Rethinking_DP_GNN_runtime/paper_experiments/figure10/x_steps=8.yaml/dataset=cora/feature=random_normal/feature_dim=1024/scale=0.25/random_normal_mean=0/random_normal_std=1/mechanism=mbm/x_eps=inf/m=best/norm=false/smoother=hoa/backbone=sage/use_nfr=false/sanity_check=true/node_ratio=1/final_repeat10
8,1024,5,12350,84.785820007324,0.887096864502,0.262712766054,0.286228949921,0.25,0.01,0.0001,0.75,/data/hzw/Rethinking_DP_GNN_runtime/paper_experiments/figure10/x_steps=8.yaml/dataset=cora/feature=random_normal/feature_dim=1024/scale=0.25/random_normal_mean=0/random_normal_std=1/mechanism=mbm/x_eps=inf/m=best/norm=false/smoother=hoa/backbone=sage/use_nfr=false/sanity_check=true/node_ratio=1,/data/hzw/Rethinking_DP_GNN_runtime/paper_experiments/figure10/x_steps=8.yaml/dataset=cora/feature=random_normal/feature_dim=1024/scale=0.25/random_normal_mean=0/random_normal_std=1/mechanism=mbm/x_eps=inf/m=best/norm=false/smoother=hoa/backbone=sage/use_nfr=false/sanity_check=true/node_ratio=1/final_repeat10
8,1024,6,12351,84.933532714844,0.886889784206,0.256807817946,0.286228949921,0.25,0.01,0.0001,0.75,/data/hzw/Rethinking_DP_GNN_runtime/paper_experiments/figure10/x_steps=8.yaml/dataset=cora/feature=random_normal/feature_dim=1024/scale=0.25/random_normal_mean=0/random_normal_std=1/mechanism=mbm/x_eps=inf/m=best/norm=false/smoother=hoa/backbone=sage/use_nfr=false/sanity_check=true/node_ratio=1,/data/hzw/Rethinking_DP_GNN_runtime/paper_experiments/figure10/x_steps=8.yaml/dataset=cora/feature=random_normal/feature_dim=1024/scale=0.25/random_normal_mean=0/random_normal_std=1/mechanism=mbm/x_eps=inf/m=best/norm=false/smoother=hoa/backbone=sage/use_nfr=false/sanity_check=true/node_ratio=1/final_repeat10
8,1024,7,12352,87.740028381348,0.887793202920,0.255354399637,0.286228949921,0.25,0.01,0.0001,0.75,/data/hzw/Rethinking_DP_GNN_runtime/paper_experiments/figure10/x_steps=8.yaml/dataset=cora/feature=random_normal/feature_dim=1024/scale=0.25/random_normal_mean=0/random_normal_std=1/mechanism=mbm/x_eps=inf/m=best/norm=false/smoother=hoa/backbone=sage/use_nfr=false/sanity_check=true/node_ratio=1,/data/hzw/Rethinking_DP_GNN_runtime/paper_experiments/figure10/x_steps=8.yaml/dataset=cora/feature=random_normal/feature_dim=1024/scale=0.25/random_normal_mean=0/random_normal_std=1/mechanism=mbm/x_eps=inf/m=best/norm=false/smoother=hoa/backbone=sage/use_nfr=false/sanity_check=true/node_ratio=1/final_repeat10
8,1024,8,12353,84.638107299805,0.886112813378,0.257335605314,0.286228949921,0.25,0.01,0.0001,0.75,/data/hzw/Rethinking_DP_GNN_runtime/paper_experiments/figure10/x_steps=8.yaml/dataset=cora/feature=random_normal/feature_dim=1024/scale=0.25/random_normal_mean=0/random_normal_std=1/mechanism=mbm/x_eps=inf/m=best/norm=false/smoother=hoa/backbone=sage/use_nfr=false/sanity_check=true/node_ratio=1,/data/hzw/Rethinking_DP_GNN_runtime/paper_experiments/figure10/x_steps=8.yaml/dataset=cora/feature=random_normal/feature_dim=1024/scale=0.25/random_normal_mean=0/random_normal_std=1/mechanism=mbm/x_eps=inf/m=best/norm=false/smoother=hoa/backbone=sage/use_nfr=false/sanity_check=true/node_ratio=1/final_repeat10
8,1024,9,12354,86.558341979980,0.885917470008,0.248665941206,0.286228949921,0.25,0.01,0.0001,0.75,/data/hzw/Rethinking_DP_GNN_runtime/paper_experiments/figure10/x_steps=8.yaml/dataset=cora/feature=random_normal/feature_dim=1024/scale=0.25/random_normal_mean=0/random_normal_std=1/mechanism=mbm/x_eps=inf/m=best/norm=false/smoother=hoa/backbone=sage/use_nfr=false/sanity_check=true/node_ratio=1,/data/hzw/Rethinking_DP_GNN_runtime/paper_experiments/figure10/x_steps=8.yaml/dataset=cora/feature=random_normal/feature_dim=1024/scale=0.25/random_normal_mean=0/random_normal_std=1/mechanism=mbm/x_eps=inf/m=best/norm=false/smoother=hoa/backbone=sage/use_nfr=false/sanity_check=true/node_ratio=1/final_repeat10
8,2048,0,12345,85.081237792969,0.938579471311,0.270374163620,0.286228949921,1,0.01,0.001,0.75,/data/hzw/Rethinking_DP_GNN_runtime/paper_experiments/figure10/x_steps=8.yaml/dataset=cora/feature=random_normal/feature_dim=2048/random_normal_mean=0/random_normal_std=1/mechanism=mbm/x_eps=inf/m=best/norm=false/smoother=hoa/backbone=sage/use_nfr=false/sanity_check=true/node_ratio=1,/data/hzw/Rethinking_DP_GNN_runtime/paper_experiments/figure10/x_steps=8.yaml/dataset=cora/feature=random_normal/feature_dim=2048/random_normal_mean=0/random_normal_std=1/mechanism=mbm/x_eps=inf/m=best/norm=false/smoother=hoa/backbone=sage/use_nfr=false/sanity_check=true/node_ratio=1/final_repeat10
8,2048,1,12346,84.785820007324,0.939089476791,0.272463007696,0.286228949921,1,0.01,0.001,0.75,/data/hzw/Rethinking_DP_GNN_runtime/paper_experiments/figure10/x_steps=8.yaml/dataset=cora/feature=random_normal/feature_dim=2048/random_normal_mean=0/random_normal_std=1/mechanism=mbm/x_eps=inf/m=best/norm=false/smoother=hoa/backbone=sage/use_nfr=false/sanity_check=true/node_ratio=1,/data/hzw/Rethinking_DP_GNN_runtime/paper_experiments/figure10/x_steps=8.yaml/dataset=cora/feature=random_normal/feature_dim=2048/random_normal_mean=0/random_normal_std=1/mechanism=mbm/x_eps=inf/m=best/norm=false/smoother=hoa/backbone=sage/use_nfr=false/sanity_check=true/node_ratio=1/final_repeat10
8,2048,2,12347,86.115211486816,0.937793340357,0.267872640285,0.286228949921,1,0.01,0.001,0.75,/data/hzw/Rethinking_DP_GNN_runtime/paper_experiments/figure10/x_steps=8.yaml/dataset=cora/feature=random_normal/feature_dim=2048/random_normal_mean=0/random_normal_std=1/mechanism=mbm/x_eps=inf/m=best/norm=false/smoother=hoa/backbone=sage/use_nfr=false/sanity_check=true/node_ratio=1,/data/hzw/Rethinking_DP_GNN_runtime/paper_experiments/figure10/x_steps=8.yaml/dataset=cora/feature=random_normal/feature_dim=2048/random_normal_mean=0/random_normal_std=1/mechanism=mbm/x_eps=inf/m=best/norm=false/smoother=hoa/backbone=sage/use_nfr=false/sanity_check=true/node_ratio=1/final_repeat10
8,2048,3,12348,86.558341979980,0.937844552067,0.267430867647,0.286228949921,1,0.01,0.001,0.75,/data/hzw/Rethinking_DP_GNN_runtime/paper_experiments/figure10/x_steps=8.yaml/dataset=cora/feature=random_normal/feature_dim=2048/random_normal_mean=0/random_normal_std=1/mechanism=mbm/x_eps=inf/m=best/norm=false/smoother=hoa/backbone=sage/use_nfr=false/sanity_check=true/node_ratio=1,/data/hzw/Rethinking_DP_GNN_runtime/paper_experiments/figure10/x_steps=8.yaml/dataset=cora/feature=random_normal/feature_dim=2048/random_normal_mean=0/random_normal_std=1/mechanism=mbm/x_eps=inf/m=best/norm=false/smoother=hoa/backbone=sage/use_nfr=false/sanity_check=true/node_ratio=1/final_repeat10
8,2048,4,12349,84.490394592285,0.938106552032,0.266095725205,0.286228949921,1,0.01,0.001,0.75,/data/hzw/Rethinking_DP_GNN_runtime/paper_experiments/figure10/x_steps=8.yaml/dataset=cora/feature=random_normal/feature_dim=2048/random_normal_mean=0/random_normal_std=1/mechanism=mbm/x_eps=inf/m=best/norm=false/smoother=hoa/backbone=sage/use_nfr=false/sanity_check=true/node_ratio=1,/data/hzw/Rethinking_DP_GNN_runtime/paper_experiments/figure10/x_steps=8.yaml/dataset=cora/feature=random_normal/feature_dim=2048/random_normal_mean=0/random_normal_std=1/mechanism=mbm/x_eps=inf/m=best/norm=false/smoother=hoa/backbone=sage/use_nfr=false/sanity_check=true/node_ratio=1/final_repeat10
8,2048,5,12350,83.604133605957,0.938383759092,0.270031950656,0.286228949921,1,0.01,0.001,0.75,/data/hzw/Rethinking_DP_GNN_runtime/paper_experiments/figure10/x_steps=8.yaml/dataset=cora/feature=random_normal/feature_dim=2048/random_normal_mean=0/random_normal_std=1/mechanism=mbm/x_eps=inf/m=best/norm=false/smoother=hoa/backbone=sage/use_nfr=false/sanity_check=true/node_ratio=1,/data/hzw/Rethinking_DP_GNN_runtime/paper_experiments/figure10/x_steps=8.yaml/dataset=cora/feature=random_normal/feature_dim=2048/random_normal_mean=0/random_normal_std=1/mechanism=mbm/x_eps=inf/m=best/norm=false/smoother=hoa/backbone=sage/use_nfr=false/sanity_check=true/node_ratio=1/final_repeat10
8,2048,6,12351,85.228950500488,0.937783638362,0.272203188506,0.286228949921,1,0.01,0.001,0.75,/data/hzw/Rethinking_DP_GNN_runtime/paper_experiments/figure10/x_steps=8.yaml/dataset=cora/feature=random_normal/feature_dim=2048/random_normal_mean=0/random_normal_std=1/mechanism=mbm/x_eps=inf/m=best/norm=false/smoother=hoa/backbone=sage/use_nfr=false/sanity_check=true/node_ratio=1,/data/hzw/Rethinking_DP_GNN_runtime/paper_experiments/figure10/x_steps=8.yaml/dataset=cora/feature=random_normal/feature_dim=2048/random_normal_mean=0/random_normal_std=1/mechanism=mbm/x_eps=inf/m=best/norm=false/smoother=hoa/backbone=sage/use_nfr=false/sanity_check=true/node_ratio=1/final_repeat10
8,2048,7,12352,86.262924194336,0.938083021528,0.266166445670,0.286228949921,1,0.01,0.001,0.75,/data/hzw/Rethinking_DP_GNN_runtime/paper_experiments/figure10/x_steps=8.yaml/dataset=cora/feature=random_normal/feature_dim=2048/random_normal_mean=0/random_normal_std=1/mechanism=mbm/x_eps=inf/m=best/norm=false/smoother=hoa/backbone=sage/use_nfr=false/sanity_check=true/node_ratio=1,/data/hzw/Rethinking_DP_GNN_runtime/paper_experiments/figure10/x_steps=8.yaml/dataset=cora/feature=random_normal/feature_dim=2048/random_normal_mean=0/random_normal_std=1/mechanism=mbm/x_eps=inf/m=best/norm=false/smoother=hoa/backbone=sage/use_nfr=false/sanity_check=true/node_ratio=1/final_repeat10
8,2048,8,12353,84.785820007324,0.938780303120,0.268531224970,0.286228949921,1,0.01,0.001,0.75,/data/hzw/Rethinking_DP_GNN_runtime/paper_experiments/figure10/x_steps=8.yaml/dataset=cora/feature=random_normal/feature_dim=2048/random_normal_mean=0/random_normal_std=1/mechanism=mbm/x_eps=inf/m=best/norm=false/smoother=hoa/backbone=sage/use_nfr=false/sanity_check=true/node_ratio=1,/data/hzw/Rethinking_DP_GNN_runtime/paper_experiments/figure10/x_steps=8.yaml/dataset=cora/feature=random_normal/feature_dim=2048/random_normal_mean=0/random_normal_std=1/mechanism=mbm/x_eps=inf/m=best/norm=false/smoother=hoa/backbone=sage/use_nfr=false/sanity_check=true/node_ratio=1/final_repeat10
8,2048,9,12354,86.558341979980,0.938018074239,0.263908694698,0.286228949921,1,0.01,0.001,0.75,/data/hzw/Rethinking_DP_GNN_runtime/paper_experiments/figure10/x_steps=8.yaml/dataset=cora/feature=random_normal/feature_dim=2048/random_normal_mean=0/random_normal_std=1/mechanism=mbm/x_eps=inf/m=best/norm=false/smoother=hoa/backbone=sage/use_nfr=false/sanity_check=true/node_ratio=1,/data/hzw/Rethinking_DP_GNN_runtime/paper_experiments/figure10/x_steps=8.yaml/dataset=cora/feature=random_normal/feature_dim=2048/random_normal_mean=0/random_normal_std=1/mechanism=mbm/x_eps=inf/m=best/norm=false/smoother=hoa/backbone=sage/use_nfr=false/sanity_check=true/node_ratio=1/final_repeat10
8,4096,0,12345,85.228950500488,0.967700927532,0.275085431413,0.286228949921,4,0.01,0.01,0.75,/data/hzw/Rethinking_DP_GNN_runtime/paper_experiments/figure10/x_steps=8.yaml/dataset=cora/feature=random_normal/feature_dim=4096/scale=4/random_normal_mean=0/random_normal_std=1/mechanism=mbm/x_eps=inf/m=best/norm=false/smoother=hoa/backbone=sage/use_nfr=false/sanity_check=true/node_ratio=1,/data/hzw/Rethinking_DP_GNN_runtime/paper_experiments/figure10/x_steps=8.yaml/dataset=cora/feature=random_normal/feature_dim=4096/scale=4/random_normal_mean=0/random_normal_std=1/mechanism=mbm/x_eps=inf/m=best/norm=false/smoother=hoa/backbone=sage/use_nfr=false/sanity_check=true/node_ratio=1/final_repeat10
8,4096,1,12346,85.081237792969,0.967847023141,0.279946949177,0.286228949921,4,0.01,0.01,0.75,/data/hzw/Rethinking_DP_GNN_runtime/paper_experiments/figure10/x_steps=8.yaml/dataset=cora/feature=random_normal/feature_dim=4096/scale=4/random_normal_mean=0/random_normal_std=1/mechanism=mbm/x_eps=inf/m=best/norm=false/smoother=hoa/backbone=sage/use_nfr=false/sanity_check=true/node_ratio=1,/data/hzw/Rethinking_DP_GNN_runtime/paper_experiments/figure10/x_steps=8.yaml/dataset=cora/feature=random_normal/feature_dim=4096/scale=4/random_normal_mean=0/random_normal_std=1/mechanism=mbm/x_eps=inf/m=best/norm=false/smoother=hoa/backbone=sage/use_nfr=false/sanity_check=true/node_ratio=1/final_repeat10
8,4096,2,12347,86.262924194336,0.967384130176,0.274502984789,0.286228949921,4,0.01,0.01,0.75,/data/hzw/Rethinking_DP_GNN_runtime/paper_experiments/figure10/x_steps=8.yaml/dataset=cora/feature=random_normal/feature_dim=4096/scale=4/random_normal_mean=0/random_normal_std=1/mechanism=mbm/x_eps=inf/m=best/norm=false/smoother=hoa/backbone=sage/use_nfr=false/sanity_check=true/node_ratio=1,/data/hzw/Rethinking_DP_GNN_runtime/paper_experiments/figure10/x_steps=8.yaml/dataset=cora/feature=random_normal/feature_dim=4096/scale=4/random_normal_mean=0/random_normal_std=1/mechanism=mbm/x_eps=inf/m=best/norm=false/smoother=hoa/backbone=sage/use_nfr=false/sanity_check=true/node_ratio=1/final_repeat10
8,4096,3,12348,85.819793701172,0.967551584681,0.276053768025,0.286228949921,4,0.01,0.01,0.75,/data/hzw/Rethinking_DP_GNN_runtime/paper_experiments/figure10/x_steps=8.yaml/dataset=cora/feature=random_normal/feature_dim=4096/scale=4/random_normal_mean=0/random_normal_std=1/mechanism=mbm/x_eps=inf/m=best/norm=false/smoother=hoa/backbone=sage/use_nfr=false/sanity_check=true/node_ratio=1,/data/hzw/Rethinking_DP_GNN_runtime/paper_experiments/figure10/x_steps=8.yaml/dataset=cora/feature=random_normal/feature_dim=4096/scale=4/random_normal_mean=0/random_normal_std=1/mechanism=mbm/x_eps=inf/m=best/norm=false/smoother=hoa/backbone=sage/use_nfr=false/sanity_check=true/node_ratio=1/final_repeat10
8,4096,4,12349,84.490394592285,0.967618302090,0.277763012183,0.286228949921,4,0.01,0.01,0.75,/data/hzw/Rethinking_DP_GNN_runtime/paper_experiments/figure10/x_steps=8.yaml/dataset=cora/feature=random_normal/feature_dim=4096/scale=4/random_normal_mean=0/random_normal_std=1/mechanism=mbm/x_eps=inf/m=best/norm=false/smoother=hoa/backbone=sage/use_nfr=false/sanity_check=true/node_ratio=1,/data/hzw/Rethinking_DP_GNN_runtime/paper_experiments/figure10/x_steps=8.yaml/dataset=cora/feature=random_normal/feature_dim=4096/scale=4/random_normal_mean=0/random_normal_std=1/mechanism=mbm/x_eps=inf/m=best/norm=false/smoother=hoa/backbone=sage/use_nfr=false/sanity_check=true/node_ratio=1/final_repeat10
8,4096,5,12350,82.422454833984,0.968266058311,0.276759572251,0.286228949921,4,0.01,0.01,0.75,/data/hzw/Rethinking_DP_GNN_runtime/paper_experiments/figure10/x_steps=8.yaml/dataset=cora/feature=random_normal/feature_dim=4096/scale=4/random_normal_mean=0/random_normal_std=1/mechanism=mbm/x_eps=inf/m=best/norm=false/smoother=hoa/backbone=sage/use_nfr=false/sanity_check=true/node_ratio=1,/data/hzw/Rethinking_DP_GNN_runtime/paper_experiments/figure10/x_steps=8.yaml/dataset=cora/feature=random_normal/feature_dim=4096/scale=4/random_normal_mean=0/random_normal_std=1/mechanism=mbm/x_eps=inf/m=best/norm=false/smoother=hoa/backbone=sage/use_nfr=false/sanity_check=true/node_ratio=1/final_repeat10
8,4096,6,12351,84.490394592285,0.967902953039,0.280916508772,0.286228949921,4,0.01,0.01,0.75,/data/hzw/Rethinking_DP_GNN_runtime/paper_experiments/figure10/x_steps=8.yaml/dataset=cora/feature=random_normal/feature_dim=4096/scale=4/random_normal_mean=0/random_normal_std=1/mechanism=mbm/x_eps=inf/m=best/norm=false/smoother=hoa/backbone=sage/use_nfr=false/sanity_check=true/node_ratio=1,/data/hzw/Rethinking_DP_GNN_runtime/paper_experiments/figure10/x_steps=8.yaml/dataset=cora/feature=random_normal/feature_dim=4096/scale=4/random_normal_mean=0/random_normal_std=1/mechanism=mbm/x_eps=inf/m=best/norm=false/smoother=hoa/backbone=sage/use_nfr=false/sanity_check=true/node_ratio=1/final_repeat10
8,4096,7,12352,86.706054687500,0.967533168136,0.276259658484,0.286228949921,4,0.01,0.01,0.75,/data/hzw/Rethinking_DP_GNN_runtime/paper_experiments/figure10/x_steps=8.yaml/dataset=cora/feature=random_normal/feature_dim=4096/scale=4/random_normal_mean=0/random_normal_std=1/mechanism=mbm/x_eps=inf/m=best/norm=false/smoother=hoa/backbone=sage/use_nfr=false/sanity_check=true/node_ratio=1,/data/hzw/Rethinking_DP_GNN_runtime/paper_experiments/figure10/x_steps=8.yaml/dataset=cora/feature=random_normal/feature_dim=4096/scale=4/random_normal_mean=0/random_normal_std=1/mechanism=mbm/x_eps=inf/m=best/norm=false/smoother=hoa/backbone=sage/use_nfr=false/sanity_check=true/node_ratio=1/final_repeat10
8,4096,8,12353,85.524368286133,0.967906340335,0.279001558114,0.286228949921,4,0.01,0.01,0.75,/data/hzw/Rethinking_DP_GNN_runtime/paper_experiments/figure10/x_steps=8.yaml/dataset=cora/feature=random_normal/feature_dim=4096/scale=4/random_normal_mean=0/random_normal_std=1/mechanism=mbm/x_eps=inf/m=best/norm=false/smoother=hoa/backbone=sage/use_nfr=false/sanity_check=true/node_ratio=1,/data/hzw/Rethinking_DP_GNN_runtime/paper_experiments/figure10/x_steps=8.yaml/dataset=cora/feature=random_normal/feature_dim=4096/scale=4/random_normal_mean=0/random_normal_std=1/mechanism=mbm/x_eps=inf/m=best/norm=false/smoother=hoa/backbone=sage/use_nfr=false/sanity_check=true/node_ratio=1/final_repeat10
8,4096,9,12354,88.035446166992,0.968075262311,0.278817102133,0.286228949921,4,0.01,0.01,0.75,/data/hzw/Rethinking_DP_GNN_runtime/paper_experiments/figure10/x_steps=8.yaml/dataset=cora/feature=random_normal/feature_dim=4096/scale=4/random_normal_mean=0/random_normal_std=1/mechanism=mbm/x_eps=inf/m=best/norm=false/smoother=hoa/backbone=sage/use_nfr=false/sanity_check=true/node_ratio=1,/data/hzw/Rethinking_DP_GNN_runtime/paper_experiments/figure10/x_steps=8.yaml/dataset=cora/feature=random_normal/feature_dim=4096/scale=4/random_normal_mean=0/random_normal_std=1/mechanism=mbm/x_eps=inf/m=best/norm=false/smoother=hoa/backbone=sage/use_nfr=false/sanity_check=true/node_ratio=1/final_repeat10
8,8192,0,12345,84.785820007324,0.983528237774,0.281032958470,0.286228949921,1,0.01,0.001,0.5,/data/hzw/Rethinking_DP_GNN_runtime/paper_experiments/figure10/x_steps=8.yaml/dataset=cora/feature=random_normal/feature_dim=8192/random_normal_mean=0/random_normal_std=1/mechanism=mbm/x_eps=inf/m=best/norm=false/smoother=hoa/backbone=sage/use_nfr=false/sanity_check=true/node_ratio=1,/data/hzw/Rethinking_DP_GNN_runtime/paper_experiments/figure10/x_steps=8.yaml/dataset=cora/feature=random_normal/feature_dim=8192/random_normal_mean=0/random_normal_std=1/mechanism=mbm/x_eps=inf/m=best/norm=false/smoother=hoa/backbone=sage/use_nfr=false/sanity_check=true/node_ratio=1/final_repeat10
8,8192,1,12346,86.262924194336,0.983669857320,0.282413093714,0.286228949921,1,0.01,0.001,0.5,/data/hzw/Rethinking_DP_GNN_runtime/paper_experiments/figure10/x_steps=8.yaml/dataset=cora/feature=random_normal/feature_dim=8192/random_normal_mean=0/random_normal_std=1/mechanism=mbm/x_eps=inf/m=best/norm=false/smoother=hoa/backbone=sage/use_nfr=false/sanity_check=true/node_ratio=1,/data/hzw/Rethinking_DP_GNN_runtime/paper_experiments/figure10/x_steps=8.yaml/dataset=cora/feature=random_normal/feature_dim=8192/random_normal_mean=0/random_normal_std=1/mechanism=mbm/x_eps=inf/m=best/norm=false/smoother=hoa/backbone=sage/use_nfr=false/sanity_check=true/node_ratio=1/final_repeat10
8,8192,2,12347,87.444610595703,0.983477012627,0.283111953363,0.286228949921,1,0.01,0.001,0.5,/data/hzw/Rethinking_DP_GNN_runtime/paper_experiments/figure10/x_steps=8.yaml/dataset=cora/feature=random_normal/feature_dim=8192/random_normal_mean=0/random_normal_std=1/mechanism=mbm/x_eps=inf/m=best/norm=false/smoother=hoa/backbone=sage/use_nfr=false/sanity_check=true/node_ratio=1,/data/hzw/Rethinking_DP_GNN_runtime/paper_experiments/figure10/x_steps=8.yaml/dataset=cora/feature=random_normal/feature_dim=8192/random_normal_mean=0/random_normal_std=1/mechanism=mbm/x_eps=inf/m=best/norm=false/smoother=hoa/backbone=sage/use_nfr=false/sanity_check=true/node_ratio=1/final_repeat10
8,8192,3,12348,86.853767395020,0.983324091220,0.280218367523,0.286228949921,1,0.01,0.001,0.5,/data/hzw/Rethinking_DP_GNN_runtime/paper_experiments/figure10/x_steps=8.yaml/dataset=cora/feature=random_normal/feature_dim=8192/random_normal_mean=0/random_normal_std=1/mechanism=mbm/x_eps=inf/m=best/norm=false/smoother=hoa/backbone=sage/use_nfr=false/sanity_check=true/node_ratio=1,/data/hzw/Rethinking_DP_GNN_runtime/paper_experiments/figure10/x_steps=8.yaml/dataset=cora/feature=random_normal/feature_dim=8192/random_normal_mean=0/random_normal_std=1/mechanism=mbm/x_eps=inf/m=best/norm=false/smoother=hoa/backbone=sage/use_nfr=false/sanity_check=true/node_ratio=1/final_repeat10
8,8192,4,12349,84.638107299805,0.983498397938,0.281925454764,0.286228949921,1,0.01,0.001,0.5,/data/hzw/Rethinking_DP_GNN_runtime/paper_experiments/figure10/x_steps=8.yaml/dataset=cora/feature=random_normal/feature_dim=8192/random_normal_mean=0/random_normal_std=1/mechanism=mbm/x_eps=inf/m=best/norm=false/smoother=hoa/backbone=sage/use_nfr=false/sanity_check=true/node_ratio=1,/data/hzw/Rethinking_DP_GNN_runtime/paper_experiments/figure10/x_steps=8.yaml/dataset=cora/feature=random_normal/feature_dim=8192/random_normal_mean=0/random_normal_std=1/mechanism=mbm/x_eps=inf/m=best/norm=false/smoother=hoa/backbone=sage/use_nfr=false/sanity_check=true/node_ratio=1/final_repeat10
8,8192,5,12350,84.933532714844,0.983382199876,0.280671786356,0.286228949921,1,0.01,0.001,0.5,/data/hzw/Rethinking_DP_GNN_runtime/paper_experiments/figure10/x_steps=8.yaml/dataset=cora/feature=random_normal/feature_dim=8192/random_normal_mean=0/random_normal_std=1/mechanism=mbm/x_eps=inf/m=best/norm=false/smoother=hoa/backbone=sage/use_nfr=false/sanity_check=true/node_ratio=1,/data/hzw/Rethinking_DP_GNN_runtime/paper_experiments/figure10/x_steps=8.yaml/dataset=cora/feature=random_normal/feature_dim=8192/random_normal_mean=0/random_normal_std=1/mechanism=mbm/x_eps=inf/m=best/norm=false/smoother=hoa/backbone=sage/use_nfr=false/sanity_check=true/node_ratio=1/final_repeat10
8,8192,6,12351,85.524368286133,0.983400529319,0.280645704272,0.286228949921,1,0.01,0.001,0.5,/data/hzw/Rethinking_DP_GNN_runtime/paper_experiments/figure10/x_steps=8.yaml/dataset=cora/feature=random_normal/feature_dim=8192/random_normal_mean=0/random_normal_std=1/mechanism=mbm/x_eps=inf/m=best/norm=false/smoother=hoa/backbone=sage/use_nfr=false/sanity_check=true/node_ratio=1,/data/hzw/Rethinking_DP_GNN_runtime/paper_experiments/figure10/x_steps=8.yaml/dataset=cora/feature=random_normal/feature_dim=8192/random_normal_mean=0/random_normal_std=1/mechanism=mbm/x_eps=inf/m=best/norm=false/smoother=hoa/backbone=sage/use_nfr=false/sanity_check=true/node_ratio=1/final_repeat10
8,8192,7,12352,86.410636901855,0.983456038957,0.281525563310,0.286228949921,1,0.01,0.001,0.5,/data/hzw/Rethinking_DP_GNN_runtime/paper_experiments/figure10/x_steps=8.yaml/dataset=cora/feature=random_normal/feature_dim=8192/random_normal_mean=0/random_normal_std=1/mechanism=mbm/x_eps=inf/m=best/norm=false/smoother=hoa/backbone=sage/use_nfr=false/sanity_check=true/node_ratio=1,/data/hzw/Rethinking_DP_GNN_runtime/paper_experiments/figure10/x_steps=8.yaml/dataset=cora/feature=random_normal/feature_dim=8192/random_normal_mean=0/random_normal_std=1/mechanism=mbm/x_eps=inf/m=best/norm=false/smoother=hoa/backbone=sage/use_nfr=false/sanity_check=true/node_ratio=1/final_repeat10
8,8192,8,12353,85.967498779297,0.983457363890,0.283915182292,0.286228949921,1,0.01,0.001,0.5,/data/hzw/Rethinking_DP_GNN_runtime/paper_experiments/figure10/x_steps=8.yaml/dataset=cora/feature=random_normal/feature_dim=8192/random_normal_mean=0/random_normal_std=1/mechanism=mbm/x_eps=inf/m=best/norm=false/smoother=hoa/backbone=sage/use_nfr=false/sanity_check=true/node_ratio=1,/data/hzw/Rethinking_DP_GNN_runtime/paper_experiments/figure10/x_steps=8.yaml/dataset=cora/feature=random_normal/feature_dim=8192/random_normal_mean=0/random_normal_std=1/mechanism=mbm/x_eps=inf/m=best/norm=false/smoother=hoa/backbone=sage/use_nfr=false/sanity_check=true/node_ratio=1/final_repeat10
8,8192,9,12354,86.706054687500,0.983320869895,0.280834878749,0.286228949921,1,0.01,0.001,0.5,/data/hzw/Rethinking_DP_GNN_runtime/paper_experiments/figure10/x_steps=8.yaml/dataset=cora/feature=random_normal/feature_dim=8192/random_normal_mean=0/random_normal_std=1/mechanism=mbm/x_eps=inf/m=best/norm=false/smoother=hoa/backbone=sage/use_nfr=false/sanity_check=true/node_ratio=1,/data/hzw/Rethinking_DP_GNN_runtime/paper_experiments/figure10/x_steps=8.yaml/dataset=cora/feature=random_normal/feature_dim=8192/random_normal_mean=0/random_normal_std=1/mechanism=mbm/x_eps=inf/m=best/norm=false/smoother=hoa/backbone=sage/use_nfr=false/sanity_check=true/node_ratio=1/final_repeat10
8,16384,0,12345,85.228950500488,0.991712972354,0.284547551316,0.286228949921,1,0.01,0.001,0.75,/data/hzw/Rethinking_DP_GNN_runtime/paper_experiments/figure10/x_steps=8.yaml/dataset=cora/feature=random_normal/feature_dim=16384/random_normal_mean=0/random_normal_std=1/mechanism=mbm/x_eps=inf/m=best/norm=false/smoother=hoa/backbone=sage/use_nfr=false/sanity_check=true/node_ratio=1,/data/hzw/Rethinking_DP_GNN_runtime/paper_experiments/figure10/x_steps=8.yaml/dataset=cora/feature=random_normal/feature_dim=16384/random_normal_mean=0/random_normal_std=1/mechanism=mbm/x_eps=inf/m=best/norm=false/smoother=hoa/backbone=sage/use_nfr=false/sanity_check=true/node_ratio=1/final_repeat10
8,16384,1,12346,85.967498779297,0.991628458080,0.282676148527,0.286228949921,1,0.01,0.001,0.75,/data/hzw/Rethinking_DP_GNN_runtime/paper_experiments/figure10/x_steps=8.yaml/dataset=cora/feature=random_normal/feature_dim=16384/random_normal_mean=0/random_normal_std=1/mechanism=mbm/x_eps=inf/m=best/norm=false/smoother=hoa/backbone=sage/use_nfr=false/sanity_check=true/node_ratio=1,/data/hzw/Rethinking_DP_GNN_runtime/paper_experiments/figure10/x_steps=8.yaml/dataset=cora/feature=random_normal/feature_dim=16384/random_normal_mean=0/random_normal_std=1/mechanism=mbm/x_eps=inf/m=best/norm=false/smoother=hoa/backbone=sage/use_nfr=false/sanity_check=true/node_ratio=1/final_repeat10
8,16384,2,12347,87.296897888184,0.991683630804,0.284802751030,0.286228949921,1,0.01,0.001,0.75,/data/hzw/Rethinking_DP_GNN_runtime/paper_experiments/figure10/x_steps=8.yaml/dataset=cora/feature=random_normal/feature_dim=16384/random_normal_mean=0/random_normal_std=1/mechanism=mbm/x_eps=inf/m=best/norm=false/smoother=hoa/backbone=sage/use_nfr=false/sanity_check=true/node_ratio=1,/data/hzw/Rethinking_DP_GNN_runtime/paper_experiments/figure10/x_steps=8.yaml/dataset=cora/feature=random_normal/feature_dim=16384/random_normal_mean=0/random_normal_std=1/mechanism=mbm/x_eps=inf/m=best/norm=false/smoother=hoa/backbone=sage/use_nfr=false/sanity_check=true/node_ratio=1/final_repeat10
8,16384,3,12348,87.296897888184,0.991528090734,0.281800691327,0.286228949921,1,0.01,0.001,0.75,/data/hzw/Rethinking_DP_GNN_runtime/paper_experiments/figure10/x_steps=8.yaml/dataset=cora/feature=random_normal/feature_dim=16384/random_normal_mean=0/random_normal_std=1/mechanism=mbm/x_eps=inf/m=best/norm=false/smoother=hoa/backbone=sage/use_nfr=false/sanity_check=true/node_ratio=1,/data/hzw/Rethinking_DP_GNN_runtime/paper_experiments/figure10/x_steps=8.yaml/dataset=cora/feature=random_normal/feature_dim=16384/random_normal_mean=0/random_normal_std=1/mechanism=mbm/x_eps=inf/m=best/norm=false/smoother=hoa/backbone=sage/use_nfr=false/sanity_check=true/node_ratio=1/final_repeat10
8,16384,4,12349,85.524368286133,0.991613926699,0.283793641442,0.286228949921,1,0.01,0.001,0.75,/data/hzw/Rethinking_DP_GNN_runtime/paper_experiments/figure10/x_steps=8.yaml/dataset=cora/feature=random_normal/feature_dim=16384/random_normal_mean=0/random_normal_std=1/mechanism=mbm/x_eps=inf/m=best/norm=false/smoother=hoa/backbone=sage/use_nfr=false/sanity_check=true/node_ratio=1,/data/hzw/Rethinking_DP_GNN_runtime/paper_experiments/figure10/x_steps=8.yaml/dataset=cora/feature=random_normal/feature_dim=16384/random_normal_mean=0/random_normal_std=1/mechanism=mbm/x_eps=inf/m=best/norm=false/smoother=hoa/backbone=sage/use_nfr=false/sanity_check=true/node_ratio=1/final_repeat10
8,16384,5,12350,83.751846313477,0.991707702925,0.283972793140,0.286228949921,1,0.01,0.001,0.75,/data/hzw/Rethinking_DP_GNN_runtime/paper_experiments/figure10/x_steps=8.yaml/dataset=cora/feature=random_normal/feature_dim=16384/random_normal_mean=0/random_normal_std=1/mechanism=mbm/x_eps=inf/m=best/norm=false/smoother=hoa/backbone=sage/use_nfr=false/sanity_check=true/node_ratio=1,/data/hzw/Rethinking_DP_GNN_runtime/paper_experiments/figure10/x_steps=8.yaml/dataset=cora/feature=random_normal/feature_dim=16384/random_normal_mean=0/random_normal_std=1/mechanism=mbm/x_eps=inf/m=best/norm=false/smoother=hoa/backbone=sage/use_nfr=false/sanity_check=true/node_ratio=1/final_repeat10
8,16384,6,12351,85.081237792969,0.991626044992,0.283621658750,0.286228949921,1,0.01,0.001,0.75,/data/hzw/Rethinking_DP_GNN_runtime/paper_experiments/figure10/x_steps=8.yaml/dataset=cora/feature=random_normal/feature_dim=16384/random_normal_mean=0/random_normal_std=1/mechanism=mbm/x_eps=inf/m=best/norm=false/smoother=hoa/backbone=sage/use_nfr=false/sanity_check=true/node_ratio=1,/data/hzw/Rethinking_DP_GNN_runtime/paper_experiments/figure10/x_steps=8.yaml/dataset=cora/feature=random_normal/feature_dim=16384/random_normal_mean=0/random_normal_std=1/mechanism=mbm/x_eps=inf/m=best/norm=false/smoother=hoa/backbone=sage/use_nfr=false/sanity_check=true/node_ratio=1/final_repeat10
8,16384,7,12352,87.444610595703,0.991591807694,0.284532249223,0.286228949921,1,0.01,0.001,0.75,/data/hzw/Rethinking_DP_GNN_runtime/paper_experiments/figure10/x_steps=8.yaml/dataset=cora/feature=random_normal/feature_dim=16384/random_normal_mean=0/random_normal_std=1/mechanism=mbm/x_eps=inf/m=best/norm=false/smoother=hoa/backbone=sage/use_nfr=false/sanity_check=true/node_ratio=1,/data/hzw/Rethinking_DP_GNN_runtime/paper_experiments/figure10/x_steps=8.yaml/dataset=cora/feature=random_normal/feature_dim=16384/random_normal_mean=0/random_normal_std=1/mechanism=mbm/x_eps=inf/m=best/norm=false/smoother=hoa/backbone=sage/use_nfr=false/sanity_check=true/node_ratio=1/final_repeat10
8,16384,8,12353,85.376663208008,0.991667044530,0.284172513803,0.286228949921,1,0.01,0.001,0.75,/data/hzw/Rethinking_DP_GNN_runtime/paper_experiments/figure10/x_steps=8.yaml/dataset=cora/feature=random_normal/feature_dim=16384/random_normal_mean=0/random_normal_std=1/mechanism=mbm/x_eps=inf/m=best/norm=false/smoother=hoa/backbone=sage/use_nfr=false/sanity_check=true/node_ratio=1,/data/hzw/Rethinking_DP_GNN_runtime/paper_experiments/figure10/x_steps=8.yaml/dataset=cora/feature=random_normal/feature_dim=16384/random_normal_mean=0/random_normal_std=1/mechanism=mbm/x_eps=inf/m=best/norm=false/smoother=hoa/backbone=sage/use_nfr=false/sanity_check=true/node_ratio=1/final_repeat10
8,16384,9,12354,87.444610595703,0.991527855507,0.283310963854,0.286228949921,1,0.01,0.001,0.75,/data/hzw/Rethinking_DP_GNN_runtime/paper_experiments/figure10/x_steps=8.yaml/dataset=cora/feature=random_normal/feature_dim=16384/random_normal_mean=0/random_normal_std=1/mechanism=mbm/x_eps=inf/m=best/norm=false/smoother=hoa/backbone=sage/use_nfr=false/sanity_check=true/node_ratio=1,/data/hzw/Rethinking_DP_GNN_runtime/paper_experiments/figure10/x_steps=8.yaml/dataset=cora/feature=random_normal/feature_dim=16384/random_normal_mean=0/random_normal_std=1/mechanism=mbm/x_eps=inf/m=best/norm=false/smoother=hoa/backbone=sage/use_nfr=false/sanity_check=true/node_ratio=1/final_repeat10
8,32768,0,12345,85.819793701172,0.995819961628,0.285409550490,0.286228949921,0.0625,0.01,0.0001,0.5,/data/hzw/Rethinking_DP_GNN_runtime/paper_experiments/figure10/x_steps=8.yaml/dataset=cora/feature=random_normal/feature_dim=32768/scale=0.0625/random_normal_mean=0/random_normal_std=1/mechanism=mbm/x_eps=inf/m=best/norm=false/smoother=hoa/backbone=sage/use_nfr=false/sanity_check=true/node_ratio=1,/data/hzw/Rethinking_DP_GNN_runtime/paper_experiments/figure10/x_steps=8.yaml/dataset=cora/feature=random_normal/feature_dim=32768/scale=0.0625/random_normal_mean=0/random_normal_std=1/mechanism=mbm/x_eps=inf/m=best/norm=false/smoother=hoa/backbone=sage/use_nfr=false/sanity_check=true/node_ratio=1/final_repeat10
8,32768,1,12346,85.228950500488,0.995771254225,0.285129805093,0.286228949921,0.0625,0.01,0.0001,0.5,/data/hzw/Rethinking_DP_GNN_runtime/paper_experiments/figure10/x_steps=8.yaml/dataset=cora/feature=random_normal/feature_dim=32768/scale=0.0625/random_normal_mean=0/random_normal_std=1/mechanism=mbm/x_eps=inf/m=best/norm=false/smoother=hoa/backbone=sage/use_nfr=false/sanity_check=true/node_ratio=1,/data/hzw/Rethinking_DP_GNN_runtime/paper_experiments/figure10/x_steps=8.yaml/dataset=cora/feature=random_normal/feature_dim=32768/scale=0.0625/random_normal_mean=0/random_normal_std=1/mechanism=mbm/x_eps=inf/m=best/norm=false/smoother=hoa/backbone=sage/use_nfr=false/sanity_check=true/node_ratio=1/final_repeat10
8,32768,2,12347,87.001472473145,0.995838959365,0.285033877361,0.286228949921,0.0625,0.01,0.0001,0.5,/data/hzw/Rethinking_DP_GNN_runtime/paper_experiments/figure10/x_steps=8.yaml/dataset=cora/feature=random_normal/feature_dim=32768/scale=0.0625/random_normal_mean=0/random_normal_std=1/mechanism=mbm/x_eps=inf/m=best/norm=false/smoother=hoa/backbone=sage/use_nfr=false/sanity_check=true/node_ratio=1,/data/hzw/Rethinking_DP_GNN_runtime/paper_experiments/figure10/x_steps=8.yaml/dataset=cora/feature=random_normal/feature_dim=32768/scale=0.0625/random_normal_mean=0/random_normal_std=1/mechanism=mbm/x_eps=inf/m=best/norm=false/smoother=hoa/backbone=sage/use_nfr=false/sanity_check=true/node_ratio=1/final_repeat10
8,32768,3,12348,86.410636901855,0.995808683652,0.285222168873,0.286228949921,0.0625,0.01,0.0001,0.5,/data/hzw/Rethinking_DP_GNN_runtime/paper_experiments/figure10/x_steps=8.yaml/dataset=cora/feature=random_normal/feature_dim=32768/scale=0.0625/random_normal_mean=0/random_normal_std=1/mechanism=mbm/x_eps=inf/m=best/norm=false/smoother=hoa/backbone=sage/use_nfr=false/sanity_check=true/node_ratio=1,/data/hzw/Rethinking_DP_GNN_runtime/paper_experiments/figure10/x_steps=8.yaml/dataset=cora/feature=random_normal/feature_dim=32768/scale=0.0625/random_normal_mean=0/random_normal_std=1/mechanism=mbm/x_eps=inf/m=best/norm=false/smoother=hoa/backbone=sage/use_nfr=false/sanity_check=true/node_ratio=1/final_repeat10
8,32768,4,12349,85.967498779297,0.995868223729,0.284354767028,0.286228949921,0.0625,0.01,0.0001,0.5,/data/hzw/Rethinking_DP_GNN_runtime/paper_experiments/figure10/x_steps=8.yaml/dataset=cora/feature=random_normal/feature_dim=32768/scale=0.0625/random_normal_mean=0/random_normal_std=1/mechanism=mbm/x_eps=inf/m=best/norm=false/smoother=hoa/backbone=sage/use_nfr=false/sanity_check=true/node_ratio=1,/data/hzw/Rethinking_DP_GNN_runtime/paper_experiments/figure10/x_steps=8.yaml/dataset=cora/feature=random_normal/feature_dim=32768/scale=0.0625/random_normal_mean=0/random_normal_std=1/mechanism=mbm/x_eps=inf/m=best/norm=false/smoother=hoa/backbone=sage/use_nfr=false/sanity_check=true/node_ratio=1/final_repeat10
8,32768,5,12350,85.672080993652,0.995755358586,0.285075122338,0.286228949921,0.0625,0.01,0.0001,0.5,/data/hzw/Rethinking_DP_GNN_runtime/paper_experiments/figure10/x_steps=8.yaml/dataset=cora/feature=random_normal/feature_dim=32768/scale=0.0625/random_normal_mean=0/random_normal_std=1/mechanism=mbm/x_eps=inf/m=best/norm=false/smoother=hoa/backbone=sage/use_nfr=false/sanity_check=true/node_ratio=1,/data/hzw/Rethinking_DP_GNN_runtime/paper_experiments/figure10/x_steps=8.yaml/dataset=cora/feature=random_normal/feature_dim=32768/scale=0.0625/random_normal_mean=0/random_normal_std=1/mechanism=mbm/x_eps=inf/m=best/norm=false/smoother=hoa/backbone=sage/use_nfr=false/sanity_check=true/node_ratio=1/final_repeat10
8,32768,6,12351,85.081237792969,0.995813153700,0.285546218480,0.286228949921,0.0625,0.01,0.0001,0.5,/data/hzw/Rethinking_DP_GNN_runtime/paper_experiments/figure10/x_steps=8.yaml/dataset=cora/feature=random_normal/feature_dim=32768/scale=0.0625/random_normal_mean=0/random_normal_std=1/mechanism=mbm/x_eps=inf/m=best/norm=false/smoother=hoa/backbone=sage/use_nfr=false/sanity_check=true/node_ratio=1,/data/hzw/Rethinking_DP_GNN_runtime/paper_experiments/figure10/x_steps=8.yaml/dataset=cora/feature=random_normal/feature_dim=32768/scale=0.0625/random_normal_mean=0/random_normal_std=1/mechanism=mbm/x_eps=inf/m=best/norm=false/smoother=hoa/backbone=sage/use_nfr=false/sanity_check=true/node_ratio=1/final_repeat10
8,32768,7,12352,87.149185180664,0.995819363330,0.285692521591,0.286228949921,0.0625,0.01,0.0001,0.5,/data/hzw/Rethinking_DP_GNN_runtime/paper_experiments/figure10/x_steps=8.yaml/dataset=cora/feature=random_normal/feature_dim=32768/scale=0.0625/random_normal_mean=0/random_normal_std=1/mechanism=mbm/x_eps=inf/m=best/norm=false/smoother=hoa/backbone=sage/use_nfr=false/sanity_check=true/node_ratio=1,/data/hzw/Rethinking_DP_GNN_runtime/paper_experiments/figure10/x_steps=8.yaml/dataset=cora/feature=random_normal/feature_dim=32768/scale=0.0625/random_normal_mean=0/random_normal_std=1/mechanism=mbm/x_eps=inf/m=best/norm=false/smoother=hoa/backbone=sage/use_nfr=false/sanity_check=true/node_ratio=1/final_repeat10
8,32768,8,12353,85.967498779297,0.995763508692,0.285054142919,0.286228949921,0.0625,0.01,0.0001,0.5,/data/hzw/Rethinking_DP_GNN_runtime/paper_experiments/figure10/x_steps=8.yaml/dataset=cora/feature=random_normal/feature_dim=32768/scale=0.0625/random_normal_mean=0/random_normal_std=1/mechanism=mbm/x_eps=inf/m=best/norm=false/smoother=hoa/backbone=sage/use_nfr=false/sanity_check=true/node_ratio=1,/data/hzw/Rethinking_DP_GNN_runtime/paper_experiments/figure10/x_steps=8.yaml/dataset=cora/feature=random_normal/feature_dim=32768/scale=0.0625/random_normal_mean=0/random_normal_std=1/mechanism=mbm/x_eps=inf/m=best/norm=false/smoother=hoa/backbone=sage/use_nfr=false/sanity_check=true/node_ratio=1/final_repeat10
8,32768,9,12354,87.296897888184,0.995811871783,0.285456715299,0.286228949921,0.0625,0.01,0.0001,0.5,/data/hzw/Rethinking_DP_GNN_runtime/paper_experiments/figure10/x_steps=8.yaml/dataset=cora/feature=random_normal/feature_dim=32768/scale=0.0625/random_normal_mean=0/random_normal_std=1/mechanism=mbm/x_eps=inf/m=best/norm=false/smoother=hoa/backbone=sage/use_nfr=false/sanity_check=true/node_ratio=1,/data/hzw/Rethinking_DP_GNN_runtime/paper_experiments/figure10/x_steps=8.yaml/dataset=cora/feature=random_normal/feature_dim=32768/scale=0.0625/random_normal_mean=0/random_normal_std=1/mechanism=mbm/x_eps=inf/m=best/norm=false/smoother=hoa/backbone=sage/use_nfr=false/sanity_check=true/node_ratio=1/final_repeat10
16,4,0,12345,44.165435791016,0.137957765600,0.051811620826,0.370307963404,256,0.01,0.001,0.25,/data/hzw/Rethinking_DP_GNN_runtime/paper_experiments/figure10/x_steps=16.yaml/dataset=cora/feature=random_normal/feature_dim=4/scale=256/random_normal_mean=0/random_normal_std=1/mechanism=mbm/x_eps=inf/m=best/norm=false/smoother=hoa/backbone=sage/use_nfr=false/sanity_check=true/node_ratio=1,/data/hzw/Rethinking_DP_GNN_runtime/paper_experiments/figure10/x_steps=16.yaml/dataset=cora/feature=random_normal/feature_dim=4/scale=256/random_normal_mean=0/random_normal_std=1/mechanism=mbm/x_eps=inf/m=best/norm=false/smoother=hoa/backbone=sage/use_nfr=false/sanity_check=true/node_ratio=1/final_repeat10
16,4,1,12346,51.107830047607,0.149763851398,0.060487586727,0.370307963404,256,0.01,0.001,0.25,/data/hzw/Rethinking_DP_GNN_runtime/paper_experiments/figure10/x_steps=16.yaml/dataset=cora/feature=random_normal/feature_dim=4/scale=256/random_normal_mean=0/random_normal_std=1/mechanism=mbm/x_eps=inf/m=best/norm=false/smoother=hoa/backbone=sage/use_nfr=false/sanity_check=true/node_ratio=1,/data/hzw/Rethinking_DP_GNN_runtime/paper_experiments/figure10/x_steps=16.yaml/dataset=cora/feature=random_normal/feature_dim=4/scale=256/random_normal_mean=0/random_normal_std=1/mechanism=mbm/x_eps=inf/m=best/norm=false/smoother=hoa/backbone=sage/use_nfr=false/sanity_check=true/node_ratio=1/final_repeat10
16,4,2,12347,47.710487365723,0.136666061706,0.048202449288,0.370307963404,256,0.01,0.001,0.25,/data/hzw/Rethinking_DP_GNN_runtime/paper_experiments/figure10/x_steps=16.yaml/dataset=cora/feature=random_normal/feature_dim=4/scale=256/random_normal_mean=0/random_normal_std=1/mechanism=mbm/x_eps=inf/m=best/norm=false/smoother=hoa/backbone=sage/use_nfr=false/sanity_check=true/node_ratio=1,/data/hzw/Rethinking_DP_GNN_runtime/paper_experiments/figure10/x_steps=16.yaml/dataset=cora/feature=random_normal/feature_dim=4/scale=256/random_normal_mean=0/random_normal_std=1/mechanism=mbm/x_eps=inf/m=best/norm=false/smoother=hoa/backbone=sage/use_nfr=false/sanity_check=true/node_ratio=1/final_repeat10
16,4,3,12348,46.085670471191,0.151841307761,0.056414521840,0.370307963404,256,0.01,0.001,0.25,/data/hzw/Rethinking_DP_GNN_runtime/paper_experiments/figure10/x_steps=16.yaml/dataset=cora/feature=random_normal/feature_dim=4/scale=256/random_normal_mean=0/random_normal_std=1/mechanism=mbm/x_eps=inf/m=best/norm=false/smoother=hoa/backbone=sage/use_nfr=false/sanity_check=true/node_ratio=1,/data/hzw/Rethinking_DP_GNN_runtime/paper_experiments/figure10/x_steps=16.yaml/dataset=cora/feature=random_normal/feature_dim=4/scale=256/random_normal_mean=0/random_normal_std=1/mechanism=mbm/x_eps=inf/m=best/norm=false/smoother=hoa/backbone=sage/use_nfr=false/sanity_check=true/node_ratio=1/final_repeat10
16,4,4,12349,43.279170989990,0.119020774812,0.022478540231,0.370307963404,256,0.01,0.001,0.25,/data/hzw/Rethinking_DP_GNN_runtime/paper_experiments/figure10/x_steps=16.yaml/dataset=cora/feature=random_normal/feature_dim=4/scale=256/random_normal_mean=0/random_normal_std=1/mechanism=mbm/x_eps=inf/m=best/norm=false/smoother=hoa/backbone=sage/use_nfr=false/sanity_check=true/node_ratio=1,/data/hzw/Rethinking_DP_GNN_runtime/paper_experiments/figure10/x_steps=16.yaml/dataset=cora/feature=random_normal/feature_dim=4/scale=256/random_normal_mean=0/random_normal_std=1/mechanism=mbm/x_eps=inf/m=best/norm=false/smoother=hoa/backbone=sage/use_nfr=false/sanity_check=true/node_ratio=1/final_repeat10
16,4,5,12350,51.550960540771,0.163946919214,0.063716712336,0.370307963404,256,0.01,0.001,0.25,/data/hzw/Rethinking_DP_GNN_runtime/paper_experiments/figure10/x_steps=16.yaml/dataset=cora/feature=random_normal/feature_dim=4/scale=256/random_normal_mean=0/random_normal_std=1/mechanism=mbm/x_eps=inf/m=best/norm=false/smoother=hoa/backbone=sage/use_nfr=false/sanity_check=true/node_ratio=1,/data/hzw/Rethinking_DP_GNN_runtime/paper_experiments/figure10/x_steps=16.yaml/dataset=cora/feature=random_normal/feature_dim=4/scale=256/random_normal_mean=0/random_normal_std=1/mechanism=mbm/x_eps=inf/m=best/norm=false/smoother=hoa/backbone=sage/use_nfr=false/sanity_check=true/node_ratio=1/final_repeat10
16,4,6,12351,44.313144683838,0.118021971225,0.037251613653,0.370307963404,256,0.01,0.001,0.25,/data/hzw/Rethinking_DP_GNN_runtime/paper_experiments/figure10/x_steps=16.yaml/dataset=cora/feature=random_normal/feature_dim=4/scale=256/random_normal_mean=0/random_normal_std=1/mechanism=mbm/x_eps=inf/m=best/norm=false/smoother=hoa/backbone=sage/use_nfr=false/sanity_check=true/node_ratio=1,/data/hzw/Rethinking_DP_GNN_runtime/paper_experiments/figure10/x_steps=16.yaml/dataset=cora/feature=random_normal/feature_dim=4/scale=256/random_normal_mean=0/random_normal_std=1/mechanism=mbm/x_eps=inf/m=best/norm=false/smoother=hoa/backbone=sage/use_nfr=false/sanity_check=true/node_ratio=1/final_repeat10
16,4,7,12352,48.153617858887,0.130792152008,0.042058547057,0.370307963404,256,0.01,0.001,0.25,/data/hzw/Rethinking_DP_GNN_runtime/paper_experiments/figure10/x_steps=16.yaml/dataset=cora/feature=random_normal/feature_dim=4/scale=256/random_normal_mean=0/random_normal_std=1/mechanism=mbm/x_eps=inf/m=best/norm=false/smoother=hoa/backbone=sage/use_nfr=false/sanity_check=true/node_ratio=1,/data/hzw/Rethinking_DP_GNN_runtime/paper_experiments/figure10/x_steps=16.yaml/dataset=cora/feature=random_normal/feature_dim=4/scale=256/random_normal_mean=0/random_normal_std=1/mechanism=mbm/x_eps=inf/m=best/norm=false/smoother=hoa/backbone=sage/use_nfr=false/sanity_check=true/node_ratio=1/final_repeat10
16,4,8,12353,41.654357910156,0.122347939394,0.031932766660,0.370307963404,256,0.01,0.001,0.25,/data/hzw/Rethinking_DP_GNN_runtime/paper_experiments/figure10/x_steps=16.yaml/dataset=cora/feature=random_normal/feature_dim=4/scale=256/random_normal_mean=0/random_normal_std=1/mechanism=mbm/x_eps=inf/m=best/norm=false/smoother=hoa/backbone=sage/use_nfr=false/sanity_check=true/node_ratio=1,/data/hzw/Rethinking_DP_GNN_runtime/paper_experiments/figure10/x_steps=16.yaml/dataset=cora/feature=random_normal/feature_dim=4/scale=256/random_normal_mean=0/random_normal_std=1/mechanism=mbm/x_eps=inf/m=best/norm=false/smoother=hoa/backbone=sage/use_nfr=false/sanity_check=true/node_ratio=1/final_repeat10
16,4,9,12354,48.301326751709,0.133926570360,0.055908096466,0.370307963404,256,0.01,0.001,0.25,/data/hzw/Rethinking_DP_GNN_runtime/paper_experiments/figure10/x_steps=16.yaml/dataset=cora/feature=random_normal/feature_dim=4/scale=256/random_normal_mean=0/random_normal_std=1/mechanism=mbm/x_eps=inf/m=best/norm=false/smoother=hoa/backbone=sage/use_nfr=false/sanity_check=true/node_ratio=1,/data/hzw/Rethinking_DP_GNN_runtime/paper_experiments/figure10/x_steps=16.yaml/dataset=cora/feature=random_normal/feature_dim=4/scale=256/random_normal_mean=0/random_normal_std=1/mechanism=mbm/x_eps=inf/m=best/norm=false/smoother=hoa/backbone=sage/use_nfr=false/sanity_check=true/node_ratio=1/final_repeat10
16,8,0,12345,57.459377288818,0.216192720415,0.077365067552,0.370307963404,256,0.01,0.001,0.25,/data/hzw/Rethinking_DP_GNN_runtime/paper_experiments/figure10/x_steps=16.yaml/dataset=cora/feature=random_normal/feature_dim=8/scale=256/random_normal_mean=0/random_normal_std=1/mechanism=mbm/x_eps=inf/m=best/norm=false/smoother=hoa/backbone=sage/use_nfr=false/sanity_check=true/node_ratio=1,/data/hzw/Rethinking_DP_GNN_runtime/paper_experiments/figure10/x_steps=16.yaml/dataset=cora/feature=random_normal/feature_dim=8/scale=256/random_normal_mean=0/random_normal_std=1/mechanism=mbm/x_eps=inf/m=best/norm=false/smoother=hoa/backbone=sage/use_nfr=false/sanity_check=true/node_ratio=1/final_repeat10
16,8,1,12346,55.539142608643,0.172891054522,0.052580490842,0.370307963404,256,0.01,0.001,0.25,/data/hzw/Rethinking_DP_GNN_runtime/paper_experiments/figure10/x_steps=16.yaml/dataset=cora/feature=random_normal/feature_dim=8/scale=256/random_normal_mean=0/random_normal_std=1/mechanism=mbm/x_eps=inf/m=best/norm=false/smoother=hoa/backbone=sage/use_nfr=false/sanity_check=true/node_ratio=1,/data/hzw/Rethinking_DP_GNN_runtime/paper_experiments/figure10/x_steps=16.yaml/dataset=cora/feature=random_normal/feature_dim=8/scale=256/random_normal_mean=0/random_normal_std=1/mechanism=mbm/x_eps=inf/m=best/norm=false/smoother=hoa/backbone=sage/use_nfr=false/sanity_check=true/node_ratio=1/final_repeat10
16,8,2,12347,60.265876770020,0.194927647885,0.063515230594,0.370307963404,256,0.01,0.001,0.25,/data/hzw/Rethinking_DP_GNN_runtime/paper_experiments/figure10/x_steps=16.yaml/dataset=cora/feature=random_normal/feature_dim=8/scale=256/random_normal_mean=0/random_normal_std=1/mechanism=mbm/x_eps=inf/m=best/norm=false/smoother=hoa/backbone=sage/use_nfr=false/sanity_check=true/node_ratio=1,/data/hzw/Rethinking_DP_GNN_runtime/paper_experiments/figure10/x_steps=16.yaml/dataset=cora/feature=random_normal/feature_dim=8/scale=256/random_normal_mean=0/random_normal_std=1/mechanism=mbm/x_eps=inf/m=best/norm=false/smoother=hoa/backbone=sage/use_nfr=false/sanity_check=true/node_ratio=1/final_repeat10
16,8,3,12348,54.800586700439,0.208017341356,0.073627428831,0.370307963404,256,0.01,0.001,0.25,/data/hzw/Rethinking_DP_GNN_runtime/paper_experiments/figure10/x_steps=16.yaml/dataset=cora/feature=random_normal/feature_dim=8/scale=256/random_normal_mean=0/random_normal_std=1/mechanism=mbm/x_eps=inf/m=best/norm=false/smoother=hoa/backbone=sage/use_nfr=false/sanity_check=true/node_ratio=1,/data/hzw/Rethinking_DP_GNN_runtime/paper_experiments/figure10/x_steps=16.yaml/dataset=cora/feature=random_normal/feature_dim=8/scale=256/random_normal_mean=0/random_normal_std=1/mechanism=mbm/x_eps=inf/m=best/norm=false/smoother=hoa/backbone=sage/use_nfr=false/sanity_check=true/node_ratio=1/final_repeat10
16,8,4,12349,58.050220489502,0.204320426407,0.079544550729,0.370307963404,256,0.01,0.001,0.25,/data/hzw/Rethinking_DP_GNN_runtime/paper_experiments/figure10/x_steps=16.yaml/dataset=cora/feature=random_normal/feature_dim=8/scale=256/random_normal_mean=0/random_normal_std=1/mechanism=mbm/x_eps=inf/m=best/norm=false/smoother=hoa/backbone=sage/use_nfr=false/sanity_check=true/node_ratio=1,/data/hzw/Rethinking_DP_GNN_runtime/paper_experiments/figure10/x_steps=16.yaml/dataset=cora/feature=random_normal/feature_dim=8/scale=256/random_normal_mean=0/random_normal_std=1/mechanism=mbm/x_eps=inf/m=best/norm=false/smoother=hoa/backbone=sage/use_nfr=false/sanity_check=true/node_ratio=1/final_repeat10
16,8,5,12350,58.493350982666,0.204872221892,0.073122695314,0.370307963404,256,0.01,0.001,0.25,/data/hzw/Rethinking_DP_GNN_runtime/paper_experiments/figure10/x_steps=16.yaml/dataset=cora/feature=random_normal/feature_dim=8/scale=256/random_normal_mean=0/random_normal_std=1/mechanism=mbm/x_eps=inf/m=best/norm=false/smoother=hoa/backbone=sage/use_nfr=false/sanity_check=true/node_ratio=1,/data/hzw/Rethinking_DP_GNN_runtime/paper_experiments/figure10/x_steps=16.yaml/dataset=cora/feature=random_normal/feature_dim=8/scale=256/random_normal_mean=0/random_normal_std=1/mechanism=mbm/x_eps=inf/m=best/norm=false/smoother=hoa/backbone=sage/use_nfr=false/sanity_check=true/node_ratio=1/final_repeat10
16,8,6,12351,54.800586700439,0.230357913136,0.085446637059,0.370307963404,256,0.01,0.001,0.25,/data/hzw/Rethinking_DP_GNN_runtime/paper_experiments/figure10/x_steps=16.yaml/dataset=cora/feature=random_normal/feature_dim=8/scale=256/random_normal_mean=0/random_normal_std=1/mechanism=mbm/x_eps=inf/m=best/norm=false/smoother=hoa/backbone=sage/use_nfr=false/sanity_check=true/node_ratio=1,/data/hzw/Rethinking_DP_GNN_runtime/paper_experiments/figure10/x_steps=16.yaml/dataset=cora/feature=random_normal/feature_dim=8/scale=256/random_normal_mean=0/random_normal_std=1/mechanism=mbm/x_eps=inf/m=best/norm=false/smoother=hoa/backbone=sage/use_nfr=false/sanity_check=true/node_ratio=1/final_repeat10
16,8,7,12352,59.675037384033,0.193442598145,0.060283318652,0.370307963404,256,0.01,0.001,0.25,/data/hzw/Rethinking_DP_GNN_runtime/paper_experiments/figure10/x_steps=16.yaml/dataset=cora/feature=random_normal/feature_dim=8/scale=256/random_normal_mean=0/random_normal_std=1/mechanism=mbm/x_eps=inf/m=best/norm=false/smoother=hoa/backbone=sage/use_nfr=false/sanity_check=true/node_ratio=1,/data/hzw/Rethinking_DP_GNN_runtime/paper_experiments/figure10/x_steps=16.yaml/dataset=cora/feature=random_normal/feature_dim=8/scale=256/random_normal_mean=0/random_normal_std=1/mechanism=mbm/x_eps=inf/m=best/norm=false/smoother=hoa/backbone=sage/use_nfr=false/sanity_check=true/node_ratio=1/final_repeat10
16,8,8,12353,59.527324676514,0.200719584354,0.077378481475,0.370307963404,256,0.01,0.001,0.25,/data/hzw/Rethinking_DP_GNN_runtime/paper_experiments/figure10/x_steps=16.yaml/dataset=cora/feature=random_normal/feature_dim=8/scale=256/random_normal_mean=0/random_normal_std=1/mechanism=mbm/x_eps=inf/m=best/norm=false/smoother=hoa/backbone=sage/use_nfr=false/sanity_check=true/node_ratio=1,/data/hzw/Rethinking_DP_GNN_runtime/paper_experiments/figure10/x_steps=16.yaml/dataset=cora/feature=random_normal/feature_dim=8/scale=256/random_normal_mean=0/random_normal_std=1/mechanism=mbm/x_eps=inf/m=best/norm=false/smoother=hoa/backbone=sage/use_nfr=false/sanity_check=true/node_ratio=1/final_repeat10
16,8,9,12354,66.174301147461,0.217465669623,0.089475592872,0.370307963404,256,0.01,0.001,0.25,/data/hzw/Rethinking_DP_GNN_runtime/paper_experiments/figure10/x_steps=16.yaml/dataset=cora/feature=random_normal/feature_dim=8/scale=256/random_normal_mean=0/random_normal_std=1/mechanism=mbm/x_eps=inf/m=best/norm=false/smoother=hoa/backbone=sage/use_nfr=false/sanity_check=true/node_ratio=1,/data/hzw/Rethinking_DP_GNN_runtime/paper_experiments/figure10/x_steps=16.yaml/dataset=cora/feature=random_normal/feature_dim=8/scale=256/random_normal_mean=0/random_normal_std=1/mechanism=mbm/x_eps=inf/m=best/norm=false/smoother=hoa/backbone=sage/use_nfr=false/sanity_check=true/node_ratio=1/final_repeat10
16,16,0,12345,71.639587402344,0.277299861384,0.103678066740,0.370307963404,64,0.01,0.001,0.25,/data/hzw/Rethinking_DP_GNN_runtime/paper_experiments/figure10/x_steps=16.yaml/dataset=cora/feature=random_normal/feature_dim=16/scale=64/random_normal_mean=0/random_normal_std=1/mechanism=mbm/x_eps=inf/m=best/norm=false/smoother=hoa/backbone=sage/use_nfr=false/sanity_check=true/node_ratio=1,/data/hzw/Rethinking_DP_GNN_runtime/paper_experiments/figure10/x_steps=16.yaml/dataset=cora/feature=random_normal/feature_dim=16/scale=64/random_normal_mean=0/random_normal_std=1/mechanism=mbm/x_eps=inf/m=best/norm=false/smoother=hoa/backbone=sage/use_nfr=false/sanity_check=true/node_ratio=1/final_repeat10
16,16,1,12346,67.799118041992,0.310589701471,0.127702529241,0.370307963404,64,0.01,0.001,0.25,/data/hzw/Rethinking_DP_GNN_runtime/paper_experiments/figure10/x_steps=16.yaml/dataset=cora/feature=random_normal/feature_dim=16/scale=64/random_normal_mean=0/random_normal_std=1/mechanism=mbm/x_eps=inf/m=best/norm=false/smoother=hoa/backbone=sage/use_nfr=false/sanity_check=true/node_ratio=1,/data/hzw/Rethinking_DP_GNN_runtime/paper_experiments/figure10/x_steps=16.yaml/dataset=cora/feature=random_normal/feature_dim=16/scale=64/random_normal_mean=0/random_normal_std=1/mechanism=mbm/x_eps=inf/m=best/norm=false/smoother=hoa/backbone=sage/use_nfr=false/sanity_check=true/node_ratio=1/final_repeat10
16,16,2,12347,72.968978881836,0.283321561965,0.107370145826,0.370307963404,64,0.01,0.001,0.25,/data/hzw/Rethinking_DP_GNN_runtime/paper_experiments/figure10/x_steps=16.yaml/dataset=cora/feature=random_normal/feature_dim=16/scale=64/random_normal_mean=0/random_normal_std=1/mechanism=mbm/x_eps=inf/m=best/norm=false/smoother=hoa/backbone=sage/use_nfr=false/sanity_check=true/node_ratio=1,/data/hzw/Rethinking_DP_GNN_runtime/paper_experiments/figure10/x_steps=16.yaml/dataset=cora/feature=random_normal/feature_dim=16/scale=64/random_normal_mean=0/random_normal_std=1/mechanism=mbm/x_eps=inf/m=best/norm=false/smoother=hoa/backbone=sage/use_nfr=false/sanity_check=true/node_ratio=1/final_repeat10
16,16,3,12348,74.002952575684,0.292540040251,0.105105417518,0.370307963404,64,0.01,0.001,0.25,/data/hzw/Rethinking_DP_GNN_runtime/paper_experiments/figure10/x_steps=16.yaml/dataset=cora/feature=random_normal/feature_dim=16/scale=64/random_normal_mean=0/random_normal_std=1/mechanism=mbm/x_eps=inf/m=best/norm=false/smoother=hoa/backbone=sage/use_nfr=false/sanity_check=true/node_ratio=1,/data/hzw/Rethinking_DP_GNN_runtime/paper_experiments/figure10/x_steps=16.yaml/dataset=cora/feature=random_normal/feature_dim=16/scale=64/random_normal_mean=0/random_normal_std=1/mechanism=mbm/x_eps=inf/m=best/norm=false/smoother=hoa/backbone=sage/use_nfr=false/sanity_check=true/node_ratio=1/final_repeat10
16,16,4,12349,70.162483215332,0.302286603942,0.122854712845,0.370307963404,64,0.01,0.001,0.25,/data/hzw/Rethinking_DP_GNN_runtime/paper_experiments/figure10/x_steps=16.yaml/dataset=cora/feature=random_normal/feature_dim=16/scale=64/random_normal_mean=0/random_normal_std=1/mechanism=mbm/x_eps=inf/m=best/norm=false/smoother=hoa/backbone=sage/use_nfr=false/sanity_check=true/node_ratio=1,/data/hzw/Rethinking_DP_GNN_runtime/paper_experiments/figure10/x_steps=16.yaml/dataset=cora/feature=random_normal/feature_dim=16/scale=64/random_normal_mean=0/random_normal_std=1/mechanism=mbm/x_eps=inf/m=best/norm=false/smoother=hoa/backbone=sage/use_nfr=false/sanity_check=true/node_ratio=1/final_repeat10
16,16,5,12350,67.946823120117,0.291501380198,0.108279947639,0.370307963404,64,0.01,0.001,0.25,/data/hzw/Rethinking_DP_GNN_runtime/paper_experiments/figure10/x_steps=16.yaml/dataset=cora/feature=random_normal/feature_dim=16/scale=64/random_normal_mean=0/random_normal_std=1/mechanism=mbm/x_eps=inf/m=best/norm=false/smoother=hoa/backbone=sage/use_nfr=false/sanity_check=true/node_ratio=1,/data/hzw/Rethinking_DP_GNN_runtime/paper_experiments/figure10/x_steps=16.yaml/dataset=cora/feature=random_normal/feature_dim=16/scale=64/random_normal_mean=0/random_normal_std=1/mechanism=mbm/x_eps=inf/m=best/norm=false/smoother=hoa/backbone=sage/use_nfr=false/sanity_check=true/node_ratio=1/final_repeat10
16,16,6,12351,71.639587402344,0.283262191007,0.101540225912,0.370307963404,64,0.01,0.001,0.25,/data/hzw/Rethinking_DP_GNN_runtime/paper_experiments/figure10/x_steps=16.yaml/dataset=cora/feature=random_normal/feature_dim=16/scale=64/random_normal_mean=0/random_normal_std=1/mechanism=mbm/x_eps=inf/m=best/norm=false/smoother=hoa/backbone=sage/use_nfr=false/sanity_check=true/node_ratio=1,/data/hzw/Rethinking_DP_GNN_runtime/paper_experiments/figure10/x_steps=16.yaml/dataset=cora/feature=random_normal/feature_dim=16/scale=64/random_normal_mean=0/random_normal_std=1/mechanism=mbm/x_eps=inf/m=best/norm=false/smoother=hoa/backbone=sage/use_nfr=false/sanity_check=true/node_ratio=1/final_repeat10
16,16,7,12352,71.935005187988,0.305279511050,0.121335066752,0.370307963404,64,0.01,0.001,0.25,/data/hzw/Rethinking_DP_GNN_runtime/paper_experiments/figure10/x_steps=16.yaml/dataset=cora/feature=random_normal/feature_dim=16/scale=64/random_normal_mean=0/random_normal_std=1/mechanism=mbm/x_eps=inf/m=best/norm=false/smoother=hoa/backbone=sage/use_nfr=false/sanity_check=true/node_ratio=1,/data/hzw/Rethinking_DP_GNN_runtime/paper_experiments/figure10/x_steps=16.yaml/dataset=cora/feature=random_normal/feature_dim=16/scale=64/random_normal_mean=0/random_normal_std=1/mechanism=mbm/x_eps=inf/m=best/norm=false/smoother=hoa/backbone=sage/use_nfr=false/sanity_check=true/node_ratio=1/final_repeat10
16,16,8,12353,66.765144348145,0.290943000210,0.108383882831,0.370307963404,64,0.01,0.001,0.25,/data/hzw/Rethinking_DP_GNN_runtime/paper_experiments/figure10/x_steps=16.yaml/dataset=cora/feature=random_normal/feature_dim=16/scale=64/random_normal_mean=0/random_normal_std=1/mechanism=mbm/x_eps=inf/m=best/norm=false/smoother=hoa/backbone=sage/use_nfr=false/sanity_check=true/node_ratio=1,/data/hzw/Rethinking_DP_GNN_runtime/paper_experiments/figure10/x_steps=16.yaml/dataset=cora/feature=random_normal/feature_dim=16/scale=64/random_normal_mean=0/random_normal_std=1/mechanism=mbm/x_eps=inf/m=best/norm=false/smoother=hoa/backbone=sage/use_nfr=false/sanity_check=true/node_ratio=1/final_repeat10
16,16,9,12354,76.809455871582,0.283625798963,0.102500964614,0.370307963404,64,0.01,0.001,0.25,/data/hzw/Rethinking_DP_GNN_runtime/paper_experiments/figure10/x_steps=16.yaml/dataset=cora/feature=random_normal/feature_dim=16/scale=64/random_normal_mean=0/random_normal_std=1/mechanism=mbm/x_eps=inf/m=best/norm=false/smoother=hoa/backbone=sage/use_nfr=false/sanity_check=true/node_ratio=1,/data/hzw/Rethinking_DP_GNN_runtime/paper_experiments/figure10/x_steps=16.yaml/dataset=cora/feature=random_normal/feature_dim=16/scale=64/random_normal_mean=0/random_normal_std=1/mechanism=mbm/x_eps=inf/m=best/norm=false/smoother=hoa/backbone=sage/use_nfr=false/sanity_check=true/node_ratio=1/final_repeat10
16,32,0,12345,79.172821044922,0.403390639076,0.157034028315,0.370307963404,64,0.01,0.01,0.25,/data/hzw/Rethinking_DP_GNN_runtime/paper_experiments/figure10/x_steps=16.yaml/dataset=cora/feature=random_normal/feature_dim=32/scale=64/random_normal_mean=0/random_normal_std=1/mechanism=mbm/x_eps=inf/m=best/norm=false/smoother=hoa/backbone=sage/use_nfr=false/sanity_check=true/node_ratio=1,/data/hzw/Rethinking_DP_GNN_runtime/paper_experiments/figure10/x_steps=16.yaml/dataset=cora/feature=random_normal/feature_dim=32/scale=64/random_normal_mean=0/random_normal_std=1/mechanism=mbm/x_eps=inf/m=best/norm=false/smoother=hoa/backbone=sage/use_nfr=false/sanity_check=true/node_ratio=1/final_repeat10
16,32,1,12346,78.138847351074,0.384246030926,0.136543058905,0.370307963404,64,0.01,0.01,0.25,/data/hzw/Rethinking_DP_GNN_runtime/paper_experiments/figure10/x_steps=16.yaml/dataset=cora/feature=random_normal/feature_dim=32/scale=64/random_normal_mean=0/random_normal_std=1/mechanism=mbm/x_eps=inf/m=best/norm=false/smoother=hoa/backbone=sage/use_nfr=false/sanity_check=true/node_ratio=1,/data/hzw/Rethinking_DP_GNN_runtime/paper_experiments/figure10/x_steps=16.yaml/dataset=cora/feature=random_normal/feature_dim=32/scale=64/random_normal_mean=0/random_normal_std=1/mechanism=mbm/x_eps=inf/m=best/norm=false/smoother=hoa/backbone=sage/use_nfr=false/sanity_check=true/node_ratio=1/final_repeat10
16,32,2,12347,77.991134643555,0.413134949516,0.156708437032,0.370307963404,64,0.01,0.01,0.25,/data/hzw/Rethinking_DP_GNN_runtime/paper_experiments/figure10/x_steps=16.yaml/dataset=cora/feature=random_normal/feature_dim=32/scale=64/random_normal_mean=0/random_normal_std=1/mechanism=mbm/x_eps=inf/m=best/norm=false/smoother=hoa/backbone=sage/use_nfr=false/sanity_check=true/node_ratio=1,/data/hzw/Rethinking_DP_GNN_runtime/paper_experiments/figure10/x_steps=16.yaml/dataset=cora/feature=random_normal/feature_dim=32/scale=64/random_normal_mean=0/random_normal_std=1/mechanism=mbm/x_eps=inf/m=best/norm=false/smoother=hoa/backbone=sage/use_nfr=false/sanity_check=true/node_ratio=1/final_repeat10
16,32,3,12348,80.649925231934,0.409160973720,0.157689448324,0.370307963404,64,0.01,0.01,0.25,/data/hzw/Rethinking_DP_GNN_runtime/paper_experiments/figure10/x_steps=16.yaml/dataset=cora/feature=random_normal/feature_dim=32/scale=64/random_normal_mean=0/random_normal_std=1/mechanism=mbm/x_eps=inf/m=best/norm=false/smoother=hoa/backbone=sage/use_nfr=false/sanity_check=true/node_ratio=1,/data/hzw/Rethinking_DP_GNN_runtime/paper_experiments/figure10/x_steps=16.yaml/dataset=cora/feature=random_normal/feature_dim=32/scale=64/random_normal_mean=0/random_normal_std=1/mechanism=mbm/x_eps=inf/m=best/norm=false/smoother=hoa/backbone=sage/use_nfr=false/sanity_check=true/node_ratio=1/final_repeat10
16,32,4,12349,77.400291442871,0.387106533581,0.134708833846,0.370307963404,64,0.01,0.01,0.25,/data/hzw/Rethinking_DP_GNN_runtime/paper_experiments/figure10/x_steps=16.yaml/dataset=cora/feature=random_normal/feature_dim=32/scale=64/random_normal_mean=0/random_normal_std=1/mechanism=mbm/x_eps=inf/m=best/norm=false/smoother=hoa/backbone=sage/use_nfr=false/sanity_check=true/node_ratio=1,/data/hzw/Rethinking_DP_GNN_runtime/paper_experiments/figure10/x_steps=16.yaml/dataset=cora/feature=random_normal/feature_dim=32/scale=64/random_normal_mean=0/random_normal_std=1/mechanism=mbm/x_eps=inf/m=best/norm=false/smoother=hoa/backbone=sage/use_nfr=false/sanity_check=true/node_ratio=1/final_repeat10
16,32,5,12350,77.991134643555,0.397084795715,0.138834921830,0.370307963404,64,0.01,0.01,0.25,/data/hzw/Rethinking_DP_GNN_runtime/paper_experiments/figure10/x_steps=16.yaml/dataset=cora/feature=random_normal/feature_dim=32/scale=64/random_normal_mean=0/random_normal_std=1/mechanism=mbm/x_eps=inf/m=best/norm=false/smoother=hoa/backbone=sage/use_nfr=false/sanity_check=true/node_ratio=1,/data/hzw/Rethinking_DP_GNN_runtime/paper_experiments/figure10/x_steps=16.yaml/dataset=cora/feature=random_normal/feature_dim=32/scale=64/random_normal_mean=0/random_normal_std=1/mechanism=mbm/x_eps=inf/m=best/norm=false/smoother=hoa/backbone=sage/use_nfr=false/sanity_check=true/node_ratio=1/final_repeat10
16,32,6,12351,80.354507446289,0.384332515982,0.128308974786,0.370307963404,64,0.01,0.01,0.25,/data/hzw/Rethinking_DP_GNN_runtime/paper_experiments/figure10/x_steps=16.yaml/dataset=cora/feature=random_normal/feature_dim=32/scale=64/random_normal_mean=0/random_normal_std=1/mechanism=mbm/x_eps=inf/m=best/norm=false/smoother=hoa/backbone=sage/use_nfr=false/sanity_check=true/node_ratio=1,/data/hzw/Rethinking_DP_GNN_runtime/paper_experiments/figure10/x_steps=16.yaml/dataset=cora/feature=random_normal/feature_dim=32/scale=64/random_normal_mean=0/random_normal_std=1/mechanism=mbm/x_eps=inf/m=best/norm=false/smoother=hoa/backbone=sage/use_nfr=false/sanity_check=true/node_ratio=1/final_repeat10
16,32,7,12352,81.979316711426,0.399164062397,0.141234608632,0.370307963404,64,0.01,0.01,0.25,/data/hzw/Rethinking_DP_GNN_runtime/paper_experiments/figure10/x_steps=16.yaml/dataset=cora/feature=random_normal/feature_dim=32/scale=64/random_normal_mean=0/random_normal_std=1/mechanism=mbm/x_eps=inf/m=best/norm=false/smoother=hoa/backbone=sage/use_nfr=false/sanity_check=true/node_ratio=1,/data/hzw/Rethinking_DP_GNN_runtime/paper_experiments/figure10/x_steps=16.yaml/dataset=cora/feature=random_normal/feature_dim=32/scale=64/random_normal_mean=0/random_normal_std=1/mechanism=mbm/x_eps=inf/m=best/norm=false/smoother=hoa/backbone=sage/use_nfr=false/sanity_check=true/node_ratio=1/final_repeat10
16,32,8,12353,76.661743164062,0.410433403204,0.149453498255,0.370307963404,64,0.01,0.01,0.25,/data/hzw/Rethinking_DP_GNN_runtime/paper_experiments/figure10/x_steps=16.yaml/dataset=cora/feature=random_normal/feature_dim=32/scale=64/random_normal_mean=0/random_normal_std=1/mechanism=mbm/x_eps=inf/m=best/norm=false/smoother=hoa/backbone=sage/use_nfr=false/sanity_check=true/node_ratio=1,/data/hzw/Rethinking_DP_GNN_runtime/paper_experiments/figure10/x_steps=16.yaml/dataset=cora/feature=random_normal/feature_dim=32/scale=64/random_normal_mean=0/random_normal_std=1/mechanism=mbm/x_eps=inf/m=best/norm=false/smoother=hoa/backbone=sage/use_nfr=false/sanity_check=true/node_ratio=1/final_repeat10
16,32,9,12354,81.831611633301,0.417770342692,0.155649072378,0.370307963404,64,0.01,0.01,0.25,/data/hzw/Rethinking_DP_GNN_runtime/paper_experiments/figure10/x_steps=16.yaml/dataset=cora/feature=random_normal/feature_dim=32/scale=64/random_normal_mean=0/random_normal_std=1/mechanism=mbm/x_eps=inf/m=best/norm=false/smoother=hoa/backbone=sage/use_nfr=false/sanity_check=true/node_ratio=1,/data/hzw/Rethinking_DP_GNN_runtime/paper_experiments/figure10/x_steps=16.yaml/dataset=cora/feature=random_normal/feature_dim=32/scale=64/random_normal_mean=0/random_normal_std=1/mechanism=mbm/x_eps=inf/m=best/norm=false/smoother=hoa/backbone=sage/use_nfr=false/sanity_check=true/node_ratio=1/final_repeat10
16,64,0,12345,81.831611633301,0.517932147111,0.183754628327,0.370307963404,64,0.01,0.01,0.25,/data/hzw/Rethinking_DP_GNN_runtime/paper_experiments/figure10/x_steps=16.yaml/dataset=cora/feature=random_normal/feature_dim=64/scale=64/random_normal_mean=0/random_normal_std=1/mechanism=mbm/x_eps=inf/m=best/norm=false/smoother=hoa/backbone=sage/use_nfr=false/sanity_check=true/node_ratio=1,/data/hzw/Rethinking_DP_GNN_runtime/paper_experiments/figure10/x_steps=16.yaml/dataset=cora/feature=random_normal/feature_dim=64/scale=64/random_normal_mean=0/random_normal_std=1/mechanism=mbm/x_eps=inf/m=best/norm=false/smoother=hoa/backbone=sage/use_nfr=false/sanity_check=true/node_ratio=1/final_repeat10
16,64,1,12346,80.649925231934,0.520543464883,0.190193724131,0.370307963404,64,0.01,0.01,0.25,/data/hzw/Rethinking_DP_GNN_runtime/paper_experiments/figure10/x_steps=16.yaml/dataset=cora/feature=random_normal/feature_dim=64/scale=64/random_normal_mean=0/random_normal_std=1/mechanism=mbm/x_eps=inf/m=best/norm=false/smoother=hoa/backbone=sage/use_nfr=false/sanity_check=true/node_ratio=1,/data/hzw/Rethinking_DP_GNN_runtime/paper_experiments/figure10/x_steps=16.yaml/dataset=cora/feature=random_normal/feature_dim=64/scale=64/random_normal_mean=0/random_normal_std=1/mechanism=mbm/x_eps=inf/m=best/norm=false/smoother=hoa/backbone=sage/use_nfr=false/sanity_check=true/node_ratio=1/final_repeat10
16,64,2,12347,82.717872619629,0.533086934561,0.219799113160,0.370307963404,64,0.01,0.01,0.25,/data/hzw/Rethinking_DP_GNN_runtime/paper_experiments/figure10/x_steps=16.yaml/dataset=cora/feature=random_normal/feature_dim=64/scale=64/random_normal_mean=0/random_normal_std=1/mechanism=mbm/x_eps=inf/m=best/norm=false/smoother=hoa/backbone=sage/use_nfr=false/sanity_check=true/node_ratio=1,/data/hzw/Rethinking_DP_GNN_runtime/paper_experiments/figure10/x_steps=16.yaml/dataset=cora/feature=random_normal/feature_dim=64/scale=64/random_normal_mean=0/random_normal_std=1/mechanism=mbm/x_eps=inf/m=best/norm=false/smoother=hoa/backbone=sage/use_nfr=false/sanity_check=true/node_ratio=1/final_repeat10
16,64,3,12348,81.831611633301,0.533837173886,0.206156548878,0.370307963404,64,0.01,0.01,0.25,/data/hzw/Rethinking_DP_GNN_runtime/paper_experiments/figure10/x_steps=16.yaml/dataset=cora/feature=random_normal/feature_dim=64/scale=64/random_normal_mean=0/random_normal_std=1/mechanism=mbm/x_eps=inf/m=best/norm=false/smoother=hoa/backbone=sage/use_nfr=false/sanity_check=true/node_ratio=1,/data/hzw/Rethinking_DP_GNN_runtime/paper_experiments/figure10/x_steps=16.yaml/dataset=cora/feature=random_normal/feature_dim=64/scale=64/random_normal_mean=0/random_normal_std=1/mechanism=mbm/x_eps=inf/m=best/norm=false/smoother=hoa/backbone=sage/use_nfr=false/sanity_check=true/node_ratio=1/final_repeat10
16,64,4,12349,82.865585327148,0.525864448934,0.189564957890,0.370307963404,64,0.01,0.01,0.25,/data/hzw/Rethinking_DP_GNN_runtime/paper_experiments/figure10/x_steps=16.yaml/dataset=cora/feature=random_normal/feature_dim=64/scale=64/random_normal_mean=0/random_normal_std=1/mechanism=mbm/x_eps=inf/m=best/norm=false/smoother=hoa/backbone=sage/use_nfr=false/sanity_check=true/node_ratio=1,/data/hzw/Rethinking_DP_GNN_runtime/paper_experiments/figure10/x_steps=16.yaml/dataset=cora/feature=random_normal/feature_dim=64/scale=64/random_normal_mean=0/random_normal_std=1/mechanism=mbm/x_eps=inf/m=best/norm=false/smoother=hoa/backbone=sage/use_nfr=false/sanity_check=true/node_ratio=1/final_repeat10
16,64,5,12350,80.502212524414,0.524609536934,0.195671932357,0.370307963404,64,0.01,0.01,0.25,/data/hzw/Rethinking_DP_GNN_runtime/paper_experiments/figure10/x_steps=16.yaml/dataset=cora/feature=random_normal/feature_dim=64/scale=64/random_normal_mean=0/random_normal_std=1/mechanism=mbm/x_eps=inf/m=best/norm=false/smoother=hoa/backbone=sage/use_nfr=false/sanity_check=true/node_ratio=1,/data/hzw/Rethinking_DP_GNN_runtime/paper_experiments/figure10/x_steps=16.yaml/dataset=cora/feature=random_normal/feature_dim=64/scale=64/random_normal_mean=0/random_normal_std=1/mechanism=mbm/x_eps=inf/m=best/norm=false/smoother=hoa/backbone=sage/use_nfr=false/sanity_check=true/node_ratio=1/final_repeat10
16,64,6,12351,80.206794738770,0.520220551392,0.197069073098,0.370307963404,64,0.01,0.01,0.25,/data/hzw/Rethinking_DP_GNN_runtime/paper_experiments/figure10/x_steps=16.yaml/dataset=cora/feature=random_normal/feature_dim=64/scale=64/random_normal_mean=0/random_normal_std=1/mechanism=mbm/x_eps=inf/m=best/norm=false/smoother=hoa/backbone=sage/use_nfr=false/sanity_check=true/node_ratio=1,/data/hzw/Rethinking_DP_GNN_runtime/paper_experiments/figure10/x_steps=16.yaml/dataset=cora/feature=random_normal/feature_dim=64/scale=64/random_normal_mean=0/random_normal_std=1/mechanism=mbm/x_eps=inf/m=best/norm=false/smoother=hoa/backbone=sage/use_nfr=false/sanity_check=true/node_ratio=1/final_repeat10
16,64,7,12352,81.831611633301,0.533375364123,0.200236745101,0.370307963404,64,0.01,0.01,0.25,/data/hzw/Rethinking_DP_GNN_runtime/paper_experiments/figure10/x_steps=16.yaml/dataset=cora/feature=random_normal/feature_dim=64/scale=64/random_normal_mean=0/random_normal_std=1/mechanism=mbm/x_eps=inf/m=best/norm=false/smoother=hoa/backbone=sage/use_nfr=false/sanity_check=true/node_ratio=1,/data/hzw/Rethinking_DP_GNN_runtime/paper_experiments/figure10/x_steps=16.yaml/dataset=cora/feature=random_normal/feature_dim=64/scale=64/random_normal_mean=0/random_normal_std=1/mechanism=mbm/x_eps=inf/m=best/norm=false/smoother=hoa/backbone=sage/use_nfr=false/sanity_check=true/node_ratio=1/final_repeat10
16,64,8,12353,83.456420898438,0.521570162655,0.196355029900,0.370307963404,64,0.01,0.01,0.25,/data/hzw/Rethinking_DP_GNN_runtime/paper_experiments/figure10/x_steps=16.yaml/dataset=cora/feature=random_normal/feature_dim=64/scale=64/random_normal_mean=0/random_normal_std=1/mechanism=mbm/x_eps=inf/m=best/norm=false/smoother=hoa/backbone=sage/use_nfr=false/sanity_check=true/node_ratio=1,/data/hzw/Rethinking_DP_GNN_runtime/paper_experiments/figure10/x_steps=16.yaml/dataset=cora/feature=random_normal/feature_dim=64/scale=64/random_normal_mean=0/random_normal_std=1/mechanism=mbm/x_eps=inf/m=best/norm=false/smoother=hoa/backbone=sage/use_nfr=false/sanity_check=true/node_ratio=1/final_repeat10
16,64,9,12354,83.751846313477,0.523493402576,0.177514185560,0.370307963404,64,0.01,0.01,0.25,/data/hzw/Rethinking_DP_GNN_runtime/paper_experiments/figure10/x_steps=16.yaml/dataset=cora/feature=random_normal/feature_dim=64/scale=64/random_normal_mean=0/random_normal_std=1/mechanism=mbm/x_eps=inf/m=best/norm=false/smoother=hoa/backbone=sage/use_nfr=false/sanity_check=true/node_ratio=1,/data/hzw/Rethinking_DP_GNN_runtime/paper_experiments/figure10/x_steps=16.yaml/dataset=cora/feature=random_normal/feature_dim=64/scale=64/random_normal_mean=0/random_normal_std=1/mechanism=mbm/x_eps=inf/m=best/norm=false/smoother=hoa/backbone=sage/use_nfr=false/sanity_check=true/node_ratio=1/final_repeat10
16,128,0,12345,81.683898925781,0.642275704952,0.226972481947,0.370307963404,16,0.01,0.01,0.25,/data/hzw/Rethinking_DP_GNN_runtime/paper_experiments/figure10/x_steps=16.yaml/dataset=cora/feature=random_normal/feature_dim=128/scale=16/random_normal_mean=0/random_normal_std=1/mechanism=mbm/x_eps=inf/m=best/norm=false/smoother=hoa/backbone=sage/use_nfr=false/sanity_check=true/node_ratio=1,/data/hzw/Rethinking_DP_GNN_runtime/paper_experiments/figure10/x_steps=16.yaml/dataset=cora/feature=random_normal/feature_dim=128/scale=16/random_normal_mean=0/random_normal_std=1/mechanism=mbm/x_eps=inf/m=best/norm=false/smoother=hoa/backbone=sage/use_nfr=false/sanity_check=true/node_ratio=1/final_repeat10
16,128,1,12346,84.342689514160,0.665276796360,0.248850338361,0.370307963404,16,0.01,0.01,0.25,/data/hzw/Rethinking_DP_GNN_runtime/paper_experiments/figure10/x_steps=16.yaml/dataset=cora/feature=random_normal/feature_dim=128/scale=16/random_normal_mean=0/random_normal_std=1/mechanism=mbm/x_eps=inf/m=best/norm=false/smoother=hoa/backbone=sage/use_nfr=false/sanity_check=true/node_ratio=1,/data/hzw/Rethinking_DP_GNN_runtime/paper_experiments/figure10/x_steps=16.yaml/dataset=cora/feature=random_normal/feature_dim=128/scale=16/random_normal_mean=0/random_normal_std=1/mechanism=mbm/x_eps=inf/m=best/norm=false/smoother=hoa/backbone=sage/use_nfr=false/sanity_check=true/node_ratio=1/final_repeat10
16,128,2,12347,83.308715820312,0.662764416859,0.250730220851,0.370307963404,16,0.01,0.01,0.25,/data/hzw/Rethinking_DP_GNN_runtime/paper_experiments/figure10/x_steps=16.yaml/dataset=cora/feature=random_normal/feature_dim=128/scale=16/random_normal_mean=0/random_normal_std=1/mechanism=mbm/x_eps=inf/m=best/norm=false/smoother=hoa/backbone=sage/use_nfr=false/sanity_check=true/node_ratio=1,/data/hzw/Rethinking_DP_GNN_runtime/paper_experiments/figure10/x_steps=16.yaml/dataset=cora/feature=random_normal/feature_dim=128/scale=16/random_normal_mean=0/random_normal_std=1/mechanism=mbm/x_eps=inf/m=best/norm=false/smoother=hoa/backbone=sage/use_nfr=false/sanity_check=true/node_ratio=1/final_repeat10
16,128,3,12348,80.797637939453,0.660946653016,0.230088687788,0.370307963404,16,0.01,0.01,0.25,/data/hzw/Rethinking_DP_GNN_runtime/paper_experiments/figure10/x_steps=16.yaml/dataset=cora/feature=random_normal/feature_dim=128/scale=16/random_normal_mean=0/random_normal_std=1/mechanism=mbm/x_eps=inf/m=best/norm=false/smoother=hoa/backbone=sage/use_nfr=false/sanity_check=true/node_ratio=1,/data/hzw/Rethinking_DP_GNN_runtime/paper_experiments/figure10/x_steps=16.yaml/dataset=cora/feature=random_normal/feature_dim=128/scale=16/random_normal_mean=0/random_normal_std=1/mechanism=mbm/x_eps=inf/m=best/norm=false/smoother=hoa/backbone=sage/use_nfr=false/sanity_check=true/node_ratio=1/final_repeat10
16,128,4,12349,83.308715820312,0.660746783367,0.237710450602,0.370307963404,16,0.01,0.01,0.25,/data/hzw/Rethinking_DP_GNN_runtime/paper_experiments/figure10/x_steps=16.yaml/dataset=cora/feature=random_normal/feature_dim=128/scale=16/random_normal_mean=0/random_normal_std=1/mechanism=mbm/x_eps=inf/m=best/norm=false/smoother=hoa/backbone=sage/use_nfr=false/sanity_check=true/node_ratio=1,/data/hzw/Rethinking_DP_GNN_runtime/paper_experiments/figure10/x_steps=16.yaml/dataset=cora/feature=random_normal/feature_dim=128/scale=16/random_normal_mean=0/random_normal_std=1/mechanism=mbm/x_eps=inf/m=best/norm=false/smoother=hoa/backbone=sage/use_nfr=false/sanity_check=true/node_ratio=1/final_repeat10
16,128,5,12350,81.979316711426,0.670197023119,0.266041643524,0.370307963404,16,0.01,0.01,0.25,/data/hzw/Rethinking_DP_GNN_runtime/paper_experiments/figure10/x_steps=16.yaml/dataset=cora/feature=random_normal/feature_dim=128/scale=16/random_normal_mean=0/random_normal_std=1/mechanism=mbm/x_eps=inf/m=best/norm=false/smoother=hoa/backbone=sage/use_nfr=false/sanity_check=true/node_ratio=1,/data/hzw/Rethinking_DP_GNN_runtime/paper_experiments/figure10/x_steps=16.yaml/dataset=cora/feature=random_normal/feature_dim=128/scale=16/random_normal_mean=0/random_normal_std=1/mechanism=mbm/x_eps=inf/m=best/norm=false/smoother=hoa/backbone=sage/use_nfr=false/sanity_check=true/node_ratio=1/final_repeat10
16,128,6,12351,82.570159912109,0.652243328134,0.228324342027,0.370307963404,16,0.01,0.01,0.25,/data/hzw/Rethinking_DP_GNN_runtime/paper_experiments/figure10/x_steps=16.yaml/dataset=cora/feature=random_normal/feature_dim=128/scale=16/random_normal_mean=0/random_normal_std=1/mechanism=mbm/x_eps=inf/m=best/norm=false/smoother=hoa/backbone=sage/use_nfr=false/sanity_check=true/node_ratio=1,/data/hzw/Rethinking_DP_GNN_runtime/paper_experiments/figure10/x_steps=16.yaml/dataset=cora/feature=random_normal/feature_dim=128/scale=16/random_normal_mean=0/random_normal_std=1/mechanism=mbm/x_eps=inf/m=best/norm=false/smoother=hoa/backbone=sage/use_nfr=false/sanity_check=true/node_ratio=1/final_repeat10
16,128,7,12352,82.127029418945,0.663322677016,0.255814046061,0.370307963404,16,0.01,0.01,0.25,/data/hzw/Rethinking_DP_GNN_runtime/paper_experiments/figure10/x_steps=16.yaml/dataset=cora/feature=random_normal/feature_dim=128/scale=16/random_normal_mean=0/random_normal_std=1/mechanism=mbm/x_eps=inf/m=best/norm=false/smoother=hoa/backbone=sage/use_nfr=false/sanity_check=true/node_ratio=1,/data/hzw/Rethinking_DP_GNN_runtime/paper_experiments/figure10/x_steps=16.yaml/dataset=cora/feature=random_normal/feature_dim=128/scale=16/random_normal_mean=0/random_normal_std=1/mechanism=mbm/x_eps=inf/m=best/norm=false/smoother=hoa/backbone=sage/use_nfr=false/sanity_check=true/node_ratio=1/final_repeat10
16,128,8,12353,81.683898925781,0.649477992051,0.225083366785,0.370307963404,16,0.01,0.01,0.25,/data/hzw/Rethinking_DP_GNN_runtime/paper_experiments/figure10/x_steps=16.yaml/dataset=cora/feature=random_normal/feature_dim=128/scale=16/random_normal_mean=0/random_normal_std=1/mechanism=mbm/x_eps=inf/m=best/norm=false/smoother=hoa/backbone=sage/use_nfr=false/sanity_check=true/node_ratio=1,/data/hzw/Rethinking_DP_GNN_runtime/paper_experiments/figure10/x_steps=16.yaml/dataset=cora/feature=random_normal/feature_dim=128/scale=16/random_normal_mean=0/random_normal_std=1/mechanism=mbm/x_eps=inf/m=best/norm=false/smoother=hoa/backbone=sage/use_nfr=false/sanity_check=true/node_ratio=1/final_repeat10
16,128,9,12354,85.672080993652,0.667705140218,0.260763408546,0.370307963404,16,0.01,0.01,0.25,/data/hzw/Rethinking_DP_GNN_runtime/paper_experiments/figure10/x_steps=16.yaml/dataset=cora/feature=random_normal/feature_dim=128/scale=16/random_normal_mean=0/random_normal_std=1/mechanism=mbm/x_eps=inf/m=best/norm=false/smoother=hoa/backbone=sage/use_nfr=false/sanity_check=true/node_ratio=1,/data/hzw/Rethinking_DP_GNN_runtime/paper_experiments/figure10/x_steps=16.yaml/dataset=cora/feature=random_normal/feature_dim=128/scale=16/random_normal_mean=0/random_normal_std=1/mechanism=mbm/x_eps=inf/m=best/norm=false/smoother=hoa/backbone=sage/use_nfr=false/sanity_check=true/node_ratio=1/final_repeat10
16,256,0,12345,84.933532714844,0.785241463412,0.297556431871,0.370307963404,1,0.01,0.001,0.5,/data/hzw/Rethinking_DP_GNN_runtime/paper_experiments/figure10/x_steps=16.yaml/dataset=cora/feature=random_normal/feature_dim=256/random_normal_mean=0/random_normal_std=1/mechanism=mbm/x_eps=inf/m=best/norm=false/smoother=hoa/backbone=sage/use_nfr=false/sanity_check=true/node_ratio=1,/data/hzw/Rethinking_DP_GNN_runtime/paper_experiments/figure10/x_steps=16.yaml/dataset=cora/feature=random_normal/feature_dim=256/random_normal_mean=0/random_normal_std=1/mechanism=mbm/x_eps=inf/m=best/norm=false/smoother=hoa/backbone=sage/use_nfr=false/sanity_check=true/node_ratio=1/final_repeat10
16,256,1,12346,84.638107299805,0.777452262033,0.285294721743,0.370307963404,1,0.01,0.001,0.5,/data/hzw/Rethinking_DP_GNN_runtime/paper_experiments/figure10/x_steps=16.yaml/dataset=cora/feature=random_normal/feature_dim=256/random_normal_mean=0/random_normal_std=1/mechanism=mbm/x_eps=inf/m=best/norm=false/smoother=hoa/backbone=sage/use_nfr=false/sanity_check=true/node_ratio=1,/data/hzw/Rethinking_DP_GNN_runtime/paper_experiments/figure10/x_steps=16.yaml/dataset=cora/feature=random_normal/feature_dim=256/random_normal_mean=0/random_normal_std=1/mechanism=mbm/x_eps=inf/m=best/norm=false/smoother=hoa/backbone=sage/use_nfr=false/sanity_check=true/node_ratio=1/final_repeat10
16,256,2,12347,82.865585327148,0.777749281565,0.285021947972,0.370307963404,1,0.01,0.001,0.5,/data/hzw/Rethinking_DP_GNN_runtime/paper_experiments/figure10/x_steps=16.yaml/dataset=cora/feature=random_normal/feature_dim=256/random_normal_mean=0/random_normal_std=1/mechanism=mbm/x_eps=inf/m=best/norm=false/smoother=hoa/backbone=sage/use_nfr=false/sanity_check=true/node_ratio=1,/data/hzw/Rethinking_DP_GNN_runtime/paper_experiments/figure10/x_steps=16.yaml/dataset=cora/feature=random_normal/feature_dim=256/random_normal_mean=0/random_normal_std=1/mechanism=mbm/x_eps=inf/m=best/norm=false/smoother=hoa/backbone=sage/use_nfr=false/sanity_check=true/node_ratio=1/final_repeat10
16,256,3,12348,84.785820007324,0.783804675628,0.289357739526,0.370307963404,1,0.01,0.001,0.5,/data/hzw/Rethinking_DP_GNN_runtime/paper_experiments/figure10/x_steps=16.yaml/dataset=cora/feature=random_normal/feature_dim=256/random_normal_mean=0/random_normal_std=1/mechanism=mbm/x_eps=inf/m=best/norm=false/smoother=hoa/backbone=sage/use_nfr=false/sanity_check=true/node_ratio=1,/data/hzw/Rethinking_DP_GNN_runtime/paper_experiments/figure10/x_steps=16.yaml/dataset=cora/feature=random_normal/feature_dim=256/random_normal_mean=0/random_normal_std=1/mechanism=mbm/x_eps=inf/m=best/norm=false/smoother=hoa/backbone=sage/use_nfr=false/sanity_check=true/node_ratio=1/final_repeat10
16,256,4,12349,83.013290405273,0.778862773018,0.292115250080,0.370307963404,1,0.01,0.001,0.5,/data/hzw/Rethinking_DP_GNN_runtime/paper_experiments/figure10/x_steps=16.yaml/dataset=cora/feature=random_normal/feature_dim=256/random_normal_mean=0/random_normal_std=1/mechanism=mbm/x_eps=inf/m=best/norm=false/smoother=hoa/backbone=sage/use_nfr=false/sanity_check=true/node_ratio=1,/data/hzw/Rethinking_DP_GNN_runtime/paper_experiments/figure10/x_steps=16.yaml/dataset=cora/feature=random_normal/feature_dim=256/random_normal_mean=0/random_normal_std=1/mechanism=mbm/x_eps=inf/m=best/norm=false/smoother=hoa/backbone=sage/use_nfr=false/sanity_check=true/node_ratio=1/final_repeat10
16,256,5,12350,82.570159912109,0.778609682136,0.288068276878,0.370307963404,1,0.01,0.001,0.5,/data/hzw/Rethinking_DP_GNN_runtime/paper_experiments/figure10/x_steps=16.yaml/dataset=cora/feature=random_normal/feature_dim=256/random_normal_mean=0/random_normal_std=1/mechanism=mbm/x_eps=inf/m=best/norm=false/smoother=hoa/backbone=sage/use_nfr=false/sanity_check=true/node_ratio=1,/data/hzw/Rethinking_DP_GNN_runtime/paper_experiments/figure10/x_steps=16.yaml/dataset=cora/feature=random_normal/feature_dim=256/random_normal_mean=0/random_normal_std=1/mechanism=mbm/x_eps=inf/m=best/norm=false/smoother=hoa/backbone=sage/use_nfr=false/sanity_check=true/node_ratio=1/final_repeat10
16,256,6,12351,83.899559020996,0.772676899974,0.272803395764,0.370307963404,1,0.01,0.001,0.5,/data/hzw/Rethinking_DP_GNN_runtime/paper_experiments/figure10/x_steps=16.yaml/dataset=cora/feature=random_normal/feature_dim=256/random_normal_mean=0/random_normal_std=1/mechanism=mbm/x_eps=inf/m=best/norm=false/smoother=hoa/backbone=sage/use_nfr=false/sanity_check=true/node_ratio=1,/data/hzw/Rethinking_DP_GNN_runtime/paper_experiments/figure10/x_steps=16.yaml/dataset=cora/feature=random_normal/feature_dim=256/random_normal_mean=0/random_normal_std=1/mechanism=mbm/x_eps=inf/m=best/norm=false/smoother=hoa/backbone=sage/use_nfr=false/sanity_check=true/node_ratio=1/final_repeat10
16,256,7,12352,84.933532714844,0.781656967531,0.290105719762,0.370307963404,1,0.01,0.001,0.5,/data/hzw/Rethinking_DP_GNN_runtime/paper_experiments/figure10/x_steps=16.yaml/dataset=cora/feature=random_normal/feature_dim=256/random_normal_mean=0/random_normal_std=1/mechanism=mbm/x_eps=inf/m=best/norm=false/smoother=hoa/backbone=sage/use_nfr=false/sanity_check=true/node_ratio=1,/data/hzw/Rethinking_DP_GNN_runtime/paper_experiments/figure10/x_steps=16.yaml/dataset=cora/feature=random_normal/feature_dim=256/random_normal_mean=0/random_normal_std=1/mechanism=mbm/x_eps=inf/m=best/norm=false/smoother=hoa/backbone=sage/use_nfr=false/sanity_check=true/node_ratio=1/final_repeat10
16,256,8,12353,83.456420898438,0.778951686994,0.295811892905,0.370307963404,1,0.01,0.001,0.5,/data/hzw/Rethinking_DP_GNN_runtime/paper_experiments/figure10/x_steps=16.yaml/dataset=cora/feature=random_normal/feature_dim=256/random_normal_mean=0/random_normal_std=1/mechanism=mbm/x_eps=inf/m=best/norm=false/smoother=hoa/backbone=sage/use_nfr=false/sanity_check=true/node_ratio=1,/data/hzw/Rethinking_DP_GNN_runtime/paper_experiments/figure10/x_steps=16.yaml/dataset=cora/feature=random_normal/feature_dim=256/random_normal_mean=0/random_normal_std=1/mechanism=mbm/x_eps=inf/m=best/norm=false/smoother=hoa/backbone=sage/use_nfr=false/sanity_check=true/node_ratio=1/final_repeat10
16,256,9,12354,86.115211486816,0.789361374502,0.298305623716,0.370307963404,1,0.01,0.001,0.5,/data/hzw/Rethinking_DP_GNN_runtime/paper_experiments/figure10/x_steps=16.yaml/dataset=cora/feature=random_normal/feature_dim=256/random_normal_mean=0/random_normal_std=1/mechanism=mbm/x_eps=inf/m=best/norm=false/smoother=hoa/backbone=sage/use_nfr=false/sanity_check=true/node_ratio=1,/data/hzw/Rethinking_DP_GNN_runtime/paper_experiments/figure10/x_steps=16.yaml/dataset=cora/feature=random_normal/feature_dim=256/random_normal_mean=0/random_normal_std=1/mechanism=mbm/x_eps=inf/m=best/norm=false/smoother=hoa/backbone=sage/use_nfr=false/sanity_check=true/node_ratio=1/final_repeat10
16,512,0,12345,83.751846313477,0.869934834110,0.319183269338,0.370307963404,0.25,0.01,0.0001,0.5,/data/hzw/Rethinking_DP_GNN_runtime/paper_experiments/figure10/x_steps=16.yaml/dataset=cora/feature=random_normal/feature_dim=512/scale=0.25/random_normal_mean=0/random_normal_std=1/mechanism=mbm/x_eps=inf/m=best/norm=false/smoother=hoa/backbone=sage/use_nfr=false/sanity_check=true/node_ratio=1,/data/hzw/Rethinking_DP_GNN_runtime/paper_experiments/figure10/x_steps=16.yaml/dataset=cora/feature=random_normal/feature_dim=512/scale=0.25/random_normal_mean=0/random_normal_std=1/mechanism=mbm/x_eps=inf/m=best/norm=false/smoother=hoa/backbone=sage/use_nfr=false/sanity_check=true/node_ratio=1/final_repeat10
16,512,1,12346,84.785820007324,0.869196861361,0.320922435667,0.370307963404,0.25,0.01,0.0001,0.5,/data/hzw/Rethinking_DP_GNN_runtime/paper_experiments/figure10/x_steps=16.yaml/dataset=cora/feature=random_normal/feature_dim=512/scale=0.25/random_normal_mean=0/random_normal_std=1/mechanism=mbm/x_eps=inf/m=best/norm=false/smoother=hoa/backbone=sage/use_nfr=false/sanity_check=true/node_ratio=1,/data/hzw/Rethinking_DP_GNN_runtime/paper_experiments/figure10/x_steps=16.yaml/dataset=cora/feature=random_normal/feature_dim=512/scale=0.25/random_normal_mean=0/random_normal_std=1/mechanism=mbm/x_eps=inf/m=best/norm=false/smoother=hoa/backbone=sage/use_nfr=false/sanity_check=true/node_ratio=1/final_repeat10
16,512,2,12347,85.524368286133,0.868364246656,0.319922495615,0.370307963404,0.25,0.01,0.0001,0.5,/data/hzw/Rethinking_DP_GNN_runtime/paper_experiments/figure10/x_steps=16.yaml/dataset=cora/feature=random_normal/feature_dim=512/scale=0.25/random_normal_mean=0/random_normal_std=1/mechanism=mbm/x_eps=inf/m=best/norm=false/smoother=hoa/backbone=sage/use_nfr=false/sanity_check=true/node_ratio=1,/data/hzw/Rethinking_DP_GNN_runtime/paper_experiments/figure10/x_steps=16.yaml/dataset=cora/feature=random_normal/feature_dim=512/scale=0.25/random_normal_mean=0/random_normal_std=1/mechanism=mbm/x_eps=inf/m=best/norm=false/smoother=hoa/backbone=sage/use_nfr=false/sanity_check=true/node_ratio=1/final_repeat10
16,512,3,12348,85.081237792969,0.868944956282,0.316870378584,0.370307963404,0.25,0.01,0.0001,0.5,/data/hzw/Rethinking_DP_GNN_runtime/paper_experiments/figure10/x_steps=16.yaml/dataset=cora/feature=random_normal/feature_dim=512/scale=0.25/random_normal_mean=0/random_normal_std=1/mechanism=mbm/x_eps=inf/m=best/norm=false/smoother=hoa/backbone=sage/use_nfr=false/sanity_check=true/node_ratio=1,/data/hzw/Rethinking_DP_GNN_runtime/paper_experiments/figure10/x_steps=16.yaml/dataset=cora/feature=random_normal/feature_dim=512/scale=0.25/random_normal_mean=0/random_normal_std=1/mechanism=mbm/x_eps=inf/m=best/norm=false/smoother=hoa/backbone=sage/use_nfr=false/sanity_check=true/node_ratio=1/final_repeat10
16,512,4,12349,84.638107299805,0.870227948962,0.312734936487,0.370307963404,0.25,0.01,0.0001,0.5,/data/hzw/Rethinking_DP_GNN_runtime/paper_experiments/figure10/x_steps=16.yaml/dataset=cora/feature=random_normal/feature_dim=512/scale=0.25/random_normal_mean=0/random_normal_std=1/mechanism=mbm/x_eps=inf/m=best/norm=false/smoother=hoa/backbone=sage/use_nfr=false/sanity_check=true/node_ratio=1,/data/hzw/Rethinking_DP_GNN_runtime/paper_experiments/figure10/x_steps=16.yaml/dataset=cora/feature=random_normal/feature_dim=512/scale=0.25/random_normal_mean=0/random_normal_std=1/mechanism=mbm/x_eps=inf/m=best/norm=false/smoother=hoa/backbone=sage/use_nfr=false/sanity_check=true/node_ratio=1/final_repeat10
16,512,5,12350,84.194976806641,0.869320574256,0.312872828487,0.370307963404,0.25,0.01,0.0001,0.5,/data/hzw/Rethinking_DP_GNN_runtime/paper_experiments/figure10/x_steps=16.yaml/dataset=cora/feature=random_normal/feature_dim=512/scale=0.25/random_normal_mean=0/random_normal_std=1/mechanism=mbm/x_eps=inf/m=best/norm=false/smoother=hoa/backbone=sage/use_nfr=false/sanity_check=true/node_ratio=1,/data/hzw/Rethinking_DP_GNN_runtime/paper_experiments/figure10/x_steps=16.yaml/dataset=cora/feature=random_normal/feature_dim=512/scale=0.25/random_normal_mean=0/random_normal_std=1/mechanism=mbm/x_eps=inf/m=best/norm=false/smoother=hoa/backbone=sage/use_nfr=false/sanity_check=true/node_ratio=1/final_repeat10
16,512,6,12351,85.376663208008,0.871837081230,0.316628881969,0.370307963404,0.25,0.01,0.0001,0.5,/data/hzw/Rethinking_DP_GNN_runtime/paper_experiments/figure10/x_steps=16.yaml/dataset=cora/feature=random_normal/feature_dim=512/scale=0.25/random_normal_mean=0/random_normal_std=1/mechanism=mbm/x_eps=inf/m=best/norm=false/smoother=hoa/backbone=sage/use_nfr=false/sanity_check=true/node_ratio=1,/data/hzw/Rethinking_DP_GNN_runtime/paper_experiments/figure10/x_steps=16.yaml/dataset=cora/feature=random_normal/feature_dim=512/scale=0.25/random_normal_mean=0/random_normal_std=1/mechanism=mbm/x_eps=inf/m=best/norm=false/smoother=hoa/backbone=sage/use_nfr=false/sanity_check=true/node_ratio=1/final_repeat10
16,512,7,12352,86.558341979980,0.868032629076,0.316897564830,0.370307963404,0.25,0.01,0.0001,0.5,/data/hzw/Rethinking_DP_GNN_runtime/paper_experiments/figure10/x_steps=16.yaml/dataset=cora/feature=random_normal/feature_dim=512/scale=0.25/random_normal_mean=0/random_normal_std=1/mechanism=mbm/x_eps=inf/m=best/norm=false/smoother=hoa/backbone=sage/use_nfr=false/sanity_check=true/node_ratio=1,/data/hzw/Rethinking_DP_GNN_runtime/paper_experiments/figure10/x_steps=16.yaml/dataset=cora/feature=random_normal/feature_dim=512/scale=0.25/random_normal_mean=0/random_normal_std=1/mechanism=mbm/x_eps=inf/m=best/norm=false/smoother=hoa/backbone=sage/use_nfr=false/sanity_check=true/node_ratio=1/final_repeat10
16,512,8,12353,84.194976806641,0.866495584668,0.317471241307,0.370307963404,0.25,0.01,0.0001,0.5,/data/hzw/Rethinking_DP_GNN_runtime/paper_experiments/figure10/x_steps=16.yaml/dataset=cora/feature=random_normal/feature_dim=512/scale=0.25/random_normal_mean=0/random_normal_std=1/mechanism=mbm/x_eps=inf/m=best/norm=false/smoother=hoa/backbone=sage/use_nfr=false/sanity_check=true/node_ratio=1,/data/hzw/Rethinking_DP_GNN_runtime/paper_experiments/figure10/x_steps=16.yaml/dataset=cora/feature=random_normal/feature_dim=512/scale=0.25/random_normal_mean=0/random_normal_std=1/mechanism=mbm/x_eps=inf/m=best/norm=false/smoother=hoa/backbone=sage/use_nfr=false/sanity_check=true/node_ratio=1/final_repeat10
16,512,9,12354,87.001472473145,0.869804393188,0.318688049253,0.370307963404,0.25,0.01,0.0001,0.5,/data/hzw/Rethinking_DP_GNN_runtime/paper_experiments/figure10/x_steps=16.yaml/dataset=cora/feature=random_normal/feature_dim=512/scale=0.25/random_normal_mean=0/random_normal_std=1/mechanism=mbm/x_eps=inf/m=best/norm=false/smoother=hoa/backbone=sage/use_nfr=false/sanity_check=true/node_ratio=1,/data/hzw/Rethinking_DP_GNN_runtime/paper_experiments/figure10/x_steps=16.yaml/dataset=cora/feature=random_normal/feature_dim=512/scale=0.25/random_normal_mean=0/random_normal_std=1/mechanism=mbm/x_eps=inf/m=best/norm=false/smoother=hoa/backbone=sage/use_nfr=false/sanity_check=true/node_ratio=1/final_repeat10
16,1024,0,12345,85.081237792969,0.926679148721,0.344024159446,0.370307963404,16,0.01,0.01,0.5,/data/hzw/Rethinking_DP_GNN_runtime/paper_experiments/figure10/x_steps=16.yaml/dataset=cora/feature=random_normal/feature_dim=1024/scale=16/random_normal_mean=0/random_normal_std=1/mechanism=mbm/x_eps=inf/m=best/norm=false/smoother=hoa/backbone=sage/use_nfr=false/sanity_check=true/node_ratio=1,/data/hzw/Rethinking_DP_GNN_runtime/paper_experiments/figure10/x_steps=16.yaml/dataset=cora/feature=random_normal/feature_dim=1024/scale=16/random_normal_mean=0/random_normal_std=1/mechanism=mbm/x_eps=inf/m=best/norm=false/smoother=hoa/backbone=sage/use_nfr=false/sanity_check=true/node_ratio=1/final_repeat10
16,1024,1,12346,84.933532714844,0.930437470540,0.352015582687,0.370307963404,16,0.01,0.01,0.5,/data/hzw/Rethinking_DP_GNN_runtime/paper_experiments/figure10/x_steps=16.yaml/dataset=cora/feature=random_normal/feature_dim=1024/scale=16/random_normal_mean=0/random_normal_std=1/mechanism=mbm/x_eps=inf/m=best/norm=false/smoother=hoa/backbone=sage/use_nfr=false/sanity_check=true/node_ratio=1,/data/hzw/Rethinking_DP_GNN_runtime/paper_experiments/figure10/x_steps=16.yaml/dataset=cora/feature=random_normal/feature_dim=1024/scale=16/random_normal_mean=0/random_normal_std=1/mechanism=mbm/x_eps=inf/m=best/norm=false/smoother=hoa/backbone=sage/use_nfr=false/sanity_check=true/node_ratio=1/final_repeat10
16,1024,2,12347,86.115211486816,0.927466362786,0.339087202046,0.370307963404,16,0.01,0.01,0.5,/data/hzw/Rethinking_DP_GNN_runtime/paper_experiments/figure10/x_steps=16.yaml/dataset=cora/feature=random_normal/feature_dim=1024/scale=16/random_normal_mean=0/random_normal_std=1/mechanism=mbm/x_eps=inf/m=best/norm=false/smoother=hoa/backbone=sage/use_nfr=false/sanity_check=true/node_ratio=1,/data/hzw/Rethinking_DP_GNN_runtime/paper_experiments/figure10/x_steps=16.yaml/dataset=cora/feature=random_normal/feature_dim=1024/scale=16/random_normal_mean=0/random_normal_std=1/mechanism=mbm/x_eps=inf/m=best/norm=false/smoother=hoa/backbone=sage/use_nfr=false/sanity_check=true/node_ratio=1/final_repeat10
16,1024,3,12348,86.853767395020,0.928168285114,0.345704836594,0.370307963404,16,0.01,0.01,0.5,/data/hzw/Rethinking_DP_GNN_runtime/paper_experiments/figure10/x_steps=16.yaml/dataset=cora/feature=random_normal/feature_dim=1024/scale=16/random_normal_mean=0/random_normal_std=1/mechanism=mbm/x_eps=inf/m=best/norm=false/smoother=hoa/backbone=sage/use_nfr=false/sanity_check=true/node_ratio=1,/data/hzw/Rethinking_DP_GNN_runtime/paper_experiments/figure10/x_steps=16.yaml/dataset=cora/feature=random_normal/feature_dim=1024/scale=16/random_normal_mean=0/random_normal_std=1/mechanism=mbm/x_eps=inf/m=best/norm=false/smoother=hoa/backbone=sage/use_nfr=false/sanity_check=true/node_ratio=1/final_repeat10
16,1024,4,12349,83.899559020996,0.928034270269,0.345613845860,0.370307963404,16,0.01,0.01,0.5,/data/hzw/Rethinking_DP_GNN_runtime/paper_experiments/figure10/x_steps=16.yaml/dataset=cora/feature=random_normal/feature_dim=1024/scale=16/random_normal_mean=0/random_normal_std=1/mechanism=mbm/x_eps=inf/m=best/norm=false/smoother=hoa/backbone=sage/use_nfr=false/sanity_check=true/node_ratio=1,/data/hzw/Rethinking_DP_GNN_runtime/paper_experiments/figure10/x_steps=16.yaml/dataset=cora/feature=random_normal/feature_dim=1024/scale=16/random_normal_mean=0/random_normal_std=1/mechanism=mbm/x_eps=inf/m=best/norm=false/smoother=hoa/backbone=sage/use_nfr=false/sanity_check=true/node_ratio=1/final_repeat10
16,1024,5,12350,84.638107299805,0.928748045099,0.354410932595,0.370307963404,16,0.01,0.01,0.5,/data/hzw/Rethinking_DP_GNN_runtime/paper_experiments/figure10/x_steps=16.yaml/dataset=cora/feature=random_normal/feature_dim=1024/scale=16/random_normal_mean=0/random_normal_std=1/mechanism=mbm/x_eps=inf/m=best/norm=false/smoother=hoa/backbone=sage/use_nfr=false/sanity_check=true/node_ratio=1,/data/hzw/Rethinking_DP_GNN_runtime/paper_experiments/figure10/x_steps=16.yaml/dataset=cora/feature=random_normal/feature_dim=1024/scale=16/random_normal_mean=0/random_normal_std=1/mechanism=mbm/x_eps=inf/m=best/norm=false/smoother=hoa/backbone=sage/use_nfr=false/sanity_check=true/node_ratio=1/final_repeat10
16,1024,6,12351,84.933532714844,0.928658965169,0.347480805094,0.370307963404,16,0.01,0.01,0.5,/data/hzw/Rethinking_DP_GNN_runtime/paper_experiments/figure10/x_steps=16.yaml/dataset=cora/feature=random_normal/feature_dim=1024/scale=16/random_normal_mean=0/random_normal_std=1/mechanism=mbm/x_eps=inf/m=best/norm=false/smoother=hoa/backbone=sage/use_nfr=false/sanity_check=true/node_ratio=1,/data/hzw/Rethinking_DP_GNN_runtime/paper_experiments/figure10/x_steps=16.yaml/dataset=cora/feature=random_normal/feature_dim=1024/scale=16/random_normal_mean=0/random_normal_std=1/mechanism=mbm/x_eps=inf/m=best/norm=false/smoother=hoa/backbone=sage/use_nfr=false/sanity_check=true/node_ratio=1/final_repeat10
16,1024,7,12352,86.853767395020,0.929119969622,0.345764081933,0.370307963404,16,0.01,0.01,0.5,/data/hzw/Rethinking_DP_GNN_runtime/paper_experiments/figure10/x_steps=16.yaml/dataset=cora/feature=random_normal/feature_dim=1024/scale=16/random_normal_mean=0/random_normal_std=1/mechanism=mbm/x_eps=inf/m=best/norm=false/smoother=hoa/backbone=sage/use_nfr=false/sanity_check=true/node_ratio=1,/data/hzw/Rethinking_DP_GNN_runtime/paper_experiments/figure10/x_steps=16.yaml/dataset=cora/feature=random_normal/feature_dim=1024/scale=16/random_normal_mean=0/random_normal_std=1/mechanism=mbm/x_eps=inf/m=best/norm=false/smoother=hoa/backbone=sage/use_nfr=false/sanity_check=true/node_ratio=1/final_repeat10
16,1024,8,12353,85.228950500488,0.927496570438,0.348872995537,0.370307963404,16,0.01,0.01,0.5,/data/hzw/Rethinking_DP_GNN_runtime/paper_experiments/figure10/x_steps=16.yaml/dataset=cora/feature=random_normal/feature_dim=1024/scale=16/random_normal_mean=0/random_normal_std=1/mechanism=mbm/x_eps=inf/m=best/norm=false/smoother=hoa/backbone=sage/use_nfr=false/sanity_check=true/node_ratio=1,/data/hzw/Rethinking_DP_GNN_runtime/paper_experiments/figure10/x_steps=16.yaml/dataset=cora/feature=random_normal/feature_dim=1024/scale=16/random_normal_mean=0/random_normal_std=1/mechanism=mbm/x_eps=inf/m=best/norm=false/smoother=hoa/backbone=sage/use_nfr=false/sanity_check=true/node_ratio=1/final_repeat10
16,1024,9,12354,86.853767395020,0.926899430349,0.337624068156,0.370307963404,16,0.01,0.01,0.5,/data/hzw/Rethinking_DP_GNN_runtime/paper_experiments/figure10/x_steps=16.yaml/dataset=cora/feature=random_normal/feature_dim=1024/scale=16/random_normal_mean=0/random_normal_std=1/mechanism=mbm/x_eps=inf/m=best/norm=false/smoother=hoa/backbone=sage/use_nfr=false/sanity_check=true/node_ratio=1,/data/hzw/Rethinking_DP_GNN_runtime/paper_experiments/figure10/x_steps=16.yaml/dataset=cora/feature=random_normal/feature_dim=1024/scale=16/random_normal_mean=0/random_normal_std=1/mechanism=mbm/x_eps=inf/m=best/norm=false/smoother=hoa/backbone=sage/use_nfr=false/sanity_check=true/node_ratio=1/final_repeat10
16,2048,0,12345,84.933532714844,0.962367794645,0.358018994678,0.370307963404,1,0.01,0.001,0.75,/data/hzw/Rethinking_DP_GNN_runtime/paper_experiments/figure10/x_steps=16.yaml/dataset=cora/feature=random_normal/feature_dim=2048/random_normal_mean=0/random_normal_std=1/mechanism=mbm/x_eps=inf/m=best/norm=false/smoother=hoa/backbone=sage/use_nfr=false/sanity_check=true/node_ratio=1,/data/hzw/Rethinking_DP_GNN_runtime/paper_experiments/figure10/x_steps=16.yaml/dataset=cora/feature=random_normal/feature_dim=2048/random_normal_mean=0/random_normal_std=1/mechanism=mbm/x_eps=inf/m=best/norm=false/smoother=hoa/backbone=sage/use_nfr=false/sanity_check=true/node_ratio=1/final_repeat10
16,2048,1,12346,85.081237792969,0.962894629610,0.360462042892,0.370307963404,1,0.01,0.001,0.75,/data/hzw/Rethinking_DP_GNN_runtime/paper_experiments/figure10/x_steps=16.yaml/dataset=cora/feature=random_normal/feature_dim=2048/random_normal_mean=0/random_normal_std=1/mechanism=mbm/x_eps=inf/m=best/norm=false/smoother=hoa/backbone=sage/use_nfr=false/sanity_check=true/node_ratio=1,/data/hzw/Rethinking_DP_GNN_runtime/paper_experiments/figure10/x_steps=16.yaml/dataset=cora/feature=random_normal/feature_dim=2048/random_normal_mean=0/random_normal_std=1/mechanism=mbm/x_eps=inf/m=best/norm=false/smoother=hoa/backbone=sage/use_nfr=false/sanity_check=true/node_ratio=1/final_repeat10
16,2048,2,12347,86.706054687500,0.961676548722,0.355460407963,0.370307963404,1,0.01,0.001,0.75,/data/hzw/Rethinking_DP_GNN_runtime/paper_experiments/figure10/x_steps=16.yaml/dataset=cora/feature=random_normal/feature_dim=2048/random_normal_mean=0/random_normal_std=1/mechanism=mbm/x_eps=inf/m=best/norm=false/smoother=hoa/backbone=sage/use_nfr=false/sanity_check=true/node_ratio=1,/data/hzw/Rethinking_DP_GNN_runtime/paper_experiments/figure10/x_steps=16.yaml/dataset=cora/feature=random_normal/feature_dim=2048/random_normal_mean=0/random_normal_std=1/mechanism=mbm/x_eps=inf/m=best/norm=false/smoother=hoa/backbone=sage/use_nfr=false/sanity_check=true/node_ratio=1/final_repeat10
16,2048,3,12348,86.262924194336,0.961580734228,0.355223269529,0.370307963404,1,0.01,0.001,0.75,/data/hzw/Rethinking_DP_GNN_runtime/paper_experiments/figure10/x_steps=16.yaml/dataset=cora/feature=random_normal/feature_dim=2048/random_normal_mean=0/random_normal_std=1/mechanism=mbm/x_eps=inf/m=best/norm=false/smoother=hoa/backbone=sage/use_nfr=false/sanity_check=true/node_ratio=1,/data/hzw/Rethinking_DP_GNN_runtime/paper_experiments/figure10/x_steps=16.yaml/dataset=cora/feature=random_normal/feature_dim=2048/random_normal_mean=0/random_normal_std=1/mechanism=mbm/x_eps=inf/m=best/norm=false/smoother=hoa/backbone=sage/use_nfr=false/sanity_check=true/node_ratio=1/final_repeat10
16,2048,4,12349,84.342689514160,0.961850333774,0.354654592418,0.370307963404,1,0.01,0.001,0.75,/data/hzw/Rethinking_DP_GNN_runtime/paper_experiments/figure10/x_steps=16.yaml/dataset=cora/feature=random_normal/feature_dim=2048/random_normal_mean=0/random_normal_std=1/mechanism=mbm/x_eps=inf/m=best/norm=false/smoother=hoa/backbone=sage/use_nfr=false/sanity_check=true/node_ratio=1,/data/hzw/Rethinking_DP_GNN_runtime/paper_experiments/figure10/x_steps=16.yaml/dataset=cora/feature=random_normal/feature_dim=2048/random_normal_mean=0/random_normal_std=1/mechanism=mbm/x_eps=inf/m=best/norm=false/smoother=hoa/backbone=sage/use_nfr=false/sanity_check=true/node_ratio=1/final_repeat10
16,2048,5,12350,83.899559020996,0.962205279928,0.357383873197,0.370307963404,1,0.01,0.001,0.75,/data/hzw/Rethinking_DP_GNN_runtime/paper_experiments/figure10/x_steps=16.yaml/dataset=cora/feature=random_normal/feature_dim=2048/random_normal_mean=0/random_normal_std=1/mechanism=mbm/x_eps=inf/m=best/norm=false/smoother=hoa/backbone=sage/use_nfr=false/sanity_check=true/node_ratio=1,/data/hzw/Rethinking_DP_GNN_runtime/paper_experiments/figure10/x_steps=16.yaml/dataset=cora/feature=random_normal/feature_dim=2048/random_normal_mean=0/random_normal_std=1/mechanism=mbm/x_eps=inf/m=best/norm=false/smoother=hoa/backbone=sage/use_nfr=false/sanity_check=true/node_ratio=1/final_repeat10
16,2048,6,12351,85.081237792969,0.961567026601,0.360046264109,0.370307963404,1,0.01,0.001,0.75,/data/hzw/Rethinking_DP_GNN_runtime/paper_experiments/figure10/x_steps=16.yaml/dataset=cora/feature=random_normal/feature_dim=2048/random_normal_mean=0/random_normal_std=1/mechanism=mbm/x_eps=inf/m=best/norm=false/smoother=hoa/backbone=sage/use_nfr=false/sanity_check=true/node_ratio=1,/data/hzw/Rethinking_DP_GNN_runtime/paper_experiments/figure10/x_steps=16.yaml/dataset=cora/feature=random_normal/feature_dim=2048/random_normal_mean=0/random_normal_std=1/mechanism=mbm/x_eps=inf/m=best/norm=false/smoother=hoa/backbone=sage/use_nfr=false/sanity_check=true/node_ratio=1/final_repeat10
16,2048,7,12352,85.672080993652,0.961725882426,0.353945810270,0.370307963404,1,0.01,0.001,0.75,/data/hzw/Rethinking_DP_GNN_runtime/paper_experiments/figure10/x_steps=16.yaml/dataset=cora/feature=random_normal/feature_dim=2048/random_normal_mean=0/random_normal_std=1/mechanism=mbm/x_eps=inf/m=best/norm=false/smoother=hoa/backbone=sage/use_nfr=false/sanity_check=true/node_ratio=1,/data/hzw/Rethinking_DP_GNN_runtime/paper_experiments/figure10/x_steps=16.yaml/dataset=cora/feature=random_normal/feature_dim=2048/random_normal_mean=0/random_normal_std=1/mechanism=mbm/x_eps=inf/m=best/norm=false/smoother=hoa/backbone=sage/use_nfr=false/sanity_check=true/node_ratio=1/final_repeat10
16,2048,8,12353,85.228950500488,0.962609288962,0.355934031334,0.370307963404,1,0.01,0.001,0.75,/data/hzw/Rethinking_DP_GNN_runtime/paper_experiments/figure10/x_steps=16.yaml/dataset=cora/feature=random_normal/feature_dim=2048/random_normal_mean=0/random_normal_std=1/mechanism=mbm/x_eps=inf/m=best/norm=false/smoother=hoa/backbone=sage/use_nfr=false/sanity_check=true/node_ratio=1,/data/hzw/Rethinking_DP_GNN_runtime/paper_experiments/figure10/x_steps=16.yaml/dataset=cora/feature=random_normal/feature_dim=2048/random_normal_mean=0/random_normal_std=1/mechanism=mbm/x_eps=inf/m=best/norm=false/smoother=hoa/backbone=sage/use_nfr=false/sanity_check=true/node_ratio=1/final_repeat10
16,2048,9,12354,87.592315673828,0.961741699287,0.351661447029,0.370307963404,1,0.01,0.001,0.75,/data/hzw/Rethinking_DP_GNN_runtime/paper_experiments/figure10/x_steps=16.yaml/dataset=cora/feature=random_normal/feature_dim=2048/random_normal_mean=0/random_normal_std=1/mechanism=mbm/x_eps=inf/m=best/norm=false/smoother=hoa/backbone=sage/use_nfr=false/sanity_check=true/node_ratio=1,/data/hzw/Rethinking_DP_GNN_runtime/paper_experiments/figure10/x_steps=16.yaml/dataset=cora/feature=random_normal/feature_dim=2048/random_normal_mean=0/random_normal_std=1/mechanism=mbm/x_eps=inf/m=best/norm=false/smoother=hoa/backbone=sage/use_nfr=false/sanity_check=true/node_ratio=1/final_repeat10
16,4096,0,12345,84.785820007324,0.980386506654,0.360936241694,0.370307963404,1,0.01,0.001,0.5,/data/hzw/Rethinking_DP_GNN_runtime/paper_experiments/figure10/x_steps=16.yaml/dataset=cora/feature=random_normal/feature_dim=4096/random_normal_mean=0/random_normal_std=1/mechanism=mbm/x_eps=inf/m=best/norm=false/smoother=hoa/backbone=sage/use_nfr=false/sanity_check=true/node_ratio=1,/data/hzw/Rethinking_DP_GNN_runtime/paper_experiments/figure10/x_steps=16.yaml/dataset=cora/feature=random_normal/feature_dim=4096/random_normal_mean=0/random_normal_std=1/mechanism=mbm/x_eps=inf/m=best/norm=false/smoother=hoa/backbone=sage/use_nfr=false/sanity_check=true/node_ratio=1/final_repeat10
16,4096,1,12346,85.524368286133,0.980536705900,0.365807663533,0.370307963404,1,0.01,0.001,0.5,/data/hzw/Rethinking_DP_GNN_runtime/paper_experiments/figure10/x_steps=16.yaml/dataset=cora/feature=random_normal/feature_dim=4096/random_normal_mean=0/random_normal_std=1/mechanism=mbm/x_eps=inf/m=best/norm=false/smoother=hoa/backbone=sage/use_nfr=false/sanity_check=true/node_ratio=1,/data/hzw/Rethinking_DP_GNN_runtime/paper_experiments/figure10/x_steps=16.yaml/dataset=cora/feature=random_normal/feature_dim=4096/random_normal_mean=0/random_normal_std=1/mechanism=mbm/x_eps=inf/m=best/norm=false/smoother=hoa/backbone=sage/use_nfr=false/sanity_check=true/node_ratio=1/final_repeat10
16,4096,2,12347,87.887741088867,0.980167310125,0.360860100898,0.370307963404,1,0.01,0.001,0.5,/data/hzw/Rethinking_DP_GNN_runtime/paper_experiments/figure10/x_steps=16.yaml/dataset=cora/feature=random_normal/feature_dim=4096/random_normal_mean=0/random_normal_std=1/mechanism=mbm/x_eps=inf/m=best/norm=false/smoother=hoa/backbone=sage/use_nfr=false/sanity_check=true/node_ratio=1,/data/hzw/Rethinking_DP_GNN_runtime/paper_experiments/figure10/x_steps=16.yaml/dataset=cora/feature=random_normal/feature_dim=4096/random_normal_mean=0/random_normal_std=1/mechanism=mbm/x_eps=inf/m=best/norm=false/smoother=hoa/backbone=sage/use_nfr=false/sanity_check=true/node_ratio=1/final_repeat10
16,4096,3,12348,85.081237792969,0.980376873109,0.361891411535,0.370307963404,1,0.01,0.001,0.5,/data/hzw/Rethinking_DP_GNN_runtime/paper_experiments/figure10/x_steps=16.yaml/dataset=cora/feature=random_normal/feature_dim=4096/random_normal_mean=0/random_normal_std=1/mechanism=mbm/x_eps=inf/m=best/norm=false/smoother=hoa/backbone=sage/use_nfr=false/sanity_check=true/node_ratio=1,/data/hzw/Rethinking_DP_GNN_runtime/paper_experiments/figure10/x_steps=16.yaml/dataset=cora/feature=random_normal/feature_dim=4096/random_normal_mean=0/random_normal_std=1/mechanism=mbm/x_eps=inf/m=best/norm=false/smoother=hoa/backbone=sage/use_nfr=false/sanity_check=true/node_ratio=1/final_repeat10
16,4096,4,12349,84.047264099121,0.980346418122,0.363894610378,0.370307963404,1,0.01,0.001,0.5,/data/hzw/Rethinking_DP_GNN_runtime/paper_experiments/figure10/x_steps=16.yaml/dataset=cora/feature=random_normal/feature_dim=4096/random_normal_mean=0/random_normal_std=1/mechanism=mbm/x_eps=inf/m=best/norm=false/smoother=hoa/backbone=sage/use_nfr=false/sanity_check=true/node_ratio=1,/data/hzw/Rethinking_DP_GNN_runtime/paper_experiments/figure10/x_steps=16.yaml/dataset=cora/feature=random_normal/feature_dim=4096/random_normal_mean=0/random_normal_std=1/mechanism=mbm/x_eps=inf/m=best/norm=false/smoother=hoa/backbone=sage/use_nfr=false/sanity_check=true/node_ratio=1/final_repeat10
16,4096,5,12350,84.047264099121,0.981072714838,0.362758326093,0.370307963404,1,0.01,0.001,0.5,/data/hzw/Rethinking_DP_GNN_runtime/paper_experiments/figure10/x_steps=16.yaml/dataset=cora/feature=random_normal/feature_dim=4096/random_normal_mean=0/random_normal_std=1/mechanism=mbm/x_eps=inf/m=best/norm=false/smoother=hoa/backbone=sage/use_nfr=false/sanity_check=true/node_ratio=1,/data/hzw/Rethinking_DP_GNN_runtime/paper_experiments/figure10/x_steps=16.yaml/dataset=cora/feature=random_normal/feature_dim=4096/random_normal_mean=0/random_normal_std=1/mechanism=mbm/x_eps=inf/m=best/norm=false/smoother=hoa/backbone=sage/use_nfr=false/sanity_check=true/node_ratio=1/final_repeat10
16,4096,6,12351,85.524368286133,0.980641294207,0.367522748865,0.370307963404,1,0.01,0.001,0.5,/data/hzw/Rethinking_DP_GNN_runtime/paper_experiments/figure10/x_steps=16.yaml/dataset=cora/feature=random_normal/feature_dim=4096/random_normal_mean=0/random_normal_std=1/mechanism=mbm/x_eps=inf/m=best/norm=false/smoother=hoa/backbone=sage/use_nfr=false/sanity_check=true/node_ratio=1,/data/hzw/Rethinking_DP_GNN_runtime/paper_experiments/figure10/x_steps=16.yaml/dataset=cora/feature=random_normal/feature_dim=4096/random_normal_mean=0/random_normal_std=1/mechanism=mbm/x_eps=inf/m=best/norm=false/smoother=hoa/backbone=sage/use_nfr=false/sanity_check=true/node_ratio=1/final_repeat10
16,4096,7,12352,86.262924194336,0.980315587798,0.362668221389,0.370307963404,1,0.01,0.001,0.5,/data/hzw/Rethinking_DP_GNN_runtime/paper_experiments/figure10/x_steps=16.yaml/dataset=cora/feature=random_normal/feature_dim=4096/random_normal_mean=0/random_normal_std=1/mechanism=mbm/x_eps=inf/m=best/norm=false/smoother=hoa/backbone=sage/use_nfr=false/sanity_check=true/node_ratio=1,/data/hzw/Rethinking_DP_GNN_runtime/paper_experiments/figure10/x_steps=16.yaml/dataset=cora/feature=random_normal/feature_dim=4096/random_normal_mean=0/random_normal_std=1/mechanism=mbm/x_eps=inf/m=best/norm=false/smoother=hoa/backbone=sage/use_nfr=false/sanity_check=true/node_ratio=1/final_repeat10
16,4096,8,12353,85.081237792969,0.980598625435,0.365581183773,0.370307963404,1,0.01,0.001,0.5,/data/hzw/Rethinking_DP_GNN_runtime/paper_experiments/figure10/x_steps=16.yaml/dataset=cora/feature=random_normal/feature_dim=4096/random_normal_mean=0/random_normal_std=1/mechanism=mbm/x_eps=inf/m=best/norm=false/smoother=hoa/backbone=sage/use_nfr=false/sanity_check=true/node_ratio=1,/data/hzw/Rethinking_DP_GNN_runtime/paper_experiments/figure10/x_steps=16.yaml/dataset=cora/feature=random_normal/feature_dim=4096/random_normal_mean=0/random_normal_std=1/mechanism=mbm/x_eps=inf/m=best/norm=false/smoother=hoa/backbone=sage/use_nfr=false/sanity_check=true/node_ratio=1/final_repeat10
16,4096,9,12354,86.558341979980,0.980830659281,0.364740773451,0.370307963404,1,0.01,0.001,0.5,/data/hzw/Rethinking_DP_GNN_runtime/paper_experiments/figure10/x_steps=16.yaml/dataset=cora/feature=random_normal/feature_dim=4096/random_normal_mean=0/random_normal_std=1/mechanism=mbm/x_eps=inf/m=best/norm=false/smoother=hoa/backbone=sage/use_nfr=false/sanity_check=true/node_ratio=1,/data/hzw/Rethinking_DP_GNN_runtime/paper_experiments/figure10/x_steps=16.yaml/dataset=cora/feature=random_normal/feature_dim=4096/random_normal_mean=0/random_normal_std=1/mechanism=mbm/x_eps=inf/m=best/norm=false/smoother=hoa/backbone=sage/use_nfr=false/sanity_check=true/node_ratio=1/final_repeat10
16,8192,0,12345,85.081237792969,0.990148239966,0.365996667127,0.370307963404,1,0.01,0.001,0.5,/data/hzw/Rethinking_DP_GNN_runtime/paper_experiments/figure10/x_steps=16.yaml/dataset=cora/feature=random_normal/feature_dim=8192/random_normal_mean=0/random_normal_std=1/mechanism=mbm/x_eps=inf/m=best/norm=false/smoother=hoa/backbone=sage/use_nfr=false/sanity_check=true/node_ratio=1,/data/hzw/Rethinking_DP_GNN_runtime/paper_experiments/figure10/x_steps=16.yaml/dataset=cora/feature=random_normal/feature_dim=8192/random_normal_mean=0/random_normal_std=1/mechanism=mbm/x_eps=inf/m=best/norm=false/smoother=hoa/backbone=sage/use_nfr=false/sanity_check=true/node_ratio=1/final_repeat10
16,8192,1,12346,84.638107299805,0.990287367218,0.367590574496,0.370307963404,1,0.01,0.001,0.5,/data/hzw/Rethinking_DP_GNN_runtime/paper_experiments/figure10/x_steps=16.yaml/dataset=cora/feature=random_normal/feature_dim=8192/random_normal_mean=0/random_normal_std=1/mechanism=mbm/x_eps=inf/m=best/norm=false/smoother=hoa/backbone=sage/use_nfr=false/sanity_check=true/node_ratio=1,/data/hzw/Rethinking_DP_GNN_runtime/paper_experiments/figure10/x_steps=16.yaml/dataset=cora/feature=random_normal/feature_dim=8192/random_normal_mean=0/random_normal_std=1/mechanism=mbm/x_eps=inf/m=best/norm=false/smoother=hoa/backbone=sage/use_nfr=false/sanity_check=true/node_ratio=1/final_repeat10
16,8192,2,12347,86.262924194336,0.990124487286,0.368373482405,0.370307963404,1,0.01,0.001,0.5,/data/hzw/Rethinking_DP_GNN_runtime/paper_experiments/figure10/x_steps=16.yaml/dataset=cora/feature=random_normal/feature_dim=8192/random_normal_mean=0/random_normal_std=1/mechanism=mbm/x_eps=inf/m=best/norm=false/smoother=hoa/backbone=sage/use_nfr=false/sanity_check=true/node_ratio=1,/data/hzw/Rethinking_DP_GNN_runtime/paper_experiments/figure10/x_steps=16.yaml/dataset=cora/feature=random_normal/feature_dim=8192/random_normal_mean=0/random_normal_std=1/mechanism=mbm/x_eps=inf/m=best/norm=false/smoother=hoa/backbone=sage/use_nfr=false/sanity_check=true/node_ratio=1/final_repeat10
16,8192,3,12348,85.672080993652,0.989981480914,0.365101517301,0.370307963404,1,0.01,0.001,0.5,/data/hzw/Rethinking_DP_GNN_runtime/paper_experiments/figure10/x_steps=16.yaml/dataset=cora/feature=random_normal/feature_dim=8192/random_normal_mean=0/random_normal_std=1/mechanism=mbm/x_eps=inf/m=best/norm=false/smoother=hoa/backbone=sage/use_nfr=false/sanity_check=true/node_ratio=1,/data/hzw/Rethinking_DP_GNN_runtime/paper_experiments/figure10/x_steps=16.yaml/dataset=cora/feature=random_normal/feature_dim=8192/random_normal_mean=0/random_normal_std=1/mechanism=mbm/x_eps=inf/m=best/norm=false/smoother=hoa/backbone=sage/use_nfr=false/sanity_check=true/node_ratio=1/final_repeat10
16,8192,4,12349,86.115211486816,0.990049744959,0.367104355203,0.370307963404,1,0.01,0.001,0.5,/data/hzw/Rethinking_DP_GNN_runtime/paper_experiments/figure10/x_steps=16.yaml/dataset=cora/feature=random_normal/feature_dim=8192/random_normal_mean=0/random_normal_std=1/mechanism=mbm/x_eps=inf/m=best/norm=false/smoother=hoa/backbone=sage/use_nfr=false/sanity_check=true/node_ratio=1,/data/hzw/Rethinking_DP_GNN_runtime/paper_experiments/figure10/x_steps=16.yaml/dataset=cora/feature=random_normal/feature_dim=8192/random_normal_mean=0/random_normal_std=1/mechanism=mbm/x_eps=inf/m=best/norm=false/smoother=hoa/backbone=sage/use_nfr=false/sanity_check=true/node_ratio=1/final_repeat10
16,8192,5,12350,84.638107299805,0.990003415286,0.366080942989,0.370307963404,1,0.01,0.001,0.5,/data/hzw/Rethinking_DP_GNN_runtime/paper_experiments/figure10/x_steps=16.yaml/dataset=cora/feature=random_normal/feature_dim=8192/random_normal_mean=0/random_normal_std=1/mechanism=mbm/x_eps=inf/m=best/norm=false/smoother=hoa/backbone=sage/use_nfr=false/sanity_check=true/node_ratio=1,/data/hzw/Rethinking_DP_GNN_runtime/paper_experiments/figure10/x_steps=16.yaml/dataset=cora/feature=random_normal/feature_dim=8192/random_normal_mean=0/random_normal_std=1/mechanism=mbm/x_eps=inf/m=best/norm=false/smoother=hoa/backbone=sage/use_nfr=false/sanity_check=true/node_ratio=1/final_repeat10
16,8192,6,12351,84.933532714844,0.989982932604,0.366036478601,0.370307963404,1,0.01,0.001,0.5,/data/hzw/Rethinking_DP_GNN_runtime/paper_experiments/figure10/x_steps=16.yaml/dataset=cora/feature=random_normal/feature_dim=8192/random_normal_mean=0/random_normal_std=1/mechanism=mbm/x_eps=inf/m=best/norm=false/smoother=hoa/backbone=sage/use_nfr=false/sanity_check=true/node_ratio=1,/data/hzw/Rethinking_DP_GNN_runtime/paper_experiments/figure10/x_steps=16.yaml/dataset=cora/feature=random_normal/feature_dim=8192/random_normal_mean=0/random_normal_std=1/mechanism=mbm/x_eps=inf/m=best/norm=false/smoother=hoa/backbone=sage/use_nfr=false/sanity_check=true/node_ratio=1/final_repeat10
16,8192,7,12352,85.967498779297,0.990091963944,0.366720309992,0.370307963404,1,0.01,0.001,0.5,/data/hzw/Rethinking_DP_GNN_runtime/paper_experiments/figure10/x_steps=16.yaml/dataset=cora/feature=random_normal/feature_dim=8192/random_normal_mean=0/random_normal_std=1/mechanism=mbm/x_eps=inf/m=best/norm=false/smoother=hoa/backbone=sage/use_nfr=false/sanity_check=true/node_ratio=1,/data/hzw/Rethinking_DP_GNN_runtime/paper_experiments/figure10/x_steps=16.yaml/dataset=cora/feature=random_normal/feature_dim=8192/random_normal_mean=0/random_normal_std=1/mechanism=mbm/x_eps=inf/m=best/norm=false/smoother=hoa/backbone=sage/use_nfr=false/sanity_check=true/node_ratio=1/final_repeat10
16,8192,8,12353,85.819793701172,0.990036543408,0.369224701016,0.370307963404,1,0.01,0.001,0.5,/data/hzw/Rethinking_DP_GNN_runtime/paper_experiments/figure10/x_steps=16.yaml/dataset=cora/feature=random_normal/feature_dim=8192/random_normal_mean=0/random_normal_std=1/mechanism=mbm/x_eps=inf/m=best/norm=false/smoother=hoa/backbone=sage/use_nfr=false/sanity_check=true/node_ratio=1,/data/hzw/Rethinking_DP_GNN_runtime/paper_experiments/figure10/x_steps=16.yaml/dataset=cora/feature=random_normal/feature_dim=8192/random_normal_mean=0/random_normal_std=1/mechanism=mbm/x_eps=inf/m=best/norm=false/smoother=hoa/backbone=sage/use_nfr=false/sanity_check=true/node_ratio=1/final_repeat10
16,8192,9,12354,87.149185180664,0.989941625284,0.365519815926,0.370307963404,1,0.01,0.001,0.5,/data/hzw/Rethinking_DP_GNN_runtime/paper_experiments/figure10/x_steps=16.yaml/dataset=cora/feature=random_normal/feature_dim=8192/random_normal_mean=0/random_normal_std=1/mechanism=mbm/x_eps=inf/m=best/norm=false/smoother=hoa/backbone=sage/use_nfr=false/sanity_check=true/node_ratio=1,/data/hzw/Rethinking_DP_GNN_runtime/paper_experiments/figure10/x_steps=16.yaml/dataset=cora/feature=random_normal/feature_dim=8192/random_normal_mean=0/random_normal_std=1/mechanism=mbm/x_eps=inf/m=best/norm=false/smoother=hoa/backbone=sage/use_nfr=false/sanity_check=true/node_ratio=1/final_repeat10
16,16384,0,12345,85.819793701172,0.995075100628,0.369277072310,0.370307963404,1,0.01,0.001,0.5,/data/hzw/Rethinking_DP_GNN_runtime/paper_experiments/figure10/x_steps=16.yaml/dataset=cora/feature=random_normal/feature_dim=16384/random_normal_mean=0/random_normal_std=1/mechanism=mbm/x_eps=inf/m=best/norm=false/smoother=hoa/backbone=sage/use_nfr=false/sanity_check=true/node_ratio=1,/data/hzw/Rethinking_DP_GNN_runtime/paper_experiments/figure10/x_steps=16.yaml/dataset=cora/feature=random_normal/feature_dim=16384/random_normal_mean=0/random_normal_std=1/mechanism=mbm/x_eps=inf/m=best/norm=false/smoother=hoa/backbone=sage/use_nfr=false/sanity_check=true/node_ratio=1/final_repeat10
16,16384,1,12346,84.933532714844,0.995041477230,0.367478209003,0.370307963404,1,0.01,0.001,0.5,/data/hzw/Rethinking_DP_GNN_runtime/paper_experiments/figure10/x_steps=16.yaml/dataset=cora/feature=random_normal/feature_dim=16384/random_normal_mean=0/random_normal_std=1/mechanism=mbm/x_eps=inf/m=best/norm=false/smoother=hoa/backbone=sage/use_nfr=false/sanity_check=true/node_ratio=1,/data/hzw/Rethinking_DP_GNN_runtime/paper_experiments/figure10/x_steps=16.yaml/dataset=cora/feature=random_normal/feature_dim=16384/random_normal_mean=0/random_normal_std=1/mechanism=mbm/x_eps=inf/m=best/norm=false/smoother=hoa/backbone=sage/use_nfr=false/sanity_check=true/node_ratio=1/final_repeat10
16,16384,2,12347,86.115211486816,0.995064340238,0.369457840927,0.370307963404,1,0.01,0.001,0.5,/data/hzw/Rethinking_DP_GNN_runtime/paper_experiments/figure10/x_steps=16.yaml/dataset=cora/feature=random_normal/feature_dim=16384/random_normal_mean=0/random_normal_std=1/mechanism=mbm/x_eps=inf/m=best/norm=false/smoother=hoa/backbone=sage/use_nfr=false/sanity_check=true/node_ratio=1,/data/hzw/Rethinking_DP_GNN_runtime/paper_experiments/figure10/x_steps=16.yaml/dataset=cora/feature=random_normal/feature_dim=16384/random_normal_mean=0/random_normal_std=1/mechanism=mbm/x_eps=inf/m=best/norm=false/smoother=hoa/backbone=sage/use_nfr=false/sanity_check=true/node_ratio=1/final_repeat10
16,16384,3,12348,87.149185180664,0.994915222586,0.366860649359,0.370307963404,1,0.01,0.001,0.5,/data/hzw/Rethinking_DP_GNN_runtime/paper_experiments/figure10/x_steps=16.yaml/dataset=cora/feature=random_normal/feature_dim=16384/random_normal_mean=0/random_normal_std=1/mechanism=mbm/x_eps=inf/m=best/norm=false/smoother=hoa/backbone=sage/use_nfr=false/sanity_check=true/node_ratio=1,/data/hzw/Rethinking_DP_GNN_runtime/paper_experiments/figure10/x_steps=16.yaml/dataset=cora/feature=random_normal/feature_dim=16384/random_normal_mean=0/random_normal_std=1/mechanism=mbm/x_eps=inf/m=best/norm=false/smoother=hoa/backbone=sage/use_nfr=false/sanity_check=true/node_ratio=1/final_repeat10
16,16384,4,12349,84.047264099121,0.994983578169,0.368517642217,0.370307963404,1,0.01,0.001,0.5,/data/hzw/Rethinking_DP_GNN_runtime/paper_experiments/figure10/x_steps=16.yaml/dataset=cora/feature=random_normal/feature_dim=16384/random_normal_mean=0/random_normal_std=1/mechanism=mbm/x_eps=inf/m=best/norm=false/smoother=hoa/backbone=sage/use_nfr=false/sanity_check=true/node_ratio=1,/data/hzw/Rethinking_DP_GNN_runtime/paper_experiments/figure10/x_steps=16.yaml/dataset=cora/feature=random_normal/feature_dim=16384/random_normal_mean=0/random_normal_std=1/mechanism=mbm/x_eps=inf/m=best/norm=false/smoother=hoa/backbone=sage/use_nfr=false/sanity_check=true/node_ratio=1/final_repeat10
16,16384,5,12350,83.899559020996,0.995062224506,0.368543691242,0.370307963404,1,0.01,0.001,0.5,/data/hzw/Rethinking_DP_GNN_runtime/paper_experiments/figure10/x_steps=16.yaml/dataset=cora/feature=random_normal/feature_dim=16384/random_normal_mean=0/random_normal_std=1/mechanism=mbm/x_eps=inf/m=best/norm=false/smoother=hoa/backbone=sage/use_nfr=false/sanity_check=true/node_ratio=1,/data/hzw/Rethinking_DP_GNN_runtime/paper_experiments/figure10/x_steps=16.yaml/dataset=cora/feature=random_normal/feature_dim=16384/random_normal_mean=0/random_normal_std=1/mechanism=mbm/x_eps=inf/m=best/norm=false/smoother=hoa/backbone=sage/use_nfr=false/sanity_check=true/node_ratio=1/final_repeat10
16,16384,6,12351,85.376663208008,0.994995327327,0.368136874130,0.370307963404,1,0.01,0.001,0.5,/data/hzw/Rethinking_DP_GNN_runtime/paper_experiments/figure10/x_steps=16.yaml/dataset=cora/feature=random_normal/feature_dim=16384/random_normal_mean=0/random_normal_std=1/mechanism=mbm/x_eps=inf/m=best/norm=false/smoother=hoa/backbone=sage/use_nfr=false/sanity_check=true/node_ratio=1,/data/hzw/Rethinking_DP_GNN_runtime/paper_experiments/figure10/x_steps=16.yaml/dataset=cora/feature=random_normal/feature_dim=16384/random_normal_mean=0/random_normal_std=1/mechanism=mbm/x_eps=inf/m=best/norm=false/smoother=hoa/backbone=sage/use_nfr=false/sanity_check=true/node_ratio=1/final_repeat10
16,16384,7,12352,86.558341979980,0.994988939592,0.369217649293,0.370307963404,1,0.01,0.001,0.5,/data/hzw/Rethinking_DP_GNN_runtime/paper_experiments/figure10/x_steps=16.yaml/dataset=cora/feature=random_normal/feature_dim=16384/random_normal_mean=0/random_normal_std=1/mechanism=mbm/x_eps=inf/m=best/norm=false/smoother=hoa/backbone=sage/use_nfr=false/sanity_check=true/node_ratio=1,/data/hzw/Rethinking_DP_GNN_runtime/paper_experiments/figure10/x_steps=16.yaml/dataset=cora/feature=random_normal/feature_dim=16384/random_normal_mean=0/random_normal_std=1/mechanism=mbm/x_eps=inf/m=best/norm=false/smoother=hoa/backbone=sage/use_nfr=false/sanity_check=true/node_ratio=1/final_repeat10
16,16384,8,12353,86.115211486816,0.995078249427,0.368863695585,0.370307963404,1,0.01,0.001,0.5,/data/hzw/Rethinking_DP_GNN_runtime/paper_experiments/figure10/x_steps=16.yaml/dataset=cora/feature=random_normal/feature_dim=16384/random_normal_mean=0/random_normal_std=1/mechanism=mbm/x_eps=inf/m=best/norm=false/smoother=hoa/backbone=sage/use_nfr=false/sanity_check=true/node_ratio=1,/data/hzw/Rethinking_DP_GNN_runtime/paper_experiments/figure10/x_steps=16.yaml/dataset=cora/feature=random_normal/feature_dim=16384/random_normal_mean=0/random_normal_std=1/mechanism=mbm/x_eps=inf/m=best/norm=false/smoother=hoa/backbone=sage/use_nfr=false/sanity_check=true/node_ratio=1/final_repeat10
16,16384,9,12354,87.592315673828,0.994915855724,0.368165109691,0.370307963404,1,0.01,0.001,0.5,/data/hzw/Rethinking_DP_GNN_runtime/paper_experiments/figure10/x_steps=16.yaml/dataset=cora/feature=random_normal/feature_dim=16384/random_normal_mean=0/random_normal_std=1/mechanism=mbm/x_eps=inf/m=best/norm=false/smoother=hoa/backbone=sage/use_nfr=false/sanity_check=true/node_ratio=1,/data/hzw/Rethinking_DP_GNN_runtime/paper_experiments/figure10/x_steps=16.yaml/dataset=cora/feature=random_normal/feature_dim=16384/random_normal_mean=0/random_normal_std=1/mechanism=mbm/x_eps=inf/m=best/norm=false/smoother=hoa/backbone=sage/use_nfr=false/sanity_check=true/node_ratio=1/final_repeat10
16,32768,0,12345,85.819793701172,0.997529810612,0.369645468656,0.370307963404,0.25,0.01,0.0001,0.5,/data/hzw/Rethinking_DP_GNN_runtime/paper_experiments/figure10/x_steps=16.yaml/dataset=cora/feature=random_normal/feature_dim=32768/scale=0.25/random_normal_mean=0/random_normal_std=1/mechanism=mbm/x_eps=inf/m=best/norm=false/smoother=hoa/backbone=sage/use_nfr=false/sanity_check=true/node_ratio=1,/data/hzw/Rethinking_DP_GNN_runtime/paper_experiments/figure10/x_steps=16.yaml/dataset=cora/feature=random_normal/feature_dim=32768/scale=0.25/random_normal_mean=0/random_normal_std=1/mechanism=mbm/x_eps=inf/m=best/norm=false/smoother=hoa/backbone=sage/use_nfr=false/sanity_check=true/node_ratio=1/final_repeat10
16,32768,1,12346,84.933532714844,0.997492422160,0.369544954777,0.370307963404,0.25,0.01,0.0001,0.5,/data/hzw/Rethinking_DP_GNN_runtime/paper_experiments/figure10/x_steps=16.yaml/dataset=cora/feature=random_normal/feature_dim=32768/scale=0.25/random_normal_mean=0/random_normal_std=1/mechanism=mbm/x_eps=inf/m=best/norm=false/smoother=hoa/backbone=sage/use_nfr=false/sanity_check=true/node_ratio=1,/data/hzw/Rethinking_DP_GNN_runtime/paper_experiments/figure10/x_steps=16.yaml/dataset=cora/feature=random_normal/feature_dim=32768/scale=0.25/random_normal_mean=0/random_normal_std=1/mechanism=mbm/x_eps=inf/m=best/norm=false/smoother=hoa/backbone=sage/use_nfr=false/sanity_check=true/node_ratio=1/final_repeat10
16,32768,2,12347,86.853767395020,0.997531715754,0.369397394749,0.370307963404,0.25,0.01,0.0001,0.5,/data/hzw/Rethinking_DP_GNN_runtime/paper_experiments/figure10/x_steps=16.yaml/dataset=cora/feature=random_normal/feature_dim=32768/scale=0.25/random_normal_mean=0/random_normal_std=1/mechanism=mbm/x_eps=inf/m=best/norm=false/smoother=hoa/backbone=sage/use_nfr=false/sanity_check=true/node_ratio=1,/data/hzw/Rethinking_DP_GNN_runtime/paper_experiments/figure10/x_steps=16.yaml/dataset=cora/feature=random_normal/feature_dim=32768/scale=0.25/random_normal_mean=0/random_normal_std=1/mechanism=mbm/x_eps=inf/m=best/norm=false/smoother=hoa/backbone=sage/use_nfr=false/sanity_check=true/node_ratio=1/final_repeat10
16,32768,3,12348,86.706054687500,0.997520472801,0.369546355247,0.370307963404,0.25,0.01,0.0001,0.5,/data/hzw/Rethinking_DP_GNN_runtime/paper_experiments/figure10/x_steps=16.yaml/dataset=cora/feature=random_normal/feature_dim=32768/scale=0.25/random_normal_mean=0/random_normal_std=1/mechanism=mbm/x_eps=inf/m=best/norm=false/smoother=hoa/backbone=sage/use_nfr=false/sanity_check=true/node_ratio=1,/data/hzw/Rethinking_DP_GNN_runtime/paper_experiments/figure10/x_steps=16.yaml/dataset=cora/feature=random_normal/feature_dim=32768/scale=0.25/random_normal_mean=0/random_normal_std=1/mechanism=mbm/x_eps=inf/m=best/norm=false/smoother=hoa/backbone=sage/use_nfr=false/sanity_check=true/node_ratio=1/final_repeat10
16,32768,4,12349,85.081237792969,0.997546246711,0.368768079753,0.370307963404,0.25,0.01,0.0001,0.5,/data/hzw/Rethinking_DP_GNN_runtime/paper_experiments/figure10/x_steps=16.yaml/dataset=cora/feature=random_normal/feature_dim=32768/scale=0.25/random_normal_mean=0/random_normal_std=1/mechanism=mbm/x_eps=inf/m=best/norm=false/smoother=hoa/backbone=sage/use_nfr=false/sanity_check=true/node_ratio=1,/data/hzw/Rethinking_DP_GNN_runtime/paper_experiments/figure10/x_steps=16.yaml/dataset=cora/feature=random_normal/feature_dim=32768/scale=0.25/random_normal_mean=0/random_normal_std=1/mechanism=mbm/x_eps=inf/m=best/norm=false/smoother=hoa/backbone=sage/use_nfr=false/sanity_check=true/node_ratio=1/final_repeat10
16,32768,5,12350,86.262924194336,0.997447069294,0.369341047335,0.370307963404,0.25,0.01,0.0001,0.5,/data/hzw/Rethinking_DP_GNN_runtime/paper_experiments/figure10/x_steps=16.yaml/dataset=cora/feature=random_normal/feature_dim=32768/scale=0.25/random_normal_mean=0/random_normal_std=1/mechanism=mbm/x_eps=inf/m=best/norm=false/smoother=hoa/backbone=sage/use_nfr=false/sanity_check=true/node_ratio=1,/data/hzw/Rethinking_DP_GNN_runtime/paper_experiments/figure10/x_steps=16.yaml/dataset=cora/feature=random_normal/feature_dim=32768/scale=0.25/random_normal_mean=0/random_normal_std=1/mechanism=mbm/x_eps=inf/m=best/norm=false/smoother=hoa/backbone=sage/use_nfr=false/sanity_check=true/node_ratio=1/final_repeat10
16,32768,6,12351,84.785820007324,0.997519132415,0.369862544044,0.370307963404,0.25,0.01,0.0001,0.5,/data/hzw/Rethinking_DP_GNN_runtime/paper_experiments/figure10/x_steps=16.yaml/dataset=cora/feature=random_normal/feature_dim=32768/scale=0.25/random_normal_mean=0/random_normal_std=1/mechanism=mbm/x_eps=inf/m=best/norm=false/smoother=hoa/backbone=sage/use_nfr=false/sanity_check=true/node_ratio=1,/data/hzw/Rethinking_DP_GNN_runtime/paper_experiments/figure10/x_steps=16.yaml/dataset=cora/feature=random_normal/feature_dim=32768/scale=0.25/random_normal_mean=0/random_normal_std=1/mechanism=mbm/x_eps=inf/m=best/norm=false/smoother=hoa/backbone=sage/use_nfr=false/sanity_check=true/node_ratio=1/final_repeat10
16,32768,7,12352,86.262924194336,0.997526862969,0.369884840801,0.370307963404,0.25,0.01,0.0001,0.5,/data/hzw/Rethinking_DP_GNN_runtime/paper_experiments/figure10/x_steps=16.yaml/dataset=cora/feature=random_normal/feature_dim=32768/scale=0.25/random_normal_mean=0/random_normal_std=1/mechanism=mbm/x_eps=inf/m=best/norm=false/smoother=hoa/backbone=sage/use_nfr=false/sanity_check=true/node_ratio=1,/data/hzw/Rethinking_DP_GNN_runtime/paper_experiments/figure10/x_steps=16.yaml/dataset=cora/feature=random_normal/feature_dim=32768/scale=0.25/random_normal_mean=0/random_normal_std=1/mechanism=mbm/x_eps=inf/m=best/norm=false/smoother=hoa/backbone=sage/use_nfr=false/sanity_check=true/node_ratio=1/final_repeat10
16,32768,8,12353,85.819793701172,0.997500651756,0.369309863023,0.370307963404,0.25,0.01,0.0001,0.5,/data/hzw/Rethinking_DP_GNN_runtime/paper_experiments/figure10/x_steps=16.yaml/dataset=cora/feature=random_normal/feature_dim=32768/scale=0.25/random_normal_mean=0/random_normal_std=1/mechanism=mbm/x_eps=inf/m=best/norm=false/smoother=hoa/backbone=sage/use_nfr=false/sanity_check=true/node_ratio=1,/data/hzw/Rethinking_DP_GNN_runtime/paper_experiments/figure10/x_steps=16.yaml/dataset=cora/feature=random_normal/feature_dim=32768/scale=0.25/random_normal_mean=0/random_normal_std=1/mechanism=mbm/x_eps=inf/m=best/norm=false/smoother=hoa/backbone=sage/use_nfr=false/sanity_check=true/node_ratio=1/final_repeat10
16,32768,9,12354,88.035446166992,0.997520902267,0.369815337890,0.370307963404,0.25,0.01,0.0001,0.5,/data/hzw/Rethinking_DP_GNN_runtime/paper_experiments/figure10/x_steps=16.yaml/dataset=cora/feature=random_normal/feature_dim=32768/scale=0.25/random_normal_mean=0/random_normal_std=1/mechanism=mbm/x_eps=inf/m=best/norm=false/smoother=hoa/backbone=sage/use_nfr=false/sanity_check=true/node_ratio=1,/data/hzw/Rethinking_DP_GNN_runtime/paper_experiments/figure10/x_steps=16.yaml/dataset=cora/feature=random_normal/feature_dim=32768/scale=0.25/random_normal_mean=0/random_normal_std=1/mechanism=mbm/x_eps=inf/m=best/norm=false/smoother=hoa/backbone=sage/use_nfr=false/sanity_check=true/node_ratio=1/final_repeat10
32,4,0,12345,47.415065765381,0.174640836692,0.079651185538,0.431183649050,256,0.01,0.0001,0.25,/data/hzw/Rethinking_DP_GNN_runtime/paper_experiments/figure10/x_steps=32.yaml/dataset=cora/feature=random_normal/feature_dim=4/scale=256/random_normal_mean=0/random_normal_std=1/mechanism=mbm/x_eps=inf/m=best/norm=false/smoother=hoa/backbone=sage/use_nfr=false/sanity_check=true/node_ratio=1,/data/hzw/Rethinking_DP_GNN_runtime/paper_experiments/figure10/x_steps=32.yaml/dataset=cora/feature=random_normal/feature_dim=4/scale=256/random_normal_mean=0/random_normal_std=1/mechanism=mbm/x_eps=inf/m=best/norm=false/smoother=hoa/backbone=sage/use_nfr=false/sanity_check=true/node_ratio=1/final_repeat10
32,4,1,12346,55.391429901123,0.215695106762,0.099223446551,0.431183649050,256,0.01,0.0001,0.25,/data/hzw/Rethinking_DP_GNN_runtime/paper_experiments/figure10/x_steps=32.yaml/dataset=cora/feature=random_normal/feature_dim=4/scale=256/random_normal_mean=0/random_normal_std=1/mechanism=mbm/x_eps=inf/m=best/norm=false/smoother=hoa/backbone=sage/use_nfr=false/sanity_check=true/node_ratio=1,/data/hzw/Rethinking_DP_GNN_runtime/paper_experiments/figure10/x_steps=32.yaml/dataset=cora/feature=random_normal/feature_dim=4/scale=256/random_normal_mean=0/random_normal_std=1/mechanism=mbm/x_eps=inf/m=best/norm=false/smoother=hoa/backbone=sage/use_nfr=false/sanity_check=true/node_ratio=1/final_repeat10
32,4,2,12347,52.289508819580,0.159236068020,0.071450568657,0.431183649050,256,0.01,0.0001,0.25,/data/hzw/Rethinking_DP_GNN_runtime/paper_experiments/figure10/x_steps=32.yaml/dataset=cora/feature=random_normal/feature_dim=4/scale=256/random_normal_mean=0/random_normal_std=1/mechanism=mbm/x_eps=inf/m=best/norm=false/smoother=hoa/backbone=sage/use_nfr=false/sanity_check=true/node_ratio=1,/data/hzw/Rethinking_DP_GNN_runtime/paper_experiments/figure10/x_steps=32.yaml/dataset=cora/feature=random_normal/feature_dim=4/scale=256/random_normal_mean=0/random_normal_std=1/mechanism=mbm/x_eps=inf/m=best/norm=false/smoother=hoa/backbone=sage/use_nfr=false/sanity_check=true/node_ratio=1/final_repeat10
32,4,3,12348,51.550960540771,0.216627157740,0.096735060945,0.431183649050,256,0.01,0.0001,0.25,/data/hzw/Rethinking_DP_GNN_runtime/paper_experiments/figure10/x_steps=32.yaml/dataset=cora/feature=random_normal/feature_dim=4/scale=256/random_normal_mean=0/random_normal_std=1/mechanism=mbm/x_eps=inf/m=best/norm=false/smoother=hoa/backbone=sage/use_nfr=false/sanity_check=true/node_ratio=1,/data/hzw/Rethinking_DP_GNN_runtime/paper_experiments/figure10/x_steps=32.yaml/dataset=cora/feature=random_normal/feature_dim=4/scale=256/random_normal_mean=0/random_normal_std=1/mechanism=mbm/x_eps=inf/m=best/norm=false/smoother=hoa/backbone=sage/use_nfr=false/sanity_check=true/node_ratio=1/final_repeat10
32,4,4,12349,45.199409484863,0.155516821529,0.037644416483,0.431183649050,256,0.01,0.0001,0.25,/data/hzw/Rethinking_DP_GNN_runtime/paper_experiments/figure10/x_steps=32.yaml/dataset=cora/feature=random_normal/feature_dim=4/scale=256/random_normal_mean=0/random_normal_std=1/mechanism=mbm/x_eps=inf/m=best/norm=false/smoother=hoa/backbone=sage/use_nfr=false/sanity_check=true/node_ratio=1,/data/hzw/Rethinking_DP_GNN_runtime/paper_experiments/figure10/x_steps=32.yaml/dataset=cora/feature=random_normal/feature_dim=4/scale=256/random_normal_mean=0/random_normal_std=1/mechanism=mbm/x_eps=inf/m=best/norm=false/smoother=hoa/backbone=sage/use_nfr=false/sanity_check=true/node_ratio=1/final_repeat10
32,4,5,12350,55.096012115479,0.208403700236,0.093150229970,0.431183649050,256,0.01,0.0001,0.25,/data/hzw/Rethinking_DP_GNN_runtime/paper_experiments/figure10/x_steps=32.yaml/dataset=cora/feature=random_normal/feature_dim=4/scale=256/random_normal_mean=0/random_normal_std=1/mechanism=mbm/x_eps=inf/m=best/norm=false/smoother=hoa/backbone=sage/use_nfr=false/sanity_check=true/node_ratio=1,/data/hzw/Rethinking_DP_GNN_runtime/paper_experiments/figure10/x_steps=32.yaml/dataset=cora/feature=random_normal/feature_dim=4/scale=256/random_normal_mean=0/random_normal_std=1/mechanism=mbm/x_eps=inf/m=best/norm=false/smoother=hoa/backbone=sage/use_nfr=false/sanity_check=true/node_ratio=1/final_repeat10
32,4,6,12351,48.744461059570,0.143403961810,0.060649075977,0.431183649050,256,0.01,0.0001,0.25,/data/hzw/Rethinking_DP_GNN_runtime/paper_experiments/figure10/x_steps=32.yaml/dataset=cora/feature=random_normal/feature_dim=4/scale=256/random_normal_mean=0/random_normal_std=1/mechanism=mbm/x_eps=inf/m=best/norm=false/smoother=hoa/backbone=sage/use_nfr=false/sanity_check=true/node_ratio=1,/data/hzw/Rethinking_DP_GNN_runtime/paper_experiments/figure10/x_steps=32.yaml/dataset=cora/feature=random_normal/feature_dim=4/scale=256/random_normal_mean=0/random_normal_std=1/mechanism=mbm/x_eps=inf/m=best/norm=false/smoother=hoa/backbone=sage/use_nfr=false/sanity_check=true/node_ratio=1/final_repeat10
32,4,7,12352,53.028064727783,0.181037217255,0.075446182347,0.431183649050,256,0.01,0.0001,0.25,/data/hzw/Rethinking_DP_GNN_runtime/paper_experiments/figure10/x_steps=32.yaml/dataset=cora/feature=random_normal/feature_dim=4/scale=256/random_normal_mean=0/random_normal_std=1/mechanism=mbm/x_eps=inf/m=best/norm=false/smoother=hoa/backbone=sage/use_nfr=false/sanity_check=true/node_ratio=1,/data/hzw/Rethinking_DP_GNN_runtime/paper_experiments/figure10/x_steps=32.yaml/dataset=cora/feature=random_normal/feature_dim=4/scale=256/random_normal_mean=0/random_normal_std=1/mechanism=mbm/x_eps=inf/m=best/norm=false/smoother=hoa/backbone=sage/use_nfr=false/sanity_check=true/node_ratio=1/final_repeat10
32,4,8,12353,42.245197296143,0.163880611329,0.055203444321,0.431183649050,256,0.01,0.0001,0.25,/data/hzw/Rethinking_DP_GNN_runtime/paper_experiments/figure10/x_steps=32.yaml/dataset=cora/feature=random_normal/feature_dim=4/scale=256/random_normal_mean=0/random_normal_std=1/mechanism=mbm/x_eps=inf/m=best/norm=false/smoother=hoa/backbone=sage/use_nfr=false/sanity_check=true/node_ratio=1,/data/hzw/Rethinking_DP_GNN_runtime/paper_experiments/figure10/x_steps=32.yaml/dataset=cora/feature=random_normal/feature_dim=4/scale=256/random_normal_mean=0/random_normal_std=1/mechanism=mbm/x_eps=inf/m=best/norm=false/smoother=hoa/backbone=sage/use_nfr=false/sanity_check=true/node_ratio=1/final_repeat10
32,4,9,12354,54.062038421631,0.180836342248,0.091252777941,0.431183649050,256,0.01,0.0001,0.25,/data/hzw/Rethinking_DP_GNN_runtime/paper_experiments/figure10/x_steps=32.yaml/dataset=cora/feature=random_normal/feature_dim=4/scale=256/random_normal_mean=0/random_normal_std=1/mechanism=mbm/x_eps=inf/m=best/norm=false/smoother=hoa/backbone=sage/use_nfr=false/sanity_check=true/node_ratio=1,/data/hzw/Rethinking_DP_GNN_runtime/paper_experiments/figure10/x_steps=32.yaml/dataset=cora/feature=random_normal/feature_dim=4/scale=256/random_normal_mean=0/random_normal_std=1/mechanism=mbm/x_eps=inf/m=best/norm=false/smoother=hoa/backbone=sage/use_nfr=false/sanity_check=true/node_ratio=1/final_repeat10
32,8,0,12345,60.413585662842,0.282338287653,0.118930124856,0.431183649050,64,0.01,0.0001,0.25,/data/hzw/Rethinking_DP_GNN_runtime/paper_experiments/figure10/x_steps=32.yaml/dataset=cora/feature=random_normal/feature_dim=8/scale=64/random_normal_mean=0/random_normal_std=1/mechanism=mbm/x_eps=inf/m=best/norm=false/smoother=hoa/backbone=sage/use_nfr=false/sanity_check=true/node_ratio=1,/data/hzw/Rethinking_DP_GNN_runtime/paper_experiments/figure10/x_steps=32.yaml/dataset=cora/feature=random_normal/feature_dim=8/scale=64/random_normal_mean=0/random_normal_std=1/mechanism=mbm/x_eps=inf/m=best/norm=false/smoother=hoa/backbone=sage/use_nfr=false/sanity_check=true/node_ratio=1/final_repeat10
32,8,1,12346,62.776954650879,0.226515635286,0.088932237268,0.431183649050,64,0.01,0.0001,0.25,/data/hzw/Rethinking_DP_GNN_runtime/paper_experiments/figure10/x_steps=32.yaml/dataset=cora/feature=random_normal/feature_dim=8/scale=64/random_normal_mean=0/random_normal_std=1/mechanism=mbm/x_eps=inf/m=best/norm=false/smoother=hoa/backbone=sage/use_nfr=false/sanity_check=true/node_ratio=1,/data/hzw/Rethinking_DP_GNN_runtime/paper_experiments/figure10/x_steps=32.yaml/dataset=cora/feature=random_normal/feature_dim=8/scale=64/random_normal_mean=0/random_normal_std=1/mechanism=mbm/x_eps=inf/m=best/norm=false/smoother=hoa/backbone=sage/use_nfr=false/sanity_check=true/node_ratio=1/final_repeat10
32,8,2,12347,64.697196960449,0.262681148769,0.107287394489,0.431183649050,64,0.01,0.0001,0.25,/data/hzw/Rethinking_DP_GNN_runtime/paper_experiments/figure10/x_steps=32.yaml/dataset=cora/feature=random_normal/feature_dim=8/scale=64/random_normal_mean=0/random_normal_std=1/mechanism=mbm/x_eps=inf/m=best/norm=false/smoother=hoa/backbone=sage/use_nfr=false/sanity_check=true/node_ratio=1,/data/hzw/Rethinking_DP_GNN_runtime/paper_experiments/figure10/x_steps=32.yaml/dataset=cora/feature=random_normal/feature_dim=8/scale=64/random_normal_mean=0/random_normal_std=1/mechanism=mbm/x_eps=inf/m=best/norm=false/smoother=hoa/backbone=sage/use_nfr=false/sanity_check=true/node_ratio=1/final_repeat10
32,8,3,12348,60.118167877197,0.263430123348,0.108533287853,0.431183649050,64,0.01,0.0001,0.25,/data/hzw/Rethinking_DP_GNN_runtime/paper_experiments/figure10/x_steps=32.yaml/dataset=cora/feature=random_normal/feature_dim=8/scale=64/random_normal_mean=0/random_normal_std=1/mechanism=mbm/x_eps=inf/m=best/norm=false/smoother=hoa/backbone=sage/use_nfr=false/sanity_check=true/node_ratio=1,/data/hzw/Rethinking_DP_GNN_runtime/paper_experiments/figure10/x_steps=32.yaml/dataset=cora/feature=random_normal/feature_dim=8/scale=64/random_normal_mean=0/random_normal_std=1/mechanism=mbm/x_eps=inf/m=best/norm=false/smoother=hoa/backbone=sage/use_nfr=false/sanity_check=true/node_ratio=1/final_repeat10
32,8,4,12349,62.038402557373,0.271189044230,0.122475306629,0.431183649050,64,0.01,0.0001,0.25,/data/hzw/Rethinking_DP_GNN_runtime/paper_experiments/figure10/x_steps=32.yaml/dataset=cora/feature=random_normal/feature_dim=8/scale=64/random_normal_mean=0/random_normal_std=1/mechanism=mbm/x_eps=inf/m=best/norm=false/smoother=hoa/backbone=sage/use_nfr=false/sanity_check=true/node_ratio=1,/data/hzw/Rethinking_DP_GNN_runtime/paper_experiments/figure10/x_steps=32.yaml/dataset=cora/feature=random_normal/feature_dim=8/scale=64/random_normal_mean=0/random_normal_std=1/mechanism=mbm/x_eps=inf/m=best/norm=false/smoother=hoa/backbone=sage/use_nfr=false/sanity_check=true/node_ratio=1/final_repeat10
32,8,5,12350,61.299850463867,0.267412218921,0.117241199066,0.431183649050,64,0.01,0.0001,0.25,/data/hzw/Rethinking_DP_GNN_runtime/paper_experiments/figure10/x_steps=32.yaml/dataset=cora/feature=random_normal/feature_dim=8/scale=64/random_normal_mean=0/random_normal_std=1/mechanism=mbm/x_eps=inf/m=best/norm=false/smoother=hoa/backbone=sage/use_nfr=false/sanity_check=true/node_ratio=1,/data/hzw/Rethinking_DP_GNN_runtime/paper_experiments/figure10/x_steps=32.yaml/dataset=cora/feature=random_normal/feature_dim=8/scale=64/random_normal_mean=0/random_normal_std=1/mechanism=mbm/x_eps=inf/m=best/norm=false/smoother=hoa/backbone=sage/use_nfr=false/sanity_check=true/node_ratio=1/final_repeat10
32,8,6,12351,63.072376251221,0.307837604025,0.125154163481,0.431183649050,64,0.01,0.0001,0.25,/data/hzw/Rethinking_DP_GNN_runtime/paper_experiments/figure10/x_steps=32.yaml/dataset=cora/feature=random_normal/feature_dim=8/scale=64/random_normal_mean=0/random_normal_std=1/mechanism=mbm/x_eps=inf/m=best/norm=false/smoother=hoa/backbone=sage/use_nfr=false/sanity_check=true/node_ratio=1,/data/hzw/Rethinking_DP_GNN_runtime/paper_experiments/figure10/x_steps=32.yaml/dataset=cora/feature=random_normal/feature_dim=8/scale=64/random_normal_mean=0/random_normal_std=1/mechanism=mbm/x_eps=inf/m=best/norm=false/smoother=hoa/backbone=sage/use_nfr=false/sanity_check=true/node_ratio=1/final_repeat10
32,8,7,12352,62.333824157715,0.242586492757,0.096971589475,0.431183649050,64,0.01,0.0001,0.25,/data/hzw/Rethinking_DP_GNN_runtime/paper_experiments/figure10/x_steps=32.yaml/dataset=cora/feature=random_normal/feature_dim=8/scale=64/random_normal_mean=0/random_normal_std=1/mechanism=mbm/x_eps=inf/m=best/norm=false/smoother=hoa/backbone=sage/use_nfr=false/sanity_check=true/node_ratio=1,/data/hzw/Rethinking_DP_GNN_runtime/paper_experiments/figure10/x_steps=32.yaml/dataset=cora/feature=random_normal/feature_dim=8/scale=64/random_normal_mean=0/random_normal_std=1/mechanism=mbm/x_eps=inf/m=best/norm=false/smoother=hoa/backbone=sage/use_nfr=false/sanity_check=true/node_ratio=1/final_repeat10
32,8,8,12353,63.810928344727,0.258497138178,0.121289525588,0.431183649050,64,0.01,0.0001,0.25,/data/hzw/Rethinking_DP_GNN_runtime/paper_experiments/figure10/x_steps=32.yaml/dataset=cora/feature=random_normal/feature_dim=8/scale=64/random_normal_mean=0/random_normal_std=1/mechanism=mbm/x_eps=inf/m=best/norm=false/smoother=hoa/backbone=sage/use_nfr=false/sanity_check=true/node_ratio=1,/data/hzw/Rethinking_DP_GNN_runtime/paper_experiments/figure10/x_steps=32.yaml/dataset=cora/feature=random_normal/feature_dim=8/scale=64/random_normal_mean=0/random_normal_std=1/mechanism=mbm/x_eps=inf/m=best/norm=false/smoother=hoa/backbone=sage/use_nfr=false/sanity_check=true/node_ratio=1/final_repeat10
32,8,9,12354,68.242248535156,0.274078955954,0.137111753443,0.431183649050,64,0.01,0.0001,0.25,/data/hzw/Rethinking_DP_GNN_runtime/paper_experiments/figure10/x_steps=32.yaml/dataset=cora/feature=random_normal/feature_dim=8/scale=64/random_normal_mean=0/random_normal_std=1/mechanism=mbm/x_eps=inf/m=best/norm=false/smoother=hoa/backbone=sage/use_nfr=false/sanity_check=true/node_ratio=1,/data/hzw/Rethinking_DP_GNN_runtime/paper_experiments/figure10/x_steps=32.yaml/dataset=cora/feature=random_normal/feature_dim=8/scale=64/random_normal_mean=0/random_normal_std=1/mechanism=mbm/x_eps=inf/m=best/norm=false/smoother=hoa/backbone=sage/use_nfr=false/sanity_check=true/node_ratio=1/final_repeat10
32,16,0,12345,70.753326416016,0.372044016493,0.167924199824,0.431183649050,64,0.01,0.01,0.25,/data/hzw/Rethinking_DP_GNN_runtime/paper_experiments/figure10/x_steps=32.yaml/dataset=cora/feature=random_normal/feature_dim=16/scale=64/random_normal_mean=0/random_normal_std=1/mechanism=mbm/x_eps=inf/m=best/norm=false/smoother=hoa/backbone=sage/use_nfr=false/sanity_check=true/node_ratio=1,/data/hzw/Rethinking_DP_GNN_runtime/paper_experiments/figure10/x_steps=32.yaml/dataset=cora/feature=random_normal/feature_dim=16/scale=64/random_normal_mean=0/random_normal_std=1/mechanism=mbm/x_eps=inf/m=best/norm=false/smoother=hoa/backbone=sage/use_nfr=false/sanity_check=true/node_ratio=1/final_repeat10
32,16,1,12346,69.276222229004,0.416030584124,0.191966689998,0.431183649050,64,0.01,0.01,0.25,/data/hzw/Rethinking_DP_GNN_runtime/paper_experiments/figure10/x_steps=32.yaml/dataset=cora/feature=random_normal/feature_dim=16/scale=64/random_normal_mean=0/random_normal_std=1/mechanism=mbm/x_eps=inf/m=best/norm=false/smoother=hoa/backbone=sage/use_nfr=false/sanity_check=true/node_ratio=1,/data/hzw/Rethinking_DP_GNN_runtime/paper_experiments/figure10/x_steps=32.yaml/dataset=cora/feature=random_normal/feature_dim=16/scale=64/random_normal_mean=0/random_normal_std=1/mechanism=mbm/x_eps=inf/m=best/norm=false/smoother=hoa/backbone=sage/use_nfr=false/sanity_check=true/node_ratio=1/final_repeat10
32,16,2,12347,72.525848388672,0.342651007594,0.156160744124,0.431183649050,64,0.01,0.01,0.25,/data/hzw/Rethinking_DP_GNN_runtime/paper_experiments/figure10/x_steps=32.yaml/dataset=cora/feature=random_normal/feature_dim=16/scale=64/random_normal_mean=0/random_normal_std=1/mechanism=mbm/x_eps=inf/m=best/norm=false/smoother=hoa/backbone=sage/use_nfr=false/sanity_check=true/node_ratio=1,/data/hzw/Rethinking_DP_GNN_runtime/paper_experiments/figure10/x_steps=32.yaml/dataset=cora/feature=random_normal/feature_dim=16/scale=64/random_normal_mean=0/random_normal_std=1/mechanism=mbm/x_eps=inf/m=best/norm=false/smoother=hoa/backbone=sage/use_nfr=false/sanity_check=true/node_ratio=1/final_repeat10
32,16,3,12348,75.332351684570,0.375740824048,0.156873862320,0.431183649050,64,0.01,0.01,0.25,/data/hzw/Rethinking_DP_GNN_runtime/paper_experiments/figure10/x_steps=32.yaml/dataset=cora/feature=random_normal/feature_dim=16/scale=64/random_normal_mean=0/random_normal_std=1/mechanism=mbm/x_eps=inf/m=best/norm=false/smoother=hoa/backbone=sage/use_nfr=false/sanity_check=true/node_ratio=1,/data/hzw/Rethinking_DP_GNN_runtime/paper_experiments/figure10/x_steps=32.yaml/dataset=cora/feature=random_normal/feature_dim=16/scale=64/random_normal_mean=0/random_normal_std=1/mechanism=mbm/x_eps=inf/m=best/norm=false/smoother=hoa/backbone=sage/use_nfr=false/sanity_check=true/node_ratio=1/final_repeat10
32,16,4,12349,71.491874694824,0.403207941446,0.185721869716,0.431183649050,64,0.01,0.01,0.25,/data/hzw/Rethinking_DP_GNN_runtime/paper_experiments/figure10/x_steps=32.yaml/dataset=cora/feature=random_normal/feature_dim=16/scale=64/random_normal_mean=0/random_normal_std=1/mechanism=mbm/x_eps=inf/m=best/norm=false/smoother=hoa/backbone=sage/use_nfr=false/sanity_check=true/node_ratio=1,/data/hzw/Rethinking_DP_GNN_runtime/paper_experiments/figure10/x_steps=32.yaml/dataset=cora/feature=random_normal/feature_dim=16/scale=64/random_normal_mean=0/random_normal_std=1/mechanism=mbm/x_eps=inf/m=best/norm=false/smoother=hoa/backbone=sage/use_nfr=false/sanity_check=true/node_ratio=1/final_repeat10
32,16,5,12350,71.639587402344,0.373836453641,0.156038228550,0.431183649050,64,0.01,0.01,0.25,/data/hzw/Rethinking_DP_GNN_runtime/paper_experiments/figure10/x_steps=32.yaml/dataset=cora/feature=random_normal/feature_dim=16/scale=64/random_normal_mean=0/random_normal_std=1/mechanism=mbm/x_eps=inf/m=best/norm=false/smoother=hoa/backbone=sage/use_nfr=false/sanity_check=true/node_ratio=1,/data/hzw/Rethinking_DP_GNN_runtime/paper_experiments/figure10/x_steps=32.yaml/dataset=cora/feature=random_normal/feature_dim=16/scale=64/random_normal_mean=0/random_normal_std=1/mechanism=mbm/x_eps=inf/m=best/norm=false/smoother=hoa/backbone=sage/use_nfr=false/sanity_check=true/node_ratio=1/final_repeat10
32,16,6,12351,73.707534790039,0.351084154873,0.150461719865,0.431183649050,64,0.01,0.01,0.25,/data/hzw/Rethinking_DP_GNN_runtime/paper_experiments/figure10/x_steps=32.yaml/dataset=cora/feature=random_normal/feature_dim=16/scale=64/random_normal_mean=0/random_normal_std=1/mechanism=mbm/x_eps=inf/m=best/norm=false/smoother=hoa/backbone=sage/use_nfr=false/sanity_check=true/node_ratio=1,/data/hzw/Rethinking_DP_GNN_runtime/paper_experiments/figure10/x_steps=32.yaml/dataset=cora/feature=random_normal/feature_dim=16/scale=64/random_normal_mean=0/random_normal_std=1/mechanism=mbm/x_eps=inf/m=best/norm=false/smoother=hoa/backbone=sage/use_nfr=false/sanity_check=true/node_ratio=1/final_repeat10
32,16,7,12352,69.719352722168,0.386924482822,0.178630971156,0.431183649050,64,0.01,0.01,0.25,/data/hzw/Rethinking_DP_GNN_runtime/paper_experiments/figure10/x_steps=32.yaml/dataset=cora/feature=random_normal/feature_dim=16/scale=64/random_normal_mean=0/random_normal_std=1/mechanism=mbm/x_eps=inf/m=best/norm=false/smoother=hoa/backbone=sage/use_nfr=false/sanity_check=true/node_ratio=1,/data/hzw/Rethinking_DP_GNN_runtime/paper_experiments/figure10/x_steps=32.yaml/dataset=cora/feature=random_normal/feature_dim=16/scale=64/random_normal_mean=0/random_normal_std=1/mechanism=mbm/x_eps=inf/m=best/norm=false/smoother=hoa/backbone=sage/use_nfr=false/sanity_check=true/node_ratio=1/final_repeat10
32,16,8,12353,70.901031494141,0.370649903975,0.162846732959,0.431183649050,64,0.01,0.01,0.25,/data/hzw/Rethinking_DP_GNN_runtime/paper_experiments/figure10/x_steps=32.yaml/dataset=cora/feature=random_normal/feature_dim=16/scale=64/random_normal_mean=0/random_normal_std=1/mechanism=mbm/x_eps=inf/m=best/norm=false/smoother=hoa/backbone=sage/use_nfr=false/sanity_check=true/node_ratio=1,/data/hzw/Rethinking_DP_GNN_runtime/paper_experiments/figure10/x_steps=32.yaml/dataset=cora/feature=random_normal/feature_dim=16/scale=64/random_normal_mean=0/random_normal_std=1/mechanism=mbm/x_eps=inf/m=best/norm=false/smoother=hoa/backbone=sage/use_nfr=false/sanity_check=true/node_ratio=1/final_repeat10
32,16,9,12354,75.480056762695,0.355475427532,0.154132652522,0.431183649050,64,0.01,0.01,0.25,/data/hzw/Rethinking_DP_GNN_runtime/paper_experiments/figure10/x_steps=32.yaml/dataset=cora/feature=random_normal/feature_dim=16/scale=64/random_normal_mean=0/random_normal_std=1/mechanism=mbm/x_eps=inf/m=best/norm=false/smoother=hoa/backbone=sage/use_nfr=false/sanity_check=true/node_ratio=1,/data/hzw/Rethinking_DP_GNN_runtime/paper_experiments/figure10/x_steps=32.yaml/dataset=cora/feature=random_normal/feature_dim=16/scale=64/random_normal_mean=0/random_normal_std=1/mechanism=mbm/x_eps=inf/m=best/norm=false/smoother=hoa/backbone=sage/use_nfr=false/sanity_check=true/node_ratio=1/final_repeat10
32,32,0,12345,82.422454833984,0.500059251805,0.224891555080,0.431183649050,64,0.01,0.01,0.25,/data/hzw/Rethinking_DP_GNN_runtime/paper_experiments/figure10/x_steps=32.yaml/dataset=cora/feature=random_normal/feature_dim=32/scale=64/random_normal_mean=0/random_normal_std=1/mechanism=mbm/x_eps=inf/m=best/norm=false/smoother=hoa/backbone=sage/use_nfr=false/sanity_check=true/node_ratio=1,/data/hzw/Rethinking_DP_GNN_runtime/paper_experiments/figure10/x_steps=32.yaml/dataset=cora/feature=random_normal/feature_dim=32/scale=64/random_normal_mean=0/random_normal_std=1/mechanism=mbm/x_eps=inf/m=best/norm=false/smoother=hoa/backbone=sage/use_nfr=false/sanity_check=true/node_ratio=1/final_repeat10
32,32,1,12346,78.581977844238,0.466537880617,0.199204363842,0.431183649050,64,0.01,0.01,0.25,/data/hzw/Rethinking_DP_GNN_runtime/paper_experiments/figure10/x_steps=32.yaml/dataset=cora/feature=random_normal/feature_dim=32/scale=64/random_normal_mean=0/random_normal_std=1/mechanism=mbm/x_eps=inf/m=best/norm=false/smoother=hoa/backbone=sage/use_nfr=false/sanity_check=true/node_ratio=1,/data/hzw/Rethinking_DP_GNN_runtime/paper_experiments/figure10/x_steps=32.yaml/dataset=cora/feature=random_normal/feature_dim=32/scale=64/random_normal_mean=0/random_normal_std=1/mechanism=mbm/x_eps=inf/m=best/norm=false/smoother=hoa/backbone=sage/use_nfr=false/sanity_check=true/node_ratio=1/final_repeat10
32,32,2,12347,80.649925231934,0.519210599342,0.229926095678,0.431183649050,64,0.01,0.01,0.25,/data/hzw/Rethinking_DP_GNN_runtime/paper_experiments/figure10/x_steps=32.yaml/dataset=cora/feature=random_normal/feature_dim=32/scale=64/random_normal_mean=0/random_normal_std=1/mechanism=mbm/x_eps=inf/m=best/norm=false/smoother=hoa/backbone=sage/use_nfr=false/sanity_check=true/node_ratio=1,/data/hzw/Rethinking_DP_GNN_runtime/paper_experiments/figure10/x_steps=32.yaml/dataset=cora/feature=random_normal/feature_dim=32/scale=64/random_normal_mean=0/random_normal_std=1/mechanism=mbm/x_eps=inf/m=best/norm=false/smoother=hoa/backbone=sage/use_nfr=false/sanity_check=true/node_ratio=1/final_repeat10
32,32,3,12348,80.945343017578,0.506906492505,0.222052387703,0.431183649050,64,0.01,0.01,0.25,/data/hzw/Rethinking_DP_GNN_runtime/paper_experiments/figure10/x_steps=32.yaml/dataset=cora/feature=random_normal/feature_dim=32/scale=64/random_normal_mean=0/random_normal_std=1/mechanism=mbm/x_eps=inf/m=best/norm=false/smoother=hoa/backbone=sage/use_nfr=false/sanity_check=true/node_ratio=1,/data/hzw/Rethinking_DP_GNN_runtime/paper_experiments/figure10/x_steps=32.yaml/dataset=cora/feature=random_normal/feature_dim=32/scale=64/random_normal_mean=0/random_normal_std=1/mechanism=mbm/x_eps=inf/m=best/norm=false/smoother=hoa/backbone=sage/use_nfr=false/sanity_check=true/node_ratio=1/final_repeat10
32,32,4,12349,76.514030456543,0.491720521381,0.203560007764,0.431183649050,64,0.01,0.01,0.25,/data/hzw/Rethinking_DP_GNN_runtime/paper_experiments/figure10/x_steps=32.yaml/dataset=cora/feature=random_normal/feature_dim=32/scale=64/random_normal_mean=0/random_normal_std=1/mechanism=mbm/x_eps=inf/m=best/norm=false/smoother=hoa/backbone=sage/use_nfr=false/sanity_check=true/node_ratio=1,/data/hzw/Rethinking_DP_GNN_runtime/paper_experiments/figure10/x_steps=32.yaml/dataset=cora/feature=random_normal/feature_dim=32/scale=64/random_normal_mean=0/random_normal_std=1/mechanism=mbm/x_eps=inf/m=best/norm=false/smoother=hoa/backbone=sage/use_nfr=false/sanity_check=true/node_ratio=1/final_repeat10
32,32,5,12350,74.741508483887,0.492284283277,0.202460498885,0.431183649050,64,0.01,0.01,0.25,/data/hzw/Rethinking_DP_GNN_runtime/paper_experiments/figure10/x_steps=32.yaml/dataset=cora/feature=random_normal/feature_dim=32/scale=64/random_normal_mean=0/random_normal_std=1/mechanism=mbm/x_eps=inf/m=best/norm=false/smoother=hoa/backbone=sage/use_nfr=false/sanity_check=true/node_ratio=1,/data/hzw/Rethinking_DP_GNN_runtime/paper_experiments/figure10/x_steps=32.yaml/dataset=cora/feature=random_normal/feature_dim=32/scale=64/random_normal_mean=0/random_normal_std=1/mechanism=mbm/x_eps=inf/m=best/norm=false/smoother=hoa/backbone=sage/use_nfr=false/sanity_check=true/node_ratio=1/final_repeat10
32,32,6,12351,77.252586364746,0.475334938266,0.184639382564,0.431183649050,64,0.01,0.01,0.25,/data/hzw/Rethinking_DP_GNN_runtime/paper_experiments/figure10/x_steps=32.yaml/dataset=cora/feature=random_normal/feature_dim=32/scale=64/random_normal_mean=0/random_normal_std=1/mechanism=mbm/x_eps=inf/m=best/norm=false/smoother=hoa/backbone=sage/use_nfr=false/sanity_check=true/node_ratio=1,/data/hzw/Rethinking_DP_GNN_runtime/paper_experiments/figure10/x_steps=32.yaml/dataset=cora/feature=random_normal/feature_dim=32/scale=64/random_normal_mean=0/random_normal_std=1/mechanism=mbm/x_eps=inf/m=best/norm=false/smoother=hoa/backbone=sage/use_nfr=false/sanity_check=true/node_ratio=1/final_repeat10
32,32,7,12352,83.161003112793,0.499467010503,0.208652235657,0.431183649050,64,0.01,0.01,0.25,/data/hzw/Rethinking_DP_GNN_runtime/paper_experiments/figure10/x_steps=32.yaml/dataset=cora/feature=random_normal/feature_dim=32/scale=64/random_normal_mean=0/random_normal_std=1/mechanism=mbm/x_eps=inf/m=best/norm=false/smoother=hoa/backbone=sage/use_nfr=false/sanity_check=true/node_ratio=1,/data/hzw/Rethinking_DP_GNN_runtime/paper_experiments/figure10/x_steps=32.yaml/dataset=cora/feature=random_normal/feature_dim=32/scale=64/random_normal_mean=0/random_normal_std=1/mechanism=mbm/x_eps=inf/m=best/norm=false/smoother=hoa/backbone=sage/use_nfr=false/sanity_check=true/node_ratio=1/final_repeat10
32,32,8,12353,80.945343017578,0.518028040582,0.221152043491,0.431183649050,64,0.01,0.01,0.25,/data/hzw/Rethinking_DP_GNN_runtime/paper_experiments/figure10/x_steps=32.yaml/dataset=cora/feature=random_normal/feature_dim=32/scale=64/random_normal_mean=0/random_normal_std=1/mechanism=mbm/x_eps=inf/m=best/norm=false/smoother=hoa/backbone=sage/use_nfr=false/sanity_check=true/node_ratio=1,/data/hzw/Rethinking_DP_GNN_runtime/paper_experiments/figure10/x_steps=32.yaml/dataset=cora/feature=random_normal/feature_dim=32/scale=64/random_normal_mean=0/random_normal_std=1/mechanism=mbm/x_eps=inf/m=best/norm=false/smoother=hoa/backbone=sage/use_nfr=false/sanity_check=true/node_ratio=1/final_repeat10
32,32,9,12354,82.127029418945,0.526071735876,0.224892419642,0.431183649050,64,0.01,0.01,0.25,/data/hzw/Rethinking_DP_GNN_runtime/paper_experiments/figure10/x_steps=32.yaml/dataset=cora/feature=random_normal/feature_dim=32/scale=64/random_normal_mean=0/random_normal_std=1/mechanism=mbm/x_eps=inf/m=best/norm=false/smoother=hoa/backbone=sage/use_nfr=false/sanity_check=true/node_ratio=1,/data/hzw/Rethinking_DP_GNN_runtime/paper_experiments/figure10/x_steps=32.yaml/dataset=cora/feature=random_normal/feature_dim=32/scale=64/random_normal_mean=0/random_normal_std=1/mechanism=mbm/x_eps=inf/m=best/norm=false/smoother=hoa/backbone=sage/use_nfr=false/sanity_check=true/node_ratio=1/final_repeat10
32,64,0,12345,83.013290405273,0.625332220992,0.264374076000,0.431183649050,64,0.01,0.01,0.25,/data/hzw/Rethinking_DP_GNN_runtime/paper_experiments/figure10/x_steps=32.yaml/dataset=cora/feature=random_normal/feature_dim=64/scale=64/random_normal_mean=0/random_normal_std=1/mechanism=mbm/x_eps=inf/m=best/norm=false/smoother=hoa/backbone=sage/use_nfr=false/sanity_check=true/node_ratio=1,/data/hzw/Rethinking_DP_GNN_runtime/paper_experiments/figure10/x_steps=32.yaml/dataset=cora/feature=random_normal/feature_dim=64/scale=64/random_normal_mean=0/random_normal_std=1/mechanism=mbm/x_eps=inf/m=best/norm=false/smoother=hoa/backbone=sage/use_nfr=false/sanity_check=true/node_ratio=1/final_repeat10
32,64,1,12346,82.717872619629,0.633781149431,0.270837470920,0.431183649050,64,0.01,0.01,0.25,/data/hzw/Rethinking_DP_GNN_runtime/paper_experiments/figure10/x_steps=32.yaml/dataset=cora/feature=random_normal/feature_dim=64/scale=64/random_normal_mean=0/random_normal_std=1/mechanism=mbm/x_eps=inf/m=best/norm=false/smoother=hoa/backbone=sage/use_nfr=false/sanity_check=true/node_ratio=1,/data/hzw/Rethinking_DP_GNN_runtime/paper_experiments/figure10/x_steps=32.yaml/dataset=cora/feature=random_normal/feature_dim=64/scale=64/random_normal_mean=0/random_normal_std=1/mechanism=mbm/x_eps=inf/m=best/norm=false/smoother=hoa/backbone=sage/use_nfr=false/sanity_check=true/node_ratio=1/final_repeat10
32,64,2,12347,84.490394592285,0.645300498081,0.303892114733,0.431183649050,64,0.01,0.01,0.25,/data/hzw/Rethinking_DP_GNN_runtime/paper_experiments/figure10/x_steps=32.yaml/dataset=cora/feature=random_normal/feature_dim=64/scale=64/random_normal_mean=0/random_normal_std=1/mechanism=mbm/x_eps=inf/m=best/norm=false/smoother=hoa/backbone=sage/use_nfr=false/sanity_check=true/node_ratio=1,/data/hzw/Rethinking_DP_GNN_runtime/paper_experiments/figure10/x_steps=32.yaml/dataset=cora/feature=random_normal/feature_dim=64/scale=64/random_normal_mean=0/random_normal_std=1/mechanism=mbm/x_eps=inf/m=best/norm=false/smoother=hoa/backbone=sage/use_nfr=false/sanity_check=true/node_ratio=1/final_repeat10
32,64,3,12348,81.831611633301,0.654968735364,0.289071253107,0.431183649050,64,0.01,0.01,0.25,/data/hzw/Rethinking_DP_GNN_runtime/paper_experiments/figure10/x_steps=32.yaml/dataset=cora/feature=random_normal/feature_dim=64/scale=64/random_normal_mean=0/random_normal_std=1/mechanism=mbm/x_eps=inf/m=best/norm=false/smoother=hoa/backbone=sage/use_nfr=false/sanity_check=true/node_ratio=1,/data/hzw/Rethinking_DP_GNN_runtime/paper_experiments/figure10/x_steps=32.yaml/dataset=cora/feature=random_normal/feature_dim=64/scale=64/random_normal_mean=0/random_normal_std=1/mechanism=mbm/x_eps=inf/m=best/norm=false/smoother=hoa/backbone=sage/use_nfr=false/sanity_check=true/node_ratio=1/final_repeat10
32,64,4,12349,82.127029418945,0.641715493118,0.272550851408,0.431183649050,64,0.01,0.01,0.25,/data/hzw/Rethinking_DP_GNN_runtime/paper_experiments/figure10/x_steps=32.yaml/dataset=cora/feature=random_normal/feature_dim=64/scale=64/random_normal_mean=0/random_normal_std=1/mechanism=mbm/x_eps=inf/m=best/norm=false/smoother=hoa/backbone=sage/use_nfr=false/sanity_check=true/node_ratio=1,/data/hzw/Rethinking_DP_GNN_runtime/paper_experiments/figure10/x_steps=32.yaml/dataset=cora/feature=random_normal/feature_dim=64/scale=64/random_normal_mean=0/random_normal_std=1/mechanism=mbm/x_eps=inf/m=best/norm=false/smoother=hoa/backbone=sage/use_nfr=false/sanity_check=true/node_ratio=1/final_repeat10
32,64,5,12350,81.240768432617,0.640284817448,0.278602928815,0.431183649050,64,0.01,0.01,0.25,/data/hzw/Rethinking_DP_GNN_runtime/paper_experiments/figure10/x_steps=32.yaml/dataset=cora/feature=random_normal/feature_dim=64/scale=64/random_normal_mean=0/random_normal_std=1/mechanism=mbm/x_eps=inf/m=best/norm=false/smoother=hoa/backbone=sage/use_nfr=false/sanity_check=true/node_ratio=1,/data/hzw/Rethinking_DP_GNN_runtime/paper_experiments/figure10/x_steps=32.yaml/dataset=cora/feature=random_normal/feature_dim=64/scale=64/random_normal_mean=0/random_normal_std=1/mechanism=mbm/x_eps=inf/m=best/norm=false/smoother=hoa/backbone=sage/use_nfr=false/sanity_check=true/node_ratio=1/final_repeat10
32,64,6,12351,78.729690551758,0.631164870402,0.278777159361,0.431183649050,64,0.01,0.01,0.25,/data/hzw/Rethinking_DP_GNN_runtime/paper_experiments/figure10/x_steps=32.yaml/dataset=cora/feature=random_normal/feature_dim=64/scale=64/random_normal_mean=0/random_normal_std=1/mechanism=mbm/x_eps=inf/m=best/norm=false/smoother=hoa/backbone=sage/use_nfr=false/sanity_check=true/node_ratio=1,/data/hzw/Rethinking_DP_GNN_runtime/paper_experiments/figure10/x_steps=32.yaml/dataset=cora/feature=random_normal/feature_dim=64/scale=64/random_normal_mean=0/random_normal_std=1/mechanism=mbm/x_eps=inf/m=best/norm=false/smoother=hoa/backbone=sage/use_nfr=false/sanity_check=true/node_ratio=1/final_repeat10
32,64,7,12352,81.683898925781,0.643114106391,0.281213349034,0.431183649050,64,0.01,0.01,0.25,/data/hzw/Rethinking_DP_GNN_runtime/paper_experiments/figure10/x_steps=32.yaml/dataset=cora/feature=random_normal/feature_dim=64/scale=64/random_normal_mean=0/random_normal_std=1/mechanism=mbm/x_eps=inf/m=best/norm=false/smoother=hoa/backbone=sage/use_nfr=false/sanity_check=true/node_ratio=1,/data/hzw/Rethinking_DP_GNN_runtime/paper_experiments/figure10/x_steps=32.yaml/dataset=cora/feature=random_normal/feature_dim=64/scale=64/random_normal_mean=0/random_normal_std=1/mechanism=mbm/x_eps=inf/m=best/norm=false/smoother=hoa/backbone=sage/use_nfr=false/sanity_check=true/node_ratio=1/final_repeat10
32,64,8,12353,77.843429565430,0.628536382301,0.278764167121,0.431183649050,64,0.01,0.01,0.25,/data/hzw/Rethinking_DP_GNN_runtime/paper_experiments/figure10/x_steps=32.yaml/dataset=cora/feature=random_normal/feature_dim=64/scale=64/random_normal_mean=0/random_normal_std=1/mechanism=mbm/x_eps=inf/m=best/norm=false/smoother=hoa/backbone=sage/use_nfr=false/sanity_check=true/node_ratio=1,/data/hzw/Rethinking_DP_GNN_runtime/paper_experiments/figure10/x_steps=32.yaml/dataset=cora/feature=random_normal/feature_dim=64/scale=64/random_normal_mean=0/random_normal_std=1/mechanism=mbm/x_eps=inf/m=best/norm=false/smoother=hoa/backbone=sage/use_nfr=false/sanity_check=true/node_ratio=1/final_repeat10
32,64,9,12354,85.376663208008,0.637510538710,0.252087256450,0.431183649050,64,0.01,0.01,0.25,/data/hzw/Rethinking_DP_GNN_runtime/paper_experiments/figure10/x_steps=32.yaml/dataset=cora/feature=random_normal/feature_dim=64/scale=64/random_normal_mean=0/random_normal_std=1/mechanism=mbm/x_eps=inf/m=best/norm=false/smoother=hoa/backbone=sage/use_nfr=false/sanity_check=true/node_ratio=1,/data/hzw/Rethinking_DP_GNN_runtime/paper_experiments/figure10/x_steps=32.yaml/dataset=cora/feature=random_normal/feature_dim=64/scale=64/random_normal_mean=0/random_normal_std=1/mechanism=mbm/x_eps=inf/m=best/norm=false/smoother=hoa/backbone=sage/use_nfr=false/sanity_check=true/node_ratio=1/final_repeat10
32,128,0,12345,81.388481140137,0.739470317700,0.312939287916,0.431183649050,16,0.01,0.01,0.25,/data/hzw/Rethinking_DP_GNN_runtime/paper_experiments/figure10/x_steps=32.yaml/dataset=cora/feature=random_normal/feature_dim=128/scale=16/random_normal_mean=0/random_normal_std=1/mechanism=mbm/x_eps=inf/m=best/norm=false/smoother=hoa/backbone=sage/use_nfr=false/sanity_check=true/node_ratio=1,/data/hzw/Rethinking_DP_GNN_runtime/paper_experiments/figure10/x_steps=32.yaml/dataset=cora/feature=random_normal/feature_dim=128/scale=16/random_normal_mean=0/random_normal_std=1/mechanism=mbm/x_eps=inf/m=best/norm=false/smoother=hoa/backbone=sage/use_nfr=false/sanity_check=true/node_ratio=1/final_repeat10
32,128,1,12346,84.047264099121,0.769782124337,0.331943284332,0.431183649050,16,0.01,0.01,0.25,/data/hzw/Rethinking_DP_GNN_runtime/paper_experiments/figure10/x_steps=32.yaml/dataset=cora/feature=random_normal/feature_dim=128/scale=16/random_normal_mean=0/random_normal_std=1/mechanism=mbm/x_eps=inf/m=best/norm=false/smoother=hoa/backbone=sage/use_nfr=false/sanity_check=true/node_ratio=1,/data/hzw/Rethinking_DP_GNN_runtime/paper_experiments/figure10/x_steps=32.yaml/dataset=cora/feature=random_normal/feature_dim=128/scale=16/random_normal_mean=0/random_normal_std=1/mechanism=mbm/x_eps=inf/m=best/norm=false/smoother=hoa/backbone=sage/use_nfr=false/sanity_check=true/node_ratio=1/final_repeat10
32,128,2,12347,85.228950500488,0.767577475811,0.335789303230,0.431183649050,16,0.01,0.01,0.25,/data/hzw/Rethinking_DP_GNN_runtime/paper_experiments/figure10/x_steps=32.yaml/dataset=cora/feature=random_normal/feature_dim=128/scale=16/random_normal_mean=0/random_normal_std=1/mechanism=mbm/x_eps=inf/m=best/norm=false/smoother=hoa/backbone=sage/use_nfr=false/sanity_check=true/node_ratio=1,/data/hzw/Rethinking_DP_GNN_runtime/paper_experiments/figure10/x_steps=32.yaml/dataset=cora/feature=random_normal/feature_dim=128/scale=16/random_normal_mean=0/random_normal_std=1/mechanism=mbm/x_eps=inf/m=best/norm=false/smoother=hoa/backbone=sage/use_nfr=false/sanity_check=true/node_ratio=1/final_repeat10
32,128,3,12348,81.388481140137,0.765261647249,0.313605629213,0.431183649050,16,0.01,0.01,0.25,/data/hzw/Rethinking_DP_GNN_runtime/paper_experiments/figure10/x_steps=32.yaml/dataset=cora/feature=random_normal/feature_dim=128/scale=16/random_normal_mean=0/random_normal_std=1/mechanism=mbm/x_eps=inf/m=best/norm=false/smoother=hoa/backbone=sage/use_nfr=false/sanity_check=true/node_ratio=1,/data/hzw/Rethinking_DP_GNN_runtime/paper_experiments/figure10/x_steps=32.yaml/dataset=cora/feature=random_normal/feature_dim=128/scale=16/random_normal_mean=0/random_normal_std=1/mechanism=mbm/x_eps=inf/m=best/norm=false/smoother=hoa/backbone=sage/use_nfr=false/sanity_check=true/node_ratio=1/final_repeat10
32,128,4,12349,82.422454833984,0.758614379450,0.318058869329,0.431183649050,16,0.01,0.01,0.25,/data/hzw/Rethinking_DP_GNN_runtime/paper_experiments/figure10/x_steps=32.yaml/dataset=cora/feature=random_normal/feature_dim=128/scale=16/random_normal_mean=0/random_normal_std=1/mechanism=mbm/x_eps=inf/m=best/norm=false/smoother=hoa/backbone=sage/use_nfr=false/sanity_check=true/node_ratio=1,/data/hzw/Rethinking_DP_GNN_runtime/paper_experiments/figure10/x_steps=32.yaml/dataset=cora/feature=random_normal/feature_dim=128/scale=16/random_normal_mean=0/random_normal_std=1/mechanism=mbm/x_eps=inf/m=best/norm=false/smoother=hoa/backbone=sage/use_nfr=false/sanity_check=true/node_ratio=1/final_repeat10
32,128,5,12350,83.456420898438,0.777939681834,0.349322474315,0.431183649050,16,0.01,0.01,0.25,/data/hzw/Rethinking_DP_GNN_runtime/paper_experiments/figure10/x_steps=32.yaml/dataset=cora/feature=random_normal/feature_dim=128/scale=16/random_normal_mean=0/random_normal_std=1/mechanism=mbm/x_eps=inf/m=best/norm=false/smoother=hoa/backbone=sage/use_nfr=false/sanity_check=true/node_ratio=1,/data/hzw/Rethinking_DP_GNN_runtime/paper_experiments/figure10/x_steps=32.yaml/dataset=cora/feature=random_normal/feature_dim=128/scale=16/random_normal_mean=0/random_normal_std=1/mechanism=mbm/x_eps=inf/m=best/norm=false/smoother=hoa/backbone=sage/use_nfr=false/sanity_check=true/node_ratio=1/final_repeat10
32,128,6,12351,84.490394592285,0.754379775671,0.311280582015,0.431183649050,16,0.01,0.01,0.25,/data/hzw/Rethinking_DP_GNN_runtime/paper_experiments/figure10/x_steps=32.yaml/dataset=cora/feature=random_normal/feature_dim=128/scale=16/random_normal_mean=0/random_normal_std=1/mechanism=mbm/x_eps=inf/m=best/norm=false/smoother=hoa/backbone=sage/use_nfr=false/sanity_check=true/node_ratio=1,/data/hzw/Rethinking_DP_GNN_runtime/paper_experiments/figure10/x_steps=32.yaml/dataset=cora/feature=random_normal/feature_dim=128/scale=16/random_normal_mean=0/random_normal_std=1/mechanism=mbm/x_eps=inf/m=best/norm=false/smoother=hoa/backbone=sage/use_nfr=false/sanity_check=true/node_ratio=1/final_repeat10
32,128,7,12352,83.899559020996,0.764383831625,0.342015809958,0.431183649050,16,0.01,0.01,0.25,/data/hzw/Rethinking_DP_GNN_runtime/paper_experiments/figure10/x_steps=32.yaml/dataset=cora/feature=random_normal/feature_dim=128/scale=16/random_normal_mean=0/random_normal_std=1/mechanism=mbm/x_eps=inf/m=best/norm=false/smoother=hoa/backbone=sage/use_nfr=false/sanity_check=true/node_ratio=1,/data/hzw/Rethinking_DP_GNN_runtime/paper_experiments/figure10/x_steps=32.yaml/dataset=cora/feature=random_normal/feature_dim=128/scale=16/random_normal_mean=0/random_normal_std=1/mechanism=mbm/x_eps=inf/m=best/norm=false/smoother=hoa/backbone=sage/use_nfr=false/sanity_check=true/node_ratio=1/final_repeat10
32,128,8,12353,82.865585327148,0.749152370566,0.307844948536,0.431183649050,16,0.01,0.01,0.25,/data/hzw/Rethinking_DP_GNN_runtime/paper_experiments/figure10/x_steps=32.yaml/dataset=cora/feature=random_normal/feature_dim=128/scale=16/random_normal_mean=0/random_normal_std=1/mechanism=mbm/x_eps=inf/m=best/norm=false/smoother=hoa/backbone=sage/use_nfr=false/sanity_check=true/node_ratio=1,/data/hzw/Rethinking_DP_GNN_runtime/paper_experiments/figure10/x_steps=32.yaml/dataset=cora/feature=random_normal/feature_dim=128/scale=16/random_normal_mean=0/random_normal_std=1/mechanism=mbm/x_eps=inf/m=best/norm=false/smoother=hoa/backbone=sage/use_nfr=false/sanity_check=true/node_ratio=1/final_repeat10
32,128,9,12354,86.115211486816,0.771696594563,0.346575901698,0.431183649050,16,0.01,0.01,0.25,/data/hzw/Rethinking_DP_GNN_runtime/paper_experiments/figure10/x_steps=32.yaml/dataset=cora/feature=random_normal/feature_dim=128/scale=16/random_normal_mean=0/random_normal_std=1/mechanism=mbm/x_eps=inf/m=best/norm=false/smoother=hoa/backbone=sage/use_nfr=false/sanity_check=true/node_ratio=1,/data/hzw/Rethinking_DP_GNN_runtime/paper_experiments/figure10/x_steps=32.yaml/dataset=cora/feature=random_normal/feature_dim=128/scale=16/random_normal_mean=0/random_normal_std=1/mechanism=mbm/x_eps=inf/m=best/norm=false/smoother=hoa/backbone=sage/use_nfr=false/sanity_check=true/node_ratio=1/final_repeat10
32,256,0,12345,84.785820007324,0.864000280983,0.377630811776,0.431183649050,0.25,0.01,0.0001,0.25,/data/hzw/Rethinking_DP_GNN_runtime/paper_experiments/figure10/x_steps=32.yaml/dataset=cora/feature=random_normal/feature_dim=256/scale=0.25/random_normal_mean=0/random_normal_std=1/mechanism=mbm/x_eps=inf/m=best/norm=false/smoother=hoa/backbone=sage/use_nfr=false/sanity_check=true/node_ratio=1,/data/hzw/Rethinking_DP_GNN_runtime/paper_experiments/figure10/x_steps=32.yaml/dataset=cora/feature=random_normal/feature_dim=256/scale=0.25/random_normal_mean=0/random_normal_std=1/mechanism=mbm/x_eps=inf/m=best/norm=false/smoother=hoa/backbone=sage/use_nfr=false/sanity_check=true/node_ratio=1/final_repeat10
32,256,1,12346,84.785820007324,0.854387410943,0.367494936338,0.431183649050,0.25,0.01,0.0001,0.25,/data/hzw/Rethinking_DP_GNN_runtime/paper_experiments/figure10/x_steps=32.yaml/dataset=cora/feature=random_normal/feature_dim=256/scale=0.25/random_normal_mean=0/random_normal_std=1/mechanism=mbm/x_eps=inf/m=best/norm=false/smoother=hoa/backbone=sage/use_nfr=false/sanity_check=true/node_ratio=1,/data/hzw/Rethinking_DP_GNN_runtime/paper_experiments/figure10/x_steps=32.yaml/dataset=cora/feature=random_normal/feature_dim=256/scale=0.25/random_normal_mean=0/random_normal_std=1/mechanism=mbm/x_eps=inf/m=best/norm=false/smoother=hoa/backbone=sage/use_nfr=false/sanity_check=true/node_ratio=1/final_repeat10
32,256,2,12347,84.194976806641,0.859470654402,0.365913823342,0.431183649050,0.25,0.01,0.0001,0.25,/data/hzw/Rethinking_DP_GNN_runtime/paper_experiments/figure10/x_steps=32.yaml/dataset=cora/feature=random_normal/feature_dim=256/scale=0.25/random_normal_mean=0/random_normal_std=1/mechanism=mbm/x_eps=inf/m=best/norm=false/smoother=hoa/backbone=sage/use_nfr=false/sanity_check=true/node_ratio=1,/data/hzw/Rethinking_DP_GNN_runtime/paper_experiments/figure10/x_steps=32.yaml/dataset=cora/feature=random_normal/feature_dim=256/scale=0.25/random_normal_mean=0/random_normal_std=1/mechanism=mbm/x_eps=inf/m=best/norm=false/smoother=hoa/backbone=sage/use_nfr=false/sanity_check=true/node_ratio=1/final_repeat10
32,256,3,12348,84.933532714844,0.862794175530,0.366158987235,0.431183649050,0.25,0.01,0.0001,0.25,/data/hzw/Rethinking_DP_GNN_runtime/paper_experiments/figure10/x_steps=32.yaml/dataset=cora/feature=random_normal/feature_dim=256/scale=0.25/random_normal_mean=0/random_normal_std=1/mechanism=mbm/x_eps=inf/m=best/norm=false/smoother=hoa/backbone=sage/use_nfr=false/sanity_check=true/node_ratio=1,/data/hzw/Rethinking_DP_GNN_runtime/paper_experiments/figure10/x_steps=32.yaml/dataset=cora/feature=random_normal/feature_dim=256/scale=0.25/random_normal_mean=0/random_normal_std=1/mechanism=mbm/x_eps=inf/m=best/norm=false/smoother=hoa/backbone=sage/use_nfr=false/sanity_check=true/node_ratio=1/final_repeat10
32,256,4,12349,82.717872619629,0.855855311609,0.372047457561,0.431183649050,0.25,0.01,0.0001,0.25,/data/hzw/Rethinking_DP_GNN_runtime/paper_experiments/figure10/x_steps=32.yaml/dataset=cora/feature=random_normal/feature_dim=256/scale=0.25/random_normal_mean=0/random_normal_std=1/mechanism=mbm/x_eps=inf/m=best/norm=false/smoother=hoa/backbone=sage/use_nfr=false/sanity_check=true/node_ratio=1,/data/hzw/Rethinking_DP_GNN_runtime/paper_experiments/figure10/x_steps=32.yaml/dataset=cora/feature=random_normal/feature_dim=256/scale=0.25/random_normal_mean=0/random_normal_std=1/mechanism=mbm/x_eps=inf/m=best/norm=false/smoother=hoa/backbone=sage/use_nfr=false/sanity_check=true/node_ratio=1/final_repeat10
32,256,5,12350,82.274742126465,0.857495058450,0.368275240773,0.431183649050,0.25,0.01,0.0001,0.25,/data/hzw/Rethinking_DP_GNN_runtime/paper_experiments/figure10/x_steps=32.yaml/dataset=cora/feature=random_normal/feature_dim=256/scale=0.25/random_normal_mean=0/random_normal_std=1/mechanism=mbm/x_eps=inf/m=best/norm=false/smoother=hoa/backbone=sage/use_nfr=false/sanity_check=true/node_ratio=1,/data/hzw/Rethinking_DP_GNN_runtime/paper_experiments/figure10/x_steps=32.yaml/dataset=cora/feature=random_normal/feature_dim=256/scale=0.25/random_normal_mean=0/random_normal_std=1/mechanism=mbm/x_eps=inf/m=best/norm=false/smoother=hoa/backbone=sage/use_nfr=false/sanity_check=true/node_ratio=1/final_repeat10
32,256,6,12351,84.342689514160,0.851871809448,0.353998642909,0.431183649050,0.25,0.01,0.0001,0.25,/data/hzw/Rethinking_DP_GNN_runtime/paper_experiments/figure10/x_steps=32.yaml/dataset=cora/feature=random_normal/feature_dim=256/scale=0.25/random_normal_mean=0/random_normal_std=1/mechanism=mbm/x_eps=inf/m=best/norm=false/smoother=hoa/backbone=sage/use_nfr=false/sanity_check=true/node_ratio=1,/data/hzw/Rethinking_DP_GNN_runtime/paper_experiments/figure10/x_steps=32.yaml/dataset=cora/feature=random_normal/feature_dim=256/scale=0.25/random_normal_mean=0/random_normal_std=1/mechanism=mbm/x_eps=inf/m=best/norm=false/smoother=hoa/backbone=sage/use_nfr=false/sanity_check=true/node_ratio=1/final_repeat10
32,256,7,12352,83.751846313477,0.861049983113,0.371189912605,0.431183649050,0.25,0.01,0.0001,0.25,/data/hzw/Rethinking_DP_GNN_runtime/paper_experiments/figure10/x_steps=32.yaml/dataset=cora/feature=random_normal/feature_dim=256/scale=0.25/random_normal_mean=0/random_normal_std=1/mechanism=mbm/x_eps=inf/m=best/norm=false/smoother=hoa/backbone=sage/use_nfr=false/sanity_check=true/node_ratio=1,/data/hzw/Rethinking_DP_GNN_runtime/paper_experiments/figure10/x_steps=32.yaml/dataset=cora/feature=random_normal/feature_dim=256/scale=0.25/random_normal_mean=0/random_normal_std=1/mechanism=mbm/x_eps=inf/m=best/norm=false/smoother=hoa/backbone=sage/use_nfr=false/sanity_check=true/node_ratio=1/final_repeat10
32,256,8,12353,82.422454833984,0.857826076129,0.376233484369,0.431183649050,0.25,0.01,0.0001,0.25,/data/hzw/Rethinking_DP_GNN_runtime/paper_experiments/figure10/x_steps=32.yaml/dataset=cora/feature=random_normal/feature_dim=256/scale=0.25/random_normal_mean=0/random_normal_std=1/mechanism=mbm/x_eps=inf/m=best/norm=false/smoother=hoa/backbone=sage/use_nfr=false/sanity_check=true/node_ratio=1,/data/hzw/Rethinking_DP_GNN_runtime/paper_experiments/figure10/x_steps=32.yaml/dataset=cora/feature=random_normal/feature_dim=256/scale=0.25/random_normal_mean=0/random_normal_std=1/mechanism=mbm/x_eps=inf/m=best/norm=false/smoother=hoa/backbone=sage/use_nfr=false/sanity_check=true/node_ratio=1/final_repeat10
32,256,9,12354,85.524368286133,0.868837332273,0.379577918804,0.431183649050,0.25,0.01,0.0001,0.25,/data/hzw/Rethinking_DP_GNN_runtime/paper_experiments/figure10/x_steps=32.yaml/dataset=cora/feature=random_normal/feature_dim=256/scale=0.25/random_normal_mean=0/random_normal_std=1/mechanism=mbm/x_eps=inf/m=best/norm=false/smoother=hoa/backbone=sage/use_nfr=false/sanity_check=true/node_ratio=1,/data/hzw/Rethinking_DP_GNN_runtime/paper_experiments/figure10/x_steps=32.yaml/dataset=cora/feature=random_normal/feature_dim=256/scale=0.25/random_normal_mean=0/random_normal_std=1/mechanism=mbm/x_eps=inf/m=best/norm=false/smoother=hoa/backbone=sage/use_nfr=false/sanity_check=true/node_ratio=1/final_repeat10
32,512,0,12345,84.785820007324,0.919918365201,0.393796597964,0.431183649050,16,0.01,0.01,0.25,/data/hzw/Rethinking_DP_GNN_runtime/paper_experiments/figure10/x_steps=32.yaml/dataset=cora/feature=random_normal/feature_dim=512/scale=16/random_normal_mean=0/random_normal_std=1/mechanism=mbm/x_eps=inf/m=best/norm=false/smoother=hoa/backbone=sage/use_nfr=false/sanity_check=true/node_ratio=1,/data/hzw/Rethinking_DP_GNN_runtime/paper_experiments/figure10/x_steps=32.yaml/dataset=cora/feature=random_normal/feature_dim=512/scale=16/random_normal_mean=0/random_normal_std=1/mechanism=mbm/x_eps=inf/m=best/norm=false/smoother=hoa/backbone=sage/use_nfr=false/sanity_check=true/node_ratio=1/final_repeat10
32,512,1,12346,84.785820007324,0.919671410421,0.395832542910,0.431183649050,16,0.01,0.01,0.25,/data/hzw/Rethinking_DP_GNN_runtime/paper_experiments/figure10/x_steps=32.yaml/dataset=cora/feature=random_normal/feature_dim=512/scale=16/random_normal_mean=0/random_normal_std=1/mechanism=mbm/x_eps=inf/m=best/norm=false/smoother=hoa/backbone=sage/use_nfr=false/sanity_check=true/node_ratio=1,/data/hzw/Rethinking_DP_GNN_runtime/paper_experiments/figure10/x_steps=32.yaml/dataset=cora/feature=random_normal/feature_dim=512/scale=16/random_normal_mean=0/random_normal_std=1/mechanism=mbm/x_eps=inf/m=best/norm=false/smoother=hoa/backbone=sage/use_nfr=false/sanity_check=true/node_ratio=1/final_repeat10
32,512,2,12347,85.967498779297,0.919697146027,0.395868053221,0.431183649050,16,0.01,0.01,0.25,/data/hzw/Rethinking_DP_GNN_runtime/paper_experiments/figure10/x_steps=32.yaml/dataset=cora/feature=random_normal/feature_dim=512/scale=16/random_normal_mean=0/random_normal_std=1/mechanism=mbm/x_eps=inf/m=best/norm=false/smoother=hoa/backbone=sage/use_nfr=false/sanity_check=true/node_ratio=1,/data/hzw/Rethinking_DP_GNN_runtime/paper_experiments/figure10/x_steps=32.yaml/dataset=cora/feature=random_normal/feature_dim=512/scale=16/random_normal_mean=0/random_normal_std=1/mechanism=mbm/x_eps=inf/m=best/norm=false/smoother=hoa/backbone=sage/use_nfr=false/sanity_check=true/node_ratio=1/final_repeat10
32,512,3,12348,85.819793701172,0.920219368035,0.392553305004,0.431183649050,16,0.01,0.01,0.25,/data/hzw/Rethinking_DP_GNN_runtime/paper_experiments/figure10/x_steps=32.yaml/dataset=cora/feature=random_normal/feature_dim=512/scale=16/random_normal_mean=0/random_normal_std=1/mechanism=mbm/x_eps=inf/m=best/norm=false/smoother=hoa/backbone=sage/use_nfr=false/sanity_check=true/node_ratio=1,/data/hzw/Rethinking_DP_GNN_runtime/paper_experiments/figure10/x_steps=32.yaml/dataset=cora/feature=random_normal/feature_dim=512/scale=16/random_normal_mean=0/random_normal_std=1/mechanism=mbm/x_eps=inf/m=best/norm=false/smoother=hoa/backbone=sage/use_nfr=false/sanity_check=true/node_ratio=1/final_repeat10
32,512,4,12349,84.638107299805,0.922525194714,0.387398311643,0.431183649050,16,0.01,0.01,0.25,/data/hzw/Rethinking_DP_GNN_runtime/paper_experiments/figure10/x_steps=32.yaml/dataset=cora/feature=random_normal/feature_dim=512/scale=16/random_normal_mean=0/random_normal_std=1/mechanism=mbm/x_eps=inf/m=best/norm=false/smoother=hoa/backbone=sage/use_nfr=false/sanity_check=true/node_ratio=1,/data/hzw/Rethinking_DP_GNN_runtime/paper_experiments/figure10/x_steps=32.yaml/dataset=cora/feature=random_normal/feature_dim=512/scale=16/random_normal_mean=0/random_normal_std=1/mechanism=mbm/x_eps=inf/m=best/norm=false/smoother=hoa/backbone=sage/use_nfr=false/sanity_check=true/node_ratio=1/final_repeat10
32,512,5,12350,83.456420898438,0.920304244718,0.388448940559,0.431183649050,16,0.01,0.01,0.25,/data/hzw/Rethinking_DP_GNN_runtime/paper_experiments/figure10/x_steps=32.yaml/dataset=cora/feature=random_normal/feature_dim=512/scale=16/random_normal_mean=0/random_normal_std=1/mechanism=mbm/x_eps=inf/m=best/norm=false/smoother=hoa/backbone=sage/use_nfr=false/sanity_check=true/node_ratio=1,/data/hzw/Rethinking_DP_GNN_runtime/paper_experiments/figure10/x_steps=32.yaml/dataset=cora/feature=random_normal/feature_dim=512/scale=16/random_normal_mean=0/random_normal_std=1/mechanism=mbm/x_eps=inf/m=best/norm=false/smoother=hoa/backbone=sage/use_nfr=false/sanity_check=true/node_ratio=1/final_repeat10
32,512,6,12351,85.524368286133,0.922264086684,0.390122889080,0.431183649050,16,0.01,0.01,0.25,/data/hzw/Rethinking_DP_GNN_runtime/paper_experiments/figure10/x_steps=32.yaml/dataset=cora/feature=random_normal/feature_dim=512/scale=16/random_normal_mean=0/random_normal_std=1/mechanism=mbm/x_eps=inf/m=best/norm=false/smoother=hoa/backbone=sage/use_nfr=false/sanity_check=true/node_ratio=1,/data/hzw/Rethinking_DP_GNN_runtime/paper_experiments/figure10/x_steps=32.yaml/dataset=cora/feature=random_normal/feature_dim=512/scale=16/random_normal_mean=0/random_normal_std=1/mechanism=mbm/x_eps=inf/m=best/norm=false/smoother=hoa/backbone=sage/use_nfr=false/sanity_check=true/node_ratio=1/final_repeat10
32,512,7,12352,86.115211486816,0.917941560540,0.390528724945,0.431183649050,16,0.01,0.01,0.25,/data/hzw/Rethinking_DP_GNN_runtime/paper_experiments/figure10/x_steps=32.yaml/dataset=cora/feature=random_normal/feature_dim=512/scale=16/random_normal_mean=0/random_normal_std=1/mechanism=mbm/x_eps=inf/m=best/norm=false/smoother=hoa/backbone=sage/use_nfr=false/sanity_check=true/node_ratio=1,/data/hzw/Rethinking_DP_GNN_runtime/paper_experiments/figure10/x_steps=32.yaml/dataset=cora/feature=random_normal/feature_dim=512/scale=16/random_normal_mean=0/random_normal_std=1/mechanism=mbm/x_eps=inf/m=best/norm=false/smoother=hoa/backbone=sage/use_nfr=false/sanity_check=true/node_ratio=1/final_repeat10
32,512,8,12353,85.081237792969,0.918314337326,0.394478648588,0.431183649050,16,0.01,0.01,0.25,/data/hzw/Rethinking_DP_GNN_runtime/paper_experiments/figure10/x_steps=32.yaml/dataset=cora/feature=random_normal/feature_dim=512/scale=16/random_normal_mean=0/random_normal_std=1/mechanism=mbm/x_eps=inf/m=best/norm=false/smoother=hoa/backbone=sage/use_nfr=false/sanity_check=true/node_ratio=1,/data/hzw/Rethinking_DP_GNN_runtime/paper_experiments/figure10/x_steps=32.yaml/dataset=cora/feature=random_normal/feature_dim=512/scale=16/random_normal_mean=0/random_normal_std=1/mechanism=mbm/x_eps=inf/m=best/norm=false/smoother=hoa/backbone=sage/use_nfr=false/sanity_check=true/node_ratio=1/final_repeat10
32,512,9,12354,86.262924194336,0.922347059851,0.392681937087,0.431183649050,16,0.01,0.01,0.25,/data/hzw/Rethinking_DP_GNN_runtime/paper_experiments/figure10/x_steps=32.yaml/dataset=cora/feature=random_normal/feature_dim=512/scale=16/random_normal_mean=0/random_normal_std=1/mechanism=mbm/x_eps=inf/m=best/norm=false/smoother=hoa/backbone=sage/use_nfr=false/sanity_check=true/node_ratio=1,/data/hzw/Rethinking_DP_GNN_runtime/paper_experiments/figure10/x_steps=32.yaml/dataset=cora/feature=random_normal/feature_dim=512/scale=16/random_normal_mean=0/random_normal_std=1/mechanism=mbm/x_eps=inf/m=best/norm=false/smoother=hoa/backbone=sage/use_nfr=false/sanity_check=true/node_ratio=1/final_repeat10
32,1024,0,12345,84.638107299805,0.956551948375,0.413114424821,0.431183649050,64,0.01,0.01,0.75,/data/hzw/Rethinking_DP_GNN_runtime/paper_experiments/figure10/x_steps=32.yaml/dataset=cora/feature=random_normal/feature_dim=1024/scale=64/random_normal_mean=0/random_normal_std=1/mechanism=mbm/x_eps=inf/m=best/norm=false/smoother=hoa/backbone=sage/use_nfr=false/sanity_check=true/node_ratio=1,/data/hzw/Rethinking_DP_GNN_runtime/paper_experiments/figure10/x_steps=32.yaml/dataset=cora/feature=random_normal/feature_dim=1024/scale=64/random_normal_mean=0/random_normal_std=1/mechanism=mbm/x_eps=inf/m=best/norm=false/smoother=hoa/backbone=sage/use_nfr=false/sanity_check=true/node_ratio=1/final_repeat10
32,1024,1,12346,85.819793701172,0.960234673735,0.418604637083,0.431183649050,64,0.01,0.01,0.75,/data/hzw/Rethinking_DP_GNN_runtime/paper_experiments/figure10/x_steps=32.yaml/dataset=cora/feature=random_normal/feature_dim=1024/scale=64/random_normal_mean=0/random_normal_std=1/mechanism=mbm/x_eps=inf/m=best/norm=false/smoother=hoa/backbone=sage/use_nfr=false/sanity_check=true/node_ratio=1,/data/hzw/Rethinking_DP_GNN_runtime/paper_experiments/figure10/x_steps=32.yaml/dataset=cora/feature=random_normal/feature_dim=1024/scale=64/random_normal_mean=0/random_normal_std=1/mechanism=mbm/x_eps=inf/m=best/norm=false/smoother=hoa/backbone=sage/use_nfr=false/sanity_check=true/node_ratio=1/final_repeat10
32,1024,2,12347,86.262924194336,0.957322411976,0.409575922300,0.431183649050,64,0.01,0.01,0.75,/data/hzw/Rethinking_DP_GNN_runtime/paper_experiments/figure10/x_steps=32.yaml/dataset=cora/feature=random_normal/feature_dim=1024/scale=64/random_normal_mean=0/random_normal_std=1/mechanism=mbm/x_eps=inf/m=best/norm=false/smoother=hoa/backbone=sage/use_nfr=false/sanity_check=true/node_ratio=1,/data/hzw/Rethinking_DP_GNN_runtime/paper_experiments/figure10/x_steps=32.yaml/dataset=cora/feature=random_normal/feature_dim=1024/scale=64/random_normal_mean=0/random_normal_std=1/mechanism=mbm/x_eps=inf/m=best/norm=false/smoother=hoa/backbone=sage/use_nfr=false/sanity_check=true/node_ratio=1/final_repeat10
32,1024,3,12348,86.558341979980,0.958510134819,0.416129130207,0.431183649050,64,0.01,0.01,0.75,/data/hzw/Rethinking_DP_GNN_runtime/paper_experiments/figure10/x_steps=32.yaml/dataset=cora/feature=random_normal/feature_dim=1024/scale=64/random_normal_mean=0/random_normal_std=1/mechanism=mbm/x_eps=inf/m=best/norm=false/smoother=hoa/backbone=sage/use_nfr=false/sanity_check=true/node_ratio=1,/data/hzw/Rethinking_DP_GNN_runtime/paper_experiments/figure10/x_steps=32.yaml/dataset=cora/feature=random_normal/feature_dim=1024/scale=64/random_normal_mean=0/random_normal_std=1/mechanism=mbm/x_eps=inf/m=best/norm=false/smoother=hoa/backbone=sage/use_nfr=false/sanity_check=true/node_ratio=1/final_repeat10
32,1024,4,12349,82.274742126465,0.957619897105,0.415613753152,0.431183649050,64,0.01,0.01,0.75,/data/hzw/Rethinking_DP_GNN_runtime/paper_experiments/figure10/x_steps=32.yaml/dataset=cora/feature=random_normal/feature_dim=1024/scale=64/random_normal_mean=0/random_normal_std=1/mechanism=mbm/x_eps=inf/m=best/norm=false/smoother=hoa/backbone=sage/use_nfr=false/sanity_check=true/node_ratio=1,/data/hzw/Rethinking_DP_GNN_runtime/paper_experiments/figure10/x_steps=32.yaml/dataset=cora/feature=random_normal/feature_dim=1024/scale=64/random_normal_mean=0/random_normal_std=1/mechanism=mbm/x_eps=inf/m=best/norm=false/smoother=hoa/backbone=sage/use_nfr=false/sanity_check=true/node_ratio=1/final_repeat10
32,1024,5,12350,83.456420898438,0.958928633220,0.424810964949,0.431183649050,64,0.01,0.01,0.75,/data/hzw/Rethinking_DP_GNN_runtime/paper_experiments/figure10/x_steps=32.yaml/dataset=cora/feature=random_normal/feature_dim=1024/scale=64/random_normal_mean=0/random_normal_std=1/mechanism=mbm/x_eps=inf/m=best/norm=false/smoother=hoa/backbone=sage/use_nfr=false/sanity_check=true/node_ratio=1,/data/hzw/Rethinking_DP_GNN_runtime/paper_experiments/figure10/x_steps=32.yaml/dataset=cora/feature=random_normal/feature_dim=1024/scale=64/random_normal_mean=0/random_normal_std=1/mechanism=mbm/x_eps=inf/m=best/norm=false/smoother=hoa/backbone=sage/use_nfr=false/sanity_check=true/node_ratio=1/final_repeat10
32,1024,6,12351,83.456420898438,0.958631866946,0.417529164280,0.431183649050,64,0.01,0.01,0.75,/data/hzw/Rethinking_DP_GNN_runtime/paper_experiments/figure10/x_steps=32.yaml/dataset=cora/feature=random_normal/feature_dim=1024/scale=64/random_normal_mean=0/random_normal_std=1/mechanism=mbm/x_eps=inf/m=best/norm=false/smoother=hoa/backbone=sage/use_nfr=false/sanity_check=true/node_ratio=1,/data/hzw/Rethinking_DP_GNN_runtime/paper_experiments/figure10/x_steps=32.yaml/dataset=cora/feature=random_normal/feature_dim=1024/scale=64/random_normal_mean=0/random_normal_std=1/mechanism=mbm/x_eps=inf/m=best/norm=false/smoother=hoa/backbone=sage/use_nfr=false/sanity_check=true/node_ratio=1/final_repeat10
32,1024,7,12352,86.262924194336,0.958810720823,0.415175871665,0.431183649050,64,0.01,0.01,0.75,/data/hzw/Rethinking_DP_GNN_runtime/paper_experiments/figure10/x_steps=32.yaml/dataset=cora/feature=random_normal/feature_dim=1024/scale=64/random_normal_mean=0/random_normal_std=1/mechanism=mbm/x_eps=inf/m=best/norm=false/smoother=hoa/backbone=sage/use_nfr=false/sanity_check=true/node_ratio=1,/data/hzw/Rethinking_DP_GNN_runtime/paper_experiments/figure10/x_steps=32.yaml/dataset=cora/feature=random_normal/feature_dim=1024/scale=64/random_normal_mean=0/random_normal_std=1/mechanism=mbm/x_eps=inf/m=best/norm=false/smoother=hoa/backbone=sage/use_nfr=false/sanity_check=true/node_ratio=1/final_repeat10
32,1024,8,12353,85.819793701172,0.957795721421,0.418493038389,0.431183649050,64,0.01,0.01,0.75,/data/hzw/Rethinking_DP_GNN_runtime/paper_experiments/figure10/x_steps=32.yaml/dataset=cora/feature=random_normal/feature_dim=1024/scale=64/random_normal_mean=0/random_normal_std=1/mechanism=mbm/x_eps=inf/m=best/norm=false/smoother=hoa/backbone=sage/use_nfr=false/sanity_check=true/node_ratio=1,/data/hzw/Rethinking_DP_GNN_runtime/paper_experiments/figure10/x_steps=32.yaml/dataset=cora/feature=random_normal/feature_dim=1024/scale=64/random_normal_mean=0/random_normal_std=1/mechanism=mbm/x_eps=inf/m=best/norm=false/smoother=hoa/backbone=sage/use_nfr=false/sanity_check=true/node_ratio=1/final_repeat10
32,1024,9,12354,86.558341979980,0.956941586665,0.406475621636,0.431183649050,64,0.01,0.01,0.75,/data/hzw/Rethinking_DP_GNN_runtime/paper_experiments/figure10/x_steps=32.yaml/dataset=cora/feature=random_normal/feature_dim=1024/scale=64/random_normal_mean=0/random_normal_std=1/mechanism=mbm/x_eps=inf/m=best/norm=false/smoother=hoa/backbone=sage/use_nfr=false/sanity_check=true/node_ratio=1,/data/hzw/Rethinking_DP_GNN_runtime/paper_experiments/figure10/x_steps=32.yaml/dataset=cora/feature=random_normal/feature_dim=1024/scale=64/random_normal_mean=0/random_normal_std=1/mechanism=mbm/x_eps=inf/m=best/norm=false/smoother=hoa/backbone=sage/use_nfr=false/sanity_check=true/node_ratio=1/final_repeat10
32,2048,0,12345,85.081237792969,0.978645225365,0.424167697809,0.431183649050,64,0.01,0.01,0.25,/data/hzw/Rethinking_DP_GNN_runtime/paper_experiments/figure10/x_steps=32.yaml/dataset=cora/feature=random_normal/feature_dim=2048/scale=64/random_normal_mean=0/random_normal_std=1/mechanism=mbm/x_eps=inf/m=best/norm=false/smoother=hoa/backbone=sage/use_nfr=false/sanity_check=true/node_ratio=1,/data/hzw/Rethinking_DP_GNN_runtime/paper_experiments/figure10/x_steps=32.yaml/dataset=cora/feature=random_normal/feature_dim=2048/scale=64/random_normal_mean=0/random_normal_std=1/mechanism=mbm/x_eps=inf/m=best/norm=false/smoother=hoa/backbone=sage/use_nfr=false/sanity_check=true/node_ratio=1/final_repeat10
32,2048,1,12346,85.967498779297,0.979111017003,0.425865388301,0.431183649050,64,0.01,0.01,0.25,/data/hzw/Rethinking_DP_GNN_runtime/paper_experiments/figure10/x_steps=32.yaml/dataset=cora/feature=random_normal/feature_dim=2048/scale=64/random_normal_mean=0/random_normal_std=1/mechanism=mbm/x_eps=inf/m=best/norm=false/smoother=hoa/backbone=sage/use_nfr=false/sanity_check=true/node_ratio=1,/data/hzw/Rethinking_DP_GNN_runtime/paper_experiments/figure10/x_steps=32.yaml/dataset=cora/feature=random_normal/feature_dim=2048/scale=64/random_normal_mean=0/random_normal_std=1/mechanism=mbm/x_eps=inf/m=best/norm=false/smoother=hoa/backbone=sage/use_nfr=false/sanity_check=true/node_ratio=1/final_repeat10
32,2048,2,12347,85.819793701172,0.978232953942,0.421502029954,0.431183649050,64,0.01,0.01,0.25,/data/hzw/Rethinking_DP_GNN_runtime/paper_experiments/figure10/x_steps=32.yaml/dataset=cora/feature=random_normal/feature_dim=2048/scale=64/random_normal_mean=0/random_normal_std=1/mechanism=mbm/x_eps=inf/m=best/norm=false/smoother=hoa/backbone=sage/use_nfr=false/sanity_check=true/node_ratio=1,/data/hzw/Rethinking_DP_GNN_runtime/paper_experiments/figure10/x_steps=32.yaml/dataset=cora/feature=random_normal/feature_dim=2048/scale=64/random_normal_mean=0/random_normal_std=1/mechanism=mbm/x_eps=inf/m=best/norm=false/smoother=hoa/backbone=sage/use_nfr=false/sanity_check=true/node_ratio=1/final_repeat10
32,2048,3,12348,85.228950500488,0.978022632894,0.420551054793,0.431183649050,64,0.01,0.01,0.25,/data/hzw/Rethinking_DP_GNN_runtime/paper_experiments/figure10/x_steps=32.yaml/dataset=cora/feature=random_normal/feature_dim=2048/scale=64/random_normal_mean=0/random_normal_std=1/mechanism=mbm/x_eps=inf/m=best/norm=false/smoother=hoa/backbone=sage/use_nfr=false/sanity_check=true/node_ratio=1,/data/hzw/Rethinking_DP_GNN_runtime/paper_experiments/figure10/x_steps=32.yaml/dataset=cora/feature=random_normal/feature_dim=2048/scale=64/random_normal_mean=0/random_normal_std=1/mechanism=mbm/x_eps=inf/m=best/norm=false/smoother=hoa/backbone=sage/use_nfr=false/sanity_check=true/node_ratio=1/final_repeat10
32,2048,4,12349,83.899559020996,0.978327270713,0.421137396667,0.431183649050,64,0.01,0.01,0.25,/data/hzw/Rethinking_DP_GNN_runtime/paper_experiments/figure10/x_steps=32.yaml/dataset=cora/feature=random_normal/feature_dim=2048/scale=64/random_normal_mean=0/random_normal_std=1/mechanism=mbm/x_eps=inf/m=best/norm=false/smoother=hoa/backbone=sage/use_nfr=false/sanity_check=true/node_ratio=1,/data/hzw/Rethinking_DP_GNN_runtime/paper_experiments/figure10/x_steps=32.yaml/dataset=cora/feature=random_normal/feature_dim=2048/scale=64/random_normal_mean=0/random_normal_std=1/mechanism=mbm/x_eps=inf/m=best/norm=false/smoother=hoa/backbone=sage/use_nfr=false/sanity_check=true/node_ratio=1/final_repeat10
32,2048,5,12350,83.899559020996,0.978480461645,0.421784089217,0.431183649050,64,0.01,0.01,0.25,/data/hzw/Rethinking_DP_GNN_runtime/paper_experiments/figure10/x_steps=32.yaml/dataset=cora/feature=random_normal/feature_dim=2048/scale=64/random_normal_mean=0/random_normal_std=1/mechanism=mbm/x_eps=inf/m=best/norm=false/smoother=hoa/backbone=sage/use_nfr=false/sanity_check=true/node_ratio=1,/data/hzw/Rethinking_DP_GNN_runtime/paper_experiments/figure10/x_steps=32.yaml/dataset=cora/feature=random_normal/feature_dim=2048/scale=64/random_normal_mean=0/random_normal_std=1/mechanism=mbm/x_eps=inf/m=best/norm=false/smoother=hoa/backbone=sage/use_nfr=false/sanity_check=true/node_ratio=1/final_repeat10
32,2048,6,12351,85.819793701172,0.977930196962,0.425380727132,0.431183649050,64,0.01,0.01,0.25,/data/hzw/Rethinking_DP_GNN_runtime/paper_experiments/figure10/x_steps=32.yaml/dataset=cora/feature=random_normal/feature_dim=2048/scale=64/random_normal_mean=0/random_normal_std=1/mechanism=mbm/x_eps=inf/m=best/norm=false/smoother=hoa/backbone=sage/use_nfr=false/sanity_check=true/node_ratio=1,/data/hzw/Rethinking_DP_GNN_runtime/paper_experiments/figure10/x_steps=32.yaml/dataset=cora/feature=random_normal/feature_dim=2048/scale=64/random_normal_mean=0/random_normal_std=1/mechanism=mbm/x_eps=inf/m=best/norm=false/smoother=hoa/backbone=sage/use_nfr=false/sanity_check=true/node_ratio=1/final_repeat10
32,2048,7,12352,87.444610595703,0.978130872135,0.420084718153,0.431183649050,64,0.01,0.01,0.25,/data/hzw/Rethinking_DP_GNN_runtime/paper_experiments/figure10/x_steps=32.yaml/dataset=cora/feature=random_normal/feature_dim=2048/scale=64/random_normal_mean=0/random_normal_std=1/mechanism=mbm/x_eps=inf/m=best/norm=false/smoother=hoa/backbone=sage/use_nfr=false/sanity_check=true/node_ratio=1,/data/hzw/Rethinking_DP_GNN_runtime/paper_experiments/figure10/x_steps=32.yaml/dataset=cora/feature=random_normal/feature_dim=2048/scale=64/random_normal_mean=0/random_normal_std=1/mechanism=mbm/x_eps=inf/m=best/norm=false/smoother=hoa/backbone=sage/use_nfr=false/sanity_check=true/node_ratio=1/final_repeat10
32,2048,8,12353,81.979316711426,0.978718121586,0.421108906409,0.431183649050,64,0.01,0.01,0.25,/data/hzw/Rethinking_DP_GNN_runtime/paper_experiments/figure10/x_steps=32.yaml/dataset=cora/feature=random_normal/feature_dim=2048/scale=64/random_normal_mean=0/random_normal_std=1/mechanism=mbm/x_eps=inf/m=best/norm=false/smoother=hoa/backbone=sage/use_nfr=false/sanity_check=true/node_ratio=1,/data/hzw/Rethinking_DP_GNN_runtime/paper_experiments/figure10/x_steps=32.yaml/dataset=cora/feature=random_normal/feature_dim=2048/scale=64/random_normal_mean=0/random_normal_std=1/mechanism=mbm/x_eps=inf/m=best/norm=false/smoother=hoa/backbone=sage/use_nfr=false/sanity_check=true/node_ratio=1/final_repeat10
32,2048,9,12354,87.296897888184,0.978182867715,0.418760651775,0.431183649050,64,0.01,0.01,0.25,/data/hzw/Rethinking_DP_GNN_runtime/paper_experiments/figure10/x_steps=32.yaml/dataset=cora/feature=random_normal/feature_dim=2048/scale=64/random_normal_mean=0/random_normal_std=1/mechanism=mbm/x_eps=inf/m=best/norm=false/smoother=hoa/backbone=sage/use_nfr=false/sanity_check=true/node_ratio=1,/data/hzw/Rethinking_DP_GNN_runtime/paper_experiments/figure10/x_steps=32.yaml/dataset=cora/feature=random_normal/feature_dim=2048/scale=64/random_normal_mean=0/random_normal_std=1/mechanism=mbm/x_eps=inf/m=best/norm=false/smoother=hoa/backbone=sage/use_nfr=false/sanity_check=true/node_ratio=1/final_repeat10
32,4096,0,12345,85.524368286133,0.988897936101,0.424553779197,0.431183649050,16,0.01,0.01,0.25,/data/hzw/Rethinking_DP_GNN_runtime/paper_experiments/figure10/x_steps=32.yaml/dataset=cora/feature=random_normal/feature_dim=4096/scale=16/random_normal_mean=0/random_normal_std=1/mechanism=mbm/x_eps=inf/m=best/norm=false/smoother=hoa/backbone=sage/use_nfr=false/sanity_check=true/node_ratio=1,/data/hzw/Rethinking_DP_GNN_runtime/paper_experiments/figure10/x_steps=32.yaml/dataset=cora/feature=random_normal/feature_dim=4096/scale=16/random_normal_mean=0/random_normal_std=1/mechanism=mbm/x_eps=inf/m=best/norm=false/smoother=hoa/backbone=sage/use_nfr=false/sanity_check=true/node_ratio=1/final_repeat10
32,4096,1,12346,85.228950500488,0.988942934581,0.427654970469,0.431183649050,16,0.01,0.01,0.25,/data/hzw/Rethinking_DP_GNN_runtime/paper_experiments/figure10/x_steps=32.yaml/dataset=cora/feature=random_normal/feature_dim=4096/scale=16/random_normal_mean=0/random_normal_std=1/mechanism=mbm/x_eps=inf/m=best/norm=false/smoother=hoa/backbone=sage/use_nfr=false/sanity_check=true/node_ratio=1,/data/hzw/Rethinking_DP_GNN_runtime/paper_experiments/figure10/x_steps=32.yaml/dataset=cora/feature=random_normal/feature_dim=4096/scale=16/random_normal_mean=0/random_normal_std=1/mechanism=mbm/x_eps=inf/m=best/norm=false/smoother=hoa/backbone=sage/use_nfr=false/sanity_check=true/node_ratio=1/final_repeat10
32,4096,2,12347,86.706054687500,0.988693729498,0.424143844731,0.431183649050,16,0.01,0.01,0.25,/data/hzw/Rethinking_DP_GNN_runtime/paper_experiments/figure10/x_steps=32.yaml/dataset=cora/feature=random_normal/feature_dim=4096/scale=16/random_normal_mean=0/random_normal_std=1/mechanism=mbm/x_eps=inf/m=best/norm=false/smoother=hoa/backbone=sage/use_nfr=false/sanity_check=true/node_ratio=1,/data/hzw/Rethinking_DP_GNN_runtime/paper_experiments/figure10/x_steps=32.yaml/dataset=cora/feature=random_normal/feature_dim=4096/scale=16/random_normal_mean=0/random_normal_std=1/mechanism=mbm/x_eps=inf/m=best/norm=false/smoother=hoa/backbone=sage/use_nfr=false/sanity_check=true/node_ratio=1/final_repeat10
32,4096,3,12348,86.115211486816,0.988950302106,0.424481585828,0.431183649050,16,0.01,0.01,0.25,/data/hzw/Rethinking_DP_GNN_runtime/paper_experiments/figure10/x_steps=32.yaml/dataset=cora/feature=random_normal/feature_dim=4096/scale=16/random_normal_mean=0/random_normal_std=1/mechanism=mbm/x_eps=inf/m=best/norm=false/smoother=hoa/backbone=sage/use_nfr=false/sanity_check=true/node_ratio=1,/data/hzw/Rethinking_DP_GNN_runtime/paper_experiments/figure10/x_steps=32.yaml/dataset=cora/feature=random_normal/feature_dim=4096/scale=16/random_normal_mean=0/random_normal_std=1/mechanism=mbm/x_eps=inf/m=best/norm=false/smoother=hoa/backbone=sage/use_nfr=false/sanity_check=true/node_ratio=1/final_repeat10
32,4096,4,12349,84.638107299805,0.988897566692,0.427661361443,0.431183649050,16,0.01,0.01,0.25,/data/hzw/Rethinking_DP_GNN_runtime/paper_experiments/figure10/x_steps=32.yaml/dataset=cora/feature=random_normal/feature_dim=4096/scale=16/random_normal_mean=0/random_normal_std=1/mechanism=mbm/x_eps=inf/m=best/norm=false/smoother=hoa/backbone=sage/use_nfr=false/sanity_check=true/node_ratio=1,/data/hzw/Rethinking_DP_GNN_runtime/paper_experiments/figure10/x_steps=32.yaml/dataset=cora/feature=random_normal/feature_dim=4096/scale=16/random_normal_mean=0/random_normal_std=1/mechanism=mbm/x_eps=inf/m=best/norm=false/smoother=hoa/backbone=sage/use_nfr=false/sanity_check=true/node_ratio=1/final_repeat10
32,4096,5,12350,83.456420898438,0.989529147309,0.425946431081,0.431183649050,16,0.01,0.01,0.25,/data/hzw/Rethinking_DP_GNN_runtime/paper_experiments/figure10/x_steps=32.yaml/dataset=cora/feature=random_normal/feature_dim=4096/scale=16/random_normal_mean=0/random_normal_std=1/mechanism=mbm/x_eps=inf/m=best/norm=false/smoother=hoa/backbone=sage/use_nfr=false/sanity_check=true/node_ratio=1,/data/hzw/Rethinking_DP_GNN_runtime/paper_experiments/figure10/x_steps=32.yaml/dataset=cora/feature=random_normal/feature_dim=4096/scale=16/random_normal_mean=0/random_normal_std=1/mechanism=mbm/x_eps=inf/m=best/norm=false/smoother=hoa/backbone=sage/use_nfr=false/sanity_check=true/node_ratio=1/final_repeat10
32,4096,6,12351,85.081237792969,0.989097467367,0.431302341989,0.431183649050,16,0.01,0.01,0.25,/data/hzw/Rethinking_DP_GNN_runtime/paper_experiments/figure10/x_steps=32.yaml/dataset=cora/feature=random_normal/feature_dim=4096/scale=16/random_normal_mean=0/random_normal_std=1/mechanism=mbm/x_eps=inf/m=best/norm=false/smoother=hoa/backbone=sage/use_nfr=false/sanity_check=true/node_ratio=1,/data/hzw/Rethinking_DP_GNN_runtime/paper_experiments/figure10/x_steps=32.yaml/dataset=cora/feature=random_normal/feature_dim=4096/scale=16/random_normal_mean=0/random_normal_std=1/mechanism=mbm/x_eps=inf/m=best/norm=false/smoother=hoa/backbone=sage/use_nfr=false/sanity_check=true/node_ratio=1/final_repeat10
32,4096,7,12352,86.558341979980,0.988833418718,0.426441346720,0.431183649050,16,0.01,0.01,0.25,/data/hzw/Rethinking_DP_GNN_runtime/paper_experiments/figure10/x_steps=32.yaml/dataset=cora/feature=random_normal/feature_dim=4096/scale=16/random_normal_mean=0/random_normal_std=1/mechanism=mbm/x_eps=inf/m=best/norm=false/smoother=hoa/backbone=sage/use_nfr=false/sanity_check=true/node_ratio=1,/data/hzw/Rethinking_DP_GNN_runtime/paper_experiments/figure10/x_steps=32.yaml/dataset=cora/feature=random_normal/feature_dim=4096/scale=16/random_normal_mean=0/random_normal_std=1/mechanism=mbm/x_eps=inf/m=best/norm=false/smoother=hoa/backbone=sage/use_nfr=false/sanity_check=true/node_ratio=1/final_repeat10
32,4096,8,12353,85.376663208008,0.988987773820,0.429866092870,0.431183649050,16,0.01,0.01,0.25,/data/hzw/Rethinking_DP_GNN_runtime/paper_experiments/figure10/x_steps=32.yaml/dataset=cora/feature=random_normal/feature_dim=4096/scale=16/random_normal_mean=0/random_normal_std=1/mechanism=mbm/x_eps=inf/m=best/norm=false/smoother=hoa/backbone=sage/use_nfr=false/sanity_check=true/node_ratio=1,/data/hzw/Rethinking_DP_GNN_runtime/paper_experiments/figure10/x_steps=32.yaml/dataset=cora/feature=random_normal/feature_dim=4096/scale=16/random_normal_mean=0/random_normal_std=1/mechanism=mbm/x_eps=inf/m=best/norm=false/smoother=hoa/backbone=sage/use_nfr=false/sanity_check=true/node_ratio=1/final_repeat10
32,4096,9,12354,87.444610595703,0.989308001727,0.427199277600,0.431183649050,16,0.01,0.01,0.25,/data/hzw/Rethinking_DP_GNN_runtime/paper_experiments/figure10/x_steps=32.yaml/dataset=cora/feature=random_normal/feature_dim=4096/scale=16/random_normal_mean=0/random_normal_std=1/mechanism=mbm/x_eps=inf/m=best/norm=false/smoother=hoa/backbone=sage/use_nfr=false/sanity_check=true/node_ratio=1,/data/hzw/Rethinking_DP_GNN_runtime/paper_experiments/figure10/x_steps=32.yaml/dataset=cora/feature=random_normal/feature_dim=4096/scale=16/random_normal_mean=0/random_normal_std=1/mechanism=mbm/x_eps=inf/m=best/norm=false/smoother=hoa/backbone=sage/use_nfr=false/sanity_check=true/node_ratio=1/final_repeat10
32,8192,0,12345,85.524368286133,0.994505066575,0.428414996614,0.431183649050,0.25,0.01,0.0001,0.5,/data/hzw/Rethinking_DP_GNN_runtime/paper_experiments/figure10/x_steps=32.yaml/dataset=cora/feature=random_normal/feature_dim=8192/scale=0.25/random_normal_mean=0/random_normal_std=1/mechanism=mbm/x_eps=inf/m=best/norm=false/smoother=hoa/backbone=sage/use_nfr=false/sanity_check=true/node_ratio=1,/data/hzw/Rethinking_DP_GNN_runtime/paper_experiments/figure10/x_steps=32.yaml/dataset=cora/feature=random_normal/feature_dim=8192/scale=0.25/random_normal_mean=0/random_normal_std=1/mechanism=mbm/x_eps=inf/m=best/norm=false/smoother=hoa/backbone=sage/use_nfr=false/sanity_check=true/node_ratio=1/final_repeat10
32,8192,1,12346,85.228950500488,0.994615867659,0.429390501795,0.431183649050,0.25,0.01,0.0001,0.5,/data/hzw/Rethinking_DP_GNN_runtime/paper_experiments/figure10/x_steps=32.yaml/dataset=cora/feature=random_normal/feature_dim=8192/scale=0.25/random_normal_mean=0/random_normal_std=1/mechanism=mbm/x_eps=inf/m=best/norm=false/smoother=hoa/backbone=sage/use_nfr=false/sanity_check=true/node_ratio=1,/data/hzw/Rethinking_DP_GNN_runtime/paper_experiments/figure10/x_steps=32.yaml/dataset=cora/feature=random_normal/feature_dim=8192/scale=0.25/random_normal_mean=0/random_normal_std=1/mechanism=mbm/x_eps=inf/m=best/norm=false/smoother=hoa/backbone=sage/use_nfr=false/sanity_check=true/node_ratio=1/final_repeat10
32,8192,2,12347,86.410636901855,0.994460660852,0.430320079713,0.431183649050,0.25,0.01,0.0001,0.5,/data/hzw/Rethinking_DP_GNN_runtime/paper_experiments/figure10/x_steps=32.yaml/dataset=cora/feature=random_normal/feature_dim=8192/scale=0.25/random_normal_mean=0/random_normal_std=1/mechanism=mbm/x_eps=inf/m=best/norm=false/smoother=hoa/backbone=sage/use_nfr=false/sanity_check=true/node_ratio=1,/data/hzw/Rethinking_DP_GNN_runtime/paper_experiments/figure10/x_steps=32.yaml/dataset=cora/feature=random_normal/feature_dim=8192/scale=0.25/random_normal_mean=0/random_normal_std=1/mechanism=mbm/x_eps=inf/m=best/norm=false/smoother=hoa/backbone=sage/use_nfr=false/sanity_check=true/node_ratio=1/final_repeat10
32,8192,3,12348,85.967498779297,0.994375674957,0.427120552546,0.431183649050,0.25,0.01,0.0001,0.5,/data/hzw/Rethinking_DP_GNN_runtime/paper_experiments/figure10/x_steps=32.yaml/dataset=cora/feature=random_normal/feature_dim=8192/scale=0.25/random_normal_mean=0/random_normal_std=1/mechanism=mbm/x_eps=inf/m=best/norm=false/smoother=hoa/backbone=sage/use_nfr=false/sanity_check=true/node_ratio=1,/data/hzw/Rethinking_DP_GNN_runtime/paper_experiments/figure10/x_steps=32.yaml/dataset=cora/feature=random_normal/feature_dim=8192/scale=0.25/random_normal_mean=0/random_normal_std=1/mechanism=mbm/x_eps=inf/m=best/norm=false/smoother=hoa/backbone=sage/use_nfr=false/sanity_check=true/node_ratio=1/final_repeat10
32,8192,4,12349,84.933532714844,0.994368011538,0.429285830757,0.431183649050,0.25,0.01,0.0001,0.5,/data/hzw/Rethinking_DP_GNN_runtime/paper_experiments/figure10/x_steps=32.yaml/dataset=cora/feature=random_normal/feature_dim=8192/scale=0.25/random_normal_mean=0/random_normal_std=1/mechanism=mbm/x_eps=inf/m=best/norm=false/smoother=hoa/backbone=sage/use_nfr=false/sanity_check=true/node_ratio=1,/data/hzw/Rethinking_DP_GNN_runtime/paper_experiments/figure10/x_steps=32.yaml/dataset=cora/feature=random_normal/feature_dim=8192/scale=0.25/random_normal_mean=0/random_normal_std=1/mechanism=mbm/x_eps=inf/m=best/norm=false/smoother=hoa/backbone=sage/use_nfr=false/sanity_check=true/node_ratio=1/final_repeat10
32,8192,5,12350,83.456420898438,0.994326770482,0.429405654839,0.431183649050,0.25,0.01,0.0001,0.5,/data/hzw/Rethinking_DP_GNN_runtime/paper_experiments/figure10/x_steps=32.yaml/dataset=cora/feature=random_normal/feature_dim=8192/scale=0.25/random_normal_mean=0/random_normal_std=1/mechanism=mbm/x_eps=inf/m=best/norm=false/smoother=hoa/backbone=sage/use_nfr=false/sanity_check=true/node_ratio=1,/data/hzw/Rethinking_DP_GNN_runtime/paper_experiments/figure10/x_steps=32.yaml/dataset=cora/feature=random_normal/feature_dim=8192/scale=0.25/random_normal_mean=0/random_normal_std=1/mechanism=mbm/x_eps=inf/m=best/norm=false/smoother=hoa/backbone=sage/use_nfr=false/sanity_check=true/node_ratio=1/final_repeat10
32,8192,6,12351,84.490394592285,0.994358294186,0.428860127104,0.431183649050,0.25,0.01,0.0001,0.5,/data/hzw/Rethinking_DP_GNN_runtime/paper_experiments/figure10/x_steps=32.yaml/dataset=cora/feature=random_normal/feature_dim=8192/scale=0.25/random_normal_mean=0/random_normal_std=1/mechanism=mbm/x_eps=inf/m=best/norm=false/smoother=hoa/backbone=sage/use_nfr=false/sanity_check=true/node_ratio=1,/data/hzw/Rethinking_DP_GNN_runtime/paper_experiments/figure10/x_steps=32.yaml/dataset=cora/feature=random_normal/feature_dim=8192/scale=0.25/random_normal_mean=0/random_normal_std=1/mechanism=mbm/x_eps=inf/m=best/norm=false/smoother=hoa/backbone=sage/use_nfr=false/sanity_check=true/node_ratio=1/final_repeat10
32,8192,7,12352,86.410636901855,0.994421148741,0.428755956844,0.431183649050,0.25,0.01,0.0001,0.5,/data/hzw/Rethinking_DP_GNN_runtime/paper_experiments/figure10/x_steps=32.yaml/dataset=cora/feature=random_normal/feature_dim=8192/scale=0.25/random_normal_mean=0/random_normal_std=1/mechanism=mbm/x_eps=inf/m=best/norm=false/smoother=hoa/backbone=sage/use_nfr=false/sanity_check=true/node_ratio=1,/data/hzw/Rethinking_DP_GNN_runtime/paper_experiments/figure10/x_steps=32.yaml/dataset=cora/feature=random_normal/feature_dim=8192/scale=0.25/random_normal_mean=0/random_normal_std=1/mechanism=mbm/x_eps=inf/m=best/norm=false/smoother=hoa/backbone=sage/use_nfr=false/sanity_check=true/node_ratio=1/final_repeat10
32,8192,8,12353,85.967498779297,0.994340573685,0.431372880848,0.431183649050,0.25,0.01,0.0001,0.5,/data/hzw/Rethinking_DP_GNN_runtime/paper_experiments/figure10/x_steps=32.yaml/dataset=cora/feature=random_normal/feature_dim=8192/scale=0.25/random_normal_mean=0/random_normal_std=1/mechanism=mbm/x_eps=inf/m=best/norm=false/smoother=hoa/backbone=sage/use_nfr=false/sanity_check=true/node_ratio=1,/data/hzw/Rethinking_DP_GNN_runtime/paper_experiments/figure10/x_steps=32.yaml/dataset=cora/feature=random_normal/feature_dim=8192/scale=0.25/random_normal_mean=0/random_normal_std=1/mechanism=mbm/x_eps=inf/m=best/norm=false/smoother=hoa/backbone=sage/use_nfr=false/sanity_check=true/node_ratio=1/final_repeat10
32,8192,9,12354,86.853767395020,0.994295419243,0.427373489399,0.431183649050,0.25,0.01,0.0001,0.5,/data/hzw/Rethinking_DP_GNN_runtime/paper_experiments/figure10/x_steps=32.yaml/dataset=cora/feature=random_normal/feature_dim=8192/scale=0.25/random_normal_mean=0/random_normal_std=1/mechanism=mbm/x_eps=inf/m=best/norm=false/smoother=hoa/backbone=sage/use_nfr=false/sanity_check=true/node_ratio=1,/data/hzw/Rethinking_DP_GNN_runtime/paper_experiments/figure10/x_steps=32.yaml/dataset=cora/feature=random_normal/feature_dim=8192/scale=0.25/random_normal_mean=0/random_normal_std=1/mechanism=mbm/x_eps=inf/m=best/norm=false/smoother=hoa/backbone=sage/use_nfr=false/sanity_check=true/node_ratio=1/final_repeat10
32,16384,0,12345,85.524368286133,0.997257175012,0.430780525535,0.431183649050,4,0.01,0.001,0.5,/data/hzw/Rethinking_DP_GNN_runtime/paper_experiments/figure10/x_steps=32.yaml/dataset=cora/feature=random_normal/feature_dim=16384/scale=4/random_normal_mean=0/random_normal_std=1/mechanism=mbm/x_eps=inf/m=best/norm=false/smoother=hoa/backbone=sage/use_nfr=false/sanity_check=true/node_ratio=1,/data/hzw/Rethinking_DP_GNN_runtime/paper_experiments/figure10/x_steps=32.yaml/dataset=cora/feature=random_normal/feature_dim=16384/scale=4/random_normal_mean=0/random_normal_std=1/mechanism=mbm/x_eps=inf/m=best/norm=false/smoother=hoa/backbone=sage/use_nfr=false/sanity_check=true/node_ratio=1/final_repeat10
32,16384,1,12346,86.115211486816,0.997264802208,0.429610194402,0.431183649050,4,0.01,0.001,0.5,/data/hzw/Rethinking_DP_GNN_runtime/paper_experiments/figure10/x_steps=32.yaml/dataset=cora/feature=random_normal/feature_dim=16384/scale=4/random_normal_mean=0/random_normal_std=1/mechanism=mbm/x_eps=inf/m=best/norm=false/smoother=hoa/backbone=sage/use_nfr=false/sanity_check=true/node_ratio=1,/data/hzw/Rethinking_DP_GNN_runtime/paper_experiments/figure10/x_steps=32.yaml/dataset=cora/feature=random_normal/feature_dim=16384/scale=4/random_normal_mean=0/random_normal_std=1/mechanism=mbm/x_eps=inf/m=best/norm=false/smoother=hoa/backbone=sage/use_nfr=false/sanity_check=true/node_ratio=1/final_repeat10
32,16384,2,12347,86.262924194336,0.997241618691,0.430985193377,0.431183649050,4,0.01,0.001,0.5,/data/hzw/Rethinking_DP_GNN_runtime/paper_experiments/figure10/x_steps=32.yaml/dataset=cora/feature=random_normal/feature_dim=16384/scale=4/random_normal_mean=0/random_normal_std=1/mechanism=mbm/x_eps=inf/m=best/norm=false/smoother=hoa/backbone=sage/use_nfr=false/sanity_check=true/node_ratio=1,/data/hzw/Rethinking_DP_GNN_runtime/paper_experiments/figure10/x_steps=32.yaml/dataset=cora/feature=random_normal/feature_dim=16384/scale=4/random_normal_mean=0/random_normal_std=1/mechanism=mbm/x_eps=inf/m=best/norm=false/smoother=hoa/backbone=sage/use_nfr=false/sanity_check=true/node_ratio=1/final_repeat10
32,16384,3,12348,86.262924194336,0.997134462881,0.429059880962,0.431183649050,4,0.01,0.001,0.5,/data/hzw/Rethinking_DP_GNN_runtime/paper_experiments/figure10/x_steps=32.yaml/dataset=cora/feature=random_normal/feature_dim=16384/scale=4/random_normal_mean=0/random_normal_std=1/mechanism=mbm/x_eps=inf/m=best/norm=false/smoother=hoa/backbone=sage/use_nfr=false/sanity_check=true/node_ratio=1,/data/hzw/Rethinking_DP_GNN_runtime/paper_experiments/figure10/x_steps=32.yaml/dataset=cora/feature=random_normal/feature_dim=16384/scale=4/random_normal_mean=0/random_normal_std=1/mechanism=mbm/x_eps=inf/m=best/norm=false/smoother=hoa/backbone=sage/use_nfr=false/sanity_check=true/node_ratio=1/final_repeat10
32,16384,4,12349,84.047264099121,0.997146746513,0.429726183115,0.431183649050,4,0.01,0.001,0.5,/data/hzw/Rethinking_DP_GNN_runtime/paper_experiments/figure10/x_steps=32.yaml/dataset=cora/feature=random_normal/feature_dim=16384/scale=4/random_normal_mean=0/random_normal_std=1/mechanism=mbm/x_eps=inf/m=best/norm=false/smoother=hoa/backbone=sage/use_nfr=false/sanity_check=true/node_ratio=1,/data/hzw/Rethinking_DP_GNN_runtime/paper_experiments/figure10/x_steps=32.yaml/dataset=cora/feature=random_normal/feature_dim=16384/scale=4/random_normal_mean=0/random_normal_std=1/mechanism=mbm/x_eps=inf/m=best/norm=false/smoother=hoa/backbone=sage/use_nfr=false/sanity_check=true/node_ratio=1/final_repeat10
32,16384,5,12350,84.047264099121,0.997251296563,0.430080526293,0.431183649050,4,0.01,0.001,0.5,/data/hzw/Rethinking_DP_GNN_runtime/paper_experiments/figure10/x_steps=32.yaml/dataset=cora/feature=random_normal/feature_dim=16384/scale=4/random_normal_mean=0/random_normal_std=1/mechanism=mbm/x_eps=inf/m=best/norm=false/smoother=hoa/backbone=sage/use_nfr=false/sanity_check=true/node_ratio=1,/data/hzw/Rethinking_DP_GNN_runtime/paper_experiments/figure10/x_steps=32.yaml/dataset=cora/feature=random_normal/feature_dim=16384/scale=4/random_normal_mean=0/random_normal_std=1/mechanism=mbm/x_eps=inf/m=best/norm=false/smoother=hoa/backbone=sage/use_nfr=false/sanity_check=true/node_ratio=1/final_repeat10
32,16384,6,12351,84.194976806641,0.997197663475,0.429460192782,0.431183649050,4,0.01,0.001,0.5,/data/hzw/Rethinking_DP_GNN_runtime/paper_experiments/figure10/x_steps=32.yaml/dataset=cora/feature=random_normal/feature_dim=16384/scale=4/random_normal_mean=0/random_normal_std=1/mechanism=mbm/x_eps=inf/m=best/norm=false/smoother=hoa/backbone=sage/use_nfr=false/sanity_check=true/node_ratio=1,/data/hzw/Rethinking_DP_GNN_runtime/paper_experiments/figure10/x_steps=32.yaml/dataset=cora/feature=random_normal/feature_dim=16384/scale=4/random_normal_mean=0/random_normal_std=1/mechanism=mbm/x_eps=inf/m=best/norm=false/smoother=hoa/backbone=sage/use_nfr=false/sanity_check=true/node_ratio=1/final_repeat10
32,16384,7,12352,85.672080993652,0.997229209060,0.430407088441,0.431183649050,4,0.01,0.001,0.5,/data/hzw/Rethinking_DP_GNN_runtime/paper_experiments/figure10/x_steps=32.yaml/dataset=cora/feature=random_normal/feature_dim=16384/scale=4/random_normal_mean=0/random_normal_std=1/mechanism=mbm/x_eps=inf/m=best/norm=false/smoother=hoa/backbone=sage/use_nfr=false/sanity_check=true/node_ratio=1,/data/hzw/Rethinking_DP_GNN_runtime/paper_experiments/figure10/x_steps=32.yaml/dataset=cora/feature=random_normal/feature_dim=16384/scale=4/random_normal_mean=0/random_normal_std=1/mechanism=mbm/x_eps=inf/m=best/norm=false/smoother=hoa/backbone=sage/use_nfr=false/sanity_check=true/node_ratio=1/final_repeat10
32,16384,8,12353,85.081237792969,0.997291944845,0.430311085252,0.431183649050,4,0.01,0.001,0.5,/data/hzw/Rethinking_DP_GNN_runtime/paper_experiments/figure10/x_steps=32.yaml/dataset=cora/feature=random_normal/feature_dim=16384/scale=4/random_normal_mean=0/random_normal_std=1/mechanism=mbm/x_eps=inf/m=best/norm=false/smoother=hoa/backbone=sage/use_nfr=false/sanity_check=true/node_ratio=1,/data/hzw/Rethinking_DP_GNN_runtime/paper_experiments/figure10/x_steps=32.yaml/dataset=cora/feature=random_normal/feature_dim=16384/scale=4/random_normal_mean=0/random_normal_std=1/mechanism=mbm/x_eps=inf/m=best/norm=false/smoother=hoa/backbone=sage/use_nfr=false/sanity_check=true/node_ratio=1/final_repeat10
32,16384,9,12354,87.740028381348,0.997145155786,0.429886923628,0.431183649050,4,0.01,0.001,0.5,/data/hzw/Rethinking_DP_GNN_runtime/paper_experiments/figure10/x_steps=32.yaml/dataset=cora/feature=random_normal/feature_dim=16384/scale=4/random_normal_mean=0/random_normal_std=1/mechanism=mbm/x_eps=inf/m=best/norm=false/smoother=hoa/backbone=sage/use_nfr=false/sanity_check=true/node_ratio=1,/data/hzw/Rethinking_DP_GNN_runtime/paper_experiments/figure10/x_steps=32.yaml/dataset=cora/feature=random_normal/feature_dim=16384/scale=4/random_normal_mean=0/random_normal_std=1/mechanism=mbm/x_eps=inf/m=best/norm=false/smoother=hoa/backbone=sage/use_nfr=false/sanity_check=true/node_ratio=1/final_repeat10
32,32768,0,12345,84.933532714844,0.998633650279,0.430561109638,0.431183649050,16,0.01,0.01,0.5,/data/hzw/Rethinking_DP_GNN_runtime/paper_experiments/figure10/x_steps=32.yaml/dataset=cora/feature=random_normal/feature_dim=32768/scale=16/random_normal_mean=0/random_normal_std=1/mechanism=mbm/x_eps=inf/m=best/norm=false/smoother=hoa/backbone=sage/use_nfr=false/sanity_check=true/node_ratio=1,/data/hzw/Rethinking_DP_GNN_runtime/paper_experiments/figure10/x_steps=32.yaml/dataset=cora/feature=random_normal/feature_dim=32768/scale=16/random_normal_mean=0/random_normal_std=1/mechanism=mbm/x_eps=inf/m=best/norm=false/smoother=hoa/backbone=sage/use_nfr=false/sanity_check=true/node_ratio=1/final_repeat10
32,32768,1,12346,83.899559020996,0.998616856134,0.430965138783,0.431183649050,16,0.01,0.01,0.5,/data/hzw/Rethinking_DP_GNN_runtime/paper_experiments/figure10/x_steps=32.yaml/dataset=cora/feature=random_normal/feature_dim=32768/scale=16/random_normal_mean=0/random_normal_std=1/mechanism=mbm/x_eps=inf/m=best/norm=false/smoother=hoa/backbone=sage/use_nfr=false/sanity_check=true/node_ratio=1,/data/hzw/Rethinking_DP_GNN_runtime/paper_experiments/figure10/x_steps=32.yaml/dataset=cora/feature=random_normal/feature_dim=32768/scale=16/random_normal_mean=0/random_normal_std=1/mechanism=mbm/x_eps=inf/m=best/norm=false/smoother=hoa/backbone=sage/use_nfr=false/sanity_check=true/node_ratio=1/final_repeat10
32,32768,2,12347,87.444610595703,0.998624518569,0.430991812416,0.431183649050,16,0.01,0.01,0.5,/data/hzw/Rethinking_DP_GNN_runtime/paper_experiments/figure10/x_steps=32.yaml/dataset=cora/feature=random_normal/feature_dim=32768/scale=16/random_normal_mean=0/random_normal_std=1/mechanism=mbm/x_eps=inf/m=best/norm=false/smoother=hoa/backbone=sage/use_nfr=false/sanity_check=true/node_ratio=1,/data/hzw/Rethinking_DP_GNN_runtime/paper_experiments/figure10/x_steps=32.yaml/dataset=cora/feature=random_normal/feature_dim=32768/scale=16/random_normal_mean=0/random_normal_std=1/mechanism=mbm/x_eps=inf/m=best/norm=false/smoother=hoa/backbone=sage/use_nfr=false/sanity_check=true/node_ratio=1/final_repeat10
32,32768,3,12348,86.410636901855,0.998622977513,0.430532355443,0.431183649050,16,0.01,0.01,0.5,/data/hzw/Rethinking_DP_GNN_runtime/paper_experiments/figure10/x_steps=32.yaml/dataset=cora/feature=random_normal/feature_dim=32768/scale=16/random_normal_mean=0/random_normal_std=1/mechanism=mbm/x_eps=inf/m=best/norm=false/smoother=hoa/backbone=sage/use_nfr=false/sanity_check=true/node_ratio=1,/data/hzw/Rethinking_DP_GNN_runtime/paper_experiments/figure10/x_steps=32.yaml/dataset=cora/feature=random_normal/feature_dim=32768/scale=16/random_normal_mean=0/random_normal_std=1/mechanism=mbm/x_eps=inf/m=best/norm=false/smoother=hoa/backbone=sage/use_nfr=false/sanity_check=true/node_ratio=1/final_repeat10
32,32768,4,12349,84.490394592285,0.998630124481,0.430194654961,0.431183649050,16,0.01,0.01,0.5,/data/hzw/Rethinking_DP_GNN_runtime/paper_experiments/figure10/x_steps=32.yaml/dataset=cora/feature=random_normal/feature_dim=32768/scale=16/random_normal_mean=0/random_normal_std=1/mechanism=mbm/x_eps=inf/m=best/norm=false/smoother=hoa/backbone=sage/use_nfr=false/sanity_check=true/node_ratio=1,/data/hzw/Rethinking_DP_GNN_runtime/paper_experiments/figure10/x_steps=32.yaml/dataset=cora/feature=random_normal/feature_dim=32768/scale=16/random_normal_mean=0/random_normal_std=1/mechanism=mbm/x_eps=inf/m=best/norm=false/smoother=hoa/backbone=sage/use_nfr=false/sanity_check=true/node_ratio=1/final_repeat10
32,32768,5,12350,85.376663208008,0.998555650837,0.430499722974,0.431183649050,16,0.01,0.01,0.5,/data/hzw/Rethinking_DP_GNN_runtime/paper_experiments/figure10/x_steps=32.yaml/dataset=cora/feature=random_normal/feature_dim=32768/scale=16/random_normal_mean=0/random_normal_std=1/mechanism=mbm/x_eps=inf/m=best/norm=false/smoother=hoa/backbone=sage/use_nfr=false/sanity_check=true/node_ratio=1,/data/hzw/Rethinking_DP_GNN_runtime/paper_experiments/figure10/x_steps=32.yaml/dataset=cora/feature=random_normal/feature_dim=32768/scale=16/random_normal_mean=0/random_normal_std=1/mechanism=mbm/x_eps=inf/m=best/norm=false/smoother=hoa/backbone=sage/use_nfr=false/sanity_check=true/node_ratio=1/final_repeat10
32,32768,6,12351,84.785820007324,0.998616029326,0.430619117988,0.431183649050,16,0.01,0.01,0.5,/data/hzw/Rethinking_DP_GNN_runtime/paper_experiments/figure10/x_steps=32.yaml/dataset=cora/feature=random_normal/feature_dim=32768/scale=16/random_normal_mean=0/random_normal_std=1/mechanism=mbm/x_eps=inf/m=best/norm=false/smoother=hoa/backbone=sage/use_nfr=false/sanity_check=true/node_ratio=1,/data/hzw/Rethinking_DP_GNN_runtime/paper_experiments/figure10/x_steps=32.yaml/dataset=cora/feature=random_normal/feature_dim=32768/scale=16/random_normal_mean=0/random_normal_std=1/mechanism=mbm/x_eps=inf/m=best/norm=false/smoother=hoa/backbone=sage/use_nfr=false/sanity_check=true/node_ratio=1/final_repeat10
32,32768,7,12352,84.490394592285,0.998627210729,0.430671080841,0.431183649050,16,0.01,0.01,0.5,/data/hzw/Rethinking_DP_GNN_runtime/paper_experiments/figure10/x_steps=32.yaml/dataset=cora/feature=random_normal/feature_dim=32768/scale=16/random_normal_mean=0/random_normal_std=1/mechanism=mbm/x_eps=inf/m=best/norm=false/smoother=hoa/backbone=sage/use_nfr=false/sanity_check=true/node_ratio=1,/data/hzw/Rethinking_DP_GNN_runtime/paper_experiments/figure10/x_steps=32.yaml/dataset=cora/feature=random_normal/feature_dim=32768/scale=16/random_normal_mean=0/random_normal_std=1/mechanism=mbm/x_eps=inf/m=best/norm=false/smoother=hoa/backbone=sage/use_nfr=false/sanity_check=true/node_ratio=1/final_repeat10
32,32768,8,12353,85.228950500488,0.998626772734,0.430126320841,0.431183649050,16,0.01,0.01,0.5,/data/hzw/Rethinking_DP_GNN_runtime/paper_experiments/figure10/x_steps=32.yaml/dataset=cora/feature=random_normal/feature_dim=32768/scale=16/random_normal_mean=0/random_normal_std=1/mechanism=mbm/x_eps=inf/m=best/norm=false/smoother=hoa/backbone=sage/use_nfr=false/sanity_check=true/node_ratio=1,/data/hzw/Rethinking_DP_GNN_runtime/paper_experiments/figure10/x_steps=32.yaml/dataset=cora/feature=random_normal/feature_dim=32768/scale=16/random_normal_mean=0/random_normal_std=1/mechanism=mbm/x_eps=inf/m=best/norm=false/smoother=hoa/backbone=sage/use_nfr=false/sanity_check=true/node_ratio=1/final_repeat10
32,32768,9,12354,86.706054687500,0.998617401502,0.431152177759,0.431183649050,16,0.01,0.01,0.5,/data/hzw/Rethinking_DP_GNN_runtime/paper_experiments/figure10/x_steps=32.yaml/dataset=cora/feature=random_normal/feature_dim=32768/scale=16/random_normal_mean=0/random_normal_std=1/mechanism=mbm/x_eps=inf/m=best/norm=false/smoother=hoa/backbone=sage/use_nfr=false/sanity_check=true/node_ratio=1,/data/hzw/Rethinking_DP_GNN_runtime/paper_experiments/figure10/x_steps=32.yaml/dataset=cora/feature=random_normal/feature_dim=32768/scale=16/random_normal_mean=0/random_normal_std=1/mechanism=mbm/x_eps=inf/m=best/norm=false/smoother=hoa/backbone=sage/use_nfr=false/sanity_check=true/node_ratio=1/final_repeat10
64,4,0,12345,48.449039459229,0.225807006165,0.103363877104,0.433494165065,256,0.01,0,0.25,/data/hzw/Rethinking_DP_GNN_runtime/paper_experiments/figure10/x_steps=64.yaml/dataset=cora/feature=random_normal/feature_dim=4/scale=256/random_normal_mean=0/random_normal_std=1/mechanism=mbm/x_eps=inf/m=best/norm=false/smoother=hoa/backbone=sage/use_nfr=false/sanity_check=true/node_ratio=1,/data/hzw/Rethinking_DP_GNN_runtime/paper_experiments/figure10/x_steps=64.yaml/dataset=cora/feature=random_normal/feature_dim=4/scale=256/random_normal_mean=0/random_normal_std=1/mechanism=mbm/x_eps=inf/m=best/norm=false/smoother=hoa/backbone=sage/use_nfr=false/sanity_check=true/node_ratio=1/final_repeat10
64,4,1,12346,57.163959503174,0.273790646786,0.139539107373,0.433494165065,256,0.01,0,0.25,/data/hzw/Rethinking_DP_GNN_runtime/paper_experiments/figure10/x_steps=64.yaml/dataset=cora/feature=random_normal/feature_dim=4/scale=256/random_normal_mean=0/random_normal_std=1/mechanism=mbm/x_eps=inf/m=best/norm=false/smoother=hoa/backbone=sage/use_nfr=false/sanity_check=true/node_ratio=1,/data/hzw/Rethinking_DP_GNN_runtime/paper_experiments/figure10/x_steps=64.yaml/dataset=cora/feature=random_normal/feature_dim=4/scale=256/random_normal_mean=0/random_normal_std=1/mechanism=mbm/x_eps=inf/m=best/norm=false/smoother=hoa/backbone=sage/use_nfr=false/sanity_check=true/node_ratio=1/final_repeat10
64,4,2,12347,54.800586700439,0.177441503000,0.097540177202,0.433494165065,256,0.01,0,0.25,/data/hzw/Rethinking_DP_GNN_runtime/paper_experiments/figure10/x_steps=64.yaml/dataset=cora/feature=random_normal/feature_dim=4/scale=256/random_normal_mean=0/random_normal_std=1/mechanism=mbm/x_eps=inf/m=best/norm=false/smoother=hoa/backbone=sage/use_nfr=false/sanity_check=true/node_ratio=1,/data/hzw/Rethinking_DP_GNN_runtime/paper_experiments/figure10/x_steps=64.yaml/dataset=cora/feature=random_normal/feature_dim=4/scale=256/random_normal_mean=0/random_normal_std=1/mechanism=mbm/x_eps=inf/m=best/norm=false/smoother=hoa/backbone=sage/use_nfr=false/sanity_check=true/node_ratio=1/final_repeat10
64,4,3,12348,53.766613006592,0.291215599282,0.139760590355,0.433494165065,256,0.01,0,0.25,/data/hzw/Rethinking_DP_GNN_runtime/paper_experiments/figure10/x_steps=64.yaml/dataset=cora/feature=random_normal/feature_dim=4/scale=256/random_normal_mean=0/random_normal_std=1/mechanism=mbm/x_eps=inf/m=best/norm=false/smoother=hoa/backbone=sage/use_nfr=false/sanity_check=true/node_ratio=1,/data/hzw/Rethinking_DP_GNN_runtime/paper_experiments/figure10/x_steps=64.yaml/dataset=cora/feature=random_normal/feature_dim=4/scale=256/random_normal_mean=0/random_normal_std=1/mechanism=mbm/x_eps=inf/m=best/norm=false/smoother=hoa/backbone=sage/use_nfr=false/sanity_check=true/node_ratio=1/final_repeat10
64,4,4,12349,47.710487365723,0.229470783118,0.057355738393,0.433494165065,256,0.01,0,0.25,/data/hzw/Rethinking_DP_GNN_runtime/paper_experiments/figure10/x_steps=64.yaml/dataset=cora/feature=random_normal/feature_dim=4/scale=256/random_normal_mean=0/random_normal_std=1/mechanism=mbm/x_eps=inf/m=best/norm=false/smoother=hoa/backbone=sage/use_nfr=false/sanity_check=true/node_ratio=1,/data/hzw/Rethinking_DP_GNN_runtime/paper_experiments/figure10/x_steps=64.yaml/dataset=cora/feature=random_normal/feature_dim=4/scale=256/random_normal_mean=0/random_normal_std=1/mechanism=mbm/x_eps=inf/m=best/norm=false/smoother=hoa/backbone=sage/use_nfr=false/sanity_check=true/node_ratio=1/final_repeat10
64,4,5,12350,58.493350982666,0.238412292190,0.118918573652,0.433494165065,256,0.01,0,0.25,/data/hzw/Rethinking_DP_GNN_runtime/paper_experiments/figure10/x_steps=64.yaml/dataset=cora/feature=random_normal/feature_dim=4/scale=256/random_normal_mean=0/random_normal_std=1/mechanism=mbm/x_eps=inf/m=best/norm=false/smoother=hoa/backbone=sage/use_nfr=false/sanity_check=true/node_ratio=1,/data/hzw/Rethinking_DP_GNN_runtime/paper_experiments/figure10/x_steps=64.yaml/dataset=cora/feature=random_normal/feature_dim=4/scale=256/random_normal_mean=0/random_normal_std=1/mechanism=mbm/x_eps=inf/m=best/norm=false/smoother=hoa/backbone=sage/use_nfr=false/sanity_check=true/node_ratio=1/final_repeat10
64,4,6,12351,54.948299407959,0.171232731352,0.085747195259,0.433494165065,256,0.01,0,0.25,/data/hzw/Rethinking_DP_GNN_runtime/paper_experiments/figure10/x_steps=64.yaml/dataset=cora/feature=random_normal/feature_dim=4/scale=256/random_normal_mean=0/random_normal_std=1/mechanism=mbm/x_eps=inf/m=best/norm=false/smoother=hoa/backbone=sage/use_nfr=false/sanity_check=true/node_ratio=1,/data/hzw/Rethinking_DP_GNN_runtime/paper_experiments/figure10/x_steps=64.yaml/dataset=cora/feature=random_normal/feature_dim=4/scale=256/random_normal_mean=0/random_normal_std=1/mechanism=mbm/x_eps=inf/m=best/norm=false/smoother=hoa/backbone=sage/use_nfr=false/sanity_check=true/node_ratio=1/final_repeat10
64,4,7,12352,56.720829010010,0.248100215214,0.105019679229,0.433494165065,256,0.01,0,0.25,/data/hzw/Rethinking_DP_GNN_runtime/paper_experiments/figure10/x_steps=64.yaml/dataset=cora/feature=random_normal/feature_dim=4/scale=256/random_normal_mean=0/random_normal_std=1/mechanism=mbm/x_eps=inf/m=best/norm=false/smoother=hoa/backbone=sage/use_nfr=false/sanity_check=true/node_ratio=1,/data/hzw/Rethinking_DP_GNN_runtime/paper_experiments/figure10/x_steps=64.yaml/dataset=cora/feature=random_normal/feature_dim=4/scale=256/random_normal_mean=0/random_normal_std=1/mechanism=mbm/x_eps=inf/m=best/norm=false/smoother=hoa/backbone=sage/use_nfr=false/sanity_check=true/node_ratio=1/final_repeat10
64,4,8,12353,47.562774658203,0.251539293954,0.078655655630,0.433494165065,256,0.01,0,0.25,/data/hzw/Rethinking_DP_GNN_runtime/paper_experiments/figure10/x_steps=64.yaml/dataset=cora/feature=random_normal/feature_dim=4/scale=256/random_normal_mean=0/random_normal_std=1/mechanism=mbm/x_eps=inf/m=best/norm=false/smoother=hoa/backbone=sage/use_nfr=false/sanity_check=true/node_ratio=1,/data/hzw/Rethinking_DP_GNN_runtime/paper_experiments/figure10/x_steps=64.yaml/dataset=cora/feature=random_normal/feature_dim=4/scale=256/random_normal_mean=0/random_normal_std=1/mechanism=mbm/x_eps=inf/m=best/norm=false/smoother=hoa/backbone=sage/use_nfr=false/sanity_check=true/node_ratio=1/final_repeat10
64,4,9,12354,51.846378326416,0.244759368801,0.124818044725,0.433494165065,256,0.01,0,0.25,/data/hzw/Rethinking_DP_GNN_runtime/paper_experiments/figure10/x_steps=64.yaml/dataset=cora/feature=random_normal/feature_dim=4/scale=256/random_normal_mean=0/random_normal_std=1/mechanism=mbm/x_eps=inf/m=best/norm=false/smoother=hoa/backbone=sage/use_nfr=false/sanity_check=true/node_ratio=1,/data/hzw/Rethinking_DP_GNN_runtime/paper_experiments/figure10/x_steps=64.yaml/dataset=cora/feature=random_normal/feature_dim=4/scale=256/random_normal_mean=0/random_normal_std=1/mechanism=mbm/x_eps=inf/m=best/norm=false/smoother=hoa/backbone=sage/use_nfr=false/sanity_check=true/node_ratio=1/final_repeat10
64,8,0,12345,60.265876770020,0.357026256960,0.154113251112,0.433494165065,1024,0.01,0.01,0.25,/data/hzw/Rethinking_DP_GNN_runtime/paper_experiments/figure10/x_steps=64.yaml/dataset=cora/feature=random_normal/feature_dim=8/scale=1024/random_normal_mean=0/random_normal_std=1/mechanism=mbm/x_eps=inf/m=best/norm=false/smoother=hoa/backbone=sage/use_nfr=false/sanity_check=true/node_ratio=1,/data/hzw/Rethinking_DP_GNN_runtime/paper_experiments/figure10/x_steps=64.yaml/dataset=cora/feature=random_normal/feature_dim=8/scale=1024/random_normal_mean=0/random_normal_std=1/mechanism=mbm/x_eps=inf/m=best/norm=false/smoother=hoa/backbone=sage/use_nfr=false/sanity_check=true/node_ratio=1/final_repeat10
64,8,1,12346,65.140327453613,0.305838005156,0.128180176475,0.433494165065,1024,0.01,0.01,0.25,/data/hzw/Rethinking_DP_GNN_runtime/paper_experiments/figure10/x_steps=64.yaml/dataset=cora/feature=random_normal/feature_dim=8/scale=1024/random_normal_mean=0/random_normal_std=1/mechanism=mbm/x_eps=inf/m=best/norm=false/smoother=hoa/backbone=sage/use_nfr=false/sanity_check=true/node_ratio=1,/data/hzw/Rethinking_DP_GNN_runtime/paper_experiments/figure10/x_steps=64.yaml/dataset=cora/feature=random_normal/feature_dim=8/scale=1024/random_normal_mean=0/random_normal_std=1/mechanism=mbm/x_eps=inf/m=best/norm=false/smoother=hoa/backbone=sage/use_nfr=false/sanity_check=true/node_ratio=1/final_repeat10
64,8,2,12347,68.242248535156,0.338394535214,0.151570313842,0.433494165065,1024,0.01,0.01,0.25,/data/hzw/Rethinking_DP_GNN_runtime/paper_experiments/figure10/x_steps=64.yaml/dataset=cora/feature=random_normal/feature_dim=8/scale=1024/random_normal_mean=0/random_normal_std=1/mechanism=mbm/x_eps=inf/m=best/norm=false/smoother=hoa/backbone=sage/use_nfr=false/sanity_check=true/node_ratio=1,/data/hzw/Rethinking_DP_GNN_runtime/paper_experiments/figure10/x_steps=64.yaml/dataset=cora/feature=random_normal/feature_dim=8/scale=1024/random_normal_mean=0/random_normal_std=1/mechanism=mbm/x_eps=inf/m=best/norm=false/smoother=hoa/backbone=sage/use_nfr=false/sanity_check=true/node_ratio=1/final_repeat10
64,8,3,12348,60.413585662842,0.346788458214,0.130524790187,0.433494165065,1024,0.01,0.01,0.25,/data/hzw/Rethinking_DP_GNN_runtime/paper_experiments/figure10/x_steps=64.yaml/dataset=cora/feature=random_normal/feature_dim=8/scale=1024/random_normal_mean=0/random_normal_std=1/mechanism=mbm/x_eps=inf/m=best/norm=false/smoother=hoa/backbone=sage/use_nfr=false/sanity_check=true/node_ratio=1,/data/hzw/Rethinking_DP_GNN_runtime/paper_experiments/figure10/x_steps=64.yaml/dataset=cora/feature=random_normal/feature_dim=8/scale=1024/random_normal_mean=0/random_normal_std=1/mechanism=mbm/x_eps=inf/m=best/norm=false/smoother=hoa/backbone=sage/use_nfr=false/sanity_check=true/node_ratio=1/final_repeat10
64,8,4,12349,64.697196960449,0.359865961248,0.159343977818,0.433494165065,1024,0.01,0.01,0.25,/data/hzw/Rethinking_DP_GNN_runtime/paper_experiments/figure10/x_steps=64.yaml/dataset=cora/feature=random_normal/feature_dim=8/scale=1024/random_normal_mean=0/random_normal_std=1/mechanism=mbm/x_eps=inf/m=best/norm=false/smoother=hoa/backbone=sage/use_nfr=false/sanity_check=true/node_ratio=1,/data/hzw/Rethinking_DP_GNN_runtime/paper_experiments/figure10/x_steps=64.yaml/dataset=cora/feature=random_normal/feature_dim=8/scale=1024/random_normal_mean=0/random_normal_std=1/mechanism=mbm/x_eps=inf/m=best/norm=false/smoother=hoa/backbone=sage/use_nfr=false/sanity_check=true/node_ratio=1/final_repeat10
64,8,5,12350,59.379611968994,0.328538962123,0.158575451216,0.433494165065,1024,0.01,0.01,0.25,/data/hzw/Rethinking_DP_GNN_runtime/paper_experiments/figure10/x_steps=64.yaml/dataset=cora/feature=random_normal/feature_dim=8/scale=1024/random_normal_mean=0/random_normal_std=1/mechanism=mbm/x_eps=inf/m=best/norm=false/smoother=hoa/backbone=sage/use_nfr=false/sanity_check=true/node_ratio=1,/data/hzw/Rethinking_DP_GNN_runtime/paper_experiments/figure10/x_steps=64.yaml/dataset=cora/feature=random_normal/feature_dim=8/scale=1024/random_normal_mean=0/random_normal_std=1/mechanism=mbm/x_eps=inf/m=best/norm=false/smoother=hoa/backbone=sage/use_nfr=false/sanity_check=true/node_ratio=1/final_repeat10
64,8,6,12351,66.617431640625,0.382264672169,0.153601527526,0.433494165065,1024,0.01,0.01,0.25,/data/hzw/Rethinking_DP_GNN_runtime/paper_experiments/figure10/x_steps=64.yaml/dataset=cora/feature=random_normal/feature_dim=8/scale=1024/random_normal_mean=0/random_normal_std=1/mechanism=mbm/x_eps=inf/m=best/norm=false/smoother=hoa/backbone=sage/use_nfr=false/sanity_check=true/node_ratio=1,/data/hzw/Rethinking_DP_GNN_runtime/paper_experiments/figure10/x_steps=64.yaml/dataset=cora/feature=random_normal/feature_dim=8/scale=1024/random_normal_mean=0/random_normal_std=1/mechanism=mbm/x_eps=inf/m=best/norm=false/smoother=hoa/backbone=sage/use_nfr=false/sanity_check=true/node_ratio=1/final_repeat10
64,8,7,12352,64.106353759766,0.292207731509,0.134544365505,0.433494165065,1024,0.01,0.01,0.25,/data/hzw/Rethinking_DP_GNN_runtime/paper_experiments/figure10/x_steps=64.yaml/dataset=cora/feature=random_normal/feature_dim=8/scale=1024/random_normal_mean=0/random_normal_std=1/mechanism=mbm/x_eps=inf/m=best/norm=false/smoother=hoa/backbone=sage/use_nfr=false/sanity_check=true/node_ratio=1,/data/hzw/Rethinking_DP_GNN_runtime/paper_experiments/figure10/x_steps=64.yaml/dataset=cora/feature=random_normal/feature_dim=8/scale=1024/random_normal_mean=0/random_normal_std=1/mechanism=mbm/x_eps=inf/m=best/norm=false/smoother=hoa/backbone=sage/use_nfr=false/sanity_check=true/node_ratio=1/final_repeat10
64,8,8,12353,63.515506744385,0.319487581620,0.166600343397,0.433494165065,1024,0.01,0.01,0.25,/data/hzw/Rethinking_DP_GNN_runtime/paper_experiments/figure10/x_steps=64.yaml/dataset=cora/feature=random_normal/feature_dim=8/scale=1024/random_normal_mean=0/random_normal_std=1/mechanism=mbm/x_eps=inf/m=best/norm=false/smoother=hoa/backbone=sage/use_nfr=false/sanity_check=true/node_ratio=1,/data/hzw/Rethinking_DP_GNN_runtime/paper_experiments/figure10/x_steps=64.yaml/dataset=cora/feature=random_normal/feature_dim=8/scale=1024/random_normal_mean=0/random_normal_std=1/mechanism=mbm/x_eps=inf/m=best/norm=false/smoother=hoa/backbone=sage/use_nfr=false/sanity_check=true/node_ratio=1/final_repeat10
64,8,9,12354,68.389953613281,0.323242330900,0.182476649607,0.433494165065,1024,0.01,0.01,0.25,/data/hzw/Rethinking_DP_GNN_runtime/paper_experiments/figure10/x_steps=64.yaml/dataset=cora/feature=random_normal/feature_dim=8/scale=1024/random_normal_mean=0/random_normal_std=1/mechanism=mbm/x_eps=inf/m=best/norm=false/smoother=hoa/backbone=sage/use_nfr=false/sanity_check=true/node_ratio=1,/data/hzw/Rethinking_DP_GNN_runtime/paper_experiments/figure10/x_steps=64.yaml/dataset=cora/feature=random_normal/feature_dim=8/scale=1024/random_normal_mean=0/random_normal_std=1/mechanism=mbm/x_eps=inf/m=best/norm=false/smoother=hoa/backbone=sage/use_nfr=false/sanity_check=true/node_ratio=1/final_repeat10
64,16,0,12345,74.002952575684,0.482667222875,0.225342152727,0.433494165065,4096,0.01,0.01,0.25,/data/hzw/Rethinking_DP_GNN_runtime/paper_experiments/figure10/x_steps=64.yaml/dataset=cora/feature=random_normal/feature_dim=16/scale=4096/random_normal_mean=0/random_normal_std=1/mechanism=mbm/x_eps=inf/m=best/norm=false/smoother=hoa/backbone=sage/use_nfr=false/sanity_check=true/node_ratio=1,/data/hzw/Rethinking_DP_GNN_runtime/paper_experiments/figure10/x_steps=64.yaml/dataset=cora/feature=random_normal/feature_dim=16/scale=4096/random_normal_mean=0/random_normal_std=1/mechanism=mbm/x_eps=inf/m=best/norm=false/smoother=hoa/backbone=sage/use_nfr=false/sanity_check=true/node_ratio=1/final_repeat10
64,16,1,12346,72.378135681152,0.518463959353,0.236664386977,0.433494165065,4096,0.01,0.01,0.25,/data/hzw/Rethinking_DP_GNN_runtime/paper_experiments/figure10/x_steps=64.yaml/dataset=cora/feature=random_normal/feature_dim=16/scale=4096/random_normal_mean=0/random_normal_std=1/mechanism=mbm/x_eps=inf/m=best/norm=false/smoother=hoa/backbone=sage/use_nfr=false/sanity_check=true/node_ratio=1,/data/hzw/Rethinking_DP_GNN_runtime/paper_experiments/figure10/x_steps=64.yaml/dataset=cora/feature=random_normal/feature_dim=16/scale=4096/random_normal_mean=0/random_normal_std=1/mechanism=mbm/x_eps=inf/m=best/norm=false/smoother=hoa/backbone=sage/use_nfr=false/sanity_check=true/node_ratio=1/final_repeat10
64,16,2,12347,75.775482177734,0.403925415656,0.200263548696,0.433494165065,4096,0.01,0.01,0.25,/data/hzw/Rethinking_DP_GNN_runtime/paper_experiments/figure10/x_steps=64.yaml/dataset=cora/feature=random_normal/feature_dim=16/scale=4096/random_normal_mean=0/random_normal_std=1/mechanism=mbm/x_eps=inf/m=best/norm=false/smoother=hoa/backbone=sage/use_nfr=false/sanity_check=true/node_ratio=1,/data/hzw/Rethinking_DP_GNN_runtime/paper_experiments/figure10/x_steps=64.yaml/dataset=cora/feature=random_normal/feature_dim=16/scale=4096/random_normal_mean=0/random_normal_std=1/mechanism=mbm/x_eps=inf/m=best/norm=false/smoother=hoa/backbone=sage/use_nfr=false/sanity_check=true/node_ratio=1/final_repeat10
64,16,3,12348,72.230430603027,0.478069680024,0.187984585855,0.433494165065,4096,0.01,0.01,0.25,/data/hzw/Rethinking_DP_GNN_runtime/paper_experiments/figure10/x_steps=64.yaml/dataset=cora/feature=random_normal/feature_dim=16/scale=4096/random_normal_mean=0/random_normal_std=1/mechanism=mbm/x_eps=inf/m=best/norm=false/smoother=hoa/backbone=sage/use_nfr=false/sanity_check=true/node_ratio=1,/data/hzw/Rethinking_DP_GNN_runtime/paper_experiments/figure10/x_steps=64.yaml/dataset=cora/feature=random_normal/feature_dim=16/scale=4096/random_normal_mean=0/random_normal_std=1/mechanism=mbm/x_eps=inf/m=best/norm=false/smoother=hoa/backbone=sage/use_nfr=false/sanity_check=true/node_ratio=1/final_repeat10
64,16,4,12349,74.150665283203,0.520018778176,0.237166432862,0.433494165065,4096,0.01,0.01,0.25,/data/hzw/Rethinking_DP_GNN_runtime/paper_experiments/figure10/x_steps=64.yaml/dataset=cora/feature=random_normal/feature_dim=16/scale=4096/random_normal_mean=0/random_normal_std=1/mechanism=mbm/x_eps=inf/m=best/norm=false/smoother=hoa/backbone=sage/use_nfr=false/sanity_check=true/node_ratio=1,/data/hzw/Rethinking_DP_GNN_runtime/paper_experiments/figure10/x_steps=64.yaml/dataset=cora/feature=random_normal/feature_dim=16/scale=4096/random_normal_mean=0/random_normal_std=1/mechanism=mbm/x_eps=inf/m=best/norm=false/smoother=hoa/backbone=sage/use_nfr=false/sanity_check=true/node_ratio=1/final_repeat10
64,16,5,12350,70.605613708496,0.485808994336,0.186727811263,0.433494165065,4096,0.01,0.01,0.25,/data/hzw/Rethinking_DP_GNN_runtime/paper_experiments/figure10/x_steps=64.yaml/dataset=cora/feature=random_normal/feature_dim=16/scale=4096/random_normal_mean=0/random_normal_std=1/mechanism=mbm/x_eps=inf/m=best/norm=false/smoother=hoa/backbone=sage/use_nfr=false/sanity_check=true/node_ratio=1,/data/hzw/Rethinking_DP_GNN_runtime/paper_experiments/figure10/x_steps=64.yaml/dataset=cora/feature=random_normal/feature_dim=16/scale=4096/random_normal_mean=0/random_normal_std=1/mechanism=mbm/x_eps=inf/m=best/norm=false/smoother=hoa/backbone=sage/use_nfr=false/sanity_check=true/node_ratio=1/final_repeat10
64,16,6,12351,72.230430603027,0.420027070960,0.195075469606,0.433494165065,4096,0.01,0.01,0.25,/data/hzw/Rethinking_DP_GNN_runtime/paper_experiments/figure10/x_steps=64.yaml/dataset=cora/feature=random_normal/feature_dim=16/scale=4096/random_normal_mean=0/random_normal_std=1/mechanism=mbm/x_eps=inf/m=best/norm=false/smoother=hoa/backbone=sage/use_nfr=false/sanity_check=true/node_ratio=1,/data/hzw/Rethinking_DP_GNN_runtime/paper_experiments/figure10/x_steps=64.yaml/dataset=cora/feature=random_normal/feature_dim=16/scale=4096/random_normal_mean=0/random_normal_std=1/mechanism=mbm/x_eps=inf/m=best/norm=false/smoother=hoa/backbone=sage/use_nfr=false/sanity_check=true/node_ratio=1/final_repeat10
64,16,7,12352,69.276222229004,0.463101405398,0.223457943772,0.433494165065,4096,0.01,0.01,0.25,/data/hzw/Rethinking_DP_GNN_runtime/paper_experiments/figure10/x_steps=64.yaml/dataset=cora/feature=random_normal/feature_dim=16/scale=4096/random_normal_mean=0/random_normal_std=1/mechanism=mbm/x_eps=inf/m=best/norm=false/smoother=hoa/backbone=sage/use_nfr=false/sanity_check=true/node_ratio=1,/data/hzw/Rethinking_DP_GNN_runtime/paper_experiments/figure10/x_steps=64.yaml/dataset=cora/feature=random_normal/feature_dim=16/scale=4096/random_normal_mean=0/random_normal_std=1/mechanism=mbm/x_eps=inf/m=best/norm=false/smoother=hoa/backbone=sage/use_nfr=false/sanity_check=true/node_ratio=1/final_repeat10
64,16,8,12353,73.559822082520,0.451315070331,0.205432836245,0.433494165065,4096,0.01,0.01,0.25,/data/hzw/Rethinking_DP_GNN_runtime/paper_experiments/figure10/x_steps=64.yaml/dataset=cora/feature=random_normal/feature_dim=16/scale=4096/random_normal_mean=0/random_normal_std=1/mechanism=mbm/x_eps=inf/m=best/norm=false/smoother=hoa/backbone=sage/use_nfr=false/sanity_check=true/node_ratio=1,/data/hzw/Rethinking_DP_GNN_runtime/paper_experiments/figure10/x_steps=64.yaml/dataset=cora/feature=random_normal/feature_dim=16/scale=4096/random_normal_mean=0/random_normal_std=1/mechanism=mbm/x_eps=inf/m=best/norm=false/smoother=hoa/backbone=sage/use_nfr=false/sanity_check=true/node_ratio=1/final_repeat10
64,16,9,12354,73.855247497559,0.435609606233,0.192103551466,0.433494165065,4096,0.01,0.01,0.25,/data/hzw/Rethinking_DP_GNN_runtime/paper_experiments/figure10/x_steps=64.yaml/dataset=cora/feature=random_normal/feature_dim=16/scale=4096/random_normal_mean=0/random_normal_std=1/mechanism=mbm/x_eps=inf/m=best/norm=false/smoother=hoa/backbone=sage/use_nfr=false/sanity_check=true/node_ratio=1,/data/hzw/Rethinking_DP_GNN_runtime/paper_experiments/figure10/x_steps=64.yaml/dataset=cora/feature=random_normal/feature_dim=16/scale=4096/random_normal_mean=0/random_normal_std=1/mechanism=mbm/x_eps=inf/m=best/norm=false/smoother=hoa/backbone=sage/use_nfr=false/sanity_check=true/node_ratio=1/final_repeat10
64,32,0,12345,83.456420898438,0.595635951387,0.271971013800,0.433494165065,256,0.01,0.01,0.25,/data/hzw/Rethinking_DP_GNN_runtime/paper_experiments/figure10/x_steps=64.yaml/dataset=cora/feature=random_normal/feature_dim=32/scale=256/random_normal_mean=0/random_normal_std=1/mechanism=mbm/x_eps=inf/m=best/norm=false/smoother=hoa/backbone=sage/use_nfr=false/sanity_check=true/node_ratio=1,/data/hzw/Rethinking_DP_GNN_runtime/paper_experiments/figure10/x_steps=64.yaml/dataset=cora/feature=random_normal/feature_dim=32/scale=256/random_normal_mean=0/random_normal_std=1/mechanism=mbm/x_eps=inf/m=best/norm=false/smoother=hoa/backbone=sage/use_nfr=false/sanity_check=true/node_ratio=1/final_repeat10
64,32,1,12346,78.729690551758,0.569243394778,0.244566338448,0.433494165065,256,0.01,0.01,0.25,/data/hzw/Rethinking_DP_GNN_runtime/paper_experiments/figure10/x_steps=64.yaml/dataset=cora/feature=random_normal/feature_dim=32/scale=256/random_normal_mean=0/random_normal_std=1/mechanism=mbm/x_eps=inf/m=best/norm=false/smoother=hoa/backbone=sage/use_nfr=false/sanity_check=true/node_ratio=1,/data/hzw/Rethinking_DP_GNN_runtime/paper_experiments/figure10/x_steps=64.yaml/dataset=cora/feature=random_normal/feature_dim=32/scale=256/random_normal_mean=0/random_normal_std=1/mechanism=mbm/x_eps=inf/m=best/norm=false/smoother=hoa/backbone=sage/use_nfr=false/sanity_check=true/node_ratio=1/final_repeat10
64,32,2,12347,75.775482177734,0.615390204565,0.284302660993,0.433494165065,256,0.01,0.01,0.25,/data/hzw/Rethinking_DP_GNN_runtime/paper_experiments/figure10/x_steps=64.yaml/dataset=cora/feature=random_normal/feature_dim=32/scale=256/random_normal_mean=0/random_normal_std=1/mechanism=mbm/x_eps=inf/m=best/norm=false/smoother=hoa/backbone=sage/use_nfr=false/sanity_check=true/node_ratio=1,/data/hzw/Rethinking_DP_GNN_runtime/paper_experiments/figure10/x_steps=64.yaml/dataset=cora/feature=random_normal/feature_dim=32/scale=256/random_normal_mean=0/random_normal_std=1/mechanism=mbm/x_eps=inf/m=best/norm=false/smoother=hoa/backbone=sage/use_nfr=false/sanity_check=true/node_ratio=1/final_repeat10
64,32,3,12348,81.240768432617,0.610223091772,0.260594308356,0.433494165065,256,0.01,0.01,0.25,/data/hzw/Rethinking_DP_GNN_runtime/paper_experiments/figure10/x_steps=64.yaml/dataset=cora/feature=random_normal/feature_dim=32/scale=256/random_normal_mean=0/random_normal_std=1/mechanism=mbm/x_eps=inf/m=best/norm=false/smoother=hoa/backbone=sage/use_nfr=false/sanity_check=true/node_ratio=1,/data/hzw/Rethinking_DP_GNN_runtime/paper_experiments/figure10/x_steps=64.yaml/dataset=cora/feature=random_normal/feature_dim=32/scale=256/random_normal_mean=0/random_normal_std=1/mechanism=mbm/x_eps=inf/m=best/norm=false/smoother=hoa/backbone=sage/use_nfr=false/sanity_check=true/node_ratio=1/final_repeat10
64,32,4,12349,79.320533752441,0.612568197097,0.255566396000,0.433494165065,256,0.01,0.01,0.25,/data/hzw/Rethinking_DP_GNN_runtime/paper_experiments/figure10/x_steps=64.yaml/dataset=cora/feature=random_normal/feature_dim=32/scale=256/random_normal_mean=0/random_normal_std=1/mechanism=mbm/x_eps=inf/m=best/norm=false/smoother=hoa/backbone=sage/use_nfr=false/sanity_check=true/node_ratio=1,/data/hzw/Rethinking_DP_GNN_runtime/paper_experiments/figure10/x_steps=64.yaml/dataset=cora/feature=random_normal/feature_dim=32/scale=256/random_normal_mean=0/random_normal_std=1/mechanism=mbm/x_eps=inf/m=best/norm=false/smoother=hoa/backbone=sage/use_nfr=false/sanity_check=true/node_ratio=1/final_repeat10
64,32,5,12350,78.729690551758,0.596478857815,0.245080371113,0.433494165065,256,0.01,0.01,0.25,/data/hzw/Rethinking_DP_GNN_runtime/paper_experiments/figure10/x_steps=64.yaml/dataset=cora/feature=random_normal/feature_dim=32/scale=256/random_normal_mean=0/random_normal_std=1/mechanism=mbm/x_eps=inf/m=best/norm=false/smoother=hoa/backbone=sage/use_nfr=false/sanity_check=true/node_ratio=1,/data/hzw/Rethinking_DP_GNN_runtime/paper_experiments/figure10/x_steps=64.yaml/dataset=cora/feature=random_normal/feature_dim=32/scale=256/random_normal_mean=0/random_normal_std=1/mechanism=mbm/x_eps=inf/m=best/norm=false/smoother=hoa/backbone=sage/use_nfr=false/sanity_check=true/node_ratio=1/final_repeat10
64,32,6,12351,77.104873657227,0.586757617646,0.220176950996,0.433494165065,256,0.01,0.01,0.25,/data/hzw/Rethinking_DP_GNN_runtime/paper_experiments/figure10/x_steps=64.yaml/dataset=cora/feature=random_normal/feature_dim=32/scale=256/random_normal_mean=0/random_normal_std=1/mechanism=mbm/x_eps=inf/m=best/norm=false/smoother=hoa/backbone=sage/use_nfr=false/sanity_check=true/node_ratio=1,/data/hzw/Rethinking_DP_GNN_runtime/paper_experiments/figure10/x_steps=64.yaml/dataset=cora/feature=random_normal/feature_dim=32/scale=256/random_normal_mean=0/random_normal_std=1/mechanism=mbm/x_eps=inf/m=best/norm=false/smoother=hoa/backbone=sage/use_nfr=false/sanity_check=true/node_ratio=1/final_repeat10
64,32,7,12352,82.717872619629,0.617356948172,0.257191826315,0.433494165065,256,0.01,0.01,0.25,/data/hzw/Rethinking_DP_GNN_runtime/paper_experiments/figure10/x_steps=64.yaml/dataset=cora/feature=random_normal/feature_dim=32/scale=256/random_normal_mean=0/random_normal_std=1/mechanism=mbm/x_eps=inf/m=best/norm=false/smoother=hoa/backbone=sage/use_nfr=false/sanity_check=true/node_ratio=1,/data/hzw/Rethinking_DP_GNN_runtime/paper_experiments/figure10/x_steps=64.yaml/dataset=cora/feature=random_normal/feature_dim=32/scale=256/random_normal_mean=0/random_normal_std=1/mechanism=mbm/x_eps=inf/m=best/norm=false/smoother=hoa/backbone=sage/use_nfr=false/sanity_check=true/node_ratio=1/final_repeat10
64,32,8,12353,76.809455871582,0.620982594681,0.271270108230,0.433494165065,256,0.01,0.01,0.25,/data/hzw/Rethinking_DP_GNN_runtime/paper_experiments/figure10/x_steps=64.yaml/dataset=cora/feature=random_normal/feature_dim=32/scale=256/random_normal_mean=0/random_normal_std=1/mechanism=mbm/x_eps=inf/m=best/norm=false/smoother=hoa/backbone=sage/use_nfr=false/sanity_check=true/node_ratio=1,/data/hzw/Rethinking_DP_GNN_runtime/paper_experiments/figure10/x_steps=64.yaml/dataset=cora/feature=random_normal/feature_dim=32/scale=256/random_normal_mean=0/random_normal_std=1/mechanism=mbm/x_eps=inf/m=best/norm=false/smoother=hoa/backbone=sage/use_nfr=false/sanity_check=true/node_ratio=1/final_repeat10
64,32,9,12354,83.308715820312,0.639159693011,0.273512521105,0.433494165065,256,0.01,0.01,0.25,/data/hzw/Rethinking_DP_GNN_runtime/paper_experiments/figure10/x_steps=64.yaml/dataset=cora/feature=random_normal/feature_dim=32/scale=256/random_normal_mean=0/random_normal_std=1/mechanism=mbm/x_eps=inf/m=best/norm=false/smoother=hoa/backbone=sage/use_nfr=false/sanity_check=true/node_ratio=1,/data/hzw/Rethinking_DP_GNN_runtime/paper_experiments/figure10/x_steps=64.yaml/dataset=cora/feature=random_normal/feature_dim=32/scale=256/random_normal_mean=0/random_normal_std=1/mechanism=mbm/x_eps=inf/m=best/norm=false/smoother=hoa/backbone=sage/use_nfr=false/sanity_check=true/node_ratio=1/final_repeat10
64,64,0,12345,84.490394592285,0.729518043147,0.312862745058,0.433494165065,64,0.01,0.01,0.25,/data/hzw/Rethinking_DP_GNN_runtime/paper_experiments/figure10/x_steps=64.yaml/dataset=cora/feature=random_normal/feature_dim=64/scale=64/random_normal_mean=0/random_normal_std=1/mechanism=mbm/x_eps=inf/m=best/norm=false/smoother=hoa/backbone=sage/use_nfr=false/sanity_check=true/node_ratio=1,/data/hzw/Rethinking_DP_GNN_runtime/paper_experiments/figure10/x_steps=64.yaml/dataset=cora/feature=random_normal/feature_dim=64/scale=64/random_normal_mean=0/random_normal_std=1/mechanism=mbm/x_eps=inf/m=best/norm=false/smoother=hoa/backbone=sage/use_nfr=false/sanity_check=true/node_ratio=1/final_repeat10
64,64,1,12346,82.127029418945,0.742852163083,0.315391360457,0.433494165065,64,0.01,0.01,0.25,/data/hzw/Rethinking_DP_GNN_runtime/paper_experiments/figure10/x_steps=64.yaml/dataset=cora/feature=random_normal/feature_dim=64/scale=64/random_normal_mean=0/random_normal_std=1/mechanism=mbm/x_eps=inf/m=best/norm=false/smoother=hoa/backbone=sage/use_nfr=false/sanity_check=true/node_ratio=1,/data/hzw/Rethinking_DP_GNN_runtime/paper_experiments/figure10/x_steps=64.yaml/dataset=cora/feature=random_normal/feature_dim=64/scale=64/random_normal_mean=0/random_normal_std=1/mechanism=mbm/x_eps=inf/m=best/norm=false/smoother=hoa/backbone=sage/use_nfr=false/sanity_check=true/node_ratio=1/final_repeat10
64,64,2,12347,83.751846313477,0.744186444808,0.352209736376,0.433494165065,64,0.01,0.01,0.25,/data/hzw/Rethinking_DP_GNN_runtime/paper_experiments/figure10/x_steps=64.yaml/dataset=cora/feature=random_normal/feature_dim=64/scale=64/random_normal_mean=0/random_normal_std=1/mechanism=mbm/x_eps=inf/m=best/norm=false/smoother=hoa/backbone=sage/use_nfr=false/sanity_check=true/node_ratio=1,/data/hzw/Rethinking_DP_GNN_runtime/paper_experiments/figure10/x_steps=64.yaml/dataset=cora/feature=random_normal/feature_dim=64/scale=64/random_normal_mean=0/random_normal_std=1/mechanism=mbm/x_eps=inf/m=best/norm=false/smoother=hoa/backbone=sage/use_nfr=false/sanity_check=true/node_ratio=1/final_repeat10
64,64,3,12348,82.274742126465,0.765346854793,0.333399716221,0.433494165065,64,0.01,0.01,0.25,/data/hzw/Rethinking_DP_GNN_runtime/paper_experiments/figure10/x_steps=64.yaml/dataset=cora/feature=random_normal/feature_dim=64/scale=64/random_normal_mean=0/random_normal_std=1/mechanism=mbm/x_eps=inf/m=best/norm=false/smoother=hoa/backbone=sage/use_nfr=false/sanity_check=true/node_ratio=1,/data/hzw/Rethinking_DP_GNN_runtime/paper_experiments/figure10/x_steps=64.yaml/dataset=cora/feature=random_normal/feature_dim=64/scale=64/random_normal_mean=0/random_normal_std=1/mechanism=mbm/x_eps=inf/m=best/norm=false/smoother=hoa/backbone=sage/use_nfr=false/sanity_check=true/node_ratio=1/final_repeat10
64,64,4,12349,79.468238830566,0.748262837268,0.318237968841,0.433494165065,64,0.01,0.01,0.25,/data/hzw/Rethinking_DP_GNN_runtime/paper_experiments/figure10/x_steps=64.yaml/dataset=cora/feature=random_normal/feature_dim=64/scale=64/random_normal_mean=0/random_normal_std=1/mechanism=mbm/x_eps=inf/m=best/norm=false/smoother=hoa/backbone=sage/use_nfr=false/sanity_check=true/node_ratio=1,/data/hzw/Rethinking_DP_GNN_runtime/paper_experiments/figure10/x_steps=64.yaml/dataset=cora/feature=random_normal/feature_dim=64/scale=64/random_normal_mean=0/random_normal_std=1/mechanism=mbm/x_eps=inf/m=best/norm=false/smoother=hoa/backbone=sage/use_nfr=false/sanity_check=true/node_ratio=1/final_repeat10
64,64,5,12350,69.276222229004,0.743277600743,0.326046775364,0.433494165065,64,0.01,0.01,0.25,/data/hzw/Rethinking_DP_GNN_runtime/paper_experiments/figure10/x_steps=64.yaml/dataset=cora/feature=random_normal/feature_dim=64/scale=64/random_normal_mean=0/random_normal_std=1/mechanism=mbm/x_eps=inf/m=best/norm=false/smoother=hoa/backbone=sage/use_nfr=false/sanity_check=true/node_ratio=1,/data/hzw/Rethinking_DP_GNN_runtime/paper_experiments/figure10/x_steps=64.yaml/dataset=cora/feature=random_normal/feature_dim=64/scale=64/random_normal_mean=0/random_normal_std=1/mechanism=mbm/x_eps=inf/m=best/norm=false/smoother=hoa/backbone=sage/use_nfr=false/sanity_check=true/node_ratio=1/final_repeat10
64,64,6,12351,73.264404296875,0.736038495401,0.325528412345,0.433494165065,64,0.01,0.01,0.25,/data/hzw/Rethinking_DP_GNN_runtime/paper_experiments/figure10/x_steps=64.yaml/dataset=cora/feature=random_normal/feature_dim=64/scale=64/random_normal_mean=0/random_normal_std=1/mechanism=mbm/x_eps=inf/m=best/norm=false/smoother=hoa/backbone=sage/use_nfr=false/sanity_check=true/node_ratio=1,/data/hzw/Rethinking_DP_GNN_runtime/paper_experiments/figure10/x_steps=64.yaml/dataset=cora/feature=random_normal/feature_dim=64/scale=64/random_normal_mean=0/random_normal_std=1/mechanism=mbm/x_eps=inf/m=best/norm=false/smoother=hoa/backbone=sage/use_nfr=false/sanity_check=true/node_ratio=1/final_repeat10
64,64,7,12352,81.683898925781,0.743534352437,0.327022881689,0.433494165065,64,0.01,0.01,0.25,/data/hzw/Rethinking_DP_GNN_runtime/paper_experiments/figure10/x_steps=64.yaml/dataset=cora/feature=random_normal/feature_dim=64/scale=64/random_normal_mean=0/random_normal_std=1/mechanism=mbm/x_eps=inf/m=best/norm=false/smoother=hoa/backbone=sage/use_nfr=false/sanity_check=true/node_ratio=1,/data/hzw/Rethinking_DP_GNN_runtime/paper_experiments/figure10/x_steps=64.yaml/dataset=cora/feature=random_normal/feature_dim=64/scale=64/random_normal_mean=0/random_normal_std=1/mechanism=mbm/x_eps=inf/m=best/norm=false/smoother=hoa/backbone=sage/use_nfr=false/sanity_check=true/node_ratio=1/final_repeat10
64,64,8,12353,79.320533752441,0.717947656455,0.331456826615,0.433494165065,64,0.01,0.01,0.25,/data/hzw/Rethinking_DP_GNN_runtime/paper_experiments/figure10/x_steps=64.yaml/dataset=cora/feature=random_normal/feature_dim=64/scale=64/random_normal_mean=0/random_normal_std=1/mechanism=mbm/x_eps=inf/m=best/norm=false/smoother=hoa/backbone=sage/use_nfr=false/sanity_check=true/node_ratio=1,/data/hzw/Rethinking_DP_GNN_runtime/paper_experiments/figure10/x_steps=64.yaml/dataset=cora/feature=random_normal/feature_dim=64/scale=64/random_normal_mean=0/random_normal_std=1/mechanism=mbm/x_eps=inf/m=best/norm=false/smoother=hoa/backbone=sage/use_nfr=false/sanity_check=true/node_ratio=1/final_repeat10
64,64,9,12354,84.490394592285,0.737633056421,0.297989515433,0.433494165065,64,0.01,0.01,0.25,/data/hzw/Rethinking_DP_GNN_runtime/paper_experiments/figure10/x_steps=64.yaml/dataset=cora/feature=random_normal/feature_dim=64/scale=64/random_normal_mean=0/random_normal_std=1/mechanism=mbm/x_eps=inf/m=best/norm=false/smoother=hoa/backbone=sage/use_nfr=false/sanity_check=true/node_ratio=1,/data/hzw/Rethinking_DP_GNN_runtime/paper_experiments/figure10/x_steps=64.yaml/dataset=cora/feature=random_normal/feature_dim=64/scale=64/random_normal_mean=0/random_normal_std=1/mechanism=mbm/x_eps=inf/m=best/norm=false/smoother=hoa/backbone=sage/use_nfr=false/sanity_check=true/node_ratio=1/final_repeat10
64,128,0,12345,80.945343017578,0.824264306104,0.353959537763,0.433494165065,16,0.01,0.01,0.25,/data/hzw/Rethinking_DP_GNN_runtime/paper_experiments/figure10/x_steps=64.yaml/dataset=cora/feature=random_normal/feature_dim=128/scale=16/random_normal_mean=0/random_normal_std=1/mechanism=mbm/x_eps=inf/m=best/norm=false/smoother=hoa/backbone=sage/use_nfr=false/sanity_check=true/node_ratio=1,/data/hzw/Rethinking_DP_GNN_runtime/paper_experiments/figure10/x_steps=64.yaml/dataset=cora/feature=random_normal/feature_dim=128/scale=16/random_normal_mean=0/random_normal_std=1/mechanism=mbm/x_eps=inf/m=best/norm=false/smoother=hoa/backbone=sage/use_nfr=false/sanity_check=true/node_ratio=1/final_repeat10
64,128,1,12346,83.161003112793,0.853270374173,0.362822577548,0.433494165065,16,0.01,0.01,0.25,/data/hzw/Rethinking_DP_GNN_runtime/paper_experiments/figure10/x_steps=64.yaml/dataset=cora/feature=random_normal/feature_dim=128/scale=16/random_normal_mean=0/random_normal_std=1/mechanism=mbm/x_eps=inf/m=best/norm=false/smoother=hoa/backbone=sage/use_nfr=false/sanity_check=true/node_ratio=1,/data/hzw/Rethinking_DP_GNN_runtime/paper_experiments/figure10/x_steps=64.yaml/dataset=cora/feature=random_normal/feature_dim=128/scale=16/random_normal_mean=0/random_normal_std=1/mechanism=mbm/x_eps=inf/m=best/norm=false/smoother=hoa/backbone=sage/use_nfr=false/sanity_check=true/node_ratio=1/final_repeat10
64,128,2,12347,84.490394592285,0.847936190429,0.373346009008,0.433494165065,16,0.01,0.01,0.25,/data/hzw/Rethinking_DP_GNN_runtime/paper_experiments/figure10/x_steps=64.yaml/dataset=cora/feature=random_normal/feature_dim=128/scale=16/random_normal_mean=0/random_normal_std=1/mechanism=mbm/x_eps=inf/m=best/norm=false/smoother=hoa/backbone=sage/use_nfr=false/sanity_check=true/node_ratio=1,/data/hzw/Rethinking_DP_GNN_runtime/paper_experiments/figure10/x_steps=64.yaml/dataset=cora/feature=random_normal/feature_dim=128/scale=16/random_normal_mean=0/random_normal_std=1/mechanism=mbm/x_eps=inf/m=best/norm=false/smoother=hoa/backbone=sage/use_nfr=false/sanity_check=true/node_ratio=1/final_repeat10
64,128,3,12348,81.831611633301,0.848011599333,0.352505389423,0.433494165065,16,0.01,0.01,0.25,/data/hzw/Rethinking_DP_GNN_runtime/paper_experiments/figure10/x_steps=64.yaml/dataset=cora/feature=random_normal/feature_dim=128/scale=16/random_normal_mean=0/random_normal_std=1/mechanism=mbm/x_eps=inf/m=best/norm=false/smoother=hoa/backbone=sage/use_nfr=false/sanity_check=true/node_ratio=1,/data/hzw/Rethinking_DP_GNN_runtime/paper_experiments/figure10/x_steps=64.yaml/dataset=cora/feature=random_normal/feature_dim=128/scale=16/random_normal_mean=0/random_normal_std=1/mechanism=mbm/x_eps=inf/m=best/norm=false/smoother=hoa/backbone=sage/use_nfr=false/sanity_check=true/node_ratio=1/final_repeat10
64,128,4,12349,82.570159912109,0.836541905689,0.349347459030,0.433494165065,16,0.01,0.01,0.25,/data/hzw/Rethinking_DP_GNN_runtime/paper_experiments/figure10/x_steps=64.yaml/dataset=cora/feature=random_normal/feature_dim=128/scale=16/random_normal_mean=0/random_normal_std=1/mechanism=mbm/x_eps=inf/m=best/norm=false/smoother=hoa/backbone=sage/use_nfr=false/sanity_check=true/node_ratio=1,/data/hzw/Rethinking_DP_GNN_runtime/paper_experiments/figure10/x_steps=64.yaml/dataset=cora/feature=random_normal/feature_dim=128/scale=16/random_normal_mean=0/random_normal_std=1/mechanism=mbm/x_eps=inf/m=best/norm=false/smoother=hoa/backbone=sage/use_nfr=false/sanity_check=true/node_ratio=1/final_repeat10
64,128,5,12350,78.138847351074,0.860611080278,0.375154075997,0.433494165065,16,0.01,0.01,0.25,/data/hzw/Rethinking_DP_GNN_runtime/paper_experiments/figure10/x_steps=64.yaml/dataset=cora/feature=random_normal/feature_dim=128/scale=16/random_normal_mean=0/random_normal_std=1/mechanism=mbm/x_eps=inf/m=best/norm=false/smoother=hoa/backbone=sage/use_nfr=false/sanity_check=true/node_ratio=1,/data/hzw/Rethinking_DP_GNN_runtime/paper_experiments/figure10/x_steps=64.yaml/dataset=cora/feature=random_normal/feature_dim=128/scale=16/random_normal_mean=0/random_normal_std=1/mechanism=mbm/x_eps=inf/m=best/norm=false/smoother=hoa/backbone=sage/use_nfr=false/sanity_check=true/node_ratio=1/final_repeat10
64,128,6,12351,83.604133605957,0.841040572744,0.346515327083,0.433494165065,16,0.01,0.01,0.25,/data/hzw/Rethinking_DP_GNN_runtime/paper_experiments/figure10/x_steps=64.yaml/dataset=cora/feature=random_normal/feature_dim=128/scale=16/random_normal_mean=0/random_normal_std=1/mechanism=mbm/x_eps=inf/m=best/norm=false/smoother=hoa/backbone=sage/use_nfr=false/sanity_check=true/node_ratio=1,/data/hzw/Rethinking_DP_GNN_runtime/paper_experiments/figure10/x_steps=64.yaml/dataset=cora/feature=random_normal/feature_dim=128/scale=16/random_normal_mean=0/random_normal_std=1/mechanism=mbm/x_eps=inf/m=best/norm=false/smoother=hoa/backbone=sage/use_nfr=false/sanity_check=true/node_ratio=1/final_repeat10
64,128,7,12352,83.013290405273,0.836096986592,0.383440453143,0.433494165065,16,0.01,0.01,0.25,/data/hzw/Rethinking_DP_GNN_runtime/paper_experiments/figure10/x_steps=64.yaml/dataset=cora/feature=random_normal/feature_dim=128/scale=16/random_normal_mean=0/random_normal_std=1/mechanism=mbm/x_eps=inf/m=best/norm=false/smoother=hoa/backbone=sage/use_nfr=false/sanity_check=true/node_ratio=1,/data/hzw/Rethinking_DP_GNN_runtime/paper_experiments/figure10/x_steps=64.yaml/dataset=cora/feature=random_normal/feature_dim=128/scale=16/random_normal_mean=0/random_normal_std=1/mechanism=mbm/x_eps=inf/m=best/norm=false/smoother=hoa/backbone=sage/use_nfr=false/sanity_check=true/node_ratio=1/final_repeat10
64,128,8,12353,83.013290405273,0.832288772118,0.345056806147,0.433494165065,16,0.01,0.01,0.25,/data/hzw/Rethinking_DP_GNN_runtime/paper_experiments/figure10/x_steps=64.yaml/dataset=cora/feature=random_normal/feature_dim=128/scale=16/random_normal_mean=0/random_normal_std=1/mechanism=mbm/x_eps=inf/m=best/norm=false/smoother=hoa/backbone=sage/use_nfr=false/sanity_check=true/node_ratio=1,/data/hzw/Rethinking_DP_GNN_runtime/paper_experiments/figure10/x_steps=64.yaml/dataset=cora/feature=random_normal/feature_dim=128/scale=16/random_normal_mean=0/random_normal_std=1/mechanism=mbm/x_eps=inf/m=best/norm=false/smoother=hoa/backbone=sage/use_nfr=false/sanity_check=true/node_ratio=1/final_repeat10
64,128,9,12354,86.115211486816,0.851237864310,0.383103161794,0.433494165065,16,0.01,0.01,0.25,/data/hzw/Rethinking_DP_GNN_runtime/paper_experiments/figure10/x_steps=64.yaml/dataset=cora/feature=random_normal/feature_dim=128/scale=16/random_normal_mean=0/random_normal_std=1/mechanism=mbm/x_eps=inf/m=best/norm=false/smoother=hoa/backbone=sage/use_nfr=false/sanity_check=true/node_ratio=1,/data/hzw/Rethinking_DP_GNN_runtime/paper_experiments/figure10/x_steps=64.yaml/dataset=cora/feature=random_normal/feature_dim=128/scale=16/random_normal_mean=0/random_normal_std=1/mechanism=mbm/x_eps=inf/m=best/norm=false/smoother=hoa/backbone=sage/use_nfr=false/sanity_check=true/node_ratio=1/final_repeat10
64,256,0,12345,84.638107299805,0.917048351467,0.401872496489,0.433494165065,64,0.001,0.01,0.25,/data/hzw/Rethinking_DP_GNN_runtime/paper_experiments/figure10/x_steps=64.yaml/dataset=cora/feature=random_normal/feature_dim=256/scale=64/random_normal_mean=0/random_normal_std=1/mechanism=mbm/x_eps=inf/m=best/norm=false/smoother=hoa/backbone=sage/use_nfr=false/sanity_check=true/node_ratio=1,/data/hzw/Rethinking_DP_GNN_runtime/paper_experiments/figure10/x_steps=64.yaml/dataset=cora/feature=random_normal/feature_dim=256/scale=64/random_normal_mean=0/random_normal_std=1/mechanism=mbm/x_eps=inf/m=best/norm=false/smoother=hoa/backbone=sage/use_nfr=false/sanity_check=true/node_ratio=1/final_repeat10
64,256,1,12346,85.228950500488,0.908931246674,0.394264506990,0.433494165065,64,0.001,0.01,0.25,/data/hzw/Rethinking_DP_GNN_runtime/paper_experiments/figure10/x_steps=64.yaml/dataset=cora/feature=random_normal/feature_dim=256/scale=64/random_normal_mean=0/random_normal_std=1/mechanism=mbm/x_eps=inf/m=best/norm=false/smoother=hoa/backbone=sage/use_nfr=false/sanity_check=true/node_ratio=1,/data/hzw/Rethinking_DP_GNN_runtime/paper_experiments/figure10/x_steps=64.yaml/dataset=cora/feature=random_normal/feature_dim=256/scale=64/random_normal_mean=0/random_normal_std=1/mechanism=mbm/x_eps=inf/m=best/norm=false/smoother=hoa/backbone=sage/use_nfr=false/sanity_check=true/node_ratio=1/final_repeat10
64,256,2,12347,83.456420898438,0.915303952888,0.390133140704,0.433494165065,64,0.001,0.01,0.25,/data/hzw/Rethinking_DP_GNN_runtime/paper_experiments/figure10/x_steps=64.yaml/dataset=cora/feature=random_normal/feature_dim=256/scale=64/random_normal_mean=0/random_normal_std=1/mechanism=mbm/x_eps=inf/m=best/norm=false/smoother=hoa/backbone=sage/use_nfr=false/sanity_check=true/node_ratio=1,/data/hzw/Rethinking_DP_GNN_runtime/paper_experiments/figure10/x_steps=64.yaml/dataset=cora/feature=random_normal/feature_dim=256/scale=64/random_normal_mean=0/random_normal_std=1/mechanism=mbm/x_eps=inf/m=best/norm=false/smoother=hoa/backbone=sage/use_nfr=false/sanity_check=true/node_ratio=1/final_repeat10
64,256,3,12348,83.161003112793,0.916493409587,0.384079594005,0.433494165065,64,0.001,0.01,0.25,/data/hzw/Rethinking_DP_GNN_runtime/paper_experiments/figure10/x_steps=64.yaml/dataset=cora/feature=random_normal/feature_dim=256/scale=64/random_normal_mean=0/random_normal_std=1/mechanism=mbm/x_eps=inf/m=best/norm=false/smoother=hoa/backbone=sage/use_nfr=false/sanity_check=true/node_ratio=1,/data/hzw/Rethinking_DP_GNN_runtime/paper_experiments/figure10/x_steps=64.yaml/dataset=cora/feature=random_normal/feature_dim=256/scale=64/random_normal_mean=0/random_normal_std=1/mechanism=mbm/x_eps=inf/m=best/norm=false/smoother=hoa/backbone=sage/use_nfr=false/sanity_check=true/node_ratio=1/final_repeat10
64,256,4,12349,82.717872619629,0.911198010667,0.394587368427,0.433494165065,64,0.001,0.01,0.25,/data/hzw/Rethinking_DP_GNN_runtime/paper_experiments/figure10/x_steps=64.yaml/dataset=cora/feature=random_normal/feature_dim=256/scale=64/random_normal_mean=0/random_normal_std=1/mechanism=mbm/x_eps=inf/m=best/norm=false/smoother=hoa/backbone=sage/use_nfr=false/sanity_check=true/node_ratio=1,/data/hzw/Rethinking_DP_GNN_runtime/paper_experiments/figure10/x_steps=64.yaml/dataset=cora/feature=random_normal/feature_dim=256/scale=64/random_normal_mean=0/random_normal_std=1/mechanism=mbm/x_eps=inf/m=best/norm=false/smoother=hoa/backbone=sage/use_nfr=false/sanity_check=true/node_ratio=1/final_repeat10
64,256,5,12350,82.865585327148,0.913259500882,0.389215583402,0.433494165065,64,0.001,0.01,0.25,/data/hzw/Rethinking_DP_GNN_runtime/paper_experiments/figure10/x_steps=64.yaml/dataset=cora/feature=random_normal/feature_dim=256/scale=64/random_normal_mean=0/random_normal_std=1/mechanism=mbm/x_eps=inf/m=best/norm=false/smoother=hoa/backbone=sage/use_nfr=false/sanity_check=true/node_ratio=1,/data/hzw/Rethinking_DP_GNN_runtime/paper_experiments/figure10/x_steps=64.yaml/dataset=cora/feature=random_normal/feature_dim=256/scale=64/random_normal_mean=0/random_normal_std=1/mechanism=mbm/x_eps=inf/m=best/norm=false/smoother=hoa/backbone=sage/use_nfr=false/sanity_check=true/node_ratio=1/final_repeat10
64,256,6,12351,83.308715820312,0.909015920631,0.378925817174,0.433494165065,64,0.001,0.01,0.25,/data/hzw/Rethinking_DP_GNN_runtime/paper_experiments/figure10/x_steps=64.yaml/dataset=cora/feature=random_normal/feature_dim=256/scale=64/random_normal_mean=0/random_normal_std=1/mechanism=mbm/x_eps=inf/m=best/norm=false/smoother=hoa/backbone=sage/use_nfr=false/sanity_check=true/node_ratio=1,/data/hzw/Rethinking_DP_GNN_runtime/paper_experiments/figure10/x_steps=64.yaml/dataset=cora/feature=random_normal/feature_dim=256/scale=64/random_normal_mean=0/random_normal_std=1/mechanism=mbm/x_eps=inf/m=best/norm=false/smoother=hoa/backbone=sage/use_nfr=false/sanity_check=true/node_ratio=1/final_repeat10
64,256,7,12352,84.342689514160,0.916085441715,0.395153276666,0.433494165065,64,0.001,0.01,0.25,/data/hzw/Rethinking_DP_GNN_runtime/paper_experiments/figure10/x_steps=64.yaml/dataset=cora/feature=random_normal/feature_dim=256/scale=64/random_normal_mean=0/random_normal_std=1/mechanism=mbm/x_eps=inf/m=best/norm=false/smoother=hoa/backbone=sage/use_nfr=false/sanity_check=true/node_ratio=1,/data/hzw/Rethinking_DP_GNN_runtime/paper_experiments/figure10/x_steps=64.yaml/dataset=cora/feature=random_normal/feature_dim=256/scale=64/random_normal_mean=0/random_normal_std=1/mechanism=mbm/x_eps=inf/m=best/norm=false/smoother=hoa/backbone=sage/use_nfr=false/sanity_check=true/node_ratio=1/final_repeat10
64,256,8,12353,82.127029418945,0.911054267531,0.402420310374,0.433494165065,64,0.001,0.01,0.25,/data/hzw/Rethinking_DP_GNN_runtime/paper_experiments/figure10/x_steps=64.yaml/dataset=cora/feature=random_normal/feature_dim=256/scale=64/random_normal_mean=0/random_normal_std=1/mechanism=mbm/x_eps=inf/m=best/norm=false/smoother=hoa/backbone=sage/use_nfr=false/sanity_check=true/node_ratio=1,/data/hzw/Rethinking_DP_GNN_runtime/paper_experiments/figure10/x_steps=64.yaml/dataset=cora/feature=random_normal/feature_dim=256/scale=64/random_normal_mean=0/random_normal_std=1/mechanism=mbm/x_eps=inf/m=best/norm=false/smoother=hoa/backbone=sage/use_nfr=false/sanity_check=true/node_ratio=1/final_repeat10
64,256,9,12354,85.524368286133,0.919576670462,0.406283691611,0.433494165065,64,0.001,0.01,0.25,/data/hzw/Rethinking_DP_GNN_runtime/paper_experiments/figure10/x_steps=64.yaml/dataset=cora/feature=random_normal/feature_dim=256/scale=64/random_normal_mean=0/random_normal_std=1/mechanism=mbm/x_eps=inf/m=best/norm=false/smoother=hoa/backbone=sage/use_nfr=false/sanity_check=true/node_ratio=1,/data/hzw/Rethinking_DP_GNN_runtime/paper_experiments/figure10/x_steps=64.yaml/dataset=cora/feature=random_normal/feature_dim=256/scale=64/random_normal_mean=0/random_normal_std=1/mechanism=mbm/x_eps=inf/m=best/norm=false/smoother=hoa/backbone=sage/use_nfr=false/sanity_check=true/node_ratio=1/final_repeat10
64,512,0,12345,84.194976806641,0.951309244152,0.408131682795,0.433494165065,4,0.01,0.001,0.5,/data/hzw/Rethinking_DP_GNN_runtime/paper_experiments/figure10/x_steps=64.yaml/dataset=cora/feature=random_normal/feature_dim=512/scale=4/random_normal_mean=0/random_normal_std=1/mechanism=mbm/x_eps=inf/m=best/norm=false/smoother=hoa/backbone=sage/use_nfr=false/sanity_check=true/node_ratio=1,/data/hzw/Rethinking_DP_GNN_runtime/paper_experiments/figure10/x_steps=64.yaml/dataset=cora/feature=random_normal/feature_dim=512/scale=4/random_normal_mean=0/random_normal_std=1/mechanism=mbm/x_eps=inf/m=best/norm=false/smoother=hoa/backbone=sage/use_nfr=false/sanity_check=true/node_ratio=1/final_repeat10
64,512,1,12346,84.047264099121,0.951818990957,0.413270662763,0.433494165065,4,0.01,0.001,0.5,/data/hzw/Rethinking_DP_GNN_runtime/paper_experiments/figure10/x_steps=64.yaml/dataset=cora/feature=random_normal/feature_dim=512/scale=4/random_normal_mean=0/random_normal_std=1/mechanism=mbm/x_eps=inf/m=best/norm=false/smoother=hoa/backbone=sage/use_nfr=false/sanity_check=true/node_ratio=1,/data/hzw/Rethinking_DP_GNN_runtime/paper_experiments/figure10/x_steps=64.yaml/dataset=cora/feature=random_normal/feature_dim=512/scale=4/random_normal_mean=0/random_normal_std=1/mechanism=mbm/x_eps=inf/m=best/norm=false/smoother=hoa/backbone=sage/use_nfr=false/sanity_check=true/node_ratio=1/final_repeat10
64,512,2,12347,84.933532714844,0.951574912221,0.413510979953,0.433494165065,4,0.01,0.001,0.5,/data/hzw/Rethinking_DP_GNN_runtime/paper_experiments/figure10/x_steps=64.yaml/dataset=cora/feature=random_normal/feature_dim=512/scale=4/random_normal_mean=0/random_normal_std=1/mechanism=mbm/x_eps=inf/m=best/norm=false/smoother=hoa/backbone=sage/use_nfr=false/sanity_check=true/node_ratio=1,/data/hzw/Rethinking_DP_GNN_runtime/paper_experiments/figure10/x_steps=64.yaml/dataset=cora/feature=random_normal/feature_dim=512/scale=4/random_normal_mean=0/random_normal_std=1/mechanism=mbm/x_eps=inf/m=best/norm=false/smoother=hoa/backbone=sage/use_nfr=false/sanity_check=true/node_ratio=1/final_repeat10
64,512,3,12348,85.081237792969,0.952248646513,0.407944124599,0.433494165065,4,0.01,0.001,0.5,/data/hzw/Rethinking_DP_GNN_runtime/paper_experiments/figure10/x_steps=64.yaml/dataset=cora/feature=random_normal/feature_dim=512/scale=4/random_normal_mean=0/random_normal_std=1/mechanism=mbm/x_eps=inf/m=best/norm=false/smoother=hoa/backbone=sage/use_nfr=false/sanity_check=true/node_ratio=1,/data/hzw/Rethinking_DP_GNN_runtime/paper_experiments/figure10/x_steps=64.yaml/dataset=cora/feature=random_normal/feature_dim=512/scale=4/random_normal_mean=0/random_normal_std=1/mechanism=mbm/x_eps=inf/m=best/norm=false/smoother=hoa/backbone=sage/use_nfr=false/sanity_check=true/node_ratio=1/final_repeat10
64,512,4,12349,83.308715820312,0.954816884097,0.403751731747,0.433494165065,4,0.01,0.001,0.5,/data/hzw/Rethinking_DP_GNN_runtime/paper_experiments/figure10/x_steps=64.yaml/dataset=cora/feature=random_normal/feature_dim=512/scale=4/random_normal_mean=0/random_normal_std=1/mechanism=mbm/x_eps=inf/m=best/norm=false/smoother=hoa/backbone=sage/use_nfr=false/sanity_check=true/node_ratio=1,/data/hzw/Rethinking_DP_GNN_runtime/paper_experiments/figure10/x_steps=64.yaml/dataset=cora/feature=random_normal/feature_dim=512/scale=4/random_normal_mean=0/random_normal_std=1/mechanism=mbm/x_eps=inf/m=best/norm=false/smoother=hoa/backbone=sage/use_nfr=false/sanity_check=true/node_ratio=1/final_repeat10
64,512,5,12350,84.047264099121,0.953468252558,0.404597107728,0.433494165065,4,0.01,0.001,0.5,/data/hzw/Rethinking_DP_GNN_runtime/paper_experiments/figure10/x_steps=64.yaml/dataset=cora/feature=random_normal/feature_dim=512/scale=4/random_normal_mean=0/random_normal_std=1/mechanism=mbm/x_eps=inf/m=best/norm=false/smoother=hoa/backbone=sage/use_nfr=false/sanity_check=true/node_ratio=1,/data/hzw/Rethinking_DP_GNN_runtime/paper_experiments/figure10/x_steps=64.yaml/dataset=cora/feature=random_normal/feature_dim=512/scale=4/random_normal_mean=0/random_normal_std=1/mechanism=mbm/x_eps=inf/m=best/norm=false/smoother=hoa/backbone=sage/use_nfr=false/sanity_check=true/node_ratio=1/final_repeat10
64,512,6,12351,85.228950500488,0.953873723266,0.405671267729,0.433494165065,4,0.01,0.001,0.5,/data/hzw/Rethinking_DP_GNN_runtime/paper_experiments/figure10/x_steps=64.yaml/dataset=cora/feature=random_normal/feature_dim=512/scale=4/random_normal_mean=0/random_normal_std=1/mechanism=mbm/x_eps=inf/m=best/norm=false/smoother=hoa/backbone=sage/use_nfr=false/sanity_check=true/node_ratio=1,/data/hzw/Rethinking_DP_GNN_runtime/paper_experiments/figure10/x_steps=64.yaml/dataset=cora/feature=random_normal/feature_dim=512/scale=4/random_normal_mean=0/random_normal_std=1/mechanism=mbm/x_eps=inf/m=best/norm=false/smoother=hoa/backbone=sage/use_nfr=false/sanity_check=true/node_ratio=1/final_repeat10
64,512,7,12352,83.456420898438,0.950712597658,0.404054225750,0.433494165065,4,0.01,0.001,0.5,/data/hzw/Rethinking_DP_GNN_runtime/paper_experiments/figure10/x_steps=64.yaml/dataset=cora/feature=random_normal/feature_dim=512/scale=4/random_normal_mean=0/random_normal_std=1/mechanism=mbm/x_eps=inf/m=best/norm=false/smoother=hoa/backbone=sage/use_nfr=false/sanity_check=true/node_ratio=1,/data/hzw/Rethinking_DP_GNN_runtime/paper_experiments/figure10/x_steps=64.yaml/dataset=cora/feature=random_normal/feature_dim=512/scale=4/random_normal_mean=0/random_normal_std=1/mechanism=mbm/x_eps=inf/m=best/norm=false/smoother=hoa/backbone=sage/use_nfr=false/sanity_check=true/node_ratio=1/final_repeat10
64,512,8,12353,84.933532714844,0.951426421589,0.413623417792,0.433494165065,4,0.01,0.001,0.5,/data/hzw/Rethinking_DP_GNN_runtime/paper_experiments/figure10/x_steps=64.yaml/dataset=cora/feature=random_normal/feature_dim=512/scale=4/random_normal_mean=0/random_normal_std=1/mechanism=mbm/x_eps=inf/m=best/norm=false/smoother=hoa/backbone=sage/use_nfr=false/sanity_check=true/node_ratio=1,/data/hzw/Rethinking_DP_GNN_runtime/paper_experiments/figure10/x_steps=64.yaml/dataset=cora/feature=random_normal/feature_dim=512/scale=4/random_normal_mean=0/random_normal_std=1/mechanism=mbm/x_eps=inf/m=best/norm=false/smoother=hoa/backbone=sage/use_nfr=false/sanity_check=true/node_ratio=1/final_repeat10
64,512,9,12354,85.819793701172,0.954889375589,0.406991031313,0.433494165065,4,0.01,0.001,0.5,/data/hzw/Rethinking_DP_GNN_runtime/paper_experiments/figure10/x_steps=64.yaml/dataset=cora/feature=random_normal/feature_dim=512/scale=4/random_normal_mean=0/random_normal_std=1/mechanism=mbm/x_eps=inf/m=best/norm=false/smoother=hoa/backbone=sage/use_nfr=false/sanity_check=true/node_ratio=1,/data/hzw/Rethinking_DP_GNN_runtime/paper_experiments/figure10/x_steps=64.yaml/dataset=cora/feature=random_normal/feature_dim=512/scale=4/random_normal_mean=0/random_normal_std=1/mechanism=mbm/x_eps=inf/m=best/norm=false/smoother=hoa/backbone=sage/use_nfr=false/sanity_check=true/node_ratio=1/final_repeat10
64,1024,0,12345,85.376663208008,0.974698505598,0.421716995208,0.433494165065,64,0.01,0.01,0.75,/data/hzw/Rethinking_DP_GNN_runtime/paper_experiments/figure10/x_steps=64.yaml/dataset=cora/feature=random_normal/feature_dim=1024/scale=64/random_normal_mean=0/random_normal_std=1/mechanism=mbm/x_eps=inf/m=best/norm=false/smoother=hoa/backbone=sage/use_nfr=false/sanity_check=true/node_ratio=1,/data/hzw/Rethinking_DP_GNN_runtime/paper_experiments/figure10/x_steps=64.yaml/dataset=cora/feature=random_normal/feature_dim=1024/scale=64/random_normal_mean=0/random_normal_std=1/mechanism=mbm/x_eps=inf/m=best/norm=false/smoother=hoa/backbone=sage/use_nfr=false/sanity_check=true/node_ratio=1/final_repeat10
64,1024,1,12346,84.490394592285,0.977264268485,0.424318498880,0.433494165065,64,0.01,0.01,0.75,/data/hzw/Rethinking_DP_GNN_runtime/paper_experiments/figure10/x_steps=64.yaml/dataset=cora/feature=random_normal/feature_dim=1024/scale=64/random_normal_mean=0/random_normal_std=1/mechanism=mbm/x_eps=inf/m=best/norm=false/smoother=hoa/backbone=sage/use_nfr=false/sanity_check=true/node_ratio=1,/data/hzw/Rethinking_DP_GNN_runtime/paper_experiments/figure10/x_steps=64.yaml/dataset=cora/feature=random_normal/feature_dim=1024/scale=64/random_normal_mean=0/random_normal_std=1/mechanism=mbm/x_eps=inf/m=best/norm=false/smoother=hoa/backbone=sage/use_nfr=false/sanity_check=true/node_ratio=1/final_repeat10
64,1024,2,12347,86.706054687500,0.975120030695,0.419592178490,0.433494165065,64,0.01,0.01,0.75,/data/hzw/Rethinking_DP_GNN_runtime/paper_experiments/figure10/x_steps=64.yaml/dataset=cora/feature=random_normal/feature_dim=1024/scale=64/random_normal_mean=0/random_normal_std=1/mechanism=mbm/x_eps=inf/m=best/norm=false/smoother=hoa/backbone=sage/use_nfr=false/sanity_check=true/node_ratio=1,/data/hzw/Rethinking_DP_GNN_runtime/paper_experiments/figure10/x_steps=64.yaml/dataset=cora/feature=random_normal/feature_dim=1024/scale=64/random_normal_mean=0/random_normal_std=1/mechanism=mbm/x_eps=inf/m=best/norm=false/smoother=hoa/backbone=sage/use_nfr=false/sanity_check=true/node_ratio=1/final_repeat10
64,1024,3,12348,87.444610595703,0.976457605860,0.425812991562,0.433494165065,64,0.01,0.01,0.75,/data/hzw/Rethinking_DP_GNN_runtime/paper_experiments/figure10/x_steps=64.yaml/dataset=cora/feature=random_normal/feature_dim=1024/scale=64/random_normal_mean=0/random_normal_std=1/mechanism=mbm/x_eps=inf/m=best/norm=false/smoother=hoa/backbone=sage/use_nfr=false/sanity_check=true/node_ratio=1,/data/hzw/Rethinking_DP_GNN_runtime/paper_experiments/figure10/x_steps=64.yaml/dataset=cora/feature=random_normal/feature_dim=1024/scale=64/random_normal_mean=0/random_normal_std=1/mechanism=mbm/x_eps=inf/m=best/norm=false/smoother=hoa/backbone=sage/use_nfr=false/sanity_check=true/node_ratio=1/final_repeat10
64,1024,4,12349,83.604133605957,0.975177763364,0.424459815727,0.433494165065,64,0.01,0.01,0.75,/data/hzw/Rethinking_DP_GNN_runtime/paper_experiments/figure10/x_steps=64.yaml/dataset=cora/feature=random_normal/feature_dim=1024/scale=64/random_normal_mean=0/random_normal_std=1/mechanism=mbm/x_eps=inf/m=best/norm=false/smoother=hoa/backbone=sage/use_nfr=false/sanity_check=true/node_ratio=1,/data/hzw/Rethinking_DP_GNN_runtime/paper_experiments/figure10/x_steps=64.yaml/dataset=cora/feature=random_normal/feature_dim=1024/scale=64/random_normal_mean=0/random_normal_std=1/mechanism=mbm/x_eps=inf/m=best/norm=false/smoother=hoa/backbone=sage/use_nfr=false/sanity_check=true/node_ratio=1/final_repeat10
64,1024,5,12350,84.342689514160,0.976255657723,0.434416581617,0.433494165065,64,0.01,0.01,0.75,/data/hzw/Rethinking_DP_GNN_runtime/paper_experiments/figure10/x_steps=64.yaml/dataset=cora/feature=random_normal/feature_dim=1024/scale=64/random_normal_mean=0/random_normal_std=1/mechanism=mbm/x_eps=inf/m=best/norm=false/smoother=hoa/backbone=sage/use_nfr=false/sanity_check=true/node_ratio=1,/data/hzw/Rethinking_DP_GNN_runtime/paper_experiments/figure10/x_steps=64.yaml/dataset=cora/feature=random_normal/feature_dim=1024/scale=64/random_normal_mean=0/random_normal_std=1/mechanism=mbm/x_eps=inf/m=best/norm=false/smoother=hoa/backbone=sage/use_nfr=false/sanity_check=true/node_ratio=1/final_repeat10
64,1024,6,12351,82.570159912109,0.976155881935,0.428605570670,0.433494165065,64,0.01,0.01,0.75,/data/hzw/Rethinking_DP_GNN_runtime/paper_experiments/figure10/x_steps=64.yaml/dataset=cora/feature=random_normal/feature_dim=1024/scale=64/random_normal_mean=0/random_normal_std=1/mechanism=mbm/x_eps=inf/m=best/norm=false/smoother=hoa/backbone=sage/use_nfr=false/sanity_check=true/node_ratio=1,/data/hzw/Rethinking_DP_GNN_runtime/paper_experiments/figure10/x_steps=64.yaml/dataset=cora/feature=random_normal/feature_dim=1024/scale=64/random_normal_mean=0/random_normal_std=1/mechanism=mbm/x_eps=inf/m=best/norm=false/smoother=hoa/backbone=sage/use_nfr=false/sanity_check=true/node_ratio=1/final_repeat10
64,1024,7,12352,85.819793701172,0.976249726304,0.425462972660,0.433494165065,64,0.01,0.01,0.75,/data/hzw/Rethinking_DP_GNN_runtime/paper_experiments/figure10/x_steps=64.yaml/dataset=cora/feature=random_normal/feature_dim=1024/scale=64/random_normal_mean=0/random_normal_std=1/mechanism=mbm/x_eps=inf/m=best/norm=false/smoother=hoa/backbone=sage/use_nfr=false/sanity_check=true/node_ratio=1,/data/hzw/Rethinking_DP_GNN_runtime/paper_experiments/figure10/x_steps=64.yaml/dataset=cora/feature=random_normal/feature_dim=1024/scale=64/random_normal_mean=0/random_normal_std=1/mechanism=mbm/x_eps=inf/m=best/norm=false/smoother=hoa/backbone=sage/use_nfr=false/sanity_check=true/node_ratio=1/final_repeat10
64,1024,8,12353,84.933532714844,0.975829308241,0.426112680743,0.433494165065,64,0.01,0.01,0.75,/data/hzw/Rethinking_DP_GNN_runtime/paper_experiments/figure10/x_steps=64.yaml/dataset=cora/feature=random_normal/feature_dim=1024/scale=64/random_normal_mean=0/random_normal_std=1/mechanism=mbm/x_eps=inf/m=best/norm=false/smoother=hoa/backbone=sage/use_nfr=false/sanity_check=true/node_ratio=1,/data/hzw/Rethinking_DP_GNN_runtime/paper_experiments/figure10/x_steps=64.yaml/dataset=cora/feature=random_normal/feature_dim=1024/scale=64/random_normal_mean=0/random_normal_std=1/mechanism=mbm/x_eps=inf/m=best/norm=false/smoother=hoa/backbone=sage/use_nfr=false/sanity_check=true/node_ratio=1/final_repeat10
64,1024,9,12354,86.706054687500,0.974964853673,0.415583785757,0.433494165065,64,0.01,0.01,0.75,/data/hzw/Rethinking_DP_GNN_runtime/paper_experiments/figure10/x_steps=64.yaml/dataset=cora/feature=random_normal/feature_dim=1024/scale=64/random_normal_mean=0/random_normal_std=1/mechanism=mbm/x_eps=inf/m=best/norm=false/smoother=hoa/backbone=sage/use_nfr=false/sanity_check=true/node_ratio=1,/data/hzw/Rethinking_DP_GNN_runtime/paper_experiments/figure10/x_steps=64.yaml/dataset=cora/feature=random_normal/feature_dim=1024/scale=64/random_normal_mean=0/random_normal_std=1/mechanism=mbm/x_eps=inf/m=best/norm=false/smoother=hoa/backbone=sage/use_nfr=false/sanity_check=true/node_ratio=1/final_repeat10
64,2048,0,12345,84.933532714844,0.987748712094,0.432110825369,0.433494165065,256,0.01,0.01,0.5,/data/hzw/Rethinking_DP_GNN_runtime/paper_experiments/figure10/x_steps=64.yaml/dataset=cora/feature=random_normal/feature_dim=2048/scale=256/random_normal_mean=0/random_normal_std=1/mechanism=mbm/x_eps=inf/m=best/norm=false/smoother=hoa/backbone=sage/use_nfr=false/sanity_check=true/node_ratio=1,/data/hzw/Rethinking_DP_GNN_runtime/paper_experiments/figure10/x_steps=64.yaml/dataset=cora/feature=random_normal/feature_dim=2048/scale=256/random_normal_mean=0/random_normal_std=1/mechanism=mbm/x_eps=inf/m=best/norm=false/smoother=hoa/backbone=sage/use_nfr=false/sanity_check=true/node_ratio=1/final_repeat10
64,2048,1,12346,84.638107299805,0.988337482700,0.431897619557,0.433494165065,256,0.01,0.01,0.5,/data/hzw/Rethinking_DP_GNN_runtime/paper_experiments/figure10/x_steps=64.yaml/dataset=cora/feature=random_normal/feature_dim=2048/scale=256/random_normal_mean=0/random_normal_std=1/mechanism=mbm/x_eps=inf/m=best/norm=false/smoother=hoa/backbone=sage/use_nfr=false/sanity_check=true/node_ratio=1,/data/hzw/Rethinking_DP_GNN_runtime/paper_experiments/figure10/x_steps=64.yaml/dataset=cora/feature=random_normal/feature_dim=2048/scale=256/random_normal_mean=0/random_normal_std=1/mechanism=mbm/x_eps=inf/m=best/norm=false/smoother=hoa/backbone=sage/use_nfr=false/sanity_check=true/node_ratio=1/final_repeat10
64,2048,2,12347,86.853767395020,0.987481221054,0.429758755392,0.433494165065,256,0.01,0.01,0.5,/data/hzw/Rethinking_DP_GNN_runtime/paper_experiments/figure10/x_steps=64.yaml/dataset=cora/feature=random_normal/feature_dim=2048/scale=256/random_normal_mean=0/random_normal_std=1/mechanism=mbm/x_eps=inf/m=best/norm=false/smoother=hoa/backbone=sage/use_nfr=false/sanity_check=true/node_ratio=1,/data/hzw/Rethinking_DP_GNN_runtime/paper_experiments/figure10/x_steps=64.yaml/dataset=cora/feature=random_normal/feature_dim=2048/scale=256/random_normal_mean=0/random_normal_std=1/mechanism=mbm/x_eps=inf/m=best/norm=false/smoother=hoa/backbone=sage/use_nfr=false/sanity_check=true/node_ratio=1/final_repeat10
64,2048,3,12348,86.262924194336,0.987470508289,0.425069712518,0.433494165065,256,0.01,0.01,0.5,/data/hzw/Rethinking_DP_GNN_runtime/paper_experiments/figure10/x_steps=64.yaml/dataset=cora/feature=random_normal/feature_dim=2048/scale=256/random_normal_mean=0/random_normal_std=1/mechanism=mbm/x_eps=inf/m=best/norm=false/smoother=hoa/backbone=sage/use_nfr=false/sanity_check=true/node_ratio=1,/data/hzw/Rethinking_DP_GNN_runtime/paper_experiments/figure10/x_steps=64.yaml/dataset=cora/feature=random_normal/feature_dim=2048/scale=256/random_normal_mean=0/random_normal_std=1/mechanism=mbm/x_eps=inf/m=best/norm=false/smoother=hoa/backbone=sage/use_nfr=false/sanity_check=true/node_ratio=1/final_repeat10
64,2048,4,12349,84.194976806641,0.987754720303,0.427749852430,0.433494165065,256,0.01,0.01,0.5,/data/hzw/Rethinking_DP_GNN_runtime/paper_experiments/figure10/x_steps=64.yaml/dataset=cora/feature=random_normal/feature_dim=2048/scale=256/random_normal_mean=0/random_normal_std=1/mechanism=mbm/x_eps=inf/m=best/norm=false/smoother=hoa/backbone=sage/use_nfr=false/sanity_check=true/node_ratio=1,/data/hzw/Rethinking_DP_GNN_runtime/paper_experiments/figure10/x_steps=64.yaml/dataset=cora/feature=random_normal/feature_dim=2048/scale=256/random_normal_mean=0/random_normal_std=1/mechanism=mbm/x_eps=inf/m=best/norm=false/smoother=hoa/backbone=sage/use_nfr=false/sanity_check=true/node_ratio=1/final_repeat10
64,2048,5,12350,83.899559020996,0.987623345920,0.428297131984,0.433494165065,256,0.01,0.01,0.5,/data/hzw/Rethinking_DP_GNN_runtime/paper_experiments/figure10/x_steps=64.yaml/dataset=cora/feature=random_normal/feature_dim=2048/scale=256/random_normal_mean=0/random_normal_std=1/mechanism=mbm/x_eps=inf/m=best/norm=false/smoother=hoa/backbone=sage/use_nfr=false/sanity_check=true/node_ratio=1,/data/hzw/Rethinking_DP_GNN_runtime/paper_experiments/figure10/x_steps=64.yaml/dataset=cora/feature=random_normal/feature_dim=2048/scale=256/random_normal_mean=0/random_normal_std=1/mechanism=mbm/x_eps=inf/m=best/norm=false/smoother=hoa/backbone=sage/use_nfr=false/sanity_check=true/node_ratio=1/final_repeat10
64,2048,6,12351,84.490394592285,0.987127577742,0.432694920953,0.433494165065,256,0.01,0.01,0.5,/data/hzw/Rethinking_DP_GNN_runtime/paper_experiments/figure10/x_steps=64.yaml/dataset=cora/feature=random_normal/feature_dim=2048/scale=256/random_normal_mean=0/random_normal_std=1/mechanism=mbm/x_eps=inf/m=best/norm=false/smoother=hoa/backbone=sage/use_nfr=false/sanity_check=true/node_ratio=1,/data/hzw/Rethinking_DP_GNN_runtime/paper_experiments/figure10/x_steps=64.yaml/dataset=cora/feature=random_normal/feature_dim=2048/scale=256/random_normal_mean=0/random_normal_std=1/mechanism=mbm/x_eps=inf/m=best/norm=false/smoother=hoa/backbone=sage/use_nfr=false/sanity_check=true/node_ratio=1/final_repeat10
64,2048,7,12352,87.001472473145,0.987521528784,0.426729609241,0.433494165065,256,0.01,0.01,0.5,/data/hzw/Rethinking_DP_GNN_runtime/paper_experiments/figure10/x_steps=64.yaml/dataset=cora/feature=random_normal/feature_dim=2048/scale=256/random_normal_mean=0/random_normal_std=1/mechanism=mbm/x_eps=inf/m=best/norm=false/smoother=hoa/backbone=sage/use_nfr=false/sanity_check=true/node_ratio=1,/data/hzw/Rethinking_DP_GNN_runtime/paper_experiments/figure10/x_steps=64.yaml/dataset=cora/feature=random_normal/feature_dim=2048/scale=256/random_normal_mean=0/random_normal_std=1/mechanism=mbm/x_eps=inf/m=best/norm=false/smoother=hoa/backbone=sage/use_nfr=false/sanity_check=true/node_ratio=1/final_repeat10
64,2048,8,12353,83.899559020996,0.987566190497,0.427187698049,0.433494165065,256,0.01,0.01,0.5,/data/hzw/Rethinking_DP_GNN_runtime/paper_experiments/figure10/x_steps=64.yaml/dataset=cora/feature=random_normal/feature_dim=2048/scale=256/random_normal_mean=0/random_normal_std=1/mechanism=mbm/x_eps=inf/m=best/norm=false/smoother=hoa/backbone=sage/use_nfr=false/sanity_check=true/node_ratio=1,/data/hzw/Rethinking_DP_GNN_runtime/paper_experiments/figure10/x_steps=64.yaml/dataset=cora/feature=random_normal/feature_dim=2048/scale=256/random_normal_mean=0/random_normal_std=1/mechanism=mbm/x_eps=inf/m=best/norm=false/smoother=hoa/backbone=sage/use_nfr=false/sanity_check=true/node_ratio=1/final_repeat10
64,2048,9,12354,87.740028381348,0.987568407831,0.425780362849,0.433494165065,256,0.01,0.01,0.5,/data/hzw/Rethinking_DP_GNN_runtime/paper_experiments/figure10/x_steps=64.yaml/dataset=cora/feature=random_normal/feature_dim=2048/scale=256/random_normal_mean=0/random_normal_std=1/mechanism=mbm/x_eps=inf/m=best/norm=false/smoother=hoa/backbone=sage/use_nfr=false/sanity_check=true/node_ratio=1,/data/hzw/Rethinking_DP_GNN_runtime/paper_experiments/figure10/x_steps=64.yaml/dataset=cora/feature=random_normal/feature_dim=2048/scale=256/random_normal_mean=0/random_normal_std=1/mechanism=mbm/x_eps=inf/m=best/norm=false/smoother=hoa/backbone=sage/use_nfr=false/sanity_check=true/node_ratio=1/final_repeat10
64,4096,0,12345,85.376663208008,0.993716123343,0.428978378074,0.433494165065,4,0.01,0.001,0.25,/data/hzw/Rethinking_DP_GNN_runtime/paper_experiments/figure10/x_steps=64.yaml/dataset=cora/feature=random_normal/feature_dim=4096/scale=4/random_normal_mean=0/random_normal_std=1/mechanism=mbm/x_eps=inf/m=best/norm=false/smoother=hoa/backbone=sage/use_nfr=false/sanity_check=true/node_ratio=1,/data/hzw/Rethinking_DP_GNN_runtime/paper_experiments/figure10/x_steps=64.yaml/dataset=cora/feature=random_normal/feature_dim=4096/scale=4/random_normal_mean=0/random_normal_std=1/mechanism=mbm/x_eps=inf/m=best/norm=false/smoother=hoa/backbone=sage/use_nfr=false/sanity_check=true/node_ratio=1/final_repeat10
64,4096,1,12346,84.047264099121,0.993631069268,0.429661170302,0.433494165065,4,0.01,0.001,0.25,/data/hzw/Rethinking_DP_GNN_runtime/paper_experiments/figure10/x_steps=64.yaml/dataset=cora/feature=random_normal/feature_dim=4096/scale=4/random_normal_mean=0/random_normal_std=1/mechanism=mbm/x_eps=inf/m=best/norm=false/smoother=hoa/backbone=sage/use_nfr=false/sanity_check=true/node_ratio=1,/data/hzw/Rethinking_DP_GNN_runtime/paper_experiments/figure10/x_steps=64.yaml/dataset=cora/feature=random_normal/feature_dim=4096/scale=4/random_normal_mean=0/random_normal_std=1/mechanism=mbm/x_eps=inf/m=best/norm=false/smoother=hoa/backbone=sage/use_nfr=false/sanity_check=true/node_ratio=1/final_repeat10
64,4096,2,12347,85.967498779297,0.993487658813,0.427213963742,0.433494165065,4,0.01,0.001,0.25,/data/hzw/Rethinking_DP_GNN_runtime/paper_experiments/figure10/x_steps=64.yaml/dataset=cora/feature=random_normal/feature_dim=4096/scale=4/random_normal_mean=0/random_normal_std=1/mechanism=mbm/x_eps=inf/m=best/norm=false/smoother=hoa/backbone=sage/use_nfr=false/sanity_check=true/node_ratio=1,/data/hzw/Rethinking_DP_GNN_runtime/paper_experiments/figure10/x_steps=64.yaml/dataset=cora/feature=random_normal/feature_dim=4096/scale=4/random_normal_mean=0/random_normal_std=1/mechanism=mbm/x_eps=inf/m=best/norm=false/smoother=hoa/backbone=sage/use_nfr=false/sanity_check=true/node_ratio=1/final_repeat10
64,4096,3,12348,85.672080993652,0.993725550205,0.427731623524,0.433494165065,4,0.01,0.001,0.25,/data/hzw/Rethinking_DP_GNN_runtime/paper_experiments/figure10/x_steps=64.yaml/dataset=cora/feature=random_normal/feature_dim=4096/scale=4/random_normal_mean=0/random_normal_std=1/mechanism=mbm/x_eps=inf/m=best/norm=false/smoother=hoa/backbone=sage/use_nfr=false/sanity_check=true/node_ratio=1,/data/hzw/Rethinking_DP_GNN_runtime/paper_experiments/figure10/x_steps=64.yaml/dataset=cora/feature=random_normal/feature_dim=4096/scale=4/random_normal_mean=0/random_normal_std=1/mechanism=mbm/x_eps=inf/m=best/norm=false/smoother=hoa/backbone=sage/use_nfr=false/sanity_check=true/node_ratio=1/final_repeat10
64,4096,4,12349,83.751846313477,0.993753834997,0.432911317811,0.433494165065,4,0.01,0.001,0.25,/data/hzw/Rethinking_DP_GNN_runtime/paper_experiments/figure10/x_steps=64.yaml/dataset=cora/feature=random_normal/feature_dim=4096/scale=4/random_normal_mean=0/random_normal_std=1/mechanism=mbm/x_eps=inf/m=best/norm=false/smoother=hoa/backbone=sage/use_nfr=false/sanity_check=true/node_ratio=1,/data/hzw/Rethinking_DP_GNN_runtime/paper_experiments/figure10/x_steps=64.yaml/dataset=cora/feature=random_normal/feature_dim=4096/scale=4/random_normal_mean=0/random_normal_std=1/mechanism=mbm/x_eps=inf/m=best/norm=false/smoother=hoa/backbone=sage/use_nfr=false/sanity_check=true/node_ratio=1/final_repeat10
64,4096,5,12350,83.308715820312,0.994165888175,0.430401182054,0.433494165065,4,0.01,0.001,0.25,/data/hzw/Rethinking_DP_GNN_runtime/paper_experiments/figure10/x_steps=64.yaml/dataset=cora/feature=random_normal/feature_dim=4096/scale=4/random_normal_mean=0/random_normal_std=1/mechanism=mbm/x_eps=inf/m=best/norm=false/smoother=hoa/backbone=sage/use_nfr=false/sanity_check=true/node_ratio=1,/data/hzw/Rethinking_DP_GNN_runtime/paper_experiments/figure10/x_steps=64.yaml/dataset=cora/feature=random_normal/feature_dim=4096/scale=4/random_normal_mean=0/random_normal_std=1/mechanism=mbm/x_eps=inf/m=best/norm=false/smoother=hoa/backbone=sage/use_nfr=false/sanity_check=true/node_ratio=1/final_repeat10
64,4096,6,12351,85.376663208008,0.993750436021,0.436225232180,0.433494165065,4,0.01,0.001,0.25,/data/hzw/Rethinking_DP_GNN_runtime/paper_experiments/figure10/x_steps=64.yaml/dataset=cora/feature=random_normal/feature_dim=4096/scale=4/random_normal_mean=0/random_normal_std=1/mechanism=mbm/x_eps=inf/m=best/norm=false/smoother=hoa/backbone=sage/use_nfr=false/sanity_check=true/node_ratio=1,/data/hzw/Rethinking_DP_GNN_runtime/paper_experiments/figure10/x_steps=64.yaml/dataset=cora/feature=random_normal/feature_dim=4096/scale=4/random_normal_mean=0/random_normal_std=1/mechanism=mbm/x_eps=inf/m=best/norm=false/smoother=hoa/backbone=sage/use_nfr=false/sanity_check=true/node_ratio=1/final_repeat10
64,4096,7,12352,85.819793701172,0.993599887945,0.431950615305,0.433494165065,4,0.01,0.001,0.25,/data/hzw/Rethinking_DP_GNN_runtime/paper_experiments/figure10/x_steps=64.yaml/dataset=cora/feature=random_normal/feature_dim=4096/scale=4/random_normal_mean=0/random_normal_std=1/mechanism=mbm/x_eps=inf/m=best/norm=false/smoother=hoa/backbone=sage/use_nfr=false/sanity_check=true/node_ratio=1,/data/hzw/Rethinking_DP_GNN_runtime/paper_experiments/figure10/x_steps=64.yaml/dataset=cora/feature=random_normal/feature_dim=4096/scale=4/random_normal_mean=0/random_normal_std=1/mechanism=mbm/x_eps=inf/m=best/norm=false/smoother=hoa/backbone=sage/use_nfr=false/sanity_check=true/node_ratio=1/final_repeat10
64,4096,8,12353,84.933532714844,0.993698912133,0.435849817593,0.433494165065,4,0.01,0.001,0.25,/data/hzw/Rethinking_DP_GNN_runtime/paper_experiments/figure10/x_steps=64.yaml/dataset=cora/feature=random_normal/feature_dim=4096/scale=4/random_normal_mean=0/random_normal_std=1/mechanism=mbm/x_eps=inf/m=best/norm=false/smoother=hoa/backbone=sage/use_nfr=false/sanity_check=true/node_ratio=1,/data/hzw/Rethinking_DP_GNN_runtime/paper_experiments/figure10/x_steps=64.yaml/dataset=cora/feature=random_normal/feature_dim=4096/scale=4/random_normal_mean=0/random_normal_std=1/mechanism=mbm/x_eps=inf/m=best/norm=false/smoother=hoa/backbone=sage/use_nfr=false/sanity_check=true/node_ratio=1/final_repeat10
64,4096,9,12354,86.410636901855,0.993981230068,0.430908225385,0.433494165065,4,0.01,0.001,0.25,/data/hzw/Rethinking_DP_GNN_runtime/paper_experiments/figure10/x_steps=64.yaml/dataset=cora/feature=random_normal/feature_dim=4096/scale=4/random_normal_mean=0/random_normal_std=1/mechanism=mbm/x_eps=inf/m=best/norm=false/smoother=hoa/backbone=sage/use_nfr=false/sanity_check=true/node_ratio=1,/data/hzw/Rethinking_DP_GNN_runtime/paper_experiments/figure10/x_steps=64.yaml/dataset=cora/feature=random_normal/feature_dim=4096/scale=4/random_normal_mean=0/random_normal_std=1/mechanism=mbm/x_eps=inf/m=best/norm=false/smoother=hoa/backbone=sage/use_nfr=false/sanity_check=true/node_ratio=1/final_repeat10
64,8192,0,12345,84.785820007324,0.996930461285,0.431972422797,0.433494165065,4,0.01,0.001,0.25,/data/hzw/Rethinking_DP_GNN_runtime/paper_experiments/figure10/x_steps=64.yaml/dataset=cora/feature=random_normal/feature_dim=8192/scale=4/random_normal_mean=0/random_normal_std=1/mechanism=mbm/x_eps=inf/m=best/norm=false/smoother=hoa/backbone=sage/use_nfr=false/sanity_check=true/node_ratio=1,/data/hzw/Rethinking_DP_GNN_runtime/paper_experiments/figure10/x_steps=64.yaml/dataset=cora/feature=random_normal/feature_dim=8192/scale=4/random_normal_mean=0/random_normal_std=1/mechanism=mbm/x_eps=inf/m=best/norm=false/smoother=hoa/backbone=sage/use_nfr=false/sanity_check=true/node_ratio=1/final_repeat10
64,8192,1,12346,84.638107299805,0.996962619869,0.432803859616,0.433494165065,4,0.01,0.001,0.25,/data/hzw/Rethinking_DP_GNN_runtime/paper_experiments/figure10/x_steps=64.yaml/dataset=cora/feature=random_normal/feature_dim=8192/scale=4/random_normal_mean=0/random_normal_std=1/mechanism=mbm/x_eps=inf/m=best/norm=false/smoother=hoa/backbone=sage/use_nfr=false/sanity_check=true/node_ratio=1,/data/hzw/Rethinking_DP_GNN_runtime/paper_experiments/figure10/x_steps=64.yaml/dataset=cora/feature=random_normal/feature_dim=8192/scale=4/random_normal_mean=0/random_normal_std=1/mechanism=mbm/x_eps=inf/m=best/norm=false/smoother=hoa/backbone=sage/use_nfr=false/sanity_check=true/node_ratio=1/final_repeat10
64,8192,2,12347,85.819793701172,0.996820684003,0.433635178006,0.433494165065,4,0.01,0.001,0.25,/data/hzw/Rethinking_DP_GNN_runtime/paper_experiments/figure10/x_steps=64.yaml/dataset=cora/feature=random_normal/feature_dim=8192/scale=4/random_normal_mean=0/random_normal_std=1/mechanism=mbm/x_eps=inf/m=best/norm=false/smoother=hoa/backbone=sage/use_nfr=false/sanity_check=true/node_ratio=1,/data/hzw/Rethinking_DP_GNN_runtime/paper_experiments/figure10/x_steps=64.yaml/dataset=cora/feature=random_normal/feature_dim=8192/scale=4/random_normal_mean=0/random_normal_std=1/mechanism=mbm/x_eps=inf/m=best/norm=false/smoother=hoa/backbone=sage/use_nfr=false/sanity_check=true/node_ratio=1/final_repeat10
64,8192,3,12348,85.524368286133,0.996817148787,0.430541292105,0.433494165065,4,0.01,0.001,0.25,/data/hzw/Rethinking_DP_GNN_runtime/paper_experiments/figure10/x_steps=64.yaml/dataset=cora/feature=random_normal/feature_dim=8192/scale=4/random_normal_mean=0/random_normal_std=1/mechanism=mbm/x_eps=inf/m=best/norm=false/smoother=hoa/backbone=sage/use_nfr=false/sanity_check=true/node_ratio=1,/data/hzw/Rethinking_DP_GNN_runtime/paper_experiments/figure10/x_steps=64.yaml/dataset=cora/feature=random_normal/feature_dim=8192/scale=4/random_normal_mean=0/random_normal_std=1/mechanism=mbm/x_eps=inf/m=best/norm=false/smoother=hoa/backbone=sage/use_nfr=false/sanity_check=true/node_ratio=1/final_repeat10
64,8192,4,12349,84.194976806641,0.996806505162,0.432314298373,0.433494165065,4,0.01,0.001,0.25,/data/hzw/Rethinking_DP_GNN_runtime/paper_experiments/figure10/x_steps=64.yaml/dataset=cora/feature=random_normal/feature_dim=8192/scale=4/random_normal_mean=0/random_normal_std=1/mechanism=mbm/x_eps=inf/m=best/norm=false/smoother=hoa/backbone=sage/use_nfr=false/sanity_check=true/node_ratio=1,/data/hzw/Rethinking_DP_GNN_runtime/paper_experiments/figure10/x_steps=64.yaml/dataset=cora/feature=random_normal/feature_dim=8192/scale=4/random_normal_mean=0/random_normal_std=1/mechanism=mbm/x_eps=inf/m=best/norm=false/smoother=hoa/backbone=sage/use_nfr=false/sanity_check=true/node_ratio=1/final_repeat10
64,8192,5,12350,83.308715820312,0.996706212787,0.434321244018,0.433494165065,4,0.01,0.001,0.25,/data/hzw/Rethinking_DP_GNN_runtime/paper_experiments/figure10/x_steps=64.yaml/dataset=cora/feature=random_normal/feature_dim=8192/scale=4/random_normal_mean=0/random_normal_std=1/mechanism=mbm/x_eps=inf/m=best/norm=false/smoother=hoa/backbone=sage/use_nfr=false/sanity_check=true/node_ratio=1,/data/hzw/Rethinking_DP_GNN_runtime/paper_experiments/figure10/x_steps=64.yaml/dataset=cora/feature=random_normal/feature_dim=8192/scale=4/random_normal_mean=0/random_normal_std=1/mechanism=mbm/x_eps=inf/m=best/norm=false/smoother=hoa/backbone=sage/use_nfr=false/sanity_check=true/node_ratio=1/final_repeat10
64,8192,6,12351,85.081237792969,0.996823979262,0.432574501926,0.433494165065,4,0.01,0.001,0.25,/data/hzw/Rethinking_DP_GNN_runtime/paper_experiments/figure10/x_steps=64.yaml/dataset=cora/feature=random_normal/feature_dim=8192/scale=4/random_normal_mean=0/random_normal_std=1/mechanism=mbm/x_eps=inf/m=best/norm=false/smoother=hoa/backbone=sage/use_nfr=false/sanity_check=true/node_ratio=1,/data/hzw/Rethinking_DP_GNN_runtime/paper_experiments/figure10/x_steps=64.yaml/dataset=cora/feature=random_normal/feature_dim=8192/scale=4/random_normal_mean=0/random_normal_std=1/mechanism=mbm/x_eps=inf/m=best/norm=false/smoother=hoa/backbone=sage/use_nfr=false/sanity_check=true/node_ratio=1/final_repeat10
64,8192,7,12352,86.262924194336,0.996814424929,0.431803415766,0.433494165065,4,0.01,0.001,0.25,/data/hzw/Rethinking_DP_GNN_runtime/paper_experiments/figure10/x_steps=64.yaml/dataset=cora/feature=random_normal/feature_dim=8192/scale=4/random_normal_mean=0/random_normal_std=1/mechanism=mbm/x_eps=inf/m=best/norm=false/smoother=hoa/backbone=sage/use_nfr=false/sanity_check=true/node_ratio=1,/data/hzw/Rethinking_DP_GNN_runtime/paper_experiments/figure10/x_steps=64.yaml/dataset=cora/feature=random_normal/feature_dim=8192/scale=4/random_normal_mean=0/random_normal_std=1/mechanism=mbm/x_eps=inf/m=best/norm=false/smoother=hoa/backbone=sage/use_nfr=false/sanity_check=true/node_ratio=1/final_repeat10
64,8192,8,12353,85.376663208008,0.996728232361,0.435105438484,0.433494165065,4,0.01,0.001,0.25,/data/hzw/Rethinking_DP_GNN_runtime/paper_experiments/figure10/x_steps=64.yaml/dataset=cora/feature=random_normal/feature_dim=8192/scale=4/random_normal_mean=0/random_normal_std=1/mechanism=mbm/x_eps=inf/m=best/norm=false/smoother=hoa/backbone=sage/use_nfr=false/sanity_check=true/node_ratio=1,/data/hzw/Rethinking_DP_GNN_runtime/paper_experiments/figure10/x_steps=64.yaml/dataset=cora/feature=random_normal/feature_dim=8192/scale=4/random_normal_mean=0/random_normal_std=1/mechanism=mbm/x_eps=inf/m=best/norm=false/smoother=hoa/backbone=sage/use_nfr=false/sanity_check=true/node_ratio=1/final_repeat10
64,8192,9,12354,86.853767395020,0.996702132916,0.430647337426,0.433494165065,4,0.01,0.001,0.25,/data/hzw/Rethinking_DP_GNN_runtime/paper_experiments/figure10/x_steps=64.yaml/dataset=cora/feature=random_normal/feature_dim=8192/scale=4/random_normal_mean=0/random_normal_std=1/mechanism=mbm/x_eps=inf/m=best/norm=false/smoother=hoa/backbone=sage/use_nfr=false/sanity_check=true/node_ratio=1,/data/hzw/Rethinking_DP_GNN_runtime/paper_experiments/figure10/x_steps=64.yaml/dataset=cora/feature=random_normal/feature_dim=8192/scale=4/random_normal_mean=0/random_normal_std=1/mechanism=mbm/x_eps=inf/m=best/norm=false/smoother=hoa/backbone=sage/use_nfr=false/sanity_check=true/node_ratio=1/final_repeat10
64,16384,0,12345,85.672080993652,0.998450927040,0.433608336184,0.433494165065,4,0.01,0.001,0.25,/data/hzw/Rethinking_DP_GNN_runtime/paper_experiments/figure10/x_steps=64.yaml/dataset=cora/feature=random_normal/feature_dim=16384/scale=4/random_normal_mean=0/random_normal_std=1/mechanism=mbm/x_eps=inf/m=best/norm=false/smoother=hoa/backbone=sage/use_nfr=false/sanity_check=true/node_ratio=1,/data/hzw/Rethinking_DP_GNN_runtime/paper_experiments/figure10/x_steps=64.yaml/dataset=cora/feature=random_normal/feature_dim=16384/scale=4/random_normal_mean=0/random_normal_std=1/mechanism=mbm/x_eps=inf/m=best/norm=false/smoother=hoa/backbone=sage/use_nfr=false/sanity_check=true/node_ratio=1/final_repeat10
64,16384,1,12346,85.081237792969,0.998470795910,0.433058283880,0.433494165065,4,0.01,0.001,0.25,/data/hzw/Rethinking_DP_GNN_runtime/paper_experiments/figure10/x_steps=64.yaml/dataset=cora/feature=random_normal/feature_dim=16384/scale=4/random_normal_mean=0/random_normal_std=1/mechanism=mbm/x_eps=inf/m=best/norm=false/smoother=hoa/backbone=sage/use_nfr=false/sanity_check=true/node_ratio=1,/data/hzw/Rethinking_DP_GNN_runtime/paper_experiments/figure10/x_steps=64.yaml/dataset=cora/feature=random_normal/feature_dim=16384/scale=4/random_normal_mean=0/random_normal_std=1/mechanism=mbm/x_eps=inf/m=best/norm=false/smoother=hoa/backbone=sage/use_nfr=false/sanity_check=true/node_ratio=1/final_repeat10
64,16384,2,12347,85.819793701172,0.998428929108,0.434262399866,0.433494165065,4,0.01,0.001,0.25,/data/hzw/Rethinking_DP_GNN_runtime/paper_experiments/figure10/x_steps=64.yaml/dataset=cora/feature=random_normal/feature_dim=16384/scale=4/random_normal_mean=0/random_normal_std=1/mechanism=mbm/x_eps=inf/m=best/norm=false/smoother=hoa/backbone=sage/use_nfr=false/sanity_check=true/node_ratio=1,/data/hzw/Rethinking_DP_GNN_runtime/paper_experiments/figure10/x_steps=64.yaml/dataset=cora/feature=random_normal/feature_dim=16384/scale=4/random_normal_mean=0/random_normal_std=1/mechanism=mbm/x_eps=inf/m=best/norm=false/smoother=hoa/backbone=sage/use_nfr=false/sanity_check=true/node_ratio=1/final_repeat10
64,16384,3,12348,85.376663208008,0.998345527829,0.432282780662,0.433494165065,4,0.01,0.001,0.25,/data/hzw/Rethinking_DP_GNN_runtime/paper_experiments/figure10/x_steps=64.yaml/dataset=cora/feature=random_normal/feature_dim=16384/scale=4/random_normal_mean=0/random_normal_std=1/mechanism=mbm/x_eps=inf/m=best/norm=false/smoother=hoa/backbone=sage/use_nfr=false/sanity_check=true/node_ratio=1,/data/hzw/Rethinking_DP_GNN_runtime/paper_experiments/figure10/x_steps=64.yaml/dataset=cora/feature=random_normal/feature_dim=16384/scale=4/random_normal_mean=0/random_normal_std=1/mechanism=mbm/x_eps=inf/m=best/norm=false/smoother=hoa/backbone=sage/use_nfr=false/sanity_check=true/node_ratio=1/final_repeat10
64,16384,4,12349,83.456420898438,0.998339551289,0.432824312038,0.433494165065,4,0.01,0.001,0.25,/data/hzw/Rethinking_DP_GNN_runtime/paper_experiments/figure10/x_steps=64.yaml/dataset=cora/feature=random_normal/feature_dim=16384/scale=4/random_normal_mean=0/random_normal_std=1/mechanism=mbm/x_eps=inf/m=best/norm=false/smoother=hoa/backbone=sage/use_nfr=false/sanity_check=true/node_ratio=1,/data/hzw/Rethinking_DP_GNN_runtime/paper_experiments/figure10/x_steps=64.yaml/dataset=cora/feature=random_normal/feature_dim=16384/scale=4/random_normal_mean=0/random_normal_std=1/mechanism=mbm/x_eps=inf/m=best/norm=false/smoother=hoa/backbone=sage/use_nfr=false/sanity_check=true/node_ratio=1/final_repeat10
64,16384,5,12350,83.456420898438,0.998474098031,0.432447209177,0.433494165065,4,0.01,0.001,0.25,/data/hzw/Rethinking_DP_GNN_runtime/paper_experiments/figure10/x_steps=64.yaml/dataset=cora/feature=random_normal/feature_dim=16384/scale=4/random_normal_mean=0/random_normal_std=1/mechanism=mbm/x_eps=inf/m=best/norm=false/smoother=hoa/backbone=sage/use_nfr=false/sanity_check=true/node_ratio=1,/data/hzw/Rethinking_DP_GNN_runtime/paper_experiments/figure10/x_steps=64.yaml/dataset=cora/feature=random_normal/feature_dim=16384/scale=4/random_normal_mean=0/random_normal_std=1/mechanism=mbm/x_eps=inf/m=best/norm=false/smoother=hoa/backbone=sage/use_nfr=false/sanity_check=true/node_ratio=1/final_repeat10
64,16384,6,12351,84.785820007324,0.998404841739,0.432412133337,0.433494165065,4,0.01,0.001,0.25,/data/hzw/Rethinking_DP_GNN_runtime/paper_experiments/figure10/x_steps=64.yaml/dataset=cora/feature=random_normal/feature_dim=16384/scale=4/random_normal_mean=0/random_normal_std=1/mechanism=mbm/x_eps=inf/m=best/norm=false/smoother=hoa/backbone=sage/use_nfr=false/sanity_check=true/node_ratio=1,/data/hzw/Rethinking_DP_GNN_runtime/paper_experiments/figure10/x_steps=64.yaml/dataset=cora/feature=random_normal/feature_dim=16384/scale=4/random_normal_mean=0/random_normal_std=1/mechanism=mbm/x_eps=inf/m=best/norm=false/smoother=hoa/backbone=sage/use_nfr=false/sanity_check=true/node_ratio=1/final_repeat10
64,16384,7,12352,86.853767395020,0.998464742885,0.432349149437,0.433494165065,4,0.01,0.001,0.25,/data/hzw/Rethinking_DP_GNN_runtime/paper_experiments/figure10/x_steps=64.yaml/dataset=cora/feature=random_normal/feature_dim=16384/scale=4/random_normal_mean=0/random_normal_std=1/mechanism=mbm/x_eps=inf/m=best/norm=false/smoother=hoa/backbone=sage/use_nfr=false/sanity_check=true/node_ratio=1,/data/hzw/Rethinking_DP_GNN_runtime/paper_experiments/figure10/x_steps=64.yaml/dataset=cora/feature=random_normal/feature_dim=16384/scale=4/random_normal_mean=0/random_normal_std=1/mechanism=mbm/x_eps=inf/m=best/norm=false/smoother=hoa/backbone=sage/use_nfr=false/sanity_check=true/node_ratio=1/final_repeat10
64,16384,8,12353,84.490394592285,0.998481209128,0.432616618873,0.433494165065,4,0.01,0.001,0.25,/data/hzw/Rethinking_DP_GNN_runtime/paper_experiments/figure10/x_steps=64.yaml/dataset=cora/feature=random_normal/feature_dim=16384/scale=4/random_normal_mean=0/random_normal_std=1/mechanism=mbm/x_eps=inf/m=best/norm=false/smoother=hoa/backbone=sage/use_nfr=false/sanity_check=true/node_ratio=1,/data/hzw/Rethinking_DP_GNN_runtime/paper_experiments/figure10/x_steps=64.yaml/dataset=cora/feature=random_normal/feature_dim=16384/scale=4/random_normal_mean=0/random_normal_std=1/mechanism=mbm/x_eps=inf/m=best/norm=false/smoother=hoa/backbone=sage/use_nfr=false/sanity_check=true/node_ratio=1/final_repeat10
64,16384,9,12354,87.001472473145,0.998384228524,0.432434244483,0.433494165065,4,0.01,0.001,0.25,/data/hzw/Rethinking_DP_GNN_runtime/paper_experiments/figure10/x_steps=64.yaml/dataset=cora/feature=random_normal/feature_dim=16384/scale=4/random_normal_mean=0/random_normal_std=1/mechanism=mbm/x_eps=inf/m=best/norm=false/smoother=hoa/backbone=sage/use_nfr=false/sanity_check=true/node_ratio=1,/data/hzw/Rethinking_DP_GNN_runtime/paper_experiments/figure10/x_steps=64.yaml/dataset=cora/feature=random_normal/feature_dim=16384/scale=4/random_normal_mean=0/random_normal_std=1/mechanism=mbm/x_eps=inf/m=best/norm=false/smoother=hoa/backbone=sage/use_nfr=false/sanity_check=true/node_ratio=1/final_repeat10
64,32768,0,12345,85.228950500488,0.999230703721,0.433168216433,0.433494165065,4,0.01,0.001,0.25,/data/hzw/Rethinking_DP_GNN_runtime/paper_experiments/figure10/x_steps=64.yaml/dataset=cora/feature=random_normal/feature_dim=32768/scale=4/random_normal_mean=0/random_normal_std=1/mechanism=mbm/x_eps=inf/m=best/norm=false/smoother=hoa/backbone=sage/use_nfr=false/sanity_check=true/node_ratio=1,/data/hzw/Rethinking_DP_GNN_runtime/paper_experiments/figure10/x_steps=64.yaml/dataset=cora/feature=random_normal/feature_dim=32768/scale=4/random_normal_mean=0/random_normal_std=1/mechanism=mbm/x_eps=inf/m=best/norm=false/smoother=hoa/backbone=sage/use_nfr=false/sanity_check=true/node_ratio=1/final_repeat10
64,32768,1,12346,84.047264099121,0.999232866191,0.433766034783,0.433494165065,4,0.01,0.001,0.25,/data/hzw/Rethinking_DP_GNN_runtime/paper_experiments/figure10/x_steps=64.yaml/dataset=cora/feature=random_normal/feature_dim=32768/scale=4/random_normal_mean=0/random_normal_std=1/mechanism=mbm/x_eps=inf/m=best/norm=false/smoother=hoa/backbone=sage/use_nfr=false/sanity_check=true/node_ratio=1,/data/hzw/Rethinking_DP_GNN_runtime/paper_experiments/figure10/x_steps=64.yaml/dataset=cora/feature=random_normal/feature_dim=32768/scale=4/random_normal_mean=0/random_normal_std=1/mechanism=mbm/x_eps=inf/m=best/norm=false/smoother=hoa/backbone=sage/use_nfr=false/sanity_check=true/node_ratio=1/final_repeat10
64,32768,2,12347,85.967498779297,0.999223602582,0.434284433772,0.433494165065,4,0.01,0.001,0.25,/data/hzw/Rethinking_DP_GNN_runtime/paper_experiments/figure10/x_steps=64.yaml/dataset=cora/feature=random_normal/feature_dim=32768/scale=4/random_normal_mean=0/random_normal_std=1/mechanism=mbm/x_eps=inf/m=best/norm=false/smoother=hoa/backbone=sage/use_nfr=false/sanity_check=true/node_ratio=1,/data/hzw/Rethinking_DP_GNN_runtime/paper_experiments/figure10/x_steps=64.yaml/dataset=cora/feature=random_normal/feature_dim=32768/scale=4/random_normal_mean=0/random_normal_std=1/mechanism=mbm/x_eps=inf/m=best/norm=false/smoother=hoa/backbone=sage/use_nfr=false/sanity_check=true/node_ratio=1/final_repeat10
64,32768,3,12348,85.228950500488,0.999215122996,0.432822894068,0.433494165065,4,0.01,0.001,0.25,/data/hzw/Rethinking_DP_GNN_runtime/paper_experiments/figure10/x_steps=64.yaml/dataset=cora/feature=random_normal/feature_dim=32768/scale=4/random_normal_mean=0/random_normal_std=1/mechanism=mbm/x_eps=inf/m=best/norm=false/smoother=hoa/backbone=sage/use_nfr=false/sanity_check=true/node_ratio=1,/data/hzw/Rethinking_DP_GNN_runtime/paper_experiments/figure10/x_steps=64.yaml/dataset=cora/feature=random_normal/feature_dim=32768/scale=4/random_normal_mean=0/random_normal_std=1/mechanism=mbm/x_eps=inf/m=best/norm=false/smoother=hoa/backbone=sage/use_nfr=false/sanity_check=true/node_ratio=1/final_repeat10
64,32768,4,12349,84.785820007324,0.999219279804,0.432704216310,0.433494165065,4,0.01,0.001,0.25,/data/hzw/Rethinking_DP_GNN_runtime/paper_experiments/figure10/x_steps=64.yaml/dataset=cora/feature=random_normal/feature_dim=32768/scale=4/random_normal_mean=0/random_normal_std=1/mechanism=mbm/x_eps=inf/m=best/norm=false/smoother=hoa/backbone=sage/use_nfr=false/sanity_check=true/node_ratio=1,/data/hzw/Rethinking_DP_GNN_runtime/paper_experiments/figure10/x_steps=64.yaml/dataset=cora/feature=random_normal/feature_dim=32768/scale=4/random_normal_mean=0/random_normal_std=1/mechanism=mbm/x_eps=inf/m=best/norm=false/smoother=hoa/backbone=sage/use_nfr=false/sanity_check=true/node_ratio=1/final_repeat10
64,32768,5,12350,84.194976806641,0.999175742424,0.432915848255,0.433494165065,4,0.01,0.001,0.25,/data/hzw/Rethinking_DP_GNN_runtime/paper_experiments/figure10/x_steps=64.yaml/dataset=cora/feature=random_normal/feature_dim=32768/scale=4/random_normal_mean=0/random_normal_std=1/mechanism=mbm/x_eps=inf/m=best/norm=false/smoother=hoa/backbone=sage/use_nfr=false/sanity_check=true/node_ratio=1,/data/hzw/Rethinking_DP_GNN_runtime/paper_experiments/figure10/x_steps=64.yaml/dataset=cora/feature=random_normal/feature_dim=32768/scale=4/random_normal_mean=0/random_normal_std=1/mechanism=mbm/x_eps=inf/m=best/norm=false/smoother=hoa/backbone=sage/use_nfr=false/sanity_check=true/node_ratio=1/final_repeat10
64,32768,6,12351,85.376663208008,0.999218733604,0.432678732446,0.433494165065,4,0.01,0.001,0.25,/data/hzw/Rethinking_DP_GNN_runtime/paper_experiments/figure10/x_steps=64.yaml/dataset=cora/feature=random_normal/feature_dim=32768/scale=4/random_normal_mean=0/random_normal_std=1/mechanism=mbm/x_eps=inf/m=best/norm=false/smoother=hoa/backbone=sage/use_nfr=false/sanity_check=true/node_ratio=1,/data/hzw/Rethinking_DP_GNN_runtime/paper_experiments/figure10/x_steps=64.yaml/dataset=cora/feature=random_normal/feature_dim=32768/scale=4/random_normal_mean=0/random_normal_std=1/mechanism=mbm/x_eps=inf/m=best/norm=false/smoother=hoa/backbone=sage/use_nfr=false/sanity_check=true/node_ratio=1/final_repeat10
64,32768,7,12352,85.376663208008,0.999223500498,0.432472973874,0.433494165065,4,0.01,0.001,0.25,/data/hzw/Rethinking_DP_GNN_runtime/paper_experiments/figure10/x_steps=64.yaml/dataset=cora/feature=random_normal/feature_dim=32768/scale=4/random_normal_mean=0/random_normal_std=1/mechanism=mbm/x_eps=inf/m=best/norm=false/smoother=hoa/backbone=sage/use_nfr=false/sanity_check=true/node_ratio=1,/data/hzw/Rethinking_DP_GNN_runtime/paper_experiments/figure10/x_steps=64.yaml/dataset=cora/feature=random_normal/feature_dim=32768/scale=4/random_normal_mean=0/random_normal_std=1/mechanism=mbm/x_eps=inf/m=best/norm=false/smoother=hoa/backbone=sage/use_nfr=false/sanity_check=true/node_ratio=1/final_repeat10
64,32768,8,12353,83.751846313477,0.999241839477,0.432320436779,0.433494165065,4,0.01,0.001,0.25,/data/hzw/Rethinking_DP_GNN_runtime/paper_experiments/figure10/x_steps=64.yaml/dataset=cora/feature=random_normal/feature_dim=32768/scale=4/random_normal_mean=0/random_normal_std=1/mechanism=mbm/x_eps=inf/m=best/norm=false/smoother=hoa/backbone=sage/use_nfr=false/sanity_check=true/node_ratio=1,/data/hzw/Rethinking_DP_GNN_runtime/paper_experiments/figure10/x_steps=64.yaml/dataset=cora/feature=random_normal/feature_dim=32768/scale=4/random_normal_mean=0/random_normal_std=1/mechanism=mbm/x_eps=inf/m=best/norm=false/smoother=hoa/backbone=sage/use_nfr=false/sanity_check=true/node_ratio=1/final_repeat10
64,32768,9,12354,86.558341979980,0.999207552141,0.433994654466,0.433494165065,4,0.01,0.001,0.25,/data/hzw/Rethinking_DP_GNN_runtime/paper_experiments/figure10/x_steps=64.yaml/dataset=cora/feature=random_normal/feature_dim=32768/scale=4/random_normal_mean=0/random_normal_std=1/mechanism=mbm/x_eps=inf/m=best/norm=false/smoother=hoa/backbone=sage/use_nfr=false/sanity_check=true/node_ratio=1,/data/hzw/Rethinking_DP_GNN_runtime/paper_experiments/figure10/x_steps=64.yaml/dataset=cora/feature=random_normal/feature_dim=32768/scale=4/random_normal_mean=0/random_normal_std=1/mechanism=mbm/x_eps=inf/m=best/norm=false/smoother=hoa/backbone=sage/use_nfr=false/sanity_check=true/node_ratio=1/final_repeat10
