rank,candidate_id,x_steps,learning_rate,weight_decay,dropout,tao2,val_acc_mean,val_acc_std,val_acc_min,val_acc_max,test_acc_mean,test_acc_std,test_acc_min,test_acc_max,n
1,1082,64,0.01,0,0.25,0.3,54.8091468811,0,54.8091468811,54.8091468811,54.5044403076,0,54.5044403076,54.5044403076,1
2,1081,64,0.01,0,0.25,0.1,54.7430114746,0,54.7430114746,54.7430114746,54.591835022,0,54.591835022,54.591835022,1
3,1096,64,0.01,0.0001,0.25,0.1,54.6603393555,0,54.6603393555,54.6603393555,54.4808197021,0,54.4808197021,54.4808197021,1
4,1097,64,0.01,0.0001,0.25,0.3,54.6603393555,0,54.6603393555,54.6603393555,54.4217720032,0,54.4217720032,54.4217720032,1
5,1083,64,0.01,0,0.25,0.5,54.2894973755,0,54.2894973755,54.2894973755,54.1572227478,0,54.1572227478,54.1572227478,1
6,1098,64,0.01,0.0001,0.25,0.5,54.2469787598,0,54.2469787598,54.2469787598,54.0202217102,0,54.0202217102,54.0202217102,1
7,1111,64,0.01,0.001,0.25,0.1,54.0769119263,0,54.0769119263,54.0769119263,53.9588088989,0,53.9588088989,53.9588088989,1
8,1084,64,0.01,0,0.25,0.7,53.9729766846,0,53.9729766846,53.9729766846,53.5974159241,0,53.5974159241,53.5974159241,1
9,1101,64,0.01,0.0001,0.5,0.1,53.9257354736,0,53.9257354736,53.9257354736,53.569065094,0,53.569065094,53.569065094,1
10,1086,64,0.01,0,0.5,0.1,53.8997535706,0,53.8997535706,53.8997535706,53.6233978271,0,53.6233978271,53.6233978271,1
11,901,32,0.01,0,0.25,0.1,53.8737716675,0,53.8737716675,53.8737716675,53.6706314087,0,53.6706314087,53.6706314087,1
12,916,32,0.01,0.0001,0.25,0.1,53.8548774719,0,53.8548774719,53.8548774719,53.5548934937,0,53.5548934937,53.5548934937,1
13,1099,64,0.01,0.0001,0.25,0.7,53.7769241333,0,53.7769241333,53.7769241333,53.4863967896,0,53.4863967896,53.4863967896,1
14,1112,64,0.01,0.001,0.25,0.3,53.7533111572,0,53.7533111572,53.7533111572,53.5312767029,0,53.5312767029,53.5312767029,1
15,1087,64,0.01,0,0.5,0.3,53.7107887268,0,53.7107887268,53.7107887268,53.4084510803,0,53.4084510803,53.4084510803,1
16,1102,64,0.01,0.0001,0.5,0.3,53.6706314087,0,53.6706314087,53.6706314087,53.3706550598,0,53.3706550598,53.3706550598,1
17,902,32,0.01,0,0.25,0.3,53.6328430176,0,53.6328430176,53.6328430176,53.4934806824,0,53.4934806824,53.4934806824,1
18,917,32,0.01,0.0001,0.25,0.3,53.5950469971,0,53.5950469971,53.5950469971,53.4060821533,0,53.4060821533,53.4060821533,1
19,1088,64,0.01,0,0.5,0.5,53.583240509,0,53.583240509,53.583240509,53.3045158386,0,53.3045158386,53.3045158386,1
20,903,32,0.01,0,0.25,0.5,53.448600769,0,53.448600769,53.448600769,53.094291687,0,53.094291687,53.094291687,1
21,918,32,0.01,0.0001,0.25,0.5,53.4202575684,0,53.4202575684,53.4202575684,53.0187072754,0,53.0187072754,53.0187072754,1
22,1113,64,0.01,0.001,0.25,0.5,53.4178962708,0,53.4178962708,53.4178962708,53.1344490051,0,53.1344490051,53.1344490051,1
23,1103,64,0.01,0.0001,0.5,0.5,53.3989982605,0,53.3989982605,53.3989982605,53.2478256226,0,53.2478256226,53.2478256226,1
24,1116,64,0.01,0.001,0.5,0.1,53.2147598267,0,53.2147598267,53.2147598267,52.9029655457,0,52.9029655457,52.9029655457,1
25,931,32,0.01,0.001,0.25,0.1,53.1297264099,0,53.1297264099,53.1297264099,52.8958816528,0,52.8958816528,52.8958816528,1
26,1089,64,0.01,0,0.5,0.7,53.0966567993,0,53.0966567993,53.0966567993,52.7210884094,0,52.7210884094,52.7210884094,1
27,1117,64,0.01,0.001,0.5,0.3,53.0187072754,0,53.0187072754,53.0187072754,52.7187271118,0,52.7187271118,52.7187271118,1
28,904,32,0.01,0,0.25,0.7,52.8722572327,0,52.8722572327,52.8722572327,52.5462989807,0,52.5462989807,52.5462989807,1
29,932,32,0.01,0.001,0.25,0.3,52.7163619995,0,52.7163619995,52.7163619995,52.5132293701,0,52.5132293701,52.5132293701,1
30,1104,64,0.01,0.0001,0.5,0.7,52.7045555115,0,52.7045555115,52.7045555115,52.4423675537,0,52.4423675537,52.4423675537,1
31,919,32,0.01,0.0001,0.25,0.7,52.697467804,0,52.697467804,52.697467804,52.4777946472,0,52.4777946472,52.4777946472,1
32,921,32,0.01,0.0001,0.5,0.1,52.5959014893,0,52.5959014893,52.5959014893,52.3077316284,0,52.3077316284,52.3077316284,1
33,1085,64,0.01,0,0.25,0.9,52.5911750793,0,52.5911750793,52.5911750793,52.1565551758,0,52.1565551758,52.1565551758,1
34,906,32,0.01,0,0.5,0.1,52.5840873718,0,52.5840873718,52.5840873718,52.3289871216,0,52.3289871216,52.3289871216,1
35,907,32,0.01,0,0.5,0.3,52.5557441711,0,52.5557441711,52.5557441711,52.2604866028,0,52.2604866028,52.2604866028,1
36,1118,64,0.01,0.001,0.5,0.5,52.4518127441,0,52.4518127441,52.4518127441,52.0101127625,0,52.0101127625,52.0101127625,1
37,933,32,0.01,0.001,0.25,0.5,52.3337135315,0,52.3337135315,52.3337135315,52.0479011536,0,52.0479011536,52.0479011536,1
38,922,32,0.01,0.0001,0.5,0.3,52.3053665161,0,52.3053665161,52.3053665161,52.0479011536,0,52.0479011536,52.0479011536,1
39,1114,64,0.01,0.001,0.25,0.7,52.2439537048,0,52.2439537048,52.2439537048,51.8258705139,0,51.8258705139,51.8258705139,1
40,1100,64,0.01,0.0001,0.25,0.9,52.1778182983,0,52.1778182983,52.1778182983,51.5967483521,0,51.5967483521,51.5967483521,1
41,908,32,0.01,0,0.5,0.5,52.0101127625,0,52.0101127625,52.0101127625,51.7124900818,0,51.7124900818,51.7124900818,1
42,923,32,0.01,0.0001,0.5,0.5,51.9463348389,0,51.9463348389,51.9463348389,51.6912345886,0,51.6912345886,51.6912345886,1
43,1106,64,0.01,0.0001,0.75,0.1,51.7715454102,0,51.7715454102,51.7715454102,51.466835022,0,51.466835022,51.466835022,1
44,936,32,0.01,0.001,0.5,0.1,51.7479248047,0,51.7479248047,51.7479248047,51.4786491394,0,51.4786491394,51.4786491394,1
45,909,32,0.01,0,0.5,0.7,51.7124900818,0,51.7124900818,51.7124900818,51.3321990967,0,51.3321990967,51.3321990967,1
46,1091,64,0.01,0,0.75,0.1,51.5660476685,0,51.5660476685,51.5660476685,51.2967720032,0,51.2967720032,51.2967720032,1
47,937,32,0.01,0.001,0.5,0.3,51.5636787415,0,51.5636787415,51.5636787415,51.126701355,0,51.126701355,51.126701355,1
48,1092,64,0.01,0,0.75,0.3,51.542427063,0,51.542427063,51.542427063,51.2707901001,0,51.2707901001,51.2707901001,1
49,924,32,0.01,0.0001,0.5,0.7,51.5093574524,0,51.5093574524,51.5093574524,51.24243927,0,51.24243927,51.24243927,1
50,721,16,0.01,0,0.25,0.1,51.3936157227,0,51.3936157227,51.3936157227,51.199924469,0,51.199924469,51.199924469,1
51,905,32,0.01,0,0.25,0.9,51.3558197021,0,51.3558197021,51.3558197021,51.0865440369,0,51.0865440369,51.0865440369,1
52,938,32,0.01,0.001,0.5,0.5,51.3369255066,0,51.3369255066,51.3369255066,51.1550483704,0,51.1550483704,51.1550483704,1
53,1090,64,0.01,0,0.5,0.9,51.3274803162,0,51.3274803162,51.3274803162,50.8172683716,0,50.8172683716,50.8172683716,1
54,1107,64,0.01,0.0001,0.75,0.3,51.2755088806,0,51.2755088806,51.2755088806,51.0274963379,0,51.0274963379,51.0274963379,1
55,736,16,0.01,0.0001,0.25,0.1,51.2164611816,0,51.2164611816,51.2164611816,51.1385154724,0,51.1385154724,51.1385154724,1
56,723,16,0.01,0,0.25,0.5,51.1857528687,0,51.1857528687,51.1857528687,50.9708061218,0,50.9708061218,50.9708061218,1
57,1119,64,0.01,0.001,0.5,0.7,51.1857528687,0,51.1857528687,51.1857528687,50.7275161743,0,50.7275161743,50.7275161743,1
58,934,32,0.01,0.001,0.25,0.7,51.1644973755,0,51.1644973755,51.1644973755,50.8408889771,0,50.8408889771,50.8408889771,1
59,722,16,0.01,0,0.25,0.3,51.1314277649,0,51.1314277649,51.1314277649,51.1503219604,0,51.1503219604,51.1503219604,1
60,1093,64,0.01,0,0.75,0.5,51.1172523499,0,51.1172523499,51.1172523499,50.7960128784,0,50.7960128784,50.7960128784,1
61,1105,64,0.01,0.0001,0.5,0.9,51.0794563293,0,51.0794563293,51.0794563293,50.488948822,0,50.488948822,50.488948822,1
62,737,16,0.01,0.0001,0.25,0.3,51.0511169434,0,51.0511169434,51.0511169434,51.0133209229,0,51.0133209229,51.0133209229,1
63,1108,64,0.01,0.0001,0.75,0.5,50.9991531372,0,50.9991531372,50.9991531372,50.6188583374,0,50.6188583374,50.6188583374,1
64,738,16,0.01,0.0001,0.25,0.5,50.9495506287,0,50.9495506287,50.9495506287,50.8786849976,0,50.8786849976,50.8786849976,1
65,751,16,0.01,0.001,0.25,0.1,50.8432579041,0,50.8432579041,50.8432579041,50.5716209412,0,50.5716209412,50.5716209412,1
66,920,32,0.01,0.0001,0.25,0.9,50.784198761,0,50.784198761,50.784198761,50.488948822,0,50.488948822,50.488948822,1
67,724,16,0.01,0,0.25,0.7,50.7322387695,0,50.7322387695,50.7322387695,50.3732032776,0,50.3732032776,50.3732032776,1
68,1122,64,0.01,0.001,0.75,0.3,50.7133407593,0,50.7133407593,50.7133407593,50.2669143677,0,50.2669143677,50.2669143677,1
69,1121,64,0.01,0.001,0.75,0.1,50.6259460449,0,50.6259460449,50.6259460449,50.5290985107,0,50.5290985107,50.5290985107,1
70,752,16,0.01,0.001,0.25,0.3,50.6070480347,0,50.6070480347,50.6070480347,50.2834510803,0,50.2834510803,50.2834510803,1
71,739,16,0.01,0.0001,0.25,0.7,50.5976028442,0,50.5976028442,50.5976028442,50.1771583557,0,50.1771583557,50.1771583557,1
72,726,16,0.01,0,0.5,0.1,50.3141517639,0,50.3141517639,50.3141517639,49.9291381836,0,49.9291381836,49.9291381836,1
73,741,16,0.01,0.0001,0.5,0.1,50.2243919373,0,50.2243919373,50.2243919373,49.9220504761,0,49.9220504761,49.9220504761,1
74,939,32,0.01,0.001,0.5,0.7,50.1771583557,0,50.1771583557,50.1771583557,49.7425384521,0,49.7425384521,49.7425384521,1
75,911,32,0.01,0,0.75,0.1,50.1724319458,0,50.1724319458,50.1724319458,49.8842582703,0,49.8842582703,49.8842582703,1
76,926,32,0.01,0.0001,0.75,0.1,50.1700706482,0,50.1700706482,50.1700706482,49.9126052856,0,49.9126052856,49.9126052856,1
77,727,16,0.01,0,0.5,0.3,50.1677093506,0,50.1677093506,50.1677093506,49.7732429504,0,49.7732429504,49.7732429504,1
78,912,32,0.01,0,0.75,0.3,50.1204681396,0,50.1204681396,50.1204681396,49.8086738586,0,49.8086738586,49.8086738586,1
79,742,16,0.01,0.0001,0.5,0.3,50.0826721191,0,50.0826721191,50.0826721191,49.62915802,0,49.62915802,49.62915802,1
80,1094,64,0.01,0,0.75,0.7,50.0330696106,0,50.0330696106,50.0330696106,49.7000198364,0,49.7000198364,49.7000198364,1
81,927,32,0.01,0.0001,0.75,0.3,50.0259819031,0,50.0259819031,50.0259819031,49.6362457275,0,49.6362457275,49.6362457275,1
82,910,32,0.01,0,0.5,0.9,50.0212593079,0,50.0212593079,50.0212593079,49.5606575012,0,49.5606575012,49.5606575012,1
83,753,16,0.01,0.001,0.25,0.5,49.9480361938,0,49.9480361938,49.9480361938,49.9338607788,0,49.9338607788,49.9338607788,1
84,1126,64,0.01,0.01,0.25,0.1,49.8559150696,0,49.8559150696,49.8559150696,49.5842781067,0,49.5842781067,49.5842781067,1
85,913,32,0.01,0,0.75,0.5,49.822845459,0,49.822845459,49.822845459,49.5228652954,0,49.5228652954,49.5228652954,1
86,925,32,0.01,0.0001,0.5,0.9,49.8134002686,0,49.8134002686,49.8134002686,49.378780365,0,49.378780365,49.378780365,1
87,1109,64,0.01,0.0001,0.75,0.7,49.806312561,0,49.806312561,49.806312561,49.3929519653,0,49.3929519653,49.3929519653,1
88,941,32,0.01,0.001,0.75,0.1,49.7637939453,0,49.7637939453,49.7637939453,49.3126411438,0,49.3126411438,49.3126411438,1
89,946,32,0.01,0.01,0.25,0.1,49.7378120422,0,49.7378120422,49.7378120422,49.5701065063,0,49.5701065063,49.5701065063,1
90,728,16,0.01,0,0.5,0.5,49.7354507446,0,49.7354507446,49.7354507446,49.5228652954,0,49.5228652954,49.5228652954,1
91,743,16,0.01,0.0001,0.5,0.5,49.6669502258,0,49.6669502258,49.6669502258,49.3740539551,0,49.3740539551,49.3740539551,1
92,756,16,0.01,0.001,0.5,0.1,49.6409683228,0,49.6409683228,49.6409683228,49.2819366455,0,49.2819366455,49.2819366455,1
93,928,32,0.01,0.0001,0.75,0.5,49.6220703125,0,49.6220703125,49.6220703125,49.3598861694,0,49.3598861694,49.3598861694,1
94,757,16,0.01,0.001,0.5,0.3,49.4968833923,0,49.4968833923,49.4968833923,49.2039871216,0,49.2039871216,49.2039871216,1
95,725,16,0.01,0,0.25,0.9,49.3575210571,0,49.3575210571,49.3575210571,48.8425941467,0,48.8425941467,48.8425941467,1
96,1123,64,0.01,0.001,0.75,0.5,49.3173675537,0,49.3173675537,49.3173675537,49.0126609802,0,49.0126609802,49.0126609802,1
97,942,32,0.01,0.001,0.75,0.3,49.2110748291,0,49.2110748291,49.2110748291,48.7457466125,0,48.7457466125,48.7457466125,1
98,729,16,0.01,0,0.5,0.7,49.1992607117,0,49.1992607117,49.1992607117,48.9606933594,0,48.9606933594,48.9606933594,1
99,754,16,0.01,0.001,0.25,0.7,49.1520233154,0,49.1520233154,49.1520233154,48.7197685242,0,48.7197685242,48.7197685242,1
100,740,16,0.01,0.0001,0.25,0.9,49.0835227966,0,49.0835227966,49.0835227966,48.4859237671,0,48.4859237671,48.4859237671,1
101,744,16,0.01,0.0001,0.5,0.7,49.0551757812,0,49.0551757812,49.0551757812,48.75756073,0,48.75756073,48.75756073,1
102,758,16,0.01,0.001,0.5,0.5,48.8780212402,0,48.8780212402,48.8780212402,48.788269043,0,48.788269043,48.788269043,1
103,1127,64,0.01,0.01,0.25,0.3,48.726852417,0,48.726852417,48.726852417,48.429233551,0,48.429233551,48.429233551,1
104,947,32,0.01,0.01,0.25,0.3,48.6489067078,0,48.6489067078,48.6489067078,48.3347511292,0,48.3347511292,48.3347511292,1
105,914,32,0.01,0,0.75,0.7,48.549697876,0,48.549697876,48.549697876,48.1859397888,0,48.1859397888,48.1859397888,1
106,943,32,0.01,0.001,0.75,0.5,48.5237159729,0,48.5237159729,48.5237159729,48.1953887939,0,48.1953887939,48.1953887939,1
107,1131,64,0.01,0.01,0.5,0.1,48.4197845459,0,48.4197845459,48.4197845459,48.0796470642,0,48.0796470642,48.0796470642,1
108,935,32,0.01,0.001,0.25,0.9,48.3512840271,0,48.3512840271,48.3512840271,47.7914772034,0,47.7914772034,47.7914772034,1
109,1115,64,0.01,0.001,0.25,0.9,48.325302124,0,48.325302124,48.325302124,47.8883247375,0,47.8883247375,47.8883247375,1
110,556,8,0.01,0.0001,0.25,0.1,48.2709770203,0,48.2709770203,48.2709770203,47.9213905334,0,47.9213905334,47.9213905334,1
111,929,32,0.01,0.0001,0.75,0.7,48.2568016052,0,48.2568016052,48.2568016052,47.8103752136,0,47.8103752136,47.8103752136,1
112,951,32,0.01,0.01,0.5,0.1,48.2190093994,0,48.2190093994,48.2190093994,47.9615440369,0,47.9615440369,47.9615440369,1
113,541,8,0.01,0,0.25,0.1,48.1930274963,0,48.1930274963,48.1930274963,47.9450111389,0,47.9450111389,47.9450111389,1
114,542,8,0.01,0,0.25,0.3,48.1268920898,0,48.1268920898,48.1268920898,47.74659729,0,47.74659729,47.74659729,1
115,558,8,0.01,0.0001,0.25,0.5,48.0229568481,0,48.0229568481,48.0229568481,47.9615440369,0,47.9615440369,47.9615440369,1
116,543,8,0.01,0,0.25,0.5,48.0111503601,0,48.0111503601,48.0111503601,47.9450111389,0,47.9450111389,47.9450111389,1
117,557,8,0.01,0.0001,0.25,0.3,47.9922523499,0,47.9922523499,47.9922523499,47.6426696777,0,47.6426696777,47.6426696777,1
118,1124,64,0.01,0.001,0.75,0.7,47.9497375488,0,47.9497375488,47.9497375488,47.5127563477,0,47.5127563477,47.5127563477,1
119,961,32,0.001,0,0.25,0.1,47.897769928,0,47.897769928,47.897769928,47.3521347046,0,47.3521347046,47.3521347046,1
120,1095,64,0.01,0,0.75,0.9,47.897769928,0,47.897769928,47.897769928,47.4489822388,0,47.4489822388,47.4489822388,1
121,759,16,0.01,0.001,0.5,0.7,47.8859596252,0,47.8859596252,47.8859596252,47.6828231812,0,47.6828231812,47.6828231812,1
122,976,32,0.001,0.0001,0.25,0.1,47.8741493225,0,47.8741493225,47.8741493225,47.3308753967,0,47.3308753967,47.3308753967,1
123,571,8,0.01,0.001,0.25,0.1,47.7064437866,0,47.7064437866,47.7064437866,47.4466171265,0,47.4466171265,47.4466171265,1
124,991,32,0.001,0.001,0.25,0.1,47.6804618835,0,47.6804618835,47.6804618835,47.1324653625,0,47.1324653625,47.1324653625,1
125,559,8,0.01,0.0001,0.25,0.7,47.6450309753,0,47.6450309753,47.6450309753,47.2812728882,0,47.2812728882,47.2812728882,1
126,544,8,0.01,0,0.25,0.7,47.5788917542,0,47.5788917542,47.5788917542,47.3143424988,0,47.3143424988,47.3143424988,1
127,952,32,0.01,0.01,0.5,0.3,47.5340118408,0,47.5340118408,47.5340118408,47.2363967896,0,47.2363967896,47.2363967896,1
128,766,16,0.01,0.01,0.25,0.1,47.4891357422,0,47.4891357422,47.4891357422,47.3072547913,0,47.3072547913,47.3072547913,1
129,731,16,0.01,0,0.75,0.1,47.4560661316,0,47.4560661316,47.4560661316,47.0899467468,0,47.0899467468,47.0899467468,1
130,746,16,0.01,0.0001,0.75,0.1,47.422996521,0,47.422996521,47.422996521,46.9907417297,0,46.9907417297,46.9907417297,1
131,1110,64,0.01,0.0001,0.75,0.9,47.4088249207,0,47.4088249207,47.4088249207,46.889175415,0,46.889175415,46.889175415,1
132,572,8,0.01,0.001,0.25,0.3,47.3922920227,0,47.3922920227,47.3922920227,47.0190849304,0,47.0190849304,47.0190849304,1
133,730,16,0.01,0,0.5,0.9,47.3733940125,0,47.3733940125,47.3733940125,46.9671211243,0,46.9671211243,46.9671211243,1
134,745,16,0.01,0.0001,0.5,0.9,47.3379631042,0,47.3379631042,47.3379631042,46.9316902161,0,46.9316902161,46.9316902161,1
135,747,16,0.01,0.0001,0.75,0.3,47.3356018066,0,47.3356018066,47.3356018066,46.8773651123,0,46.8773651123,46.8773651123,1
136,732,16,0.01,0,0.75,0.3,47.3143424988,0,47.3143424988,47.3143424988,46.9222412109,0,46.9222412109,46.9222412109,1
137,573,8,0.01,0.001,0.25,0.5,47.2245826721,0,47.2245826721,47.2245826721,46.9387779236,0,46.9387779236,46.9387779236,1
138,1141,64,0.001,0,0.25,0.1,47.203327179,0,47.203327179,47.203327179,46.8584671021,0,46.8584671021,46.8584671021,1
139,1156,64,0.001,0.0001,0.25,0.1,47.1962394714,0,47.1962394714,47.1962394714,46.7639846802,0,46.7639846802,46.7639846802,1
140,962,32,0.001,0,0.25,0.3,47.1891555786,0,47.1891555786,47.1891555786,46.6364326477,0,46.6364326477,46.6364326477,1
141,977,32,0.001,0.0001,0.25,0.3,47.1584472656,0,47.1584472656,47.1584472656,46.5868301392,0,46.5868301392,46.5868301392,1
142,940,32,0.01,0.001,0.5,0.9,46.9954681396,0,46.9954681396,46.9954681396,46.4687271118,0,46.4687271118,46.4687271118,1
143,546,8,0.01,0,0.5,0.1,46.9623947144,0,46.9623947144,46.9623947144,46.771068573,0,46.771068573,46.771068573,1
144,561,8,0.01,0.0001,0.5,0.1,46.9269676208,0,46.9269676208,46.9269676208,46.7663459778,0,46.7663459778,46.7663459778,1
145,767,16,0.01,0.01,0.25,0.3,46.9198799133,0,46.9198799133,46.9198799133,46.4828987122,0,46.4828987122,46.4828987122,1
146,761,16,0.01,0.001,0.75,0.1,46.9127922058,0,46.9127922058,46.9127922058,46.4356575012,0,46.4356575012,46.4356575012,1
147,944,32,0.01,0.001,0.75,0.7,46.9104309082,0,46.9104309082,46.9104309082,46.6175384521,0,46.6175384521,46.6175384521,1
148,948,32,0.01,0.01,0.25,0.5,46.8868103027,0,46.8868103027,46.8868103027,46.5419502258,0,46.5419502258,46.5419502258,1
149,966,32,0.001,0,0.5,0.1,46.8844490051,0,46.8844490051,46.8844490051,46.4970703125,0,46.4970703125,46.4970703125,1
150,733,16,0.01,0,0.75,0.5,46.8820877075,0,46.8820877075,46.8820877075,46.5584831238,0,46.5584831238,46.5584831238,1
151,981,32,0.001,0.0001,0.5,0.1,46.8608283997,0,46.8608283997,46.8608283997,46.4427452087,0,46.4427452087,46.4427452087,1
152,992,32,0.001,0.001,0.25,0.3,46.8206748962,0,46.8206748962,46.8206748962,46.2372436523,0,46.2372436523,46.2372436523,1
153,545,8,0.01,0,0.25,0.9,46.7781562805,0,46.7781562805,46.7781562805,46.50415802,0,46.50415802,46.50415802,1
154,1171,64,0.001,0.001,0.25,0.1,46.7498130798,0,46.7498130798,46.7498130798,46.3836936951,0,46.3836936951,46.3836936951,1
155,1132,64,0.01,0.01,0.5,0.3,46.7143821716,0,46.7143821716,46.7143821716,46.296295166,0,46.296295166,46.296295166,1
156,748,16,0.01,0.0001,0.75,0.5,46.6671409607,0,46.6671409607,46.6671409607,46.4262084961,0,46.4262084961,46.4262084961,1
157,996,32,0.001,0.001,0.5,0.1,46.6293449402,0,46.6293449402,46.6293449402,46.2608680725,0,46.2608680725,46.2608680725,1
158,1120,64,0.01,0.001,0.5,0.9,46.6198997498,0,46.6198997498,46.6198997498,46.2041778564,0,46.2041778564,46.2041778564,1
159,762,16,0.01,0.001,0.75,0.3,46.5797424316,0,46.5797424316,46.5797424316,46.13331604,0,46.13331604,46.13331604,1
160,547,8,0.01,0,0.5,0.3,46.5561256409,0,46.5561256409,46.5561256409,46.2608680725,0,46.2608680725,46.2608680725,1
161,771,16,0.01,0.01,0.5,0.1,46.5088806152,0,46.5088806152,46.5088806152,46.0553665161,0,46.0553665161,46.0553665161,1
162,915,32,0.01,0,0.75,0.9,46.4332962036,0,46.4332962036,46.4332962036,46.0057640076,0,46.0057640076,46.0057640076,1
163,560,8,0.01,0.0001,0.25,0.9,46.4214859009,0,46.4214859009,46.4214859009,46.0648155212,0,46.0648155212,46.0648155212,1
164,562,8,0.01,0.0001,0.5,0.3,46.4049530029,0,46.4049530029,46.4049530029,46.1592979431,0,46.1592979431,46.1592979431,1
165,548,8,0.01,0,0.5,0.5,46.3459014893,0,46.3459014893,46.3459014893,46.0388336182,0,46.0388336182,46.0388336182,1
166,755,16,0.01,0.001,0.25,0.9,46.3293685913,0,46.3293685913,46.3293685913,45.9349021912,0,45.9349021912,45.9349021912,1
167,563,8,0.01,0.0001,0.5,0.5,46.2750358582,0,46.2750358582,46.2750358582,45.9490737915,0,45.9490737915,45.9490737915,1
168,576,8,0.01,0.001,0.5,0.1,46.1970901489,0,46.1970901489,46.1970901489,45.8876609802,0,45.8876609802,45.8876609802,1
169,781,16,0.001,0,0.25,0.1,46.1215057373,0,46.1215057373,46.1215057373,45.8026275635,0,45.8026275635,45.8026275635,1
170,956,32,0.01,0.01,0.75,0.1,46.107334137,0,46.107334137,46.107334137,45.6467285156,0,45.6467285156,45.6467285156,1
171,574,8,0.01,0.001,0.25,0.7,46.0860748291,0,46.0860748291,46.0860748291,45.6727142334,0,45.6727142334,45.6727142334,1
172,796,16,0.001,0.0001,0.25,0.1,46.0813484192,0,46.0813484192,46.0813484192,45.7860908508,0,45.7860908508,45.7860908508,1
173,811,16,0.001,0.001,0.25,0.1,45.9750556946,0,45.9750556946,45.9750556946,45.6113014221,0,45.6113014221,45.6113014221,1
174,930,32,0.01,0.0001,0.75,0.9,45.941986084,0,45.941986084,45.941986084,45.5144538879,0,45.5144538879,45.5144538879,1
175,967,32,0.001,0,0.5,0.3,45.9372634888,0,45.9372634888,45.9372634888,45.481388092,0,45.481388092,45.481388092,1
176,982,32,0.001,0.0001,0.5,0.3,45.9041938782,0,45.9041938782,45.9041938782,45.424697876,0,45.424697876,45.424697876,1
177,734,16,0.01,0,0.75,0.7,45.779006958,0,45.779006958,45.779006958,45.4341468811,0,45.4341468811,45.4341468811,1
178,763,16,0.01,0.001,0.75,0.5,45.7719192505,0,45.7719192505,45.7719192505,45.3987159729,0,45.3987159729,45.3987159729,1
179,963,32,0.001,0,0.25,0.5,45.7671966553,0,45.7671966553,45.7671966553,45.1979408264,0,45.1979408264,45.1979408264,1
180,549,8,0.01,0,0.5,0.7,45.7530212402,0,45.7530212402,45.7530212402,45.4412345886,0,45.4412345886,45.4412345886,1
181,1146,64,0.001,0,0.5,0.1,45.7199554443,0,45.7199554443,45.7199554443,45.4530410767,0,45.4530410767,45.4530410767,1
182,978,32,0.001,0.0001,0.25,0.5,45.7010612488,0,45.7010612488,45.7010612488,45.1554222107,0,45.1554222107,45.1554222107,1
183,1161,64,0.001,0.0001,0.5,0.1,45.6727142334,0,45.6727142334,45.6727142334,45.393989563,0,45.393989563,45.393989563,1
184,577,8,0.01,0.001,0.5,0.3,45.571144104,0,45.571144104,45.571144104,45.2569923401,0,45.2569923401,45.2569923401,1
185,749,16,0.01,0.0001,0.75,0.7,45.5191802979,0,45.5191802979,45.5191802979,45.1341667175,0,45.1341667175,45.1341667175,1
186,564,8,0.01,0.0001,0.5,0.7,45.5073699951,0,45.5073699951,45.5073699951,45.1459770203,0,45.1459770203,45.1459770203,1
187,997,32,0.001,0.001,0.5,0.3,45.4861106873,0,45.4861106873,45.4861106873,45.0349617004,0,45.0349617004,45.0349617004,1
188,772,16,0.01,0.01,0.5,0.3,45.393989563,0,45.393989563,45.393989563,45.0255088806,0,45.0255088806,45.0255088806,1
189,782,16,0.001,0,0.25,0.3,45.3916282654,0,45.3916282654,45.3916282654,45.0703887939,0,45.0703887939,45.0703887939,1
190,797,16,0.001,0.0001,0.25,0.3,45.3916282654,0,45.3916282654,45.3916282654,45.0656661987,0,45.0656661987,45.0656661987,1
191,1142,64,0.001,0,0.25,0.3,45.334941864,0,45.334941864,45.334941864,45.0633049011,0,45.0633049011,45.0633049011,1
192,1157,64,0.001,0.0001,0.25,0.3,45.2640762329,0,45.2640762329,45.2640762329,44.9357528687,0,44.9357528687,44.9357528687,1
193,1176,64,0.001,0.001,0.5,0.1,45.2380943298,0,45.2380943298,45.2380943298,44.8105621338,0,44.8105621338,44.8105621338,1
194,993,32,0.001,0.001,0.25,0.5,45.2215614319,0,45.2215614319,45.2215614319,44.7066345215,0,44.7066345215,44.7066345215,1
195,812,16,0.001,0.001,0.25,0.3,45.1932144165,0,45.1932144165,45.1932144165,44.8365440369,0,44.8365440369,44.8365440369,1
196,953,32,0.01,0.01,0.5,0.5,45.084564209,0,45.084564209,45.084564209,44.7845802307,0,44.7845802307,44.7845802307,1
197,578,8,0.01,0.001,0.5,0.5,45.0751113892,0,45.0751113892,45.0751113892,44.9026870728,0,44.9026870728,44.9026870728,1
198,768,16,0.01,0.01,0.25,0.5,45.0562171936,0,45.0562171936,45.0562171936,44.6853752136,0,44.6853752136,44.6853752136,1
199,1006,32,0.001,0.01,0.25,0.1,44.8341827393,0,44.8341827393,44.8341827393,44.4515304565,0,44.4515304565,44.4515304565,1
200,968,32,0.001,0,0.5,0.5,44.7704086304,0,44.7704086304,44.7704086304,44.3027229309,0,44.3027229309,44.3027229309,1
201,1172,64,0.001,0.001,0.25,0.3,44.7538719177,0,44.7538719177,44.7538719177,44.4042892456,0,44.4042892456,44.4042892456,1
202,783,16,0.001,0,0.25,0.5,44.7113571167,0,44.7113571167,44.7113571167,44.1822547913,0,44.1822547913,44.1822547913,1
203,983,32,0.001,0.0001,0.5,0.5,44.7089958191,0,44.7089958191,44.7089958191,44.2625656128,0,44.2625656128,44.2625656128,1
204,786,16,0.001,0,0.5,0.1,44.6712036133,0,44.6712036133,44.6712036133,44.3901176453,0,44.3901176453,44.3901176453,1
205,376,4,0.01,0.0001,0.25,0.1,44.6570320129,0,44.6570320129,44.6570320129,44.208240509,0,44.208240509,44.208240509,1
206,798,16,0.001,0.0001,0.25,0.5,44.6452217102,0,44.6452217102,44.6452217102,44.135017395,0,44.135017395,44.135017395,1
207,361,4,0.01,0,0.25,0.1,44.6404953003,0,44.6404953003,44.6404953003,44.2176895142,0,44.2176895142,44.2176895142,1
208,801,16,0.001,0.0001,0.5,0.1,44.6404953003,0,44.6404953003,44.6404953003,44.3688583374,0,44.3688583374,44.3688583374,1
209,957,32,0.01,0.01,0.75,0.3,44.6145133972,0,44.6145133972,44.6145133972,44.1846199036,0,44.1846199036,44.1846199036,1
210,586,8,0.01,0.01,0.25,0.1,44.5885314941,0,44.5885314941,44.5885314941,44.1586380005,0,44.1586380005,44.1586380005,1
211,362,4,0.01,0,0.25,0.3,44.5200309753,0,44.5200309753,44.5200309753,44.25548172,0,44.25548172,44.25548172,1
212,813,16,0.001,0.001,0.25,0.5,44.4964103699,0,44.4964103699,44.4964103699,43.8728256226,0,43.8728256226,43.8728256226,1
213,377,4,0.01,0.0001,0.25,0.3,44.4609794617,0,44.4609794617,44.4609794617,44.1917076111,0,44.1917076111,44.1917076111,1
214,816,16,0.001,0.001,0.5,0.1,44.4373588562,0,44.4373588562,44.4373588562,44.1444625854,0,44.1444625854,44.1444625854,1
215,391,4,0.01,0.001,0.25,0.1,44.4279098511,0,44.4279098511,44.4279098511,43.8468475342,0,43.8468475342,43.8468475342,1
216,579,8,0.01,0.001,0.5,0.7,44.4137382507,0,44.4137382507,44.4137382507,44.0830497742,0,44.0830497742,44.0830497742,1
217,760,16,0.01,0.001,0.5,0.9,44.3995666504,0,44.3995666504,44.3995666504,44.1680831909,0,44.1680831909,44.1680831909,1
218,1137,64,0.01,0.01,0.75,0.3,44.3735847473,0,44.3735847473,44.3735847473,44.12084198,0,44.12084198,44.12084198,1
219,378,4,0.01,0.0001,0.25,0.5,44.3570480347,0,44.3570480347,44.3570480347,44.135017395,0,44.135017395,44.135017395,1
220,550,8,0.01,0,0.5,0.9,44.3499641418,0,44.3499641418,44.3499641418,44.1846199036,0,44.1846199036,44.1846199036,1
221,826,16,0.001,0.01,0.25,0.1,44.328704834,0,44.328704834,44.328704834,43.9106178284,0,43.9106178284,43.9106178284,1
222,379,4,0.01,0.0001,0.25,0.7,44.224773407,0,44.224773407,44.224773407,44.1113967896,0,44.1113967896,44.1113967896,1
223,364,4,0.01,0,0.25,0.7,44.208240509,0,44.208240509,44.208240509,44.0901374817,0,44.0901374817,44.0901374817,1
224,998,32,0.001,0.001,0.5,0.5,44.1987915039,0,44.1987915039,44.1987915039,43.7547225952,0,43.7547225952,43.7547225952,1
225,1128,64,0.01,0.01,0.25,0.5,44.0854148865,0,44.0854148865,44.0854148865,43.7523651123,0,43.7523651123,43.7523651123,1
226,363,4,0.01,0,0.25,0.5,44.0806884766,0,44.0806884766,44.0806884766,43.8775520325,0,43.8775520325,43.8775520325,1
227,1136,64,0.01,0.01,0.75,0.1,44.0570678711,0,44.0570678711,44.0570678711,43.7192955017,0,43.7192955017,43.7192955017,1
228,764,16,0.01,0.001,0.75,0.7,44.0523452759,0,44.0523452759,44.0523452759,43.587020874,0,43.587020874,43.587020874,1
229,787,16,0.001,0,0.5,0.3,44.0381698608,0,44.0381698608,44.0381698608,43.6838607788,0,43.6838607788,43.6838607788,1
230,392,4,0.01,0.001,0.25,0.3,44.0216369629,0,44.0216369629,44.0216369629,43.6744155884,0,43.6744155884,43.6744155884,1
231,802,16,0.001,0.0001,0.5,0.3,44.000377655,0,44.000377655,44.000377655,43.6626052856,0,43.6626052856,43.6626052856,1
232,1147,64,0.001,0,0.5,0.3,43.9177055359,0,43.9177055359,43.9177055359,43.4878120422,0,43.4878120422,43.4878120422,1
233,565,8,0.01,0.0001,0.5,0.9,43.8681030273,0,43.8681030273,43.8681030273,43.6649665833,0,43.6649665833,43.6649665833,1
234,1162,64,0.001,0.0001,0.5,0.3,43.8562927246,0,43.8562927246,43.8562927246,43.4311256409,0,43.4311256409,43.4311256409,1
235,773,16,0.01,0.01,0.5,0.5,43.8326721191,0,43.8326721191,43.8326721191,43.4641914368,0,43.4641914368,43.4641914368,1
236,817,16,0.001,0.001,0.5,0.3,43.7523651123,0,43.7523651123,43.7523651123,43.3578987122,0,43.3578987122,43.3578987122,1
237,776,16,0.01,0.01,0.75,0.1,43.7169303894,0,43.7169303894,43.7169303894,43.4098625183,0,43.4098625183,43.4098625183,1
238,393,4,0.01,0.001,0.25,0.5,43.7027587891,0,43.7027587891,43.7027587891,43.4193115234,0,43.4193115234,43.4193115234,1
239,566,8,0.01,0.0001,0.75,0.1,43.7003974915,0,43.7003974915,43.7003974915,43.2870407104,0,43.2870407104,43.2870407104,1
240,365,4,0.01,0,0.25,0.9,43.6484298706,0,43.6484298706,43.6484298706,43.4051399231,0,43.4051399231,43.4051399231,1
241,587,8,0.01,0.01,0.25,0.3,43.6413459778,0,43.6413459778,43.6413459778,43.2256240845,0,43.2256240845,43.2256240845,1
242,551,8,0.01,0,0.75,0.1,43.6342582703,0,43.6342582703,43.6342582703,43.305934906,0,43.305934906,43.305934906,1
243,575,8,0.01,0.001,0.25,0.9,43.5634002686,0,43.5634002686,43.5634002686,43.1972808838,0,43.1972808838,43.1972808838,1
244,552,8,0.01,0,0.75,0.3,43.3886032104,0,43.3886032104,43.3886032104,43.0059509277,0,43.0059509277,43.0059509277,1
245,735,16,0.01,0,0.75,0.9,43.3508110046,0,43.3508110046,43.3508110046,42.7721099854,0,42.7721099854,42.7721099854,1
246,567,8,0.01,0.0001,0.75,0.3,43.3484535217,0,43.3484535217,43.3484535217,42.9303665161,0,42.9303665161,42.9303665161,1
247,601,8,0.001,0,0.25,0.1,43.3437271118,0,43.3437271118,43.3437271118,43.024848938,0,43.024848938,43.024848938,1
248,616,8,0.001,0.0001,0.25,0.1,43.3390007019,0,43.3390007019,43.3390007019,43.0177612305,0,43.0177612305,43.0177612305,1
249,1177,64,0.001,0.001,0.5,0.3,43.3390007019,0,43.3390007019,43.3390007019,42.8973007202,0,42.8973007202,42.8973007202,1
250,788,16,0.001,0,0.5,0.5,43.2988471985,0,43.2988471985,43.2988471985,42.8382453918,0,42.8382453918,42.8382453918,1
251,380,4,0.01,0.0001,0.25,0.9,43.2775878906,0,43.2775878906,43.2775878906,43.0390205383,0,43.0390205383,43.0390205383,1
252,803,16,0.001,0.0001,0.5,0.5,43.2705039978,0,43.2705039978,43.2705039978,42.8146286011,0,42.8146286011,42.8146286011,1
253,631,8,0.001,0.001,0.25,0.1,43.2539710999,0,43.2539710999,43.2539710999,42.816986084,0,42.816986084,42.816986084,1
254,581,8,0.01,0.001,0.75,0.1,43.2516059875,0,43.2516059875,43.2516059875,42.8051757812,0,42.8051757812,42.8051757812,1
255,1011,32,0.001,0.01,0.5,0.1,43.24451828,0,43.24451828,43.24451828,42.8146286011,0,42.8146286011,42.8146286011,1
256,366,4,0.01,0,0.5,0.1,43.1689338684,0,43.1689338684,43.1689338684,42.8287963867,0,42.8287963867,42.8287963867,1
257,784,16,0.001,0,0.25,0.7,43.1405906677,0,43.1405906677,43.1405906677,42.6823539734,0,42.6823539734,42.6823539734,1
258,591,8,0.01,0.01,0.5,0.1,43.1122436523,0,43.1122436523,43.1122436523,42.8713188171,0,42.8713188171,42.8713188171,1
259,381,4,0.01,0.0001,0.5,0.1,43.1027984619,0,43.1027984619,43.1027984619,42.7532119751,0,42.7532119751,42.7532119751,1
260,799,16,0.001,0.0001,0.25,0.7,43.1004333496,0,43.1004333496,43.1004333496,42.6256637573,0,42.6256637573,42.6256637573,1
261,1007,32,0.001,0.01,0.25,0.3,43.0980758667,0,43.0980758667,43.0980758667,42.6870765686,0,42.6870765686,42.6870765686,1
262,827,16,0.001,0.01,0.25,0.3,43.0957107544,0,43.0957107544,43.0957107544,42.5925941467,0,42.5925941467,42.5925941467,1
263,553,8,0.01,0,0.75,0.5,43.0909881592,0,43.0909881592,43.0909881592,42.74376297,0,42.74376297,42.74376297,1
264,394,4,0.01,0.001,0.25,0.7,43.0342979431,0,43.0342979431,43.0342979431,42.8500556946,0,42.8500556946,42.8500556946,1
265,964,32,0.001,0,0.25,0.7,43.024848938,0,43.024848938,43.024848938,42.6917991638,0,42.6917991638,42.6917991638,1
266,979,32,0.001,0.0001,0.25,0.7,42.9894180298,0,42.9894180298,42.9894180298,42.6209373474,0,42.6209373474,42.6209373474,1
267,949,32,0.01,0.01,0.25,0.7,42.9870567322,0,42.9870567322,42.9870567322,42.5477142334,0,42.5477142334,42.5477142334,1
268,396,4,0.01,0.001,0.5,0.1,42.9539871216,0,42.9539871216,42.9539871216,42.6516456604,0,42.6516456604,42.6516456604,1
269,818,16,0.001,0.001,0.5,0.5,42.9327278137,0,42.9327278137,42.9327278137,42.4178009033,0,42.4178009033,42.4178009033,1
270,945,32,0.01,0.001,0.75,0.9,42.8571434021,0,42.8571434021,42.8571434021,42.6351089478,0,42.6351089478,42.6351089478,1
271,367,4,0.01,0,0.5,0.3,42.8335227966,0,42.8335227966,42.8335227966,42.5311813354,0,42.5311813354,42.5311813354,1
272,568,8,0.01,0.0001,0.75,0.5,42.7862815857,0,42.7862815857,42.7862815857,42.566608429,0,42.566608429,42.566608429,1
273,750,16,0.01,0.0001,0.75,0.9,42.774471283,0,42.774471283,42.774471283,42.2170257568,0,42.2170257568,42.2170257568,1
274,382,4,0.01,0.0001,0.5,0.3,42.757938385,0,42.757938385,42.757938385,42.6138534546,0,42.6138534546,42.6138534546,1
275,1143,64,0.001,0,0.25,0.5,42.7414016724,0,42.7414016724,42.7414016724,42.2217521667,0,42.2217521667,42.2217521667,1
276,777,16,0.01,0.01,0.75,0.3,42.7225036621,0,42.7225036621,42.7225036621,42.3398513794,0,42.3398513794,42.3398513794,1
277,814,16,0.001,0.001,0.25,0.7,42.6917991638,0,42.6917991638,42.6917991638,42.2193870544,0,42.2193870544,42.2193870544,1
278,1158,64,0.001,0.0001,0.25,0.5,42.6823539734,0,42.6823539734,42.6823539734,42.1910438538,0,42.1910438538,42.1910438538,1
279,592,8,0.01,0.01,0.5,0.3,42.6209373474,0,42.6209373474,42.6209373474,42.2949714661,0,42.2949714661,42.2949714661,1
280,831,16,0.001,0.01,0.5,0.1,42.5878715515,0,42.5878715515,42.5878715515,42.0729408264,0,42.0729408264,42.0729408264,1
281,383,4,0.01,0.0001,0.5,0.5,42.5760612488,0,42.5760612488,42.5760612488,42.3469390869,0,42.3469390869,42.3469390869,1
282,602,8,0.001,0,0.25,0.3,42.566608429,0,42.566608429,42.566608429,42.3020591736,0,42.3020591736,42.3020591736,1
283,617,8,0.001,0.0001,0.25,0.3,42.5571632385,0,42.5571632385,42.5571632385,42.2713546753,0,42.2713546753,42.2713546753,1
284,588,8,0.01,0.01,0.25,0.5,42.5311813354,0,42.5311813354,42.5311813354,42.1863212585,0,42.1863212585,42.1863212585,1
285,368,4,0.01,0,0.5,0.5,42.5146446228,0,42.5146446228,42.5146446228,42.3894538879,0,42.3894538879,42.3894538879,1
286,1125,64,0.01,0.001,0.75,0.9,42.5146446228,0,42.5146446228,42.5146446228,42.2004890442,0,42.2004890442,42.2004890442,1
287,632,8,0.001,0.001,0.25,0.3,42.4721260071,0,42.4721260071,42.4721260071,42.1461639404,0,42.1461639404,42.1461639404,1
288,769,16,0.01,0.01,0.25,0.7,42.4437866211,0,42.4437866211,42.4437866211,42.1012840271,0,42.1012840271,42.1012840271,1
289,582,8,0.01,0.001,0.75,0.3,42.4248886108,0,42.4248886108,42.4248886108,42.1508865356,0,42.1508865356,42.1508865356,1
290,958,32,0.01,0.01,0.75,0.5,42.3540267944,0,42.3540267944,42.3540267944,42.0398712158,0,42.0398712158,42.0398712158,1
291,994,32,0.001,0.001,0.25,0.7,42.3256797791,0,42.3256797791,42.3256797791,41.9453887939,0,41.9453887939,41.9453887939,1
292,583,8,0.01,0.001,0.75,0.5,42.1721458435,0,42.1721458435,42.1721458435,41.7209968567,0,41.7209968567,41.7209968567,1
293,369,4,0.01,0,0.5,0.7,42.1626968384,0,42.1626968384,42.1626968384,41.9359397888,0,41.9359397888,41.9359397888,1
294,1173,64,0.001,0.001,0.25,0.5,42.0729408264,0,42.0729408264,42.0729408264,41.6335983276,0,41.6335983276,41.6335983276,1
295,554,8,0.01,0,0.75,0.7,42.0587692261,0,42.0587692261,42.0587692261,41.8745269775,0,41.8745269775,41.8745269775,1
296,384,4,0.01,0.0001,0.5,0.7,42.0422363281,0,42.0422363281,42.0422363281,41.5603752136,0,41.5603752136,41.5603752136,1
297,397,4,0.01,0.001,0.5,0.3,42.0375099182,0,42.0375099182,42.0375099182,41.7918548584,0,41.7918548584,41.7918548584,1
298,569,8,0.01,0.0001,0.75,0.7,41.9430274963,0,41.9430274963,41.9430274963,41.6926498413,0,41.6926498413,41.6926498413,1
299,398,4,0.01,0.001,0.5,0.5,41.9052352905,0,41.9052352905,41.9052352905,41.5414772034,0,41.5414772034,41.5414772034,1
300,1186,64,0.001,0.01,0.25,0.1,41.8816146851,0,41.8816146851,41.8816146851,41.2651176453,0,41.2651176453,41.2651176453,1
301,1133,64,0.01,0.01,0.5,0.5,41.7682342529,0,41.7682342529,41.7682342529,41.3194465637,0,41.3194465637,41.3194465637,1
302,1148,64,0.001,0,0.5,0.5,41.7587890625,0,41.7587890625,41.7587890625,41.3005485535,0,41.3005485535,41.3005485535,1
303,954,32,0.01,0.01,0.5,0.7,41.7446136475,0,41.7446136475,41.7446136475,41.4210128784,0,41.4210128784,41.4210128784,1
304,971,32,0.001,0,0.75,0.1,41.6832046509,0,41.6832046509,41.6832046509,41.3997573853,0,41.3997573853,41.3997573853,1
305,646,8,0.001,0.01,0.25,0.1,41.6808395386,0,41.6808395386,41.6808395386,41.3383407593,0,41.3383407593,41.3383407593,1
306,1163,64,0.001,0.0001,0.5,0.5,41.6737518311,0,41.6737518311,41.6737518311,41.2107925415,0,41.2107925415,41.2107925415,1
307,986,32,0.001,0.0001,0.75,0.1,41.6595802307,0,41.6595802307,41.6595802307,41.3690490723,0,41.3690490723,41.3690490723,1
308,406,4,0.01,0.01,0.25,0.1,41.647769928,0,41.647769928,41.647769928,41.2792892456,0,41.2792892456,41.2792892456,1
309,606,8,0.001,0,0.5,0.1,41.63123703,0,41.63123703,41.63123703,41.4139251709,0,41.4139251709,41.4139251709,1
310,621,8,0.001,0.0001,0.5,0.1,41.63123703,0,41.63123703,41.63123703,41.4021148682,0,41.4021148682,41.4021148682,1
311,969,32,0.001,0,0.5,0.7,41.5910797119,0,41.5910797119,41.5910797119,41.0312728882,0,41.0312728882,41.0312728882,1
312,618,8,0.001,0.0001,0.25,0.5,41.5839958191,0,41.5839958191,41.5839958191,41.2320480347,0,41.2320480347,41.2320480347,1
313,603,8,0.001,0,0.25,0.5,41.574546814,0,41.574546814,41.574546814,41.2627563477,0,41.2627563477,41.2627563477,1
314,197,2,0.01,0.0001,0.25,0.3,41.5296669006,0,41.5296669006,41.5296669006,41.1895294189,0,41.1895294189,41.1895294189,1
315,196,2,0.01,0.0001,0.25,0.1,41.5202217102,0,41.5202217102,41.5202217102,41.3477897644,0,41.3477897644,41.3477897644,1
316,182,2,0.01,0,0.25,0.3,41.5178565979,0,41.5178565979,41.5178565979,41.2934646606,0,41.2934646606,41.2934646606,1
317,181,2,0.01,0,0.25,0.1,41.5131340027,0,41.5131340027,41.5131340027,41.3241691589,0,41.3241691589,41.3241691589,1
318,636,8,0.001,0.001,0.5,0.1,41.5013237,0,41.5013237,41.5013237,41.2816543579,0,41.2816543579,41.2816543579,1
319,984,32,0.001,0.0001,0.5,0.7,41.4989624023,0,41.4989624023,41.4989624023,40.9580497742,0,40.9580497742,40.9580497742,1
320,774,16,0.01,0.01,0.5,0.7,41.4729766846,0,41.4729766846,41.4729766846,41.1588249207,0,41.1588249207,41.1588249207,1
321,778,16,0.01,0.01,0.75,0.5,41.4422721863,0,41.4422721863,41.4422721863,40.9769477844,0,40.9769477844,40.9769477844,1
322,789,16,0.001,0,0.5,0.7,41.4328231812,0,41.4328231812,41.4328231812,40.9863967896,0,40.9863967896,40.9863967896,1
323,580,8,0.01,0.001,0.5,0.9,41.4281005859,0,41.4281005859,41.4281005859,41.1777229309,0,41.1777229309,41.1777229309,1
324,211,2,0.01,0.001,0.25,0.1,41.4044799805,0,41.4044799805,41.4044799805,41.1257553101,0,41.1257553101,41.1257553101,1
325,198,2,0.01,0.0001,0.25,0.5,41.4021148682,0,41.4021148682,41.4021148682,41.1281204224,0,41.1281204224,41.1281204224,1
326,804,16,0.001,0.0001,0.5,0.7,41.3855819702,0,41.3855819702,41.3855819702,40.9556884766,0,40.9556884766,40.9556884766,1
327,184,2,0.01,0,0.25,0.7,41.380859375,0,41.380859375,41.380859375,41.1942558289,0,41.1942558289,41.1942558289,1
328,183,2,0.01,0,0.25,0.5,41.3477897644,0,41.3477897644,41.3477897644,41.052532196,0,41.052532196,41.052532196,1
329,212,2,0.01,0.001,0.25,0.3,41.3218078613,0,41.3218078613,41.3218078613,40.9722251892,0,40.9722251892,40.9722251892,1
330,199,2,0.01,0.0001,0.25,0.7,41.3123588562,0,41.3123588562,41.3123588562,41.1044998169,0,41.1044998169,41.1044998169,1
331,633,8,0.001,0.001,0.25,0.5,41.3099975586,0,41.3099975586,41.3099975586,40.9438781738,0,40.9438781738,40.9438781738,1
332,1012,32,0.001,0.01,0.5,0.3,41.2910995483,0,41.2910995483,41.2910995483,40.7431030273,0,40.7431030273,40.7431030273,1
333,1178,64,0.001,0.001,0.5,0.5,41.2438583374,0,41.2438583374,41.2438583374,40.7643623352,0,40.7643623352,40.7643623352,1
334,1001,32,0.001,0.001,0.75,0.1,41.2249641418,0,41.2249641418,41.2249641418,41.0596199036,0,41.0596199036,41.0596199036,1
335,370,4,0.01,0,0.5,0.9,41.2131500244,0,41.2131500244,41.2131500244,40.9651374817,0,40.9651374817,40.9651374817,1
336,1151,64,0.001,0,0.75,0.1,41.1989822388,0,41.1989822388,41.1989822388,40.6887779236,0,40.6887779236,40.6887779236,1
337,593,8,0.01,0.01,0.5,0.5,41.161190033,0,41.161190033,41.161190033,40.9202575684,0,40.9202575684,40.9202575684,1
338,1166,64,0.001,0.0001,0.75,0.1,41.1588249207,0,41.1588249207,41.1588249207,40.6509857178,0,40.6509857178,40.6509857178,1
339,828,16,0.001,0.01,0.25,0.5,41.1517372131,0,41.1517372131,41.1517372131,40.5777587891,0,40.5777587891,40.5777587891,1
340,832,16,0.001,0.01,0.5,0.3,41.1210327148,0,41.1210327148,41.1210327148,40.6793251038,0,40.6793251038,40.6793251038,1
341,987,32,0.001,0.0001,0.75,0.3,41.083240509,0,41.083240509,41.083240509,40.6509857178,0,40.6509857178,40.6509857178,1
342,596,8,0.01,0.01,0.75,0.1,41.010017395,0,41.010017395,41.010017395,40.7572746277,0,40.7572746277,40.7572746277,1
343,399,4,0.01,0.001,0.5,0.7,40.9816703796,0,40.9816703796,40.9816703796,40.7147598267,0,40.7147598267,40.7147598267,1
344,607,8,0.001,0,0.5,0.3,40.9202575684,0,40.9202575684,40.9202575684,40.6793251038,0,40.6793251038,40.6793251038,1
345,407,4,0.01,0.01,0.25,0.3,40.8942756653,0,40.8942756653,40.8942756653,40.582485199,0,40.582485199,40.582485199,1
346,622,8,0.001,0.0001,0.5,0.3,40.8942756653,0,40.8942756653,40.8942756653,40.6438980103,0,40.6438980103,40.6438980103,1
347,819,16,0.001,0.001,0.5,0.7,40.8824653625,0,40.8824653625,40.8824653625,40.4714660645,0,40.4714660645,40.4714660645,1
348,647,8,0.001,0.01,0.25,0.3,40.8541183472,0,40.8541183472,40.8541183472,40.3722610474,0,40.3722610474,40.3722610474,1
349,213,2,0.01,0.001,0.25,0.5,40.8139648438,0,40.8139648438,40.8139648438,40.6816902161,0,40.6816902161,40.6816902161,1
350,637,8,0.001,0.001,0.5,0.3,40.7667236328,0,40.7667236328,40.7667236328,40.4667434692,0,40.4667434692,40.4667434692,1
351,185,2,0.01,0,0.25,0.9,40.7407417297,0,40.7407417297,40.7407417297,40.478553772,0,40.478553772,40.478553772,1
352,385,4,0.01,0.0001,0.5,0.9,40.7336578369,0,40.7336578369,40.7336578369,40.4643821716,0,40.4643821716,40.4643821716,1
353,999,32,0.001,0.001,0.5,0.7,40.7076721191,0,40.7076721191,40.7076721191,40.1620407104,0,40.1620407104,40.1620407104,1
354,1181,64,0.001,0.001,0.75,0.1,40.6840515137,0,40.6840515137,40.6840515137,40.2352600098,0,40.2352600098,40.2352600098,1
355,395,4,0.01,0.001,0.25,0.9,40.6746025085,0,40.6746025085,40.6746025085,40.5872077942,0,40.5872077942,40.5872077942,1
356,972,32,0.001,0,0.75,0.3,40.639175415,0,40.639175415,40.639175415,40.2234535217,0,40.2234535217,40.2234535217,1
357,1191,64,0.001,0.01,0.5,0.1,40.5848426819,0,40.5848426819,40.5848426819,39.9896087646,0,39.9896087646,39.9896087646,1
358,214,2,0.01,0.001,0.25,0.7,40.5612258911,0,40.5612258911,40.5612258911,40.3439178467,0,40.3439178467,40.3439178467,1
359,200,2,0.01,0.0001,0.25,0.9,40.5234298706,0,40.5234298706,40.5234298706,40.3628120422,0,40.3628120422,40.3628120422,1
360,584,8,0.01,0.001,0.75,0.7,40.49036026,0,40.49036026,40.49036026,40.3510017395,0,40.3510017395,40.3510017395,1
361,387,4,0.01,0.0001,0.75,0.3,40.4667434692,0,40.4667434692,40.4667434692,40.2588806152,0,40.2588806152,40.2588806152,1
362,1002,32,0.001,0.001,0.75,0.3,40.4525680542,0,40.4525680542,40.4525680542,40.0510215759,0,40.0510215759,40.0510215759,1
363,371,4,0.01,0,0.75,0.1,40.4265899658,0,40.4265899658,40.4265899658,40.4360351562,0,40.4360351562,40.4360351562,1
364,372,4,0.01,0,0.75,0.3,40.4242248535,0,40.4242248535,40.4242248535,40.2801399231,0,40.2801399231,40.2801399231,1
365,201,2,0.01,0.0001,0.5,0.1,40.3982429504,0,40.3982429504,40.3982429504,40.0533828735,0,40.0533828735,40.0533828735,1
366,386,4,0.01,0.0001,0.75,0.1,40.3911552429,0,40.3911552429,40.3911552429,40.3651733398,0,40.3651733398,40.3651733398,1
367,411,4,0.01,0.01,0.5,0.1,40.3864326477,0,40.3864326477,40.3864326477,40.0699157715,0,40.0699157715,40.0699157715,1
368,186,2,0.01,0,0.5,0.1,40.3604507446,0,40.3604507446,40.3604507446,40.0132255554,0,40.0132255554,40.0132255554,1
369,597,8,0.01,0.01,0.75,0.3,40.3297424316,0,40.3297424316,40.3297424316,40.0061416626,0,40.0061416626,40.0061416626,1
370,1008,32,0.001,0.01,0.25,0.5,40.1856575012,0,40.1856575012,40.1856575012,39.5101089478,0,39.5101089478,39.5101089478,1
371,401,4,0.01,0.001,0.75,0.1,40.1714859009,0,40.1714859009,40.1714859009,39.9683456421,0,39.9683456421,39.9683456421,1
372,589,8,0.01,0.01,0.25,0.7,40.1478652954,0,40.1478652954,40.1478652954,39.9187431335,0,39.9187431335,39.9187431335,1
373,604,8,0.001,0,0.25,0.7,40.1100730896,0,40.1100730896,40.1100730896,39.9140205383,0,39.9140205383,39.9140205383,1
374,619,8,0.001,0.0001,0.25,0.7,40.0793647766,0,40.0793647766,40.0793647766,39.8809509277,0,39.8809509277,39.8809509277,1
375,765,16,0.01,0.001,0.75,0.9,40.0651931763,0,40.0651931763,40.0651931763,39.7203330994,0,39.7203330994,39.7203330994,1
376,216,2,0.01,0.001,0.5,0.1,40.0392112732,0,40.0392112732,40.0392112732,39.7297782898,0,39.7297782898,39.7297782898,1
377,651,8,0.001,0.01,0.5,0.1,40.0368499756,0,40.0368499756,40.0368499756,39.5833358765,0,39.5833358765,39.5833358765,1
378,1152,64,0.001,0,0.75,0.3,40.0297622681,0,40.0297622681,40.0297622681,39.5927810669,0,39.5927810669,39.5927810669,1
379,1167,64,0.001,0.0001,0.75,0.3,39.9872436523,0,39.9872436523,39.9872436523,39.5360908508,0,39.5360908508,39.5360908508,1
380,1187,64,0.001,0.01,0.25,0.3,39.9801597595,0,39.9801597595,39.9801597595,39.5030212402,0,39.5030212402,39.5030212402,1
381,187,2,0.01,0,0.5,0.3,39.9187431335,0,39.9187431335,39.9187431335,39.8549690247,0,39.8549690247,39.8549690247,1
382,421,4,0.001,0,0.25,0.1,39.8407974243,0,39.8407974243,39.8407974243,39.6660041809,0,39.6660041809,39.6660041809,1
383,436,4,0.001,0.0001,0.25,0.1,39.8337135315,0,39.8337135315,39.8337135315,39.6471099854,0,39.6471099854,39.6471099854,1
384,608,8,0.001,0,0.5,0.5,39.8242607117,0,39.8242607117,39.8242607117,39.5030212402,0,39.5030212402,39.5030212402,1
385,402,4,0.01,0.001,0.75,0.3,39.8219032288,0,39.8219032288,39.8219032288,39.6565589905,0,39.6565589905,39.6565589905,1
386,973,32,0.001,0,0.75,0.5,39.8053665161,0,39.8053665161,39.8053665161,39.3258705139,0,39.3258705139,39.3258705139,1
387,623,8,0.001,0.0001,0.5,0.5,39.7935562134,0,39.7935562134,39.7935562134,39.4699554443,0,39.4699554443,39.4699554443,1
388,188,2,0.01,0,0.5,0.5,39.7888336182,0,39.7888336182,39.7888336182,39.8549690247,0,39.8549690247,39.8549690247,1
389,1144,64,0.001,0,0.25,0.7,39.7864685059,0,39.7864685059,39.7864685059,39.425075531,0,39.425075531,39.425075531,1
390,202,2,0.01,0.0001,0.5,0.3,39.7770233154,0,39.7770233154,39.7770233154,39.6518363953,0,39.6518363953,39.6518363953,1
391,451,4,0.001,0.001,0.25,0.1,39.7581253052,0,39.7581253052,39.7581253052,39.5384559631,0,39.5384559631,39.5384559631,1
392,634,8,0.001,0.001,0.25,0.7,39.75340271,0,39.75340271,39.75340271,39.5809707642,0,39.5809707642,39.5809707642,1
393,388,4,0.01,0.0001,0.75,0.5,39.7250556946,0,39.7250556946,39.7250556946,39.4179916382,0,39.4179916382,39.4179916382,1
394,1159,64,0.001,0.0001,0.25,0.7,39.7203330994,0,39.7203330994,39.7203330994,39.3471260071,0,39.3471260071,39.3471260071,1
395,373,4,0.01,0,0.75,0.5,39.6896286011,0,39.6896286011,39.6896286011,39.6518363953,0,39.6518363953,39.6518363953,1
396,988,32,0.001,0.0001,0.75,0.5,39.6896286011,0,39.6896286011,39.6896286011,39.1865081787,0,39.1865081787,39.1865081787,1
397,203,2,0.01,0.0001,0.5,0.5,39.675453186,0,39.675453186,39.675453186,39.7581253052,0,39.7581253052,39.7581253052,1
398,408,4,0.01,0.01,0.25,0.5,39.6730918884,0,39.6730918884,39.6730918884,39.4510612488,0,39.4510612488,39.4510612488,1
399,217,2,0.01,0.001,0.5,0.3,39.6258506775,0,39.6258506775,39.6258506775,39.4463348389,0,39.4463348389,39.4463348389,1
400,1182,64,0.001,0.001,0.75,0.3,39.6069564819,0,39.6069564819,39.6069564819,39.2101287842,0,39.2101287842,39.2101287842,1
401,638,8,0.001,0.001,0.5,0.5,39.5951461792,0,39.5951461792,39.5951461792,39.335319519,0,39.335319519,39.335319519,1
402,422,4,0.001,0,0.25,0.3,39.5927810669,0,39.5927810669,39.5927810669,39.1959571838,0,39.1959571838,39.1959571838,1
403,1138,64,0.01,0.01,0.75,0.5,39.5644378662,0,39.5644378662,39.5644378662,39.3282318115,0,39.3282318115,39.3282318115,1
404,437,4,0.001,0.0001,0.25,0.3,39.5431785583,0,39.5431785583,39.5431785583,39.1817855835,0,39.1817855835,39.1817855835,1
405,189,2,0.01,0,0.5,0.7,39.4841270447,0,39.4841270447,39.4841270447,39.3187866211,0,39.3187866211,39.3187866211,1
406,555,8,0.01,0,0.75,0.9,39.4794044495,0,39.4794044495,39.4794044495,39.4203529358,0,39.4203529358,39.4203529358,1
407,226,2,0.01,0.01,0.25,0.1,39.4227142334,0,39.4227142334,39.4227142334,39.084941864,0,39.084941864,39.084941864,1
408,412,4,0.01,0.01,0.5,0.3,39.4038162231,0,39.4038162231,39.4038162231,39.2124938965,0,39.2124938965,39.2124938965,1
409,452,4,0.001,0.001,0.25,0.3,39.4038162231,0,39.4038162231,39.4038162231,39.054233551,0,39.054233551,39.054233551,1
410,204,2,0.01,0.0001,0.5,0.7,39.3636627197,0,39.3636627197,39.3636627197,39.2290267944,0,39.2290267944,39.2290267944,1
411,403,4,0.01,0.001,0.75,0.5,39.3305931091,0,39.3305931091,39.3305931091,39.0235290527,0,39.0235290527,39.0235290527,1
412,218,2,0.01,0.001,0.5,0.5,39.2975234985,0,39.2975234985,39.2975234985,39.1605262756,0,39.1605262756,39.1605262756,1
413,833,16,0.001,0.01,0.5,0.5,39.2975234985,0,39.2975234985,39.2975234985,38.8440093994,0,38.8440093994,38.8440093994,1
414,1149,64,0.001,0,0.5,0.7,39.231388092,0,39.231388092,39.231388092,38.8865280151,0,38.8865280151,38.8865280151,1
415,1192,64,0.001,0.01,0.5,0.3,39.2290267944,0,39.2290267944,39.2290267944,38.6621322632,0,38.6621322632,38.6621322632,1
416,1164,64,0.001,0.0001,0.5,0.7,39.1652488708,0,39.1652488708,39.1652488708,38.8510971069,0,38.8510971069,38.8510971069,1
417,570,8,0.01,0.0001,0.75,0.9,39.1227340698,0,39.1227340698,39.1227340698,39.0400619507,0,39.0400619507,39.0400619507,1
418,806,16,0.001,0.0001,0.75,0.1,39.0613212585,0,39.0613212585,39.0613212585,38.7306289673,0,38.7306289673,38.7306289673,1
419,791,16,0.001,0,0.75,0.1,39.0589561462,0,39.0589561462,39.0589561462,38.74243927,0,38.74243927,38.74243927,1
420,227,2,0.01,0.01,0.25,0.3,39.0353393555,0,39.0353393555,39.0353393555,38.8014945984,0,38.8014945984,38.8014945984,1
421,1174,64,0.001,0.001,0.25,0.7,39.0306129456,0,39.0306129456,39.0306129456,38.6952018738,0,38.6952018738,38.6952018738,1
422,652,8,0.001,0.01,0.5,0.3,39.0211639404,0,39.0211639404,39.0211639404,38.5629272461,0,38.5629272461,38.5629272461,1
423,821,16,0.001,0.001,0.75,0.1,38.9644737244,0,38.9644737244,38.9644737244,38.6172523499,0,38.6172523499,38.6172523499,1
424,1003,32,0.001,0.001,0.75,0.5,38.8959770203,0,38.8959770203,38.8959770203,38.402305603,0,38.402305603,38.402305603,1
425,374,4,0.01,0,0.75,0.7,38.893611908,0,38.893611908,38.893611908,38.5889091492,0,38.5889091492,38.5889091492,1
426,648,8,0.001,0.01,0.25,0.5,38.8605461121,0,38.8605461121,38.8605461121,38.4306526184,0,38.4306526184,38.4306526184,1
427,389,4,0.01,0.0001,0.75,0.7,38.8510971069,0,38.8510971069,38.8510971069,38.6148910522,0,38.6148910522,38.6148910522,1
428,594,8,0.01,0.01,0.5,0.7,38.8251113892,0,38.8251113892,38.8251113892,38.7188224792,0,38.7188224792,38.7188224792,1
429,598,8,0.01,0.01,0.75,0.5,38.8180274963,0,38.8180274963,38.8180274963,38.5770988464,0,38.5770988464,38.5770988464,1
430,1153,64,0.001,0,0.75,0.5,38.7755088806,0,38.7755088806,38.7755088806,38.4259262085,0,38.4259262085,38.4259262085,1
431,190,2,0.01,0,0.5,0.9,38.7660636902,0,38.7660636902,38.7660636902,38.5345802307,0,38.5345802307,38.5345802307,1
432,219,2,0.01,0.001,0.5,0.7,38.7589759827,0,38.7589759827,38.7589759827,38.5369415283,0,38.5369415283,38.5369415283,1
433,423,4,0.001,0,0.25,0.5,38.6857528687,0,38.6857528687,38.6857528687,38.3810462952,0,38.3810462952,38.3810462952,1
434,438,4,0.001,0.0001,0.25,0.5,38.6763038635,0,38.6763038635,38.6763038635,38.3668746948,0,38.3668746948,38.3668746948,1
435,466,4,0.001,0.01,0.25,0.1,38.6763038635,0,38.6763038635,38.6763038635,38.2487716675,0,38.2487716675,38.2487716675,1
436,1168,64,0.001,0.0001,0.75,0.5,38.6479568481,0,38.6479568481,38.6479568481,38.2912902832,0,38.2912902832,38.2912902832,1
437,215,2,0.01,0.001,0.25,0.9,38.6030807495,0,38.6030807495,38.6030807495,38.4141159058,0,38.4141159058,38.4141159058,1
438,400,4,0.01,0.001,0.5,0.9,38.5440292358,0,38.5440292358,38.5440292358,38.2771148682,0,38.2771148682,38.2771148682,1
439,453,4,0.001,0.001,0.25,0.5,38.5085983276,0,38.5085983276,38.5085983276,38.2062568665,0,38.2062568665,38.2062568665,1
440,1013,32,0.001,0.01,0.5,0.5,38.4826164246,0,38.4826164246,38.4826164246,37.7031402588,0,37.7031402588,37.7031402588,1
441,205,2,0.01,0.0001,0.5,0.9,38.480255127,0,38.480255127,38.480255127,38.1094093323,0,38.1094093323,38.1094093323,1
442,1179,64,0.001,0.001,0.5,0.7,38.4589958191,0,38.4589958191,38.4589958191,38.1164970398,0,38.1164970398,38.1164970398,1
443,792,16,0.001,0,0.75,0.3,38.449546814,0,38.449546814,38.449546814,38.0338249207,0,38.0338249207,38.0338249207,1
444,807,16,0.001,0.0001,0.75,0.3,38.4400978088,0,38.4400978088,38.4400978088,38.0267372131,0,38.0267372131,38.0267372131,1
445,413,4,0.01,0.01,0.5,0.5,38.3952217102,0,38.3952217102,38.3952217102,38.2204246521,0,38.2204246521,38.2204246521,1
446,231,2,0.01,0.01,0.5,0.1,38.3385314941,0,38.3385314941,38.3385314941,38.1070480347,0,38.1070480347,38.1070480347,1
447,609,8,0.001,0,0.5,0.7,38.3054618835,0,38.3054618835,38.3054618835,38.0102043152,0,38.0102043152,38.0102043152,1
448,779,16,0.01,0.01,0.75,0.7,38.2818412781,0,38.2818412781,38.2818412781,37.9204444885,0,37.9204444885,37.9204444885,1
449,1183,64,0.001,0.001,0.75,0.5,38.2653045654,0,38.2653045654,38.2653045654,37.9346199036,0,37.9346199036,37.9346199036,1
450,822,16,0.001,0.001,0.75,0.3,38.2369613647,0,38.2369613647,38.2369613647,37.9086380005,0,37.9086380005,37.9086380005,1
451,624,8,0.001,0.0001,0.5,0.7,38.1991691589,0,38.1991691589,38.1991691589,37.9298973083,0,37.9298973083,37.9298973083,1
452,1016,32,0.001,0.01,0.75,0.1,38.0598068237,0,38.0598068237,38.0598068237,37.7881698608,0,37.7881698608,37.7881698608,1
453,191,2,0.01,0,0.75,0.1,38.047996521,0,38.047996521,38.047996521,37.6251907349,0,37.6251907349,37.6251907349,1
454,829,16,0.001,0.01,0.25,0.7,38.0432739258,0,38.0432739258,38.0432739258,37.5661392212,0,37.5661392212,37.5661392212,1
455,1129,64,0.01,0.01,0.25,0.7,38.0220146179,0,38.0220146179,38.0220146179,37.5023651123,0,37.5023651123,37.5023651123,1
456,409,4,0.01,0.01,0.25,0.7,37.9983940125,0,37.9983940125,37.9983940125,37.7456550598,0,37.7456550598,37.7456550598,1
457,639,8,0.001,0.001,0.5,0.7,37.9913101196,0,37.9913101196,37.9913101196,37.6842422485,0,37.6842422485,37.6842422485,1
458,206,2,0.01,0.0001,0.75,0.1,37.9842224121,0,37.9842224121,37.9842224121,37.5897598267,0,37.5897598267,37.5897598267,1
459,228,2,0.01,0.01,0.25,0.5,37.9464302063,0,37.9464302063,37.9464302063,37.7763595581,0,37.7763595581,37.7763595581,1
460,467,4,0.001,0.01,0.25,0.3,37.87084198,0,37.87084198,37.87084198,37.4385871887,0,37.4385871887,37.4385871887,1
461,192,2,0.01,0,0.75,0.3,37.8637580872,0,37.8637580872,37.8637580872,37.6818771362,0,37.6818771362,37.6818771362,1
462,207,2,0.01,0.0001,0.75,0.3,37.8424987793,0,37.8424987793,37.8424987793,37.6322746277,0,37.6322746277,37.6322746277,1
463,959,32,0.01,0.01,0.75,0.7,37.8377723694,0,37.8377723694,37.8377723694,37.514175415,0,37.514175415,37.514175415,1
464,426,4,0.001,0,0.5,0.1,37.8047065735,0,37.8047065735,37.8047065735,37.530708313,0,37.530708313,37.530708313,1
465,441,4,0.001,0.0001,0.5,0.1,37.7976226807,0,37.7976226807,37.7976226807,37.5259819031,0,37.5259819031,37.5259819031,1
466,222,2,0.01,0.001,0.75,0.3,37.7858085632,0,37.7858085632,37.7858085632,37.6110153198,0,37.6110153198,37.6110153198,1
467,456,4,0.001,0.001,0.5,0.1,37.7314796448,0,37.7314796448,37.7314796448,37.4220504761,0,37.4220504761,37.4220504761,1
468,221,2,0.01,0.001,0.75,0.1,37.6984100342,0,37.6984100342,37.6984100342,37.3771743774,0,37.3771743774,37.3771743774,1
469,793,16,0.001,0,0.75,0.5,37.6795158386,0,37.6795158386,37.6795158386,37.3157577515,0,37.3157577515,37.3157577515,1
470,416,4,0.01,0.01,0.75,0.1,37.6582603455,0,37.6582603455,37.6582603455,37.3252105713,0,37.3252105713,37.3252105713,1
471,808,16,0.001,0.0001,0.75,0.5,37.6535339355,0,37.6535339355,37.6535339355,37.2874145508,0,37.2874145508,37.2874145508,1
472,1134,64,0.01,0.01,0.5,0.7,37.6464500427,0,37.6464500427,37.6464500427,37.4645690918,0,37.4645690918,37.4645690918,1
473,1188,64,0.001,0.01,0.25,0.5,37.6464500427,0,37.6464500427,37.6464500427,37.2047424316,0,37.2047424316,37.2047424316,1
474,417,4,0.01,0.01,0.75,0.3,37.6157417297,0,37.6157417297,37.6157417297,37.1834831238,0,37.1834831238,37.1834831238,1
475,232,2,0.01,0.01,0.5,0.3,37.5897598267,0,37.5897598267,37.5897598267,37.2992248535,0,37.2992248535,37.2992248535,1
476,404,4,0.01,0.001,0.75,0.7,37.5377922058,0,37.5377922058,37.5377922058,37.2874145508,0,37.2874145508,37.2874145508,1
477,208,2,0.01,0.0001,0.75,0.5,37.4456748962,0,37.4456748962,37.4456748962,37.1787605286,0,37.1787605286,37.1787605286,1
478,193,2,0.01,0,0.75,0.5,37.4291381836,0,37.4291381836,37.4291381836,37.1315193176,0,37.1315193176,37.1315193176,1
479,427,4,0.001,0,0.5,0.3,37.322845459,0,37.322845459,37.322845459,37.0464859009,0,37.0464859009,37.0464859009,1
480,442,4,0.001,0.0001,0.5,0.3,37.3204841614,0,37.3204841614,37.3204841614,37.0535736084,0,37.0535736084,37.0535736084,1
481,836,16,0.001,0.01,0.75,0.1,37.2992248535,0,37.2992248535,37.2992248535,36.8716926575,0,36.8716926575,36.8716926575,1
482,823,16,0.001,0.001,0.75,0.5,37.2921409607,0,37.2921409607,37.2921409607,36.8811416626,0,36.8811416626,36.8811416626,1
483,424,4,0.001,0,0.25,0.7,37.2236404419,0,37.2236404419,37.2236404419,36.9236602783,0,36.9236602783,36.9236602783,1
484,1196,64,0.001,0.01,0.75,0.1,37.2236404419,0,37.2236404419,37.2236404419,36.7323303223,0,36.7323303223,36.7323303223,1
485,457,4,0.001,0.001,0.5,0.3,37.202381134,0,37.202381134,37.202381134,36.8693313599,0,36.8693313599,36.8693313599,1
486,439,4,0.001,0.0001,0.25,0.7,37.1952934265,0,37.1952934265,37.1952934265,36.8811416626,0,36.8811416626,36.8811416626,1
487,974,32,0.001,0,0.75,0.7,37.1551399231,0,37.1551399231,37.1551399231,36.5551757812,0,36.5551757812,36.5551757812,1
488,989,32,0.001,0.0001,0.75,0.7,37.0701065063,0,37.0701065063,37.0701065063,36.507938385,0,36.507938385,36.507938385,1
489,241,2,0.001,0,0.25,0.1,37.0110549927,0,37.0110549927,37.0110549927,36.5693511963,0,36.5693511963,36.5693511963,1
490,375,4,0.01,0,0.75,0.9,36.9968833923,0,36.9968833923,36.9968833923,36.8480758667,0,36.8480758667,36.8480758667,1
491,256,2,0.001,0.0001,0.25,0.1,36.99451828,0,36.99451828,36.99451828,36.5528182983,0,36.5528182983,36.5528182983,1
492,1193,64,0.001,0.01,0.5,0.5,36.9543647766,0,36.9543647766,36.9543647766,36.4984893799,0,36.4984893799,36.4984893799,1
493,271,2,0.001,0.001,0.25,0.1,36.9307441711,0,36.9307441711,36.9307441711,36.5032119751,0,36.5032119751,36.5032119751,1
494,1154,64,0.001,0,0.75,0.7,36.9165725708,0,36.9165725708,36.9165725708,36.5858840942,0,36.5858840942,36.5858840942,1
495,585,8,0.01,0.001,0.75,0.9,36.8504333496,0,36.8504333496,36.8504333496,36.5480918884,0,36.5480918884,36.5480918884,1
496,653,8,0.001,0.01,0.5,0.5,36.8409881592,0,36.8409881592,36.8409881592,36.4276275635,0,36.4276275635,36.4276275635,1
497,454,4,0.001,0.001,0.25,0.7,36.8315391541,0,36.8315391541,36.8315391541,36.5433692932,0,36.5433692932,36.5433692932,1
498,1169,64,0.001,0.0001,0.75,0.7,36.8291778564,0,36.8291778564,36.8291778564,36.524471283,0,36.524471283,36.524471283,1
499,1139,64,0.01,0.01,0.75,0.7,36.7842979431,0,36.7842979431,36.7842979431,36.5102958679,0,36.5102958679,36.5102958679,1
500,233,2,0.01,0.01,0.5,0.5,36.7346954346,0,36.7346954346,36.7346954346,36.3425941467,0,36.3425941467,36.3425941467,1
501,223,2,0.01,0.001,0.75,0.5,36.6898155212,0,36.6898155212,36.6898155212,36.5126609802,0,36.5126609802,36.5126609802,1
502,443,4,0.001,0.0001,0.5,0.5,36.6591110229,0,36.6591110229,36.6591110229,36.2126808167,0,36.2126808167,36.2126808167,1
503,428,4,0.001,0,0.5,0.5,36.6567459106,0,36.6567459106,36.6567459106,36.2363014221,0,36.2363014221,36.2363014221,1
504,242,2,0.001,0,0.25,0.3,36.6496582031,0,36.6496582031,36.6496582031,36.2622833252,0,36.2622833252,36.2622833252,1
505,257,2,0.001,0.0001,0.25,0.3,36.6378479004,0,36.6378479004,36.6378479004,36.2457466125,0,36.2457466125,36.2457466125,1
506,272,2,0.001,0.001,0.25,0.3,36.5693511963,0,36.5693511963,36.5693511963,36.0851287842,0,36.0851287842,36.0851287842,1
507,194,2,0.01,0,0.75,0.7,36.5646286011,0,36.5646286011,36.5646286011,36.4843177795,0,36.4843177795,36.4843177795,1
508,1017,32,0.001,0.01,0.75,0.3,36.5433692932,0,36.5433692932,36.5433692932,35.9906463623,0,35.9906463623,35.9906463623,1
509,1004,32,0.001,0.001,0.75,0.7,36.5315589905,0,36.5315589905,36.5315589905,35.8819923401,0,35.8819923401,35.8819923401,1
510,414,4,0.01,0.01,0.5,0.7,36.5197486877,0,36.5197486877,36.5197486877,36.0355262756,0,36.0355262756,36.0355262756,1
511,1197,64,0.001,0.01,0.75,0.3,36.5032119751,0,36.5032119751,36.5032119751,35.959941864,0,35.959941864,35.959941864,1
512,458,4,0.001,0.001,0.5,0.5,36.4606933594,0,36.4606933594,36.4606933594,36.0898513794,0,36.0898513794,36.0898513794,1
513,220,2,0.01,0.001,0.5,0.9,36.4583358765,0,36.4583358765,36.4583358765,36.0827636719,0,36.0827636719,36.0827636719,1
514,471,4,0.001,0.01,0.5,0.1,36.4417991638,0,36.4417991638,36.4417991638,36.1276435852,0,36.1276435852,36.1276435852,1
515,390,4,0.01,0.0001,0.75,0.9,36.4370765686,0,36.4370765686,36.4370765686,36.1607131958,0,36.1607131958,36.1607131958,1
516,209,2,0.01,0.0001,0.75,0.7,36.4110908508,0,36.4110908508,36.4110908508,36.0874938965,0,36.0874938965,36.0874938965,1
517,1184,64,0.001,0.001,0.75,0.7,36.3260612488,0,36.3260612488,36.3260612488,35.9646644592,0,35.9646644592,35.9646644592,1
518,649,8,0.001,0.01,0.25,0.7,36.2977142334,0,36.2977142334,36.2977142334,35.8772697449,0,35.8772697449,35.8772697449,1
519,599,8,0.01,0.01,0.75,0.7,36.2433891296,0,36.2433891296,36.2433891296,35.9504890442,0,35.9504890442,35.9504890442,1
520,468,4,0.001,0.01,0.25,0.5,36.2055931091,0,36.2055931091,36.2055931091,35.7756996155,0,35.7756996155,35.7756996155,1
521,794,16,0.001,0,0.75,0.7,36.0969390869,0,36.0969390869,36.0969390869,35.5442199707,0,35.5442199707,35.5442199707,1
522,1009,32,0.001,0.01,0.25,0.7,36.080406189,0,36.080406189,36.080406189,35.4898910522,0,35.4898910522,35.4898910522,1
523,258,2,0.001,0.0001,0.25,0.5,36.0615081787,0,36.0615081787,36.0615081787,35.6292533875,0,35.6292533875,35.6292533875,1
524,243,2,0.001,0,0.25,0.5,36.0591468811,0,36.0591468811,36.0591468811,35.6410636902,0,35.6410636902,35.6410636902,1
525,809,16,0.001,0.0001,0.75,0.7,36.018989563,0,36.018989563,36.018989563,35.4828071594,0,35.4828071594,35.4828071594,1
526,286,2,0.001,0.01,0.25,0.1,36.0142669678,0,36.0142669678,36.0142669678,35.6221656799,0,35.6221656799,35.6221656799,1
527,273,2,0.001,0.001,0.25,0.5,35.9363212585,0,35.9363212585,35.9363212585,35.5064239502,0,35.5064239502,35.5064239502,1
528,229,2,0.01,0.01,0.25,0.7,35.856010437,0,35.856010437,35.856010437,35.7709770203,0,35.7709770203,35.7709770203,1
529,611,8,0.001,0,0.75,0.1,35.7804222107,0,35.7804222107,35.7804222107,35.5772895813,0,35.5772895813,35.5772895813,1
530,837,16,0.001,0.01,0.75,0.3,35.7638893127,0,35.7638893127,35.7638893127,35.2607727051,0,35.2607727051,35.2607727051,1
531,626,8,0.001,0.0001,0.75,0.1,35.7544403076,0,35.7544403076,35.7544403076,35.5725631714,0,35.5725631714,35.5725631714,1
532,418,4,0.01,0.01,0.75,0.5,35.7449913025,0,35.7449913025,35.7449913025,35.5205993652,0,35.5205993652,35.5205993652,1
533,641,8,0.001,0.001,0.75,0.1,35.678855896,0,35.678855896,35.678855896,35.4639091492,0,35.4639091492,35.4639091492,1
534,236,2,0.01,0.01,0.75,0.1,35.5347709656,0,35.5347709656,35.5347709656,35.2820320129,0,35.2820320129,35.2820320129,1
535,472,4,0.001,0.01,0.5,0.3,35.4733543396,0,35.4733543396,35.4733543396,35.1261329651,0,35.1261329651,35.1261329651,1
536,824,16,0.001,0.001,0.75,0.7,35.4733543396,0,35.4733543396,35.4733543396,34.8308753967,0,34.8308753967,34.8308753967,1
537,605,8,0.001,0,0.25,0.9,35.4591827393,0,35.4591827393,35.4591827393,35.1710128784,0,35.1710128784,35.1710128784,1
538,834,16,0.001,0.01,0.5,0.7,35.4497375488,0,35.4497375488,35.4497375488,34.8993759155,0,34.8993759155,34.8993759155,1
539,620,8,0.001,0.0001,0.25,0.9,35.3458061218,0,35.3458061218,35.3458061218,35.0694465637,0,35.0694465637,35.0694465637,1
540,785,16,0.001,0,0.25,0.9,35.3056488037,0,35.3056488037,35.3056488037,34.8119812012,0,34.8119812012,34.8119812012,1
541,224,2,0.01,0.001,0.75,0.7,35.2891159058,0,35.2891159058,35.2891159058,34.937171936,0,34.937171936,34.937171936,1
542,287,2,0.001,0.01,0.25,0.3,35.2442398071,0,35.2442398071,35.2442398071,34.8308753967,0,34.8308753967,34.8308753967,1
543,800,16,0.001,0.0001,0.25,0.9,35.2088050842,0,35.2088050842,35.2088050842,34.7104148865,0,34.7104148865,34.7104148865,1
544,429,4,0.001,0,0.5,0.7,35.1521148682,0,35.1521148682,35.1521148682,34.849773407,0,34.849773407,34.849773407,1
545,237,2,0.01,0.01,0.75,0.3,35.0977897644,0,35.0977897644,35.0977897644,34.8521347046,0,34.8521347046,34.8521347046,1
546,444,4,0.001,0.0001,0.5,0.7,35.0907020569,0,35.0907020569,35.0907020569,34.7954444885,0,34.7954444885,34.7954444885,1
547,612,8,0.001,0,0.75,0.3,35.0576324463,0,35.0576324463,35.0576324463,34.7954444885,0,34.7954444885,34.7954444885,1
548,627,8,0.001,0.0001,0.75,0.3,35.0434646606,0,35.0434646606,35.0434646606,34.7836380005,0,34.7836380005,34.7836380005,1
549,642,8,0.001,0.001,0.75,0.3,34.922996521,0,34.922996521,34.922996521,34.6726226807,0,34.6726226807,34.6726226807,1
550,1198,64,0.001,0.01,0.75,0.5,34.8214302063,0,34.8214302063,34.8214302063,34.4009819031,0,34.4009819031,34.4009819031,1
551,459,4,0.001,0.001,0.5,0.7,34.7080497742,0,34.7080497742,34.7080497742,34.4009819031,0,34.4009819031,34.4009819031,1
552,1018,32,0.001,0.01,0.75,0.5,34.698600769,0,34.698600769,34.698600769,34.1671409607,0,34.1671409607,34.1671409607,1
553,656,8,0.001,0.01,0.75,0.1,34.6867904663,0,34.6867904663,34.6867904663,34.2356376648,0,34.2356376648,34.2356376648,1
554,244,2,0.001,0,0.25,0.7,34.6631698608,0,34.6631698608,34.6631698608,34.2191047668,0,34.2191047668,34.2191047668,1
555,259,2,0.001,0.0001,0.25,0.7,34.6135673523,0,34.6135673523,34.6135673523,34.2049331665,0,34.2049331665,34.2049331665,1
556,1014,32,0.001,0.01,0.5,0.7,34.599395752,0,34.599395752,34.599395752,34.1647758484,0,34.1647758484,34.1647758484,1
557,234,2,0.01,0.01,0.5,0.7,34.4718475342,0,34.4718475342,34.4718475342,34.0655708313,0,34.0655708313,34.0655708313,1
558,635,8,0.001,0.001,0.25,0.9,34.4600334167,0,34.4600334167,34.4600334167,34.051399231,0,34.051399231,34.051399231,1
559,246,2,0.001,0,0.5,0.1,34.3183097839,0,34.3183097839,34.3183097839,33.9876251221,0,33.9876251221,33.9876251221,1
560,274,2,0.001,0.001,0.25,0.7,34.2994155884,0,34.2994155884,34.2994155884,34.0183296204,0,34.0183296204,34.0183296204,1
561,261,2,0.001,0.0001,0.5,0.1,34.2946929932,0,34.2946929932,34.2946929932,33.9498329163,0,33.9498329163,33.9498329163,1
562,276,2,0.001,0.001,0.5,0.1,34.271068573,0,34.271068573,34.271068573,33.9521903992,0,33.9521903992,33.9521903992,1
563,405,4,0.01,0.001,0.75,0.9,34.2568969727,0,34.2568969727,34.2568969727,33.8010215759,0,33.8010215759,33.8010215759,1
564,195,2,0.01,0,0.75,0.9,34.1057281494,0,34.1057281494,34.1057281494,33.7750358582,0,33.7750358582,33.7750358582,1
565,815,16,0.001,0.001,0.25,0.9,34.0561256409,0,34.0561256409,34.0561256409,33.5624542236,0,33.5624542236,33.5624542236,1
566,473,4,0.001,0.01,0.5,0.5,34.00415802,0,34.00415802,34.00415802,33.8175582886,0,33.8175582886,33.8175582886,1
567,1189,64,0.001,0.01,0.25,0.7,33.8742446899,0,33.8742446899,33.8742446899,33.4278182983,0,33.4278182983,33.4278182983,1
568,288,2,0.001,0.01,0.25,0.5,33.8482627869,0,33.8482627869,33.8482627869,33.5246582031,0,33.5246582031,33.5246582031,1
569,210,2,0.01,0.0001,0.75,0.9,33.7939338684,0,33.7939338684,33.7939338684,33.3664016724,0,33.3664016724,33.3664016724,1
570,838,16,0.001,0.01,0.75,0.5,33.7655906677,0,33.7655906677,33.7655906677,33.2955436707,0,33.2955436707,33.2955436707,1
571,262,2,0.001,0.0001,0.5,0.3,33.6970901489,0,33.6970901489,33.6970901489,33.3734893799,0,33.3734893799,33.3734893799,1
572,247,2,0.001,0,0.5,0.3,33.6947288513,0,33.6947288513,33.6947288513,33.3852958679,0,33.3852958679,33.3852958679,1
573,965,32,0.001,0,0.25,0.9,33.6663856506,0,33.6663856506,33.6663856506,33.2624740601,0,33.2624740601,33.2624740601,1
574,980,32,0.001,0.0001,0.25,0.9,33.6592979431,0,33.6592979431,33.6592979431,33.2671966553,0,33.2671966553,33.2671966553,1
575,277,2,0.001,0.001,0.5,0.3,33.6380386353,0,33.6380386353,33.6380386353,33.2506637573,0,33.2506637573,33.2506637573,1
576,613,8,0.001,0,0.75,0.5,33.619140625,0,33.619140625,33.619140625,33.3404197693,0,33.3404197693,33.3404197693,1
577,657,8,0.001,0.01,0.75,0.3,33.6026077271,0,33.6026077271,33.6026077271,33.1845245361,0,33.1845245361,33.1845245361,1
578,628,8,0.001,0.0001,0.75,0.5,33.5884361267,0,33.5884361267,33.5884361267,33.3215255737,0,33.3215255737,33.3215255737,1
579,790,16,0.001,0,0.5,0.9,33.5199356079,0,33.5199356079,33.5199356079,32.9955596924,0,32.9955596924,32.9955596924,1
580,654,8,0.001,0.01,0.5,0.7,33.5128479004,0,33.5128479004,33.5128479004,33.0428009033,0,33.0428009033,33.0428009033,1
581,419,4,0.01,0.01,0.75,0.7,33.5104866028,0,33.5104866028,33.5104866028,33.1774368286,0,33.1774368286,33.1774368286,1
582,291,2,0.001,0.01,0.5,0.1,33.4325408936,0,33.4325408936,33.4325408936,33.0380783081,0,33.0380783081,33.0380783081,1
583,610,8,0.001,0,0.5,0.9,33.4325408936,0,33.4325408936,33.4325408936,32.9955596924,0,32.9955596924,32.9955596924,1
584,263,2,0.001,0.0001,0.5,0.5,33.3852958679,0,33.3852958679,33.3852958679,33.0805931091,0,33.0805931091,33.0805931091,1
585,248,2,0.001,0,0.5,0.5,33.382938385,0,33.382938385,33.382938385,33.085319519,0,33.085319519,33.085319519,1
586,805,16,0.001,0.0001,0.5,0.9,33.382938385,0,33.382938385,33.382938385,32.8680114746,0,32.8680114746,32.8680114746,1
587,625,8,0.001,0.0001,0.5,0.9,33.3593177795,0,33.3593177795,33.3593177795,32.8869056702,0,32.8869056702,32.8869056702,1
588,643,8,0.001,0.001,0.75,0.5,33.352230072,0,33.352230072,33.352230072,33.0546112061,0,33.0546112061,33.0546112061,1
589,1194,64,0.001,0.01,0.5,0.7,33.3238868713,0,33.3238868713,33.3238868713,32.9483184814,0,32.9483184814,32.9483184814,1
590,238,2,0.01,0.01,0.75,0.5,33.2175941467,0,33.2175941467,33.2175941467,32.8467483521,0,32.8467483521,32.8467483521,1
591,278,2,0.001,0.001,0.5,0.5,33.2010612488,0,33.2010612488,33.2010612488,32.8845443726,0,32.8845443726,32.8845443726,1
592,469,4,0.001,0.01,0.25,0.7,33.1821632385,0,33.1821632385,33.1821632385,32.8443870544,0,32.8443870544,32.8443870544,1
593,425,4,0.001,0,0.25,0.9,33.1183891296,0,33.1183891296,33.1183891296,32.9010772705,0,32.9010772705,32.9010772705,1
594,440,4,0.001,0.0001,0.25,0.9,33.0380783081,0,33.0380783081,33.0380783081,32.8089561462,0,32.8089561462,32.8089561462,1
595,995,32,0.001,0.001,0.25,0.9,32.9128875732,0,32.9128875732,32.9128875732,32.5278739929,0,32.5278739929,32.5278739929,1
596,970,32,0.001,0,0.5,0.9,32.8916282654,0,32.8916282654,32.8916282654,32.5514945984,0,32.5514945984,32.5514945984,1
597,985,32,0.001,0.0001,0.5,0.9,32.8160438538,0,32.8160438538,32.8160438538,32.4759063721,0,32.4759063721,32.4759063721,1
598,614,8,0.001,0,0.75,0.7,32.7239227295,0,32.7239227295,32.7239227295,32.1806488037,0,32.1806488037,32.1806488037,1
599,590,8,0.01,0.01,0.25,0.9,32.6766815186,0,32.6766815186,32.6766815186,32.2609596252,0,32.2609596252,32.2609596252,1
600,629,8,0.001,0.0001,0.75,0.7,32.6648712158,0,32.6648712158,32.6648712158,32.1428565979,0,32.1428565979,32.1428565979,1
601,1145,64,0.001,0,0.25,0.9,32.643611908,0,32.643611908,32.643611908,32.3459968567,0,32.3459968567,32.3459968567,1
602,1160,64,0.001,0.0001,0.25,0.9,32.5420455933,0,32.5420455933,32.5420455933,32.2893066406,0,32.2893066406,32.2893066406,1
603,455,4,0.001,0.001,0.25,0.9,32.4711837769,0,32.4711837769,32.4711837769,32.1428565979,0,32.1428565979,32.1428565979,1
604,292,2,0.001,0.01,0.5,0.3,32.3932342529,0,32.3932342529,32.3932342529,32.0034942627,0,32.0034942627,32.0034942627,1
605,820,16,0.001,0.001,0.5,0.9,32.3389091492,0,32.3389091492,32.3389091492,31.7649269104,0,31.7649269104,31.7649269104,1
606,640,8,0.001,0.001,0.5,0.9,32.2822189331,0,32.2822189331,32.2822189331,31.8381519318,0,31.8381519318,31.8381519318,1
607,249,2,0.001,0,0.5,0.7,32.2491493225,0,32.2491493225,32.2491493225,31.9349975586,0,31.9349975586,31.9349975586,1
608,264,2,0.001,0.0001,0.5,0.7,32.213722229,0,32.213722229,32.213722229,31.9113769531,0,31.9113769531,31.9113769531,1
609,644,8,0.001,0.001,0.75,0.7,32.1286849976,0,32.1286849976,32.1286849976,31.6444625854,0,31.6444625854,31.6444625854,1
610,431,4,0.001,0,0.75,0.1,32.0696334839,0,32.0696334839,32.0696334839,31.6609973907,0,31.6609973907,31.6609973907,1
611,446,4,0.001,0.0001,0.75,0.1,32.0530967712,0,32.0530967712,32.0530967712,31.6444625854,0,31.6444625854,31.6444625854,1
612,1150,64,0.001,0,0.5,0.9,32.0530967712,0,32.0530967712,32.0530967712,31.7318592072,0,31.7318592072,31.7318592072,1
613,1000,32,0.001,0.001,0.5,0.9,32.0342025757,0,32.0342025757,32.0342025757,31.679895401,0,31.679895401,31.679895401,1
614,1165,64,0.001,0.0001,0.5,0.9,31.9940471649,0,31.9940471649,31.9940471649,31.651550293,0,31.651550293,31.651550293,1
615,461,4,0.001,0.001,0.75,0.1,31.9893245697,0,31.9893245697,31.9893245697,31.5995845795,0,31.5995845795,31.5995845795,1
616,279,2,0.001,0.001,0.5,0.7,31.8641357422,0,31.8641357422,31.8641357422,31.5924968719,0,31.5924968719,31.5924968719,1
617,432,4,0.001,0,0.75,0.3,31.826341629,0,31.826341629,31.826341629,31.474395752,0,31.474395752,31.474395752,1
618,447,4,0.001,0.0001,0.75,0.3,31.8145313263,0,31.8145313263,31.8145313263,31.4673099518,0,31.4673099518,31.4673099518,1
619,658,8,0.001,0.01,0.75,0.5,31.7932720184,0,31.7932720184,31.7932720184,31.4956550598,0,31.4956550598,31.4956550598,1
620,1019,32,0.001,0.01,0.75,0.7,31.7885494232,0,31.7885494232,31.7885494232,31.309053421,0,31.309053421,31.309053421,1
621,462,4,0.001,0.001,0.75,0.3,31.7578430176,0,31.7578430176,31.7578430176,31.4106197357,0,31.4106197357,31.4106197357,1
622,410,4,0.01,0.01,0.25,0.9,31.6893424988,0,31.6893424988,31.6893424988,31.2476387024,0,31.2476387024,31.2476387024,1
623,1175,64,0.001,0.001,0.25,0.9,31.5499820709,0,31.5499820709,31.5499820709,31.3444824219,0,31.3444824219,31.3444824219,1
624,476,4,0.001,0.01,0.75,0.1,31.3893623352,0,31.3893623352,31.3893623352,30.999622345,0,30.999622345,30.999622345,1
625,430,4,0.001,0,0.5,0.9,31.3303108215,0,31.3303108215,31.3303108215,30.9901752472,0,30.9901752472,30.9901752472,1
626,293,2,0.001,0.01,0.5,0.5,31.2759819031,0,31.2759819031,31.2759819031,30.9027786255,0,30.9027786255,30.9027786255,1
627,1155,64,0.001,0,0.75,0.9,31.2476387024,0,31.2476387024,31.2476387024,30.9807262421,0,30.9807262421,30.9807262421,1
628,445,4,0.001,0.0001,0.5,0.9,31.2192955017,0,31.2192955017,31.2192955017,30.9122257233,0,30.9122257233,30.9122257233,1
629,225,2,0.01,0.001,0.75,0.9,31.2169303894,0,31.2169303894,31.2169303894,30.7161750793,0,30.7161750793,30.7161750793,1
630,1170,64,0.001,0.0001,0.75,0.9,31.1744155884,0,31.1744155884,31.1744155884,30.9311237335,0,30.9311237335,30.9311237335,1
631,770,16,0.01,0.01,0.25,0.9,31.1460704803,0,31.1460704803,31.1460704803,30.7067279816,0,30.7067279816,30.7067279816,1
632,1180,64,0.001,0.001,0.5,0.9,31.0775699615,0,31.0775699615,31.0775699615,30.8531761169,0,30.8531761169,30.8531761169,1
633,245,2,0.001,0,0.25,0.9,31.0610351562,0,31.0610351562,31.0610351562,30.7279853821,0,30.7279853821,30.7279853821,1
634,1199,64,0.001,0.01,0.75,0.7,31.0256061554,0,31.0256061554,31.0256061554,30.6453132629,0,30.6453132629,30.6453132629,1
635,260,2,0.001,0.0001,0.25,0.9,30.9854507446,0,30.9854507446,30.9854507446,30.673658371,0,30.673658371,30.673658371,1
636,16,0,0.01,0.0001,0.25,0.1,30.9830875397,0,30.9830875397,30.9830875397,30.7539710999,0,30.7539710999,30.7539710999,1
637,289,2,0.001,0.01,0.25,0.7,30.9689159393,0,30.9689159393,30.9689159393,30.5626430511,0,30.5626430511,30.5626430511,1
638,17,0,0.01,0.0001,0.25,0.3,30.9547424316,0,30.9547424316,30.9547424316,30.9098625183,0,30.9098625183,30.9098625183,1
639,5,0,0.01,0,0.25,0.9,30.952381134,0,30.952381134,30.952381134,30.4445381165,0,30.4445381165,30.4445381165,1
640,18,0,0.01,0.0001,0.25,0.5,30.9500179291,0,30.9500179291,30.9500179291,31.027967453,0,31.027967453,31.027967453,1
641,1,0,0.01,0,0.25,0.1,30.9429321289,0,30.9429321289,30.9429321289,30.8437252045,0,30.8437252045,30.8437252045,1
642,3,0,0.01,0,0.25,0.5,30.9382076263,0,30.9382076263,30.9382076263,31.0374145508,0,31.0374145508,31.0374145508,1
643,32,0,0.01,0.001,0.25,0.3,30.9358482361,0,30.9358482361,30.9358482361,30.7256259918,0,30.7256259918,30.7256259918,1
644,31,0,0.01,0.001,0.25,0.1,30.8838806152,0,30.8838806152,30.8838806152,30.7421588898,0,30.7421588898,30.7421588898,1
645,2,0,0.01,0,0.25,0.3,30.8673477173,0,30.8673477173,30.8673477173,30.6925563812,0,30.6925563812,30.6925563812,1
646,20,0,0.01,0.0001,0.25,0.9,30.8602600098,0,30.8602600098,30.8602600098,30.3618659973,0,30.3618659973,30.3618659973,1
647,975,32,0.001,0,0.75,0.9,30.8153800964,0,30.8153800964,30.8153800964,30.5673656464,0,30.5673656464,30.5673656464,1
648,4,0,0.01,0,0.25,0.7,30.7941226959,0,30.7941226959,30.7941226959,30.4728832245,0,30.4728832245,30.4728832245,1
649,239,2,0.01,0.01,0.75,0.7,30.7941226959,0,30.7941226959,30.7941226959,30.4161930084,0,30.4161930084,30.4161930084,1
650,474,4,0.001,0.01,0.5,0.7,30.7823123932,0,30.7823123932,30.7823123932,30.3831253052,0,30.3831253052,30.3831253052,1
651,990,32,0.001,0.0001,0.75,0.9,30.7563304901,0,30.7563304901,30.7563304901,30.479970932,0,30.479970932,30.479970932,1
652,433,4,0.001,0,0.75,0.5,30.7374324799,0,30.7374324799,30.7374324799,30.4374542236,0,30.4374542236,30.4374542236,1
653,19,0,0.01,0.0001,0.25,0.7,30.7256259918,0,30.7256259918,30.7256259918,30.4469013214,0,30.4469013214,30.4469013214,1
654,477,4,0.001,0.01,0.75,0.3,30.7232627869,0,30.7232627869,30.7232627869,30.4138336182,0,30.4138336182,30.4138336182,1
655,448,4,0.001,0.0001,0.75,0.5,30.7138137817,0,30.7138137817,30.7138137817,30.4280052185,0,30.4280052185,30.4280052185,1
656,595,8,0.01,0.01,0.5,0.9,30.6193313599,0,30.6193313599,30.6193313599,30.1067657471,0,30.1067657471,30.1067657471,1
657,463,4,0.001,0.001,0.75,0.5,30.5839004517,0,30.5839004517,30.5839004517,30.2650241852,0,30.2650241852,30.2650241852,1
658,460,4,0.001,0.001,0.5,0.9,30.5579185486,0,30.5579185486,30.5579185486,30.2579364777,0,30.2579364777,30.2579364777,1
659,34,0,0.01,0.001,0.25,0.7,30.5295734406,0,30.5295734406,30.5295734406,30.479970932,0,30.479970932,30.479970932,1
660,33,0,0.01,0.001,0.25,0.5,30.5201263428,0,30.5201263428,30.5201263428,30.3595066071,0,30.3595066071,30.3595066071,1
661,275,2,0.001,0.001,0.25,0.9,30.4350910187,0,30.4350910187,30.4350910187,30.1610908508,0,30.1610908508,30.1610908508,1
662,1185,64,0.001,0.001,0.75,0.9,30.2768325806,0,30.2768325806,30.2768325806,30.0595245361,0,30.0595245361,30.0595245361,1
663,839,16,0.001,0.01,0.75,0.7,30.2177810669,0,30.2177810669,30.2177810669,29.679233551,0,29.679233551,29.679233551,1
664,1005,32,0.001,0.001,0.75,0.9,30.1516437531,0,30.1516437531,30.1516437531,29.8965415955,0,29.8965415955,29.8965415955,1
665,35,0,0.01,0.001,0.25,0.9,30.0973167419,0,30.0973167419,30.0973167419,29.7217483521,0,29.7217483521,29.7217483521,1
666,950,32,0.01,0.01,0.25,0.9,30.0571613312,0,30.0571613312,30.0571613312,29.6532516479,0,29.6532516479,29.6532516479,1
667,795,16,0.001,0,0.75,0.9,30.0004730225,0,30.0004730225,30.0004730225,29.7193889618,0,29.7193889618,29.7193889618,1
668,8,0,0.01,0,0.5,0.5,29.9178009033,0,29.9178009033,29.9178009033,29.679233551,0,29.679233551,29.679233551,1
669,230,2,0.01,0.01,0.25,0.9,29.9059906006,0,29.9059906006,29.9059906006,29.6650619507,0,29.6650619507,29.6650619507,1
670,810,16,0.001,0.0001,0.75,0.9,29.8941783905,0,29.8941783905,29.8941783905,29.6461639404,0,29.6461639404,29.6461639404,1
671,47,0,0.01,0.01,0.25,0.3,29.8894557953,0,29.8894557953,29.8894557953,29.6130962372,0,29.6130962372,29.6130962372,1
672,23,0,0.01,0.0001,0.5,0.5,29.8800086975,0,29.8800086975,29.8800086975,29.5186138153,0,29.5186138153,29.5186138153,1
673,434,4,0.001,0,0.75,0.7,29.8351287842,0,29.8351287842,29.8351287842,29.4619235992,0,29.4619235992,29.4619235992,1
674,46,0,0.01,0.01,0.25,0.1,29.8327655792,0,29.8327655792,29.8327655792,29.6319923401,0,29.6319923401,29.6319923401,1
675,775,16,0.01,0.01,0.5,0.9,29.8280410767,0,29.8280410767,29.8280410767,29.4406661987,0,29.4406661987,29.4406661987,1
676,449,4,0.001,0.0001,0.75,0.7,29.8115081787,0,29.8115081787,29.8115081787,29.4595623016,0,29.4595623016,29.4595623016,1
677,7,0,0.01,0,0.5,0.3,29.7713546753,0,29.7713546753,29.7713546753,29.3981494904,0,29.3981494904,29.3981494904,1
678,37,0,0.01,0.001,0.5,0.3,29.7382831573,0,29.7382831573,29.7382831573,29.4217700958,0,29.4217700958,29.4217700958,1
679,1130,64,0.01,0.01,0.25,0.9,29.7335586548,0,29.7335586548,29.7335586548,29.4831809998,0,29.4831809998,29.4831809998,1
680,22,0,0.01,0.0001,0.5,0.3,29.7052154541,0,29.7052154541,29.7052154541,29.3957862854,0,29.3957862854,29.3957862854,1
681,9,0,0.01,0,0.5,0.7,29.6863193512,0,29.6863193512,29.6863193512,29.6060085297,0,29.6060085297,29.6060085297,1
682,415,4,0.01,0.01,0.5,0.9,29.6556110382,0,29.6556110382,29.6556110382,29.2705974579,0,29.2705974579,29.2705974579,1
683,38,0,0.01,0.001,0.5,0.5,29.6485271454,0,29.6485271454,29.6485271454,29.3910617828,0,29.3910617828,29.3910617828,1
684,24,0,0.01,0.0001,0.5,0.7,29.6414413452,0,29.6414413452,29.6414413452,29.6934070587,0,29.6934070587,29.6934070587,1
685,48,0,0.01,0.01,0.25,0.5,29.6083717346,0,29.6083717346,29.6083717346,29.3863391876,0,29.3863391876,29.3863391876,1
686,1135,64,0.01,0.01,0.5,0.9,29.5800266266,0,29.5800266266,29.5800266266,29.2729587555,0,29.2729587555,29.2729587555,1
687,464,4,0.001,0.001,0.75,0.7,29.5280609131,0,29.5280609131,29.5280609131,29.1973743439,0,29.1973743439,29.1973743439,1
688,39,0,0.01,0.001,0.5,0.7,29.5233364105,0,29.5233364105,29.5233364105,29.3816146851,0,29.3816146851,29.3816146851,1
689,955,32,0.01,0.01,0.5,0.9,29.4973545074,0,29.4973545074,29.4973545074,29.1643047333,0,29.1643047333,29.1643047333,1
690,6,0,0.01,0,0.5,0.1,29.4335784912,0,29.4335784912,29.4335784912,29.0084095001,0,29.0084095001,29.0084095001,1
691,21,0,0.01,0.0001,0.5,0.1,29.4288539886,0,29.4288539886,29.4288539886,29.0178565979,0,29.0178565979,29.0178565979,1
692,960,32,0.01,0.01,0.75,0.9,29.3981494904,0,29.3981494904,29.3981494904,29.1335964203,0,29.1335964203,29.1335964203,1
693,250,2,0.001,0,0.5,0.9,29.3886985779,0,29.3886985779,29.3886985779,29.0178565979,0,29.0178565979,29.0178565979,1
694,36,0,0.01,0.001,0.5,0.1,29.3863391876,0,29.3863391876,29.3863391876,28.8879451752,0,28.8879451752,28.8879451752,1
695,10,0,0.01,0,0.5,0.9,29.3792514801,0,29.3792514801,29.3792514801,29.2611484528,0,29.2611484528,29.2611484528,1
696,1140,64,0.01,0.01,0.75,0.9,29.3792514801,0,29.3792514801,29.3792514801,29.0580120087,0,29.0580120087,29.0580120087,1
697,265,2,0.001,0.0001,0.5,0.9,29.3579940796,0,29.3579940796,29.3579940796,28.9635295868,0,28.9635295868,28.9635295868,1
698,478,4,0.001,0.01,0.75,0.5,29.2847690582,0,29.2847690582,29.2847690582,28.9682540894,0,28.9682540894,28.9682540894,1
699,25,0,0.01,0.0001,0.5,0.9,29.2375297546,0,29.2375297546,29.2375297546,29.1690292358,0,29.1690292358,29.1690292358,1
700,780,16,0.01,0.01,0.75,0.9,29.0839939117,0,29.0839939117,29.0839939117,28.8454265594,0,28.8454265594,28.8454265594,1
701,280,2,0.001,0.001,0.5,0.9,28.9729766846,0,28.9729766846,28.9729766846,28.5572566986,0,28.5572566986,28.5572566986,1
702,825,16,0.001,0.001,0.75,0.9,28.9706172943,0,28.9706172943,28.9706172943,28.6139450073,0,28.6139450073,28.6139450073,1
703,615,8,0.001,0,0.75,0.9,28.9588069916,0,28.9588069916,28.9588069916,28.5879650116,0,28.5879650116,28.5879650116,1
704,266,2,0.001,0.0001,0.75,0.1,28.8855819702,0,28.8855819702,28.8855819702,28.4013595581,0,28.4013595581,28.4013595581,1
705,659,8,0.001,0.01,0.75,0.7,28.8714103699,0,28.8714103699,28.8714103699,28.3682918549,0,28.3682918549,28.3682918549,1
706,630,8,0.001,0.0001,0.75,0.9,28.8690471649,0,28.8690471649,28.8690471649,28.4793071747,0,28.4793071747,28.4793071747,1
707,251,2,0.001,0,0.75,0.1,28.8666877747,0,28.8666877747,28.8666877747,28.3966369629,0,28.3966369629,28.3966369629,1
708,294,2,0.001,0.01,0.5,0.7,28.8619613647,0,28.8619613647,28.8619613647,28.5879650116,0,28.5879650116,28.5879650116,1
709,252,2,0.001,0,0.75,0.3,28.7674789429,0,28.7674789429,28.7674789429,28.3517570496,0,28.3517570496,28.3517570496,1
710,267,2,0.001,0.0001,0.75,0.3,28.7580318451,0,28.7580318451,28.7580318451,28.3541202545,0,28.3541202545,28.3541202545,1
711,282,2,0.001,0.001,0.75,0.3,28.7273254395,0,28.7273254395,28.7273254395,28.3352222443,0,28.3352222443,28.3352222443,1
712,52,0,0.01,0.01,0.5,0.3,28.7178764343,0,28.7178764343,28.7178764343,28.4367923737,0,28.4367923737,28.4367923737,1
713,253,2,0.001,0,0.75,0.5,28.6186695099,0,28.6186695099,28.6186695099,28.1084651947,0,28.1084651947,28.1084651947,1
714,268,2,0.001,0.0001,0.75,0.5,28.6139450073,0,28.6139450073,28.6139450073,28.0942955017,0,28.0942955017,28.0942955017,1
715,49,0,0.01,0.01,0.25,0.7,28.6021347046,0,28.6021347046,28.6021347046,28.2029476166,0,28.2029476166,28.2029476166,1
716,296,2,0.001,0.01,0.75,0.1,28.6021347046,0,28.6021347046,28.6021347046,28.1179122925,0,28.1179122925,28.1179122925,1
717,281,2,0.001,0.001,0.75,0.1,28.5667057037,0,28.5667057037,28.5667057037,28.1438980103,0,28.1438980103,28.1438980103,1
718,283,2,0.001,0.001,0.75,0.5,28.5454444885,0,28.5454444885,28.5454444885,28.0470523834,0,28.0470523834,28.0470523834,1
719,297,2,0.001,0.01,0.75,0.3,28.3635673523,0,28.3635673523,28.3635673523,27.8391933441,0,27.8391933441,27.8391933441,1
720,51,0,0.01,0.01,0.5,0.1,28.3588447571,0,28.3588447571,28.3588447571,28.0895709991,0,28.0895709991,28.0895709991,1
721,600,8,0.01,0.01,0.75,0.9,28.3352222443,0,28.3352222443,28.3352222443,27.9383983612,0,27.9383983612,27.9383983612,1
722,40,0,0.01,0.001,0.5,0.9,28.3092403412,0,28.3092403412,28.3092403412,28.0612258911,0,28.0612258911,28.0612258911,1
723,645,8,0.001,0.001,0.75,0.9,28.127363205,0,28.127363205,28.127363205,27.8132076263,0,27.8132076263,27.8132076263,1
724,53,0,0.01,0.01,0.5,0.5,28.1037425995,0,28.1037425995,28.1037425995,28.1509819031,0,28.1509819031,28.1509819031,1
725,13,0,0.01,0,0.75,0.5,27.8604507446,0,27.8604507446,27.8604507446,27.6573123932,0,27.6573123932,27.6573123932,1
726,254,2,0.001,0,0.75,0.7,27.7919502258,0,27.7919502258,27.7919502258,27.2557640076,0,27.2557640076,27.2557640076,1
727,269,2,0.001,0.0001,0.75,0.7,27.7612457275,0,27.7612457275,27.7612457275,27.2439537048,0,27.2439537048,27.2439537048,1
728,420,4,0.01,0.01,0.75,0.9,27.7517948151,0,27.7517948151,27.7517948151,27.4872455597,0,27.4872455597,27.4872455597,1
729,435,4,0.001,0,0.75,0.9,27.6762104034,0,27.6762104034,27.6762104034,27.1565589905,0,27.1565589905,27.1565589905,1
730,14,0,0.01,0,0.75,0.7,27.6455039978,0,27.6455039978,27.6455039978,27.4872455597,0,27.4872455597,27.4872455597,1
731,284,2,0.001,0.001,0.75,0.7,27.6195201874,0,27.6195201874,27.6195201874,27.0762481689,0,27.0762481689,27.0762481689,1
732,450,4,0.001,0.0001,0.75,0.9,27.605348587,0,27.605348587,27.605348587,27.1211261749,0,27.1211261749,27.1211261749,1
733,28,0,0.01,0.0001,0.75,0.5,27.5982627869,0,27.5982627869,27.5982627869,27.428194046,0,27.428194046,27.428194046,1
734,29,0,0.01,0.0001,0.75,0.7,27.5840911865,0,27.5840911865,27.5840911865,27.4707107544,0,27.4707107544,27.4707107544,1
735,27,0,0.01,0.0001,0.75,0.3,27.5557460785,0,27.5557460785,27.5557460785,27.2746601105,0,27.2746601105,27.2746601105,1
736,479,4,0.001,0.01,0.75,0.7,27.4376430511,0,27.4376430511,27.4376430511,27.1116790771,0,27.1116790771,27.1116790771,1
737,298,2,0.001,0.01,0.75,0.5,27.4305553436,0,27.4305553436,27.4305553436,26.9652309418,0,26.9652309418,26.9652309418,1
738,235,2,0.01,0.01,0.5,0.9,27.4022102356,0,27.4022102356,27.4022102356,27.0030231476,0,27.0030231476,27.0030231476,1
739,43,0,0.01,0.001,0.75,0.5,27.3219013214,0,27.3219013214,27.3219013214,27.0738830566,0,27.0738830566,27.0738830566,1
740,1190,64,0.001,0.01,0.25,0.9,27.2132453918,0,27.2132453918,27.2132453918,26.9321613312,0,26.9321613312,26.9321613312,1
741,42,0,0.01,0.001,0.75,0.3,27.2085227966,0,27.2085227966,27.2085227966,26.9486961365,0,26.9486961365,26.9486961365,1
742,1195,64,0.001,0.01,0.5,0.9,27.1967105865,0,27.1967105865,27.1967105865,26.8990936279,0,26.8990936279,26.8990936279,1
743,465,4,0.001,0.001,0.75,0.9,27.177816391,0,27.177816391,27.177816391,26.6439914703,0,26.6439914703,26.6439914703,1
744,54,0,0.01,0.01,0.5,0.7,27.11876297,0,27.11876297,27.11876297,26.8164215088,0,26.8164215088,26.8164215088,1
745,41,0,0.01,0.001,0.75,0.1,27.0786113739,0,27.0786113739,27.0786113739,26.6558017731,0,26.6558017731,26.6558017731,1
746,1010,32,0.001,0.01,0.25,0.9,27.0549888611,0,27.0549888611,27.0549888611,26.7124919891,0,26.7124919891,26.7124919891,1
747,12,0,0.01,0,0.75,0.3,27.0526256561,0,27.0526256561,27.0526256561,26.8235092163,0,26.8235092163,26.8235092163,1
748,1200,64,0.001,0.01,0.75,0.9,27.0526256561,0,27.0526256561,27.0526256561,26.8707485199,0,26.8707485199,26.8707485199,1
749,1015,32,0.001,0.01,0.5,0.9,27.0242805481,0,27.0242805481,27.0242805481,26.7313861847,0,26.7313861847,26.7313861847,1
750,26,0,0.01,0.0001,0.75,0.1,27.0219211578,0,27.0219211578,27.0219211578,26.8046112061,0,26.8046112061,26.8046112061,1
751,11,0,0.01,0,0.75,0.1,27.0124740601,0,27.0124740601,27.0124740601,26.7928009033,0,26.7928009033,26.7928009033,1
752,1020,32,0.001,0.01,0.75,0.9,26.9746780396,0,26.9746780396,26.9746780396,26.7337493896,0,26.7337493896,26.7337493896,1
753,830,16,0.001,0.01,0.25,0.9,26.7691783905,0,26.7691783905,26.7691783905,26.4077835083,0,26.4077835083,26.4077835083,1
754,44,0,0.01,0.001,0.75,0.7,26.7243003845,0,26.7243003845,26.7243003845,26.4503040314,0,26.4503040314,26.4503040314,1
755,650,8,0.001,0.01,0.25,0.9,26.719575882,0,26.719575882,26.719575882,26.4030609131,0,26.4030609131,26.4030609131,1
756,835,16,0.001,0.01,0.5,0.9,26.4668369293,0,26.4668369293,26.4668369293,26.2188224792,0,26.2188224792,26.2188224792,1
757,15,0,0.01,0,0.75,0.9,26.4384918213,0,26.4384918213,26.4384918213,26.3085784912,0,26.3085784912,26.3085784912,1
758,240,2,0.01,0.01,0.75,0.9,26.4219589233,0,26.4219589233,26.4219589233,26.2070121765,0,26.2070121765,26.2070121765,1
759,840,16,0.001,0.01,0.75,0.9,26.3699913025,0,26.3699913025,26.3699913025,26.1125297546,0,26.1125297546,26.1125297546,1
760,255,2,0.001,0,0.75,0.9,26.2967681885,0,26.2967681885,26.2967681885,25.8527011871,0,25.8527011871,25.8527011871,1
761,270,2,0.001,0.0001,0.75,0.9,26.2755088806,0,26.2755088806,26.2755088806,25.8101844788,0,25.8101844788,25.8101844788,1
762,470,4,0.001,0.01,0.25,0.9,26.2495269775,0,26.2495269775,26.2495269775,25.9448223114,0,25.9448223114,25.9448223114,1
763,30,0,0.01,0.0001,0.75,0.9,26.1219768524,0,26.1219768524,26.1219768524,25.8597888947,0,25.8597888947,25.8597888947,1
764,299,2,0.001,0.01,0.75,0.7,26.0959949493,0,26.0959949493,26.0959949493,25.6472053528,0,25.6472053528,25.6472053528,1
765,655,8,0.001,0.01,0.5,0.9,25.980255127,0,25.980255127,25.980255127,25.6141338348,0,25.6141338348,25.6141338348,1
766,290,2,0.001,0.01,0.25,0.9,25.9708042145,0,25.9708042145,25.9708042145,25.576341629,0,25.576341629,25.576341629,1
767,285,2,0.001,0.001,0.75,0.9,25.9235649109,0,25.9235649109,25.9235649109,25.4983940125,0,25.4983940125,25.4983940125,1
768,56,0,0.01,0.01,0.75,0.1,25.8338069916,0,25.8338069916,25.8338069916,25.5550823212,0,25.5550823212,25.5550823212,1
769,50,0,0.01,0.01,0.25,0.9,25.800737381,0,25.800737381,25.800737381,25.4440670013,0,25.4440670013,25.4440670013,1
770,841,16,0.0001,0,0.25,0.1,25.6660995483,0,25.6660995483,25.6660995483,25.297618866,0,25.297618866,25.297618866,1
771,856,16,0.0001,0.0001,0.25,0.1,25.6590118408,0,25.6590118408,25.6590118408,25.2881698608,0,25.2881698608,25.2881698608,1
772,871,16,0.0001,0.001,0.25,0.1,25.6448421478,0,25.6448421478,25.6448421478,25.2763595581,0,25.2763595581,25.2763595581,1
773,64,0,0.001,0,0.25,0.7,25.5432720184,0,25.5432720184,25.5432720184,25.3637580872,0,25.3637580872,25.3637580872,1
774,79,0,0.001,0.0001,0.25,0.7,25.5267372131,0,25.5267372131,25.5267372131,25.4086341858,0,25.4086341858,25.4086341858,1
775,94,0,0.001,0.001,0.25,0.7,25.4960327148,0,25.4960327148,25.4960327148,25.2858104706,0,25.2858104706,25.2858104706,1
776,475,4,0.001,0.01,0.5,0.9,25.4747753143,0,25.4747753143,25.4747753143,25.1228275299,0,25.1228275299,25.1228275299,1
777,57,0,0.01,0.01,0.75,0.3,25.427532196,0,25.427532196,25.427532196,25.2574653625,0,25.2574653625,25.2574653625,1
778,58,0,0.01,0.01,0.75,0.5,25.2952575684,0,25.2952575684,25.2952575684,25.0165348053,0,25.0165348053,25.0165348053,1
779,660,8,0.001,0.01,0.75,0.9,25.224395752,0,25.224395752,25.224395752,25.0614128113,0,25.0614128113,25.0614128113,1
780,886,16,0.0001,0.01,0.25,0.1,25.1393623352,0,25.1393623352,25.1393623352,24.8133964539,0,24.8133964539,24.8133964539,1
781,80,0,0.001,0.0001,0.25,0.9,25.0921211243,0,25.0921211243,25.0921211243,25.0590496063,0,25.0590496063,25.0590496063,1
782,65,0,0.001,0,0.25,0.9,25.0873947144,0,25.0873947144,25.0873947144,25.0566902161,0,25.0566902161,25.0566902161,1
783,109,0,0.001,0.01,0.25,0.7,24.9834651947,0,24.9834651947,24.9834651947,24.6244335175,0,24.6244335175,24.6244335175,1
784,295,2,0.001,0.01,0.5,0.9,24.9315013885,0,24.9315013885,24.9315013885,24.5701065063,0,24.5701065063,24.5701065063,1
785,95,0,0.001,0.001,0.25,0.9,24.9078788757,0,24.9078788757,24.9078788757,24.9078788757,0,24.9078788757,24.9078788757,1
786,93,0,0.001,0.001,0.25,0.5,24.8322944641,0,24.8322944641,24.8322944641,24.6669502258,0,24.6669502258,24.6669502258,1
787,45,0,0.01,0.001,0.75,0.9,24.822845459,0,24.822845459,24.822845459,24.5134181976,0,24.5134181976,24.5134181976,1
788,78,0,0.001,0.0001,0.25,0.5,24.8204841614,0,24.8204841614,24.8204841614,24.6834850311,0,24.6834850311,24.6834850311,1
789,63,0,0.001,0,0.25,0.5,24.8110351562,0,24.8110351562,24.8110351562,24.6905708313,0,24.6905708313,24.6905708313,1
790,1051,32,0.0001,0.001,0.25,0.1,24.7874164581,0,24.7874164581,24.7874164581,24.5559329987,0,24.5559329987,24.5559329987,1
791,1036,32,0.0001,0.0001,0.25,0.1,24.7425365448,0,24.7425365448,24.7425365448,24.5441226959,0,24.5441226959,24.5441226959,1
792,1021,32,0.0001,0,0.25,0.1,24.7260017395,0,24.7260017395,24.7260017395,24.5512104034,0,24.5512104034,24.5512104034,1
793,1066,32,0.0001,0.01,0.25,0.1,24.7260017395,0,24.7260017395,24.7260017395,24.4968833923,0,24.4968833923,24.4968833923,1
794,108,0,0.001,0.01,0.25,0.5,24.6929340363,0,24.6929340363,24.6929340363,24.452003479,0,24.452003479,24.452003479,1
795,55,0,0.01,0.01,0.5,0.9,24.5512104034,0,24.5512104034,24.5512104034,24.2181606293,0,24.2181606293,24.2181606293,1
796,62,0,0.001,0,0.25,0.3,24.4803466797,0,24.4803466797,24.4803466797,24.0764369965,0,24.0764369965,24.0764369965,1
797,77,0,0.001,0.0001,0.25,0.3,24.4685382843,0,24.4685382843,24.4685382843,24.0599021912,0,24.0599021912,24.0599021912,1
798,92,0,0.001,0.001,0.25,0.3,24.4685382843,0,24.4685382843,24.4685382843,24.024471283,0,24.024471283,24.024471283,1
799,1041,32,0.0001,0.0001,0.5,0.1,24.350435257,0,24.350435257,24.350435257,24.1472969055,0,24.1472969055,24.1472969055,1
800,1026,32,0.0001,0,0.5,0.1,24.3386249542,0,24.3386249542,24.3386249542,24.1449356079,0,24.1449356079,24.1449356079,1
801,107,0,0.001,0.01,0.25,0.3,24.3315391541,0,24.3315391541,24.3315391541,24.1213150024,0,24.1213150024,24.1213150024,1
802,1056,32,0.0001,0.001,0.5,0.1,24.3291759491,0,24.3291759491,24.3291759491,24.1142292023,0,24.1142292023,24.1142292023,1
803,676,8,0.0001,0.0001,0.25,0.1,24.2866592407,0,24.2866592407,24.2866592407,24.0173854828,0,24.0173854828,24.0173854828,1
804,661,8,0.0001,0,0.25,0.1,24.2795734406,0,24.2795734406,24.2795734406,24.0150222778,0,24.0150222778,24.0150222778,1
805,691,8,0.0001,0.001,0.25,0.1,24.2512283325,0,24.2512283325,24.2512283325,23.9819545746,0,23.9819545746,23.9819545746,1
806,480,4,0.001,0.01,0.75,0.9,24.2228832245,0,24.2228832245,24.2228832245,23.8827476501,0,23.8827476501,23.8827476501,1
807,1071,32,0.0001,0.01,0.5,0.1,24.1496601105,0,24.1496601105,24.1496601105,23.8591270447,0,23.8591270447,23.8591270447,1
808,1031,32,0.0001,0,0.75,0.1,24.1402111053,0,24.1402111053,24.1402111053,23.9819545746,0,23.9819545746,23.9819545746,1
809,1046,32,0.0001,0.0001,0.75,0.1,24.1354885101,0,24.1354885101,24.1354885101,23.9819545746,0,23.9819545746,23.9819545746,1
810,846,16,0.0001,0,0.5,0.1,24.1284008026,0,24.1284008026,24.1284008026,23.9843158722,0,23.9843158722,23.9843158722,1
811,861,16,0.0001,0.0001,0.5,0.1,24.1284008026,0,24.1284008026,24.1284008026,23.9866771698,0,23.9866771698,23.9866771698,1
812,1061,32,0.0001,0.001,0.75,0.1,24.1165924072,0,24.1165924072,24.1165924072,23.948884964,0,23.948884964,23.948884964,1
813,876,16,0.0001,0.001,0.5,0.1,24.097694397,0,24.097694397,24.097694397,23.9536094666,0,23.9536094666,23.9536094666,1
814,76,0,0.001,0.0001,0.25,0.1,24.0740737915,0,24.0740737915,24.0740737915,23.6134738922,0,23.6134738922,23.6134738922,1
815,106,0,0.001,0.01,0.25,0.1,24.0669879913,0,24.0669879913,24.0669879913,23.7481098175,0,23.7481098175,23.7481098175,1
816,91,0,0.001,0.001,0.25,0.1,24.052816391,0,24.052816391,24.052816391,23.6276454926,0,23.6276454926,23.6276454926,1
817,61,0,0.001,0,0.25,0.1,24.0433673859,0,24.0433673859,24.0433673859,23.6111125946,0,23.6111125946,23.6111125946,1
818,84,0,0.001,0.0001,0.5,0.7,24.0386447906,0,24.0386447906,24.0386447906,23.7174034119,0,23.7174034119,23.7174034119,1
819,69,0,0.001,0,0.5,0.7,24.0315570831,0,24.0315570831,24.0315570831,23.7174034119,0,23.7174034119,23.7174034119,1
820,99,0,0.001,0.001,0.5,0.7,24.0197467804,0,24.0197467804,24.0197467804,23.6890602112,0,23.6890602112,23.6890602112,1
821,59,0,0.01,0.01,0.75,0.7,23.9866771698,0,23.9866771698,23.9866771698,23.7244911194,0,23.7244911194,23.7244911194,1
822,114,0,0.001,0.01,0.5,0.7,23.9512481689,0,23.9512481689,23.9512481689,23.6630764008,0,23.6630764008,23.6630764008,1
823,1211,64,0.0001,0,0.75,0.1,23.9229030609,0,23.9229030609,23.9229030609,23.7740936279,0,23.7740936279,23.7740936279,1
824,1226,64,0.0001,0.0001,0.75,0.1,23.9229030609,0,23.9229030609,23.9229030609,23.7717323303,0,23.7717323303,23.7717323303,1
825,1241,64,0.0001,0.001,0.75,0.1,23.8874721527,0,23.8874721527,23.8874721527,23.7457485199,0,23.7457485199,23.7457485199,1
826,706,8,0.0001,0.01,0.25,0.1,23.8780231476,0,23.8780231476,23.8780231476,23.6630764008,0,23.6630764008,23.6630764008,1
827,85,0,0.001,0.0001,0.5,0.9,23.8095245361,0,23.8095245361,23.8095245361,23.476474762,0,23.476474762,23.476474762,1
828,70,0,0.001,0,0.5,0.9,23.8071613312,0,23.8071613312,23.8071613312,23.4906463623,0,23.4906463623,23.4906463623,1
829,100,0,0.001,0.001,0.5,0.9,23.755197525,0,23.755197525,23.755197525,23.4150600433,0,23.4150600433,23.4150600433,1
830,1076,32,0.0001,0.01,0.75,0.1,23.7197666168,0,23.7197666168,23.7197666168,23.5756797791,0,23.5756797791,23.5756797791,1
831,891,16,0.0001,0.01,0.5,0.1,23.6819725037,0,23.6819725037,23.6819725037,23.5851287842,0,23.5851287842,23.5851287842,1
832,110,0,0.001,0.01,0.25,0.9,23.5756797791,0,23.5756797791,23.5756797791,23.5119037628,0,23.5119037628,23.5119037628,1
833,83,0,0.001,0.0001,0.5,0.5,23.5378875732,0,23.5378875732,23.5378875732,23.1575965881,0,23.1575965881,23.1575965881,1
834,98,0,0.001,0.001,0.5,0.5,23.5331630707,0,23.5331630707,23.5331630707,23.2024765015,0,23.2024765015,23.2024765015,1
835,113,0,0.001,0.01,0.5,0.5,23.5308017731,0,23.5308017731,23.5308017731,23.2615280151,0,23.2615280151,23.2615280151,1
836,68,0,0.001,0,0.5,0.5,23.5119037628,0,23.5119037628,23.5119037628,23.1859416962,0,23.1859416962,23.1859416962,1
837,1256,64,0.0001,0.01,0.75,0.1,23.4670257568,0,23.4670257568,23.4670257568,23.3182163239,0,23.3182163239,23.3182163239,1
838,300,2,0.001,0.01,0.75,0.9,23.4221477509,0,23.4221477509,23.4221477509,23.0607528687,0,23.0607528687,23.0607528687,1
839,112,0,0.001,0.01,0.5,0.3,23.2449932098,0,23.2449932098,23.2449932098,22.8741493225,0,22.8741493225,22.8741493225,1
840,1201,64,0.0001,0,0.25,0.1,23.223733902,0,23.223733902,23.223733902,23.0938205719,0,23.0938205719,23.0938205719,1
841,872,16,0.0001,0.001,0.25,0.3,23.2213726044,0,23.2213726044,23.2213726044,22.9450130463,0,22.9450130463,22.9450130463,1
842,1216,64,0.0001,0.0001,0.25,0.1,23.2190093994,0,23.2190093994,23.2190093994,23.0938205719,0,23.0938205719,23.0938205719,1
843,1231,64,0.0001,0.001,0.25,0.1,23.1906661987,0,23.1906661987,23.1906661987,23.0725631714,0,23.0725631714,23.0725631714,1
844,97,0,0.001,0.001,0.5,0.3,23.1741313934,0,23.1741313934,23.1741313934,22.852891922,0,22.852891922,22.852891922,1
845,857,16,0.0001,0.0001,0.25,0.3,23.1741313934,0,23.1741313934,23.1741313934,22.9426498413,0,22.9426498413,22.9426498413,1
846,842,16,0.0001,0,0.25,0.3,23.1717681885,0,23.1717681885,23.1717681885,22.9402866364,0,22.9402866364,22.9402866364,1
847,67,0,0.001,0,0.5,0.3,23.1599578857,0,23.1599578857,23.1599578857,22.8363571167,0,22.8363571167,22.8363571167,1
848,82,0,0.001,0.0001,0.5,0.3,23.1387004852,0,23.1387004852,23.1387004852,22.8599777222,0,22.8599777222,22.8599777222,1
849,677,8,0.0001,0.0001,0.25,0.3,23.046579361,0,23.046579361,23.046579361,22.8127365112,0,22.8127365112,22.8127365112,1
850,662,8,0.0001,0,0.25,0.3,23.0442180634,0,23.0442180634,23.0442180634,22.8080120087,0,22.8080120087,22.8080120087,1
851,111,0,0.001,0.01,0.5,0.1,22.9851665497,0,22.9851665497,22.9851665497,22.6544780731,0,22.6544780731,22.6544780731,1
852,851,16,0.0001,0,0.75,0.1,22.970993042,0,22.970993042,22.970993042,22.7867546082,0,22.7867546082,22.7867546082,1
853,866,16,0.0001,0.0001,0.75,0.1,22.9662704468,0,22.9662704468,22.9662704468,22.7820301056,0,22.7820301056,22.7820301056,1
854,881,16,0.0001,0.001,0.75,0.1,22.9308395386,0,22.9308395386,22.9308395386,22.7442359924,0,22.7442359924,22.7442359924,1
855,692,8,0.0001,0.001,0.25,0.3,22.928478241,0,22.928478241,22.928478241,22.7017192841,0,22.7017192841,22.7017192841,1
856,887,16,0.0001,0.01,0.25,0.3,22.9072189331,0,22.9072189331,22.9072189331,22.6355819702,0,22.6355819702,22.6355819702,1
857,96,0,0.001,0.001,0.5,0.1,22.8883228302,0,22.8883228302,22.8883228302,22.4891357422,0,22.4891357422,22.4891357422,1
858,666,8,0.0001,0,0.5,0.1,22.8741493225,0,22.8741493225,22.8741493225,22.6686515808,0,22.6686515808,22.6686515808,1
859,681,8,0.0001,0.0001,0.5,0.1,22.8717880249,0,22.8717880249,22.8717880249,22.6615657806,0,22.6615657806,22.6615657806,1
860,81,0,0.001,0.0001,0.5,0.1,22.8552532196,0,22.8552532196,22.8552532196,22.4395313263,0,22.4395313263,22.4395313263,1
861,66,0,0.001,0,0.5,0.1,22.8458042145,0,22.8458042145,22.8458042145,22.4300823212,0,22.4300823212,22.4300823212,1
862,696,8,0.0001,0.001,0.5,0.1,22.8387184143,0,22.8387184143,22.8387184143,22.6473922729,0,22.6473922729,22.6473922729,1
863,1246,64,0.0001,0.01,0.25,0.1,22.7607707977,0,22.7607707977,22.7607707977,22.6568393707,0,22.6568393707,22.6568393707,1
864,1206,64,0.0001,0,0.5,0.1,22.6214103699,0,22.6214103699,22.6214103699,22.425359726,0,22.425359726,22.425359726,1
865,1221,64,0.0001,0.0001,0.5,0.1,22.6166858673,0,22.6166858673,22.6166858673,22.425359726,0,22.425359726,22.425359726,1
866,1236,64,0.0001,0.001,0.5,0.1,22.6143245697,0,22.6143245697,22.6143245697,22.425359726,0,22.425359726,22.425359726,1
867,707,8,0.0001,0.01,0.25,0.3,22.5741691589,0,22.5741691589,22.5741691589,22.3757572174,0,22.3757572174,22.3757572174,1
868,115,0,0.001,0.01,0.5,0.9,22.5529098511,0,22.5529098511,22.5529098511,22.2056884766,0,22.2056884766,22.2056884766,1
869,711,8,0.0001,0.01,0.5,0.1,22.5410995483,0,22.5410995483,22.5410995483,22.2789115906,0,22.2789115906,22.2789115906,1
870,896,16,0.0001,0.01,0.75,0.1,22.4749622345,0,22.4749622345,22.4749622345,22.3143424988,0,22.3143424988,22.3143424988,1
871,847,16,0.0001,0,0.5,0.3,22.4442558289,0,22.4442558289,22.4442558289,22.2671012878,0,22.2671012878,22.2671012878,1
872,862,16,0.0001,0.0001,0.5,0.3,22.4395313263,0,22.4395313263,22.4395313263,22.2671012878,0,22.2671012878,22.2671012878,1
873,877,16,0.0001,0.001,0.5,0.3,22.4135494232,0,22.4135494232,22.4135494232,22.2245845795,0,22.2245845795,22.2245845795,1
874,60,0,0.01,0.01,0.75,0.9,22.2718257904,0,22.2718257904,22.2718257904,22.0616035461,0,22.0616035461,22.0616035461,1
875,496,4,0.0001,0.0001,0.25,0.1,22.2340335846,0,22.2340335846,22.2340335846,22.172618866,0,22.172618866,22.172618866,1
876,481,4,0.0001,0,0.25,0.1,22.2316703796,0,22.2316703796,22.2316703796,22.1749820709,0,22.1749820709,22.1749820709,1
877,511,4,0.0001,0.001,0.25,0.1,22.2174987793,0,22.2174987793,22.2174987793,22.1678962708,0,22.1678962708,22.1678962708,1
878,1032,32,0.0001,0,0.75,0.3,22.2174987793,0,22.2174987793,22.2174987793,21.9860172272,0,21.9860172272,21.9860172272,1
879,1047,32,0.0001,0.0001,0.75,0.3,22.2080497742,0,22.2080497742,22.2080497742,21.9883785248,0,21.9883785248,21.9883785248,1
880,1062,32,0.0001,0.001,0.75,0.3,22.1678962708,0,22.1678962708,22.1678962708,21.9482250214,0,21.9482250214,21.9482250214,1
881,526,4,0.0001,0.01,0.25,0.1,21.9482250214,0,21.9482250214,21.9482250214,21.8584651947,0,21.8584651947,21.8584651947,1
882,667,8,0.0001,0,0.5,0.3,21.903345108,0,21.903345108,21.903345108,21.7521724701,0,21.7521724701,21.7521724701,1
883,682,8,0.0001,0.0001,0.5,0.3,21.9009838104,0,21.9009838104,21.9009838104,21.7450866699,0,21.7450866699,21.7450866699,1
884,697,8,0.0001,0.001,0.5,0.3,21.8631896973,0,21.8631896973,21.8631896973,21.7096557617,0,21.7096557617,21.7096557617,1
885,892,16,0.0001,0.01,0.5,0.3,21.8041381836,0,21.8041381836,21.8041381836,21.726190567,0,21.726190567,21.726190567,1
886,482,4,0.0001,0,0.25,0.3,21.726190567,0,21.726190567,21.726190567,21.624622345,0,21.624622345,21.624622345,1
887,497,4,0.0001,0.0001,0.25,0.3,21.726190567,0,21.726190567,21.726190567,21.62225914,0,21.62225914,21.62225914,1
888,512,4,0.0001,0.001,0.25,0.3,21.6954841614,0,21.6954841614,21.6954841614,21.5868301392,0,21.5868301392,21.5868301392,1
889,852,16,0.0001,0,0.75,0.3,21.6104507446,0,21.6104507446,21.6104507446,21.5395889282,0,21.5395889282,21.5395889282,1
890,867,16,0.0001,0.0001,0.75,0.3,21.6033630371,0,21.6033630371,21.6033630371,21.5395889282,0,21.5395889282,21.5395889282,1
891,1077,32,0.0001,0.01,0.75,0.3,21.5986404419,0,21.5986404419,21.5986404419,21.3789691925,0,21.3789691925,21.3789691925,1
892,882,16,0.0001,0.001,0.75,0.3,21.5868301392,0,21.5868301392,21.5868301392,21.4994335175,0,21.4994335175,21.4994335175,1
893,712,8,0.0001,0.01,0.5,0.3,21.4569168091,0,21.4569168091,21.4569168091,21.3293647766,0,21.3293647766,21.3293647766,1
894,1251,64,0.0001,0.01,0.5,0.1,21.4167613983,0,21.4167613983,21.4167613983,21.3529853821,0,21.3529853821,21.3529853821,1
895,671,8,0.0001,0,0.75,0.1,21.3955020905,0,21.3955020905,21.3955020905,21.1309528351,0,21.1309528351,21.1309528351,1
896,686,8,0.0001,0.0001,0.75,0.1,21.3955020905,0,21.3955020905,21.3955020905,21.1309528351,0,21.1309528351,21.1309528351,1
897,527,4,0.0001,0.01,0.25,0.3,21.3529853821,0,21.3529853821,21.3529853821,21.2372455597,0,21.2372455597,21.2372455597,1
898,701,8,0.0001,0.001,0.75,0.1,21.3506240845,0,21.3506240845,21.3506240845,21.0884361267,0,21.0884361267,21.0884361267,1
899,1067,32,0.0001,0.01,0.25,0.3,21.2419681549,0,21.2419681549,21.2419681549,21.0317459106,0,21.0317459106,21.0317459106,1
900,678,8,0.0001,0.0001,0.25,0.5,21.2207107544,0,21.2207107544,21.2207107544,20.9514369965,0,20.9514369965,20.9514369965,1
901,663,8,0.0001,0,0.25,0.5,21.2136249542,0,21.2136249542,21.2136249542,20.9561595917,0,20.9561595917,20.9561595917,1
902,1022,32,0.0001,0,0.25,0.3,21.2018146515,0,21.2018146515,21.2018146515,20.9396266937,0,20.9396266937,20.9396266937,1
903,486,4,0.0001,0,0.5,0.1,21.1876430511,0,21.1876430511,21.1876430511,21.1262283325,0,21.1262283325,21.1262283325,1
904,501,4,0.0001,0.0001,0.5,0.1,21.1852798462,0,21.1852798462,21.1852798462,21.1191425323,0,21.1191425323,21.1191425323,1
905,1037,32,0.0001,0.0001,0.25,0.3,21.1805553436,0,21.1805553436,21.1805553436,20.9325408936,0,20.9325408936,20.9325408936,1
906,516,4,0.0001,0.001,0.5,0.1,21.1663837433,0,21.1663837433,21.1663837433,21.104970932,0,21.104970932,21.104970932,1
907,1052,32,0.0001,0.001,0.25,0.3,21.1427631378,0,21.1427631378,21.1427631378,20.8569545746,0,20.8569545746,20.8569545746,1
908,693,8,0.0001,0.001,0.25,0.5,21.1404018402,0,21.1404018402,21.1404018402,20.8664035797,0,20.8664035797,20.8664035797,1
909,1027,32,0.0001,0,0.5,0.3,21.1144180298,0,21.1144180298,21.1144180298,20.8734893799,0,20.8734893799,20.8734893799,1
910,1042,32,0.0001,0.0001,0.5,0.3,21.1120567322,0,21.1120567322,21.1120567322,20.8640403748,0,20.8640403748,20.8640403748,1
911,897,16,0.0001,0.01,0.75,0.3,21.0742645264,0,21.0742645264,21.0742645264,20.9443511963,0,20.9443511963,20.9443511963,1
912,1057,32,0.0001,0.001,0.5,0.3,21.0719013214,0,21.0719013214,21.0719013214,20.8144359589,0,20.8144359589,20.8144359589,1
913,716,8,0.0001,0.01,0.75,0.1,21.0364704132,0,21.0364704132,21.0364704132,20.7884559631,0,20.7884559631,20.7884559631,1
914,531,4,0.0001,0.01,0.5,0.1,20.972694397,0,20.972694397,20.972694397,20.8852996826,0,20.8852996826,20.8852996826,1
915,75,0,0.001,0,0.75,0.9,20.9632472992,0,20.9632472992,20.9632472992,20.5924034119,0,20.5924034119,20.5924034119,1
916,90,0,0.001,0.0001,0.75,0.9,20.9514369965,0,20.9514369965,20.9514369965,20.5829563141,0,20.5829563141,20.5829563141,1
917,105,0,0.001,0.001,0.75,0.9,20.9301776886,0,20.9301776886,20.9301776886,20.5239048004,0,20.5239048004,20.5239048004,1
918,487,4,0.0001,0,0.5,0.3,20.779006958,0,20.779006958,20.779006958,20.703420639,0,20.703420639,20.703420639,1
919,502,4,0.0001,0.0001,0.5,0.3,20.779006958,0,20.779006958,20.779006958,20.7010574341,0,20.7010574341,20.7010574341,1
920,517,4,0.0001,0.001,0.5,0.3,20.75066185,0,20.75066185,20.75066185,20.6750774384,0,20.6750774384,20.6750774384,1
921,708,8,0.0001,0.01,0.25,0.5,20.7388515472,0,20.7388515472,20.7388515472,20.5640602112,0,20.5640602112,20.5640602112,1
922,1072,32,0.0001,0.01,0.5,0.3,20.7223167419,0,20.7223167419,20.7223167419,20.4766635895,0,20.4766635895,20.4766635895,1
923,498,4,0.0001,0.0001,0.25,0.5,20.6207485199,0,20.6207485199,20.6207485199,20.5522499084,0,20.5522499084,20.5522499084,1
924,513,4,0.0001,0.001,0.25,0.5,20.6183872223,0,20.6183872223,20.6183872223,20.5380764008,0,20.5380764008,20.5380764008,1
925,1227,64,0.0001,0.0001,0.75,0.3,20.6183872223,0,20.6183872223,20.6183872223,20.672712326,0,20.672712326,20.672712326,1
926,1212,64,0.0001,0,0.75,0.3,20.6160240173,0,20.6160240173,20.6160240173,20.672712326,0,20.672712326,20.672712326,1
927,1242,64,0.0001,0.001,0.75,0.3,20.6160240173,0,20.6160240173,20.6160240173,20.6679897308,0,20.6679897308,20.6679897308,1
928,483,4,0.0001,0,0.25,0.5,20.6089382172,0,20.6089382172,20.6089382172,20.5522499084,0,20.5522499084,20.5522499084,1
929,104,0,0.001,0.001,0.75,0.7,20.5924034119,0,20.5924034119,20.5924034119,20.2121124268,0,20.2121124268,20.2121124268,1
930,89,0,0.001,0.0001,0.75,0.7,20.5782318115,0,20.5782318115,20.5782318115,20.202665329,0,20.202665329,20.202665329,1
931,74,0,0.001,0,0.75,0.7,20.5758686066,0,20.5758686066,20.5758686066,20.2050266266,0,20.2050266266,20.2050266266,1
932,672,8,0.0001,0,0.75,0.3,20.5664215088,0,20.5664215088,20.5664215088,20.3939914703,0,20.3939914703,20.3939914703,1
933,687,8,0.0001,0.0001,0.75,0.3,20.5616970062,0,20.5616970062,20.5616970062,20.3916301727,0,20.3916301727,20.3916301727,1
934,702,8,0.0001,0.001,0.75,0.3,20.5333538055,0,20.5333538055,20.5333538055,20.3443889618,0,20.3443889618,20.3443889618,1
935,119,0,0.001,0.01,0.75,0.7,20.5026454926,0,20.5026454926,20.5026454926,20.1459751129,0,20.1459751129,20.1459751129,1
936,116,0,0.001,0.01,0.75,0.1,20.5002841949,0,20.5002841949,20.5002841949,20.1530628204,0,20.1530628204,20.1530628204,1
937,532,4,0.0001,0.01,0.5,0.3,20.5002841949,0,20.5002841949,20.5002841949,20.4010772705,0,20.4010772705,20.4010772705,1
938,668,8,0.0001,0,0.5,0.5,20.4128875732,0,20.4128875732,20.4128875732,20.3585605621,0,20.3585605621,20.3585605621,1
939,683,8,0.0001,0.0001,0.5,0.5,20.4128875732,0,20.4128875732,20.4128875732,20.3609237671,0,20.3609237671,20.3609237671,1
940,698,8,0.0001,0.001,0.5,0.5,20.3916301727,0,20.3916301727,20.3916301727,20.3443889618,0,20.3443889618,20.3443889618,1
941,858,16,0.0001,0.0001,0.25,0.5,20.3703708649,0,20.3703708649,20.3703708649,20.1837692261,0,20.1837692261,20.1837692261,1
942,873,16,0.0001,0.001,0.25,0.5,20.3703708649,0,20.3703708649,20.3703708649,20.1884918213,0,20.1884918213,20.1884918213,1
943,843,16,0.0001,0,0.25,0.5,20.3680076599,0,20.3680076599,20.3680076599,20.1743202209,0,20.1743202209,20.1743202209,1
944,528,4,0.0001,0.01,0.25,0.5,20.3065948486,0,20.3065948486,20.3065948486,20.2286472321,0,20.2286472321,20.2286472321,1
945,117,0,0.001,0.01,0.75,0.3,20.2924213409,0,20.2924213409,20.2924213409,19.9168567657,0,19.9168567657,19.9168567657,1
946,86,0,0.001,0.0001,0.75,0.1,20.2900600433,0,20.2900600433,20.2900600433,19.905046463,0,19.905046463,19.905046463,1
947,101,0,0.001,0.001,0.75,0.1,20.2711639404,0,20.2711639404,20.2711639404,19.9452018738,0,19.9452018738,19.9452018738,1
948,71,0,0.001,0,0.75,0.1,20.2192001343,0,20.2192001343,20.2192001343,19.8979606628,0,19.8979606628,19.8979606628,1
949,87,0,0.001,0.0001,0.75,0.3,20.2121124268,0,20.2121124268,20.2121124268,19.8365459442,0,19.8365459442,19.8365459442,1
950,717,8,0.0001,0.01,0.75,0.3,20.2073879242,0,20.2073879242,20.2073879242,20.0396823883,0,20.0396823883,20.0396823883,1
951,102,0,0.001,0.001,0.75,0.3,20.1932163239,0,20.1932163239,20.1932163239,19.8483562469,0,19.8483562469,19.8483562469,1
952,72,0,0.001,0,0.75,0.3,20.1766815186,0,20.1766815186,20.1766815186,19.8247356415,0,19.8247356415,19.8247356415,1
953,302,2,0.0001,0,0.25,0.3,20.1365280151,0,20.1365280151,20.1365280151,20.0302352905,0,20.0302352905,20.0302352905,1
954,317,2,0.0001,0.0001,0.25,0.3,20.1318016052,0,20.1318016052,20.1318016052,20.0278720856,0,20.0278720856,20.0278720856,1
955,332,2,0.0001,0.001,0.25,0.3,20.1081829071,0,20.1081829071,20.1081829071,20.0089759827,0,20.0089759827,20.0089759827,1
956,301,2,0.0001,0,0.25,0.1,20.1010951996,0,20.1010951996,20.1010951996,20.0869235992,0,20.0869235992,20.0869235992,1
957,316,2,0.0001,0.0001,0.25,0.1,20.098733902,0,20.098733902,20.098733902,20.0798377991,0,20.0798377991,20.0798377991,1
958,331,2,0.0001,0.001,0.25,0.1,20.0774765015,0,20.0774765015,20.0774765015,20.0491313934,0,20.0491313934,20.0491313934,1
959,118,0,0.001,0.01,0.75,0.5,20.0727519989,0,20.0727519989,20.0727519989,19.6121520996,0,19.6121520996,19.6121520996,1
960,488,4,0.0001,0,0.5,0.5,19.9971656799,0,19.9971656799,19.9971656799,19.9168567657,0,19.9168567657,19.9168567657,1
961,103,0,0.001,0.001,0.75,0.5,19.9948043823,0,19.9948043823,19.9948043823,19.7113571167,0,19.7113571167,19.7113571167,1
962,503,4,0.0001,0.0001,0.5,0.5,19.9948043823,0,19.9948043823,19.9948043823,19.9192180634,0,19.9192180634,19.9192180634,1
963,88,0,0.001,0.0001,0.75,0.5,19.9900798798,0,19.9900798798,19.9900798798,19.6924610138,0,19.6924610138,19.6924610138,1
964,518,4,0.0001,0.001,0.5,0.5,19.9806308746,0,19.9806308746,19.9806308746,19.8908729553,0,19.8908729553,19.8908729553,1
965,73,0,0.001,0,0.75,0.5,19.978269577,0,19.978269577,19.978269577,19.6971855164,0,19.6971855164,19.6971855164,1
966,888,16,0.0001,0.01,0.25,0.5,19.9759063721,0,19.9759063721,19.9759063721,19.8341846466,0,19.8341846466,19.8341846466,1
967,713,8,0.0001,0.01,0.5,0.5,19.9735450745,0,19.9735450745,19.9735450745,19.8578052521,0,19.8578052521,19.8578052521,1
968,346,2,0.0001,0.01,0.25,0.1,19.933391571,0,19.933391571,19.933391571,19.8625278473,0,19.8625278473,19.8625278473,1
969,347,2,0.0001,0.01,0.25,0.3,19.9286651611,0,19.9286651611,19.9286651611,19.7869434357,0,19.7869434357,19.7869434357,1
970,120,0,0.001,0.01,0.75,0.9,19.921579361,0,19.921579361,19.921579361,19.5838069916,0,19.5838069916,19.5838069916,1
971,863,16,0.0001,0.0001,0.5,0.5,19.8129253387,0,19.8129253387,19.8129253387,19.6334095001,0,19.6334095001,19.6334095001,1
972,848,16,0.0001,0,0.5,0.5,19.8105640411,0,19.8105640411,19.8105640411,19.6357707977,0,19.6357707977,19.6357707977,1
973,878,16,0.0001,0.001,0.5,0.5,19.7893047333,0,19.7893047333,19.7893047333,19.6168746948,0,19.6168746948,19.6168746948,1
974,333,2,0.0001,0.001,0.25,0.5,19.6924610138,0,19.6924610138,19.6924610138,19.6215991974,0,19.6215991974,19.6215991974,1
975,318,2,0.0001,0.0001,0.25,0.5,19.6853733063,0,19.6853733063,19.6853733063,19.6263217926,0,19.6263217926,19.6263217926,1
976,533,4,0.0001,0.01,0.5,0.5,19.6782894135,0,19.6782894135,19.6782894135,19.5696334839,0,19.5696334839,19.5696334839,1
977,303,2,0.0001,0,0.25,0.5,19.6735630035,0,19.6735630035,19.6735630035,19.6452198029,0,19.6452198029,19.6452198029,1
978,853,16,0.0001,0,0.75,0.5,19.6310482025,0,19.6310482025,19.6310482025,19.5247554779,0,19.5247554779,19.5247554779,1
979,868,16,0.0001,0.0001,0.75,0.5,19.6310482025,0,19.6310482025,19.6310482025,19.5271167755,0,19.5271167755,19.5271167755,1
980,883,16,0.0001,0.001,0.75,0.5,19.5885295868,0,19.5885295868,19.5885295868,19.4964103699,0,19.4964103699,19.4964103699,1
981,1257,64,0.0001,0.01,0.75,0.3,19.5578231812,0,19.5578231812,19.5578231812,19.4916858673,0,19.4916858673,19.4916858673,1
982,348,2,0.0001,0.01,0.25,0.5,19.5530986786,0,19.5530986786,19.5530986786,19.4231872559,0,19.4231872559,19.4231872559,1
983,673,8,0.0001,0,0.75,0.5,19.4562549591,0,19.4562549591,19.4562549591,19.3924808502,0,19.3924808502,19.3924808502,1
984,688,8,0.0001,0.0001,0.75,0.5,19.446805954,0,19.446805954,19.446805954,19.3877544403,0,19.3877544403,19.3877544403,1
985,491,4,0.0001,0,0.75,0.1,19.4349956512,0,19.4349956512,19.4349956512,19.4420833588,0,19.4420833588,19.4420833588,1
986,506,4,0.0001,0.0001,0.75,0.1,19.4349956512,0,19.4349956512,19.4349956512,19.4420833588,0,19.4420833588,19.4420833588,1
987,703,8,0.0001,0.001,0.75,0.5,19.4113769531,0,19.4113769531,19.4113769531,19.3570480347,0,19.3570480347,19.3570480347,1
988,521,4,0.0001,0.001,0.75,0.1,19.4042892456,0,19.4042892456,19.4042892456,19.4184608459,0,19.4184608459,19.4184608459,1
989,893,16,0.0001,0.01,0.5,0.5,19.3499622345,0,19.3499622345,19.3499622345,19.2153263092,0,19.2153263092,19.2153263092,1
990,307,2,0.0001,0,0.5,0.3,19.328704834,0,19.328704834,19.328704834,19.1468257904,0,19.1468257904,19.1468257904,1
991,492,4,0.0001,0,0.75,0.3,19.328704834,0,19.328704834,19.328704834,19.3121700287,0,19.3121700287,19.3121700287,1
992,507,4,0.0001,0.0001,0.75,0.3,19.328704834,0,19.328704834,19.328704834,19.3121700287,0,19.3121700287,19.3121700287,1
993,322,2,0.0001,0.0001,0.5,0.3,19.3216171265,0,19.3216171265,19.3216171265,19.1468257904,0,19.1468257904,19.1468257904,1
994,522,4,0.0001,0.001,0.75,0.3,19.3121700287,0,19.3121700287,19.3121700287,19.2932720184,0,19.2932720184,19.2932720184,1
995,337,2,0.0001,0.001,0.5,0.3,19.2838249207,0,19.2838249207,19.2838249207,19.1421012878,0,19.1421012878,19.1421012878,1
996,898,16,0.0001,0.01,0.75,0.5,19.2153263092,0,19.2153263092,19.2153263092,19.0358085632,0,19.0358085632,19.0358085632,1
997,536,4,0.0001,0.01,0.75,0.1,19.2058773041,0,19.2058773041,19.2058773041,19.2413082123,0,19.2413082123,19.2413082123,1
998,306,2,0.0001,0,0.5,0.1,19.1326522827,0,19.1326522827,19.1326522827,19.2082386017,0,19.2082386017,19.2082386017,1
999,321,2,0.0001,0.0001,0.5,0.1,19.1302909851,0,19.1302909851,19.1302909851,19.2058773041,0,19.2058773041,19.2058773041,1
1000,336,2,0.0001,0.001,0.5,0.1,19.1161193848,0,19.1161193848,19.1161193848,19.1751708984,0,19.1751708984,19.1751708984,1
1001,537,4,0.0001,0.01,0.75,0.3,19.1137561798,0,19.1137561798,19.1137561798,19.0098266602,0,19.0098266602,19.0098266602,1
1002,352,2,0.0001,0.01,0.5,0.3,19.0948600769,0,19.0948600769,19.0948600769,18.9058952332,0,18.9058952332,18.9058952332,1
1003,718,8,0.0001,0.01,0.75,0.5,19.0499820709,0,19.0499820709,19.0499820709,18.9153442383,0,18.9153442383,18.9153442383,1
1004,308,2,0.0001,0,0.5,0.5,19.0098266602,0,19.0098266602,19.0098266602,18.943687439,0,18.943687439,18.943687439,1
1005,323,2,0.0001,0.0001,0.5,0.5,19.0098266602,0,19.0098266602,19.0098266602,18.9413261414,0,18.9413261414,18.9413261414,1
1006,484,4,0.0001,0,0.25,0.7,18.9956550598,0,18.9956550598,18.9956550598,18.9767570496,0,18.9767570496,18.9767570496,1
1007,499,4,0.0001,0.0001,0.25,0.7,18.9932918549,0,18.9932918549,18.9932918549,18.9673099518,0,18.9673099518,18.9673099518,1
1008,338,2,0.0001,0.001,0.5,0.5,18.9838447571,0,18.9838447571,18.9838447571,18.9224300385,0,18.9224300385,18.9224300385,1
1009,304,2,0.0001,0,0.25,0.7,18.972032547,0,18.972032547,18.972032547,18.8586540222,0,18.8586540222,18.8586540222,1
1010,514,4,0.0001,0.001,0.25,0.7,18.972032547,0,18.972032547,18.972032547,18.9082584381,0,18.9082584381,18.9082584381,1
1011,319,2,0.0001,0.0001,0.25,0.7,18.9696712494,0,18.9696712494,18.9696712494,18.8586540222,0,18.8586540222,18.8586540222,1
1012,351,2,0.0001,0.01,0.5,0.1,18.9625854492,0,18.9625854492,18.9625854492,19.0334472656,0,19.0334472656,19.0334472656,1
1013,493,4,0.0001,0,0.75,0.5,18.9295158386,0,18.9295158386,18.9295158386,18.7547245026,0,18.7547245026,18.7547245026,1
1014,508,4,0.0001,0.0001,0.75,0.5,18.9295158386,0,18.9295158386,18.9295158386,18.7452754974,0,18.7452754974,18.7452754974,1
1015,523,4,0.0001,0.001,0.75,0.5,18.9129810333,0,18.9129810333,18.9129810333,18.7098464966,0,18.7098464966,18.7098464966,1
1016,334,2,0.0001,0.001,0.25,0.7,18.8917236328,0,18.8917236328,18.8917236328,18.8184986115,0,18.8184986115,18.8184986115,1
1017,1202,64,0.0001,0,0.25,0.3,18.8492050171,0,18.8492050171,18.8492050171,18.8468437195,0,18.8468437195,18.8468437195,1
1018,353,2,0.0001,0.01,0.5,0.5,18.8397579193,0,18.8397579193,18.8397579193,18.7570877075,0,18.7570877075,18.7570877075,1
1019,1217,64,0.0001,0.0001,0.25,0.3,18.8137760162,0,18.8137760162,18.8137760162,18.8114128113,0,18.8114128113,18.8114128113,1
1020,529,4,0.0001,0.01,0.25,0.7,18.6791381836,0,18.6791381836,18.6791381836,18.5397777557,0,18.5397777557,18.5397777557,1
1021,664,8,0.0001,0,0.25,0.7,18.676776886,0,18.676776886,18.676776886,18.5539493561,0,18.5539493561,18.5539493561,1
1022,679,8,0.0001,0.0001,0.25,0.7,18.674413681,0,18.674413681,18.674413681,18.556312561,0,18.556312561,18.556312561,1
1023,489,4,0.0001,0,0.5,0.7,18.6602420807,0,18.6602420807,18.6602420807,18.6059150696,0,18.6059150696,18.6059150696,1
1024,519,4,0.0001,0.001,0.5,0.7,18.6602420807,0,18.6602420807,18.6602420807,18.5657596588,0,18.5657596588,18.5657596588,1
1025,504,4,0.0001,0.0001,0.5,0.7,18.6531562805,0,18.6531562805,18.6531562805,18.5941047668,0,18.5941047668,18.5941047668,1
1026,309,2,0.0001,0,0.5,0.7,18.6224498749,0,18.6224498749,18.6224498749,18.556312561,0,18.556312561,18.556312561,1
1027,324,2,0.0001,0.0001,0.5,0.7,18.6200866699,0,18.6200866699,18.6200866699,18.5492267609,0,18.5492267609,18.5492267609,1
1028,349,2,0.0001,0.01,0.25,0.7,18.6130008698,0,18.6130008698,18.6130008698,18.527967453,0,18.527967453,18.527967453,1
1029,538,4,0.0001,0.01,0.75,0.5,18.6059150696,0,18.6059150696,18.6059150696,18.4287605286,0,18.4287605286,18.4287605286,1
1030,694,8,0.0001,0.001,0.25,0.7,18.603553772,0,18.603553772,18.603553772,18.4594669342,0,18.4594669342,18.4594669342,1
1031,1048,32,0.0001,0.0001,0.75,0.5,18.601190567,0,18.601190567,18.601190567,18.5114326477,0,18.5114326477,18.5114326477,1
1032,339,2,0.0001,0.001,0.5,0.7,18.5988292694,0,18.5988292694,18.5988292694,18.49725914,0,18.49725914,18.49725914,1
1033,1033,32,0.0001,0,0.75,0.5,18.5988292694,0,18.5988292694,18.5988292694,18.5161552429,0,18.5161552429,18.5161552429,1
1034,1207,64,0.0001,0,0.5,0.3,18.5681228638,0,18.5681228638,18.5681228638,18.5114326477,0,18.5114326477,18.5114326477,1
1035,1063,32,0.0001,0.001,0.75,0.5,18.5657596588,0,18.5657596588,18.5657596588,18.4783630371,0,18.4783630371,18.4783630371,1
1036,1222,64,0.0001,0.0001,0.5,0.3,18.5374164581,0,18.5374164581,18.5374164581,18.4712791443,0,18.4712791443,18.4712791443,1
1037,1232,64,0.0001,0.001,0.25,0.3,18.4854488373,0,18.4854488373,18.4854488373,18.454744339,0,18.454744339,18.454744339,1
1038,1237,64,0.0001,0.001,0.5,0.3,18.454744339,0,18.454744339,18.454744339,18.3460884094,0,18.3460884094,18.3460884094,1
1039,534,4,0.0001,0.01,0.5,0.7,18.3271923065,0,18.3271923065,18.3271923065,18.2397956848,0,18.2397956848,18.2397956848,1
1040,684,8,0.0001,0.0001,0.5,0.7,18.3248291016,0,18.3248291016,18.3248291016,18.1665725708,0,18.1665725708,18.1665725708,1
1041,669,8,0.0001,0,0.5,0.7,18.3177433014,0,18.3177433014,18.3177433014,18.1689357758,0,18.1689357758,18.1689357758,1
1042,699,8,0.0001,0.001,0.5,0.7,18.2161769867,0,18.2161769867,18.2161769867,18.098072052,0,18.098072052,18.098072052,1
1043,1247,64,0.0001,0.01,0.25,0.3,18.2043647766,0,18.2043647766,18.2043647766,18.1500377655,0,18.1500377655,18.1500377655,1
1044,354,2,0.0001,0.01,0.5,0.7,18.1878318787,0,18.1878318787,18.1878318787,18.1051597595,0,18.1051597595,18.1051597595,1
1045,509,4,0.0001,0.0001,0.75,0.7,18.1098842621,0,18.1098842621,18.1098842621,17.9209194183,0,17.9209194183,17.9209194183,1
1046,1078,32,0.0001,0.01,0.75,0.5,18.1098842621,0,18.1098842621,18.1098842621,17.9469013214,0,17.9469013214,17.9469013214,1
1047,494,4,0.0001,0,0.75,0.7,18.1075210571,0,18.1075210571,18.1075210571,17.9185562134,0,17.9185562134,17.9185562134,1
1048,709,8,0.0001,0.01,0.25,0.7,18.1027965546,0,18.1027965546,18.1027965546,18.0130386353,0,18.0130386353,18.0130386353,1
1049,313,2,0.0001,0,0.75,0.5,18.0886230469,0,18.0886230469,18.0886230469,17.9823322296,0,17.9823322296,17.9823322296,1
1050,328,2,0.0001,0.0001,0.75,0.5,18.0886230469,0,18.0886230469,18.0886230469,17.9823322296,0,17.9823322296,17.9823322296,1
1051,524,4,0.0001,0.001,0.75,0.7,18.0839004517,0,18.0839004517,18.0839004517,17.8878498077,0,17.8878498077,17.8878498077,1
1052,343,2,0.0001,0.001,0.75,0.5,18.0650043488,0,18.0650043488,18.0650043488,17.9610729218,0,17.9610729218,17.9610729218,1
1053,1023,32,0.0001,0,0.25,0.5,18.0272121429,0,18.0272121429,18.0272121429,17.8122634888,0,17.8122634888,17.8122634888,1
1054,1038,32,0.0001,0.0001,0.25,0.5,18.0272121429,0,18.0272121429,18.0272121429,17.8028144836,0,17.8028144836,17.8028144836,1
1055,312,2,0.0001,0,0.75,0.3,17.9752445221,0,17.9752445221,17.9752445221,17.8713150024,0,17.8713150024,17.8713150024,1
1056,327,2,0.0001,0.0001,0.75,0.3,17.9752445221,0,17.9752445221,17.9752445221,17.8713150024,0,17.8713150024,17.8713150024,1
1057,342,2,0.0001,0.001,0.75,0.3,17.9634361267,0,17.9634361267,17.9634361267,17.876039505,0,17.876039505,17.876039505,1
1058,1028,32,0.0001,0,0.5,0.5,17.9610729218,0,17.9610729218,17.9610729218,17.7130584717,0,17.7130584717,17.7130584717,1
1059,1252,64,0.0001,0.01,0.5,0.3,17.9610729218,0,17.9610729218,17.9610729218,17.8051776886,0,17.8051776886,17.8051776886,1
1060,1043,32,0.0001,0.0001,0.5,0.5,17.9587116241,0,17.9587116241,17.9587116241,17.7106952667,0,17.7106952667,17.7106952667,1
1061,1053,32,0.0001,0.001,0.25,0.5,17.9563484192,0,17.9563484192,17.9563484192,17.7957305908,0,17.7957305908,17.7957305908,1
1062,1058,32,0.0001,0.001,0.5,0.5,17.9114704132,0,17.9114704132,17.9114704132,17.6847133636,0,17.6847133636,17.6847133636,1
1063,714,8,0.0001,0.01,0.5,0.7,17.8972969055,0,17.8972969055,17.8972969055,17.7059707642,0,17.7059707642,17.7059707642,1
1064,674,8,0.0001,0,0.75,0.7,17.8547821045,0,17.8547821045,17.8547821045,17.7059707642,0,17.7059707642,17.7059707642,1
1065,1068,32,0.0001,0.01,0.25,0.5,17.8524188995,0,17.8524188995,17.8524188995,17.6634559631,0,17.6634559631,17.6634559631,1
1066,358,2,0.0001,0.01,0.75,0.5,17.8500556946,0,17.8500556946,17.8500556946,17.8122634888,0,17.8122634888,17.8122634888,1
1067,689,8,0.0001,0.0001,0.75,0.7,17.8406085968,0,17.8406085968,17.8406085968,17.6847133636,0,17.6847133636,17.6847133636,1
1068,704,8,0.0001,0.001,0.75,0.7,17.8240737915,0,17.8240737915,17.8240737915,17.6870746613,0,17.6870746613,17.6870746613,1
1069,874,16,0.0001,0.001,0.25,0.7,17.8217124939,0,17.8217124939,17.8217124939,17.552438736,0,17.552438736,17.552438736,1
1070,539,4,0.0001,0.01,0.75,0.7,17.8099021912,0,17.8099021912,17.8099021912,17.6209373474,0,17.6209373474,17.6209373474,1
1071,314,2,0.0001,0,0.75,0.7,17.7886447906,0,17.7886447906,17.7886447906,17.7059707642,0,17.7059707642,17.7059707642,1
1072,329,2,0.0001,0.0001,0.75,0.7,17.7886447906,0,17.7886447906,17.7886447906,17.7059707642,0,17.7059707642,17.7059707642,1
1073,357,2,0.0001,0.01,0.75,0.3,17.7862815857,0,17.7862815857,17.7862815857,17.7106952667,0,17.7106952667,17.7106952667,1
1074,344,2,0.0001,0.001,0.75,0.7,17.7555732727,0,17.7555732727,17.7555732727,17.670539856,0,17.670539856,17.670539856,1
1075,311,2,0.0001,0,0.75,0.1,17.7390403748,0,17.7390403748,17.7390403748,17.7484893799,0,17.7484893799,17.7484893799,1
1076,326,2,0.0001,0.0001,0.75,0.1,17.7366771698,0,17.7366771698,17.7366771698,17.7508506775,0,17.7508506775,17.7508506775,1
1077,341,2,0.0001,0.001,0.75,0.1,17.727230072,0,17.727230072,17.727230072,17.7508506775,0,17.7508506775,17.7508506775,1
1078,1073,32,0.0001,0.01,0.5,0.5,17.6799888611,0,17.6799888611,17.6799888611,17.4792137146,0,17.4792137146,17.4792137146,1
1079,844,16,0.0001,0,0.25,0.7,17.6681785583,0,17.6681785583,17.6681785583,17.401266098,0,17.401266098,17.401266098,1
1080,859,16,0.0001,0.0001,0.25,0.7,17.6634559631,0,17.6634559631,17.6634559631,17.3847312927,0,17.3847312927,17.3847312927,1
1081,849,16,0.0001,0,0.5,0.7,17.6398334503,0,17.6398334503,17.6398334503,17.328042984,0,17.328042984,17.328042984,1
1082,356,2,0.0001,0.01,0.75,0.1,17.6374721527,0,17.6374721527,17.6374721527,17.6327476501,0,17.6327476501,17.6327476501,1
1083,864,16,0.0001,0.0001,0.5,0.7,17.623298645,0,17.623298645,17.623298645,17.3162326813,0,17.3162326813,17.3162326813,1
1084,719,8,0.0001,0.01,0.75,0.7,17.6020412445,0,17.6020412445,17.6020412445,17.4721279144,0,17.4721279144,17.4721279144,1
1085,359,2,0.0001,0.01,0.75,0.7,17.5595245361,0,17.5595245361,17.5595245361,17.3870944977,0,17.3870944977,17.3870944977,1
1086,879,16,0.0001,0.001,0.5,0.7,17.5548000336,0,17.5548000336,17.5548000336,17.2689914703,0,17.2689914703,17.2689914703,1
1087,854,16,0.0001,0,0.75,0.7,17.3847312927,0,17.3847312927,17.3847312927,17.1272678375,0,17.1272678375,17.1272678375,1
1088,869,16,0.0001,0.0001,0.75,0.7,17.3823699951,0,17.3823699951,17.3823699951,17.1272678375,0,17.1272678375,17.1272678375,1
1089,884,16,0.0001,0.001,0.75,0.7,17.3681983948,0,17.3681983948,17.3681983948,17.12018013,0,17.12018013,17.12018013,1
1090,889,16,0.0001,0.01,0.25,0.7,17.3185939789,0,17.3185939789,17.3185939789,17.1319923401,0,17.1319923401,17.1319923401,1
1091,899,16,0.0001,0.01,0.75,0.7,17.2500953674,0,17.2500953674,17.2500953674,17.0044403076,0,17.0044403076,17.0044403076,1
1092,894,16,0.0001,0.01,0.5,0.7,17.2335605621,0,17.2335605621,17.2335605621,16.9973545074,0,16.9973545074,16.9973545074,1
1093,305,2,0.0001,0,0.25,0.9,17.1981296539,0,17.1981296539,17.1981296539,17.1910438538,0,17.1910438538,17.1910438538,1
1094,320,2,0.0001,0.0001,0.25,0.9,17.1863193512,0,17.1863193512,17.1863193512,17.1934051514,0,17.1934051514,17.1934051514,1
1095,335,2,0.0001,0.001,0.25,0.9,17.1249065399,0,17.1249065399,17.1249065399,17.1319923401,0,17.1319923401,17.1319923401,1
1096,1213,64,0.0001,0,0.75,0.5,17.1083717346,0,17.1083717346,17.1083717346,16.9760951996,0,16.9760951996,16.9760951996,1
1097,1228,64,0.0001,0.0001,0.75,0.5,17.1083717346,0,17.1083717346,17.1083717346,16.973733902,0,16.973733902,16.973733902,1
1098,1243,64,0.0001,0.001,0.75,0.5,17.0965614319,0,17.0965614319,17.0965614319,16.9501132965,0,16.9501132965,16.9501132965,1
1099,310,2,0.0001,0,0.5,0.9,17.0564060211,0,17.0564060211,17.0564060211,17.0068016052,0,17.0068016052,17.0068016052,1
1100,325,2,0.0001,0.0001,0.5,0.9,17.0398712158,0,17.0398712158,17.0398712158,16.9973545074,0,16.9973545074,16.9973545074,1
1101,340,2,0.0001,0.001,0.5,0.9,16.9642868042,0,16.9642868042,16.9642868042,16.8957862854,0,16.8957862854,16.8957862854,1
1102,1258,64,0.0001,0.01,0.75,0.5,16.9123210907,0,16.9123210907,16.9123210907,16.7422523499,0,16.7422523499,16.7422523499,1
1103,1208,64,0.0001,0,0.5,0.5,16.8698043823,0,16.8698043823,16.8698043823,16.6973743439,0,16.6973743439,16.6973743439,1
1104,1223,64,0.0001,0.0001,0.5,0.5,16.8650798798,0,16.8650798798,16.8650798798,16.6950130463,0,16.6950130463,16.6950130463,1
1105,485,4,0.0001,0,0.25,0.9,16.8367347717,0,16.8367347717,16.8367347717,16.6713905334,0,16.6713905334,16.6713905334,1
1106,1238,64,0.0001,0.001,0.5,0.5,16.8343715668,0,16.8343715668,16.8343715668,16.6808395386,0,16.6808395386,16.6808395386,1
1107,315,2,0.0001,0,0.75,0.9,16.8320102692,0,16.8320102692,16.8320102692,16.7328052521,0,16.7328052521,16.7328052521,1
1108,330,2,0.0001,0.0001,0.75,0.9,16.8320102692,0,16.8320102692,16.8320102692,16.7304420471,0,16.7304420471,16.7304420471,1
1109,500,4,0.0001,0.0001,0.25,0.9,16.827287674,0,16.827287674,16.827287674,16.6524944305,0,16.6524944305,16.6524944305,1
1110,1034,32,0.0001,0,0.75,0.7,16.7871303558,0,16.7871303558,16.7871303558,16.6288738251,0,16.6288738251,16.6288738251,1
1111,1049,32,0.0001,0.0001,0.75,0.7,16.7871303558,0,16.7871303558,16.7871303558,16.6265106201,0,16.6265106201,16.6265106201,1
1112,1064,32,0.0001,0.001,0.75,0.7,16.7847690582,0,16.7847690582,16.7847690582,16.6099777222,0,16.6099777222,16.6099777222,1
1113,345,2,0.0001,0.001,0.75,0.9,16.7705974579,0,16.7705974579,16.7705974579,16.678478241,0,16.678478241,16.678478241,1
1114,515,4,0.0001,0.001,0.25,0.9,16.7635116577,0,16.7635116577,16.7635116577,16.6335983276,0,16.6335983276,16.6335983276,1
1115,350,2,0.0001,0.01,0.25,0.9,16.7587871552,0,16.7587871552,16.7587871552,16.6265106201,0,16.6265106201,16.6265106201,1
1116,1233,64,0.0001,0.001,0.25,0.5,16.7328052521,0,16.7328052521,16.7328052521,16.5863571167,0,16.5863571167,16.5863571167,1
1117,1253,64,0.0001,0.01,0.5,0.5,16.7328052521,0,16.7328052521,16.7328052521,16.5650978088,0,16.5650978088,16.5650978088,1
1118,1203,64,0.0001,0,0.25,0.5,16.7304420471,0,16.7304420471,16.7304420471,16.6170635223,0,16.6170635223,16.6170635223,1
1119,1218,64,0.0001,0.0001,0.25,0.5,16.7233562469,0,16.7233562469,16.7233562469,16.6147022247,0,16.6147022247,16.6147022247,1
1120,490,4,0.0001,0,0.5,0.9,16.7162704468,0,16.7162704468,16.7162704468,16.5863571167,0,16.5863571167,16.5863571167,1
1121,505,4,0.0001,0.0001,0.5,0.9,16.7162704468,0,16.7162704468,16.7162704468,16.5769081116,0,16.5769081116,16.5769081116,1
1122,1079,32,0.0001,0.01,0.75,0.7,16.7091846466,0,16.7091846466,16.7091846466,16.5225811005,0,16.5225811005,16.5225811005,1
1123,355,2,0.0001,0.01,0.5,0.9,16.6737518311,0,16.6737518311,16.6737518311,16.5485630035,0,16.5485630035,16.5485630035,1
1124,520,4,0.0001,0.001,0.5,0.9,16.6477718353,0,16.6477718353,16.6477718353,16.5296669006,0,16.5296669006,16.5296669006,1
1125,495,4,0.0001,0,0.75,0.9,16.6288738251,0,16.6288738251,16.6288738251,16.5013217926,0,16.5013217926,16.5013217926,1
1126,510,4,0.0001,0.0001,0.75,0.9,16.6288738251,0,16.6288738251,16.6288738251,16.498960495,0,16.498960495,16.498960495,1
1127,1044,32,0.0001,0.0001,0.5,0.7,16.6123390198,0,16.6123390198,16.6123390198,16.4682540894,0,16.4682540894,16.4682540894,1
1128,1059,32,0.0001,0.001,0.5,0.7,16.6123390198,0,16.6123390198,16.6123390198,16.4588069916,0,16.4588069916,16.4588069916,1
1129,1029,32,0.0001,0,0.5,0.7,16.6099777222,0,16.6099777222,16.6099777222,16.470615387,0,16.470615387,16.470615387,1
1130,1248,64,0.0001,0.01,0.25,0.5,16.6099777222,0,16.6099777222,16.6099777222,16.4635295868,0,16.4635295868,16.4635295868,1
1131,525,4,0.0001,0.001,0.75,0.9,16.602891922,0,16.602891922,16.602891922,16.4375476837,0,16.4375476837,16.4375476837,1
1132,360,2,0.0001,0.01,0.75,0.9,16.5981674194,0,16.5981674194,16.5981674194,16.4068393707,0,16.4068393707,16.4068393707,1
1133,1054,32,0.0001,0.001,0.25,0.7,16.5721855164,0,16.5721855164,16.5721855164,16.4280986786,0,16.4280986786,16.4280986786,1
1134,1024,32,0.0001,0,0.25,0.7,16.5698223114,0,16.5698223114,16.5698223114,16.425737381,0,16.425737381,16.425737381,1
1135,1074,32,0.0001,0.01,0.5,0.7,16.5698223114,0,16.5698223114,16.5698223114,16.4139270782,0,16.4139270782,16.4139270782,1
1136,1039,32,0.0001,0.0001,0.25,0.7,16.5674610138,0,16.5674610138,16.5674610138,16.4422721863,0,16.4422721863,16.4422721863,1
1137,540,4,0.0001,0.01,0.75,0.9,16.527305603,0,16.527305603,16.527305603,16.2934608459,0,16.2934608459,16.2934608459,1
1138,665,8,0.0001,0,0.25,0.9,16.5249443054,0,16.5249443054,16.5249443054,16.3407020569,0,16.3407020569,16.3407020569,1
1139,680,8,0.0001,0.0001,0.25,0.9,16.5249443054,0,16.5249443054,16.5249443054,16.3359794617,0,16.3359794617,16.3359794617,1
1140,1069,32,0.0001,0.01,0.25,0.7,16.5084095001,0,16.5084095001,16.5084095001,16.4139270782,0,16.4139270782,16.4139270782,1
1141,675,8,0.0001,0,0.75,0.9,16.4965991974,0,16.4965991974,16.4965991974,16.2863769531,0,16.2863769531,16.2863769531,1
1142,690,8,0.0001,0.0001,0.75,0.9,16.4918746948,0,16.4918746948,16.4918746948,16.276927948,0,16.276927948,16.276927948,1
1143,695,8,0.0001,0.001,0.25,0.9,16.4871520996,0,16.4871520996,16.4871520996,16.305273056,0,16.305273056,16.305273056,1
1144,670,8,0.0001,0,0.5,0.9,16.4847888947,0,16.4847888947,16.4847888947,16.274564743,0,16.274564743,16.274564743,1
1145,685,8,0.0001,0.0001,0.5,0.9,16.4824256897,0,16.4824256897,16.4824256897,16.2674808502,0,16.2674808502,16.2674808502,1
1146,535,4,0.0001,0.01,0.5,0.9,16.4729785919,0,16.4729785919,16.4729785919,16.3288936615,0,16.3288936615,16.3288936615,1
1147,705,8,0.0001,0.001,0.75,0.9,16.4729785919,0,16.4729785919,16.4729785919,16.24858284,0,16.24858284,16.24858284,1
1148,700,8,0.0001,0.001,0.5,0.9,16.470615387,0,16.470615387,16.470615387,16.2816524506,0,16.2816524506,16.2816524506,1
1149,530,4,0.0001,0.01,0.25,0.9,16.4635295868,0,16.4635295868,16.4635295868,16.3029098511,0,16.3029098511,16.3029098511,1
1150,1214,64,0.0001,0,0.75,0.7,16.4564437866,0,16.4564437866,16.4564437866,16.2674808502,0,16.2674808502,16.2674808502,1
1151,1244,64,0.0001,0.001,0.75,0.7,16.4564437866,0,16.4564437866,16.4564437866,16.2674808502,0,16.2674808502,16.2674808502,1
1152,1229,64,0.0001,0.0001,0.75,0.7,16.4540805817,0,16.4540805817,16.4540805817,16.2651176453,0,16.2651176453,16.2651176453,1
1153,1259,64,0.0001,0.01,0.75,0.7,16.4304618835,0,16.4304618835,16.4304618835,16.2414970398,0,16.2414970398,16.2414970398,1
1154,1209,64,0.0001,0,0.5,0.7,16.3737716675,0,16.3737716675,16.3737716675,16.1848068237,0,16.1848068237,16.1848068237,1
1155,1224,64,0.0001,0.0001,0.5,0.7,16.3714103699,0,16.3714103699,16.3714103699,16.1824455261,0,16.1824455261,16.1824455261,1
1156,1239,64,0.0001,0.001,0.5,0.7,16.3714103699,0,16.3714103699,16.3714103699,16.1777210236,0,16.1777210236,16.1777210236,1
1157,1254,64,0.0001,0.01,0.5,0.7,16.3595981598,0,16.3595981598,16.3595981598,16.1871700287,0,16.1871700287,16.1871700287,1
1158,1204,64,0.0001,0,0.25,0.7,16.3548755646,0,16.3548755646,16.3548755646,16.1635494232,0,16.1635494232,16.1635494232,1
1159,1219,64,0.0001,0.0001,0.25,0.7,16.3548755646,0,16.3548755646,16.3548755646,16.1611862183,0,16.1611862183,16.1611862183,1
1160,1249,64,0.0001,0.01,0.25,0.7,16.3548755646,0,16.3548755646,16.3548755646,16.1777210236,0,16.1777210236,16.1777210236,1
1161,1234,64,0.0001,0.001,0.25,0.7,16.352514267,0,16.352514267,16.352514267,16.1541023254,0,16.1541023254,16.1541023254,1
1162,720,8,0.0001,0.01,0.75,0.9,16.3454284668,0,16.3454284668,16.3454284668,16.175359726,0,16.175359726,16.175359726,1
1163,885,16,0.0001,0.001,0.75,0.9,16.3430652618,0,16.3430652618,16.3430652618,16.099773407,0,16.099773407,16.099773407,1
1164,870,16,0.0001,0.0001,0.75,0.9,16.3407020569,0,16.3407020569,16.3407020569,16.099773407,0,16.099773407,16.099773407,1
1165,855,16,0.0001,0,0.75,0.9,16.3383407593,0,16.3383407593,16.3383407593,16.1021347046,0,16.1021347046,16.1021347046,1
1166,900,16,0.0001,0.01,0.75,0.9,16.3265304565,0,16.3265304565,16.3265304565,16.071428299,0,16.071428299,16.071428299,1
1167,1035,32,0.0001,0,0.75,0.9,16.3265304565,0,16.3265304565,16.3265304565,16.0974121094,0,16.0974121094,16.0974121094,1
1168,715,8,0.0001,0.01,0.5,0.9,16.3241691589,0,16.3241691589,16.3241691589,16.1092224121,0,16.1092224121,16.1092224121,1
1169,1050,32,0.0001,0.0001,0.75,0.9,16.3194446564,0,16.3194446564,16.3194446564,16.0903244019,0,16.0903244019,16.0903244019,1
1170,895,16,0.0001,0.01,0.5,0.9,16.3170833588,0,16.3170833588,16.3170833588,16.0383605957,0,16.0383605957,16.0383605957,1
1171,860,16,0.0001,0.0001,0.25,0.9,16.3147201538,0,16.3147201538,16.3147201538,16.1139450073,0,16.1139450073,16.1139450073,1
1172,845,16,0.0001,0,0.25,0.9,16.3123569489,0,16.3123569489,16.3123569489,16.1186695099,0,16.1186695099,16.1186695099,1
1173,875,16,0.0001,0.001,0.25,0.9,16.305273056,0,16.305273056,16.305273056,16.0619812012,0,16.0619812012,16.0619812012,1
1174,1065,32,0.0001,0.001,0.75,0.9,16.305273056,0,16.305273056,16.305273056,16.0761528015,0,16.0761528015,16.0761528015,1
1175,880,16,0.0001,0.001,0.5,0.9,16.3005485535,0,16.3005485535,16.3005485535,16.0761528015,0,16.0761528015,16.0761528015,1
1176,710,8,0.0001,0.01,0.25,0.9,16.2981872559,0,16.2981872559,16.2981872559,16.1257572174,0,16.1257572174,16.1257572174,1
1177,1030,32,0.0001,0,0.5,0.9,16.2981872559,0,16.2981872559,16.2981872559,16.0548934937,0,16.0548934937,16.0548934937,1
1178,1045,32,0.0001,0.0001,0.5,0.9,16.2981872559,0,16.2981872559,16.2981872559,16.0572566986,0,16.0572566986,16.0572566986,1
1179,865,16,0.0001,0.0001,0.5,0.9,16.2958240509,0,16.2958240509,16.2958240509,16.071428299,0,16.071428299,16.071428299,1
1180,1025,32,0.0001,0,0.25,0.9,16.2958240509,0,16.2958240509,16.2958240509,16.0430850983,0,16.0430850983,16.0430850983,1
1181,1040,32,0.0001,0.0001,0.25,0.9,16.2958240509,0,16.2958240509,16.2958240509,16.0430850983,0,16.0430850983,16.0430850983,1
1182,850,16,0.0001,0,0.5,0.9,16.2934608459,0,16.2934608459,16.2934608459,16.0667037964,0,16.0667037964,16.0667037964,1
1183,890,16,0.0001,0.01,0.25,0.9,16.2934608459,0,16.2934608459,16.2934608459,16.0289115906,0,16.0289115906,16.0289115906,1
1184,1055,32,0.0001,0.001,0.25,0.9,16.2934608459,0,16.2934608459,16.2934608459,16.052532196,0,16.052532196,16.052532196,1
1185,1060,32,0.0001,0.001,0.5,0.9,16.2887382507,0,16.2887382507,16.2887382507,16.0548934937,0,16.0548934937,16.0548934937,1
1186,1080,32,0.0001,0.01,0.75,0.9,16.2863769531,0,16.2863769531,16.2863769531,16.0359973907,0,16.0359973907,16.0359973907,1
1187,1070,32,0.0001,0.01,0.25,0.9,16.2698421478,0,16.2698421478,16.2698421478,16.0336360931,0,16.0336360931,16.0336360931,1
1188,1075,32,0.0001,0.01,0.5,0.9,16.2674808502,0,16.2674808502,16.2674808502,16.024187088,0,16.024187088,16.024187088,1
1189,1260,64,0.0001,0.01,0.75,0.9,16.201341629,0,16.201341629,16.201341629,16.0123786926,0,16.0123786926,16.0123786926,1
1190,1230,64,0.0001,0.0001,0.75,0.9,16.1942558289,0,16.1942558289,16.1942558289,15.9982051849,0,15.9982051849,15.9982051849,1
1191,1215,64,0.0001,0,0.75,0.9,16.1871700287,0,16.1871700287,16.1871700287,16.0076522827,0,16.0076522827,16.0076522827,1
1192,1245,64,0.0001,0.001,0.75,0.9,16.1871700287,0,16.1871700287,16.1871700287,15.9982051849,0,15.9982051849,15.9982051849,1
1193,1240,64,0.0001,0.001,0.5,0.9,16.1777210236,0,16.1777210236,16.1777210236,15.9722223282,0,15.9722223282,15.9722223282,1
1194,1255,64,0.0001,0.01,0.5,0.9,16.175359726,0,16.175359726,16.175359726,15.9934806824,0,15.9934806824,15.9934806824,1
1195,1210,64,0.0001,0,0.5,0.9,16.1729984283,0,16.1729984283,16.1729984283,15.9982051849,0,15.9982051849,15.9982051849,1
1196,1225,64,0.0001,0.0001,0.5,0.9,16.1706352234,0,16.1706352234,16.1706352234,15.9982051849,0,15.9982051849,15.9982051849,1
1197,1250,64,0.0001,0.01,0.25,0.9,16.1611862183,0,16.1611862183,16.1611862183,16.0005664825,0,16.0005664825,16.0005664825,1
1198,1205,64,0.0001,0,0.25,0.9,16.156463623,0,16.156463623,16.156463623,16.0052909851,0,16.0052909851,16.0052909851,1
1199,1235,64,0.0001,0.001,0.25,0.9,16.156463623,0,16.156463623,16.156463623,16.0005664825,0,16.0005664825,16.0005664825,1
1200,1220,64,0.0001,0.0001,0.25,0.9,16.1517372131,0,16.1517372131,16.1517372131,15.9556884766,0,15.9556884766,15.9556884766,1
1201,125,0,0.0001,0,0.25,0.9,10.796957016,0,10.796957016,10.796957016,10.8347501755,0,10.8347501755,10.8347501755,1
1202,140,0,0.0001,0.0001,0.25,0.9,10.7922334671,0,10.7922334671,10.7922334671,10.8418369293,0,10.8418369293,10.8418369293,1
1203,155,0,0.0001,0.001,0.25,0.9,10.75207901,0,10.75207901,10.75207901,10.7851476669,0,10.7851476669,10.7851476669,1
1204,130,0,0.0001,0,0.5,0.9,10.3717880249,0,10.3717880249,10.3717880249,10.3647012711,0,10.3647012711,10.3647012711,1
1205,145,0,0.0001,0.0001,0.5,0.9,10.3552532196,0,10.3552532196,10.3552532196,10.3552532196,0,10.3552532196,10.3552532196,1
1206,160,0,0.0001,0.001,0.5,0.9,10.3103742599,0,10.3103742599,10.3103742599,10.2962017059,0,10.2962017059,10.2962017059,1
1207,170,0,0.0001,0.01,0.25,0.9,10.2300643921,0,10.2300643921,10.2300643921,10.2158918381,0,10.2158918381,10.2158918381,1
1208,175,0,0.0001,0.01,0.5,0.9,9.73167037964,0,9.73167037964,9.73167037964,9.61829185486,0,9.61829185486,9.61829185486,1
1209,139,0,0.0001,0.0001,0.25,0.7,9.16477775574,0,9.16477775574,9.16477775574,9.2639837265,0,9.2639837265,9.2639837265,1
1210,124,0,0.0001,0,0.25,0.7,9.16241455078,0,9.16241455078,9.16241455078,9.26162147522,0,9.26162147522,9.26162147522,1
1211,154,0,0.0001,0.001,0.25,0.7,9.13407039642,0,9.13407039642,9.13407039642,9.25689697266,0,9.25689697266,9.25689697266,1
1212,123,0,0.0001,0,0.25,0.5,9.13170814514,0,9.13170814514,9.13170814514,9.16005325317,0,9.16005325317,9.16005325317,1
1213,153,0,0.0001,0.001,0.25,0.5,9.13170814514,0,9.13170814514,9.13170814514,9.13643264771,0,9.13643264771,9.13643264771,1
1214,138,0,0.0001,0.0001,0.25,0.5,9.12934589386,0,9.12934589386,9.12934589386,9.15060520172,0,9.15060520172,9.15060520172,1
1215,168,0,0.0001,0.01,0.25,0.5,8.97108840942,0,8.97108840942,8.97108840942,8.98762226105,0,8.98762226105,8.98762226105,1
1216,152,0,0.0001,0.001,0.25,0.3,8.96164035797,0,8.96164035797,8.96164035797,8.96400260925,0,8.96400260925,8.96400260925,1
1217,137,0,0.0001,0.0001,0.25,0.3,8.95927810669,0,8.95927810669,8.95927810669,8.96636486053,0,8.96636486053,8.96636486053,1
1218,122,0,0.0001,0,0.25,0.3,8.95691585541,0,8.95691585541,8.95691585541,8.96636486053,0,8.96636486053,8.96636486053,1
1219,169,0,0.0001,0.01,0.25,0.7,8.88133049011,0,8.88133049011,8.88133049011,8.94510555267,0,8.94510555267,8.94510555267,1
1220,167,0,0.0001,0.01,0.25,0.3,8.86243438721,0,8.86243438721,8.86243438721,8.88605499268,0,8.88605499268,8.88605499268,1
1221,151,0,0.0001,0.001,0.25,0.1,8.85770988464,0,8.85770988464,8.85770988464,8.94274425507,0,8.94274425507,8.94274425507,1
1222,136,0,0.0001,0.0001,0.25,0.1,8.85062408447,0,8.85062408447,8.85062408447,8.94038200378,0,8.94038200378,8.94038200378,1
1223,121,0,0.0001,0,0.25,0.1,8.84826183319,0,8.84826183319,8.84826183319,8.9380197525,0,8.9380197525,8.9380197525,1
1224,166,0,0.0001,0.01,0.25,0.1,8.80338287354,0,8.80338287354,8.80338287354,8.91203689575,0,8.91203689575,8.91203689575,1
1225,135,0,0.0001,0,0.75,0.9,8.6120557785,0,8.6120557785,8.6120557785,8.70890045166,0,8.70890045166,8.70890045166,1
1226,150,0,0.0001,0.0001,0.75,0.9,8.5931596756,0,8.5931596756,8.5931596756,8.69945240021,0,8.69945240021,8.69945240021,1
1227,165,0,0.0001,0.001,0.75,0.9,8.51757335663,0,8.51757335663,8.51757335663,8.64748668671,0,8.64748668671,8.64748668671,1
1228,126,0,0.0001,0,0.5,0.1,8.13728237152,0,8.13728237152,8.13728237152,8.10185241699,0,8.10185241699,8.10185241699,1
1229,141,0,0.0001,0.0001,0.5,0.1,8.13728237152,0,8.13728237152,8.13728237152,8.09948921204,0,8.09948921204,8.09948921204,1
1230,156,0,0.0001,0.001,0.5,0.1,8.13255882263,0,8.13255882263,8.13255882263,8.1042137146,0,8.1042137146,8.1042137146,1
1231,171,0,0.0001,0.01,0.5,0.1,8.09476566315,0,8.09476566315,8.09476566315,8.05697250366,0,8.05697250366,8.05697250366,1
1232,127,0,0.0001,0,0.5,0.3,8.04752445221,0,8.04752445221,8.04752445221,8.03335189819,0,8.03335189819,8.03335189819,1
1233,142,0,0.0001,0.0001,0.5,0.3,8.04516220093,0,8.04516220093,8.04516220093,8.0286283493,0,8.0286283493,8.0286283493,1
1234,157,0,0.0001,0.001,0.5,0.3,8.04043865204,0,8.04043865204,8.04043865204,8.01681804657,0,8.01681804657,8.01681804657,1
1235,180,0,0.0001,0.01,0.75,0.9,7.96249055862,0,7.96249055862,7.96249055862,8.11366176605,0,8.11366176605,8.11366176605,1
1236,172,0,0.0001,0.01,0.5,0.3,7.95540428162,0,7.95540428162,7.95540428162,7.96249055862,0,7.96249055862,7.96249055862,1
1237,129,0,0.0001,0,0.5,0.7,7.85619831085,0,7.85619831085,7.85619831085,7.9412317276,0,7.9412317276,7.9412317276,1
1238,144,0,0.0001,0.0001,0.5,0.7,7.85383605957,0,7.85383605957,7.85383605957,7.93886995316,0,7.93886995316,7.93886995316,1
1239,159,0,0.0001,0.001,0.5,0.7,7.82076740265,0,7.82076740265,7.82076740265,7.9105257988,0,7.9105257988,7.9105257988,1
1240,173,0,0.0001,0.01,0.5,0.5,7.81131887436,0,7.81131887436,7.81131887436,7.85383605957,0,7.85383605957,7.85383605957,1
1241,128,0,0.0001,0,0.5,0.5,7.79950904846,0,7.79950904846,7.79950904846,7.88926696777,0,7.88926696777,7.88926696777,1
1242,143,0,0.0001,0.0001,0.5,0.5,7.79714679718,0,7.79714679718,7.79714679718,7.88690519333,0,7.88690519333,7.88690519333,1
1243,158,0,0.0001,0.001,0.5,0.5,7.78769874573,0,7.78769874573,7.78769874573,7.87981891632,0,7.87981891632,7.87981891632,1
1244,174,0,0.0001,0.01,0.5,0.7,7.53968286514,0,7.53968286514,7.53968286514,7.67195749283,0,7.67195749283,7.67195749283,1
1245,161,0,0.0001,0.001,0.75,0.1,7.03656435013,0,7.03656435013,7.03656435013,7.23497724533,0,7.23497724533,7.23497724533,1
1246,131,0,0.0001,0,0.75,0.1,7.03184080124,0,7.03184080124,7.03184080124,7.23733997345,0,7.23733997345,7.23733997345,1
1247,146,0,0.0001,0.0001,0.75,0.1,7.03184080124,0,7.03184080124,7.03184080124,7.23970174789,0,7.23970174789,7.23970174789,1
1248,176,0,0.0001,0.01,0.75,0.1,7.01766824722,0,7.01766824722,7.01766824722,7.21135663986,0,7.21135663986,7.21135663986,1
1249,132,0,0.0001,0,0.75,0.3,6.80035972595,0,6.80035972595,6.80035972595,6.99877214432,0,6.99877214432,6.99877214432,1
1250,147,0,0.0001,0.0001,0.75,0.3,6.80035972595,0,6.80035972595,6.80035972595,6.9964094162,0,6.9964094162,6.9964094162,1
1251,162,0,0.0001,0.001,0.75,0.3,6.79327344894,0,6.79327344894,6.79327344894,6.98932313919,0,6.98932313919,6.98932313919,1
1252,177,0,0.0001,0.01,0.75,0.3,6.72004890442,0,6.72004890442,6.72004890442,6.94444465637,0,6.94444465637,6.94444465637,1
1253,133,0,0.0001,0,0.75,0.5,6.42006826401,0,6.42006826401,6.42006826401,6.54289484024,0,6.54289484024,6.54289484024,1
1254,148,0,0.0001,0.0001,0.75,0.5,6.41770601273,0,6.41770601273,6.41770601273,6.5405330658,0,6.5405330658,6.5405330658,1
1255,163,0,0.0001,0.001,0.75,0.5,6.412981987,0,6.412981987,6.412981987,6.53817081451,0,6.53817081451,6.53817081451,1
1256,178,0,0.0001,0.01,0.75,0.5,6.3657412529,0,6.3657412529,6.3657412529,6.4767575264,0,6.4767575264,6.4767575264,1
1257,134,0,0.0001,0,0.75,0.7,5.89569187164,0,5.89569187164,5.89569187164,6.06812143326,0,6.06812143326,6.06812143326,1
1258,149,0,0.0001,0.0001,0.75,0.7,5.89332962036,0,5.89332962036,5.89332962036,6.06575965881,0,6.06575965881,6.06575965881,1
1259,164,0,0.0001,0.001,0.75,0.7,5.87443351746,0,5.87443351746,5.87443351746,6.04450130463,0,6.04450130463,6.04450130463,1
1260,179,0,0.0001,0.01,0.75,0.7,5.73743391037,0,5.73743391037,5.73743391037,5.90986394882,0,5.90986394882,5.90986394882,1
