rank,candidate_id,x_steps,learning_rate,weight_decay,dropout,tao2,val_acc_mean,val_acc_std,val_acc_min,val_acc_max,test_acc_mean,test_acc_std,test_acc_min,test_acc_max,n
1,650,8,0.001,0.01,0.25,0.9,47.87449646,0,47.87449646,47.87449646,47.6403579712,0,47.6403579712,47.6403579712,1
2,587,8,0.01,0.01,0.25,0.3,47.6871833801,0,47.6871833801,47.6871833801,47.0211791992,0,47.0211791992,47.0211791992,1
3,470,4,0.001,0.01,0.25,0.9,47.6559638977,0,47.6559638977,47.6559638977,47.8588867188,0,47.8588867188,47.8588867188,1
4,586,8,0.01,0.01,0.25,0.1,47.5831222534,0,47.5831222534,47.5831222534,47.0263786316,0,47.0263786316,47.0263786316,1
5,408,4,0.01,0.01,0.25,0.5,47.479057312,0,47.479057312,47.479057312,46.656955719,0,46.656955719,46.656955719,1
6,410,4,0.01,0.01,0.25,0.9,47.3958053589,0,47.3958053589,47.3958053589,47.1044273376,0,47.1044273376,47.1044273376,1
7,406,4,0.01,0.01,0.25,0.1,47.3801956177,0,47.3801956177,47.3801956177,47.2188987732,0,47.2188987732,47.2188987732,1
8,407,4,0.01,0.01,0.25,0.3,47.3801956177,0,47.3801956177,47.3801956177,46.7714233398,0,46.7714233398,46.7714233398,1
9,610,8,0.001,0,0.5,0.9,47.1720695496,0,47.1720695496,47.1720695496,47.0784111023,0,47.0784111023,47.0784111023,1
10,589,8,0.01,0.01,0.25,0.7,47.0992240906,0,47.0992240906,47.0992240906,46.5997200012,0,46.5997200012,46.5997200012,1
11,625,8,0.001,0.0001,0.5,0.9,47.0992240906,0,47.0992240906,47.0992240906,47.1616630554,0,47.1616630554,47.1616630554,1
12,640,8,0.001,0.001,0.5,0.9,47.0523948669,0,47.0523948669,47.0523948669,47.0419883728,0,47.0419883728,47.0419883728,1
13,829,16,0.001,0.01,0.25,0.7,47.0419883728,0,47.0419883728,47.0419883728,47.1616630554,0,47.1616630554,47.1616630554,1
14,455,4,0.001,0.001,0.25,0.9,47.0367851257,0,47.0367851257,47.0367851257,47.2657279968,0,47.2657279968,47.2657279968,1
15,425,4,0.001,0,0.25,0.9,46.984752655,0,46.984752655,46.984752655,47.2865371704,0,47.2865371704,47.2865371704,1
16,590,8,0.01,0.01,0.25,0.9,46.9379234314,0,46.9379234314,46.9379234314,46.7245941162,0,46.7245941162,46.7245941162,1
17,655,8,0.001,0.01,0.5,0.9,46.9379234314,0,46.9379234314,46.9379234314,46.9535369873,0,46.9535369873,46.9535369873,1
18,545,8,0.01,0,0.25,0.9,46.8858909607,0,46.8858909607,46.8858909607,46.3655738831,0,46.3655738831,46.3655738831,1
19,460,4,0.001,0.001,0.5,0.9,46.8078460693,0,46.8078460693,46.8078460693,46.9223175049,0,46.9223175049,46.9223175049,1
20,409,4,0.01,0.01,0.25,0.7,46.7974395752,0,46.7974395752,46.7974395752,46.4800453186,0,46.4800453186,46.4800453186,1
21,770,16,0.01,0.01,0.25,0.9,46.781829834,0,46.781829834,46.781829834,46.9275169373,0,46.9275169373,46.9275169373,1
22,445,4,0.001,0.0001,0.5,0.9,46.7610168457,0,46.7610168457,46.7610168457,46.8338623047,0,46.8338623047,46.8338623047,1
23,588,8,0.01,0.01,0.25,0.5,46.7558135986,0,46.7558135986,46.7558135986,46.1470413208,0,46.1470413208,46.1470413208,1
24,430,4,0.001,0,0.5,0.9,46.7506103516,0,46.7506103516,46.7506103516,46.8702850342,0,46.8702850342,46.8702850342,1
25,575,8,0.01,0.001,0.25,0.9,46.7454071045,0,46.7454071045,46.7454071045,46.4592323303,0,46.4592323303,46.4592323303,1
26,560,8,0.01,0.0001,0.25,0.9,46.6881713867,0,46.6881713867,46.6881713867,46.4904518127,0,46.4904518127,46.4904518127,1
27,440,4,0.001,0.0001,0.25,0.9,46.6725616455,0,46.6725616455,46.6725616455,46.9483299255,0,46.9483299255,46.9483299255,1
28,415,4,0.01,0.01,0.5,0.9,46.6621589661,0,46.6621589661,46.6621589661,46.433216095,0,46.433216095,46.433216095,1
29,475,4,0.001,0.01,0.5,0.9,46.6049232483,0,46.6049232483,46.6049232483,46.4956550598,0,46.4956550598,46.4956550598,1
30,649,8,0.001,0.01,0.25,0.7,46.6049232483,0,46.6049232483,46.6049232483,46.9379234314,0,46.9379234314,46.9379234314,1
31,365,4,0.01,0,0.25,0.9,46.5476875305,0,46.5476875305,46.5476875305,46.0950088501,0,46.0950088501,46.0950088501,1
32,395,4,0.01,0.001,0.25,0.9,46.5424842834,0,46.5424842834,46.5424842834,46.1938705444,0,46.1938705444,46.1938705444,1
33,635,8,0.001,0.001,0.25,0.9,46.5268745422,0,46.5268745422,46.5268745422,46.7402038574,0,46.7402038574,46.7402038574,1
34,634,8,0.001,0.001,0.25,0.7,46.5164642334,0,46.5164642334,46.5164642334,46.8702850342,0,46.8702850342,46.8702850342,1
35,619,8,0.001,0.0001,0.25,0.7,46.4228096008,0,46.4228096008,46.4228096008,46.8130493164,0,46.8130493164,46.8130493164,1
36,380,4,0.01,0.0001,0.25,0.9,46.4176063538,0,46.4176063538,46.4176063538,46.1522445679,0,46.1522445679,46.1522445679,1
37,361,4,0.01,0,0.25,0.1,46.3343544006,0,46.3343544006,46.3343544006,45.6839599609,0,45.6839599609,45.6839599609,1
38,226,2,0.01,0.01,0.25,0.1,46.3239479065,0,46.3239479065,46.3239479065,45.9493179321,0,45.9493179321,45.9493179321,1
39,391,4,0.01,0.001,0.25,0.1,46.3187446594,0,46.3187446594,46.3187446594,45.9493179321,0,45.9493179321,45.9493179321,1
40,604,8,0.001,0,0.25,0.7,46.2771224976,0,46.2771224976,46.2771224976,46.58411026,0,46.58411026,46.58411026,1
41,639,8,0.001,0.001,0.5,0.7,46.2094802856,0,46.2094802856,46.2094802856,45.8556632996,0,45.8556632996,45.8556632996,1
42,290,2,0.001,0.01,0.25,0.9,46.1990737915,0,46.1990737915,46.1990737915,46.2875289917,0,46.2875289917,46.2875289917,1
43,828,16,0.001,0.01,0.25,0.5,46.1990737915,0,46.1990737915,46.1990737915,46.2667121887,0,46.2667121887,46.2667121887,1
44,392,4,0.01,0.001,0.25,0.3,46.1834640503,0,46.1834640503,46.1834640503,45.6735534668,0,45.6735534668,45.6735534668,1
45,725,16,0.01,0,0.25,0.9,46.1834640503,0,46.1834640503,46.1834640503,46.0013504028,0,46.0013504028,46.0013504028,1
46,228,2,0.01,0.01,0.25,0.5,46.1678543091,0,46.1678543091,46.1678543091,46.2511062622,0,46.2511062622,46.2511062622,1
47,605,8,0.001,0,0.25,0.9,46.1366348267,0,46.1366348267,46.1366348267,46.2875289917,0,46.2875289917,46.2875289917,1
48,275,2,0.001,0.001,0.25,0.9,46.1158218384,0,46.1158218384,46.1158218384,46.4280128479,0,46.4280128479,46.4280128479,1
49,620,8,0.001,0.0001,0.25,0.9,46.1054153442,0,46.1054153442,46.1054153442,46.360370636,0,46.360370636,46.360370636,1
50,814,16,0.001,0.001,0.25,0.7,46.1002120972,0,46.1002120972,46.1002120972,45.9805412292,0,45.9805412292,45.9805412292,1
51,740,16,0.01,0.0001,0.25,0.9,46.0950088501,0,46.0950088501,46.0950088501,45.9805412292,0,45.9805412292,45.9805412292,1
52,260,2,0.001,0.0001,0.25,0.9,46.084602356,0,46.084602356,46.084602356,46.2719154358,0,46.2719154358,46.2719154358,1
53,813,16,0.001,0.001,0.25,0.5,46.0481796265,0,46.0481796265,46.0481796265,46.1314315796,0,46.1314315796,46.1314315796,1
54,769,16,0.01,0.01,0.25,0.7,46.0325698853,0,46.0325698853,46.0325698853,45.6215209961,0,45.6215209961,45.6215209961,1
55,799,16,0.001,0.0001,0.25,0.7,46.0221633911,0,46.0221633911,46.0221633911,46.016960144,0,46.016960144,46.016960144,1
56,245,2,0.001,0,0.25,0.9,46.011756897,0,46.011756897,46.011756897,46.5424842834,0,46.5424842834,46.5424842834,1
57,394,4,0.01,0.001,0.25,0.7,46.011756897,0,46.011756897,46.011756897,45.1844520569,0,45.1844520569,45.1844520569,1
58,755,16,0.01,0.001,0.25,0.9,45.9753379822,0,45.9753379822,45.9753379822,45.7151756287,0,45.7151756287,45.7151756287,1
59,624,8,0.001,0.0001,0.5,0.7,45.9337120056,0,45.9337120056,45.9337120056,45.8556632996,0,45.8556632996,45.8556632996,1
60,227,2,0.01,0.01,0.25,0.3,45.9128990173,0,45.9128990173,45.9128990173,45.5694885254,0,45.5694885254,45.5694885254,1
61,798,16,0.001,0.0001,0.25,0.5,45.8920860291,0,45.8920860291,45.8920860291,45.8348503113,0,45.8348503113,45.8348503113,1
62,648,8,0.001,0.01,0.25,0.5,45.8764762878,0,45.8764762878,45.8764762878,45.5538787842,0,45.5538787842,45.5538787842,1
63,783,16,0.001,0,0.25,0.5,45.8712730408,0,45.8712730408,45.8712730408,46.1730575562,0,46.1730575562,46.1730575562,1
64,469,4,0.001,0.01,0.25,0.7,45.8660697937,0,45.8660697937,45.8660697937,45.9805412292,0,45.9805412292,45.9805412292,1
65,229,2,0.01,0.01,0.25,0.7,45.8608665466,0,45.8608665466,45.8608665466,45.8036308289,0,45.8036308289,45.8036308289,1
66,654,8,0.001,0.01,0.5,0.7,45.8504600525,0,45.8504600525,45.8504600525,46.0533828735,0,46.0533828735,46.0533828735,1
67,835,16,0.001,0.01,0.5,0.9,45.8504600525,0,45.8504600525,45.8504600525,46.1002120972,0,46.1002120972,46.1002120972,1
68,230,2,0.01,0.01,0.25,0.9,45.814037323,0,45.814037323,45.814037323,45.4758300781,0,45.4758300781,45.4758300781,1
69,993,32,0.001,0.001,0.25,0.5,45.7984275818,0,45.7984275818,45.7984275818,45.6839599609,0,45.6839599609,45.6839599609,1
70,603,8,0.001,0,0.25,0.5,45.7776145935,0,45.7776145935,45.7776145935,45.5278625488,0,45.5278625488,45.5278625488,1
71,424,4,0.001,0,0.25,0.7,45.741191864,0,45.741191864,45.741191864,45.6267242432,0,45.6267242432,45.6267242432,1
72,609,8,0.001,0,0.5,0.7,45.7255859375,0,45.7255859375,45.7255859375,46.037776947,0,46.037776947,46.037776947,1
73,784,16,0.001,0,0.25,0.7,45.7047691345,0,45.7047691345,45.7047691345,45.7880210876,0,45.7880210876,45.7880210876,1
74,235,2,0.01,0.01,0.5,0.9,45.6839599609,0,45.6839599609,45.6839599609,45.2937202454,0,45.2937202454,45.2937202454,1
75,250,2,0.001,0,0.5,0.9,45.6683502197,0,45.6683502197,45.6683502197,45.7307891846,0,45.7307891846,45.7307891846,1
76,280,2,0.001,0.001,0.5,0.9,45.6683502197,0,45.6683502197,45.6683502197,45.8764762878,0,45.8764762878,45.8764762878,1
77,439,4,0.001,0.0001,0.25,0.7,45.6579399109,0,45.6579399109,45.6579399109,45.4446105957,0,45.4446105957,45.4446105957,1
78,595,8,0.01,0.01,0.5,0.9,45.6527366638,0,45.6527366638,45.6527366638,45.2312812805,0,45.2312812805,45.2312812805,1
79,454,4,0.001,0.001,0.25,0.7,45.6007080078,0,45.6007080078,45.6007080078,45.7099723816,0,45.7099723816,45.7099723816,1
80,265,2,0.001,0.0001,0.5,0.9,45.5746917725,0,45.5746917725,45.5746917725,46.0950088501,0,46.0950088501,46.0950088501,1
81,819,16,0.001,0.001,0.5,0.7,45.5330657959,0,45.5330657959,45.5330657959,45.7568016052,0,45.7568016052,45.7568016052,1
82,295,2,0.001,0.01,0.5,0.9,45.5278625488,0,45.5278625488,45.5278625488,45.8036308289,0,45.8036308289,45.8036308289,1
83,474,4,0.001,0.01,0.5,0.7,45.5174560547,0,45.5174560547,45.5174560547,45.2104682922,0,45.2104682922,45.2104682922,1
84,580,8,0.01,0.001,0.5,0.9,45.5070495605,0,45.5070495605,45.5070495605,45.1584358215,0,45.1584358215,45.1584358215,1
85,768,16,0.01,0.01,0.25,0.5,45.4966430664,0,45.4966430664,45.4966430664,45.2572975159,0,45.2572975159,45.2572975159,1
86,834,16,0.001,0.01,0.5,0.7,45.4966430664,0,45.4966430664,45.4966430664,45.4342041016,0,45.4342041016,45.4342041016,1
87,393,4,0.01,0.001,0.25,0.5,45.4914398193,0,45.4914398193,45.4914398193,44.9971389771,0,44.9971389771,44.9971389771,1
88,429,4,0.001,0,0.5,0.7,45.4758300781,0,45.4758300781,45.4758300781,45.4290046692,0,45.4290046692,45.4290046692,1
89,459,4,0.001,0.001,0.5,0.7,45.4758300781,0,45.4758300781,45.4758300781,45.5226593018,0,45.5226593018,45.5226593018,1
90,618,8,0.001,0.0001,0.25,0.5,45.4446105957,0,45.4446105957,45.4446105957,45.4550170898,0,45.4550170898,45.4550170898,1
91,789,16,0.001,0,0.5,0.7,45.4342041016,0,45.4342041016,45.4342041016,45.5746917725,0,45.5746917725,45.5746917725,1
92,565,8,0.01,0.0001,0.5,0.9,45.4081878662,0,45.4081878662,45.4081878662,45.0907936096,0,45.0907936096,45.0907936096,1
93,444,4,0.001,0.0001,0.5,0.7,45.4029846191,0,45.4029846191,45.4029846191,45.1168136597,0,45.1168136597,45.1168136597,1
94,550,8,0.01,0,0.5,0.9,45.3665657043,0,45.3665657043,45.3665657043,44.846244812,0,44.846244812,44.846244812,1
95,1008,32,0.001,0.01,0.25,0.5,45.3613624573,0,45.3613624573,45.3613624573,45.6683502197,0,45.6683502197,45.6683502197,1
96,949,32,0.01,0.01,0.25,0.7,45.3561592102,0,45.3561592102,45.3561592102,44.9763221741,0,44.9763221741,44.9763221741,1
97,820,16,0.001,0.001,0.5,0.9,45.3353424072,0,45.3353424072,45.3353424072,45.5798950195,0,45.5798950195,45.5798950195,1
98,804,16,0.001,0.0001,0.5,0.7,45.3249397278,0,45.3249397278,45.3249397278,45.5538787842,0,45.5538787842,45.5538787842,1
99,805,16,0.001,0.0001,0.5,0.9,45.2937202454,0,45.2937202454,45.2937202454,45.5018463135,0,45.5018463135,45.5018463135,1
100,830,16,0.001,0.01,0.25,0.9,45.26770401,0,45.26770401,45.26770401,45.5798950195,0,45.5798950195,45.5798950195,1
101,379,4,0.01,0.0001,0.25,0.7,45.2416877747,0,45.2416877747,45.2416877747,44.4976348877,0,44.4976348877,44.4976348877,1
102,633,8,0.001,0.001,0.25,0.5,45.2364845276,0,45.2364845276,45.2364845276,45.1324195862,0,45.1324195862,45.1324195862,1
103,185,2,0.01,0,0.25,0.9,45.2260780334,0,45.2260780334,45.2260780334,44.9503097534,0,44.9503097534,44.9503097534,1
104,775,16,0.01,0.01,0.5,0.9,45.2052650452,0,45.2052650452,45.2052650452,45.3145332336,0,45.3145332336,45.3145332336,1
105,200,2,0.01,0.0001,0.25,0.9,45.2000617981,0,45.2000617981,45.2000617981,45.1012001038,0,45.1012001038,45.1012001038,1
106,215,2,0.01,0.001,0.25,0.9,45.1740455627,0,45.1740455627,45.1740455627,45.0803871155,0,45.0803871155,45.0803871155,1
107,414,4,0.01,0.01,0.5,0.7,45.1740455627,0,45.1740455627,45.1740455627,44.4716148376,0,44.4716148376,44.4716148376,1
108,594,8,0.01,0.01,0.5,0.7,45.1584358215,0,45.1584358215,45.1584358215,44.648525238,0,44.648525238,44.648525238,1
109,364,4,0.01,0,0.25,0.7,45.1532325745,0,45.1532325745,45.1532325745,44.3571434021,0,44.3571434021,44.3571434021,1
110,370,4,0.01,0,0.5,0.9,45.1480293274,0,45.1480293274,45.1480293274,44.6693344116,0,44.6693344116,44.6693344116,1
111,788,16,0.001,0,0.5,0.5,45.0751838684,0,45.0751838684,45.0751838684,44.7994155884,0,44.7994155884,44.7994155884,1
112,827,16,0.001,0.01,0.25,0.3,45.0699806213,0,45.0699806213,45.0699806213,44.8202285767,0,44.8202285767,44.8202285767,1
113,544,8,0.01,0,0.25,0.7,45.043964386,0,45.043964386,45.043964386,44.4820213318,0,44.4820213318,44.4820213318,1
114,608,8,0.001,0,0.5,0.5,45.043964386,0,45.043964386,45.043964386,44.8306350708,0,44.8306350708,44.8306350708,1
115,833,16,0.001,0.01,0.5,0.5,44.9971389771,0,44.9971389771,44.9971389771,44.7265701294,0,44.7265701294,44.7265701294,1
116,790,16,0.001,0,0.5,0.9,44.9607162476,0,44.9607162476,44.9607162476,45.1584358215,0,45.1584358215,45.1584358215,1
117,638,8,0.001,0.001,0.5,0.5,44.9294967651,0,44.9294967651,44.9294967651,44.971118927,0,44.971118927,44.971118927,1
118,812,16,0.001,0.001,0.25,0.3,44.9294967651,0,44.9294967651,44.9294967651,44.5184440613,0,44.5184440613,44.5184440613,1
119,815,16,0.001,0.001,0.25,0.9,44.9086837769,0,44.9086837769,44.9086837769,45.1272163391,0,45.1272163391,45.1272163391,1
120,559,8,0.01,0.0001,0.25,0.7,44.8982772827,0,44.8982772827,44.8982772827,44.5288505554,0,44.5288505554,44.5288505554,1
121,785,16,0.001,0,0.25,0.9,44.8878707886,0,44.8878707886,44.8878707886,45.0907936096,0,45.0907936096,45.0907936096,1
122,818,16,0.001,0.001,0.5,0.5,44.8826675415,0,44.8826675415,44.8826675415,44.8202285767,0,44.8202285767,44.8202285767,1
123,803,16,0.001,0.0001,0.5,0.5,44.8774642944,0,44.8774642944,44.8774642944,44.9659194946,0,44.9659194946,44.9659194946,1
124,800,16,0.001,0.0001,0.25,0.9,44.8722610474,0,44.8722610474,44.8722610474,45.0959968567,0,45.0959968567,45.0959968567,1
125,653,8,0.001,0.01,0.5,0.5,44.8410415649,0,44.8410415649,44.8410415649,44.7890090942,0,44.7890090942,44.7890090942,1
126,782,16,0.001,0,0.25,0.3,44.8254318237,0,44.8254318237,44.8254318237,44.5236473083,0,44.5236473083,44.5236473083,1
127,558,8,0.01,0.0001,0.25,0.5,44.8150253296,0,44.8150253296,44.8150253296,43.9200782776,0,43.9200782776,43.9200782776,1
128,623,8,0.001,0.0001,0.5,0.5,44.8150253296,0,44.8150253296,44.8150253296,44.648525238,0,44.648525238,44.648525238,1
129,400,4,0.01,0.001,0.5,0.9,44.7838058472,0,44.7838058472,44.7838058472,44.3311309814,0,44.3311309814,44.3311309814,1
130,378,4,0.01,0.0001,0.25,0.5,44.7629928589,0,44.7629928589,44.7629928589,44.0813789368,0,44.0813789368,44.0813789368,1
131,543,8,0.01,0,0.25,0.5,44.7213668823,0,44.7213668823,44.7213668823,43.9148750305,0,43.9148750305,43.9148750305,1
132,797,16,0.001,0.0001,0.25,0.3,44.7213668823,0,44.7213668823,44.7213668823,44.4976348877,0,44.4976348877,44.4976348877,1
133,572,8,0.01,0.001,0.25,0.3,44.6797447205,0,44.6797447205,44.6797447205,44.1594238281,0,44.1594238281,44.1594238281,1
134,363,4,0.01,0,0.25,0.5,44.6589279175,0,44.6589279175,44.6589279175,44.1854400635,0,44.1854400635,44.1854400635,1
135,214,2,0.01,0.001,0.25,0.7,44.6121025085,0,44.6121025085,44.6121025085,44.0605621338,0,44.0605621338,44.0605621338,1
136,645,8,0.001,0.001,0.75,0.9,44.6016960144,0,44.6016960144,44.6016960144,44.6068954468,0,44.6068954468,44.6068954468,1
137,977,32,0.001,0.0001,0.25,0.3,44.5964927673,0,44.5964927673,44.5964927673,44.773399353,0,44.773399353,44.773399353,1
138,948,32,0.01,0.01,0.25,0.5,44.5652732849,0,44.5652732849,44.5652732849,44.424785614,0,44.424785614,44.424785614,1
139,420,4,0.01,0.01,0.75,0.9,44.5548667908,0,44.5548667908,44.5548667908,44.0605621338,0,44.0605621338,44.0605621338,1
140,978,32,0.001,0.0001,0.25,0.5,44.5236473083,0,44.5236473083,44.5236473083,44.8254318237,0,44.8254318237,44.8254318237,1
141,963,32,0.001,0,0.25,0.5,44.5080375671,0,44.5080375671,44.5080375671,44.6589279175,0,44.6589279175,44.6589279175,1
142,962,32,0.001,0,0.25,0.3,44.4872245789,0,44.4872245789,44.4872245789,44.8098258972,0,44.8098258972,44.8098258972,1
143,1007,32,0.001,0.01,0.25,0.3,44.4716148376,0,44.4716148376,44.4716148376,44.7161636353,0,44.7161636353,44.7161636353,1
144,615,8,0.001,0,0.75,0.9,44.4039726257,0,44.4039726257,44.4039726257,44.5756797791,0,44.5756797791,44.5756797791,1
145,950,32,0.01,0.01,0.25,0.9,44.4039726257,0,44.4039726257,44.4039726257,43.9981269836,0,43.9981269836,43.9981269836,1
146,992,32,0.001,0.001,0.25,0.3,44.3987731934,0,44.3987731934,44.3987731934,44.6225090027,0,44.6225090027,44.6225090027,1
147,465,4,0.001,0.001,0.75,0.9,44.3935699463,0,44.3935699463,44.3935699463,44.4612083435,0,44.4612083435,44.4612083435,1
148,412,4,0.01,0.01,0.5,0.3,44.3883666992,0,44.3883666992,44.3883666992,44.1958465576,0,44.1958465576,44.1958465576,1
149,630,8,0.001,0.0001,0.75,0.9,44.3883666992,0,44.3883666992,44.3883666992,44.5236473083,0,44.5236473083,44.5236473083,1
150,998,32,0.001,0.001,0.5,0.5,44.3883666992,0,44.3883666992,44.3883666992,44.7005577087,0,44.7005577087,44.7005577087,1
151,450,4,0.001,0.0001,0.75,0.9,44.3831634521,0,44.3831634521,44.3831634521,44.4768180847,0,44.4768180847,44.4768180847,1
152,745,16,0.01,0.0001,0.5,0.9,44.3675537109,0,44.3675537109,44.3675537109,43.9200782776,0,43.9200782776,43.9200782776,1
153,468,4,0.001,0.01,0.25,0.5,44.3571434021,0,44.3571434021,44.3571434021,44.5080375671,0,44.5080375671,44.5080375671,1
154,647,8,0.001,0.01,0.25,0.3,44.3571434021,0,44.3571434021,44.3571434021,44.3051147461,0,44.3051147461,44.3051147461,1
155,1014,32,0.001,0.01,0.5,0.7,44.3467407227,0,44.3467407227,44.3467407227,44.7317733765,0,44.7317733765,44.7317733765,1
156,435,4,0.001,0,0.75,0.9,44.3363342285,0,44.3363342285,44.3363342285,44.5548667908,0,44.5548667908,44.5548667908,1
157,760,16,0.01,0.001,0.5,0.9,44.3363342285,0,44.3363342285,44.3363342285,44.0189399719,0,44.0189399719,44.0189399719,1
158,211,2,0.01,0.001,0.25,0.1,44.3311309814,0,44.3311309814,44.3311309814,44.1438140869,0,44.1438140869,44.1438140869,1
159,289,2,0.001,0.01,0.25,0.7,44.3311309814,0,44.3311309814,44.3311309814,44.2790985107,0,44.2790985107,44.2790985107,1
160,438,4,0.001,0.0001,0.25,0.5,44.3103179932,0,44.3103179932,44.3103179932,44.0293464661,0,44.0293464661,44.0293464661,1
161,730,16,0.01,0,0.5,0.9,44.3051147461,0,44.3051147461,44.3051147461,44.0449523926,0,44.0449523926,44.0449523926,1
162,423,4,0.001,0,0.25,0.5,44.2999076843,0,44.2999076843,44.2999076843,44.22706604,0,44.22706604,44.22706604,1
163,199,2,0.01,0.0001,0.25,0.7,44.294708252,0,44.294708252,44.294708252,43.826423645,0,43.826423645,43.826423645,1
164,233,2,0.01,0.01,0.5,0.5,44.2843017578,0,44.2843017578,44.2843017578,44.024143219,0,44.024143219,44.024143219,1
165,205,2,0.01,0.0001,0.5,0.9,44.2634887695,0,44.2634887695,44.2634887695,43.9096717834,0,43.9096717834,43.9096717834,1
166,184,2,0.01,0,0.25,0.7,44.2582855225,0,44.2582855225,44.2582855225,43.9721107483,0,43.9721107483,43.9721107483,1
167,443,4,0.001,0.0001,0.5,0.5,44.2582855225,0,44.2582855225,44.2582855225,43.7587814331,0,43.7587814331,43.7587814331,1
168,969,32,0.001,0,0.5,0.7,44.2478790283,0,44.2478790283,44.2478790283,44.4143791199,0,44.4143791199,44.4143791199,1
169,385,4,0.01,0.0001,0.5,0.9,44.2322692871,0,44.2322692871,44.2322692871,43.8524360657,0,43.8524360657,43.8524360657,1
170,413,4,0.01,0.01,0.5,0.5,44.2322692871,0,44.2322692871,44.2322692871,43.7795944214,0,43.7795944214,43.7795944214,1
171,832,16,0.001,0.01,0.5,0.3,44.2322692871,0,44.2322692871,44.2322692871,44.1021881104,0,44.1021881104,44.1021881104,1
172,453,4,0.001,0.001,0.25,0.5,44.22706604,0,44.22706604,44.22706604,44.3103179932,0,44.3103179932,44.3103179932,1
173,574,8,0.01,0.001,0.25,0.7,44.22706604,0,44.22706604,44.22706604,43.4622001648,0,43.4622001648,43.4622001648,1
174,1015,32,0.001,0.01,0.5,0.9,44.221862793,0,44.221862793,44.221862793,44.3051147461,0,44.3051147461,44.3051147461,1
175,428,4,0.001,0,0.5,0.5,44.2166595459,0,44.2166595459,44.2166595459,44.0293464661,0,44.0293464661,44.0293464661,1
176,480,4,0.001,0.01,0.75,0.9,44.2166595459,0,44.2166595459,44.2166595459,44.3051147461,0,44.3051147461,44.3051147461,1
177,473,4,0.001,0.01,0.5,0.5,44.2062530518,0,44.2062530518,44.2062530518,43.6495132446,0,43.6495132446,43.6495132446,1
178,244,2,0.001,0,0.25,0.7,44.1802368164,0,44.1802368164,44.1802368164,44.1438140869,0,44.1438140869,44.1438140869,1
179,249,2,0.001,0,0.5,0.7,44.1646270752,0,44.1646270752,44.1646270752,43.9825172424,0,43.9825172424,43.9825172424,1
180,1013,32,0.001,0.01,0.5,0.5,44.1542205811,0,44.1542205811,44.1542205811,44.4664115906,0,44.4664115906,44.4664115906,1
181,259,2,0.001,0.0001,0.25,0.7,44.1386146545,0,44.1386146545,44.1386146545,44.0449523926,0,44.0449523926,44.0449523926,1
182,274,2,0.001,0.001,0.25,0.7,44.1282081604,0,44.1282081604,44.1282081604,43.9981269836,0,43.9981269836,43.9981269836,1
183,362,4,0.01,0,0.25,0.3,44.1282081604,0,44.1282081604,44.1282081604,44.0189399719,0,44.0189399719,44.0189399719,1
184,964,32,0.001,0,0.25,0.7,44.1177978516,0,44.1177978516,44.1177978516,44.1334114075,0,44.1334114075,44.1334114075,1
185,220,2,0.01,0.001,0.5,0.9,44.1125946045,0,44.1125946045,44.1125946045,43.9200782776,0,43.9200782776,43.9200782776,1
186,660,8,0.001,0.01,0.75,0.9,44.1125946045,0,44.1125946045,44.1125946045,44.2895050049,0,44.2895050049,44.2895050049,1
187,968,32,0.001,0,0.5,0.5,44.1073913574,0,44.1073913574,44.1073913574,44.294708252,0,44.294708252,44.294708252,1
188,573,8,0.01,0.001,0.25,0.5,44.0969848633,0,44.0969848633,44.0969848633,43.3373222351,0,43.3373222351,43.3373222351,1
189,602,8,0.001,0,0.25,0.3,44.0969848633,0,44.0969848633,44.0969848633,44.0501556396,0,44.0501556396,44.0501556396,1
190,264,2,0.001,0.0001,0.5,0.7,44.0813789368,0,44.0813789368,44.0813789368,44.1854400635,0,44.1854400635,44.1854400635,1
191,294,2,0.001,0.01,0.5,0.7,44.0709724426,0,44.0709724426,44.0709724426,44.2738952637,0,44.2738952637,44.2738952637,1
192,617,8,0.001,0.0001,0.25,0.3,44.0657691956,0,44.0657691956,44.0657691956,43.8316268921,0,43.8316268921,43.8316268921,1
193,787,16,0.001,0,0.5,0.3,44.0345497131,0,44.0345497131,44.0345497131,43.7952003479,0,43.7952003479,43.7952003479,1
194,458,4,0.001,0.001,0.5,0.5,44.024143219,0,44.024143219,44.024143219,43.8680458069,0,43.8680458069,43.8680458069,1
195,571,8,0.01,0.001,0.25,0.1,44.0033302307,0,44.0033302307,44.0033302307,43.3841514587,0,43.3841514587,43.3841514587,1
196,817,16,0.001,0.001,0.5,0.3,43.9981269836,0,43.9981269836,43.9981269836,43.9773139954,0,43.9773139954,43.9773139954,1
197,279,2,0.001,0.001,0.5,0.7,43.9825172424,0,43.9825172424,43.9825172424,44.1386146545,0,44.1386146545,44.1386146545,1
198,218,2,0.01,0.001,0.5,0.5,43.9773139954,0,43.9773139954,43.9773139954,43.1656150818,0,43.1656150818,43.1656150818,1
199,632,8,0.001,0.001,0.25,0.3,43.9773139954,0,43.9773139954,43.9773139954,43.9825172424,0,43.9825172424,43.9825172424,1
200,1009,32,0.001,0.01,0.25,0.7,43.9304847717,0,43.9304847717,43.9304847717,44.2426757812,0,44.2426757812,44.2426757812,1
201,234,2,0.01,0.01,0.5,0.7,43.9148750305,0,43.9148750305,43.9148750305,43.3737411499,0,43.3737411499,43.3737411499,1
202,983,32,0.001,0.0001,0.5,0.5,43.9148750305,0,43.9148750305,43.9148750305,44.0761756897,0,44.0761756897,44.0761756897,1
203,1006,32,0.001,0.01,0.25,0.1,43.9096717834,0,43.9096717834,43.9096717834,43.8524360657,0,43.8524360657,43.8524360657,1
204,979,32,0.001,0.0001,0.25,0.7,43.8940620422,0,43.8940620422,43.8940620422,44.2010498047,0,44.2010498047,44.2010498047,1
205,781,16,0.001,0,0.25,0.1,43.873249054,0,43.873249054,43.873249054,43.5922775269,0,43.5922775269,43.5922775269,1
206,825,16,0.001,0.001,0.75,0.9,43.873249054,0,43.873249054,43.873249054,43.6078872681,0,43.6078872681,43.6078872681,1
207,810,16,0.001,0.0001,0.75,0.9,43.826423645,0,43.826423645,43.826423645,43.8368263245,0,43.8368263245,43.8368263245,1
208,600,8,0.01,0.01,0.75,0.9,43.8212203979,0,43.8212203979,43.8212203979,43.8420295715,0,43.8420295715,43.8420295715,1
209,240,2,0.01,0.01,0.75,0.9,43.8160133362,0,43.8160133362,43.8160133362,43.5558547974,0,43.5558547974,43.5558547974,1
210,377,4,0.01,0.0001,0.25,0.3,43.8160133362,0,43.8160133362,43.8160133362,43.6339035034,0,43.6339035034,43.6339035034,1
211,991,32,0.001,0.001,0.25,0.1,43.8160133362,0,43.8160133362,43.8160133362,43.6807289124,0,43.6807289124,43.6807289124,1
212,190,2,0.01,0,0.5,0.9,43.805606842,0,43.805606842,43.805606842,43.826423645,0,43.826423645,43.826423645,1
213,397,4,0.01,0.001,0.5,0.3,43.800403595,0,43.800403595,43.800403595,43.3737411499,0,43.3737411499,43.3737411499,1
214,976,32,0.001,0.0001,0.25,0.1,43.800403595,0,43.800403595,43.800403595,43.6130905151,0,43.6130905151,43.6130905151,1
215,802,16,0.001,0.0001,0.5,0.3,43.7899971008,0,43.7899971008,43.7899971008,43.8108100891,0,43.8108100891,43.8108100891,1
216,556,8,0.01,0.0001,0.25,0.1,43.753578186,0,43.753578186,43.753578186,43.3685417175,0,43.3685417175,43.3685417175,1
217,811,16,0.001,0.001,0.25,0.1,43.753578186,0,43.753578186,43.753578186,43.1656150818,0,43.1656150818,43.1656150818,1
218,961,32,0.001,0,0.25,0.1,43.7483711243,0,43.7483711243,43.7483711243,43.8160133362,0,43.8160133362,43.8160133362,1
219,826,16,0.001,0.01,0.25,0.1,43.7431678772,0,43.7431678772,43.7431678772,43.5454483032,0,43.5454483032,43.5454483032,1
220,955,32,0.01,0.01,0.5,0.9,43.7431678772,0,43.7431678772,43.7431678772,43.1968345642,0,43.1968345642,43.1968345642,1
221,934,32,0.01,0.001,0.25,0.7,43.7379646301,0,43.7379646301,43.7379646301,43.3477287292,0,43.3477287292,43.3477287292,1
222,411,4,0.01,0.01,0.5,0.1,43.7171554565,0,43.7171554565,43.7171554565,43.4726066589,0,43.4726066589,43.4726066589,1
223,542,8,0.01,0,0.25,0.3,43.7067489624,0,43.7067489624,43.7067489624,43.378944397,0,43.378944397,43.378944397,1
224,796,16,0.001,0.0001,0.25,0.1,43.7015457153,0,43.7015457153,43.7015457153,43.4517936707,0,43.4517936707,43.4517936707,1
225,652,8,0.001,0.01,0.5,0.3,43.67552948,0,43.67552948,43.67552948,43.181224823,0,43.181224823,43.181224823,1
226,994,32,0.001,0.001,0.25,0.7,43.6703262329,0,43.6703262329,43.6703262329,43.9408912659,0,43.9408912659,43.9408912659,1
227,795,16,0.001,0,0.75,0.9,43.6547164917,0,43.6547164917,43.6547164917,43.6651229858,0,43.6651229858,43.6651229858,1
228,774,16,0.01,0.01,0.5,0.7,43.6495132446,0,43.6495132446,43.6495132446,43.1916313171,0,43.1916313171,43.1916313171,1
229,592,8,0.01,0.01,0.5,0.3,43.6339035034,0,43.6339035034,43.6339035034,43.1187858582,0,43.1187858582,43.1187858582,1
230,967,32,0.001,0,0.5,0.3,43.6339035034,0,43.6339035034,43.6339035034,43.7952003479,0,43.7952003479,43.7952003479,1
231,585,8,0.01,0.001,0.75,0.9,43.6130905151,0,43.6130905151,43.6130905151,43.602684021,0,43.602684021,43.602684021,1
232,591,8,0.01,0.01,0.5,0.1,43.6130905151,0,43.6130905151,43.6130905151,43.1083831787,0,43.1083831787,43.1083831787,1
233,614,8,0.001,0,0.75,0.7,43.6078872681,0,43.6078872681,43.6078872681,43.5610580444,0,43.5610580444,43.5610580444,1
234,219,2,0.01,0.001,0.5,0.7,43.602684021,0,43.602684021,43.602684021,42.9054603577,0,42.9054603577,42.9054603577,1
235,724,16,0.01,0,0.25,0.7,43.602684021,0,43.602684021,43.602684021,43.3633384705,0,43.3633384705,43.3633384705,1
236,1012,32,0.001,0.01,0.5,0.3,43.602684021,0,43.602684021,43.602684021,43.4309768677,0,43.4309768677,43.4309768677,1
237,578,8,0.01,0.001,0.5,0.5,43.5714645386,0,43.5714645386,43.5714645386,42.6661109924,0,42.6661109924,42.6661109924,1
238,1187,64,0.001,0.01,0.25,0.3,43.5714645386,0,43.5714645386,43.5714645386,43.529838562,0,43.529838562,43.529838562,1
239,982,32,0.001,0.0001,0.5,0.3,43.5662612915,0,43.5662612915,43.5662612915,44.0293464661,0,44.0293464661,44.0293464661,1
240,622,8,0.001,0.0001,0.5,0.3,43.529838562,0,43.529838562,43.529838562,43.1708183289,0,43.1708183289,43.1708183289,1
241,629,8,0.001,0.0001,0.75,0.7,43.529838562,0,43.529838562,43.529838562,43.378944397,0,43.378944397,43.378944397,1
242,232,2,0.01,0.01,0.5,0.3,43.5142326355,0,43.5142326355,43.5142326355,43.0875701904,0,43.0875701904,43.0875701904,1
243,557,8,0.01,0.0001,0.25,0.3,43.5090255737,0,43.5090255737,43.5090255737,43.1708183289,0,43.1708183289,43.1708183289,1
244,984,32,0.001,0.0001,0.5,0.7,43.5090255737,0,43.5090255737,43.5090255737,43.3893547058,0,43.3893547058,43.3893547058,1
245,644,8,0.001,0.001,0.75,0.7,43.5038223267,0,43.5038223267,43.5038223267,43.2748832703,0,43.2748832703,43.2748832703,1
246,541,8,0.01,0,0.25,0.1,43.4778060913,0,43.4778060913,43.4778060913,43.4309768677,0,43.4309768677,43.4309768677,1
247,399,4,0.01,0.001,0.5,0.7,43.4726066589,0,43.4726066589,43.4726066589,43.1968345642,0,43.1968345642,43.1968345642,1
248,198,2,0.01,0.0001,0.25,0.5,43.4674034119,0,43.4674034119,43.4674034119,43.2904930115,0,43.2904930115,43.2904930115,1
249,285,2,0.001,0.001,0.75,0.9,43.4674034119,0,43.4674034119,43.4674034119,43.1916313171,0,43.1916313171,43.1916313171,1
250,607,8,0.001,0,0.5,0.3,43.4205741882,0,43.4205741882,43.4205741882,43.3893547058,0,43.3893547058,43.3893547058,1
251,999,32,0.001,0.001,0.5,0.7,43.4153709412,0,43.4153709412,43.4153709412,43.4361801147,0,43.4361801147,43.4361801147,1
252,637,8,0.001,0.001,0.5,0.3,43.3945579529,0,43.3945579529,43.3945579529,43.2436637878,0,43.2436637878,43.2436637878,1
253,659,8,0.001,0.01,0.75,0.7,43.3945579529,0,43.3945579529,43.3945579529,43.2800865173,0,43.2800865173,43.2800865173,1
254,396,4,0.01,0.001,0.5,0.1,43.3893547058,0,43.3893547058,43.3893547058,43.4361801147,0,43.4361801147,43.4361801147,1
255,369,4,0.01,0,0.5,0.7,43.3841514587,0,43.3841514587,43.3841514587,42.9418792725,0,42.9418792725,42.9418792725,1
256,270,2,0.001,0.0001,0.75,0.9,43.378944397,0,43.378944397,43.378944397,43.1760215759,0,43.1760215759,43.1760215759,1
257,997,32,0.001,0.001,0.5,0.3,43.3633384705,0,43.3633384705,43.3633384705,43.8524360657,0,43.8524360657,43.8524360657,1
258,1171,64,0.001,0.001,0.25,0.1,43.3633384705,0,43.3633384705,43.3633384705,43.254070282,0,43.254070282,43.254070282,1
259,255,2,0.001,0,0.75,0.9,43.3373222351,0,43.3373222351,43.3373222351,43.207244873,0,43.207244873,43.207244873,1
260,555,8,0.01,0,0.75,0.9,43.332118988,0,43.332118988,43.332118988,43.1239891052,0,43.1239891052,43.1239891052,1
261,840,16,0.001,0.01,0.75,0.9,43.326915741,0,43.326915741,43.326915741,43.2800865173,0,43.2800865173,43.2800865173,1
262,368,4,0.01,0,0.5,0.5,43.3217124939,0,43.3217124939,43.3217124939,42.9262695312,0,42.9262695312,42.9262695312,1
263,1172,64,0.001,0.001,0.25,0.3,43.2904930115,0,43.2904930115,43.2904930115,43.326915741,0,43.326915741,43.326915741,1
264,549,8,0.01,0,0.5,0.7,43.2800865173,0,43.2800865173,43.2800865173,42.978302002,0,42.978302002,42.978302002,1
265,213,2,0.01,0.001,0.25,0.5,43.2488670349,0,43.2488670349,43.2488670349,43.1239891052,0,43.1239891052,43.1239891052,1
266,231,2,0.01,0.01,0.5,0.1,43.2436637878,0,43.2436637878,43.2436637878,42.9210662842,0,42.9210662842,42.9210662842,1
267,564,8,0.01,0.0001,0.5,0.7,43.2436637878,0,43.2436637878,43.2436637878,42.6661109924,0,42.6661109924,42.6661109924,1
268,183,2,0.01,0,0.25,0.5,43.2384605408,0,43.2384605408,43.2384605408,42.8898468018,0,42.8898468018,42.8898468018,1
269,546,8,0.01,0,0.5,0.1,43.2332572937,0,43.2332572937,43.2332572937,42.6973304749,0,42.6973304749,42.6973304749,1
270,449,4,0.001,0.0001,0.75,0.7,43.2280540466,0,43.2280540466,43.2280540466,43.1552124023,0,43.1552124023,43.1552124023,1
271,1186,64,0.001,0.01,0.25,0.1,43.2280540466,0,43.2280540466,43.2280540466,43.5350418091,0,43.5350418091,43.5350418091,1
272,189,2,0.01,0,0.5,0.7,43.1968345642,0,43.1968345642,43.1968345642,42.5360336304,0,42.5360336304,42.5360336304,1
273,300,2,0.001,0.01,0.75,0.9,43.1916313171,0,43.1916313171,43.1916313171,43.0771636963,0,43.0771636963,43.0771636963,1
274,593,8,0.01,0.01,0.5,0.5,43.1760215759,0,43.1760215759,43.1760215759,42.7753791809,0,42.7753791809,42.7753791809,1
275,442,4,0.001,0.0001,0.5,0.3,43.1708183289,0,43.1708183289,43.1708183289,42.7441596985,0,42.7441596985,42.7441596985,1
276,457,4,0.001,0.001,0.5,0.3,43.1708183289,0,43.1708183289,43.1708183289,42.63489151,0,42.63489151,42.63489151,1
277,809,16,0.001,0.0001,0.75,0.7,43.1656150818,0,43.1656150818,43.1656150818,43.2592735291,0,43.2592735291,43.2592735291,1
278,570,8,0.01,0.0001,0.75,0.9,43.1552124023,0,43.1552124023,43.1552124023,43.1708183289,0,43.1708183289,43.1708183289,1
279,824,16,0.001,0.001,0.75,0.7,43.1552124023,0,43.1552124023,43.1552124023,43.1864280701,0,43.1864280701,43.1864280701,1
280,196,2,0.01,0.0001,0.25,0.1,43.1448059082,0,43.1448059082,43.1448059082,42.6244850159,0,42.6244850159,42.6244850159,1
281,1141,64,0.001,0,0.25,0.1,43.1448059082,0,43.1448059082,43.1448059082,43.2020378113,0,43.2020378113,43.2020378113,1
282,384,4,0.01,0.0001,0.5,0.7,43.1396026611,0,43.1396026611,43.1396026611,42.8274078369,0,42.8274078369,42.8274078369,1
283,479,4,0.001,0.01,0.75,0.7,43.1396026611,0,43.1396026611,43.1396026611,43.1187858582,0,43.1187858582,43.1187858582,1
284,382,4,0.01,0.0001,0.5,0.3,43.1343955994,0,43.1343955994,43.1343955994,42.853427887,0,42.853427887,42.853427887,1
285,646,8,0.001,0.01,0.25,0.1,43.1343955994,0,43.1343955994,43.1343955994,42.8794403076,0,42.8794403076,42.8794403076,1
286,1157,64,0.001,0.0001,0.25,0.3,43.1239891052,0,43.1239891052,43.1239891052,42.9522857666,0,42.9522857666,42.9522857666,1
287,579,8,0.01,0.001,0.5,0.7,43.1187858582,0,43.1187858582,43.1187858582,42.4996070862,0,42.4996070862,42.4996070862,1
288,467,4,0.001,0.01,0.25,0.3,43.1031799316,0,43.1031799316,43.1031799316,42.91065979,0,42.91065979,42.91065979,1
289,1142,64,0.001,0,0.25,0.3,43.0979766846,0,43.0979766846,43.0979766846,42.8794403076,0,42.8794403076,42.8794403076,1
290,794,16,0.001,0,0.75,0.7,43.0667533875,0,43.0667533875,43.0667533875,43.2800865173,0,43.2800865173,43.2800865173,1
291,919,32,0.01,0.0001,0.25,0.7,43.0667533875,0,43.0667533875,43.0667533875,42.9887084961,0,42.9887084961,42.9887084961,1
292,631,8,0.001,0.001,0.25,0.1,43.056350708,0,43.056350708,43.056350708,42.6973304749,0,42.6973304749,42.6973304749,1
293,293,2,0.001,0.01,0.5,0.5,43.0459442139,0,43.0459442139,43.0459442139,42.6973304749,0,42.6973304749,42.6973304749,1
294,188,2,0.01,0,0.5,0.5,43.0407409668,0,43.0407409668,43.0407409668,42.7389564514,0,42.7389564514,42.7389564514,1
295,754,16,0.01,0.001,0.25,0.7,43.0355377197,0,43.0355377197,43.0355377197,43.0719566345,0,43.0719566345,43.0719566345,1
296,464,4,0.001,0.001,0.75,0.7,43.0303344727,0,43.0303344727,43.0303344727,43.0667533875,0,43.0667533875,43.0667533875,1
297,434,4,0.001,0,0.75,0.7,43.0199279785,0,43.0199279785,43.0199279785,42.8065948486,0,42.8065948486,42.8065948486,1
298,739,16,0.01,0.0001,0.25,0.7,43.0147247314,0,43.0147247314,43.0147247314,42.8430213928,0,42.8430213928,42.8430213928,1
299,1193,64,0.001,0.01,0.5,0.5,42.9939117432,0,42.9939117432,42.9939117432,42.6661109924,0,42.6661109924,42.6661109924,1
300,839,16,0.001,0.01,0.75,0.7,42.983505249,0,42.983505249,42.983505249,43.3217124939,0,43.3217124939,43.3217124939,1
301,243,2,0.001,0,0.25,0.5,42.978302002,0,42.978302002,42.978302002,42.4944076538,0,42.4944076538,42.4944076538,1
302,616,8,0.001,0.0001,0.25,0.1,42.9730987549,0,42.9730987549,42.9730987549,42.7181434631,0,42.7181434631,42.7181434631,1
303,263,2,0.001,0.0001,0.5,0.5,42.9678955078,0,42.9678955078,42.9678955078,42.556842804,0,42.556842804,42.556842804,1
304,427,4,0.001,0,0.5,0.3,42.9626922607,0,42.9626922607,42.9626922607,42.556842804,0,42.556842804,42.556842804,1
305,248,2,0.001,0,0.5,0.5,42.9574890137,0,42.9574890137,42.9574890137,42.5776557922,0,42.5776557922,42.5776557922,1
306,273,2,0.001,0.001,0.25,0.5,42.9574890137,0,42.9574890137,42.9574890137,42.5360336304,0,42.5360336304,42.5360336304,1
307,366,4,0.01,0,0.5,0.1,42.9574890137,0,42.9574890137,42.9574890137,42.7545623779,0,42.7545623779,42.7545623779,1
308,601,8,0.001,0,0.25,0.1,42.9574890137,0,42.9574890137,42.9574890137,42.6661109924,0,42.6661109924,42.6661109924,1
309,278,2,0.001,0.001,0.5,0.5,42.9210662842,0,42.9210662842,42.9210662842,43.0719566345,0,43.0719566345,43.0719566345,1
310,288,2,0.001,0.01,0.25,0.5,42.9210662842,0,42.9210662842,42.9210662842,42.4527778625,0,42.4527778625,42.4527778625,1
311,904,32,0.01,0,0.25,0.7,42.9054603577,0,42.9054603577,42.9054603577,42.8378181458,0,42.8378181458,42.8378181458,1
312,405,4,0.01,0.001,0.75,0.9,42.9002571106,0,42.9002571106,42.9002571106,42.6244850159,0,42.6244850159,42.6244850159,1
313,472,4,0.001,0.01,0.5,0.3,42.8690338135,0,42.8690338135,42.8690338135,42.5880622864,0,42.5880622864,42.5880622864,1
314,258,2,0.001,0.0001,0.25,0.5,42.8586273193,0,42.8586273193,42.8586273193,42.4475746155,0,42.4475746155,42.4475746155,1
315,1192,64,0.001,0.01,0.5,0.3,42.853427887,0,42.853427887,42.853427887,43.0719566345,0,43.0719566345,43.0719566345,1
316,217,2,0.01,0.001,0.5,0.3,42.8274078369,0,42.8274078369,42.8274078369,42.1770133972,0,42.1770133972,42.1770133972,1
317,1188,64,0.001,0.01,0.25,0.5,42.7909889221,0,42.7909889221,42.7909889221,42.8117980957,0,42.8117980957,42.8117980957,1
318,753,16,0.01,0.001,0.25,0.5,42.780582428,0,42.780582428,42.780582428,42.2394485474,0,42.2394485474,42.2394485474,1
319,767,16,0.01,0.01,0.25,0.3,42.7649688721,0,42.7649688721,42.7649688721,42.2082290649,0,42.2082290649,42.2082290649,1
320,437,4,0.001,0.0001,0.25,0.3,42.7545623779,0,42.7545623779,42.7545623779,42.7129402161,0,42.7129402161,42.7129402161,1
321,1011,32,0.001,0.01,0.5,0.1,42.7545623779,0,42.7545623779,42.7545623779,42.5880622864,0,42.5880622864,42.5880622864,1
322,905,32,0.01,0,0.25,0.9,42.7337532043,0,42.7337532043,42.7337532043,42.6713142395,0,42.6713142395,42.6713142395,1
323,422,4,0.001,0,0.25,0.3,42.7025299072,0,42.7025299072,42.7025299072,42.8065948486,0,42.8065948486,42.8065948486,1
324,920,32,0.01,0.0001,0.25,0.9,42.6973304749,0,42.6973304749,42.6973304749,42.5984725952,0,42.5984725952,42.5984725952,1
325,383,4,0.01,0.0001,0.5,0.5,42.6869239807,0,42.6869239807,42.6869239807,42.3279037476,0,42.3279037476,42.3279037476,1
326,966,32,0.001,0,0.5,0.1,42.6765174866,0,42.6765174866,42.6765174866,42.759765625,0,42.759765625,42.759765625,1
327,1130,64,0.01,0.01,0.25,0.9,42.6609077454,0,42.6609077454,42.6609077454,42.2966842651,0,42.2966842651,42.2966842651,1
328,1156,64,0.001,0.0001,0.25,0.1,42.6505012512,0,42.6505012512,42.6505012512,42.7337532043,0,42.7337532043,42.7337532043,1
329,1162,64,0.001,0.0001,0.5,0.3,42.6452980042,0,42.6452980042,42.6452980042,42.9418792725,0,42.9418792725,42.9418792725,1
330,1158,64,0.001,0.0001,0.25,0.5,42.6400947571,0,42.6400947571,42.6400947571,42.3955459595,0,42.3955459595,42.3955459595,1
331,225,2,0.01,0.001,0.75,0.9,42.63489151,0,42.63489151,42.63489151,42.4163589478,0,42.4163589478,42.4163589478,1
332,182,2,0.01,0,0.25,0.3,42.6296882629,0,42.6296882629,42.6296882629,42.0365257263,0,42.0365257263,42.0365257263,1
333,576,8,0.01,0.001,0.5,0.1,42.6192817688,0,42.6192817688,42.6192817688,41.7295379639,0,41.7295379639,41.7295379639,1
334,452,4,0.001,0.001,0.25,0.3,42.6140785217,0,42.6140785217,42.6140785217,42.9262695312,0,42.9262695312,42.9262695312,1
335,981,32,0.001,0.0001,0.5,0.1,42.6036720276,0,42.6036720276,42.6036720276,42.5464401245,0,42.5464401245,42.5464401245,1
336,418,4,0.01,0.01,0.75,0.5,42.5984725952,0,42.5984725952,42.5984725952,41.8075866699,0,41.8075866699,41.8075866699,1
337,1147,64,0.001,0,0.5,0.3,42.5828590393,0,42.5828590393,42.5828590393,43.0043182373,0,43.0043182373,43.0043182373,1
338,831,16,0.001,0.01,0.5,0.1,42.5776557922,0,42.5776557922,42.5776557922,42.234249115,0,42.234249115,42.234249115,1
339,780,16,0.01,0.01,0.75,0.9,42.5724525452,0,42.5724525452,42.5724525452,42.6036720276,0,42.6036720276,42.6036720276,1
340,375,4,0.01,0,0.75,0.9,42.5672492981,0,42.5672492981,42.5672492981,42.3174972534,0,42.3174972534,42.3174972534,1
341,577,8,0.01,0.001,0.5,0.3,42.5464401245,0,42.5464401245,42.5464401245,41.7919769287,0,41.7919769287,41.7919769287,1
342,658,8,0.001,0.01,0.75,0.5,42.5360336304,0,42.5360336304,42.5360336304,42.5724525452,0,42.5724525452,42.5724525452,1
343,201,2,0.01,0.0001,0.5,0.1,42.5308303833,0,42.5308303833,42.5308303833,42.0625419617,0,42.0625419617,42.0625419617,1
344,643,8,0.001,0.001,0.75,0.5,42.5256271362,0,42.5256271362,42.5256271362,42.4111557007,0,42.4111557007,42.4111557007,1
345,628,8,0.001,0.0001,0.75,0.5,42.5204200745,0,42.5204200745,42.5204200745,42.6713142395,0,42.6713142395,42.6713142395,1
346,1173,64,0.001,0.001,0.25,0.5,42.5152168274,0,42.5152168274,42.5152168274,42.1353874207,0,42.1353874207,42.1353874207,1
347,935,32,0.01,0.001,0.25,0.9,42.5100135803,0,42.5100135803,42.5100135803,42.3227005005,0,42.3227005005,42.3227005005,1
348,1159,64,0.001,0.0001,0.25,0.7,42.4944076538,0,42.4944076538,42.4944076538,42.431968689,0,42.431968689,42.431968689,1
349,808,16,0.001,0.0001,0.75,0.5,42.4840011597,0,42.4840011597,42.4840011597,42.431968689,0,42.431968689,42.431968689,1
350,1143,64,0.001,0,0.25,0.5,42.4787979126,0,42.4787979126,42.4787979126,42.3018875122,0,42.3018875122,42.3018875122,1
351,1177,64,0.001,0.001,0.5,0.3,42.4527778625,0,42.4527778625,42.4527778625,42.9366760254,0,42.9366760254,42.9366760254,1
352,823,16,0.001,0.001,0.75,0.5,42.4215621948,0,42.4215621948,42.4215621948,42.556842804,0,42.556842804,42.556842804,1
353,204,2,0.01,0.0001,0.5,0.7,42.4111557007,0,42.4111557007,42.4111557007,41.9428672791,0,41.9428672791,41.9428672791,1
354,838,16,0.001,0.01,0.75,0.5,42.4059524536,0,42.4059524536,42.4059524536,42.161403656,0,42.161403656,42.161403656,1
355,613,8,0.001,0,0.75,0.5,42.3955459595,0,42.3955459595,42.3955459595,42.2914810181,0,42.2914810181,42.2914810181,1
356,793,16,0.001,0,0.75,0.5,42.3955459595,0,42.3955459595,42.3955459595,42.5672492981,0,42.5672492981,42.5672492981,1
357,216,2,0.01,0.001,0.5,0.1,42.3851394653,0,42.3851394653,42.3851394653,41.9792938232,0,41.9792938232,41.9792938232,1
358,651,8,0.001,0.01,0.5,0.1,42.3851394653,0,42.3851394653,42.3851394653,41.9428672791,0,41.9428672791,41.9428672791,1
359,759,16,0.01,0.001,0.5,0.7,42.3799362183,0,42.3799362183,42.3799362183,41.8544158936,0,41.8544158936,41.8544158936,1
360,996,32,0.001,0.001,0.5,0.1,42.3435134888,0,42.3435134888,42.3435134888,42.2914810181,0,42.2914810181,42.2914810181,1
361,1189,64,0.001,0.01,0.25,0.7,42.3435134888,0,42.3435134888,42.3435134888,42.0053062439,0,42.0053062439,42.0053062439,1
362,940,32,0.01,0.001,0.5,0.9,42.3279037476,0,42.3279037476,42.3279037476,41.7555541992,0,41.7555541992,41.7555541992,1
363,766,16,0.01,0.01,0.25,0.1,42.3227005005,0,42.3227005005,42.3227005005,42.0001029968,0,42.0001029968,42.0001029968,1
364,723,16,0.01,0,0.25,0.5,42.3174972534,0,42.3174972534,42.3174972534,41.7555541992,0,41.7555541992,41.7555541992,1
365,990,32,0.001,0.0001,0.75,0.9,42.3070907593,0,42.3070907593,42.3070907593,41.9012413025,0,41.9012413025,41.9012413025,1
366,186,2,0.01,0,0.5,0.1,42.2966842651,0,42.2966842651,42.2966842651,41.8075866699,0,41.8075866699,41.8075866699,1
367,212,2,0.01,0.001,0.25,0.3,42.2914810181,0,42.2914810181,42.2914810181,41.937664032,0,41.937664032,41.937664032,1
368,1163,64,0.001,0.0001,0.5,0.5,42.2758712769,0,42.2758712769,42.2758712769,41.9324607849,0,41.9324607849,41.9324607849,1
369,390,4,0.01,0.0001,0.75,0.9,42.2498550415,0,42.2498550415,42.2498550415,41.8544158936,0,41.8544158936,41.8544158936,1
370,1000,32,0.001,0.001,0.5,0.9,42.2394485474,0,42.2394485474,42.2394485474,41.9324607849,0,41.9324607849,41.9324607849,1
371,975,32,0.001,0,0.75,0.9,42.234249115,0,42.234249115,42.234249115,41.9792938232,0,41.9792938232,41.9792938232,1
372,985,32,0.001,0.0001,0.5,0.9,42.234249115,0,42.234249115,42.234249115,41.8700256348,0,41.8700256348,41.8700256348,1
373,606,8,0.001,0,0.5,0.1,42.2238426208,0,42.2238426208,42.2238426208,42.0625419617,0,42.0625419617,42.0625419617,1
374,925,32,0.01,0.0001,0.5,0.9,42.2238426208,0,42.2238426208,42.2238426208,41.8388023376,0,41.8388023376,41.8388023376,1
375,970,32,0.001,0,0.5,0.9,42.2238426208,0,42.2238426208,42.2238426208,41.8804283142,0,41.8804283142,41.8804283142,1
376,1005,32,0.001,0.001,0.75,0.9,42.2186355591,0,42.2186355591,42.2186355591,41.9428672791,0,41.9428672791,41.9428672791,1
377,367,4,0.01,0,0.5,0.3,42.213432312,0,42.213432312,42.213432312,41.9948997498,0,41.9948997498,41.9948997498,1
378,376,4,0.01,0.0001,0.25,0.1,42.213432312,0,42.213432312,42.213432312,42.1770133972,0,42.1770133972,42.1770133972,1
379,752,16,0.01,0.001,0.25,0.3,42.2082290649,0,42.2082290649,42.2082290649,41.9324607849,0,41.9324607849,41.9324607849,1
380,786,16,0.001,0,0.5,0.1,42.2082290649,0,42.2082290649,42.2082290649,42.3435134888,0,42.3435134888,42.3435134888,1
381,801,16,0.001,0.0001,0.5,0.1,42.2082290649,0,42.2082290649,42.2082290649,42.1874160767,0,42.1874160767,42.1874160767,1
382,816,16,0.001,0.001,0.5,0.1,42.1822166443,0,42.1822166443,42.1822166443,42.1978225708,0,42.1978225708,42.1978225708,1
383,292,2,0.001,0.01,0.5,0.3,42.1770133972,0,42.1770133972,42.1770133972,41.8231964111,0,41.8231964111,41.8231964111,1
384,463,4,0.001,0.001,0.75,0.5,42.1718101501,0,42.1718101501,42.1718101501,41.9688835144,0,41.9688835144,41.9688835144,1
385,636,8,0.001,0.001,0.5,0.1,42.1718101501,0,42.1718101501,42.1718101501,41.7555541992,0,41.7555541992,41.7555541992,1
386,478,4,0.001,0.01,0.75,0.5,42.1562004089,0,42.1562004089,42.1562004089,41.8492126465,0,41.8492126465,41.8492126465,1
387,989,32,0.001,0.0001,0.75,0.7,42.1457901001,0,42.1457901001,42.1457901001,42.1457901001,0,42.1457901001,42.1457901001,1
388,621,8,0.001,0.0001,0.5,0.1,42.140586853,0,42.140586853,42.140586853,41.7607574463,0,41.7607574463,41.7607574463,1
389,203,2,0.01,0.0001,0.5,0.5,42.1353874207,0,42.1353874207,42.1353874207,41.5734405518,0,41.5734405518,41.5734405518,1
390,1176,64,0.001,0.001,0.5,0.1,42.1249809265,0,42.1249809265,42.1249809265,42.08335495,0,42.08335495,42.08335495,1
391,187,2,0.01,0,0.5,0.3,42.1197776794,0,42.1197776794,42.1197776794,41.7815704346,0,41.7815704346,41.7815704346,1
392,547,8,0.01,0,0.5,0.3,42.1197776794,0,42.1197776794,42.1197776794,41.6046600342,0,41.6046600342,41.6046600342,1
393,947,32,0.01,0.01,0.25,0.3,42.1197776794,0,42.1197776794,42.1197776794,42.0989646912,0,42.0989646912,42.0989646912,1
394,751,16,0.01,0.001,0.25,0.1,42.08335495,0,42.08335495,42.08335495,41.8075866699,0,41.8075866699,41.8075866699,1
395,277,2,0.001,0.001,0.5,0.3,42.0677452087,0,42.0677452087,42.0677452087,41.7451477051,0,41.7451477051,41.7451477051,1
396,910,32,0.01,0,0.5,0.9,42.0469322205,0,42.0469322205,42.0469322205,41.6931152344,0,41.6931152344,41.6931152344,1
397,1010,32,0.001,0.01,0.25,0.9,42.0365257263,0,42.0365257263,42.0365257263,41.661895752,0,41.661895752,41.661895752,1
398,737,16,0.01,0.0001,0.25,0.3,42.0209159851,0,42.0209159851,42.0209159851,41.7087249756,0,41.7087249756,41.7087249756,1
399,1004,32,0.001,0.001,0.75,0.7,42.0209159851,0,42.0209159851,42.0209159851,41.7971801758,0,41.7971801758,41.7971801758,1
400,974,32,0.001,0,0.75,0.7,42.010509491,0,42.010509491,42.010509491,41.937664032,0,41.937664032,41.937664032,1
401,1161,64,0.001,0.0001,0.5,0.1,41.9844932556,0,41.9844932556,41.9844932556,42.3227005005,0,42.3227005005,42.3227005005,1
402,448,4,0.001,0.0001,0.75,0.5,41.9740867615,0,41.9740867615,41.9740867615,41.7711639404,0,41.7711639404,41.7711639404,1
403,563,8,0.01,0.0001,0.5,0.5,41.9636802673,0,41.9636802673,41.9636802673,41.2144203186,0,41.2144203186,41.2144203186,1
404,980,32,0.001,0.0001,0.25,0.9,41.9584770203,0,41.9584770203,41.9584770203,41.9324607849,0,41.9324607849,41.9324607849,1
405,738,16,0.01,0.0001,0.25,0.5,41.9532737732,0,41.9532737732,41.9532737732,41.59425354,0,41.59425354,41.59425354,1
406,197,2,0.01,0.0001,0.25,0.3,41.9428672791,0,41.9428672791,41.9428672791,41.5526313782,0,41.5526313782,41.5526313782,1
407,247,2,0.001,0,0.5,0.3,41.9116516113,0,41.9116516113,41.9116516113,41.9844932556,0,41.9844932556,41.9844932556,1
408,1148,64,0.001,0,0.5,0.5,41.9116516113,0,41.9116516113,41.9116516113,41.7035217285,0,41.7035217285,41.7035217285,1
409,181,2,0.01,0,0.25,0.1,41.9064445496,0,41.9064445496,41.9064445496,41.8283958435,0,41.8283958435,41.8283958435,1
410,433,4,0.001,0,0.75,0.5,41.9064445496,0,41.9064445496,41.9064445496,41.6775054932,0,41.6775054932,41.6775054932,1
411,561,8,0.01,0.0001,0.5,0.1,41.9064445496,0,41.9064445496,41.9064445496,41.3861274719,0,41.3861274719,41.3861274719,1
412,262,2,0.001,0.0001,0.5,0.3,41.9012413025,0,41.9012413025,41.9012413025,41.4953956604,0,41.4953956604,41.4953956604,1
413,1020,32,0.001,0.01,0.75,0.9,41.8908348083,0,41.8908348083,41.8908348083,41.5682411194,0,41.5682411194,41.5682411194,1
414,995,32,0.001,0.001,0.25,0.9,41.8231964111,0,41.8231964111,41.8231964111,41.5734405518,0,41.5734405518,41.5734405518,1
415,736,16,0.01,0.0001,0.25,0.1,41.7919769287,0,41.7919769287,41.7919769287,41.7243347168,0,41.7243347168,41.7243347168,1
416,973,32,0.001,0,0.75,0.5,41.7919769287,0,41.7919769287,41.7919769287,41.8804283142,0,41.8804283142,41.8804283142,1
417,1146,64,0.001,0,0.5,0.1,41.7919769287,0,41.7919769287,41.7919769287,42.2602615356,0,42.2602615356,42.2602615356,1
418,441,4,0.001,0.0001,0.5,0.1,41.7711639404,0,41.7711639404,41.7711639404,41.1415786743,0,41.1415786743,41.1415786743,1
419,1191,64,0.001,0.01,0.5,0.1,41.7555541992,0,41.7555541992,41.7555541992,42.0521354675,0,42.0521354675,42.0521354675,1
420,254,2,0.001,0,0.75,0.7,41.7451477051,0,41.7451477051,41.7451477051,41.8752288818,0,41.8752288818,41.8752288818,1
421,456,4,0.001,0.001,0.5,0.1,41.739944458,0,41.739944458,41.739944458,41.0999526978,0,41.0999526978,41.0999526978,1
422,466,4,0.001,0.01,0.25,0.1,41.7295379639,0,41.7295379639,41.7295379639,41.7035217285,0,41.7035217285,41.7035217285,1
423,471,4,0.001,0.01,0.5,0.1,41.7243347168,0,41.7243347168,41.7243347168,41.2924690247,0,41.2924690247,41.2924690247,1
424,765,16,0.01,0.001,0.75,0.9,41.7191314697,0,41.7191314697,41.7191314697,41.4017372131,0,41.4017372131,41.4017372131,1
425,398,4,0.01,0.001,0.5,0.5,41.7087249756,0,41.7087249756,41.7087249756,41.3705177307,0,41.3705177307,41.3705177307,1
426,284,2,0.001,0.001,0.75,0.7,41.6983184814,0,41.6983184814,41.6983184814,41.7295379639,0,41.7295379639,41.7295379639,1
427,287,2,0.001,0.01,0.25,0.3,41.6931152344,0,41.6931152344,41.6931152344,41.542224884,0,41.542224884,41.542224884,1
428,299,2,0.001,0.01,0.75,0.7,41.6931152344,0,41.6931152344,41.6931152344,41.7451477051,0,41.7451477051,41.7451477051,1
429,1019,32,0.001,0.01,0.75,0.7,41.6775054932,0,41.6775054932,41.6775054932,41.8179931641,0,41.8179931641,41.8179931641,1
430,269,2,0.001,0.0001,0.75,0.7,41.661895752,0,41.661895752,41.661895752,42.0573387146,0,42.0573387146,42.0573387146,1
431,1144,64,0.001,0,0.25,0.7,41.6514892578,0,41.6514892578,41.6514892578,41.4329566956,0,41.4329566956,41.4329566956,1
432,1194,64,0.001,0.01,0.5,0.7,41.6410827637,0,41.6410827637,41.6410827637,41.1832046509,0,41.1832046509,41.1832046509,1
433,1018,32,0.001,0.01,0.75,0.5,41.6358795166,0,41.6358795166,41.6358795166,41.5526313782,0,41.5526313782,41.5526313782,1
434,548,8,0.01,0,0.5,0.5,41.6306762695,0,41.6306762695,41.6306762695,40.8658103943,0,40.8658103943,40.8658103943,1
435,735,16,0.01,0,0.75,0.9,41.6046600342,0,41.6046600342,41.6046600342,41.3132820129,0,41.3132820129,41.3132820129,1
436,202,2,0.01,0.0001,0.5,0.3,41.5994567871,0,41.5994567871,41.5994567871,41.2196235657,0,41.2196235657,41.2196235657,1
437,750,16,0.01,0.0001,0.75,0.9,41.5994567871,0,41.5994567871,41.5994567871,41.3497047424,0,41.3497047424,41.3497047424,1
438,1003,32,0.001,0.001,0.75,0.5,41.589050293,0,41.589050293,41.589050293,41.661895752,0,41.661895752,41.661895752,1
439,1174,64,0.001,0.001,0.25,0.7,41.589050293,0,41.589050293,41.589050293,41.4069404602,0,41.4069404602,41.4069404602,1
440,965,32,0.001,0,0.25,0.9,41.5838470459,0,41.5838470459,41.5838470459,41.3080825806,0,41.3080825806,41.3080825806,1
441,1178,64,0.001,0.001,0.5,0.5,41.5630378723,0,41.5630378723,41.5630378723,41.4745788574,0,41.4745788574,41.4745788574,1
442,426,4,0.001,0,0.5,0.1,41.542224884,0,41.542224884,41.542224884,41.2716560364,0,41.2716560364,41.2716560364,1
443,657,8,0.001,0.01,0.75,0.3,41.5370178223,0,41.5370178223,41.5370178223,41.0219039917,0,41.0219039917,41.0219039917,1
444,272,2,0.001,0.001,0.25,0.3,41.4693756104,0,41.4693756104,41.4693756104,41.31848526,0,41.31848526,41.31848526,1
445,257,2,0.001,0.0001,0.25,0.3,41.4485664368,0,41.4485664368,41.4485664368,41.3809242249,0,41.3809242249,41.3809242249,1
446,988,32,0.001,0.0001,0.75,0.5,41.4225502014,0,41.4225502014,41.4225502014,41.589050293,0,41.589050293,41.589050293,1
447,642,8,0.001,0.001,0.75,0.3,41.3965339661,0,41.3965339661,41.3965339661,41.0843429565,0,41.0843429565,41.0843429565,1
448,562,8,0.01,0.0001,0.5,0.3,41.3861274719,0,41.3861274719,41.3861274719,40.844997406,0,40.844997406,40.844997406,1
449,792,16,0.001,0,0.75,0.3,41.3445014954,0,41.3445014954,41.3445014954,41.4017372131,0,41.4017372131,41.4017372131,1
450,837,16,0.001,0.01,0.75,0.3,41.3445014954,0,41.3445014954,41.3445014954,41.3288917542,0,41.3288917542,41.3288917542,1
451,1179,64,0.001,0.001,0.5,0.7,41.3288917542,0,41.3288917542,41.3288917542,40.9074325562,0,40.9074325562,40.9074325562,1
452,421,4,0.001,0,0.25,0.1,41.31848526,0,41.31848526,41.31848526,41.0843429565,0,41.0843429565,41.0843429565,1
453,242,2,0.001,0,0.25,0.3,41.3080825806,0,41.3080825806,41.3080825806,41.1727981567,0,41.1727981567,41.1727981567,1
454,417,4,0.01,0.01,0.75,0.3,41.2768592834,0,41.2768592834,41.2768592834,41.1519851685,0,41.1519851685,41.1519851685,1
455,381,4,0.01,0.0001,0.5,0.1,41.2716560364,0,41.2716560364,41.2716560364,41.1415786743,0,41.1415786743,41.1415786743,1
456,822,16,0.001,0.001,0.75,0.3,41.2508468628,0,41.2508468628,41.2508468628,41.3288917542,0,41.3288917542,41.3288917542,1
457,195,2,0.01,0,0.75,0.9,41.2456436157,0,41.2456436157,41.2456436157,41.0999526978,0,41.0999526978,41.0999526978,1
458,210,2,0.01,0.0001,0.75,0.9,41.2456436157,0,41.2456436157,41.2456436157,41.0323104858,0,41.0323104858,41.0323104858,1
459,436,4,0.001,0.0001,0.25,0.1,41.2404403687,0,41.2404403687,41.2404403687,41.5474281311,0,41.5474281311,41.5474281311,1
460,462,4,0.001,0.001,0.75,0.3,41.2404403687,0,41.2404403687,41.2404403687,40.8866233826,0,40.8866233826,40.8866233826,1
461,807,16,0.001,0.0001,0.75,0.3,41.2352371216,0,41.2352371216,41.2352371216,40.9490623474,0,40.9490623474,40.9490623474,1
462,612,8,0.001,0,0.75,0.3,41.1832046509,0,41.1832046509,41.1832046509,40.9178390503,0,40.9178390503,40.9178390503,1
463,1164,64,0.001,0.0001,0.5,0.7,41.1519851685,0,41.1519851685,41.1519851685,40.6837005615,0,40.6837005615,40.6837005615,1
464,627,8,0.001,0.0001,0.75,0.3,41.120765686,0,41.120765686,41.120765686,40.9490623474,0,40.9490623474,40.9490623474,1
465,1017,32,0.001,0.01,0.75,0.3,41.1103591919,0,41.1103591919,41.1103591919,41.1571884155,0,41.1571884155,41.1571884155,1
466,451,4,0.001,0.001,0.25,0.1,41.0739364624,0,41.0739364624,41.0739364624,41.1832046509,0,41.1832046509,41.1832046509,1
467,722,16,0.01,0,0.25,0.3,41.0687332153,0,41.0687332153,41.0687332153,40.7877616882,0,40.7877616882,40.7877616882,1
468,1002,32,0.001,0.001,0.75,0.3,41.0635299683,0,41.0635299683,41.0635299683,41.120765686,0,41.120765686,41.120765686,1
469,987,32,0.001,0.0001,0.75,0.3,41.0271072388,0,41.0271072388,41.0271072388,41.0739364624,0,41.0739364624,41.0739364624,1
470,432,4,0.001,0,0.75,0.3,41.0167007446,0,41.0167007446,41.0167007446,40.7097129822,0,40.7097129822,40.7097129822,1
471,447,4,0.001,0.0001,0.75,0.3,41.0114974976,0,41.0114974976,41.0114974976,41.1988143921,0,41.1988143921,41.1988143921,1
472,972,32,0.001,0,0.75,0.3,41.0010948181,0,41.0010948181,41.0010948181,41.1051559448,0,41.1051559448,41.1051559448,1
473,477,4,0.001,0.01,0.75,0.3,40.9802780151,0,40.9802780151,40.9802780151,40.7825584412,0,40.7825584412,40.7825584412,1
474,779,16,0.01,0.01,0.75,0.7,40.9802780151,0,40.9802780151,40.9802780151,40.6264648438,0,40.6264648438,40.6264648438,1
475,419,4,0.01,0.01,0.75,0.7,40.9750747681,0,40.9750747681,40.9750747681,40.8397941589,0,40.8397941589,40.8397941589,1
476,1149,64,0.001,0,0.5,0.7,40.9542617798,0,40.9542617798,40.9542617798,40.4599609375,0,40.4599609375,40.4599609375,1
477,729,16,0.01,0,0.5,0.7,40.9438591003,0,40.9438591003,40.9438591003,40.8501968384,0,40.8501968384,40.8501968384,1
478,291,2,0.001,0.01,0.5,0.1,40.9022293091,0,40.9022293091,40.9022293091,40.7565422058,0,40.7565422058,40.7565422058,1
479,276,2,0.001,0.001,0.5,0.1,40.8762168884,0,40.8762168884,40.8762168884,40.5380096436,0,40.5380096436,40.5380096436,1
480,596,8,0.01,0.01,0.75,0.1,40.8501968384,0,40.8501968384,40.8501968384,40.6004447937,0,40.6004447937,40.6004447937,1
481,599,8,0.01,0.01,0.75,0.7,40.8241844177,0,40.8241844177,40.8241844177,40.6264648438,0,40.6264648438,40.6264648438,1
482,960,32,0.01,0.01,0.75,0.9,40.8137779236,0,40.8137779236,40.8137779236,40.3819160461,0,40.3819160461,40.3819160461,1
483,253,2,0.001,0,0.75,0.5,40.7773551941,0,40.7773551941,40.7773551941,40.5276031494,0,40.5276031494,40.5276031494,1
484,268,2,0.001,0.0001,0.75,0.5,40.772151947,0,40.772151947,40.772151947,40.6472740173,0,40.6472740173,40.6472740173,1
485,598,8,0.01,0.01,0.75,0.5,40.7565422058,0,40.7565422058,40.7565422058,40.220615387,0,40.220615387,40.220615387,1
486,261,2,0.001,0.0001,0.5,0.1,40.7149162292,0,40.7149162292,40.7149162292,40.7357292175,0,40.7357292175,40.7357292175,1
487,246,2,0.001,0,0.5,0.1,40.6889038086,0,40.6889038086,40.6889038086,40.5640258789,0,40.5640258789,40.5640258789,1
488,283,2,0.001,0.001,0.75,0.5,40.6680870056,0,40.6680870056,40.6680870056,40.6472740173,0,40.6472740173,40.6472740173,1
489,954,32,0.01,0.01,0.5,0.7,40.6680870056,0,40.6680870056,40.6680870056,40.4755706787,0,40.4755706787,40.4755706787,1
490,298,2,0.001,0.01,0.75,0.5,40.6316680908,0,40.6316680908,40.6316680908,40.1113471985,0,40.1113471985,40.1113471985,1
491,721,16,0.01,0,0.25,0.1,40.6264648438,0,40.6264648438,40.6264648438,40.0905342102,0,40.0905342102,40.0905342102,1
492,238,2,0.01,0.01,0.75,0.5,40.6004447937,0,40.6004447937,40.6004447937,40.1321601868,0,40.1321601868,40.1321601868,1
493,836,16,0.001,0.01,0.75,0.1,40.5952415466,0,40.5952415466,40.5952415466,39.8511886597,0,39.8511886597,39.8511886597,1
494,236,2,0.01,0.01,0.75,0.1,40.5848388672,0,40.5848388672,40.5848388672,40.2518348694,0,40.2518348694,40.2518348694,1
495,1154,64,0.001,0,0.75,0.7,40.548412323,0,40.548412323,40.548412323,40.3142738342,0,40.3142738342,40.3142738342,1
496,404,4,0.01,0.001,0.75,0.7,40.496383667,0,40.496383667,40.496383667,39.9032211304,0,39.9032211304,39.9032211304,1
497,915,32,0.01,0,0.75,0.9,40.4495544434,0,40.4495544434,40.4495544434,40.1425666809,0,40.1425666809,40.1425666809,1
498,1153,64,0.001,0,0.75,0.5,40.4183349609,0,40.4183349609,40.4183349609,40.2986602783,0,40.2986602783,40.2986602783,1
499,1135,64,0.01,0.01,0.5,0.9,40.4027252197,0,40.4027252197,40.4027252197,40.2622413635,0,40.2622413635,40.2622413635,1
500,1183,64,0.001,0.001,0.75,0.5,40.3975219727,0,40.3975219727,40.3975219727,40.1633796692,0,40.1633796692,40.1633796692,1
501,286,2,0.001,0.01,0.25,0.1,40.3923187256,0,40.3923187256,40.3923187256,40.5015869141,0,40.5015869141,40.5015869141,1
502,821,16,0.001,0.001,0.75,0.1,40.3819160461,0,40.3819160461,40.3819160461,40.1945991516,0,40.1945991516,40.1945991516,1
503,388,4,0.01,0.0001,0.75,0.5,40.3715057373,0,40.3715057373,40.3715057373,39.8824081421,0,39.8824081421,39.8824081421,1
504,1184,64,0.001,0.001,0.75,0.7,40.3663024902,0,40.3663024902,40.3663024902,40.0957374573,0,40.0957374573,40.0957374573,1
505,986,32,0.001,0.0001,0.75,0.1,40.3610992432,0,40.3610992432,40.3610992432,40.3610992432,0,40.3610992432,40.3610992432,1
506,256,2,0.001,0.0001,0.25,0.1,40.3558959961,0,40.3558959961,40.3558959961,40.0905342102,0,40.0905342102,40.0905342102,1
507,791,16,0.001,0,0.75,0.1,40.3558959961,0,40.3558959961,40.3558959961,39.9448471069,0,39.9448471069,39.9448471069,1
508,1001,32,0.001,0.001,0.75,0.1,40.3142738342,0,40.3142738342,40.3142738342,40.4807739258,0,40.4807739258,40.4807739258,1
509,241,2,0.001,0,0.25,0.1,40.3090667725,0,40.3090667725,40.3090667725,40.152973175,0,40.152973175,40.152973175,1
510,1129,64,0.01,0.01,0.25,0.7,40.2726478577,0,40.2726478577,40.2726478577,40.022895813,0,40.022895813,40.022895813,1
511,237,2,0.01,0.01,0.75,0.3,40.2622413635,0,40.2622413635,40.2622413635,39.8824081421,0,39.8824081421,39.8824081421,1
512,372,4,0.01,0,0.75,0.3,40.2570381165,0,40.2570381165,40.2570381165,40.1009407043,0,40.1009407043,40.1009407043,1
513,461,4,0.001,0.001,0.75,0.1,40.2310180664,0,40.2310180664,40.2310180664,40.0437049866,0,40.0437049866,40.0437049866,1
514,1168,64,0.001,0.0001,0.75,0.5,40.225818634,0,40.225818634,40.225818634,40.1269569397,0,40.1269569397,40.1269569397,1
515,431,4,0.001,0,0.75,0.1,40.220615387,0,40.220615387,40.220615387,39.8407821655,0,39.8407821655,39.8407821655,1
516,656,8,0.001,0.01,0.75,0.1,40.220615387,0,40.220615387,40.220615387,39.9344367981,0,39.9344367981,39.9344367981,1
517,597,8,0.01,0.01,0.75,0.3,40.2154121399,0,40.2154121399,40.2154121399,39.7315139771,0,39.7315139771,39.7315139771,1
518,971,32,0.001,0,0.75,0.1,40.2154121399,0,40.2154121399,40.2154121399,40.5380096436,0,40.5380096436,40.5380096436,1
519,641,8,0.001,0.001,0.75,0.1,40.2102088928,0,40.2102088928,40.2102088928,39.6118431091,0,39.6118431091,39.6118431091,1
520,1016,32,0.001,0.01,0.75,0.1,40.2102088928,0,40.2102088928,40.2102088928,40.5223999023,0,40.5223999023,40.5223999023,1
521,1169,64,0.001,0.0001,0.75,0.7,40.1998023987,0,40.1998023987,40.1998023987,39.9396438599,0,39.9396438599,39.9396438599,1
522,1199,64,0.001,0.01,0.75,0.7,40.1998023987,0,40.1998023987,40.1998023987,39.9448471069,0,39.9448471069,39.9448471069,1
523,744,16,0.01,0.0001,0.5,0.7,40.1841926575,0,40.1841926575,40.1841926575,40.022895813,0,40.022895813,40.022895813,1
524,271,2,0.001,0.001,0.25,0.1,40.1685829163,0,40.1685829163,40.1685829163,40.1321601868,0,40.1321601868,40.1321601868,1
525,584,8,0.01,0.001,0.75,0.7,40.1685829163,0,40.1685829163,40.1685829163,39.7107048035,0,39.7107048035,39.7107048035,1
526,945,32,0.01,0.001,0.75,0.9,40.1685829163,0,40.1685829163,40.1685829163,39.929233551,0,39.929233551,39.929233551,1
527,402,4,0.01,0.001,0.75,0.3,40.152973175,0,40.152973175,40.152973175,39.8928146362,0,39.8928146362,39.8928146362,1
528,1198,64,0.001,0.01,0.75,0.5,40.147769928,0,40.147769928,40.147769928,39.9708633423,0,39.9708633423,39.9708633423,1
529,806,16,0.001,0.0001,0.75,0.1,40.1269569397,0,40.1269569397,40.1269569397,39.9396438599,0,39.9396438599,39.9396438599,1
530,611,8,0.001,0,0.75,0.1,40.1165504456,0,40.1165504456,40.1165504456,39.528591156,0,39.528591156,39.528591156,1
531,1182,64,0.001,0.001,0.75,0.3,40.0957374573,0,40.0957374573,40.0957374573,40.1633796692,0,40.1633796692,40.1633796692,1
532,446,4,0.001,0.0001,0.75,0.1,40.0905342102,0,40.0905342102,40.0905342102,39.8824081421,0,39.8824081421,39.8824081421,1
533,267,2,0.001,0.0001,0.75,0.3,40.0853309631,0,40.0853309631,40.0853309631,39.5702171326,0,39.5702171326,39.5702171326,1
534,416,4,0.01,0.01,0.75,0.1,40.0697250366,0,40.0697250366,40.0697250366,39.9552536011,0,39.9552536011,39.9552536011,1
535,476,4,0.001,0.01,0.75,0.1,40.0697250366,0,40.0697250366,40.0697250366,39.8667984009,0,39.8667984009,39.8667984009,1
536,930,32,0.01,0.0001,0.75,0.9,40.0645179749,0,40.0645179749,40.0645179749,39.6690750122,0,39.6690750122,39.6690750122,1
537,374,4,0.01,0,0.75,0.7,40.0332984924,0,40.0332984924,40.0332984924,39.799156189,0,39.799156189,39.799156189,1
538,389,4,0.01,0.0001,0.75,0.7,40.0332984924,0,40.0332984924,40.0332984924,39.6898880005,0,39.6898880005,39.6898880005,1
539,626,8,0.001,0.0001,0.75,0.1,40.0280952454,0,40.0280952454,40.0280952454,39.8511886597,0,39.8511886597,39.8511886597,1
540,1126,64,0.01,0.01,0.25,0.1,40.0280952454,0,40.0280952454,40.0280952454,40.0385017395,0,40.0385017395,40.0385017395,1
541,946,32,0.01,0.01,0.25,0.1,40.0176925659,0,40.0176925659,40.0176925659,39.7835464478,0,39.7835464478,39.7835464478,1
542,403,4,0.01,0.001,0.75,0.5,40.00207901,0,40.00207901,40.00207901,39.7835464478,0,39.7835464478,39.7835464478,1
543,1197,64,0.001,0.01,0.75,0.3,40.00207901,0,40.00207901,40.00207901,39.8876113892,0,39.8876113892,39.8876113892,1
544,209,2,0.01,0.0001,0.75,0.7,39.9604568481,0,39.9604568481,39.9604568481,39.2476196289,0,39.2476196289,39.2476196289,1
545,1152,64,0.001,0,0.75,0.3,39.950050354,0,39.950050354,39.950050354,39.7731399536,0,39.7731399536,39.7731399536,1
546,297,2,0.001,0.01,0.75,0.3,39.8928146362,0,39.8928146362,39.8928146362,39.6222457886,0,39.6222457886,39.6222457886,1
547,373,4,0.01,0,0.75,0.5,39.8615951538,0,39.8615951538,39.8615951538,39.45054245,0,39.45054245,39.45054245,1
548,252,2,0.001,0,0.75,0.3,39.8511886597,0,39.8511886597,39.8511886597,39.6378593445,0,39.6378593445,39.6378593445,1
549,917,32,0.01,0.0001,0.25,0.3,39.8355789185,0,39.8355789185,39.8355789185,39.4765586853,0,39.4765586853,39.4765586853,1
550,371,4,0.01,0,0.75,0.1,39.8303756714,0,39.8303756714,39.8303756714,39.5494041443,0,39.5494041443,39.5494041443,1
551,1167,64,0.001,0.0001,0.75,0.3,39.799156189,0,39.799156189,39.799156189,39.9968757629,0,39.9968757629,39.9968757629,1
552,282,2,0.001,0.001,0.75,0.3,39.7471237183,0,39.7471237183,39.7471237183,39.8303756714,0,39.8303756714,39.8303756714,1
553,902,32,0.01,0,0.25,0.3,39.7367172241,0,39.7367172241,39.7367172241,39.4973716736,0,39.4973716736,39.4973716736,1
554,554,8,0.01,0,0.75,0.7,39.7315139771,0,39.7315139771,39.7315139771,39.377696991,0,39.377696991,39.377696991,1
555,773,16,0.01,0.01,0.5,0.5,39.7315139771,0,39.7315139771,39.7315139771,39.5494041443,0,39.5494041443,39.5494041443,1
556,194,2,0.01,0,0.75,0.7,39.6378593445,0,39.6378593445,39.6378593445,39.2632293701,0,39.2632293701,39.2632293701,1
557,1166,64,0.001,0.0001,0.75,0.1,39.6326522827,0,39.6326522827,39.6326522827,39.7419204712,0,39.7419204712,39.7419204712,1
558,777,16,0.01,0.01,0.75,0.3,39.5910301208,0,39.5910301208,39.5910301208,39.0498962402,0,39.0498962402,39.0498962402,1
559,1127,64,0.01,0.01,0.25,0.3,39.5754203796,0,39.5754203796,39.5754203796,39.5129814148,0,39.5129814148,39.5129814148,1
560,932,32,0.01,0.001,0.25,0.3,39.5598106384,0,39.5598106384,39.5598106384,39.179977417,0,39.179977417,39.179977417,1
561,1196,64,0.001,0.01,0.75,0.1,39.5494041443,0,39.5494041443,39.5494041443,39.6378593445,0,39.6378593445,39.6378593445,1
562,567,8,0.01,0.0001,0.75,0.3,39.5389976501,0,39.5389976501,39.5389976501,38.8001441956,0,38.8001441956,38.8001441956,1
563,1151,64,0.001,0,0.75,0.1,39.5337944031,0,39.5337944031,39.5337944031,39.6794815063,0,39.6794815063,39.6794815063,1
564,1181,64,0.001,0.001,0.75,0.1,39.5233879089,0,39.5233879089,39.5233879089,39.8667984009,0,39.8667984009,39.8667984009,1
565,239,2,0.01,0.01,0.75,0.7,39.4973716736,0,39.4973716736,39.4973716736,39.4609489441,0,39.4609489441,39.4609489441,1
566,552,8,0.01,0,0.75,0.3,39.4297294617,0,39.4297294617,39.4297294617,38.9718513489,0,38.9718513489,38.9718513489,1
567,1099,64,0.01,0.0001,0.25,0.7,39.4193229675,0,39.4193229675,39.4193229675,39.0030670166,0,39.0030670166,39.0030670166,1
568,566,8,0.01,0.0001,0.75,0.1,39.4141197205,0,39.4141197205,39.4141197205,39.1279449463,0,39.1279449463,39.1279449463,1
569,742,16,0.01,0.0001,0.5,0.3,39.3620872498,0,39.3620872498,39.3620872498,39.0446968079,0,39.0446968079,39.0446968079,1
570,581,8,0.01,0.001,0.75,0.1,39.3516845703,0,39.3516845703,39.3516845703,38.8105506897,0,38.8105506897,38.8105506897,1
571,207,2,0.01,0.0001,0.75,0.3,39.3464813232,0,39.3464813232,39.3464813232,39.3620872498,0,39.3620872498,39.3620872498,1
572,582,8,0.01,0.001,0.75,0.3,39.3464813232,0,39.3464813232,39.3464813232,38.8729896545,0,38.8729896545,38.8729896545,1
573,1084,64,0.01,0,0.25,0.7,39.330871582,0,39.330871582,39.330871582,38.7533149719,0,38.7533149719,38.7533149719,1
574,1134,64,0.01,0.01,0.5,0.7,39.2736358643,0,39.2736358643,39.2736358643,38.9458312988,0,38.9458312988,38.9458312988,1
575,569,8,0.01,0.0001,0.75,0.7,39.2424163818,0,39.2424163818,39.2424163818,39.1019287109,0,39.1019287109,39.1019287109,1
576,1114,64,0.01,0.001,0.25,0.7,39.2372131348,0,39.2372131348,39.2372131348,38.9666481018,0,38.9666481018,38.9666481018,1
577,387,4,0.01,0.0001,0.75,0.3,39.2216033936,0,39.2216033936,39.2216033936,38.982257843,0,38.982257843,38.982257843,1
578,49,0,0.01,0.01,0.25,0.7,39.1955871582,0,39.1955871582,39.1955871582,38.8157539368,0,38.8157539368,38.8157539368,1
579,296,2,0.001,0.01,0.75,0.1,39.1539611816,0,39.1539611816,39.1539611816,39.1383514404,0,39.1383514404,39.1383514404,1
580,221,2,0.01,0.001,0.75,0.1,39.1227416992,0,39.1227416992,39.1227416992,39.0707092285,0,39.0707092285,39.0707092285,1
581,224,2,0.01,0.001,0.75,0.7,39.107131958,0,39.107131958,39.107131958,38.8781929016,0,38.8781929016,38.8781929016,1
582,933,32,0.01,0.001,0.25,0.5,39.107131958,0,39.107131958,39.107131958,39.0446968079,0,39.0446968079,39.0446968079,1
583,251,2,0.001,0,0.75,0.1,39.0550994873,0,39.0550994873,39.0550994873,38.8990058899,0,38.8990058899,38.8990058899,1
584,266,2,0.001,0.0001,0.75,0.1,39.0550994873,0,39.0550994873,39.0550994873,38.9458312988,0,38.9458312988,38.9458312988,1
585,749,16,0.01,0.0001,0.75,0.7,39.0394935608,0,39.0394935608,39.0394935608,38.9250221252,0,38.9250221252,38.9250221252,1
586,903,32,0.01,0,0.25,0.5,39.0394935608,0,39.0394935608,39.0394935608,38.982257843,0,38.982257843,38.982257843,1
587,772,16,0.01,0.01,0.5,0.3,39.0342903137,0,39.0342903137,39.0342903137,38.7533149719,0,38.7533149719,38.7533149719,1
588,281,2,0.001,0.001,0.75,0.1,39.0186767578,0,39.0186767578,39.0186767578,38.9302253723,0,38.9302253723,38.9302253723,1
589,918,32,0.01,0.0001,0.25,0.5,39.0082702637,0,39.0082702637,39.0082702637,39.0498962402,0,39.0498962402,39.0498962402,1
590,758,16,0.01,0.001,0.5,0.5,38.982257843,0,38.982257843,38.982257843,38.9666481018,0,38.9666481018,38.9666481018,1
591,206,2,0.01,0.0001,0.75,0.1,38.9718513489,0,38.9718513489,38.9718513489,38.5660018921,0,38.5660018921,38.5660018921,1
592,222,2,0.01,0.001,0.75,0.3,38.9562416077,0,38.9562416077,38.9562416077,39.2892456055,0,39.2892456055,39.2892456055,1
593,1085,64,0.01,0,0.25,0.9,38.9510345459,0,38.9510345459,38.9510345459,38.5191726685,0,38.5191726685,38.5191726685,1
594,776,16,0.01,0.01,0.75,0.1,38.9302253723,0,38.9302253723,38.9302253723,38.6492538452,0,38.6492538452,38.6492538452,1
595,1115,64,0.01,0.001,0.25,0.9,38.9198188782,0,38.9198188782,38.9198188782,38.3942947388,0,38.3942947388,38.3942947388,1
596,1120,64,0.01,0.001,0.5,0.9,38.9198188782,0,38.9198188782,38.9198188782,38.5087661743,0,38.5087661743,38.5087661743,1
597,728,16,0.01,0,0.5,0.5,38.904209137,0,38.904209137,38.904209137,38.7533149719,0,38.7533149719,38.7533149719,1
598,1100,64,0.01,0.0001,0.25,0.9,38.8990058899,0,38.8990058899,38.8990058899,38.4931564331,0,38.4931564331,38.4931564331,1
599,551,8,0.01,0,0.75,0.1,38.8938026428,0,38.8938026428,38.8938026428,38.2434043884,0,38.2434043884,38.2434043884,1
600,192,2,0.01,0,0.75,0.3,38.8885993958,0,38.8885993958,38.8885993958,38.8001441956,0,38.8001441956,38.8001441956,1
601,568,8,0.01,0.0001,0.75,0.5,38.8781929016,0,38.8781929016,38.8781929016,38.9198188782,0,38.9198188782,38.9198188782,1
602,771,16,0.01,0.01,0.5,0.1,38.8729896545,0,38.8729896545,38.8729896545,38.758518219,0,38.758518219,38.758518219,1
603,1104,64,0.01,0.0001,0.5,0.7,38.8677864075,0,38.8677864075,38.8677864075,38.3734855652,0,38.3734855652,38.3734855652,1
604,401,4,0.01,0.001,0.75,0.1,38.8417701721,0,38.8417701721,38.8417701721,38.6180343628,0,38.6180343628,38.6180343628,1
605,710,8,0.0001,0.01,0.25,0.9,38.7897377014,0,38.7897377014,38.7897377014,38.982257843,0,38.982257843,38.982257843,1
606,665,8,0.0001,0,0.25,0.9,38.784538269,0,38.784538269,38.784538269,39.0030670166,0,39.0030670166,39.0030670166,1
607,695,8,0.0001,0.001,0.25,0.9,38.758518219,0,38.758518219,38.758518219,38.9770545959,0,38.9770545959,38.9770545959,1
608,1105,64,0.01,0.0001,0.5,0.9,38.7481117249,0,38.7481117249,38.7481117249,38.3526725769,0,38.3526725769,38.3526725769,1
609,680,8,0.0001,0.0001,0.25,0.9,38.7429084778,0,38.7429084778,38.7429084778,38.9978637695,0,38.9978637695,38.9978637695,1
610,34,0,0.01,0.001,0.25,0.7,38.7377090454,0,38.7377090454,38.7377090454,38.6804733276,0,38.6804733276,38.6804733276,1
611,734,16,0.01,0,0.75,0.7,38.7220993042,0,38.7220993042,38.7220993042,38.6024246216,0,38.6024246216,38.6024246216,1
612,1132,64,0.01,0.01,0.5,0.3,38.6856765747,0,38.6856765747,38.6856765747,38.7377090454,0,38.7377090454,38.7377090454,1
613,939,32,0.01,0.001,0.5,0.7,38.6700668335,0,38.6700668335,38.6700668335,38.5503921509,0,38.5503921509,38.5503921509,1
614,1200,64,0.001,0.01,0.75,0.9,38.5816116333,0,38.5816116333,38.5816116333,38.5399856567,0,38.5399856567,38.5399856567,1
615,924,32,0.01,0.0001,0.5,0.7,38.5764083862,0,38.5764083862,38.5764083862,38.6128311157,0,38.6128311157,38.6128311157,1
616,1090,64,0.01,0,0.5,0.9,38.5555953979,0,38.5555953979,38.5555953979,38.0769004822,0,38.0769004822,38.0769004822,1
617,1170,64,0.001,0.0001,0.75,0.9,38.5399856567,0,38.5399856567,38.5399856567,38.1965751648,0,38.1965751648,38.1965751648,1
618,845,16,0.0001,0,0.25,0.9,38.5347824097,0,38.5347824097,38.5347824097,38.2642173767,0,38.2642173767,38.2642173767,1
619,1140,64,0.01,0.01,0.75,0.9,38.5347824097,0,38.5347824097,38.5347824097,38.1965751648,0,38.1965751648,38.1965751648,1
620,860,16,0.0001,0.0001,0.25,0.9,38.5295791626,0,38.5295791626,38.5295791626,38.2538108826,0,38.2538108826,38.2538108826,1
621,208,2,0.01,0.0001,0.75,0.5,38.5139694214,0,38.5139694214,38.5139694214,38.5451889038,0,38.5451889038,38.5451889038,1
622,890,16,0.0001,0.01,0.25,0.9,38.5139694214,0,38.5139694214,38.5139694214,38.2486076355,0,38.2486076355,38.2486076355,1
623,1150,64,0.001,0,0.5,0.9,38.5087661743,0,38.5087661743,38.5087661743,38.2590141296,0,38.2590141296,38.2590141296,1
624,193,2,0.01,0,0.75,0.5,38.5035629272,0,38.5035629272,38.5035629272,38.6440467834,0,38.6440467834,38.6440467834,1
625,875,16,0.0001,0.001,0.25,0.9,38.4931564331,0,38.4931564331,38.4931564331,38.285030365,0,38.285030365,38.285030365,1
626,386,4,0.01,0.0001,0.75,0.1,38.487953186,0,38.487953186,38.487953186,38.2902336121,0,38.2902336121,38.2902336121,1
627,909,32,0.01,0,0.5,0.7,38.482749939,0,38.482749939,38.482749939,38.4203147888,0,38.4203147888,38.4203147888,1
628,1195,64,0.001,0.01,0.5,0.9,38.482749939,0,38.482749939,38.482749939,38.0248680115,0,38.0248680115,38.0248680115,1
629,1155,64,0.001,0,0.75,0.9,38.4723472595,0,38.4723472595,38.4723472595,38.2329978943,0,38.2329978943,38.2329978943,1
630,1165,64,0.001,0.0001,0.5,0.9,38.4567337036,0,38.4567337036,38.4567337036,38.1809654236,0,38.1809654236,38.1809654236,1
631,1180,64,0.001,0.001,0.5,0.9,38.4515304565,0,38.4515304565,38.4515304565,38.1133270264,0,38.1133270264,38.1133270264,1
632,1185,64,0.001,0.001,0.75,0.9,38.4411239624,0,38.4411239624,38.4411239624,38.2590141296,0,38.2590141296,38.2590141296,1
633,1175,64,0.001,0.001,0.25,0.9,38.4151115417,0,38.4151115417,38.4151115417,38.0352783203,0,38.0352783203,38.0352783203,1
634,223,2,0.01,0.001,0.75,0.5,38.4047012329,0,38.4047012329,38.4047012329,38.2954368591,0,38.2954368591,38.2954368591,1
635,1160,64,0.001,0.0001,0.25,0.9,38.3942947388,0,38.3942947388,38.3942947388,38.0248680115,0,38.0248680115,38.0248680115,1
636,757,16,0.01,0.001,0.5,0.3,38.3890914917,0,38.3890914917,38.3890914917,38.139339447,0,38.139339447,38.139339447,1
637,1145,64,0.001,0,0.25,0.9,38.3838882446,0,38.3838882446,38.3838882446,38.009262085,0,38.009262085,38.009262085,1
638,1190,64,0.001,0.01,0.25,0.9,38.3682823181,0,38.3682823181,38.3682823181,37.936416626,0,37.936416626,37.936416626,1
639,764,16,0.01,0.001,0.75,0.7,38.363079071,0,38.363079071,38.363079071,38.0873069763,0,38.0873069763,38.0873069763,1
640,741,16,0.01,0.0001,0.5,0.1,38.3266525269,0,38.3266525269,38.3266525269,38.1653594971,0,38.1653594971,38.1653594971,1
641,50,0,0.01,0.01,0.25,0.9,38.2173881531,0,38.2173881531,38.2173881531,38.2017784119,0,38.2017784119,38.2017784119,1
642,1119,64,0.01,0.001,0.5,0.7,38.1549491882,0,38.1549491882,38.1549491882,37.8895874023,0,37.8895874023,37.8895874023,1
643,727,16,0.01,0,0.5,0.3,38.1081237793,0,38.1081237793,38.1081237793,38.0925102234,0,38.0925102234,38.0925102234,1
644,1089,64,0.01,0,0.5,0.7,38.1029205322,0,38.1029205322,38.1029205322,38.0300712585,0,38.0300712585,38.0300712585,1
645,756,16,0.01,0.001,0.5,0.1,38.0560913086,0,38.0560913086,38.0560913086,37.8427581787,0,37.8427581787,37.8427581787,1
646,1128,64,0.01,0.01,0.25,0.5,38.0404815674,0,38.0404815674,38.0404815674,38.0769004822,0,38.0769004822,38.0769004822,1
647,1,0,0.01,0,0.25,0.1,38.0196647644,0,38.0196647644,38.0196647644,37.712677002,0,37.712677002,37.712677002,1
648,53,0,0.01,0.01,0.5,0.5,38.0040588379,0,38.0040588379,38.0040588379,37.8427581787,0,37.8427581787,37.8427581787,1
649,583,8,0.01,0.001,0.75,0.5,38.0040588379,0,38.0040588379,38.0040588379,37.9208068848,0,37.9208068848,37.9208068848,1
650,743,16,0.01,0.0001,0.5,0.5,37.9936523438,0,37.9936523438,37.9936523438,38.139339447,0,38.139339447,38.139339447,1
651,16,0,0.01,0.0001,0.25,0.1,37.9884490967,0,37.9884490967,37.9884490967,37.5409736633,0,37.5409736633,37.5409736633,1
652,55,0,0.01,0.01,0.5,0.9,37.9676361084,0,37.9676361084,37.9676361084,37.712677002,0,37.712677002,37.712677002,1
653,35,0,0.01,0.001,0.25,0.9,37.8791809082,0,37.8791809082,37.8791809082,37.8219451904,0,37.8219451904,37.8219451904,1
654,553,8,0.01,0,0.75,0.5,37.8531646729,0,37.8531646729,37.8531646729,37.8271484375,0,37.8271484375,37.8271484375,1
655,24,0,0.01,0.0001,0.5,0.7,37.7803192139,0,37.7803192139,37.7803192139,37.6606445312,0,37.6606445312,37.6606445312,1
656,31,0,0.01,0.001,0.25,0.1,37.712677002,0,37.712677002,37.712677002,37.6918678284,0,37.6918678284,37.6918678284,1
657,20,0,0.01,0.0001,0.25,0.9,37.6970710754,0,37.6970710754,37.6970710754,37.6554450989,0,37.6554450989,37.6554450989,1
658,5,0,0.01,0,0.25,0.9,37.6606445312,0,37.6606445312,37.6606445312,37.6034126282,0,37.6034126282,37.6034126282,1
659,1112,64,0.01,0.001,0.25,0.3,37.6242256165,0,37.6242256165,37.6242256165,37.1975631714,0,37.1975631714,37.1975631714,1
660,191,2,0.01,0,0.75,0.1,37.6190223694,0,37.6190223694,37.6190223694,37.6294288635,0,37.6294288635,37.6294288635,1
661,17,0,0.01,0.0001,0.25,0.3,37.6086158752,0,37.6086158752,37.6086158752,37.317237854,0,37.317237854,37.317237854,1
662,670,8,0.0001,0,0.5,0.9,37.5513839722,0,37.5513839722,37.5513839722,37.7282905579,0,37.7282905579,37.7282905579,1
663,685,8,0.0001,0.0001,0.5,0.9,37.5513839722,0,37.5513839722,37.5513839722,37.7334938049,0,37.7334938049,37.7334938049,1
664,953,32,0.01,0.01,0.5,0.5,37.5513839722,0,37.5513839722,37.5513839722,37.4160957336,0,37.4160957336,37.4160957336,1
665,700,8,0.0001,0.001,0.5,0.9,37.5461769104,0,37.5461769104,37.5461769104,37.665851593,0,37.665851593,37.665851593,1
666,54,0,0.01,0.01,0.5,0.7,37.5409736633,0,37.5409736633,37.5409736633,37.6190223694,0,37.6190223694,37.6190223694,1
667,715,8,0.0001,0.01,0.5,0.9,37.5409736633,0,37.5409736633,37.5409736633,37.665851593,0,37.665851593,37.665851593,1
668,530,4,0.0001,0.01,0.25,0.9,37.5097541809,0,37.5097541809,37.5097541809,37.9832458496,0,37.9832458496,37.9832458496,1
669,726,16,0.01,0,0.5,0.1,37.5097541809,0,37.5097541809,37.5097541809,37.4941482544,0,37.4941482544,37.4941482544,1
670,515,4,0.0001,0.001,0.25,0.9,37.4681282043,0,37.4681282043,37.4681282043,37.9936523438,0,37.9936523438,37.9936523438,1
671,485,4,0.0001,0,0.25,0.9,37.4525184631,0,37.4525184631,37.4525184631,37.9676361084,0,37.9676361084,37.9676361084,1
672,500,4,0.0001,0.0001,0.25,0.9,37.4369125366,0,37.4369125366,37.4369125366,37.9988555908,0,37.9988555908,37.9988555908,1
673,901,32,0.01,0,0.25,0.1,37.3796768188,0,37.3796768188,37.3796768188,37.4837417603,0,37.4837417603,37.4837417603,1
674,3,0,0.01,0,0.25,0.5,37.3380508423,0,37.3380508423,37.3380508423,37.4577217102,0,37.4577217102,37.4577217102,1
675,47,0,0.01,0.01,0.25,0.3,37.2600021362,0,37.2600021362,37.2600021362,37.1975631714,0,37.1975631714,37.1975631714,1
676,952,32,0.01,0.01,0.5,0.3,37.2339859009,0,37.2339859009,37.2339859009,36.8333396912,0,36.8333396912,36.8333396912,1
677,48,0,0.01,0.01,0.25,0.5,37.2235794067,0,37.2235794067,37.2235794067,37.2860183716,0,37.2860183716,37.2860183716,1
678,908,32,0.01,0,0.5,0.5,37.2027664185,0,37.2027664185,37.2027664185,37.0987014771,0,37.0987014771,37.0987014771,1
679,778,16,0.01,0.01,0.75,0.5,37.166343689,0,37.166343689,37.166343689,36.895778656,0,36.895778656,36.895778656,1
680,1111,64,0.01,0.001,0.25,0.1,37.166343689,0,37.166343689,37.166343689,36.8593559265,0,36.8593559265,36.8593559265,1
681,931,32,0.01,0.001,0.25,0.1,37.11951828,0,37.11951828,37.11951828,36.9009819031,0,36.9009819031,36.9009819031,1
682,874,16,0.0001,0.001,0.25,0.7,37.114315033,0,37.114315033,37.114315033,36.895778656,0,36.895778656,36.895778656,1
683,865,16,0.0001,0.0001,0.5,0.9,37.1039047241,0,37.1039047241,37.1039047241,36.8333396912,0,36.8333396912,36.8333396912,1
684,850,16,0.0001,0,0.5,0.9,37.0987014771,0,37.0987014771,37.0987014771,36.8489494324,0,36.8489494324,36.8489494324,1
685,889,16,0.0001,0.01,0.25,0.7,37.09349823,0,37.09349823,37.09349823,36.9322013855,0,36.9322013855,36.9322013855,1
686,880,16,0.0001,0.001,0.5,0.9,37.0830955505,0,37.0830955505,37.0830955505,36.8021202087,0,36.8021202087,36.8021202087,1
687,859,16,0.0001,0.0001,0.25,0.7,37.0622825623,0,37.0622825623,37.0622825623,36.9113883972,0,36.9113883972,36.9113883972,1
688,9,0,0.01,0,0.5,0.7,37.0518760681,0,37.0518760681,37.0518760681,36.8905754089,0,36.8905754089,36.8905754089,1
689,844,16,0.0001,0,0.25,0.7,37.0414657593,0,37.0414657593,37.0414657593,36.895778656,0,36.895778656,36.895778656,1
690,895,16,0.0001,0.01,0.5,0.9,37.0414657593,0,37.0414657593,37.0414657593,36.7813110352,0,36.7813110352,36.7813110352,1
691,1113,64,0.01,0.001,0.25,0.5,36.9842338562,0,36.9842338562,36.9842338562,36.9634208679,0,36.9634208679,36.9634208679,1
692,32,0,0.01,0.001,0.25,0.3,36.9113883972,0,36.9113883972,36.9113883972,36.8489494324,0,36.8489494324,36.8489494324,1
693,1083,64,0.01,0,0.25,0.5,36.9113883972,0,36.9113883972,36.9113883972,36.7917137146,0,36.7917137146,36.7917137146,1
694,18,0,0.01,0.0001,0.25,0.5,36.9061851501,0,36.9061851501,36.9061851501,36.8593559265,0,36.8593559265,36.8593559265,1
695,33,0,0.01,0.001,0.25,0.5,36.8853721619,0,36.8853721619,36.8853721619,37.2391891479,0,37.2391891479,37.2391891479,1
696,923,32,0.01,0.0001,0.5,0.5,36.8593559265,0,36.8593559265,36.8593559265,36.5939941406,0,36.5939941406,36.5939941406,1
697,916,32,0.01,0.0001,0.25,0.1,36.8541526794,0,36.8541526794,36.8541526794,36.8801727295,0,36.8801727295,36.8801727295,1
698,763,16,0.01,0.001,0.75,0.5,36.8489494324,0,36.8489494324,36.8489494324,36.6616363525,0,36.6616363525,36.6616363525,1
699,1069,32,0.0001,0.01,0.25,0.7,36.8437461853,0,36.8437461853,36.8437461853,36.8281402588,0,36.8281402588,36.8281402588,1
700,907,32,0.01,0,0.5,0.3,36.8229370117,0,36.8229370117,36.8229370117,36.6460266113,0,36.6460266113,36.6460266113,1
701,1039,32,0.0001,0.0001,0.25,0.7,36.8229370117,0,36.8229370117,36.8229370117,36.7657012939,0,36.7657012939,36.7657012939,1
702,19,0,0.01,0.0001,0.25,0.7,36.8073272705,0,36.8073272705,36.8073272705,36.7136688232,0,36.7136688232,36.7136688232,1
703,1054,32,0.0001,0.001,0.25,0.7,36.8073272705,0,36.8073272705,36.8073272705,36.7448883057,0,36.7448883057,36.7448883057,1
704,4,0,0.01,0,0.25,0.7,36.8021202087,0,36.8021202087,36.8021202087,36.4326934814,0,36.4326934814,36.4326934814,1
705,1024,32,0.0001,0,0.25,0.7,36.7969169617,0,36.7969169617,36.7969169617,36.7813110352,0,36.7813110352,36.7813110352,1
706,46,0,0.01,0.01,0.25,0.1,36.7813110352,0,36.7813110352,36.7813110352,36.7136688232,0,36.7136688232,36.7136688232,1
707,951,32,0.01,0.01,0.5,0.1,36.7396850586,0,36.7396850586,36.7396850586,36.4951324463,0,36.4951324463,36.4951324463,1
708,1125,64,0.01,0.001,0.75,0.9,36.7396850586,0,36.7396850586,36.7396850586,36.2193641663,0,36.2193641663,36.2193641663,1
709,937,32,0.01,0.001,0.5,0.3,36.7032623291,0,36.7032623291,36.7032623291,36.3858680725,0,36.3858680725,36.3858680725,1
710,1110,64,0.01,0.0001,0.75,0.9,36.692855835,0,36.692855835,36.692855835,36.0788803101,0,36.0788803101,36.0788803101,1
711,733,16,0.01,0,0.75,0.5,36.6616363525,0,36.6616363525,36.6616363525,36.1985549927,0,36.1985549927,36.1985549927,1
712,938,32,0.01,0.001,0.5,0.5,36.6564331055,0,36.6564331055,36.6564331055,36.5003395081,0,36.5003395081,36.5003395081,1
713,1095,64,0.01,0,0.75,0.9,36.6512298584,0,36.6512298584,36.6512298584,35.9956283569,0,35.9956283569,35.9956283569,1
714,959,32,0.01,0.01,0.75,0.7,36.5991973877,0,36.5991973877,36.5991973877,36.5367584229,0,36.5367584229,36.5367584229,1
715,2,0,0.01,0,0.25,0.3,36.5783843994,0,36.5783843994,36.5783843994,36.5835876465,0,36.5835876465,36.5835876465,1
716,1098,64,0.01,0.0001,0.25,0.5,36.5523681641,0,36.5523681641,36.5523681641,36.5055427551,0,36.5055427551,36.5055427551,1
717,922,32,0.01,0.0001,0.5,0.3,36.5367584229,0,36.5367584229,36.5367584229,36.2401771545,0,36.2401771545,36.2401771545,1
718,1136,64,0.01,0.01,0.75,0.1,36.3390388489,0,36.3390388489,36.3390388489,36.1048965454,0,36.1048965454,36.1048965454,1
719,914,32,0.01,0,0.75,0.7,36.3130226135,0,36.3130226135,36.3130226135,36.1100997925,0,36.1100997925,36.1100997925,1
720,1131,64,0.01,0.01,0.5,0.1,36.2974128723,0,36.2974128723,36.2974128723,35.9331893921,0,35.9331893921,35.9331893921,1
721,1097,64,0.01,0.0001,0.25,0.3,36.2661972046,0,36.2661972046,36.2661972046,35.9852218628,0,35.9852218628,35.9852218628,1
722,1101,64,0.01,0.0001,0.5,0.1,36.2661972046,0,36.2661972046,36.2661972046,35.9435958862,0,35.9435958862,35.9435958862,1
723,929,32,0.01,0.0001,0.75,0.7,36.2349739075,0,36.2349739075,36.2349739075,35.9644088745,0,35.9644088745,35.9644088745,1
724,944,32,0.01,0.001,0.75,0.7,36.2089614868,0,36.2089614868,36.2089614868,36.0528640747,0,36.0528640747,36.0528640747,1
725,1025,32,0.0001,0,0.25,0.9,36.2037582397,0,36.2037582397,36.2037582397,35.8759536743,0,35.8759536743,35.8759536743,1
726,1040,32,0.0001,0.0001,0.25,0.9,36.1933517456,0,36.1933517456,36.1933517456,35.8707504272,0,35.8707504272,35.8707504272,1
727,1055,32,0.0001,0.001,0.25,0.9,36.1881446838,0,36.1881446838,36.1881446838,35.8811569214,0,35.8811569214,35.8811569214,1
728,1082,64,0.01,0,0.25,0.3,36.1829414368,0,36.1829414368,36.1829414368,35.7562828064,0,35.7562828064,35.7562828064,1
729,936,32,0.01,0.001,0.5,0.1,36.146522522,0,36.146522522,36.146522522,35.8707504272,0,35.8707504272,35.8707504272,1
730,1070,32,0.0001,0.01,0.25,0.9,36.1257095337,0,36.1257095337,36.1257095337,35.8343315125,0,35.8343315125,35.8343315125,1
731,906,32,0.01,0,0.5,0.1,36.1048965454,0,36.1048965454,36.1048965454,35.8187179565,0,35.8187179565,35.8187179565,1
732,1096,64,0.01,0.0001,0.25,0.1,36.0424575806,0,36.0424575806,36.0424575806,35.6105918884,0,35.6105918884,35.6105918884,1
733,748,16,0.01,0.0001,0.75,0.5,36.0216445923,0,36.0216445923,36.0216445923,35.6470184326,0,35.6470184326,35.6470184326,1
734,1068,32,0.0001,0.01,0.25,0.5,35.9383926392,0,35.9383926392,35.9383926392,36.1048965454,0,36.1048965454,36.1048965454,1
735,921,32,0.01,0.0001,0.5,0.1,35.9331893921,0,35.9331893921,35.9331893921,35.6418151855,0,35.6418151855,35.6418151855,1
736,1053,32,0.0001,0.001,0.25,0.5,35.9175796509,0,35.9175796509,35.9175796509,36.1257095337,0,36.1257095337,36.1257095337,1
737,535,4,0.0001,0.01,0.5,0.9,35.9123764038,0,35.9123764038,35.9123764038,36.5523681641,0,36.5523681641,36.5523681641,1
738,1038,32,0.0001,0.0001,0.25,0.5,35.9123764038,0,35.9123764038,35.9123764038,36.1361160278,0,36.1361160278,36.1361160278,1
739,39,0,0.01,0.001,0.5,0.7,35.9019737244,0,35.9019737244,35.9019737244,36.1933517456,0,36.1933517456,36.1933517456,1
740,1023,32,0.0001,0,0.25,0.5,35.8967704773,0,35.8967704773,35.8967704773,36.1257095337,0,36.1257095337,36.1257095337,1
741,709,8,0.0001,0.01,0.25,0.7,35.8863639832,0,35.8863639832,35.8863639832,36.0528640747,0,36.0528640747,36.0528640747,1
742,1081,64,0.01,0,0.25,0.1,35.8759536743,0,35.8759536743,35.8759536743,35.5117340088,0,35.5117340088,35.5117340088,1
743,490,4,0.0001,0,0.5,0.9,35.8655471802,0,35.8655471802,35.8655471802,36.4118843079,0,36.4118843079,36.4118843079,1
744,505,4,0.0001,0.0001,0.5,0.9,35.8655471802,0,35.8655471802,35.8655471802,36.4118843079,0,36.4118843079,36.4118843079,1
745,520,4,0.0001,0.001,0.5,0.9,35.8655471802,0,35.8655471802,35.8655471802,36.4379005432,0,36.4379005432,36.4379005432,1
746,694,8,0.0001,0.001,0.25,0.7,35.8655471802,0,35.8655471802,35.8655471802,36.000831604,0,36.000831604,36.000831604,1
747,1086,64,0.01,0,0.5,0.1,35.8655471802,0,35.8655471802,35.8655471802,35.5221405029,0,35.5221405029,35.5221405029,1
748,664,8,0.0001,0,0.25,0.7,35.8603439331,0,35.8603439331,35.8603439331,35.9748153687,0,35.9748153687,35.9748153687,1
749,679,8,0.0001,0.0001,0.25,0.7,35.8499412537,0,35.8499412537,35.8499412537,35.9748153687,0,35.9748153687,35.9748153687,1
750,849,16,0.0001,0,0.5,0.7,35.7770957947,0,35.7770957947,35.7770957947,35.8083114624,0,35.8083114624,35.8083114624,1
751,864,16,0.0001,0.0001,0.5,0.7,35.7770957947,0,35.7770957947,35.7770957947,35.797908783,0,35.797908783,35.797908783,1
752,879,16,0.0001,0.001,0.5,0.7,35.7666893005,0,35.7666893005,35.7666893005,35.8239250183,0,35.8239250183,35.8239250183,1
753,40,0,0.01,0.001,0.5,0.9,35.7614860535,0,35.7614860535,35.7614860535,36.1777381897,0,36.1777381897,36.1777381897,1
754,894,16,0.0001,0.01,0.5,0.7,35.7458763123,0,35.7458763123,35.7458763123,35.8395347595,0,35.8395347595,35.8395347595,1
755,1116,64,0.01,0.001,0.5,0.1,35.5949859619,0,35.5949859619,35.5949859619,35.3504333496,0,35.3504333496,35.3504333496,1
756,731,16,0.01,0,0.75,0.1,35.5481529236,0,35.5481529236,35.5481529236,35.5845794678,0,35.5845794678,35.5845794678,1
757,1087,64,0.01,0,0.5,0.3,35.5377502441,0,35.5377502441,35.5377502441,35.178730011,0,35.178730011,35.178730011,1
758,873,16,0.0001,0.001,0.25,0.5,35.4440879822,0,35.4440879822,35.4440879822,35.52734375,0,35.52734375,35.52734375,1
759,888,16,0.0001,0.01,0.25,0.5,35.4440879822,0,35.4440879822,35.4440879822,35.5221405029,0,35.5221405029,35.5221405029,1
760,858,16,0.0001,0.0001,0.25,0.5,35.4336853027,0,35.4336853027,35.4336853027,35.5013237,0,35.5013237,35.5013237,1
761,843,16,0.0001,0,0.25,0.5,35.4180755615,0,35.4180755615,35.4180755615,35.506526947,0,35.506526947,35.506526947,1
762,1074,32,0.0001,0.01,0.5,0.7,35.3140106201,0,35.3140106201,35.3140106201,35.4492950439,0,35.4492950439,35.4492950439,1
763,1059,32,0.0001,0.001,0.5,0.7,35.2879981995,0,35.2879981995,35.2879981995,35.4284820557,0,35.4284820557,35.4284820557,1
764,1029,32,0.0001,0,0.5,0.7,35.2827949524,0,35.2827949524,35.2827949524,35.454498291,0,35.454498291,35.454498291,1
765,1044,32,0.0001,0.0001,0.5,0.7,35.2827949524,0,35.2827949524,35.2827949524,35.4388885498,0,35.4388885498,35.4388885498,1
766,690,8,0.0001,0.0001,0.75,0.9,35.2567749023,0,35.2567749023,35.2567749023,35.4805145264,0,35.4805145264,35.4805145264,1
767,705,8,0.0001,0.001,0.75,0.9,35.2567749023,0,35.2567749023,35.2567749023,35.4857177734,0,35.4857177734,35.4857177734,1
768,675,8,0.0001,0,0.75,0.9,35.2515716553,0,35.2515716553,35.2515716553,35.4753112793,0,35.4753112793,35.4753112793,1
769,747,16,0.01,0.0001,0.75,0.3,35.2411651611,0,35.2411651611,35.2411651611,35.0174293518,0,35.0174293518,35.0174293518,1
770,1102,64,0.01,0.0001,0.5,0.3,35.2255592346,0,35.2255592346,35.2255592346,35.0278396606,0,35.0278396606,35.0278396606,1
771,720,8,0.0001,0.01,0.75,0.9,35.1839332581,0,35.1839332581,35.1839332581,35.4857177734,0,35.4857177734,35.4857177734,1
772,732,16,0.01,0,0.75,0.3,35.105884552,0,35.105884552,35.105884552,34.9445838928,0,34.9445838928,34.9445838928,1
773,1030,32,0.0001,0,0.5,0.9,35.1006813049,0,35.1006813049,35.1006813049,34.7156448364,0,34.7156448364,34.7156448364,1
774,1045,32,0.0001,0.0001,0.5,0.9,35.0954780579,0,35.0954780579,35.0954780579,34.7156448364,0,34.7156448364,34.7156448364,1
775,10,0,0.01,0,0.5,0.9,35.0902748108,0,35.0902748108,35.0902748108,34.8769416809,0,34.8769416809,34.8769416809,1
776,1060,32,0.0001,0.001,0.5,0.9,35.0902748108,0,35.0902748108,35.0902748108,34.7156448364,0,34.7156448364,34.7156448364,1
777,1133,64,0.01,0.01,0.5,0.5,35.0642585754,0,35.0642585754,35.0642585754,35.1527137756,0,35.1527137756,35.1527137756,1
778,870,16,0.0001,0.0001,0.75,0.9,35.0278396606,0,35.0278396606,35.0278396606,34.960193634,0,34.960193634,34.960193634,1
779,855,16,0.0001,0,0.75,0.9,35.0226325989,0,35.0226325989,35.0226325989,34.9654006958,0,34.9654006958,34.9654006958,1
780,1075,32,0.0001,0.01,0.5,0.9,35.0226325989,0,35.0226325989,35.0226325989,34.6792221069,0,34.6792221069,34.6792221069,1
781,885,16,0.0001,0.001,0.75,0.9,35.0174293518,0,35.0174293518,35.0174293518,34.9654006958,0,34.9654006958,34.9654006958,1
782,762,16,0.01,0.001,0.75,0.3,35.0122261047,0,35.0122261047,35.0122261047,34.7676773071,0,34.7676773071,34.7676773071,1
783,900,16,0.0001,0.01,0.75,0.9,34.9914131165,0,34.9914131165,34.9914131165,34.960193634,0,34.960193634,34.960193634,1
784,1117,64,0.01,0.001,0.5,0.3,34.9862098694,0,34.9862098694,34.9862098694,34.6896286011,0,34.6896286011,34.6896286011,1
785,958,32,0.01,0.01,0.75,0.5,34.9654006958,0,34.9654006958,34.9654006958,34.9914131165,0,34.9914131165,34.9914131165,1
786,25,0,0.01,0.0001,0.5,0.9,34.960193634,0,34.960193634,34.960193634,34.8145065308,0,34.8145065308,34.8145065308,1
787,912,32,0.01,0,0.75,0.3,34.9237747192,0,34.9237747192,34.9237747192,34.6323928833,0,34.6323928833,34.6323928833,1
788,943,32,0.01,0.001,0.75,0.5,34.9133682251,0,34.9133682251,34.9133682251,34.887348175,0,34.887348175,34.887348175,1
789,927,32,0.01,0.0001,0.75,0.3,34.8457260132,0,34.8457260132,34.8457260132,34.4971122742,0,34.4971122742,34.4971122742,1
790,942,32,0.01,0.001,0.75,0.3,34.8301124573,0,34.8301124573,34.8301124573,34.5283317566,0,34.5283317566,34.5283317566,1
791,957,32,0.01,0.01,0.75,0.3,34.8041000366,0,34.8041000366,34.8041000366,34.6323928833,0,34.6323928833,34.6323928833,1
792,1204,64,0.0001,0,0.25,0.7,34.7728805542,0,34.7728805542,34.7728805542,34.3097991943,0,34.3097991943,34.3097991943,1
793,1219,64,0.0001,0.0001,0.25,0.7,34.7728805542,0,34.7728805542,34.7728805542,34.3045959473,0,34.3045959473,34.3045959473,1
794,1234,64,0.0001,0.001,0.25,0.7,34.7728805542,0,34.7728805542,34.7728805542,34.3202018738,0,34.3202018738,34.3202018738,1
795,1249,64,0.0001,0.01,0.25,0.7,34.7364578247,0,34.7364578247,34.7364578247,34.2993927002,0,34.2993927002,34.2993927002,1
796,350,2,0.0001,0.01,0.25,0.9,34.6532058716,0,34.6532058716,34.6532058716,35.3400306702,0,35.3400306702,35.3400306702,1
797,38,0,0.01,0.001,0.5,0.5,34.6427993774,0,34.6427993774,34.6427993774,34.684425354,0,34.684425354,34.684425354,1
798,1235,64,0.0001,0.001,0.25,0.9,34.6011772156,0,34.6011772156,34.6011772156,34.0808563232,0,34.0808563232,34.0808563232,1
799,1205,64,0.0001,0,0.25,0.9,34.5959739685,0,34.5959739685,34.5959739685,34.0860595703,0,34.0860595703,34.0860595703,1
800,1220,64,0.0001,0.0001,0.25,0.9,34.5959739685,0,34.5959739685,34.5959739685,34.0860595703,0,34.0860595703,34.0860595703,1
801,305,2,0.0001,0,0.25,0.9,34.5803604126,0,34.5803604126,34.5803604126,35.3140106201,0,35.3140106201,35.3140106201,1
802,1106,64,0.01,0.0001,0.75,0.1,34.5803604126,0,34.5803604126,34.5803604126,34.3462181091,0,34.3462181091,34.3462181091,1
803,1250,64,0.0001,0.01,0.25,0.9,34.5699539185,0,34.5699539185,34.5699539185,34.0340270996,0,34.0340270996,34.0340270996,1
804,1052,32,0.0001,0.001,0.25,0.3,34.5491447449,0,34.5491447449,34.5491447449,34.9862098694,0,34.9862098694,34.9862098694,1
805,1067,32,0.0001,0.01,0.25,0.3,34.5491447449,0,34.5491447449,34.5491447449,35.0226325989,0,35.0226325989,35.0226325989,1
806,320,2,0.0001,0.0001,0.25,0.9,34.5387382507,0,34.5387382507,34.5387382507,35.3244171143,0,35.3244171143,35.3244171143,1
807,1037,32,0.0001,0.0001,0.25,0.3,34.5387382507,0,34.5387382507,34.5387382507,34.9966163635,0,34.9966163635,34.9966163635,1
808,1022,32,0.0001,0,0.25,0.3,34.5335350037,0,34.5335350037,34.5335350037,34.960193634,0,34.960193634,34.960193634,1
809,335,2,0.0001,0.001,0.25,0.9,34.5231246948,0,34.5231246948,34.5231246948,35.3244171143,0,35.3244171143,35.3244171143,1
810,1248,64,0.0001,0.01,0.25,0.5,34.5231246948,0,34.5231246948,34.5231246948,34.3878440857,0,34.3878440857,34.3878440857,1
811,1203,64,0.0001,0,0.25,0.5,34.4971122742,0,34.4971122742,34.4971122742,34.356628418,0,34.356628418,34.356628418,1
812,1218,64,0.0001,0.0001,0.25,0.5,34.4971122742,0,34.4971122742,34.4971122742,34.361831665,0,34.361831665,34.361831665,1
813,714,8,0.0001,0.01,0.5,0.7,34.481502533,0,34.481502533,34.481502533,34.5543479919,0,34.5543479919,34.5543479919,1
814,14,0,0.01,0,0.75,0.7,34.4762992859,0,34.4762992859,34.4762992859,34.2681694031,0,34.2681694031,34.2681694031,1
815,1233,64,0.0001,0.001,0.25,0.5,34.4762992859,0,34.4762992859,34.4762992859,34.335811615,0,34.335811615,34.335811615,1
816,699,8,0.0001,0.001,0.5,0.7,34.4606895447,0,34.4606895447,34.4606895447,34.5179214478,0,34.5179214478,34.5179214478,1
817,684,8,0.0001,0.0001,0.5,0.7,34.4450798035,0,34.4450798035,34.4450798035,34.5439414978,0,34.5439414978,34.5439414978,1
818,669,8,0.0001,0,0.5,0.7,34.4346733093,0,34.4346733093,34.4346733093,34.5179214478,0,34.5179214478,34.5179214478,1
819,45,0,0.01,0.001,0.75,0.9,34.4242668152,0,34.4242668152,34.4242668152,34.1953277588,0,34.1953277588,34.1953277588,1
820,8,0,0.01,0,0.5,0.5,34.413860321,0,34.413860321,34.413860321,34.5803604126,0,34.5803604126,34.5803604126,1
821,51,0,0.01,0.01,0.5,0.1,34.3982505798,0,34.3982505798,34.3982505798,34.1589050293,0,34.1589050293,34.1589050293,1
822,746,16,0.01,0.0001,0.75,0.1,34.3982505798,0,34.3982505798,34.3982505798,33.9559783936,0,33.9559783936,33.9559783936,1
823,1073,32,0.0001,0.01,0.5,0.5,34.3982505798,0,34.3982505798,34.3982505798,34.3514251709,0,34.3514251709,34.3514251709,1
824,1028,32,0.0001,0,0.5,0.5,34.3722343445,0,34.3722343445,34.3722343445,34.3097991943,0,34.3097991943,34.3097991943,1
825,1043,32,0.0001,0.0001,0.5,0.5,34.3670310974,0,34.3670310974,34.3670310974,34.3097991943,0,34.3097991943,34.3097991943,1
826,29,0,0.01,0.0001,0.75,0.7,34.356628418,0,34.356628418,34.356628418,34.408657074,0,34.408657074,34.408657074,1
827,913,32,0.01,0,0.75,0.5,34.356628418,0,34.356628418,34.356628418,34.3202018738,0,34.3202018738,34.3202018738,1
828,1058,32,0.0001,0.001,0.5,0.5,34.3514251709,0,34.3514251709,34.3514251709,34.3149986267,0,34.3149986267,34.3149986267,1
829,44,0,0.01,0.001,0.75,0.7,34.3149986267,0,34.3149986267,34.3149986267,34.3254051208,0,34.3254051208,34.3254051208,1
830,15,0,0.01,0,0.75,0.9,34.2993927002,0,34.2993927002,34.2993927002,34.3097991943,0,34.3097991943,34.3097991943,1
831,21,0,0.01,0.0001,0.5,0.1,34.2889862061,0,34.2889862061,34.2889862061,34.2785758972,0,34.2785758972,34.2785758972,1
832,1109,64,0.01,0.0001,0.75,0.7,34.2785758972,0,34.2785758972,34.2785758972,33.9872016907,0,33.9872016907,33.9872016907,1
833,1123,64,0.01,0.001,0.75,0.5,34.2785758972,0,34.2785758972,34.2785758972,34.1641082764,0,34.1641082764,34.1641082764,1
834,1118,64,0.01,0.001,0.5,0.5,34.262966156,0,34.262966156,34.262966156,34.3097991943,0,34.3097991943,34.3097991943,1
835,1247,64,0.0001,0.01,0.25,0.3,34.2577667236,0,34.2577667236,34.2577667236,34.3045959473,0,34.3045959473,34.3045959473,1
836,60,0,0.01,0.01,0.75,0.9,34.2525634766,0,34.2525634766,34.2525634766,33.93516922,0,33.93516922,33.93516922,1
837,1121,64,0.01,0.001,0.75,0.1,34.2473602295,0,34.2473602295,34.2473602295,33.9299659729,0,33.9299659729,33.9299659729,1
838,928,32,0.01,0.0001,0.75,0.5,34.2369537354,0,34.2369537354,34.2369537354,33.9299659729,0,33.9299659729,33.9299659729,1
839,1217,64,0.0001,0.0001,0.25,0.3,34.2369537354,0,34.2369537354,34.2369537354,34.3045959473,0,34.3045959473,34.3045959473,1
840,1202,64,0.0001,0,0.25,0.3,34.2317504883,0,34.2317504883,34.2317504883,34.3149986267,0,34.3149986267,34.3149986267,1
841,1232,64,0.0001,0.001,0.25,0.3,34.2317504883,0,34.2317504883,34.2317504883,34.3254051208,0,34.3254051208,34.3254051208,1
842,23,0,0.01,0.0001,0.5,0.5,34.2161369324,0,34.2161369324,34.2161369324,34.065246582,0,34.065246582,34.065246582,1
843,761,16,0.01,0.001,0.75,0.1,34.2005310059,0,34.2005310059,34.2005310059,33.8363075256,0,33.8363075256,33.8363075256,1
844,1094,64,0.01,0,0.75,0.7,34.1901245117,0,34.1901245117,34.1901245117,33.9299659729,0,33.9299659729,33.9299659729,1
845,6,0,0.01,0,0.5,0.1,34.1484985352,0,34.1484985352,34.1484985352,34.1068725586,0,34.1068725586,34.1068725586,1
846,1103,64,0.01,0.0001,0.5,0.5,34.1432952881,0,34.1432952881,34.1432952881,34.1484985352,0,34.1484985352,34.1484985352,1
847,956,32,0.01,0.01,0.75,0.1,34.1276855469,0,34.1276855469,34.1276855469,33.8831367493,0,33.8831367493,33.8831367493,1
848,1139,64,0.01,0.01,0.75,0.7,34.1224822998,0,34.1224822998,34.1224822998,33.8727302551,0,33.8727302551,33.8727302551,1
849,59,0,0.01,0.01,0.75,0.7,34.0912628174,0,34.0912628174,34.0912628174,34.0184173584,0,34.0184173584,34.0184173584,1
850,893,16,0.0001,0.01,0.5,0.5,34.0912628174,0,34.0912628174,34.0912628174,33.9611816406,0,33.9611816406,33.9611816406,1
851,848,16,0.0001,0,0.5,0.5,34.0860595703,0,34.0860595703,34.0860595703,33.9924049377,0,33.9924049377,33.9924049377,1
852,878,16,0.0001,0.001,0.5,0.5,34.0808563232,0,34.0808563232,34.0808563232,33.9767913818,0,33.9767913818,33.9767913818,1
853,863,16,0.0001,0.0001,0.5,0.5,34.0756530762,0,34.0756530762,34.0756530762,33.9924049377,0,33.9924049377,33.9924049377,1
854,36,0,0.01,0.001,0.5,0.1,34.0496406555,0,34.0496406555,34.0496406555,33.9819984436,0,33.9819984436,33.9819984436,1
855,1088,64,0.01,0,0.5,0.5,33.9611816406,0,33.9611816406,33.9611816406,34.060043335,0,34.060043335,34.060043335,1
856,1091,64,0.01,0,0.75,0.1,33.9507751465,0,33.9507751465,33.9507751465,33.737449646,0,33.737449646,33.737449646,1
857,1107,64,0.01,0.0001,0.75,0.3,33.9507751465,0,33.9507751465,33.9507751465,33.8259010315,0,33.8259010315,33.8259010315,1
858,65,0,0.001,0,0.25,0.9,33.9455757141,0,33.9455757141,33.9455757141,33.7530555725,0,33.7530555725,33.7530555725,1
859,887,16,0.0001,0.01,0.25,0.3,33.9299659729,0,33.9299659729,33.9299659729,34.1016693115,0,34.1016693115,34.1016693115,1
860,1254,64,0.0001,0.01,0.5,0.7,33.9195594788,0,33.9195594788,33.9195594788,33.4044418335,0,33.4044418335,33.4044418335,1
861,80,0,0.001,0.0001,0.25,0.9,33.9091491699,0,33.9091491699,33.9091491699,33.8154945374,0,33.8154945374,33.8154945374,1
862,857,16,0.0001,0.0001,0.25,0.3,33.9039459229,0,33.9039459229,33.9039459229,34.1276855469,0,34.1276855469,34.1276855469,1
863,1239,64,0.0001,0.001,0.5,0.7,33.9039459229,0,33.9039459229,33.9039459229,33.3888320923,0,33.3888320923,33.3888320923,1
864,95,0,0.001,0.001,0.25,0.9,33.8987464905,0,33.8987464905,33.8987464905,34.0132141113,0,34.0132141113,34.0132141113,1
865,1209,64,0.0001,0,0.5,0.7,33.8935432434,0,33.8935432434,33.8935432434,33.3888320923,0,33.3888320923,33.3888320923,1
866,1224,64,0.0001,0.0001,0.5,0.7,33.8935432434,0,33.8935432434,33.8935432434,33.3784294128,0,33.3784294128,33.3784294128,1
867,842,16,0.0001,0,0.25,0.3,33.8831367493,0,33.8831367493,33.8831367493,34.1276855469,0,34.1276855469,34.1276855469,1
868,872,16,0.0001,0.001,0.25,0.3,33.8727302551,0,33.8727302551,33.8727302551,34.138092041,0,34.138092041,34.138092041,1
869,1137,64,0.01,0.01,0.75,0.3,33.8571205139,0,33.8571205139,33.8571205139,33.6750106812,0,33.6750106812,33.6750106812,1
870,540,4,0.0001,0.01,0.75,0.9,33.8519172668,0,33.8519172668,33.8519172668,34.0444374084,0,34.0444374084,34.0444374084,1
871,926,32,0.01,0.0001,0.75,0.1,33.8467140198,0,33.8467140198,33.8467140198,33.6073684692,0,33.6073684692,33.6073684692,1
872,911,32,0.01,0,0.75,0.1,33.8363075256,0,33.8363075256,33.8363075256,33.4876937866,0,33.4876937866,33.4876937866,1
873,941,32,0.01,0.001,0.75,0.1,33.8311042786,0,33.8311042786,33.8311042786,33.6906204224,0,33.6906204224,33.6906204224,1
874,510,4,0.0001,0.0001,0.75,0.9,33.8102912903,0,33.8102912903,33.8102912903,34.0132141113,0,34.0132141113,34.0132141113,1
875,495,4,0.0001,0,0.75,0.9,33.8050880432,0,33.8050880432,33.8050880432,34.0132141113,0,34.0132141113,34.0132141113,1
876,525,4,0.0001,0.001,0.75,0.9,33.8050880432,0,33.8050880432,33.8050880432,33.9715881348,0,33.9715881348,33.9715881348,1
877,1124,64,0.01,0.001,0.75,0.7,33.7842750549,0,33.7842750549,33.7842750549,33.6021614075,0,33.6021614075,33.6021614075,1
878,1051,32,0.0001,0.001,0.25,0.1,33.7686653137,0,33.7686653137,33.7686653137,33.9195594788,0,33.9195594788,33.9195594788,1
879,1036,32,0.0001,0.0001,0.25,0.1,33.7634620667,0,33.7634620667,33.7634620667,33.8935432434,0,33.8935432434,33.8935432434,1
880,1138,64,0.01,0.01,0.75,0.5,33.7634620667,0,33.7634620667,33.7634620667,33.6489906311,0,33.6489906311,33.6489906311,1
881,1021,32,0.0001,0,0.25,0.1,33.7582588196,0,33.7582588196,33.7582588196,33.9039459229,0,33.9039459229,33.9039459229,1
882,1066,32,0.0001,0.01,0.25,0.1,33.737449646,0,33.737449646,33.737449646,33.8831367493,0,33.8831367493,33.8831367493,1
883,30,0,0.01,0.0001,0.75,0.9,33.6958198547,0,33.6958198547,33.6958198547,33.7790718079,0,33.7790718079,33.7790718079,1
884,678,8,0.0001,0.0001,0.25,0.5,33.6750106812,0,33.6750106812,33.6750106812,33.586555481,0,33.586555481,33.586555481,1
885,1092,64,0.01,0,0.75,0.3,33.6698074341,0,33.6698074341,33.6698074341,33.3940353394,0,33.3940353394,33.3940353394,1
886,1035,32,0.0001,0,0.75,0.9,33.6541938782,0,33.6541938782,33.6541938782,33.440864563,0,33.440864563,33.440864563,1
887,1050,32,0.0001,0.0001,0.75,0.9,33.643787384,0,33.643787384,33.643787384,33.440864563,0,33.440864563,33.440864563,1
888,1065,32,0.0001,0.001,0.75,0.9,33.6385879517,0,33.6385879517,33.6385879517,33.4304618835,0,33.4304618835,33.4304618835,1
889,708,8,0.0001,0.01,0.25,0.5,33.6281814575,0,33.6281814575,33.6281814575,33.6750106812,0,33.6750106812,33.6750106812,1
890,1080,32,0.0001,0.01,0.75,0.9,33.6281814575,0,33.6281814575,33.6281814575,33.4200515747,0,33.4200515747,33.4200515747,1
891,110,0,0.001,0.01,0.25,0.9,33.6125717163,0,33.6125717163,33.6125717163,33.7478523254,0,33.7478523254,33.7478523254,1
892,1210,64,0.0001,0,0.5,0.9,33.6073684692,0,33.6073684692,33.6073684692,33.1911125183,0,33.1911125183,33.1911125183,1
893,1240,64,0.0001,0.001,0.5,0.9,33.6073684692,0,33.6073684692,33.6073684692,33.2119255066,0,33.2119255066,33.2119255066,1
894,1225,64,0.0001,0.0001,0.5,0.9,33.5969581604,0,33.5969581604,33.5969581604,33.1963157654,0,33.1963157654,33.1963157654,1
895,693,8,0.0001,0.001,0.25,0.5,33.5813522339,0,33.5813522339,33.5813522339,33.5345230103,0,33.5345230103,33.5345230103,1
896,663,8,0.0001,0,0.25,0.5,33.5761489868,0,33.5761489868,33.5761489868,33.5293197632,0,33.5293197632,33.5293197632,1
897,1108,64,0.01,0.0001,0.75,0.5,33.5709457397,0,33.5709457397,33.5709457397,33.3524093628,0,33.3524093628,33.3524093628,1
898,1255,64,0.0001,0.01,0.5,0.9,33.5605392456,0,33.5605392456,33.5605392456,33.1859092712,0,33.1859092712,33.1859092712,1
899,355,2,0.0001,0.01,0.5,0.9,33.5449295044,0,33.5449295044,33.5449295044,34.0964660645,0,34.0964660645,34.0964660645,1
900,340,2,0.0001,0.001,0.5,0.9,33.5397262573,0,33.5397262573,33.5397262573,34.0288238525,0,34.0288238525,34.0288238525,1
901,1122,64,0.01,0.001,0.75,0.3,33.4616775513,0,33.4616775513,33.4616775513,33.4460678101,0,33.4460678101,33.4460678101,1
902,1253,64,0.0001,0.01,0.5,0.5,33.4616775513,0,33.4616775513,33.4616775513,33.1078605652,0,33.1078605652,33.1078605652,1
903,325,2,0.0001,0.0001,0.5,0.9,33.4564743042,0,33.4564743042,33.4564743042,33.8883399963,0,33.8883399963,33.8883399963,1
904,869,16,0.0001,0.0001,0.75,0.7,33.4564743042,0,33.4564743042,33.4564743042,33.6958198547,0,33.6958198547,33.6958198547,1
905,899,16,0.0001,0.01,0.75,0.7,33.4512710571,0,33.4512710571,33.4512710571,33.737449646,0,33.737449646,33.737449646,1
906,854,16,0.0001,0,0.75,0.7,33.4460678101,0,33.4460678101,33.4460678101,33.6750106812,0,33.6750106812,33.6750106812,1
907,884,16,0.0001,0.001,0.75,0.7,33.4356613159,0,33.4356613159,33.4356613159,33.7010231018,0,33.7010231018,33.7010231018,1
908,310,2,0.0001,0,0.5,0.9,33.4304618835,0,33.4304618835,33.4304618835,33.8831367493,0,33.8831367493,33.8831367493,1
909,1246,64,0.0001,0.01,0.25,0.1,33.4252548218,0,33.4252548218,33.4252548218,33.5033035278,0,33.5033035278,33.5033035278,1
910,1223,64,0.0001,0.0001,0.5,0.5,33.4200515747,0,33.4200515747,33.4200515747,33.0506248474,0,33.0506248474,33.0506248474,1
911,1238,64,0.0001,0.001,0.5,0.5,33.4200515747,0,33.4200515747,33.4200515747,33.0714416504,0,33.0714416504,33.0714416504,1
912,1208,64,0.0001,0,0.5,0.5,33.4148483276,0,33.4148483276,33.4148483276,33.0454216003,0,33.0454216003,33.0454216003,1
913,1216,64,0.0001,0.0001,0.25,0.1,33.3836326599,0,33.3836326599,33.3836326599,33.5241165161,0,33.5241165161,33.5241165161,1
914,1231,64,0.0001,0.001,0.25,0.1,33.3836326599,0,33.3836326599,33.3836326599,33.513710022,0,33.513710022,33.513710022,1
915,1201,64,0.0001,0,0.25,0.1,33.3784294128,0,33.3784294128,33.3784294128,33.513710022,0,33.513710022,33.513710022,1
916,1072,32,0.0001,0.01,0.5,0.3,33.3680229187,0,33.3680229187,33.3680229187,33.4512710571,0,33.4512710571,33.4512710571,1
917,28,0,0.01,0.0001,0.75,0.5,33.3524093628,0,33.3524093628,33.3524093628,33.295173645,0,33.295173645,33.295173645,1
918,7,0,0.01,0,0.5,0.3,33.3316001892,0,33.3316001892,33.3316001892,33.2691612244,0,33.2691612244,33.2691612244,1
919,37,0,0.01,0.001,0.5,0.3,33.3316001892,0,33.3316001892,33.3316001892,33.1494865417,0,33.1494865417,33.1494865417,1
920,1027,32,0.0001,0,0.5,0.3,33.315990448,0,33.315990448,33.315990448,33.3940353394,0,33.3940353394,33.3940353394,1
921,1042,32,0.0001,0.0001,0.5,0.3,33.3055839539,0,33.3055839539,33.3055839539,33.3992385864,0,33.3992385864,33.3992385864,1
922,1057,32,0.0001,0.001,0.5,0.3,33.3055839539,0,33.3055839539,33.3055839539,33.4044418335,0,33.4044418335,33.4044418335,1
923,1093,64,0.01,0,0.75,0.5,33.2899703979,0,33.2899703979,33.2899703979,33.1390800476,0,33.1390800476,33.1390800476,1
924,22,0,0.01,0.0001,0.5,0.3,33.2483482361,0,33.2483482361,33.2483482361,33.0558319092,0,33.0558319092,33.0558319092,1
925,1079,32,0.0001,0.01,0.75,0.7,33.2483482361,0,33.2483482361,33.2483482361,33.4512710571,0,33.4512710571,33.4512710571,1
926,1034,32,0.0001,0,0.75,0.7,33.2119255066,0,33.2119255066,33.2119255066,33.4356613159,0,33.4356613159,33.4356613159,1
927,1049,32,0.0001,0.0001,0.75,0.7,33.2119255066,0,33.2119255066,33.2119255066,33.440864563,0,33.440864563,33.440864563,1
928,1064,32,0.0001,0.001,0.75,0.7,33.2067222595,0,33.2067222595,33.2067222595,33.4096450806,0,33.4096450806,33.4096450806,1
929,52,0,0.01,0.01,0.5,0.3,33.2015190125,0,33.2015190125,33.2015190125,33.2275352478,0,33.2275352478,33.2275352478,1
930,100,0,0.001,0.001,0.5,0.9,33.1911125183,0,33.1911125183,33.1911125183,33.2535514832,0,33.2535514832,33.2535514832,1
931,13,0,0.01,0,0.75,0.5,33.1182670593,0,33.1182670593,33.1182670593,33.295173645,0,33.295173645,33.295173645,1
932,85,0,0.001,0.0001,0.5,0.9,33.0766410828,0,33.0766410828,33.0766410828,33.7530555725,0,33.7530555725,33.7530555725,1
933,70,0,0.001,0,0.5,0.9,33.0558319092,0,33.0558319092,33.0558319092,33.0246086121,0,33.0246086121,33.0246086121,1
934,115,0,0.001,0.01,0.5,0.9,33.0454216003,0,33.0454216003,33.0454216003,32.9465637207,0,32.9465637207,32.9465637207,1
935,1222,64,0.0001,0.0001,0.5,0.3,32.9881858826,0,32.9881858826,32.9881858826,32.6447792053,0,32.6447792053,32.6447792053,1
936,1237,64,0.0001,0.001,0.5,0.3,32.9881858826,0,32.9881858826,32.9881858826,32.6291694641,0,32.6291694641,32.6291694641,1
937,1207,64,0.0001,0,0.5,0.3,32.9829826355,0,32.9829826355,32.9829826355,32.6395759583,0,32.6395759583,32.6395759583,1
938,1252,64,0.0001,0.01,0.5,0.3,32.9517669678,0,32.9517669678,32.9517669678,32.670791626,0,32.670791626,32.670791626,1
939,499,4,0.0001,0.0001,0.25,0.7,32.7956695557,0,32.7956695557,32.7956695557,33.295173645,0,33.295173645,33.295173645,1
940,484,4,0.0001,0,0.25,0.7,32.7800598145,0,32.7800598145,32.7800598145,33.2847671509,0,33.2847671509,33.2847671509,1
941,514,4,0.0001,0.001,0.25,0.7,32.7644538879,0,32.7644538879,32.7644538879,33.3107872009,0,33.3107872009,33.3107872009,1
942,529,4,0.0001,0.01,0.25,0.7,32.743637085,0,32.743637085,32.743637085,33.3680229187,0,33.3680229187,33.3680229187,1
943,43,0,0.01,0.001,0.75,0.5,32.7020149231,0,32.7020149231,32.7020149231,32.967376709,0,32.967376709,32.967376709,1
944,892,16,0.0001,0.01,0.5,0.3,32.5667304993,0,32.5667304993,32.5667304993,32.5094947815,0,32.5094947815,32.5094947815,1
945,58,0,0.01,0.01,0.75,0.5,32.5355110168,0,32.5355110168,32.5355110168,32.3325881958,0,32.3325881958,32.3325881958,1
946,1251,64,0.0001,0.01,0.5,0.1,32.4886817932,0,32.4886817932,32.4886817932,32.270149231,0,32.270149231,32.270149231,1
947,1236,64,0.0001,0.001,0.5,0.1,32.4782752991,0,32.4782752991,32.4782752991,32.2805557251,0,32.2805557251,32.2805557251,1
948,1221,64,0.0001,0.0001,0.5,0.1,32.473072052,0,32.473072052,32.473072052,32.3065681458,0,32.3065681458,32.3065681458,1
949,877,16,0.0001,0.001,0.5,0.3,32.4678688049,0,32.4678688049,32.4678688049,32.3794174194,0,32.3794174194,32.3794174194,1
950,1206,64,0.0001,0,0.5,0.1,32.4678688049,0,32.4678688049,32.4678688049,32.2961654663,0,32.2961654663,32.2961654663,1
951,871,16,0.0001,0.001,0.25,0.1,32.4626655579,0,32.4626655579,32.4626655579,32.8424987793,0,32.8424987793,32.8424987793,1
952,886,16,0.0001,0.01,0.25,0.1,32.4626655579,0,32.4626655579,32.4626655579,32.89453125,0,32.89453125,32.89453125,1
953,856,16,0.0001,0.0001,0.25,0.1,32.4574623108,0,32.4574623108,32.4574623108,32.8581085205,0,32.8581085205,32.8581085205,1
954,862,16,0.0001,0.0001,0.5,0.3,32.4522628784,0,32.4522628784,32.4522628784,32.3794174194,0,32.3794174194,32.3794174194,1
955,841,16,0.0001,0,0.25,0.1,32.4366493225,0,32.4366493225,32.4366493225,32.8685150146,0,32.8685150146,32.8685150146,1
956,847,16,0.0001,0,0.5,0.3,32.4314460754,0,32.4314460754,32.4314460754,32.3898239136,0,32.3898239136,32.3898239136,1
957,27,0,0.01,0.0001,0.75,0.3,32.4106330872,0,32.4106330872,32.4106330872,32.3117752075,0,32.3117752075,32.3117752075,1
958,713,8,0.0001,0.01,0.5,0.5,32.3898239136,0,32.3898239136,32.3898239136,32.1868972778,0,32.1868972778,32.1868972778,1
959,1244,64,0.0001,0.001,0.75,0.7,32.3794174194,0,32.3794174194,32.3794174194,32.0776329041,0,32.0776329041,32.0776329041,1
960,1214,64,0.0001,0,0.75,0.7,32.3742103577,0,32.3742103577,32.3742103577,32.0672225952,0,32.0672225952,32.0672225952,1
961,1229,64,0.0001,0.0001,0.75,0.7,32.3742103577,0,32.3742103577,32.3742103577,32.0672225952,0,32.0672225952,32.0672225952,1
962,683,8,0.0001,0.0001,0.5,0.5,32.3638038635,0,32.3638038635,32.3638038635,32.1504745483,0,32.1504745483,32.1504745483,1
963,698,8,0.0001,0.001,0.5,0.5,32.3638038635,0,32.3638038635,32.3638038635,32.1712875366,0,32.1712875366,32.1712875366,1
964,1259,64,0.0001,0.01,0.75,0.7,32.3586006165,0,32.3586006165,32.3586006165,32.1088485718,0,32.1088485718,32.1088485718,1
965,668,8,0.0001,0,0.5,0.5,32.3534011841,0,32.3534011841,32.3534011841,32.1348648071,0,32.1348648071,32.1348648071,1
966,26,0,0.01,0.0001,0.75,0.1,32.348197937,0,32.348197937,32.348197937,32.3586006165,0,32.3586006165,32.3586006165,1
967,11,0,0.01,0,0.75,0.1,32.3273849487,0,32.3273849487,32.3273849487,32.275352478,0,32.275352478,32.275352478,1
968,41,0,0.01,0.001,0.75,0.1,32.2961654663,0,32.2961654663,32.2961654663,32.0880393982,0,32.0880393982,32.0880393982,1
969,1026,32,0.0001,0,0.5,0.1,32.270149231,0,32.270149231,32.270149231,32.3794174194,0,32.3794174194,32.3794174194,1
970,1056,32,0.0001,0.001,0.5,0.1,32.270149231,0,32.270149231,32.270149231,32.3742103577,0,32.3742103577,32.3742103577,1
971,1041,32,0.0001,0.0001,0.5,0.1,32.2597427368,0,32.2597427368,32.2597427368,32.3690071106,0,32.3690071106,32.3690071106,1
972,1260,64,0.0001,0.01,0.75,0.9,32.2493362427,0,32.2493362427,32.2493362427,32.0099906921,0,32.0099906921,32.0099906921,1
973,1215,64,0.0001,0,0.75,0.9,32.202507019,0,32.202507019,32.202507019,32.0308036804,0,32.0308036804,32.0308036804,1
974,1230,64,0.0001,0.0001,0.75,0.9,32.202507019,0,32.202507019,32.202507019,32.0256004333,0,32.0256004333,32.0256004333,1
975,1245,64,0.0001,0.001,0.75,0.9,32.197303772,0,32.197303772,32.197303772,32.0203971863,0,32.0203971863,32.0203971863,1
976,57,0,0.01,0.01,0.75,0.3,32.1816940308,0,32.1816940308,32.1816940308,32.0776329041,0,32.0776329041,32.0776329041,1
977,56,0,0.01,0.01,0.75,0.1,32.1660842896,0,32.1660842896,32.1660842896,32.1140518188,0,32.1140518188,32.1140518188,1
978,12,0,0.01,0,0.75,0.3,32.1504745483,0,32.1504745483,32.1504745483,32.0568161011,0,32.0568161011,32.0568161011,1
979,704,8,0.0001,0.001,0.75,0.7,32.1296615601,0,32.1296615601,32.1296615601,32.2857589722,0,32.2857589722,32.2857589722,1
980,719,8,0.0001,0.01,0.75,0.7,32.1296615601,0,32.1296615601,32.1296615601,32.2493362427,0,32.2493362427,32.2493362427,1
981,674,8,0.0001,0,0.75,0.7,32.124458313,0,32.124458313,32.124458313,32.2961654663,0,32.2961654663,32.2961654663,1
982,689,8,0.0001,0.0001,0.75,0.7,32.124458313,0,32.124458313,32.124458313,32.270149231,0,32.270149231,32.270149231,1
983,42,0,0.01,0.001,0.75,0.3,32.1192550659,0,32.1192550659,32.1192550659,32.0412101746,0,32.0412101746,32.0412101746,1
984,1063,32,0.0001,0.001,0.75,0.5,31.9995822906,0,31.9995822906,31.9995822906,32.4262428284,0,32.4262428284,32.4262428284,1
985,1033,32,0.0001,0,0.75,0.5,31.9891777039,0,31.9891777039,31.9891777039,32.3950271606,0,32.3950271606,32.3950271606,1
986,1048,32,0.0001,0.0001,0.75,0.5,31.9891777039,0,31.9891777039,31.9891777039,32.3950271606,0,32.3950271606,32.3950271606,1
987,883,16,0.0001,0.001,0.75,0.5,31.9787712097,0,31.9787712097,31.9787712097,32.1088485718,0,32.1088485718,32.1088485718,1
988,1078,32,0.0001,0.01,0.75,0.5,31.9735679626,0,31.9735679626,31.9735679626,32.4262428284,0,32.4262428284,32.4262428284,1
989,868,16,0.0001,0.0001,0.75,0.5,31.926738739,0,31.926738739,31.926738739,31.9943790436,0,31.9943790436,31.9943790436,1
990,898,16,0.0001,0.01,0.75,0.5,31.9215354919,0,31.9215354919,31.9215354919,32.0828361511,0,32.0828361511,32.0828361511,1
991,853,16,0.0001,0,0.75,0.5,31.9163322449,0,31.9163322449,31.9163322449,31.9995822906,0,31.9995822906,31.9995822906,1
992,1071,32,0.0001,0.01,0.5,0.1,31.8903179169,0,31.8903179169,31.8903179169,32.1088485718,0,32.1088485718,32.1088485718,1
993,677,8,0.0001,0.0001,0.25,0.3,31.7966575623,0,31.7966575623,31.7966575623,31.9111289978,0,31.9111289978,31.9111289978,1
994,662,8,0.0001,0,0.25,0.3,31.7862548828,0,31.7862548828,31.7862548828,31.9007225037,0,31.9007225037,31.9007225037,1
995,692,8,0.0001,0.001,0.25,0.3,31.7758464813,0,31.7758464813,31.7758464813,31.9111289978,0,31.9111289978,31.9111289978,1
996,707,8,0.0001,0.01,0.25,0.3,31.7654399872,0,31.7654399872,31.7654399872,31.848690033,0,31.848690033,31.848690033,1
997,109,0,0.001,0.01,0.25,0.7,31.7394218445,0,31.7394218445,31.7394218445,31.1254463196,0,31.1254463196,31.1254463196,1
998,105,0,0.001,0.001,0.75,0.9,31.7186126709,0,31.7186126709,31.7186126709,31.8070640564,0,31.8070640564,31.8070640564,1
999,75,0,0.001,0,0.75,0.9,31.6873912811,0,31.6873912811,31.6873912811,31.7810497284,0,31.7810497284,31.7810497284,1
1000,64,0,0.001,0,0.25,0.7,31.6821899414,0,31.6821899414,31.6821899414,31.5364990234,0,31.5364990234,31.5364990234,1
1001,90,0,0.001,0.0001,0.75,0.9,31.6145477295,0,31.6145477295,31.6145477295,31.85389328,0,31.85389328,31.85389328,1
1002,534,4,0.0001,0.01,0.5,0.7,31.6145477295,0,31.6145477295,31.6145477295,31.7602367401,0,31.7602367401,31.7602367401,1
1003,504,4,0.0001,0.0001,0.5,0.7,31.5937347412,0,31.5937347412,31.5937347412,31.7654399872,0,31.7654399872,31.7654399872,1
1004,519,4,0.0001,0.001,0.5,0.7,31.5937347412,0,31.5937347412,31.5937347412,31.7706432343,0,31.7706432343,31.7706432343,1
1005,120,0,0.001,0.01,0.75,0.9,31.5833263397,0,31.5833263397,31.5833263397,31.2191066742,0,31.2191066742,31.2191066742,1
1006,489,4,0.0001,0,0.5,0.7,31.5729236603,0,31.5729236603,31.5729236603,31.7862548828,0,31.7862548828,31.7862548828,1
1007,79,0,0.001,0.0001,0.25,0.7,31.5625152588,0,31.5625152588,31.5625152588,31.4844665527,0,31.4844665527,31.4844665527,1
1008,1258,64,0.0001,0.01,0.75,0.5,31.5260944366,0,31.5260944366,31.5260944366,31.4792671204,0,31.4792671204,31.4792671204,1
1009,1243,64,0.0001,0.001,0.75,0.5,31.5156879425,0,31.5156879425,31.5156879425,31.5052814484,0,31.5052814484,31.5052814484,1
1010,1213,64,0.0001,0,0.75,0.5,31.5104846954,0,31.5104846954,31.5104846954,31.4844665527,0,31.4844665527,31.4844665527,1
1011,1228,64,0.0001,0.0001,0.75,0.5,31.5052814484,0,31.5052814484,31.5052814484,31.4896697998,0,31.4896697998,31.4896697998,1
1012,94,0,0.001,0.001,0.25,0.7,31.4896697998,0,31.4896697998,31.4896697998,31.432434082,0,31.432434082,31.432434082,1
1013,891,16,0.0001,0.01,0.5,0.1,31.3856067657,0,31.3856067657,31.3856067657,31.4116249084,0,31.4116249084,31.4116249084,1
1014,861,16,0.0001,0.0001,0.5,0.1,31.333574295,0,31.333574295,31.333574295,31.4116249084,0,31.4116249084,31.4116249084,1
1015,876,16,0.0001,0.001,0.5,0.1,31.328371048,0,31.328371048,31.328371048,31.4168281555,0,31.4168281555,31.4168281555,1
1016,846,16,0.0001,0,0.5,0.1,31.3179664612,0,31.3179664612,31.3179664612,31.4116249084,0,31.4116249084,31.4116249084,1
1017,1062,32,0.0001,0.001,0.75,0.3,31.2087001801,0,31.2087001801,31.2087001801,31.406419754,0,31.406419754,31.406419754,1
1018,1077,32,0.0001,0.01,0.75,0.3,31.203496933,0,31.203496933,31.203496933,31.4376392365,0,31.4376392365,31.4376392365,1
1019,1032,32,0.0001,0,0.75,0.3,31.1774787903,0,31.1774787903,31.1774787903,31.2815437317,0,31.2815437317,31.2815437317,1
1020,1047,32,0.0001,0.0001,0.75,0.3,31.1670742035,0,31.1670742035,31.1670742035,31.2919502258,0,31.2919502258,31.2919502258,1
1021,315,2,0.0001,0,0.75,0.9,31.1254463196,0,31.1254463196,31.1254463196,31.2399177551,0,31.2399177551,31.2399177551,1
1022,345,2,0.0001,0.001,0.75,0.9,31.1098403931,0,31.1098403931,31.1098403931,31.2399177551,0,31.2399177551,31.2399177551,1
1023,330,2,0.0001,0.0001,0.75,0.9,31.104637146,0,31.104637146,31.104637146,31.229511261,0,31.229511261,31.229511261,1
1024,360,2,0.0001,0.01,0.75,0.9,31.0838222504,0,31.0838222504,31.0838222504,31.2503242493,0,31.2503242493,31.2503242493,1
1025,114,0,0.001,0.01,0.5,0.7,30.7248020172,0,30.7248020172,30.7248020172,30.9173202515,0,30.9173202515,30.9173202515,1
1026,1227,64,0.0001,0.0001,0.75,0.3,30.6987876892,0,30.6987876892,30.6987876892,30.9277267456,0,30.9277267456,30.9277267456,1
1027,1212,64,0.0001,0,0.75,0.3,30.6935844421,0,30.6935844421,30.6935844421,30.9277267456,0,30.9277267456,30.9277267456,1
1028,1242,64,0.0001,0.001,0.75,0.3,30.6727714539,0,30.6727714539,30.6727714539,30.9433364868,0,30.9433364868,30.9433364868,1
1029,1257,64,0.0001,0.01,0.75,0.3,30.6623630524,0,30.6623630524,30.6623630524,30.9277267456,0,30.9277267456,30.9277267456,1
1030,69,0,0.001,0,0.5,0.7,30.5374889374,0,30.5374889374,30.5374889374,30.8236637115,0,30.8236637115,30.8236637115,1
1031,78,0,0.001,0.0001,0.25,0.5,30.5322856903,0,30.5322856903,30.5322856903,30.1680622101,0,30.1680622101,30.1680622101,1
1032,99,0,0.001,0.001,0.5,0.7,30.5270824432,0,30.5270824432,30.5270824432,30.7872409821,0,30.7872409821,30.7872409821,1
1033,712,8,0.0001,0.01,0.5,0.3,30.4802532196,0,30.4802532196,30.4802532196,30.5166759491,0,30.5166759491,30.5166759491,1
1034,1226,64,0.0001,0.0001,0.75,0.1,30.4542369843,0,30.4542369843,30.4542369843,30.8288669586,0,30.8288669586,30.8288669586,1
1035,1241,64,0.0001,0.001,0.75,0.1,30.4542369843,0,30.4542369843,30.4542369843,30.8132553101,0,30.8132553101,30.8132553101,1
1036,1256,64,0.0001,0.01,0.75,0.1,30.4542369843,0,30.4542369843,30.4542369843,30.8496799469,0,30.8496799469,30.8496799469,1
1037,1076,32,0.0001,0.01,0.75,0.1,30.4438323975,0,30.4438323975,30.4438323975,30.4646434784,0,30.4646434784,30.4646434784,1
1038,1211,64,0.0001,0,0.75,0.1,30.4438323975,0,30.4438323975,30.4438323975,30.8496799469,0,30.8496799469,30.8496799469,1
1039,667,8,0.0001,0,0.5,0.3,30.4282226562,0,30.4282226562,30.4282226562,30.5062675476,0,30.5062675476,30.5062675476,1
1040,682,8,0.0001,0.0001,0.5,0.3,30.4230175018,0,30.4230175018,30.4230175018,30.4958648682,0,30.4958648682,30.4958648682,1
1041,1061,32,0.0001,0.001,0.75,0.1,30.4230175018,0,30.4230175018,30.4230175018,30.4490356445,0,30.4490356445,30.4490356445,1
1042,697,8,0.0001,0.001,0.5,0.3,30.4178142548,0,30.4178142548,30.4178142548,30.5114707947,0,30.5114707947,30.5114707947,1
1043,1031,32,0.0001,0,0.75,0.1,30.4126110077,0,30.4126110077,30.4126110077,30.4386291504,0,30.4386291504,30.4386291504,1
1044,1046,32,0.0001,0.0001,0.75,0.1,30.4126110077,0,30.4126110077,30.4126110077,30.4438323975,0,30.4438323975,30.4438323975,1
1045,93,0,0.001,0.001,0.25,0.5,30.3865966797,0,30.3865966797,30.3865966797,29.3563671112,0,29.3563671112,29.3563671112,1
1046,63,0,0.001,0,0.25,0.5,30.334564209,0,30.334564209,30.334564209,29.7257938385,0,29.7257938385,29.7257938385,1
1047,84,0,0.001,0.0001,0.5,0.7,30.3293609619,0,30.3293609619,30.3293609619,30.5530967712,0,30.5530967712,30.5530967712,1
1048,676,8,0.0001,0.0001,0.25,0.1,30.2461090088,0,30.2461090088,30.2461090088,30.1420440674,0,30.1420440674,30.1420440674,1
1049,661,8,0.0001,0,0.25,0.1,30.2409076691,0,30.2409076691,30.2409076691,30.1472492218,0,30.1472492218,30.1472492218,1
1050,897,16,0.0001,0.01,0.75,0.3,30.2305011749,0,30.2305011749,30.2305011749,30.4334259033,0,30.4334259033,30.4334259033,1
1051,867,16,0.0001,0.0001,0.75,0.3,30.2252979279,0,30.2252979279,30.2252979279,30.4594402313,0,30.4594402313,30.4594402313,1
1052,706,8,0.0001,0.01,0.25,0.1,30.2148914337,0,30.2148914337,30.2148914337,30.1940765381,0,30.1940765381,30.1940765381,1
1053,852,16,0.0001,0,0.75,0.3,30.2096881866,0,30.2096881866,30.2096881866,30.4646434784,0,30.4646434784,30.4646434784,1
1054,882,16,0.0001,0.001,0.75,0.3,30.1992797852,0,30.1992797852,30.1992797852,30.4594402313,0,30.4594402313,30.4594402313,1
1055,691,8,0.0001,0.001,0.25,0.1,30.1888771057,0,30.1888771057,30.1888771057,30.1888771057,0,30.1888771057,30.1888771057,1
1056,528,4,0.0001,0.01,0.25,0.5,30.1524524689,0,30.1524524689,30.1524524689,30.5999279022,0,30.5999279022,30.5999279022,1
1057,483,4,0.0001,0,0.25,0.5,30.1420440674,0,30.1420440674,30.1420440674,30.5583000183,0,30.5583000183,30.5583000183,1
1058,498,4,0.0001,0.0001,0.25,0.5,30.136844635,0,30.136844635,30.136844635,30.5635032654,0,30.5635032654,30.5635032654,1
1059,513,4,0.0001,0.001,0.25,0.5,30.136844635,0,30.136844635,30.136844635,30.5530967712,0,30.5530967712,30.5530967712,1
1060,108,0,0.001,0.01,0.25,0.5,30.0692024231,0,30.0692024231,30.0692024231,30.1212348938,0,30.1212348938,30.1212348938,1
1061,718,8,0.0001,0.01,0.75,0.5,29.7466049194,0,29.7466049194,29.7466049194,29.6893692017,0,29.6893692017,29.6893692017,1
1062,703,8,0.0001,0.001,0.75,0.5,29.7361965179,0,29.7361965179,29.7361965179,29.6685581207,0,29.6685581207,29.6685581207,1
1063,673,8,0.0001,0,0.75,0.5,29.7309932709,0,29.7309932709,29.7309932709,29.6893692017,0,29.6893692017,29.6893692017,1
1064,688,8,0.0001,0.0001,0.75,0.5,29.7257938385,0,29.7257938385,29.7257938385,29.6789608002,0,29.6789608002,29.6789608002,1
1065,509,4,0.0001,0.0001,0.75,0.7,29.418806076,0,29.418806076,29.418806076,29.3927879333,0,29.3927879333,29.3927879333,1
1066,524,4,0.0001,0.001,0.75,0.7,29.418806076,0,29.418806076,29.418806076,29.3875846863,0,29.3875846863,29.3875846863,1
1067,494,4,0.0001,0,0.75,0.7,29.4136009216,0,29.4136009216,29.4136009216,29.3927879333,0,29.3927879333,29.3927879333,1
1068,539,4,0.0001,0.01,0.75,0.7,29.4083976746,0,29.4083976746,29.4083976746,29.3823814392,0,29.3823814392,29.3823814392,1
1069,62,0,0.001,0,0.25,0.3,29.2835197449,0,29.2835197449,29.2835197449,28.5602779388,0,28.5602779388,28.5602779388,1
1070,107,0,0.001,0.01,0.25,0.3,29.215877533,0,29.215877533,29.215877533,28.7579975128,0,28.7579975128,28.7579975128,1
1071,349,2,0.0001,0.01,0.25,0.7,29.2002716064,0,29.2002716064,29.2002716064,29.215877533,0,29.215877533,29.215877533,1
1072,113,0,0.001,0.01,0.5,0.5,29.195066452,0,29.195066452,29.195066452,29.0389709473,0,29.0389709473,29.0389709473,1
1073,77,0,0.001,0.0001,0.25,0.3,29.189863205,0,29.189863205,29.189863205,29.1430358887,0,29.1430358887,29.1430358887,1
1074,319,2,0.0001,0.0001,0.25,0.7,29.189863205,0,29.189863205,29.189863205,29.2054748535,0,29.2054748535,29.2054748535,1
1075,334,2,0.0001,0.001,0.25,0.7,29.189863205,0,29.189863205,29.189863205,29.2054748535,0,29.2054748535,29.2054748535,1
1076,304,2,0.0001,0,0.25,0.7,29.1742534637,0,29.1742534637,29.1742534637,29.22108078,0,29.22108078,29.22108078,1
1077,104,0,0.001,0.001,0.75,0.7,29.1638469696,0,29.1638469696,29.1638469696,28.7267799377,0,28.7267799377,28.7267799377,1
1078,92,0,0.001,0.001,0.25,0.3,29.0753936768,0,29.0753936768,29.0753936768,29.0389709473,0,29.0389709473,29.0389709473,1
1079,711,8,0.0001,0.01,0.5,0.1,29.0337677002,0,29.0337677002,29.0337677002,28.9973468781,0,28.9973468781,28.9973468781,1
1080,681,8,0.0001,0.0001,0.5,0.1,29.018157959,0,29.018157959,29.018157959,28.992143631,0,28.992143631,28.992143631,1
1081,666,8,0.0001,0,0.5,0.1,29.0025501251,0,29.0025501251,29.0025501251,28.9817371368,0,28.9817371368,28.9817371368,1
1082,533,4,0.0001,0.01,0.5,0.5,28.9817371368,0,28.9817371368,28.9817371368,29.1430358887,0,29.1430358887,29.1430358887,1
1083,488,4,0.0001,0,0.5,0.5,28.9609222412,0,28.9609222412,28.9609222412,29.0753936768,0,29.0753936768,29.0753936768,1
1084,696,8,0.0001,0.001,0.5,0.1,28.9609222412,0,28.9609222412,28.9609222412,28.992143631,0,28.992143631,28.992143631,1
1085,503,4,0.0001,0.0001,0.5,0.5,28.9557228088,0,28.9557228088,28.9557228088,29.0753936768,0,29.0753936768,29.0753936768,1
1086,518,4,0.0001,0.001,0.5,0.5,28.9297046661,0,28.9297046661,28.9297046661,29.096206665,0,29.096206665,29.096206665,1
1087,83,0,0.001,0.0001,0.5,0.5,28.9245014191,0,28.9245014191,28.9245014191,28.2793083191,0,28.2793083191,28.2793083191,1
1088,74,0,0.001,0,0.75,0.7,28.8568592072,0,28.8568592072,28.8568592072,28.9505176544,0,28.9505176544,28.9505176544,1
1089,89,0,0.001,0.0001,0.75,0.7,28.8256416321,0,28.8256416321,28.8256416321,29.1690502167,0,29.1690502167,29.1690502167,1
1090,68,0,0.001,0,0.5,0.5,28.7111701965,0,28.7111701965,28.7111701965,28.2949142456,0,28.2949142456,28.2949142456,1
1091,119,0,0.001,0.01,0.75,0.7,28.7007637024,0,28.7007637024,28.7007637024,28.5342636108,0,28.5342636108,28.5342636108,1
1092,896,16,0.0001,0.01,0.75,0.1,28.5654811859,0,28.5654811859,28.5654811859,28.8048267365,0,28.8048267365,28.8048267365,1
1093,881,16,0.0001,0.001,0.75,0.1,28.5550746918,0,28.5550746918,28.5550746918,28.7840156555,0,28.7840156555,28.7840156555,1
1094,851,16,0.0001,0,0.75,0.1,28.5342636108,0,28.5342636108,28.5342636108,28.8152332306,0,28.8152332306,28.8152332306,1
1095,866,16,0.0001,0.0001,0.75,0.1,28.5342636108,0,28.5342636108,28.5342636108,28.8100299835,0,28.8100299835,28.8100299835,1
1096,91,0,0.001,0.001,0.25,0.1,28.4926376343,0,28.4926376343,28.4926376343,28.1700401306,0,28.1700401306,28.1700401306,1
1097,98,0,0.001,0.001,0.5,0.5,28.4926376343,0,28.4926376343,28.4926376343,28.2428836823,0,28.2428836823,28.2428836823,1
1098,76,0,0.001,0.0001,0.25,0.1,28.3833713531,0,28.3833713531,28.3833713531,28.0607738495,0,28.0607738495,28.0607738495,1
1099,512,4,0.0001,0.001,0.25,0.3,28.3781681061,0,28.3781681061,28.3781681061,28.3521499634,0,28.3521499634,28.3521499634,1
1100,497,4,0.0001,0.0001,0.25,0.3,28.372964859,0,28.372964859,28.372964859,28.3833713531,0,28.3833713531,28.3833713531,1
1101,61,0,0.001,0,0.25,0.1,28.3521499634,0,28.3521499634,28.3521499634,27.8370342255,0,27.8370342255,27.8370342255,1
1102,482,4,0.0001,0,0.25,0.3,28.3521499634,0,28.3521499634,28.3521499634,28.3521499634,0,28.3521499634,28.3521499634,1
1103,527,4,0.0001,0.01,0.25,0.3,28.3417434692,0,28.3417434692,28.3417434692,28.3469467163,0,28.3469467163,28.3469467163,1
1104,106,0,0.001,0.01,0.25,0.1,28.3313388824,0,28.3313388824,28.3313388824,28.2845115662,0,28.2845115662,28.2845115662,1
1105,717,8,0.0001,0.01,0.75,0.3,28.1440219879,0,28.1440219879,28.1440219879,28.0607738495,0,28.0607738495,28.0607738495,1
1106,672,8,0.0001,0,0.75,0.3,28.1128044128,0,28.1128044128,28.1128044128,28.050365448,0,28.050365448,28.050365448,1
1107,702,8,0.0001,0.001,0.75,0.3,28.1023979187,0,28.1023979187,28.1023979187,28.0763835907,0,28.0763835907,28.0763835907,1
1108,687,8,0.0001,0.0001,0.75,0.3,28.0919914246,0,28.0919914246,28.0919914246,28.0607738495,0,28.0607738495,28.0607738495,1
1109,67,0,0.001,0,0.5,0.3,27.9567089081,0,27.9567089081,27.9567089081,27.0565567017,0,27.0565567017,27.0565567017,1
1110,97,0,0.001,0.001,0.5,0.3,27.852645874,0,27.852645874,27.852645874,27.0877780914,0,27.0877780914,27.0877780914,1
1111,82,0,0.001,0.0001,0.5,0.3,27.7381744385,0,27.7381744385,27.7381744385,27.4467983246,0,27.4467983246,27.4467983246,1
1112,324,2,0.0001,0.0001,0.5,0.7,27.7017536163,0,27.7017536163,27.7017536163,27.8006134033,0,27.8006134033,27.8006134033,1
1113,354,2,0.0001,0.01,0.5,0.7,27.7017536163,0,27.7017536163,27.7017536163,27.8058166504,0,27.8058166504,27.8058166504,1
1114,309,2,0.0001,0,0.5,0.7,27.6965503693,0,27.6965503693,27.6965503693,27.8058166504,0,27.8058166504,27.8058166504,1
1115,339,2,0.0001,0.001,0.5,0.7,27.6757354736,0,27.6757354736,27.6757354736,27.7902069092,0,27.7902069092,27.7902069092,1
1116,112,0,0.001,0.01,0.5,0.3,27.6601276398,0,27.6601276398,27.6601276398,27.3219203949,0,27.3219203949,27.3219203949,1
1117,118,0,0.001,0.01,0.75,0.5,27.2490768433,0,27.2490768433,27.2490768433,26.9733066559,0,26.9733066559,26.9733066559,1
1118,73,0,0.001,0,0.75,0.5,27.2386703491,0,27.2386703491,27.2386703491,26.8380260468,0,26.8380260468,26.8380260468,1
1119,487,4,0.0001,0,0.5,0.3,27.1814346313,0,27.1814346313,27.1814346313,27.2802944183,0,27.2802944183,27.2802944183,1
1120,502,4,0.0001,0.0001,0.5,0.3,27.1658248901,0,27.1658248901,27.1658248901,27.2802944183,0,27.2802944183,27.2802944183,1
1121,517,4,0.0001,0.001,0.5,0.3,27.1606216431,0,27.1606216431,27.1606216431,27.306312561,0,27.306312561,27.306312561,1
1122,532,4,0.0001,0.01,0.5,0.3,27.1502170563,0,27.1502170563,27.1502170563,27.3167171478,0,27.3167171478,27.3167171478,1
1123,103,0,0.001,0.001,0.75,0.5,27.1033878326,0,27.1033878326,27.1033878326,26.7495689392,0,26.7495689392,26.7495689392,1
1124,88,0,0.001,0.0001,0.75,0.5,27.0929813385,0,27.0929813385,27.0929813385,27.2022476196,0,27.2022476196,27.2022476196,1
1125,511,4,0.0001,0.001,0.25,0.1,27.0825748444,0,27.0825748444,27.0825748444,26.8120079041,0,26.8120079041,26.8120079041,1
1126,481,4,0.0001,0,0.25,0.1,27.0565567017,0,27.0565567017,27.0565567017,26.884853363,0,26.884853363,26.884853363,1
1127,526,4,0.0001,0.01,0.25,0.1,27.0461521149,0,27.0461521149,27.0461521149,26.8380260468,0,26.8380260468,26.8380260468,1
1128,496,4,0.0001,0.0001,0.25,0.1,27.0409488678,0,27.0409488678,27.0409488678,26.8640403748,0,26.8640403748,26.8640403748,1
1129,81,0,0.001,0.0001,0.5,0.1,26.9368858337,0,26.9368858337,26.9368858337,26.7755870819,0,26.7755870819,26.7755870819,1
1130,96,0,0.001,0.001,0.5,0.1,26.9004611969,0,26.9004611969,26.9004611969,27.0253391266,0,27.0253391266,27.0253391266,1
1131,111,0,0.001,0.01,0.5,0.1,26.8484287262,0,26.8484287262,26.8484287262,26.879650116,0,26.879650116,26.879650116,1
1132,66,0,0.001,0,0.5,0.1,26.7443656921,0,26.7443656921,26.7443656921,26.6090831757,0,26.6090831757,26.6090831757,1
1133,538,4,0.0001,0.01,0.75,0.5,26.6559123993,0,26.6559123993,26.6559123993,26.8588371277,0,26.8588371277,26.8588371277,1
1134,348,2,0.0001,0.01,0.25,0.5,26.6246948242,0,26.6246948242,26.6246948242,26.7131481171,0,26.7131481171,26.7131481171,1
1135,318,2,0.0001,0.0001,0.25,0.5,26.5934734344,0,26.5934734344,26.5934734344,26.7443656921,0,26.7443656921,26.7443656921,1
1136,303,2,0.0001,0,0.25,0.5,26.5882720947,0,26.5882720947,26.5882720947,26.7027416229,0,26.7027416229,26.7027416229,1
1137,333,2,0.0001,0.001,0.25,0.5,26.5726623535,0,26.5726623535,26.5726623535,26.7391643524,0,26.7391643524,26.7391643524,1
1138,701,8,0.0001,0.001,0.75,0.1,26.4894104004,0,26.4894104004,26.4894104004,26.7391643524,0,26.7391643524,26.7391643524,1
1139,716,8,0.0001,0.01,0.75,0.1,26.4894104004,0,26.4894104004,26.4894104004,26.7755870819,0,26.7755870819,26.7755870819,1
1140,686,8,0.0001,0.0001,0.75,0.1,26.4738025665,0,26.4738025665,26.4738025665,26.7651786804,0,26.7651786804,26.7651786804,1
1141,671,8,0.0001,0,0.75,0.1,26.4685993195,0,26.4685993195,26.4685993195,26.7755870819,0,26.7755870819,26.7755870819,1
1142,531,4,0.0001,0.01,0.5,0.1,25.9430770874,0,25.9430770874,25.9430770874,25.8858413696,0,25.8858413696,25.8858413696,1
1143,508,4,0.0001,0.0001,0.75,0.5,25.9378738403,0,25.9378738403,25.9378738403,26.1564083099,0,26.1564083099,26.1564083099,1
1144,501,4,0.0001,0.0001,0.5,0.1,25.9222621918,0,25.9222621918,25.9222621918,25.8806381226,0,25.8806381226,25.8806381226,1
1145,516,4,0.0001,0.001,0.5,0.1,25.9222621918,0,25.9222621918,25.9222621918,25.8910446167,0,25.8910446167,25.8910446167,1
1146,523,4,0.0001,0.001,0.75,0.5,25.9222621918,0,25.9222621918,25.9222621918,26.161611557,0,26.161611557,26.161611557,1
1147,486,4,0.0001,0,0.5,0.1,25.9118595123,0,25.9118595123,25.9118595123,25.8858413696,0,25.8858413696,25.8858413696,1
1148,493,4,0.0001,0,0.75,0.5,25.9066543579,0,25.9066543579,25.9066543579,26.1564083099,0,26.1564083099,26.1564083099,1
1149,308,2,0.0001,0,0.5,0.5,25.5060100555,0,25.5060100555,25.5060100555,25.5216178894,0,25.5216178894,25.5216178894,1
1150,323,2,0.0001,0.0001,0.5,0.5,25.5060100555,0,25.5060100555,25.5060100555,25.5268211365,0,25.5268211365,25.5268211365,1
1151,353,2,0.0001,0.01,0.5,0.5,25.5008068085,0,25.5008068085,25.5008068085,25.5892601013,0,25.5892601013,25.5892601013,1
1152,338,2,0.0001,0.001,0.5,0.5,25.4904003143,0,25.4904003143,25.4904003143,25.5008068085,0,25.5008068085,25.5008068085,1
1153,359,2,0.0001,0.01,0.75,0.7,25.3447113037,0,25.3447113037,25.3447113037,25.2770690918,0,25.2770690918,25.2770690918,1
1154,344,2,0.0001,0.001,0.75,0.7,25.3082866669,0,25.3082866669,25.3082866669,25.2822723389,0,25.2822723389,25.2822723389,1
1155,329,2,0.0001,0.0001,0.75,0.7,25.3030834198,0,25.3030834198,25.3030834198,25.2822723389,0,25.2822723389,25.2822723389,1
1156,314,2,0.0001,0,0.75,0.7,25.2978839874,0,25.2978839874,25.2978839874,25.292678833,0,25.292678833,25.292678833,1
1157,302,2,0.0001,0,0.25,0.3,25.1625976562,0,25.1625976562,25.1625976562,25.0065021515,0,25.0065021515,25.0065021515,1
1158,347,2,0.0001,0.01,0.25,0.3,25.1573944092,0,25.1573944092,25.1573944092,25.0533313751,0,25.0533313751,25.0533313751,1
1159,317,2,0.0001,0.0001,0.25,0.3,25.1469917297,0,25.1469917297,25.1469917297,24.9804878235,0,24.9804878235,24.9804878235,1
1160,332,2,0.0001,0.001,0.25,0.3,25.11577034,0,25.11577034,25.11577034,24.9752845764,0,24.9752845764,24.9752845764,1
1161,537,4,0.0001,0.01,0.75,0.3,24.4081382751,0,24.4081382751,24.4081382751,24.5590305328,0,24.5590305328,24.5590305328,1
1162,492,4,0.0001,0,0.75,0.3,24.3873252869,0,24.3873252869,24.3873252869,24.5694351196,0,24.5694351196,24.5694351196,1
1163,507,4,0.0001,0.0001,0.75,0.3,24.3665122986,0,24.3665122986,24.3665122986,24.5330142975,0,24.5330142975,24.5330142975,1
1164,522,4,0.0001,0.001,0.75,0.3,24.3352928162,0,24.3352928162,24.3352928162,24.5798416138,0,24.5798416138,24.5798416138,1
1165,346,2,0.0001,0.01,0.25,0.1,24.147977829,0,24.147977829,24.147977829,23.9970855713,0,23.9970855713,23.9970855713,1
1166,316,2,0.0001,0.0001,0.25,0.1,24.1427745819,0,24.1427745819,24.1427745819,23.9606628418,0,23.9606628418,23.9606628418,1
1167,301,2,0.0001,0,0.25,0.1,24.1219615936,0,24.1219615936,24.1219615936,23.9658660889,0,23.9658660889,23.9658660889,1
1168,331,2,0.0001,0.001,0.25,0.1,24.1063518524,0,24.1063518524,24.1063518524,23.9866790771,0,23.9866790771,23.9866790771,1
1169,116,0,0.001,0.01,0.75,0.1,23.8357868195,0,23.8357868195,23.8357868195,23.70570755,0,23.70570755,23.70570755,1
1170,101,0,0.001,0.001,0.75,0.1,23.8253803253,0,23.8253803253,23.8253803253,23.700504303,0,23.700504303,23.700504303,1
1171,71,0,0.001,0,0.75,0.1,23.7941627502,0,23.7941627502,23.7941627502,23.6900978088,0,23.6900978088,23.6900978088,1
1172,86,0,0.001,0.0001,0.75,0.1,23.7941627502,0,23.7941627502,23.7941627502,23.6848945618,0,23.6848945618,23.6848945618,1
1173,117,0,0.001,0.01,0.75,0.3,23.7369270325,0,23.7369270325,23.7369270325,23.4819717407,0,23.4819717407,23.4819717407,1
1174,102,0,0.001,0.001,0.75,0.3,23.7109107971,0,23.7109107971,23.7109107971,23.4819717407,0,23.4819717407,23.4819717407,1
1175,72,0,0.001,0,0.75,0.3,23.6796913147,0,23.6796913147,23.6796913147,23.4611587524,0,23.4611587524,23.4611587524,1
1176,87,0,0.001,0.0001,0.75,0.3,23.6796913147,0,23.6796913147,23.6796913147,23.4663600922,0,23.4663600922,23.4663600922,1
1177,322,2,0.0001,0.0001,0.5,0.3,23.5964393616,0,23.5964393616,23.5964393616,23.9918823242,0,23.9918823242,23.9918823242,1
1178,307,2,0.0001,0,0.5,0.3,23.5756282806,0,23.5756282806,23.5756282806,23.9866790771,0,23.9866790771,23.9866790771,1
1179,337,2,0.0001,0.001,0.5,0.3,23.5496120453,0,23.5496120453,23.5496120453,23.9554595947,0,23.9554595947,23.9554595947,1
1180,352,2,0.0001,0.01,0.5,0.3,23.5392055511,0,23.5392055511,23.5392055511,23.9658660889,0,23.9658660889,23.9658660889,1
1181,536,4,0.0001,0.01,0.75,0.1,23.2322177887,0,23.2322177887,23.2322177887,23.1749839783,0,23.1749839783,23.1749839783,1
1182,491,4,0.0001,0,0.75,0.1,23.2270145416,0,23.2270145416,23.2270145416,23.1593723297,0,23.1593723297,23.1593723297,1
1183,506,4,0.0001,0.0001,0.75,0.1,23.2062015533,0,23.2062015533,23.2062015533,23.1697807312,0,23.1697807312,23.1697807312,1
1184,521,4,0.0001,0.001,0.75,0.1,23.1957950592,0,23.1957950592,23.1957950592,23.1593723297,0,23.1593723297,23.1593723297,1
1185,358,2,0.0001,0.01,0.75,0.5,23.0344963074,0,23.0344963074,23.0344963074,22.9928722382,0,22.9928722382,22.9928722382,1
1186,328,2,0.0001,0.0001,0.75,0.5,23.0240898132,0,23.0240898132,23.0240898132,22.9928722382,0,22.9928722382,22.9928722382,1
1187,343,2,0.0001,0.001,0.75,0.5,23.0240898132,0,23.0240898132,23.0240898132,22.9824638367,0,22.9824638367,22.9824638367,1
1188,313,2,0.0001,0,0.75,0.5,23.008480072,0,23.008480072,23.008480072,22.9824638367,0,22.9824638367,22.9824638367,1
1189,321,2,0.0001,0.0001,0.5,0.1,22.6442565918,0,22.6442565918,22.6442565918,22.8367767334,0,22.8367767334,22.8367767334,1
1190,351,2,0.0001,0.01,0.5,0.1,22.6442565918,0,22.6442565918,22.6442565918,22.8263683319,0,22.8263683319,22.8263683319,1
1191,336,2,0.0001,0.001,0.5,0.1,22.6390533447,0,22.6390533447,22.6390533447,22.810760498,0,22.810760498,22.810760498,1
1192,306,2,0.0001,0,0.5,0.1,22.6234455109,0,22.6234455109,22.6234455109,22.8575878143,0,22.8575878143,22.8575878143,1
1193,140,0,0.0001,0.0001,0.25,0.9,22.4933662415,0,22.4933662415,22.4933662415,22.3268642426,0,22.3268642426,22.3268642426,1
1194,125,0,0.0001,0,0.25,0.9,22.4777565002,0,22.4777565002,22.4777565002,22.3164577484,0,22.3164577484,22.3164577484,1
1195,155,0,0.0001,0.001,0.25,0.9,22.4673500061,0,22.4673500061,22.4673500061,22.3268642426,0,22.3268642426,22.3268642426,1
1196,170,0,0.0001,0.01,0.25,0.9,22.4153175354,0,22.4153175354,22.4153175354,22.2904415131,0,22.2904415131,22.2904415131,1
1197,175,0,0.0001,0.01,0.5,0.9,21.8221549988,0,21.8221549988,21.8221549988,21.6088237762,0,21.6088237762,21.6088237762,1
1198,145,0,0.0001,0.0001,0.5,0.9,21.7961387634,0,21.7961387634,21.7961387634,21.6348400116,0,21.6348400116,21.6348400116,1
1199,160,0,0.0001,0.001,0.5,0.9,21.7961387634,0,21.7961387634,21.7961387634,21.6244335175,0,21.6244335175,21.6244335175,1
1200,130,0,0.0001,0,0.5,0.9,21.7701225281,0,21.7701225281,21.7701225281,21.6192302704,0,21.6192302704,21.6192302704,1
1201,357,2,0.0001,0.01,0.75,0.3,21.4423217773,0,21.4423217773,21.4423217773,21.4423217773,0,21.4423217773,21.4423217773,1
1202,342,2,0.0001,0.001,0.75,0.3,21.4371185303,0,21.4371185303,21.4371185303,21.4319152832,0,21.4319152832,21.4319152832,1
1203,312,2,0.0001,0,0.75,0.3,21.4111022949,0,21.4111022949,21.4111022949,21.4267139435,0,21.4267139435,21.4267139435,1
1204,327,2,0.0001,0.0001,0.75,0.3,21.4058990479,0,21.4058990479,21.4058990479,21.4423217773,0,21.4423217773,21.4423217773,1
1205,124,0,0.0001,0,0.25,0.7,21.2237873077,0,21.2237873077,21.2237873077,21.390291214,0,21.390291214,21.390291214,1
1206,139,0,0.0001,0.0001,0.25,0.7,21.2237873077,0,21.2237873077,21.2237873077,21.390291214,0,21.390291214,21.390291214,1
1207,154,0,0.0001,0.001,0.25,0.7,21.2133827209,0,21.2133827209,21.2133827209,21.4058990479,0,21.4058990479,21.4058990479,1
1208,123,0,0.0001,0,0.25,0.5,21.1977729797,0,21.1977729797,21.1977729797,21.3018360138,0,21.3018360138,21.3018360138,1
1209,153,0,0.0001,0.001,0.25,0.5,21.1821632385,0,21.1821632385,21.1821632385,21.2758197784,0,21.2758197784,21.2758197784,1
1210,169,0,0.0001,0.01,0.25,0.7,21.1821632385,0,21.1821632385,21.1821632385,21.4006977081,0,21.4006977081,21.4006977081,1
1211,138,0,0.0001,0.0001,0.25,0.5,21.1769599915,0,21.1769599915,21.1769599915,21.2706184387,0,21.2706184387,21.2706184387,1
1212,143,0,0.0001,0.0001,0.5,0.5,21.1717567444,0,21.1717567444,21.1717567444,21.114522934,0,21.114522934,21.114522934,1
1213,128,0,0.0001,0,0.5,0.5,21.1561470032,0,21.1561470032,21.1561470032,21.1041145325,0,21.1041145325,21.1041145325,1
1214,168,0,0.0001,0.01,0.25,0.5,21.1561470032,0,21.1561470032,21.1561470032,21.2602100372,0,21.2602100372,21.2602100372,1
1215,158,0,0.0001,0.001,0.5,0.5,21.1509437561,0,21.1509437561,21.1509437561,21.0989112854,0,21.0989112854,21.0989112854,1
1216,136,0,0.0001,0.0001,0.25,0.1,21.1249275208,0,21.1249275208,21.1249275208,21.3226490021,0,21.3226490021,21.3226490021,1
1217,173,0,0.0001,0.01,0.5,0.5,21.1249275208,0,21.1249275208,21.1249275208,21.0833034515,0,21.0833034515,21.0833034515,1
1218,137,0,0.0001,0.0001,0.25,0.3,21.1197242737,0,21.1197242737,21.1197242737,21.2966346741,0,21.2966346741,21.2966346741,1
1219,122,0,0.0001,0,0.25,0.3,21.114522934,0,21.114522934,21.114522934,21.2862262726,0,21.2862262726,21.2862262726,1
1220,151,0,0.0001,0.001,0.25,0.1,21.114522934,0,21.114522934,21.114522934,21.3226490021,0,21.3226490021,21.3226490021,1
1221,121,0,0.0001,0,0.25,0.1,21.1093177795,0,21.1093177795,21.1093177795,21.3122425079,0,21.3122425079,21.3122425079,1
1222,127,0,0.0001,0,0.5,0.3,21.1093177795,0,21.1093177795,21.1093177795,21.1873664856,0,21.1873664856,21.1873664856,1
1223,142,0,0.0001,0.0001,0.5,0.3,21.1093177795,0,21.1093177795,21.1093177795,21.1977729797,0,21.1977729797,21.1977729797,1
1224,152,0,0.0001,0.001,0.25,0.3,21.1041145325,0,21.1041145325,21.1041145325,21.2914295197,0,21.2914295197,21.2914295197,1
1225,166,0,0.0001,0.01,0.25,0.1,21.0989112854,0,21.0989112854,21.0989112854,21.3070392609,0,21.3070392609,21.3070392609,1
1226,167,0,0.0001,0.01,0.25,0.3,21.0989112854,0,21.0989112854,21.0989112854,21.2862262726,0,21.2862262726,21.2862262726,1
1227,157,0,0.0001,0.001,0.5,0.3,21.0937080383,0,21.0937080383,21.0937080383,21.2081794739,0,21.2081794739,21.2081794739,1
1228,172,0,0.0001,0.01,0.5,0.3,21.0937080383,0,21.0937080383,21.0937080383,21.1717567444,0,21.1717567444,21.1717567444,1
1229,126,0,0.0001,0,0.5,0.1,21.0833034515,0,21.0833034515,21.0833034515,21.218585968,0,21.218585968,21.218585968,1
1230,171,0,0.0001,0.01,0.5,0.1,21.0833034515,0,21.0833034515,21.0833034515,21.2029762268,0,21.2029762268,21.2029762268,1
1231,129,0,0.0001,0,0.5,0.7,21.07289505,0,21.07289505,21.07289505,20.9948482513,0,20.9948482513,20.9948482513,1
1232,141,0,0.0001,0.0001,0.5,0.1,21.0676937103,0,21.0676937103,21.0676937103,21.2237873077,0,21.2237873077,21.2237873077,1
1233,159,0,0.0001,0.001,0.5,0.7,21.0676937103,0,21.0676937103,21.0676937103,20.9896469116,0,20.9896469116,20.9896469116,1
1234,174,0,0.0001,0.01,0.5,0.7,21.0676937103,0,21.0676937103,21.0676937103,20.9584274292,0,20.9584274292,20.9584274292,1
1235,144,0,0.0001,0.0001,0.5,0.7,21.0624904633,0,21.0624904633,21.0624904633,21.0104579926,0,21.0104579926,21.0104579926,1
1236,156,0,0.0001,0.001,0.5,0.1,21.0572872162,0,21.0572872162,21.0572872162,21.2133827209,0,21.2133827209,21.2133827209,1
1237,356,2,0.0001,0.01,0.75,0.1,20.7398929596,0,20.7398929596,20.7398929596,20.5005474091,0,20.5005474091,20.5005474091,1
1238,341,2,0.0001,0.001,0.75,0.1,20.7346878052,0,20.7346878052,20.7346878052,20.4953422546,0,20.4953422546,20.4953422546,1
1239,311,2,0.0001,0,0.75,0.1,20.7294864655,0,20.7294864655,20.7294864655,20.4901390076,0,20.4901390076,20.4901390076,1
1240,326,2,0.0001,0.0001,0.75,0.1,20.7294864655,0,20.7294864655,20.7294864655,20.4849357605,0,20.4849357605,20.4849357605,1
1241,150,0,0.0001,0.0001,0.75,0.9,20.3444519043,0,20.3444519043,20.3444519043,20.0582752228,0,20.0582752228,20.0582752228,1
1242,165,0,0.0001,0.001,0.75,0.9,20.3288402557,0,20.3288402557,20.3288402557,20.0530719757,0,20.0530719757,20.0530719757,1
1243,135,0,0.0001,0,0.75,0.9,20.3236370087,0,20.3236370087,20.3236370087,20.0582752228,0,20.0582752228,20.0582752228,1
1244,180,0,0.0001,0.01,0.75,0.9,20.3184356689,0,20.3184356689,20.3184356689,20.073884964,0,20.073884964,20.073884964,1
1245,134,0,0.0001,0,0.75,0.7,19.8813667297,0,19.8813667297,19.8813667297,19.4807224274,0,19.4807224274,19.4807224274,1
1246,149,0,0.0001,0.0001,0.75,0.7,19.8761634827,0,19.8761634827,19.8761634827,19.4911289215,0,19.4911289215,19.4911289215,1
1247,164,0,0.0001,0.001,0.75,0.7,19.8761634827,0,19.8761634827,19.8761634827,19.4859256744,0,19.4859256744,19.4859256744,1
1248,179,0,0.0001,0.01,0.75,0.7,19.8709602356,0,19.8709602356,19.8709602356,19.4442996979,0,19.4442996979,19.4442996979,1
1249,163,0,0.0001,0.001,0.75,0.5,19.8241329193,0,19.8241329193,19.8241329193,19.3662528992,0,19.3662528992,19.3662528992,1
1250,133,0,0.0001,0,0.75,0.5,19.8189296722,0,19.8189296722,19.8189296722,19.3714542389,0,19.3714542389,19.3714542389,1
1251,148,0,0.0001,0.0001,0.75,0.5,19.8137245178,0,19.8137245178,19.8137245178,19.381860733,0,19.381860733,19.381860733,1
1252,178,0,0.0001,0.01,0.75,0.5,19.8085212708,0,19.8085212708,19.8085212708,19.3870639801,0,19.3870639801,19.3870639801,1
1253,177,0,0.0001,0.01,0.75,0.3,19.7564907074,0,19.7564907074,19.7564907074,19.3246269226,0,19.3246269226,19.3246269226,1
1254,132,0,0.0001,0,0.75,0.3,19.7512874603,0,19.7512874603,19.7512874603,19.355846405,0,19.355846405,19.355846405,1
1255,162,0,0.0001,0.001,0.75,0.3,19.7512874603,0,19.7512874603,19.7512874603,19.3610496521,0,19.3610496521,19.3610496521,1
1256,147,0,0.0001,0.0001,0.75,0.3,19.7460842133,0,19.7460842133,19.7460842133,19.355846405,0,19.355846405,19.355846405,1
1257,161,0,0.0001,0.001,0.75,0.1,19.7356777191,0,19.7356777191,19.7356777191,19.3714542389,0,19.3714542389,19.3714542389,1
1258,176,0,0.0001,0.01,0.75,0.1,19.7356777191,0,19.7356777191,19.7356777191,19.3662528992,0,19.3662528992,19.3662528992,1
1259,131,0,0.0001,0,0.75,0.1,19.7200679779,0,19.7200679779,19.7200679779,19.3714542389,0,19.3714542389,19.3714542389,1
1260,146,0,0.0001,0.0001,0.75,0.1,19.7148647308,0,19.7148647308,19.7148647308,19.3714542389,0,19.3714542389,19.3714542389,1
