task_id,pool,label,status,attempts,return_code,seconds,last_log_path,error_message
grid_candidate_0001,grid,grid_candidate_0001,completed,1,0,17.429620,/home/hzw/Rethinking_GNN_DP/paper_experiments/figure1/search_phase_1/family3/hoa/deepwalk/dataset=cora/feature=deepwalk/feature_dim=800/scale=4/deepwalk_walk_length=40/deepwalk_number_walks=20/deepwalk_window_size=5/deepwalk_workers=20/deepwalk_undirected=true/mechanism=mbm/x_eps=inf/m=best/norm=false/smoother=hoa/backbone=sage/use_nfr=false/logs/grid_candidate_0001_attempt_1.log,
grid_candidate_0002,grid,grid_candidate_0002,completed,1,0,18.113797,/home/hzw/Rethinking_GNN_DP/paper_experiments/figure1/search_phase_1/family3/hoa/deepwalk/dataset=cora/feature=deepwalk/feature_dim=800/scale=4/deepwalk_walk_length=40/deepwalk_number_walks=20/deepwalk_window_size=5/deepwalk_workers=20/deepwalk_undirected=true/mechanism=mbm/x_eps=inf/m=best/norm=false/smoother=hoa/backbone=sage/use_nfr=false/logs/grid_candidate_0002_attempt_1.log,
grid_candidate_0005,grid,grid_candidate_0005,completed,1,0,16.800622,/home/hzw/Rethinking_GNN_DP/paper_experiments/figure1/search_phase_1/family3/hoa/deepwalk/dataset=cora/feature=deepwalk/feature_dim=800/scale=4/deepwalk_walk_length=40/deepwalk_number_walks=20/deepwalk_window_size=5/deepwalk_workers=20/deepwalk_undirected=true/mechanism=mbm/x_eps=inf/m=best/norm=false/smoother=hoa/backbone=sage/use_nfr=false/logs/grid_candidate_0005_attempt_1.log,
grid_candidate_0004,grid,grid_candidate_0004,completed,1,0,17.816694,/home/hzw/Rethinking_GNN_DP/paper_experiments/figure1/search_phase_1/family3/hoa/deepwalk/dataset=cora/feature=deepwalk/feature_dim=800/scale=4/deepwalk_walk_length=40/deepwalk_number_walks=20/deepwalk_window_size=5/deepwalk_workers=20/deepwalk_undirected=true/mechanism=mbm/x_eps=inf/m=best/norm=false/smoother=hoa/backbone=sage/use_nfr=false/logs/grid_candidate_0004_attempt_1.log,
grid_candidate_0003,grid,grid_candidate_0003,completed,1,0,19.026516,/home/hzw/Rethinking_GNN_DP/paper_experiments/figure1/search_phase_1/family3/hoa/deepwalk/dataset=cora/feature=deepwalk/feature_dim=800/scale=4/deepwalk_walk_length=40/deepwalk_number_walks=20/deepwalk_window_size=5/deepwalk_workers=20/deepwalk_undirected=true/mechanism=mbm/x_eps=inf/m=best/norm=false/smoother=hoa/backbone=sage/use_nfr=false/logs/grid_candidate_0003_attempt_1.log,
grid_candidate_0007,grid,grid_candidate_0007,completed,1,0,16.202237,/home/hzw/Rethinking_GNN_DP/paper_experiments/figure1/search_phase_1/family3/hoa/deepwalk/dataset=cora/feature=deepwalk/feature_dim=800/scale=4/deepwalk_walk_length=40/deepwalk_number_walks=20/deepwalk_window_size=5/deepwalk_workers=20/deepwalk_undirected=true/mechanism=mbm/x_eps=inf/m=best/norm=false/smoother=hoa/backbone=sage/use_nfr=false/logs/grid_candidate_0007_attempt_1.log,
grid_candidate_0006,grid,grid_candidate_0006,completed,1,0,17.509291,/home/hzw/Rethinking_GNN_DP/paper_experiments/figure1/search_phase_1/family3/hoa/deepwalk/dataset=cora/feature=deepwalk/feature_dim=800/scale=4/deepwalk_walk_length=40/deepwalk_number_walks=20/deepwalk_window_size=5/deepwalk_workers=20/deepwalk_undirected=true/mechanism=mbm/x_eps=inf/m=best/norm=false/smoother=hoa/backbone=sage/use_nfr=false/logs/grid_candidate_0006_attempt_1.log,
grid_candidate_0008,grid,grid_candidate_0008,completed,1,0,16.391431,/home/hzw/Rethinking_GNN_DP/paper_experiments/figure1/search_phase_1/family3/hoa/deepwalk/dataset=cora/feature=deepwalk/feature_dim=800/scale=4/deepwalk_walk_length=40/deepwalk_number_walks=20/deepwalk_window_size=5/deepwalk_workers=20/deepwalk_undirected=true/mechanism=mbm/x_eps=inf/m=best/norm=false/smoother=hoa/backbone=sage/use_nfr=false/logs/grid_candidate_0008_attempt_1.log,
grid_candidate_0009,grid,grid_candidate_0009,completed,1,0,16.166405,/home/hzw/Rethinking_GNN_DP/paper_experiments/figure1/search_phase_1/family3/hoa/deepwalk/dataset=cora/feature=deepwalk/feature_dim=800/scale=4/deepwalk_walk_length=40/deepwalk_number_walks=20/deepwalk_window_size=5/deepwalk_workers=20/deepwalk_undirected=true/mechanism=mbm/x_eps=inf/m=best/norm=false/smoother=hoa/backbone=sage/use_nfr=false/logs/grid_candidate_0009_attempt_1.log,
grid_candidate_0010,grid,grid_candidate_0010,completed,1,0,16.266766,/home/hzw/Rethinking_GNN_DP/paper_experiments/figure1/search_phase_1/family3/hoa/deepwalk/dataset=cora/feature=deepwalk/feature_dim=800/scale=4/deepwalk_walk_length=40/deepwalk_number_walks=20/deepwalk_window_size=5/deepwalk_workers=20/deepwalk_undirected=true/mechanism=mbm/x_eps=inf/m=best/norm=false/smoother=hoa/backbone=sage/use_nfr=false/logs/grid_candidate_0010_attempt_1.log,
grid_candidate_0011,grid,grid_candidate_0011,completed,1,0,16.007647,/home/hzw/Rethinking_GNN_DP/paper_experiments/figure1/search_phase_1/family3/hoa/deepwalk/dataset=cora/feature=deepwalk/feature_dim=800/scale=4/deepwalk_walk_length=40/deepwalk_number_walks=20/deepwalk_window_size=5/deepwalk_workers=20/deepwalk_undirected=true/mechanism=mbm/x_eps=inf/m=best/norm=false/smoother=hoa/backbone=sage/use_nfr=false/logs/grid_candidate_0011_attempt_1.log,
grid_candidate_0012,grid,grid_candidate_0012,completed,1,0,16.000437,/home/hzw/Rethinking_GNN_DP/paper_experiments/figure1/search_phase_1/family3/hoa/deepwalk/dataset=cora/feature=deepwalk/feature_dim=800/scale=4/deepwalk_walk_length=40/deepwalk_number_walks=20/deepwalk_window_size=5/deepwalk_workers=20/deepwalk_undirected=true/mechanism=mbm/x_eps=inf/m=best/norm=false/smoother=hoa/backbone=sage/use_nfr=false/logs/grid_candidate_0012_attempt_1.log,
grid_candidate_0016,grid,grid_candidate_0016,completed,1,0,14.357515,/home/hzw/Rethinking_GNN_DP/paper_experiments/figure1/search_phase_1/family3/hoa/deepwalk/dataset=cora/feature=deepwalk/feature_dim=800/scale=4/deepwalk_walk_length=40/deepwalk_number_walks=20/deepwalk_window_size=5/deepwalk_workers=20/deepwalk_undirected=true/mechanism=mbm/x_eps=inf/m=best/norm=false/smoother=hoa/backbone=sage/use_nfr=false/logs/grid_candidate_0016_attempt_1.log,
grid_candidate_0013,grid,grid_candidate_0013,completed,1,0,16.087225,/home/hzw/Rethinking_GNN_DP/paper_experiments/figure1/search_phase_1/family3/hoa/deepwalk/dataset=cora/feature=deepwalk/feature_dim=800/scale=4/deepwalk_walk_length=40/deepwalk_number_walks=20/deepwalk_window_size=5/deepwalk_workers=20/deepwalk_undirected=true/mechanism=mbm/x_eps=inf/m=best/norm=false/smoother=hoa/backbone=sage/use_nfr=false/logs/grid_candidate_0013_attempt_1.log,
grid_candidate_0017,grid,grid_candidate_0017,completed,1,0,17.330347,/home/hzw/Rethinking_GNN_DP/paper_experiments/figure1/search_phase_1/family3/hoa/deepwalk/dataset=cora/feature=deepwalk/feature_dim=800/scale=4/deepwalk_walk_length=40/deepwalk_number_walks=20/deepwalk_window_size=5/deepwalk_workers=20/deepwalk_undirected=true/mechanism=mbm/x_eps=inf/m=best/norm=false/smoother=hoa/backbone=sage/use_nfr=false/logs/grid_candidate_0017_attempt_1.log,
grid_candidate_0023,grid,grid_candidate_0023,completed,1,0,16.895694,/home/hzw/Rethinking_GNN_DP/paper_experiments/figure1/search_phase_1/family3/hoa/deepwalk/dataset=cora/feature=deepwalk/feature_dim=800/scale=4/deepwalk_walk_length=40/deepwalk_number_walks=20/deepwalk_window_size=5/deepwalk_workers=20/deepwalk_undirected=true/mechanism=mbm/x_eps=inf/m=best/norm=false/smoother=hoa/backbone=sage/use_nfr=false/logs/grid_candidate_0023_attempt_1.log,
grid_candidate_0015,grid,grid_candidate_0015,completed,1,0,18.083891,/home/hzw/Rethinking_GNN_DP/paper_experiments/figure1/search_phase_1/family3/hoa/deepwalk/dataset=cora/feature=deepwalk/feature_dim=800/scale=4/deepwalk_walk_length=40/deepwalk_number_walks=20/deepwalk_window_size=5/deepwalk_workers=20/deepwalk_undirected=true/mechanism=mbm/x_eps=inf/m=best/norm=false/smoother=hoa/backbone=sage/use_nfr=false/logs/grid_candidate_0015_attempt_1.log,
grid_candidate_0025,grid,grid_candidate_0025,completed,1,0,17.749725,/home/hzw/Rethinking_GNN_DP/paper_experiments/figure1/search_phase_1/family3/hoa/deepwalk/dataset=cora/feature=deepwalk/feature_dim=800/scale=4/deepwalk_walk_length=40/deepwalk_number_walks=20/deepwalk_window_size=5/deepwalk_workers=20/deepwalk_undirected=true/mechanism=mbm/x_eps=inf/m=best/norm=false/smoother=hoa/backbone=sage/use_nfr=false/logs/grid_candidate_0025_attempt_1.log,
grid_candidate_0018,grid,grid_candidate_0018,completed,1,0,18.711895,/home/hzw/Rethinking_GNN_DP/paper_experiments/figure1/search_phase_1/family3/hoa/deepwalk/dataset=cora/feature=deepwalk/feature_dim=800/scale=4/deepwalk_walk_length=40/deepwalk_number_walks=20/deepwalk_window_size=5/deepwalk_workers=20/deepwalk_undirected=true/mechanism=mbm/x_eps=inf/m=best/norm=false/smoother=hoa/backbone=sage/use_nfr=false/logs/grid_candidate_0018_attempt_1.log,
grid_candidate_0024,grid,grid_candidate_0024,completed,1,0,18.068759,/home/hzw/Rethinking_GNN_DP/paper_experiments/figure1/search_phase_1/family3/hoa/deepwalk/dataset=cora/feature=deepwalk/feature_dim=800/scale=4/deepwalk_walk_length=40/deepwalk_number_walks=20/deepwalk_window_size=5/deepwalk_workers=20/deepwalk_undirected=true/mechanism=mbm/x_eps=inf/m=best/norm=false/smoother=hoa/backbone=sage/use_nfr=false/logs/grid_candidate_0024_attempt_1.log,
grid_candidate_0014,grid,grid_candidate_0014,completed,1,0,19.681891,/home/hzw/Rethinking_GNN_DP/paper_experiments/figure1/search_phase_1/family3/hoa/deepwalk/dataset=cora/feature=deepwalk/feature_dim=800/scale=4/deepwalk_walk_length=40/deepwalk_number_walks=20/deepwalk_window_size=5/deepwalk_workers=20/deepwalk_undirected=true/mechanism=mbm/x_eps=inf/m=best/norm=false/smoother=hoa/backbone=sage/use_nfr=false/logs/grid_candidate_0014_attempt_1.log,
grid_candidate_0020,grid,grid_candidate_0020,completed,1,0,18.858285,/home/hzw/Rethinking_GNN_DP/paper_experiments/figure1/search_phase_1/family3/hoa/deepwalk/dataset=cora/feature=deepwalk/feature_dim=800/scale=4/deepwalk_walk_length=40/deepwalk_number_walks=20/deepwalk_window_size=5/deepwalk_workers=20/deepwalk_undirected=true/mechanism=mbm/x_eps=inf/m=best/norm=false/smoother=hoa/backbone=sage/use_nfr=false/logs/grid_candidate_0020_attempt_1.log,
grid_candidate_0037,grid,grid_candidate_0037,completed,1,0,18.831135,/home/hzw/Rethinking_GNN_DP/paper_experiments/figure1/search_phase_1/family3/hoa/deepwalk/dataset=cora/feature=deepwalk/feature_dim=800/scale=4/deepwalk_walk_length=40/deepwalk_number_walks=20/deepwalk_window_size=5/deepwalk_workers=20/deepwalk_undirected=true/mechanism=mbm/x_eps=inf/m=best/norm=false/smoother=hoa/backbone=sage/use_nfr=false/logs/grid_candidate_0037_attempt_1.log,
grid_candidate_0039,grid,grid_candidate_0039,completed,1,0,17.980185,/home/hzw/Rethinking_GNN_DP/paper_experiments/figure1/search_phase_1/family3/hoa/deepwalk/dataset=cora/feature=deepwalk/feature_dim=800/scale=4/deepwalk_walk_length=40/deepwalk_number_walks=20/deepwalk_window_size=5/deepwalk_workers=20/deepwalk_undirected=true/mechanism=mbm/x_eps=inf/m=best/norm=false/smoother=hoa/backbone=sage/use_nfr=false/logs/grid_candidate_0039_attempt_1.log,
grid_candidate_0026,grid,grid_candidate_0026,completed,1,0,20.545662,/home/hzw/Rethinking_GNN_DP/paper_experiments/figure1/search_phase_1/family3/hoa/deepwalk/dataset=cora/feature=deepwalk/feature_dim=800/scale=4/deepwalk_walk_length=40/deepwalk_number_walks=20/deepwalk_window_size=5/deepwalk_workers=20/deepwalk_undirected=true/mechanism=mbm/x_eps=inf/m=best/norm=false/smoother=hoa/backbone=sage/use_nfr=false/logs/grid_candidate_0026_attempt_1.log,
grid_candidate_0038,grid,grid_candidate_0038,completed,1,0,18.921166,/home/hzw/Rethinking_GNN_DP/paper_experiments/figure1/search_phase_1/family3/hoa/deepwalk/dataset=cora/feature=deepwalk/feature_dim=800/scale=4/deepwalk_walk_length=40/deepwalk_number_walks=20/deepwalk_window_size=5/deepwalk_workers=20/deepwalk_undirected=true/mechanism=mbm/x_eps=inf/m=best/norm=false/smoother=hoa/backbone=sage/use_nfr=false/logs/grid_candidate_0038_attempt_1.log,
grid_candidate_0040,grid,grid_candidate_0040,completed,1,0,16.763984,/home/hzw/Rethinking_GNN_DP/paper_experiments/figure1/search_phase_1/family3/hoa/deepwalk/dataset=cora/feature=deepwalk/feature_dim=800/scale=4/deepwalk_walk_length=40/deepwalk_number_walks=20/deepwalk_window_size=5/deepwalk_workers=20/deepwalk_undirected=true/mechanism=mbm/x_eps=inf/m=best/norm=false/smoother=hoa/backbone=sage/use_nfr=false/logs/grid_candidate_0040_attempt_1.log,
grid_candidate_0019,grid,grid_candidate_0019,completed,1,0,21.613644,/home/hzw/Rethinking_GNN_DP/paper_experiments/figure1/search_phase_1/family3/hoa/deepwalk/dataset=cora/feature=deepwalk/feature_dim=800/scale=4/deepwalk_walk_length=40/deepwalk_number_walks=20/deepwalk_window_size=5/deepwalk_workers=20/deepwalk_undirected=true/mechanism=mbm/x_eps=inf/m=best/norm=false/smoother=hoa/backbone=sage/use_nfr=false/logs/grid_candidate_0019_attempt_1.log,
grid_candidate_0022,grid,grid_candidate_0022,completed,1,0,21.404178,/home/hzw/Rethinking_GNN_DP/paper_experiments/figure1/search_phase_1/family3/hoa/deepwalk/dataset=cora/feature=deepwalk/feature_dim=800/scale=4/deepwalk_walk_length=40/deepwalk_number_walks=20/deepwalk_window_size=5/deepwalk_workers=20/deepwalk_undirected=true/mechanism=mbm/x_eps=inf/m=best/norm=false/smoother=hoa/backbone=sage/use_nfr=false/logs/grid_candidate_0022_attempt_1.log,
grid_candidate_0027,grid,grid_candidate_0027,completed,1,0,21.178882,/home/hzw/Rethinking_GNN_DP/paper_experiments/figure1/search_phase_1/family3/hoa/deepwalk/dataset=cora/feature=deepwalk/feature_dim=800/scale=4/deepwalk_walk_length=40/deepwalk_number_walks=20/deepwalk_window_size=5/deepwalk_workers=20/deepwalk_undirected=true/mechanism=mbm/x_eps=inf/m=best/norm=false/smoother=hoa/backbone=sage/use_nfr=false/logs/grid_candidate_0027_attempt_1.log,
grid_candidate_0041,grid,grid_candidate_0041,completed,1,0,15.607739,/home/hzw/Rethinking_GNN_DP/paper_experiments/figure1/search_phase_1/family3/hoa/deepwalk/dataset=cora/feature=deepwalk/feature_dim=800/scale=4/deepwalk_walk_length=40/deepwalk_number_walks=20/deepwalk_window_size=5/deepwalk_workers=20/deepwalk_undirected=true/mechanism=mbm/x_eps=inf/m=best/norm=false/smoother=hoa/backbone=sage/use_nfr=false/logs/grid_candidate_0041_attempt_1.log,
grid_candidate_0021,grid,grid_candidate_0021,completed,1,0,22.036155,/home/hzw/Rethinking_GNN_DP/paper_experiments/figure1/search_phase_1/family3/hoa/deepwalk/dataset=cora/feature=deepwalk/feature_dim=800/scale=4/deepwalk_walk_length=40/deepwalk_number_walks=20/deepwalk_window_size=5/deepwalk_workers=20/deepwalk_undirected=true/mechanism=mbm/x_eps=inf/m=best/norm=false/smoother=hoa/backbone=sage/use_nfr=false/logs/grid_candidate_0021_attempt_1.log,
grid_candidate_0036,grid,grid_candidate_0036,completed,1,0,20.328087,/home/hzw/Rethinking_GNN_DP/paper_experiments/figure1/search_phase_1/family3/hoa/deepwalk/dataset=cora/feature=deepwalk/feature_dim=800/scale=4/deepwalk_walk_length=40/deepwalk_number_walks=20/deepwalk_window_size=5/deepwalk_workers=20/deepwalk_undirected=true/mechanism=mbm/x_eps=inf/m=best/norm=false/smoother=hoa/backbone=sage/use_nfr=false/logs/grid_candidate_0036_attempt_1.log,
grid_candidate_0042,grid,grid_candidate_0042,completed,1,0,15.700745,/home/hzw/Rethinking_GNN_DP/paper_experiments/figure1/search_phase_1/family3/hoa/deepwalk/dataset=cora/feature=deepwalk/feature_dim=800/scale=4/deepwalk_walk_length=40/deepwalk_number_walks=20/deepwalk_window_size=5/deepwalk_workers=20/deepwalk_undirected=true/mechanism=mbm/x_eps=inf/m=best/norm=false/smoother=hoa/backbone=sage/use_nfr=false/logs/grid_candidate_0042_attempt_1.log,
grid_candidate_0033,grid,grid_candidate_0033,completed,1,0,20.945937,/home/hzw/Rethinking_GNN_DP/paper_experiments/figure1/search_phase_1/family3/hoa/deepwalk/dataset=cora/feature=deepwalk/feature_dim=800/scale=4/deepwalk_walk_length=40/deepwalk_number_walks=20/deepwalk_window_size=5/deepwalk_workers=20/deepwalk_undirected=true/mechanism=mbm/x_eps=inf/m=best/norm=false/smoother=hoa/backbone=sage/use_nfr=false/logs/grid_candidate_0033_attempt_1.log,
grid_candidate_0034,grid,grid_candidate_0034,completed,1,0,20.845519,/home/hzw/Rethinking_GNN_DP/paper_experiments/figure1/search_phase_1/family3/hoa/deepwalk/dataset=cora/feature=deepwalk/feature_dim=800/scale=4/deepwalk_walk_length=40/deepwalk_number_walks=20/deepwalk_window_size=5/deepwalk_workers=20/deepwalk_undirected=true/mechanism=mbm/x_eps=inf/m=best/norm=false/smoother=hoa/backbone=sage/use_nfr=false/logs/grid_candidate_0034_attempt_1.log,
grid_candidate_0031,grid,grid_candidate_0031,completed,1,0,21.481173,/home/hzw/Rethinking_GNN_DP/paper_experiments/figure1/search_phase_1/family3/hoa/deepwalk/dataset=cora/feature=deepwalk/feature_dim=800/scale=4/deepwalk_walk_length=40/deepwalk_number_walks=20/deepwalk_window_size=5/deepwalk_workers=20/deepwalk_undirected=true/mechanism=mbm/x_eps=inf/m=best/norm=false/smoother=hoa/backbone=sage/use_nfr=false/logs/grid_candidate_0031_attempt_1.log,
grid_candidate_0035,grid,grid_candidate_0035,completed,1,0,21.365238,/home/hzw/Rethinking_GNN_DP/paper_experiments/figure1/search_phase_1/family3/hoa/deepwalk/dataset=cora/feature=deepwalk/feature_dim=800/scale=4/deepwalk_walk_length=40/deepwalk_number_walks=20/deepwalk_window_size=5/deepwalk_workers=20/deepwalk_undirected=true/mechanism=mbm/x_eps=inf/m=best/norm=false/smoother=hoa/backbone=sage/use_nfr=false/logs/grid_candidate_0035_attempt_1.log,
grid_candidate_0028,grid,grid_candidate_0028,completed,1,0,22.429050,/home/hzw/Rethinking_GNN_DP/paper_experiments/figure1/search_phase_1/family3/hoa/deepwalk/dataset=cora/feature=deepwalk/feature_dim=800/scale=4/deepwalk_walk_length=40/deepwalk_number_walks=20/deepwalk_window_size=5/deepwalk_workers=20/deepwalk_undirected=true/mechanism=mbm/x_eps=inf/m=best/norm=false/smoother=hoa/backbone=sage/use_nfr=false/logs/grid_candidate_0028_attempt_1.log,
grid_candidate_0030,grid,grid_candidate_0030,completed,1,0,22.217730,/home/hzw/Rethinking_GNN_DP/paper_experiments/figure1/search_phase_1/family3/hoa/deepwalk/dataset=cora/feature=deepwalk/feature_dim=800/scale=4/deepwalk_walk_length=40/deepwalk_number_walks=20/deepwalk_window_size=5/deepwalk_workers=20/deepwalk_undirected=true/mechanism=mbm/x_eps=inf/m=best/norm=false/smoother=hoa/backbone=sage/use_nfr=false/logs/grid_candidate_0030_attempt_1.log,
grid_candidate_0029,grid,grid_candidate_0029,completed,1,0,22.534301,/home/hzw/Rethinking_GNN_DP/paper_experiments/figure1/search_phase_1/family3/hoa/deepwalk/dataset=cora/feature=deepwalk/feature_dim=800/scale=4/deepwalk_walk_length=40/deepwalk_number_walks=20/deepwalk_window_size=5/deepwalk_workers=20/deepwalk_undirected=true/mechanism=mbm/x_eps=inf/m=best/norm=false/smoother=hoa/backbone=sage/use_nfr=false/logs/grid_candidate_0029_attempt_1.log,
grid_candidate_0032,grid,grid_candidate_0032,completed,1,0,22.209725,/home/hzw/Rethinking_GNN_DP/paper_experiments/figure1/search_phase_1/family3/hoa/deepwalk/dataset=cora/feature=deepwalk/feature_dim=800/scale=4/deepwalk_walk_length=40/deepwalk_number_walks=20/deepwalk_window_size=5/deepwalk_workers=20/deepwalk_undirected=true/mechanism=mbm/x_eps=inf/m=best/norm=false/smoother=hoa/backbone=sage/use_nfr=false/logs/grid_candidate_0032_attempt_1.log,
grid_candidate_0043,grid,grid_candidate_0043,completed,1,0,16.482508,/home/hzw/Rethinking_GNN_DP/paper_experiments/figure1/search_phase_1/family3/hoa/deepwalk/dataset=cora/feature=deepwalk/feature_dim=800/scale=4/deepwalk_walk_length=40/deepwalk_number_walks=20/deepwalk_window_size=5/deepwalk_workers=20/deepwalk_undirected=true/mechanism=mbm/x_eps=inf/m=best/norm=false/smoother=hoa/backbone=sage/use_nfr=false/logs/grid_candidate_0043_attempt_1.log,
grid_candidate_0046,grid,grid_candidate_0046,completed,1,0,15.700974,/home/hzw/Rethinking_GNN_DP/paper_experiments/figure1/search_phase_1/family3/hoa/deepwalk/dataset=cora/feature=deepwalk/feature_dim=800/scale=4/deepwalk_walk_length=40/deepwalk_number_walks=20/deepwalk_window_size=5/deepwalk_workers=20/deepwalk_undirected=true/mechanism=mbm/x_eps=inf/m=best/norm=false/smoother=hoa/backbone=sage/use_nfr=false/logs/grid_candidate_0046_attempt_1.log,
grid_candidate_0047,grid,grid_candidate_0047,completed,1,0,16.114567,/home/hzw/Rethinking_GNN_DP/paper_experiments/figure1/search_phase_1/family3/hoa/deepwalk/dataset=cora/feature=deepwalk/feature_dim=800/scale=4/deepwalk_walk_length=40/deepwalk_number_walks=20/deepwalk_window_size=5/deepwalk_workers=20/deepwalk_undirected=true/mechanism=mbm/x_eps=inf/m=best/norm=false/smoother=hoa/backbone=sage/use_nfr=false/logs/grid_candidate_0047_attempt_1.log,
grid_candidate_0045,grid,grid_candidate_0045,completed,1,0,17.313700,/home/hzw/Rethinking_GNN_DP/paper_experiments/figure1/search_phase_1/family3/hoa/deepwalk/dataset=cora/feature=deepwalk/feature_dim=800/scale=4/deepwalk_walk_length=40/deepwalk_number_walks=20/deepwalk_window_size=5/deepwalk_workers=20/deepwalk_undirected=true/mechanism=mbm/x_eps=inf/m=best/norm=false/smoother=hoa/backbone=sage/use_nfr=false/logs/grid_candidate_0045_attempt_1.log,
grid_candidate_0050,grid,grid_candidate_0050,completed,1,0,15.021169,/home/hzw/Rethinking_GNN_DP/paper_experiments/figure1/search_phase_1/family3/hoa/deepwalk/dataset=cora/feature=deepwalk/feature_dim=800/scale=4/deepwalk_walk_length=40/deepwalk_number_walks=20/deepwalk_window_size=5/deepwalk_workers=20/deepwalk_undirected=true/mechanism=mbm/x_eps=inf/m=best/norm=false/smoother=hoa/backbone=sage/use_nfr=false/logs/grid_candidate_0050_attempt_1.log,
grid_candidate_0049,grid,grid_candidate_0049,completed,1,0,15.451242,/home/hzw/Rethinking_GNN_DP/paper_experiments/figure1/search_phase_1/family3/hoa/deepwalk/dataset=cora/feature=deepwalk/feature_dim=800/scale=4/deepwalk_walk_length=40/deepwalk_number_walks=20/deepwalk_window_size=5/deepwalk_workers=20/deepwalk_undirected=true/mechanism=mbm/x_eps=inf/m=best/norm=false/smoother=hoa/backbone=sage/use_nfr=false/logs/grid_candidate_0049_attempt_1.log,
grid_candidate_0053,grid,grid_candidate_0053,completed,1,0,15.655097,/home/hzw/Rethinking_GNN_DP/paper_experiments/figure1/search_phase_1/family3/hoa/deepwalk/dataset=cora/feature=deepwalk/feature_dim=800/scale=4/deepwalk_walk_length=40/deepwalk_number_walks=20/deepwalk_window_size=5/deepwalk_workers=20/deepwalk_undirected=true/mechanism=mbm/x_eps=inf/m=best/norm=false/smoother=hoa/backbone=sage/use_nfr=false/logs/grid_candidate_0053_attempt_1.log,
grid_candidate_0044,grid,grid_candidate_0044,completed,1,0,19.582970,/home/hzw/Rethinking_GNN_DP/paper_experiments/figure1/search_phase_1/family3/hoa/deepwalk/dataset=cora/feature=deepwalk/feature_dim=800/scale=4/deepwalk_walk_length=40/deepwalk_number_walks=20/deepwalk_window_size=5/deepwalk_workers=20/deepwalk_undirected=true/mechanism=mbm/x_eps=inf/m=best/norm=false/smoother=hoa/backbone=sage/use_nfr=false/logs/grid_candidate_0044_attempt_1.log,
grid_candidate_0052,grid,grid_candidate_0052,completed,1,0,17.262803,/home/hzw/Rethinking_GNN_DP/paper_experiments/figure1/search_phase_1/family3/hoa/deepwalk/dataset=cora/feature=deepwalk/feature_dim=800/scale=4/deepwalk_walk_length=40/deepwalk_number_walks=20/deepwalk_window_size=5/deepwalk_workers=20/deepwalk_undirected=true/mechanism=mbm/x_eps=inf/m=best/norm=false/smoother=hoa/backbone=sage/use_nfr=false/logs/grid_candidate_0052_attempt_1.log,
grid_candidate_0051,grid,grid_candidate_0051,completed,1,0,18.321490,/home/hzw/Rethinking_GNN_DP/paper_experiments/figure1/search_phase_1/family3/hoa/deepwalk/dataset=cora/feature=deepwalk/feature_dim=800/scale=4/deepwalk_walk_length=40/deepwalk_number_walks=20/deepwalk_window_size=5/deepwalk_workers=20/deepwalk_undirected=true/mechanism=mbm/x_eps=inf/m=best/norm=false/smoother=hoa/backbone=sage/use_nfr=false/logs/grid_candidate_0051_attempt_1.log,
grid_candidate_0054,grid,grid_candidate_0054,completed,1,0,17.762410,/home/hzw/Rethinking_GNN_DP/paper_experiments/figure1/search_phase_1/family3/hoa/deepwalk/dataset=cora/feature=deepwalk/feature_dim=800/scale=4/deepwalk_walk_length=40/deepwalk_number_walks=20/deepwalk_window_size=5/deepwalk_workers=20/deepwalk_undirected=true/mechanism=mbm/x_eps=inf/m=best/norm=false/smoother=hoa/backbone=sage/use_nfr=false/logs/grid_candidate_0054_attempt_1.log,
grid_candidate_0048,grid,grid_candidate_0048,completed,1,0,21.115367,/home/hzw/Rethinking_GNN_DP/paper_experiments/figure1/search_phase_1/family3/hoa/deepwalk/dataset=cora/feature=deepwalk/feature_dim=800/scale=4/deepwalk_walk_length=40/deepwalk_number_walks=20/deepwalk_window_size=5/deepwalk_workers=20/deepwalk_undirected=true/mechanism=mbm/x_eps=inf/m=best/norm=false/smoother=hoa/backbone=sage/use_nfr=false/logs/grid_candidate_0048_attempt_1.log,
grid_candidate_0062,grid,grid_candidate_0062,completed,1,0,19.428260,/home/hzw/Rethinking_GNN_DP/paper_experiments/figure1/search_phase_1/family3/hoa/deepwalk/dataset=cora/feature=deepwalk/feature_dim=800/scale=4/deepwalk_walk_length=40/deepwalk_number_walks=20/deepwalk_window_size=5/deepwalk_workers=20/deepwalk_undirected=true/mechanism=mbm/x_eps=inf/m=best/norm=false/smoother=hoa/backbone=sage/use_nfr=false/logs/grid_candidate_0062_attempt_1.log,
grid_candidate_0055,grid,grid_candidate_0055,completed,1,0,21.330710,/home/hzw/Rethinking_GNN_DP/paper_experiments/figure1/search_phase_1/family3/hoa/deepwalk/dataset=cora/feature=deepwalk/feature_dim=800/scale=4/deepwalk_walk_length=40/deepwalk_number_walks=20/deepwalk_window_size=5/deepwalk_workers=20/deepwalk_undirected=true/mechanism=mbm/x_eps=inf/m=best/norm=false/smoother=hoa/backbone=sage/use_nfr=false/logs/grid_candidate_0055_attempt_1.log,
grid_candidate_0056,grid,grid_candidate_0056,completed,1,0,21.230685,/home/hzw/Rethinking_GNN_DP/paper_experiments/figure1/search_phase_1/family3/hoa/deepwalk/dataset=cora/feature=deepwalk/feature_dim=800/scale=4/deepwalk_walk_length=40/deepwalk_number_walks=20/deepwalk_window_size=5/deepwalk_workers=20/deepwalk_undirected=true/mechanism=mbm/x_eps=inf/m=best/norm=false/smoother=hoa/backbone=sage/use_nfr=false/logs/grid_candidate_0056_attempt_1.log,
grid_candidate_0057,grid,grid_candidate_0057,completed,1,0,21.327783,/home/hzw/Rethinking_GNN_DP/paper_experiments/figure1/search_phase_1/family3/hoa/deepwalk/dataset=cora/feature=deepwalk/feature_dim=800/scale=4/deepwalk_walk_length=40/deepwalk_number_walks=20/deepwalk_window_size=5/deepwalk_workers=20/deepwalk_undirected=true/mechanism=mbm/x_eps=inf/m=best/norm=false/smoother=hoa/backbone=sage/use_nfr=false/logs/grid_candidate_0057_attempt_1.log,
grid_candidate_0064,grid,grid_candidate_0064,completed,1,0,20.574503,/home/hzw/Rethinking_GNN_DP/paper_experiments/figure1/search_phase_1/family3/hoa/deepwalk/dataset=cora/feature=deepwalk/feature_dim=800/scale=4/deepwalk_walk_length=40/deepwalk_number_walks=20/deepwalk_window_size=5/deepwalk_workers=20/deepwalk_undirected=true/mechanism=mbm/x_eps=inf/m=best/norm=false/smoother=hoa/backbone=sage/use_nfr=false/logs/grid_candidate_0064_attempt_1.log,
grid_candidate_0071,grid,grid_candidate_0071,completed,1,0,18.124472,/home/hzw/Rethinking_GNN_DP/paper_experiments/figure1/search_phase_1/family3/hoa/deepwalk/dataset=cora/feature=deepwalk/feature_dim=800/scale=4/deepwalk_walk_length=40/deepwalk_number_walks=20/deepwalk_window_size=5/deepwalk_workers=20/deepwalk_undirected=true/mechanism=mbm/x_eps=inf/m=best/norm=false/smoother=hoa/backbone=sage/use_nfr=false/logs/grid_candidate_0071_attempt_1.log,
grid_candidate_0059,grid,grid_candidate_0059,completed,1,0,21.437656,/home/hzw/Rethinking_GNN_DP/paper_experiments/figure1/search_phase_1/family3/hoa/deepwalk/dataset=cora/feature=deepwalk/feature_dim=800/scale=4/deepwalk_walk_length=40/deepwalk_number_walks=20/deepwalk_window_size=5/deepwalk_workers=20/deepwalk_undirected=true/mechanism=mbm/x_eps=inf/m=best/norm=false/smoother=hoa/backbone=sage/use_nfr=false/logs/grid_candidate_0059_attempt_1.log,
grid_candidate_0061,grid,grid_candidate_0061,completed,1,0,21.433394,/home/hzw/Rethinking_GNN_DP/paper_experiments/figure1/search_phase_1/family3/hoa/deepwalk/dataset=cora/feature=deepwalk/feature_dim=800/scale=4/deepwalk_walk_length=40/deepwalk_number_walks=20/deepwalk_window_size=5/deepwalk_workers=20/deepwalk_undirected=true/mechanism=mbm/x_eps=inf/m=best/norm=false/smoother=hoa/backbone=sage/use_nfr=false/logs/grid_candidate_0061_attempt_1.log,
grid_candidate_0067,grid,grid_candidate_0067,completed,1,0,21.108748,/home/hzw/Rethinking_GNN_DP/paper_experiments/figure1/search_phase_1/family3/hoa/deepwalk/dataset=cora/feature=deepwalk/feature_dim=800/scale=4/deepwalk_walk_length=40/deepwalk_number_walks=20/deepwalk_window_size=5/deepwalk_workers=20/deepwalk_undirected=true/mechanism=mbm/x_eps=inf/m=best/norm=false/smoother=hoa/backbone=sage/use_nfr=false/logs/grid_candidate_0067_attempt_1.log,
grid_candidate_0058,grid,grid_candidate_0058,completed,1,0,22.300071,/home/hzw/Rethinking_GNN_DP/paper_experiments/figure1/search_phase_1/family3/hoa/deepwalk/dataset=cora/feature=deepwalk/feature_dim=800/scale=4/deepwalk_walk_length=40/deepwalk_number_walks=20/deepwalk_window_size=5/deepwalk_workers=20/deepwalk_undirected=true/mechanism=mbm/x_eps=inf/m=best/norm=false/smoother=hoa/backbone=sage/use_nfr=false/logs/grid_candidate_0058_attempt_1.log,
grid_candidate_0065,grid,grid_candidate_0065,completed,1,0,21.747604,/home/hzw/Rethinking_GNN_DP/paper_experiments/figure1/search_phase_1/family3/hoa/deepwalk/dataset=cora/feature=deepwalk/feature_dim=800/scale=4/deepwalk_walk_length=40/deepwalk_number_walks=20/deepwalk_window_size=5/deepwalk_workers=20/deepwalk_undirected=true/mechanism=mbm/x_eps=inf/m=best/norm=false/smoother=hoa/backbone=sage/use_nfr=false/logs/grid_candidate_0065_attempt_1.log,
grid_candidate_0066,grid,grid_candidate_0066,completed,1,0,21.846948,/home/hzw/Rethinking_GNN_DP/paper_experiments/figure1/search_phase_1/family3/hoa/deepwalk/dataset=cora/feature=deepwalk/feature_dim=800/scale=4/deepwalk_walk_length=40/deepwalk_number_walks=20/deepwalk_window_size=5/deepwalk_workers=20/deepwalk_undirected=true/mechanism=mbm/x_eps=inf/m=best/norm=false/smoother=hoa/backbone=sage/use_nfr=false/logs/grid_candidate_0066_attempt_1.log,
grid_candidate_0070,grid,grid_candidate_0070,completed,1,0,20.680987,/home/hzw/Rethinking_GNN_DP/paper_experiments/figure1/search_phase_1/family3/hoa/deepwalk/dataset=cora/feature=deepwalk/feature_dim=800/scale=4/deepwalk_walk_length=40/deepwalk_number_walks=20/deepwalk_window_size=5/deepwalk_workers=20/deepwalk_undirected=true/mechanism=mbm/x_eps=inf/m=best/norm=false/smoother=hoa/backbone=sage/use_nfr=false/logs/grid_candidate_0070_attempt_1.log,
grid_candidate_0069,grid,grid_candidate_0069,completed,1,0,21.533800,/home/hzw/Rethinking_GNN_DP/paper_experiments/figure1/search_phase_1/family3/hoa/deepwalk/dataset=cora/feature=deepwalk/feature_dim=800/scale=4/deepwalk_walk_length=40/deepwalk_number_walks=20/deepwalk_window_size=5/deepwalk_workers=20/deepwalk_undirected=true/mechanism=mbm/x_eps=inf/m=best/norm=false/smoother=hoa/backbone=sage/use_nfr=false/logs/grid_candidate_0069_attempt_1.log,
grid_candidate_0073,grid,grid_candidate_0073,completed,1,0,15.903183,/home/hzw/Rethinking_GNN_DP/paper_experiments/figure1/search_phase_1/family3/hoa/deepwalk/dataset=cora/feature=deepwalk/feature_dim=800/scale=4/deepwalk_walk_length=40/deepwalk_number_walks=20/deepwalk_window_size=5/deepwalk_workers=20/deepwalk_undirected=true/mechanism=mbm/x_eps=inf/m=best/norm=false/smoother=hoa/backbone=sage/use_nfr=false/logs/grid_candidate_0073_attempt_1.log,
grid_candidate_0060,grid,grid_candidate_0060,completed,1,0,22.924194,/home/hzw/Rethinking_GNN_DP/paper_experiments/figure1/search_phase_1/family3/hoa/deepwalk/dataset=cora/feature=deepwalk/feature_dim=800/scale=4/deepwalk_walk_length=40/deepwalk_number_walks=20/deepwalk_window_size=5/deepwalk_workers=20/deepwalk_undirected=true/mechanism=mbm/x_eps=inf/m=best/norm=false/smoother=hoa/backbone=sage/use_nfr=false/logs/grid_candidate_0060_attempt_1.log,
grid_candidate_0063,grid,grid_candidate_0063,completed,1,0,22.606357,/home/hzw/Rethinking_GNN_DP/paper_experiments/figure1/search_phase_1/family3/hoa/deepwalk/dataset=cora/feature=deepwalk/feature_dim=800/scale=4/deepwalk_walk_length=40/deepwalk_number_walks=20/deepwalk_window_size=5/deepwalk_workers=20/deepwalk_undirected=true/mechanism=mbm/x_eps=inf/m=best/norm=false/smoother=hoa/backbone=sage/use_nfr=false/logs/grid_candidate_0063_attempt_1.log,
grid_candidate_0074,grid,grid_candidate_0074,completed,1,0,15.888921,/home/hzw/Rethinking_GNN_DP/paper_experiments/figure1/search_phase_1/family3/hoa/deepwalk/dataset=cora/feature=deepwalk/feature_dim=800/scale=4/deepwalk_walk_length=40/deepwalk_number_walks=20/deepwalk_window_size=5/deepwalk_workers=20/deepwalk_undirected=true/mechanism=mbm/x_eps=inf/m=best/norm=false/smoother=hoa/backbone=sage/use_nfr=false/logs/grid_candidate_0074_attempt_1.log,
grid_candidate_0068,grid,grid_candidate_0068,completed,1,0,22.267743,/home/hzw/Rethinking_GNN_DP/paper_experiments/figure1/search_phase_1/family3/hoa/deepwalk/dataset=cora/feature=deepwalk/feature_dim=800/scale=4/deepwalk_walk_length=40/deepwalk_number_walks=20/deepwalk_window_size=5/deepwalk_workers=20/deepwalk_undirected=true/mechanism=mbm/x_eps=inf/m=best/norm=false/smoother=hoa/backbone=sage/use_nfr=false/logs/grid_candidate_0068_attempt_1.log,
grid_candidate_0072,grid,grid_candidate_0072,completed,1,0,17.485202,/home/hzw/Rethinking_GNN_DP/paper_experiments/figure1/search_phase_1/family3/hoa/deepwalk/dataset=cora/feature=deepwalk/feature_dim=800/scale=4/deepwalk_walk_length=40/deepwalk_number_walks=20/deepwalk_window_size=5/deepwalk_workers=20/deepwalk_undirected=true/mechanism=mbm/x_eps=inf/m=best/norm=false/smoother=hoa/backbone=sage/use_nfr=false/logs/grid_candidate_0072_attempt_1.log,
grid_candidate_0075,grid,grid_candidate_0075,completed,1,0,17.681248,/home/hzw/Rethinking_GNN_DP/paper_experiments/figure1/search_phase_1/family3/hoa/deepwalk/dataset=cora/feature=deepwalk/feature_dim=800/scale=4/deepwalk_walk_length=40/deepwalk_number_walks=20/deepwalk_window_size=5/deepwalk_workers=20/deepwalk_undirected=true/mechanism=mbm/x_eps=inf/m=best/norm=false/smoother=hoa/backbone=sage/use_nfr=false/logs/grid_candidate_0075_attempt_1.log,
grid_candidate_0078,grid,grid_candidate_0078,completed,1,0,18.025345,/home/hzw/Rethinking_GNN_DP/paper_experiments/figure1/search_phase_1/family3/hoa/deepwalk/dataset=cora/feature=deepwalk/feature_dim=800/scale=4/deepwalk_walk_length=40/deepwalk_number_walks=20/deepwalk_window_size=5/deepwalk_workers=20/deepwalk_undirected=true/mechanism=mbm/x_eps=inf/m=best/norm=false/smoother=hoa/backbone=sage/use_nfr=false/logs/grid_candidate_0078_attempt_1.log,
grid_candidate_0076,grid,grid_candidate_0076,completed,1,0,18.573581,/home/hzw/Rethinking_GNN_DP/paper_experiments/figure1/search_phase_1/family3/hoa/deepwalk/dataset=cora/feature=deepwalk/feature_dim=800/scale=4/deepwalk_walk_length=40/deepwalk_number_walks=20/deepwalk_window_size=5/deepwalk_workers=20/deepwalk_undirected=true/mechanism=mbm/x_eps=inf/m=best/norm=false/smoother=hoa/backbone=sage/use_nfr=false/logs/grid_candidate_0076_attempt_1.log,
grid_candidate_0077,grid,grid_candidate_0077,completed,1,0,18.492364,/home/hzw/Rethinking_GNN_DP/paper_experiments/figure1/search_phase_1/family3/hoa/deepwalk/dataset=cora/feature=deepwalk/feature_dim=800/scale=4/deepwalk_walk_length=40/deepwalk_number_walks=20/deepwalk_window_size=5/deepwalk_workers=20/deepwalk_undirected=true/mechanism=mbm/x_eps=inf/m=best/norm=false/smoother=hoa/backbone=sage/use_nfr=false/logs/grid_candidate_0077_attempt_1.log,
grid_candidate_0079,grid,grid_candidate_0079,completed,1,0,19.173372,/home/hzw/Rethinking_GNN_DP/paper_experiments/figure1/search_phase_1/family3/hoa/deepwalk/dataset=cora/feature=deepwalk/feature_dim=800/scale=4/deepwalk_walk_length=40/deepwalk_number_walks=20/deepwalk_window_size=5/deepwalk_workers=20/deepwalk_undirected=true/mechanism=mbm/x_eps=inf/m=best/norm=false/smoother=hoa/backbone=sage/use_nfr=false/logs/grid_candidate_0079_attempt_1.log,
grid_candidate_0082,grid,grid_candidate_0082,completed,1,0,18.665536,/home/hzw/Rethinking_GNN_DP/paper_experiments/figure1/search_phase_1/family3/hoa/deepwalk/dataset=cora/feature=deepwalk/feature_dim=800/scale=4/deepwalk_walk_length=40/deepwalk_number_walks=20/deepwalk_window_size=5/deepwalk_workers=20/deepwalk_undirected=true/mechanism=mbm/x_eps=inf/m=best/norm=false/smoother=hoa/backbone=sage/use_nfr=false/logs/grid_candidate_0082_attempt_1.log,
grid_candidate_0081,grid,grid_candidate_0081,completed,1,0,19.016052,/home/hzw/Rethinking_GNN_DP/paper_experiments/figure1/search_phase_1/family3/hoa/deepwalk/dataset=cora/feature=deepwalk/feature_dim=800/scale=4/deepwalk_walk_length=40/deepwalk_number_walks=20/deepwalk_window_size=5/deepwalk_workers=20/deepwalk_undirected=true/mechanism=mbm/x_eps=inf/m=best/norm=false/smoother=hoa/backbone=sage/use_nfr=false/logs/grid_candidate_0081_attempt_1.log,
grid_candidate_0080,grid,grid_candidate_0080,completed,1,0,20.365462,/home/hzw/Rethinking_GNN_DP/paper_experiments/figure1/search_phase_1/family3/hoa/deepwalk/dataset=cora/feature=deepwalk/feature_dim=800/scale=4/deepwalk_walk_length=40/deepwalk_number_walks=20/deepwalk_window_size=5/deepwalk_workers=20/deepwalk_undirected=true/mechanism=mbm/x_eps=inf/m=best/norm=false/smoother=hoa/backbone=sage/use_nfr=false/logs/grid_candidate_0080_attempt_1.log,
grid_candidate_0086,grid,grid_candidate_0086,completed,1,0,19.262910,/home/hzw/Rethinking_GNN_DP/paper_experiments/figure1/search_phase_1/family3/hoa/deepwalk/dataset=cora/feature=deepwalk/feature_dim=800/scale=4/deepwalk_walk_length=40/deepwalk_number_walks=20/deepwalk_window_size=5/deepwalk_workers=20/deepwalk_undirected=true/mechanism=mbm/x_eps=inf/m=best/norm=false/smoother=hoa/backbone=sage/use_nfr=false/logs/grid_candidate_0086_attempt_1.log,
grid_candidate_0085,grid,grid_candidate_0085,completed,1,0,20.030440,/home/hzw/Rethinking_GNN_DP/paper_experiments/figure1/search_phase_1/family3/hoa/deepwalk/dataset=cora/feature=deepwalk/feature_dim=800/scale=4/deepwalk_walk_length=40/deepwalk_number_walks=20/deepwalk_window_size=5/deepwalk_workers=20/deepwalk_undirected=true/mechanism=mbm/x_eps=inf/m=best/norm=false/smoother=hoa/backbone=sage/use_nfr=false/logs/grid_candidate_0085_attempt_1.log,
grid_candidate_0089,grid,grid_candidate_0089,completed,1,0,16.936881,/home/hzw/Rethinking_GNN_DP/paper_experiments/figure1/search_phase_1/family3/hoa/deepwalk/dataset=cora/feature=deepwalk/feature_dim=800/scale=4/deepwalk_walk_length=40/deepwalk_number_walks=20/deepwalk_window_size=5/deepwalk_workers=20/deepwalk_undirected=true/mechanism=mbm/x_eps=inf/m=best/norm=false/smoother=hoa/backbone=sage/use_nfr=false/logs/grid_candidate_0089_attempt_1.log,
grid_candidate_0084,grid,grid_candidate_0084,completed,1,0,20.898721,/home/hzw/Rethinking_GNN_DP/paper_experiments/figure1/search_phase_1/family3/hoa/deepwalk/dataset=cora/feature=deepwalk/feature_dim=800/scale=4/deepwalk_walk_length=40/deepwalk_number_walks=20/deepwalk_window_size=5/deepwalk_workers=20/deepwalk_undirected=true/mechanism=mbm/x_eps=inf/m=best/norm=false/smoother=hoa/backbone=sage/use_nfr=false/logs/grid_candidate_0084_attempt_1.log,
grid_candidate_0087,grid,grid_candidate_0087,completed,1,0,19.644185,/home/hzw/Rethinking_GNN_DP/paper_experiments/figure1/search_phase_1/family3/hoa/deepwalk/dataset=cora/feature=deepwalk/feature_dim=800/scale=4/deepwalk_walk_length=40/deepwalk_number_walks=20/deepwalk_window_size=5/deepwalk_workers=20/deepwalk_undirected=true/mechanism=mbm/x_eps=inf/m=best/norm=false/smoother=hoa/backbone=sage/use_nfr=false/logs/grid_candidate_0087_attempt_1.log,
grid_candidate_0088,grid,grid_candidate_0088,completed,1,0,19.323559,/home/hzw/Rethinking_GNN_DP/paper_experiments/figure1/search_phase_1/family3/hoa/deepwalk/dataset=cora/feature=deepwalk/feature_dim=800/scale=4/deepwalk_walk_length=40/deepwalk_number_walks=20/deepwalk_window_size=5/deepwalk_workers=20/deepwalk_undirected=true/mechanism=mbm/x_eps=inf/m=best/norm=false/smoother=hoa/backbone=sage/use_nfr=false/logs/grid_candidate_0088_attempt_1.log,
grid_candidate_0083,grid,grid_candidate_0083,completed,1,0,21.856450,/home/hzw/Rethinking_GNN_DP/paper_experiments/figure1/search_phase_1/family3/hoa/deepwalk/dataset=cora/feature=deepwalk/feature_dim=800/scale=4/deepwalk_walk_length=40/deepwalk_number_walks=20/deepwalk_window_size=5/deepwalk_workers=20/deepwalk_undirected=true/mechanism=mbm/x_eps=inf/m=best/norm=false/smoother=hoa/backbone=sage/use_nfr=false/logs/grid_candidate_0083_attempt_1.log,
grid_candidate_0090,grid,grid_candidate_0090,completed,1,0,16.332331,/home/hzw/Rethinking_GNN_DP/paper_experiments/figure1/search_phase_1/family3/hoa/deepwalk/dataset=cora/feature=deepwalk/feature_dim=800/scale=4/deepwalk_walk_length=40/deepwalk_number_walks=20/deepwalk_window_size=5/deepwalk_workers=20/deepwalk_undirected=true/mechanism=mbm/x_eps=inf/m=best/norm=false/smoother=hoa/backbone=sage/use_nfr=false/logs/grid_candidate_0090_attempt_1.log,
grid_candidate_0091,grid,grid_candidate_0091,completed,1,0,16.529638,/home/hzw/Rethinking_GNN_DP/paper_experiments/figure1/search_phase_1/family3/hoa/deepwalk/dataset=cora/feature=deepwalk/feature_dim=800/scale=4/deepwalk_walk_length=40/deepwalk_number_walks=20/deepwalk_window_size=5/deepwalk_workers=20/deepwalk_undirected=true/mechanism=mbm/x_eps=inf/m=best/norm=false/smoother=hoa/backbone=sage/use_nfr=false/logs/grid_candidate_0091_attempt_1.log,
grid_candidate_0093,grid,grid_candidate_0093,completed,1,0,15.198765,/home/hzw/Rethinking_GNN_DP/paper_experiments/figure1/search_phase_1/family3/hoa/deepwalk/dataset=cora/feature=deepwalk/feature_dim=800/scale=4/deepwalk_walk_length=40/deepwalk_number_walks=20/deepwalk_window_size=5/deepwalk_workers=20/deepwalk_undirected=true/mechanism=mbm/x_eps=inf/m=best/norm=false/smoother=hoa/backbone=sage/use_nfr=false/logs/grid_candidate_0093_attempt_1.log,
grid_candidate_0097,grid,grid_candidate_0097,completed,1,0,16.157710,/home/hzw/Rethinking_GNN_DP/paper_experiments/figure1/search_phase_1/family3/hoa/deepwalk/dataset=cora/feature=deepwalk/feature_dim=800/scale=4/deepwalk_walk_length=40/deepwalk_number_walks=20/deepwalk_window_size=5/deepwalk_workers=20/deepwalk_undirected=true/mechanism=mbm/x_eps=inf/m=best/norm=false/smoother=hoa/backbone=sage/use_nfr=false/logs/grid_candidate_0097_attempt_1.log,
grid_candidate_0092,grid,grid_candidate_0092,completed,1,0,17.017244,/home/hzw/Rethinking_GNN_DP/paper_experiments/figure1/search_phase_1/family3/hoa/deepwalk/dataset=cora/feature=deepwalk/feature_dim=800/scale=4/deepwalk_walk_length=40/deepwalk_number_walks=20/deepwalk_window_size=5/deepwalk_workers=20/deepwalk_undirected=true/mechanism=mbm/x_eps=inf/m=best/norm=false/smoother=hoa/backbone=sage/use_nfr=false/logs/grid_candidate_0092_attempt_1.log,
grid_candidate_0095,grid,grid_candidate_0095,completed,1,0,18.474197,/home/hzw/Rethinking_GNN_DP/paper_experiments/figure1/search_phase_1/family3/hoa/deepwalk/dataset=cora/feature=deepwalk/feature_dim=800/scale=4/deepwalk_walk_length=40/deepwalk_number_walks=20/deepwalk_window_size=5/deepwalk_workers=20/deepwalk_undirected=true/mechanism=mbm/x_eps=inf/m=best/norm=false/smoother=hoa/backbone=sage/use_nfr=false/logs/grid_candidate_0095_attempt_1.log,
grid_candidate_0107,grid,grid_candidate_0107,completed,1,0,17.406916,/home/hzw/Rethinking_GNN_DP/paper_experiments/figure1/search_phase_1/family3/hoa/deepwalk/dataset=cora/feature=deepwalk/feature_dim=800/scale=4/deepwalk_walk_length=40/deepwalk_number_walks=20/deepwalk_window_size=5/deepwalk_workers=20/deepwalk_undirected=true/mechanism=mbm/x_eps=inf/m=best/norm=false/smoother=hoa/backbone=sage/use_nfr=false/logs/grid_candidate_0107_attempt_1.log,
grid_candidate_0106,grid,grid_candidate_0106,completed,1,0,18.273353,/home/hzw/Rethinking_GNN_DP/paper_experiments/figure1/search_phase_1/family3/hoa/deepwalk/dataset=cora/feature=deepwalk/feature_dim=800/scale=4/deepwalk_walk_length=40/deepwalk_number_walks=20/deepwalk_window_size=5/deepwalk_workers=20/deepwalk_undirected=true/mechanism=mbm/x_eps=inf/m=best/norm=false/smoother=hoa/backbone=sage/use_nfr=false/logs/grid_candidate_0106_attempt_1.log,
grid_candidate_0112,grid,grid_candidate_0112,completed,1,0,17.919585,/home/hzw/Rethinking_GNN_DP/paper_experiments/figure1/search_phase_1/family3/hoa/deepwalk/dataset=cora/feature=deepwalk/feature_dim=800/scale=4/deepwalk_walk_length=40/deepwalk_number_walks=20/deepwalk_window_size=5/deepwalk_workers=20/deepwalk_undirected=true/mechanism=mbm/x_eps=inf/m=best/norm=false/smoother=hoa/backbone=sage/use_nfr=false/logs/grid_candidate_0112_attempt_1.log,
grid_candidate_0111,grid,grid_candidate_0111,completed,1,0,18.302030,/home/hzw/Rethinking_GNN_DP/paper_experiments/figure1/search_phase_1/family3/hoa/deepwalk/dataset=cora/feature=deepwalk/feature_dim=800/scale=4/deepwalk_walk_length=40/deepwalk_number_walks=20/deepwalk_window_size=5/deepwalk_workers=20/deepwalk_undirected=true/mechanism=mbm/x_eps=inf/m=best/norm=false/smoother=hoa/backbone=sage/use_nfr=false/logs/grid_candidate_0111_attempt_1.log,
grid_candidate_0109,grid,grid_candidate_0109,completed,1,0,19.336891,/home/hzw/Rethinking_GNN_DP/paper_experiments/figure1/search_phase_1/family3/hoa/deepwalk/dataset=cora/feature=deepwalk/feature_dim=800/scale=4/deepwalk_walk_length=40/deepwalk_number_walks=20/deepwalk_window_size=5/deepwalk_workers=20/deepwalk_undirected=true/mechanism=mbm/x_eps=inf/m=best/norm=false/smoother=hoa/backbone=sage/use_nfr=false/logs/grid_candidate_0109_attempt_1.log,
grid_candidate_0113,grid,grid_candidate_0113,completed,1,0,19.144024,/home/hzw/Rethinking_GNN_DP/paper_experiments/figure1/search_phase_1/family3/hoa/deepwalk/dataset=cora/feature=deepwalk/feature_dim=800/scale=4/deepwalk_walk_length=40/deepwalk_number_walks=20/deepwalk_window_size=5/deepwalk_workers=20/deepwalk_undirected=true/mechanism=mbm/x_eps=inf/m=best/norm=false/smoother=hoa/backbone=sage/use_nfr=false/logs/grid_candidate_0113_attempt_1.log,
grid_candidate_0108,grid,grid_candidate_0108,completed,1,0,19.773000,/home/hzw/Rethinking_GNN_DP/paper_experiments/figure1/search_phase_1/family3/hoa/deepwalk/dataset=cora/feature=deepwalk/feature_dim=800/scale=4/deepwalk_walk_length=40/deepwalk_number_walks=20/deepwalk_window_size=5/deepwalk_workers=20/deepwalk_undirected=true/mechanism=mbm/x_eps=inf/m=best/norm=false/smoother=hoa/backbone=sage/use_nfr=false/logs/grid_candidate_0108_attempt_1.log,
grid_candidate_0110,grid,grid_candidate_0110,completed,1,0,19.889943,/home/hzw/Rethinking_GNN_DP/paper_experiments/figure1/search_phase_1/family3/hoa/deepwalk/dataset=cora/feature=deepwalk/feature_dim=800/scale=4/deepwalk_walk_length=40/deepwalk_number_walks=20/deepwalk_window_size=5/deepwalk_workers=20/deepwalk_undirected=true/mechanism=mbm/x_eps=inf/m=best/norm=false/smoother=hoa/backbone=sage/use_nfr=false/logs/grid_candidate_0110_attempt_1.log,
grid_candidate_0098,grid,grid_candidate_0098,completed,1,0,21.269852,/home/hzw/Rethinking_GNN_DP/paper_experiments/figure1/search_phase_1/family3/hoa/deepwalk/dataset=cora/feature=deepwalk/feature_dim=800/scale=4/deepwalk_walk_length=40/deepwalk_number_walks=20/deepwalk_window_size=5/deepwalk_workers=20/deepwalk_undirected=true/mechanism=mbm/x_eps=inf/m=best/norm=false/smoother=hoa/backbone=sage/use_nfr=false/logs/grid_candidate_0098_attempt_1.log,
grid_candidate_0115,grid,grid_candidate_0115,completed,1,0,19.126406,/home/hzw/Rethinking_GNN_DP/paper_experiments/figure1/search_phase_1/family3/hoa/deepwalk/dataset=cora/feature=deepwalk/feature_dim=800/scale=4/deepwalk_walk_length=40/deepwalk_number_walks=20/deepwalk_window_size=5/deepwalk_workers=20/deepwalk_undirected=true/mechanism=mbm/x_eps=inf/m=best/norm=false/smoother=hoa/backbone=sage/use_nfr=false/logs/grid_candidate_0115_attempt_1.log,
grid_candidate_0100,grid,grid_candidate_0100,completed,1,0,21.276625,/home/hzw/Rethinking_GNN_DP/paper_experiments/figure1/search_phase_1/family3/hoa/deepwalk/dataset=cora/feature=deepwalk/feature_dim=800/scale=4/deepwalk_walk_length=40/deepwalk_number_walks=20/deepwalk_window_size=5/deepwalk_workers=20/deepwalk_undirected=true/mechanism=mbm/x_eps=inf/m=best/norm=false/smoother=hoa/backbone=sage/use_nfr=false/logs/grid_candidate_0100_attempt_1.log,
grid_candidate_0114,grid,grid_candidate_0114,completed,1,0,19.793963,/home/hzw/Rethinking_GNN_DP/paper_experiments/figure1/search_phase_1/family3/hoa/deepwalk/dataset=cora/feature=deepwalk/feature_dim=800/scale=4/deepwalk_walk_length=40/deepwalk_number_walks=20/deepwalk_window_size=5/deepwalk_workers=20/deepwalk_undirected=true/mechanism=mbm/x_eps=inf/m=best/norm=false/smoother=hoa/backbone=sage/use_nfr=false/logs/grid_candidate_0114_attempt_1.log,
grid_candidate_0116,grid,grid_candidate_0116,completed,1,0,18.504075,/home/hzw/Rethinking_GNN_DP/paper_experiments/figure1/search_phase_1/family3/hoa/deepwalk/dataset=cora/feature=deepwalk/feature_dim=800/scale=4/deepwalk_walk_length=40/deepwalk_number_walks=20/deepwalk_window_size=5/deepwalk_workers=20/deepwalk_undirected=true/mechanism=mbm/x_eps=inf/m=best/norm=false/smoother=hoa/backbone=sage/use_nfr=false/logs/grid_candidate_0116_attempt_1.log,
grid_candidate_0096,grid,grid_candidate_0096,completed,1,0,22.240352,/home/hzw/Rethinking_GNN_DP/paper_experiments/figure1/search_phase_1/family3/hoa/deepwalk/dataset=cora/feature=deepwalk/feature_dim=800/scale=4/deepwalk_walk_length=40/deepwalk_number_walks=20/deepwalk_window_size=5/deepwalk_workers=20/deepwalk_undirected=true/mechanism=mbm/x_eps=inf/m=best/norm=false/smoother=hoa/backbone=sage/use_nfr=false/logs/grid_candidate_0096_attempt_1.log,
grid_candidate_0117,grid,grid_candidate_0117,completed,1,0,18.598897,/home/hzw/Rethinking_GNN_DP/paper_experiments/figure1/search_phase_1/family3/hoa/deepwalk/dataset=cora/feature=deepwalk/feature_dim=800/scale=4/deepwalk_walk_length=40/deepwalk_number_walks=20/deepwalk_window_size=5/deepwalk_workers=20/deepwalk_undirected=true/mechanism=mbm/x_eps=inf/m=best/norm=false/smoother=hoa/backbone=sage/use_nfr=false/logs/grid_candidate_0117_attempt_1.log,
grid_candidate_0102,grid,grid_candidate_0102,completed,1,0,21.602471,/home/hzw/Rethinking_GNN_DP/paper_experiments/figure1/search_phase_1/family3/hoa/deepwalk/dataset=cora/feature=deepwalk/feature_dim=800/scale=4/deepwalk_walk_length=40/deepwalk_number_walks=20/deepwalk_window_size=5/deepwalk_workers=20/deepwalk_undirected=true/mechanism=mbm/x_eps=inf/m=best/norm=false/smoother=hoa/backbone=sage/use_nfr=false/logs/grid_candidate_0102_attempt_1.log,
grid_candidate_0118,grid,grid_candidate_0118,completed,1,0,17.184431,/home/hzw/Rethinking_GNN_DP/paper_experiments/figure1/search_phase_1/family3/hoa/deepwalk/dataset=cora/feature=deepwalk/feature_dim=800/scale=4/deepwalk_walk_length=40/deepwalk_number_walks=20/deepwalk_window_size=5/deepwalk_workers=20/deepwalk_undirected=true/mechanism=mbm/x_eps=inf/m=best/norm=false/smoother=hoa/backbone=sage/use_nfr=false/logs/grid_candidate_0118_attempt_1.log,
grid_candidate_0119,grid,grid_candidate_0119,completed,1,0,15.825694,/home/hzw/Rethinking_GNN_DP/paper_experiments/figure1/search_phase_1/family3/hoa/deepwalk/dataset=cora/feature=deepwalk/feature_dim=800/scale=4/deepwalk_walk_length=40/deepwalk_number_walks=20/deepwalk_window_size=5/deepwalk_workers=20/deepwalk_undirected=true/mechanism=mbm/x_eps=inf/m=best/norm=false/smoother=hoa/backbone=sage/use_nfr=false/logs/grid_candidate_0119_attempt_1.log,
grid_candidate_0094,grid,grid_candidate_0094,completed,1,0,22.993508,/home/hzw/Rethinking_GNN_DP/paper_experiments/figure1/search_phase_1/family3/hoa/deepwalk/dataset=cora/feature=deepwalk/feature_dim=800/scale=4/deepwalk_walk_length=40/deepwalk_number_walks=20/deepwalk_window_size=5/deepwalk_workers=20/deepwalk_undirected=true/mechanism=mbm/x_eps=inf/m=best/norm=false/smoother=hoa/backbone=sage/use_nfr=false/logs/grid_candidate_0094_attempt_1.log,
grid_candidate_0104,grid,grid_candidate_0104,completed,1,0,21.707920,/home/hzw/Rethinking_GNN_DP/paper_experiments/figure1/search_phase_1/family3/hoa/deepwalk/dataset=cora/feature=deepwalk/feature_dim=800/scale=4/deepwalk_walk_length=40/deepwalk_number_walks=20/deepwalk_window_size=5/deepwalk_workers=20/deepwalk_undirected=true/mechanism=mbm/x_eps=inf/m=best/norm=false/smoother=hoa/backbone=sage/use_nfr=false/logs/grid_candidate_0104_attempt_1.log,
grid_candidate_0101,grid,grid_candidate_0101,completed,1,0,22.231967,/home/hzw/Rethinking_GNN_DP/paper_experiments/figure1/search_phase_1/family3/hoa/deepwalk/dataset=cora/feature=deepwalk/feature_dim=800/scale=4/deepwalk_walk_length=40/deepwalk_number_walks=20/deepwalk_window_size=5/deepwalk_workers=20/deepwalk_undirected=true/mechanism=mbm/x_eps=inf/m=best/norm=false/smoother=hoa/backbone=sage/use_nfr=false/logs/grid_candidate_0101_attempt_1.log,
grid_candidate_0103,grid,grid_candidate_0103,completed,1,0,22.019858,/home/hzw/Rethinking_GNN_DP/paper_experiments/figure1/search_phase_1/family3/hoa/deepwalk/dataset=cora/feature=deepwalk/feature_dim=800/scale=4/deepwalk_walk_length=40/deepwalk_number_walks=20/deepwalk_window_size=5/deepwalk_workers=20/deepwalk_undirected=true/mechanism=mbm/x_eps=inf/m=best/norm=false/smoother=hoa/backbone=sage/use_nfr=false/logs/grid_candidate_0103_attempt_1.log,
grid_candidate_0099,grid,grid_candidate_0099,completed,1,0,22.651381,/home/hzw/Rethinking_GNN_DP/paper_experiments/figure1/search_phase_1/family3/hoa/deepwalk/dataset=cora/feature=deepwalk/feature_dim=800/scale=4/deepwalk_walk_length=40/deepwalk_number_walks=20/deepwalk_window_size=5/deepwalk_workers=20/deepwalk_undirected=true/mechanism=mbm/x_eps=inf/m=best/norm=false/smoother=hoa/backbone=sage/use_nfr=false/logs/grid_candidate_0099_attempt_1.log,
grid_candidate_0120,grid,grid_candidate_0120,completed,1,0,16.313845,/home/hzw/Rethinking_GNN_DP/paper_experiments/figure1/search_phase_1/family3/hoa/deepwalk/dataset=cora/feature=deepwalk/feature_dim=800/scale=4/deepwalk_walk_length=40/deepwalk_number_walks=20/deepwalk_window_size=5/deepwalk_workers=20/deepwalk_undirected=true/mechanism=mbm/x_eps=inf/m=best/norm=false/smoother=hoa/backbone=sage/use_nfr=false/logs/grid_candidate_0120_attempt_1.log,
grid_candidate_0121,grid,grid_candidate_0121,completed,1,0,16.193794,/home/hzw/Rethinking_GNN_DP/paper_experiments/figure1/search_phase_1/family3/hoa/deepwalk/dataset=cora/feature=deepwalk/feature_dim=800/scale=4/deepwalk_walk_length=40/deepwalk_number_walks=20/deepwalk_window_size=5/deepwalk_workers=20/deepwalk_undirected=true/mechanism=mbm/x_eps=inf/m=best/norm=false/smoother=hoa/backbone=sage/use_nfr=false/logs/grid_candidate_0121_attempt_1.log,
grid_candidate_0105,grid,grid_candidate_0105,completed,1,0,22.322423,/home/hzw/Rethinking_GNN_DP/paper_experiments/figure1/search_phase_1/family3/hoa/deepwalk/dataset=cora/feature=deepwalk/feature_dim=800/scale=4/deepwalk_walk_length=40/deepwalk_number_walks=20/deepwalk_window_size=5/deepwalk_workers=20/deepwalk_undirected=true/mechanism=mbm/x_eps=inf/m=best/norm=false/smoother=hoa/backbone=sage/use_nfr=false/logs/grid_candidate_0105_attempt_1.log,
grid_candidate_0122,grid,grid_candidate_0122,completed,1,0,15.744764,/home/hzw/Rethinking_GNN_DP/paper_experiments/figure1/search_phase_1/family3/hoa/deepwalk/dataset=cora/feature=deepwalk/feature_dim=800/scale=4/deepwalk_walk_length=40/deepwalk_number_walks=20/deepwalk_window_size=5/deepwalk_workers=20/deepwalk_undirected=true/mechanism=mbm/x_eps=inf/m=best/norm=false/smoother=hoa/backbone=sage/use_nfr=false/logs/grid_candidate_0122_attempt_1.log,
grid_candidate_0123,grid,grid_candidate_0123,completed,1,0,16.545498,/home/hzw/Rethinking_GNN_DP/paper_experiments/figure1/search_phase_1/family3/hoa/deepwalk/dataset=cora/feature=deepwalk/feature_dim=800/scale=4/deepwalk_walk_length=40/deepwalk_number_walks=20/deepwalk_window_size=5/deepwalk_workers=20/deepwalk_undirected=true/mechanism=mbm/x_eps=inf/m=best/norm=false/smoother=hoa/backbone=sage/use_nfr=false/logs/grid_candidate_0123_attempt_1.log,
grid_candidate_0125,grid,grid_candidate_0125,completed,1,0,16.627654,/home/hzw/Rethinking_GNN_DP/paper_experiments/figure1/search_phase_1/family3/hoa/deepwalk/dataset=cora/feature=deepwalk/feature_dim=800/scale=4/deepwalk_walk_length=40/deepwalk_number_walks=20/deepwalk_window_size=5/deepwalk_workers=20/deepwalk_undirected=true/mechanism=mbm/x_eps=inf/m=best/norm=false/smoother=hoa/backbone=sage/use_nfr=false/logs/grid_candidate_0125_attempt_1.log,
grid_candidate_0124,grid,grid_candidate_0124,completed,1,0,17.070798,/home/hzw/Rethinking_GNN_DP/paper_experiments/figure1/search_phase_1/family3/hoa/deepwalk/dataset=cora/feature=deepwalk/feature_dim=800/scale=4/deepwalk_walk_length=40/deepwalk_number_walks=20/deepwalk_window_size=5/deepwalk_workers=20/deepwalk_undirected=true/mechanism=mbm/x_eps=inf/m=best/norm=false/smoother=hoa/backbone=sage/use_nfr=false/logs/grid_candidate_0124_attempt_1.log,
grid_candidate_0127,grid,grid_candidate_0127,completed,1,0,16.159436,/home/hzw/Rethinking_GNN_DP/paper_experiments/figure1/search_phase_1/family3/hoa/deepwalk/dataset=cora/feature=deepwalk/feature_dim=800/scale=4/deepwalk_walk_length=40/deepwalk_number_walks=20/deepwalk_window_size=5/deepwalk_workers=20/deepwalk_undirected=true/mechanism=mbm/x_eps=inf/m=best/norm=false/smoother=hoa/backbone=sage/use_nfr=false/logs/grid_candidate_0127_attempt_1.log,
grid_candidate_0130,grid,grid_candidate_0130,completed,1,0,17.616213,/home/hzw/Rethinking_GNN_DP/paper_experiments/figure1/search_phase_1/family3/hoa/deepwalk/dataset=cora/feature=deepwalk/feature_dim=800/scale=4/deepwalk_walk_length=40/deepwalk_number_walks=20/deepwalk_window_size=5/deepwalk_workers=20/deepwalk_undirected=true/mechanism=mbm/x_eps=inf/m=best/norm=false/smoother=hoa/backbone=sage/use_nfr=false/logs/grid_candidate_0130_attempt_1.log,
grid_candidate_0135,grid,grid_candidate_0135,completed,1,0,16.856775,/home/hzw/Rethinking_GNN_DP/paper_experiments/figure1/search_phase_1/family3/hoa/deepwalk/dataset=cora/feature=deepwalk/feature_dim=800/scale=4/deepwalk_walk_length=40/deepwalk_number_walks=20/deepwalk_window_size=5/deepwalk_workers=20/deepwalk_undirected=true/mechanism=mbm/x_eps=inf/m=best/norm=false/smoother=hoa/backbone=sage/use_nfr=false/logs/grid_candidate_0135_attempt_1.log,
grid_candidate_0136,grid,grid_candidate_0136,completed,1,0,17.517642,/home/hzw/Rethinking_GNN_DP/paper_experiments/figure1/search_phase_1/family3/hoa/deepwalk/dataset=cora/feature=deepwalk/feature_dim=800/scale=4/deepwalk_walk_length=40/deepwalk_number_walks=20/deepwalk_window_size=5/deepwalk_workers=20/deepwalk_undirected=true/mechanism=mbm/x_eps=inf/m=best/norm=false/smoother=hoa/backbone=sage/use_nfr=false/logs/grid_candidate_0136_attempt_1.log,
grid_candidate_0128,grid,grid_candidate_0128,completed,1,0,19.708849,/home/hzw/Rethinking_GNN_DP/paper_experiments/figure1/search_phase_1/family3/hoa/deepwalk/dataset=cora/feature=deepwalk/feature_dim=800/scale=4/deepwalk_walk_length=40/deepwalk_number_walks=20/deepwalk_window_size=5/deepwalk_workers=20/deepwalk_undirected=true/mechanism=mbm/x_eps=inf/m=best/norm=false/smoother=hoa/backbone=sage/use_nfr=false/logs/grid_candidate_0128_attempt_1.log,
grid_candidate_0142,grid,grid_candidate_0142,completed,1,0,17.671703,/home/hzw/Rethinking_GNN_DP/paper_experiments/figure1/search_phase_1/family3/hoa/deepwalk/dataset=cora/feature=deepwalk/feature_dim=800/scale=4/deepwalk_walk_length=40/deepwalk_number_walks=20/deepwalk_window_size=5/deepwalk_workers=20/deepwalk_undirected=true/mechanism=mbm/x_eps=inf/m=best/norm=false/smoother=hoa/backbone=sage/use_nfr=false/logs/grid_candidate_0142_attempt_1.log,
grid_candidate_0126,grid,grid_candidate_0126,completed,1,0,20.410132,/home/hzw/Rethinking_GNN_DP/paper_experiments/figure1/search_phase_1/family3/hoa/deepwalk/dataset=cora/feature=deepwalk/feature_dim=800/scale=4/deepwalk_walk_length=40/deepwalk_number_walks=20/deepwalk_window_size=5/deepwalk_workers=20/deepwalk_undirected=true/mechanism=mbm/x_eps=inf/m=best/norm=false/smoother=hoa/backbone=sage/use_nfr=false/logs/grid_candidate_0126_attempt_1.log,
grid_candidate_0133,grid,grid_candidate_0133,completed,1,0,18.963459,/home/hzw/Rethinking_GNN_DP/paper_experiments/figure1/search_phase_1/family3/hoa/deepwalk/dataset=cora/feature=deepwalk/feature_dim=800/scale=4/deepwalk_walk_length=40/deepwalk_number_walks=20/deepwalk_window_size=5/deepwalk_workers=20/deepwalk_undirected=true/mechanism=mbm/x_eps=inf/m=best/norm=false/smoother=hoa/backbone=sage/use_nfr=false/logs/grid_candidate_0133_attempt_1.log,
grid_candidate_0137,grid,grid_candidate_0137,completed,1,0,18.786152,/home/hzw/Rethinking_GNN_DP/paper_experiments/figure1/search_phase_1/family3/hoa/deepwalk/dataset=cora/feature=deepwalk/feature_dim=800/scale=4/deepwalk_walk_length=40/deepwalk_number_walks=20/deepwalk_window_size=5/deepwalk_workers=20/deepwalk_undirected=true/mechanism=mbm/x_eps=inf/m=best/norm=false/smoother=hoa/backbone=sage/use_nfr=false/logs/grid_candidate_0137_attempt_1.log,
grid_candidate_0143,grid,grid_candidate_0143,completed,1,0,18.704151,/home/hzw/Rethinking_GNN_DP/paper_experiments/figure1/search_phase_1/family3/hoa/deepwalk/dataset=cora/feature=deepwalk/feature_dim=800/scale=4/deepwalk_walk_length=40/deepwalk_number_walks=20/deepwalk_window_size=5/deepwalk_workers=20/deepwalk_undirected=true/mechanism=mbm/x_eps=inf/m=best/norm=false/smoother=hoa/backbone=sage/use_nfr=false/logs/grid_candidate_0143_attempt_1.log,
grid_candidate_0151,grid,grid_candidate_0151,completed,1,0,16.521745,/home/hzw/Rethinking_GNN_DP/paper_experiments/figure1/search_phase_1/family3/hoa/deepwalk/dataset=cora/feature=deepwalk/feature_dim=800/scale=4/deepwalk_walk_length=40/deepwalk_number_walks=20/deepwalk_window_size=5/deepwalk_workers=20/deepwalk_undirected=true/mechanism=mbm/x_eps=inf/m=best/norm=false/smoother=hoa/backbone=sage/use_nfr=false/logs/grid_candidate_0151_attempt_1.log,
grid_candidate_0145,grid,grid_candidate_0145,completed,1,0,18.960815,/home/hzw/Rethinking_GNN_DP/paper_experiments/figure1/search_phase_1/family3/hoa/deepwalk/dataset=cora/feature=deepwalk/feature_dim=800/scale=4/deepwalk_walk_length=40/deepwalk_number_walks=20/deepwalk_window_size=5/deepwalk_workers=20/deepwalk_undirected=true/mechanism=mbm/x_eps=inf/m=best/norm=false/smoother=hoa/backbone=sage/use_nfr=false/logs/grid_candidate_0145_attempt_1.log,
grid_candidate_0140,grid,grid_candidate_0140,completed,1,0,19.828038,/home/hzw/Rethinking_GNN_DP/paper_experiments/figure1/search_phase_1/family3/hoa/deepwalk/dataset=cora/feature=deepwalk/feature_dim=800/scale=4/deepwalk_walk_length=40/deepwalk_number_walks=20/deepwalk_window_size=5/deepwalk_workers=20/deepwalk_undirected=true/mechanism=mbm/x_eps=inf/m=best/norm=false/smoother=hoa/backbone=sage/use_nfr=false/logs/grid_candidate_0140_attempt_1.log,
grid_candidate_0150,grid,grid_candidate_0150,completed,1,0,17.758876,/home/hzw/Rethinking_GNN_DP/paper_experiments/figure1/search_phase_1/family3/hoa/deepwalk/dataset=cora/feature=deepwalk/feature_dim=800/scale=4/deepwalk_walk_length=40/deepwalk_number_walks=20/deepwalk_window_size=5/deepwalk_workers=20/deepwalk_undirected=true/mechanism=mbm/x_eps=inf/m=best/norm=false/smoother=hoa/backbone=sage/use_nfr=false/logs/grid_candidate_0150_attempt_1.log,
grid_candidate_0152,grid,grid_candidate_0152,completed,1,0,16.716397,/home/hzw/Rethinking_GNN_DP/paper_experiments/figure1/search_phase_1/family3/hoa/deepwalk/dataset=cora/feature=deepwalk/feature_dim=800/scale=4/deepwalk_walk_length=40/deepwalk_number_walks=20/deepwalk_window_size=5/deepwalk_workers=20/deepwalk_undirected=true/mechanism=mbm/x_eps=inf/m=best/norm=false/smoother=hoa/backbone=sage/use_nfr=false/logs/grid_candidate_0152_attempt_1.log,
grid_candidate_0129,grid,grid_candidate_0129,completed,1,0,22.137920,/home/hzw/Rethinking_GNN_DP/paper_experiments/figure1/search_phase_1/family3/hoa/deepwalk/dataset=cora/feature=deepwalk/feature_dim=800/scale=4/deepwalk_walk_length=40/deepwalk_number_walks=20/deepwalk_window_size=5/deepwalk_workers=20/deepwalk_undirected=true/mechanism=mbm/x_eps=inf/m=best/norm=false/smoother=hoa/backbone=sage/use_nfr=false/logs/grid_candidate_0129_attempt_1.log,
grid_candidate_0146,grid,grid_candidate_0146,completed,1,0,19.752706,/home/hzw/Rethinking_GNN_DP/paper_experiments/figure1/search_phase_1/family3/hoa/deepwalk/dataset=cora/feature=deepwalk/feature_dim=800/scale=4/deepwalk_walk_length=40/deepwalk_number_walks=20/deepwalk_window_size=5/deepwalk_workers=20/deepwalk_undirected=true/mechanism=mbm/x_eps=inf/m=best/norm=false/smoother=hoa/backbone=sage/use_nfr=false/logs/grid_candidate_0146_attempt_1.log,
grid_candidate_0154,grid,grid_candidate_0154,completed,1,0,16.137158,/home/hzw/Rethinking_GNN_DP/paper_experiments/figure1/search_phase_1/family3/hoa/deepwalk/dataset=cora/feature=deepwalk/feature_dim=800/scale=4/deepwalk_walk_length=40/deepwalk_number_walks=20/deepwalk_window_size=5/deepwalk_workers=20/deepwalk_undirected=true/mechanism=mbm/x_eps=inf/m=best/norm=false/smoother=hoa/backbone=sage/use_nfr=false/logs/grid_candidate_0154_attempt_1.log,
grid_candidate_0147,grid,grid_candidate_0147,completed,1,0,19.858544,/home/hzw/Rethinking_GNN_DP/paper_experiments/figure1/search_phase_1/family3/hoa/deepwalk/dataset=cora/feature=deepwalk/feature_dim=800/scale=4/deepwalk_walk_length=40/deepwalk_number_walks=20/deepwalk_window_size=5/deepwalk_workers=20/deepwalk_undirected=true/mechanism=mbm/x_eps=inf/m=best/norm=false/smoother=hoa/backbone=sage/use_nfr=false/logs/grid_candidate_0147_attempt_1.log,
grid_candidate_0148,grid,grid_candidate_0148,completed,1,0,19.859606,/home/hzw/Rethinking_GNN_DP/paper_experiments/figure1/search_phase_1/family3/hoa/deepwalk/dataset=cora/feature=deepwalk/feature_dim=800/scale=4/deepwalk_walk_length=40/deepwalk_number_walks=20/deepwalk_window_size=5/deepwalk_workers=20/deepwalk_undirected=true/mechanism=mbm/x_eps=inf/m=best/norm=false/smoother=hoa/backbone=sage/use_nfr=false/logs/grid_candidate_0148_attempt_1.log,
grid_candidate_0134,grid,grid_candidate_0134,completed,1,0,21.900164,/home/hzw/Rethinking_GNN_DP/paper_experiments/figure1/search_phase_1/family3/hoa/deepwalk/dataset=cora/feature=deepwalk/feature_dim=800/scale=4/deepwalk_walk_length=40/deepwalk_number_walks=20/deepwalk_window_size=5/deepwalk_workers=20/deepwalk_undirected=true/mechanism=mbm/x_eps=inf/m=best/norm=false/smoother=hoa/backbone=sage/use_nfr=false/logs/grid_candidate_0134_attempt_1.log,
grid_candidate_0149,grid,grid_candidate_0149,completed,1,0,19.517130,/home/hzw/Rethinking_GNN_DP/paper_experiments/figure1/search_phase_1/family3/hoa/deepwalk/dataset=cora/feature=deepwalk/feature_dim=800/scale=4/deepwalk_walk_length=40/deepwalk_number_walks=20/deepwalk_window_size=5/deepwalk_workers=20/deepwalk_undirected=true/mechanism=mbm/x_eps=inf/m=best/norm=false/smoother=hoa/backbone=sage/use_nfr=false/logs/grid_candidate_0149_attempt_1.log,
grid_candidate_0138,grid,grid_candidate_0138,completed,1,0,21.568802,/home/hzw/Rethinking_GNN_DP/paper_experiments/figure1/search_phase_1/family3/hoa/deepwalk/dataset=cora/feature=deepwalk/feature_dim=800/scale=4/deepwalk_walk_length=40/deepwalk_number_walks=20/deepwalk_window_size=5/deepwalk_workers=20/deepwalk_undirected=true/mechanism=mbm/x_eps=inf/m=best/norm=false/smoother=hoa/backbone=sage/use_nfr=false/logs/grid_candidate_0138_attempt_1.log,
grid_candidate_0141,grid,grid_candidate_0141,completed,1,0,21.259130,/home/hzw/Rethinking_GNN_DP/paper_experiments/figure1/search_phase_1/family3/hoa/deepwalk/dataset=cora/feature=deepwalk/feature_dim=800/scale=4/deepwalk_walk_length=40/deepwalk_number_walks=20/deepwalk_window_size=5/deepwalk_workers=20/deepwalk_undirected=true/mechanism=mbm/x_eps=inf/m=best/norm=false/smoother=hoa/backbone=sage/use_nfr=false/logs/grid_candidate_0141_attempt_1.log,
grid_candidate_0131,grid,grid_candidate_0131,completed,1,0,22.879726,/home/hzw/Rethinking_GNN_DP/paper_experiments/figure1/search_phase_1/family3/hoa/deepwalk/dataset=cora/feature=deepwalk/feature_dim=800/scale=4/deepwalk_walk_length=40/deepwalk_number_walks=20/deepwalk_window_size=5/deepwalk_workers=20/deepwalk_undirected=true/mechanism=mbm/x_eps=inf/m=best/norm=false/smoother=hoa/backbone=sage/use_nfr=false/logs/grid_candidate_0131_attempt_1.log,
grid_candidate_0132,grid,grid_candidate_0132,completed,1,0,22.659261,/home/hzw/Rethinking_GNN_DP/paper_experiments/figure1/search_phase_1/family3/hoa/deepwalk/dataset=cora/feature=deepwalk/feature_dim=800/scale=4/deepwalk_walk_length=40/deepwalk_number_walks=20/deepwalk_window_size=5/deepwalk_workers=20/deepwalk_undirected=true/mechanism=mbm/x_eps=inf/m=best/norm=false/smoother=hoa/backbone=sage/use_nfr=false/logs/grid_candidate_0132_attempt_1.log,
grid_candidate_0139,grid,grid_candidate_0139,completed,1,0,21.683221,/home/hzw/Rethinking_GNN_DP/paper_experiments/figure1/search_phase_1/family3/hoa/deepwalk/dataset=cora/feature=deepwalk/feature_dim=800/scale=4/deepwalk_walk_length=40/deepwalk_number_walks=20/deepwalk_window_size=5/deepwalk_workers=20/deepwalk_undirected=true/mechanism=mbm/x_eps=inf/m=best/norm=false/smoother=hoa/backbone=sage/use_nfr=false/logs/grid_candidate_0139_attempt_1.log,
grid_candidate_0144,grid,grid_candidate_0144,completed,1,0,21.454259,/home/hzw/Rethinking_GNN_DP/paper_experiments/figure1/search_phase_1/family3/hoa/deepwalk/dataset=cora/feature=deepwalk/feature_dim=800/scale=4/deepwalk_walk_length=40/deepwalk_number_walks=20/deepwalk_window_size=5/deepwalk_workers=20/deepwalk_undirected=true/mechanism=mbm/x_eps=inf/m=best/norm=false/smoother=hoa/backbone=sage/use_nfr=false/logs/grid_candidate_0144_attempt_1.log,
grid_candidate_0153,grid,grid_candidate_0153,completed,1,0,17.639414,/home/hzw/Rethinking_GNN_DP/paper_experiments/figure1/search_phase_1/family3/hoa/deepwalk/dataset=cora/feature=deepwalk/feature_dim=800/scale=4/deepwalk_walk_length=40/deepwalk_number_walks=20/deepwalk_window_size=5/deepwalk_workers=20/deepwalk_undirected=true/mechanism=mbm/x_eps=inf/m=best/norm=false/smoother=hoa/backbone=sage/use_nfr=false/logs/grid_candidate_0153_attempt_1.log,
grid_candidate_0159,grid,grid_candidate_0159,completed,1,0,14.446108,/home/hzw/Rethinking_GNN_DP/paper_experiments/figure1/search_phase_1/family3/hoa/deepwalk/dataset=cora/feature=deepwalk/feature_dim=800/scale=4/deepwalk_walk_length=40/deepwalk_number_walks=20/deepwalk_window_size=5/deepwalk_workers=20/deepwalk_undirected=true/mechanism=mbm/x_eps=inf/m=best/norm=false/smoother=hoa/backbone=sage/use_nfr=false/logs/grid_candidate_0159_attempt_1.log,
grid_candidate_0156,grid,grid_candidate_0156,completed,1,0,16.304104,/home/hzw/Rethinking_GNN_DP/paper_experiments/figure1/search_phase_1/family3/hoa/deepwalk/dataset=cora/feature=deepwalk/feature_dim=800/scale=4/deepwalk_walk_length=40/deepwalk_number_walks=20/deepwalk_window_size=5/deepwalk_workers=20/deepwalk_undirected=true/mechanism=mbm/x_eps=inf/m=best/norm=false/smoother=hoa/backbone=sage/use_nfr=false/logs/grid_candidate_0156_attempt_1.log,
grid_candidate_0155,grid,grid_candidate_0155,completed,1,0,18.759558,/home/hzw/Rethinking_GNN_DP/paper_experiments/figure1/search_phase_1/family3/hoa/deepwalk/dataset=cora/feature=deepwalk/feature_dim=800/scale=4/deepwalk_walk_length=40/deepwalk_number_walks=20/deepwalk_window_size=5/deepwalk_workers=20/deepwalk_undirected=true/mechanism=mbm/x_eps=inf/m=best/norm=false/smoother=hoa/backbone=sage/use_nfr=false/logs/grid_candidate_0155_attempt_1.log,
grid_candidate_0161,grid,grid_candidate_0161,completed,1,0,16.174631,/home/hzw/Rethinking_GNN_DP/paper_experiments/figure1/search_phase_1/family3/hoa/deepwalk/dataset=cora/feature=deepwalk/feature_dim=800/scale=4/deepwalk_walk_length=40/deepwalk_number_walks=20/deepwalk_window_size=5/deepwalk_workers=20/deepwalk_undirected=true/mechanism=mbm/x_eps=inf/m=best/norm=false/smoother=hoa/backbone=sage/use_nfr=false/logs/grid_candidate_0161_attempt_1.log,
grid_candidate_0167,grid,grid_candidate_0167,completed,1,0,15.648538,/home/hzw/Rethinking_GNN_DP/paper_experiments/figure1/search_phase_1/family3/hoa/deepwalk/dataset=cora/feature=deepwalk/feature_dim=800/scale=4/deepwalk_walk_length=40/deepwalk_number_walks=20/deepwalk_window_size=5/deepwalk_workers=20/deepwalk_undirected=true/mechanism=mbm/x_eps=inf/m=best/norm=false/smoother=hoa/backbone=sage/use_nfr=false/logs/grid_candidate_0167_attempt_1.log,
grid_candidate_0158,grid,grid_candidate_0158,completed,1,0,18.591269,/home/hzw/Rethinking_GNN_DP/paper_experiments/figure1/search_phase_1/family3/hoa/deepwalk/dataset=cora/feature=deepwalk/feature_dim=800/scale=4/deepwalk_walk_length=40/deepwalk_number_walks=20/deepwalk_window_size=5/deepwalk_workers=20/deepwalk_undirected=true/mechanism=mbm/x_eps=inf/m=best/norm=false/smoother=hoa/backbone=sage/use_nfr=false/logs/grid_candidate_0158_attempt_1.log,
grid_candidate_0157,grid,grid_candidate_0157,completed,1,0,19.584806,/home/hzw/Rethinking_GNN_DP/paper_experiments/figure1/search_phase_1/family3/hoa/deepwalk/dataset=cora/feature=deepwalk/feature_dim=800/scale=4/deepwalk_walk_length=40/deepwalk_number_walks=20/deepwalk_window_size=5/deepwalk_workers=20/deepwalk_undirected=true/mechanism=mbm/x_eps=inf/m=best/norm=false/smoother=hoa/backbone=sage/use_nfr=false/logs/grid_candidate_0157_attempt_1.log,
grid_candidate_0165,grid,grid_candidate_0165,completed,1,0,17.509631,/home/hzw/Rethinking_GNN_DP/paper_experiments/figure1/search_phase_1/family3/hoa/deepwalk/dataset=cora/feature=deepwalk/feature_dim=800/scale=4/deepwalk_walk_length=40/deepwalk_number_walks=20/deepwalk_window_size=5/deepwalk_workers=20/deepwalk_undirected=true/mechanism=mbm/x_eps=inf/m=best/norm=false/smoother=hoa/backbone=sage/use_nfr=false/logs/grid_candidate_0165_attempt_1.log,
grid_candidate_0160,grid,grid_candidate_0160,completed,1,0,19.702434,/home/hzw/Rethinking_GNN_DP/paper_experiments/figure1/search_phase_1/family3/hoa/deepwalk/dataset=cora/feature=deepwalk/feature_dim=800/scale=4/deepwalk_walk_length=40/deepwalk_number_walks=20/deepwalk_window_size=5/deepwalk_workers=20/deepwalk_undirected=true/mechanism=mbm/x_eps=inf/m=best/norm=false/smoother=hoa/backbone=sage/use_nfr=false/logs/grid_candidate_0160_attempt_1.log,
grid_candidate_0186,grid,grid_candidate_0186,completed,1,0,16.205006,/home/hzw/Rethinking_GNN_DP/paper_experiments/figure1/search_phase_1/family3/hoa/deepwalk/dataset=cora/feature=deepwalk/feature_dim=800/scale=4/deepwalk_walk_length=40/deepwalk_number_walks=20/deepwalk_window_size=5/deepwalk_workers=20/deepwalk_undirected=true/mechanism=mbm/x_eps=inf/m=best/norm=false/smoother=hoa/backbone=sage/use_nfr=false/logs/grid_candidate_0186_attempt_1.log,
grid_candidate_0163,grid,grid_candidate_0163,completed,1,0,20.707541,/home/hzw/Rethinking_GNN_DP/paper_experiments/figure1/search_phase_1/family3/hoa/deepwalk/dataset=cora/feature=deepwalk/feature_dim=800/scale=4/deepwalk_walk_length=40/deepwalk_number_walks=20/deepwalk_window_size=5/deepwalk_workers=20/deepwalk_undirected=true/mechanism=mbm/x_eps=inf/m=best/norm=false/smoother=hoa/backbone=sage/use_nfr=false/logs/grid_candidate_0163_attempt_1.log,
grid_candidate_0176,grid,grid_candidate_0176,completed,1,0,19.750797,/home/hzw/Rethinking_GNN_DP/paper_experiments/figure1/search_phase_1/family3/hoa/deepwalk/dataset=cora/feature=deepwalk/feature_dim=800/scale=4/deepwalk_walk_length=40/deepwalk_number_walks=20/deepwalk_window_size=5/deepwalk_workers=20/deepwalk_undirected=true/mechanism=mbm/x_eps=inf/m=best/norm=false/smoother=hoa/backbone=sage/use_nfr=false/logs/grid_candidate_0176_attempt_1.log,
grid_candidate_0173,grid,grid_candidate_0173,completed,1,0,20.182913,/home/hzw/Rethinking_GNN_DP/paper_experiments/figure1/search_phase_1/family3/hoa/deepwalk/dataset=cora/feature=deepwalk/feature_dim=800/scale=4/deepwalk_walk_length=40/deepwalk_number_walks=20/deepwalk_window_size=5/deepwalk_workers=20/deepwalk_undirected=true/mechanism=mbm/x_eps=inf/m=best/norm=false/smoother=hoa/backbone=sage/use_nfr=false/logs/grid_candidate_0173_attempt_1.log,
grid_candidate_0166,grid,grid_candidate_0166,completed,1,0,21.040054,/home/hzw/Rethinking_GNN_DP/paper_experiments/figure1/search_phase_1/family3/hoa/deepwalk/dataset=cora/feature=deepwalk/feature_dim=800/scale=4/deepwalk_walk_length=40/deepwalk_number_walks=20/deepwalk_window_size=5/deepwalk_workers=20/deepwalk_undirected=true/mechanism=mbm/x_eps=inf/m=best/norm=false/smoother=hoa/backbone=sage/use_nfr=false/logs/grid_candidate_0166_attempt_1.log,
grid_candidate_0181,grid,grid_candidate_0181,completed,1,0,19.457971,/home/hzw/Rethinking_GNN_DP/paper_experiments/figure1/search_phase_1/family3/hoa/deepwalk/dataset=cora/feature=deepwalk/feature_dim=800/scale=4/deepwalk_walk_length=40/deepwalk_number_walks=20/deepwalk_window_size=5/deepwalk_workers=20/deepwalk_undirected=true/mechanism=mbm/x_eps=inf/m=best/norm=false/smoother=hoa/backbone=sage/use_nfr=false/logs/grid_candidate_0181_attempt_1.log,
grid_candidate_0182,grid,grid_candidate_0182,completed,1,0,19.675017,/home/hzw/Rethinking_GNN_DP/paper_experiments/figure1/search_phase_1/family3/hoa/deepwalk/dataset=cora/feature=deepwalk/feature_dim=800/scale=4/deepwalk_walk_length=40/deepwalk_number_walks=20/deepwalk_window_size=5/deepwalk_workers=20/deepwalk_undirected=true/mechanism=mbm/x_eps=inf/m=best/norm=false/smoother=hoa/backbone=sage/use_nfr=false/logs/grid_candidate_0182_attempt_1.log,
grid_candidate_0185,grid,grid_candidate_0185,completed,1,0,17.864987,/home/hzw/Rethinking_GNN_DP/paper_experiments/figure1/search_phase_1/family3/hoa/deepwalk/dataset=cora/feature=deepwalk/feature_dim=800/scale=4/deepwalk_walk_length=40/deepwalk_number_walks=20/deepwalk_window_size=5/deepwalk_workers=20/deepwalk_undirected=true/mechanism=mbm/x_eps=inf/m=best/norm=false/smoother=hoa/backbone=sage/use_nfr=false/logs/grid_candidate_0185_attempt_1.log,
grid_candidate_0168,grid,grid_candidate_0168,completed,1,0,21.370388,/home/hzw/Rethinking_GNN_DP/paper_experiments/figure1/search_phase_1/family3/hoa/deepwalk/dataset=cora/feature=deepwalk/feature_dim=800/scale=4/deepwalk_walk_length=40/deepwalk_number_walks=20/deepwalk_window_size=5/deepwalk_workers=20/deepwalk_undirected=true/mechanism=mbm/x_eps=inf/m=best/norm=false/smoother=hoa/backbone=sage/use_nfr=false/logs/grid_candidate_0168_attempt_1.log,
grid_candidate_0188,grid,grid_candidate_0188,completed,1,0,15.376186,/home/hzw/Rethinking_GNN_DP/paper_experiments/figure1/search_phase_1/family3/hoa/deepwalk/dataset=cora/feature=deepwalk/feature_dim=800/scale=4/deepwalk_walk_length=40/deepwalk_number_walks=20/deepwalk_window_size=5/deepwalk_workers=20/deepwalk_undirected=true/mechanism=mbm/x_eps=inf/m=best/norm=false/smoother=hoa/backbone=sage/use_nfr=false/logs/grid_candidate_0188_attempt_1.log,
grid_candidate_0164,grid,grid_candidate_0164,completed,1,0,22.124707,/home/hzw/Rethinking_GNN_DP/paper_experiments/figure1/search_phase_1/family3/hoa/deepwalk/dataset=cora/feature=deepwalk/feature_dim=800/scale=4/deepwalk_walk_length=40/deepwalk_number_walks=20/deepwalk_window_size=5/deepwalk_workers=20/deepwalk_undirected=true/mechanism=mbm/x_eps=inf/m=best/norm=false/smoother=hoa/backbone=sage/use_nfr=false/logs/grid_candidate_0164_attempt_1.log,
grid_candidate_0177,grid,grid_candidate_0177,completed,1,0,20.855609,/home/hzw/Rethinking_GNN_DP/paper_experiments/figure1/search_phase_1/family3/hoa/deepwalk/dataset=cora/feature=deepwalk/feature_dim=800/scale=4/deepwalk_walk_length=40/deepwalk_number_walks=20/deepwalk_window_size=5/deepwalk_workers=20/deepwalk_undirected=true/mechanism=mbm/x_eps=inf/m=best/norm=false/smoother=hoa/backbone=sage/use_nfr=false/logs/grid_candidate_0177_attempt_1.log,
grid_candidate_0183,grid,grid_candidate_0183,completed,1,0,19.091220,/home/hzw/Rethinking_GNN_DP/paper_experiments/figure1/search_phase_1/family3/hoa/deepwalk/dataset=cora/feature=deepwalk/feature_dim=800/scale=4/deepwalk_walk_length=40/deepwalk_number_walks=20/deepwalk_window_size=5/deepwalk_workers=20/deepwalk_undirected=true/mechanism=mbm/x_eps=inf/m=best/norm=false/smoother=hoa/backbone=sage/use_nfr=false/logs/grid_candidate_0183_attempt_1.log,
grid_candidate_0162,grid,grid_candidate_0162,completed,1,0,22.888014,/home/hzw/Rethinking_GNN_DP/paper_experiments/figure1/search_phase_1/family3/hoa/deepwalk/dataset=cora/feature=deepwalk/feature_dim=800/scale=4/deepwalk_walk_length=40/deepwalk_number_walks=20/deepwalk_window_size=5/deepwalk_workers=20/deepwalk_undirected=true/mechanism=mbm/x_eps=inf/m=best/norm=false/smoother=hoa/backbone=sage/use_nfr=false/logs/grid_candidate_0162_attempt_1.log,
grid_candidate_0169,grid,grid_candidate_0169,completed,1,0,22.025195,/home/hzw/Rethinking_GNN_DP/paper_experiments/figure1/search_phase_1/family3/hoa/deepwalk/dataset=cora/feature=deepwalk/feature_dim=800/scale=4/deepwalk_walk_length=40/deepwalk_number_walks=20/deepwalk_window_size=5/deepwalk_workers=20/deepwalk_undirected=true/mechanism=mbm/x_eps=inf/m=best/norm=false/smoother=hoa/backbone=sage/use_nfr=false/logs/grid_candidate_0169_attempt_1.log,
grid_candidate_0175,grid,grid_candidate_0175,completed,1,0,21.501561,/home/hzw/Rethinking_GNN_DP/paper_experiments/figure1/search_phase_1/family3/hoa/deepwalk/dataset=cora/feature=deepwalk/feature_dim=800/scale=4/deepwalk_walk_length=40/deepwalk_number_walks=20/deepwalk_window_size=5/deepwalk_workers=20/deepwalk_undirected=true/mechanism=mbm/x_eps=inf/m=best/norm=false/smoother=hoa/backbone=sage/use_nfr=false/logs/grid_candidate_0175_attempt_1.log,
grid_candidate_0171,grid,grid_candidate_0171,completed,1,0,22.032073,/home/hzw/Rethinking_GNN_DP/paper_experiments/figure1/search_phase_1/family3/hoa/deepwalk/dataset=cora/feature=deepwalk/feature_dim=800/scale=4/deepwalk_walk_length=40/deepwalk_number_walks=20/deepwalk_window_size=5/deepwalk_workers=20/deepwalk_undirected=true/mechanism=mbm/x_eps=inf/m=best/norm=false/smoother=hoa/backbone=sage/use_nfr=false/logs/grid_candidate_0171_attempt_1.log,
grid_candidate_0170,grid,grid_candidate_0170,completed,1,0,22.248297,/home/hzw/Rethinking_GNN_DP/paper_experiments/figure1/search_phase_1/family3/hoa/deepwalk/dataset=cora/feature=deepwalk/feature_dim=800/scale=4/deepwalk_walk_length=40/deepwalk_number_walks=20/deepwalk_window_size=5/deepwalk_workers=20/deepwalk_undirected=true/mechanism=mbm/x_eps=inf/m=best/norm=false/smoother=hoa/backbone=sage/use_nfr=false/logs/grid_candidate_0170_attempt_1.log,
grid_candidate_0178,grid,grid_candidate_0178,completed,1,0,21.402143,/home/hzw/Rethinking_GNN_DP/paper_experiments/figure1/search_phase_1/family3/hoa/deepwalk/dataset=cora/feature=deepwalk/feature_dim=800/scale=4/deepwalk_walk_length=40/deepwalk_number_walks=20/deepwalk_window_size=5/deepwalk_workers=20/deepwalk_undirected=true/mechanism=mbm/x_eps=inf/m=best/norm=false/smoother=hoa/backbone=sage/use_nfr=false/logs/grid_candidate_0178_attempt_1.log,
grid_candidate_0179,grid,grid_candidate_0179,completed,1,0,21.508537,/home/hzw/Rethinking_GNN_DP/paper_experiments/figure1/search_phase_1/family3/hoa/deepwalk/dataset=cora/feature=deepwalk/feature_dim=800/scale=4/deepwalk_walk_length=40/deepwalk_number_walks=20/deepwalk_window_size=5/deepwalk_workers=20/deepwalk_undirected=true/mechanism=mbm/x_eps=inf/m=best/norm=false/smoother=hoa/backbone=sage/use_nfr=false/logs/grid_candidate_0179_attempt_1.log,
grid_candidate_0184,grid,grid_candidate_0184,completed,1,0,19.599978,/home/hzw/Rethinking_GNN_DP/paper_experiments/figure1/search_phase_1/family3/hoa/deepwalk/dataset=cora/feature=deepwalk/feature_dim=800/scale=4/deepwalk_walk_length=40/deepwalk_number_walks=20/deepwalk_window_size=5/deepwalk_workers=20/deepwalk_undirected=true/mechanism=mbm/x_eps=inf/m=best/norm=false/smoother=hoa/backbone=sage/use_nfr=false/logs/grid_candidate_0184_attempt_1.log,
grid_candidate_0189,grid,grid_candidate_0189,completed,1,0,15.698025,/home/hzw/Rethinking_GNN_DP/paper_experiments/figure1/search_phase_1/family3/hoa/deepwalk/dataset=cora/feature=deepwalk/feature_dim=800/scale=4/deepwalk_walk_length=40/deepwalk_number_walks=20/deepwalk_window_size=5/deepwalk_workers=20/deepwalk_undirected=true/mechanism=mbm/x_eps=inf/m=best/norm=false/smoother=hoa/backbone=sage/use_nfr=false/logs/grid_candidate_0189_attempt_1.log,
grid_candidate_0172,grid,grid_candidate_0172,completed,1,0,22.552795,/home/hzw/Rethinking_GNN_DP/paper_experiments/figure1/search_phase_1/family3/hoa/deepwalk/dataset=cora/feature=deepwalk/feature_dim=800/scale=4/deepwalk_walk_length=40/deepwalk_number_walks=20/deepwalk_window_size=5/deepwalk_workers=20/deepwalk_undirected=true/mechanism=mbm/x_eps=inf/m=best/norm=false/smoother=hoa/backbone=sage/use_nfr=false/logs/grid_candidate_0172_attempt_1.log,
grid_candidate_0174,grid,grid_candidate_0174,completed,1,0,22.342091,/home/hzw/Rethinking_GNN_DP/paper_experiments/figure1/search_phase_1/family3/hoa/deepwalk/dataset=cora/feature=deepwalk/feature_dim=800/scale=4/deepwalk_walk_length=40/deepwalk_number_walks=20/deepwalk_window_size=5/deepwalk_workers=20/deepwalk_undirected=true/mechanism=mbm/x_eps=inf/m=best/norm=false/smoother=hoa/backbone=sage/use_nfr=false/logs/grid_candidate_0174_attempt_1.log,
grid_candidate_0180,grid,grid_candidate_0180,completed,1,0,21.722025,/home/hzw/Rethinking_GNN_DP/paper_experiments/figure1/search_phase_1/family3/hoa/deepwalk/dataset=cora/feature=deepwalk/feature_dim=800/scale=4/deepwalk_walk_length=40/deepwalk_number_walks=20/deepwalk_window_size=5/deepwalk_workers=20/deepwalk_undirected=true/mechanism=mbm/x_eps=inf/m=best/norm=false/smoother=hoa/backbone=sage/use_nfr=false/logs/grid_candidate_0180_attempt_1.log,
grid_candidate_0187,grid,grid_candidate_0187,completed,1,0,17.109079,/home/hzw/Rethinking_GNN_DP/paper_experiments/figure1/search_phase_1/family3/hoa/deepwalk/dataset=cora/feature=deepwalk/feature_dim=800/scale=4/deepwalk_walk_length=40/deepwalk_number_walks=20/deepwalk_window_size=5/deepwalk_workers=20/deepwalk_undirected=true/mechanism=mbm/x_eps=inf/m=best/norm=false/smoother=hoa/backbone=sage/use_nfr=false/logs/grid_candidate_0187_attempt_1.log,
grid_candidate_0193,grid,grid_candidate_0193,completed,1,0,14.848976,/home/hzw/Rethinking_GNN_DP/paper_experiments/figure1/search_phase_1/family3/hoa/deepwalk/dataset=cora/feature=deepwalk/feature_dim=800/scale=4/deepwalk_walk_length=40/deepwalk_number_walks=20/deepwalk_window_size=5/deepwalk_workers=20/deepwalk_undirected=true/mechanism=mbm/x_eps=inf/m=best/norm=false/smoother=hoa/backbone=sage/use_nfr=false/logs/grid_candidate_0193_attempt_1.log,
grid_candidate_0192,grid,grid_candidate_0192,completed,1,0,15.509758,/home/hzw/Rethinking_GNN_DP/paper_experiments/figure1/search_phase_1/family3/hoa/deepwalk/dataset=cora/feature=deepwalk/feature_dim=800/scale=4/deepwalk_walk_length=40/deepwalk_number_walks=20/deepwalk_window_size=5/deepwalk_workers=20/deepwalk_undirected=true/mechanism=mbm/x_eps=inf/m=best/norm=false/smoother=hoa/backbone=sage/use_nfr=false/logs/grid_candidate_0192_attempt_1.log,
grid_candidate_0191,grid,grid_candidate_0191,completed,1,0,16.735132,/home/hzw/Rethinking_GNN_DP/paper_experiments/figure1/search_phase_1/family3/hoa/deepwalk/dataset=cora/feature=deepwalk/feature_dim=800/scale=4/deepwalk_walk_length=40/deepwalk_number_walks=20/deepwalk_window_size=5/deepwalk_workers=20/deepwalk_undirected=true/mechanism=mbm/x_eps=inf/m=best/norm=false/smoother=hoa/backbone=sage/use_nfr=false/logs/grid_candidate_0191_attempt_1.log,
grid_candidate_0196,grid,grid_candidate_0196,completed,1,0,15.694306,/home/hzw/Rethinking_GNN_DP/paper_experiments/figure1/search_phase_1/family3/hoa/deepwalk/dataset=cora/feature=deepwalk/feature_dim=800/scale=4/deepwalk_walk_length=40/deepwalk_number_walks=20/deepwalk_window_size=5/deepwalk_workers=20/deepwalk_undirected=true/mechanism=mbm/x_eps=inf/m=best/norm=false/smoother=hoa/backbone=sage/use_nfr=false/logs/grid_candidate_0196_attempt_1.log,
grid_candidate_0190,grid,grid_candidate_0190,completed,1,0,17.325119,/home/hzw/Rethinking_GNN_DP/paper_experiments/figure1/search_phase_1/family3/hoa/deepwalk/dataset=cora/feature=deepwalk/feature_dim=800/scale=4/deepwalk_walk_length=40/deepwalk_number_walks=20/deepwalk_window_size=5/deepwalk_workers=20/deepwalk_undirected=true/mechanism=mbm/x_eps=inf/m=best/norm=false/smoother=hoa/backbone=sage/use_nfr=false/logs/grid_candidate_0190_attempt_1.log,
grid_candidate_0198,grid,grid_candidate_0198,completed,1,0,16.401050,/home/hzw/Rethinking_GNN_DP/paper_experiments/figure1/search_phase_1/family3/hoa/deepwalk/dataset=cora/feature=deepwalk/feature_dim=800/scale=4/deepwalk_walk_length=40/deepwalk_number_walks=20/deepwalk_window_size=5/deepwalk_workers=20/deepwalk_undirected=true/mechanism=mbm/x_eps=inf/m=best/norm=false/smoother=hoa/backbone=sage/use_nfr=false/logs/grid_candidate_0198_attempt_1.log,
grid_candidate_0199,grid,grid_candidate_0199,completed,1,0,16.737816,/home/hzw/Rethinking_GNN_DP/paper_experiments/figure1/search_phase_1/family3/hoa/deepwalk/dataset=cora/feature=deepwalk/feature_dim=800/scale=4/deepwalk_walk_length=40/deepwalk_number_walks=20/deepwalk_window_size=5/deepwalk_workers=20/deepwalk_undirected=true/mechanism=mbm/x_eps=inf/m=best/norm=false/smoother=hoa/backbone=sage/use_nfr=false/logs/grid_candidate_0199_attempt_1.log,
grid_candidate_0197,grid,grid_candidate_0197,completed,1,0,18.713753,/home/hzw/Rethinking_GNN_DP/paper_experiments/figure1/search_phase_1/family3/hoa/deepwalk/dataset=cora/feature=deepwalk/feature_dim=800/scale=4/deepwalk_walk_length=40/deepwalk_number_walks=20/deepwalk_window_size=5/deepwalk_workers=20/deepwalk_undirected=true/mechanism=mbm/x_eps=inf/m=best/norm=false/smoother=hoa/backbone=sage/use_nfr=false/logs/grid_candidate_0197_attempt_1.log,
grid_candidate_0205,grid,grid_candidate_0205,completed,1,0,17.729123,/home/hzw/Rethinking_GNN_DP/paper_experiments/figure1/search_phase_1/family3/hoa/deepwalk/dataset=cora/feature=deepwalk/feature_dim=800/scale=4/deepwalk_walk_length=40/deepwalk_number_walks=20/deepwalk_window_size=5/deepwalk_workers=20/deepwalk_undirected=true/mechanism=mbm/x_eps=inf/m=best/norm=false/smoother=hoa/backbone=sage/use_nfr=false/logs/grid_candidate_0205_attempt_1.log,
grid_candidate_0195,grid,grid_candidate_0195,completed,1,0,19.628904,/home/hzw/Rethinking_GNN_DP/paper_experiments/figure1/search_phase_1/family3/hoa/deepwalk/dataset=cora/feature=deepwalk/feature_dim=800/scale=4/deepwalk_walk_length=40/deepwalk_number_walks=20/deepwalk_window_size=5/deepwalk_workers=20/deepwalk_undirected=true/mechanism=mbm/x_eps=inf/m=best/norm=false/smoother=hoa/backbone=sage/use_nfr=false/logs/grid_candidate_0195_attempt_1.log,
grid_candidate_0200,grid,grid_candidate_0200,completed,1,0,19.155934,/home/hzw/Rethinking_GNN_DP/paper_experiments/figure1/search_phase_1/family3/hoa/deepwalk/dataset=cora/feature=deepwalk/feature_dim=800/scale=4/deepwalk_walk_length=40/deepwalk_number_walks=20/deepwalk_window_size=5/deepwalk_workers=20/deepwalk_undirected=true/mechanism=mbm/x_eps=inf/m=best/norm=false/smoother=hoa/backbone=sage/use_nfr=false/logs/grid_candidate_0200_attempt_1.log,
grid_candidate_0214,grid,grid_candidate_0214,completed,1,0,18.336263,/home/hzw/Rethinking_GNN_DP/paper_experiments/figure1/search_phase_1/family3/hoa/deepwalk/dataset=cora/feature=deepwalk/feature_dim=800/scale=4/deepwalk_walk_length=40/deepwalk_number_walks=20/deepwalk_window_size=5/deepwalk_workers=20/deepwalk_undirected=true/mechanism=mbm/x_eps=inf/m=best/norm=false/smoother=hoa/backbone=sage/use_nfr=false/logs/grid_candidate_0214_attempt_1.log,
grid_candidate_0194,grid,grid_candidate_0194,completed,1,0,22.796639,/home/hzw/Rethinking_GNN_DP/paper_experiments/figure1/search_phase_1/family3/hoa/deepwalk/dataset=cora/feature=deepwalk/feature_dim=800/scale=4/deepwalk_walk_length=40/deepwalk_number_walks=20/deepwalk_window_size=5/deepwalk_workers=20/deepwalk_undirected=true/mechanism=mbm/x_eps=inf/m=best/norm=false/smoother=hoa/backbone=sage/use_nfr=false/logs/grid_candidate_0194_attempt_1.log,
grid_candidate_0201,grid,grid_candidate_0201,completed,1,0,20.994335,/home/hzw/Rethinking_GNN_DP/paper_experiments/figure1/search_phase_1/family3/hoa/deepwalk/dataset=cora/feature=deepwalk/feature_dim=800/scale=4/deepwalk_walk_length=40/deepwalk_number_walks=20/deepwalk_window_size=5/deepwalk_workers=20/deepwalk_undirected=true/mechanism=mbm/x_eps=inf/m=best/norm=false/smoother=hoa/backbone=sage/use_nfr=false/logs/grid_candidate_0201_attempt_1.log,
grid_candidate_0202,grid,grid_candidate_0202,completed,1,0,21.337769,/home/hzw/Rethinking_GNN_DP/paper_experiments/figure1/search_phase_1/family3/hoa/deepwalk/dataset=cora/feature=deepwalk/feature_dim=800/scale=4/deepwalk_walk_length=40/deepwalk_number_walks=20/deepwalk_window_size=5/deepwalk_workers=20/deepwalk_undirected=true/mechanism=mbm/x_eps=inf/m=best/norm=false/smoother=hoa/backbone=sage/use_nfr=false/logs/grid_candidate_0202_attempt_1.log,
grid_candidate_0206,grid,grid_candidate_0206,completed,1,0,21.228450,/home/hzw/Rethinking_GNN_DP/paper_experiments/figure1/search_phase_1/family3/hoa/deepwalk/dataset=cora/feature=deepwalk/feature_dim=800/scale=4/deepwalk_walk_length=40/deepwalk_number_walks=20/deepwalk_window_size=5/deepwalk_workers=20/deepwalk_undirected=true/mechanism=mbm/x_eps=inf/m=best/norm=false/smoother=hoa/backbone=sage/use_nfr=false/logs/grid_candidate_0206_attempt_1.log,
grid_candidate_0203,grid,grid_candidate_0203,completed,1,0,22.196322,/home/hzw/Rethinking_GNN_DP/paper_experiments/figure1/search_phase_1/family3/hoa/deepwalk/dataset=cora/feature=deepwalk/feature_dim=800/scale=4/deepwalk_walk_length=40/deepwalk_number_walks=20/deepwalk_window_size=5/deepwalk_workers=20/deepwalk_undirected=true/mechanism=mbm/x_eps=inf/m=best/norm=false/smoother=hoa/backbone=sage/use_nfr=false/logs/grid_candidate_0203_attempt_1.log,
grid_candidate_0208,grid,grid_candidate_0208,completed,1,0,21.334728,/home/hzw/Rethinking_GNN_DP/paper_experiments/figure1/search_phase_1/family3/hoa/deepwalk/dataset=cora/feature=deepwalk/feature_dim=800/scale=4/deepwalk_walk_length=40/deepwalk_number_walks=20/deepwalk_window_size=5/deepwalk_workers=20/deepwalk_undirected=true/mechanism=mbm/x_eps=inf/m=best/norm=false/smoother=hoa/backbone=sage/use_nfr=false/logs/grid_candidate_0208_attempt_1.log,
grid_candidate_0213,grid,grid_candidate_0213,completed,1,0,21.350764,/home/hzw/Rethinking_GNN_DP/paper_experiments/figure1/search_phase_1/family3/hoa/deepwalk/dataset=cora/feature=deepwalk/feature_dim=800/scale=4/deepwalk_walk_length=40/deepwalk_number_walks=20/deepwalk_window_size=5/deepwalk_workers=20/deepwalk_undirected=true/mechanism=mbm/x_eps=inf/m=best/norm=false/smoother=hoa/backbone=sage/use_nfr=false/logs/grid_candidate_0213_attempt_1.log,
grid_candidate_0216,grid,grid_candidate_0216,completed,1,0,20.264291,/home/hzw/Rethinking_GNN_DP/paper_experiments/figure1/search_phase_1/family3/hoa/deepwalk/dataset=cora/feature=deepwalk/feature_dim=800/scale=4/deepwalk_walk_length=40/deepwalk_number_walks=20/deepwalk_window_size=5/deepwalk_workers=20/deepwalk_undirected=true/mechanism=mbm/x_eps=inf/m=best/norm=false/smoother=hoa/backbone=sage/use_nfr=false/logs/grid_candidate_0216_attempt_1.log,
grid_candidate_0204,grid,grid_candidate_0204,completed,1,0,22.847167,/home/hzw/Rethinking_GNN_DP/paper_experiments/figure1/search_phase_1/family3/hoa/deepwalk/dataset=cora/feature=deepwalk/feature_dim=800/scale=4/deepwalk_walk_length=40/deepwalk_number_walks=20/deepwalk_window_size=5/deepwalk_workers=20/deepwalk_undirected=true/mechanism=mbm/x_eps=inf/m=best/norm=false/smoother=hoa/backbone=sage/use_nfr=false/logs/grid_candidate_0204_attempt_1.log,
grid_candidate_0211,grid,grid_candidate_0211,completed,1,0,21.776292,/home/hzw/Rethinking_GNN_DP/paper_experiments/figure1/search_phase_1/family3/hoa/deepwalk/dataset=cora/feature=deepwalk/feature_dim=800/scale=4/deepwalk_walk_length=40/deepwalk_number_walks=20/deepwalk_window_size=5/deepwalk_workers=20/deepwalk_undirected=true/mechanism=mbm/x_eps=inf/m=best/norm=false/smoother=hoa/backbone=sage/use_nfr=false/logs/grid_candidate_0211_attempt_1.log,
grid_candidate_0207,grid,grid_candidate_0207,completed,1,0,22.410993,/home/hzw/Rethinking_GNN_DP/paper_experiments/figure1/search_phase_1/family3/hoa/deepwalk/dataset=cora/feature=deepwalk/feature_dim=800/scale=4/deepwalk_walk_length=40/deepwalk_number_walks=20/deepwalk_window_size=5/deepwalk_workers=20/deepwalk_undirected=true/mechanism=mbm/x_eps=inf/m=best/norm=false/smoother=hoa/backbone=sage/use_nfr=false/logs/grid_candidate_0207_attempt_1.log,
grid_candidate_0209,grid,grid_candidate_0209,completed,1,0,22.198097,/home/hzw/Rethinking_GNN_DP/paper_experiments/figure1/search_phase_1/family3/hoa/deepwalk/dataset=cora/feature=deepwalk/feature_dim=800/scale=4/deepwalk_walk_length=40/deepwalk_number_walks=20/deepwalk_window_size=5/deepwalk_workers=20/deepwalk_undirected=true/mechanism=mbm/x_eps=inf/m=best/norm=false/smoother=hoa/backbone=sage/use_nfr=false/logs/grid_candidate_0209_attempt_1.log,
grid_candidate_0210,grid,grid_candidate_0210,completed,1,0,22.084929,/home/hzw/Rethinking_GNN_DP/paper_experiments/figure1/search_phase_1/family3/hoa/deepwalk/dataset=cora/feature=deepwalk/feature_dim=800/scale=4/deepwalk_walk_length=40/deepwalk_number_walks=20/deepwalk_window_size=5/deepwalk_workers=20/deepwalk_undirected=true/mechanism=mbm/x_eps=inf/m=best/norm=false/smoother=hoa/backbone=sage/use_nfr=false/logs/grid_candidate_0210_attempt_1.log,
grid_candidate_0212,grid,grid_candidate_0212,completed,1,0,22.202037,/home/hzw/Rethinking_GNN_DP/paper_experiments/figure1/search_phase_1/family3/hoa/deepwalk/dataset=cora/feature=deepwalk/feature_dim=800/scale=4/deepwalk_walk_length=40/deepwalk_number_walks=20/deepwalk_window_size=5/deepwalk_workers=20/deepwalk_undirected=true/mechanism=mbm/x_eps=inf/m=best/norm=false/smoother=hoa/backbone=sage/use_nfr=false/logs/grid_candidate_0212_attempt_1.log,
grid_candidate_0215,grid,grid_candidate_0215,completed,1,0,21.553931,/home/hzw/Rethinking_GNN_DP/paper_experiments/figure1/search_phase_1/family3/hoa/deepwalk/dataset=cora/feature=deepwalk/feature_dim=800/scale=4/deepwalk_walk_length=40/deepwalk_number_walks=20/deepwalk_window_size=5/deepwalk_workers=20/deepwalk_undirected=true/mechanism=mbm/x_eps=inf/m=best/norm=false/smoother=hoa/backbone=sage/use_nfr=false/logs/grid_candidate_0215_attempt_1.log,
grid_rank,verify,grid_rank,completed,1,0,0.308457,/home/hzw/Rethinking_GNN_DP/paper_experiments/figure1/search_phase_1/family3/hoa/deepwalk/dataset=cora/feature=deepwalk/feature_dim=800/scale=4/deepwalk_walk_length=40/deepwalk_number_walks=20/deepwalk_window_size=5/deepwalk_workers=20/deepwalk_undirected=true/mechanism=mbm/x_eps=inf/m=best/norm=false/smoother=hoa/backbone=sage/use_nfr=false/logs/grid_rank_attempt_1.log,
verify_rank01_repeat04,verify,verify_rank01_repeat04,completed,1,0,17.058075,/home/hzw/Rethinking_GNN_DP/paper_experiments/figure1/search_phase_1/family3/hoa/deepwalk/dataset=cora/feature=deepwalk/feature_dim=800/scale=4/deepwalk_walk_length=40/deepwalk_number_walks=20/deepwalk_window_size=5/deepwalk_workers=20/deepwalk_undirected=true/mechanism=mbm/x_eps=inf/m=best/norm=false/smoother=hoa/backbone=sage/use_nfr=false/logs/verify_rank01_repeat04_attempt_1.log,
verify_rank01_repeat01,verify,verify_rank01_repeat01,completed,1,0,19.947294,/home/hzw/Rethinking_GNN_DP/paper_experiments/figure1/search_phase_1/family3/hoa/deepwalk/dataset=cora/feature=deepwalk/feature_dim=800/scale=4/deepwalk_walk_length=40/deepwalk_number_walks=20/deepwalk_window_size=5/deepwalk_workers=20/deepwalk_undirected=true/mechanism=mbm/x_eps=inf/m=best/norm=false/smoother=hoa/backbone=sage/use_nfr=false/logs/verify_rank01_repeat01_attempt_1.log,
verify_rank01_repeat03,verify,verify_rank01_repeat03,completed,1,0,17.707278,/home/hzw/Rethinking_GNN_DP/paper_experiments/figure1/search_phase_1/family3/hoa/deepwalk/dataset=cora/feature=deepwalk/feature_dim=800/scale=4/deepwalk_walk_length=40/deepwalk_number_walks=20/deepwalk_window_size=5/deepwalk_workers=20/deepwalk_undirected=true/mechanism=mbm/x_eps=inf/m=best/norm=false/smoother=hoa/backbone=sage/use_nfr=false/logs/verify_rank01_repeat03_attempt_1.log,
verify_rank01_repeat02,verify,verify_rank01_repeat02,completed,1,0,19.957193,/home/hzw/Rethinking_GNN_DP/paper_experiments/figure1/search_phase_1/family3/hoa/deepwalk/dataset=cora/feature=deepwalk/feature_dim=800/scale=4/deepwalk_walk_length=40/deepwalk_number_walks=20/deepwalk_window_size=5/deepwalk_workers=20/deepwalk_undirected=true/mechanism=mbm/x_eps=inf/m=best/norm=false/smoother=hoa/backbone=sage/use_nfr=false/logs/verify_rank01_repeat02_attempt_1.log,
verify_rank01_repeat05,verify,verify_rank01_repeat05,completed,1,0,15.351678,/home/hzw/Rethinking_GNN_DP/paper_experiments/figure1/search_phase_1/family3/hoa/deepwalk/dataset=cora/feature=deepwalk/feature_dim=800/scale=4/deepwalk_walk_length=40/deepwalk_number_walks=20/deepwalk_window_size=5/deepwalk_workers=20/deepwalk_undirected=true/mechanism=mbm/x_eps=inf/m=best/norm=false/smoother=hoa/backbone=sage/use_nfr=false/logs/verify_rank01_repeat05_attempt_1.log,
verify_rank02_repeat01,verify,verify_rank02_repeat01,completed,1,0,16.802088,/home/hzw/Rethinking_GNN_DP/paper_experiments/figure1/search_phase_1/family3/hoa/deepwalk/dataset=cora/feature=deepwalk/feature_dim=800/scale=4/deepwalk_walk_length=40/deepwalk_number_walks=20/deepwalk_window_size=5/deepwalk_workers=20/deepwalk_undirected=true/mechanism=mbm/x_eps=inf/m=best/norm=false/smoother=hoa/backbone=sage/use_nfr=false/logs/verify_rank02_repeat01_attempt_1.log,
verify_rank02_repeat02,verify,verify_rank02_repeat02,completed,1,0,17.140326,/home/hzw/Rethinking_GNN_DP/paper_experiments/figure1/search_phase_1/family3/hoa/deepwalk/dataset=cora/feature=deepwalk/feature_dim=800/scale=4/deepwalk_walk_length=40/deepwalk_number_walks=20/deepwalk_window_size=5/deepwalk_workers=20/deepwalk_undirected=true/mechanism=mbm/x_eps=inf/m=best/norm=false/smoother=hoa/backbone=sage/use_nfr=false/logs/verify_rank02_repeat02_attempt_1.log,
verify_rank02_repeat03,verify,verify_rank02_repeat03,completed,1,0,16.477431,/home/hzw/Rethinking_GNN_DP/paper_experiments/figure1/search_phase_1/family3/hoa/deepwalk/dataset=cora/feature=deepwalk/feature_dim=800/scale=4/deepwalk_walk_length=40/deepwalk_number_walks=20/deepwalk_window_size=5/deepwalk_workers=20/deepwalk_undirected=true/mechanism=mbm/x_eps=inf/m=best/norm=false/smoother=hoa/backbone=sage/use_nfr=false/logs/verify_rank02_repeat03_attempt_1.log,
verify_rank02_repeat05,verify,verify_rank02_repeat05,completed,1,0,16.937414,/home/hzw/Rethinking_GNN_DP/paper_experiments/figure1/search_phase_1/family3/hoa/deepwalk/dataset=cora/feature=deepwalk/feature_dim=800/scale=4/deepwalk_walk_length=40/deepwalk_number_walks=20/deepwalk_window_size=5/deepwalk_workers=20/deepwalk_undirected=true/mechanism=mbm/x_eps=inf/m=best/norm=false/smoother=hoa/backbone=sage/use_nfr=false/logs/verify_rank02_repeat05_attempt_1.log,
verify_rank03_repeat02,verify,verify_rank03_repeat02,completed,1,0,21.768110,/home/hzw/Rethinking_GNN_DP/paper_experiments/figure1/search_phase_1/family3/hoa/deepwalk/dataset=cora/feature=deepwalk/feature_dim=800/scale=4/deepwalk_walk_length=40/deepwalk_number_walks=20/deepwalk_window_size=5/deepwalk_workers=20/deepwalk_undirected=true/mechanism=mbm/x_eps=inf/m=best/norm=false/smoother=hoa/backbone=sage/use_nfr=false/logs/verify_rank03_repeat02_attempt_1.log,
verify_rank02_repeat04,verify,verify_rank02_repeat04,completed,1,0,22.605755,/home/hzw/Rethinking_GNN_DP/paper_experiments/figure1/search_phase_1/family3/hoa/deepwalk/dataset=cora/feature=deepwalk/feature_dim=800/scale=4/deepwalk_walk_length=40/deepwalk_number_walks=20/deepwalk_window_size=5/deepwalk_workers=20/deepwalk_undirected=true/mechanism=mbm/x_eps=inf/m=best/norm=false/smoother=hoa/backbone=sage/use_nfr=false/logs/verify_rank02_repeat04_attempt_1.log,
verify_rank04_repeat01,verify,verify_rank04_repeat01,completed,1,0,21.043585,/home/hzw/Rethinking_GNN_DP/paper_experiments/figure1/search_phase_1/family3/hoa/deepwalk/dataset=cora/feature=deepwalk/feature_dim=800/scale=4/deepwalk_walk_length=40/deepwalk_number_walks=20/deepwalk_window_size=5/deepwalk_workers=20/deepwalk_undirected=true/mechanism=mbm/x_eps=inf/m=best/norm=false/smoother=hoa/backbone=sage/use_nfr=false/logs/verify_rank04_repeat01_attempt_1.log,
verify_rank03_repeat01,verify,verify_rank03_repeat01,completed,1,0,22.401059,/home/hzw/Rethinking_GNN_DP/paper_experiments/figure1/search_phase_1/family3/hoa/deepwalk/dataset=cora/feature=deepwalk/feature_dim=800/scale=4/deepwalk_walk_length=40/deepwalk_number_walks=20/deepwalk_window_size=5/deepwalk_workers=20/deepwalk_undirected=true/mechanism=mbm/x_eps=inf/m=best/norm=false/smoother=hoa/backbone=sage/use_nfr=false/logs/verify_rank03_repeat01_attempt_1.log,
verify_rank04_repeat04,verify,verify_rank04_repeat04,completed,1,0,20.633933,/home/hzw/Rethinking_GNN_DP/paper_experiments/figure1/search_phase_1/family3/hoa/deepwalk/dataset=cora/feature=deepwalk/feature_dim=800/scale=4/deepwalk_walk_length=40/deepwalk_number_walks=20/deepwalk_window_size=5/deepwalk_workers=20/deepwalk_undirected=true/mechanism=mbm/x_eps=inf/m=best/norm=false/smoother=hoa/backbone=sage/use_nfr=false/logs/verify_rank04_repeat04_attempt_1.log,
verify_rank03_repeat04,verify,verify_rank03_repeat04,completed,1,0,22.106299,/home/hzw/Rethinking_GNN_DP/paper_experiments/figure1/search_phase_1/family3/hoa/deepwalk/dataset=cora/feature=deepwalk/feature_dim=800/scale=4/deepwalk_walk_length=40/deepwalk_number_walks=20/deepwalk_window_size=5/deepwalk_workers=20/deepwalk_undirected=true/mechanism=mbm/x_eps=inf/m=best/norm=false/smoother=hoa/backbone=sage/use_nfr=false/logs/verify_rank03_repeat04_attempt_1.log,
verify_rank03_repeat03,verify,verify_rank03_repeat03,completed,1,0,22.631623,/home/hzw/Rethinking_GNN_DP/paper_experiments/figure1/search_phase_1/family3/hoa/deepwalk/dataset=cora/feature=deepwalk/feature_dim=800/scale=4/deepwalk_walk_length=40/deepwalk_number_walks=20/deepwalk_window_size=5/deepwalk_workers=20/deepwalk_undirected=true/mechanism=mbm/x_eps=inf/m=best/norm=false/smoother=hoa/backbone=sage/use_nfr=false/logs/verify_rank03_repeat03_attempt_1.log,
verify_rank04_repeat05,verify,verify_rank04_repeat05,completed,1,0,19.677076,/home/hzw/Rethinking_GNN_DP/paper_experiments/figure1/search_phase_1/family3/hoa/deepwalk/dataset=cora/feature=deepwalk/feature_dim=800/scale=4/deepwalk_walk_length=40/deepwalk_number_walks=20/deepwalk_window_size=5/deepwalk_workers=20/deepwalk_undirected=true/mechanism=mbm/x_eps=inf/m=best/norm=false/smoother=hoa/backbone=sage/use_nfr=false/logs/verify_rank04_repeat05_attempt_1.log,
verify_rank05_repeat02,verify,verify_rank05_repeat02,completed,1,0,16.430722,/home/hzw/Rethinking_GNN_DP/paper_experiments/figure1/search_phase_1/family3/hoa/deepwalk/dataset=cora/feature=deepwalk/feature_dim=800/scale=4/deepwalk_walk_length=40/deepwalk_number_walks=20/deepwalk_window_size=5/deepwalk_workers=20/deepwalk_undirected=true/mechanism=mbm/x_eps=inf/m=best/norm=false/smoother=hoa/backbone=sage/use_nfr=false/logs/verify_rank05_repeat02_attempt_1.log,
verify_rank04_repeat03,verify,verify_rank04_repeat03,completed,1,0,22.016621,/home/hzw/Rethinking_GNN_DP/paper_experiments/figure1/search_phase_1/family3/hoa/deepwalk/dataset=cora/feature=deepwalk/feature_dim=800/scale=4/deepwalk_walk_length=40/deepwalk_number_walks=20/deepwalk_window_size=5/deepwalk_workers=20/deepwalk_undirected=true/mechanism=mbm/x_eps=inf/m=best/norm=false/smoother=hoa/backbone=sage/use_nfr=false/logs/verify_rank04_repeat03_attempt_1.log,
verify_rank05_repeat01,verify,verify_rank05_repeat01,completed,1,0,18.238318,/home/hzw/Rethinking_GNN_DP/paper_experiments/figure1/search_phase_1/family3/hoa/deepwalk/dataset=cora/feature=deepwalk/feature_dim=800/scale=4/deepwalk_walk_length=40/deepwalk_number_walks=20/deepwalk_window_size=5/deepwalk_workers=20/deepwalk_undirected=true/mechanism=mbm/x_eps=inf/m=best/norm=false/smoother=hoa/backbone=sage/use_nfr=false/logs/verify_rank05_repeat01_attempt_1.log,
verify_rank03_repeat05,verify,verify_rank03_repeat05,completed,1,0,22.852296,/home/hzw/Rethinking_GNN_DP/paper_experiments/figure1/search_phase_1/family3/hoa/deepwalk/dataset=cora/feature=deepwalk/feature_dim=800/scale=4/deepwalk_walk_length=40/deepwalk_number_walks=20/deepwalk_window_size=5/deepwalk_workers=20/deepwalk_undirected=true/mechanism=mbm/x_eps=inf/m=best/norm=false/smoother=hoa/backbone=sage/use_nfr=false/logs/verify_rank03_repeat05_attempt_1.log,
verify_rank04_repeat02,verify,verify_rank04_repeat02,completed,1,0,22.741974,/home/hzw/Rethinking_GNN_DP/paper_experiments/figure1/search_phase_1/family3/hoa/deepwalk/dataset=cora/feature=deepwalk/feature_dim=800/scale=4/deepwalk_walk_length=40/deepwalk_number_walks=20/deepwalk_window_size=5/deepwalk_workers=20/deepwalk_undirected=true/mechanism=mbm/x_eps=inf/m=best/norm=false/smoother=hoa/backbone=sage/use_nfr=false/logs/verify_rank04_repeat02_attempt_1.log,
verify_rank05_repeat03,verify,verify_rank05_repeat03,completed,1,0,16.095942,/home/hzw/Rethinking_GNN_DP/paper_experiments/figure1/search_phase_1/family3/hoa/deepwalk/dataset=cora/feature=deepwalk/feature_dim=800/scale=4/deepwalk_walk_length=40/deepwalk_number_walks=20/deepwalk_window_size=5/deepwalk_workers=20/deepwalk_undirected=true/mechanism=mbm/x_eps=inf/m=best/norm=false/smoother=hoa/backbone=sage/use_nfr=false/logs/verify_rank05_repeat03_attempt_1.log,
verify_rank05_repeat05,verify,verify_rank05_repeat05,completed,1,0,15.946752,/home/hzw/Rethinking_GNN_DP/paper_experiments/figure1/search_phase_1/family3/hoa/deepwalk/dataset=cora/feature=deepwalk/feature_dim=800/scale=4/deepwalk_walk_length=40/deepwalk_number_walks=20/deepwalk_window_size=5/deepwalk_workers=20/deepwalk_undirected=true/mechanism=mbm/x_eps=inf/m=best/norm=false/smoother=hoa/backbone=sage/use_nfr=false/logs/verify_rank05_repeat05_attempt_1.log,
verify_rank05_repeat04,verify,verify_rank05_repeat04,completed,1,0,18.012374,/home/hzw/Rethinking_GNN_DP/paper_experiments/figure1/search_phase_1/family3/hoa/deepwalk/dataset=cora/feature=deepwalk/feature_dim=800/scale=4/deepwalk_walk_length=40/deepwalk_number_walks=20/deepwalk_window_size=5/deepwalk_workers=20/deepwalk_undirected=true/mechanism=mbm/x_eps=inf/m=best/norm=false/smoother=hoa/backbone=sage/use_nfr=false/logs/verify_rank05_repeat04_attempt_1.log,
verify_finalize,verify,verify_finalize,completed,1,0,0.209683,/home/hzw/Rethinking_GNN_DP/paper_experiments/figure1/search_phase_1/family3/hoa/deepwalk/dataset=cora/feature=deepwalk/feature_dim=800/scale=4/deepwalk_walk_length=40/deepwalk_number_walks=20/deepwalk_window_size=5/deepwalk_workers=20/deepwalk_undirected=true/mechanism=mbm/x_eps=inf/m=best/norm=false/smoother=hoa/backbone=sage/use_nfr=false/logs/verify_finalize_attempt_1.log,
