task_id,pool,label,status,attempts,return_code,seconds,last_log_path,error_message
grid_candidate_0001,grid,grid_candidate_0001,completed,1,0,10.975997,/home/hzw/Rethinking_GNN_DP/paper_experiments/figure3/figure3_pipeline3.yaml/dataset=citeseer/feature=raw/mechanism=mbm/x_eps=2/m=best/norm=false/smoother=hoa/backbone=sage/use_nfr=true/logs/grid_candidate_0001_attempt_1.log,
grid_candidate_0002,grid,grid_candidate_0002,completed,1,0,10.758292,/home/hzw/Rethinking_GNN_DP/paper_experiments/figure3/figure3_pipeline3.yaml/dataset=citeseer/feature=raw/mechanism=mbm/x_eps=2/m=best/norm=false/smoother=hoa/backbone=sage/use_nfr=true/logs/grid_candidate_0002_attempt_1.log,
grid_candidate_0003,grid,grid_candidate_0003,completed,1,0,11.304761,/home/hzw/Rethinking_GNN_DP/paper_experiments/figure3/figure3_pipeline3.yaml/dataset=citeseer/feature=raw/mechanism=mbm/x_eps=2/m=best/norm=false/smoother=hoa/backbone=sage/use_nfr=true/logs/grid_candidate_0003_attempt_1.log,
grid_candidate_0004,grid,grid_candidate_0004,completed,1,0,11.761629,/home/hzw/Rethinking_GNN_DP/paper_experiments/figure3/figure3_pipeline3.yaml/dataset=citeseer/feature=raw/mechanism=mbm/x_eps=2/m=best/norm=false/smoother=hoa/backbone=sage/use_nfr=true/logs/grid_candidate_0004_attempt_1.log,
grid_candidate_0005,grid,grid_candidate_0005,completed,1,0,11.789184,/home/hzw/Rethinking_GNN_DP/paper_experiments/figure3/figure3_pipeline3.yaml/dataset=citeseer/feature=raw/mechanism=mbm/x_eps=2/m=best/norm=false/smoother=hoa/backbone=sage/use_nfr=true/logs/grid_candidate_0005_attempt_1.log,
grid_candidate_0010,grid,grid_candidate_0010,completed,1,0,11.338784,/home/hzw/Rethinking_GNN_DP/paper_experiments/figure3/figure3_pipeline3.yaml/dataset=citeseer/feature=raw/mechanism=mbm/x_eps=2/m=best/norm=false/smoother=hoa/backbone=sage/use_nfr=true/logs/grid_candidate_0010_attempt_1.log,
grid_candidate_0006,grid,grid_candidate_0006,completed,1,0,12.431556,/home/hzw/Rethinking_GNN_DP/paper_experiments/figure3/figure3_pipeline3.yaml/dataset=citeseer/feature=raw/mechanism=mbm/x_eps=2/m=best/norm=false/smoother=hoa/backbone=sage/use_nfr=true/logs/grid_candidate_0006_attempt_1.log,
grid_candidate_0008,grid,grid_candidate_0008,completed,1,0,12.288263,/home/hzw/Rethinking_GNN_DP/paper_experiments/figure3/figure3_pipeline3.yaml/dataset=citeseer/feature=raw/mechanism=mbm/x_eps=2/m=best/norm=false/smoother=hoa/backbone=sage/use_nfr=true/logs/grid_candidate_0008_attempt_1.log,
grid_candidate_0007,grid,grid_candidate_0007,completed,1,0,13.063357,/home/hzw/Rethinking_GNN_DP/paper_experiments/figure3/figure3_pipeline3.yaml/dataset=citeseer/feature=raw/mechanism=mbm/x_eps=2/m=best/norm=false/smoother=hoa/backbone=sage/use_nfr=true/logs/grid_candidate_0007_attempt_1.log,
grid_candidate_0009,grid,grid_candidate_0009,completed,1,0,12.750315,/home/hzw/Rethinking_GNN_DP/paper_experiments/figure3/figure3_pipeline3.yaml/dataset=citeseer/feature=raw/mechanism=mbm/x_eps=2/m=best/norm=false/smoother=hoa/backbone=sage/use_nfr=true/logs/grid_candidate_0009_attempt_1.log,
grid_candidate_0012,grid,grid_candidate_0012,completed,1,0,12.264713,/home/hzw/Rethinking_GNN_DP/paper_experiments/figure3/figure3_pipeline3.yaml/dataset=citeseer/feature=raw/mechanism=mbm/x_eps=2/m=best/norm=false/smoother=hoa/backbone=sage/use_nfr=true/logs/grid_candidate_0012_attempt_1.log,
grid_candidate_0016,grid,grid_candidate_0016,completed,1,0,12.231808,/home/hzw/Rethinking_GNN_DP/paper_experiments/figure3/figure3_pipeline3.yaml/dataset=citeseer/feature=raw/mechanism=mbm/x_eps=2/m=best/norm=false/smoother=hoa/backbone=sage/use_nfr=true/logs/grid_candidate_0016_attempt_1.log,
grid_candidate_0014,grid,grid_candidate_0014,completed,1,0,12.711779,/home/hzw/Rethinking_GNN_DP/paper_experiments/figure3/figure3_pipeline3.yaml/dataset=citeseer/feature=raw/mechanism=mbm/x_eps=2/m=best/norm=false/smoother=hoa/backbone=sage/use_nfr=true/logs/grid_candidate_0014_attempt_1.log,
grid_candidate_0013,grid,grid_candidate_0013,completed,1,0,13.235262,/home/hzw/Rethinking_GNN_DP/paper_experiments/figure3/figure3_pipeline3.yaml/dataset=citeseer/feature=raw/mechanism=mbm/x_eps=2/m=best/norm=false/smoother=hoa/backbone=sage/use_nfr=true/logs/grid_candidate_0013_attempt_1.log,
grid_candidate_0017,grid,grid_candidate_0017,completed,1,0,12.753734,/home/hzw/Rethinking_GNN_DP/paper_experiments/figure3/figure3_pipeline3.yaml/dataset=citeseer/feature=raw/mechanism=mbm/x_eps=2/m=best/norm=false/smoother=hoa/backbone=sage/use_nfr=true/logs/grid_candidate_0017_attempt_1.log,
grid_candidate_0018,grid,grid_candidate_0018,completed,1,0,12.739055,/home/hzw/Rethinking_GNN_DP/paper_experiments/figure3/figure3_pipeline3.yaml/dataset=citeseer/feature=raw/mechanism=mbm/x_eps=2/m=best/norm=false/smoother=hoa/backbone=sage/use_nfr=true/logs/grid_candidate_0018_attempt_1.log,
grid_candidate_0015,grid,grid_candidate_0015,completed,1,0,13.499846,/home/hzw/Rethinking_GNN_DP/paper_experiments/figure3/figure3_pipeline3.yaml/dataset=citeseer/feature=raw/mechanism=mbm/x_eps=2/m=best/norm=false/smoother=hoa/backbone=sage/use_nfr=true/logs/grid_candidate_0015_attempt_1.log,
grid_candidate_0019,grid,grid_candidate_0019,completed,1,0,11.851179,/home/hzw/Rethinking_GNN_DP/paper_experiments/figure3/figure3_pipeline3.yaml/dataset=citeseer/feature=raw/mechanism=mbm/x_eps=2/m=best/norm=false/smoother=hoa/backbone=sage/use_nfr=true/logs/grid_candidate_0019_attempt_1.log,
grid_candidate_0021,grid,grid_candidate_0021,completed,1,0,11.641163,/home/hzw/Rethinking_GNN_DP/paper_experiments/figure3/figure3_pipeline3.yaml/dataset=citeseer/feature=raw/mechanism=mbm/x_eps=2/m=best/norm=false/smoother=hoa/backbone=sage/use_nfr=true/logs/grid_candidate_0021_attempt_1.log,
grid_candidate_0023,grid,grid_candidate_0023,completed,1,0,11.415777,/home/hzw/Rethinking_GNN_DP/paper_experiments/figure3/figure3_pipeline3.yaml/dataset=citeseer/feature=raw/mechanism=mbm/x_eps=2/m=best/norm=false/smoother=hoa/backbone=sage/use_nfr=true/logs/grid_candidate_0023_attempt_1.log,
grid_candidate_0020,grid,grid_candidate_0020,completed,1,0,12.847836,/home/hzw/Rethinking_GNN_DP/paper_experiments/figure3/figure3_pipeline3.yaml/dataset=citeseer/feature=raw/mechanism=mbm/x_eps=2/m=best/norm=false/smoother=hoa/backbone=sage/use_nfr=true/logs/grid_candidate_0020_attempt_1.log,
grid_candidate_0025,grid,grid_candidate_0025,completed,1,0,11.730647,/home/hzw/Rethinking_GNN_DP/paper_experiments/figure3/figure3_pipeline3.yaml/dataset=citeseer/feature=raw/mechanism=mbm/x_eps=2/m=best/norm=false/smoother=hoa/backbone=sage/use_nfr=true/logs/grid_candidate_0025_attempt_1.log,
grid_candidate_0022,grid,grid_candidate_0022,completed,1,0,12.621962,/home/hzw/Rethinking_GNN_DP/paper_experiments/figure3/figure3_pipeline3.yaml/dataset=citeseer/feature=raw/mechanism=mbm/x_eps=2/m=best/norm=false/smoother=hoa/backbone=sage/use_nfr=true/logs/grid_candidate_0022_attempt_1.log,
grid_candidate_0011,grid,grid_candidate_0011,completed,1,0,16.629000,/home/hzw/Rethinking_GNN_DP/paper_experiments/figure3/figure3_pipeline3.yaml/dataset=citeseer/feature=raw/mechanism=mbm/x_eps=2/m=best/norm=false/smoother=hoa/backbone=sage/use_nfr=true/logs/grid_candidate_0011_attempt_1.log,
grid_candidate_0024,grid,grid_candidate_0024,completed,1,0,12.407873,/home/hzw/Rethinking_GNN_DP/paper_experiments/figure3/figure3_pipeline3.yaml/dataset=citeseer/feature=raw/mechanism=mbm/x_eps=2/m=best/norm=false/smoother=hoa/backbone=sage/use_nfr=true/logs/grid_candidate_0024_attempt_1.log,
grid_candidate_0027,grid,grid_candidate_0027,completed,1,0,11.730665,/home/hzw/Rethinking_GNN_DP/paper_experiments/figure3/figure3_pipeline3.yaml/dataset=citeseer/feature=raw/mechanism=mbm/x_eps=2/m=best/norm=false/smoother=hoa/backbone=sage/use_nfr=true/logs/grid_candidate_0027_attempt_1.log,
grid_candidate_0026,grid,grid_candidate_0026,completed,1,0,12.030546,/home/hzw/Rethinking_GNN_DP/paper_experiments/figure3/figure3_pipeline3.yaml/dataset=citeseer/feature=raw/mechanism=mbm/x_eps=2/m=best/norm=false/smoother=hoa/backbone=sage/use_nfr=true/logs/grid_candidate_0026_attempt_1.log,
grid_candidate_0028,grid,grid_candidate_0028,completed,1,0,11.892062,/home/hzw/Rethinking_GNN_DP/paper_experiments/figure3/figure3_pipeline3.yaml/dataset=citeseer/feature=raw/mechanism=mbm/x_eps=2/m=best/norm=false/smoother=hoa/backbone=sage/use_nfr=true/logs/grid_candidate_0028_attempt_1.log,
grid_candidate_0031,grid,grid_candidate_0031,completed,1,0,12.221368,/home/hzw/Rethinking_GNN_DP/paper_experiments/figure3/figure3_pipeline3.yaml/dataset=citeseer/feature=raw/mechanism=mbm/x_eps=2/m=best/norm=false/smoother=hoa/backbone=sage/use_nfr=true/logs/grid_candidate_0031_attempt_1.log,
grid_candidate_0030,grid,grid_candidate_0030,completed,1,0,12.966666,/home/hzw/Rethinking_GNN_DP/paper_experiments/figure3/figure3_pipeline3.yaml/dataset=citeseer/feature=raw/mechanism=mbm/x_eps=2/m=best/norm=false/smoother=hoa/backbone=sage/use_nfr=true/logs/grid_candidate_0030_attempt_1.log,
grid_candidate_0032,grid,grid_candidate_0032,completed,1,0,13.030476,/home/hzw/Rethinking_GNN_DP/paper_experiments/figure3/figure3_pipeline3.yaml/dataset=citeseer/feature=raw/mechanism=mbm/x_eps=2/m=best/norm=false/smoother=hoa/backbone=sage/use_nfr=true/logs/grid_candidate_0032_attempt_1.log,
grid_candidate_0029,grid,grid_candidate_0029,completed,1,0,14.793072,/home/hzw/Rethinking_GNN_DP/paper_experiments/figure3/figure3_pipeline3.yaml/dataset=citeseer/feature=raw/mechanism=mbm/x_eps=2/m=best/norm=false/smoother=hoa/backbone=sage/use_nfr=true/logs/grid_candidate_0029_attempt_1.log,
grid_candidate_0034,grid,grid_candidate_0034,completed,1,0,13.115558,/home/hzw/Rethinking_GNN_DP/paper_experiments/figure3/figure3_pipeline3.yaml/dataset=citeseer/feature=raw/mechanism=mbm/x_eps=2/m=best/norm=false/smoother=hoa/backbone=sage/use_nfr=true/logs/grid_candidate_0034_attempt_1.log,
grid_candidate_0037,grid,grid_candidate_0037,completed,1,0,12.698678,/home/hzw/Rethinking_GNN_DP/paper_experiments/figure3/figure3_pipeline3.yaml/dataset=citeseer/feature=raw/mechanism=mbm/x_eps=2/m=best/norm=false/smoother=hoa/backbone=sage/use_nfr=true/logs/grid_candidate_0037_attempt_1.log,
grid_candidate_0035,grid,grid_candidate_0035,completed,1,0,13.323380,/home/hzw/Rethinking_GNN_DP/paper_experiments/figure3/figure3_pipeline3.yaml/dataset=citeseer/feature=raw/mechanism=mbm/x_eps=2/m=best/norm=false/smoother=hoa/backbone=sage/use_nfr=true/logs/grid_candidate_0035_attempt_1.log,
grid_candidate_0039,grid,grid_candidate_0039,completed,1,0,12.508201,/home/hzw/Rethinking_GNN_DP/paper_experiments/figure3/figure3_pipeline3.yaml/dataset=citeseer/feature=raw/mechanism=mbm/x_eps=2/m=best/norm=false/smoother=hoa/backbone=sage/use_nfr=true/logs/grid_candidate_0039_attempt_1.log,
grid_candidate_0036,grid,grid_candidate_0036,completed,1,0,13.627616,/home/hzw/Rethinking_GNN_DP/paper_experiments/figure3/figure3_pipeline3.yaml/dataset=citeseer/feature=raw/mechanism=mbm/x_eps=2/m=best/norm=false/smoother=hoa/backbone=sage/use_nfr=true/logs/grid_candidate_0036_attempt_1.log,
grid_candidate_0033,grid,grid_candidate_0033,completed,1,0,14.872747,/home/hzw/Rethinking_GNN_DP/paper_experiments/figure3/figure3_pipeline3.yaml/dataset=citeseer/feature=raw/mechanism=mbm/x_eps=2/m=best/norm=false/smoother=hoa/backbone=sage/use_nfr=true/logs/grid_candidate_0033_attempt_1.log,
grid_candidate_0040,grid,grid_candidate_0040,completed,1,0,12.882677,/home/hzw/Rethinking_GNN_DP/paper_experiments/figure3/figure3_pipeline3.yaml/dataset=citeseer/feature=raw/mechanism=mbm/x_eps=2/m=best/norm=false/smoother=hoa/backbone=sage/use_nfr=true/logs/grid_candidate_0040_attempt_1.log,
grid_candidate_0038,grid,grid_candidate_0038,completed,1,0,13.567956,/home/hzw/Rethinking_GNN_DP/paper_experiments/figure3/figure3_pipeline3.yaml/dataset=citeseer/feature=raw/mechanism=mbm/x_eps=2/m=best/norm=false/smoother=hoa/backbone=sage/use_nfr=true/logs/grid_candidate_0038_attempt_1.log,
grid_candidate_0045,grid,grid_candidate_0045,completed,1,0,11.789133,/home/hzw/Rethinking_GNN_DP/paper_experiments/figure3/figure3_pipeline3.yaml/dataset=citeseer/feature=raw/mechanism=mbm/x_eps=2/m=best/norm=false/smoother=hoa/backbone=sage/use_nfr=true/logs/grid_candidate_0045_attempt_1.log,
grid_candidate_0042,grid,grid_candidate_0042,completed,1,0,13.036465,/home/hzw/Rethinking_GNN_DP/paper_experiments/figure3/figure3_pipeline3.yaml/dataset=citeseer/feature=raw/mechanism=mbm/x_eps=2/m=best/norm=false/smoother=hoa/backbone=sage/use_nfr=true/logs/grid_candidate_0042_attempt_1.log,
grid_candidate_0046,grid,grid_candidate_0046,completed,1,0,10.904335,/home/hzw/Rethinking_GNN_DP/paper_experiments/figure3/figure3_pipeline3.yaml/dataset=citeseer/feature=raw/mechanism=mbm/x_eps=2/m=best/norm=false/smoother=hoa/backbone=sage/use_nfr=true/logs/grid_candidate_0046_attempt_1.log,
grid_candidate_0044,grid,grid_candidate_0044,completed,1,0,12.905913,/home/hzw/Rethinking_GNN_DP/paper_experiments/figure3/figure3_pipeline3.yaml/dataset=citeseer/feature=raw/mechanism=mbm/x_eps=2/m=best/norm=false/smoother=hoa/backbone=sage/use_nfr=true/logs/grid_candidate_0044_attempt_1.log,
grid_candidate_0041,grid,grid_candidate_0041,completed,1,0,13.881621,/home/hzw/Rethinking_GNN_DP/paper_experiments/figure3/figure3_pipeline3.yaml/dataset=citeseer/feature=raw/mechanism=mbm/x_eps=2/m=best/norm=false/smoother=hoa/backbone=sage/use_nfr=true/logs/grid_candidate_0041_attempt_1.log,
grid_candidate_0047,grid,grid_candidate_0047,completed,1,0,11.034849,/home/hzw/Rethinking_GNN_DP/paper_experiments/figure3/figure3_pipeline3.yaml/dataset=citeseer/feature=raw/mechanism=mbm/x_eps=2/m=best/norm=false/smoother=hoa/backbone=sage/use_nfr=true/logs/grid_candidate_0047_attempt_1.log,
grid_candidate_0043,grid,grid_candidate_0043,completed,1,0,13.986039,/home/hzw/Rethinking_GNN_DP/paper_experiments/figure3/figure3_pipeline3.yaml/dataset=citeseer/feature=raw/mechanism=mbm/x_eps=2/m=best/norm=false/smoother=hoa/backbone=sage/use_nfr=true/logs/grid_candidate_0043_attempt_1.log,
grid_candidate_0048,grid,grid_candidate_0048,completed,1,0,12.383313,/home/hzw/Rethinking_GNN_DP/paper_experiments/figure3/figure3_pipeline3.yaml/dataset=citeseer/feature=raw/mechanism=mbm/x_eps=2/m=best/norm=false/smoother=hoa/backbone=sage/use_nfr=true/logs/grid_candidate_0048_attempt_1.log,
grid_candidate_0049,grid,grid_candidate_0049,completed,1,0,13.119615,/home/hzw/Rethinking_GNN_DP/paper_experiments/figure3/figure3_pipeline3.yaml/dataset=citeseer/feature=raw/mechanism=mbm/x_eps=2/m=best/norm=false/smoother=hoa/backbone=sage/use_nfr=true/logs/grid_candidate_0049_attempt_1.log,
grid_candidate_0050,grid,grid_candidate_0050,completed,1,0,13.521203,/home/hzw/Rethinking_GNN_DP/paper_experiments/figure3/figure3_pipeline3.yaml/dataset=citeseer/feature=raw/mechanism=mbm/x_eps=2/m=best/norm=false/smoother=hoa/backbone=sage/use_nfr=true/logs/grid_candidate_0050_attempt_1.log,
grid_candidate_0055,grid,grid_candidate_0055,completed,1,0,11.685527,/home/hzw/Rethinking_GNN_DP/paper_experiments/figure3/figure3_pipeline3.yaml/dataset=citeseer/feature=raw/mechanism=mbm/x_eps=2/m=best/norm=false/smoother=hoa/backbone=sage/use_nfr=true/logs/grid_candidate_0055_attempt_1.log,
grid_candidate_0051,grid,grid_candidate_0051,completed,1,0,14.366156,/home/hzw/Rethinking_GNN_DP/paper_experiments/figure3/figure3_pipeline3.yaml/dataset=citeseer/feature=raw/mechanism=mbm/x_eps=2/m=best/norm=false/smoother=hoa/backbone=sage/use_nfr=true/logs/grid_candidate_0051_attempt_1.log,
grid_candidate_0053,grid,grid_candidate_0053,completed,1,0,13.972832,/home/hzw/Rethinking_GNN_DP/paper_experiments/figure3/figure3_pipeline3.yaml/dataset=citeseer/feature=raw/mechanism=mbm/x_eps=2/m=best/norm=false/smoother=hoa/backbone=sage/use_nfr=true/logs/grid_candidate_0053_attempt_1.log,
grid_candidate_0052,grid,grid_candidate_0052,completed,1,0,14.762170,/home/hzw/Rethinking_GNN_DP/paper_experiments/figure3/figure3_pipeline3.yaml/dataset=citeseer/feature=raw/mechanism=mbm/x_eps=2/m=best/norm=false/smoother=hoa/backbone=sage/use_nfr=true/logs/grid_candidate_0052_attempt_1.log,
grid_candidate_0056,grid,grid_candidate_0056,completed,1,0,12.378432,/home/hzw/Rethinking_GNN_DP/paper_experiments/figure3/figure3_pipeline3.yaml/dataset=citeseer/feature=raw/mechanism=mbm/x_eps=2/m=best/norm=false/smoother=hoa/backbone=sage/use_nfr=true/logs/grid_candidate_0056_attempt_1.log,
grid_candidate_0054,grid,grid_candidate_0054,completed,1,0,15.734226,/home/hzw/Rethinking_GNN_DP/paper_experiments/figure3/figure3_pipeline3.yaml/dataset=citeseer/feature=raw/mechanism=mbm/x_eps=2/m=best/norm=false/smoother=hoa/backbone=sage/use_nfr=true/logs/grid_candidate_0054_attempt_1.log,
grid_candidate_0058,grid,grid_candidate_0058,completed,1,0,14.164033,/home/hzw/Rethinking_GNN_DP/paper_experiments/figure3/figure3_pipeline3.yaml/dataset=citeseer/feature=raw/mechanism=mbm/x_eps=2/m=best/norm=false/smoother=hoa/backbone=sage/use_nfr=true/logs/grid_candidate_0058_attempt_1.log,
grid_candidate_0059,grid,grid_candidate_0059,completed,1,0,14.268465,/home/hzw/Rethinking_GNN_DP/paper_experiments/figure3/figure3_pipeline3.yaml/dataset=citeseer/feature=raw/mechanism=mbm/x_eps=2/m=best/norm=false/smoother=hoa/backbone=sage/use_nfr=true/logs/grid_candidate_0059_attempt_1.log,
grid_candidate_0057,grid,grid_candidate_0057,completed,1,0,15.873309,/home/hzw/Rethinking_GNN_DP/paper_experiments/figure3/figure3_pipeline3.yaml/dataset=citeseer/feature=raw/mechanism=mbm/x_eps=2/m=best/norm=false/smoother=hoa/backbone=sage/use_nfr=true/logs/grid_candidate_0057_attempt_1.log,
grid_candidate_0060,grid,grid_candidate_0060,completed,1,0,14.083187,/home/hzw/Rethinking_GNN_DP/paper_experiments/figure3/figure3_pipeline3.yaml/dataset=citeseer/feature=raw/mechanism=mbm/x_eps=2/m=best/norm=false/smoother=hoa/backbone=sage/use_nfr=true/logs/grid_candidate_0060_attempt_1.log,
grid_candidate_0061,grid,grid_candidate_0061,completed,1,0,14.105348,/home/hzw/Rethinking_GNN_DP/paper_experiments/figure3/figure3_pipeline3.yaml/dataset=citeseer/feature=raw/mechanism=mbm/x_eps=2/m=best/norm=false/smoother=hoa/backbone=sage/use_nfr=true/logs/grid_candidate_0061_attempt_1.log,
grid_candidate_0062,grid,grid_candidate_0062,completed,1,0,13.522511,/home/hzw/Rethinking_GNN_DP/paper_experiments/figure3/figure3_pipeline3.yaml/dataset=citeseer/feature=raw/mechanism=mbm/x_eps=2/m=best/norm=false/smoother=hoa/backbone=sage/use_nfr=true/logs/grid_candidate_0062_attempt_1.log,
grid_candidate_0065,grid,grid_candidate_0065,completed,1,0,12.530637,/home/hzw/Rethinking_GNN_DP/paper_experiments/figure3/figure3_pipeline3.yaml/dataset=citeseer/feature=raw/mechanism=mbm/x_eps=2/m=best/norm=false/smoother=hoa/backbone=sage/use_nfr=true/logs/grid_candidate_0065_attempt_1.log,
grid_candidate_0063,grid,grid_candidate_0063,completed,1,0,13.416445,/home/hzw/Rethinking_GNN_DP/paper_experiments/figure3/figure3_pipeline3.yaml/dataset=citeseer/feature=raw/mechanism=mbm/x_eps=2/m=best/norm=false/smoother=hoa/backbone=sage/use_nfr=true/logs/grid_candidate_0063_attempt_1.log,
grid_candidate_0066,grid,grid_candidate_0066,completed,1,0,11.674207,/home/hzw/Rethinking_GNN_DP/paper_experiments/figure3/figure3_pipeline3.yaml/dataset=citeseer/feature=raw/mechanism=mbm/x_eps=2/m=best/norm=false/smoother=hoa/backbone=sage/use_nfr=true/logs/grid_candidate_0066_attempt_1.log,
grid_candidate_0064,grid,grid_candidate_0064,completed,1,0,13.651188,/home/hzw/Rethinking_GNN_DP/paper_experiments/figure3/figure3_pipeline3.yaml/dataset=citeseer/feature=raw/mechanism=mbm/x_eps=2/m=best/norm=false/smoother=hoa/backbone=sage/use_nfr=true/logs/grid_candidate_0064_attempt_1.log,
grid_candidate_0067,grid,grid_candidate_0067,completed,1,0,12.751353,/home/hzw/Rethinking_GNN_DP/paper_experiments/figure3/figure3_pipeline3.yaml/dataset=citeseer/feature=raw/mechanism=mbm/x_eps=2/m=best/norm=false/smoother=hoa/backbone=sage/use_nfr=true/logs/grid_candidate_0067_attempt_1.log,
grid_candidate_0068,grid,grid_candidate_0068,completed,1,0,12.374922,/home/hzw/Rethinking_GNN_DP/paper_experiments/figure3/figure3_pipeline3.yaml/dataset=citeseer/feature=raw/mechanism=mbm/x_eps=2/m=best/norm=false/smoother=hoa/backbone=sage/use_nfr=true/logs/grid_candidate_0068_attempt_1.log,
grid_candidate_0069,grid,grid_candidate_0069,completed,1,0,14.195672,/home/hzw/Rethinking_GNN_DP/paper_experiments/figure3/figure3_pipeline3.yaml/dataset=citeseer/feature=raw/mechanism=mbm/x_eps=2/m=best/norm=false/smoother=hoa/backbone=sage/use_nfr=true/logs/grid_candidate_0069_attempt_1.log,
grid_candidate_0077,grid,grid_candidate_0077,completed,1,0,12.185210,/home/hzw/Rethinking_GNN_DP/paper_experiments/figure3/figure3_pipeline3.yaml/dataset=citeseer/feature=raw/mechanism=mbm/x_eps=2/m=best/norm=false/smoother=hoa/backbone=sage/use_nfr=true/logs/grid_candidate_0077_attempt_1.log,
grid_candidate_0073,grid,grid_candidate_0073,completed,1,0,13.026717,/home/hzw/Rethinking_GNN_DP/paper_experiments/figure3/figure3_pipeline3.yaml/dataset=citeseer/feature=raw/mechanism=mbm/x_eps=2/m=best/norm=false/smoother=hoa/backbone=sage/use_nfr=true/logs/grid_candidate_0073_attempt_1.log,
grid_candidate_0072,grid,grid_candidate_0072,completed,1,0,14.007595,/home/hzw/Rethinking_GNN_DP/paper_experiments/figure3/figure3_pipeline3.yaml/dataset=citeseer/feature=raw/mechanism=mbm/x_eps=2/m=best/norm=false/smoother=hoa/backbone=sage/use_nfr=true/logs/grid_candidate_0072_attempt_1.log,
grid_candidate_0076,grid,grid_candidate_0076,completed,1,0,12.917823,/home/hzw/Rethinking_GNN_DP/paper_experiments/figure3/figure3_pipeline3.yaml/dataset=citeseer/feature=raw/mechanism=mbm/x_eps=2/m=best/norm=false/smoother=hoa/backbone=sage/use_nfr=true/logs/grid_candidate_0076_attempt_1.log,
grid_candidate_0075,grid,grid_candidate_0075,completed,1,0,13.390713,/home/hzw/Rethinking_GNN_DP/paper_experiments/figure3/figure3_pipeline3.yaml/dataset=citeseer/feature=raw/mechanism=mbm/x_eps=2/m=best/norm=false/smoother=hoa/backbone=sage/use_nfr=true/logs/grid_candidate_0075_attempt_1.log,
grid_candidate_0078,grid,grid_candidate_0078,completed,1,0,12.786936,/home/hzw/Rethinking_GNN_DP/paper_experiments/figure3/figure3_pipeline3.yaml/dataset=citeseer/feature=raw/mechanism=mbm/x_eps=2/m=best/norm=false/smoother=hoa/backbone=sage/use_nfr=true/logs/grid_candidate_0078_attempt_1.log,
grid_candidate_0071,grid,grid_candidate_0071,completed,1,0,14.854133,/home/hzw/Rethinking_GNN_DP/paper_experiments/figure3/figure3_pipeline3.yaml/dataset=citeseer/feature=raw/mechanism=mbm/x_eps=2/m=best/norm=false/smoother=hoa/backbone=sage/use_nfr=true/logs/grid_candidate_0071_attempt_1.log,
grid_candidate_0074,grid,grid_candidate_0074,completed,1,0,13.833493,/home/hzw/Rethinking_GNN_DP/paper_experiments/figure3/figure3_pipeline3.yaml/dataset=citeseer/feature=raw/mechanism=mbm/x_eps=2/m=best/norm=false/smoother=hoa/backbone=sage/use_nfr=true/logs/grid_candidate_0074_attempt_1.log,
grid_candidate_0070,grid,grid_candidate_0070,completed,1,0,15.473010,/home/hzw/Rethinking_GNN_DP/paper_experiments/figure3/figure3_pipeline3.yaml/dataset=citeseer/feature=raw/mechanism=mbm/x_eps=2/m=best/norm=false/smoother=hoa/backbone=sage/use_nfr=true/logs/grid_candidate_0070_attempt_1.log,
grid_candidate_0079,grid,grid_candidate_0079,completed,1,0,11.538560,/home/hzw/Rethinking_GNN_DP/paper_experiments/figure3/figure3_pipeline3.yaml/dataset=citeseer/feature=raw/mechanism=mbm/x_eps=2/m=best/norm=false/smoother=hoa/backbone=sage/use_nfr=true/logs/grid_candidate_0079_attempt_1.log,
grid_candidate_0080,grid,grid_candidate_0080,completed,1,0,11.594456,/home/hzw/Rethinking_GNN_DP/paper_experiments/figure3/figure3_pipeline3.yaml/dataset=citeseer/feature=raw/mechanism=mbm/x_eps=2/m=best/norm=false/smoother=hoa/backbone=sage/use_nfr=true/logs/grid_candidate_0080_attempt_1.log,
grid_candidate_0082,grid,grid_candidate_0082,completed,1,0,12.137378,/home/hzw/Rethinking_GNN_DP/paper_experiments/figure3/figure3_pipeline3.yaml/dataset=citeseer/feature=raw/mechanism=mbm/x_eps=2/m=best/norm=false/smoother=hoa/backbone=sage/use_nfr=true/logs/grid_candidate_0082_attempt_1.log,
grid_candidate_0081,grid,grid_candidate_0081,completed,1,0,12.770127,/home/hzw/Rethinking_GNN_DP/paper_experiments/figure3/figure3_pipeline3.yaml/dataset=citeseer/feature=raw/mechanism=mbm/x_eps=2/m=best/norm=false/smoother=hoa/backbone=sage/use_nfr=true/logs/grid_candidate_0081_attempt_1.log,
grid_candidate_0084,grid,grid_candidate_0084,completed,1,0,13.063721,/home/hzw/Rethinking_GNN_DP/paper_experiments/figure3/figure3_pipeline3.yaml/dataset=citeseer/feature=raw/mechanism=mbm/x_eps=2/m=best/norm=false/smoother=hoa/backbone=sage/use_nfr=true/logs/grid_candidate_0084_attempt_1.log,
grid_candidate_0085,grid,grid_candidate_0085,completed,1,0,14.026081,/home/hzw/Rethinking_GNN_DP/paper_experiments/figure3/figure3_pipeline3.yaml/dataset=citeseer/feature=raw/mechanism=mbm/x_eps=2/m=best/norm=false/smoother=hoa/backbone=sage/use_nfr=true/logs/grid_candidate_0085_attempt_1.log,
grid_candidate_0091,grid,grid_candidate_0091,completed,1,0,13.540604,/home/hzw/Rethinking_GNN_DP/paper_experiments/figure3/figure3_pipeline3.yaml/dataset=citeseer/feature=raw/mechanism=mbm/x_eps=2/m=best/norm=false/smoother=hoa/backbone=sage/use_nfr=true/logs/grid_candidate_0091_attempt_1.log,
grid_candidate_0087,grid,grid_candidate_0087,completed,1,0,14.551190,/home/hzw/Rethinking_GNN_DP/paper_experiments/figure3/figure3_pipeline3.yaml/dataset=citeseer/feature=raw/mechanism=mbm/x_eps=2/m=best/norm=false/smoother=hoa/backbone=sage/use_nfr=true/logs/grid_candidate_0087_attempt_1.log,
grid_candidate_0086,grid,grid_candidate_0086,completed,1,0,15.002495,/home/hzw/Rethinking_GNN_DP/paper_experiments/figure3/figure3_pipeline3.yaml/dataset=citeseer/feature=raw/mechanism=mbm/x_eps=2/m=best/norm=false/smoother=hoa/backbone=sage/use_nfr=true/logs/grid_candidate_0086_attempt_1.log,
grid_candidate_0096,grid,grid_candidate_0096,completed,1,0,12.068437,/home/hzw/Rethinking_GNN_DP/paper_experiments/figure3/figure3_pipeline3.yaml/dataset=citeseer/feature=raw/mechanism=mbm/x_eps=2/m=best/norm=false/smoother=hoa/backbone=sage/use_nfr=true/logs/grid_candidate_0096_attempt_1.log,
grid_candidate_0090,grid,grid_candidate_0090,completed,1,0,14.841696,/home/hzw/Rethinking_GNN_DP/paper_experiments/figure3/figure3_pipeline3.yaml/dataset=citeseer/feature=raw/mechanism=mbm/x_eps=2/m=best/norm=false/smoother=hoa/backbone=sage/use_nfr=true/logs/grid_candidate_0090_attempt_1.log,
grid_candidate_0094,grid,grid_candidate_0094,completed,1,0,14.568481,/home/hzw/Rethinking_GNN_DP/paper_experiments/figure3/figure3_pipeline3.yaml/dataset=citeseer/feature=raw/mechanism=mbm/x_eps=2/m=best/norm=false/smoother=hoa/backbone=sage/use_nfr=true/logs/grid_candidate_0094_attempt_1.log,
grid_candidate_0092,grid,grid_candidate_0092,completed,1,0,15.207639,/home/hzw/Rethinking_GNN_DP/paper_experiments/figure3/figure3_pipeline3.yaml/dataset=citeseer/feature=raw/mechanism=mbm/x_eps=2/m=best/norm=false/smoother=hoa/backbone=sage/use_nfr=true/logs/grid_candidate_0092_attempt_1.log,
grid_candidate_0089,grid,grid_candidate_0089,completed,1,0,15.867593,/home/hzw/Rethinking_GNN_DP/paper_experiments/figure3/figure3_pipeline3.yaml/dataset=citeseer/feature=raw/mechanism=mbm/x_eps=2/m=best/norm=false/smoother=hoa/backbone=sage/use_nfr=true/logs/grid_candidate_0089_attempt_1.log,
grid_candidate_0098,grid,grid_candidate_0098,completed,1,0,12.975492,/home/hzw/Rethinking_GNN_DP/paper_experiments/figure3/figure3_pipeline3.yaml/dataset=citeseer/feature=raw/mechanism=mbm/x_eps=2/m=best/norm=false/smoother=hoa/backbone=sage/use_nfr=true/logs/grid_candidate_0098_attempt_1.log,
grid_candidate_0088,grid,grid_candidate_0088,completed,1,0,16.342838,/home/hzw/Rethinking_GNN_DP/paper_experiments/figure3/figure3_pipeline3.yaml/dataset=citeseer/feature=raw/mechanism=mbm/x_eps=2/m=best/norm=false/smoother=hoa/backbone=sage/use_nfr=true/logs/grid_candidate_0088_attempt_1.log,
grid_candidate_0100,grid,grid_candidate_0100,completed,1,0,13.046336,/home/hzw/Rethinking_GNN_DP/paper_experiments/figure3/figure3_pipeline3.yaml/dataset=citeseer/feature=raw/mechanism=mbm/x_eps=2/m=best/norm=false/smoother=hoa/backbone=sage/use_nfr=true/logs/grid_candidate_0100_attempt_1.log,
grid_candidate_0095,grid,grid_candidate_0095,completed,1,0,15.611171,/home/hzw/Rethinking_GNN_DP/paper_experiments/figure3/figure3_pipeline3.yaml/dataset=citeseer/feature=raw/mechanism=mbm/x_eps=2/m=best/norm=false/smoother=hoa/backbone=sage/use_nfr=true/logs/grid_candidate_0095_attempt_1.log,
grid_candidate_0099,grid,grid_candidate_0099,completed,1,0,13.562468,/home/hzw/Rethinking_GNN_DP/paper_experiments/figure3/figure3_pipeline3.yaml/dataset=citeseer/feature=raw/mechanism=mbm/x_eps=2/m=best/norm=false/smoother=hoa/backbone=sage/use_nfr=true/logs/grid_candidate_0099_attempt_1.log,
grid_candidate_0083,grid,grid_candidate_0083,completed,1,0,18.117181,/home/hzw/Rethinking_GNN_DP/paper_experiments/figure3/figure3_pipeline3.yaml/dataset=citeseer/feature=raw/mechanism=mbm/x_eps=2/m=best/norm=false/smoother=hoa/backbone=sage/use_nfr=true/logs/grid_candidate_0083_attempt_1.log,
grid_candidate_0093,grid,grid_candidate_0093,completed,1,0,16.275304,/home/hzw/Rethinking_GNN_DP/paper_experiments/figure3/figure3_pipeline3.yaml/dataset=citeseer/feature=raw/mechanism=mbm/x_eps=2/m=best/norm=false/smoother=hoa/backbone=sage/use_nfr=true/logs/grid_candidate_0093_attempt_1.log,
grid_candidate_0097,grid,grid_candidate_0097,completed,1,0,14.411502,/home/hzw/Rethinking_GNN_DP/paper_experiments/figure3/figure3_pipeline3.yaml/dataset=citeseer/feature=raw/mechanism=mbm/x_eps=2/m=best/norm=false/smoother=hoa/backbone=sage/use_nfr=true/logs/grid_candidate_0097_attempt_1.log,
grid_candidate_0101,grid,grid_candidate_0101,completed,1,0,14.145987,/home/hzw/Rethinking_GNN_DP/paper_experiments/figure3/figure3_pipeline3.yaml/dataset=citeseer/feature=raw/mechanism=mbm/x_eps=2/m=best/norm=false/smoother=hoa/backbone=sage/use_nfr=true/logs/grid_candidate_0101_attempt_1.log,
grid_candidate_0102,grid,grid_candidate_0102,completed,1,0,12.337800,/home/hzw/Rethinking_GNN_DP/paper_experiments/figure3/figure3_pipeline3.yaml/dataset=citeseer/feature=raw/mechanism=mbm/x_eps=2/m=best/norm=false/smoother=hoa/backbone=sage/use_nfr=true/logs/grid_candidate_0102_attempt_1.log,
grid_candidate_0104,grid,grid_candidate_0104,completed,1,0,11.886061,/home/hzw/Rethinking_GNN_DP/paper_experiments/figure3/figure3_pipeline3.yaml/dataset=citeseer/feature=raw/mechanism=mbm/x_eps=2/m=best/norm=false/smoother=hoa/backbone=sage/use_nfr=true/logs/grid_candidate_0104_attempt_1.log,
grid_candidate_0103,grid,grid_candidate_0103,completed,1,0,12.770793,/home/hzw/Rethinking_GNN_DP/paper_experiments/figure3/figure3_pipeline3.yaml/dataset=citeseer/feature=raw/mechanism=mbm/x_eps=2/m=best/norm=false/smoother=hoa/backbone=sage/use_nfr=true/logs/grid_candidate_0103_attempt_1.log,
grid_candidate_0105,grid,grid_candidate_0105,completed,1,0,13.739565,/home/hzw/Rethinking_GNN_DP/paper_experiments/figure3/figure3_pipeline3.yaml/dataset=citeseer/feature=raw/mechanism=mbm/x_eps=2/m=best/norm=false/smoother=hoa/backbone=sage/use_nfr=true/logs/grid_candidate_0105_attempt_1.log,
grid_candidate_0107,grid,grid_candidate_0107,completed,1,0,14.084473,/home/hzw/Rethinking_GNN_DP/paper_experiments/figure3/figure3_pipeline3.yaml/dataset=citeseer/feature=raw/mechanism=mbm/x_eps=2/m=best/norm=false/smoother=hoa/backbone=sage/use_nfr=true/logs/grid_candidate_0107_attempt_1.log,
grid_candidate_0112,grid,grid_candidate_0112,completed,1,0,13.754784,/home/hzw/Rethinking_GNN_DP/paper_experiments/figure3/figure3_pipeline3.yaml/dataset=citeseer/feature=raw/mechanism=mbm/x_eps=2/m=best/norm=false/smoother=hoa/backbone=sage/use_nfr=true/logs/grid_candidate_0112_attempt_1.log,
grid_candidate_0111,grid,grid_candidate_0111,completed,1,0,14.003078,/home/hzw/Rethinking_GNN_DP/paper_experiments/figure3/figure3_pipeline3.yaml/dataset=citeseer/feature=raw/mechanism=mbm/x_eps=2/m=best/norm=false/smoother=hoa/backbone=sage/use_nfr=true/logs/grid_candidate_0111_attempt_1.log,
grid_candidate_0109,grid,grid_candidate_0109,completed,1,0,15.320399,/home/hzw/Rethinking_GNN_DP/paper_experiments/figure3/figure3_pipeline3.yaml/dataset=citeseer/feature=raw/mechanism=mbm/x_eps=2/m=best/norm=false/smoother=hoa/backbone=sage/use_nfr=true/logs/grid_candidate_0109_attempt_1.log,
grid_candidate_0110,grid,grid_candidate_0110,completed,1,0,15.220064,/home/hzw/Rethinking_GNN_DP/paper_experiments/figure3/figure3_pipeline3.yaml/dataset=citeseer/feature=raw/mechanism=mbm/x_eps=2/m=best/norm=false/smoother=hoa/backbone=sage/use_nfr=true/logs/grid_candidate_0110_attempt_1.log,
grid_candidate_0108,grid,grid_candidate_0108,completed,1,0,15.824330,/home/hzw/Rethinking_GNN_DP/paper_experiments/figure3/figure3_pipeline3.yaml/dataset=citeseer/feature=raw/mechanism=mbm/x_eps=2/m=best/norm=false/smoother=hoa/backbone=sage/use_nfr=true/logs/grid_candidate_0108_attempt_1.log,
grid_candidate_0116,grid,grid_candidate_0116,completed,1,0,13.109085,/home/hzw/Rethinking_GNN_DP/paper_experiments/figure3/figure3_pipeline3.yaml/dataset=citeseer/feature=raw/mechanism=mbm/x_eps=2/m=best/norm=false/smoother=hoa/backbone=sage/use_nfr=true/logs/grid_candidate_0116_attempt_1.log,
grid_candidate_0106,grid,grid_candidate_0106,completed,1,0,16.552173,/home/hzw/Rethinking_GNN_DP/paper_experiments/figure3/figure3_pipeline3.yaml/dataset=citeseer/feature=raw/mechanism=mbm/x_eps=2/m=best/norm=false/smoother=hoa/backbone=sage/use_nfr=true/logs/grid_candidate_0106_attempt_1.log,
grid_candidate_0115,grid,grid_candidate_0115,completed,1,0,14.718492,/home/hzw/Rethinking_GNN_DP/paper_experiments/figure3/figure3_pipeline3.yaml/dataset=citeseer/feature=raw/mechanism=mbm/x_eps=2/m=best/norm=false/smoother=hoa/backbone=sage/use_nfr=true/logs/grid_candidate_0115_attempt_1.log,
grid_candidate_0117,grid,grid_candidate_0117,completed,1,0,13.444036,/home/hzw/Rethinking_GNN_DP/paper_experiments/figure3/figure3_pipeline3.yaml/dataset=citeseer/feature=raw/mechanism=mbm/x_eps=2/m=best/norm=false/smoother=hoa/backbone=sage/use_nfr=true/logs/grid_candidate_0117_attempt_1.log,
grid_candidate_0118,grid,grid_candidate_0118,completed,1,0,13.932906,/home/hzw/Rethinking_GNN_DP/paper_experiments/figure3/figure3_pipeline3.yaml/dataset=citeseer/feature=raw/mechanism=mbm/x_eps=2/m=best/norm=false/smoother=hoa/backbone=sage/use_nfr=true/logs/grid_candidate_0118_attempt_1.log,
grid_candidate_0119,grid,grid_candidate_0119,completed,1,0,12.642864,/home/hzw/Rethinking_GNN_DP/paper_experiments/figure3/figure3_pipeline3.yaml/dataset=citeseer/feature=raw/mechanism=mbm/x_eps=2/m=best/norm=false/smoother=hoa/backbone=sage/use_nfr=true/logs/grid_candidate_0119_attempt_1.log,
grid_candidate_0113,grid,grid_candidate_0113,completed,1,0,16.772564,/home/hzw/Rethinking_GNN_DP/paper_experiments/figure3/figure3_pipeline3.yaml/dataset=citeseer/feature=raw/mechanism=mbm/x_eps=2/m=best/norm=false/smoother=hoa/backbone=sage/use_nfr=true/logs/grid_candidate_0113_attempt_1.log,
grid_candidate_0114,grid,grid_candidate_0114,completed,1,0,16.611025,/home/hzw/Rethinking_GNN_DP/paper_experiments/figure3/figure3_pipeline3.yaml/dataset=citeseer/feature=raw/mechanism=mbm/x_eps=2/m=best/norm=false/smoother=hoa/backbone=sage/use_nfr=true/logs/grid_candidate_0114_attempt_1.log,
grid_candidate_0120,grid,grid_candidate_0120,completed,1,0,12.307277,/home/hzw/Rethinking_GNN_DP/paper_experiments/figure3/figure3_pipeline3.yaml/dataset=citeseer/feature=raw/mechanism=mbm/x_eps=2/m=best/norm=false/smoother=hoa/backbone=sage/use_nfr=true/logs/grid_candidate_0120_attempt_1.log,
grid_candidate_0124,grid,grid_candidate_0124,completed,1,0,15.611322,/home/hzw/Rethinking_GNN_DP/paper_experiments/figure3/figure3_pipeline3.yaml/dataset=citeseer/feature=raw/mechanism=mbm/x_eps=2/m=best/norm=false/smoother=hoa/backbone=sage/use_nfr=true/logs/grid_candidate_0124_attempt_1.log,
grid_candidate_0126,grid,grid_candidate_0126,completed,1,0,15.271853,/home/hzw/Rethinking_GNN_DP/paper_experiments/figure3/figure3_pipeline3.yaml/dataset=citeseer/feature=raw/mechanism=mbm/x_eps=2/m=best/norm=false/smoother=hoa/backbone=sage/use_nfr=true/logs/grid_candidate_0126_attempt_1.log,
grid_candidate_0121,grid,grid_candidate_0121,completed,1,0,18.162436,/home/hzw/Rethinking_GNN_DP/paper_experiments/figure3/figure3_pipeline3.yaml/dataset=citeseer/feature=raw/mechanism=mbm/x_eps=2/m=best/norm=false/smoother=hoa/backbone=sage/use_nfr=true/logs/grid_candidate_0121_attempt_1.log,
grid_candidate_0122,grid,grid_candidate_0122,completed,1,0,17.958321,/home/hzw/Rethinking_GNN_DP/paper_experiments/figure3/figure3_pipeline3.yaml/dataset=citeseer/feature=raw/mechanism=mbm/x_eps=2/m=best/norm=false/smoother=hoa/backbone=sage/use_nfr=true/logs/grid_candidate_0122_attempt_1.log,
grid_candidate_0125,grid,grid_candidate_0125,completed,1,0,17.349054,/home/hzw/Rethinking_GNN_DP/paper_experiments/figure3/figure3_pipeline3.yaml/dataset=citeseer/feature=raw/mechanism=mbm/x_eps=2/m=best/norm=false/smoother=hoa/backbone=sage/use_nfr=true/logs/grid_candidate_0125_attempt_1.log,
grid_candidate_0123,grid,grid_candidate_0123,completed,1,0,17.906078,/home/hzw/Rethinking_GNN_DP/paper_experiments/figure3/figure3_pipeline3.yaml/dataset=citeseer/feature=raw/mechanism=mbm/x_eps=2/m=best/norm=false/smoother=hoa/backbone=sage/use_nfr=true/logs/grid_candidate_0123_attempt_1.log,
grid_candidate_0139,grid,grid_candidate_0139,completed,1,0,13.493989,/home/hzw/Rethinking_GNN_DP/paper_experiments/figure3/figure3_pipeline3.yaml/dataset=citeseer/feature=raw/mechanism=mbm/x_eps=2/m=best/norm=false/smoother=hoa/backbone=sage/use_nfr=true/logs/grid_candidate_0139_attempt_1.log,
grid_candidate_0127,grid,grid_candidate_0127,completed,1,0,17.065896,/home/hzw/Rethinking_GNN_DP/paper_experiments/figure3/figure3_pipeline3.yaml/dataset=citeseer/feature=raw/mechanism=mbm/x_eps=2/m=best/norm=false/smoother=hoa/backbone=sage/use_nfr=true/logs/grid_candidate_0127_attempt_1.log,
grid_candidate_0128,grid,grid_candidate_0128,completed,1,0,17.169896,/home/hzw/Rethinking_GNN_DP/paper_experiments/figure3/figure3_pipeline3.yaml/dataset=citeseer/feature=raw/mechanism=mbm/x_eps=2/m=best/norm=false/smoother=hoa/backbone=sage/use_nfr=true/logs/grid_candidate_0128_attempt_1.log,
grid_candidate_0138,grid,grid_candidate_0138,completed,1,0,15.379593,/home/hzw/Rethinking_GNN_DP/paper_experiments/figure3/figure3_pipeline3.yaml/dataset=citeseer/feature=raw/mechanism=mbm/x_eps=2/m=best/norm=false/smoother=hoa/backbone=sage/use_nfr=true/logs/grid_candidate_0138_attempt_1.log,
grid_candidate_0140,grid,grid_candidate_0140,completed,1,0,13.609161,/home/hzw/Rethinking_GNN_DP/paper_experiments/figure3/figure3_pipeline3.yaml/dataset=citeseer/feature=raw/mechanism=mbm/x_eps=2/m=best/norm=false/smoother=hoa/backbone=sage/use_nfr=true/logs/grid_candidate_0140_attempt_1.log,
grid_candidate_0131,grid,grid_candidate_0131,completed,1,0,17.250347,/home/hzw/Rethinking_GNN_DP/paper_experiments/figure3/figure3_pipeline3.yaml/dataset=citeseer/feature=raw/mechanism=mbm/x_eps=2/m=best/norm=false/smoother=hoa/backbone=sage/use_nfr=true/logs/grid_candidate_0131_attempt_1.log,
grid_candidate_0129,grid,grid_candidate_0129,completed,1,0,17.743992,/home/hzw/Rethinking_GNN_DP/paper_experiments/figure3/figure3_pipeline3.yaml/dataset=citeseer/feature=raw/mechanism=mbm/x_eps=2/m=best/norm=false/smoother=hoa/backbone=sage/use_nfr=true/logs/grid_candidate_0129_attempt_1.log,
grid_candidate_0130,grid,grid_candidate_0130,completed,1,0,17.566471,/home/hzw/Rethinking_GNN_DP/paper_experiments/figure3/figure3_pipeline3.yaml/dataset=citeseer/feature=raw/mechanism=mbm/x_eps=2/m=best/norm=false/smoother=hoa/backbone=sage/use_nfr=true/logs/grid_candidate_0130_attempt_1.log,
grid_candidate_0142,grid,grid_candidate_0142,completed,1,0,13.384235,/home/hzw/Rethinking_GNN_DP/paper_experiments/figure3/figure3_pipeline3.yaml/dataset=citeseer/feature=raw/mechanism=mbm/x_eps=2/m=best/norm=false/smoother=hoa/backbone=sage/use_nfr=true/logs/grid_candidate_0142_attempt_1.log,
grid_candidate_0141,grid,grid_candidate_0141,completed,1,0,14.224395,/home/hzw/Rethinking_GNN_DP/paper_experiments/figure3/figure3_pipeline3.yaml/dataset=citeseer/feature=raw/mechanism=mbm/x_eps=2/m=best/norm=false/smoother=hoa/backbone=sage/use_nfr=true/logs/grid_candidate_0141_attempt_1.log,
grid_candidate_0143,grid,grid_candidate_0143,completed,1,0,13.203205,/home/hzw/Rethinking_GNN_DP/paper_experiments/figure3/figure3_pipeline3.yaml/dataset=citeseer/feature=raw/mechanism=mbm/x_eps=2/m=best/norm=false/smoother=hoa/backbone=sage/use_nfr=true/logs/grid_candidate_0143_attempt_1.log,
grid_candidate_0134,grid,grid_candidate_0134,completed,1,0,18.712180,/home/hzw/Rethinking_GNN_DP/paper_experiments/figure3/figure3_pipeline3.yaml/dataset=citeseer/feature=raw/mechanism=mbm/x_eps=2/m=best/norm=false/smoother=hoa/backbone=sage/use_nfr=true/logs/grid_candidate_0134_attempt_1.log,
grid_candidate_0132,grid,grid_candidate_0132,completed,1,0,19.146076,/home/hzw/Rethinking_GNN_DP/paper_experiments/figure3/figure3_pipeline3.yaml/dataset=citeseer/feature=raw/mechanism=mbm/x_eps=2/m=best/norm=false/smoother=hoa/backbone=sage/use_nfr=true/logs/grid_candidate_0132_attempt_1.log,
grid_candidate_0135,grid,grid_candidate_0135,completed,1,0,19.736668,/home/hzw/Rethinking_GNN_DP/paper_experiments/figure3/figure3_pipeline3.yaml/dataset=citeseer/feature=raw/mechanism=mbm/x_eps=2/m=best/norm=false/smoother=hoa/backbone=sage/use_nfr=true/logs/grid_candidate_0135_attempt_1.log,
grid_candidate_0137,grid,grid_candidate_0137,completed,1,0,19.924681,/home/hzw/Rethinking_GNN_DP/paper_experiments/figure3/figure3_pipeline3.yaml/dataset=citeseer/feature=raw/mechanism=mbm/x_eps=2/m=best/norm=false/smoother=hoa/backbone=sage/use_nfr=true/logs/grid_candidate_0137_attempt_1.log,
grid_candidate_0148,grid,grid_candidate_0148,completed,1,0,13.745848,/home/hzw/Rethinking_GNN_DP/paper_experiments/figure3/figure3_pipeline3.yaml/dataset=citeseer/feature=raw/mechanism=mbm/x_eps=2/m=best/norm=false/smoother=hoa/backbone=sage/use_nfr=true/logs/grid_candidate_0148_attempt_1.log,
grid_candidate_0133,grid,grid_candidate_0133,completed,1,0,21.191711,/home/hzw/Rethinking_GNN_DP/paper_experiments/figure3/figure3_pipeline3.yaml/dataset=citeseer/feature=raw/mechanism=mbm/x_eps=2/m=best/norm=false/smoother=hoa/backbone=sage/use_nfr=true/logs/grid_candidate_0133_attempt_1.log,
grid_candidate_0136,grid,grid_candidate_0136,completed,1,0,20.900534,/home/hzw/Rethinking_GNN_DP/paper_experiments/figure3/figure3_pipeline3.yaml/dataset=citeseer/feature=raw/mechanism=mbm/x_eps=2/m=best/norm=false/smoother=hoa/backbone=sage/use_nfr=true/logs/grid_candidate_0136_attempt_1.log,
grid_candidate_0145,grid,grid_candidate_0145,completed,1,0,15.066020,/home/hzw/Rethinking_GNN_DP/paper_experiments/figure3/figure3_pipeline3.yaml/dataset=citeseer/feature=raw/mechanism=mbm/x_eps=2/m=best/norm=false/smoother=hoa/backbone=sage/use_nfr=true/logs/grid_candidate_0145_attempt_1.log,
grid_candidate_0156,grid,grid_candidate_0156,completed,1,0,13.852779,/home/hzw/Rethinking_GNN_DP/paper_experiments/figure3/figure3_pipeline3.yaml/dataset=citeseer/feature=raw/mechanism=mbm/x_eps=2/m=best/norm=false/smoother=hoa/backbone=sage/use_nfr=true/logs/grid_candidate_0156_attempt_1.log,
grid_candidate_0149,grid,grid_candidate_0149,completed,1,0,16.022204,/home/hzw/Rethinking_GNN_DP/paper_experiments/figure3/figure3_pipeline3.yaml/dataset=citeseer/feature=raw/mechanism=mbm/x_eps=2/m=best/norm=false/smoother=hoa/backbone=sage/use_nfr=true/logs/grid_candidate_0149_attempt_1.log,
grid_candidate_0150,grid,grid_candidate_0150,completed,1,0,15.921658,/home/hzw/Rethinking_GNN_DP/paper_experiments/figure3/figure3_pipeline3.yaml/dataset=citeseer/feature=raw/mechanism=mbm/x_eps=2/m=best/norm=false/smoother=hoa/backbone=sage/use_nfr=true/logs/grid_candidate_0150_attempt_1.log,
grid_candidate_0147,grid,grid_candidate_0147,completed,1,0,16.977963,/home/hzw/Rethinking_GNN_DP/paper_experiments/figure3/figure3_pipeline3.yaml/dataset=citeseer/feature=raw/mechanism=mbm/x_eps=2/m=best/norm=false/smoother=hoa/backbone=sage/use_nfr=true/logs/grid_candidate_0147_attempt_1.log,
grid_candidate_0151,grid,grid_candidate_0151,completed,1,0,16.467276,/home/hzw/Rethinking_GNN_DP/paper_experiments/figure3/figure3_pipeline3.yaml/dataset=citeseer/feature=raw/mechanism=mbm/x_eps=2/m=best/norm=false/smoother=hoa/backbone=sage/use_nfr=true/logs/grid_candidate_0151_attempt_1.log,
grid_candidate_0146,grid,grid_candidate_0146,completed,1,0,17.545137,/home/hzw/Rethinking_GNN_DP/paper_experiments/figure3/figure3_pipeline3.yaml/dataset=citeseer/feature=raw/mechanism=mbm/x_eps=2/m=best/norm=false/smoother=hoa/backbone=sage/use_nfr=true/logs/grid_candidate_0146_attempt_1.log,
grid_candidate_0153,grid,grid_candidate_0153,completed,1,0,16.377870,/home/hzw/Rethinking_GNN_DP/paper_experiments/figure3/figure3_pipeline3.yaml/dataset=citeseer/feature=raw/mechanism=mbm/x_eps=2/m=best/norm=false/smoother=hoa/backbone=sage/use_nfr=true/logs/grid_candidate_0153_attempt_1.log,
grid_candidate_0158,grid,grid_candidate_0158,completed,1,0,12.721240,/home/hzw/Rethinking_GNN_DP/paper_experiments/figure3/figure3_pipeline3.yaml/dataset=citeseer/feature=raw/mechanism=mbm/x_eps=2/m=best/norm=false/smoother=hoa/backbone=sage/use_nfr=true/logs/grid_candidate_0158_attempt_1.log,
grid_candidate_0157,grid,grid_candidate_0157,completed,1,0,13.340827,/home/hzw/Rethinking_GNN_DP/paper_experiments/figure3/figure3_pipeline3.yaml/dataset=citeseer/feature=raw/mechanism=mbm/x_eps=2/m=best/norm=false/smoother=hoa/backbone=sage/use_nfr=true/logs/grid_candidate_0157_attempt_1.log,
grid_candidate_0159,grid,grid_candidate_0159,completed,1,0,11.790143,/home/hzw/Rethinking_GNN_DP/paper_experiments/figure3/figure3_pipeline3.yaml/dataset=citeseer/feature=raw/mechanism=mbm/x_eps=2/m=best/norm=false/smoother=hoa/backbone=sage/use_nfr=true/logs/grid_candidate_0159_attempt_1.log,
grid_candidate_0160,grid,grid_candidate_0160,completed,1,0,11.926373,/home/hzw/Rethinking_GNN_DP/paper_experiments/figure3/figure3_pipeline3.yaml/dataset=citeseer/feature=raw/mechanism=mbm/x_eps=2/m=best/norm=false/smoother=hoa/backbone=sage/use_nfr=true/logs/grid_candidate_0160_attempt_1.log,
grid_candidate_0155,grid,grid_candidate_0155,completed,1,0,18.978591,/home/hzw/Rethinking_GNN_DP/paper_experiments/figure3/figure3_pipeline3.yaml/dataset=citeseer/feature=raw/mechanism=mbm/x_eps=2/m=best/norm=false/smoother=hoa/backbone=sage/use_nfr=true/logs/grid_candidate_0155_attempt_1.log,
grid_candidate_0144,grid,grid_candidate_0144,completed,1,0,22.433192,/home/hzw/Rethinking_GNN_DP/paper_experiments/figure3/figure3_pipeline3.yaml/dataset=citeseer/feature=raw/mechanism=mbm/x_eps=2/m=best/norm=false/smoother=hoa/backbone=sage/use_nfr=true/logs/grid_candidate_0144_attempt_1.log,
grid_candidate_0152,grid,grid_candidate_0152,completed,1,0,19.691981,/home/hzw/Rethinking_GNN_DP/paper_experiments/figure3/figure3_pipeline3.yaml/dataset=citeseer/feature=raw/mechanism=mbm/x_eps=2/m=best/norm=false/smoother=hoa/backbone=sage/use_nfr=true/logs/grid_candidate_0152_attempt_1.log,
grid_candidate_0154,grid,grid_candidate_0154,completed,1,0,19.404355,/home/hzw/Rethinking_GNN_DP/paper_experiments/figure3/figure3_pipeline3.yaml/dataset=citeseer/feature=raw/mechanism=mbm/x_eps=2/m=best/norm=false/smoother=hoa/backbone=sage/use_nfr=true/logs/grid_candidate_0154_attempt_1.log,
grid_candidate_0163,grid,grid_candidate_0163,completed,1,0,12.413321,/home/hzw/Rethinking_GNN_DP/paper_experiments/figure3/figure3_pipeline3.yaml/dataset=citeseer/feature=raw/mechanism=mbm/x_eps=2/m=best/norm=false/smoother=hoa/backbone=sage/use_nfr=true/logs/grid_candidate_0163_attempt_1.log,
grid_candidate_0162,grid,grid_candidate_0162,completed,1,0,13.261632,/home/hzw/Rethinking_GNN_DP/paper_experiments/figure3/figure3_pipeline3.yaml/dataset=citeseer/feature=raw/mechanism=mbm/x_eps=2/m=best/norm=false/smoother=hoa/backbone=sage/use_nfr=true/logs/grid_candidate_0162_attempt_1.log,
grid_candidate_0161,grid,grid_candidate_0161,completed,1,0,13.607178,/home/hzw/Rethinking_GNN_DP/paper_experiments/figure3/figure3_pipeline3.yaml/dataset=citeseer/feature=raw/mechanism=mbm/x_eps=2/m=best/norm=false/smoother=hoa/backbone=sage/use_nfr=true/logs/grid_candidate_0161_attempt_1.log,
grid_candidate_0167,grid,grid_candidate_0167,completed,1,0,13.308563,/home/hzw/Rethinking_GNN_DP/paper_experiments/figure3/figure3_pipeline3.yaml/dataset=citeseer/feature=raw/mechanism=mbm/x_eps=2/m=best/norm=false/smoother=hoa/backbone=sage/use_nfr=true/logs/grid_candidate_0167_attempt_1.log,
grid_candidate_0173,grid,grid_candidate_0173,completed,1,0,11.892356,/home/hzw/Rethinking_GNN_DP/paper_experiments/figure3/figure3_pipeline3.yaml/dataset=citeseer/feature=raw/mechanism=mbm/x_eps=2/m=best/norm=false/smoother=hoa/backbone=sage/use_nfr=true/logs/grid_candidate_0173_attempt_1.log,
grid_candidate_0165,grid,grid_candidate_0165,completed,1,0,14.327543,/home/hzw/Rethinking_GNN_DP/paper_experiments/figure3/figure3_pipeline3.yaml/dataset=citeseer/feature=raw/mechanism=mbm/x_eps=2/m=best/norm=false/smoother=hoa/backbone=sage/use_nfr=true/logs/grid_candidate_0165_attempt_1.log,
grid_candidate_0169,grid,grid_candidate_0169,completed,1,0,13.804332,/home/hzw/Rethinking_GNN_DP/paper_experiments/figure3/figure3_pipeline3.yaml/dataset=citeseer/feature=raw/mechanism=mbm/x_eps=2/m=best/norm=false/smoother=hoa/backbone=sage/use_nfr=true/logs/grid_candidate_0169_attempt_1.log,
grid_candidate_0166,grid,grid_candidate_0166,completed,1,0,14.548455,/home/hzw/Rethinking_GNN_DP/paper_experiments/figure3/figure3_pipeline3.yaml/dataset=citeseer/feature=raw/mechanism=mbm/x_eps=2/m=best/norm=false/smoother=hoa/backbone=sage/use_nfr=true/logs/grid_candidate_0166_attempt_1.log,
grid_candidate_0172,grid,grid_candidate_0172,completed,1,0,12.497058,/home/hzw/Rethinking_GNN_DP/paper_experiments/figure3/figure3_pipeline3.yaml/dataset=citeseer/feature=raw/mechanism=mbm/x_eps=2/m=best/norm=false/smoother=hoa/backbone=sage/use_nfr=true/logs/grid_candidate_0172_attempt_1.log,
grid_candidate_0168,grid,grid_candidate_0168,completed,1,0,14.412368,/home/hzw/Rethinking_GNN_DP/paper_experiments/figure3/figure3_pipeline3.yaml/dataset=citeseer/feature=raw/mechanism=mbm/x_eps=2/m=best/norm=false/smoother=hoa/backbone=sage/use_nfr=true/logs/grid_candidate_0168_attempt_1.log,
grid_candidate_0170,grid,grid_candidate_0170,completed,1,0,14.145245,/home/hzw/Rethinking_GNN_DP/paper_experiments/figure3/figure3_pipeline3.yaml/dataset=citeseer/feature=raw/mechanism=mbm/x_eps=2/m=best/norm=false/smoother=hoa/backbone=sage/use_nfr=true/logs/grid_candidate_0170_attempt_1.log,
grid_candidate_0171,grid,grid_candidate_0171,completed,1,0,12.942075,/home/hzw/Rethinking_GNN_DP/paper_experiments/figure3/figure3_pipeline3.yaml/dataset=citeseer/feature=raw/mechanism=mbm/x_eps=2/m=best/norm=false/smoother=hoa/backbone=sage/use_nfr=true/logs/grid_candidate_0171_attempt_1.log,
grid_candidate_0164,grid,grid_candidate_0164,completed,1,0,15.601008,/home/hzw/Rethinking_GNN_DP/paper_experiments/figure3/figure3_pipeline3.yaml/dataset=citeseer/feature=raw/mechanism=mbm/x_eps=2/m=best/norm=false/smoother=hoa/backbone=sage/use_nfr=true/logs/grid_candidate_0164_attempt_1.log,
grid_candidate_0178,grid,grid_candidate_0178,completed,1,0,12.950234,/home/hzw/Rethinking_GNN_DP/paper_experiments/figure3/figure3_pipeline3.yaml/dataset=citeseer/feature=raw/mechanism=mbm/x_eps=2/m=best/norm=false/smoother=hoa/backbone=sage/use_nfr=true/logs/grid_candidate_0178_attempt_1.log,
grid_candidate_0175,grid,grid_candidate_0175,completed,1,0,14.898142,/home/hzw/Rethinking_GNN_DP/paper_experiments/figure3/figure3_pipeline3.yaml/dataset=citeseer/feature=raw/mechanism=mbm/x_eps=2/m=best/norm=false/smoother=hoa/backbone=sage/use_nfr=true/logs/grid_candidate_0175_attempt_1.log,
grid_candidate_0181,grid,grid_candidate_0181,completed,1,0,12.579559,/home/hzw/Rethinking_GNN_DP/paper_experiments/figure3/figure3_pipeline3.yaml/dataset=citeseer/feature=raw/mechanism=mbm/x_eps=2/m=best/norm=false/smoother=hoa/backbone=sage/use_nfr=true/logs/grid_candidate_0181_attempt_1.log,
grid_candidate_0182,grid,grid_candidate_0182,completed,1,0,11.528819,/home/hzw/Rethinking_GNN_DP/paper_experiments/figure3/figure3_pipeline3.yaml/dataset=citeseer/feature=raw/mechanism=mbm/x_eps=2/m=best/norm=false/smoother=hoa/backbone=sage/use_nfr=true/logs/grid_candidate_0182_attempt_1.log,
grid_candidate_0183,grid,grid_candidate_0183,completed,1,0,11.227283,/home/hzw/Rethinking_GNN_DP/paper_experiments/figure3/figure3_pipeline3.yaml/dataset=citeseer/feature=raw/mechanism=mbm/x_eps=2/m=best/norm=false/smoother=hoa/backbone=sage/use_nfr=true/logs/grid_candidate_0183_attempt_1.log,
grid_candidate_0174,grid,grid_candidate_0174,completed,1,0,16.094242,/home/hzw/Rethinking_GNN_DP/paper_experiments/figure3/figure3_pipeline3.yaml/dataset=citeseer/feature=raw/mechanism=mbm/x_eps=2/m=best/norm=false/smoother=hoa/backbone=sage/use_nfr=true/logs/grid_candidate_0174_attempt_1.log,
grid_candidate_0184,grid,grid_candidate_0184,completed,1,0,12.557391,/home/hzw/Rethinking_GNN_DP/paper_experiments/figure3/figure3_pipeline3.yaml/dataset=citeseer/feature=raw/mechanism=mbm/x_eps=2/m=best/norm=false/smoother=hoa/backbone=sage/use_nfr=true/logs/grid_candidate_0184_attempt_1.log,
grid_candidate_0186,grid,grid_candidate_0186,completed,1,0,12.092862,/home/hzw/Rethinking_GNN_DP/paper_experiments/figure3/figure3_pipeline3.yaml/dataset=citeseer/feature=raw/mechanism=mbm/x_eps=2/m=best/norm=false/smoother=hoa/backbone=sage/use_nfr=true/logs/grid_candidate_0186_attempt_1.log,
grid_candidate_0187,grid,grid_candidate_0187,completed,1,0,11.947343,/home/hzw/Rethinking_GNN_DP/paper_experiments/figure3/figure3_pipeline3.yaml/dataset=citeseer/feature=raw/mechanism=mbm/x_eps=2/m=best/norm=false/smoother=hoa/backbone=sage/use_nfr=true/logs/grid_candidate_0187_attempt_1.log,
grid_candidate_0190,grid,grid_candidate_0190,completed,1,0,9.432199,/home/hzw/Rethinking_GNN_DP/paper_experiments/figure3/figure3_pipeline3.yaml/dataset=citeseer/feature=raw/mechanism=mbm/x_eps=2/m=best/norm=false/smoother=hoa/backbone=sage/use_nfr=true/logs/grid_candidate_0190_attempt_1.log,
grid_candidate_0185,grid,grid_candidate_0185,completed,1,0,12.698318,/home/hzw/Rethinking_GNN_DP/paper_experiments/figure3/figure3_pipeline3.yaml/dataset=citeseer/feature=raw/mechanism=mbm/x_eps=2/m=best/norm=false/smoother=hoa/backbone=sage/use_nfr=true/logs/grid_candidate_0185_attempt_1.log,
grid_candidate_0176,grid,grid_candidate_0176,completed,1,0,16.781623,/home/hzw/Rethinking_GNN_DP/paper_experiments/figure3/figure3_pipeline3.yaml/dataset=citeseer/feature=raw/mechanism=mbm/x_eps=2/m=best/norm=false/smoother=hoa/backbone=sage/use_nfr=true/logs/grid_candidate_0176_attempt_1.log,
grid_candidate_0188,grid,grid_candidate_0188,completed,1,0,12.178100,/home/hzw/Rethinking_GNN_DP/paper_experiments/figure3/figure3_pipeline3.yaml/dataset=citeseer/feature=raw/mechanism=mbm/x_eps=2/m=best/norm=false/smoother=hoa/backbone=sage/use_nfr=true/logs/grid_candidate_0188_attempt_1.log,
grid_candidate_0189,grid,grid_candidate_0189,completed,1,0,10.350889,/home/hzw/Rethinking_GNN_DP/paper_experiments/figure3/figure3_pipeline3.yaml/dataset=citeseer/feature=raw/mechanism=mbm/x_eps=2/m=best/norm=false/smoother=hoa/backbone=sage/use_nfr=true/logs/grid_candidate_0189_attempt_1.log,
grid_candidate_0179,grid,grid_candidate_0179,completed,1,0,16.371186,/home/hzw/Rethinking_GNN_DP/paper_experiments/figure3/figure3_pipeline3.yaml/dataset=citeseer/feature=raw/mechanism=mbm/x_eps=2/m=best/norm=false/smoother=hoa/backbone=sage/use_nfr=true/logs/grid_candidate_0179_attempt_1.log,
grid_candidate_0192,grid,grid_candidate_0192,completed,1,0,10.552611,/home/hzw/Rethinking_GNN_DP/paper_experiments/figure3/figure3_pipeline3.yaml/dataset=citeseer/feature=raw/mechanism=mbm/x_eps=2/m=best/norm=false/smoother=hoa/backbone=sage/use_nfr=true/logs/grid_candidate_0192_attempt_1.log,
grid_candidate_0177,grid,grid_candidate_0177,completed,1,0,17.476453,/home/hzw/Rethinking_GNN_DP/paper_experiments/figure3/figure3_pipeline3.yaml/dataset=citeseer/feature=raw/mechanism=mbm/x_eps=2/m=best/norm=false/smoother=hoa/backbone=sage/use_nfr=true/logs/grid_candidate_0177_attempt_1.log,
grid_candidate_0180,grid,grid_candidate_0180,completed,1,0,17.153864,/home/hzw/Rethinking_GNN_DP/paper_experiments/figure3/figure3_pipeline3.yaml/dataset=citeseer/feature=raw/mechanism=mbm/x_eps=2/m=best/norm=false/smoother=hoa/backbone=sage/use_nfr=true/logs/grid_candidate_0180_attempt_1.log,
grid_candidate_0197,grid,grid_candidate_0197,completed,1,0,10.586477,/home/hzw/Rethinking_GNN_DP/paper_experiments/figure3/figure3_pipeline3.yaml/dataset=citeseer/feature=raw/mechanism=mbm/x_eps=2/m=best/norm=false/smoother=hoa/backbone=sage/use_nfr=true/logs/grid_candidate_0197_attempt_1.log,
grid_candidate_0191,grid,grid_candidate_0191,completed,1,0,12.138871,/home/hzw/Rethinking_GNN_DP/paper_experiments/figure3/figure3_pipeline3.yaml/dataset=citeseer/feature=raw/mechanism=mbm/x_eps=2/m=best/norm=false/smoother=hoa/backbone=sage/use_nfr=true/logs/grid_candidate_0191_attempt_1.log,
grid_candidate_0198,grid,grid_candidate_0198,completed,1,0,11.520718,/home/hzw/Rethinking_GNN_DP/paper_experiments/figure3/figure3_pipeline3.yaml/dataset=citeseer/feature=raw/mechanism=mbm/x_eps=2/m=best/norm=false/smoother=hoa/backbone=sage/use_nfr=true/logs/grid_candidate_0198_attempt_1.log,
grid_candidate_0196,grid,grid_candidate_0196,completed,1,0,12.642700,/home/hzw/Rethinking_GNN_DP/paper_experiments/figure3/figure3_pipeline3.yaml/dataset=citeseer/feature=raw/mechanism=mbm/x_eps=2/m=best/norm=false/smoother=hoa/backbone=sage/use_nfr=true/logs/grid_candidate_0196_attempt_1.log,
grid_candidate_0195,grid,grid_candidate_0195,completed,1,0,13.727406,/home/hzw/Rethinking_GNN_DP/paper_experiments/figure3/figure3_pipeline3.yaml/dataset=citeseer/feature=raw/mechanism=mbm/x_eps=2/m=best/norm=false/smoother=hoa/backbone=sage/use_nfr=true/logs/grid_candidate_0195_attempt_1.log,
grid_candidate_0199,grid,grid_candidate_0199,completed,1,0,12.508067,/home/hzw/Rethinking_GNN_DP/paper_experiments/figure3/figure3_pipeline3.yaml/dataset=citeseer/feature=raw/mechanism=mbm/x_eps=2/m=best/norm=false/smoother=hoa/backbone=sage/use_nfr=true/logs/grid_candidate_0199_attempt_1.log,
grid_candidate_0200,grid,grid_candidate_0200,completed,1,0,12.146122,/home/hzw/Rethinking_GNN_DP/paper_experiments/figure3/figure3_pipeline3.yaml/dataset=citeseer/feature=raw/mechanism=mbm/x_eps=2/m=best/norm=false/smoother=hoa/backbone=sage/use_nfr=true/logs/grid_candidate_0200_attempt_1.log,
grid_candidate_0194,grid,grid_candidate_0194,completed,1,0,14.385679,/home/hzw/Rethinking_GNN_DP/paper_experiments/figure3/figure3_pipeline3.yaml/dataset=citeseer/feature=raw/mechanism=mbm/x_eps=2/m=best/norm=false/smoother=hoa/backbone=sage/use_nfr=true/logs/grid_candidate_0194_attempt_1.log,
grid_candidate_0193,grid,grid_candidate_0193,completed,1,0,14.964141,/home/hzw/Rethinking_GNN_DP/paper_experiments/figure3/figure3_pipeline3.yaml/dataset=citeseer/feature=raw/mechanism=mbm/x_eps=2/m=best/norm=false/smoother=hoa/backbone=sage/use_nfr=true/logs/grid_candidate_0193_attempt_1.log,
grid_candidate_0202,grid,grid_candidate_0202,completed,1,0,12.072065,/home/hzw/Rethinking_GNN_DP/paper_experiments/figure3/figure3_pipeline3.yaml/dataset=citeseer/feature=raw/mechanism=mbm/x_eps=2/m=best/norm=false/smoother=hoa/backbone=sage/use_nfr=true/logs/grid_candidate_0202_attempt_1.log,
grid_candidate_0205,grid,grid_candidate_0205,completed,1,0,11.650228,/home/hzw/Rethinking_GNN_DP/paper_experiments/figure3/figure3_pipeline3.yaml/dataset=citeseer/feature=raw/mechanism=mbm/x_eps=2/m=best/norm=false/smoother=hoa/backbone=sage/use_nfr=true/logs/grid_candidate_0205_attempt_1.log,
grid_candidate_0201,grid,grid_candidate_0201,completed,1,0,12.565654,/home/hzw/Rethinking_GNN_DP/paper_experiments/figure3/figure3_pipeline3.yaml/dataset=citeseer/feature=raw/mechanism=mbm/x_eps=2/m=best/norm=false/smoother=hoa/backbone=sage/use_nfr=true/logs/grid_candidate_0201_attempt_1.log,
grid_candidate_0203,grid,grid_candidate_0203,completed,1,0,12.232950,/home/hzw/Rethinking_GNN_DP/paper_experiments/figure3/figure3_pipeline3.yaml/dataset=citeseer/feature=raw/mechanism=mbm/x_eps=2/m=best/norm=false/smoother=hoa/backbone=sage/use_nfr=true/logs/grid_candidate_0203_attempt_1.log,
grid_candidate_0204,grid,grid_candidate_0204,completed,1,0,12.062336,/home/hzw/Rethinking_GNN_DP/paper_experiments/figure3/figure3_pipeline3.yaml/dataset=citeseer/feature=raw/mechanism=mbm/x_eps=2/m=best/norm=false/smoother=hoa/backbone=sage/use_nfr=true/logs/grid_candidate_0204_attempt_1.log,
grid_candidate_0209,grid,grid_candidate_0209,completed,1,0,12.258679,/home/hzw/Rethinking_GNN_DP/paper_experiments/figure3/figure3_pipeline3.yaml/dataset=citeseer/feature=raw/mechanism=mbm/x_eps=2/m=best/norm=false/smoother=hoa/backbone=sage/use_nfr=true/logs/grid_candidate_0209_attempt_1.log,
grid_candidate_0207,grid,grid_candidate_0207,completed,1,0,12.685965,/home/hzw/Rethinking_GNN_DP/paper_experiments/figure3/figure3_pipeline3.yaml/dataset=citeseer/feature=raw/mechanism=mbm/x_eps=2/m=best/norm=false/smoother=hoa/backbone=sage/use_nfr=true/logs/grid_candidate_0207_attempt_1.log,
grid_candidate_0208,grid,grid_candidate_0208,completed,1,0,12.765507,/home/hzw/Rethinking_GNN_DP/paper_experiments/figure3/figure3_pipeline3.yaml/dataset=citeseer/feature=raw/mechanism=mbm/x_eps=2/m=best/norm=false/smoother=hoa/backbone=sage/use_nfr=true/logs/grid_candidate_0208_attempt_1.log,
grid_candidate_0206,grid,grid_candidate_0206,completed,1,0,13.284697,/home/hzw/Rethinking_GNN_DP/paper_experiments/figure3/figure3_pipeline3.yaml/dataset=citeseer/feature=raw/mechanism=mbm/x_eps=2/m=best/norm=false/smoother=hoa/backbone=sage/use_nfr=true/logs/grid_candidate_0206_attempt_1.log,
grid_candidate_0210,grid,grid_candidate_0210,completed,1,0,12.459437,/home/hzw/Rethinking_GNN_DP/paper_experiments/figure3/figure3_pipeline3.yaml/dataset=citeseer/feature=raw/mechanism=mbm/x_eps=2/m=best/norm=false/smoother=hoa/backbone=sage/use_nfr=true/logs/grid_candidate_0210_attempt_1.log,
grid_candidate_0213,grid,grid_candidate_0213,completed,1,0,14.200795,/home/hzw/Rethinking_GNN_DP/paper_experiments/figure3/figure3_pipeline3.yaml/dataset=citeseer/feature=raw/mechanism=mbm/x_eps=2/m=best/norm=false/smoother=hoa/backbone=sage/use_nfr=true/logs/grid_candidate_0213_attempt_1.log,
grid_candidate_0214,grid,grid_candidate_0214,completed,1,0,14.536846,/home/hzw/Rethinking_GNN_DP/paper_experiments/figure3/figure3_pipeline3.yaml/dataset=citeseer/feature=raw/mechanism=mbm/x_eps=2/m=best/norm=false/smoother=hoa/backbone=sage/use_nfr=true/logs/grid_candidate_0214_attempt_1.log,
grid_candidate_0212,grid,grid_candidate_0212,completed,1,0,15.467262,/home/hzw/Rethinking_GNN_DP/paper_experiments/figure3/figure3_pipeline3.yaml/dataset=citeseer/feature=raw/mechanism=mbm/x_eps=2/m=best/norm=false/smoother=hoa/backbone=sage/use_nfr=true/logs/grid_candidate_0212_attempt_1.log,
grid_candidate_0218,grid,grid_candidate_0218,completed,1,0,13.415395,/home/hzw/Rethinking_GNN_DP/paper_experiments/figure3/figure3_pipeline3.yaml/dataset=citeseer/feature=raw/mechanism=mbm/x_eps=2/m=best/norm=false/smoother=hoa/backbone=sage/use_nfr=true/logs/grid_candidate_0218_attempt_1.log,
grid_candidate_0219,grid,grid_candidate_0219,completed,1,0,13.698434,/home/hzw/Rethinking_GNN_DP/paper_experiments/figure3/figure3_pipeline3.yaml/dataset=citeseer/feature=raw/mechanism=mbm/x_eps=2/m=best/norm=false/smoother=hoa/backbone=sage/use_nfr=true/logs/grid_candidate_0219_attempt_1.log,
grid_candidate_0216,grid,grid_candidate_0216,completed,1,0,14.294986,/home/hzw/Rethinking_GNN_DP/paper_experiments/figure3/figure3_pipeline3.yaml/dataset=citeseer/feature=raw/mechanism=mbm/x_eps=2/m=best/norm=false/smoother=hoa/backbone=sage/use_nfr=true/logs/grid_candidate_0216_attempt_1.log,
grid_candidate_0211,grid,grid_candidate_0211,completed,1,0,16.529280,/home/hzw/Rethinking_GNN_DP/paper_experiments/figure3/figure3_pipeline3.yaml/dataset=citeseer/feature=raw/mechanism=mbm/x_eps=2/m=best/norm=false/smoother=hoa/backbone=sage/use_nfr=true/logs/grid_candidate_0211_attempt_1.log,
grid_candidate_0225,grid,grid_candidate_0225,completed,1,0,12.589099,/home/hzw/Rethinking_GNN_DP/paper_experiments/figure3/figure3_pipeline3.yaml/dataset=citeseer/feature=raw/mechanism=mbm/x_eps=2/m=best/norm=false/smoother=hoa/backbone=sage/use_nfr=true/logs/grid_candidate_0225_attempt_1.log,
grid_candidate_0229,grid,grid_candidate_0229,completed,1,0,11.593296,/home/hzw/Rethinking_GNN_DP/paper_experiments/figure3/figure3_pipeline3.yaml/dataset=citeseer/feature=raw/mechanism=mbm/x_eps=2/m=best/norm=false/smoother=hoa/backbone=sage/use_nfr=true/logs/grid_candidate_0229_attempt_1.log,
grid_candidate_0217,grid,grid_candidate_0217,completed,1,0,14.875253,/home/hzw/Rethinking_GNN_DP/paper_experiments/figure3/figure3_pipeline3.yaml/dataset=citeseer/feature=raw/mechanism=mbm/x_eps=2/m=best/norm=false/smoother=hoa/backbone=sage/use_nfr=true/logs/grid_candidate_0217_attempt_1.log,
grid_candidate_0215,grid,grid_candidate_0215,completed,1,0,16.112054,/home/hzw/Rethinking_GNN_DP/paper_experiments/figure3/figure3_pipeline3.yaml/dataset=citeseer/feature=raw/mechanism=mbm/x_eps=2/m=best/norm=false/smoother=hoa/backbone=sage/use_nfr=true/logs/grid_candidate_0215_attempt_1.log,
grid_candidate_0228,grid,grid_candidate_0228,completed,1,0,12.264506,/home/hzw/Rethinking_GNN_DP/paper_experiments/figure3/figure3_pipeline3.yaml/dataset=citeseer/feature=raw/mechanism=mbm/x_eps=2/m=best/norm=false/smoother=hoa/backbone=sage/use_nfr=true/logs/grid_candidate_0228_attempt_1.log,
grid_candidate_0223,grid,grid_candidate_0223,completed,1,0,14.293193,/home/hzw/Rethinking_GNN_DP/paper_experiments/figure3/figure3_pipeline3.yaml/dataset=citeseer/feature=raw/mechanism=mbm/x_eps=2/m=best/norm=false/smoother=hoa/backbone=sage/use_nfr=true/logs/grid_candidate_0223_attempt_1.log,
grid_candidate_0227,grid,grid_candidate_0227,completed,1,0,13.141619,/home/hzw/Rethinking_GNN_DP/paper_experiments/figure3/figure3_pipeline3.yaml/dataset=citeseer/feature=raw/mechanism=mbm/x_eps=2/m=best/norm=false/smoother=hoa/backbone=sage/use_nfr=true/logs/grid_candidate_0227_attempt_1.log,
grid_candidate_0220,grid,grid_candidate_0220,completed,1,0,15.483215,/home/hzw/Rethinking_GNN_DP/paper_experiments/figure3/figure3_pipeline3.yaml/dataset=citeseer/feature=raw/mechanism=mbm/x_eps=2/m=best/norm=false/smoother=hoa/backbone=sage/use_nfr=true/logs/grid_candidate_0220_attempt_1.log,
grid_candidate_0226,grid,grid_candidate_0226,completed,1,0,13.742996,/home/hzw/Rethinking_GNN_DP/paper_experiments/figure3/figure3_pipeline3.yaml/dataset=citeseer/feature=raw/mechanism=mbm/x_eps=2/m=best/norm=false/smoother=hoa/backbone=sage/use_nfr=true/logs/grid_candidate_0226_attempt_1.log,
grid_candidate_0224,grid,grid_candidate_0224,completed,1,0,16.292440,/home/hzw/Rethinking_GNN_DP/paper_experiments/figure3/figure3_pipeline3.yaml/dataset=citeseer/feature=raw/mechanism=mbm/x_eps=2/m=best/norm=false/smoother=hoa/backbone=sage/use_nfr=true/logs/grid_candidate_0224_attempt_1.log,
grid_candidate_0230,grid,grid_candidate_0230,completed,1,0,13.687521,/home/hzw/Rethinking_GNN_DP/paper_experiments/figure3/figure3_pipeline3.yaml/dataset=citeseer/feature=raw/mechanism=mbm/x_eps=2/m=best/norm=false/smoother=hoa/backbone=sage/use_nfr=true/logs/grid_candidate_0230_attempt_1.log,
grid_candidate_0222,grid,grid_candidate_0222,completed,1,0,17.942454,/home/hzw/Rethinking_GNN_DP/paper_experiments/figure3/figure3_pipeline3.yaml/dataset=citeseer/feature=raw/mechanism=mbm/x_eps=2/m=best/norm=false/smoother=hoa/backbone=sage/use_nfr=true/logs/grid_candidate_0222_attempt_1.log,
grid_candidate_0221,grid,grid_candidate_0221,completed,1,0,18.804769,/home/hzw/Rethinking_GNN_DP/paper_experiments/figure3/figure3_pipeline3.yaml/dataset=citeseer/feature=raw/mechanism=mbm/x_eps=2/m=best/norm=false/smoother=hoa/backbone=sage/use_nfr=true/logs/grid_candidate_0221_attempt_1.log,
grid_candidate_0234,grid,grid_candidate_0234,completed,1,0,14.531172,/home/hzw/Rethinking_GNN_DP/paper_experiments/figure3/figure3_pipeline3.yaml/dataset=citeseer/feature=raw/mechanism=mbm/x_eps=2/m=best/norm=false/smoother=hoa/backbone=sage/use_nfr=true/logs/grid_candidate_0234_attempt_1.log,
grid_candidate_0241,grid,grid_candidate_0241,completed,1,0,14.446301,/home/hzw/Rethinking_GNN_DP/paper_experiments/figure3/figure3_pipeline3.yaml/dataset=citeseer/feature=raw/mechanism=mbm/x_eps=2/m=best/norm=false/smoother=hoa/backbone=sage/use_nfr=true/logs/grid_candidate_0241_attempt_1.log,
grid_candidate_0243,grid,grid_candidate_0243,completed,1,0,13.653206,/home/hzw/Rethinking_GNN_DP/paper_experiments/figure3/figure3_pipeline3.yaml/dataset=citeseer/feature=raw/mechanism=mbm/x_eps=2/m=best/norm=false/smoother=hoa/backbone=sage/use_nfr=true/logs/grid_candidate_0243_attempt_1.log,
grid_candidate_0246,grid,grid_candidate_0246,completed,1,0,12.190793,/home/hzw/Rethinking_GNN_DP/paper_experiments/figure3/figure3_pipeline3.yaml/dataset=citeseer/feature=raw/mechanism=mbm/x_eps=2/m=best/norm=false/smoother=hoa/backbone=sage/use_nfr=true/logs/grid_candidate_0246_attempt_1.log,
grid_candidate_0245,grid,grid_candidate_0245,completed,1,0,14.116967,/home/hzw/Rethinking_GNN_DP/paper_experiments/figure3/figure3_pipeline3.yaml/dataset=citeseer/feature=raw/mechanism=mbm/x_eps=2/m=best/norm=false/smoother=hoa/backbone=sage/use_nfr=true/logs/grid_candidate_0245_attempt_1.log,
grid_candidate_0242,grid,grid_candidate_0242,completed,1,0,14.911752,/home/hzw/Rethinking_GNN_DP/paper_experiments/figure3/figure3_pipeline3.yaml/dataset=citeseer/feature=raw/mechanism=mbm/x_eps=2/m=best/norm=false/smoother=hoa/backbone=sage/use_nfr=true/logs/grid_candidate_0242_attempt_1.log,
grid_candidate_0240,grid,grid_candidate_0240,completed,1,0,15.816709,/home/hzw/Rethinking_GNN_DP/paper_experiments/figure3/figure3_pipeline3.yaml/dataset=citeseer/feature=raw/mechanism=mbm/x_eps=2/m=best/norm=false/smoother=hoa/backbone=sage/use_nfr=true/logs/grid_candidate_0240_attempt_1.log,
grid_candidate_0237,grid,grid_candidate_0237,completed,1,0,16.367420,/home/hzw/Rethinking_GNN_DP/paper_experiments/figure3/figure3_pipeline3.yaml/dataset=citeseer/feature=raw/mechanism=mbm/x_eps=2/m=best/norm=false/smoother=hoa/backbone=sage/use_nfr=true/logs/grid_candidate_0237_attempt_1.log,
grid_candidate_0239,grid,grid_candidate_0239,completed,1,0,16.066380,/home/hzw/Rethinking_GNN_DP/paper_experiments/figure3/figure3_pipeline3.yaml/dataset=citeseer/feature=raw/mechanism=mbm/x_eps=2/m=best/norm=false/smoother=hoa/backbone=sage/use_nfr=true/logs/grid_candidate_0239_attempt_1.log,
grid_candidate_0235,grid,grid_candidate_0235,completed,1,0,17.120418,/home/hzw/Rethinking_GNN_DP/paper_experiments/figure3/figure3_pipeline3.yaml/dataset=citeseer/feature=raw/mechanism=mbm/x_eps=2/m=best/norm=false/smoother=hoa/backbone=sage/use_nfr=true/logs/grid_candidate_0235_attempt_1.log,
grid_candidate_0244,grid,grid_candidate_0244,completed,1,0,15.162339,/home/hzw/Rethinking_GNN_DP/paper_experiments/figure3/figure3_pipeline3.yaml/dataset=citeseer/feature=raw/mechanism=mbm/x_eps=2/m=best/norm=false/smoother=hoa/backbone=sage/use_nfr=true/logs/grid_candidate_0244_attempt_1.log,
grid_candidate_0238,grid,grid_candidate_0238,completed,1,0,16.782076,/home/hzw/Rethinking_GNN_DP/paper_experiments/figure3/figure3_pipeline3.yaml/dataset=citeseer/feature=raw/mechanism=mbm/x_eps=2/m=best/norm=false/smoother=hoa/backbone=sage/use_nfr=true/logs/grid_candidate_0238_attempt_1.log,
grid_candidate_0233,grid,grid_candidate_0233,completed,1,0,18.009702,/home/hzw/Rethinking_GNN_DP/paper_experiments/figure3/figure3_pipeline3.yaml/dataset=citeseer/feature=raw/mechanism=mbm/x_eps=2/m=best/norm=false/smoother=hoa/backbone=sage/use_nfr=true/logs/grid_candidate_0233_attempt_1.log,
grid_candidate_0231,grid,grid_candidate_0231,completed,1,0,19.264837,/home/hzw/Rethinking_GNN_DP/paper_experiments/figure3/figure3_pipeline3.yaml/dataset=citeseer/feature=raw/mechanism=mbm/x_eps=2/m=best/norm=false/smoother=hoa/backbone=sage/use_nfr=true/logs/grid_candidate_0231_attempt_1.log,
grid_candidate_0247,grid,grid_candidate_0247,completed,1,0,11.823076,/home/hzw/Rethinking_GNN_DP/paper_experiments/figure3/figure3_pipeline3.yaml/dataset=citeseer/feature=raw/mechanism=mbm/x_eps=2/m=best/norm=false/smoother=hoa/backbone=sage/use_nfr=true/logs/grid_candidate_0247_attempt_1.log,
grid_candidate_0249,grid,grid_candidate_0249,completed,1,0,11.196942,/home/hzw/Rethinking_GNN_DP/paper_experiments/figure3/figure3_pipeline3.yaml/dataset=citeseer/feature=raw/mechanism=mbm/x_eps=2/m=best/norm=false/smoother=hoa/backbone=sage/use_nfr=true/logs/grid_candidate_0249_attempt_1.log,
grid_candidate_0236,grid,grid_candidate_0236,completed,1,0,18.453884,/home/hzw/Rethinking_GNN_DP/paper_experiments/figure3/figure3_pipeline3.yaml/dataset=citeseer/feature=raw/mechanism=mbm/x_eps=2/m=best/norm=false/smoother=hoa/backbone=sage/use_nfr=true/logs/grid_candidate_0236_attempt_1.log,
grid_candidate_0254,grid,grid_candidate_0254,completed,1,0,11.304392,/home/hzw/Rethinking_GNN_DP/paper_experiments/figure3/figure3_pipeline3.yaml/dataset=citeseer/feature=raw/mechanism=mbm/x_eps=2/m=best/norm=false/smoother=hoa/backbone=sage/use_nfr=true/logs/grid_candidate_0254_attempt_1.log,
grid_candidate_0250,grid,grid_candidate_0250,completed,1,0,12.851607,/home/hzw/Rethinking_GNN_DP/paper_experiments/figure3/figure3_pipeline3.yaml/dataset=citeseer/feature=raw/mechanism=mbm/x_eps=2/m=best/norm=false/smoother=hoa/backbone=sage/use_nfr=true/logs/grid_candidate_0250_attempt_1.log,
grid_candidate_0232,grid,grid_candidate_0232,completed,1,0,21.485379,/home/hzw/Rethinking_GNN_DP/paper_experiments/figure3/figure3_pipeline3.yaml/dataset=citeseer/feature=raw/mechanism=mbm/x_eps=2/m=best/norm=false/smoother=hoa/backbone=sage/use_nfr=true/logs/grid_candidate_0232_attempt_1.log,
grid_candidate_0257,grid,grid_candidate_0257,completed,1,0,13.264554,/home/hzw/Rethinking_GNN_DP/paper_experiments/figure3/figure3_pipeline3.yaml/dataset=citeseer/feature=raw/mechanism=mbm/x_eps=2/m=best/norm=false/smoother=hoa/backbone=sage/use_nfr=true/logs/grid_candidate_0257_attempt_1.log,
grid_candidate_0251,grid,grid_candidate_0251,completed,1,0,14.537792,/home/hzw/Rethinking_GNN_DP/paper_experiments/figure3/figure3_pipeline3.yaml/dataset=citeseer/feature=raw/mechanism=mbm/x_eps=2/m=best/norm=false/smoother=hoa/backbone=sage/use_nfr=true/logs/grid_candidate_0251_attempt_1.log,
grid_candidate_0252,grid,grid_candidate_0252,completed,1,0,14.359193,/home/hzw/Rethinking_GNN_DP/paper_experiments/figure3/figure3_pipeline3.yaml/dataset=citeseer/feature=raw/mechanism=mbm/x_eps=2/m=best/norm=false/smoother=hoa/backbone=sage/use_nfr=true/logs/grid_candidate_0252_attempt_1.log,
grid_candidate_0248,grid,grid_candidate_0248,completed,1,0,16.171334,/home/hzw/Rethinking_GNN_DP/paper_experiments/figure3/figure3_pipeline3.yaml/dataset=citeseer/feature=raw/mechanism=mbm/x_eps=2/m=best/norm=false/smoother=hoa/backbone=sage/use_nfr=true/logs/grid_candidate_0248_attempt_1.log,
grid_candidate_0258,grid,grid_candidate_0258,completed,1,0,13.951015,/home/hzw/Rethinking_GNN_DP/paper_experiments/figure3/figure3_pipeline3.yaml/dataset=citeseer/feature=raw/mechanism=mbm/x_eps=2/m=best/norm=false/smoother=hoa/backbone=sage/use_nfr=true/logs/grid_candidate_0258_attempt_1.log,
grid_candidate_0253,grid,grid_candidate_0253,completed,1,0,15.005344,/home/hzw/Rethinking_GNN_DP/paper_experiments/figure3/figure3_pipeline3.yaml/dataset=citeseer/feature=raw/mechanism=mbm/x_eps=2/m=best/norm=false/smoother=hoa/backbone=sage/use_nfr=true/logs/grid_candidate_0253_attempt_1.log,
grid_candidate_0256,grid,grid_candidate_0256,completed,1,0,14.559963,/home/hzw/Rethinking_GNN_DP/paper_experiments/figure3/figure3_pipeline3.yaml/dataset=citeseer/feature=raw/mechanism=mbm/x_eps=2/m=best/norm=false/smoother=hoa/backbone=sage/use_nfr=true/logs/grid_candidate_0256_attempt_1.log,
grid_candidate_0259,grid,grid_candidate_0259,completed,1,0,14.132869,/home/hzw/Rethinking_GNN_DP/paper_experiments/figure3/figure3_pipeline3.yaml/dataset=citeseer/feature=raw/mechanism=mbm/x_eps=2/m=best/norm=false/smoother=hoa/backbone=sage/use_nfr=true/logs/grid_candidate_0259_attempt_1.log,
grid_candidate_0255,grid,grid_candidate_0255,completed,1,0,15.269789,/home/hzw/Rethinking_GNN_DP/paper_experiments/figure3/figure3_pipeline3.yaml/dataset=citeseer/feature=raw/mechanism=mbm/x_eps=2/m=best/norm=false/smoother=hoa/backbone=sage/use_nfr=true/logs/grid_candidate_0255_attempt_1.log,
grid_candidate_0260,grid,grid_candidate_0260,completed,1,0,14.389658,/home/hzw/Rethinking_GNN_DP/paper_experiments/figure3/figure3_pipeline3.yaml/dataset=citeseer/feature=raw/mechanism=mbm/x_eps=2/m=best/norm=false/smoother=hoa/backbone=sage/use_nfr=true/logs/grid_candidate_0260_attempt_1.log,
grid_candidate_0264,grid,grid_candidate_0264,completed,1,0,12.771311,/home/hzw/Rethinking_GNN_DP/paper_experiments/figure3/figure3_pipeline3.yaml/dataset=citeseer/feature=raw/mechanism=mbm/x_eps=2/m=best/norm=false/smoother=hoa/backbone=sage/use_nfr=true/logs/grid_candidate_0264_attempt_1.log,
grid_candidate_0262,grid,grid_candidate_0262,completed,1,0,15.086001,/home/hzw/Rethinking_GNN_DP/paper_experiments/figure3/figure3_pipeline3.yaml/dataset=citeseer/feature=raw/mechanism=mbm/x_eps=2/m=best/norm=false/smoother=hoa/backbone=sage/use_nfr=true/logs/grid_candidate_0262_attempt_1.log,
grid_candidate_0263,grid,grid_candidate_0263,completed,1,0,13.622653,/home/hzw/Rethinking_GNN_DP/paper_experiments/figure3/figure3_pipeline3.yaml/dataset=citeseer/feature=raw/mechanism=mbm/x_eps=2/m=best/norm=false/smoother=hoa/backbone=sage/use_nfr=true/logs/grid_candidate_0263_attempt_1.log,
grid_candidate_0265,grid,grid_candidate_0265,completed,1,0,12.787719,/home/hzw/Rethinking_GNN_DP/paper_experiments/figure3/figure3_pipeline3.yaml/dataset=citeseer/feature=raw/mechanism=mbm/x_eps=2/m=best/norm=false/smoother=hoa/backbone=sage/use_nfr=true/logs/grid_candidate_0265_attempt_1.log,
grid_candidate_0261,grid,grid_candidate_0261,completed,1,0,15.859846,/home/hzw/Rethinking_GNN_DP/paper_experiments/figure3/figure3_pipeline3.yaml/dataset=citeseer/feature=raw/mechanism=mbm/x_eps=2/m=best/norm=false/smoother=hoa/backbone=sage/use_nfr=true/logs/grid_candidate_0261_attempt_1.log,
grid_candidate_0267,grid,grid_candidate_0267,completed,1,0,13.438541,/home/hzw/Rethinking_GNN_DP/paper_experiments/figure3/figure3_pipeline3.yaml/dataset=citeseer/feature=raw/mechanism=mbm/x_eps=2/m=best/norm=false/smoother=hoa/backbone=sage/use_nfr=true/logs/grid_candidate_0267_attempt_1.log,
grid_candidate_0268,grid,grid_candidate_0268,completed,1,0,12.271917,/home/hzw/Rethinking_GNN_DP/paper_experiments/figure3/figure3_pipeline3.yaml/dataset=citeseer/feature=raw/mechanism=mbm/x_eps=2/m=best/norm=false/smoother=hoa/backbone=sage/use_nfr=true/logs/grid_candidate_0268_attempt_1.log,
grid_candidate_0266,grid,grid_candidate_0266,completed,1,0,14.553176,/home/hzw/Rethinking_GNN_DP/paper_experiments/figure3/figure3_pipeline3.yaml/dataset=citeseer/feature=raw/mechanism=mbm/x_eps=2/m=best/norm=false/smoother=hoa/backbone=sage/use_nfr=true/logs/grid_candidate_0266_attempt_1.log,
grid_candidate_0269,grid,grid_candidate_0269,completed,1,0,12.569132,/home/hzw/Rethinking_GNN_DP/paper_experiments/figure3/figure3_pipeline3.yaml/dataset=citeseer/feature=raw/mechanism=mbm/x_eps=2/m=best/norm=false/smoother=hoa/backbone=sage/use_nfr=true/logs/grid_candidate_0269_attempt_1.log,
grid_candidate_0278,grid,grid_candidate_0278,completed,1,0,11.235214,/home/hzw/Rethinking_GNN_DP/paper_experiments/figure3/figure3_pipeline3.yaml/dataset=citeseer/feature=raw/mechanism=mbm/x_eps=2/m=best/norm=false/smoother=hoa/backbone=sage/use_nfr=true/logs/grid_candidate_0278_attempt_1.log,
grid_candidate_0270,grid,grid_candidate_0270,completed,1,0,12.543490,/home/hzw/Rethinking_GNN_DP/paper_experiments/figure3/figure3_pipeline3.yaml/dataset=citeseer/feature=raw/mechanism=mbm/x_eps=2/m=best/norm=false/smoother=hoa/backbone=sage/use_nfr=true/logs/grid_candidate_0270_attempt_1.log,
grid_candidate_0272,grid,grid_candidate_0272,completed,1,0,12.395930,/home/hzw/Rethinking_GNN_DP/paper_experiments/figure3/figure3_pipeline3.yaml/dataset=citeseer/feature=raw/mechanism=mbm/x_eps=2/m=best/norm=false/smoother=hoa/backbone=sage/use_nfr=true/logs/grid_candidate_0272_attempt_1.log,
grid_candidate_0275,grid,grid_candidate_0275,completed,1,0,11.989822,/home/hzw/Rethinking_GNN_DP/paper_experiments/figure3/figure3_pipeline3.yaml/dataset=citeseer/feature=raw/mechanism=mbm/x_eps=2/m=best/norm=false/smoother=hoa/backbone=sage/use_nfr=true/logs/grid_candidate_0275_attempt_1.log,
grid_candidate_0281,grid,grid_candidate_0281,completed,1,0,12.464210,/home/hzw/Rethinking_GNN_DP/paper_experiments/figure3/figure3_pipeline3.yaml/dataset=citeseer/feature=raw/mechanism=mbm/x_eps=2/m=best/norm=false/smoother=hoa/backbone=sage/use_nfr=true/logs/grid_candidate_0281_attempt_1.log,
grid_candidate_0276,grid,grid_candidate_0276,completed,1,0,13.736720,/home/hzw/Rethinking_GNN_DP/paper_experiments/figure3/figure3_pipeline3.yaml/dataset=citeseer/feature=raw/mechanism=mbm/x_eps=2/m=best/norm=false/smoother=hoa/backbone=sage/use_nfr=true/logs/grid_candidate_0276_attempt_1.log,
grid_candidate_0282,grid,grid_candidate_0282,completed,1,0,12.484747,/home/hzw/Rethinking_GNN_DP/paper_experiments/figure3/figure3_pipeline3.yaml/dataset=citeseer/feature=raw/mechanism=mbm/x_eps=2/m=best/norm=false/smoother=hoa/backbone=sage/use_nfr=true/logs/grid_candidate_0282_attempt_1.log,
grid_candidate_0279,grid,grid_candidate_0279,completed,1,0,13.659931,/home/hzw/Rethinking_GNN_DP/paper_experiments/figure3/figure3_pipeline3.yaml/dataset=citeseer/feature=raw/mechanism=mbm/x_eps=2/m=best/norm=false/smoother=hoa/backbone=sage/use_nfr=true/logs/grid_candidate_0279_attempt_1.log,
grid_candidate_0271,grid,grid_candidate_0271,completed,1,0,15.051334,/home/hzw/Rethinking_GNN_DP/paper_experiments/figure3/figure3_pipeline3.yaml/dataset=citeseer/feature=raw/mechanism=mbm/x_eps=2/m=best/norm=false/smoother=hoa/backbone=sage/use_nfr=true/logs/grid_candidate_0271_attempt_1.log,
grid_candidate_0273,grid,grid_candidate_0273,completed,1,0,14.745858,/home/hzw/Rethinking_GNN_DP/paper_experiments/figure3/figure3_pipeline3.yaml/dataset=citeseer/feature=raw/mechanism=mbm/x_eps=2/m=best/norm=false/smoother=hoa/backbone=sage/use_nfr=true/logs/grid_candidate_0273_attempt_1.log,
grid_candidate_0284,grid,grid_candidate_0284,completed,1,0,11.784685,/home/hzw/Rethinking_GNN_DP/paper_experiments/figure3/figure3_pipeline3.yaml/dataset=citeseer/feature=raw/mechanism=mbm/x_eps=2/m=best/norm=false/smoother=hoa/backbone=sage/use_nfr=true/logs/grid_candidate_0284_attempt_1.log,
grid_candidate_0274,grid,grid_candidate_0274,completed,1,0,15.008567,/home/hzw/Rethinking_GNN_DP/paper_experiments/figure3/figure3_pipeline3.yaml/dataset=citeseer/feature=raw/mechanism=mbm/x_eps=2/m=best/norm=false/smoother=hoa/backbone=sage/use_nfr=true/logs/grid_candidate_0274_attempt_1.log,
grid_candidate_0277,grid,grid_candidate_0277,completed,1,0,14.636806,/home/hzw/Rethinking_GNN_DP/paper_experiments/figure3/figure3_pipeline3.yaml/dataset=citeseer/feature=raw/mechanism=mbm/x_eps=2/m=best/norm=false/smoother=hoa/backbone=sage/use_nfr=true/logs/grid_candidate_0277_attempt_1.log,
grid_candidate_0285,grid,grid_candidate_0285,completed,1,0,11.560851,/home/hzw/Rethinking_GNN_DP/paper_experiments/figure3/figure3_pipeline3.yaml/dataset=citeseer/feature=raw/mechanism=mbm/x_eps=2/m=best/norm=false/smoother=hoa/backbone=sage/use_nfr=true/logs/grid_candidate_0285_attempt_1.log,
grid_candidate_0280,grid,grid_candidate_0280,completed,1,0,14.670325,/home/hzw/Rethinking_GNN_DP/paper_experiments/figure3/figure3_pipeline3.yaml/dataset=citeseer/feature=raw/mechanism=mbm/x_eps=2/m=best/norm=false/smoother=hoa/backbone=sage/use_nfr=true/logs/grid_candidate_0280_attempt_1.log,
grid_candidate_0283,grid,grid_candidate_0283,completed,1,0,14.026478,/home/hzw/Rethinking_GNN_DP/paper_experiments/figure3/figure3_pipeline3.yaml/dataset=citeseer/feature=raw/mechanism=mbm/x_eps=2/m=best/norm=false/smoother=hoa/backbone=sage/use_nfr=true/logs/grid_candidate_0283_attempt_1.log,
grid_candidate_0286,grid,grid_candidate_0286,completed,1,0,11.985173,/home/hzw/Rethinking_GNN_DP/paper_experiments/figure3/figure3_pipeline3.yaml/dataset=citeseer/feature=raw/mechanism=mbm/x_eps=2/m=best/norm=false/smoother=hoa/backbone=sage/use_nfr=true/logs/grid_candidate_0286_attempt_1.log,
grid_candidate_0288,grid,grid_candidate_0288,completed,1,0,11.300845,/home/hzw/Rethinking_GNN_DP/paper_experiments/figure3/figure3_pipeline3.yaml/dataset=citeseer/feature=raw/mechanism=mbm/x_eps=2/m=best/norm=false/smoother=hoa/backbone=sage/use_nfr=true/logs/grid_candidate_0288_attempt_1.log,
grid_candidate_0287,grid,grid_candidate_0287,completed,1,0,13.352045,/home/hzw/Rethinking_GNN_DP/paper_experiments/figure3/figure3_pipeline3.yaml/dataset=citeseer/feature=raw/mechanism=mbm/x_eps=2/m=best/norm=false/smoother=hoa/backbone=sage/use_nfr=true/logs/grid_candidate_0287_attempt_1.log,
grid_candidate_0289,grid,grid_candidate_0289,completed,1,0,13.722920,/home/hzw/Rethinking_GNN_DP/paper_experiments/figure3/figure3_pipeline3.yaml/dataset=citeseer/feature=raw/mechanism=mbm/x_eps=2/m=best/norm=false/smoother=hoa/backbone=sage/use_nfr=true/logs/grid_candidate_0289_attempt_1.log,
grid_candidate_0291,grid,grid_candidate_0291,completed,1,0,14.094505,/home/hzw/Rethinking_GNN_DP/paper_experiments/figure3/figure3_pipeline3.yaml/dataset=citeseer/feature=raw/mechanism=mbm/x_eps=2/m=best/norm=false/smoother=hoa/backbone=sage/use_nfr=true/logs/grid_candidate_0291_attempt_1.log,
grid_candidate_0290,grid,grid_candidate_0290,completed,1,0,15.183645,/home/hzw/Rethinking_GNN_DP/paper_experiments/figure3/figure3_pipeline3.yaml/dataset=citeseer/feature=raw/mechanism=mbm/x_eps=2/m=best/norm=false/smoother=hoa/backbone=sage/use_nfr=true/logs/grid_candidate_0290_attempt_1.log,
grid_candidate_0296,grid,grid_candidate_0296,completed,1,0,14.359891,/home/hzw/Rethinking_GNN_DP/paper_experiments/figure3/figure3_pipeline3.yaml/dataset=citeseer/feature=raw/mechanism=mbm/x_eps=2/m=best/norm=false/smoother=hoa/backbone=sage/use_nfr=true/logs/grid_candidate_0296_attempt_1.log,
grid_candidate_0294,grid,grid_candidate_0294,completed,1,0,15.016412,/home/hzw/Rethinking_GNN_DP/paper_experiments/figure3/figure3_pipeline3.yaml/dataset=citeseer/feature=raw/mechanism=mbm/x_eps=2/m=best/norm=false/smoother=hoa/backbone=sage/use_nfr=true/logs/grid_candidate_0294_attempt_1.log,
grid_candidate_0297,grid,grid_candidate_0297,completed,1,0,13.734979,/home/hzw/Rethinking_GNN_DP/paper_experiments/figure3/figure3_pipeline3.yaml/dataset=citeseer/feature=raw/mechanism=mbm/x_eps=2/m=best/norm=false/smoother=hoa/backbone=sage/use_nfr=true/logs/grid_candidate_0297_attempt_1.log,
grid_candidate_0293,grid,grid_candidate_0293,completed,1,0,15.404576,/home/hzw/Rethinking_GNN_DP/paper_experiments/figure3/figure3_pipeline3.yaml/dataset=citeseer/feature=raw/mechanism=mbm/x_eps=2/m=best/norm=false/smoother=hoa/backbone=sage/use_nfr=true/logs/grid_candidate_0293_attempt_1.log,
grid_candidate_0305,grid,grid_candidate_0305,completed,1,0,11.475827,/home/hzw/Rethinking_GNN_DP/paper_experiments/figure3/figure3_pipeline3.yaml/dataset=citeseer/feature=raw/mechanism=mbm/x_eps=2/m=best/norm=false/smoother=hoa/backbone=sage/use_nfr=true/logs/grid_candidate_0305_attempt_1.log,
grid_candidate_0303,grid,grid_candidate_0303,completed,1,0,11.957823,/home/hzw/Rethinking_GNN_DP/paper_experiments/figure3/figure3_pipeline3.yaml/dataset=citeseer/feature=raw/mechanism=mbm/x_eps=2/m=best/norm=false/smoother=hoa/backbone=sage/use_nfr=true/logs/grid_candidate_0303_attempt_1.log,
grid_candidate_0292,grid,grid_candidate_0292,completed,1,0,16.655905,/home/hzw/Rethinking_GNN_DP/paper_experiments/figure3/figure3_pipeline3.yaml/dataset=citeseer/feature=raw/mechanism=mbm/x_eps=2/m=best/norm=false/smoother=hoa/backbone=sage/use_nfr=true/logs/grid_candidate_0292_attempt_1.log,
grid_candidate_0302,grid,grid_candidate_0302,completed,1,0,12.362033,/home/hzw/Rethinking_GNN_DP/paper_experiments/figure3/figure3_pipeline3.yaml/dataset=citeseer/feature=raw/mechanism=mbm/x_eps=2/m=best/norm=false/smoother=hoa/backbone=sage/use_nfr=true/logs/grid_candidate_0302_attempt_1.log,
grid_candidate_0299,grid,grid_candidate_0299,completed,1,0,15.118992,/home/hzw/Rethinking_GNN_DP/paper_experiments/figure3/figure3_pipeline3.yaml/dataset=citeseer/feature=raw/mechanism=mbm/x_eps=2/m=best/norm=false/smoother=hoa/backbone=sage/use_nfr=true/logs/grid_candidate_0299_attempt_1.log,
grid_candidate_0295,grid,grid_candidate_0295,completed,1,0,16.866629,/home/hzw/Rethinking_GNN_DP/paper_experiments/figure3/figure3_pipeline3.yaml/dataset=citeseer/feature=raw/mechanism=mbm/x_eps=2/m=best/norm=false/smoother=hoa/backbone=sage/use_nfr=true/logs/grid_candidate_0295_attempt_1.log,
grid_candidate_0300,grid,grid_candidate_0300,completed,1,0,15.279334,/home/hzw/Rethinking_GNN_DP/paper_experiments/figure3/figure3_pipeline3.yaml/dataset=citeseer/feature=raw/mechanism=mbm/x_eps=2/m=best/norm=false/smoother=hoa/backbone=sage/use_nfr=true/logs/grid_candidate_0300_attempt_1.log,
grid_candidate_0298,grid,grid_candidate_0298,completed,1,0,16.021232,/home/hzw/Rethinking_GNN_DP/paper_experiments/figure3/figure3_pipeline3.yaml/dataset=citeseer/feature=raw/mechanism=mbm/x_eps=2/m=best/norm=false/smoother=hoa/backbone=sage/use_nfr=true/logs/grid_candidate_0298_attempt_1.log,
grid_candidate_0308,grid,grid_candidate_0308,completed,1,0,12.015042,/home/hzw/Rethinking_GNN_DP/paper_experiments/figure3/figure3_pipeline3.yaml/dataset=citeseer/feature=raw/mechanism=mbm/x_eps=2/m=best/norm=false/smoother=hoa/backbone=sage/use_nfr=true/logs/grid_candidate_0308_attempt_1.log,
grid_candidate_0306,grid,grid_candidate_0306,completed,1,0,12.601752,/home/hzw/Rethinking_GNN_DP/paper_experiments/figure3/figure3_pipeline3.yaml/dataset=citeseer/feature=raw/mechanism=mbm/x_eps=2/m=best/norm=false/smoother=hoa/backbone=sage/use_nfr=true/logs/grid_candidate_0306_attempt_1.log,
grid_candidate_0307,grid,grid_candidate_0307,completed,1,0,12.447086,/home/hzw/Rethinking_GNN_DP/paper_experiments/figure3/figure3_pipeline3.yaml/dataset=citeseer/feature=raw/mechanism=mbm/x_eps=2/m=best/norm=false/smoother=hoa/backbone=sage/use_nfr=true/logs/grid_candidate_0307_attempt_1.log,
grid_candidate_0309,grid,grid_candidate_0309,completed,1,0,12.166618,/home/hzw/Rethinking_GNN_DP/paper_experiments/figure3/figure3_pipeline3.yaml/dataset=citeseer/feature=raw/mechanism=mbm/x_eps=2/m=best/norm=false/smoother=hoa/backbone=sage/use_nfr=true/logs/grid_candidate_0309_attempt_1.log,
grid_candidate_0304,grid,grid_candidate_0304,completed,1,0,13.623017,/home/hzw/Rethinking_GNN_DP/paper_experiments/figure3/figure3_pipeline3.yaml/dataset=citeseer/feature=raw/mechanism=mbm/x_eps=2/m=best/norm=false/smoother=hoa/backbone=sage/use_nfr=true/logs/grid_candidate_0304_attempt_1.log,
grid_candidate_0301,grid,grid_candidate_0301,completed,1,0,16.170228,/home/hzw/Rethinking_GNN_DP/paper_experiments/figure3/figure3_pipeline3.yaml/dataset=citeseer/feature=raw/mechanism=mbm/x_eps=2/m=best/norm=false/smoother=hoa/backbone=sage/use_nfr=true/logs/grid_candidate_0301_attempt_1.log,
grid_candidate_0310,grid,grid_candidate_0310,completed,1,0,12.358812,/home/hzw/Rethinking_GNN_DP/paper_experiments/figure3/figure3_pipeline3.yaml/dataset=citeseer/feature=raw/mechanism=mbm/x_eps=2/m=best/norm=false/smoother=hoa/backbone=sage/use_nfr=true/logs/grid_candidate_0310_attempt_1.log,
grid_candidate_0313,grid,grid_candidate_0313,completed,1,0,11.990508,/home/hzw/Rethinking_GNN_DP/paper_experiments/figure3/figure3_pipeline3.yaml/dataset=citeseer/feature=raw/mechanism=mbm/x_eps=2/m=best/norm=false/smoother=hoa/backbone=sage/use_nfr=true/logs/grid_candidate_0313_attempt_1.log,
grid_candidate_0316,grid,grid_candidate_0316,completed,1,0,13.522753,/home/hzw/Rethinking_GNN_DP/paper_experiments/figure3/figure3_pipeline3.yaml/dataset=citeseer/feature=raw/mechanism=mbm/x_eps=2/m=best/norm=false/smoother=hoa/backbone=sage/use_nfr=true/logs/grid_candidate_0316_attempt_1.log,
grid_candidate_0314,grid,grid_candidate_0314,completed,1,0,14.067875,/home/hzw/Rethinking_GNN_DP/paper_experiments/figure3/figure3_pipeline3.yaml/dataset=citeseer/feature=raw/mechanism=mbm/x_eps=2/m=best/norm=false/smoother=hoa/backbone=sage/use_nfr=true/logs/grid_candidate_0314_attempt_1.log,
grid_candidate_0319,grid,grid_candidate_0319,completed,1,0,13.602830,/home/hzw/Rethinking_GNN_DP/paper_experiments/figure3/figure3_pipeline3.yaml/dataset=citeseer/feature=raw/mechanism=mbm/x_eps=2/m=best/norm=false/smoother=hoa/backbone=sage/use_nfr=true/logs/grid_candidate_0319_attempt_1.log,
grid_candidate_0312,grid,grid_candidate_0312,completed,1,0,15.015374,/home/hzw/Rethinking_GNN_DP/paper_experiments/figure3/figure3_pipeline3.yaml/dataset=citeseer/feature=raw/mechanism=mbm/x_eps=2/m=best/norm=false/smoother=hoa/backbone=sage/use_nfr=true/logs/grid_candidate_0312_attempt_1.log,
grid_candidate_0315,grid,grid_candidate_0315,completed,1,0,14.489361,/home/hzw/Rethinking_GNN_DP/paper_experiments/figure3/figure3_pipeline3.yaml/dataset=citeseer/feature=raw/mechanism=mbm/x_eps=2/m=best/norm=false/smoother=hoa/backbone=sage/use_nfr=true/logs/grid_candidate_0315_attempt_1.log,
grid_candidate_0323,grid,grid_candidate_0323,completed,1,0,13.211129,/home/hzw/Rethinking_GNN_DP/paper_experiments/figure3/figure3_pipeline3.yaml/dataset=citeseer/feature=raw/mechanism=mbm/x_eps=2/m=best/norm=false/smoother=hoa/backbone=sage/use_nfr=true/logs/grid_candidate_0323_attempt_1.log,
grid_candidate_0317,grid,grid_candidate_0317,completed,1,0,15.390172,/home/hzw/Rethinking_GNN_DP/paper_experiments/figure3/figure3_pipeline3.yaml/dataset=citeseer/feature=raw/mechanism=mbm/x_eps=2/m=best/norm=false/smoother=hoa/backbone=sage/use_nfr=true/logs/grid_candidate_0317_attempt_1.log,
grid_candidate_0318,grid,grid_candidate_0318,completed,1,0,15.599159,/home/hzw/Rethinking_GNN_DP/paper_experiments/figure3/figure3_pipeline3.yaml/dataset=citeseer/feature=raw/mechanism=mbm/x_eps=2/m=best/norm=false/smoother=hoa/backbone=sage/use_nfr=true/logs/grid_candidate_0318_attempt_1.log,
grid_candidate_0325,grid,grid_candidate_0325,completed,1,0,11.788433,/home/hzw/Rethinking_GNN_DP/paper_experiments/figure3/figure3_pipeline3.yaml/dataset=citeseer/feature=raw/mechanism=mbm/x_eps=2/m=best/norm=false/smoother=hoa/backbone=sage/use_nfr=true/logs/grid_candidate_0325_attempt_1.log,
grid_candidate_0322,grid,grid_candidate_0322,completed,1,0,16.318054,/home/hzw/Rethinking_GNN_DP/paper_experiments/figure3/figure3_pipeline3.yaml/dataset=citeseer/feature=raw/mechanism=mbm/x_eps=2/m=best/norm=false/smoother=hoa/backbone=sage/use_nfr=true/logs/grid_candidate_0322_attempt_1.log,
grid_candidate_0311,grid,grid_candidate_0311,completed,1,0,18.858773,/home/hzw/Rethinking_GNN_DP/paper_experiments/figure3/figure3_pipeline3.yaml/dataset=citeseer/feature=raw/mechanism=mbm/x_eps=2/m=best/norm=false/smoother=hoa/backbone=sage/use_nfr=true/logs/grid_candidate_0311_attempt_1.log,
grid_candidate_0320,grid,grid_candidate_0320,completed,1,0,17.513749,/home/hzw/Rethinking_GNN_DP/paper_experiments/figure3/figure3_pipeline3.yaml/dataset=citeseer/feature=raw/mechanism=mbm/x_eps=2/m=best/norm=false/smoother=hoa/backbone=sage/use_nfr=true/logs/grid_candidate_0320_attempt_1.log,
grid_candidate_0329,grid,grid_candidate_0329,completed,1,0,11.420653,/home/hzw/Rethinking_GNN_DP/paper_experiments/figure3/figure3_pipeline3.yaml/dataset=citeseer/feature=raw/mechanism=mbm/x_eps=2/m=best/norm=false/smoother=hoa/backbone=sage/use_nfr=true/logs/grid_candidate_0329_attempt_1.log,
grid_candidate_0324,grid,grid_candidate_0324,completed,1,0,14.684892,/home/hzw/Rethinking_GNN_DP/paper_experiments/figure3/figure3_pipeline3.yaml/dataset=citeseer/feature=raw/mechanism=mbm/x_eps=2/m=best/norm=false/smoother=hoa/backbone=sage/use_nfr=true/logs/grid_candidate_0324_attempt_1.log,
grid_candidate_0326,grid,grid_candidate_0326,completed,1,0,13.357494,/home/hzw/Rethinking_GNN_DP/paper_experiments/figure3/figure3_pipeline3.yaml/dataset=citeseer/feature=raw/mechanism=mbm/x_eps=2/m=best/norm=false/smoother=hoa/backbone=sage/use_nfr=true/logs/grid_candidate_0326_attempt_1.log,
grid_candidate_0321,grid,grid_candidate_0321,completed,1,0,18.404848,/home/hzw/Rethinking_GNN_DP/paper_experiments/figure3/figure3_pipeline3.yaml/dataset=citeseer/feature=raw/mechanism=mbm/x_eps=2/m=best/norm=false/smoother=hoa/backbone=sage/use_nfr=true/logs/grid_candidate_0321_attempt_1.log,
grid_candidate_0330,grid,grid_candidate_0330,completed,1,0,12.874455,/home/hzw/Rethinking_GNN_DP/paper_experiments/figure3/figure3_pipeline3.yaml/dataset=citeseer/feature=raw/mechanism=mbm/x_eps=2/m=best/norm=false/smoother=hoa/backbone=sage/use_nfr=true/logs/grid_candidate_0330_attempt_1.log,
grid_candidate_0332,grid,grid_candidate_0332,completed,1,0,12.179425,/home/hzw/Rethinking_GNN_DP/paper_experiments/figure3/figure3_pipeline3.yaml/dataset=citeseer/feature=raw/mechanism=mbm/x_eps=2/m=best/norm=false/smoother=hoa/backbone=sage/use_nfr=true/logs/grid_candidate_0332_attempt_1.log,
grid_candidate_0328,grid,grid_candidate_0328,completed,1,0,13.665236,/home/hzw/Rethinking_GNN_DP/paper_experiments/figure3/figure3_pipeline3.yaml/dataset=citeseer/feature=raw/mechanism=mbm/x_eps=2/m=best/norm=false/smoother=hoa/backbone=sage/use_nfr=true/logs/grid_candidate_0328_attempt_1.log,
grid_candidate_0331,grid,grid_candidate_0331,completed,1,0,13.187919,/home/hzw/Rethinking_GNN_DP/paper_experiments/figure3/figure3_pipeline3.yaml/dataset=citeseer/feature=raw/mechanism=mbm/x_eps=2/m=best/norm=false/smoother=hoa/backbone=sage/use_nfr=true/logs/grid_candidate_0331_attempt_1.log,
grid_candidate_0327,grid,grid_candidate_0327,completed,1,0,14.999387,/home/hzw/Rethinking_GNN_DP/paper_experiments/figure3/figure3_pipeline3.yaml/dataset=citeseer/feature=raw/mechanism=mbm/x_eps=2/m=best/norm=false/smoother=hoa/backbone=sage/use_nfr=true/logs/grid_candidate_0327_attempt_1.log,
grid_candidate_0335,grid,grid_candidate_0335,completed,1,0,13.858049,/home/hzw/Rethinking_GNN_DP/paper_experiments/figure3/figure3_pipeline3.yaml/dataset=citeseer/feature=raw/mechanism=mbm/x_eps=2/m=best/norm=false/smoother=hoa/backbone=sage/use_nfr=true/logs/grid_candidate_0335_attempt_1.log,
grid_candidate_0340,grid,grid_candidate_0340,completed,1,0,13.825413,/home/hzw/Rethinking_GNN_DP/paper_experiments/figure3/figure3_pipeline3.yaml/dataset=citeseer/feature=raw/mechanism=mbm/x_eps=2/m=best/norm=false/smoother=hoa/backbone=sage/use_nfr=true/logs/grid_candidate_0340_attempt_1.log,
grid_candidate_0333,grid,grid_candidate_0333,completed,1,0,15.839928,/home/hzw/Rethinking_GNN_DP/paper_experiments/figure3/figure3_pipeline3.yaml/dataset=citeseer/feature=raw/mechanism=mbm/x_eps=2/m=best/norm=false/smoother=hoa/backbone=sage/use_nfr=true/logs/grid_candidate_0333_attempt_1.log,
grid_candidate_0334,grid,grid_candidate_0334,completed,1,0,16.019236,/home/hzw/Rethinking_GNN_DP/paper_experiments/figure3/figure3_pipeline3.yaml/dataset=citeseer/feature=raw/mechanism=mbm/x_eps=2/m=best/norm=false/smoother=hoa/backbone=sage/use_nfr=true/logs/grid_candidate_0334_attempt_1.log,
grid_candidate_0343,grid,grid_candidate_0343,completed,1,0,14.688249,/home/hzw/Rethinking_GNN_DP/paper_experiments/figure3/figure3_pipeline3.yaml/dataset=citeseer/feature=raw/mechanism=mbm/x_eps=2/m=best/norm=false/smoother=hoa/backbone=sage/use_nfr=true/logs/grid_candidate_0343_attempt_1.log,
grid_candidate_0347,grid,grid_candidate_0347,completed,1,0,13.222328,/home/hzw/Rethinking_GNN_DP/paper_experiments/figure3/figure3_pipeline3.yaml/dataset=citeseer/feature=raw/mechanism=mbm/x_eps=2/m=best/norm=false/smoother=hoa/backbone=sage/use_nfr=true/logs/grid_candidate_0347_attempt_1.log,
grid_candidate_0342,grid,grid_candidate_0342,completed,1,0,15.316971,/home/hzw/Rethinking_GNN_DP/paper_experiments/figure3/figure3_pipeline3.yaml/dataset=citeseer/feature=raw/mechanism=mbm/x_eps=2/m=best/norm=false/smoother=hoa/backbone=sage/use_nfr=true/logs/grid_candidate_0342_attempt_1.log,
grid_candidate_0346,grid,grid_candidate_0346,completed,1,0,13.739541,/home/hzw/Rethinking_GNN_DP/paper_experiments/figure3/figure3_pipeline3.yaml/dataset=citeseer/feature=raw/mechanism=mbm/x_eps=2/m=best/norm=false/smoother=hoa/backbone=sage/use_nfr=true/logs/grid_candidate_0346_attempt_1.log,
grid_candidate_0341,grid,grid_candidate_0341,completed,1,0,15.684737,/home/hzw/Rethinking_GNN_DP/paper_experiments/figure3/figure3_pipeline3.yaml/dataset=citeseer/feature=raw/mechanism=mbm/x_eps=2/m=best/norm=false/smoother=hoa/backbone=sage/use_nfr=true/logs/grid_candidate_0341_attempt_1.log,
grid_candidate_0336,grid,grid_candidate_0336,completed,1,0,16.840224,/home/hzw/Rethinking_GNN_DP/paper_experiments/figure3/figure3_pipeline3.yaml/dataset=citeseer/feature=raw/mechanism=mbm/x_eps=2/m=best/norm=false/smoother=hoa/backbone=sage/use_nfr=true/logs/grid_candidate_0336_attempt_1.log,
grid_candidate_0339,grid,grid_candidate_0339,completed,1,0,17.220243,/home/hzw/Rethinking_GNN_DP/paper_experiments/figure3/figure3_pipeline3.yaml/dataset=citeseer/feature=raw/mechanism=mbm/x_eps=2/m=best/norm=false/smoother=hoa/backbone=sage/use_nfr=true/logs/grid_candidate_0339_attempt_1.log,
grid_candidate_0348,grid,grid_candidate_0348,completed,1,0,13.317474,/home/hzw/Rethinking_GNN_DP/paper_experiments/figure3/figure3_pipeline3.yaml/dataset=citeseer/feature=raw/mechanism=mbm/x_eps=2/m=best/norm=false/smoother=hoa/backbone=sage/use_nfr=true/logs/grid_candidate_0348_attempt_1.log,
grid_candidate_0337,grid,grid_candidate_0337,completed,1,0,18.104589,/home/hzw/Rethinking_GNN_DP/paper_experiments/figure3/figure3_pipeline3.yaml/dataset=citeseer/feature=raw/mechanism=mbm/x_eps=2/m=best/norm=false/smoother=hoa/backbone=sage/use_nfr=true/logs/grid_candidate_0337_attempt_1.log,
grid_candidate_0338,grid,grid_candidate_0338,completed,1,0,18.188453,/home/hzw/Rethinking_GNN_DP/paper_experiments/figure3/figure3_pipeline3.yaml/dataset=citeseer/feature=raw/mechanism=mbm/x_eps=2/m=best/norm=false/smoother=hoa/backbone=sage/use_nfr=true/logs/grid_candidate_0338_attempt_1.log,
grid_candidate_0345,grid,grid_candidate_0345,completed,1,0,17.367405,/home/hzw/Rethinking_GNN_DP/paper_experiments/figure3/figure3_pipeline3.yaml/dataset=citeseer/feature=raw/mechanism=mbm/x_eps=2/m=best/norm=false/smoother=hoa/backbone=sage/use_nfr=true/logs/grid_candidate_0345_attempt_1.log,
grid_candidate_0344,grid,grid_candidate_0344,completed,1,0,17.709794,/home/hzw/Rethinking_GNN_DP/paper_experiments/figure3/figure3_pipeline3.yaml/dataset=citeseer/feature=raw/mechanism=mbm/x_eps=2/m=best/norm=false/smoother=hoa/backbone=sage/use_nfr=true/logs/grid_candidate_0344_attempt_1.log,
grid_candidate_0350,grid,grid_candidate_0350,completed,1,0,13.968883,/home/hzw/Rethinking_GNN_DP/paper_experiments/figure3/figure3_pipeline3.yaml/dataset=citeseer/feature=raw/mechanism=mbm/x_eps=2/m=best/norm=false/smoother=hoa/backbone=sage/use_nfr=true/logs/grid_candidate_0350_attempt_1.log,
grid_candidate_0351,grid,grid_candidate_0351,completed,1,0,13.921445,/home/hzw/Rethinking_GNN_DP/paper_experiments/figure3/figure3_pipeline3.yaml/dataset=citeseer/feature=raw/mechanism=mbm/x_eps=2/m=best/norm=false/smoother=hoa/backbone=sage/use_nfr=true/logs/grid_candidate_0351_attempt_1.log,
grid_candidate_0353,grid,grid_candidate_0353,completed,1,0,13.790232,/home/hzw/Rethinking_GNN_DP/paper_experiments/figure3/figure3_pipeline3.yaml/dataset=citeseer/feature=raw/mechanism=mbm/x_eps=2/m=best/norm=false/smoother=hoa/backbone=sage/use_nfr=true/logs/grid_candidate_0353_attempt_1.log,
grid_candidate_0349,grid,grid_candidate_0349,completed,1,0,15.956683,/home/hzw/Rethinking_GNN_DP/paper_experiments/figure3/figure3_pipeline3.yaml/dataset=citeseer/feature=raw/mechanism=mbm/x_eps=2/m=best/norm=false/smoother=hoa/backbone=sage/use_nfr=true/logs/grid_candidate_0349_attempt_1.log,
grid_candidate_0354,grid,grid_candidate_0354,completed,1,0,15.370338,/home/hzw/Rethinking_GNN_DP/paper_experiments/figure3/figure3_pipeline3.yaml/dataset=citeseer/feature=raw/mechanism=mbm/x_eps=2/m=best/norm=false/smoother=hoa/backbone=sage/use_nfr=true/logs/grid_candidate_0354_attempt_1.log,
grid_candidate_0355,grid,grid_candidate_0355,completed,1,0,15.080274,/home/hzw/Rethinking_GNN_DP/paper_experiments/figure3/figure3_pipeline3.yaml/dataset=citeseer/feature=raw/mechanism=mbm/x_eps=2/m=best/norm=false/smoother=hoa/backbone=sage/use_nfr=true/logs/grid_candidate_0355_attempt_1.log,
grid_candidate_0352,grid,grid_candidate_0352,completed,1,0,16.809317,/home/hzw/Rethinking_GNN_DP/paper_experiments/figure3/figure3_pipeline3.yaml/dataset=citeseer/feature=raw/mechanism=mbm/x_eps=2/m=best/norm=false/smoother=hoa/backbone=sage/use_nfr=true/logs/grid_candidate_0352_attempt_1.log,
grid_candidate_0360,grid,grid_candidate_0360,completed,1,0,13.130820,/home/hzw/Rethinking_GNN_DP/paper_experiments/figure3/figure3_pipeline3.yaml/dataset=citeseer/feature=raw/mechanism=mbm/x_eps=2/m=best/norm=false/smoother=hoa/backbone=sage/use_nfr=true/logs/grid_candidate_0360_attempt_1.log,
grid_candidate_0362,grid,grid_candidate_0362,completed,1,0,12.849828,/home/hzw/Rethinking_GNN_DP/paper_experiments/figure3/figure3_pipeline3.yaml/dataset=citeseer/feature=raw/mechanism=mbm/x_eps=2/m=best/norm=false/smoother=hoa/backbone=sage/use_nfr=true/logs/grid_candidate_0362_attempt_1.log,
grid_candidate_0364,grid,grid_candidate_0364,completed,1,0,12.075841,/home/hzw/Rethinking_GNN_DP/paper_experiments/figure3/figure3_pipeline3.yaml/dataset=citeseer/feature=raw/mechanism=mbm/x_eps=2/m=best/norm=false/smoother=hoa/backbone=sage/use_nfr=true/logs/grid_candidate_0364_attempt_1.log,
grid_candidate_0356,grid,grid_candidate_0356,completed,1,0,15.845230,/home/hzw/Rethinking_GNN_DP/paper_experiments/figure3/figure3_pipeline3.yaml/dataset=citeseer/feature=raw/mechanism=mbm/x_eps=2/m=best/norm=false/smoother=hoa/backbone=sage/use_nfr=true/logs/grid_candidate_0356_attempt_1.log,
grid_candidate_0365,grid,grid_candidate_0365,completed,1,0,12.197065,/home/hzw/Rethinking_GNN_DP/paper_experiments/figure3/figure3_pipeline3.yaml/dataset=citeseer/feature=raw/mechanism=mbm/x_eps=2/m=best/norm=false/smoother=hoa/backbone=sage/use_nfr=true/logs/grid_candidate_0365_attempt_1.log,
grid_candidate_0367,grid,grid_candidate_0367,completed,1,0,11.900364,/home/hzw/Rethinking_GNN_DP/paper_experiments/figure3/figure3_pipeline3.yaml/dataset=citeseer/feature=raw/mechanism=mbm/x_eps=2/m=best/norm=false/smoother=hoa/backbone=sage/use_nfr=true/logs/grid_candidate_0367_attempt_1.log,
grid_candidate_0359,grid,grid_candidate_0359,completed,1,0,14.490722,/home/hzw/Rethinking_GNN_DP/paper_experiments/figure3/figure3_pipeline3.yaml/dataset=citeseer/feature=raw/mechanism=mbm/x_eps=2/m=best/norm=false/smoother=hoa/backbone=sage/use_nfr=true/logs/grid_candidate_0359_attempt_1.log,
grid_candidate_0363,grid,grid_candidate_0363,completed,1,0,13.653117,/home/hzw/Rethinking_GNN_DP/paper_experiments/figure3/figure3_pipeline3.yaml/dataset=citeseer/feature=raw/mechanism=mbm/x_eps=2/m=best/norm=false/smoother=hoa/backbone=sage/use_nfr=true/logs/grid_candidate_0363_attempt_1.log,
grid_candidate_0361,grid,grid_candidate_0361,completed,1,0,14.802551,/home/hzw/Rethinking_GNN_DP/paper_experiments/figure3/figure3_pipeline3.yaml/dataset=citeseer/feature=raw/mechanism=mbm/x_eps=2/m=best/norm=false/smoother=hoa/backbone=sage/use_nfr=true/logs/grid_candidate_0361_attempt_1.log,
grid_candidate_0366,grid,grid_candidate_0366,completed,1,0,13.360742,/home/hzw/Rethinking_GNN_DP/paper_experiments/figure3/figure3_pipeline3.yaml/dataset=citeseer/feature=raw/mechanism=mbm/x_eps=2/m=best/norm=false/smoother=hoa/backbone=sage/use_nfr=true/logs/grid_candidate_0366_attempt_1.log,
grid_candidate_0368,grid,grid_candidate_0368,completed,1,0,12.666817,/home/hzw/Rethinking_GNN_DP/paper_experiments/figure3/figure3_pipeline3.yaml/dataset=citeseer/feature=raw/mechanism=mbm/x_eps=2/m=best/norm=false/smoother=hoa/backbone=sage/use_nfr=true/logs/grid_candidate_0368_attempt_1.log,
grid_candidate_0358,grid,grid_candidate_0358,completed,1,0,17.509719,/home/hzw/Rethinking_GNN_DP/paper_experiments/figure3/figure3_pipeline3.yaml/dataset=citeseer/feature=raw/mechanism=mbm/x_eps=2/m=best/norm=false/smoother=hoa/backbone=sage/use_nfr=true/logs/grid_candidate_0358_attempt_1.log,
grid_candidate_0357,grid,grid_candidate_0357,completed,1,0,18.622519,/home/hzw/Rethinking_GNN_DP/paper_experiments/figure3/figure3_pipeline3.yaml/dataset=citeseer/feature=raw/mechanism=mbm/x_eps=2/m=best/norm=false/smoother=hoa/backbone=sage/use_nfr=true/logs/grid_candidate_0357_attempt_1.log,
grid_candidate_0370,grid,grid_candidate_0370,completed,1,0,13.105004,/home/hzw/Rethinking_GNN_DP/paper_experiments/figure3/figure3_pipeline3.yaml/dataset=citeseer/feature=raw/mechanism=mbm/x_eps=2/m=best/norm=false/smoother=hoa/backbone=sage/use_nfr=true/logs/grid_candidate_0370_attempt_1.log,
grid_candidate_0373,grid,grid_candidate_0373,completed,1,0,12.565147,/home/hzw/Rethinking_GNN_DP/paper_experiments/figure3/figure3_pipeline3.yaml/dataset=citeseer/feature=raw/mechanism=mbm/x_eps=2/m=best/norm=false/smoother=hoa/backbone=sage/use_nfr=true/logs/grid_candidate_0373_attempt_1.log,
grid_candidate_0371,grid,grid_candidate_0371,completed,1,0,14.250186,/home/hzw/Rethinking_GNN_DP/paper_experiments/figure3/figure3_pipeline3.yaml/dataset=citeseer/feature=raw/mechanism=mbm/x_eps=2/m=best/norm=false/smoother=hoa/backbone=sage/use_nfr=true/logs/grid_candidate_0371_attempt_1.log,
grid_candidate_0369,grid,grid_candidate_0369,completed,1,0,16.091448,/home/hzw/Rethinking_GNN_DP/paper_experiments/figure3/figure3_pipeline3.yaml/dataset=citeseer/feature=raw/mechanism=mbm/x_eps=2/m=best/norm=false/smoother=hoa/backbone=sage/use_nfr=true/logs/grid_candidate_0369_attempt_1.log,
grid_candidate_0376,grid,grid_candidate_0376,completed,1,0,13.597742,/home/hzw/Rethinking_GNN_DP/paper_experiments/figure3/figure3_pipeline3.yaml/dataset=citeseer/feature=raw/mechanism=mbm/x_eps=2/m=best/norm=false/smoother=hoa/backbone=sage/use_nfr=true/logs/grid_candidate_0376_attempt_1.log,
grid_candidate_0375,grid,grid_candidate_0375,completed,1,0,13.847990,/home/hzw/Rethinking_GNN_DP/paper_experiments/figure3/figure3_pipeline3.yaml/dataset=citeseer/feature=raw/mechanism=mbm/x_eps=2/m=best/norm=false/smoother=hoa/backbone=sage/use_nfr=true/logs/grid_candidate_0375_attempt_1.log,
grid_candidate_0378,grid,grid_candidate_0378,completed,1,0,13.254580,/home/hzw/Rethinking_GNN_DP/paper_experiments/figure3/figure3_pipeline3.yaml/dataset=citeseer/feature=raw/mechanism=mbm/x_eps=2/m=best/norm=false/smoother=hoa/backbone=sage/use_nfr=true/logs/grid_candidate_0378_attempt_1.log,
grid_candidate_0374,grid,grid_candidate_0374,completed,1,0,14.311898,/home/hzw/Rethinking_GNN_DP/paper_experiments/figure3/figure3_pipeline3.yaml/dataset=citeseer/feature=raw/mechanism=mbm/x_eps=2/m=best/norm=false/smoother=hoa/backbone=sage/use_nfr=true/logs/grid_candidate_0374_attempt_1.log,
grid_candidate_0377,grid,grid_candidate_0377,completed,1,0,14.769236,/home/hzw/Rethinking_GNN_DP/paper_experiments/figure3/figure3_pipeline3.yaml/dataset=citeseer/feature=raw/mechanism=mbm/x_eps=2/m=best/norm=false/smoother=hoa/backbone=sage/use_nfr=true/logs/grid_candidate_0377_attempt_1.log,
grid_candidate_0385,grid,grid_candidate_0385,completed,1,0,12.188244,/home/hzw/Rethinking_GNN_DP/paper_experiments/figure3/figure3_pipeline3.yaml/dataset=citeseer/feature=raw/mechanism=mbm/x_eps=2/m=best/norm=false/smoother=hoa/backbone=sage/use_nfr=true/logs/grid_candidate_0385_attempt_1.log,
grid_candidate_0380,grid,grid_candidate_0380,completed,1,0,13.551844,/home/hzw/Rethinking_GNN_DP/paper_experiments/figure3/figure3_pipeline3.yaml/dataset=citeseer/feature=raw/mechanism=mbm/x_eps=2/m=best/norm=false/smoother=hoa/backbone=sage/use_nfr=true/logs/grid_candidate_0380_attempt_1.log,
grid_candidate_0379,grid,grid_candidate_0379,completed,1,0,14.348636,/home/hzw/Rethinking_GNN_DP/paper_experiments/figure3/figure3_pipeline3.yaml/dataset=citeseer/feature=raw/mechanism=mbm/x_eps=2/m=best/norm=false/smoother=hoa/backbone=sage/use_nfr=true/logs/grid_candidate_0379_attempt_1.log,
grid_candidate_0372,grid,grid_candidate_0372,completed,1,0,16.749932,/home/hzw/Rethinking_GNN_DP/paper_experiments/figure3/figure3_pipeline3.yaml/dataset=citeseer/feature=raw/mechanism=mbm/x_eps=2/m=best/norm=false/smoother=hoa/backbone=sage/use_nfr=true/logs/grid_candidate_0372_attempt_1.log,
grid_candidate_0384,grid,grid_candidate_0384,completed,1,0,13.567078,/home/hzw/Rethinking_GNN_DP/paper_experiments/figure3/figure3_pipeline3.yaml/dataset=citeseer/feature=raw/mechanism=mbm/x_eps=2/m=best/norm=false/smoother=hoa/backbone=sage/use_nfr=true/logs/grid_candidate_0384_attempt_1.log,
grid_candidate_0387,grid,grid_candidate_0387,completed,1,0,12.376030,/home/hzw/Rethinking_GNN_DP/paper_experiments/figure3/figure3_pipeline3.yaml/dataset=citeseer/feature=raw/mechanism=mbm/x_eps=2/m=best/norm=false/smoother=hoa/backbone=sage/use_nfr=true/logs/grid_candidate_0387_attempt_1.log,
grid_candidate_0381,grid,grid_candidate_0381,completed,1,0,14.394933,/home/hzw/Rethinking_GNN_DP/paper_experiments/figure3/figure3_pipeline3.yaml/dataset=citeseer/feature=raw/mechanism=mbm/x_eps=2/m=best/norm=false/smoother=hoa/backbone=sage/use_nfr=true/logs/grid_candidate_0381_attempt_1.log,
grid_candidate_0386,grid,grid_candidate_0386,completed,1,0,13.408149,/home/hzw/Rethinking_GNN_DP/paper_experiments/figure3/figure3_pipeline3.yaml/dataset=citeseer/feature=raw/mechanism=mbm/x_eps=2/m=best/norm=false/smoother=hoa/backbone=sage/use_nfr=true/logs/grid_candidate_0386_attempt_1.log,
grid_candidate_0383,grid,grid_candidate_0383,completed,1,0,14.411857,/home/hzw/Rethinking_GNN_DP/paper_experiments/figure3/figure3_pipeline3.yaml/dataset=citeseer/feature=raw/mechanism=mbm/x_eps=2/m=best/norm=false/smoother=hoa/backbone=sage/use_nfr=true/logs/grid_candidate_0383_attempt_1.log,
grid_candidate_0382,grid,grid_candidate_0382,completed,1,0,15.020375,/home/hzw/Rethinking_GNN_DP/paper_experiments/figure3/figure3_pipeline3.yaml/dataset=citeseer/feature=raw/mechanism=mbm/x_eps=2/m=best/norm=false/smoother=hoa/backbone=sage/use_nfr=true/logs/grid_candidate_0382_attempt_1.log,
grid_candidate_0388,grid,grid_candidate_0388,completed,1,0,13.803228,/home/hzw/Rethinking_GNN_DP/paper_experiments/figure3/figure3_pipeline3.yaml/dataset=citeseer/feature=raw/mechanism=mbm/x_eps=2/m=best/norm=false/smoother=hoa/backbone=sage/use_nfr=true/logs/grid_candidate_0388_attempt_1.log,
grid_candidate_0389,grid,grid_candidate_0389,completed,1,0,12.929487,/home/hzw/Rethinking_GNN_DP/paper_experiments/figure3/figure3_pipeline3.yaml/dataset=citeseer/feature=raw/mechanism=mbm/x_eps=2/m=best/norm=false/smoother=hoa/backbone=sage/use_nfr=true/logs/grid_candidate_0389_attempt_1.log,
grid_candidate_0394,grid,grid_candidate_0394,completed,1,0,12.538669,/home/hzw/Rethinking_GNN_DP/paper_experiments/figure3/figure3_pipeline3.yaml/dataset=citeseer/feature=raw/mechanism=mbm/x_eps=2/m=best/norm=false/smoother=hoa/backbone=sage/use_nfr=true/logs/grid_candidate_0394_attempt_1.log,
grid_candidate_0391,grid,grid_candidate_0391,completed,1,0,13.647501,/home/hzw/Rethinking_GNN_DP/paper_experiments/figure3/figure3_pipeline3.yaml/dataset=citeseer/feature=raw/mechanism=mbm/x_eps=2/m=best/norm=false/smoother=hoa/backbone=sage/use_nfr=true/logs/grid_candidate_0391_attempt_1.log,
grid_candidate_0390,grid,grid_candidate_0390,completed,1,0,15.573802,/home/hzw/Rethinking_GNN_DP/paper_experiments/figure3/figure3_pipeline3.yaml/dataset=citeseer/feature=raw/mechanism=mbm/x_eps=2/m=best/norm=false/smoother=hoa/backbone=sage/use_nfr=true/logs/grid_candidate_0390_attempt_1.log,
grid_candidate_0393,grid,grid_candidate_0393,completed,1,0,15.098014,/home/hzw/Rethinking_GNN_DP/paper_experiments/figure3/figure3_pipeline3.yaml/dataset=citeseer/feature=raw/mechanism=mbm/x_eps=2/m=best/norm=false/smoother=hoa/backbone=sage/use_nfr=true/logs/grid_candidate_0393_attempt_1.log,
grid_candidate_0395,grid,grid_candidate_0395,completed,1,0,15.177109,/home/hzw/Rethinking_GNN_DP/paper_experiments/figure3/figure3_pipeline3.yaml/dataset=citeseer/feature=raw/mechanism=mbm/x_eps=2/m=best/norm=false/smoother=hoa/backbone=sage/use_nfr=true/logs/grid_candidate_0395_attempt_1.log,
grid_candidate_0392,grid,grid_candidate_0392,completed,1,0,16.197315,/home/hzw/Rethinking_GNN_DP/paper_experiments/figure3/figure3_pipeline3.yaml/dataset=citeseer/feature=raw/mechanism=mbm/x_eps=2/m=best/norm=false/smoother=hoa/backbone=sage/use_nfr=true/logs/grid_candidate_0392_attempt_1.log,
grid_candidate_0396,grid,grid_candidate_0396,completed,1,0,15.691731,/home/hzw/Rethinking_GNN_DP/paper_experiments/figure3/figure3_pipeline3.yaml/dataset=citeseer/feature=raw/mechanism=mbm/x_eps=2/m=best/norm=false/smoother=hoa/backbone=sage/use_nfr=true/logs/grid_candidate_0396_attempt_1.log,
grid_candidate_0397,grid,grid_candidate_0397,completed,1,0,15.591298,/home/hzw/Rethinking_GNN_DP/paper_experiments/figure3/figure3_pipeline3.yaml/dataset=citeseer/feature=raw/mechanism=mbm/x_eps=2/m=best/norm=false/smoother=hoa/backbone=sage/use_nfr=true/logs/grid_candidate_0397_attempt_1.log,
grid_candidate_0405,grid,grid_candidate_0405,completed,1,0,12.449958,/home/hzw/Rethinking_GNN_DP/paper_experiments/figure3/figure3_pipeline3.yaml/dataset=citeseer/feature=raw/mechanism=mbm/x_eps=2/m=best/norm=false/smoother=hoa/backbone=sage/use_nfr=true/logs/grid_candidate_0405_attempt_1.log,
grid_candidate_0406,grid,grid_candidate_0406,completed,1,0,11.953944,/home/hzw/Rethinking_GNN_DP/paper_experiments/figure3/figure3_pipeline3.yaml/dataset=citeseer/feature=raw/mechanism=mbm/x_eps=2/m=best/norm=false/smoother=hoa/backbone=sage/use_nfr=true/logs/grid_candidate_0406_attempt_1.log,
grid_candidate_0399,grid,grid_candidate_0399,completed,1,0,16.289922,/home/hzw/Rethinking_GNN_DP/paper_experiments/figure3/figure3_pipeline3.yaml/dataset=citeseer/feature=raw/mechanism=mbm/x_eps=2/m=best/norm=false/smoother=hoa/backbone=sage/use_nfr=true/logs/grid_candidate_0399_attempt_1.log,
grid_candidate_0401,grid,grid_candidate_0401,completed,1,0,15.940010,/home/hzw/Rethinking_GNN_DP/paper_experiments/figure3/figure3_pipeline3.yaml/dataset=citeseer/feature=raw/mechanism=mbm/x_eps=2/m=best/norm=false/smoother=hoa/backbone=sage/use_nfr=true/logs/grid_candidate_0401_attempt_1.log,
grid_candidate_0400,grid,grid_candidate_0400,completed,1,0,16.424485,/home/hzw/Rethinking_GNN_DP/paper_experiments/figure3/figure3_pipeline3.yaml/dataset=citeseer/feature=raw/mechanism=mbm/x_eps=2/m=best/norm=false/smoother=hoa/backbone=sage/use_nfr=true/logs/grid_candidate_0400_attempt_1.log,
grid_candidate_0398,grid,grid_candidate_0398,completed,1,0,17.190737,/home/hzw/Rethinking_GNN_DP/paper_experiments/figure3/figure3_pipeline3.yaml/dataset=citeseer/feature=raw/mechanism=mbm/x_eps=2/m=best/norm=false/smoother=hoa/backbone=sage/use_nfr=true/logs/grid_candidate_0398_attempt_1.log,
grid_candidate_0402,grid,grid_candidate_0402,completed,1,0,15.794910,/home/hzw/Rethinking_GNN_DP/paper_experiments/figure3/figure3_pipeline3.yaml/dataset=citeseer/feature=raw/mechanism=mbm/x_eps=2/m=best/norm=false/smoother=hoa/backbone=sage/use_nfr=true/logs/grid_candidate_0402_attempt_1.log,
grid_candidate_0404,grid,grid_candidate_0404,completed,1,0,14.027607,/home/hzw/Rethinking_GNN_DP/paper_experiments/figure3/figure3_pipeline3.yaml/dataset=citeseer/feature=raw/mechanism=mbm/x_eps=2/m=best/norm=false/smoother=hoa/backbone=sage/use_nfr=true/logs/grid_candidate_0404_attempt_1.log,
grid_candidate_0408,grid,grid_candidate_0408,completed,1,0,13.836015,/home/hzw/Rethinking_GNN_DP/paper_experiments/figure3/figure3_pipeline3.yaml/dataset=citeseer/feature=raw/mechanism=mbm/x_eps=2/m=best/norm=false/smoother=hoa/backbone=sage/use_nfr=true/logs/grid_candidate_0408_attempt_1.log,
grid_candidate_0407,grid,grid_candidate_0407,completed,1,0,14.320168,/home/hzw/Rethinking_GNN_DP/paper_experiments/figure3/figure3_pipeline3.yaml/dataset=citeseer/feature=raw/mechanism=mbm/x_eps=2/m=best/norm=false/smoother=hoa/backbone=sage/use_nfr=true/logs/grid_candidate_0407_attempt_1.log,
grid_candidate_0403,grid,grid_candidate_0403,completed,1,0,17.109279,/home/hzw/Rethinking_GNN_DP/paper_experiments/figure3/figure3_pipeline3.yaml/dataset=citeseer/feature=raw/mechanism=mbm/x_eps=2/m=best/norm=false/smoother=hoa/backbone=sage/use_nfr=true/logs/grid_candidate_0403_attempt_1.log,
grid_candidate_0414,grid,grid_candidate_0414,completed,1,0,13.864943,/home/hzw/Rethinking_GNN_DP/paper_experiments/figure3/figure3_pipeline3.yaml/dataset=citeseer/feature=raw/mechanism=mbm/x_eps=2/m=best/norm=false/smoother=hoa/backbone=sage/use_nfr=true/logs/grid_candidate_0414_attempt_1.log,
grid_candidate_0411,grid,grid_candidate_0411,completed,1,0,15.545587,/home/hzw/Rethinking_GNN_DP/paper_experiments/figure3/figure3_pipeline3.yaml/dataset=citeseer/feature=raw/mechanism=mbm/x_eps=2/m=best/norm=false/smoother=hoa/backbone=sage/use_nfr=true/logs/grid_candidate_0411_attempt_1.log,
grid_candidate_0410,grid,grid_candidate_0410,completed,1,0,15.834110,/home/hzw/Rethinking_GNN_DP/paper_experiments/figure3/figure3_pipeline3.yaml/dataset=citeseer/feature=raw/mechanism=mbm/x_eps=2/m=best/norm=false/smoother=hoa/backbone=sage/use_nfr=true/logs/grid_candidate_0410_attempt_1.log,
grid_candidate_0413,grid,grid_candidate_0413,completed,1,0,14.646774,/home/hzw/Rethinking_GNN_DP/paper_experiments/figure3/figure3_pipeline3.yaml/dataset=citeseer/feature=raw/mechanism=mbm/x_eps=2/m=best/norm=false/smoother=hoa/backbone=sage/use_nfr=true/logs/grid_candidate_0413_attempt_1.log,
grid_candidate_0412,grid,grid_candidate_0412,completed,1,0,17.093024,/home/hzw/Rethinking_GNN_DP/paper_experiments/figure3/figure3_pipeline3.yaml/dataset=citeseer/feature=raw/mechanism=mbm/x_eps=2/m=best/norm=false/smoother=hoa/backbone=sage/use_nfr=true/logs/grid_candidate_0412_attempt_1.log,
grid_candidate_0409,grid,grid_candidate_0409,completed,1,0,17.871279,/home/hzw/Rethinking_GNN_DP/paper_experiments/figure3/figure3_pipeline3.yaml/dataset=citeseer/feature=raw/mechanism=mbm/x_eps=2/m=best/norm=false/smoother=hoa/backbone=sage/use_nfr=true/logs/grid_candidate_0409_attempt_1.log,
grid_candidate_0421,grid,grid_candidate_0421,completed,1,0,15.034606,/home/hzw/Rethinking_GNN_DP/paper_experiments/figure3/figure3_pipeline3.yaml/dataset=citeseer/feature=raw/mechanism=mbm/x_eps=2/m=best/norm=false/smoother=hoa/backbone=sage/use_nfr=true/logs/grid_candidate_0421_attempt_1.log,
grid_candidate_0424,grid,grid_candidate_0424,completed,1,0,13.302725,/home/hzw/Rethinking_GNN_DP/paper_experiments/figure3/figure3_pipeline3.yaml/dataset=citeseer/feature=raw/mechanism=mbm/x_eps=2/m=best/norm=false/smoother=hoa/backbone=sage/use_nfr=true/logs/grid_candidate_0424_attempt_1.log,
grid_candidate_0425,grid,grid_candidate_0425,completed,1,0,13.008144,/home/hzw/Rethinking_GNN_DP/paper_experiments/figure3/figure3_pipeline3.yaml/dataset=citeseer/feature=raw/mechanism=mbm/x_eps=2/m=best/norm=false/smoother=hoa/backbone=sage/use_nfr=true/logs/grid_candidate_0425_attempt_1.log,
grid_candidate_0427,grid,grid_candidate_0427,completed,1,0,12.226995,/home/hzw/Rethinking_GNN_DP/paper_experiments/figure3/figure3_pipeline3.yaml/dataset=citeseer/feature=raw/mechanism=mbm/x_eps=2/m=best/norm=false/smoother=hoa/backbone=sage/use_nfr=true/logs/grid_candidate_0427_attempt_1.log,
grid_candidate_0415,grid,grid_candidate_0415,completed,1,0,16.948016,/home/hzw/Rethinking_GNN_DP/paper_experiments/figure3/figure3_pipeline3.yaml/dataset=citeseer/feature=raw/mechanism=mbm/x_eps=2/m=best/norm=false/smoother=hoa/backbone=sage/use_nfr=true/logs/grid_candidate_0415_attempt_1.log,
grid_candidate_0426,grid,grid_candidate_0426,completed,1,0,12.907868,/home/hzw/Rethinking_GNN_DP/paper_experiments/figure3/figure3_pipeline3.yaml/dataset=citeseer/feature=raw/mechanism=mbm/x_eps=2/m=best/norm=false/smoother=hoa/backbone=sage/use_nfr=true/logs/grid_candidate_0426_attempt_1.log,
grid_candidate_0419,grid,grid_candidate_0419,completed,1,0,16.254948,/home/hzw/Rethinking_GNN_DP/paper_experiments/figure3/figure3_pipeline3.yaml/dataset=citeseer/feature=raw/mechanism=mbm/x_eps=2/m=best/norm=false/smoother=hoa/backbone=sage/use_nfr=true/logs/grid_candidate_0419_attempt_1.log,
grid_candidate_0417,grid,grid_candidate_0417,completed,1,0,16.716770,/home/hzw/Rethinking_GNN_DP/paper_experiments/figure3/figure3_pipeline3.yaml/dataset=citeseer/feature=raw/mechanism=mbm/x_eps=2/m=best/norm=false/smoother=hoa/backbone=sage/use_nfr=true/logs/grid_candidate_0417_attempt_1.log,
grid_candidate_0422,grid,grid_candidate_0422,completed,1,0,16.192935,/home/hzw/Rethinking_GNN_DP/paper_experiments/figure3/figure3_pipeline3.yaml/dataset=citeseer/feature=raw/mechanism=mbm/x_eps=2/m=best/norm=false/smoother=hoa/backbone=sage/use_nfr=true/logs/grid_candidate_0422_attempt_1.log,
grid_candidate_0423,grid,grid_candidate_0423,completed,1,0,15.885007,/home/hzw/Rethinking_GNN_DP/paper_experiments/figure3/figure3_pipeline3.yaml/dataset=citeseer/feature=raw/mechanism=mbm/x_eps=2/m=best/norm=false/smoother=hoa/backbone=sage/use_nfr=true/logs/grid_candidate_0423_attempt_1.log,
grid_candidate_0429,grid,grid_candidate_0429,completed,1,0,12.669166,/home/hzw/Rethinking_GNN_DP/paper_experiments/figure3/figure3_pipeline3.yaml/dataset=citeseer/feature=raw/mechanism=mbm/x_eps=2/m=best/norm=false/smoother=hoa/backbone=sage/use_nfr=true/logs/grid_candidate_0429_attempt_1.log,
grid_candidate_0420,grid,grid_candidate_0420,completed,1,0,18.429378,/home/hzw/Rethinking_GNN_DP/paper_experiments/figure3/figure3_pipeline3.yaml/dataset=citeseer/feature=raw/mechanism=mbm/x_eps=2/m=best/norm=false/smoother=hoa/backbone=sage/use_nfr=true/logs/grid_candidate_0420_attempt_1.log,
grid_candidate_0430,grid,grid_candidate_0430,completed,1,0,13.646250,/home/hzw/Rethinking_GNN_DP/paper_experiments/figure3/figure3_pipeline3.yaml/dataset=citeseer/feature=raw/mechanism=mbm/x_eps=2/m=best/norm=false/smoother=hoa/backbone=sage/use_nfr=true/logs/grid_candidate_0430_attempt_1.log,
grid_candidate_0416,grid,grid_candidate_0416,completed,1,0,20.398450,/home/hzw/Rethinking_GNN_DP/paper_experiments/figure3/figure3_pipeline3.yaml/dataset=citeseer/feature=raw/mechanism=mbm/x_eps=2/m=best/norm=false/smoother=hoa/backbone=sage/use_nfr=true/logs/grid_candidate_0416_attempt_1.log,
grid_candidate_0418,grid,grid_candidate_0418,completed,1,0,20.239901,/home/hzw/Rethinking_GNN_DP/paper_experiments/figure3/figure3_pipeline3.yaml/dataset=citeseer/feature=raw/mechanism=mbm/x_eps=2/m=best/norm=false/smoother=hoa/backbone=sage/use_nfr=true/logs/grid_candidate_0418_attempt_1.log,
grid_candidate_0428,grid,grid_candidate_0428,completed,1,0,15.253342,/home/hzw/Rethinking_GNN_DP/paper_experiments/figure3/figure3_pipeline3.yaml/dataset=citeseer/feature=raw/mechanism=mbm/x_eps=2/m=best/norm=false/smoother=hoa/backbone=sage/use_nfr=true/logs/grid_candidate_0428_attempt_1.log,
grid_candidate_0440,grid,grid_candidate_0440,completed,1,0,12.826160,/home/hzw/Rethinking_GNN_DP/paper_experiments/figure3/figure3_pipeline3.yaml/dataset=citeseer/feature=raw/mechanism=mbm/x_eps=2/m=best/norm=false/smoother=hoa/backbone=sage/use_nfr=true/logs/grid_candidate_0440_attempt_1.log,
grid_candidate_0433,grid,grid_candidate_0433,completed,1,0,14.922642,/home/hzw/Rethinking_GNN_DP/paper_experiments/figure3/figure3_pipeline3.yaml/dataset=citeseer/feature=raw/mechanism=mbm/x_eps=2/m=best/norm=false/smoother=hoa/backbone=sage/use_nfr=true/logs/grid_candidate_0433_attempt_1.log,
grid_candidate_0432,grid,grid_candidate_0432,completed,1,0,15.188263,/home/hzw/Rethinking_GNN_DP/paper_experiments/figure3/figure3_pipeline3.yaml/dataset=citeseer/feature=raw/mechanism=mbm/x_eps=2/m=best/norm=false/smoother=hoa/backbone=sage/use_nfr=true/logs/grid_candidate_0432_attempt_1.log,
grid_candidate_0434,grid,grid_candidate_0434,completed,1,0,14.532001,/home/hzw/Rethinking_GNN_DP/paper_experiments/figure3/figure3_pipeline3.yaml/dataset=citeseer/feature=raw/mechanism=mbm/x_eps=2/m=best/norm=false/smoother=hoa/backbone=sage/use_nfr=true/logs/grid_candidate_0434_attempt_1.log,
grid_candidate_0438,grid,grid_candidate_0438,completed,1,0,13.583163,/home/hzw/Rethinking_GNN_DP/paper_experiments/figure3/figure3_pipeline3.yaml/dataset=citeseer/feature=raw/mechanism=mbm/x_eps=2/m=best/norm=false/smoother=hoa/backbone=sage/use_nfr=true/logs/grid_candidate_0438_attempt_1.log,
grid_candidate_0431,grid,grid_candidate_0431,completed,1,0,15.907771,/home/hzw/Rethinking_GNN_DP/paper_experiments/figure3/figure3_pipeline3.yaml/dataset=citeseer/feature=raw/mechanism=mbm/x_eps=2/m=best/norm=false/smoother=hoa/backbone=sage/use_nfr=true/logs/grid_candidate_0431_attempt_1.log,
grid_candidate_0442,grid,grid_candidate_0442,completed,1,0,11.686952,/home/hzw/Rethinking_GNN_DP/paper_experiments/figure3/figure3_pipeline3.yaml/dataset=citeseer/feature=raw/mechanism=mbm/x_eps=2/m=best/norm=false/smoother=hoa/backbone=sage/use_nfr=true/logs/grid_candidate_0442_attempt_1.log,
grid_candidate_0435,grid,grid_candidate_0435,completed,1,0,15.458384,/home/hzw/Rethinking_GNN_DP/paper_experiments/figure3/figure3_pipeline3.yaml/dataset=citeseer/feature=raw/mechanism=mbm/x_eps=2/m=best/norm=false/smoother=hoa/backbone=sage/use_nfr=true/logs/grid_candidate_0435_attempt_1.log,
grid_candidate_0437,grid,grid_candidate_0437,completed,1,0,14.815116,/home/hzw/Rethinking_GNN_DP/paper_experiments/figure3/figure3_pipeline3.yaml/dataset=citeseer/feature=raw/mechanism=mbm/x_eps=2/m=best/norm=false/smoother=hoa/backbone=sage/use_nfr=true/logs/grid_candidate_0437_attempt_1.log,
grid_candidate_0443,grid,grid_candidate_0443,completed,1,0,12.185238,/home/hzw/Rethinking_GNN_DP/paper_experiments/figure3/figure3_pipeline3.yaml/dataset=citeseer/feature=raw/mechanism=mbm/x_eps=2/m=best/norm=false/smoother=hoa/backbone=sage/use_nfr=true/logs/grid_candidate_0443_attempt_1.log,
grid_candidate_0439,grid,grid_candidate_0439,completed,1,0,15.567479,/home/hzw/Rethinking_GNN_DP/paper_experiments/figure3/figure3_pipeline3.yaml/dataset=citeseer/feature=raw/mechanism=mbm/x_eps=2/m=best/norm=false/smoother=hoa/backbone=sage/use_nfr=true/logs/grid_candidate_0439_attempt_1.log,
grid_candidate_0444,grid,grid_candidate_0444,completed,1,0,12.976284,/home/hzw/Rethinking_GNN_DP/paper_experiments/figure3/figure3_pipeline3.yaml/dataset=citeseer/feature=raw/mechanism=mbm/x_eps=2/m=best/norm=false/smoother=hoa/backbone=sage/use_nfr=true/logs/grid_candidate_0444_attempt_1.log,
grid_candidate_0445,grid,grid_candidate_0445,completed,1,0,11.789723,/home/hzw/Rethinking_GNN_DP/paper_experiments/figure3/figure3_pipeline3.yaml/dataset=citeseer/feature=raw/mechanism=mbm/x_eps=2/m=best/norm=false/smoother=hoa/backbone=sage/use_nfr=true/logs/grid_candidate_0445_attempt_1.log,
grid_candidate_0436,grid,grid_candidate_0436,completed,1,0,16.563034,/home/hzw/Rethinking_GNN_DP/paper_experiments/figure3/figure3_pipeline3.yaml/dataset=citeseer/feature=raw/mechanism=mbm/x_eps=2/m=best/norm=false/smoother=hoa/backbone=sage/use_nfr=true/logs/grid_candidate_0436_attempt_1.log,
grid_candidate_0441,grid,grid_candidate_0441,completed,1,0,15.945189,/home/hzw/Rethinking_GNN_DP/paper_experiments/figure3/figure3_pipeline3.yaml/dataset=citeseer/feature=raw/mechanism=mbm/x_eps=2/m=best/norm=false/smoother=hoa/backbone=sage/use_nfr=true/logs/grid_candidate_0441_attempt_1.log,
grid_candidate_0446,grid,grid_candidate_0446,completed,1,0,13.705296,/home/hzw/Rethinking_GNN_DP/paper_experiments/figure3/figure3_pipeline3.yaml/dataset=citeseer/feature=raw/mechanism=mbm/x_eps=2/m=best/norm=false/smoother=hoa/backbone=sage/use_nfr=true/logs/grid_candidate_0446_attempt_1.log,
grid_candidate_0448,grid,grid_candidate_0448,completed,1,0,13.405052,/home/hzw/Rethinking_GNN_DP/paper_experiments/figure3/figure3_pipeline3.yaml/dataset=citeseer/feature=raw/mechanism=mbm/x_eps=2/m=best/norm=false/smoother=hoa/backbone=sage/use_nfr=true/logs/grid_candidate_0448_attempt_1.log,
grid_candidate_0449,grid,grid_candidate_0449,completed,1,0,12.744407,/home/hzw/Rethinking_GNN_DP/paper_experiments/figure3/figure3_pipeline3.yaml/dataset=citeseer/feature=raw/mechanism=mbm/x_eps=2/m=best/norm=false/smoother=hoa/backbone=sage/use_nfr=true/logs/grid_candidate_0449_attempt_1.log,
grid_candidate_0447,grid,grid_candidate_0447,completed,1,0,14.811307,/home/hzw/Rethinking_GNN_DP/paper_experiments/figure3/figure3_pipeline3.yaml/dataset=citeseer/feature=raw/mechanism=mbm/x_eps=2/m=best/norm=false/smoother=hoa/backbone=sage/use_nfr=true/logs/grid_candidate_0447_attempt_1.log,
grid_candidate_0451,grid,grid_candidate_0451,completed,1,0,13.059194,/home/hzw/Rethinking_GNN_DP/paper_experiments/figure3/figure3_pipeline3.yaml/dataset=citeseer/feature=raw/mechanism=mbm/x_eps=2/m=best/norm=false/smoother=hoa/backbone=sage/use_nfr=true/logs/grid_candidate_0451_attempt_1.log,
grid_candidate_0453,grid,grid_candidate_0453,completed,1,0,12.794154,/home/hzw/Rethinking_GNN_DP/paper_experiments/figure3/figure3_pipeline3.yaml/dataset=citeseer/feature=raw/mechanism=mbm/x_eps=2/m=best/norm=false/smoother=hoa/backbone=sage/use_nfr=true/logs/grid_candidate_0453_attempt_1.log,
grid_candidate_0456,grid,grid_candidate_0456,completed,1,0,12.675806,/home/hzw/Rethinking_GNN_DP/paper_experiments/figure3/figure3_pipeline3.yaml/dataset=citeseer/feature=raw/mechanism=mbm/x_eps=2/m=best/norm=false/smoother=hoa/backbone=sage/use_nfr=true/logs/grid_candidate_0456_attempt_1.log,
grid_candidate_0461,grid,grid_candidate_0461,completed,1,0,11.058092,/home/hzw/Rethinking_GNN_DP/paper_experiments/figure3/figure3_pipeline3.yaml/dataset=citeseer/feature=raw/mechanism=mbm/x_eps=2/m=best/norm=false/smoother=hoa/backbone=sage/use_nfr=true/logs/grid_candidate_0461_attempt_1.log,
grid_candidate_0452,grid,grid_candidate_0452,completed,1,0,13.803603,/home/hzw/Rethinking_GNN_DP/paper_experiments/figure3/figure3_pipeline3.yaml/dataset=citeseer/feature=raw/mechanism=mbm/x_eps=2/m=best/norm=false/smoother=hoa/backbone=sage/use_nfr=true/logs/grid_candidate_0452_attempt_1.log,
grid_candidate_0455,grid,grid_candidate_0455,completed,1,0,13.390881,/home/hzw/Rethinking_GNN_DP/paper_experiments/figure3/figure3_pipeline3.yaml/dataset=citeseer/feature=raw/mechanism=mbm/x_eps=2/m=best/norm=false/smoother=hoa/backbone=sage/use_nfr=true/logs/grid_candidate_0455_attempt_1.log,
grid_candidate_0450,grid,grid_candidate_0450,completed,1,0,14.613115,/home/hzw/Rethinking_GNN_DP/paper_experiments/figure3/figure3_pipeline3.yaml/dataset=citeseer/feature=raw/mechanism=mbm/x_eps=2/m=best/norm=false/smoother=hoa/backbone=sage/use_nfr=true/logs/grid_candidate_0450_attempt_1.log,
grid_candidate_0457,grid,grid_candidate_0457,completed,1,0,13.561410,/home/hzw/Rethinking_GNN_DP/paper_experiments/figure3/figure3_pipeline3.yaml/dataset=citeseer/feature=raw/mechanism=mbm/x_eps=2/m=best/norm=false/smoother=hoa/backbone=sage/use_nfr=true/logs/grid_candidate_0457_attempt_1.log,
grid_candidate_0454,grid,grid_candidate_0454,completed,1,0,14.263091,/home/hzw/Rethinking_GNN_DP/paper_experiments/figure3/figure3_pipeline3.yaml/dataset=citeseer/feature=raw/mechanism=mbm/x_eps=2/m=best/norm=false/smoother=hoa/backbone=sage/use_nfr=true/logs/grid_candidate_0454_attempt_1.log,
grid_candidate_0458,grid,grid_candidate_0458,completed,1,0,14.599046,/home/hzw/Rethinking_GNN_DP/paper_experiments/figure3/figure3_pipeline3.yaml/dataset=citeseer/feature=raw/mechanism=mbm/x_eps=2/m=best/norm=false/smoother=hoa/backbone=sage/use_nfr=true/logs/grid_candidate_0458_attempt_1.log,
grid_candidate_0463,grid,grid_candidate_0463,completed,1,0,11.767146,/home/hzw/Rethinking_GNN_DP/paper_experiments/figure3/figure3_pipeline3.yaml/dataset=citeseer/feature=raw/mechanism=mbm/x_eps=2/m=best/norm=false/smoother=hoa/backbone=sage/use_nfr=true/logs/grid_candidate_0463_attempt_1.log,
grid_candidate_0460,grid,grid_candidate_0460,completed,1,0,14.630937,/home/hzw/Rethinking_GNN_DP/paper_experiments/figure3/figure3_pipeline3.yaml/dataset=citeseer/feature=raw/mechanism=mbm/x_eps=2/m=best/norm=false/smoother=hoa/backbone=sage/use_nfr=true/logs/grid_candidate_0460_attempt_1.log,
grid_candidate_0462,grid,grid_candidate_0462,completed,1,0,13.100654,/home/hzw/Rethinking_GNN_DP/paper_experiments/figure3/figure3_pipeline3.yaml/dataset=citeseer/feature=raw/mechanism=mbm/x_eps=2/m=best/norm=false/smoother=hoa/backbone=sage/use_nfr=true/logs/grid_candidate_0462_attempt_1.log,
grid_candidate_0459,grid,grid_candidate_0459,completed,1,0,15.153363,/home/hzw/Rethinking_GNN_DP/paper_experiments/figure3/figure3_pipeline3.yaml/dataset=citeseer/feature=raw/mechanism=mbm/x_eps=2/m=best/norm=false/smoother=hoa/backbone=sage/use_nfr=true/logs/grid_candidate_0459_attempt_1.log,
grid_candidate_0464,grid,grid_candidate_0464,completed,1,0,12.286629,/home/hzw/Rethinking_GNN_DP/paper_experiments/figure3/figure3_pipeline3.yaml/dataset=citeseer/feature=raw/mechanism=mbm/x_eps=2/m=best/norm=false/smoother=hoa/backbone=sage/use_nfr=true/logs/grid_candidate_0464_attempt_1.log,
grid_candidate_0465,grid,grid_candidate_0465,completed,1,0,12.323976,/home/hzw/Rethinking_GNN_DP/paper_experiments/figure3/figure3_pipeline3.yaml/dataset=citeseer/feature=raw/mechanism=mbm/x_eps=2/m=best/norm=false/smoother=hoa/backbone=sage/use_nfr=true/logs/grid_candidate_0465_attempt_1.log,
grid_candidate_0466,grid,grid_candidate_0466,completed,1,0,12.944000,/home/hzw/Rethinking_GNN_DP/paper_experiments/figure3/figure3_pipeline3.yaml/dataset=citeseer/feature=raw/mechanism=mbm/x_eps=2/m=best/norm=false/smoother=hoa/backbone=sage/use_nfr=true/logs/grid_candidate_0466_attempt_1.log,
grid_candidate_0468,grid,grid_candidate_0468,completed,1,0,11.991256,/home/hzw/Rethinking_GNN_DP/paper_experiments/figure3/figure3_pipeline3.yaml/dataset=citeseer/feature=raw/mechanism=mbm/x_eps=2/m=best/norm=false/smoother=hoa/backbone=sage/use_nfr=true/logs/grid_candidate_0468_attempt_1.log,
grid_candidate_0467,grid,grid_candidate_0467,completed,1,0,12.302452,/home/hzw/Rethinking_GNN_DP/paper_experiments/figure3/figure3_pipeline3.yaml/dataset=citeseer/feature=raw/mechanism=mbm/x_eps=2/m=best/norm=false/smoother=hoa/backbone=sage/use_nfr=true/logs/grid_candidate_0467_attempt_1.log,
grid_candidate_0471,grid,grid_candidate_0471,completed,1,0,12.021402,/home/hzw/Rethinking_GNN_DP/paper_experiments/figure3/figure3_pipeline3.yaml/dataset=citeseer/feature=raw/mechanism=mbm/x_eps=2/m=best/norm=false/smoother=hoa/backbone=sage/use_nfr=true/logs/grid_candidate_0471_attempt_1.log,
grid_candidate_0470,grid,grid_candidate_0470,completed,1,0,12.934809,/home/hzw/Rethinking_GNN_DP/paper_experiments/figure3/figure3_pipeline3.yaml/dataset=citeseer/feature=raw/mechanism=mbm/x_eps=2/m=best/norm=false/smoother=hoa/backbone=sage/use_nfr=true/logs/grid_candidate_0470_attempt_1.log,
grid_candidate_0469,grid,grid_candidate_0469,completed,1,0,13.260734,/home/hzw/Rethinking_GNN_DP/paper_experiments/figure3/figure3_pipeline3.yaml/dataset=citeseer/feature=raw/mechanism=mbm/x_eps=2/m=best/norm=false/smoother=hoa/backbone=sage/use_nfr=true/logs/grid_candidate_0469_attempt_1.log,
grid_candidate_0472,grid,grid_candidate_0472,completed,1,0,13.004995,/home/hzw/Rethinking_GNN_DP/paper_experiments/figure3/figure3_pipeline3.yaml/dataset=citeseer/feature=raw/mechanism=mbm/x_eps=2/m=best/norm=false/smoother=hoa/backbone=sage/use_nfr=true/logs/grid_candidate_0472_attempt_1.log,
grid_candidate_0473,grid,grid_candidate_0473,completed,1,0,13.205852,/home/hzw/Rethinking_GNN_DP/paper_experiments/figure3/figure3_pipeline3.yaml/dataset=citeseer/feature=raw/mechanism=mbm/x_eps=2/m=best/norm=false/smoother=hoa/backbone=sage/use_nfr=true/logs/grid_candidate_0473_attempt_1.log,
grid_candidate_0474,grid,grid_candidate_0474,completed,1,0,12.847086,/home/hzw/Rethinking_GNN_DP/paper_experiments/figure3/figure3_pipeline3.yaml/dataset=citeseer/feature=raw/mechanism=mbm/x_eps=2/m=best/norm=false/smoother=hoa/backbone=sage/use_nfr=true/logs/grid_candidate_0474_attempt_1.log,
grid_candidate_0476,grid,grid_candidate_0476,completed,1,0,13.539597,/home/hzw/Rethinking_GNN_DP/paper_experiments/figure3/figure3_pipeline3.yaml/dataset=citeseer/feature=raw/mechanism=mbm/x_eps=2/m=best/norm=false/smoother=hoa/backbone=sage/use_nfr=true/logs/grid_candidate_0476_attempt_1.log,
grid_candidate_0475,grid,grid_candidate_0475,completed,1,0,13.905432,/home/hzw/Rethinking_GNN_DP/paper_experiments/figure3/figure3_pipeline3.yaml/dataset=citeseer/feature=raw/mechanism=mbm/x_eps=2/m=best/norm=false/smoother=hoa/backbone=sage/use_nfr=true/logs/grid_candidate_0475_attempt_1.log,
grid_candidate_0479,grid,grid_candidate_0479,completed,1,0,13.512594,/home/hzw/Rethinking_GNN_DP/paper_experiments/figure3/figure3_pipeline3.yaml/dataset=citeseer/feature=raw/mechanism=mbm/x_eps=2/m=best/norm=false/smoother=hoa/backbone=sage/use_nfr=true/logs/grid_candidate_0479_attempt_1.log,
grid_candidate_0482,grid,grid_candidate_0482,completed,1,0,11.781240,/home/hzw/Rethinking_GNN_DP/paper_experiments/figure3/figure3_pipeline3.yaml/dataset=citeseer/feature=raw/mechanism=mbm/x_eps=2/m=best/norm=false/smoother=hoa/backbone=sage/use_nfr=true/logs/grid_candidate_0482_attempt_1.log,
grid_candidate_0483,grid,grid_candidate_0483,completed,1,0,12.026809,/home/hzw/Rethinking_GNN_DP/paper_experiments/figure3/figure3_pipeline3.yaml/dataset=citeseer/feature=raw/mechanism=mbm/x_eps=2/m=best/norm=false/smoother=hoa/backbone=sage/use_nfr=true/logs/grid_candidate_0483_attempt_1.log,
grid_candidate_0480,grid,grid_candidate_0480,completed,1,0,14.475012,/home/hzw/Rethinking_GNN_DP/paper_experiments/figure3/figure3_pipeline3.yaml/dataset=citeseer/feature=raw/mechanism=mbm/x_eps=2/m=best/norm=false/smoother=hoa/backbone=sage/use_nfr=true/logs/grid_candidate_0480_attempt_1.log,
grid_candidate_0478,grid,grid_candidate_0478,completed,1,0,14.974869,/home/hzw/Rethinking_GNN_DP/paper_experiments/figure3/figure3_pipeline3.yaml/dataset=citeseer/feature=raw/mechanism=mbm/x_eps=2/m=best/norm=false/smoother=hoa/backbone=sage/use_nfr=true/logs/grid_candidate_0478_attempt_1.log,
grid_candidate_0484,grid,grid_candidate_0484,completed,1,0,11.704574,/home/hzw/Rethinking_GNN_DP/paper_experiments/figure3/figure3_pipeline3.yaml/dataset=citeseer/feature=raw/mechanism=mbm/x_eps=2/m=best/norm=false/smoother=hoa/backbone=sage/use_nfr=true/logs/grid_candidate_0484_attempt_1.log,
grid_candidate_0477,grid,grid_candidate_0477,completed,1,0,15.368851,/home/hzw/Rethinking_GNN_DP/paper_experiments/figure3/figure3_pipeline3.yaml/dataset=citeseer/feature=raw/mechanism=mbm/x_eps=2/m=best/norm=false/smoother=hoa/backbone=sage/use_nfr=true/logs/grid_candidate_0477_attempt_1.log,
grid_candidate_0481,grid,grid_candidate_0481,completed,1,0,15.208272,/home/hzw/Rethinking_GNN_DP/paper_experiments/figure3/figure3_pipeline3.yaml/dataset=citeseer/feature=raw/mechanism=mbm/x_eps=2/m=best/norm=false/smoother=hoa/backbone=sage/use_nfr=true/logs/grid_candidate_0481_attempt_1.log,
grid_candidate_0487,grid,grid_candidate_0487,completed,1,0,11.450516,/home/hzw/Rethinking_GNN_DP/paper_experiments/figure3/figure3_pipeline3.yaml/dataset=citeseer/feature=raw/mechanism=mbm/x_eps=2/m=best/norm=false/smoother=hoa/backbone=sage/use_nfr=true/logs/grid_candidate_0487_attempt_1.log,
grid_candidate_0485,grid,grid_candidate_0485,completed,1,0,12.329234,/home/hzw/Rethinking_GNN_DP/paper_experiments/figure3/figure3_pipeline3.yaml/dataset=citeseer/feature=raw/mechanism=mbm/x_eps=2/m=best/norm=false/smoother=hoa/backbone=sage/use_nfr=true/logs/grid_candidate_0485_attempt_1.log,
grid_candidate_0486,grid,grid_candidate_0486,completed,1,0,12.286920,/home/hzw/Rethinking_GNN_DP/paper_experiments/figure3/figure3_pipeline3.yaml/dataset=citeseer/feature=raw/mechanism=mbm/x_eps=2/m=best/norm=false/smoother=hoa/backbone=sage/use_nfr=true/logs/grid_candidate_0486_attempt_1.log,
grid_candidate_0488,grid,grid_candidate_0488,completed,1,0,12.137597,/home/hzw/Rethinking_GNN_DP/paper_experiments/figure3/figure3_pipeline3.yaml/dataset=citeseer/feature=raw/mechanism=mbm/x_eps=2/m=best/norm=false/smoother=hoa/backbone=sage/use_nfr=true/logs/grid_candidate_0488_attempt_1.log,
grid_candidate_0489,grid,grid_candidate_0489,completed,1,0,12.407233,/home/hzw/Rethinking_GNN_DP/paper_experiments/figure3/figure3_pipeline3.yaml/dataset=citeseer/feature=raw/mechanism=mbm/x_eps=2/m=best/norm=false/smoother=hoa/backbone=sage/use_nfr=true/logs/grid_candidate_0489_attempt_1.log,
grid_candidate_0490,grid,grid_candidate_0490,completed,1,0,12.217399,/home/hzw/Rethinking_GNN_DP/paper_experiments/figure3/figure3_pipeline3.yaml/dataset=citeseer/feature=raw/mechanism=mbm/x_eps=2/m=best/norm=false/smoother=hoa/backbone=sage/use_nfr=true/logs/grid_candidate_0490_attempt_1.log,
grid_candidate_0491,grid,grid_candidate_0491,completed,1,0,12.740691,/home/hzw/Rethinking_GNN_DP/paper_experiments/figure3/figure3_pipeline3.yaml/dataset=citeseer/feature=raw/mechanism=mbm/x_eps=2/m=best/norm=false/smoother=hoa/backbone=sage/use_nfr=true/logs/grid_candidate_0491_attempt_1.log,
grid_candidate_0493,grid,grid_candidate_0493,completed,1,0,13.456570,/home/hzw/Rethinking_GNN_DP/paper_experiments/figure3/figure3_pipeline3.yaml/dataset=citeseer/feature=raw/mechanism=mbm/x_eps=2/m=best/norm=false/smoother=hoa/backbone=sage/use_nfr=true/logs/grid_candidate_0493_attempt_1.log,
grid_candidate_0494,grid,grid_candidate_0494,completed,1,0,13.966368,/home/hzw/Rethinking_GNN_DP/paper_experiments/figure3/figure3_pipeline3.yaml/dataset=citeseer/feature=raw/mechanism=mbm/x_eps=2/m=best/norm=false/smoother=hoa/backbone=sage/use_nfr=true/logs/grid_candidate_0494_attempt_1.log,
grid_candidate_0492,grid,grid_candidate_0492,completed,1,0,15.129904,/home/hzw/Rethinking_GNN_DP/paper_experiments/figure3/figure3_pipeline3.yaml/dataset=citeseer/feature=raw/mechanism=mbm/x_eps=2/m=best/norm=false/smoother=hoa/backbone=sage/use_nfr=true/logs/grid_candidate_0492_attempt_1.log,
grid_candidate_0496,grid,grid_candidate_0496,completed,1,0,14.427835,/home/hzw/Rethinking_GNN_DP/paper_experiments/figure3/figure3_pipeline3.yaml/dataset=citeseer/feature=raw/mechanism=mbm/x_eps=2/m=best/norm=false/smoother=hoa/backbone=sage/use_nfr=true/logs/grid_candidate_0496_attempt_1.log,
grid_candidate_0502,grid,grid_candidate_0502,completed,1,0,13.027483,/home/hzw/Rethinking_GNN_DP/paper_experiments/figure3/figure3_pipeline3.yaml/dataset=citeseer/feature=raw/mechanism=mbm/x_eps=2/m=best/norm=false/smoother=hoa/backbone=sage/use_nfr=true/logs/grid_candidate_0502_attempt_1.log,
grid_candidate_0503,grid,grid_candidate_0503,completed,1,0,13.046236,/home/hzw/Rethinking_GNN_DP/paper_experiments/figure3/figure3_pipeline3.yaml/dataset=citeseer/feature=raw/mechanism=mbm/x_eps=2/m=best/norm=false/smoother=hoa/backbone=sage/use_nfr=true/logs/grid_candidate_0503_attempt_1.log,
grid_candidate_0504,grid,grid_candidate_0504,completed,1,0,13.053750,/home/hzw/Rethinking_GNN_DP/paper_experiments/figure3/figure3_pipeline3.yaml/dataset=citeseer/feature=raw/mechanism=mbm/x_eps=2/m=best/norm=false/smoother=hoa/backbone=sage/use_nfr=true/logs/grid_candidate_0504_attempt_1.log,
grid_candidate_0505,grid,grid_candidate_0505,completed,1,0,12.914279,/home/hzw/Rethinking_GNN_DP/paper_experiments/figure3/figure3_pipeline3.yaml/dataset=citeseer/feature=raw/mechanism=mbm/x_eps=2/m=best/norm=false/smoother=hoa/backbone=sage/use_nfr=true/logs/grid_candidate_0505_attempt_1.log,
grid_candidate_0495,grid,grid_candidate_0495,completed,1,0,16.173279,/home/hzw/Rethinking_GNN_DP/paper_experiments/figure3/figure3_pipeline3.yaml/dataset=citeseer/feature=raw/mechanism=mbm/x_eps=2/m=best/norm=false/smoother=hoa/backbone=sage/use_nfr=true/logs/grid_candidate_0495_attempt_1.log,
grid_candidate_0507,grid,grid_candidate_0507,completed,1,0,12.238580,/home/hzw/Rethinking_GNN_DP/paper_experiments/figure3/figure3_pipeline3.yaml/dataset=citeseer/feature=raw/mechanism=mbm/x_eps=2/m=best/norm=false/smoother=hoa/backbone=sage/use_nfr=true/logs/grid_candidate_0507_attempt_1.log,
grid_candidate_0508,grid,grid_candidate_0508,completed,1,0,12.391513,/home/hzw/Rethinking_GNN_DP/paper_experiments/figure3/figure3_pipeline3.yaml/dataset=citeseer/feature=raw/mechanism=mbm/x_eps=2/m=best/norm=false/smoother=hoa/backbone=sage/use_nfr=true/logs/grid_candidate_0508_attempt_1.log,
grid_candidate_0510,grid,grid_candidate_0510,completed,1,0,11.744604,/home/hzw/Rethinking_GNN_DP/paper_experiments/figure3/figure3_pipeline3.yaml/dataset=citeseer/feature=raw/mechanism=mbm/x_eps=2/m=best/norm=false/smoother=hoa/backbone=sage/use_nfr=true/logs/grid_candidate_0510_attempt_1.log,
grid_candidate_0509,grid,grid_candidate_0509,completed,1,0,12.188534,/home/hzw/Rethinking_GNN_DP/paper_experiments/figure3/figure3_pipeline3.yaml/dataset=citeseer/feature=raw/mechanism=mbm/x_eps=2/m=best/norm=false/smoother=hoa/backbone=sage/use_nfr=true/logs/grid_candidate_0509_attempt_1.log,
grid_candidate_0500,grid,grid_candidate_0500,completed,1,0,16.057249,/home/hzw/Rethinking_GNN_DP/paper_experiments/figure3/figure3_pipeline3.yaml/dataset=citeseer/feature=raw/mechanism=mbm/x_eps=2/m=best/norm=false/smoother=hoa/backbone=sage/use_nfr=true/logs/grid_candidate_0500_attempt_1.log,
grid_candidate_0511,grid,grid_candidate_0511,completed,1,0,11.543750,/home/hzw/Rethinking_GNN_DP/paper_experiments/figure3/figure3_pipeline3.yaml/dataset=citeseer/feature=raw/mechanism=mbm/x_eps=2/m=best/norm=false/smoother=hoa/backbone=sage/use_nfr=true/logs/grid_candidate_0511_attempt_1.log,
grid_candidate_0498,grid,grid_candidate_0498,completed,1,0,16.901888,/home/hzw/Rethinking_GNN_DP/paper_experiments/figure3/figure3_pipeline3.yaml/dataset=citeseer/feature=raw/mechanism=mbm/x_eps=2/m=best/norm=false/smoother=hoa/backbone=sage/use_nfr=true/logs/grid_candidate_0498_attempt_1.log,
grid_candidate_0512,grid,grid_candidate_0512,completed,1,0,12.014509,/home/hzw/Rethinking_GNN_DP/paper_experiments/figure3/figure3_pipeline3.yaml/dataset=citeseer/feature=raw/mechanism=mbm/x_eps=2/m=best/norm=false/smoother=hoa/backbone=sage/use_nfr=true/logs/grid_candidate_0512_attempt_1.log,
grid_candidate_0506,grid,grid_candidate_0506,completed,1,0,14.323920,/home/hzw/Rethinking_GNN_DP/paper_experiments/figure3/figure3_pipeline3.yaml/dataset=citeseer/feature=raw/mechanism=mbm/x_eps=2/m=best/norm=false/smoother=hoa/backbone=sage/use_nfr=true/logs/grid_candidate_0506_attempt_1.log,
grid_candidate_0497,grid,grid_candidate_0497,completed,1,0,17.892373,/home/hzw/Rethinking_GNN_DP/paper_experiments/figure3/figure3_pipeline3.yaml/dataset=citeseer/feature=raw/mechanism=mbm/x_eps=2/m=best/norm=false/smoother=hoa/backbone=sage/use_nfr=true/logs/grid_candidate_0497_attempt_1.log,
grid_candidate_0499,grid,grid_candidate_0499,completed,1,0,17.676408,/home/hzw/Rethinking_GNN_DP/paper_experiments/figure3/figure3_pipeline3.yaml/dataset=citeseer/feature=raw/mechanism=mbm/x_eps=2/m=best/norm=false/smoother=hoa/backbone=sage/use_nfr=true/logs/grid_candidate_0499_attempt_1.log,
grid_candidate_0513,grid,grid_candidate_0513,completed,1,0,11.713490,/home/hzw/Rethinking_GNN_DP/paper_experiments/figure3/figure3_pipeline3.yaml/dataset=citeseer/feature=raw/mechanism=mbm/x_eps=2/m=best/norm=false/smoother=hoa/backbone=sage/use_nfr=true/logs/grid_candidate_0513_attempt_1.log,
grid_candidate_0501,grid,grid_candidate_0501,completed,1,0,17.627529,/home/hzw/Rethinking_GNN_DP/paper_experiments/figure3/figure3_pipeline3.yaml/dataset=citeseer/feature=raw/mechanism=mbm/x_eps=2/m=best/norm=false/smoother=hoa/backbone=sage/use_nfr=true/logs/grid_candidate_0501_attempt_1.log,
grid_candidate_0514,grid,grid_candidate_0514,completed,1,0,12.079127,/home/hzw/Rethinking_GNN_DP/paper_experiments/figure3/figure3_pipeline3.yaml/dataset=citeseer/feature=raw/mechanism=mbm/x_eps=2/m=best/norm=false/smoother=hoa/backbone=sage/use_nfr=true/logs/grid_candidate_0514_attempt_1.log,
grid_candidate_0515,grid,grid_candidate_0515,completed,1,0,13.093075,/home/hzw/Rethinking_GNN_DP/paper_experiments/figure3/figure3_pipeline3.yaml/dataset=citeseer/feature=raw/mechanism=mbm/x_eps=2/m=best/norm=false/smoother=hoa/backbone=sage/use_nfr=true/logs/grid_candidate_0515_attempt_1.log,
grid_candidate_0518,grid,grid_candidate_0518,completed,1,0,13.025285,/home/hzw/Rethinking_GNN_DP/paper_experiments/figure3/figure3_pipeline3.yaml/dataset=citeseer/feature=raw/mechanism=mbm/x_eps=2/m=best/norm=false/smoother=hoa/backbone=sage/use_nfr=true/logs/grid_candidate_0518_attempt_1.log,
grid_candidate_0517,grid,grid_candidate_0517,completed,1,0,15.276285,/home/hzw/Rethinking_GNN_DP/paper_experiments/figure3/figure3_pipeline3.yaml/dataset=citeseer/feature=raw/mechanism=mbm/x_eps=2/m=best/norm=false/smoother=hoa/backbone=sage/use_nfr=true/logs/grid_candidate_0517_attempt_1.log,
grid_candidate_0519,grid,grid_candidate_0519,completed,1,0,15.344004,/home/hzw/Rethinking_GNN_DP/paper_experiments/figure3/figure3_pipeline3.yaml/dataset=citeseer/feature=raw/mechanism=mbm/x_eps=2/m=best/norm=false/smoother=hoa/backbone=sage/use_nfr=true/logs/grid_candidate_0519_attempt_1.log,
grid_candidate_0523,grid,grid_candidate_0523,completed,1,0,14.120714,/home/hzw/Rethinking_GNN_DP/paper_experiments/figure3/figure3_pipeline3.yaml/dataset=citeseer/feature=raw/mechanism=mbm/x_eps=2/m=best/norm=false/smoother=hoa/backbone=sage/use_nfr=true/logs/grid_candidate_0523_attempt_1.log,
grid_candidate_0524,grid,grid_candidate_0524,completed,1,0,13.954464,/home/hzw/Rethinking_GNN_DP/paper_experiments/figure3/figure3_pipeline3.yaml/dataset=citeseer/feature=raw/mechanism=mbm/x_eps=2/m=best/norm=false/smoother=hoa/backbone=sage/use_nfr=true/logs/grid_candidate_0524_attempt_1.log,
grid_candidate_0526,grid,grid_candidate_0526,completed,1,0,13.579368,/home/hzw/Rethinking_GNN_DP/paper_experiments/figure3/figure3_pipeline3.yaml/dataset=citeseer/feature=raw/mechanism=mbm/x_eps=2/m=best/norm=false/smoother=hoa/backbone=sage/use_nfr=true/logs/grid_candidate_0526_attempt_1.log,
grid_candidate_0527,grid,grid_candidate_0527,completed,1,0,13.051046,/home/hzw/Rethinking_GNN_DP/paper_experiments/figure3/figure3_pipeline3.yaml/dataset=citeseer/feature=raw/mechanism=mbm/x_eps=2/m=best/norm=false/smoother=hoa/backbone=sage/use_nfr=true/logs/grid_candidate_0527_attempt_1.log,
grid_candidate_0521,grid,grid_candidate_0521,completed,1,0,15.396525,/home/hzw/Rethinking_GNN_DP/paper_experiments/figure3/figure3_pipeline3.yaml/dataset=citeseer/feature=raw/mechanism=mbm/x_eps=2/m=best/norm=false/smoother=hoa/backbone=sage/use_nfr=true/logs/grid_candidate_0521_attempt_1.log,
grid_candidate_0525,grid,grid_candidate_0525,completed,1,0,13.942525,/home/hzw/Rethinking_GNN_DP/paper_experiments/figure3/figure3_pipeline3.yaml/dataset=citeseer/feature=raw/mechanism=mbm/x_eps=2/m=best/norm=false/smoother=hoa/backbone=sage/use_nfr=true/logs/grid_candidate_0525_attempt_1.log,
grid_candidate_0528,grid,grid_candidate_0528,completed,1,0,12.174820,/home/hzw/Rethinking_GNN_DP/paper_experiments/figure3/figure3_pipeline3.yaml/dataset=citeseer/feature=raw/mechanism=mbm/x_eps=2/m=best/norm=false/smoother=hoa/backbone=sage/use_nfr=true/logs/grid_candidate_0528_attempt_1.log,
grid_candidate_0516,grid,grid_candidate_0516,completed,1,0,16.771219,/home/hzw/Rethinking_GNN_DP/paper_experiments/figure3/figure3_pipeline3.yaml/dataset=citeseer/feature=raw/mechanism=mbm/x_eps=2/m=best/norm=false/smoother=hoa/backbone=sage/use_nfr=true/logs/grid_candidate_0516_attempt_1.log,
grid_candidate_0520,grid,grid_candidate_0520,completed,1,0,15.853243,/home/hzw/Rethinking_GNN_DP/paper_experiments/figure3/figure3_pipeline3.yaml/dataset=citeseer/feature=raw/mechanism=mbm/x_eps=2/m=best/norm=false/smoother=hoa/backbone=sage/use_nfr=true/logs/grid_candidate_0520_attempt_1.log,
grid_candidate_0522,grid,grid_candidate_0522,completed,1,0,15.722645,/home/hzw/Rethinking_GNN_DP/paper_experiments/figure3/figure3_pipeline3.yaml/dataset=citeseer/feature=raw/mechanism=mbm/x_eps=2/m=best/norm=false/smoother=hoa/backbone=sage/use_nfr=true/logs/grid_candidate_0522_attempt_1.log,
grid_candidate_0529,grid,grid_candidate_0529,completed,1,0,12.300600,/home/hzw/Rethinking_GNN_DP/paper_experiments/figure3/figure3_pipeline3.yaml/dataset=citeseer/feature=raw/mechanism=mbm/x_eps=2/m=best/norm=false/smoother=hoa/backbone=sage/use_nfr=true/logs/grid_candidate_0529_attempt_1.log,
grid_candidate_0530,grid,grid_candidate_0530,completed,1,0,11.615975,/home/hzw/Rethinking_GNN_DP/paper_experiments/figure3/figure3_pipeline3.yaml/dataset=citeseer/feature=raw/mechanism=mbm/x_eps=2/m=best/norm=false/smoother=hoa/backbone=sage/use_nfr=true/logs/grid_candidate_0530_attempt_1.log,
grid_candidate_0534,grid,grid_candidate_0534,completed,1,0,10.807978,/home/hzw/Rethinking_GNN_DP/paper_experiments/figure3/figure3_pipeline3.yaml/dataset=citeseer/feature=raw/mechanism=mbm/x_eps=2/m=best/norm=false/smoother=hoa/backbone=sage/use_nfr=true/logs/grid_candidate_0534_attempt_1.log,
grid_candidate_0531,grid,grid_candidate_0531,completed,1,0,12.393579,/home/hzw/Rethinking_GNN_DP/paper_experiments/figure3/figure3_pipeline3.yaml/dataset=citeseer/feature=raw/mechanism=mbm/x_eps=2/m=best/norm=false/smoother=hoa/backbone=sage/use_nfr=true/logs/grid_candidate_0531_attempt_1.log,
grid_candidate_0532,grid,grid_candidate_0532,completed,1,0,13.068074,/home/hzw/Rethinking_GNN_DP/paper_experiments/figure3/figure3_pipeline3.yaml/dataset=citeseer/feature=raw/mechanism=mbm/x_eps=2/m=best/norm=false/smoother=hoa/backbone=sage/use_nfr=true/logs/grid_candidate_0532_attempt_1.log,
grid_candidate_0537,grid,grid_candidate_0537,completed,1,0,13.832322,/home/hzw/Rethinking_GNN_DP/paper_experiments/figure3/figure3_pipeline3.yaml/dataset=citeseer/feature=raw/mechanism=mbm/x_eps=2/m=best/norm=false/smoother=hoa/backbone=sage/use_nfr=true/logs/grid_candidate_0537_attempt_1.log,
grid_candidate_0535,grid,grid_candidate_0535,completed,1,0,14.319927,/home/hzw/Rethinking_GNN_DP/paper_experiments/figure3/figure3_pipeline3.yaml/dataset=citeseer/feature=raw/mechanism=mbm/x_eps=2/m=best/norm=false/smoother=hoa/backbone=sage/use_nfr=true/logs/grid_candidate_0535_attempt_1.log,
grid_candidate_0542,grid,grid_candidate_0542,completed,1,0,13.894159,/home/hzw/Rethinking_GNN_DP/paper_experiments/figure3/figure3_pipeline3.yaml/dataset=citeseer/feature=raw/mechanism=mbm/x_eps=2/m=best/norm=false/smoother=hoa/backbone=sage/use_nfr=true/logs/grid_candidate_0542_attempt_1.log,
grid_candidate_0533,grid,grid_candidate_0533,completed,1,0,15.843142,/home/hzw/Rethinking_GNN_DP/paper_experiments/figure3/figure3_pipeline3.yaml/dataset=citeseer/feature=raw/mechanism=mbm/x_eps=2/m=best/norm=false/smoother=hoa/backbone=sage/use_nfr=true/logs/grid_candidate_0533_attempt_1.log,
grid_candidate_0544,grid,grid_candidate_0544,completed,1,0,13.959441,/home/hzw/Rethinking_GNN_DP/paper_experiments/figure3/figure3_pipeline3.yaml/dataset=citeseer/feature=raw/mechanism=mbm/x_eps=2/m=best/norm=false/smoother=hoa/backbone=sage/use_nfr=true/logs/grid_candidate_0544_attempt_1.log,
grid_candidate_0538,grid,grid_candidate_0538,completed,1,0,15.665850,/home/hzw/Rethinking_GNN_DP/paper_experiments/figure3/figure3_pipeline3.yaml/dataset=citeseer/feature=raw/mechanism=mbm/x_eps=2/m=best/norm=false/smoother=hoa/backbone=sage/use_nfr=true/logs/grid_candidate_0538_attempt_1.log,
grid_candidate_0550,grid,grid_candidate_0550,completed,1,0,12.885570,/home/hzw/Rethinking_GNN_DP/paper_experiments/figure3/figure3_pipeline3.yaml/dataset=citeseer/feature=raw/mechanism=mbm/x_eps=2/m=best/norm=false/smoother=hoa/backbone=sage/use_nfr=true/logs/grid_candidate_0550_attempt_1.log,
grid_candidate_0543,grid,grid_candidate_0543,completed,1,0,15.099872,/home/hzw/Rethinking_GNN_DP/paper_experiments/figure3/figure3_pipeline3.yaml/dataset=citeseer/feature=raw/mechanism=mbm/x_eps=2/m=best/norm=false/smoother=hoa/backbone=sage/use_nfr=true/logs/grid_candidate_0543_attempt_1.log,
grid_candidate_0545,grid,grid_candidate_0545,completed,1,0,14.622487,/home/hzw/Rethinking_GNN_DP/paper_experiments/figure3/figure3_pipeline3.yaml/dataset=citeseer/feature=raw/mechanism=mbm/x_eps=2/m=best/norm=false/smoother=hoa/backbone=sage/use_nfr=true/logs/grid_candidate_0545_attempt_1.log,
grid_candidate_0540,grid,grid_candidate_0540,completed,1,0,16.084579,/home/hzw/Rethinking_GNN_DP/paper_experiments/figure3/figure3_pipeline3.yaml/dataset=citeseer/feature=raw/mechanism=mbm/x_eps=2/m=best/norm=false/smoother=hoa/backbone=sage/use_nfr=true/logs/grid_candidate_0540_attempt_1.log,
grid_candidate_0548,grid,grid_candidate_0548,completed,1,0,14.332556,/home/hzw/Rethinking_GNN_DP/paper_experiments/figure3/figure3_pipeline3.yaml/dataset=citeseer/feature=raw/mechanism=mbm/x_eps=2/m=best/norm=false/smoother=hoa/backbone=sage/use_nfr=true/logs/grid_candidate_0548_attempt_1.log,
grid_candidate_0539,grid,grid_candidate_0539,completed,1,0,16.558759,/home/hzw/Rethinking_GNN_DP/paper_experiments/figure3/figure3_pipeline3.yaml/dataset=citeseer/feature=raw/mechanism=mbm/x_eps=2/m=best/norm=false/smoother=hoa/backbone=sage/use_nfr=true/logs/grid_candidate_0539_attempt_1.log,
grid_candidate_0536,grid,grid_candidate_0536,completed,1,0,17.313666,/home/hzw/Rethinking_GNN_DP/paper_experiments/figure3/figure3_pipeline3.yaml/dataset=citeseer/feature=raw/mechanism=mbm/x_eps=2/m=best/norm=false/smoother=hoa/backbone=sage/use_nfr=true/logs/grid_candidate_0536_attempt_1.log,
grid_candidate_0541,grid,grid_candidate_0541,completed,1,0,16.229277,/home/hzw/Rethinking_GNN_DP/paper_experiments/figure3/figure3_pipeline3.yaml/dataset=citeseer/feature=raw/mechanism=mbm/x_eps=2/m=best/norm=false/smoother=hoa/backbone=sage/use_nfr=true/logs/grid_candidate_0541_attempt_1.log,
grid_candidate_0549,grid,grid_candidate_0549,completed,1,0,14.720880,/home/hzw/Rethinking_GNN_DP/paper_experiments/figure3/figure3_pipeline3.yaml/dataset=citeseer/feature=raw/mechanism=mbm/x_eps=2/m=best/norm=false/smoother=hoa/backbone=sage/use_nfr=true/logs/grid_candidate_0549_attempt_1.log,
grid_candidate_0546,grid,grid_candidate_0546,completed,1,0,15.910697,/home/hzw/Rethinking_GNN_DP/paper_experiments/figure3/figure3_pipeline3.yaml/dataset=citeseer/feature=raw/mechanism=mbm/x_eps=2/m=best/norm=false/smoother=hoa/backbone=sage/use_nfr=true/logs/grid_candidate_0546_attempt_1.log,
grid_candidate_0547,grid,grid_candidate_0547,completed,1,0,16.868103,/home/hzw/Rethinking_GNN_DP/paper_experiments/figure3/figure3_pipeline3.yaml/dataset=citeseer/feature=raw/mechanism=mbm/x_eps=2/m=best/norm=false/smoother=hoa/backbone=sage/use_nfr=true/logs/grid_candidate_0547_attempt_1.log,
grid_candidate_0552,grid,grid_candidate_0552,completed,1,0,14.202122,/home/hzw/Rethinking_GNN_DP/paper_experiments/figure3/figure3_pipeline3.yaml/dataset=citeseer/feature=raw/mechanism=mbm/x_eps=2/m=best/norm=false/smoother=hoa/backbone=sage/use_nfr=true/logs/grid_candidate_0552_attempt_1.log,
grid_candidate_0551,grid,grid_candidate_0551,completed,1,0,15.522048,/home/hzw/Rethinking_GNN_DP/paper_experiments/figure3/figure3_pipeline3.yaml/dataset=citeseer/feature=raw/mechanism=mbm/x_eps=2/m=best/norm=false/smoother=hoa/backbone=sage/use_nfr=true/logs/grid_candidate_0551_attempt_1.log,
grid_candidate_0561,grid,grid_candidate_0561,completed,1,0,12.313212,/home/hzw/Rethinking_GNN_DP/paper_experiments/figure3/figure3_pipeline3.yaml/dataset=citeseer/feature=raw/mechanism=mbm/x_eps=2/m=best/norm=false/smoother=hoa/backbone=sage/use_nfr=true/logs/grid_candidate_0561_attempt_1.log,
grid_candidate_0556,grid,grid_candidate_0556,completed,1,0,13.131086,/home/hzw/Rethinking_GNN_DP/paper_experiments/figure3/figure3_pipeline3.yaml/dataset=citeseer/feature=raw/mechanism=mbm/x_eps=2/m=best/norm=false/smoother=hoa/backbone=sage/use_nfr=true/logs/grid_candidate_0556_attempt_1.log,
grid_candidate_0557,grid,grid_candidate_0557,completed,1,0,13.413459,/home/hzw/Rethinking_GNN_DP/paper_experiments/figure3/figure3_pipeline3.yaml/dataset=citeseer/feature=raw/mechanism=mbm/x_eps=2/m=best/norm=false/smoother=hoa/backbone=sage/use_nfr=true/logs/grid_candidate_0557_attempt_1.log,
grid_candidate_0560,grid,grid_candidate_0560,completed,1,0,14.308891,/home/hzw/Rethinking_GNN_DP/paper_experiments/figure3/figure3_pipeline3.yaml/dataset=citeseer/feature=raw/mechanism=mbm/x_eps=2/m=best/norm=false/smoother=hoa/backbone=sage/use_nfr=true/logs/grid_candidate_0560_attempt_1.log,
grid_candidate_0559,grid,grid_candidate_0559,completed,1,0,14.569289,/home/hzw/Rethinking_GNN_DP/paper_experiments/figure3/figure3_pipeline3.yaml/dataset=citeseer/feature=raw/mechanism=mbm/x_eps=2/m=best/norm=false/smoother=hoa/backbone=sage/use_nfr=true/logs/grid_candidate_0559_attempt_1.log,
grid_candidate_0558,grid,grid_candidate_0558,completed,1,0,14.884387,/home/hzw/Rethinking_GNN_DP/paper_experiments/figure3/figure3_pipeline3.yaml/dataset=citeseer/feature=raw/mechanism=mbm/x_eps=2/m=best/norm=false/smoother=hoa/backbone=sage/use_nfr=true/logs/grid_candidate_0558_attempt_1.log,
grid_candidate_0555,grid,grid_candidate_0555,completed,1,0,16.293709,/home/hzw/Rethinking_GNN_DP/paper_experiments/figure3/figure3_pipeline3.yaml/dataset=citeseer/feature=raw/mechanism=mbm/x_eps=2/m=best/norm=false/smoother=hoa/backbone=sage/use_nfr=true/logs/grid_candidate_0555_attempt_1.log,
grid_candidate_0565,grid,grid_candidate_0565,completed,1,0,15.176604,/home/hzw/Rethinking_GNN_DP/paper_experiments/figure3/figure3_pipeline3.yaml/dataset=citeseer/feature=raw/mechanism=mbm/x_eps=2/m=best/norm=false/smoother=hoa/backbone=sage/use_nfr=true/logs/grid_candidate_0565_attempt_1.log,
grid_candidate_0553,grid,grid_candidate_0553,completed,1,0,17.184114,/home/hzw/Rethinking_GNN_DP/paper_experiments/figure3/figure3_pipeline3.yaml/dataset=citeseer/feature=raw/mechanism=mbm/x_eps=2/m=best/norm=false/smoother=hoa/backbone=sage/use_nfr=true/logs/grid_candidate_0553_attempt_1.log,
grid_candidate_0566,grid,grid_candidate_0566,completed,1,0,15.194254,/home/hzw/Rethinking_GNN_DP/paper_experiments/figure3/figure3_pipeline3.yaml/dataset=citeseer/feature=raw/mechanism=mbm/x_eps=2/m=best/norm=false/smoother=hoa/backbone=sage/use_nfr=true/logs/grid_candidate_0566_attempt_1.log,
grid_candidate_0564,grid,grid_candidate_0564,completed,1,0,15.827353,/home/hzw/Rethinking_GNN_DP/paper_experiments/figure3/figure3_pipeline3.yaml/dataset=citeseer/feature=raw/mechanism=mbm/x_eps=2/m=best/norm=false/smoother=hoa/backbone=sage/use_nfr=true/logs/grid_candidate_0564_attempt_1.log,
grid_candidate_0569,grid,grid_candidate_0569,completed,1,0,12.373684,/home/hzw/Rethinking_GNN_DP/paper_experiments/figure3/figure3_pipeline3.yaml/dataset=citeseer/feature=raw/mechanism=mbm/x_eps=2/m=best/norm=false/smoother=hoa/backbone=sage/use_nfr=true/logs/grid_candidate_0569_attempt_1.log,
grid_candidate_0567,grid,grid_candidate_0567,completed,1,0,14.594421,/home/hzw/Rethinking_GNN_DP/paper_experiments/figure3/figure3_pipeline3.yaml/dataset=citeseer/feature=raw/mechanism=mbm/x_eps=2/m=best/norm=false/smoother=hoa/backbone=sage/use_nfr=true/logs/grid_candidate_0567_attempt_1.log,
grid_candidate_0568,grid,grid_candidate_0568,completed,1,0,14.098861,/home/hzw/Rethinking_GNN_DP/paper_experiments/figure3/figure3_pipeline3.yaml/dataset=citeseer/feature=raw/mechanism=mbm/x_eps=2/m=best/norm=false/smoother=hoa/backbone=sage/use_nfr=true/logs/grid_candidate_0568_attempt_1.log,
grid_candidate_0554,grid,grid_candidate_0554,completed,1,0,18.960662,/home/hzw/Rethinking_GNN_DP/paper_experiments/figure3/figure3_pipeline3.yaml/dataset=citeseer/feature=raw/mechanism=mbm/x_eps=2/m=best/norm=false/smoother=hoa/backbone=sage/use_nfr=true/logs/grid_candidate_0554_attempt_1.log,
grid_candidate_0571,grid,grid_candidate_0571,completed,1,0,13.065701,/home/hzw/Rethinking_GNN_DP/paper_experiments/figure3/figure3_pipeline3.yaml/dataset=citeseer/feature=raw/mechanism=mbm/x_eps=2/m=best/norm=false/smoother=hoa/backbone=sage/use_nfr=true/logs/grid_candidate_0571_attempt_1.log,
grid_candidate_0562,grid,grid_candidate_0562,completed,1,0,18.816682,/home/hzw/Rethinking_GNN_DP/paper_experiments/figure3/figure3_pipeline3.yaml/dataset=citeseer/feature=raw/mechanism=mbm/x_eps=2/m=best/norm=false/smoother=hoa/backbone=sage/use_nfr=true/logs/grid_candidate_0562_attempt_1.log,
grid_candidate_0570,grid,grid_candidate_0570,completed,1,0,13.683979,/home/hzw/Rethinking_GNN_DP/paper_experiments/figure3/figure3_pipeline3.yaml/dataset=citeseer/feature=raw/mechanism=mbm/x_eps=2/m=best/norm=false/smoother=hoa/backbone=sage/use_nfr=true/logs/grid_candidate_0570_attempt_1.log,
grid_candidate_0563,grid,grid_candidate_0563,completed,1,0,18.999817,/home/hzw/Rethinking_GNN_DP/paper_experiments/figure3/figure3_pipeline3.yaml/dataset=citeseer/feature=raw/mechanism=mbm/x_eps=2/m=best/norm=false/smoother=hoa/backbone=sage/use_nfr=true/logs/grid_candidate_0563_attempt_1.log,
grid_candidate_0572,grid,grid_candidate_0572,completed,1,0,12.806820,/home/hzw/Rethinking_GNN_DP/paper_experiments/figure3/figure3_pipeline3.yaml/dataset=citeseer/feature=raw/mechanism=mbm/x_eps=2/m=best/norm=false/smoother=hoa/backbone=sage/use_nfr=true/logs/grid_candidate_0572_attempt_1.log,
grid_candidate_0575,grid,grid_candidate_0575,completed,1,0,12.455192,/home/hzw/Rethinking_GNN_DP/paper_experiments/figure3/figure3_pipeline3.yaml/dataset=citeseer/feature=raw/mechanism=mbm/x_eps=2/m=best/norm=false/smoother=hoa/backbone=sage/use_nfr=true/logs/grid_candidate_0575_attempt_1.log,
grid_candidate_0576,grid,grid_candidate_0576,completed,1,0,12.560824,/home/hzw/Rethinking_GNN_DP/paper_experiments/figure3/figure3_pipeline3.yaml/dataset=citeseer/feature=raw/mechanism=mbm/x_eps=2/m=best/norm=false/smoother=hoa/backbone=sage/use_nfr=true/logs/grid_candidate_0576_attempt_1.log,
grid_candidate_0579,grid,grid_candidate_0579,completed,1,0,12.244549,/home/hzw/Rethinking_GNN_DP/paper_experiments/figure3/figure3_pipeline3.yaml/dataset=citeseer/feature=raw/mechanism=mbm/x_eps=2/m=best/norm=false/smoother=hoa/backbone=sage/use_nfr=true/logs/grid_candidate_0579_attempt_1.log,
grid_candidate_0580,grid,grid_candidate_0580,completed,1,0,13.398231,/home/hzw/Rethinking_GNN_DP/paper_experiments/figure3/figure3_pipeline3.yaml/dataset=citeseer/feature=raw/mechanism=mbm/x_eps=2/m=best/norm=false/smoother=hoa/backbone=sage/use_nfr=true/logs/grid_candidate_0580_attempt_1.log,
grid_candidate_0574,grid,grid_candidate_0574,completed,1,0,14.846008,/home/hzw/Rethinking_GNN_DP/paper_experiments/figure3/figure3_pipeline3.yaml/dataset=citeseer/feature=raw/mechanism=mbm/x_eps=2/m=best/norm=false/smoother=hoa/backbone=sage/use_nfr=true/logs/grid_candidate_0574_attempt_1.log,
grid_candidate_0573,grid,grid_candidate_0573,completed,1,0,15.677554,/home/hzw/Rethinking_GNN_DP/paper_experiments/figure3/figure3_pipeline3.yaml/dataset=citeseer/feature=raw/mechanism=mbm/x_eps=2/m=best/norm=false/smoother=hoa/backbone=sage/use_nfr=true/logs/grid_candidate_0573_attempt_1.log,
grid_candidate_0587,grid,grid_candidate_0587,completed,1,0,11.951744,/home/hzw/Rethinking_GNN_DP/paper_experiments/figure3/figure3_pipeline3.yaml/dataset=citeseer/feature=raw/mechanism=mbm/x_eps=2/m=best/norm=false/smoother=hoa/backbone=sage/use_nfr=true/logs/grid_candidate_0587_attempt_1.log,
grid_candidate_0588,grid,grid_candidate_0588,completed,1,0,12.449456,/home/hzw/Rethinking_GNN_DP/paper_experiments/figure3/figure3_pipeline3.yaml/dataset=citeseer/feature=raw/mechanism=mbm/x_eps=2/m=best/norm=false/smoother=hoa/backbone=sage/use_nfr=true/logs/grid_candidate_0588_attempt_1.log,
grid_candidate_0589,grid,grid_candidate_0589,completed,1,0,12.181726,/home/hzw/Rethinking_GNN_DP/paper_experiments/figure3/figure3_pipeline3.yaml/dataset=citeseer/feature=raw/mechanism=mbm/x_eps=2/m=best/norm=false/smoother=hoa/backbone=sage/use_nfr=true/logs/grid_candidate_0589_attempt_1.log,
grid_candidate_0581,grid,grid_candidate_0581,completed,1,0,16.279020,/home/hzw/Rethinking_GNN_DP/paper_experiments/figure3/figure3_pipeline3.yaml/dataset=citeseer/feature=raw/mechanism=mbm/x_eps=2/m=best/norm=false/smoother=hoa/backbone=sage/use_nfr=true/logs/grid_candidate_0581_attempt_1.log,
grid_candidate_0586,grid,grid_candidate_0586,completed,1,0,14.332340,/home/hzw/Rethinking_GNN_DP/paper_experiments/figure3/figure3_pipeline3.yaml/dataset=citeseer/feature=raw/mechanism=mbm/x_eps=2/m=best/norm=false/smoother=hoa/backbone=sage/use_nfr=true/logs/grid_candidate_0586_attempt_1.log,
grid_candidate_0590,grid,grid_candidate_0590,completed,1,0,12.724623,/home/hzw/Rethinking_GNN_DP/paper_experiments/figure3/figure3_pipeline3.yaml/dataset=citeseer/feature=raw/mechanism=mbm/x_eps=2/m=best/norm=false/smoother=hoa/backbone=sage/use_nfr=true/logs/grid_candidate_0590_attempt_1.log,
grid_candidate_0582,grid,grid_candidate_0582,completed,1,0,16.763791,/home/hzw/Rethinking_GNN_DP/paper_experiments/figure3/figure3_pipeline3.yaml/dataset=citeseer/feature=raw/mechanism=mbm/x_eps=2/m=best/norm=false/smoother=hoa/backbone=sage/use_nfr=true/logs/grid_candidate_0582_attempt_1.log,
grid_candidate_0578,grid,grid_candidate_0578,completed,1,0,17.594063,/home/hzw/Rethinking_GNN_DP/paper_experiments/figure3/figure3_pipeline3.yaml/dataset=citeseer/feature=raw/mechanism=mbm/x_eps=2/m=best/norm=false/smoother=hoa/backbone=sage/use_nfr=true/logs/grid_candidate_0578_attempt_1.log,
grid_candidate_0585,grid,grid_candidate_0585,completed,1,0,16.156266,/home/hzw/Rethinking_GNN_DP/paper_experiments/figure3/figure3_pipeline3.yaml/dataset=citeseer/feature=raw/mechanism=mbm/x_eps=2/m=best/norm=false/smoother=hoa/backbone=sage/use_nfr=true/logs/grid_candidate_0585_attempt_1.log,
grid_candidate_0591,grid,grid_candidate_0591,completed,1,0,12.778470,/home/hzw/Rethinking_GNN_DP/paper_experiments/figure3/figure3_pipeline3.yaml/dataset=citeseer/feature=raw/mechanism=mbm/x_eps=2/m=best/norm=false/smoother=hoa/backbone=sage/use_nfr=true/logs/grid_candidate_0591_attempt_1.log,
grid_candidate_0583,grid,grid_candidate_0583,completed,1,0,17.752690,/home/hzw/Rethinking_GNN_DP/paper_experiments/figure3/figure3_pipeline3.yaml/dataset=citeseer/feature=raw/mechanism=mbm/x_eps=2/m=best/norm=false/smoother=hoa/backbone=sage/use_nfr=true/logs/grid_candidate_0583_attempt_1.log,
grid_candidate_0584,grid,grid_candidate_0584,completed,1,0,17.738082,/home/hzw/Rethinking_GNN_DP/paper_experiments/figure3/figure3_pipeline3.yaml/dataset=citeseer/feature=raw/mechanism=mbm/x_eps=2/m=best/norm=false/smoother=hoa/backbone=sage/use_nfr=true/logs/grid_candidate_0584_attempt_1.log,
grid_candidate_0577,grid,grid_candidate_0577,completed,1,0,19.072547,/home/hzw/Rethinking_GNN_DP/paper_experiments/figure3/figure3_pipeline3.yaml/dataset=citeseer/feature=raw/mechanism=mbm/x_eps=2/m=best/norm=false/smoother=hoa/backbone=sage/use_nfr=true/logs/grid_candidate_0577_attempt_1.log,
grid_candidate_0592,grid,grid_candidate_0592,completed,1,0,14.459421,/home/hzw/Rethinking_GNN_DP/paper_experiments/figure3/figure3_pipeline3.yaml/dataset=citeseer/feature=raw/mechanism=mbm/x_eps=2/m=best/norm=false/smoother=hoa/backbone=sage/use_nfr=true/logs/grid_candidate_0592_attempt_1.log,
grid_candidate_0593,grid,grid_candidate_0593,completed,1,0,14.473194,/home/hzw/Rethinking_GNN_DP/paper_experiments/figure3/figure3_pipeline3.yaml/dataset=citeseer/feature=raw/mechanism=mbm/x_eps=2/m=best/norm=false/smoother=hoa/backbone=sage/use_nfr=true/logs/grid_candidate_0593_attempt_1.log,
grid_candidate_0594,grid,grid_candidate_0594,completed,1,0,14.797152,/home/hzw/Rethinking_GNN_DP/paper_experiments/figure3/figure3_pipeline3.yaml/dataset=citeseer/feature=raw/mechanism=mbm/x_eps=2/m=best/norm=false/smoother=hoa/backbone=sage/use_nfr=true/logs/grid_candidate_0594_attempt_1.log,
grid_candidate_0596,grid,grid_candidate_0596,completed,1,0,15.493720,/home/hzw/Rethinking_GNN_DP/paper_experiments/figure3/figure3_pipeline3.yaml/dataset=citeseer/feature=raw/mechanism=mbm/x_eps=2/m=best/norm=false/smoother=hoa/backbone=sage/use_nfr=true/logs/grid_candidate_0596_attempt_1.log,
grid_candidate_0601,grid,grid_candidate_0601,completed,1,0,14.758489,/home/hzw/Rethinking_GNN_DP/paper_experiments/figure3/figure3_pipeline3.yaml/dataset=citeseer/feature=raw/mechanism=mbm/x_eps=2/m=best/norm=false/smoother=hoa/backbone=sage/use_nfr=true/logs/grid_candidate_0601_attempt_1.log,
grid_candidate_0602,grid,grid_candidate_0602,completed,1,0,15.206904,/home/hzw/Rethinking_GNN_DP/paper_experiments/figure3/figure3_pipeline3.yaml/dataset=citeseer/feature=raw/mechanism=mbm/x_eps=2/m=best/norm=false/smoother=hoa/backbone=sage/use_nfr=true/logs/grid_candidate_0602_attempt_1.log,
grid_candidate_0603,grid,grid_candidate_0603,completed,1,0,13.753356,/home/hzw/Rethinking_GNN_DP/paper_experiments/figure3/figure3_pipeline3.yaml/dataset=citeseer/feature=raw/mechanism=mbm/x_eps=2/m=best/norm=false/smoother=hoa/backbone=sage/use_nfr=true/logs/grid_candidate_0603_attempt_1.log,
grid_candidate_0604,grid,grid_candidate_0604,completed,1,0,13.175937,/home/hzw/Rethinking_GNN_DP/paper_experiments/figure3/figure3_pipeline3.yaml/dataset=citeseer/feature=raw/mechanism=mbm/x_eps=2/m=best/norm=false/smoother=hoa/backbone=sage/use_nfr=true/logs/grid_candidate_0604_attempt_1.log,
grid_candidate_0606,grid,grid_candidate_0606,completed,1,0,12.737741,/home/hzw/Rethinking_GNN_DP/paper_experiments/figure3/figure3_pipeline3.yaml/dataset=citeseer/feature=raw/mechanism=mbm/x_eps=2/m=best/norm=false/smoother=hoa/backbone=sage/use_nfr=true/logs/grid_candidate_0606_attempt_1.log,
grid_candidate_0600,grid,grid_candidate_0600,completed,1,0,16.181983,/home/hzw/Rethinking_GNN_DP/paper_experiments/figure3/figure3_pipeline3.yaml/dataset=citeseer/feature=raw/mechanism=mbm/x_eps=2/m=best/norm=false/smoother=hoa/backbone=sage/use_nfr=true/logs/grid_candidate_0600_attempt_1.log,
grid_candidate_0608,grid,grid_candidate_0608,completed,1,0,13.113244,/home/hzw/Rethinking_GNN_DP/paper_experiments/figure3/figure3_pipeline3.yaml/dataset=citeseer/feature=raw/mechanism=mbm/x_eps=2/m=best/norm=false/smoother=hoa/backbone=sage/use_nfr=true/logs/grid_candidate_0608_attempt_1.log,
grid_candidate_0609,grid,grid_candidate_0609,completed,1,0,12.492979,/home/hzw/Rethinking_GNN_DP/paper_experiments/figure3/figure3_pipeline3.yaml/dataset=citeseer/feature=raw/mechanism=mbm/x_eps=2/m=best/norm=false/smoother=hoa/backbone=sage/use_nfr=true/logs/grid_candidate_0609_attempt_1.log,
grid_candidate_0595,grid,grid_candidate_0595,completed,1,0,17.357210,/home/hzw/Rethinking_GNN_DP/paper_experiments/figure3/figure3_pipeline3.yaml/dataset=citeseer/feature=raw/mechanism=mbm/x_eps=2/m=best/norm=false/smoother=hoa/backbone=sage/use_nfr=true/logs/grid_candidate_0595_attempt_1.log,
grid_candidate_0610,grid,grid_candidate_0610,completed,1,0,12.501670,/home/hzw/Rethinking_GNN_DP/paper_experiments/figure3/figure3_pipeline3.yaml/dataset=citeseer/feature=raw/mechanism=mbm/x_eps=2/m=best/norm=false/smoother=hoa/backbone=sage/use_nfr=true/logs/grid_candidate_0610_attempt_1.log,
grid_candidate_0607,grid,grid_candidate_0607,completed,1,0,13.905021,/home/hzw/Rethinking_GNN_DP/paper_experiments/figure3/figure3_pipeline3.yaml/dataset=citeseer/feature=raw/mechanism=mbm/x_eps=2/m=best/norm=false/smoother=hoa/backbone=sage/use_nfr=true/logs/grid_candidate_0607_attempt_1.log,
grid_candidate_0611,grid,grid_candidate_0611,completed,1,0,12.616380,/home/hzw/Rethinking_GNN_DP/paper_experiments/figure3/figure3_pipeline3.yaml/dataset=citeseer/feature=raw/mechanism=mbm/x_eps=2/m=best/norm=false/smoother=hoa/backbone=sage/use_nfr=true/logs/grid_candidate_0611_attempt_1.log,
grid_candidate_0605,grid,grid_candidate_0605,completed,1,0,14.488403,/home/hzw/Rethinking_GNN_DP/paper_experiments/figure3/figure3_pipeline3.yaml/dataset=citeseer/feature=raw/mechanism=mbm/x_eps=2/m=best/norm=false/smoother=hoa/backbone=sage/use_nfr=true/logs/grid_candidate_0605_attempt_1.log,
grid_candidate_0612,grid,grid_candidate_0612,completed,1,0,11.841249,/home/hzw/Rethinking_GNN_DP/paper_experiments/figure3/figure3_pipeline3.yaml/dataset=citeseer/feature=raw/mechanism=mbm/x_eps=2/m=best/norm=false/smoother=hoa/backbone=sage/use_nfr=true/logs/grid_candidate_0612_attempt_1.log,
grid_candidate_0598,grid,grid_candidate_0598,completed,1,0,17.695580,/home/hzw/Rethinking_GNN_DP/paper_experiments/figure3/figure3_pipeline3.yaml/dataset=citeseer/feature=raw/mechanism=mbm/x_eps=2/m=best/norm=false/smoother=hoa/backbone=sage/use_nfr=true/logs/grid_candidate_0598_attempt_1.log,
grid_candidate_0599,grid,grid_candidate_0599,completed,1,0,17.549372,/home/hzw/Rethinking_GNN_DP/paper_experiments/figure3/figure3_pipeline3.yaml/dataset=citeseer/feature=raw/mechanism=mbm/x_eps=2/m=best/norm=false/smoother=hoa/backbone=sage/use_nfr=true/logs/grid_candidate_0599_attempt_1.log,
grid_candidate_0597,grid,grid_candidate_0597,completed,1,0,20.015387,/home/hzw/Rethinking_GNN_DP/paper_experiments/figure3/figure3_pipeline3.yaml/dataset=citeseer/feature=raw/mechanism=mbm/x_eps=2/m=best/norm=false/smoother=hoa/backbone=sage/use_nfr=true/logs/grid_candidate_0597_attempt_1.log,
grid_candidate_0613,grid,grid_candidate_0613,completed,1,0,15.346338,/home/hzw/Rethinking_GNN_DP/paper_experiments/figure3/figure3_pipeline3.yaml/dataset=citeseer/feature=raw/mechanism=mbm/x_eps=2/m=best/norm=false/smoother=hoa/backbone=sage/use_nfr=true/logs/grid_candidate_0613_attempt_1.log,
grid_candidate_0615,grid,grid_candidate_0615,completed,1,0,14.688899,/home/hzw/Rethinking_GNN_DP/paper_experiments/figure3/figure3_pipeline3.yaml/dataset=citeseer/feature=raw/mechanism=mbm/x_eps=2/m=best/norm=false/smoother=hoa/backbone=sage/use_nfr=true/logs/grid_candidate_0615_attempt_1.log,
grid_candidate_0614,grid,grid_candidate_0614,completed,1,0,16.212464,/home/hzw/Rethinking_GNN_DP/paper_experiments/figure3/figure3_pipeline3.yaml/dataset=citeseer/feature=raw/mechanism=mbm/x_eps=2/m=best/norm=false/smoother=hoa/backbone=sage/use_nfr=true/logs/grid_candidate_0614_attempt_1.log,
grid_candidate_0616,grid,grid_candidate_0616,completed,1,0,15.084979,/home/hzw/Rethinking_GNN_DP/paper_experiments/figure3/figure3_pipeline3.yaml/dataset=citeseer/feature=raw/mechanism=mbm/x_eps=2/m=best/norm=false/smoother=hoa/backbone=sage/use_nfr=true/logs/grid_candidate_0616_attempt_1.log,
grid_candidate_0617,grid,grid_candidate_0617,completed,1,0,14.874586,/home/hzw/Rethinking_GNN_DP/paper_experiments/figure3/figure3_pipeline3.yaml/dataset=citeseer/feature=raw/mechanism=mbm/x_eps=2/m=best/norm=false/smoother=hoa/backbone=sage/use_nfr=true/logs/grid_candidate_0617_attempt_1.log,
grid_candidate_0618,grid,grid_candidate_0618,completed,1,0,14.800488,/home/hzw/Rethinking_GNN_DP/paper_experiments/figure3/figure3_pipeline3.yaml/dataset=citeseer/feature=raw/mechanism=mbm/x_eps=2/m=best/norm=false/smoother=hoa/backbone=sage/use_nfr=true/logs/grid_candidate_0618_attempt_1.log,
grid_candidate_0620,grid,grid_candidate_0620,completed,1,0,14.466395,/home/hzw/Rethinking_GNN_DP/paper_experiments/figure3/figure3_pipeline3.yaml/dataset=citeseer/feature=raw/mechanism=mbm/x_eps=2/m=best/norm=false/smoother=hoa/backbone=sage/use_nfr=true/logs/grid_candidate_0620_attempt_1.log,
grid_candidate_0624,grid,grid_candidate_0624,completed,1,0,13.715228,/home/hzw/Rethinking_GNN_DP/paper_experiments/figure3/figure3_pipeline3.yaml/dataset=citeseer/feature=raw/mechanism=mbm/x_eps=2/m=best/norm=false/smoother=hoa/backbone=sage/use_nfr=true/logs/grid_candidate_0624_attempt_1.log,
grid_candidate_0626,grid,grid_candidate_0626,completed,1,0,14.627675,/home/hzw/Rethinking_GNN_DP/paper_experiments/figure3/figure3_pipeline3.yaml/dataset=citeseer/feature=raw/mechanism=mbm/x_eps=2/m=best/norm=false/smoother=hoa/backbone=sage/use_nfr=true/logs/grid_candidate_0626_attempt_1.log,
grid_candidate_0622,grid,grid_candidate_0622,completed,1,0,15.825790,/home/hzw/Rethinking_GNN_DP/paper_experiments/figure3/figure3_pipeline3.yaml/dataset=citeseer/feature=raw/mechanism=mbm/x_eps=2/m=best/norm=false/smoother=hoa/backbone=sage/use_nfr=true/logs/grid_candidate_0622_attempt_1.log,
grid_candidate_0628,grid,grid_candidate_0628,completed,1,0,13.036203,/home/hzw/Rethinking_GNN_DP/paper_experiments/figure3/figure3_pipeline3.yaml/dataset=citeseer/feature=raw/mechanism=mbm/x_eps=2/m=best/norm=false/smoother=hoa/backbone=sage/use_nfr=true/logs/grid_candidate_0628_attempt_1.log,
grid_candidate_0627,grid,grid_candidate_0627,completed,1,0,14.789359,/home/hzw/Rethinking_GNN_DP/paper_experiments/figure3/figure3_pipeline3.yaml/dataset=citeseer/feature=raw/mechanism=mbm/x_eps=2/m=best/norm=false/smoother=hoa/backbone=sage/use_nfr=true/logs/grid_candidate_0627_attempt_1.log,
grid_candidate_0629,grid,grid_candidate_0629,completed,1,0,13.008552,/home/hzw/Rethinking_GNN_DP/paper_experiments/figure3/figure3_pipeline3.yaml/dataset=citeseer/feature=raw/mechanism=mbm/x_eps=2/m=best/norm=false/smoother=hoa/backbone=sage/use_nfr=true/logs/grid_candidate_0629_attempt_1.log,
grid_candidate_0619,grid,grid_candidate_0619,completed,1,0,17.294582,/home/hzw/Rethinking_GNN_DP/paper_experiments/figure3/figure3_pipeline3.yaml/dataset=citeseer/feature=raw/mechanism=mbm/x_eps=2/m=best/norm=false/smoother=hoa/backbone=sage/use_nfr=true/logs/grid_candidate_0619_attempt_1.log,
grid_candidate_0621,grid,grid_candidate_0621,completed,1,0,16.810134,/home/hzw/Rethinking_GNN_DP/paper_experiments/figure3/figure3_pipeline3.yaml/dataset=citeseer/feature=raw/mechanism=mbm/x_eps=2/m=best/norm=false/smoother=hoa/backbone=sage/use_nfr=true/logs/grid_candidate_0621_attempt_1.log,
grid_candidate_0623,grid,grid_candidate_0623,completed,1,0,16.491463,/home/hzw/Rethinking_GNN_DP/paper_experiments/figure3/figure3_pipeline3.yaml/dataset=citeseer/feature=raw/mechanism=mbm/x_eps=2/m=best/norm=false/smoother=hoa/backbone=sage/use_nfr=true/logs/grid_candidate_0623_attempt_1.log,
grid_candidate_0625,grid,grid_candidate_0625,completed,1,0,16.067614,/home/hzw/Rethinking_GNN_DP/paper_experiments/figure3/figure3_pipeline3.yaml/dataset=citeseer/feature=raw/mechanism=mbm/x_eps=2/m=best/norm=false/smoother=hoa/backbone=sage/use_nfr=true/logs/grid_candidate_0625_attempt_1.log,
grid_candidate_0630,grid,grid_candidate_0630,completed,1,0,13.354304,/home/hzw/Rethinking_GNN_DP/paper_experiments/figure3/figure3_pipeline3.yaml/dataset=citeseer/feature=raw/mechanism=mbm/x_eps=2/m=best/norm=false/smoother=hoa/backbone=sage/use_nfr=true/logs/grid_candidate_0630_attempt_1.log,
grid_candidate_0632,grid,grid_candidate_0632,completed,1,0,12.620644,/home/hzw/Rethinking_GNN_DP/paper_experiments/figure3/figure3_pipeline3.yaml/dataset=citeseer/feature=raw/mechanism=mbm/x_eps=2/m=best/norm=false/smoother=hoa/backbone=sage/use_nfr=true/logs/grid_candidate_0632_attempt_1.log,
grid_candidate_0634,grid,grid_candidate_0634,completed,1,0,13.465856,/home/hzw/Rethinking_GNN_DP/paper_experiments/figure3/figure3_pipeline3.yaml/dataset=citeseer/feature=raw/mechanism=mbm/x_eps=2/m=best/norm=false/smoother=hoa/backbone=sage/use_nfr=true/logs/grid_candidate_0634_attempt_1.log,
grid_candidate_0631,grid,grid_candidate_0631,completed,1,0,14.484912,/home/hzw/Rethinking_GNN_DP/paper_experiments/figure3/figure3_pipeline3.yaml/dataset=citeseer/feature=raw/mechanism=mbm/x_eps=2/m=best/norm=false/smoother=hoa/backbone=sage/use_nfr=true/logs/grid_candidate_0631_attempt_1.log,
grid_candidate_0635,grid,grid_candidate_0635,completed,1,0,14.657577,/home/hzw/Rethinking_GNN_DP/paper_experiments/figure3/figure3_pipeline3.yaml/dataset=citeseer/feature=raw/mechanism=mbm/x_eps=2/m=best/norm=false/smoother=hoa/backbone=sage/use_nfr=true/logs/grid_candidate_0635_attempt_1.log,
grid_candidate_0636,grid,grid_candidate_0636,completed,1,0,15.110168,/home/hzw/Rethinking_GNN_DP/paper_experiments/figure3/figure3_pipeline3.yaml/dataset=citeseer/feature=raw/mechanism=mbm/x_eps=2/m=best/norm=false/smoother=hoa/backbone=sage/use_nfr=true/logs/grid_candidate_0636_attempt_1.log,
grid_candidate_0639,grid,grid_candidate_0639,completed,1,0,15.952896,/home/hzw/Rethinking_GNN_DP/paper_experiments/figure3/figure3_pipeline3.yaml/dataset=citeseer/feature=raw/mechanism=mbm/x_eps=2/m=best/norm=false/smoother=hoa/backbone=sage/use_nfr=true/logs/grid_candidate_0639_attempt_1.log,
grid_candidate_0633,grid,grid_candidate_0633,completed,1,0,17.523661,/home/hzw/Rethinking_GNN_DP/paper_experiments/figure3/figure3_pipeline3.yaml/dataset=citeseer/feature=raw/mechanism=mbm/x_eps=2/m=best/norm=false/smoother=hoa/backbone=sage/use_nfr=true/logs/grid_candidate_0633_attempt_1.log,
grid_candidate_0645,grid,grid_candidate_0645,completed,1,0,15.766038,/home/hzw/Rethinking_GNN_DP/paper_experiments/figure3/figure3_pipeline3.yaml/dataset=citeseer/feature=raw/mechanism=mbm/x_eps=2/m=best/norm=false/smoother=hoa/backbone=sage/use_nfr=true/logs/grid_candidate_0645_attempt_1.log,
grid_candidate_0637,grid,grid_candidate_0637,completed,1,0,17.171842,/home/hzw/Rethinking_GNN_DP/paper_experiments/figure3/figure3_pipeline3.yaml/dataset=citeseer/feature=raw/mechanism=mbm/x_eps=2/m=best/norm=false/smoother=hoa/backbone=sage/use_nfr=true/logs/grid_candidate_0637_attempt_1.log,
grid_candidate_0647,grid,grid_candidate_0647,completed,1,0,15.807082,/home/hzw/Rethinking_GNN_DP/paper_experiments/figure3/figure3_pipeline3.yaml/dataset=citeseer/feature=raw/mechanism=mbm/x_eps=2/m=best/norm=false/smoother=hoa/backbone=sage/use_nfr=true/logs/grid_candidate_0647_attempt_1.log,
grid_candidate_0649,grid,grid_candidate_0649,completed,1,0,12.195614,/home/hzw/Rethinking_GNN_DP/paper_experiments/figure3/figure3_pipeline3.yaml/dataset=citeseer/feature=raw/mechanism=mbm/x_eps=2/m=best/norm=false/smoother=hoa/backbone=sage/use_nfr=true/logs/grid_candidate_0649_attempt_1.log,
grid_candidate_0638,grid,grid_candidate_0638,completed,1,0,17.460223,/home/hzw/Rethinking_GNN_DP/paper_experiments/figure3/figure3_pipeline3.yaml/dataset=citeseer/feature=raw/mechanism=mbm/x_eps=2/m=best/norm=false/smoother=hoa/backbone=sage/use_nfr=true/logs/grid_candidate_0638_attempt_1.log,
grid_candidate_0641,grid,grid_candidate_0641,completed,1,0,17.108967,/home/hzw/Rethinking_GNN_DP/paper_experiments/figure3/figure3_pipeline3.yaml/dataset=citeseer/feature=raw/mechanism=mbm/x_eps=2/m=best/norm=false/smoother=hoa/backbone=sage/use_nfr=true/logs/grid_candidate_0641_attempt_1.log,
grid_candidate_0646,grid,grid_candidate_0646,completed,1,0,16.297650,/home/hzw/Rethinking_GNN_DP/paper_experiments/figure3/figure3_pipeline3.yaml/dataset=citeseer/feature=raw/mechanism=mbm/x_eps=2/m=best/norm=false/smoother=hoa/backbone=sage/use_nfr=true/logs/grid_candidate_0646_attempt_1.log,
grid_candidate_0640,grid,grid_candidate_0640,completed,1,0,17.585472,/home/hzw/Rethinking_GNN_DP/paper_experiments/figure3/figure3_pipeline3.yaml/dataset=citeseer/feature=raw/mechanism=mbm/x_eps=2/m=best/norm=false/smoother=hoa/backbone=sage/use_nfr=true/logs/grid_candidate_0640_attempt_1.log,
grid_candidate_0642,grid,grid_candidate_0642,completed,1,0,17.315683,/home/hzw/Rethinking_GNN_DP/paper_experiments/figure3/figure3_pipeline3.yaml/dataset=citeseer/feature=raw/mechanism=mbm/x_eps=2/m=best/norm=false/smoother=hoa/backbone=sage/use_nfr=true/logs/grid_candidate_0642_attempt_1.log,
grid_candidate_0643,grid,grid_candidate_0643,completed,1,0,17.215085,/home/hzw/Rethinking_GNN_DP/paper_experiments/figure3/figure3_pipeline3.yaml/dataset=citeseer/feature=raw/mechanism=mbm/x_eps=2/m=best/norm=false/smoother=hoa/backbone=sage/use_nfr=true/logs/grid_candidate_0643_attempt_1.log,
grid_candidate_0644,grid,grid_candidate_0644,completed,1,0,17.014970,/home/hzw/Rethinking_GNN_DP/paper_experiments/figure3/figure3_pipeline3.yaml/dataset=citeseer/feature=raw/mechanism=mbm/x_eps=2/m=best/norm=false/smoother=hoa/backbone=sage/use_nfr=true/logs/grid_candidate_0644_attempt_1.log,
grid_candidate_0650,grid,grid_candidate_0650,completed,1,0,12.860626,/home/hzw/Rethinking_GNN_DP/paper_experiments/figure3/figure3_pipeline3.yaml/dataset=citeseer/feature=raw/mechanism=mbm/x_eps=2/m=best/norm=false/smoother=hoa/backbone=sage/use_nfr=true/logs/grid_candidate_0650_attempt_1.log,
grid_candidate_0648,grid,grid_candidate_0648,completed,1,0,15.042417,/home/hzw/Rethinking_GNN_DP/paper_experiments/figure3/figure3_pipeline3.yaml/dataset=citeseer/feature=raw/mechanism=mbm/x_eps=2/m=best/norm=false/smoother=hoa/backbone=sage/use_nfr=true/logs/grid_candidate_0648_attempt_1.log,
grid_candidate_0655,grid,grid_candidate_0655,completed,1,0,12.805280,/home/hzw/Rethinking_GNN_DP/paper_experiments/figure3/figure3_pipeline3.yaml/dataset=citeseer/feature=raw/mechanism=mbm/x_eps=2/m=best/norm=false/smoother=hoa/backbone=sage/use_nfr=true/logs/grid_candidate_0655_attempt_1.log,
grid_candidate_0653,grid,grid_candidate_0653,completed,1,0,13.268274,/home/hzw/Rethinking_GNN_DP/paper_experiments/figure3/figure3_pipeline3.yaml/dataset=citeseer/feature=raw/mechanism=mbm/x_eps=2/m=best/norm=false/smoother=hoa/backbone=sage/use_nfr=true/logs/grid_candidate_0653_attempt_1.log,
grid_candidate_0651,grid,grid_candidate_0651,completed,1,0,14.335802,/home/hzw/Rethinking_GNN_DP/paper_experiments/figure3/figure3_pipeline3.yaml/dataset=citeseer/feature=raw/mechanism=mbm/x_eps=2/m=best/norm=false/smoother=hoa/backbone=sage/use_nfr=true/logs/grid_candidate_0651_attempt_1.log,
grid_candidate_0654,grid,grid_candidate_0654,completed,1,0,14.585221,/home/hzw/Rethinking_GNN_DP/paper_experiments/figure3/figure3_pipeline3.yaml/dataset=citeseer/feature=raw/mechanism=mbm/x_eps=2/m=best/norm=false/smoother=hoa/backbone=sage/use_nfr=true/logs/grid_candidate_0654_attempt_1.log,
grid_candidate_0652,grid,grid_candidate_0652,completed,1,0,15.616098,/home/hzw/Rethinking_GNN_DP/paper_experiments/figure3/figure3_pipeline3.yaml/dataset=citeseer/feature=raw/mechanism=mbm/x_eps=2/m=best/norm=false/smoother=hoa/backbone=sage/use_nfr=true/logs/grid_candidate_0652_attempt_1.log,
grid_candidate_0656,grid,grid_candidate_0656,completed,1,0,15.477643,/home/hzw/Rethinking_GNN_DP/paper_experiments/figure3/figure3_pipeline3.yaml/dataset=citeseer/feature=raw/mechanism=mbm/x_eps=2/m=best/norm=false/smoother=hoa/backbone=sage/use_nfr=true/logs/grid_candidate_0656_attempt_1.log,
grid_candidate_0659,grid,grid_candidate_0659,completed,1,0,13.973739,/home/hzw/Rethinking_GNN_DP/paper_experiments/figure3/figure3_pipeline3.yaml/dataset=citeseer/feature=raw/mechanism=mbm/x_eps=2/m=best/norm=false/smoother=hoa/backbone=sage/use_nfr=true/logs/grid_candidate_0659_attempt_1.log,
grid_candidate_0667,grid,grid_candidate_0667,completed,1,0,12.232441,/home/hzw/Rethinking_GNN_DP/paper_experiments/figure3/figure3_pipeline3.yaml/dataset=citeseer/feature=raw/mechanism=mbm/x_eps=2/m=best/norm=false/smoother=hoa/backbone=sage/use_nfr=true/logs/grid_candidate_0667_attempt_1.log,
grid_candidate_0658,grid,grid_candidate_0658,completed,1,0,14.936851,/home/hzw/Rethinking_GNN_DP/paper_experiments/figure3/figure3_pipeline3.yaml/dataset=citeseer/feature=raw/mechanism=mbm/x_eps=2/m=best/norm=false/smoother=hoa/backbone=sage/use_nfr=true/logs/grid_candidate_0658_attempt_1.log,
grid_candidate_0668,grid,grid_candidate_0668,completed,1,0,11.699770,/home/hzw/Rethinking_GNN_DP/paper_experiments/figure3/figure3_pipeline3.yaml/dataset=citeseer/feature=raw/mechanism=mbm/x_eps=2/m=best/norm=false/smoother=hoa/backbone=sage/use_nfr=true/logs/grid_candidate_0668_attempt_1.log,
grid_candidate_0661,grid,grid_candidate_0661,completed,1,0,15.437596,/home/hzw/Rethinking_GNN_DP/paper_experiments/figure3/figure3_pipeline3.yaml/dataset=citeseer/feature=raw/mechanism=mbm/x_eps=2/m=best/norm=false/smoother=hoa/backbone=sage/use_nfr=true/logs/grid_candidate_0661_attempt_1.log,
grid_candidate_0666,grid,grid_candidate_0666,completed,1,0,14.775528,/home/hzw/Rethinking_GNN_DP/paper_experiments/figure3/figure3_pipeline3.yaml/dataset=citeseer/feature=raw/mechanism=mbm/x_eps=2/m=best/norm=false/smoother=hoa/backbone=sage/use_nfr=true/logs/grid_candidate_0666_attempt_1.log,
grid_candidate_0669,grid,grid_candidate_0669,completed,1,0,11.928747,/home/hzw/Rethinking_GNN_DP/paper_experiments/figure3/figure3_pipeline3.yaml/dataset=citeseer/feature=raw/mechanism=mbm/x_eps=2/m=best/norm=false/smoother=hoa/backbone=sage/use_nfr=true/logs/grid_candidate_0669_attempt_1.log,
grid_candidate_0663,grid,grid_candidate_0663,completed,1,0,15.605106,/home/hzw/Rethinking_GNN_DP/paper_experiments/figure3/figure3_pipeline3.yaml/dataset=citeseer/feature=raw/mechanism=mbm/x_eps=2/m=best/norm=false/smoother=hoa/backbone=sage/use_nfr=true/logs/grid_candidate_0663_attempt_1.log,
grid_candidate_0657,grid,grid_candidate_0657,completed,1,0,16.800736,/home/hzw/Rethinking_GNN_DP/paper_experiments/figure3/figure3_pipeline3.yaml/dataset=citeseer/feature=raw/mechanism=mbm/x_eps=2/m=best/norm=false/smoother=hoa/backbone=sage/use_nfr=true/logs/grid_candidate_0657_attempt_1.log,
grid_candidate_0660,grid,grid_candidate_0660,completed,1,0,16.505929,/home/hzw/Rethinking_GNN_DP/paper_experiments/figure3/figure3_pipeline3.yaml/dataset=citeseer/feature=raw/mechanism=mbm/x_eps=2/m=best/norm=false/smoother=hoa/backbone=sage/use_nfr=true/logs/grid_candidate_0660_attempt_1.log,
grid_candidate_0670,grid,grid_candidate_0670,completed,1,0,11.667995,/home/hzw/Rethinking_GNN_DP/paper_experiments/figure3/figure3_pipeline3.yaml/dataset=citeseer/feature=raw/mechanism=mbm/x_eps=2/m=best/norm=false/smoother=hoa/backbone=sage/use_nfr=true/logs/grid_candidate_0670_attempt_1.log,
grid_candidate_0665,grid,grid_candidate_0665,completed,1,0,16.007303,/home/hzw/Rethinking_GNN_DP/paper_experiments/figure3/figure3_pipeline3.yaml/dataset=citeseer/feature=raw/mechanism=mbm/x_eps=2/m=best/norm=false/smoother=hoa/backbone=sage/use_nfr=true/logs/grid_candidate_0665_attempt_1.log,
grid_candidate_0662,grid,grid_candidate_0662,completed,1,0,16.510039,/home/hzw/Rethinking_GNN_DP/paper_experiments/figure3/figure3_pipeline3.yaml/dataset=citeseer/feature=raw/mechanism=mbm/x_eps=2/m=best/norm=false/smoother=hoa/backbone=sage/use_nfr=true/logs/grid_candidate_0662_attempt_1.log,
grid_candidate_0664,grid,grid_candidate_0664,completed,1,0,16.308820,/home/hzw/Rethinking_GNN_DP/paper_experiments/figure3/figure3_pipeline3.yaml/dataset=citeseer/feature=raw/mechanism=mbm/x_eps=2/m=best/norm=false/smoother=hoa/backbone=sage/use_nfr=true/logs/grid_candidate_0664_attempt_1.log,
grid_candidate_0671,grid,grid_candidate_0671,completed,1,0,11.925245,/home/hzw/Rethinking_GNN_DP/paper_experiments/figure3/figure3_pipeline3.yaml/dataset=citeseer/feature=raw/mechanism=mbm/x_eps=2/m=best/norm=false/smoother=hoa/backbone=sage/use_nfr=true/logs/grid_candidate_0671_attempt_1.log,
grid_candidate_0672,grid,grid_candidate_0672,completed,1,0,12.997756,/home/hzw/Rethinking_GNN_DP/paper_experiments/figure3/figure3_pipeline3.yaml/dataset=citeseer/feature=raw/mechanism=mbm/x_eps=2/m=best/norm=false/smoother=hoa/backbone=sage/use_nfr=true/logs/grid_candidate_0672_attempt_1.log,
grid_candidate_0674,grid,grid_candidate_0674,completed,1,0,12.870460,/home/hzw/Rethinking_GNN_DP/paper_experiments/figure3/figure3_pipeline3.yaml/dataset=citeseer/feature=raw/mechanism=mbm/x_eps=2/m=best/norm=false/smoother=hoa/backbone=sage/use_nfr=true/logs/grid_candidate_0674_attempt_1.log,
grid_candidate_0677,grid,grid_candidate_0677,completed,1,0,13.366191,/home/hzw/Rethinking_GNN_DP/paper_experiments/figure3/figure3_pipeline3.yaml/dataset=citeseer/feature=raw/mechanism=mbm/x_eps=2/m=best/norm=false/smoother=hoa/backbone=sage/use_nfr=true/logs/grid_candidate_0677_attempt_1.log,
grid_candidate_0675,grid,grid_candidate_0675,completed,1,0,14.599909,/home/hzw/Rethinking_GNN_DP/paper_experiments/figure3/figure3_pipeline3.yaml/dataset=citeseer/feature=raw/mechanism=mbm/x_eps=2/m=best/norm=false/smoother=hoa/backbone=sage/use_nfr=true/logs/grid_candidate_0675_attempt_1.log,
grid_candidate_0673,grid,grid_candidate_0673,completed,1,0,15.151712,/home/hzw/Rethinking_GNN_DP/paper_experiments/figure3/figure3_pipeline3.yaml/dataset=citeseer/feature=raw/mechanism=mbm/x_eps=2/m=best/norm=false/smoother=hoa/backbone=sage/use_nfr=true/logs/grid_candidate_0673_attempt_1.log,
grid_candidate_0678,grid,grid_candidate_0678,completed,1,0,14.464233,/home/hzw/Rethinking_GNN_DP/paper_experiments/figure3/figure3_pipeline3.yaml/dataset=citeseer/feature=raw/mechanism=mbm/x_eps=2/m=best/norm=false/smoother=hoa/backbone=sage/use_nfr=true/logs/grid_candidate_0678_attempt_1.log,
grid_candidate_0680,grid,grid_candidate_0680,completed,1,0,15.231593,/home/hzw/Rethinking_GNN_DP/paper_experiments/figure3/figure3_pipeline3.yaml/dataset=citeseer/feature=raw/mechanism=mbm/x_eps=2/m=best/norm=false/smoother=hoa/backbone=sage/use_nfr=true/logs/grid_candidate_0680_attempt_1.log,
grid_candidate_0684,grid,grid_candidate_0684,completed,1,0,15.111779,/home/hzw/Rethinking_GNN_DP/paper_experiments/figure3/figure3_pipeline3.yaml/dataset=citeseer/feature=raw/mechanism=mbm/x_eps=2/m=best/norm=false/smoother=hoa/backbone=sage/use_nfr=true/logs/grid_candidate_0684_attempt_1.log,
grid_candidate_0676,grid,grid_candidate_0676,completed,1,0,16.246070,/home/hzw/Rethinking_GNN_DP/paper_experiments/figure3/figure3_pipeline3.yaml/dataset=citeseer/feature=raw/mechanism=mbm/x_eps=2/m=best/norm=false/smoother=hoa/backbone=sage/use_nfr=true/logs/grid_candidate_0676_attempt_1.log,
grid_candidate_0679,grid,grid_candidate_0679,completed,1,0,16.021120,/home/hzw/Rethinking_GNN_DP/paper_experiments/figure3/figure3_pipeline3.yaml/dataset=citeseer/feature=raw/mechanism=mbm/x_eps=2/m=best/norm=false/smoother=hoa/backbone=sage/use_nfr=true/logs/grid_candidate_0679_attempt_1.log,
grid_candidate_0685,grid,grid_candidate_0685,completed,1,0,15.332745,/home/hzw/Rethinking_GNN_DP/paper_experiments/figure3/figure3_pipeline3.yaml/dataset=citeseer/feature=raw/mechanism=mbm/x_eps=2/m=best/norm=false/smoother=hoa/backbone=sage/use_nfr=true/logs/grid_candidate_0685_attempt_1.log,
grid_candidate_0687,grid,grid_candidate_0687,completed,1,0,13.914061,/home/hzw/Rethinking_GNN_DP/paper_experiments/figure3/figure3_pipeline3.yaml/dataset=citeseer/feature=raw/mechanism=mbm/x_eps=2/m=best/norm=false/smoother=hoa/backbone=sage/use_nfr=true/logs/grid_candidate_0687_attempt_1.log,
grid_candidate_0689,grid,grid_candidate_0689,completed,1,0,13.592379,/home/hzw/Rethinking_GNN_DP/paper_experiments/figure3/figure3_pipeline3.yaml/dataset=citeseer/feature=raw/mechanism=mbm/x_eps=2/m=best/norm=false/smoother=hoa/backbone=sage/use_nfr=true/logs/grid_candidate_0689_attempt_1.log,
grid_candidate_0688,grid,grid_candidate_0688,completed,1,0,14.071876,/home/hzw/Rethinking_GNN_DP/paper_experiments/figure3/figure3_pipeline3.yaml/dataset=citeseer/feature=raw/mechanism=mbm/x_eps=2/m=best/norm=false/smoother=hoa/backbone=sage/use_nfr=true/logs/grid_candidate_0688_attempt_1.log,
grid_candidate_0682,grid,grid_candidate_0682,completed,1,0,16.414097,/home/hzw/Rethinking_GNN_DP/paper_experiments/figure3/figure3_pipeline3.yaml/dataset=citeseer/feature=raw/mechanism=mbm/x_eps=2/m=best/norm=false/smoother=hoa/backbone=sage/use_nfr=true/logs/grid_candidate_0682_attempt_1.log,
grid_candidate_0683,grid,grid_candidate_0683,completed,1,0,16.313669,/home/hzw/Rethinking_GNN_DP/paper_experiments/figure3/figure3_pipeline3.yaml/dataset=citeseer/feature=raw/mechanism=mbm/x_eps=2/m=best/norm=false/smoother=hoa/backbone=sage/use_nfr=true/logs/grid_candidate_0683_attempt_1.log,
grid_candidate_0690,grid,grid_candidate_0690,completed,1,0,13.042026,/home/hzw/Rethinking_GNN_DP/paper_experiments/figure3/figure3_pipeline3.yaml/dataset=citeseer/feature=raw/mechanism=mbm/x_eps=2/m=best/norm=false/smoother=hoa/backbone=sage/use_nfr=true/logs/grid_candidate_0690_attempt_1.log,
grid_candidate_0681,grid,grid_candidate_0681,completed,1,0,16.967992,/home/hzw/Rethinking_GNN_DP/paper_experiments/figure3/figure3_pipeline3.yaml/dataset=citeseer/feature=raw/mechanism=mbm/x_eps=2/m=best/norm=false/smoother=hoa/backbone=sage/use_nfr=true/logs/grid_candidate_0681_attempt_1.log,
grid_candidate_0686,grid,grid_candidate_0686,completed,1,0,17.195259,/home/hzw/Rethinking_GNN_DP/paper_experiments/figure3/figure3_pipeline3.yaml/dataset=citeseer/feature=raw/mechanism=mbm/x_eps=2/m=best/norm=false/smoother=hoa/backbone=sage/use_nfr=true/logs/grid_candidate_0686_attempt_1.log,
grid_candidate_0692,grid,grid_candidate_0692,completed,1,0,14.045122,/home/hzw/Rethinking_GNN_DP/paper_experiments/figure3/figure3_pipeline3.yaml/dataset=citeseer/feature=raw/mechanism=mbm/x_eps=2/m=best/norm=false/smoother=hoa/backbone=sage/use_nfr=true/logs/grid_candidate_0692_attempt_1.log,
grid_candidate_0691,grid,grid_candidate_0691,completed,1,0,14.878923,/home/hzw/Rethinking_GNN_DP/paper_experiments/figure3/figure3_pipeline3.yaml/dataset=citeseer/feature=raw/mechanism=mbm/x_eps=2/m=best/norm=false/smoother=hoa/backbone=sage/use_nfr=true/logs/grid_candidate_0691_attempt_1.log,
grid_candidate_0696,grid,grid_candidate_0696,completed,1,0,12.969363,/home/hzw/Rethinking_GNN_DP/paper_experiments/figure3/figure3_pipeline3.yaml/dataset=citeseer/feature=raw/mechanism=mbm/x_eps=2/m=best/norm=false/smoother=hoa/backbone=sage/use_nfr=true/logs/grid_candidate_0696_attempt_1.log,
grid_candidate_0693,grid,grid_candidate_0693,completed,1,0,14.629227,/home/hzw/Rethinking_GNN_DP/paper_experiments/figure3/figure3_pipeline3.yaml/dataset=citeseer/feature=raw/mechanism=mbm/x_eps=2/m=best/norm=false/smoother=hoa/backbone=sage/use_nfr=true/logs/grid_candidate_0693_attempt_1.log,
grid_candidate_0698,grid,grid_candidate_0698,completed,1,0,14.459899,/home/hzw/Rethinking_GNN_DP/paper_experiments/figure3/figure3_pipeline3.yaml/dataset=citeseer/feature=raw/mechanism=mbm/x_eps=2/m=best/norm=false/smoother=hoa/backbone=sage/use_nfr=true/logs/grid_candidate_0698_attempt_1.log,
grid_candidate_0700,grid,grid_candidate_0700,completed,1,0,14.315921,/home/hzw/Rethinking_GNN_DP/paper_experiments/figure3/figure3_pipeline3.yaml/dataset=citeseer/feature=raw/mechanism=mbm/x_eps=2/m=best/norm=false/smoother=hoa/backbone=sage/use_nfr=true/logs/grid_candidate_0700_attempt_1.log,
grid_candidate_0699,grid,grid_candidate_0699,completed,1,0,14.797517,/home/hzw/Rethinking_GNN_DP/paper_experiments/figure3/figure3_pipeline3.yaml/dataset=citeseer/feature=raw/mechanism=mbm/x_eps=2/m=best/norm=false/smoother=hoa/backbone=sage/use_nfr=true/logs/grid_candidate_0699_attempt_1.log,
grid_candidate_0694,grid,grid_candidate_0694,completed,1,0,16.461553,/home/hzw/Rethinking_GNN_DP/paper_experiments/figure3/figure3_pipeline3.yaml/dataset=citeseer/feature=raw/mechanism=mbm/x_eps=2/m=best/norm=false/smoother=hoa/backbone=sage/use_nfr=true/logs/grid_candidate_0694_attempt_1.log,
grid_candidate_0707,grid,grid_candidate_0707,completed,1,0,13.693047,/home/hzw/Rethinking_GNN_DP/paper_experiments/figure3/figure3_pipeline3.yaml/dataset=citeseer/feature=raw/mechanism=mbm/x_eps=2/m=best/norm=false/smoother=hoa/backbone=sage/use_nfr=true/logs/grid_candidate_0707_attempt_1.log,
grid_candidate_0697,grid,grid_candidate_0697,completed,1,0,15.963204,/home/hzw/Rethinking_GNN_DP/paper_experiments/figure3/figure3_pipeline3.yaml/dataset=citeseer/feature=raw/mechanism=mbm/x_eps=2/m=best/norm=false/smoother=hoa/backbone=sage/use_nfr=true/logs/grid_candidate_0697_attempt_1.log,
grid_candidate_0703,grid,grid_candidate_0703,completed,1,0,15.874825,/home/hzw/Rethinking_GNN_DP/paper_experiments/figure3/figure3_pipeline3.yaml/dataset=citeseer/feature=raw/mechanism=mbm/x_eps=2/m=best/norm=false/smoother=hoa/backbone=sage/use_nfr=true/logs/grid_candidate_0703_attempt_1.log,
grid_candidate_0708,grid,grid_candidate_0708,completed,1,0,12.667168,/home/hzw/Rethinking_GNN_DP/paper_experiments/figure3/figure3_pipeline3.yaml/dataset=citeseer/feature=raw/mechanism=mbm/x_eps=2/m=best/norm=false/smoother=hoa/backbone=sage/use_nfr=true/logs/grid_candidate_0708_attempt_1.log,
grid_candidate_0695,grid,grid_candidate_0695,completed,1,0,18.310851,/home/hzw/Rethinking_GNN_DP/paper_experiments/figure3/figure3_pipeline3.yaml/dataset=citeseer/feature=raw/mechanism=mbm/x_eps=2/m=best/norm=false/smoother=hoa/backbone=sage/use_nfr=true/logs/grid_candidate_0695_attempt_1.log,
grid_candidate_0709,grid,grid_candidate_0709,completed,1,0,14.007559,/home/hzw/Rethinking_GNN_DP/paper_experiments/figure3/figure3_pipeline3.yaml/dataset=citeseer/feature=raw/mechanism=mbm/x_eps=2/m=best/norm=false/smoother=hoa/backbone=sage/use_nfr=true/logs/grid_candidate_0709_attempt_1.log,
grid_candidate_0705,grid,grid_candidate_0705,completed,1,0,18.469666,/home/hzw/Rethinking_GNN_DP/paper_experiments/figure3/figure3_pipeline3.yaml/dataset=citeseer/feature=raw/mechanism=mbm/x_eps=2/m=best/norm=false/smoother=hoa/backbone=sage/use_nfr=true/logs/grid_candidate_0705_attempt_1.log,
grid_candidate_0706,grid,grid_candidate_0706,completed,1,0,18.706029,/home/hzw/Rethinking_GNN_DP/paper_experiments/figure3/figure3_pipeline3.yaml/dataset=citeseer/feature=raw/mechanism=mbm/x_eps=2/m=best/norm=false/smoother=hoa/backbone=sage/use_nfr=true/logs/grid_candidate_0706_attempt_1.log,
grid_candidate_0704,grid,grid_candidate_0704,completed,1,0,19.121003,/home/hzw/Rethinking_GNN_DP/paper_experiments/figure3/figure3_pipeline3.yaml/dataset=citeseer/feature=raw/mechanism=mbm/x_eps=2/m=best/norm=false/smoother=hoa/backbone=sage/use_nfr=true/logs/grid_candidate_0704_attempt_1.log,
grid_candidate_0710,grid,grid_candidate_0710,completed,1,0,14.671705,/home/hzw/Rethinking_GNN_DP/paper_experiments/figure3/figure3_pipeline3.yaml/dataset=citeseer/feature=raw/mechanism=mbm/x_eps=2/m=best/norm=false/smoother=hoa/backbone=sage/use_nfr=true/logs/grid_candidate_0710_attempt_1.log,
grid_candidate_0701,grid,grid_candidate_0701,completed,1,0,19.950784,/home/hzw/Rethinking_GNN_DP/paper_experiments/figure3/figure3_pipeline3.yaml/dataset=citeseer/feature=raw/mechanism=mbm/x_eps=2/m=best/norm=false/smoother=hoa/backbone=sage/use_nfr=true/logs/grid_candidate_0701_attempt_1.log,
grid_candidate_0711,grid,grid_candidate_0711,completed,1,0,13.947839,/home/hzw/Rethinking_GNN_DP/paper_experiments/figure3/figure3_pipeline3.yaml/dataset=citeseer/feature=raw/mechanism=mbm/x_eps=2/m=best/norm=false/smoother=hoa/backbone=sage/use_nfr=true/logs/grid_candidate_0711_attempt_1.log,
grid_candidate_0702,grid,grid_candidate_0702,completed,1,0,20.090197,/home/hzw/Rethinking_GNN_DP/paper_experiments/figure3/figure3_pipeline3.yaml/dataset=citeseer/feature=raw/mechanism=mbm/x_eps=2/m=best/norm=false/smoother=hoa/backbone=sage/use_nfr=true/logs/grid_candidate_0702_attempt_1.log,
grid_candidate_0714,grid,grid_candidate_0714,completed,1,0,13.370439,/home/hzw/Rethinking_GNN_DP/paper_experiments/figure3/figure3_pipeline3.yaml/dataset=citeseer/feature=raw/mechanism=mbm/x_eps=2/m=best/norm=false/smoother=hoa/backbone=sage/use_nfr=true/logs/grid_candidate_0714_attempt_1.log,
grid_candidate_0719,grid,grid_candidate_0719,completed,1,0,12.770842,/home/hzw/Rethinking_GNN_DP/paper_experiments/figure3/figure3_pipeline3.yaml/dataset=citeseer/feature=raw/mechanism=mbm/x_eps=2/m=best/norm=false/smoother=hoa/backbone=sage/use_nfr=true/logs/grid_candidate_0719_attempt_1.log,
grid_candidate_0712,grid,grid_candidate_0712,completed,1,0,15.212954,/home/hzw/Rethinking_GNN_DP/paper_experiments/figure3/figure3_pipeline3.yaml/dataset=citeseer/feature=raw/mechanism=mbm/x_eps=2/m=best/norm=false/smoother=hoa/backbone=sage/use_nfr=true/logs/grid_candidate_0712_attempt_1.log,
grid_candidate_0713,grid,grid_candidate_0713,completed,1,0,15.096355,/home/hzw/Rethinking_GNN_DP/paper_experiments/figure3/figure3_pipeline3.yaml/dataset=citeseer/feature=raw/mechanism=mbm/x_eps=2/m=best/norm=false/smoother=hoa/backbone=sage/use_nfr=true/logs/grid_candidate_0713_attempt_1.log,
grid_candidate_0715,grid,grid_candidate_0715,completed,1,0,14.687143,/home/hzw/Rethinking_GNN_DP/paper_experiments/figure3/figure3_pipeline3.yaml/dataset=citeseer/feature=raw/mechanism=mbm/x_eps=2/m=best/norm=false/smoother=hoa/backbone=sage/use_nfr=true/logs/grid_candidate_0715_attempt_1.log,
grid_candidate_0722,grid,grid_candidate_0722,completed,1,0,13.760772,/home/hzw/Rethinking_GNN_DP/paper_experiments/figure3/figure3_pipeline3.yaml/dataset=citeseer/feature=raw/mechanism=mbm/x_eps=2/m=best/norm=false/smoother=hoa/backbone=sage/use_nfr=true/logs/grid_candidate_0722_attempt_1.log,
grid_candidate_0721,grid,grid_candidate_0721,completed,1,0,14.110977,/home/hzw/Rethinking_GNN_DP/paper_experiments/figure3/figure3_pipeline3.yaml/dataset=citeseer/feature=raw/mechanism=mbm/x_eps=2/m=best/norm=false/smoother=hoa/backbone=sage/use_nfr=true/logs/grid_candidate_0721_attempt_1.log,
grid_candidate_0716,grid,grid_candidate_0716,completed,1,0,15.020926,/home/hzw/Rethinking_GNN_DP/paper_experiments/figure3/figure3_pipeline3.yaml/dataset=citeseer/feature=raw/mechanism=mbm/x_eps=2/m=best/norm=false/smoother=hoa/backbone=sage/use_nfr=true/logs/grid_candidate_0716_attempt_1.log,
grid_candidate_0723,grid,grid_candidate_0723,completed,1,0,13.993090,/home/hzw/Rethinking_GNN_DP/paper_experiments/figure3/figure3_pipeline3.yaml/dataset=citeseer/feature=raw/mechanism=mbm/x_eps=2/m=best/norm=false/smoother=hoa/backbone=sage/use_nfr=true/logs/grid_candidate_0723_attempt_1.log,
grid_candidate_0724,grid,grid_candidate_0724,completed,1,0,14.100850,/home/hzw/Rethinking_GNN_DP/paper_experiments/figure3/figure3_pipeline3.yaml/dataset=citeseer/feature=raw/mechanism=mbm/x_eps=2/m=best/norm=false/smoother=hoa/backbone=sage/use_nfr=true/logs/grid_candidate_0724_attempt_1.log,
grid_candidate_0729,grid,grid_candidate_0729,completed,1,0,11.925251,/home/hzw/Rethinking_GNN_DP/paper_experiments/figure3/figure3_pipeline3.yaml/dataset=citeseer/feature=raw/mechanism=mbm/x_eps=2/m=best/norm=false/smoother=hoa/backbone=sage/use_nfr=true/logs/grid_candidate_0729_attempt_1.log,
grid_candidate_0720,grid,grid_candidate_0720,completed,1,0,15.737011,/home/hzw/Rethinking_GNN_DP/paper_experiments/figure3/figure3_pipeline3.yaml/dataset=citeseer/feature=raw/mechanism=mbm/x_eps=2/m=best/norm=false/smoother=hoa/backbone=sage/use_nfr=true/logs/grid_candidate_0720_attempt_1.log,
grid_candidate_0725,grid,grid_candidate_0725,completed,1,0,15.115014,/home/hzw/Rethinking_GNN_DP/paper_experiments/figure3/figure3_pipeline3.yaml/dataset=citeseer/feature=raw/mechanism=mbm/x_eps=2/m=best/norm=false/smoother=hoa/backbone=sage/use_nfr=true/logs/grid_candidate_0725_attempt_1.log,
grid_candidate_0717,grid,grid_candidate_0717,completed,1,0,16.475343,/home/hzw/Rethinking_GNN_DP/paper_experiments/figure3/figure3_pipeline3.yaml/dataset=citeseer/feature=raw/mechanism=mbm/x_eps=2/m=best/norm=false/smoother=hoa/backbone=sage/use_nfr=true/logs/grid_candidate_0717_attempt_1.log,
grid_candidate_0730,grid,grid_candidate_0730,completed,1,0,12.557952,/home/hzw/Rethinking_GNN_DP/paper_experiments/figure3/figure3_pipeline3.yaml/dataset=citeseer/feature=raw/mechanism=mbm/x_eps=2/m=best/norm=false/smoother=hoa/backbone=sage/use_nfr=true/logs/grid_candidate_0730_attempt_1.log,
grid_candidate_0727,grid,grid_candidate_0727,completed,1,0,13.616614,/home/hzw/Rethinking_GNN_DP/paper_experiments/figure3/figure3_pipeline3.yaml/dataset=citeseer/feature=raw/mechanism=mbm/x_eps=2/m=best/norm=false/smoother=hoa/backbone=sage/use_nfr=true/logs/grid_candidate_0727_attempt_1.log,
grid_candidate_0728,grid,grid_candidate_0728,completed,1,0,13.148326,/home/hzw/Rethinking_GNN_DP/paper_experiments/figure3/figure3_pipeline3.yaml/dataset=citeseer/feature=raw/mechanism=mbm/x_eps=2/m=best/norm=false/smoother=hoa/backbone=sage/use_nfr=true/logs/grid_candidate_0728_attempt_1.log,
grid_candidate_0718,grid,grid_candidate_0718,completed,1,0,16.963792,/home/hzw/Rethinking_GNN_DP/paper_experiments/figure3/figure3_pipeline3.yaml/dataset=citeseer/feature=raw/mechanism=mbm/x_eps=2/m=best/norm=false/smoother=hoa/backbone=sage/use_nfr=true/logs/grid_candidate_0718_attempt_1.log,
grid_candidate_0726,grid,grid_candidate_0726,completed,1,0,16.347779,/home/hzw/Rethinking_GNN_DP/paper_experiments/figure3/figure3_pipeline3.yaml/dataset=citeseer/feature=raw/mechanism=mbm/x_eps=2/m=best/norm=false/smoother=hoa/backbone=sage/use_nfr=true/logs/grid_candidate_0726_attempt_1.log,
grid_candidate_0733,grid,grid_candidate_0733,completed,1,0,14.545605,/home/hzw/Rethinking_GNN_DP/paper_experiments/figure3/figure3_pipeline3.yaml/dataset=citeseer/feature=raw/mechanism=mbm/x_eps=2/m=best/norm=false/smoother=hoa/backbone=sage/use_nfr=true/logs/grid_candidate_0733_attempt_1.log,
grid_candidate_0731,grid,grid_candidate_0731,completed,1,0,15.229755,/home/hzw/Rethinking_GNN_DP/paper_experiments/figure3/figure3_pipeline3.yaml/dataset=citeseer/feature=raw/mechanism=mbm/x_eps=2/m=best/norm=false/smoother=hoa/backbone=sage/use_nfr=true/logs/grid_candidate_0731_attempt_1.log,
grid_candidate_0735,grid,grid_candidate_0735,completed,1,0,14.446468,/home/hzw/Rethinking_GNN_DP/paper_experiments/figure3/figure3_pipeline3.yaml/dataset=citeseer/feature=raw/mechanism=mbm/x_eps=2/m=best/norm=false/smoother=hoa/backbone=sage/use_nfr=true/logs/grid_candidate_0735_attempt_1.log,
grid_candidate_0736,grid,grid_candidate_0736,completed,1,0,14.432111,/home/hzw/Rethinking_GNN_DP/paper_experiments/figure3/figure3_pipeline3.yaml/dataset=citeseer/feature=raw/mechanism=mbm/x_eps=2/m=best/norm=false/smoother=hoa/backbone=sage/use_nfr=true/logs/grid_candidate_0736_attempt_1.log,
grid_candidate_0734,grid,grid_candidate_0734,completed,1,0,15.204685,/home/hzw/Rethinking_GNN_DP/paper_experiments/figure3/figure3_pipeline3.yaml/dataset=citeseer/feature=raw/mechanism=mbm/x_eps=2/m=best/norm=false/smoother=hoa/backbone=sage/use_nfr=true/logs/grid_candidate_0734_attempt_1.log,
grid_candidate_0737,grid,grid_candidate_0737,completed,1,0,13.770545,/home/hzw/Rethinking_GNN_DP/paper_experiments/figure3/figure3_pipeline3.yaml/dataset=citeseer/feature=raw/mechanism=mbm/x_eps=2/m=best/norm=false/smoother=hoa/backbone=sage/use_nfr=true/logs/grid_candidate_0737_attempt_1.log,
grid_candidate_0738,grid,grid_candidate_0738,completed,1,0,14.340295,/home/hzw/Rethinking_GNN_DP/paper_experiments/figure3/figure3_pipeline3.yaml/dataset=citeseer/feature=raw/mechanism=mbm/x_eps=2/m=best/norm=false/smoother=hoa/backbone=sage/use_nfr=true/logs/grid_candidate_0738_attempt_1.log,
grid_candidate_0740,grid,grid_candidate_0740,completed,1,0,12.614916,/home/hzw/Rethinking_GNN_DP/paper_experiments/figure3/figure3_pipeline3.yaml/dataset=citeseer/feature=raw/mechanism=mbm/x_eps=2/m=best/norm=false/smoother=hoa/backbone=sage/use_nfr=true/logs/grid_candidate_0740_attempt_1.log,
grid_candidate_0739,grid,grid_candidate_0739,completed,1,0,14.908628,/home/hzw/Rethinking_GNN_DP/paper_experiments/figure3/figure3_pipeline3.yaml/dataset=citeseer/feature=raw/mechanism=mbm/x_eps=2/m=best/norm=false/smoother=hoa/backbone=sage/use_nfr=true/logs/grid_candidate_0739_attempt_1.log,
grid_candidate_0744,grid,grid_candidate_0744,completed,1,0,11.954921,/home/hzw/Rethinking_GNN_DP/paper_experiments/figure3/figure3_pipeline3.yaml/dataset=citeseer/feature=raw/mechanism=mbm/x_eps=2/m=best/norm=false/smoother=hoa/backbone=sage/use_nfr=true/logs/grid_candidate_0744_attempt_1.log,
grid_candidate_0742,grid,grid_candidate_0742,completed,1,0,12.518882,/home/hzw/Rethinking_GNN_DP/paper_experiments/figure3/figure3_pipeline3.yaml/dataset=citeseer/feature=raw/mechanism=mbm/x_eps=2/m=best/norm=false/smoother=hoa/backbone=sage/use_nfr=true/logs/grid_candidate_0742_attempt_1.log,
grid_candidate_0745,grid,grid_candidate_0745,completed,1,0,12.401435,/home/hzw/Rethinking_GNN_DP/paper_experiments/figure3/figure3_pipeline3.yaml/dataset=citeseer/feature=raw/mechanism=mbm/x_eps=2/m=best/norm=false/smoother=hoa/backbone=sage/use_nfr=true/logs/grid_candidate_0745_attempt_1.log,
grid_candidate_0746,grid,grid_candidate_0746,completed,1,0,12.764691,/home/hzw/Rethinking_GNN_DP/paper_experiments/figure3/figure3_pipeline3.yaml/dataset=citeseer/feature=raw/mechanism=mbm/x_eps=2/m=best/norm=false/smoother=hoa/backbone=sage/use_nfr=true/logs/grid_candidate_0746_attempt_1.log,
grid_candidate_0741,grid,grid_candidate_0741,completed,1,0,14.225162,/home/hzw/Rethinking_GNN_DP/paper_experiments/figure3/figure3_pipeline3.yaml/dataset=citeseer/feature=raw/mechanism=mbm/x_eps=2/m=best/norm=false/smoother=hoa/backbone=sage/use_nfr=true/logs/grid_candidate_0741_attempt_1.log,
grid_candidate_0749,grid,grid_candidate_0749,completed,1,0,12.270768,/home/hzw/Rethinking_GNN_DP/paper_experiments/figure3/figure3_pipeline3.yaml/dataset=citeseer/feature=raw/mechanism=mbm/x_eps=2/m=best/norm=false/smoother=hoa/backbone=sage/use_nfr=true/logs/grid_candidate_0749_attempt_1.log,
grid_candidate_0732,grid,grid_candidate_0732,completed,1,0,19.467656,/home/hzw/Rethinking_GNN_DP/paper_experiments/figure3/figure3_pipeline3.yaml/dataset=citeseer/feature=raw/mechanism=mbm/x_eps=2/m=best/norm=false/smoother=hoa/backbone=sage/use_nfr=true/logs/grid_candidate_0732_attempt_1.log,
grid_candidate_0748,grid,grid_candidate_0748,completed,1,0,12.897379,/home/hzw/Rethinking_GNN_DP/paper_experiments/figure3/figure3_pipeline3.yaml/dataset=citeseer/feature=raw/mechanism=mbm/x_eps=2/m=best/norm=false/smoother=hoa/backbone=sage/use_nfr=true/logs/grid_candidate_0748_attempt_1.log,
grid_candidate_0743,grid,grid_candidate_0743,completed,1,0,14.435297,/home/hzw/Rethinking_GNN_DP/paper_experiments/figure3/figure3_pipeline3.yaml/dataset=citeseer/feature=raw/mechanism=mbm/x_eps=2/m=best/norm=false/smoother=hoa/backbone=sage/use_nfr=true/logs/grid_candidate_0743_attempt_1.log,
grid_candidate_0747,grid,grid_candidate_0747,completed,1,0,14.103664,/home/hzw/Rethinking_GNN_DP/paper_experiments/figure3/figure3_pipeline3.yaml/dataset=citeseer/feature=raw/mechanism=mbm/x_eps=2/m=best/norm=false/smoother=hoa/backbone=sage/use_nfr=true/logs/grid_candidate_0747_attempt_1.log,
grid_candidate_0750,grid,grid_candidate_0750,completed,1,0,13.075966,/home/hzw/Rethinking_GNN_DP/paper_experiments/figure3/figure3_pipeline3.yaml/dataset=citeseer/feature=raw/mechanism=mbm/x_eps=2/m=best/norm=false/smoother=hoa/backbone=sage/use_nfr=true/logs/grid_candidate_0750_attempt_1.log,
grid_candidate_0751,grid,grid_candidate_0751,completed,1,0,13.129808,/home/hzw/Rethinking_GNN_DP/paper_experiments/figure3/figure3_pipeline3.yaml/dataset=citeseer/feature=raw/mechanism=mbm/x_eps=2/m=best/norm=false/smoother=hoa/backbone=sage/use_nfr=true/logs/grid_candidate_0751_attempt_1.log,
grid_candidate_0752,grid,grid_candidate_0752,completed,1,0,12.919610,/home/hzw/Rethinking_GNN_DP/paper_experiments/figure3/figure3_pipeline3.yaml/dataset=citeseer/feature=raw/mechanism=mbm/x_eps=2/m=best/norm=false/smoother=hoa/backbone=sage/use_nfr=true/logs/grid_candidate_0752_attempt_1.log,
grid_candidate_0756,grid,grid_candidate_0756,completed,1,0,12.890618,/home/hzw/Rethinking_GNN_DP/paper_experiments/figure3/figure3_pipeline3.yaml/dataset=citeseer/feature=raw/mechanism=mbm/x_eps=2/m=best/norm=false/smoother=hoa/backbone=sage/use_nfr=true/logs/grid_candidate_0756_attempt_1.log,
grid_candidate_0754,grid,grid_candidate_0754,completed,1,0,14.395687,/home/hzw/Rethinking_GNN_DP/paper_experiments/figure3/figure3_pipeline3.yaml/dataset=citeseer/feature=raw/mechanism=mbm/x_eps=2/m=best/norm=false/smoother=hoa/backbone=sage/use_nfr=true/logs/grid_candidate_0754_attempt_1.log,
grid_candidate_0753,grid,grid_candidate_0753,completed,1,0,15.241363,/home/hzw/Rethinking_GNN_DP/paper_experiments/figure3/figure3_pipeline3.yaml/dataset=citeseer/feature=raw/mechanism=mbm/x_eps=2/m=best/norm=false/smoother=hoa/backbone=sage/use_nfr=true/logs/grid_candidate_0753_attempt_1.log,
grid_candidate_0755,grid,grid_candidate_0755,completed,1,0,15.257501,/home/hzw/Rethinking_GNN_DP/paper_experiments/figure3/figure3_pipeline3.yaml/dataset=citeseer/feature=raw/mechanism=mbm/x_eps=2/m=best/norm=false/smoother=hoa/backbone=sage/use_nfr=true/logs/grid_candidate_0755_attempt_1.log,
grid_candidate_0760,grid,grid_candidate_0760,completed,1,0,14.630254,/home/hzw/Rethinking_GNN_DP/paper_experiments/figure3/figure3_pipeline3.yaml/dataset=citeseer/feature=raw/mechanism=mbm/x_eps=2/m=best/norm=false/smoother=hoa/backbone=sage/use_nfr=true/logs/grid_candidate_0760_attempt_1.log,
grid_candidate_0759,grid,grid_candidate_0759,completed,1,0,14.965813,/home/hzw/Rethinking_GNN_DP/paper_experiments/figure3/figure3_pipeline3.yaml/dataset=citeseer/feature=raw/mechanism=mbm/x_eps=2/m=best/norm=false/smoother=hoa/backbone=sage/use_nfr=true/logs/grid_candidate_0759_attempt_1.log,
grid_candidate_0765,grid,grid_candidate_0765,completed,1,0,14.246901,/home/hzw/Rethinking_GNN_DP/paper_experiments/figure3/figure3_pipeline3.yaml/dataset=citeseer/feature=raw/mechanism=mbm/x_eps=2/m=best/norm=false/smoother=hoa/backbone=sage/use_nfr=true/logs/grid_candidate_0765_attempt_1.log,
grid_candidate_0764,grid,grid_candidate_0764,completed,1,0,15.011440,/home/hzw/Rethinking_GNN_DP/paper_experiments/figure3/figure3_pipeline3.yaml/dataset=citeseer/feature=raw/mechanism=mbm/x_eps=2/m=best/norm=false/smoother=hoa/backbone=sage/use_nfr=true/logs/grid_candidate_0764_attempt_1.log,
grid_candidate_0766,grid,grid_candidate_0766,completed,1,0,13.517528,/home/hzw/Rethinking_GNN_DP/paper_experiments/figure3/figure3_pipeline3.yaml/dataset=citeseer/feature=raw/mechanism=mbm/x_eps=2/m=best/norm=false/smoother=hoa/backbone=sage/use_nfr=true/logs/grid_candidate_0766_attempt_1.log,
grid_candidate_0758,grid,grid_candidate_0758,completed,1,0,16.316122,/home/hzw/Rethinking_GNN_DP/paper_experiments/figure3/figure3_pipeline3.yaml/dataset=citeseer/feature=raw/mechanism=mbm/x_eps=2/m=best/norm=false/smoother=hoa/backbone=sage/use_nfr=true/logs/grid_candidate_0758_attempt_1.log,
grid_candidate_0763,grid,grid_candidate_0763,completed,1,0,15.689841,/home/hzw/Rethinking_GNN_DP/paper_experiments/figure3/figure3_pipeline3.yaml/dataset=citeseer/feature=raw/mechanism=mbm/x_eps=2/m=best/norm=false/smoother=hoa/backbone=sage/use_nfr=true/logs/grid_candidate_0763_attempt_1.log,
grid_candidate_0757,grid,grid_candidate_0757,completed,1,0,17.476392,/home/hzw/Rethinking_GNN_DP/paper_experiments/figure3/figure3_pipeline3.yaml/dataset=citeseer/feature=raw/mechanism=mbm/x_eps=2/m=best/norm=false/smoother=hoa/backbone=sage/use_nfr=true/logs/grid_candidate_0757_attempt_1.log,
grid_candidate_0762,grid,grid_candidate_0762,completed,1,0,16.003912,/home/hzw/Rethinking_GNN_DP/paper_experiments/figure3/figure3_pipeline3.yaml/dataset=citeseer/feature=raw/mechanism=mbm/x_eps=2/m=best/norm=false/smoother=hoa/backbone=sage/use_nfr=true/logs/grid_candidate_0762_attempt_1.log,
grid_candidate_0767,grid,grid_candidate_0767,completed,1,0,12.085640,/home/hzw/Rethinking_GNN_DP/paper_experiments/figure3/figure3_pipeline3.yaml/dataset=citeseer/feature=raw/mechanism=mbm/x_eps=2/m=best/norm=false/smoother=hoa/backbone=sage/use_nfr=true/logs/grid_candidate_0767_attempt_1.log,
grid_candidate_0761,grid,grid_candidate_0761,completed,1,0,17.254723,/home/hzw/Rethinking_GNN_DP/paper_experiments/figure3/figure3_pipeline3.yaml/dataset=citeseer/feature=raw/mechanism=mbm/x_eps=2/m=best/norm=false/smoother=hoa/backbone=sage/use_nfr=true/logs/grid_candidate_0761_attempt_1.log,
grid_candidate_0769,grid,grid_candidate_0769,completed,1,0,13.315203,/home/hzw/Rethinking_GNN_DP/paper_experiments/figure3/figure3_pipeline3.yaml/dataset=citeseer/feature=raw/mechanism=mbm/x_eps=2/m=best/norm=false/smoother=hoa/backbone=sage/use_nfr=true/logs/grid_candidate_0769_attempt_1.log,
grid_candidate_0774,grid,grid_candidate_0774,completed,1,0,13.461273,/home/hzw/Rethinking_GNN_DP/paper_experiments/figure3/figure3_pipeline3.yaml/dataset=citeseer/feature=raw/mechanism=mbm/x_eps=2/m=best/norm=false/smoother=hoa/backbone=sage/use_nfr=true/logs/grid_candidate_0774_attempt_1.log,
grid_candidate_0768,grid,grid_candidate_0768,completed,1,0,15.382364,/home/hzw/Rethinking_GNN_DP/paper_experiments/figure3/figure3_pipeline3.yaml/dataset=citeseer/feature=raw/mechanism=mbm/x_eps=2/m=best/norm=false/smoother=hoa/backbone=sage/use_nfr=true/logs/grid_candidate_0768_attempt_1.log,
grid_candidate_0770,grid,grid_candidate_0770,completed,1,0,16.091633,/home/hzw/Rethinking_GNN_DP/paper_experiments/figure3/figure3_pipeline3.yaml/dataset=citeseer/feature=raw/mechanism=mbm/x_eps=2/m=best/norm=false/smoother=hoa/backbone=sage/use_nfr=true/logs/grid_candidate_0770_attempt_1.log,
grid_candidate_0781,grid,grid_candidate_0781,completed,1,0,12.246832,/home/hzw/Rethinking_GNN_DP/paper_experiments/figure3/figure3_pipeline3.yaml/dataset=citeseer/feature=raw/mechanism=mbm/x_eps=2/m=best/norm=false/smoother=hoa/backbone=sage/use_nfr=true/logs/grid_candidate_0781_attempt_1.log,
grid_candidate_0772,grid,grid_candidate_0772,completed,1,0,16.003653,/home/hzw/Rethinking_GNN_DP/paper_experiments/figure3/figure3_pipeline3.yaml/dataset=citeseer/feature=raw/mechanism=mbm/x_eps=2/m=best/norm=false/smoother=hoa/backbone=sage/use_nfr=true/logs/grid_candidate_0772_attempt_1.log,
grid_candidate_0771,grid,grid_candidate_0771,completed,1,0,17.502609,/home/hzw/Rethinking_GNN_DP/paper_experiments/figure3/figure3_pipeline3.yaml/dataset=citeseer/feature=raw/mechanism=mbm/x_eps=2/m=best/norm=false/smoother=hoa/backbone=sage/use_nfr=true/logs/grid_candidate_0771_attempt_1.log,
grid_candidate_0779,grid,grid_candidate_0779,completed,1,0,14.977545,/home/hzw/Rethinking_GNN_DP/paper_experiments/figure3/figure3_pipeline3.yaml/dataset=citeseer/feature=raw/mechanism=mbm/x_eps=2/m=best/norm=false/smoother=hoa/backbone=sage/use_nfr=true/logs/grid_candidate_0779_attempt_1.log,
grid_candidate_0783,grid,grid_candidate_0783,completed,1,0,14.274440,/home/hzw/Rethinking_GNN_DP/paper_experiments/figure3/figure3_pipeline3.yaml/dataset=citeseer/feature=raw/mechanism=mbm/x_eps=2/m=best/norm=false/smoother=hoa/backbone=sage/use_nfr=true/logs/grid_candidate_0783_attempt_1.log,
grid_candidate_0787,grid,grid_candidate_0787,completed,1,0,13.321830,/home/hzw/Rethinking_GNN_DP/paper_experiments/figure3/figure3_pipeline3.yaml/dataset=citeseer/feature=raw/mechanism=mbm/x_eps=2/m=best/norm=false/smoother=hoa/backbone=sage/use_nfr=true/logs/grid_candidate_0787_attempt_1.log,
grid_candidate_0789,grid,grid_candidate_0789,completed,1,0,12.259056,/home/hzw/Rethinking_GNN_DP/paper_experiments/figure3/figure3_pipeline3.yaml/dataset=citeseer/feature=raw/mechanism=mbm/x_eps=2/m=best/norm=false/smoother=hoa/backbone=sage/use_nfr=true/logs/grid_candidate_0789_attempt_1.log,
grid_candidate_0773,grid,grid_candidate_0773,completed,1,0,17.796998,/home/hzw/Rethinking_GNN_DP/paper_experiments/figure3/figure3_pipeline3.yaml/dataset=citeseer/feature=raw/mechanism=mbm/x_eps=2/m=best/norm=false/smoother=hoa/backbone=sage/use_nfr=true/logs/grid_candidate_0773_attempt_1.log,
grid_candidate_0776,grid,grid_candidate_0776,completed,1,0,16.659028,/home/hzw/Rethinking_GNN_DP/paper_experiments/figure3/figure3_pipeline3.yaml/dataset=citeseer/feature=raw/mechanism=mbm/x_eps=2/m=best/norm=false/smoother=hoa/backbone=sage/use_nfr=true/logs/grid_candidate_0776_attempt_1.log,
grid_candidate_0788,grid,grid_candidate_0788,completed,1,0,13.087153,/home/hzw/Rethinking_GNN_DP/paper_experiments/figure3/figure3_pipeline3.yaml/dataset=citeseer/feature=raw/mechanism=mbm/x_eps=2/m=best/norm=false/smoother=hoa/backbone=sage/use_nfr=true/logs/grid_candidate_0788_attempt_1.log,
grid_candidate_0782,grid,grid_candidate_0782,completed,1,0,15.172745,/home/hzw/Rethinking_GNN_DP/paper_experiments/figure3/figure3_pipeline3.yaml/dataset=citeseer/feature=raw/mechanism=mbm/x_eps=2/m=best/norm=false/smoother=hoa/backbone=sage/use_nfr=true/logs/grid_candidate_0782_attempt_1.log,
grid_candidate_0785,grid,grid_candidate_0785,completed,1,0,14.439694,/home/hzw/Rethinking_GNN_DP/paper_experiments/figure3/figure3_pipeline3.yaml/dataset=citeseer/feature=raw/mechanism=mbm/x_eps=2/m=best/norm=false/smoother=hoa/backbone=sage/use_nfr=true/logs/grid_candidate_0785_attempt_1.log,
grid_candidate_0786,grid,grid_candidate_0786,completed,1,0,14.110418,/home/hzw/Rethinking_GNN_DP/paper_experiments/figure3/figure3_pipeline3.yaml/dataset=citeseer/feature=raw/mechanism=mbm/x_eps=2/m=best/norm=false/smoother=hoa/backbone=sage/use_nfr=true/logs/grid_candidate_0786_attempt_1.log,
grid_candidate_0775,grid,grid_candidate_0775,completed,1,0,17.633830,/home/hzw/Rethinking_GNN_DP/paper_experiments/figure3/figure3_pipeline3.yaml/dataset=citeseer/feature=raw/mechanism=mbm/x_eps=2/m=best/norm=false/smoother=hoa/backbone=sage/use_nfr=true/logs/grid_candidate_0775_attempt_1.log,
grid_candidate_0784,grid,grid_candidate_0784,completed,1,0,15.116269,/home/hzw/Rethinking_GNN_DP/paper_experiments/figure3/figure3_pipeline3.yaml/dataset=citeseer/feature=raw/mechanism=mbm/x_eps=2/m=best/norm=false/smoother=hoa/backbone=sage/use_nfr=true/logs/grid_candidate_0784_attempt_1.log,
grid_candidate_0780,grid,grid_candidate_0780,completed,1,0,16.084762,/home/hzw/Rethinking_GNN_DP/paper_experiments/figure3/figure3_pipeline3.yaml/dataset=citeseer/feature=raw/mechanism=mbm/x_eps=2/m=best/norm=false/smoother=hoa/backbone=sage/use_nfr=true/logs/grid_candidate_0780_attempt_1.log,
grid_candidate_0778,grid,grid_candidate_0778,completed,1,0,17.416139,/home/hzw/Rethinking_GNN_DP/paper_experiments/figure3/figure3_pipeline3.yaml/dataset=citeseer/feature=raw/mechanism=mbm/x_eps=2/m=best/norm=false/smoother=hoa/backbone=sage/use_nfr=true/logs/grid_candidate_0778_attempt_1.log,
grid_candidate_0790,grid,grid_candidate_0790,completed,1,0,13.100482,/home/hzw/Rethinking_GNN_DP/paper_experiments/figure3/figure3_pipeline3.yaml/dataset=citeseer/feature=raw/mechanism=mbm/x_eps=2/m=best/norm=false/smoother=hoa/backbone=sage/use_nfr=true/logs/grid_candidate_0790_attempt_1.log,
grid_candidate_0777,grid,grid_candidate_0777,completed,1,0,19.052466,/home/hzw/Rethinking_GNN_DP/paper_experiments/figure3/figure3_pipeline3.yaml/dataset=citeseer/feature=raw/mechanism=mbm/x_eps=2/m=best/norm=false/smoother=hoa/backbone=sage/use_nfr=true/logs/grid_candidate_0777_attempt_1.log,
grid_candidate_0792,grid,grid_candidate_0792,completed,1,0,14.129752,/home/hzw/Rethinking_GNN_DP/paper_experiments/figure3/figure3_pipeline3.yaml/dataset=citeseer/feature=raw/mechanism=mbm/x_eps=2/m=best/norm=false/smoother=hoa/backbone=sage/use_nfr=true/logs/grid_candidate_0792_attempt_1.log,
grid_candidate_0794,grid,grid_candidate_0794,completed,1,0,15.243526,/home/hzw/Rethinking_GNN_DP/paper_experiments/figure3/figure3_pipeline3.yaml/dataset=citeseer/feature=raw/mechanism=mbm/x_eps=2/m=best/norm=false/smoother=hoa/backbone=sage/use_nfr=true/logs/grid_candidate_0794_attempt_1.log,
grid_candidate_0791,grid,grid_candidate_0791,completed,1,0,16.763823,/home/hzw/Rethinking_GNN_DP/paper_experiments/figure3/figure3_pipeline3.yaml/dataset=citeseer/feature=raw/mechanism=mbm/x_eps=2/m=best/norm=false/smoother=hoa/backbone=sage/use_nfr=true/logs/grid_candidate_0791_attempt_1.log,
grid_candidate_0801,grid,grid_candidate_0801,completed,1,0,14.015912,/home/hzw/Rethinking_GNN_DP/paper_experiments/figure3/figure3_pipeline3.yaml/dataset=citeseer/feature=raw/mechanism=mbm/x_eps=2/m=best/norm=false/smoother=hoa/backbone=sage/use_nfr=true/logs/grid_candidate_0801_attempt_1.log,
grid_candidate_0795,grid,grid_candidate_0795,completed,1,0,15.657736,/home/hzw/Rethinking_GNN_DP/paper_experiments/figure3/figure3_pipeline3.yaml/dataset=citeseer/feature=raw/mechanism=mbm/x_eps=2/m=best/norm=false/smoother=hoa/backbone=sage/use_nfr=true/logs/grid_candidate_0795_attempt_1.log,
grid_candidate_0804,grid,grid_candidate_0804,completed,1,0,12.468237,/home/hzw/Rethinking_GNN_DP/paper_experiments/figure3/figure3_pipeline3.yaml/dataset=citeseer/feature=raw/mechanism=mbm/x_eps=2/m=best/norm=false/smoother=hoa/backbone=sage/use_nfr=true/logs/grid_candidate_0804_attempt_1.log,
grid_candidate_0793,grid,grid_candidate_0793,completed,1,0,16.449542,/home/hzw/Rethinking_GNN_DP/paper_experiments/figure3/figure3_pipeline3.yaml/dataset=citeseer/feature=raw/mechanism=mbm/x_eps=2/m=best/norm=false/smoother=hoa/backbone=sage/use_nfr=true/logs/grid_candidate_0793_attempt_1.log,
grid_candidate_0799,grid,grid_candidate_0799,completed,1,0,14.941487,/home/hzw/Rethinking_GNN_DP/paper_experiments/figure3/figure3_pipeline3.yaml/dataset=citeseer/feature=raw/mechanism=mbm/x_eps=2/m=best/norm=false/smoother=hoa/backbone=sage/use_nfr=true/logs/grid_candidate_0799_attempt_1.log,
grid_candidate_0800,grid,grid_candidate_0800,completed,1,0,14.774573,/home/hzw/Rethinking_GNN_DP/paper_experiments/figure3/figure3_pipeline3.yaml/dataset=citeseer/feature=raw/mechanism=mbm/x_eps=2/m=best/norm=false/smoother=hoa/backbone=sage/use_nfr=true/logs/grid_candidate_0800_attempt_1.log,
grid_candidate_0797,grid,grid_candidate_0797,completed,1,0,15.855651,/home/hzw/Rethinking_GNN_DP/paper_experiments/figure3/figure3_pipeline3.yaml/dataset=citeseer/feature=raw/mechanism=mbm/x_eps=2/m=best/norm=false/smoother=hoa/backbone=sage/use_nfr=true/logs/grid_candidate_0797_attempt_1.log,
grid_candidate_0798,grid,grid_candidate_0798,completed,1,0,15.675398,/home/hzw/Rethinking_GNN_DP/paper_experiments/figure3/figure3_pipeline3.yaml/dataset=citeseer/feature=raw/mechanism=mbm/x_eps=2/m=best/norm=false/smoother=hoa/backbone=sage/use_nfr=true/logs/grid_candidate_0798_attempt_1.log,
grid_candidate_0802,grid,grid_candidate_0802,completed,1,0,14.923063,/home/hzw/Rethinking_GNN_DP/paper_experiments/figure3/figure3_pipeline3.yaml/dataset=citeseer/feature=raw/mechanism=mbm/x_eps=2/m=best/norm=false/smoother=hoa/backbone=sage/use_nfr=true/logs/grid_candidate_0802_attempt_1.log,
grid_candidate_0796,grid,grid_candidate_0796,completed,1,0,16.341614,/home/hzw/Rethinking_GNN_DP/paper_experiments/figure3/figure3_pipeline3.yaml/dataset=citeseer/feature=raw/mechanism=mbm/x_eps=2/m=best/norm=false/smoother=hoa/backbone=sage/use_nfr=true/logs/grid_candidate_0796_attempt_1.log,
grid_candidate_0803,grid,grid_candidate_0803,completed,1,0,14.503017,/home/hzw/Rethinking_GNN_DP/paper_experiments/figure3/figure3_pipeline3.yaml/dataset=citeseer/feature=raw/mechanism=mbm/x_eps=2/m=best/norm=false/smoother=hoa/backbone=sage/use_nfr=true/logs/grid_candidate_0803_attempt_1.log,
grid_candidate_0805,grid,grid_candidate_0805,completed,1,0,11.995176,/home/hzw/Rethinking_GNN_DP/paper_experiments/figure3/figure3_pipeline3.yaml/dataset=citeseer/feature=raw/mechanism=mbm/x_eps=2/m=best/norm=false/smoother=hoa/backbone=sage/use_nfr=true/logs/grid_candidate_0805_attempt_1.log,
grid_candidate_0806,grid,grid_candidate_0806,completed,1,0,12.224712,/home/hzw/Rethinking_GNN_DP/paper_experiments/figure3/figure3_pipeline3.yaml/dataset=citeseer/feature=raw/mechanism=mbm/x_eps=2/m=best/norm=false/smoother=hoa/backbone=sage/use_nfr=true/logs/grid_candidate_0806_attempt_1.log,
grid_candidate_0809,grid,grid_candidate_0809,completed,1,0,13.030975,/home/hzw/Rethinking_GNN_DP/paper_experiments/figure3/figure3_pipeline3.yaml/dataset=citeseer/feature=raw/mechanism=mbm/x_eps=2/m=best/norm=false/smoother=hoa/backbone=sage/use_nfr=true/logs/grid_candidate_0809_attempt_1.log,
grid_candidate_0807,grid,grid_candidate_0807,completed,1,0,13.969791,/home/hzw/Rethinking_GNN_DP/paper_experiments/figure3/figure3_pipeline3.yaml/dataset=citeseer/feature=raw/mechanism=mbm/x_eps=2/m=best/norm=false/smoother=hoa/backbone=sage/use_nfr=true/logs/grid_candidate_0807_attempt_1.log,
grid_candidate_0808,grid,grid_candidate_0808,completed,1,0,14.200962,/home/hzw/Rethinking_GNN_DP/paper_experiments/figure3/figure3_pipeline3.yaml/dataset=citeseer/feature=raw/mechanism=mbm/x_eps=2/m=best/norm=false/smoother=hoa/backbone=sage/use_nfr=true/logs/grid_candidate_0808_attempt_1.log,
grid_candidate_0810,grid,grid_candidate_0810,completed,1,0,14.966176,/home/hzw/Rethinking_GNN_DP/paper_experiments/figure3/figure3_pipeline3.yaml/dataset=citeseer/feature=raw/mechanism=mbm/x_eps=2/m=best/norm=false/smoother=hoa/backbone=sage/use_nfr=true/logs/grid_candidate_0810_attempt_1.log,
grid_candidate_0812,grid,grid_candidate_0812,completed,1,0,14.242749,/home/hzw/Rethinking_GNN_DP/paper_experiments/figure3/figure3_pipeline3.yaml/dataset=citeseer/feature=raw/mechanism=mbm/x_eps=2/m=best/norm=false/smoother=hoa/backbone=sage/use_nfr=true/logs/grid_candidate_0812_attempt_1.log,
grid_candidate_0818,grid,grid_candidate_0818,completed,1,0,13.706437,/home/hzw/Rethinking_GNN_DP/paper_experiments/figure3/figure3_pipeline3.yaml/dataset=citeseer/feature=raw/mechanism=mbm/x_eps=2/m=best/norm=false/smoother=hoa/backbone=sage/use_nfr=true/logs/grid_candidate_0818_attempt_1.log,
grid_candidate_0813,grid,grid_candidate_0813,completed,1,0,14.862047,/home/hzw/Rethinking_GNN_DP/paper_experiments/figure3/figure3_pipeline3.yaml/dataset=citeseer/feature=raw/mechanism=mbm/x_eps=2/m=best/norm=false/smoother=hoa/backbone=sage/use_nfr=true/logs/grid_candidate_0813_attempt_1.log,
grid_candidate_0816,grid,grid_candidate_0816,completed,1,0,14.799579,/home/hzw/Rethinking_GNN_DP/paper_experiments/figure3/figure3_pipeline3.yaml/dataset=citeseer/feature=raw/mechanism=mbm/x_eps=2/m=best/norm=false/smoother=hoa/backbone=sage/use_nfr=true/logs/grid_candidate_0816_attempt_1.log,
grid_candidate_0814,grid,grid_candidate_0814,completed,1,0,15.294171,/home/hzw/Rethinking_GNN_DP/paper_experiments/figure3/figure3_pipeline3.yaml/dataset=citeseer/feature=raw/mechanism=mbm/x_eps=2/m=best/norm=false/smoother=hoa/backbone=sage/use_nfr=true/logs/grid_candidate_0814_attempt_1.log,
grid_candidate_0815,grid,grid_candidate_0815,completed,1,0,15.135942,/home/hzw/Rethinking_GNN_DP/paper_experiments/figure3/figure3_pipeline3.yaml/dataset=citeseer/feature=raw/mechanism=mbm/x_eps=2/m=best/norm=false/smoother=hoa/backbone=sage/use_nfr=true/logs/grid_candidate_0815_attempt_1.log,
grid_candidate_0825,grid,grid_candidate_0825,completed,1,0,13.687643,/home/hzw/Rethinking_GNN_DP/paper_experiments/figure3/figure3_pipeline3.yaml/dataset=citeseer/feature=raw/mechanism=mbm/x_eps=2/m=best/norm=false/smoother=hoa/backbone=sage/use_nfr=true/logs/grid_candidate_0825_attempt_1.log,
grid_candidate_0811,grid,grid_candidate_0811,completed,1,0,16.260554,/home/hzw/Rethinking_GNN_DP/paper_experiments/figure3/figure3_pipeline3.yaml/dataset=citeseer/feature=raw/mechanism=mbm/x_eps=2/m=best/norm=false/smoother=hoa/backbone=sage/use_nfr=true/logs/grid_candidate_0811_attempt_1.log,
grid_candidate_0817,grid,grid_candidate_0817,completed,1,0,15.483128,/home/hzw/Rethinking_GNN_DP/paper_experiments/figure3/figure3_pipeline3.yaml/dataset=citeseer/feature=raw/mechanism=mbm/x_eps=2/m=best/norm=false/smoother=hoa/backbone=sage/use_nfr=true/logs/grid_candidate_0817_attempt_1.log,
grid_candidate_0819,grid,grid_candidate_0819,completed,1,0,15.457237,/home/hzw/Rethinking_GNN_DP/paper_experiments/figure3/figure3_pipeline3.yaml/dataset=citeseer/feature=raw/mechanism=mbm/x_eps=2/m=best/norm=false/smoother=hoa/backbone=sage/use_nfr=true/logs/grid_candidate_0819_attempt_1.log,
grid_candidate_0826,grid,grid_candidate_0826,completed,1,0,13.505819,/home/hzw/Rethinking_GNN_DP/paper_experiments/figure3/figure3_pipeline3.yaml/dataset=citeseer/feature=raw/mechanism=mbm/x_eps=2/m=best/norm=false/smoother=hoa/backbone=sage/use_nfr=true/logs/grid_candidate_0826_attempt_1.log,
grid_candidate_0821,grid,grid_candidate_0821,completed,1,0,15.549522,/home/hzw/Rethinking_GNN_DP/paper_experiments/figure3/figure3_pipeline3.yaml/dataset=citeseer/feature=raw/mechanism=mbm/x_eps=2/m=best/norm=false/smoother=hoa/backbone=sage/use_nfr=true/logs/grid_candidate_0821_attempt_1.log,
grid_candidate_0827,grid,grid_candidate_0827,completed,1,0,12.408253,/home/hzw/Rethinking_GNN_DP/paper_experiments/figure3/figure3_pipeline3.yaml/dataset=citeseer/feature=raw/mechanism=mbm/x_eps=2/m=best/norm=false/smoother=hoa/backbone=sage/use_nfr=true/logs/grid_candidate_0827_attempt_1.log,
grid_candidate_0820,grid,grid_candidate_0820,completed,1,0,16.001487,/home/hzw/Rethinking_GNN_DP/paper_experiments/figure3/figure3_pipeline3.yaml/dataset=citeseer/feature=raw/mechanism=mbm/x_eps=2/m=best/norm=false/smoother=hoa/backbone=sage/use_nfr=true/logs/grid_candidate_0820_attempt_1.log,
grid_candidate_0824,grid,grid_candidate_0824,completed,1,0,15.412642,/home/hzw/Rethinking_GNN_DP/paper_experiments/figure3/figure3_pipeline3.yaml/dataset=citeseer/feature=raw/mechanism=mbm/x_eps=2/m=best/norm=false/smoother=hoa/backbone=sage/use_nfr=true/logs/grid_candidate_0824_attempt_1.log,
grid_candidate_0823,grid,grid_candidate_0823,completed,1,0,15.920793,/home/hzw/Rethinking_GNN_DP/paper_experiments/figure3/figure3_pipeline3.yaml/dataset=citeseer/feature=raw/mechanism=mbm/x_eps=2/m=best/norm=false/smoother=hoa/backbone=sage/use_nfr=true/logs/grid_candidate_0823_attempt_1.log,
grid_candidate_0822,grid,grid_candidate_0822,completed,1,0,16.242227,/home/hzw/Rethinking_GNN_DP/paper_experiments/figure3/figure3_pipeline3.yaml/dataset=citeseer/feature=raw/mechanism=mbm/x_eps=2/m=best/norm=false/smoother=hoa/backbone=sage/use_nfr=true/logs/grid_candidate_0822_attempt_1.log,
grid_candidate_0831,grid,grid_candidate_0831,completed,1,0,13.816472,/home/hzw/Rethinking_GNN_DP/paper_experiments/figure3/figure3_pipeline3.yaml/dataset=citeseer/feature=raw/mechanism=mbm/x_eps=2/m=best/norm=false/smoother=hoa/backbone=sage/use_nfr=true/logs/grid_candidate_0831_attempt_1.log,
grid_candidate_0840,grid,grid_candidate_0840,completed,1,0,14.277029,/home/hzw/Rethinking_GNN_DP/paper_experiments/figure3/figure3_pipeline3.yaml/dataset=citeseer/feature=raw/mechanism=mbm/x_eps=2/m=best/norm=false/smoother=hoa/backbone=sage/use_nfr=true/logs/grid_candidate_0840_attempt_1.log,
grid_candidate_0828,grid,grid_candidate_0828,completed,1,0,16.383827,/home/hzw/Rethinking_GNN_DP/paper_experiments/figure3/figure3_pipeline3.yaml/dataset=citeseer/feature=raw/mechanism=mbm/x_eps=2/m=best/norm=false/smoother=hoa/backbone=sage/use_nfr=true/logs/grid_candidate_0828_attempt_1.log,
grid_candidate_0833,grid,grid_candidate_0833,completed,1,0,15.340920,/home/hzw/Rethinking_GNN_DP/paper_experiments/figure3/figure3_pipeline3.yaml/dataset=citeseer/feature=raw/mechanism=mbm/x_eps=2/m=best/norm=false/smoother=hoa/backbone=sage/use_nfr=true/logs/grid_candidate_0833_attempt_1.log,
grid_candidate_0835,grid,grid_candidate_0835,completed,1,0,15.384565,/home/hzw/Rethinking_GNN_DP/paper_experiments/figure3/figure3_pipeline3.yaml/dataset=citeseer/feature=raw/mechanism=mbm/x_eps=2/m=best/norm=false/smoother=hoa/backbone=sage/use_nfr=true/logs/grid_candidate_0835_attempt_1.log,
grid_candidate_0830,grid,grid_candidate_0830,completed,1,0,16.722100,/home/hzw/Rethinking_GNN_DP/paper_experiments/figure3/figure3_pipeline3.yaml/dataset=citeseer/feature=raw/mechanism=mbm/x_eps=2/m=best/norm=false/smoother=hoa/backbone=sage/use_nfr=true/logs/grid_candidate_0830_attempt_1.log,
grid_candidate_0832,grid,grid_candidate_0832,completed,1,0,16.379907,/home/hzw/Rethinking_GNN_DP/paper_experiments/figure3/figure3_pipeline3.yaml/dataset=citeseer/feature=raw/mechanism=mbm/x_eps=2/m=best/norm=false/smoother=hoa/backbone=sage/use_nfr=true/logs/grid_candidate_0832_attempt_1.log,
grid_candidate_0837,grid,grid_candidate_0837,completed,1,0,15.902258,/home/hzw/Rethinking_GNN_DP/paper_experiments/figure3/figure3_pipeline3.yaml/dataset=citeseer/feature=raw/mechanism=mbm/x_eps=2/m=best/norm=false/smoother=hoa/backbone=sage/use_nfr=true/logs/grid_candidate_0837_attempt_1.log,
grid_candidate_0836,grid,grid_candidate_0836,completed,1,0,16.215307,/home/hzw/Rethinking_GNN_DP/paper_experiments/figure3/figure3_pipeline3.yaml/dataset=citeseer/feature=raw/mechanism=mbm/x_eps=2/m=best/norm=false/smoother=hoa/backbone=sage/use_nfr=true/logs/grid_candidate_0836_attempt_1.log,
grid_candidate_0834,grid,grid_candidate_0834,completed,1,0,16.668083,/home/hzw/Rethinking_GNN_DP/paper_experiments/figure3/figure3_pipeline3.yaml/dataset=citeseer/feature=raw/mechanism=mbm/x_eps=2/m=best/norm=false/smoother=hoa/backbone=sage/use_nfr=true/logs/grid_candidate_0834_attempt_1.log,
grid_candidate_0838,grid,grid_candidate_0838,completed,1,0,16.606901,/home/hzw/Rethinking_GNN_DP/paper_experiments/figure3/figure3_pipeline3.yaml/dataset=citeseer/feature=raw/mechanism=mbm/x_eps=2/m=best/norm=false/smoother=hoa/backbone=sage/use_nfr=true/logs/grid_candidate_0838_attempt_1.log,
grid_candidate_0845,grid,grid_candidate_0845,completed,1,0,12.721348,/home/hzw/Rethinking_GNN_DP/paper_experiments/figure3/figure3_pipeline3.yaml/dataset=citeseer/feature=raw/mechanism=mbm/x_eps=2/m=best/norm=false/smoother=hoa/backbone=sage/use_nfr=true/logs/grid_candidate_0845_attempt_1.log,
grid_candidate_0839,grid,grid_candidate_0839,completed,1,0,16.723669,/home/hzw/Rethinking_GNN_DP/paper_experiments/figure3/figure3_pipeline3.yaml/dataset=citeseer/feature=raw/mechanism=mbm/x_eps=2/m=best/norm=false/smoother=hoa/backbone=sage/use_nfr=true/logs/grid_candidate_0839_attempt_1.log,
grid_candidate_0841,grid,grid_candidate_0841,completed,1,0,16.522270,/home/hzw/Rethinking_GNN_DP/paper_experiments/figure3/figure3_pipeline3.yaml/dataset=citeseer/feature=raw/mechanism=mbm/x_eps=2/m=best/norm=false/smoother=hoa/backbone=sage/use_nfr=true/logs/grid_candidate_0841_attempt_1.log,
grid_candidate_0844,grid,grid_candidate_0844,completed,1,0,13.340130,/home/hzw/Rethinking_GNN_DP/paper_experiments/figure3/figure3_pipeline3.yaml/dataset=citeseer/feature=raw/mechanism=mbm/x_eps=2/m=best/norm=false/smoother=hoa/backbone=sage/use_nfr=true/logs/grid_candidate_0844_attempt_1.log,
grid_candidate_0829,grid,grid_candidate_0829,completed,1,0,18.789255,/home/hzw/Rethinking_GNN_DP/paper_experiments/figure3/figure3_pipeline3.yaml/dataset=citeseer/feature=raw/mechanism=mbm/x_eps=2/m=best/norm=false/smoother=hoa/backbone=sage/use_nfr=true/logs/grid_candidate_0829_attempt_1.log,
grid_candidate_0842,grid,grid_candidate_0842,completed,1,0,16.705117,/home/hzw/Rethinking_GNN_DP/paper_experiments/figure3/figure3_pipeline3.yaml/dataset=citeseer/feature=raw/mechanism=mbm/x_eps=2/m=best/norm=false/smoother=hoa/backbone=sage/use_nfr=true/logs/grid_candidate_0842_attempt_1.log,
grid_candidate_0843,grid,grid_candidate_0843,completed,1,0,14.373233,/home/hzw/Rethinking_GNN_DP/paper_experiments/figure3/figure3_pipeline3.yaml/dataset=citeseer/feature=raw/mechanism=mbm/x_eps=2/m=best/norm=false/smoother=hoa/backbone=sage/use_nfr=true/logs/grid_candidate_0843_attempt_1.log,
grid_candidate_0846,grid,grid_candidate_0846,completed,1,0,13.400433,/home/hzw/Rethinking_GNN_DP/paper_experiments/figure3/figure3_pipeline3.yaml/dataset=citeseer/feature=raw/mechanism=mbm/x_eps=2/m=best/norm=false/smoother=hoa/backbone=sage/use_nfr=true/logs/grid_candidate_0846_attempt_1.log,
grid_candidate_0847,grid,grid_candidate_0847,completed,1,0,14.100482,/home/hzw/Rethinking_GNN_DP/paper_experiments/figure3/figure3_pipeline3.yaml/dataset=citeseer/feature=raw/mechanism=mbm/x_eps=2/m=best/norm=false/smoother=hoa/backbone=sage/use_nfr=true/logs/grid_candidate_0847_attempt_1.log,
grid_candidate_0849,grid,grid_candidate_0849,completed,1,0,14.913511,/home/hzw/Rethinking_GNN_DP/paper_experiments/figure3/figure3_pipeline3.yaml/dataset=citeseer/feature=raw/mechanism=mbm/x_eps=2/m=best/norm=false/smoother=hoa/backbone=sage/use_nfr=true/logs/grid_candidate_0849_attempt_1.log,
grid_candidate_0848,grid,grid_candidate_0848,completed,1,0,15.775402,/home/hzw/Rethinking_GNN_DP/paper_experiments/figure3/figure3_pipeline3.yaml/dataset=citeseer/feature=raw/mechanism=mbm/x_eps=2/m=best/norm=false/smoother=hoa/backbone=sage/use_nfr=true/logs/grid_candidate_0848_attempt_1.log,
grid_candidate_0850,grid,grid_candidate_0850,completed,1,0,15.125601,/home/hzw/Rethinking_GNN_DP/paper_experiments/figure3/figure3_pipeline3.yaml/dataset=citeseer/feature=raw/mechanism=mbm/x_eps=2/m=best/norm=false/smoother=hoa/backbone=sage/use_nfr=true/logs/grid_candidate_0850_attempt_1.log,
grid_candidate_0851,grid,grid_candidate_0851,completed,1,0,14.884097,/home/hzw/Rethinking_GNN_DP/paper_experiments/figure3/figure3_pipeline3.yaml/dataset=citeseer/feature=raw/mechanism=mbm/x_eps=2/m=best/norm=false/smoother=hoa/backbone=sage/use_nfr=true/logs/grid_candidate_0851_attempt_1.log,
grid_candidate_0853,grid,grid_candidate_0853,completed,1,0,16.125509,/home/hzw/Rethinking_GNN_DP/paper_experiments/figure3/figure3_pipeline3.yaml/dataset=citeseer/feature=raw/mechanism=mbm/x_eps=2/m=best/norm=false/smoother=hoa/backbone=sage/use_nfr=true/logs/grid_candidate_0853_attempt_1.log,
grid_candidate_0854,grid,grid_candidate_0854,completed,1,0,16.281408,/home/hzw/Rethinking_GNN_DP/paper_experiments/figure3/figure3_pipeline3.yaml/dataset=citeseer/feature=raw/mechanism=mbm/x_eps=2/m=best/norm=false/smoother=hoa/backbone=sage/use_nfr=true/logs/grid_candidate_0854_attempt_1.log,
grid_candidate_0855,grid,grid_candidate_0855,completed,1,0,16.328057,/home/hzw/Rethinking_GNN_DP/paper_experiments/figure3/figure3_pipeline3.yaml/dataset=citeseer/feature=raw/mechanism=mbm/x_eps=2/m=best/norm=false/smoother=hoa/backbone=sage/use_nfr=true/logs/grid_candidate_0855_attempt_1.log,
grid_candidate_0852,grid,grid_candidate_0852,completed,1,0,17.009983,/home/hzw/Rethinking_GNN_DP/paper_experiments/figure3/figure3_pipeline3.yaml/dataset=citeseer/feature=raw/mechanism=mbm/x_eps=2/m=best/norm=false/smoother=hoa/backbone=sage/use_nfr=true/logs/grid_candidate_0852_attempt_1.log,
grid_candidate_0859,grid,grid_candidate_0859,completed,1,0,15.870679,/home/hzw/Rethinking_GNN_DP/paper_experiments/figure3/figure3_pipeline3.yaml/dataset=citeseer/feature=raw/mechanism=mbm/x_eps=2/m=best/norm=false/smoother=hoa/backbone=sage/use_nfr=true/logs/grid_candidate_0859_attempt_1.log,
grid_candidate_0856,grid,grid_candidate_0856,completed,1,0,16.752046,/home/hzw/Rethinking_GNN_DP/paper_experiments/figure3/figure3_pipeline3.yaml/dataset=citeseer/feature=raw/mechanism=mbm/x_eps=2/m=best/norm=false/smoother=hoa/backbone=sage/use_nfr=true/logs/grid_candidate_0856_attempt_1.log,
grid_candidate_0864,grid,grid_candidate_0864,completed,1,0,12.264098,/home/hzw/Rethinking_GNN_DP/paper_experiments/figure3/figure3_pipeline3.yaml/dataset=citeseer/feature=raw/mechanism=mbm/x_eps=2/m=best/norm=false/smoother=hoa/backbone=sage/use_nfr=true/logs/grid_candidate_0864_attempt_1.log,
grid_candidate_0858,grid,grid_candidate_0858,completed,1,0,16.671666,/home/hzw/Rethinking_GNN_DP/paper_experiments/figure3/figure3_pipeline3.yaml/dataset=citeseer/feature=raw/mechanism=mbm/x_eps=2/m=best/norm=false/smoother=hoa/backbone=sage/use_nfr=true/logs/grid_candidate_0858_attempt_1.log,
grid_candidate_0860,grid,grid_candidate_0860,completed,1,0,16.817691,/home/hzw/Rethinking_GNN_DP/paper_experiments/figure3/figure3_pipeline3.yaml/dataset=citeseer/feature=raw/mechanism=mbm/x_eps=2/m=best/norm=false/smoother=hoa/backbone=sage/use_nfr=true/logs/grid_candidate_0860_attempt_1.log,
grid_candidate_0863,grid,grid_candidate_0863,completed,1,0,16.473261,/home/hzw/Rethinking_GNN_DP/paper_experiments/figure3/figure3_pipeline3.yaml/dataset=citeseer/feature=raw/mechanism=mbm/x_eps=2/m=best/norm=false/smoother=hoa/backbone=sage/use_nfr=true/logs/grid_candidate_0863_attempt_1.log,
grid_candidate_0857,grid,grid_candidate_0857,completed,1,0,17.985168,/home/hzw/Rethinking_GNN_DP/paper_experiments/figure3/figure3_pipeline3.yaml/dataset=citeseer/feature=raw/mechanism=mbm/x_eps=2/m=best/norm=false/smoother=hoa/backbone=sage/use_nfr=true/logs/grid_candidate_0857_attempt_1.log,
grid_candidate_0862,grid,grid_candidate_0862,completed,1,0,17.643670,/home/hzw/Rethinking_GNN_DP/paper_experiments/figure3/figure3_pipeline3.yaml/dataset=citeseer/feature=raw/mechanism=mbm/x_eps=2/m=best/norm=false/smoother=hoa/backbone=sage/use_nfr=true/logs/grid_candidate_0862_attempt_1.log,
grid_candidate_0861,grid,grid_candidate_0861,completed,1,0,18.298778,/home/hzw/Rethinking_GNN_DP/paper_experiments/figure3/figure3_pipeline3.yaml/dataset=citeseer/feature=raw/mechanism=mbm/x_eps=2/m=best/norm=false/smoother=hoa/backbone=sage/use_nfr=true/logs/grid_candidate_0861_attempt_1.log,
grid_candidate_0865,grid,grid_candidate_0865,completed,1,0,13.612020,/home/hzw/Rethinking_GNN_DP/paper_experiments/figure3/figure3_pipeline3.yaml/dataset=citeseer/feature=raw/mechanism=mbm/x_eps=2/m=best/norm=false/smoother=hoa/backbone=sage/use_nfr=true/logs/grid_candidate_0865_attempt_1.log,
grid_candidate_0871,grid,grid_candidate_0871,completed,1,0,12.690609,/home/hzw/Rethinking_GNN_DP/paper_experiments/figure3/figure3_pipeline3.yaml/dataset=citeseer/feature=raw/mechanism=mbm/x_eps=2/m=best/norm=false/smoother=hoa/backbone=sage/use_nfr=true/logs/grid_candidate_0871_attempt_1.log,
grid_candidate_0868,grid,grid_candidate_0868,completed,1,0,14.360702,/home/hzw/Rethinking_GNN_DP/paper_experiments/figure3/figure3_pipeline3.yaml/dataset=citeseer/feature=raw/mechanism=mbm/x_eps=2/m=best/norm=false/smoother=hoa/backbone=sage/use_nfr=true/logs/grid_candidate_0868_attempt_1.log,
grid_candidate_0867,grid,grid_candidate_0867,completed,1,0,14.970755,/home/hzw/Rethinking_GNN_DP/paper_experiments/figure3/figure3_pipeline3.yaml/dataset=citeseer/feature=raw/mechanism=mbm/x_eps=2/m=best/norm=false/smoother=hoa/backbone=sage/use_nfr=true/logs/grid_candidate_0867_attempt_1.log,
grid_candidate_0869,grid,grid_candidate_0869,completed,1,0,14.518184,/home/hzw/Rethinking_GNN_DP/paper_experiments/figure3/figure3_pipeline3.yaml/dataset=citeseer/feature=raw/mechanism=mbm/x_eps=2/m=best/norm=false/smoother=hoa/backbone=sage/use_nfr=true/logs/grid_candidate_0869_attempt_1.log,
grid_candidate_0870,grid,grid_candidate_0870,completed,1,0,14.724826,/home/hzw/Rethinking_GNN_DP/paper_experiments/figure3/figure3_pipeline3.yaml/dataset=citeseer/feature=raw/mechanism=mbm/x_eps=2/m=best/norm=false/smoother=hoa/backbone=sage/use_nfr=true/logs/grid_candidate_0870_attempt_1.log,
grid_candidate_0875,grid,grid_candidate_0875,completed,1,0,14.246501,/home/hzw/Rethinking_GNN_DP/paper_experiments/figure3/figure3_pipeline3.yaml/dataset=citeseer/feature=raw/mechanism=mbm/x_eps=2/m=best/norm=false/smoother=hoa/backbone=sage/use_nfr=true/logs/grid_candidate_0875_attempt_1.log,
grid_candidate_0873,grid,grid_candidate_0873,completed,1,0,15.343399,/home/hzw/Rethinking_GNN_DP/paper_experiments/figure3/figure3_pipeline3.yaml/dataset=citeseer/feature=raw/mechanism=mbm/x_eps=2/m=best/norm=false/smoother=hoa/backbone=sage/use_nfr=true/logs/grid_candidate_0873_attempt_1.log,
grid_candidate_0872,grid,grid_candidate_0872,completed,1,0,16.312127,/home/hzw/Rethinking_GNN_DP/paper_experiments/figure3/figure3_pipeline3.yaml/dataset=citeseer/feature=raw/mechanism=mbm/x_eps=2/m=best/norm=false/smoother=hoa/backbone=sage/use_nfr=true/logs/grid_candidate_0872_attempt_1.log,
grid_candidate_0866,grid,grid_candidate_0866,completed,1,0,17.789873,/home/hzw/Rethinking_GNN_DP/paper_experiments/figure3/figure3_pipeline3.yaml/dataset=citeseer/feature=raw/mechanism=mbm/x_eps=2/m=best/norm=false/smoother=hoa/backbone=sage/use_nfr=true/logs/grid_candidate_0866_attempt_1.log,
grid_candidate_0874,grid,grid_candidate_0874,completed,1,0,16.045375,/home/hzw/Rethinking_GNN_DP/paper_experiments/figure3/figure3_pipeline3.yaml/dataset=citeseer/feature=raw/mechanism=mbm/x_eps=2/m=best/norm=false/smoother=hoa/backbone=sage/use_nfr=true/logs/grid_candidate_0874_attempt_1.log,
grid_candidate_0877,grid,grid_candidate_0877,completed,1,0,15.657172,/home/hzw/Rethinking_GNN_DP/paper_experiments/figure3/figure3_pipeline3.yaml/dataset=citeseer/feature=raw/mechanism=mbm/x_eps=2/m=best/norm=false/smoother=hoa/backbone=sage/use_nfr=true/logs/grid_candidate_0877_attempt_1.log,
grid_candidate_0879,grid,grid_candidate_0879,completed,1,0,15.654914,/home/hzw/Rethinking_GNN_DP/paper_experiments/figure3/figure3_pipeline3.yaml/dataset=citeseer/feature=raw/mechanism=mbm/x_eps=2/m=best/norm=false/smoother=hoa/backbone=sage/use_nfr=true/logs/grid_candidate_0879_attempt_1.log,
grid_candidate_0878,grid,grid_candidate_0878,completed,1,0,15.985724,/home/hzw/Rethinking_GNN_DP/paper_experiments/figure3/figure3_pipeline3.yaml/dataset=citeseer/feature=raw/mechanism=mbm/x_eps=2/m=best/norm=false/smoother=hoa/backbone=sage/use_nfr=true/logs/grid_candidate_0878_attempt_1.log,
grid_candidate_0882,grid,grid_candidate_0882,completed,1,0,13.544462,/home/hzw/Rethinking_GNN_DP/paper_experiments/figure3/figure3_pipeline3.yaml/dataset=citeseer/feature=raw/mechanism=mbm/x_eps=2/m=best/norm=false/smoother=hoa/backbone=sage/use_nfr=true/logs/grid_candidate_0882_attempt_1.log,
grid_candidate_0880,grid,grid_candidate_0880,completed,1,0,15.970602,/home/hzw/Rethinking_GNN_DP/paper_experiments/figure3/figure3_pipeline3.yaml/dataset=citeseer/feature=raw/mechanism=mbm/x_eps=2/m=best/norm=false/smoother=hoa/backbone=sage/use_nfr=true/logs/grid_candidate_0880_attempt_1.log,
grid_candidate_0881,grid,grid_candidate_0881,completed,1,0,16.023972,/home/hzw/Rethinking_GNN_DP/paper_experiments/figure3/figure3_pipeline3.yaml/dataset=citeseer/feature=raw/mechanism=mbm/x_eps=2/m=best/norm=false/smoother=hoa/backbone=sage/use_nfr=true/logs/grid_candidate_0881_attempt_1.log,
grid_candidate_0883,grid,grid_candidate_0883,completed,1,0,13.353653,/home/hzw/Rethinking_GNN_DP/paper_experiments/figure3/figure3_pipeline3.yaml/dataset=citeseer/feature=raw/mechanism=mbm/x_eps=2/m=best/norm=false/smoother=hoa/backbone=sage/use_nfr=true/logs/grid_candidate_0883_attempt_1.log,
grid_candidate_0876,grid,grid_candidate_0876,completed,1,0,16.986005,/home/hzw/Rethinking_GNN_DP/paper_experiments/figure3/figure3_pipeline3.yaml/dataset=citeseer/feature=raw/mechanism=mbm/x_eps=2/m=best/norm=false/smoother=hoa/backbone=sage/use_nfr=true/logs/grid_candidate_0876_attempt_1.log,
grid_candidate_0884,grid,grid_candidate_0884,completed,1,0,14.162125,/home/hzw/Rethinking_GNN_DP/paper_experiments/figure3/figure3_pipeline3.yaml/dataset=citeseer/feature=raw/mechanism=mbm/x_eps=2/m=best/norm=false/smoother=hoa/backbone=sage/use_nfr=true/logs/grid_candidate_0884_attempt_1.log,
grid_candidate_0886,grid,grid_candidate_0886,completed,1,0,13.806618,/home/hzw/Rethinking_GNN_DP/paper_experiments/figure3/figure3_pipeline3.yaml/dataset=citeseer/feature=raw/mechanism=mbm/x_eps=2/m=best/norm=false/smoother=hoa/backbone=sage/use_nfr=true/logs/grid_candidate_0886_attempt_1.log,
grid_candidate_0888,grid,grid_candidate_0888,completed,1,0,12.516671,/home/hzw/Rethinking_GNN_DP/paper_experiments/figure3/figure3_pipeline3.yaml/dataset=citeseer/feature=raw/mechanism=mbm/x_eps=2/m=best/norm=false/smoother=hoa/backbone=sage/use_nfr=true/logs/grid_candidate_0888_attempt_1.log,
grid_candidate_0885,grid,grid_candidate_0885,completed,1,0,15.785009,/home/hzw/Rethinking_GNN_DP/paper_experiments/figure3/figure3_pipeline3.yaml/dataset=citeseer/feature=raw/mechanism=mbm/x_eps=2/m=best/norm=false/smoother=hoa/backbone=sage/use_nfr=true/logs/grid_candidate_0885_attempt_1.log,
grid_candidate_0887,grid,grid_candidate_0887,completed,1,0,15.910126,/home/hzw/Rethinking_GNN_DP/paper_experiments/figure3/figure3_pipeline3.yaml/dataset=citeseer/feature=raw/mechanism=mbm/x_eps=2/m=best/norm=false/smoother=hoa/backbone=sage/use_nfr=true/logs/grid_candidate_0887_attempt_1.log,
grid_candidate_0890,grid,grid_candidate_0890,completed,1,0,14.400207,/home/hzw/Rethinking_GNN_DP/paper_experiments/figure3/figure3_pipeline3.yaml/dataset=citeseer/feature=raw/mechanism=mbm/x_eps=2/m=best/norm=false/smoother=hoa/backbone=sage/use_nfr=true/logs/grid_candidate_0890_attempt_1.log,
grid_candidate_0892,grid,grid_candidate_0892,completed,1,0,14.154090,/home/hzw/Rethinking_GNN_DP/paper_experiments/figure3/figure3_pipeline3.yaml/dataset=citeseer/feature=raw/mechanism=mbm/x_eps=2/m=best/norm=false/smoother=hoa/backbone=sage/use_nfr=true/logs/grid_candidate_0892_attempt_1.log,
grid_candidate_0889,grid,grid_candidate_0889,completed,1,0,15.149909,/home/hzw/Rethinking_GNN_DP/paper_experiments/figure3/figure3_pipeline3.yaml/dataset=citeseer/feature=raw/mechanism=mbm/x_eps=2/m=best/norm=false/smoother=hoa/backbone=sage/use_nfr=true/logs/grid_candidate_0889_attempt_1.log,
grid_candidate_0894,grid,grid_candidate_0894,completed,1,0,14.564460,/home/hzw/Rethinking_GNN_DP/paper_experiments/figure3/figure3_pipeline3.yaml/dataset=citeseer/feature=raw/mechanism=mbm/x_eps=2/m=best/norm=false/smoother=hoa/backbone=sage/use_nfr=true/logs/grid_candidate_0894_attempt_1.log,
grid_candidate_0902,grid,grid_candidate_0902,completed,1,0,11.858253,/home/hzw/Rethinking_GNN_DP/paper_experiments/figure3/figure3_pipeline3.yaml/dataset=citeseer/feature=raw/mechanism=mbm/x_eps=2/m=best/norm=false/smoother=hoa/backbone=sage/use_nfr=true/logs/grid_candidate_0902_attempt_1.log,
grid_candidate_0891,grid,grid_candidate_0891,completed,1,0,15.922903,/home/hzw/Rethinking_GNN_DP/paper_experiments/figure3/figure3_pipeline3.yaml/dataset=citeseer/feature=raw/mechanism=mbm/x_eps=2/m=best/norm=false/smoother=hoa/backbone=sage/use_nfr=true/logs/grid_candidate_0891_attempt_1.log,
grid_candidate_0903,grid,grid_candidate_0903,completed,1,0,11.618286,/home/hzw/Rethinking_GNN_DP/paper_experiments/figure3/figure3_pipeline3.yaml/dataset=citeseer/feature=raw/mechanism=mbm/x_eps=2/m=best/norm=false/smoother=hoa/backbone=sage/use_nfr=true/logs/grid_candidate_0903_attempt_1.log,
grid_candidate_0893,grid,grid_candidate_0893,completed,1,0,16.775685,/home/hzw/Rethinking_GNN_DP/paper_experiments/figure3/figure3_pipeline3.yaml/dataset=citeseer/feature=raw/mechanism=mbm/x_eps=2/m=best/norm=false/smoother=hoa/backbone=sage/use_nfr=true/logs/grid_candidate_0893_attempt_1.log,
grid_candidate_0901,grid,grid_candidate_0901,completed,1,0,13.783245,/home/hzw/Rethinking_GNN_DP/paper_experiments/figure3/figure3_pipeline3.yaml/dataset=citeseer/feature=raw/mechanism=mbm/x_eps=2/m=best/norm=false/smoother=hoa/backbone=sage/use_nfr=true/logs/grid_candidate_0901_attempt_1.log,
grid_candidate_0895,grid,grid_candidate_0895,completed,1,0,16.834189,/home/hzw/Rethinking_GNN_DP/paper_experiments/figure3/figure3_pipeline3.yaml/dataset=citeseer/feature=raw/mechanism=mbm/x_eps=2/m=best/norm=false/smoother=hoa/backbone=sage/use_nfr=true/logs/grid_candidate_0895_attempt_1.log,
grid_candidate_0904,grid,grid_candidate_0904,completed,1,0,12.495095,/home/hzw/Rethinking_GNN_DP/paper_experiments/figure3/figure3_pipeline3.yaml/dataset=citeseer/feature=raw/mechanism=mbm/x_eps=2/m=best/norm=false/smoother=hoa/backbone=sage/use_nfr=true/logs/grid_candidate_0904_attempt_1.log,
grid_candidate_0905,grid,grid_candidate_0905,completed,1,0,12.669175,/home/hzw/Rethinking_GNN_DP/paper_experiments/figure3/figure3_pipeline3.yaml/dataset=citeseer/feature=raw/mechanism=mbm/x_eps=2/m=best/norm=false/smoother=hoa/backbone=sage/use_nfr=true/logs/grid_candidate_0905_attempt_1.log,
grid_candidate_0906,grid,grid_candidate_0906,completed,1,0,12.506620,/home/hzw/Rethinking_GNN_DP/paper_experiments/figure3/figure3_pipeline3.yaml/dataset=citeseer/feature=raw/mechanism=mbm/x_eps=2/m=best/norm=false/smoother=hoa/backbone=sage/use_nfr=true/logs/grid_candidate_0906_attempt_1.log,
grid_candidate_0900,grid,grid_candidate_0900,completed,1,0,16.222631,/home/hzw/Rethinking_GNN_DP/paper_experiments/figure3/figure3_pipeline3.yaml/dataset=citeseer/feature=raw/mechanism=mbm/x_eps=2/m=best/norm=false/smoother=hoa/backbone=sage/use_nfr=true/logs/grid_candidate_0900_attempt_1.log,
grid_candidate_0907,grid,grid_candidate_0907,completed,1,0,12.757048,/home/hzw/Rethinking_GNN_DP/paper_experiments/figure3/figure3_pipeline3.yaml/dataset=citeseer/feature=raw/mechanism=mbm/x_eps=2/m=best/norm=false/smoother=hoa/backbone=sage/use_nfr=true/logs/grid_candidate_0907_attempt_1.log,
grid_candidate_0908,grid,grid_candidate_0908,completed,1,0,12.563337,/home/hzw/Rethinking_GNN_DP/paper_experiments/figure3/figure3_pipeline3.yaml/dataset=citeseer/feature=raw/mechanism=mbm/x_eps=2/m=best/norm=false/smoother=hoa/backbone=sage/use_nfr=true/logs/grid_candidate_0908_attempt_1.log,
grid_candidate_0896,grid,grid_candidate_0896,completed,1,0,19.091685,/home/hzw/Rethinking_GNN_DP/paper_experiments/figure3/figure3_pipeline3.yaml/dataset=citeseer/feature=raw/mechanism=mbm/x_eps=2/m=best/norm=false/smoother=hoa/backbone=sage/use_nfr=true/logs/grid_candidate_0896_attempt_1.log,
grid_candidate_0897,grid,grid_candidate_0897,completed,1,0,18.933953,/home/hzw/Rethinking_GNN_DP/paper_experiments/figure3/figure3_pipeline3.yaml/dataset=citeseer/feature=raw/mechanism=mbm/x_eps=2/m=best/norm=false/smoother=hoa/backbone=sage/use_nfr=true/logs/grid_candidate_0897_attempt_1.log,
grid_candidate_0899,grid,grid_candidate_0899,completed,1,0,18.395310,/home/hzw/Rethinking_GNN_DP/paper_experiments/figure3/figure3_pipeline3.yaml/dataset=citeseer/feature=raw/mechanism=mbm/x_eps=2/m=best/norm=false/smoother=hoa/backbone=sage/use_nfr=true/logs/grid_candidate_0899_attempt_1.log,
grid_candidate_0913,grid,grid_candidate_0913,completed,1,0,12.532988,/home/hzw/Rethinking_GNN_DP/paper_experiments/figure3/figure3_pipeline3.yaml/dataset=citeseer/feature=raw/mechanism=mbm/x_eps=2/m=best/norm=false/smoother=hoa/backbone=sage/use_nfr=true/logs/grid_candidate_0913_attempt_1.log,
grid_candidate_0916,grid,grid_candidate_0916,completed,1,0,12.487999,/home/hzw/Rethinking_GNN_DP/paper_experiments/figure3/figure3_pipeline3.yaml/dataset=citeseer/feature=raw/mechanism=mbm/x_eps=2/m=best/norm=false/smoother=hoa/backbone=sage/use_nfr=true/logs/grid_candidate_0916_attempt_1.log,
grid_candidate_0898,grid,grid_candidate_0898,completed,1,0,19.561753,/home/hzw/Rethinking_GNN_DP/paper_experiments/figure3/figure3_pipeline3.yaml/dataset=citeseer/feature=raw/mechanism=mbm/x_eps=2/m=best/norm=false/smoother=hoa/backbone=sage/use_nfr=true/logs/grid_candidate_0898_attempt_1.log,
grid_candidate_0909,grid,grid_candidate_0909,completed,1,0,13.856296,/home/hzw/Rethinking_GNN_DP/paper_experiments/figure3/figure3_pipeline3.yaml/dataset=citeseer/feature=raw/mechanism=mbm/x_eps=2/m=best/norm=false/smoother=hoa/backbone=sage/use_nfr=true/logs/grid_candidate_0909_attempt_1.log,
grid_candidate_0910,grid,grid_candidate_0910,completed,1,0,13.670208,/home/hzw/Rethinking_GNN_DP/paper_experiments/figure3/figure3_pipeline3.yaml/dataset=citeseer/feature=raw/mechanism=mbm/x_eps=2/m=best/norm=false/smoother=hoa/backbone=sage/use_nfr=true/logs/grid_candidate_0910_attempt_1.log,
grid_candidate_0915,grid,grid_candidate_0915,completed,1,0,14.206951,/home/hzw/Rethinking_GNN_DP/paper_experiments/figure3/figure3_pipeline3.yaml/dataset=citeseer/feature=raw/mechanism=mbm/x_eps=2/m=best/norm=false/smoother=hoa/backbone=sage/use_nfr=true/logs/grid_candidate_0915_attempt_1.log,
grid_candidate_0918,grid,grid_candidate_0918,completed,1,0,13.882839,/home/hzw/Rethinking_GNN_DP/paper_experiments/figure3/figure3_pipeline3.yaml/dataset=citeseer/feature=raw/mechanism=mbm/x_eps=2/m=best/norm=false/smoother=hoa/backbone=sage/use_nfr=true/logs/grid_candidate_0918_attempt_1.log,
grid_candidate_0920,grid,grid_candidate_0920,completed,1,0,11.576722,/home/hzw/Rethinking_GNN_DP/paper_experiments/figure3/figure3_pipeline3.yaml/dataset=citeseer/feature=raw/mechanism=mbm/x_eps=2/m=best/norm=false/smoother=hoa/backbone=sage/use_nfr=true/logs/grid_candidate_0920_attempt_1.log,
grid_candidate_0917,grid,grid_candidate_0917,completed,1,0,14.373213,/home/hzw/Rethinking_GNN_DP/paper_experiments/figure3/figure3_pipeline3.yaml/dataset=citeseer/feature=raw/mechanism=mbm/x_eps=2/m=best/norm=false/smoother=hoa/backbone=sage/use_nfr=true/logs/grid_candidate_0917_attempt_1.log,
grid_candidate_0921,grid,grid_candidate_0921,completed,1,0,11.710865,/home/hzw/Rethinking_GNN_DP/paper_experiments/figure3/figure3_pipeline3.yaml/dataset=citeseer/feature=raw/mechanism=mbm/x_eps=2/m=best/norm=false/smoother=hoa/backbone=sage/use_nfr=true/logs/grid_candidate_0921_attempt_1.log,
grid_candidate_0922,grid,grid_candidate_0922,completed,1,0,11.393082,/home/hzw/Rethinking_GNN_DP/paper_experiments/figure3/figure3_pipeline3.yaml/dataset=citeseer/feature=raw/mechanism=mbm/x_eps=2/m=best/norm=false/smoother=hoa/backbone=sage/use_nfr=true/logs/grid_candidate_0922_attempt_1.log,
grid_candidate_0911,grid,grid_candidate_0911,completed,1,0,15.564830,/home/hzw/Rethinking_GNN_DP/paper_experiments/figure3/figure3_pipeline3.yaml/dataset=citeseer/feature=raw/mechanism=mbm/x_eps=2/m=best/norm=false/smoother=hoa/backbone=sage/use_nfr=true/logs/grid_candidate_0911_attempt_1.log,
grid_candidate_0912,grid,grid_candidate_0912,completed,1,0,15.461249,/home/hzw/Rethinking_GNN_DP/paper_experiments/figure3/figure3_pipeline3.yaml/dataset=citeseer/feature=raw/mechanism=mbm/x_eps=2/m=best/norm=false/smoother=hoa/backbone=sage/use_nfr=true/logs/grid_candidate_0912_attempt_1.log,
grid_candidate_0914,grid,grid_candidate_0914,completed,1,0,15.135776,/home/hzw/Rethinking_GNN_DP/paper_experiments/figure3/figure3_pipeline3.yaml/dataset=citeseer/feature=raw/mechanism=mbm/x_eps=2/m=best/norm=false/smoother=hoa/backbone=sage/use_nfr=true/logs/grid_candidate_0914_attempt_1.log,
grid_candidate_0919,grid,grid_candidate_0919,completed,1,0,14.337296,/home/hzw/Rethinking_GNN_DP/paper_experiments/figure3/figure3_pipeline3.yaml/dataset=citeseer/feature=raw/mechanism=mbm/x_eps=2/m=best/norm=false/smoother=hoa/backbone=sage/use_nfr=true/logs/grid_candidate_0919_attempt_1.log,
grid_candidate_0924,grid,grid_candidate_0924,completed,1,0,11.742953,/home/hzw/Rethinking_GNN_DP/paper_experiments/figure3/figure3_pipeline3.yaml/dataset=citeseer/feature=raw/mechanism=mbm/x_eps=2/m=best/norm=false/smoother=hoa/backbone=sage/use_nfr=true/logs/grid_candidate_0924_attempt_1.log,
grid_candidate_0925,grid,grid_candidate_0925,completed,1,0,12.243729,/home/hzw/Rethinking_GNN_DP/paper_experiments/figure3/figure3_pipeline3.yaml/dataset=citeseer/feature=raw/mechanism=mbm/x_eps=2/m=best/norm=false/smoother=hoa/backbone=sage/use_nfr=true/logs/grid_candidate_0925_attempt_1.log,
grid_candidate_0928,grid,grid_candidate_0928,completed,1,0,12.397022,/home/hzw/Rethinking_GNN_DP/paper_experiments/figure3/figure3_pipeline3.yaml/dataset=citeseer/feature=raw/mechanism=mbm/x_eps=2/m=best/norm=false/smoother=hoa/backbone=sage/use_nfr=true/logs/grid_candidate_0928_attempt_1.log,
grid_candidate_0927,grid,grid_candidate_0927,completed,1,0,13.713522,/home/hzw/Rethinking_GNN_DP/paper_experiments/figure3/figure3_pipeline3.yaml/dataset=citeseer/feature=raw/mechanism=mbm/x_eps=2/m=best/norm=false/smoother=hoa/backbone=sage/use_nfr=true/logs/grid_candidate_0927_attempt_1.log,
grid_candidate_0923,grid,grid_candidate_0923,completed,1,0,15.548752,/home/hzw/Rethinking_GNN_DP/paper_experiments/figure3/figure3_pipeline3.yaml/dataset=citeseer/feature=raw/mechanism=mbm/x_eps=2/m=best/norm=false/smoother=hoa/backbone=sage/use_nfr=true/logs/grid_candidate_0923_attempt_1.log,
grid_candidate_0930,grid,grid_candidate_0930,completed,1,0,13.506885,/home/hzw/Rethinking_GNN_DP/paper_experiments/figure3/figure3_pipeline3.yaml/dataset=citeseer/feature=raw/mechanism=mbm/x_eps=2/m=best/norm=false/smoother=hoa/backbone=sage/use_nfr=true/logs/grid_candidate_0930_attempt_1.log,
grid_candidate_0937,grid,grid_candidate_0937,completed,1,0,11.250087,/home/hzw/Rethinking_GNN_DP/paper_experiments/figure3/figure3_pipeline3.yaml/dataset=citeseer/feature=raw/mechanism=mbm/x_eps=2/m=best/norm=false/smoother=hoa/backbone=sage/use_nfr=true/logs/grid_candidate_0937_attempt_1.log,
grid_candidate_0931,grid,grid_candidate_0931,completed,1,0,13.350272,/home/hzw/Rethinking_GNN_DP/paper_experiments/figure3/figure3_pipeline3.yaml/dataset=citeseer/feature=raw/mechanism=mbm/x_eps=2/m=best/norm=false/smoother=hoa/backbone=sage/use_nfr=true/logs/grid_candidate_0931_attempt_1.log,
grid_candidate_0935,grid,grid_candidate_0935,completed,1,0,12.235897,/home/hzw/Rethinking_GNN_DP/paper_experiments/figure3/figure3_pipeline3.yaml/dataset=citeseer/feature=raw/mechanism=mbm/x_eps=2/m=best/norm=false/smoother=hoa/backbone=sage/use_nfr=true/logs/grid_candidate_0935_attempt_1.log,
grid_candidate_0936,grid,grid_candidate_0936,completed,1,0,11.910633,/home/hzw/Rethinking_GNN_DP/paper_experiments/figure3/figure3_pipeline3.yaml/dataset=citeseer/feature=raw/mechanism=mbm/x_eps=2/m=best/norm=false/smoother=hoa/backbone=sage/use_nfr=true/logs/grid_candidate_0936_attempt_1.log,
grid_candidate_0929,grid,grid_candidate_0929,completed,1,0,14.416756,/home/hzw/Rethinking_GNN_DP/paper_experiments/figure3/figure3_pipeline3.yaml/dataset=citeseer/feature=raw/mechanism=mbm/x_eps=2/m=best/norm=false/smoother=hoa/backbone=sage/use_nfr=true/logs/grid_candidate_0929_attempt_1.log,
grid_candidate_0940,grid,grid_candidate_0940,completed,1,0,10.696430,/home/hzw/Rethinking_GNN_DP/paper_experiments/figure3/figure3_pipeline3.yaml/dataset=citeseer/feature=raw/mechanism=mbm/x_eps=2/m=best/norm=false/smoother=hoa/backbone=sage/use_nfr=true/logs/grid_candidate_0940_attempt_1.log,
grid_candidate_0926,grid,grid_candidate_0926,completed,1,0,16.087804,/home/hzw/Rethinking_GNN_DP/paper_experiments/figure3/figure3_pipeline3.yaml/dataset=citeseer/feature=raw/mechanism=mbm/x_eps=2/m=best/norm=false/smoother=hoa/backbone=sage/use_nfr=true/logs/grid_candidate_0926_attempt_1.log,
grid_candidate_0934,grid,grid_candidate_0934,completed,1,0,12.908855,/home/hzw/Rethinking_GNN_DP/paper_experiments/figure3/figure3_pipeline3.yaml/dataset=citeseer/feature=raw/mechanism=mbm/x_eps=2/m=best/norm=false/smoother=hoa/backbone=sage/use_nfr=true/logs/grid_candidate_0934_attempt_1.log,
grid_candidate_0932,grid,grid_candidate_0932,completed,1,0,13.527181,/home/hzw/Rethinking_GNN_DP/paper_experiments/figure3/figure3_pipeline3.yaml/dataset=citeseer/feature=raw/mechanism=mbm/x_eps=2/m=best/norm=false/smoother=hoa/backbone=sage/use_nfr=true/logs/grid_candidate_0932_attempt_1.log,
grid_candidate_0933,grid,grid_candidate_0933,completed,1,0,13.527594,/home/hzw/Rethinking_GNN_DP/paper_experiments/figure3/figure3_pipeline3.yaml/dataset=citeseer/feature=raw/mechanism=mbm/x_eps=2/m=best/norm=false/smoother=hoa/backbone=sage/use_nfr=true/logs/grid_candidate_0933_attempt_1.log,
grid_candidate_0939,grid,grid_candidate_0939,completed,1,0,11.885956,/home/hzw/Rethinking_GNN_DP/paper_experiments/figure3/figure3_pipeline3.yaml/dataset=citeseer/feature=raw/mechanism=mbm/x_eps=2/m=best/norm=false/smoother=hoa/backbone=sage/use_nfr=true/logs/grid_candidate_0939_attempt_1.log,
grid_candidate_0938,grid,grid_candidate_0938,completed,1,0,13.185098,/home/hzw/Rethinking_GNN_DP/paper_experiments/figure3/figure3_pipeline3.yaml/dataset=citeseer/feature=raw/mechanism=mbm/x_eps=2/m=best/norm=false/smoother=hoa/backbone=sage/use_nfr=true/logs/grid_candidate_0938_attempt_1.log,
grid_candidate_0941,grid,grid_candidate_0941,completed,1,0,14.561848,/home/hzw/Rethinking_GNN_DP/paper_experiments/figure3/figure3_pipeline3.yaml/dataset=citeseer/feature=raw/mechanism=mbm/x_eps=2/m=best/norm=false/smoother=hoa/backbone=sage/use_nfr=true/logs/grid_candidate_0941_attempt_1.log,
grid_candidate_0944,grid,grid_candidate_0944,completed,1,0,14.448512,/home/hzw/Rethinking_GNN_DP/paper_experiments/figure3/figure3_pipeline3.yaml/dataset=citeseer/feature=raw/mechanism=mbm/x_eps=2/m=best/norm=false/smoother=hoa/backbone=sage/use_nfr=true/logs/grid_candidate_0944_attempt_1.log,
grid_candidate_0948,grid,grid_candidate_0948,completed,1,0,14.104668,/home/hzw/Rethinking_GNN_DP/paper_experiments/figure3/figure3_pipeline3.yaml/dataset=citeseer/feature=raw/mechanism=mbm/x_eps=2/m=best/norm=false/smoother=hoa/backbone=sage/use_nfr=true/logs/grid_candidate_0948_attempt_1.log,
grid_candidate_0943,grid,grid_candidate_0943,completed,1,0,15.439279,/home/hzw/Rethinking_GNN_DP/paper_experiments/figure3/figure3_pipeline3.yaml/dataset=citeseer/feature=raw/mechanism=mbm/x_eps=2/m=best/norm=false/smoother=hoa/backbone=sage/use_nfr=true/logs/grid_candidate_0943_attempt_1.log,
grid_candidate_0951,grid,grid_candidate_0951,completed,1,0,13.042540,/home/hzw/Rethinking_GNN_DP/paper_experiments/figure3/figure3_pipeline3.yaml/dataset=citeseer/feature=raw/mechanism=mbm/x_eps=2/m=best/norm=false/smoother=hoa/backbone=sage/use_nfr=true/logs/grid_candidate_0951_attempt_1.log,
grid_candidate_0945,grid,grid_candidate_0945,completed,1,0,15.207771,/home/hzw/Rethinking_GNN_DP/paper_experiments/figure3/figure3_pipeline3.yaml/dataset=citeseer/feature=raw/mechanism=mbm/x_eps=2/m=best/norm=false/smoother=hoa/backbone=sage/use_nfr=true/logs/grid_candidate_0945_attempt_1.log,
grid_candidate_0952,grid,grid_candidate_0952,completed,1,0,14.473717,/home/hzw/Rethinking_GNN_DP/paper_experiments/figure3/figure3_pipeline3.yaml/dataset=citeseer/feature=raw/mechanism=mbm/x_eps=2/m=best/norm=false/smoother=hoa/backbone=sage/use_nfr=true/logs/grid_candidate_0952_attempt_1.log,
grid_candidate_0942,grid,grid_candidate_0942,completed,1,0,17.621134,/home/hzw/Rethinking_GNN_DP/paper_experiments/figure3/figure3_pipeline3.yaml/dataset=citeseer/feature=raw/mechanism=mbm/x_eps=2/m=best/norm=false/smoother=hoa/backbone=sage/use_nfr=true/logs/grid_candidate_0942_attempt_1.log,
grid_candidate_0950,grid,grid_candidate_0950,completed,1,0,15.119633,/home/hzw/Rethinking_GNN_DP/paper_experiments/figure3/figure3_pipeline3.yaml/dataset=citeseer/feature=raw/mechanism=mbm/x_eps=2/m=best/norm=false/smoother=hoa/backbone=sage/use_nfr=true/logs/grid_candidate_0950_attempt_1.log,
grid_candidate_0955,grid,grid_candidate_0955,completed,1,0,14.776533,/home/hzw/Rethinking_GNN_DP/paper_experiments/figure3/figure3_pipeline3.yaml/dataset=citeseer/feature=raw/mechanism=mbm/x_eps=2/m=best/norm=false/smoother=hoa/backbone=sage/use_nfr=true/logs/grid_candidate_0955_attempt_1.log,
grid_candidate_0959,grid,grid_candidate_0959,completed,1,0,13.024422,/home/hzw/Rethinking_GNN_DP/paper_experiments/figure3/figure3_pipeline3.yaml/dataset=citeseer/feature=raw/mechanism=mbm/x_eps=2/m=best/norm=false/smoother=hoa/backbone=sage/use_nfr=true/logs/grid_candidate_0959_attempt_1.log,
grid_candidate_0947,grid,grid_candidate_0947,completed,1,0,17.129532,/home/hzw/Rethinking_GNN_DP/paper_experiments/figure3/figure3_pipeline3.yaml/dataset=citeseer/feature=raw/mechanism=mbm/x_eps=2/m=best/norm=false/smoother=hoa/backbone=sage/use_nfr=true/logs/grid_candidate_0947_attempt_1.log,
grid_candidate_0957,grid,grid_candidate_0957,completed,1,0,14.886249,/home/hzw/Rethinking_GNN_DP/paper_experiments/figure3/figure3_pipeline3.yaml/dataset=citeseer/feature=raw/mechanism=mbm/x_eps=2/m=best/norm=false/smoother=hoa/backbone=sage/use_nfr=true/logs/grid_candidate_0957_attempt_1.log,
grid_candidate_0949,grid,grid_candidate_0949,completed,1,0,16.198124,/home/hzw/Rethinking_GNN_DP/paper_experiments/figure3/figure3_pipeline3.yaml/dataset=citeseer/feature=raw/mechanism=mbm/x_eps=2/m=best/norm=false/smoother=hoa/backbone=sage/use_nfr=true/logs/grid_candidate_0949_attempt_1.log,
grid_candidate_0958,grid,grid_candidate_0958,completed,1,0,15.067476,/home/hzw/Rethinking_GNN_DP/paper_experiments/figure3/figure3_pipeline3.yaml/dataset=citeseer/feature=raw/mechanism=mbm/x_eps=2/m=best/norm=false/smoother=hoa/backbone=sage/use_nfr=true/logs/grid_candidate_0958_attempt_1.log,
grid_candidate_0954,grid,grid_candidate_0954,completed,1,0,15.808143,/home/hzw/Rethinking_GNN_DP/paper_experiments/figure3/figure3_pipeline3.yaml/dataset=citeseer/feature=raw/mechanism=mbm/x_eps=2/m=best/norm=false/smoother=hoa/backbone=sage/use_nfr=true/logs/grid_candidate_0954_attempt_1.log,
grid_candidate_0946,grid,grid_candidate_0946,completed,1,0,18.079433,/home/hzw/Rethinking_GNN_DP/paper_experiments/figure3/figure3_pipeline3.yaml/dataset=citeseer/feature=raw/mechanism=mbm/x_eps=2/m=best/norm=false/smoother=hoa/backbone=sage/use_nfr=true/logs/grid_candidate_0946_attempt_1.log,
grid_candidate_0960,grid,grid_candidate_0960,completed,1,0,12.988869,/home/hzw/Rethinking_GNN_DP/paper_experiments/figure3/figure3_pipeline3.yaml/dataset=citeseer/feature=raw/mechanism=mbm/x_eps=2/m=best/norm=false/smoother=hoa/backbone=sage/use_nfr=true/logs/grid_candidate_0960_attempt_1.log,
grid_candidate_0953,grid,grid_candidate_0953,completed,1,0,16.360232,/home/hzw/Rethinking_GNN_DP/paper_experiments/figure3/figure3_pipeline3.yaml/dataset=citeseer/feature=raw/mechanism=mbm/x_eps=2/m=best/norm=false/smoother=hoa/backbone=sage/use_nfr=true/logs/grid_candidate_0953_attempt_1.log,
grid_candidate_0956,grid,grid_candidate_0956,completed,1,0,16.009165,/home/hzw/Rethinking_GNN_DP/paper_experiments/figure3/figure3_pipeline3.yaml/dataset=citeseer/feature=raw/mechanism=mbm/x_eps=2/m=best/norm=false/smoother=hoa/backbone=sage/use_nfr=true/logs/grid_candidate_0956_attempt_1.log,
grid_candidate_0961,grid,grid_candidate_0961,completed,1,0,12.838307,/home/hzw/Rethinking_GNN_DP/paper_experiments/figure3/figure3_pipeline3.yaml/dataset=citeseer/feature=raw/mechanism=mbm/x_eps=2/m=best/norm=false/smoother=hoa/backbone=sage/use_nfr=true/logs/grid_candidate_0961_attempt_1.log,
grid_candidate_0969,grid,grid_candidate_0969,completed,1,0,10.989520,/home/hzw/Rethinking_GNN_DP/paper_experiments/figure3/figure3_pipeline3.yaml/dataset=citeseer/feature=raw/mechanism=mbm/x_eps=2/m=best/norm=false/smoother=hoa/backbone=sage/use_nfr=true/logs/grid_candidate_0969_attempt_1.log,
grid_candidate_0962,grid,grid_candidate_0962,completed,1,0,12.748158,/home/hzw/Rethinking_GNN_DP/paper_experiments/figure3/figure3_pipeline3.yaml/dataset=citeseer/feature=raw/mechanism=mbm/x_eps=2/m=best/norm=false/smoother=hoa/backbone=sage/use_nfr=true/logs/grid_candidate_0962_attempt_1.log,
grid_candidate_0970,grid,grid_candidate_0970,completed,1,0,11.531559,/home/hzw/Rethinking_GNN_DP/paper_experiments/figure3/figure3_pipeline3.yaml/dataset=citeseer/feature=raw/mechanism=mbm/x_eps=2/m=best/norm=false/smoother=hoa/backbone=sage/use_nfr=true/logs/grid_candidate_0970_attempt_1.log,
grid_candidate_0963,grid,grid_candidate_0963,completed,1,0,13.045527,/home/hzw/Rethinking_GNN_DP/paper_experiments/figure3/figure3_pipeline3.yaml/dataset=citeseer/feature=raw/mechanism=mbm/x_eps=2/m=best/norm=false/smoother=hoa/backbone=sage/use_nfr=true/logs/grid_candidate_0963_attempt_1.log,
grid_candidate_0965,grid,grid_candidate_0965,completed,1,0,13.369519,/home/hzw/Rethinking_GNN_DP/paper_experiments/figure3/figure3_pipeline3.yaml/dataset=citeseer/feature=raw/mechanism=mbm/x_eps=2/m=best/norm=false/smoother=hoa/backbone=sage/use_nfr=true/logs/grid_candidate_0965_attempt_1.log,
grid_candidate_0964,grid,grid_candidate_0964,completed,1,0,14.525124,/home/hzw/Rethinking_GNN_DP/paper_experiments/figure3/figure3_pipeline3.yaml/dataset=citeseer/feature=raw/mechanism=mbm/x_eps=2/m=best/norm=false/smoother=hoa/backbone=sage/use_nfr=true/logs/grid_candidate_0964_attempt_1.log,
grid_candidate_0966,grid,grid_candidate_0966,completed,1,0,14.419872,/home/hzw/Rethinking_GNN_DP/paper_experiments/figure3/figure3_pipeline3.yaml/dataset=citeseer/feature=raw/mechanism=mbm/x_eps=2/m=best/norm=false/smoother=hoa/backbone=sage/use_nfr=true/logs/grid_candidate_0966_attempt_1.log,
grid_candidate_0975,grid,grid_candidate_0975,completed,1,0,13.130357,/home/hzw/Rethinking_GNN_DP/paper_experiments/figure3/figure3_pipeline3.yaml/dataset=citeseer/feature=raw/mechanism=mbm/x_eps=2/m=best/norm=false/smoother=hoa/backbone=sage/use_nfr=true/logs/grid_candidate_0975_attempt_1.log,
grid_candidate_0967,grid,grid_candidate_0967,completed,1,0,14.551923,/home/hzw/Rethinking_GNN_DP/paper_experiments/figure3/figure3_pipeline3.yaml/dataset=citeseer/feature=raw/mechanism=mbm/x_eps=2/m=best/norm=false/smoother=hoa/backbone=sage/use_nfr=true/logs/grid_candidate_0967_attempt_1.log,
grid_candidate_0968,grid,grid_candidate_0968,completed,1,0,14.451232,/home/hzw/Rethinking_GNN_DP/paper_experiments/figure3/figure3_pipeline3.yaml/dataset=citeseer/feature=raw/mechanism=mbm/x_eps=2/m=best/norm=false/smoother=hoa/backbone=sage/use_nfr=true/logs/grid_candidate_0968_attempt_1.log,
grid_candidate_0972,grid,grid_candidate_0972,completed,1,0,13.944368,/home/hzw/Rethinking_GNN_DP/paper_experiments/figure3/figure3_pipeline3.yaml/dataset=citeseer/feature=raw/mechanism=mbm/x_eps=2/m=best/norm=false/smoother=hoa/backbone=sage/use_nfr=true/logs/grid_candidate_0972_attempt_1.log,
grid_candidate_0974,grid,grid_candidate_0974,completed,1,0,14.824626,/home/hzw/Rethinking_GNN_DP/paper_experiments/figure3/figure3_pipeline3.yaml/dataset=citeseer/feature=raw/mechanism=mbm/x_eps=2/m=best/norm=false/smoother=hoa/backbone=sage/use_nfr=true/logs/grid_candidate_0974_attempt_1.log,
grid_candidate_0971,grid,grid_candidate_0971,completed,1,0,15.785325,/home/hzw/Rethinking_GNN_DP/paper_experiments/figure3/figure3_pipeline3.yaml/dataset=citeseer/feature=raw/mechanism=mbm/x_eps=2/m=best/norm=false/smoother=hoa/backbone=sage/use_nfr=true/logs/grid_candidate_0971_attempt_1.log,
grid_candidate_0973,grid,grid_candidate_0973,completed,1,0,15.658622,/home/hzw/Rethinking_GNN_DP/paper_experiments/figure3/figure3_pipeline3.yaml/dataset=citeseer/feature=raw/mechanism=mbm/x_eps=2/m=best/norm=false/smoother=hoa/backbone=sage/use_nfr=true/logs/grid_candidate_0973_attempt_1.log,
grid_candidate_0976,grid,grid_candidate_0976,completed,1,0,14.363638,/home/hzw/Rethinking_GNN_DP/paper_experiments/figure3/figure3_pipeline3.yaml/dataset=citeseer/feature=raw/mechanism=mbm/x_eps=2/m=best/norm=false/smoother=hoa/backbone=sage/use_nfr=true/logs/grid_candidate_0976_attempt_1.log,
grid_candidate_0978,grid,grid_candidate_0978,completed,1,0,14.031338,/home/hzw/Rethinking_GNN_DP/paper_experiments/figure3/figure3_pipeline3.yaml/dataset=citeseer/feature=raw/mechanism=mbm/x_eps=2/m=best/norm=false/smoother=hoa/backbone=sage/use_nfr=true/logs/grid_candidate_0978_attempt_1.log,
grid_candidate_0977,grid,grid_candidate_0977,completed,1,0,14.898764,/home/hzw/Rethinking_GNN_DP/paper_experiments/figure3/figure3_pipeline3.yaml/dataset=citeseer/feature=raw/mechanism=mbm/x_eps=2/m=best/norm=false/smoother=hoa/backbone=sage/use_nfr=true/logs/grid_candidate_0977_attempt_1.log,
grid_candidate_0983,grid,grid_candidate_0983,completed,1,0,12.079653,/home/hzw/Rethinking_GNN_DP/paper_experiments/figure3/figure3_pipeline3.yaml/dataset=citeseer/feature=raw/mechanism=mbm/x_eps=2/m=best/norm=false/smoother=hoa/backbone=sage/use_nfr=true/logs/grid_candidate_0983_attempt_1.log,
grid_candidate_0981,grid,grid_candidate_0981,completed,1,0,14.061876,/home/hzw/Rethinking_GNN_DP/paper_experiments/figure3/figure3_pipeline3.yaml/dataset=citeseer/feature=raw/mechanism=mbm/x_eps=2/m=best/norm=false/smoother=hoa/backbone=sage/use_nfr=true/logs/grid_candidate_0981_attempt_1.log,
grid_candidate_0985,grid,grid_candidate_0985,completed,1,0,12.204814,/home/hzw/Rethinking_GNN_DP/paper_experiments/figure3/figure3_pipeline3.yaml/dataset=citeseer/feature=raw/mechanism=mbm/x_eps=2/m=best/norm=false/smoother=hoa/backbone=sage/use_nfr=true/logs/grid_candidate_0985_attempt_1.log,
grid_candidate_0979,grid,grid_candidate_0979,completed,1,0,14.790937,/home/hzw/Rethinking_GNN_DP/paper_experiments/figure3/figure3_pipeline3.yaml/dataset=citeseer/feature=raw/mechanism=mbm/x_eps=2/m=best/norm=false/smoother=hoa/backbone=sage/use_nfr=true/logs/grid_candidate_0979_attempt_1.log,
grid_candidate_0980,grid,grid_candidate_0980,completed,1,0,14.612620,/home/hzw/Rethinking_GNN_DP/paper_experiments/figure3/figure3_pipeline3.yaml/dataset=citeseer/feature=raw/mechanism=mbm/x_eps=2/m=best/norm=false/smoother=hoa/backbone=sage/use_nfr=true/logs/grid_candidate_0980_attempt_1.log,
grid_candidate_0982,grid,grid_candidate_0982,completed,1,0,14.799762,/home/hzw/Rethinking_GNN_DP/paper_experiments/figure3/figure3_pipeline3.yaml/dataset=citeseer/feature=raw/mechanism=mbm/x_eps=2/m=best/norm=false/smoother=hoa/backbone=sage/use_nfr=true/logs/grid_candidate_0982_attempt_1.log,
grid_candidate_0987,grid,grid_candidate_0987,completed,1,0,14.007776,/home/hzw/Rethinking_GNN_DP/paper_experiments/figure3/figure3_pipeline3.yaml/dataset=citeseer/feature=raw/mechanism=mbm/x_eps=2/m=best/norm=false/smoother=hoa/backbone=sage/use_nfr=true/logs/grid_candidate_0987_attempt_1.log,
grid_candidate_0997,grid,grid_candidate_0997,completed,1,0,12.233444,/home/hzw/Rethinking_GNN_DP/paper_experiments/figure3/figure3_pipeline3.yaml/dataset=citeseer/feature=raw/mechanism=mbm/x_eps=2/m=best/norm=false/smoother=hoa/backbone=sage/use_nfr=true/logs/grid_candidate_0997_attempt_1.log,
grid_candidate_0989,grid,grid_candidate_0989,completed,1,0,14.019758,/home/hzw/Rethinking_GNN_DP/paper_experiments/figure3/figure3_pipeline3.yaml/dataset=citeseer/feature=raw/mechanism=mbm/x_eps=2/m=best/norm=false/smoother=hoa/backbone=sage/use_nfr=true/logs/grid_candidate_0989_attempt_1.log,
grid_candidate_0994,grid,grid_candidate_0994,completed,1,0,13.459657,/home/hzw/Rethinking_GNN_DP/paper_experiments/figure3/figure3_pipeline3.yaml/dataset=citeseer/feature=raw/mechanism=mbm/x_eps=2/m=best/norm=false/smoother=hoa/backbone=sage/use_nfr=true/logs/grid_candidate_0994_attempt_1.log,
grid_candidate_0992,grid,grid_candidate_0992,completed,1,0,13.975144,/home/hzw/Rethinking_GNN_DP/paper_experiments/figure3/figure3_pipeline3.yaml/dataset=citeseer/feature=raw/mechanism=mbm/x_eps=2/m=best/norm=false/smoother=hoa/backbone=sage/use_nfr=true/logs/grid_candidate_0992_attempt_1.log,
grid_candidate_0991,grid,grid_candidate_0991,completed,1,0,14.359641,/home/hzw/Rethinking_GNN_DP/paper_experiments/figure3/figure3_pipeline3.yaml/dataset=citeseer/feature=raw/mechanism=mbm/x_eps=2/m=best/norm=false/smoother=hoa/backbone=sage/use_nfr=true/logs/grid_candidate_0991_attempt_1.log,
grid_candidate_0986,grid,grid_candidate_0986,completed,1,0,15.303486,/home/hzw/Rethinking_GNN_DP/paper_experiments/figure3/figure3_pipeline3.yaml/dataset=citeseer/feature=raw/mechanism=mbm/x_eps=2/m=best/norm=false/smoother=hoa/backbone=sage/use_nfr=true/logs/grid_candidate_0986_attempt_1.log,
grid_candidate_0999,grid,grid_candidate_0999,completed,1,0,12.387036,/home/hzw/Rethinking_GNN_DP/paper_experiments/figure3/figure3_pipeline3.yaml/dataset=citeseer/feature=raw/mechanism=mbm/x_eps=2/m=best/norm=false/smoother=hoa/backbone=sage/use_nfr=true/logs/grid_candidate_0999_attempt_1.log,
grid_candidate_0990,grid,grid_candidate_0990,completed,1,0,14.987934,/home/hzw/Rethinking_GNN_DP/paper_experiments/figure3/figure3_pipeline3.yaml/dataset=citeseer/feature=raw/mechanism=mbm/x_eps=2/m=best/norm=false/smoother=hoa/backbone=sage/use_nfr=true/logs/grid_candidate_0990_attempt_1.log,
grid_candidate_0996,grid,grid_candidate_0996,completed,1,0,14.147537,/home/hzw/Rethinking_GNN_DP/paper_experiments/figure3/figure3_pipeline3.yaml/dataset=citeseer/feature=raw/mechanism=mbm/x_eps=2/m=best/norm=false/smoother=hoa/backbone=sage/use_nfr=true/logs/grid_candidate_0996_attempt_1.log,
grid_candidate_0998,grid,grid_candidate_0998,completed,1,0,12.826169,/home/hzw/Rethinking_GNN_DP/paper_experiments/figure3/figure3_pipeline3.yaml/dataset=citeseer/feature=raw/mechanism=mbm/x_eps=2/m=best/norm=false/smoother=hoa/backbone=sage/use_nfr=true/logs/grid_candidate_0998_attempt_1.log,
grid_candidate_0984,grid,grid_candidate_0984,completed,1,0,16.398769,/home/hzw/Rethinking_GNN_DP/paper_experiments/figure3/figure3_pipeline3.yaml/dataset=citeseer/feature=raw/mechanism=mbm/x_eps=2/m=best/norm=false/smoother=hoa/backbone=sage/use_nfr=true/logs/grid_candidate_0984_attempt_1.log,
grid_candidate_1000,grid,grid_candidate_1000,completed,1,0,12.530525,/home/hzw/Rethinking_GNN_DP/paper_experiments/figure3/figure3_pipeline3.yaml/dataset=citeseer/feature=raw/mechanism=mbm/x_eps=2/m=best/norm=false/smoother=hoa/backbone=sage/use_nfr=true/logs/grid_candidate_1000_attempt_1.log,
grid_candidate_0995,grid,grid_candidate_0995,completed,1,0,14.879213,/home/hzw/Rethinking_GNN_DP/paper_experiments/figure3/figure3_pipeline3.yaml/dataset=citeseer/feature=raw/mechanism=mbm/x_eps=2/m=best/norm=false/smoother=hoa/backbone=sage/use_nfr=true/logs/grid_candidate_0995_attempt_1.log,
grid_candidate_0993,grid,grid_candidate_0993,completed,1,0,15.289144,/home/hzw/Rethinking_GNN_DP/paper_experiments/figure3/figure3_pipeline3.yaml/dataset=citeseer/feature=raw/mechanism=mbm/x_eps=2/m=best/norm=false/smoother=hoa/backbone=sage/use_nfr=true/logs/grid_candidate_0993_attempt_1.log,
grid_candidate_0988,grid,grid_candidate_0988,completed,1,0,16.367214,/home/hzw/Rethinking_GNN_DP/paper_experiments/figure3/figure3_pipeline3.yaml/dataset=citeseer/feature=raw/mechanism=mbm/x_eps=2/m=best/norm=false/smoother=hoa/backbone=sage/use_nfr=true/logs/grid_candidate_0988_attempt_1.log,
grid_candidate_1002,grid,grid_candidate_1002,completed,1,0,12.185313,/home/hzw/Rethinking_GNN_DP/paper_experiments/figure3/figure3_pipeline3.yaml/dataset=citeseer/feature=raw/mechanism=mbm/x_eps=2/m=best/norm=false/smoother=hoa/backbone=sage/use_nfr=true/logs/grid_candidate_1002_attempt_1.log,
grid_candidate_1001,grid,grid_candidate_1001,completed,1,0,13.363400,/home/hzw/Rethinking_GNN_DP/paper_experiments/figure3/figure3_pipeline3.yaml/dataset=citeseer/feature=raw/mechanism=mbm/x_eps=2/m=best/norm=false/smoother=hoa/backbone=sage/use_nfr=true/logs/grid_candidate_1001_attempt_1.log,
grid_candidate_1003,grid,grid_candidate_1003,completed,1,0,13.679975,/home/hzw/Rethinking_GNN_DP/paper_experiments/figure3/figure3_pipeline3.yaml/dataset=citeseer/feature=raw/mechanism=mbm/x_eps=2/m=best/norm=false/smoother=hoa/backbone=sage/use_nfr=true/logs/grid_candidate_1003_attempt_1.log,
grid_candidate_1010,grid,grid_candidate_1010,completed,1,0,13.892804,/home/hzw/Rethinking_GNN_DP/paper_experiments/figure3/figure3_pipeline3.yaml/dataset=citeseer/feature=raw/mechanism=mbm/x_eps=2/m=best/norm=false/smoother=hoa/backbone=sage/use_nfr=true/logs/grid_candidate_1010_attempt_1.log,
grid_candidate_1011,grid,grid_candidate_1011,completed,1,0,13.896645,/home/hzw/Rethinking_GNN_DP/paper_experiments/figure3/figure3_pipeline3.yaml/dataset=citeseer/feature=raw/mechanism=mbm/x_eps=2/m=best/norm=false/smoother=hoa/backbone=sage/use_nfr=true/logs/grid_candidate_1011_attempt_1.log,
grid_candidate_1005,grid,grid_candidate_1005,completed,1,0,16.268826,/home/hzw/Rethinking_GNN_DP/paper_experiments/figure3/figure3_pipeline3.yaml/dataset=citeseer/feature=raw/mechanism=mbm/x_eps=2/m=best/norm=false/smoother=hoa/backbone=sage/use_nfr=true/logs/grid_candidate_1005_attempt_1.log,
grid_candidate_1008,grid,grid_candidate_1008,completed,1,0,15.846323,/home/hzw/Rethinking_GNN_DP/paper_experiments/figure3/figure3_pipeline3.yaml/dataset=citeseer/feature=raw/mechanism=mbm/x_eps=2/m=best/norm=false/smoother=hoa/backbone=sage/use_nfr=true/logs/grid_candidate_1008_attempt_1.log,
grid_candidate_1004,grid,grid_candidate_1004,completed,1,0,16.645522,/home/hzw/Rethinking_GNN_DP/paper_experiments/figure3/figure3_pipeline3.yaml/dataset=citeseer/feature=raw/mechanism=mbm/x_eps=2/m=best/norm=false/smoother=hoa/backbone=sage/use_nfr=true/logs/grid_candidate_1004_attempt_1.log,
grid_candidate_1006,grid,grid_candidate_1006,completed,1,0,16.329120,/home/hzw/Rethinking_GNN_DP/paper_experiments/figure3/figure3_pipeline3.yaml/dataset=citeseer/feature=raw/mechanism=mbm/x_eps=2/m=best/norm=false/smoother=hoa/backbone=sage/use_nfr=true/logs/grid_candidate_1006_attempt_1.log,
grid_candidate_1013,grid,grid_candidate_1013,completed,1,0,11.451778,/home/hzw/Rethinking_GNN_DP/paper_experiments/figure3/figure3_pipeline3.yaml/dataset=citeseer/feature=raw/mechanism=mbm/x_eps=2/m=best/norm=false/smoother=hoa/backbone=sage/use_nfr=true/logs/grid_candidate_1013_attempt_1.log,
grid_candidate_1015,grid,grid_candidate_1015,completed,1,0,11.464811,/home/hzw/Rethinking_GNN_DP/paper_experiments/figure3/figure3_pipeline3.yaml/dataset=citeseer/feature=raw/mechanism=mbm/x_eps=2/m=best/norm=false/smoother=hoa/backbone=sage/use_nfr=true/logs/grid_candidate_1015_attempt_1.log,
grid_candidate_1007,grid,grid_candidate_1007,completed,1,0,16.947208,/home/hzw/Rethinking_GNN_DP/paper_experiments/figure3/figure3_pipeline3.yaml/dataset=citeseer/feature=raw/mechanism=mbm/x_eps=2/m=best/norm=false/smoother=hoa/backbone=sage/use_nfr=true/logs/grid_candidate_1007_attempt_1.log,
grid_candidate_1016,grid,grid_candidate_1016,completed,1,0,11.578157,/home/hzw/Rethinking_GNN_DP/paper_experiments/figure3/figure3_pipeline3.yaml/dataset=citeseer/feature=raw/mechanism=mbm/x_eps=2/m=best/norm=false/smoother=hoa/backbone=sage/use_nfr=true/logs/grid_candidate_1016_attempt_1.log,
grid_candidate_1017,grid,grid_candidate_1017,completed,1,0,11.476528,/home/hzw/Rethinking_GNN_DP/paper_experiments/figure3/figure3_pipeline3.yaml/dataset=citeseer/feature=raw/mechanism=mbm/x_eps=2/m=best/norm=false/smoother=hoa/backbone=sage/use_nfr=true/logs/grid_candidate_1017_attempt_1.log,
grid_candidate_1018,grid,grid_candidate_1018,completed,1,0,11.550820,/home/hzw/Rethinking_GNN_DP/paper_experiments/figure3/figure3_pipeline3.yaml/dataset=citeseer/feature=raw/mechanism=mbm/x_eps=2/m=best/norm=false/smoother=hoa/backbone=sage/use_nfr=true/logs/grid_candidate_1018_attempt_1.log,
grid_candidate_1012,grid,grid_candidate_1012,completed,1,0,16.081226,/home/hzw/Rethinking_GNN_DP/paper_experiments/figure3/figure3_pipeline3.yaml/dataset=citeseer/feature=raw/mechanism=mbm/x_eps=2/m=best/norm=false/smoother=hoa/backbone=sage/use_nfr=true/logs/grid_candidate_1012_attempt_1.log,
grid_candidate_1014,grid,grid_candidate_1014,completed,1,0,12.941892,/home/hzw/Rethinking_GNN_DP/paper_experiments/figure3/figure3_pipeline3.yaml/dataset=citeseer/feature=raw/mechanism=mbm/x_eps=2/m=best/norm=false/smoother=hoa/backbone=sage/use_nfr=true/logs/grid_candidate_1014_attempt_1.log,
grid_candidate_1009,grid,grid_candidate_1009,completed,1,0,17.207219,/home/hzw/Rethinking_GNN_DP/paper_experiments/figure3/figure3_pipeline3.yaml/dataset=citeseer/feature=raw/mechanism=mbm/x_eps=2/m=best/norm=false/smoother=hoa/backbone=sage/use_nfr=true/logs/grid_candidate_1009_attempt_1.log,
grid_candidate_1019,grid,grid_candidate_1019,completed,1,0,12.167051,/home/hzw/Rethinking_GNN_DP/paper_experiments/figure3/figure3_pipeline3.yaml/dataset=citeseer/feature=raw/mechanism=mbm/x_eps=2/m=best/norm=false/smoother=hoa/backbone=sage/use_nfr=true/logs/grid_candidate_1019_attempt_1.log,
grid_candidate_1020,grid,grid_candidate_1020,completed,1,0,11.958817,/home/hzw/Rethinking_GNN_DP/paper_experiments/figure3/figure3_pipeline3.yaml/dataset=citeseer/feature=raw/mechanism=mbm/x_eps=2/m=best/norm=false/smoother=hoa/backbone=sage/use_nfr=true/logs/grid_candidate_1020_attempt_1.log,
grid_candidate_1023,grid,grid_candidate_1023,completed,1,0,13.224922,/home/hzw/Rethinking_GNN_DP/paper_experiments/figure3/figure3_pipeline3.yaml/dataset=citeseer/feature=raw/mechanism=mbm/x_eps=2/m=best/norm=false/smoother=hoa/backbone=sage/use_nfr=true/logs/grid_candidate_1023_attempt_1.log,
grid_candidate_1025,grid,grid_candidate_1025,completed,1,0,12.960422,/home/hzw/Rethinking_GNN_DP/paper_experiments/figure3/figure3_pipeline3.yaml/dataset=citeseer/feature=raw/mechanism=mbm/x_eps=2/m=best/norm=false/smoother=hoa/backbone=sage/use_nfr=true/logs/grid_candidate_1025_attempt_1.log,
grid_candidate_1022,grid,grid_candidate_1022,completed,1,0,13.741959,/home/hzw/Rethinking_GNN_DP/paper_experiments/figure3/figure3_pipeline3.yaml/dataset=citeseer/feature=raw/mechanism=mbm/x_eps=2/m=best/norm=false/smoother=hoa/backbone=sage/use_nfr=true/logs/grid_candidate_1022_attempt_1.log,
grid_candidate_1021,grid,grid_candidate_1021,completed,1,0,14.024126,/home/hzw/Rethinking_GNN_DP/paper_experiments/figure3/figure3_pipeline3.yaml/dataset=citeseer/feature=raw/mechanism=mbm/x_eps=2/m=best/norm=false/smoother=hoa/backbone=sage/use_nfr=true/logs/grid_candidate_1021_attempt_1.log,
grid_candidate_1024,grid,grid_candidate_1024,completed,1,0,14.297834,/home/hzw/Rethinking_GNN_DP/paper_experiments/figure3/figure3_pipeline3.yaml/dataset=citeseer/feature=raw/mechanism=mbm/x_eps=2/m=best/norm=false/smoother=hoa/backbone=sage/use_nfr=true/logs/grid_candidate_1024_attempt_1.log,
grid_candidate_1026,grid,grid_candidate_1026,completed,1,0,14.522055,/home/hzw/Rethinking_GNN_DP/paper_experiments/figure3/figure3_pipeline3.yaml/dataset=citeseer/feature=raw/mechanism=mbm/x_eps=2/m=best/norm=false/smoother=hoa/backbone=sage/use_nfr=true/logs/grid_candidate_1026_attempt_1.log,
grid_candidate_1037,grid,grid_candidate_1037,completed,1,0,13.471433,/home/hzw/Rethinking_GNN_DP/paper_experiments/figure3/figure3_pipeline3.yaml/dataset=citeseer/feature=raw/mechanism=mbm/x_eps=2/m=best/norm=false/smoother=hoa/backbone=sage/use_nfr=true/logs/grid_candidate_1037_attempt_1.log,
grid_candidate_1031,grid,grid_candidate_1031,completed,1,0,14.740204,/home/hzw/Rethinking_GNN_DP/paper_experiments/figure3/figure3_pipeline3.yaml/dataset=citeseer/feature=raw/mechanism=mbm/x_eps=2/m=best/norm=false/smoother=hoa/backbone=sage/use_nfr=true/logs/grid_candidate_1031_attempt_1.log,
grid_candidate_1028,grid,grid_candidate_1028,completed,1,0,15.500952,/home/hzw/Rethinking_GNN_DP/paper_experiments/figure3/figure3_pipeline3.yaml/dataset=citeseer/feature=raw/mechanism=mbm/x_eps=2/m=best/norm=false/smoother=hoa/backbone=sage/use_nfr=true/logs/grid_candidate_1028_attempt_1.log,
grid_candidate_1029,grid,grid_candidate_1029,completed,1,0,15.479434,/home/hzw/Rethinking_GNN_DP/paper_experiments/figure3/figure3_pipeline3.yaml/dataset=citeseer/feature=raw/mechanism=mbm/x_eps=2/m=best/norm=false/smoother=hoa/backbone=sage/use_nfr=true/logs/grid_candidate_1029_attempt_1.log,
grid_candidate_1030,grid,grid_candidate_1030,completed,1,0,15.523508,/home/hzw/Rethinking_GNN_DP/paper_experiments/figure3/figure3_pipeline3.yaml/dataset=citeseer/feature=raw/mechanism=mbm/x_eps=2/m=best/norm=false/smoother=hoa/backbone=sage/use_nfr=true/logs/grid_candidate_1030_attempt_1.log,
grid_candidate_1033,grid,grid_candidate_1033,completed,1,0,15.172818,/home/hzw/Rethinking_GNN_DP/paper_experiments/figure3/figure3_pipeline3.yaml/dataset=citeseer/feature=raw/mechanism=mbm/x_eps=2/m=best/norm=false/smoother=hoa/backbone=sage/use_nfr=true/logs/grid_candidate_1033_attempt_1.log,
grid_candidate_1027,grid,grid_candidate_1027,completed,1,0,16.147363,/home/hzw/Rethinking_GNN_DP/paper_experiments/figure3/figure3_pipeline3.yaml/dataset=citeseer/feature=raw/mechanism=mbm/x_eps=2/m=best/norm=false/smoother=hoa/backbone=sage/use_nfr=true/logs/grid_candidate_1027_attempt_1.log,
grid_candidate_1039,grid,grid_candidate_1039,completed,1,0,12.233322,/home/hzw/Rethinking_GNN_DP/paper_experiments/figure3/figure3_pipeline3.yaml/dataset=citeseer/feature=raw/mechanism=mbm/x_eps=2/m=best/norm=false/smoother=hoa/backbone=sage/use_nfr=true/logs/grid_candidate_1039_attempt_1.log,
grid_candidate_1036,grid,grid_candidate_1036,completed,1,0,15.187506,/home/hzw/Rethinking_GNN_DP/paper_experiments/figure3/figure3_pipeline3.yaml/dataset=citeseer/feature=raw/mechanism=mbm/x_eps=2/m=best/norm=false/smoother=hoa/backbone=sage/use_nfr=true/logs/grid_candidate_1036_attempt_1.log,
grid_candidate_1038,grid,grid_candidate_1038,completed,1,0,15.115643,/home/hzw/Rethinking_GNN_DP/paper_experiments/figure3/figure3_pipeline3.yaml/dataset=citeseer/feature=raw/mechanism=mbm/x_eps=2/m=best/norm=false/smoother=hoa/backbone=sage/use_nfr=true/logs/grid_candidate_1038_attempt_1.log,
grid_candidate_1034,grid,grid_candidate_1034,completed,1,0,16.194447,/home/hzw/Rethinking_GNN_DP/paper_experiments/figure3/figure3_pipeline3.yaml/dataset=citeseer/feature=raw/mechanism=mbm/x_eps=2/m=best/norm=false/smoother=hoa/backbone=sage/use_nfr=true/logs/grid_candidate_1034_attempt_1.log,
grid_candidate_1035,grid,grid_candidate_1035,completed,1,0,16.702587,/home/hzw/Rethinking_GNN_DP/paper_experiments/figure3/figure3_pipeline3.yaml/dataset=citeseer/feature=raw/mechanism=mbm/x_eps=2/m=best/norm=false/smoother=hoa/backbone=sage/use_nfr=true/logs/grid_candidate_1035_attempt_1.log,
grid_candidate_1032,grid,grid_candidate_1032,completed,1,0,17.439702,/home/hzw/Rethinking_GNN_DP/paper_experiments/figure3/figure3_pipeline3.yaml/dataset=citeseer/feature=raw/mechanism=mbm/x_eps=2/m=best/norm=false/smoother=hoa/backbone=sage/use_nfr=true/logs/grid_candidate_1032_attempt_1.log,
grid_candidate_1043,grid,grid_candidate_1043,completed,1,0,12.863610,/home/hzw/Rethinking_GNN_DP/paper_experiments/figure3/figure3_pipeline3.yaml/dataset=citeseer/feature=raw/mechanism=mbm/x_eps=2/m=best/norm=false/smoother=hoa/backbone=sage/use_nfr=true/logs/grid_candidate_1043_attempt_1.log,
grid_candidate_1042,grid,grid_candidate_1042,completed,1,0,13.814336,/home/hzw/Rethinking_GNN_DP/paper_experiments/figure3/figure3_pipeline3.yaml/dataset=citeseer/feature=raw/mechanism=mbm/x_eps=2/m=best/norm=false/smoother=hoa/backbone=sage/use_nfr=true/logs/grid_candidate_1042_attempt_1.log,
grid_candidate_1040,grid,grid_candidate_1040,completed,1,0,14.825707,/home/hzw/Rethinking_GNN_DP/paper_experiments/figure3/figure3_pipeline3.yaml/dataset=citeseer/feature=raw/mechanism=mbm/x_eps=2/m=best/norm=false/smoother=hoa/backbone=sage/use_nfr=true/logs/grid_candidate_1040_attempt_1.log,
grid_candidate_1041,grid,grid_candidate_1041,completed,1,0,15.003400,/home/hzw/Rethinking_GNN_DP/paper_experiments/figure3/figure3_pipeline3.yaml/dataset=citeseer/feature=raw/mechanism=mbm/x_eps=2/m=best/norm=false/smoother=hoa/backbone=sage/use_nfr=true/logs/grid_candidate_1041_attempt_1.log,
grid_candidate_1046,grid,grid_candidate_1046,completed,1,0,14.649771,/home/hzw/Rethinking_GNN_DP/paper_experiments/figure3/figure3_pipeline3.yaml/dataset=citeseer/feature=raw/mechanism=mbm/x_eps=2/m=best/norm=false/smoother=hoa/backbone=sage/use_nfr=true/logs/grid_candidate_1046_attempt_1.log,
grid_candidate_1045,grid,grid_candidate_1045,completed,1,0,14.914280,/home/hzw/Rethinking_GNN_DP/paper_experiments/figure3/figure3_pipeline3.yaml/dataset=citeseer/feature=raw/mechanism=mbm/x_eps=2/m=best/norm=false/smoother=hoa/backbone=sage/use_nfr=true/logs/grid_candidate_1045_attempt_1.log,
grid_candidate_1056,grid,grid_candidate_1056,completed,1,0,13.408897,/home/hzw/Rethinking_GNN_DP/paper_experiments/figure3/figure3_pipeline3.yaml/dataset=citeseer/feature=raw/mechanism=mbm/x_eps=2/m=best/norm=false/smoother=hoa/backbone=sage/use_nfr=true/logs/grid_candidate_1056_attempt_1.log,
grid_candidate_1050,grid,grid_candidate_1050,completed,1,0,14.994595,/home/hzw/Rethinking_GNN_DP/paper_experiments/figure3/figure3_pipeline3.yaml/dataset=citeseer/feature=raw/mechanism=mbm/x_eps=2/m=best/norm=false/smoother=hoa/backbone=sage/use_nfr=true/logs/grid_candidate_1050_attempt_1.log,
grid_candidate_1044,grid,grid_candidate_1044,completed,1,0,16.537258,/home/hzw/Rethinking_GNN_DP/paper_experiments/figure3/figure3_pipeline3.yaml/dataset=citeseer/feature=raw/mechanism=mbm/x_eps=2/m=best/norm=false/smoother=hoa/backbone=sage/use_nfr=true/logs/grid_candidate_1044_attempt_1.log,
grid_candidate_1047,grid,grid_candidate_1047,completed,1,0,16.191139,/home/hzw/Rethinking_GNN_DP/paper_experiments/figure3/figure3_pipeline3.yaml/dataset=citeseer/feature=raw/mechanism=mbm/x_eps=2/m=best/norm=false/smoother=hoa/backbone=sage/use_nfr=true/logs/grid_candidate_1047_attempt_1.log,
grid_candidate_1051,grid,grid_candidate_1051,completed,1,0,15.352697,/home/hzw/Rethinking_GNN_DP/paper_experiments/figure3/figure3_pipeline3.yaml/dataset=citeseer/feature=raw/mechanism=mbm/x_eps=2/m=best/norm=false/smoother=hoa/backbone=sage/use_nfr=true/logs/grid_candidate_1051_attempt_1.log,
grid_candidate_1048,grid,grid_candidate_1048,completed,1,0,16.405707,/home/hzw/Rethinking_GNN_DP/paper_experiments/figure3/figure3_pipeline3.yaml/dataset=citeseer/feature=raw/mechanism=mbm/x_eps=2/m=best/norm=false/smoother=hoa/backbone=sage/use_nfr=true/logs/grid_candidate_1048_attempt_1.log,
grid_candidate_1057,grid,grid_candidate_1057,completed,1,0,11.873434,/home/hzw/Rethinking_GNN_DP/paper_experiments/figure3/figure3_pipeline3.yaml/dataset=citeseer/feature=raw/mechanism=mbm/x_eps=2/m=best/norm=false/smoother=hoa/backbone=sage/use_nfr=true/logs/grid_candidate_1057_attempt_1.log,
grid_candidate_1049,grid,grid_candidate_1049,completed,1,0,16.327085,/home/hzw/Rethinking_GNN_DP/paper_experiments/figure3/figure3_pipeline3.yaml/dataset=citeseer/feature=raw/mechanism=mbm/x_eps=2/m=best/norm=false/smoother=hoa/backbone=sage/use_nfr=true/logs/grid_candidate_1049_attempt_1.log,
grid_candidate_1058,grid,grid_candidate_1058,completed,1,0,12.172864,/home/hzw/Rethinking_GNN_DP/paper_experiments/figure3/figure3_pipeline3.yaml/dataset=citeseer/feature=raw/mechanism=mbm/x_eps=2/m=best/norm=false/smoother=hoa/backbone=sage/use_nfr=true/logs/grid_candidate_1058_attempt_1.log,
grid_candidate_1059,grid,grid_candidate_1059,completed,1,0,11.999546,/home/hzw/Rethinking_GNN_DP/paper_experiments/figure3/figure3_pipeline3.yaml/dataset=citeseer/feature=raw/mechanism=mbm/x_eps=2/m=best/norm=false/smoother=hoa/backbone=sage/use_nfr=true/logs/grid_candidate_1059_attempt_1.log,
grid_candidate_1055,grid,grid_candidate_1055,completed,1,0,16.312287,/home/hzw/Rethinking_GNN_DP/paper_experiments/figure3/figure3_pipeline3.yaml/dataset=citeseer/feature=raw/mechanism=mbm/x_eps=2/m=best/norm=false/smoother=hoa/backbone=sage/use_nfr=true/logs/grid_candidate_1055_attempt_1.log,
grid_candidate_1054,grid,grid_candidate_1054,completed,1,0,16.574191,/home/hzw/Rethinking_GNN_DP/paper_experiments/figure3/figure3_pipeline3.yaml/dataset=citeseer/feature=raw/mechanism=mbm/x_eps=2/m=best/norm=false/smoother=hoa/backbone=sage/use_nfr=true/logs/grid_candidate_1054_attempt_1.log,
grid_candidate_1060,grid,grid_candidate_1060,completed,1,0,12.906973,/home/hzw/Rethinking_GNN_DP/paper_experiments/figure3/figure3_pipeline3.yaml/dataset=citeseer/feature=raw/mechanism=mbm/x_eps=2/m=best/norm=false/smoother=hoa/backbone=sage/use_nfr=true/logs/grid_candidate_1060_attempt_1.log,
grid_candidate_1052,grid,grid_candidate_1052,completed,1,0,17.152244,/home/hzw/Rethinking_GNN_DP/paper_experiments/figure3/figure3_pipeline3.yaml/dataset=citeseer/feature=raw/mechanism=mbm/x_eps=2/m=best/norm=false/smoother=hoa/backbone=sage/use_nfr=true/logs/grid_candidate_1052_attempt_1.log,
grid_candidate_1053,grid,grid_candidate_1053,completed,1,0,17.051616,/home/hzw/Rethinking_GNN_DP/paper_experiments/figure3/figure3_pipeline3.yaml/dataset=citeseer/feature=raw/mechanism=mbm/x_eps=2/m=best/norm=false/smoother=hoa/backbone=sage/use_nfr=true/logs/grid_candidate_1053_attempt_1.log,
grid_candidate_1061,grid,grid_candidate_1061,completed,1,0,12.731500,/home/hzw/Rethinking_GNN_DP/paper_experiments/figure3/figure3_pipeline3.yaml/dataset=citeseer/feature=raw/mechanism=mbm/x_eps=2/m=best/norm=false/smoother=hoa/backbone=sage/use_nfr=true/logs/grid_candidate_1061_attempt_1.log,
grid_candidate_1065,grid,grid_candidate_1065,completed,1,0,10.917335,/home/hzw/Rethinking_GNN_DP/paper_experiments/figure3/figure3_pipeline3.yaml/dataset=citeseer/feature=raw/mechanism=mbm/x_eps=2/m=best/norm=false/smoother=hoa/backbone=sage/use_nfr=true/logs/grid_candidate_1065_attempt_1.log,
grid_candidate_1064,grid,grid_candidate_1064,completed,1,0,11.901732,/home/hzw/Rethinking_GNN_DP/paper_experiments/figure3/figure3_pipeline3.yaml/dataset=citeseer/feature=raw/mechanism=mbm/x_eps=2/m=best/norm=false/smoother=hoa/backbone=sage/use_nfr=true/logs/grid_candidate_1064_attempt_1.log,
grid_candidate_1062,grid,grid_candidate_1062,completed,1,0,13.162725,/home/hzw/Rethinking_GNN_DP/paper_experiments/figure3/figure3_pipeline3.yaml/dataset=citeseer/feature=raw/mechanism=mbm/x_eps=2/m=best/norm=false/smoother=hoa/backbone=sage/use_nfr=true/logs/grid_candidate_1062_attempt_1.log,
grid_candidate_1070,grid,grid_candidate_1070,completed,1,0,13.367608,/home/hzw/Rethinking_GNN_DP/paper_experiments/figure3/figure3_pipeline3.yaml/dataset=citeseer/feature=raw/mechanism=mbm/x_eps=2/m=best/norm=false/smoother=hoa/backbone=sage/use_nfr=true/logs/grid_candidate_1070_attempt_1.log,
grid_candidate_1066,grid,grid_candidate_1066,completed,1,0,14.041669,/home/hzw/Rethinking_GNN_DP/paper_experiments/figure3/figure3_pipeline3.yaml/dataset=citeseer/feature=raw/mechanism=mbm/x_eps=2/m=best/norm=false/smoother=hoa/backbone=sage/use_nfr=true/logs/grid_candidate_1066_attempt_1.log,
grid_candidate_1063,grid,grid_candidate_1063,completed,1,0,15.232694,/home/hzw/Rethinking_GNN_DP/paper_experiments/figure3/figure3_pipeline3.yaml/dataset=citeseer/feature=raw/mechanism=mbm/x_eps=2/m=best/norm=false/smoother=hoa/backbone=sage/use_nfr=true/logs/grid_candidate_1063_attempt_1.log,
grid_candidate_1067,grid,grid_candidate_1067,completed,1,0,14.280759,/home/hzw/Rethinking_GNN_DP/paper_experiments/figure3/figure3_pipeline3.yaml/dataset=citeseer/feature=raw/mechanism=mbm/x_eps=2/m=best/norm=false/smoother=hoa/backbone=sage/use_nfr=true/logs/grid_candidate_1067_attempt_1.log,
grid_candidate_1068,grid,grid_candidate_1068,completed,1,0,15.046247,/home/hzw/Rethinking_GNN_DP/paper_experiments/figure3/figure3_pipeline3.yaml/dataset=citeseer/feature=raw/mechanism=mbm/x_eps=2/m=best/norm=false/smoother=hoa/backbone=sage/use_nfr=true/logs/grid_candidate_1068_attempt_1.log,
grid_candidate_1069,grid,grid_candidate_1069,completed,1,0,15.343269,/home/hzw/Rethinking_GNN_DP/paper_experiments/figure3/figure3_pipeline3.yaml/dataset=citeseer/feature=raw/mechanism=mbm/x_eps=2/m=best/norm=false/smoother=hoa/backbone=sage/use_nfr=true/logs/grid_candidate_1069_attempt_1.log,
grid_candidate_1077,grid,grid_candidate_1077,completed,1,0,11.567700,/home/hzw/Rethinking_GNN_DP/paper_experiments/figure3/figure3_pipeline3.yaml/dataset=citeseer/feature=raw/mechanism=mbm/x_eps=2/m=best/norm=false/smoother=hoa/backbone=sage/use_nfr=true/logs/grid_candidate_1077_attempt_1.log,
grid_candidate_1074,grid,grid_candidate_1074,completed,1,0,15.003576,/home/hzw/Rethinking_GNN_DP/paper_experiments/figure3/figure3_pipeline3.yaml/dataset=citeseer/feature=raw/mechanism=mbm/x_eps=2/m=best/norm=false/smoother=hoa/backbone=sage/use_nfr=true/logs/grid_candidate_1074_attempt_1.log,
grid_candidate_1076,grid,grid_candidate_1076,completed,1,0,12.959779,/home/hzw/Rethinking_GNN_DP/paper_experiments/figure3/figure3_pipeline3.yaml/dataset=citeseer/feature=raw/mechanism=mbm/x_eps=2/m=best/norm=false/smoother=hoa/backbone=sage/use_nfr=true/logs/grid_candidate_1076_attempt_1.log,
grid_candidate_1075,grid,grid_candidate_1075,completed,1,0,14.943629,/home/hzw/Rethinking_GNN_DP/paper_experiments/figure3/figure3_pipeline3.yaml/dataset=citeseer/feature=raw/mechanism=mbm/x_eps=2/m=best/norm=false/smoother=hoa/backbone=sage/use_nfr=true/logs/grid_candidate_1075_attempt_1.log,
grid_candidate_1071,grid,grid_candidate_1071,completed,1,0,16.603021,/home/hzw/Rethinking_GNN_DP/paper_experiments/figure3/figure3_pipeline3.yaml/dataset=citeseer/feature=raw/mechanism=mbm/x_eps=2/m=best/norm=false/smoother=hoa/backbone=sage/use_nfr=true/logs/grid_candidate_1071_attempt_1.log,
grid_candidate_1072,grid,grid_candidate_1072,completed,1,0,16.426710,/home/hzw/Rethinking_GNN_DP/paper_experiments/figure3/figure3_pipeline3.yaml/dataset=citeseer/feature=raw/mechanism=mbm/x_eps=2/m=best/norm=false/smoother=hoa/backbone=sage/use_nfr=true/logs/grid_candidate_1072_attempt_1.log,
grid_candidate_1073,grid,grid_candidate_1073,completed,1,0,16.841995,/home/hzw/Rethinking_GNN_DP/paper_experiments/figure3/figure3_pipeline3.yaml/dataset=citeseer/feature=raw/mechanism=mbm/x_eps=2/m=best/norm=false/smoother=hoa/backbone=sage/use_nfr=true/logs/grid_candidate_1073_attempt_1.log,
grid_candidate_1081,grid,grid_candidate_1081,completed,1,0,12.992984,/home/hzw/Rethinking_GNN_DP/paper_experiments/figure3/figure3_pipeline3.yaml/dataset=citeseer/feature=raw/mechanism=mbm/x_eps=2/m=best/norm=false/smoother=hoa/backbone=sage/use_nfr=true/logs/grid_candidate_1081_attempt_1.log,
grid_candidate_1080,grid,grid_candidate_1080,completed,1,0,13.636138,/home/hzw/Rethinking_GNN_DP/paper_experiments/figure3/figure3_pipeline3.yaml/dataset=citeseer/feature=raw/mechanism=mbm/x_eps=2/m=best/norm=false/smoother=hoa/backbone=sage/use_nfr=true/logs/grid_candidate_1080_attempt_1.log,
grid_candidate_1087,grid,grid_candidate_1087,completed,1,0,11.673721,/home/hzw/Rethinking_GNN_DP/paper_experiments/figure3/figure3_pipeline3.yaml/dataset=citeseer/feature=raw/mechanism=mbm/x_eps=2/m=best/norm=false/smoother=hoa/backbone=sage/use_nfr=true/logs/grid_candidate_1087_attempt_1.log,
grid_candidate_1082,grid,grid_candidate_1082,completed,1,0,14.029939,/home/hzw/Rethinking_GNN_DP/paper_experiments/figure3/figure3_pipeline3.yaml/dataset=citeseer/feature=raw/mechanism=mbm/x_eps=2/m=best/norm=false/smoother=hoa/backbone=sage/use_nfr=true/logs/grid_candidate_1082_attempt_1.log,
grid_candidate_1091,grid,grid_candidate_1091,completed,1,0,12.515226,/home/hzw/Rethinking_GNN_DP/paper_experiments/figure3/figure3_pipeline3.yaml/dataset=citeseer/feature=raw/mechanism=mbm/x_eps=2/m=best/norm=false/smoother=hoa/backbone=sage/use_nfr=true/logs/grid_candidate_1091_attempt_1.log,
grid_candidate_1078,grid,grid_candidate_1078,completed,1,0,16.390546,/home/hzw/Rethinking_GNN_DP/paper_experiments/figure3/figure3_pipeline3.yaml/dataset=citeseer/feature=raw/mechanism=mbm/x_eps=2/m=best/norm=false/smoother=hoa/backbone=sage/use_nfr=true/logs/grid_candidate_1078_attempt_1.log,
grid_candidate_1083,grid,grid_candidate_1083,completed,1,0,14.529345,/home/hzw/Rethinking_GNN_DP/paper_experiments/figure3/figure3_pipeline3.yaml/dataset=citeseer/feature=raw/mechanism=mbm/x_eps=2/m=best/norm=false/smoother=hoa/backbone=sage/use_nfr=true/logs/grid_candidate_1083_attempt_1.log,
grid_candidate_1084,grid,grid_candidate_1084,completed,1,0,14.358814,/home/hzw/Rethinking_GNN_DP/paper_experiments/figure3/figure3_pipeline3.yaml/dataset=citeseer/feature=raw/mechanism=mbm/x_eps=2/m=best/norm=false/smoother=hoa/backbone=sage/use_nfr=true/logs/grid_candidate_1084_attempt_1.log,
grid_candidate_1079,grid,grid_candidate_1079,completed,1,0,16.563425,/home/hzw/Rethinking_GNN_DP/paper_experiments/figure3/figure3_pipeline3.yaml/dataset=citeseer/feature=raw/mechanism=mbm/x_eps=2/m=best/norm=false/smoother=hoa/backbone=sage/use_nfr=true/logs/grid_candidate_1079_attempt_1.log,
grid_candidate_1086,grid,grid_candidate_1086,completed,1,0,14.432950,/home/hzw/Rethinking_GNN_DP/paper_experiments/figure3/figure3_pipeline3.yaml/dataset=citeseer/feature=raw/mechanism=mbm/x_eps=2/m=best/norm=false/smoother=hoa/backbone=sage/use_nfr=true/logs/grid_candidate_1086_attempt_1.log,
grid_candidate_1090,grid,grid_candidate_1090,completed,1,0,13.842499,/home/hzw/Rethinking_GNN_DP/paper_experiments/figure3/figure3_pipeline3.yaml/dataset=citeseer/feature=raw/mechanism=mbm/x_eps=2/m=best/norm=false/smoother=hoa/backbone=sage/use_nfr=true/logs/grid_candidate_1090_attempt_1.log,
grid_candidate_1085,grid,grid_candidate_1085,completed,1,0,15.099259,/home/hzw/Rethinking_GNN_DP/paper_experiments/figure3/figure3_pipeline3.yaml/dataset=citeseer/feature=raw/mechanism=mbm/x_eps=2/m=best/norm=false/smoother=hoa/backbone=sage/use_nfr=true/logs/grid_candidate_1085_attempt_1.log,
grid_candidate_1097,grid,grid_candidate_1097,completed,1,0,13.117292,/home/hzw/Rethinking_GNN_DP/paper_experiments/figure3/figure3_pipeline3.yaml/dataset=citeseer/feature=raw/mechanism=mbm/x_eps=2/m=best/norm=false/smoother=hoa/backbone=sage/use_nfr=true/logs/grid_candidate_1097_attempt_1.log,
grid_candidate_1088,grid,grid_candidate_1088,completed,1,0,15.314255,/home/hzw/Rethinking_GNN_DP/paper_experiments/figure3/figure3_pipeline3.yaml/dataset=citeseer/feature=raw/mechanism=mbm/x_eps=2/m=best/norm=false/smoother=hoa/backbone=sage/use_nfr=true/logs/grid_candidate_1088_attempt_1.log,
grid_candidate_1100,grid,grid_candidate_1100,completed,1,0,12.582676,/home/hzw/Rethinking_GNN_DP/paper_experiments/figure3/figure3_pipeline3.yaml/dataset=citeseer/feature=raw/mechanism=mbm/x_eps=2/m=best/norm=false/smoother=hoa/backbone=sage/use_nfr=true/logs/grid_candidate_1100_attempt_1.log,
grid_candidate_1089,grid,grid_candidate_1089,completed,1,0,15.662494,/home/hzw/Rethinking_GNN_DP/paper_experiments/figure3/figure3_pipeline3.yaml/dataset=citeseer/feature=raw/mechanism=mbm/x_eps=2/m=best/norm=false/smoother=hoa/backbone=sage/use_nfr=true/logs/grid_candidate_1089_attempt_1.log,
grid_candidate_1094,grid,grid_candidate_1094,completed,1,0,14.287625,/home/hzw/Rethinking_GNN_DP/paper_experiments/figure3/figure3_pipeline3.yaml/dataset=citeseer/feature=raw/mechanism=mbm/x_eps=2/m=best/norm=false/smoother=hoa/backbone=sage/use_nfr=true/logs/grid_candidate_1094_attempt_1.log,
grid_candidate_1099,grid,grid_candidate_1099,completed,1,0,13.040820,/home/hzw/Rethinking_GNN_DP/paper_experiments/figure3/figure3_pipeline3.yaml/dataset=citeseer/feature=raw/mechanism=mbm/x_eps=2/m=best/norm=false/smoother=hoa/backbone=sage/use_nfr=true/logs/grid_candidate_1099_attempt_1.log,
grid_candidate_1092,grid,grid_candidate_1092,completed,1,0,14.922946,/home/hzw/Rethinking_GNN_DP/paper_experiments/figure3/figure3_pipeline3.yaml/dataset=citeseer/feature=raw/mechanism=mbm/x_eps=2/m=best/norm=false/smoother=hoa/backbone=sage/use_nfr=true/logs/grid_candidate_1092_attempt_1.log,
grid_candidate_1096,grid,grid_candidate_1096,completed,1,0,14.372727,/home/hzw/Rethinking_GNN_DP/paper_experiments/figure3/figure3_pipeline3.yaml/dataset=citeseer/feature=raw/mechanism=mbm/x_eps=2/m=best/norm=false/smoother=hoa/backbone=sage/use_nfr=true/logs/grid_candidate_1096_attempt_1.log,
grid_candidate_1098,grid,grid_candidate_1098,completed,1,0,14.022710,/home/hzw/Rethinking_GNN_DP/paper_experiments/figure3/figure3_pipeline3.yaml/dataset=citeseer/feature=raw/mechanism=mbm/x_eps=2/m=best/norm=false/smoother=hoa/backbone=sage/use_nfr=true/logs/grid_candidate_1098_attempt_1.log,
grid_candidate_1095,grid,grid_candidate_1095,completed,1,0,15.000310,/home/hzw/Rethinking_GNN_DP/paper_experiments/figure3/figure3_pipeline3.yaml/dataset=citeseer/feature=raw/mechanism=mbm/x_eps=2/m=best/norm=false/smoother=hoa/backbone=sage/use_nfr=true/logs/grid_candidate_1095_attempt_1.log,
grid_candidate_1093,grid,grid_candidate_1093,completed,1,0,15.465581,/home/hzw/Rethinking_GNN_DP/paper_experiments/figure3/figure3_pipeline3.yaml/dataset=citeseer/feature=raw/mechanism=mbm/x_eps=2/m=best/norm=false/smoother=hoa/backbone=sage/use_nfr=true/logs/grid_candidate_1093_attempt_1.log,
grid_candidate_1104,grid,grid_candidate_1104,completed,1,0,12.575007,/home/hzw/Rethinking_GNN_DP/paper_experiments/figure3/figure3_pipeline3.yaml/dataset=citeseer/feature=raw/mechanism=mbm/x_eps=2/m=best/norm=false/smoother=hoa/backbone=sage/use_nfr=true/logs/grid_candidate_1104_attempt_1.log,
grid_candidate_1102,grid,grid_candidate_1102,completed,1,0,13.217082,/home/hzw/Rethinking_GNN_DP/paper_experiments/figure3/figure3_pipeline3.yaml/dataset=citeseer/feature=raw/mechanism=mbm/x_eps=2/m=best/norm=false/smoother=hoa/backbone=sage/use_nfr=true/logs/grid_candidate_1102_attempt_1.log,
grid_candidate_1101,grid,grid_candidate_1101,completed,1,0,15.287505,/home/hzw/Rethinking_GNN_DP/paper_experiments/figure3/figure3_pipeline3.yaml/dataset=citeseer/feature=raw/mechanism=mbm/x_eps=2/m=best/norm=false/smoother=hoa/backbone=sage/use_nfr=true/logs/grid_candidate_1101_attempt_1.log,
grid_candidate_1103,grid,grid_candidate_1103,completed,1,0,14.723041,/home/hzw/Rethinking_GNN_DP/paper_experiments/figure3/figure3_pipeline3.yaml/dataset=citeseer/feature=raw/mechanism=mbm/x_eps=2/m=best/norm=false/smoother=hoa/backbone=sage/use_nfr=true/logs/grid_candidate_1103_attempt_1.log,
grid_candidate_1105,grid,grid_candidate_1105,completed,1,0,14.268543,/home/hzw/Rethinking_GNN_DP/paper_experiments/figure3/figure3_pipeline3.yaml/dataset=citeseer/feature=raw/mechanism=mbm/x_eps=2/m=best/norm=false/smoother=hoa/backbone=sage/use_nfr=true/logs/grid_candidate_1105_attempt_1.log,
grid_candidate_1106,grid,grid_candidate_1106,completed,1,0,14.263034,/home/hzw/Rethinking_GNN_DP/paper_experiments/figure3/figure3_pipeline3.yaml/dataset=citeseer/feature=raw/mechanism=mbm/x_eps=2/m=best/norm=false/smoother=hoa/backbone=sage/use_nfr=true/logs/grid_candidate_1106_attempt_1.log,
grid_candidate_1108,grid,grid_candidate_1108,completed,1,0,14.761880,/home/hzw/Rethinking_GNN_DP/paper_experiments/figure3/figure3_pipeline3.yaml/dataset=citeseer/feature=raw/mechanism=mbm/x_eps=2/m=best/norm=false/smoother=hoa/backbone=sage/use_nfr=true/logs/grid_candidate_1108_attempt_1.log,
grid_candidate_1109,grid,grid_candidate_1109,completed,1,0,14.892192,/home/hzw/Rethinking_GNN_DP/paper_experiments/figure3/figure3_pipeline3.yaml/dataset=citeseer/feature=raw/mechanism=mbm/x_eps=2/m=best/norm=false/smoother=hoa/backbone=sage/use_nfr=true/logs/grid_candidate_1109_attempt_1.log,
grid_candidate_1114,grid,grid_candidate_1114,completed,1,0,12.810704,/home/hzw/Rethinking_GNN_DP/paper_experiments/figure3/figure3_pipeline3.yaml/dataset=citeseer/feature=raw/mechanism=mbm/x_eps=2/m=best/norm=false/smoother=hoa/backbone=sage/use_nfr=true/logs/grid_candidate_1114_attempt_1.log,
grid_candidate_1115,grid,grid_candidate_1115,completed,1,0,12.334129,/home/hzw/Rethinking_GNN_DP/paper_experiments/figure3/figure3_pipeline3.yaml/dataset=citeseer/feature=raw/mechanism=mbm/x_eps=2/m=best/norm=false/smoother=hoa/backbone=sage/use_nfr=true/logs/grid_candidate_1115_attempt_1.log,
grid_candidate_1111,grid,grid_candidate_1111,completed,1,0,14.987020,/home/hzw/Rethinking_GNN_DP/paper_experiments/figure3/figure3_pipeline3.yaml/dataset=citeseer/feature=raw/mechanism=mbm/x_eps=2/m=best/norm=false/smoother=hoa/backbone=sage/use_nfr=true/logs/grid_candidate_1111_attempt_1.log,
grid_candidate_1116,grid,grid_candidate_1116,completed,1,0,12.272406,/home/hzw/Rethinking_GNN_DP/paper_experiments/figure3/figure3_pipeline3.yaml/dataset=citeseer/feature=raw/mechanism=mbm/x_eps=2/m=best/norm=false/smoother=hoa/backbone=sage/use_nfr=true/logs/grid_candidate_1116_attempt_1.log,
grid_candidate_1107,grid,grid_candidate_1107,completed,1,0,16.258228,/home/hzw/Rethinking_GNN_DP/paper_experiments/figure3/figure3_pipeline3.yaml/dataset=citeseer/feature=raw/mechanism=mbm/x_eps=2/m=best/norm=false/smoother=hoa/backbone=sage/use_nfr=true/logs/grid_candidate_1107_attempt_1.log,
grid_candidate_1110,grid,grid_candidate_1110,completed,1,0,15.457846,/home/hzw/Rethinking_GNN_DP/paper_experiments/figure3/figure3_pipeline3.yaml/dataset=citeseer/feature=raw/mechanism=mbm/x_eps=2/m=best/norm=false/smoother=hoa/backbone=sage/use_nfr=true/logs/grid_candidate_1110_attempt_1.log,
grid_candidate_1112,grid,grid_candidate_1112,completed,1,0,15.466738,/home/hzw/Rethinking_GNN_DP/paper_experiments/figure3/figure3_pipeline3.yaml/dataset=citeseer/feature=raw/mechanism=mbm/x_eps=2/m=best/norm=false/smoother=hoa/backbone=sage/use_nfr=true/logs/grid_candidate_1112_attempt_1.log,
grid_candidate_1113,grid,grid_candidate_1113,completed,1,0,14.817526,/home/hzw/Rethinking_GNN_DP/paper_experiments/figure3/figure3_pipeline3.yaml/dataset=citeseer/feature=raw/mechanism=mbm/x_eps=2/m=best/norm=false/smoother=hoa/backbone=sage/use_nfr=true/logs/grid_candidate_1113_attempt_1.log,
grid_candidate_1118,grid,grid_candidate_1118,completed,1,0,12.993008,/home/hzw/Rethinking_GNN_DP/paper_experiments/figure3/figure3_pipeline3.yaml/dataset=citeseer/feature=raw/mechanism=mbm/x_eps=2/m=best/norm=false/smoother=hoa/backbone=sage/use_nfr=true/logs/grid_candidate_1118_attempt_1.log,
grid_candidate_1117,grid,grid_candidate_1117,completed,1,0,14.515151,/home/hzw/Rethinking_GNN_DP/paper_experiments/figure3/figure3_pipeline3.yaml/dataset=citeseer/feature=raw/mechanism=mbm/x_eps=2/m=best/norm=false/smoother=hoa/backbone=sage/use_nfr=true/logs/grid_candidate_1117_attempt_1.log,
grid_candidate_1120,grid,grid_candidate_1120,completed,1,0,13.963577,/home/hzw/Rethinking_GNN_DP/paper_experiments/figure3/figure3_pipeline3.yaml/dataset=citeseer/feature=raw/mechanism=mbm/x_eps=2/m=best/norm=false/smoother=hoa/backbone=sage/use_nfr=true/logs/grid_candidate_1120_attempt_1.log,
grid_candidate_1121,grid,grid_candidate_1121,completed,1,0,14.239845,/home/hzw/Rethinking_GNN_DP/paper_experiments/figure3/figure3_pipeline3.yaml/dataset=citeseer/feature=raw/mechanism=mbm/x_eps=2/m=best/norm=false/smoother=hoa/backbone=sage/use_nfr=true/logs/grid_candidate_1121_attempt_1.log,
grid_candidate_1119,grid,grid_candidate_1119,completed,1,0,16.271920,/home/hzw/Rethinking_GNN_DP/paper_experiments/figure3/figure3_pipeline3.yaml/dataset=citeseer/feature=raw/mechanism=mbm/x_eps=2/m=best/norm=false/smoother=hoa/backbone=sage/use_nfr=true/logs/grid_candidate_1119_attempt_1.log,
grid_candidate_1127,grid,grid_candidate_1127,completed,1,0,15.606063,/home/hzw/Rethinking_GNN_DP/paper_experiments/figure3/figure3_pipeline3.yaml/dataset=citeseer/feature=raw/mechanism=mbm/x_eps=2/m=best/norm=false/smoother=hoa/backbone=sage/use_nfr=true/logs/grid_candidate_1127_attempt_1.log,
grid_candidate_1131,grid,grid_candidate_1131,completed,1,0,15.030957,/home/hzw/Rethinking_GNN_DP/paper_experiments/figure3/figure3_pipeline3.yaml/dataset=citeseer/feature=raw/mechanism=mbm/x_eps=2/m=best/norm=false/smoother=hoa/backbone=sage/use_nfr=true/logs/grid_candidate_1131_attempt_1.log,
grid_candidate_1125,grid,grid_candidate_1125,completed,1,0,16.871732,/home/hzw/Rethinking_GNN_DP/paper_experiments/figure3/figure3_pipeline3.yaml/dataset=citeseer/feature=raw/mechanism=mbm/x_eps=2/m=best/norm=false/smoother=hoa/backbone=sage/use_nfr=true/logs/grid_candidate_1125_attempt_1.log,
grid_candidate_1124,grid,grid_candidate_1124,completed,1,0,17.389686,/home/hzw/Rethinking_GNN_DP/paper_experiments/figure3/figure3_pipeline3.yaml/dataset=citeseer/feature=raw/mechanism=mbm/x_eps=2/m=best/norm=false/smoother=hoa/backbone=sage/use_nfr=true/logs/grid_candidate_1124_attempt_1.log,
grid_candidate_1122,grid,grid_candidate_1122,completed,1,0,17.959434,/home/hzw/Rethinking_GNN_DP/paper_experiments/figure3/figure3_pipeline3.yaml/dataset=citeseer/feature=raw/mechanism=mbm/x_eps=2/m=best/norm=false/smoother=hoa/backbone=sage/use_nfr=true/logs/grid_candidate_1122_attempt_1.log,
grid_candidate_1129,grid,grid_candidate_1129,completed,1,0,16.115227,/home/hzw/Rethinking_GNN_DP/paper_experiments/figure3/figure3_pipeline3.yaml/dataset=citeseer/feature=raw/mechanism=mbm/x_eps=2/m=best/norm=false/smoother=hoa/backbone=sage/use_nfr=true/logs/grid_candidate_1129_attempt_1.log,
grid_candidate_1130,grid,grid_candidate_1130,completed,1,0,16.196468,/home/hzw/Rethinking_GNN_DP/paper_experiments/figure3/figure3_pipeline3.yaml/dataset=citeseer/feature=raw/mechanism=mbm/x_eps=2/m=best/norm=false/smoother=hoa/backbone=sage/use_nfr=true/logs/grid_candidate_1130_attempt_1.log,
grid_candidate_1137,grid,grid_candidate_1137,completed,1,0,13.608032,/home/hzw/Rethinking_GNN_DP/paper_experiments/figure3/figure3_pipeline3.yaml/dataset=citeseer/feature=raw/mechanism=mbm/x_eps=2/m=best/norm=false/smoother=hoa/backbone=sage/use_nfr=true/logs/grid_candidate_1137_attempt_1.log,
grid_candidate_1132,grid,grid_candidate_1132,completed,1,0,16.170226,/home/hzw/Rethinking_GNN_DP/paper_experiments/figure3/figure3_pipeline3.yaml/dataset=citeseer/feature=raw/mechanism=mbm/x_eps=2/m=best/norm=false/smoother=hoa/backbone=sage/use_nfr=true/logs/grid_candidate_1132_attempt_1.log,
grid_candidate_1134,grid,grid_candidate_1134,completed,1,0,15.969068,/home/hzw/Rethinking_GNN_DP/paper_experiments/figure3/figure3_pipeline3.yaml/dataset=citeseer/feature=raw/mechanism=mbm/x_eps=2/m=best/norm=false/smoother=hoa/backbone=sage/use_nfr=true/logs/grid_candidate_1134_attempt_1.log,
grid_candidate_1123,grid,grid_candidate_1123,completed,1,0,18.671147,/home/hzw/Rethinking_GNN_DP/paper_experiments/figure3/figure3_pipeline3.yaml/dataset=citeseer/feature=raw/mechanism=mbm/x_eps=2/m=best/norm=false/smoother=hoa/backbone=sage/use_nfr=true/logs/grid_candidate_1123_attempt_1.log,
grid_candidate_1128,grid,grid_candidate_1128,completed,1,0,16.977981,/home/hzw/Rethinking_GNN_DP/paper_experiments/figure3/figure3_pipeline3.yaml/dataset=citeseer/feature=raw/mechanism=mbm/x_eps=2/m=best/norm=false/smoother=hoa/backbone=sage/use_nfr=true/logs/grid_candidate_1128_attempt_1.log,
grid_candidate_1138,grid,grid_candidate_1138,completed,1,0,13.981506,/home/hzw/Rethinking_GNN_DP/paper_experiments/figure3/figure3_pipeline3.yaml/dataset=citeseer/feature=raw/mechanism=mbm/x_eps=2/m=best/norm=false/smoother=hoa/backbone=sage/use_nfr=true/logs/grid_candidate_1138_attempt_1.log,
grid_candidate_1126,grid,grid_candidate_1126,completed,1,0,17.906940,/home/hzw/Rethinking_GNN_DP/paper_experiments/figure3/figure3_pipeline3.yaml/dataset=citeseer/feature=raw/mechanism=mbm/x_eps=2/m=best/norm=false/smoother=hoa/backbone=sage/use_nfr=true/logs/grid_candidate_1126_attempt_1.log,
grid_candidate_1135,grid,grid_candidate_1135,completed,1,0,16.799829,/home/hzw/Rethinking_GNN_DP/paper_experiments/figure3/figure3_pipeline3.yaml/dataset=citeseer/feature=raw/mechanism=mbm/x_eps=2/m=best/norm=false/smoother=hoa/backbone=sage/use_nfr=true/logs/grid_candidate_1135_attempt_1.log,
grid_candidate_1139,grid,grid_candidate_1139,completed,1,0,13.118226,/home/hzw/Rethinking_GNN_DP/paper_experiments/figure3/figure3_pipeline3.yaml/dataset=citeseer/feature=raw/mechanism=mbm/x_eps=2/m=best/norm=false/smoother=hoa/backbone=sage/use_nfr=true/logs/grid_candidate_1139_attempt_1.log,
grid_candidate_1140,grid,grid_candidate_1140,completed,1,0,13.339659,/home/hzw/Rethinking_GNN_DP/paper_experiments/figure3/figure3_pipeline3.yaml/dataset=citeseer/feature=raw/mechanism=mbm/x_eps=2/m=best/norm=false/smoother=hoa/backbone=sage/use_nfr=true/logs/grid_candidate_1140_attempt_1.log,
grid_candidate_1141,grid,grid_candidate_1141,completed,1,0,13.183607,/home/hzw/Rethinking_GNN_DP/paper_experiments/figure3/figure3_pipeline3.yaml/dataset=citeseer/feature=raw/mechanism=mbm/x_eps=2/m=best/norm=false/smoother=hoa/backbone=sage/use_nfr=true/logs/grid_candidate_1141_attempt_1.log,
grid_candidate_1142,grid,grid_candidate_1142,completed,1,0,13.075516,/home/hzw/Rethinking_GNN_DP/paper_experiments/figure3/figure3_pipeline3.yaml/dataset=citeseer/feature=raw/mechanism=mbm/x_eps=2/m=best/norm=false/smoother=hoa/backbone=sage/use_nfr=true/logs/grid_candidate_1142_attempt_1.log,
grid_candidate_1133,grid,grid_candidate_1133,completed,1,0,19.141718,/home/hzw/Rethinking_GNN_DP/paper_experiments/figure3/figure3_pipeline3.yaml/dataset=citeseer/feature=raw/mechanism=mbm/x_eps=2/m=best/norm=false/smoother=hoa/backbone=sage/use_nfr=true/logs/grid_candidate_1133_attempt_1.log,
grid_candidate_1136,grid,grid_candidate_1136,completed,1,0,18.859042,/home/hzw/Rethinking_GNN_DP/paper_experiments/figure3/figure3_pipeline3.yaml/dataset=citeseer/feature=raw/mechanism=mbm/x_eps=2/m=best/norm=false/smoother=hoa/backbone=sage/use_nfr=true/logs/grid_candidate_1136_attempt_1.log,
grid_candidate_1144,grid,grid_candidate_1144,completed,1,0,12.352174,/home/hzw/Rethinking_GNN_DP/paper_experiments/figure3/figure3_pipeline3.yaml/dataset=citeseer/feature=raw/mechanism=mbm/x_eps=2/m=best/norm=false/smoother=hoa/backbone=sage/use_nfr=true/logs/grid_candidate_1144_attempt_1.log,
grid_candidate_1150,grid,grid_candidate_1150,completed,1,0,12.914958,/home/hzw/Rethinking_GNN_DP/paper_experiments/figure3/figure3_pipeline3.yaml/dataset=citeseer/feature=raw/mechanism=mbm/x_eps=2/m=best/norm=false/smoother=hoa/backbone=sage/use_nfr=true/logs/grid_candidate_1150_attempt_1.log,
grid_candidate_1145,grid,grid_candidate_1145,completed,1,0,14.199075,/home/hzw/Rethinking_GNN_DP/paper_experiments/figure3/figure3_pipeline3.yaml/dataset=citeseer/feature=raw/mechanism=mbm/x_eps=2/m=best/norm=false/smoother=hoa/backbone=sage/use_nfr=true/logs/grid_candidate_1145_attempt_1.log,
grid_candidate_1148,grid,grid_candidate_1148,completed,1,0,13.837214,/home/hzw/Rethinking_GNN_DP/paper_experiments/figure3/figure3_pipeline3.yaml/dataset=citeseer/feature=raw/mechanism=mbm/x_eps=2/m=best/norm=false/smoother=hoa/backbone=sage/use_nfr=true/logs/grid_candidate_1148_attempt_1.log,
grid_candidate_1143,grid,grid_candidate_1143,completed,1,0,14.854919,/home/hzw/Rethinking_GNN_DP/paper_experiments/figure3/figure3_pipeline3.yaml/dataset=citeseer/feature=raw/mechanism=mbm/x_eps=2/m=best/norm=false/smoother=hoa/backbone=sage/use_nfr=true/logs/grid_candidate_1143_attempt_1.log,
grid_candidate_1153,grid,grid_candidate_1153,completed,1,0,12.242558,/home/hzw/Rethinking_GNN_DP/paper_experiments/figure3/figure3_pipeline3.yaml/dataset=citeseer/feature=raw/mechanism=mbm/x_eps=2/m=best/norm=false/smoother=hoa/backbone=sage/use_nfr=true/logs/grid_candidate_1153_attempt_1.log,
grid_candidate_1146,grid,grid_candidate_1146,completed,1,0,14.721165,/home/hzw/Rethinking_GNN_DP/paper_experiments/figure3/figure3_pipeline3.yaml/dataset=citeseer/feature=raw/mechanism=mbm/x_eps=2/m=best/norm=false/smoother=hoa/backbone=sage/use_nfr=true/logs/grid_candidate_1146_attempt_1.log,
grid_candidate_1149,grid,grid_candidate_1149,completed,1,0,15.571177,/home/hzw/Rethinking_GNN_DP/paper_experiments/figure3/figure3_pipeline3.yaml/dataset=citeseer/feature=raw/mechanism=mbm/x_eps=2/m=best/norm=false/smoother=hoa/backbone=sage/use_nfr=true/logs/grid_candidate_1149_attempt_1.log,
grid_candidate_1155,grid,grid_candidate_1155,completed,1,0,12.272073,/home/hzw/Rethinking_GNN_DP/paper_experiments/figure3/figure3_pipeline3.yaml/dataset=citeseer/feature=raw/mechanism=mbm/x_eps=2/m=best/norm=false/smoother=hoa/backbone=sage/use_nfr=true/logs/grid_candidate_1155_attempt_1.log,
grid_candidate_1147,grid,grid_candidate_1147,completed,1,0,16.323611,/home/hzw/Rethinking_GNN_DP/paper_experiments/figure3/figure3_pipeline3.yaml/dataset=citeseer/feature=raw/mechanism=mbm/x_eps=2/m=best/norm=false/smoother=hoa/backbone=sage/use_nfr=true/logs/grid_candidate_1147_attempt_1.log,
grid_candidate_1156,grid,grid_candidate_1156,completed,1,0,12.451024,/home/hzw/Rethinking_GNN_DP/paper_experiments/figure3/figure3_pipeline3.yaml/dataset=citeseer/feature=raw/mechanism=mbm/x_eps=2/m=best/norm=false/smoother=hoa/backbone=sage/use_nfr=true/logs/grid_candidate_1156_attempt_1.log,
grid_candidate_1151,grid,grid_candidate_1151,completed,1,0,16.294719,/home/hzw/Rethinking_GNN_DP/paper_experiments/figure3/figure3_pipeline3.yaml/dataset=citeseer/feature=raw/mechanism=mbm/x_eps=2/m=best/norm=false/smoother=hoa/backbone=sage/use_nfr=true/logs/grid_candidate_1151_attempt_1.log,
grid_candidate_1154,grid,grid_candidate_1154,completed,1,0,13.591804,/home/hzw/Rethinking_GNN_DP/paper_experiments/figure3/figure3_pipeline3.yaml/dataset=citeseer/feature=raw/mechanism=mbm/x_eps=2/m=best/norm=false/smoother=hoa/backbone=sage/use_nfr=true/logs/grid_candidate_1154_attempt_1.log,
grid_candidate_1152,grid,grid_candidate_1152,completed,1,0,16.449763,/home/hzw/Rethinking_GNN_DP/paper_experiments/figure3/figure3_pipeline3.yaml/dataset=citeseer/feature=raw/mechanism=mbm/x_eps=2/m=best/norm=false/smoother=hoa/backbone=sage/use_nfr=true/logs/grid_candidate_1152_attempt_1.log,
grid_candidate_1158,grid,grid_candidate_1158,completed,1,0,11.890192,/home/hzw/Rethinking_GNN_DP/paper_experiments/figure3/figure3_pipeline3.yaml/dataset=citeseer/feature=raw/mechanism=mbm/x_eps=2/m=best/norm=false/smoother=hoa/backbone=sage/use_nfr=true/logs/grid_candidate_1158_attempt_1.log,
grid_candidate_1159,grid,grid_candidate_1159,completed,1,0,12.366328,/home/hzw/Rethinking_GNN_DP/paper_experiments/figure3/figure3_pipeline3.yaml/dataset=citeseer/feature=raw/mechanism=mbm/x_eps=2/m=best/norm=false/smoother=hoa/backbone=sage/use_nfr=true/logs/grid_candidate_1159_attempt_1.log,
grid_candidate_1160,grid,grid_candidate_1160,completed,1,0,12.670520,/home/hzw/Rethinking_GNN_DP/paper_experiments/figure3/figure3_pipeline3.yaml/dataset=citeseer/feature=raw/mechanism=mbm/x_eps=2/m=best/norm=false/smoother=hoa/backbone=sage/use_nfr=true/logs/grid_candidate_1160_attempt_1.log,
grid_candidate_1162,grid,grid_candidate_1162,completed,1,0,12.474274,/home/hzw/Rethinking_GNN_DP/paper_experiments/figure3/figure3_pipeline3.yaml/dataset=citeseer/feature=raw/mechanism=mbm/x_eps=2/m=best/norm=false/smoother=hoa/backbone=sage/use_nfr=true/logs/grid_candidate_1162_attempt_1.log,
grid_candidate_1164,grid,grid_candidate_1164,completed,1,0,12.107317,/home/hzw/Rethinking_GNN_DP/paper_experiments/figure3/figure3_pipeline3.yaml/dataset=citeseer/feature=raw/mechanism=mbm/x_eps=2/m=best/norm=false/smoother=hoa/backbone=sage/use_nfr=true/logs/grid_candidate_1164_attempt_1.log,
grid_candidate_1157,grid,grid_candidate_1157,completed,1,0,15.105730,/home/hzw/Rethinking_GNN_DP/paper_experiments/figure3/figure3_pipeline3.yaml/dataset=citeseer/feature=raw/mechanism=mbm/x_eps=2/m=best/norm=false/smoother=hoa/backbone=sage/use_nfr=true/logs/grid_candidate_1157_attempt_1.log,
grid_candidate_1161,grid,grid_candidate_1161,completed,1,0,13.261533,/home/hzw/Rethinking_GNN_DP/paper_experiments/figure3/figure3_pipeline3.yaml/dataset=citeseer/feature=raw/mechanism=mbm/x_eps=2/m=best/norm=false/smoother=hoa/backbone=sage/use_nfr=true/logs/grid_candidate_1161_attempt_1.log,
grid_candidate_1163,grid,grid_candidate_1163,completed,1,0,14.538578,/home/hzw/Rethinking_GNN_DP/paper_experiments/figure3/figure3_pipeline3.yaml/dataset=citeseer/feature=raw/mechanism=mbm/x_eps=2/m=best/norm=false/smoother=hoa/backbone=sage/use_nfr=true/logs/grid_candidate_1163_attempt_1.log,
grid_candidate_1171,grid,grid_candidate_1171,completed,1,0,14.126160,/home/hzw/Rethinking_GNN_DP/paper_experiments/figure3/figure3_pipeline3.yaml/dataset=citeseer/feature=raw/mechanism=mbm/x_eps=2/m=best/norm=false/smoother=hoa/backbone=sage/use_nfr=true/logs/grid_candidate_1171_attempt_1.log,
grid_candidate_1165,grid,grid_candidate_1165,completed,1,0,15.185779,/home/hzw/Rethinking_GNN_DP/paper_experiments/figure3/figure3_pipeline3.yaml/dataset=citeseer/feature=raw/mechanism=mbm/x_eps=2/m=best/norm=false/smoother=hoa/backbone=sage/use_nfr=true/logs/grid_candidate_1165_attempt_1.log,
grid_candidate_1167,grid,grid_candidate_1167,completed,1,0,15.118257,/home/hzw/Rethinking_GNN_DP/paper_experiments/figure3/figure3_pipeline3.yaml/dataset=citeseer/feature=raw/mechanism=mbm/x_eps=2/m=best/norm=false/smoother=hoa/backbone=sage/use_nfr=true/logs/grid_candidate_1167_attempt_1.log,
grid_candidate_1169,grid,grid_candidate_1169,completed,1,0,14.833530,/home/hzw/Rethinking_GNN_DP/paper_experiments/figure3/figure3_pipeline3.yaml/dataset=citeseer/feature=raw/mechanism=mbm/x_eps=2/m=best/norm=false/smoother=hoa/backbone=sage/use_nfr=true/logs/grid_candidate_1169_attempt_1.log,
grid_candidate_1170,grid,grid_candidate_1170,completed,1,0,14.732817,/home/hzw/Rethinking_GNN_DP/paper_experiments/figure3/figure3_pipeline3.yaml/dataset=citeseer/feature=raw/mechanism=mbm/x_eps=2/m=best/norm=false/smoother=hoa/backbone=sage/use_nfr=true/logs/grid_candidate_1170_attempt_1.log,
grid_candidate_1173,grid,grid_candidate_1173,completed,1,0,14.300808,/home/hzw/Rethinking_GNN_DP/paper_experiments/figure3/figure3_pipeline3.yaml/dataset=citeseer/feature=raw/mechanism=mbm/x_eps=2/m=best/norm=false/smoother=hoa/backbone=sage/use_nfr=true/logs/grid_candidate_1173_attempt_1.log,
grid_candidate_1174,grid,grid_candidate_1174,completed,1,0,13.978990,/home/hzw/Rethinking_GNN_DP/paper_experiments/figure3/figure3_pipeline3.yaml/dataset=citeseer/feature=raw/mechanism=mbm/x_eps=2/m=best/norm=false/smoother=hoa/backbone=sage/use_nfr=true/logs/grid_candidate_1174_attempt_1.log,
grid_candidate_1175,grid,grid_candidate_1175,completed,1,0,13.818463,/home/hzw/Rethinking_GNN_DP/paper_experiments/figure3/figure3_pipeline3.yaml/dataset=citeseer/feature=raw/mechanism=mbm/x_eps=2/m=best/norm=false/smoother=hoa/backbone=sage/use_nfr=true/logs/grid_candidate_1175_attempt_1.log,
grid_candidate_1179,grid,grid_candidate_1179,completed,1,0,12.117963,/home/hzw/Rethinking_GNN_DP/paper_experiments/figure3/figure3_pipeline3.yaml/dataset=citeseer/feature=raw/mechanism=mbm/x_eps=2/m=best/norm=false/smoother=hoa/backbone=sage/use_nfr=true/logs/grid_candidate_1179_attempt_1.log,
grid_candidate_1166,grid,grid_candidate_1166,completed,1,0,16.075247,/home/hzw/Rethinking_GNN_DP/paper_experiments/figure3/figure3_pipeline3.yaml/dataset=citeseer/feature=raw/mechanism=mbm/x_eps=2/m=best/norm=false/smoother=hoa/backbone=sage/use_nfr=true/logs/grid_candidate_1166_attempt_1.log,
grid_candidate_1168,grid,grid_candidate_1168,completed,1,0,15.790467,/home/hzw/Rethinking_GNN_DP/paper_experiments/figure3/figure3_pipeline3.yaml/dataset=citeseer/feature=raw/mechanism=mbm/x_eps=2/m=best/norm=false/smoother=hoa/backbone=sage/use_nfr=true/logs/grid_candidate_1168_attempt_1.log,
grid_candidate_1172,grid,grid_candidate_1172,completed,1,0,14.920108,/home/hzw/Rethinking_GNN_DP/paper_experiments/figure3/figure3_pipeline3.yaml/dataset=citeseer/feature=raw/mechanism=mbm/x_eps=2/m=best/norm=false/smoother=hoa/backbone=sage/use_nfr=true/logs/grid_candidate_1172_attempt_1.log,
grid_candidate_1176,grid,grid_candidate_1176,completed,1,0,13.952877,/home/hzw/Rethinking_GNN_DP/paper_experiments/figure3/figure3_pipeline3.yaml/dataset=citeseer/feature=raw/mechanism=mbm/x_eps=2/m=best/norm=false/smoother=hoa/backbone=sage/use_nfr=true/logs/grid_candidate_1176_attempt_1.log,
grid_candidate_1178,grid,grid_candidate_1178,completed,1,0,13.706762,/home/hzw/Rethinking_GNN_DP/paper_experiments/figure3/figure3_pipeline3.yaml/dataset=citeseer/feature=raw/mechanism=mbm/x_eps=2/m=best/norm=false/smoother=hoa/backbone=sage/use_nfr=true/logs/grid_candidate_1178_attempt_1.log,
grid_candidate_1177,grid,grid_candidate_1177,completed,1,0,14.177659,/home/hzw/Rethinking_GNN_DP/paper_experiments/figure3/figure3_pipeline3.yaml/dataset=citeseer/feature=raw/mechanism=mbm/x_eps=2/m=best/norm=false/smoother=hoa/backbone=sage/use_nfr=true/logs/grid_candidate_1177_attempt_1.log,
grid_candidate_1180,grid,grid_candidate_1180,completed,1,0,12.468806,/home/hzw/Rethinking_GNN_DP/paper_experiments/figure3/figure3_pipeline3.yaml/dataset=citeseer/feature=raw/mechanism=mbm/x_eps=2/m=best/norm=false/smoother=hoa/backbone=sage/use_nfr=true/logs/grid_candidate_1180_attempt_1.log,
grid_candidate_1182,grid,grid_candidate_1182,completed,1,0,12.486372,/home/hzw/Rethinking_GNN_DP/paper_experiments/figure3/figure3_pipeline3.yaml/dataset=citeseer/feature=raw/mechanism=mbm/x_eps=2/m=best/norm=false/smoother=hoa/backbone=sage/use_nfr=true/logs/grid_candidate_1182_attempt_1.log,
grid_candidate_1187,grid,grid_candidate_1187,completed,1,0,11.541986,/home/hzw/Rethinking_GNN_DP/paper_experiments/figure3/figure3_pipeline3.yaml/dataset=citeseer/feature=raw/mechanism=mbm/x_eps=2/m=best/norm=false/smoother=hoa/backbone=sage/use_nfr=true/logs/grid_candidate_1187_attempt_1.log,
grid_candidate_1181,grid,grid_candidate_1181,completed,1,0,13.894106,/home/hzw/Rethinking_GNN_DP/paper_experiments/figure3/figure3_pipeline3.yaml/dataset=citeseer/feature=raw/mechanism=mbm/x_eps=2/m=best/norm=false/smoother=hoa/backbone=sage/use_nfr=true/logs/grid_candidate_1181_attempt_1.log,
grid_candidate_1184,grid,grid_candidate_1184,completed,1,0,15.300628,/home/hzw/Rethinking_GNN_DP/paper_experiments/figure3/figure3_pipeline3.yaml/dataset=citeseer/feature=raw/mechanism=mbm/x_eps=2/m=best/norm=false/smoother=hoa/backbone=sage/use_nfr=true/logs/grid_candidate_1184_attempt_1.log,
grid_candidate_1185,grid,grid_candidate_1185,completed,1,0,15.106356,/home/hzw/Rethinking_GNN_DP/paper_experiments/figure3/figure3_pipeline3.yaml/dataset=citeseer/feature=raw/mechanism=mbm/x_eps=2/m=best/norm=false/smoother=hoa/backbone=sage/use_nfr=true/logs/grid_candidate_1185_attempt_1.log,
grid_candidate_1194,grid,grid_candidate_1194,completed,1,0,10.525398,/home/hzw/Rethinking_GNN_DP/paper_experiments/figure3/figure3_pipeline3.yaml/dataset=citeseer/feature=raw/mechanism=mbm/x_eps=2/m=best/norm=false/smoother=hoa/backbone=sage/use_nfr=true/logs/grid_candidate_1194_attempt_1.log,
grid_candidate_1189,grid,grid_candidate_1189,completed,1,0,13.760009,/home/hzw/Rethinking_GNN_DP/paper_experiments/figure3/figure3_pipeline3.yaml/dataset=citeseer/feature=raw/mechanism=mbm/x_eps=2/m=best/norm=false/smoother=hoa/backbone=sage/use_nfr=true/logs/grid_candidate_1189_attempt_1.log,
grid_candidate_1193,grid,grid_candidate_1193,completed,1,0,11.845612,/home/hzw/Rethinking_GNN_DP/paper_experiments/figure3/figure3_pipeline3.yaml/dataset=citeseer/feature=raw/mechanism=mbm/x_eps=2/m=best/norm=false/smoother=hoa/backbone=sage/use_nfr=true/logs/grid_candidate_1193_attempt_1.log,
grid_candidate_1186,grid,grid_candidate_1186,completed,1,0,15.195837,/home/hzw/Rethinking_GNN_DP/paper_experiments/figure3/figure3_pipeline3.yaml/dataset=citeseer/feature=raw/mechanism=mbm/x_eps=2/m=best/norm=false/smoother=hoa/backbone=sage/use_nfr=true/logs/grid_candidate_1186_attempt_1.log,
grid_candidate_1183,grid,grid_candidate_1183,completed,1,0,17.138226,/home/hzw/Rethinking_GNN_DP/paper_experiments/figure3/figure3_pipeline3.yaml/dataset=citeseer/feature=raw/mechanism=mbm/x_eps=2/m=best/norm=false/smoother=hoa/backbone=sage/use_nfr=true/logs/grid_candidate_1183_attempt_1.log,
grid_candidate_1195,grid,grid_candidate_1195,completed,1,0,12.076982,/home/hzw/Rethinking_GNN_DP/paper_experiments/figure3/figure3_pipeline3.yaml/dataset=citeseer/feature=raw/mechanism=mbm/x_eps=2/m=best/norm=false/smoother=hoa/backbone=sage/use_nfr=true/logs/grid_candidate_1195_attempt_1.log,
grid_candidate_1197,grid,grid_candidate_1197,completed,1,0,11.823137,/home/hzw/Rethinking_GNN_DP/paper_experiments/figure3/figure3_pipeline3.yaml/dataset=citeseer/feature=raw/mechanism=mbm/x_eps=2/m=best/norm=false/smoother=hoa/backbone=sage/use_nfr=true/logs/grid_candidate_1197_attempt_1.log,
grid_candidate_1190,grid,grid_candidate_1190,completed,1,0,15.717651,/home/hzw/Rethinking_GNN_DP/paper_experiments/figure3/figure3_pipeline3.yaml/dataset=citeseer/feature=raw/mechanism=mbm/x_eps=2/m=best/norm=false/smoother=hoa/backbone=sage/use_nfr=true/logs/grid_candidate_1190_attempt_1.log,
grid_candidate_1191,grid,grid_candidate_1191,completed,1,0,15.928592,/home/hzw/Rethinking_GNN_DP/paper_experiments/figure3/figure3_pipeline3.yaml/dataset=citeseer/feature=raw/mechanism=mbm/x_eps=2/m=best/norm=false/smoother=hoa/backbone=sage/use_nfr=true/logs/grid_candidate_1191_attempt_1.log,
grid_candidate_1188,grid,grid_candidate_1188,completed,1,0,16.758181,/home/hzw/Rethinking_GNN_DP/paper_experiments/figure3/figure3_pipeline3.yaml/dataset=citeseer/feature=raw/mechanism=mbm/x_eps=2/m=best/norm=false/smoother=hoa/backbone=sage/use_nfr=true/logs/grid_candidate_1188_attempt_1.log,
grid_candidate_1199,grid,grid_candidate_1199,completed,1,0,12.217034,/home/hzw/Rethinking_GNN_DP/paper_experiments/figure3/figure3_pipeline3.yaml/dataset=citeseer/feature=raw/mechanism=mbm/x_eps=2/m=best/norm=false/smoother=hoa/backbone=sage/use_nfr=true/logs/grid_candidate_1199_attempt_1.log,
grid_candidate_1192,grid,grid_candidate_1192,completed,1,0,16.252100,/home/hzw/Rethinking_GNN_DP/paper_experiments/figure3/figure3_pipeline3.yaml/dataset=citeseer/feature=raw/mechanism=mbm/x_eps=2/m=best/norm=false/smoother=hoa/backbone=sage/use_nfr=true/logs/grid_candidate_1192_attempt_1.log,
grid_candidate_1196,grid,grid_candidate_1196,completed,1,0,13.149380,/home/hzw/Rethinking_GNN_DP/paper_experiments/figure3/figure3_pipeline3.yaml/dataset=citeseer/feature=raw/mechanism=mbm/x_eps=2/m=best/norm=false/smoother=hoa/backbone=sage/use_nfr=true/logs/grid_candidate_1196_attempt_1.log,
grid_candidate_1198,grid,grid_candidate_1198,completed,1,0,12.881654,/home/hzw/Rethinking_GNN_DP/paper_experiments/figure3/figure3_pipeline3.yaml/dataset=citeseer/feature=raw/mechanism=mbm/x_eps=2/m=best/norm=false/smoother=hoa/backbone=sage/use_nfr=true/logs/grid_candidate_1198_attempt_1.log,
grid_candidate_1200,grid,grid_candidate_1200,completed,1,0,12.140776,/home/hzw/Rethinking_GNN_DP/paper_experiments/figure3/figure3_pipeline3.yaml/dataset=citeseer/feature=raw/mechanism=mbm/x_eps=2/m=best/norm=false/smoother=hoa/backbone=sage/use_nfr=true/logs/grid_candidate_1200_attempt_1.log,
grid_candidate_1201,grid,grid_candidate_1201,completed,1,0,11.777743,/home/hzw/Rethinking_GNN_DP/paper_experiments/figure3/figure3_pipeline3.yaml/dataset=citeseer/feature=raw/mechanism=mbm/x_eps=2/m=best/norm=false/smoother=hoa/backbone=sage/use_nfr=true/logs/grid_candidate_1201_attempt_1.log,
grid_candidate_1204,grid,grid_candidate_1204,completed,1,0,12.227223,/home/hzw/Rethinking_GNN_DP/paper_experiments/figure3/figure3_pipeline3.yaml/dataset=citeseer/feature=raw/mechanism=mbm/x_eps=2/m=best/norm=false/smoother=hoa/backbone=sage/use_nfr=true/logs/grid_candidate_1204_attempt_1.log,
grid_candidate_1205,grid,grid_candidate_1205,completed,1,0,12.126815,/home/hzw/Rethinking_GNN_DP/paper_experiments/figure3/figure3_pipeline3.yaml/dataset=citeseer/feature=raw/mechanism=mbm/x_eps=2/m=best/norm=false/smoother=hoa/backbone=sage/use_nfr=true/logs/grid_candidate_1205_attempt_1.log,
grid_candidate_1202,grid,grid_candidate_1202,completed,1,0,13.434857,/home/hzw/Rethinking_GNN_DP/paper_experiments/figure3/figure3_pipeline3.yaml/dataset=citeseer/feature=raw/mechanism=mbm/x_eps=2/m=best/norm=false/smoother=hoa/backbone=sage/use_nfr=true/logs/grid_candidate_1202_attempt_1.log,
grid_candidate_1206,grid,grid_candidate_1206,completed,1,0,14.260603,/home/hzw/Rethinking_GNN_DP/paper_experiments/figure3/figure3_pipeline3.yaml/dataset=citeseer/feature=raw/mechanism=mbm/x_eps=2/m=best/norm=false/smoother=hoa/backbone=sage/use_nfr=true/logs/grid_candidate_1206_attempt_1.log,
grid_candidate_1203,grid,grid_candidate_1203,completed,1,0,15.794515,/home/hzw/Rethinking_GNN_DP/paper_experiments/figure3/figure3_pipeline3.yaml/dataset=citeseer/feature=raw/mechanism=mbm/x_eps=2/m=best/norm=false/smoother=hoa/backbone=sage/use_nfr=true/logs/grid_candidate_1203_attempt_1.log,
grid_candidate_1209,grid,grid_candidate_1209,completed,1,0,15.360059,/home/hzw/Rethinking_GNN_DP/paper_experiments/figure3/figure3_pipeline3.yaml/dataset=citeseer/feature=raw/mechanism=mbm/x_eps=2/m=best/norm=false/smoother=hoa/backbone=sage/use_nfr=true/logs/grid_candidate_1209_attempt_1.log,
grid_candidate_1208,grid,grid_candidate_1208,completed,1,0,15.637052,/home/hzw/Rethinking_GNN_DP/paper_experiments/figure3/figure3_pipeline3.yaml/dataset=citeseer/feature=raw/mechanism=mbm/x_eps=2/m=best/norm=false/smoother=hoa/backbone=sage/use_nfr=true/logs/grid_candidate_1208_attempt_1.log,
grid_candidate_1217,grid,grid_candidate_1217,completed,1,0,14.405175,/home/hzw/Rethinking_GNN_DP/paper_experiments/figure3/figure3_pipeline3.yaml/dataset=citeseer/feature=raw/mechanism=mbm/x_eps=2/m=best/norm=false/smoother=hoa/backbone=sage/use_nfr=true/logs/grid_candidate_1217_attempt_1.log,
grid_candidate_1218,grid,grid_candidate_1218,completed,1,0,13.581235,/home/hzw/Rethinking_GNN_DP/paper_experiments/figure3/figure3_pipeline3.yaml/dataset=citeseer/feature=raw/mechanism=mbm/x_eps=2/m=best/norm=false/smoother=hoa/backbone=sage/use_nfr=true/logs/grid_candidate_1218_attempt_1.log,
grid_candidate_1219,grid,grid_candidate_1219,completed,1,0,13.418811,/home/hzw/Rethinking_GNN_DP/paper_experiments/figure3/figure3_pipeline3.yaml/dataset=citeseer/feature=raw/mechanism=mbm/x_eps=2/m=best/norm=false/smoother=hoa/backbone=sage/use_nfr=true/logs/grid_candidate_1219_attempt_1.log,
grid_candidate_1213,grid,grid_candidate_1213,completed,1,0,16.483632,/home/hzw/Rethinking_GNN_DP/paper_experiments/figure3/figure3_pipeline3.yaml/dataset=citeseer/feature=raw/mechanism=mbm/x_eps=2/m=best/norm=false/smoother=hoa/backbone=sage/use_nfr=true/logs/grid_candidate_1213_attempt_1.log,
grid_candidate_1210,grid,grid_candidate_1210,completed,1,0,16.930446,/home/hzw/Rethinking_GNN_DP/paper_experiments/figure3/figure3_pipeline3.yaml/dataset=citeseer/feature=raw/mechanism=mbm/x_eps=2/m=best/norm=false/smoother=hoa/backbone=sage/use_nfr=true/logs/grid_candidate_1210_attempt_1.log,
grid_candidate_1207,grid,grid_candidate_1207,completed,1,0,17.477166,/home/hzw/Rethinking_GNN_DP/paper_experiments/figure3/figure3_pipeline3.yaml/dataset=citeseer/feature=raw/mechanism=mbm/x_eps=2/m=best/norm=false/smoother=hoa/backbone=sage/use_nfr=true/logs/grid_candidate_1207_attempt_1.log,
grid_candidate_1211,grid,grid_candidate_1211,completed,1,0,17.012318,/home/hzw/Rethinking_GNN_DP/paper_experiments/figure3/figure3_pipeline3.yaml/dataset=citeseer/feature=raw/mechanism=mbm/x_eps=2/m=best/norm=false/smoother=hoa/backbone=sage/use_nfr=true/logs/grid_candidate_1211_attempt_1.log,
grid_candidate_1216,grid,grid_candidate_1216,completed,1,0,15.839242,/home/hzw/Rethinking_GNN_DP/paper_experiments/figure3/figure3_pipeline3.yaml/dataset=citeseer/feature=raw/mechanism=mbm/x_eps=2/m=best/norm=false/smoother=hoa/backbone=sage/use_nfr=true/logs/grid_candidate_1216_attempt_1.log,
grid_candidate_1215,grid,grid_candidate_1215,completed,1,0,16.576586,/home/hzw/Rethinking_GNN_DP/paper_experiments/figure3/figure3_pipeline3.yaml/dataset=citeseer/feature=raw/mechanism=mbm/x_eps=2/m=best/norm=false/smoother=hoa/backbone=sage/use_nfr=true/logs/grid_candidate_1215_attempt_1.log,
grid_candidate_1212,grid,grid_candidate_1212,completed,1,0,17.865631,/home/hzw/Rethinking_GNN_DP/paper_experiments/figure3/figure3_pipeline3.yaml/dataset=citeseer/feature=raw/mechanism=mbm/x_eps=2/m=best/norm=false/smoother=hoa/backbone=sage/use_nfr=true/logs/grid_candidate_1212_attempt_1.log,
grid_candidate_1222,grid,grid_candidate_1222,completed,1,0,12.563296,/home/hzw/Rethinking_GNN_DP/paper_experiments/figure3/figure3_pipeline3.yaml/dataset=citeseer/feature=raw/mechanism=mbm/x_eps=2/m=best/norm=false/smoother=hoa/backbone=sage/use_nfr=true/logs/grid_candidate_1222_attempt_1.log,
grid_candidate_1214,grid,grid_candidate_1214,completed,1,0,17.828079,/home/hzw/Rethinking_GNN_DP/paper_experiments/figure3/figure3_pipeline3.yaml/dataset=citeseer/feature=raw/mechanism=mbm/x_eps=2/m=best/norm=false/smoother=hoa/backbone=sage/use_nfr=true/logs/grid_candidate_1214_attempt_1.log,
grid_candidate_1223,grid,grid_candidate_1223,completed,1,0,13.644460,/home/hzw/Rethinking_GNN_DP/paper_experiments/figure3/figure3_pipeline3.yaml/dataset=citeseer/feature=raw/mechanism=mbm/x_eps=2/m=best/norm=false/smoother=hoa/backbone=sage/use_nfr=true/logs/grid_candidate_1223_attempt_1.log,
grid_candidate_1221,grid,grid_candidate_1221,completed,1,0,14.467379,/home/hzw/Rethinking_GNN_DP/paper_experiments/figure3/figure3_pipeline3.yaml/dataset=citeseer/feature=raw/mechanism=mbm/x_eps=2/m=best/norm=false/smoother=hoa/backbone=sage/use_nfr=true/logs/grid_candidate_1221_attempt_1.log,
grid_candidate_1220,grid,grid_candidate_1220,completed,1,0,15.277153,/home/hzw/Rethinking_GNN_DP/paper_experiments/figure3/figure3_pipeline3.yaml/dataset=citeseer/feature=raw/mechanism=mbm/x_eps=2/m=best/norm=false/smoother=hoa/backbone=sage/use_nfr=true/logs/grid_candidate_1220_attempt_1.log,
grid_candidate_1224,grid,grid_candidate_1224,completed,1,0,16.349381,/home/hzw/Rethinking_GNN_DP/paper_experiments/figure3/figure3_pipeline3.yaml/dataset=citeseer/feature=raw/mechanism=mbm/x_eps=2/m=best/norm=false/smoother=hoa/backbone=sage/use_nfr=true/logs/grid_candidate_1224_attempt_1.log,
grid_candidate_1232,grid,grid_candidate_1232,completed,1,0,14.652512,/home/hzw/Rethinking_GNN_DP/paper_experiments/figure3/figure3_pipeline3.yaml/dataset=citeseer/feature=raw/mechanism=mbm/x_eps=2/m=best/norm=false/smoother=hoa/backbone=sage/use_nfr=true/logs/grid_candidate_1232_attempt_1.log,
grid_candidate_1228,grid,grid_candidate_1228,completed,1,0,16.267963,/home/hzw/Rethinking_GNN_DP/paper_experiments/figure3/figure3_pipeline3.yaml/dataset=citeseer/feature=raw/mechanism=mbm/x_eps=2/m=best/norm=false/smoother=hoa/backbone=sage/use_nfr=true/logs/grid_candidate_1228_attempt_1.log,
grid_candidate_1226,grid,grid_candidate_1226,completed,1,0,17.613643,/home/hzw/Rethinking_GNN_DP/paper_experiments/figure3/figure3_pipeline3.yaml/dataset=citeseer/feature=raw/mechanism=mbm/x_eps=2/m=best/norm=false/smoother=hoa/backbone=sage/use_nfr=true/logs/grid_candidate_1226_attempt_1.log,
grid_candidate_1236,grid,grid_candidate_1236,completed,1,0,14.350088,/home/hzw/Rethinking_GNN_DP/paper_experiments/figure3/figure3_pipeline3.yaml/dataset=citeseer/feature=raw/mechanism=mbm/x_eps=2/m=best/norm=false/smoother=hoa/backbone=sage/use_nfr=true/logs/grid_candidate_1236_attempt_1.log,
grid_candidate_1238,grid,grid_candidate_1238,completed,1,0,13.197108,/home/hzw/Rethinking_GNN_DP/paper_experiments/figure3/figure3_pipeline3.yaml/dataset=citeseer/feature=raw/mechanism=mbm/x_eps=2/m=best/norm=false/smoother=hoa/backbone=sage/use_nfr=true/logs/grid_candidate_1238_attempt_1.log,
grid_candidate_1227,grid,grid_candidate_1227,completed,1,0,17.134589,/home/hzw/Rethinking_GNN_DP/paper_experiments/figure3/figure3_pipeline3.yaml/dataset=citeseer/feature=raw/mechanism=mbm/x_eps=2/m=best/norm=false/smoother=hoa/backbone=sage/use_nfr=true/logs/grid_candidate_1227_attempt_1.log,
grid_candidate_1237,grid,grid_candidate_1237,completed,1,0,14.338709,/home/hzw/Rethinking_GNN_DP/paper_experiments/figure3/figure3_pipeline3.yaml/dataset=citeseer/feature=raw/mechanism=mbm/x_eps=2/m=best/norm=false/smoother=hoa/backbone=sage/use_nfr=true/logs/grid_candidate_1237_attempt_1.log,
grid_candidate_1225,grid,grid_candidate_1225,completed,1,0,18.643137,/home/hzw/Rethinking_GNN_DP/paper_experiments/figure3/figure3_pipeline3.yaml/dataset=citeseer/feature=raw/mechanism=mbm/x_eps=2/m=best/norm=false/smoother=hoa/backbone=sage/use_nfr=true/logs/grid_candidate_1225_attempt_1.log,
grid_candidate_1239,grid,grid_candidate_1239,completed,1,0,13.553010,/home/hzw/Rethinking_GNN_DP/paper_experiments/figure3/figure3_pipeline3.yaml/dataset=citeseer/feature=raw/mechanism=mbm/x_eps=2/m=best/norm=false/smoother=hoa/backbone=sage/use_nfr=true/logs/grid_candidate_1239_attempt_1.log,
grid_candidate_1240,grid,grid_candidate_1240,completed,1,0,12.727082,/home/hzw/Rethinking_GNN_DP/paper_experiments/figure3/figure3_pipeline3.yaml/dataset=citeseer/feature=raw/mechanism=mbm/x_eps=2/m=best/norm=false/smoother=hoa/backbone=sage/use_nfr=true/logs/grid_candidate_1240_attempt_1.log,
grid_candidate_1234,grid,grid_candidate_1234,completed,1,0,17.075819,/home/hzw/Rethinking_GNN_DP/paper_experiments/figure3/figure3_pipeline3.yaml/dataset=citeseer/feature=raw/mechanism=mbm/x_eps=2/m=best/norm=false/smoother=hoa/backbone=sage/use_nfr=true/logs/grid_candidate_1234_attempt_1.log,
grid_candidate_1244,grid,grid_candidate_1244,completed,1,0,11.596276,/home/hzw/Rethinking_GNN_DP/paper_experiments/figure3/figure3_pipeline3.yaml/dataset=citeseer/feature=raw/mechanism=mbm/x_eps=2/m=best/norm=false/smoother=hoa/backbone=sage/use_nfr=true/logs/grid_candidate_1244_attempt_1.log,
grid_candidate_1235,grid,grid_candidate_1235,completed,1,0,18.037568,/home/hzw/Rethinking_GNN_DP/paper_experiments/figure3/figure3_pipeline3.yaml/dataset=citeseer/feature=raw/mechanism=mbm/x_eps=2/m=best/norm=false/smoother=hoa/backbone=sage/use_nfr=true/logs/grid_candidate_1235_attempt_1.log,
grid_candidate_1230,grid,grid_candidate_1230,completed,1,0,19.001926,/home/hzw/Rethinking_GNN_DP/paper_experiments/figure3/figure3_pipeline3.yaml/dataset=citeseer/feature=raw/mechanism=mbm/x_eps=2/m=best/norm=false/smoother=hoa/backbone=sage/use_nfr=true/logs/grid_candidate_1230_attempt_1.log,
grid_candidate_1231,grid,grid_candidate_1231,completed,1,0,19.140782,/home/hzw/Rethinking_GNN_DP/paper_experiments/figure3/figure3_pipeline3.yaml/dataset=citeseer/feature=raw/mechanism=mbm/x_eps=2/m=best/norm=false/smoother=hoa/backbone=sage/use_nfr=true/logs/grid_candidate_1231_attempt_1.log,
grid_candidate_1233,grid,grid_candidate_1233,completed,1,0,19.188533,/home/hzw/Rethinking_GNN_DP/paper_experiments/figure3/figure3_pipeline3.yaml/dataset=citeseer/feature=raw/mechanism=mbm/x_eps=2/m=best/norm=false/smoother=hoa/backbone=sage/use_nfr=true/logs/grid_candidate_1233_attempt_1.log,
grid_candidate_1247,grid,grid_candidate_1247,completed,1,0,11.616490,/home/hzw/Rethinking_GNN_DP/paper_experiments/figure3/figure3_pipeline3.yaml/dataset=citeseer/feature=raw/mechanism=mbm/x_eps=2/m=best/norm=false/smoother=hoa/backbone=sage/use_nfr=true/logs/grid_candidate_1247_attempt_1.log,
grid_candidate_1229,grid,grid_candidate_1229,completed,1,0,20.419672,/home/hzw/Rethinking_GNN_DP/paper_experiments/figure3/figure3_pipeline3.yaml/dataset=citeseer/feature=raw/mechanism=mbm/x_eps=2/m=best/norm=false/smoother=hoa/backbone=sage/use_nfr=true/logs/grid_candidate_1229_attempt_1.log,
grid_candidate_1243,grid,grid_candidate_1243,completed,1,0,13.204621,/home/hzw/Rethinking_GNN_DP/paper_experiments/figure3/figure3_pipeline3.yaml/dataset=citeseer/feature=raw/mechanism=mbm/x_eps=2/m=best/norm=false/smoother=hoa/backbone=sage/use_nfr=true/logs/grid_candidate_1243_attempt_1.log,
grid_candidate_1242,grid,grid_candidate_1242,completed,1,0,13.756698,/home/hzw/Rethinking_GNN_DP/paper_experiments/figure3/figure3_pipeline3.yaml/dataset=citeseer/feature=raw/mechanism=mbm/x_eps=2/m=best/norm=false/smoother=hoa/backbone=sage/use_nfr=true/logs/grid_candidate_1242_attempt_1.log,
grid_candidate_1241,grid,grid_candidate_1241,completed,1,0,15.042599,/home/hzw/Rethinking_GNN_DP/paper_experiments/figure3/figure3_pipeline3.yaml/dataset=citeseer/feature=raw/mechanism=mbm/x_eps=2/m=best/norm=false/smoother=hoa/backbone=sage/use_nfr=true/logs/grid_candidate_1241_attempt_1.log,
grid_candidate_1250,grid,grid_candidate_1250,completed,1,0,12.984922,/home/hzw/Rethinking_GNN_DP/paper_experiments/figure3/figure3_pipeline3.yaml/dataset=citeseer/feature=raw/mechanism=mbm/x_eps=2/m=best/norm=false/smoother=hoa/backbone=sage/use_nfr=true/logs/grid_candidate_1250_attempt_1.log,
grid_candidate_1248,grid,grid_candidate_1248,completed,1,0,15.623839,/home/hzw/Rethinking_GNN_DP/paper_experiments/figure3/figure3_pipeline3.yaml/dataset=citeseer/feature=raw/mechanism=mbm/x_eps=2/m=best/norm=false/smoother=hoa/backbone=sage/use_nfr=true/logs/grid_candidate_1248_attempt_1.log,
grid_candidate_1255,grid,grid_candidate_1255,completed,1,0,14.242231,/home/hzw/Rethinking_GNN_DP/paper_experiments/figure3/figure3_pipeline3.yaml/dataset=citeseer/feature=raw/mechanism=mbm/x_eps=2/m=best/norm=false/smoother=hoa/backbone=sage/use_nfr=true/logs/grid_candidate_1255_attempt_1.log,
grid_candidate_1246,grid,grid_candidate_1246,completed,1,0,16.179494,/home/hzw/Rethinking_GNN_DP/paper_experiments/figure3/figure3_pipeline3.yaml/dataset=citeseer/feature=raw/mechanism=mbm/x_eps=2/m=best/norm=false/smoother=hoa/backbone=sage/use_nfr=true/logs/grid_candidate_1246_attempt_1.log,
grid_candidate_1251,grid,grid_candidate_1251,completed,1,0,15.446611,/home/hzw/Rethinking_GNN_DP/paper_experiments/figure3/figure3_pipeline3.yaml/dataset=citeseer/feature=raw/mechanism=mbm/x_eps=2/m=best/norm=false/smoother=hoa/backbone=sage/use_nfr=true/logs/grid_candidate_1251_attempt_1.log,
grid_candidate_1245,grid,grid_candidate_1245,completed,1,0,16.600802,/home/hzw/Rethinking_GNN_DP/paper_experiments/figure3/figure3_pipeline3.yaml/dataset=citeseer/feature=raw/mechanism=mbm/x_eps=2/m=best/norm=false/smoother=hoa/backbone=sage/use_nfr=true/logs/grid_candidate_1245_attempt_1.log,
grid_candidate_1252,grid,grid_candidate_1252,completed,1,0,15.773655,/home/hzw/Rethinking_GNN_DP/paper_experiments/figure3/figure3_pipeline3.yaml/dataset=citeseer/feature=raw/mechanism=mbm/x_eps=2/m=best/norm=false/smoother=hoa/backbone=sage/use_nfr=true/logs/grid_candidate_1252_attempt_1.log,
grid_candidate_1257,grid,grid_candidate_1257,completed,1,0,13.785663,/home/hzw/Rethinking_GNN_DP/paper_experiments/figure3/figure3_pipeline3.yaml/dataset=citeseer/feature=raw/mechanism=mbm/x_eps=2/m=best/norm=false/smoother=hoa/backbone=sage/use_nfr=true/logs/grid_candidate_1257_attempt_1.log,
grid_candidate_1253,grid,grid_candidate_1253,completed,1,0,15.639518,/home/hzw/Rethinking_GNN_DP/paper_experiments/figure3/figure3_pipeline3.yaml/dataset=citeseer/feature=raw/mechanism=mbm/x_eps=2/m=best/norm=false/smoother=hoa/backbone=sage/use_nfr=true/logs/grid_candidate_1253_attempt_1.log,
grid_candidate_1259,grid,grid_candidate_1259,completed,1,0,13.053840,/home/hzw/Rethinking_GNN_DP/paper_experiments/figure3/figure3_pipeline3.yaml/dataset=citeseer/feature=raw/mechanism=mbm/x_eps=2/m=best/norm=false/smoother=hoa/backbone=sage/use_nfr=true/logs/grid_candidate_1259_attempt_1.log,
grid_candidate_1249,grid,grid_candidate_1249,completed,1,0,16.735538,/home/hzw/Rethinking_GNN_DP/paper_experiments/figure3/figure3_pipeline3.yaml/dataset=citeseer/feature=raw/mechanism=mbm/x_eps=2/m=best/norm=false/smoother=hoa/backbone=sage/use_nfr=true/logs/grid_candidate_1249_attempt_1.log,
grid_candidate_1258,grid,grid_candidate_1258,completed,1,0,14.036735,/home/hzw/Rethinking_GNN_DP/paper_experiments/figure3/figure3_pipeline3.yaml/dataset=citeseer/feature=raw/mechanism=mbm/x_eps=2/m=best/norm=false/smoother=hoa/backbone=sage/use_nfr=true/logs/grid_candidate_1258_attempt_1.log,
grid_candidate_1254,grid,grid_candidate_1254,completed,1,0,15.868977,/home/hzw/Rethinking_GNN_DP/paper_experiments/figure3/figure3_pipeline3.yaml/dataset=citeseer/feature=raw/mechanism=mbm/x_eps=2/m=best/norm=false/smoother=hoa/backbone=sage/use_nfr=true/logs/grid_candidate_1254_attempt_1.log,
grid_candidate_1256,grid,grid_candidate_1256,completed,1,0,16.232697,/home/hzw/Rethinking_GNN_DP/paper_experiments/figure3/figure3_pipeline3.yaml/dataset=citeseer/feature=raw/mechanism=mbm/x_eps=2/m=best/norm=false/smoother=hoa/backbone=sage/use_nfr=true/logs/grid_candidate_1256_attempt_1.log,
grid_candidate_1260,grid,grid_candidate_1260,completed,1,0,12.669458,/home/hzw/Rethinking_GNN_DP/paper_experiments/figure3/figure3_pipeline3.yaml/dataset=citeseer/feature=raw/mechanism=mbm/x_eps=2/m=best/norm=false/smoother=hoa/backbone=sage/use_nfr=true/logs/grid_candidate_1260_attempt_1.log,
grid_rank,verify,grid_rank,completed,1,0,0.580498,/home/hzw/Rethinking_GNN_DP/paper_experiments/figure3/figure3_pipeline3.yaml/dataset=citeseer/feature=raw/mechanism=mbm/x_eps=2/m=best/norm=false/smoother=hoa/backbone=sage/use_nfr=true/logs/grid_rank_attempt_1.log,
verify_rank01_repeat03,verify,verify_rank01_repeat03,completed,1,0,12.660707,/home/hzw/Rethinking_GNN_DP/paper_experiments/figure3/figure3_pipeline3.yaml/dataset=citeseer/feature=raw/mechanism=mbm/x_eps=2/m=best/norm=false/smoother=hoa/backbone=sage/use_nfr=true/logs/verify_rank01_repeat03_attempt_1.log,
verify_rank01_repeat02,verify,verify_rank01_repeat02,completed,1,0,13.892425,/home/hzw/Rethinking_GNN_DP/paper_experiments/figure3/figure3_pipeline3.yaml/dataset=citeseer/feature=raw/mechanism=mbm/x_eps=2/m=best/norm=false/smoother=hoa/backbone=sage/use_nfr=true/logs/verify_rank01_repeat02_attempt_1.log,
verify_rank01_repeat01,verify,verify_rank01_repeat01,completed,1,0,14.537237,/home/hzw/Rethinking_GNN_DP/paper_experiments/figure3/figure3_pipeline3.yaml/dataset=citeseer/feature=raw/mechanism=mbm/x_eps=2/m=best/norm=false/smoother=hoa/backbone=sage/use_nfr=true/logs/verify_rank01_repeat01_attempt_1.log,
verify_rank02_repeat02,verify,verify_rank02_repeat02,completed,1,0,12.776340,/home/hzw/Rethinking_GNN_DP/paper_experiments/figure3/figure3_pipeline3.yaml/dataset=citeseer/feature=raw/mechanism=mbm/x_eps=2/m=best/norm=false/smoother=hoa/backbone=sage/use_nfr=true/logs/verify_rank02_repeat02_attempt_1.log,
verify_rank02_repeat03,verify,verify_rank02_repeat03,completed,1,0,13.798790,/home/hzw/Rethinking_GNN_DP/paper_experiments/figure3/figure3_pipeline3.yaml/dataset=citeseer/feature=raw/mechanism=mbm/x_eps=2/m=best/norm=false/smoother=hoa/backbone=sage/use_nfr=true/logs/verify_rank02_repeat03_attempt_1.log,
verify_rank01_repeat05,verify,verify_rank01_repeat05,completed,1,0,15.515079,/home/hzw/Rethinking_GNN_DP/paper_experiments/figure3/figure3_pipeline3.yaml/dataset=citeseer/feature=raw/mechanism=mbm/x_eps=2/m=best/norm=false/smoother=hoa/backbone=sage/use_nfr=true/logs/verify_rank01_repeat05_attempt_1.log,
verify_rank01_repeat04,verify,verify_rank01_repeat04,completed,1,0,15.945375,/home/hzw/Rethinking_GNN_DP/paper_experiments/figure3/figure3_pipeline3.yaml/dataset=citeseer/feature=raw/mechanism=mbm/x_eps=2/m=best/norm=false/smoother=hoa/backbone=sage/use_nfr=true/logs/verify_rank01_repeat04_attempt_1.log,
verify_rank02_repeat01,verify,verify_rank02_repeat01,completed,1,0,16.334643,/home/hzw/Rethinking_GNN_DP/paper_experiments/figure3/figure3_pipeline3.yaml/dataset=citeseer/feature=raw/mechanism=mbm/x_eps=2/m=best/norm=false/smoother=hoa/backbone=sage/use_nfr=true/logs/verify_rank02_repeat01_attempt_1.log,
verify_rank03_repeat01,verify,verify_rank03_repeat01,completed,1,0,14.583086,/home/hzw/Rethinking_GNN_DP/paper_experiments/figure3/figure3_pipeline3.yaml/dataset=citeseer/feature=raw/mechanism=mbm/x_eps=2/m=best/norm=false/smoother=hoa/backbone=sage/use_nfr=true/logs/verify_rank03_repeat01_attempt_1.log,
verify_rank03_repeat03,verify,verify_rank03_repeat03,completed,1,0,13.511616,/home/hzw/Rethinking_GNN_DP/paper_experiments/figure3/figure3_pipeline3.yaml/dataset=citeseer/feature=raw/mechanism=mbm/x_eps=2/m=best/norm=false/smoother=hoa/backbone=sage/use_nfr=true/logs/verify_rank03_repeat03_attempt_1.log,
verify_rank03_repeat02,verify,verify_rank03_repeat02,completed,1,0,14.527380,/home/hzw/Rethinking_GNN_DP/paper_experiments/figure3/figure3_pipeline3.yaml/dataset=citeseer/feature=raw/mechanism=mbm/x_eps=2/m=best/norm=false/smoother=hoa/backbone=sage/use_nfr=true/logs/verify_rank03_repeat02_attempt_1.log,
verify_rank02_repeat04,verify,verify_rank02_repeat04,completed,1,0,17.172099,/home/hzw/Rethinking_GNN_DP/paper_experiments/figure3/figure3_pipeline3.yaml/dataset=citeseer/feature=raw/mechanism=mbm/x_eps=2/m=best/norm=false/smoother=hoa/backbone=sage/use_nfr=true/logs/verify_rank02_repeat04_attempt_1.log,
verify_rank02_repeat05,verify,verify_rank02_repeat05,completed,1,0,17.946899,/home/hzw/Rethinking_GNN_DP/paper_experiments/figure3/figure3_pipeline3.yaml/dataset=citeseer/feature=raw/mechanism=mbm/x_eps=2/m=best/norm=false/smoother=hoa/backbone=sage/use_nfr=true/logs/verify_rank02_repeat05_attempt_1.log,
verify_rank03_repeat04,verify,verify_rank03_repeat04,completed,1,0,13.321672,/home/hzw/Rethinking_GNN_DP/paper_experiments/figure3/figure3_pipeline3.yaml/dataset=citeseer/feature=raw/mechanism=mbm/x_eps=2/m=best/norm=false/smoother=hoa/backbone=sage/use_nfr=true/logs/verify_rank03_repeat04_attempt_1.log,
verify_rank04_repeat01,verify,verify_rank04_repeat01,completed,1,0,12.226005,/home/hzw/Rethinking_GNN_DP/paper_experiments/figure3/figure3_pipeline3.yaml/dataset=citeseer/feature=raw/mechanism=mbm/x_eps=2/m=best/norm=false/smoother=hoa/backbone=sage/use_nfr=true/logs/verify_rank04_repeat01_attempt_1.log,
verify_rank03_repeat05,verify,verify_rank03_repeat05,completed,1,0,16.545737,/home/hzw/Rethinking_GNN_DP/paper_experiments/figure3/figure3_pipeline3.yaml/dataset=citeseer/feature=raw/mechanism=mbm/x_eps=2/m=best/norm=false/smoother=hoa/backbone=sage/use_nfr=true/logs/verify_rank03_repeat05_attempt_1.log,
verify_rank04_repeat03,verify,verify_rank04_repeat03,completed,1,0,15.629211,/home/hzw/Rethinking_GNN_DP/paper_experiments/figure3/figure3_pipeline3.yaml/dataset=citeseer/feature=raw/mechanism=mbm/x_eps=2/m=best/norm=false/smoother=hoa/backbone=sage/use_nfr=true/logs/verify_rank04_repeat03_attempt_1.log,
verify_rank04_repeat04,verify,verify_rank04_repeat04,completed,1,0,15.358207,/home/hzw/Rethinking_GNN_DP/paper_experiments/figure3/figure3_pipeline3.yaml/dataset=citeseer/feature=raw/mechanism=mbm/x_eps=2/m=best/norm=false/smoother=hoa/backbone=sage/use_nfr=true/logs/verify_rank04_repeat04_attempt_1.log,
verify_rank04_repeat05,verify,verify_rank04_repeat05,completed,1,0,15.594486,/home/hzw/Rethinking_GNN_DP/paper_experiments/figure3/figure3_pipeline3.yaml/dataset=citeseer/feature=raw/mechanism=mbm/x_eps=2/m=best/norm=false/smoother=hoa/backbone=sage/use_nfr=true/logs/verify_rank04_repeat05_attempt_1.log,
verify_rank04_repeat02,verify,verify_rank04_repeat02,completed,1,0,16.804752,/home/hzw/Rethinking_GNN_DP/paper_experiments/figure3/figure3_pipeline3.yaml/dataset=citeseer/feature=raw/mechanism=mbm/x_eps=2/m=best/norm=false/smoother=hoa/backbone=sage/use_nfr=true/logs/verify_rank04_repeat02_attempt_1.log,
verify_rank05_repeat02,verify,verify_rank05_repeat02,completed,1,0,12.992829,/home/hzw/Rethinking_GNN_DP/paper_experiments/figure3/figure3_pipeline3.yaml/dataset=citeseer/feature=raw/mechanism=mbm/x_eps=2/m=best/norm=false/smoother=hoa/backbone=sage/use_nfr=true/logs/verify_rank05_repeat02_attempt_1.log,
verify_rank05_repeat01,verify,verify_rank05_repeat01,completed,1,0,17.121433,/home/hzw/Rethinking_GNN_DP/paper_experiments/figure3/figure3_pipeline3.yaml/dataset=citeseer/feature=raw/mechanism=mbm/x_eps=2/m=best/norm=false/smoother=hoa/backbone=sage/use_nfr=true/logs/verify_rank05_repeat01_attempt_1.log,
verify_rank05_repeat03,verify,verify_rank05_repeat03,completed,1,0,13.598230,/home/hzw/Rethinking_GNN_DP/paper_experiments/figure3/figure3_pipeline3.yaml/dataset=citeseer/feature=raw/mechanism=mbm/x_eps=2/m=best/norm=false/smoother=hoa/backbone=sage/use_nfr=true/logs/verify_rank05_repeat03_attempt_1.log,
verify_rank05_repeat04,verify,verify_rank05_repeat04,completed,1,0,13.369263,/home/hzw/Rethinking_GNN_DP/paper_experiments/figure3/figure3_pipeline3.yaml/dataset=citeseer/feature=raw/mechanism=mbm/x_eps=2/m=best/norm=false/smoother=hoa/backbone=sage/use_nfr=true/logs/verify_rank05_repeat04_attempt_1.log,
verify_rank05_repeat05,verify,verify_rank05_repeat05,completed,1,0,12.685904,/home/hzw/Rethinking_GNN_DP/paper_experiments/figure3/figure3_pipeline3.yaml/dataset=citeseer/feature=raw/mechanism=mbm/x_eps=2/m=best/norm=false/smoother=hoa/backbone=sage/use_nfr=true/logs/verify_rank05_repeat05_attempt_1.log,
verify_finalize,verify,verify_finalize,completed,1,0,0.655923,/home/hzw/Rethinking_GNN_DP/paper_experiments/figure3/figure3_pipeline3.yaml/dataset=citeseer/feature=raw/mechanism=mbm/x_eps=2/m=best/norm=false/smoother=hoa/backbone=sage/use_nfr=true/logs/verify_finalize_attempt_1.log,
