task_id,pool,label,status,attempts,return_code,seconds,last_log_path,error_message
grid_candidate_0001,grid,grid_candidate_0001,completed,1,0,16.132741,/home/hzw/Rethinking_GNN_DP/paper_experiments/figure1/search_phase_1/family3/hoa/deepwalk/dataset=cora/feature=deepwalk/feature_dim=200/scale=64/deepwalk_walk_length=40/deepwalk_number_walks=20/deepwalk_window_size=5/deepwalk_workers=20/deepwalk_undirected=true/mechanism=mbm/x_eps=inf/m=best/norm=false/smoother=hoa/backbone=sage/use_nfr=false/logs/grid_candidate_0001_attempt_1.log,
grid_candidate_0004,grid,grid_candidate_0004,completed,1,0,14.821741,/home/hzw/Rethinking_GNN_DP/paper_experiments/figure1/search_phase_1/family3/hoa/deepwalk/dataset=cora/feature=deepwalk/feature_dim=200/scale=64/deepwalk_walk_length=40/deepwalk_number_walks=20/deepwalk_window_size=5/deepwalk_workers=20/deepwalk_undirected=true/mechanism=mbm/x_eps=inf/m=best/norm=false/smoother=hoa/backbone=sage/use_nfr=false/logs/grid_candidate_0004_attempt_1.log,
grid_candidate_0003,grid,grid_candidate_0003,completed,1,0,15.496109,/home/hzw/Rethinking_GNN_DP/paper_experiments/figure1/search_phase_1/family3/hoa/deepwalk/dataset=cora/feature=deepwalk/feature_dim=200/scale=64/deepwalk_walk_length=40/deepwalk_number_walks=20/deepwalk_window_size=5/deepwalk_workers=20/deepwalk_undirected=true/mechanism=mbm/x_eps=inf/m=best/norm=false/smoother=hoa/backbone=sage/use_nfr=false/logs/grid_candidate_0003_attempt_1.log,
grid_candidate_0002,grid,grid_candidate_0002,completed,1,0,17.468645,/home/hzw/Rethinking_GNN_DP/paper_experiments/figure1/search_phase_1/family3/hoa/deepwalk/dataset=cora/feature=deepwalk/feature_dim=200/scale=64/deepwalk_walk_length=40/deepwalk_number_walks=20/deepwalk_window_size=5/deepwalk_workers=20/deepwalk_undirected=true/mechanism=mbm/x_eps=inf/m=best/norm=false/smoother=hoa/backbone=sage/use_nfr=false/logs/grid_candidate_0002_attempt_1.log,
grid_candidate_0006,grid,grid_candidate_0006,completed,1,0,13.883988,/home/hzw/Rethinking_GNN_DP/paper_experiments/figure1/search_phase_1/family3/hoa/deepwalk/dataset=cora/feature=deepwalk/feature_dim=200/scale=64/deepwalk_walk_length=40/deepwalk_number_walks=20/deepwalk_window_size=5/deepwalk_workers=20/deepwalk_undirected=true/mechanism=mbm/x_eps=inf/m=best/norm=false/smoother=hoa/backbone=sage/use_nfr=false/logs/grid_candidate_0006_attempt_1.log,
grid_candidate_0009,grid,grid_candidate_0009,completed,1,0,14.418277,/home/hzw/Rethinking_GNN_DP/paper_experiments/figure1/search_phase_1/family3/hoa/deepwalk/dataset=cora/feature=deepwalk/feature_dim=200/scale=64/deepwalk_walk_length=40/deepwalk_number_walks=20/deepwalk_window_size=5/deepwalk_workers=20/deepwalk_undirected=true/mechanism=mbm/x_eps=inf/m=best/norm=false/smoother=hoa/backbone=sage/use_nfr=false/logs/grid_candidate_0009_attempt_1.log,
grid_candidate_0012,grid,grid_candidate_0012,completed,1,0,14.300134,/home/hzw/Rethinking_GNN_DP/paper_experiments/figure1/search_phase_1/family3/hoa/deepwalk/dataset=cora/feature=deepwalk/feature_dim=200/scale=64/deepwalk_walk_length=40/deepwalk_number_walks=20/deepwalk_window_size=5/deepwalk_workers=20/deepwalk_undirected=true/mechanism=mbm/x_eps=inf/m=best/norm=false/smoother=hoa/backbone=sage/use_nfr=false/logs/grid_candidate_0012_attempt_1.log,
grid_candidate_0007,grid,grid_candidate_0007,completed,1,0,17.907500,/home/hzw/Rethinking_GNN_DP/paper_experiments/figure1/search_phase_1/family3/hoa/deepwalk/dataset=cora/feature=deepwalk/feature_dim=200/scale=64/deepwalk_walk_length=40/deepwalk_number_walks=20/deepwalk_window_size=5/deepwalk_workers=20/deepwalk_undirected=true/mechanism=mbm/x_eps=inf/m=best/norm=false/smoother=hoa/backbone=sage/use_nfr=false/logs/grid_candidate_0007_attempt_1.log,
grid_candidate_0016,grid,grid_candidate_0016,completed,1,0,16.936134,/home/hzw/Rethinking_GNN_DP/paper_experiments/figure1/search_phase_1/family3/hoa/deepwalk/dataset=cora/feature=deepwalk/feature_dim=200/scale=64/deepwalk_walk_length=40/deepwalk_number_walks=20/deepwalk_window_size=5/deepwalk_workers=20/deepwalk_undirected=true/mechanism=mbm/x_eps=inf/m=best/norm=false/smoother=hoa/backbone=sage/use_nfr=false/logs/grid_candidate_0016_attempt_1.log,
grid_candidate_0013,grid,grid_candidate_0013,completed,1,0,17.734861,/home/hzw/Rethinking_GNN_DP/paper_experiments/figure1/search_phase_1/family3/hoa/deepwalk/dataset=cora/feature=deepwalk/feature_dim=200/scale=64/deepwalk_walk_length=40/deepwalk_number_walks=20/deepwalk_window_size=5/deepwalk_workers=20/deepwalk_undirected=true/mechanism=mbm/x_eps=inf/m=best/norm=false/smoother=hoa/backbone=sage/use_nfr=false/logs/grid_candidate_0013_attempt_1.log,
grid_candidate_0014,grid,grid_candidate_0014,completed,1,0,17.938489,/home/hzw/Rethinking_GNN_DP/paper_experiments/figure1/search_phase_1/family3/hoa/deepwalk/dataset=cora/feature=deepwalk/feature_dim=200/scale=64/deepwalk_walk_length=40/deepwalk_number_walks=20/deepwalk_window_size=5/deepwalk_workers=20/deepwalk_undirected=true/mechanism=mbm/x_eps=inf/m=best/norm=false/smoother=hoa/backbone=sage/use_nfr=false/logs/grid_candidate_0014_attempt_1.log,
grid_candidate_0005,grid,grid_candidate_0005,completed,1,0,19.362674,/home/hzw/Rethinking_GNN_DP/paper_experiments/figure1/search_phase_1/family3/hoa/deepwalk/dataset=cora/feature=deepwalk/feature_dim=200/scale=64/deepwalk_walk_length=40/deepwalk_number_walks=20/deepwalk_window_size=5/deepwalk_workers=20/deepwalk_undirected=true/mechanism=mbm/x_eps=inf/m=best/norm=false/smoother=hoa/backbone=sage/use_nfr=false/logs/grid_candidate_0005_attempt_1.log,
grid_candidate_0011,grid,grid_candidate_0011,completed,1,0,19.462300,/home/hzw/Rethinking_GNN_DP/paper_experiments/figure1/search_phase_1/family3/hoa/deepwalk/dataset=cora/feature=deepwalk/feature_dim=200/scale=64/deepwalk_walk_length=40/deepwalk_number_walks=20/deepwalk_window_size=5/deepwalk_workers=20/deepwalk_undirected=true/mechanism=mbm/x_eps=inf/m=best/norm=false/smoother=hoa/backbone=sage/use_nfr=false/logs/grid_candidate_0011_attempt_1.log,
grid_candidate_0019,grid,grid_candidate_0019,completed,1,0,18.953896,/home/hzw/Rethinking_GNN_DP/paper_experiments/figure1/search_phase_1/family3/hoa/deepwalk/dataset=cora/feature=deepwalk/feature_dim=200/scale=64/deepwalk_walk_length=40/deepwalk_number_walks=20/deepwalk_window_size=5/deepwalk_workers=20/deepwalk_undirected=true/mechanism=mbm/x_eps=inf/m=best/norm=false/smoother=hoa/backbone=sage/use_nfr=false/logs/grid_candidate_0019_attempt_1.log,
grid_candidate_0010,grid,grid_candidate_0010,completed,1,0,20.252133,/home/hzw/Rethinking_GNN_DP/paper_experiments/figure1/search_phase_1/family3/hoa/deepwalk/dataset=cora/feature=deepwalk/feature_dim=200/scale=64/deepwalk_walk_length=40/deepwalk_number_walks=20/deepwalk_window_size=5/deepwalk_workers=20/deepwalk_undirected=true/mechanism=mbm/x_eps=inf/m=best/norm=false/smoother=hoa/backbone=sage/use_nfr=false/logs/grid_candidate_0010_attempt_1.log,
grid_candidate_0027,grid,grid_candidate_0027,completed,1,0,17.762766,/home/hzw/Rethinking_GNN_DP/paper_experiments/figure1/search_phase_1/family3/hoa/deepwalk/dataset=cora/feature=deepwalk/feature_dim=200/scale=64/deepwalk_walk_length=40/deepwalk_number_walks=20/deepwalk_window_size=5/deepwalk_workers=20/deepwalk_undirected=true/mechanism=mbm/x_eps=inf/m=best/norm=false/smoother=hoa/backbone=sage/use_nfr=false/logs/grid_candidate_0027_attempt_1.log,
grid_candidate_0028,grid,grid_candidate_0028,completed,1,0,18.163823,/home/hzw/Rethinking_GNN_DP/paper_experiments/figure1/search_phase_1/family3/hoa/deepwalk/dataset=cora/feature=deepwalk/feature_dim=200/scale=64/deepwalk_walk_length=40/deepwalk_number_walks=20/deepwalk_window_size=5/deepwalk_workers=20/deepwalk_undirected=true/mechanism=mbm/x_eps=inf/m=best/norm=false/smoother=hoa/backbone=sage/use_nfr=false/logs/grid_candidate_0028_attempt_1.log,
grid_candidate_0018,grid,grid_candidate_0018,completed,1,0,20.817826,/home/hzw/Rethinking_GNN_DP/paper_experiments/figure1/search_phase_1/family3/hoa/deepwalk/dataset=cora/feature=deepwalk/feature_dim=200/scale=64/deepwalk_walk_length=40/deepwalk_number_walks=20/deepwalk_window_size=5/deepwalk_workers=20/deepwalk_undirected=true/mechanism=mbm/x_eps=inf/m=best/norm=false/smoother=hoa/backbone=sage/use_nfr=false/logs/grid_candidate_0018_attempt_1.log,
grid_candidate_0029,grid,grid_candidate_0029,completed,1,0,16.753269,/home/hzw/Rethinking_GNN_DP/paper_experiments/figure1/search_phase_1/family3/hoa/deepwalk/dataset=cora/feature=deepwalk/feature_dim=200/scale=64/deepwalk_walk_length=40/deepwalk_number_walks=20/deepwalk_window_size=5/deepwalk_workers=20/deepwalk_undirected=true/mechanism=mbm/x_eps=inf/m=best/norm=false/smoother=hoa/backbone=sage/use_nfr=false/logs/grid_candidate_0029_attempt_1.log,
grid_candidate_0017,grid,grid_candidate_0017,completed,1,0,21.347369,/home/hzw/Rethinking_GNN_DP/paper_experiments/figure1/search_phase_1/family3/hoa/deepwalk/dataset=cora/feature=deepwalk/feature_dim=200/scale=64/deepwalk_walk_length=40/deepwalk_number_walks=20/deepwalk_window_size=5/deepwalk_workers=20/deepwalk_undirected=true/mechanism=mbm/x_eps=inf/m=best/norm=false/smoother=hoa/backbone=sage/use_nfr=false/logs/grid_candidate_0017_attempt_1.log,
grid_candidate_0026,grid,grid_candidate_0026,completed,1,0,18.930668,/home/hzw/Rethinking_GNN_DP/paper_experiments/figure1/search_phase_1/family3/hoa/deepwalk/dataset=cora/feature=deepwalk/feature_dim=200/scale=64/deepwalk_walk_length=40/deepwalk_number_walks=20/deepwalk_window_size=5/deepwalk_workers=20/deepwalk_undirected=true/mechanism=mbm/x_eps=inf/m=best/norm=false/smoother=hoa/backbone=sage/use_nfr=false/logs/grid_candidate_0026_attempt_1.log,
grid_candidate_0015,grid,grid_candidate_0015,completed,1,0,21.772308,/home/hzw/Rethinking_GNN_DP/paper_experiments/figure1/search_phase_1/family3/hoa/deepwalk/dataset=cora/feature=deepwalk/feature_dim=200/scale=64/deepwalk_walk_length=40/deepwalk_number_walks=20/deepwalk_window_size=5/deepwalk_workers=20/deepwalk_undirected=true/mechanism=mbm/x_eps=inf/m=best/norm=false/smoother=hoa/backbone=sage/use_nfr=false/logs/grid_candidate_0015_attempt_1.log,
grid_candidate_0022,grid,grid_candidate_0022,completed,1,0,21.005920,/home/hzw/Rethinking_GNN_DP/paper_experiments/figure1/search_phase_1/family3/hoa/deepwalk/dataset=cora/feature=deepwalk/feature_dim=200/scale=64/deepwalk_walk_length=40/deepwalk_number_walks=20/deepwalk_window_size=5/deepwalk_workers=20/deepwalk_undirected=true/mechanism=mbm/x_eps=inf/m=best/norm=false/smoother=hoa/backbone=sage/use_nfr=false/logs/grid_candidate_0022_attempt_1.log,
grid_candidate_0008,grid,grid_candidate_0008,completed,1,0,22.863917,/home/hzw/Rethinking_GNN_DP/paper_experiments/figure1/search_phase_1/family3/hoa/deepwalk/dataset=cora/feature=deepwalk/feature_dim=200/scale=64/deepwalk_walk_length=40/deepwalk_number_walks=20/deepwalk_window_size=5/deepwalk_workers=20/deepwalk_undirected=true/mechanism=mbm/x_eps=inf/m=best/norm=false/smoother=hoa/backbone=sage/use_nfr=false/logs/grid_candidate_0008_attempt_1.log,
grid_candidate_0024,grid,grid_candidate_0024,completed,1,0,21.109475,/home/hzw/Rethinking_GNN_DP/paper_experiments/figure1/search_phase_1/family3/hoa/deepwalk/dataset=cora/feature=deepwalk/feature_dim=200/scale=64/deepwalk_walk_length=40/deepwalk_number_walks=20/deepwalk_window_size=5/deepwalk_workers=20/deepwalk_undirected=true/mechanism=mbm/x_eps=inf/m=best/norm=false/smoother=hoa/backbone=sage/use_nfr=false/logs/grid_candidate_0024_attempt_1.log,
grid_candidate_0021,grid,grid_candidate_0021,completed,1,0,21.680884,/home/hzw/Rethinking_GNN_DP/paper_experiments/figure1/search_phase_1/family3/hoa/deepwalk/dataset=cora/feature=deepwalk/feature_dim=200/scale=64/deepwalk_walk_length=40/deepwalk_number_walks=20/deepwalk_window_size=5/deepwalk_workers=20/deepwalk_undirected=true/mechanism=mbm/x_eps=inf/m=best/norm=false/smoother=hoa/backbone=sage/use_nfr=false/logs/grid_candidate_0021_attempt_1.log,
grid_candidate_0025,grid,grid_candidate_0025,completed,1,0,21.096880,/home/hzw/Rethinking_GNN_DP/paper_experiments/figure1/search_phase_1/family3/hoa/deepwalk/dataset=cora/feature=deepwalk/feature_dim=200/scale=64/deepwalk_walk_length=40/deepwalk_number_walks=20/deepwalk_window_size=5/deepwalk_workers=20/deepwalk_undirected=true/mechanism=mbm/x_eps=inf/m=best/norm=false/smoother=hoa/backbone=sage/use_nfr=false/logs/grid_candidate_0025_attempt_1.log,
grid_candidate_0023,grid,grid_candidate_0023,completed,1,0,21.544762,/home/hzw/Rethinking_GNN_DP/paper_experiments/figure1/search_phase_1/family3/hoa/deepwalk/dataset=cora/feature=deepwalk/feature_dim=200/scale=64/deepwalk_walk_length=40/deepwalk_number_walks=20/deepwalk_window_size=5/deepwalk_workers=20/deepwalk_undirected=true/mechanism=mbm/x_eps=inf/m=best/norm=false/smoother=hoa/backbone=sage/use_nfr=false/logs/grid_candidate_0023_attempt_1.log,
grid_candidate_0031,grid,grid_candidate_0031,completed,1,0,17.379832,/home/hzw/Rethinking_GNN_DP/paper_experiments/figure1/search_phase_1/family3/hoa/deepwalk/dataset=cora/feature=deepwalk/feature_dim=200/scale=64/deepwalk_walk_length=40/deepwalk_number_walks=20/deepwalk_window_size=5/deepwalk_workers=20/deepwalk_undirected=true/mechanism=mbm/x_eps=inf/m=best/norm=false/smoother=hoa/backbone=sage/use_nfr=false/logs/grid_candidate_0031_attempt_1.log,
grid_candidate_0034,grid,grid_candidate_0034,completed,1,0,15.868038,/home/hzw/Rethinking_GNN_DP/paper_experiments/figure1/search_phase_1/family3/hoa/deepwalk/dataset=cora/feature=deepwalk/feature_dim=200/scale=64/deepwalk_walk_length=40/deepwalk_number_walks=20/deepwalk_window_size=5/deepwalk_workers=20/deepwalk_undirected=true/mechanism=mbm/x_eps=inf/m=best/norm=false/smoother=hoa/backbone=sage/use_nfr=false/logs/grid_candidate_0034_attempt_1.log,
grid_candidate_0020,grid,grid_candidate_0020,completed,1,0,22.309327,/home/hzw/Rethinking_GNN_DP/paper_experiments/figure1/search_phase_1/family3/hoa/deepwalk/dataset=cora/feature=deepwalk/feature_dim=200/scale=64/deepwalk_walk_length=40/deepwalk_number_walks=20/deepwalk_window_size=5/deepwalk_workers=20/deepwalk_undirected=true/mechanism=mbm/x_eps=inf/m=best/norm=false/smoother=hoa/backbone=sage/use_nfr=false/logs/grid_candidate_0020_attempt_1.log,
grid_candidate_0030,grid,grid_candidate_0030,completed,1,0,17.909727,/home/hzw/Rethinking_GNN_DP/paper_experiments/figure1/search_phase_1/family3/hoa/deepwalk/dataset=cora/feature=deepwalk/feature_dim=200/scale=64/deepwalk_walk_length=40/deepwalk_number_walks=20/deepwalk_window_size=5/deepwalk_workers=20/deepwalk_undirected=true/mechanism=mbm/x_eps=inf/m=best/norm=false/smoother=hoa/backbone=sage/use_nfr=false/logs/grid_candidate_0030_attempt_1.log,
grid_candidate_0032,grid,grid_candidate_0032,completed,1,0,16.650252,/home/hzw/Rethinking_GNN_DP/paper_experiments/figure1/search_phase_1/family3/hoa/deepwalk/dataset=cora/feature=deepwalk/feature_dim=200/scale=64/deepwalk_walk_length=40/deepwalk_number_walks=20/deepwalk_window_size=5/deepwalk_workers=20/deepwalk_undirected=true/mechanism=mbm/x_eps=inf/m=best/norm=false/smoother=hoa/backbone=sage/use_nfr=false/logs/grid_candidate_0032_attempt_1.log,
grid_candidate_0033,grid,grid_candidate_0033,completed,1,0,16.523242,/home/hzw/Rethinking_GNN_DP/paper_experiments/figure1/search_phase_1/family3/hoa/deepwalk/dataset=cora/feature=deepwalk/feature_dim=200/scale=64/deepwalk_walk_length=40/deepwalk_number_walks=20/deepwalk_window_size=5/deepwalk_workers=20/deepwalk_undirected=true/mechanism=mbm/x_eps=inf/m=best/norm=false/smoother=hoa/backbone=sage/use_nfr=false/logs/grid_candidate_0033_attempt_1.log,
grid_candidate_0035,grid,grid_candidate_0035,completed,1,0,14.327371,/home/hzw/Rethinking_GNN_DP/paper_experiments/figure1/search_phase_1/family3/hoa/deepwalk/dataset=cora/feature=deepwalk/feature_dim=200/scale=64/deepwalk_walk_length=40/deepwalk_number_walks=20/deepwalk_window_size=5/deepwalk_workers=20/deepwalk_undirected=true/mechanism=mbm/x_eps=inf/m=best/norm=false/smoother=hoa/backbone=sage/use_nfr=false/logs/grid_candidate_0035_attempt_1.log,
grid_candidate_0037,grid,grid_candidate_0037,completed,1,0,13.596353,/home/hzw/Rethinking_GNN_DP/paper_experiments/figure1/search_phase_1/family3/hoa/deepwalk/dataset=cora/feature=deepwalk/feature_dim=200/scale=64/deepwalk_walk_length=40/deepwalk_number_walks=20/deepwalk_window_size=5/deepwalk_workers=20/deepwalk_undirected=true/mechanism=mbm/x_eps=inf/m=best/norm=false/smoother=hoa/backbone=sage/use_nfr=false/logs/grid_candidate_0037_attempt_1.log,
grid_candidate_0039,grid,grid_candidate_0039,completed,1,0,13.585585,/home/hzw/Rethinking_GNN_DP/paper_experiments/figure1/search_phase_1/family3/hoa/deepwalk/dataset=cora/feature=deepwalk/feature_dim=200/scale=64/deepwalk_walk_length=40/deepwalk_number_walks=20/deepwalk_window_size=5/deepwalk_workers=20/deepwalk_undirected=true/mechanism=mbm/x_eps=inf/m=best/norm=false/smoother=hoa/backbone=sage/use_nfr=false/logs/grid_candidate_0039_attempt_1.log,
grid_candidate_0038,grid,grid_candidate_0038,completed,1,0,14.486665,/home/hzw/Rethinking_GNN_DP/paper_experiments/figure1/search_phase_1/family3/hoa/deepwalk/dataset=cora/feature=deepwalk/feature_dim=200/scale=64/deepwalk_walk_length=40/deepwalk_number_walks=20/deepwalk_window_size=5/deepwalk_workers=20/deepwalk_undirected=true/mechanism=mbm/x_eps=inf/m=best/norm=false/smoother=hoa/backbone=sage/use_nfr=false/logs/grid_candidate_0038_attempt_1.log,
grid_candidate_0044,grid,grid_candidate_0044,completed,1,0,14.356307,/home/hzw/Rethinking_GNN_DP/paper_experiments/figure1/search_phase_1/family3/hoa/deepwalk/dataset=cora/feature=deepwalk/feature_dim=200/scale=64/deepwalk_walk_length=40/deepwalk_number_walks=20/deepwalk_window_size=5/deepwalk_workers=20/deepwalk_undirected=true/mechanism=mbm/x_eps=inf/m=best/norm=false/smoother=hoa/backbone=sage/use_nfr=false/logs/grid_candidate_0044_attempt_1.log,
grid_candidate_0043,grid,grid_candidate_0043,completed,1,0,15.609714,/home/hzw/Rethinking_GNN_DP/paper_experiments/figure1/search_phase_1/family3/hoa/deepwalk/dataset=cora/feature=deepwalk/feature_dim=200/scale=64/deepwalk_walk_length=40/deepwalk_number_walks=20/deepwalk_window_size=5/deepwalk_workers=20/deepwalk_undirected=true/mechanism=mbm/x_eps=inf/m=best/norm=false/smoother=hoa/backbone=sage/use_nfr=false/logs/grid_candidate_0043_attempt_1.log,
grid_candidate_0045,grid,grid_candidate_0045,completed,1,0,16.595440,/home/hzw/Rethinking_GNN_DP/paper_experiments/figure1/search_phase_1/family3/hoa/deepwalk/dataset=cora/feature=deepwalk/feature_dim=200/scale=64/deepwalk_walk_length=40/deepwalk_number_walks=20/deepwalk_window_size=5/deepwalk_workers=20/deepwalk_undirected=true/mechanism=mbm/x_eps=inf/m=best/norm=false/smoother=hoa/backbone=sage/use_nfr=false/logs/grid_candidate_0045_attempt_1.log,
grid_candidate_0041,grid,grid_candidate_0041,completed,1,0,17.253514,/home/hzw/Rethinking_GNN_DP/paper_experiments/figure1/search_phase_1/family3/hoa/deepwalk/dataset=cora/feature=deepwalk/feature_dim=200/scale=64/deepwalk_walk_length=40/deepwalk_number_walks=20/deepwalk_window_size=5/deepwalk_workers=20/deepwalk_undirected=true/mechanism=mbm/x_eps=inf/m=best/norm=false/smoother=hoa/backbone=sage/use_nfr=false/logs/grid_candidate_0041_attempt_1.log,
grid_candidate_0052,grid,grid_candidate_0052,completed,1,0,17.001726,/home/hzw/Rethinking_GNN_DP/paper_experiments/figure1/search_phase_1/family3/hoa/deepwalk/dataset=cora/feature=deepwalk/feature_dim=200/scale=64/deepwalk_walk_length=40/deepwalk_number_walks=20/deepwalk_window_size=5/deepwalk_workers=20/deepwalk_undirected=true/mechanism=mbm/x_eps=inf/m=best/norm=false/smoother=hoa/backbone=sage/use_nfr=false/logs/grid_candidate_0052_attempt_1.log,
grid_candidate_0048,grid,grid_candidate_0048,completed,1,0,17.669026,/home/hzw/Rethinking_GNN_DP/paper_experiments/figure1/search_phase_1/family3/hoa/deepwalk/dataset=cora/feature=deepwalk/feature_dim=200/scale=64/deepwalk_walk_length=40/deepwalk_number_walks=20/deepwalk_window_size=5/deepwalk_workers=20/deepwalk_undirected=true/mechanism=mbm/x_eps=inf/m=best/norm=false/smoother=hoa/backbone=sage/use_nfr=false/logs/grid_candidate_0048_attempt_1.log,
grid_candidate_0036,grid,grid_candidate_0036,completed,1,0,19.854808,/home/hzw/Rethinking_GNN_DP/paper_experiments/figure1/search_phase_1/family3/hoa/deepwalk/dataset=cora/feature=deepwalk/feature_dim=200/scale=64/deepwalk_walk_length=40/deepwalk_number_walks=20/deepwalk_window_size=5/deepwalk_workers=20/deepwalk_undirected=true/mechanism=mbm/x_eps=inf/m=best/norm=false/smoother=hoa/backbone=sage/use_nfr=false/logs/grid_candidate_0036_attempt_1.log,
grid_candidate_0042,grid,grid_candidate_0042,completed,1,0,19.069014,/home/hzw/Rethinking_GNN_DP/paper_experiments/figure1/search_phase_1/family3/hoa/deepwalk/dataset=cora/feature=deepwalk/feature_dim=200/scale=64/deepwalk_walk_length=40/deepwalk_number_walks=20/deepwalk_window_size=5/deepwalk_workers=20/deepwalk_undirected=true/mechanism=mbm/x_eps=inf/m=best/norm=false/smoother=hoa/backbone=sage/use_nfr=false/logs/grid_candidate_0042_attempt_1.log,
grid_candidate_0053,grid,grid_candidate_0053,completed,1,0,17.968151,/home/hzw/Rethinking_GNN_DP/paper_experiments/figure1/search_phase_1/family3/hoa/deepwalk/dataset=cora/feature=deepwalk/feature_dim=200/scale=64/deepwalk_walk_length=40/deepwalk_number_walks=20/deepwalk_window_size=5/deepwalk_workers=20/deepwalk_undirected=true/mechanism=mbm/x_eps=inf/m=best/norm=false/smoother=hoa/backbone=sage/use_nfr=false/logs/grid_candidate_0053_attempt_1.log,
grid_candidate_0047,grid,grid_candidate_0047,completed,1,0,18.844704,/home/hzw/Rethinking_GNN_DP/paper_experiments/figure1/search_phase_1/family3/hoa/deepwalk/dataset=cora/feature=deepwalk/feature_dim=200/scale=64/deepwalk_walk_length=40/deepwalk_number_walks=20/deepwalk_window_size=5/deepwalk_workers=20/deepwalk_undirected=true/mechanism=mbm/x_eps=inf/m=best/norm=false/smoother=hoa/backbone=sage/use_nfr=false/logs/grid_candidate_0047_attempt_1.log,
grid_candidate_0059,grid,grid_candidate_0059,completed,1,0,19.222728,/home/hzw/Rethinking_GNN_DP/paper_experiments/figure1/search_phase_1/family3/hoa/deepwalk/dataset=cora/feature=deepwalk/feature_dim=200/scale=64/deepwalk_walk_length=40/deepwalk_number_walks=20/deepwalk_window_size=5/deepwalk_workers=20/deepwalk_undirected=true/mechanism=mbm/x_eps=inf/m=best/norm=false/smoother=hoa/backbone=sage/use_nfr=false/logs/grid_candidate_0059_attempt_1.log,
grid_candidate_0055,grid,grid_candidate_0055,completed,1,0,19.739850,/home/hzw/Rethinking_GNN_DP/paper_experiments/figure1/search_phase_1/family3/hoa/deepwalk/dataset=cora/feature=deepwalk/feature_dim=200/scale=64/deepwalk_walk_length=40/deepwalk_number_walks=20/deepwalk_window_size=5/deepwalk_workers=20/deepwalk_undirected=true/mechanism=mbm/x_eps=inf/m=best/norm=false/smoother=hoa/backbone=sage/use_nfr=false/logs/grid_candidate_0055_attempt_1.log,
grid_candidate_0049,grid,grid_candidate_0049,completed,1,0,20.492815,/home/hzw/Rethinking_GNN_DP/paper_experiments/figure1/search_phase_1/family3/hoa/deepwalk/dataset=cora/feature=deepwalk/feature_dim=200/scale=64/deepwalk_walk_length=40/deepwalk_number_walks=20/deepwalk_window_size=5/deepwalk_workers=20/deepwalk_undirected=true/mechanism=mbm/x_eps=inf/m=best/norm=false/smoother=hoa/backbone=sage/use_nfr=false/logs/grid_candidate_0049_attempt_1.log,
grid_candidate_0040,grid,grid_candidate_0040,completed,1,0,21.702092,/home/hzw/Rethinking_GNN_DP/paper_experiments/figure1/search_phase_1/family3/hoa/deepwalk/dataset=cora/feature=deepwalk/feature_dim=200/scale=64/deepwalk_walk_length=40/deepwalk_number_walks=20/deepwalk_window_size=5/deepwalk_workers=20/deepwalk_undirected=true/mechanism=mbm/x_eps=inf/m=best/norm=false/smoother=hoa/backbone=sage/use_nfr=false/logs/grid_candidate_0040_attempt_1.log,
grid_candidate_0046,grid,grid_candidate_0046,completed,1,0,21.256470,/home/hzw/Rethinking_GNN_DP/paper_experiments/figure1/search_phase_1/family3/hoa/deepwalk/dataset=cora/feature=deepwalk/feature_dim=200/scale=64/deepwalk_walk_length=40/deepwalk_number_walks=20/deepwalk_window_size=5/deepwalk_workers=20/deepwalk_undirected=true/mechanism=mbm/x_eps=inf/m=best/norm=false/smoother=hoa/backbone=sage/use_nfr=false/logs/grid_candidate_0046_attempt_1.log,
grid_candidate_0050,grid,grid_candidate_0050,completed,1,0,20.934521,/home/hzw/Rethinking_GNN_DP/paper_experiments/figure1/search_phase_1/family3/hoa/deepwalk/dataset=cora/feature=deepwalk/feature_dim=200/scale=64/deepwalk_walk_length=40/deepwalk_number_walks=20/deepwalk_window_size=5/deepwalk_workers=20/deepwalk_undirected=true/mechanism=mbm/x_eps=inf/m=best/norm=false/smoother=hoa/backbone=sage/use_nfr=false/logs/grid_candidate_0050_attempt_1.log,
grid_candidate_0065,grid,grid_candidate_0065,completed,1,0,19.124889,/home/hzw/Rethinking_GNN_DP/paper_experiments/figure1/search_phase_1/family3/hoa/deepwalk/dataset=cora/feature=deepwalk/feature_dim=200/scale=64/deepwalk_walk_length=40/deepwalk_number_walks=20/deepwalk_window_size=5/deepwalk_workers=20/deepwalk_undirected=true/mechanism=mbm/x_eps=inf/m=best/norm=false/smoother=hoa/backbone=sage/use_nfr=false/logs/grid_candidate_0065_attempt_1.log,
grid_candidate_0051,grid,grid_candidate_0051,completed,1,0,21.384562,/home/hzw/Rethinking_GNN_DP/paper_experiments/figure1/search_phase_1/family3/hoa/deepwalk/dataset=cora/feature=deepwalk/feature_dim=200/scale=64/deepwalk_walk_length=40/deepwalk_number_walks=20/deepwalk_window_size=5/deepwalk_workers=20/deepwalk_undirected=true/mechanism=mbm/x_eps=inf/m=best/norm=false/smoother=hoa/backbone=sage/use_nfr=false/logs/grid_candidate_0051_attempt_1.log,
grid_candidate_0056,grid,grid_candidate_0056,completed,1,0,20.855348,/home/hzw/Rethinking_GNN_DP/paper_experiments/figure1/search_phase_1/family3/hoa/deepwalk/dataset=cora/feature=deepwalk/feature_dim=200/scale=64/deepwalk_walk_length=40/deepwalk_number_walks=20/deepwalk_window_size=5/deepwalk_workers=20/deepwalk_undirected=true/mechanism=mbm/x_eps=inf/m=best/norm=false/smoother=hoa/backbone=sage/use_nfr=false/logs/grid_candidate_0056_attempt_1.log,
grid_candidate_0057,grid,grid_candidate_0057,completed,1,0,20.961021,/home/hzw/Rethinking_GNN_DP/paper_experiments/figure1/search_phase_1/family3/hoa/deepwalk/dataset=cora/feature=deepwalk/feature_dim=200/scale=64/deepwalk_walk_length=40/deepwalk_number_walks=20/deepwalk_window_size=5/deepwalk_workers=20/deepwalk_undirected=true/mechanism=mbm/x_eps=inf/m=best/norm=false/smoother=hoa/backbone=sage/use_nfr=false/logs/grid_candidate_0057_attempt_1.log,
grid_candidate_0060,grid,grid_candidate_0060,completed,1,0,20.650202,/home/hzw/Rethinking_GNN_DP/paper_experiments/figure1/search_phase_1/family3/hoa/deepwalk/dataset=cora/feature=deepwalk/feature_dim=200/scale=64/deepwalk_walk_length=40/deepwalk_number_walks=20/deepwalk_window_size=5/deepwalk_workers=20/deepwalk_undirected=true/mechanism=mbm/x_eps=inf/m=best/norm=false/smoother=hoa/backbone=sage/use_nfr=false/logs/grid_candidate_0060_attempt_1.log,
grid_candidate_0063,grid,grid_candidate_0063,completed,1,0,20.229706,/home/hzw/Rethinking_GNN_DP/paper_experiments/figure1/search_phase_1/family3/hoa/deepwalk/dataset=cora/feature=deepwalk/feature_dim=200/scale=64/deepwalk_walk_length=40/deepwalk_number_walks=20/deepwalk_window_size=5/deepwalk_workers=20/deepwalk_undirected=true/mechanism=mbm/x_eps=inf/m=best/norm=false/smoother=hoa/backbone=sage/use_nfr=false/logs/grid_candidate_0063_attempt_1.log,
grid_candidate_0064,grid,grid_candidate_0064,completed,1,0,20.129094,/home/hzw/Rethinking_GNN_DP/paper_experiments/figure1/search_phase_1/family3/hoa/deepwalk/dataset=cora/feature=deepwalk/feature_dim=200/scale=64/deepwalk_walk_length=40/deepwalk_number_walks=20/deepwalk_window_size=5/deepwalk_workers=20/deepwalk_undirected=true/mechanism=mbm/x_eps=inf/m=best/norm=false/smoother=hoa/backbone=sage/use_nfr=false/logs/grid_candidate_0064_attempt_1.log,
grid_candidate_0054,grid,grid_candidate_0054,completed,1,0,21.686284,/home/hzw/Rethinking_GNN_DP/paper_experiments/figure1/search_phase_1/family3/hoa/deepwalk/dataset=cora/feature=deepwalk/feature_dim=200/scale=64/deepwalk_walk_length=40/deepwalk_number_walks=20/deepwalk_window_size=5/deepwalk_workers=20/deepwalk_undirected=true/mechanism=mbm/x_eps=inf/m=best/norm=false/smoother=hoa/backbone=sage/use_nfr=false/logs/grid_candidate_0054_attempt_1.log,
grid_candidate_0061,grid,grid_candidate_0061,completed,1,0,20.963582,/home/hzw/Rethinking_GNN_DP/paper_experiments/figure1/search_phase_1/family3/hoa/deepwalk/dataset=cora/feature=deepwalk/feature_dim=200/scale=64/deepwalk_walk_length=40/deepwalk_number_walks=20/deepwalk_window_size=5/deepwalk_workers=20/deepwalk_undirected=true/mechanism=mbm/x_eps=inf/m=best/norm=false/smoother=hoa/backbone=sage/use_nfr=false/logs/grid_candidate_0061_attempt_1.log,
grid_candidate_0066,grid,grid_candidate_0066,completed,1,0,16.590877,/home/hzw/Rethinking_GNN_DP/paper_experiments/figure1/search_phase_1/family3/hoa/deepwalk/dataset=cora/feature=deepwalk/feature_dim=200/scale=64/deepwalk_walk_length=40/deepwalk_number_walks=20/deepwalk_window_size=5/deepwalk_workers=20/deepwalk_undirected=true/mechanism=mbm/x_eps=inf/m=best/norm=false/smoother=hoa/backbone=sage/use_nfr=false/logs/grid_candidate_0066_attempt_1.log,
grid_candidate_0058,grid,grid_candidate_0058,completed,1,0,21.691573,/home/hzw/Rethinking_GNN_DP/paper_experiments/figure1/search_phase_1/family3/hoa/deepwalk/dataset=cora/feature=deepwalk/feature_dim=200/scale=64/deepwalk_walk_length=40/deepwalk_number_walks=20/deepwalk_window_size=5/deepwalk_workers=20/deepwalk_undirected=true/mechanism=mbm/x_eps=inf/m=best/norm=false/smoother=hoa/backbone=sage/use_nfr=false/logs/grid_candidate_0058_attempt_1.log,
grid_candidate_0062,grid,grid_candidate_0062,completed,1,0,21.280197,/home/hzw/Rethinking_GNN_DP/paper_experiments/figure1/search_phase_1/family3/hoa/deepwalk/dataset=cora/feature=deepwalk/feature_dim=200/scale=64/deepwalk_walk_length=40/deepwalk_number_walks=20/deepwalk_window_size=5/deepwalk_workers=20/deepwalk_undirected=true/mechanism=mbm/x_eps=inf/m=best/norm=false/smoother=hoa/backbone=sage/use_nfr=false/logs/grid_candidate_0062_attempt_1.log,
grid_candidate_0067,grid,grid_candidate_0067,completed,1,0,16.543650,/home/hzw/Rethinking_GNN_DP/paper_experiments/figure1/search_phase_1/family3/hoa/deepwalk/dataset=cora/feature=deepwalk/feature_dim=200/scale=64/deepwalk_walk_length=40/deepwalk_number_walks=20/deepwalk_window_size=5/deepwalk_workers=20/deepwalk_undirected=true/mechanism=mbm/x_eps=inf/m=best/norm=false/smoother=hoa/backbone=sage/use_nfr=false/logs/grid_candidate_0067_attempt_1.log,
grid_candidate_0068,grid,grid_candidate_0068,completed,1,0,17.850436,/home/hzw/Rethinking_GNN_DP/paper_experiments/figure1/search_phase_1/family3/hoa/deepwalk/dataset=cora/feature=deepwalk/feature_dim=200/scale=64/deepwalk_walk_length=40/deepwalk_number_walks=20/deepwalk_window_size=5/deepwalk_workers=20/deepwalk_undirected=true/mechanism=mbm/x_eps=inf/m=best/norm=false/smoother=hoa/backbone=sage/use_nfr=false/logs/grid_candidate_0068_attempt_1.log,
grid_candidate_0069,grid,grid_candidate_0069,completed,1,0,17.083067,/home/hzw/Rethinking_GNN_DP/paper_experiments/figure1/search_phase_1/family3/hoa/deepwalk/dataset=cora/feature=deepwalk/feature_dim=200/scale=64/deepwalk_walk_length=40/deepwalk_number_walks=20/deepwalk_window_size=5/deepwalk_workers=20/deepwalk_undirected=true/mechanism=mbm/x_eps=inf/m=best/norm=false/smoother=hoa/backbone=sage/use_nfr=false/logs/grid_candidate_0069_attempt_1.log,
grid_candidate_0073,grid,grid_candidate_0073,completed,1,0,15.873446,/home/hzw/Rethinking_GNN_DP/paper_experiments/figure1/search_phase_1/family3/hoa/deepwalk/dataset=cora/feature=deepwalk/feature_dim=200/scale=64/deepwalk_walk_length=40/deepwalk_number_walks=20/deepwalk_window_size=5/deepwalk_workers=20/deepwalk_undirected=true/mechanism=mbm/x_eps=inf/m=best/norm=false/smoother=hoa/backbone=sage/use_nfr=false/logs/grid_candidate_0073_attempt_1.log,
grid_candidate_0070,grid,grid_candidate_0070,completed,1,0,17.642216,/home/hzw/Rethinking_GNN_DP/paper_experiments/figure1/search_phase_1/family3/hoa/deepwalk/dataset=cora/feature=deepwalk/feature_dim=200/scale=64/deepwalk_walk_length=40/deepwalk_number_walks=20/deepwalk_window_size=5/deepwalk_workers=20/deepwalk_undirected=true/mechanism=mbm/x_eps=inf/m=best/norm=false/smoother=hoa/backbone=sage/use_nfr=false/logs/grid_candidate_0070_attempt_1.log,
grid_candidate_0071,grid,grid_candidate_0071,completed,1,0,17.575254,/home/hzw/Rethinking_GNN_DP/paper_experiments/figure1/search_phase_1/family3/hoa/deepwalk/dataset=cora/feature=deepwalk/feature_dim=200/scale=64/deepwalk_walk_length=40/deepwalk_number_walks=20/deepwalk_window_size=5/deepwalk_workers=20/deepwalk_undirected=true/mechanism=mbm/x_eps=inf/m=best/norm=false/smoother=hoa/backbone=sage/use_nfr=false/logs/grid_candidate_0071_attempt_1.log,
grid_candidate_0074,grid,grid_candidate_0074,completed,1,0,17.515677,/home/hzw/Rethinking_GNN_DP/paper_experiments/figure1/search_phase_1/family3/hoa/deepwalk/dataset=cora/feature=deepwalk/feature_dim=200/scale=64/deepwalk_walk_length=40/deepwalk_number_walks=20/deepwalk_window_size=5/deepwalk_workers=20/deepwalk_undirected=true/mechanism=mbm/x_eps=inf/m=best/norm=false/smoother=hoa/backbone=sage/use_nfr=false/logs/grid_candidate_0074_attempt_1.log,
grid_candidate_0072,grid,grid_candidate_0072,completed,1,0,18.059931,/home/hzw/Rethinking_GNN_DP/paper_experiments/figure1/search_phase_1/family3/hoa/deepwalk/dataset=cora/feature=deepwalk/feature_dim=200/scale=64/deepwalk_walk_length=40/deepwalk_number_walks=20/deepwalk_window_size=5/deepwalk_workers=20/deepwalk_undirected=true/mechanism=mbm/x_eps=inf/m=best/norm=false/smoother=hoa/backbone=sage/use_nfr=false/logs/grid_candidate_0072_attempt_1.log,
grid_candidate_0080,grid,grid_candidate_0080,completed,1,0,18.336629,/home/hzw/Rethinking_GNN_DP/paper_experiments/figure1/search_phase_1/family3/hoa/deepwalk/dataset=cora/feature=deepwalk/feature_dim=200/scale=64/deepwalk_walk_length=40/deepwalk_number_walks=20/deepwalk_window_size=5/deepwalk_workers=20/deepwalk_undirected=true/mechanism=mbm/x_eps=inf/m=best/norm=false/smoother=hoa/backbone=sage/use_nfr=false/logs/grid_candidate_0080_attempt_1.log,
grid_candidate_0081,grid,grid_candidate_0081,completed,1,0,18.073703,/home/hzw/Rethinking_GNN_DP/paper_experiments/figure1/search_phase_1/family3/hoa/deepwalk/dataset=cora/feature=deepwalk/feature_dim=200/scale=64/deepwalk_walk_length=40/deepwalk_number_walks=20/deepwalk_window_size=5/deepwalk_workers=20/deepwalk_undirected=true/mechanism=mbm/x_eps=inf/m=best/norm=false/smoother=hoa/backbone=sage/use_nfr=false/logs/grid_candidate_0081_attempt_1.log,
grid_candidate_0079,grid,grid_candidate_0079,completed,1,0,19.614204,/home/hzw/Rethinking_GNN_DP/paper_experiments/figure1/search_phase_1/family3/hoa/deepwalk/dataset=cora/feature=deepwalk/feature_dim=200/scale=64/deepwalk_walk_length=40/deepwalk_number_walks=20/deepwalk_window_size=5/deepwalk_workers=20/deepwalk_undirected=true/mechanism=mbm/x_eps=inf/m=best/norm=false/smoother=hoa/backbone=sage/use_nfr=false/logs/grid_candidate_0079_attempt_1.log,
grid_candidate_0078,grid,grid_candidate_0078,completed,1,0,19.933182,/home/hzw/Rethinking_GNN_DP/paper_experiments/figure1/search_phase_1/family3/hoa/deepwalk/dataset=cora/feature=deepwalk/feature_dim=200/scale=64/deepwalk_walk_length=40/deepwalk_number_walks=20/deepwalk_window_size=5/deepwalk_workers=20/deepwalk_undirected=true/mechanism=mbm/x_eps=inf/m=best/norm=false/smoother=hoa/backbone=sage/use_nfr=false/logs/grid_candidate_0078_attempt_1.log,
grid_candidate_0082,grid,grid_candidate_0082,completed,1,0,16.955980,/home/hzw/Rethinking_GNN_DP/paper_experiments/figure1/search_phase_1/family3/hoa/deepwalk/dataset=cora/feature=deepwalk/feature_dim=200/scale=64/deepwalk_walk_length=40/deepwalk_number_walks=20/deepwalk_window_size=5/deepwalk_workers=20/deepwalk_undirected=true/mechanism=mbm/x_eps=inf/m=best/norm=false/smoother=hoa/backbone=sage/use_nfr=false/logs/grid_candidate_0082_attempt_1.log,
grid_candidate_0076,grid,grid_candidate_0076,completed,1,0,21.230897,/home/hzw/Rethinking_GNN_DP/paper_experiments/figure1/search_phase_1/family3/hoa/deepwalk/dataset=cora/feature=deepwalk/feature_dim=200/scale=64/deepwalk_walk_length=40/deepwalk_number_walks=20/deepwalk_window_size=5/deepwalk_workers=20/deepwalk_undirected=true/mechanism=mbm/x_eps=inf/m=best/norm=false/smoother=hoa/backbone=sage/use_nfr=false/logs/grid_candidate_0076_attempt_1.log,
grid_candidate_0075,grid,grid_candidate_0075,completed,1,0,21.766978,/home/hzw/Rethinking_GNN_DP/paper_experiments/figure1/search_phase_1/family3/hoa/deepwalk/dataset=cora/feature=deepwalk/feature_dim=200/scale=64/deepwalk_walk_length=40/deepwalk_number_walks=20/deepwalk_window_size=5/deepwalk_workers=20/deepwalk_undirected=true/mechanism=mbm/x_eps=inf/m=best/norm=false/smoother=hoa/backbone=sage/use_nfr=false/logs/grid_candidate_0075_attempt_1.log,
grid_candidate_0084,grid,grid_candidate_0084,completed,1,0,15.236511,/home/hzw/Rethinking_GNN_DP/paper_experiments/figure1/search_phase_1/family3/hoa/deepwalk/dataset=cora/feature=deepwalk/feature_dim=200/scale=64/deepwalk_walk_length=40/deepwalk_number_walks=20/deepwalk_window_size=5/deepwalk_workers=20/deepwalk_undirected=true/mechanism=mbm/x_eps=inf/m=best/norm=false/smoother=hoa/backbone=sage/use_nfr=false/logs/grid_candidate_0084_attempt_1.log,
grid_candidate_0077,grid,grid_candidate_0077,completed,1,0,21.675121,/home/hzw/Rethinking_GNN_DP/paper_experiments/figure1/search_phase_1/family3/hoa/deepwalk/dataset=cora/feature=deepwalk/feature_dim=200/scale=64/deepwalk_walk_length=40/deepwalk_number_walks=20/deepwalk_window_size=5/deepwalk_workers=20/deepwalk_undirected=true/mechanism=mbm/x_eps=inf/m=best/norm=false/smoother=hoa/backbone=sage/use_nfr=false/logs/grid_candidate_0077_attempt_1.log,
grid_candidate_0083,grid,grid_candidate_0083,completed,1,0,16.842797,/home/hzw/Rethinking_GNN_DP/paper_experiments/figure1/search_phase_1/family3/hoa/deepwalk/dataset=cora/feature=deepwalk/feature_dim=200/scale=64/deepwalk_walk_length=40/deepwalk_number_walks=20/deepwalk_window_size=5/deepwalk_workers=20/deepwalk_undirected=true/mechanism=mbm/x_eps=inf/m=best/norm=false/smoother=hoa/backbone=sage/use_nfr=false/logs/grid_candidate_0083_attempt_1.log,
grid_candidate_0085,grid,grid_candidate_0085,completed,1,0,16.606261,/home/hzw/Rethinking_GNN_DP/paper_experiments/figure1/search_phase_1/family3/hoa/deepwalk/dataset=cora/feature=deepwalk/feature_dim=200/scale=64/deepwalk_walk_length=40/deepwalk_number_walks=20/deepwalk_window_size=5/deepwalk_workers=20/deepwalk_undirected=true/mechanism=mbm/x_eps=inf/m=best/norm=false/smoother=hoa/backbone=sage/use_nfr=false/logs/grid_candidate_0085_attempt_1.log,
grid_candidate_0086,grid,grid_candidate_0086,completed,1,0,17.110081,/home/hzw/Rethinking_GNN_DP/paper_experiments/figure1/search_phase_1/family3/hoa/deepwalk/dataset=cora/feature=deepwalk/feature_dim=200/scale=64/deepwalk_walk_length=40/deepwalk_number_walks=20/deepwalk_window_size=5/deepwalk_workers=20/deepwalk_undirected=true/mechanism=mbm/x_eps=inf/m=best/norm=false/smoother=hoa/backbone=sage/use_nfr=false/logs/grid_candidate_0086_attempt_1.log,
grid_candidate_0087,grid,grid_candidate_0087,completed,1,0,17.811424,/home/hzw/Rethinking_GNN_DP/paper_experiments/figure1/search_phase_1/family3/hoa/deepwalk/dataset=cora/feature=deepwalk/feature_dim=200/scale=64/deepwalk_walk_length=40/deepwalk_number_walks=20/deepwalk_window_size=5/deepwalk_workers=20/deepwalk_undirected=true/mechanism=mbm/x_eps=inf/m=best/norm=false/smoother=hoa/backbone=sage/use_nfr=false/logs/grid_candidate_0087_attempt_1.log,
grid_candidate_0088,grid,grid_candidate_0088,completed,1,0,18.433849,/home/hzw/Rethinking_GNN_DP/paper_experiments/figure1/search_phase_1/family3/hoa/deepwalk/dataset=cora/feature=deepwalk/feature_dim=200/scale=64/deepwalk_walk_length=40/deepwalk_number_walks=20/deepwalk_window_size=5/deepwalk_workers=20/deepwalk_undirected=true/mechanism=mbm/x_eps=inf/m=best/norm=false/smoother=hoa/backbone=sage/use_nfr=false/logs/grid_candidate_0088_attempt_1.log,
grid_candidate_0099,grid,grid_candidate_0099,completed,1,0,17.819555,/home/hzw/Rethinking_GNN_DP/paper_experiments/figure1/search_phase_1/family3/hoa/deepwalk/dataset=cora/feature=deepwalk/feature_dim=200/scale=64/deepwalk_walk_length=40/deepwalk_number_walks=20/deepwalk_window_size=5/deepwalk_workers=20/deepwalk_undirected=true/mechanism=mbm/x_eps=inf/m=best/norm=false/smoother=hoa/backbone=sage/use_nfr=false/logs/grid_candidate_0099_attempt_1.log,
grid_candidate_0091,grid,grid_candidate_0091,completed,1,0,18.789043,/home/hzw/Rethinking_GNN_DP/paper_experiments/figure1/search_phase_1/family3/hoa/deepwalk/dataset=cora/feature=deepwalk/feature_dim=200/scale=64/deepwalk_walk_length=40/deepwalk_number_walks=20/deepwalk_window_size=5/deepwalk_workers=20/deepwalk_undirected=true/mechanism=mbm/x_eps=inf/m=best/norm=false/smoother=hoa/backbone=sage/use_nfr=false/logs/grid_candidate_0091_attempt_1.log,
grid_candidate_0111,grid,grid_candidate_0111,completed,1,0,15.398632,/home/hzw/Rethinking_GNN_DP/paper_experiments/figure1/search_phase_1/family3/hoa/deepwalk/dataset=cora/feature=deepwalk/feature_dim=200/scale=64/deepwalk_walk_length=40/deepwalk_number_walks=20/deepwalk_window_size=5/deepwalk_workers=20/deepwalk_undirected=true/mechanism=mbm/x_eps=inf/m=best/norm=false/smoother=hoa/backbone=sage/use_nfr=false/logs/grid_candidate_0111_attempt_1.log,
grid_candidate_0109,grid,grid_candidate_0109,completed,1,0,17.022785,/home/hzw/Rethinking_GNN_DP/paper_experiments/figure1/search_phase_1/family3/hoa/deepwalk/dataset=cora/feature=deepwalk/feature_dim=200/scale=64/deepwalk_walk_length=40/deepwalk_number_walks=20/deepwalk_window_size=5/deepwalk_workers=20/deepwalk_undirected=true/mechanism=mbm/x_eps=inf/m=best/norm=false/smoother=hoa/backbone=sage/use_nfr=false/logs/grid_candidate_0109_attempt_1.log,
grid_candidate_0089,grid,grid_candidate_0089,completed,1,0,21.375979,/home/hzw/Rethinking_GNN_DP/paper_experiments/figure1/search_phase_1/family3/hoa/deepwalk/dataset=cora/feature=deepwalk/feature_dim=200/scale=64/deepwalk_walk_length=40/deepwalk_number_walks=20/deepwalk_window_size=5/deepwalk_workers=20/deepwalk_undirected=true/mechanism=mbm/x_eps=inf/m=best/norm=false/smoother=hoa/backbone=sage/use_nfr=false/logs/grid_candidate_0089_attempt_1.log,
grid_candidate_0112,grid,grid_candidate_0112,completed,1,0,15.674326,/home/hzw/Rethinking_GNN_DP/paper_experiments/figure1/search_phase_1/family3/hoa/deepwalk/dataset=cora/feature=deepwalk/feature_dim=200/scale=64/deepwalk_walk_length=40/deepwalk_number_walks=20/deepwalk_window_size=5/deepwalk_workers=20/deepwalk_undirected=true/mechanism=mbm/x_eps=inf/m=best/norm=false/smoother=hoa/backbone=sage/use_nfr=false/logs/grid_candidate_0112_attempt_1.log,
grid_candidate_0107,grid,grid_candidate_0107,completed,1,0,18.164962,/home/hzw/Rethinking_GNN_DP/paper_experiments/figure1/search_phase_1/family3/hoa/deepwalk/dataset=cora/feature=deepwalk/feature_dim=200/scale=64/deepwalk_walk_length=40/deepwalk_number_walks=20/deepwalk_window_size=5/deepwalk_workers=20/deepwalk_undirected=true/mechanism=mbm/x_eps=inf/m=best/norm=false/smoother=hoa/backbone=sage/use_nfr=false/logs/grid_candidate_0107_attempt_1.log,
grid_candidate_0094,grid,grid_candidate_0094,completed,1,0,20.924883,/home/hzw/Rethinking_GNN_DP/paper_experiments/figure1/search_phase_1/family3/hoa/deepwalk/dataset=cora/feature=deepwalk/feature_dim=200/scale=64/deepwalk_walk_length=40/deepwalk_number_walks=20/deepwalk_window_size=5/deepwalk_workers=20/deepwalk_undirected=true/mechanism=mbm/x_eps=inf/m=best/norm=false/smoother=hoa/backbone=sage/use_nfr=false/logs/grid_candidate_0094_attempt_1.log,
grid_candidate_0092,grid,grid_candidate_0092,completed,1,0,21.372222,/home/hzw/Rethinking_GNN_DP/paper_experiments/figure1/search_phase_1/family3/hoa/deepwalk/dataset=cora/feature=deepwalk/feature_dim=200/scale=64/deepwalk_walk_length=40/deepwalk_number_walks=20/deepwalk_window_size=5/deepwalk_workers=20/deepwalk_undirected=true/mechanism=mbm/x_eps=inf/m=best/norm=false/smoother=hoa/backbone=sage/use_nfr=false/logs/grid_candidate_0092_attempt_1.log,
grid_candidate_0102,grid,grid_candidate_0102,completed,1,0,20.325072,/home/hzw/Rethinking_GNN_DP/paper_experiments/figure1/search_phase_1/family3/hoa/deepwalk/dataset=cora/feature=deepwalk/feature_dim=200/scale=64/deepwalk_walk_length=40/deepwalk_number_walks=20/deepwalk_window_size=5/deepwalk_workers=20/deepwalk_undirected=true/mechanism=mbm/x_eps=inf/m=best/norm=false/smoother=hoa/backbone=sage/use_nfr=false/logs/grid_candidate_0102_attempt_1.log,
grid_candidate_0096,grid,grid_candidate_0096,completed,1,0,21.164764,/home/hzw/Rethinking_GNN_DP/paper_experiments/figure1/search_phase_1/family3/hoa/deepwalk/dataset=cora/feature=deepwalk/feature_dim=200/scale=64/deepwalk_walk_length=40/deepwalk_number_walks=20/deepwalk_window_size=5/deepwalk_workers=20/deepwalk_undirected=true/mechanism=mbm/x_eps=inf/m=best/norm=false/smoother=hoa/backbone=sage/use_nfr=false/logs/grid_candidate_0096_attempt_1.log,
grid_candidate_0097,grid,grid_candidate_0097,completed,1,0,21.174213,/home/hzw/Rethinking_GNN_DP/paper_experiments/figure1/search_phase_1/family3/hoa/deepwalk/dataset=cora/feature=deepwalk/feature_dim=200/scale=64/deepwalk_walk_length=40/deepwalk_number_walks=20/deepwalk_window_size=5/deepwalk_workers=20/deepwalk_undirected=true/mechanism=mbm/x_eps=inf/m=best/norm=false/smoother=hoa/backbone=sage/use_nfr=false/logs/grid_candidate_0097_attempt_1.log,
grid_candidate_0110,grid,grid_candidate_0110,completed,1,0,17.491235,/home/hzw/Rethinking_GNN_DP/paper_experiments/figure1/search_phase_1/family3/hoa/deepwalk/dataset=cora/feature=deepwalk/feature_dim=200/scale=64/deepwalk_walk_length=40/deepwalk_number_walks=20/deepwalk_window_size=5/deepwalk_workers=20/deepwalk_undirected=true/mechanism=mbm/x_eps=inf/m=best/norm=false/smoother=hoa/backbone=sage/use_nfr=false/logs/grid_candidate_0110_attempt_1.log,
grid_candidate_0101,grid,grid_candidate_0101,completed,1,0,20.986590,/home/hzw/Rethinking_GNN_DP/paper_experiments/figure1/search_phase_1/family3/hoa/deepwalk/dataset=cora/feature=deepwalk/feature_dim=200/scale=64/deepwalk_walk_length=40/deepwalk_number_walks=20/deepwalk_window_size=5/deepwalk_workers=20/deepwalk_undirected=true/mechanism=mbm/x_eps=inf/m=best/norm=false/smoother=hoa/backbone=sage/use_nfr=false/logs/grid_candidate_0101_attempt_1.log,
grid_candidate_0093,grid,grid_candidate_0093,completed,1,0,21.934503,/home/hzw/Rethinking_GNN_DP/paper_experiments/figure1/search_phase_1/family3/hoa/deepwalk/dataset=cora/feature=deepwalk/feature_dim=200/scale=64/deepwalk_walk_length=40/deepwalk_number_walks=20/deepwalk_window_size=5/deepwalk_workers=20/deepwalk_undirected=true/mechanism=mbm/x_eps=inf/m=best/norm=false/smoother=hoa/backbone=sage/use_nfr=false/logs/grid_candidate_0093_attempt_1.log,
grid_candidate_0114,grid,grid_candidate_0114,completed,1,0,15.427737,/home/hzw/Rethinking_GNN_DP/paper_experiments/figure1/search_phase_1/family3/hoa/deepwalk/dataset=cora/feature=deepwalk/feature_dim=200/scale=64/deepwalk_walk_length=40/deepwalk_number_walks=20/deepwalk_window_size=5/deepwalk_workers=20/deepwalk_undirected=true/mechanism=mbm/x_eps=inf/m=best/norm=false/smoother=hoa/backbone=sage/use_nfr=false/logs/grid_candidate_0114_attempt_1.log,
grid_candidate_0095,grid,grid_candidate_0095,completed,1,0,21.935706,/home/hzw/Rethinking_GNN_DP/paper_experiments/figure1/search_phase_1/family3/hoa/deepwalk/dataset=cora/feature=deepwalk/feature_dim=200/scale=64/deepwalk_walk_length=40/deepwalk_number_walks=20/deepwalk_window_size=5/deepwalk_workers=20/deepwalk_undirected=true/mechanism=mbm/x_eps=inf/m=best/norm=false/smoother=hoa/backbone=sage/use_nfr=false/logs/grid_candidate_0095_attempt_1.log,
grid_candidate_0100,grid,grid_candidate_0100,completed,1,0,21.421379,/home/hzw/Rethinking_GNN_DP/paper_experiments/figure1/search_phase_1/family3/hoa/deepwalk/dataset=cora/feature=deepwalk/feature_dim=200/scale=64/deepwalk_walk_length=40/deepwalk_number_walks=20/deepwalk_window_size=5/deepwalk_workers=20/deepwalk_undirected=true/mechanism=mbm/x_eps=inf/m=best/norm=false/smoother=hoa/backbone=sage/use_nfr=false/logs/grid_candidate_0100_attempt_1.log,
grid_candidate_0090,grid,grid_candidate_0090,completed,1,0,22.814828,/home/hzw/Rethinking_GNN_DP/paper_experiments/figure1/search_phase_1/family3/hoa/deepwalk/dataset=cora/feature=deepwalk/feature_dim=200/scale=64/deepwalk_walk_length=40/deepwalk_number_walks=20/deepwalk_window_size=5/deepwalk_workers=20/deepwalk_undirected=true/mechanism=mbm/x_eps=inf/m=best/norm=false/smoother=hoa/backbone=sage/use_nfr=false/logs/grid_candidate_0090_attempt_1.log,
grid_candidate_0098,grid,grid_candidate_0098,completed,1,0,21.838661,/home/hzw/Rethinking_GNN_DP/paper_experiments/figure1/search_phase_1/family3/hoa/deepwalk/dataset=cora/feature=deepwalk/feature_dim=200/scale=64/deepwalk_walk_length=40/deepwalk_number_walks=20/deepwalk_window_size=5/deepwalk_workers=20/deepwalk_undirected=true/mechanism=mbm/x_eps=inf/m=best/norm=false/smoother=hoa/backbone=sage/use_nfr=false/logs/grid_candidate_0098_attempt_1.log,
grid_candidate_0103,grid,grid_candidate_0103,completed,1,0,21.320413,/home/hzw/Rethinking_GNN_DP/paper_experiments/figure1/search_phase_1/family3/hoa/deepwalk/dataset=cora/feature=deepwalk/feature_dim=200/scale=64/deepwalk_walk_length=40/deepwalk_number_walks=20/deepwalk_window_size=5/deepwalk_workers=20/deepwalk_undirected=true/mechanism=mbm/x_eps=inf/m=best/norm=false/smoother=hoa/backbone=sage/use_nfr=false/logs/grid_candidate_0103_attempt_1.log,
grid_candidate_0108,grid,grid_candidate_0108,completed,1,0,19.346033,/home/hzw/Rethinking_GNN_DP/paper_experiments/figure1/search_phase_1/family3/hoa/deepwalk/dataset=cora/feature=deepwalk/feature_dim=200/scale=64/deepwalk_walk_length=40/deepwalk_number_walks=20/deepwalk_window_size=5/deepwalk_workers=20/deepwalk_undirected=true/mechanism=mbm/x_eps=inf/m=best/norm=false/smoother=hoa/backbone=sage/use_nfr=false/logs/grid_candidate_0108_attempt_1.log,
grid_candidate_0104,grid,grid_candidate_0104,completed,1,0,21.631818,/home/hzw/Rethinking_GNN_DP/paper_experiments/figure1/search_phase_1/family3/hoa/deepwalk/dataset=cora/feature=deepwalk/feature_dim=200/scale=64/deepwalk_walk_length=40/deepwalk_number_walks=20/deepwalk_window_size=5/deepwalk_workers=20/deepwalk_undirected=true/mechanism=mbm/x_eps=inf/m=best/norm=false/smoother=hoa/backbone=sage/use_nfr=false/logs/grid_candidate_0104_attempt_1.log,
grid_candidate_0105,grid,grid_candidate_0105,completed,1,0,21.531249,/home/hzw/Rethinking_GNN_DP/paper_experiments/figure1/search_phase_1/family3/hoa/deepwalk/dataset=cora/feature=deepwalk/feature_dim=200/scale=64/deepwalk_walk_length=40/deepwalk_number_walks=20/deepwalk_window_size=5/deepwalk_workers=20/deepwalk_undirected=true/mechanism=mbm/x_eps=inf/m=best/norm=false/smoother=hoa/backbone=sage/use_nfr=false/logs/grid_candidate_0105_attempt_1.log,
grid_candidate_0106,grid,grid_candidate_0106,completed,1,0,21.414925,/home/hzw/Rethinking_GNN_DP/paper_experiments/figure1/search_phase_1/family3/hoa/deepwalk/dataset=cora/feature=deepwalk/feature_dim=200/scale=64/deepwalk_walk_length=40/deepwalk_number_walks=20/deepwalk_window_size=5/deepwalk_workers=20/deepwalk_undirected=true/mechanism=mbm/x_eps=inf/m=best/norm=false/smoother=hoa/backbone=sage/use_nfr=false/logs/grid_candidate_0106_attempt_1.log,
grid_candidate_0113,grid,grid_candidate_0113,completed,1,0,17.073209,/home/hzw/Rethinking_GNN_DP/paper_experiments/figure1/search_phase_1/family3/hoa/deepwalk/dataset=cora/feature=deepwalk/feature_dim=200/scale=64/deepwalk_walk_length=40/deepwalk_number_walks=20/deepwalk_window_size=5/deepwalk_workers=20/deepwalk_undirected=true/mechanism=mbm/x_eps=inf/m=best/norm=false/smoother=hoa/backbone=sage/use_nfr=false/logs/grid_candidate_0113_attempt_1.log,
grid_candidate_0116,grid,grid_candidate_0116,completed,1,0,16.106268,/home/hzw/Rethinking_GNN_DP/paper_experiments/figure1/search_phase_1/family3/hoa/deepwalk/dataset=cora/feature=deepwalk/feature_dim=200/scale=64/deepwalk_walk_length=40/deepwalk_number_walks=20/deepwalk_window_size=5/deepwalk_workers=20/deepwalk_undirected=true/mechanism=mbm/x_eps=inf/m=best/norm=false/smoother=hoa/backbone=sage/use_nfr=false/logs/grid_candidate_0116_attempt_1.log,
grid_candidate_0115,grid,grid_candidate_0115,completed,1,0,17.511499,/home/hzw/Rethinking_GNN_DP/paper_experiments/figure1/search_phase_1/family3/hoa/deepwalk/dataset=cora/feature=deepwalk/feature_dim=200/scale=64/deepwalk_walk_length=40/deepwalk_number_walks=20/deepwalk_window_size=5/deepwalk_workers=20/deepwalk_undirected=true/mechanism=mbm/x_eps=inf/m=best/norm=false/smoother=hoa/backbone=sage/use_nfr=false/logs/grid_candidate_0115_attempt_1.log,
grid_candidate_0120,grid,grid_candidate_0120,completed,1,0,15.298584,/home/hzw/Rethinking_GNN_DP/paper_experiments/figure1/search_phase_1/family3/hoa/deepwalk/dataset=cora/feature=deepwalk/feature_dim=200/scale=64/deepwalk_walk_length=40/deepwalk_number_walks=20/deepwalk_window_size=5/deepwalk_workers=20/deepwalk_undirected=true/mechanism=mbm/x_eps=inf/m=best/norm=false/smoother=hoa/backbone=sage/use_nfr=false/logs/grid_candidate_0120_attempt_1.log,
grid_candidate_0117,grid,grid_candidate_0117,completed,1,0,17.428906,/home/hzw/Rethinking_GNN_DP/paper_experiments/figure1/search_phase_1/family3/hoa/deepwalk/dataset=cora/feature=deepwalk/feature_dim=200/scale=64/deepwalk_walk_length=40/deepwalk_number_walks=20/deepwalk_window_size=5/deepwalk_workers=20/deepwalk_undirected=true/mechanism=mbm/x_eps=inf/m=best/norm=false/smoother=hoa/backbone=sage/use_nfr=false/logs/grid_candidate_0117_attempt_1.log,
grid_candidate_0118,grid,grid_candidate_0118,completed,1,0,17.768765,/home/hzw/Rethinking_GNN_DP/paper_experiments/figure1/search_phase_1/family3/hoa/deepwalk/dataset=cora/feature=deepwalk/feature_dim=200/scale=64/deepwalk_walk_length=40/deepwalk_number_walks=20/deepwalk_window_size=5/deepwalk_workers=20/deepwalk_undirected=true/mechanism=mbm/x_eps=inf/m=best/norm=false/smoother=hoa/backbone=sage/use_nfr=false/logs/grid_candidate_0118_attempt_1.log,
grid_candidate_0124,grid,grid_candidate_0124,completed,1,0,17.627883,/home/hzw/Rethinking_GNN_DP/paper_experiments/figure1/search_phase_1/family3/hoa/deepwalk/dataset=cora/feature=deepwalk/feature_dim=200/scale=64/deepwalk_walk_length=40/deepwalk_number_walks=20/deepwalk_window_size=5/deepwalk_workers=20/deepwalk_undirected=true/mechanism=mbm/x_eps=inf/m=best/norm=false/smoother=hoa/backbone=sage/use_nfr=false/logs/grid_candidate_0124_attempt_1.log,
grid_candidate_0123,grid,grid_candidate_0123,completed,1,0,18.111760,/home/hzw/Rethinking_GNN_DP/paper_experiments/figure1/search_phase_1/family3/hoa/deepwalk/dataset=cora/feature=deepwalk/feature_dim=200/scale=64/deepwalk_walk_length=40/deepwalk_number_walks=20/deepwalk_window_size=5/deepwalk_workers=20/deepwalk_undirected=true/mechanism=mbm/x_eps=inf/m=best/norm=false/smoother=hoa/backbone=sage/use_nfr=false/logs/grid_candidate_0123_attempt_1.log,
grid_candidate_0122,grid,grid_candidate_0122,completed,1,0,18.330145,/home/hzw/Rethinking_GNN_DP/paper_experiments/figure1/search_phase_1/family3/hoa/deepwalk/dataset=cora/feature=deepwalk/feature_dim=200/scale=64/deepwalk_walk_length=40/deepwalk_number_walks=20/deepwalk_window_size=5/deepwalk_workers=20/deepwalk_undirected=true/mechanism=mbm/x_eps=inf/m=best/norm=false/smoother=hoa/backbone=sage/use_nfr=false/logs/grid_candidate_0122_attempt_1.log,
grid_candidate_0119,grid,grid_candidate_0119,completed,1,0,19.305330,/home/hzw/Rethinking_GNN_DP/paper_experiments/figure1/search_phase_1/family3/hoa/deepwalk/dataset=cora/feature=deepwalk/feature_dim=200/scale=64/deepwalk_walk_length=40/deepwalk_number_walks=20/deepwalk_window_size=5/deepwalk_workers=20/deepwalk_undirected=true/mechanism=mbm/x_eps=inf/m=best/norm=false/smoother=hoa/backbone=sage/use_nfr=false/logs/grid_candidate_0119_attempt_1.log,
grid_candidate_0121,grid,grid_candidate_0121,completed,1,0,18.577115,/home/hzw/Rethinking_GNN_DP/paper_experiments/figure1/search_phase_1/family3/hoa/deepwalk/dataset=cora/feature=deepwalk/feature_dim=200/scale=64/deepwalk_walk_length=40/deepwalk_number_walks=20/deepwalk_window_size=5/deepwalk_workers=20/deepwalk_undirected=true/mechanism=mbm/x_eps=inf/m=best/norm=false/smoother=hoa/backbone=sage/use_nfr=false/logs/grid_candidate_0121_attempt_1.log,
grid_candidate_0125,grid,grid_candidate_0125,completed,1,0,18.841428,/home/hzw/Rethinking_GNN_DP/paper_experiments/figure1/search_phase_1/family3/hoa/deepwalk/dataset=cora/feature=deepwalk/feature_dim=200/scale=64/deepwalk_walk_length=40/deepwalk_number_walks=20/deepwalk_window_size=5/deepwalk_workers=20/deepwalk_undirected=true/mechanism=mbm/x_eps=inf/m=best/norm=false/smoother=hoa/backbone=sage/use_nfr=false/logs/grid_candidate_0125_attempt_1.log,
grid_candidate_0127,grid,grid_candidate_0127,completed,1,0,19.151377,/home/hzw/Rethinking_GNN_DP/paper_experiments/figure1/search_phase_1/family3/hoa/deepwalk/dataset=cora/feature=deepwalk/feature_dim=200/scale=64/deepwalk_walk_length=40/deepwalk_number_walks=20/deepwalk_window_size=5/deepwalk_workers=20/deepwalk_undirected=true/mechanism=mbm/x_eps=inf/m=best/norm=false/smoother=hoa/backbone=sage/use_nfr=false/logs/grid_candidate_0127_attempt_1.log,
grid_candidate_0138,grid,grid_candidate_0138,completed,1,0,18.761441,/home/hzw/Rethinking_GNN_DP/paper_experiments/figure1/search_phase_1/family3/hoa/deepwalk/dataset=cora/feature=deepwalk/feature_dim=200/scale=64/deepwalk_walk_length=40/deepwalk_number_walks=20/deepwalk_window_size=5/deepwalk_workers=20/deepwalk_undirected=true/mechanism=mbm/x_eps=inf/m=best/norm=false/smoother=hoa/backbone=sage/use_nfr=false/logs/grid_candidate_0138_attempt_1.log,
grid_candidate_0129,grid,grid_candidate_0129,completed,1,0,20.401988,/home/hzw/Rethinking_GNN_DP/paper_experiments/figure1/search_phase_1/family3/hoa/deepwalk/dataset=cora/feature=deepwalk/feature_dim=200/scale=64/deepwalk_walk_length=40/deepwalk_number_walks=20/deepwalk_window_size=5/deepwalk_workers=20/deepwalk_undirected=true/mechanism=mbm/x_eps=inf/m=best/norm=false/smoother=hoa/backbone=sage/use_nfr=false/logs/grid_candidate_0129_attempt_1.log,
grid_candidate_0132,grid,grid_candidate_0132,completed,1,0,20.634528,/home/hzw/Rethinking_GNN_DP/paper_experiments/figure1/search_phase_1/family3/hoa/deepwalk/dataset=cora/feature=deepwalk/feature_dim=200/scale=64/deepwalk_walk_length=40/deepwalk_number_walks=20/deepwalk_window_size=5/deepwalk_workers=20/deepwalk_undirected=true/mechanism=mbm/x_eps=inf/m=best/norm=false/smoother=hoa/backbone=sage/use_nfr=false/logs/grid_candidate_0132_attempt_1.log,
grid_candidate_0130,grid,grid_candidate_0130,completed,1,0,21.068262,/home/hzw/Rethinking_GNN_DP/paper_experiments/figure1/search_phase_1/family3/hoa/deepwalk/dataset=cora/feature=deepwalk/feature_dim=200/scale=64/deepwalk_walk_length=40/deepwalk_number_walks=20/deepwalk_window_size=5/deepwalk_workers=20/deepwalk_undirected=true/mechanism=mbm/x_eps=inf/m=best/norm=false/smoother=hoa/backbone=sage/use_nfr=false/logs/grid_candidate_0130_attempt_1.log,
grid_candidate_0142,grid,grid_candidate_0142,completed,1,0,17.621712,/home/hzw/Rethinking_GNN_DP/paper_experiments/figure1/search_phase_1/family3/hoa/deepwalk/dataset=cora/feature=deepwalk/feature_dim=200/scale=64/deepwalk_walk_length=40/deepwalk_number_walks=20/deepwalk_window_size=5/deepwalk_workers=20/deepwalk_undirected=true/mechanism=mbm/x_eps=inf/m=best/norm=false/smoother=hoa/backbone=sage/use_nfr=false/logs/grid_candidate_0142_attempt_1.log,
grid_candidate_0135,grid,grid_candidate_0135,completed,1,0,21.094412,/home/hzw/Rethinking_GNN_DP/paper_experiments/figure1/search_phase_1/family3/hoa/deepwalk/dataset=cora/feature=deepwalk/feature_dim=200/scale=64/deepwalk_walk_length=40/deepwalk_number_walks=20/deepwalk_window_size=5/deepwalk_workers=20/deepwalk_undirected=true/mechanism=mbm/x_eps=inf/m=best/norm=false/smoother=hoa/backbone=sage/use_nfr=false/logs/grid_candidate_0135_attempt_1.log,
grid_candidate_0145,grid,grid_candidate_0145,completed,1,0,16.249064,/home/hzw/Rethinking_GNN_DP/paper_experiments/figure1/search_phase_1/family3/hoa/deepwalk/dataset=cora/feature=deepwalk/feature_dim=200/scale=64/deepwalk_walk_length=40/deepwalk_number_walks=20/deepwalk_window_size=5/deepwalk_workers=20/deepwalk_undirected=true/mechanism=mbm/x_eps=inf/m=best/norm=false/smoother=hoa/backbone=sage/use_nfr=false/logs/grid_candidate_0145_attempt_1.log,
grid_candidate_0136,grid,grid_candidate_0136,completed,1,0,21.307781,/home/hzw/Rethinking_GNN_DP/paper_experiments/figure1/search_phase_1/family3/hoa/deepwalk/dataset=cora/feature=deepwalk/feature_dim=200/scale=64/deepwalk_walk_length=40/deepwalk_number_walks=20/deepwalk_window_size=5/deepwalk_workers=20/deepwalk_undirected=true/mechanism=mbm/x_eps=inf/m=best/norm=false/smoother=hoa/backbone=sage/use_nfr=false/logs/grid_candidate_0136_attempt_1.log,
grid_candidate_0141,grid,grid_candidate_0141,completed,1,0,18.778191,/home/hzw/Rethinking_GNN_DP/paper_experiments/figure1/search_phase_1/family3/hoa/deepwalk/dataset=cora/feature=deepwalk/feature_dim=200/scale=64/deepwalk_walk_length=40/deepwalk_number_walks=20/deepwalk_window_size=5/deepwalk_workers=20/deepwalk_undirected=true/mechanism=mbm/x_eps=inf/m=best/norm=false/smoother=hoa/backbone=sage/use_nfr=false/logs/grid_candidate_0141_attempt_1.log,
grid_candidate_0143,grid,grid_candidate_0143,completed,1,0,17.916215,/home/hzw/Rethinking_GNN_DP/paper_experiments/figure1/search_phase_1/family3/hoa/deepwalk/dataset=cora/feature=deepwalk/feature_dim=200/scale=64/deepwalk_walk_length=40/deepwalk_number_walks=20/deepwalk_window_size=5/deepwalk_workers=20/deepwalk_undirected=true/mechanism=mbm/x_eps=inf/m=best/norm=false/smoother=hoa/backbone=sage/use_nfr=false/logs/grid_candidate_0143_attempt_1.log,
grid_candidate_0126,grid,grid_candidate_0126,completed,1,0,22.824839,/home/hzw/Rethinking_GNN_DP/paper_experiments/figure1/search_phase_1/family3/hoa/deepwalk/dataset=cora/feature=deepwalk/feature_dim=200/scale=64/deepwalk_walk_length=40/deepwalk_number_walks=20/deepwalk_window_size=5/deepwalk_workers=20/deepwalk_undirected=true/mechanism=mbm/x_eps=inf/m=best/norm=false/smoother=hoa/backbone=sage/use_nfr=false/logs/grid_candidate_0126_attempt_1.log,
grid_candidate_0133,grid,grid_candidate_0133,completed,1,0,21.943542,/home/hzw/Rethinking_GNN_DP/paper_experiments/figure1/search_phase_1/family3/hoa/deepwalk/dataset=cora/feature=deepwalk/feature_dim=200/scale=64/deepwalk_walk_length=40/deepwalk_number_walks=20/deepwalk_window_size=5/deepwalk_workers=20/deepwalk_undirected=true/mechanism=mbm/x_eps=inf/m=best/norm=false/smoother=hoa/backbone=sage/use_nfr=false/logs/grid_candidate_0133_attempt_1.log,
grid_candidate_0137,grid,grid_candidate_0137,completed,1,0,21.523617,/home/hzw/Rethinking_GNN_DP/paper_experiments/figure1/search_phase_1/family3/hoa/deepwalk/dataset=cora/feature=deepwalk/feature_dim=200/scale=64/deepwalk_walk_length=40/deepwalk_number_walks=20/deepwalk_window_size=5/deepwalk_workers=20/deepwalk_undirected=true/mechanism=mbm/x_eps=inf/m=best/norm=false/smoother=hoa/backbone=sage/use_nfr=false/logs/grid_candidate_0137_attempt_1.log,
grid_candidate_0147,grid,grid_candidate_0147,completed,1,0,16.408726,/home/hzw/Rethinking_GNN_DP/paper_experiments/figure1/search_phase_1/family3/hoa/deepwalk/dataset=cora/feature=deepwalk/feature_dim=200/scale=64/deepwalk_walk_length=40/deepwalk_number_walks=20/deepwalk_window_size=5/deepwalk_workers=20/deepwalk_undirected=true/mechanism=mbm/x_eps=inf/m=best/norm=false/smoother=hoa/backbone=sage/use_nfr=false/logs/grid_candidate_0147_attempt_1.log,
grid_candidate_0128,grid,grid_candidate_0128,completed,1,0,22.899703,/home/hzw/Rethinking_GNN_DP/paper_experiments/figure1/search_phase_1/family3/hoa/deepwalk/dataset=cora/feature=deepwalk/feature_dim=200/scale=64/deepwalk_walk_length=40/deepwalk_number_walks=20/deepwalk_window_size=5/deepwalk_workers=20/deepwalk_undirected=true/mechanism=mbm/x_eps=inf/m=best/norm=false/smoother=hoa/backbone=sage/use_nfr=false/logs/grid_candidate_0128_attempt_1.log,
grid_candidate_0131,grid,grid_candidate_0131,completed,1,0,22.565950,/home/hzw/Rethinking_GNN_DP/paper_experiments/figure1/search_phase_1/family3/hoa/deepwalk/dataset=cora/feature=deepwalk/feature_dim=200/scale=64/deepwalk_walk_length=40/deepwalk_number_walks=20/deepwalk_window_size=5/deepwalk_workers=20/deepwalk_undirected=true/mechanism=mbm/x_eps=inf/m=best/norm=false/smoother=hoa/backbone=sage/use_nfr=false/logs/grid_candidate_0131_attempt_1.log,
grid_candidate_0134,grid,grid_candidate_0134,completed,1,0,22.253827,/home/hzw/Rethinking_GNN_DP/paper_experiments/figure1/search_phase_1/family3/hoa/deepwalk/dataset=cora/feature=deepwalk/feature_dim=200/scale=64/deepwalk_walk_length=40/deepwalk_number_walks=20/deepwalk_window_size=5/deepwalk_workers=20/deepwalk_undirected=true/mechanism=mbm/x_eps=inf/m=best/norm=false/smoother=hoa/backbone=sage/use_nfr=false/logs/grid_candidate_0134_attempt_1.log,
grid_candidate_0139,grid,grid_candidate_0139,completed,1,0,21.718203,/home/hzw/Rethinking_GNN_DP/paper_experiments/figure1/search_phase_1/family3/hoa/deepwalk/dataset=cora/feature=deepwalk/feature_dim=200/scale=64/deepwalk_walk_length=40/deepwalk_number_walks=20/deepwalk_window_size=5/deepwalk_workers=20/deepwalk_undirected=true/mechanism=mbm/x_eps=inf/m=best/norm=false/smoother=hoa/backbone=sage/use_nfr=false/logs/grid_candidate_0139_attempt_1.log,
grid_candidate_0140,grid,grid_candidate_0140,completed,1,0,20.241319,/home/hzw/Rethinking_GNN_DP/paper_experiments/figure1/search_phase_1/family3/hoa/deepwalk/dataset=cora/feature=deepwalk/feature_dim=200/scale=64/deepwalk_walk_length=40/deepwalk_number_walks=20/deepwalk_window_size=5/deepwalk_workers=20/deepwalk_undirected=true/mechanism=mbm/x_eps=inf/m=best/norm=false/smoother=hoa/backbone=sage/use_nfr=false/logs/grid_candidate_0140_attempt_1.log,
grid_candidate_0144,grid,grid_candidate_0144,completed,1,0,17.812205,/home/hzw/Rethinking_GNN_DP/paper_experiments/figure1/search_phase_1/family3/hoa/deepwalk/dataset=cora/feature=deepwalk/feature_dim=200/scale=64/deepwalk_walk_length=40/deepwalk_number_walks=20/deepwalk_window_size=5/deepwalk_workers=20/deepwalk_undirected=true/mechanism=mbm/x_eps=inf/m=best/norm=false/smoother=hoa/backbone=sage/use_nfr=false/logs/grid_candidate_0144_attempt_1.log,
grid_candidate_0146,grid,grid_candidate_0146,completed,1,0,17.460306,/home/hzw/Rethinking_GNN_DP/paper_experiments/figure1/search_phase_1/family3/hoa/deepwalk/dataset=cora/feature=deepwalk/feature_dim=200/scale=64/deepwalk_walk_length=40/deepwalk_number_walks=20/deepwalk_window_size=5/deepwalk_workers=20/deepwalk_undirected=true/mechanism=mbm/x_eps=inf/m=best/norm=false/smoother=hoa/backbone=sage/use_nfr=false/logs/grid_candidate_0146_attempt_1.log,
grid_candidate_0148,grid,grid_candidate_0148,completed,1,0,16.624263,/home/hzw/Rethinking_GNN_DP/paper_experiments/figure1/search_phase_1/family3/hoa/deepwalk/dataset=cora/feature=deepwalk/feature_dim=200/scale=64/deepwalk_walk_length=40/deepwalk_number_walks=20/deepwalk_window_size=5/deepwalk_workers=20/deepwalk_undirected=true/mechanism=mbm/x_eps=inf/m=best/norm=false/smoother=hoa/backbone=sage/use_nfr=false/logs/grid_candidate_0148_attempt_1.log,
grid_candidate_0151,grid,grid_candidate_0151,completed,1,0,13.911354,/home/hzw/Rethinking_GNN_DP/paper_experiments/figure1/search_phase_1/family3/hoa/deepwalk/dataset=cora/feature=deepwalk/feature_dim=200/scale=64/deepwalk_walk_length=40/deepwalk_number_walks=20/deepwalk_window_size=5/deepwalk_workers=20/deepwalk_undirected=true/mechanism=mbm/x_eps=inf/m=best/norm=false/smoother=hoa/backbone=sage/use_nfr=false/logs/grid_candidate_0151_attempt_1.log,
grid_candidate_0149,grid,grid_candidate_0149,completed,1,0,15.918933,/home/hzw/Rethinking_GNN_DP/paper_experiments/figure1/search_phase_1/family3/hoa/deepwalk/dataset=cora/feature=deepwalk/feature_dim=200/scale=64/deepwalk_walk_length=40/deepwalk_number_walks=20/deepwalk_window_size=5/deepwalk_workers=20/deepwalk_undirected=true/mechanism=mbm/x_eps=inf/m=best/norm=false/smoother=hoa/backbone=sage/use_nfr=false/logs/grid_candidate_0149_attempt_1.log,
grid_candidate_0150,grid,grid_candidate_0150,completed,1,0,15.807085,/home/hzw/Rethinking_GNN_DP/paper_experiments/figure1/search_phase_1/family3/hoa/deepwalk/dataset=cora/feature=deepwalk/feature_dim=200/scale=64/deepwalk_walk_length=40/deepwalk_number_walks=20/deepwalk_window_size=5/deepwalk_workers=20/deepwalk_undirected=true/mechanism=mbm/x_eps=inf/m=best/norm=false/smoother=hoa/backbone=sage/use_nfr=false/logs/grid_candidate_0150_attempt_1.log,
grid_candidate_0156,grid,grid_candidate_0156,completed,1,0,14.512322,/home/hzw/Rethinking_GNN_DP/paper_experiments/figure1/search_phase_1/family3/hoa/deepwalk/dataset=cora/feature=deepwalk/feature_dim=200/scale=64/deepwalk_walk_length=40/deepwalk_number_walks=20/deepwalk_window_size=5/deepwalk_workers=20/deepwalk_undirected=true/mechanism=mbm/x_eps=inf/m=best/norm=false/smoother=hoa/backbone=sage/use_nfr=false/logs/grid_candidate_0156_attempt_1.log,
grid_candidate_0153,grid,grid_candidate_0153,completed,1,0,15.423842,/home/hzw/Rethinking_GNN_DP/paper_experiments/figure1/search_phase_1/family3/hoa/deepwalk/dataset=cora/feature=deepwalk/feature_dim=200/scale=64/deepwalk_walk_length=40/deepwalk_number_walks=20/deepwalk_window_size=5/deepwalk_workers=20/deepwalk_undirected=true/mechanism=mbm/x_eps=inf/m=best/norm=false/smoother=hoa/backbone=sage/use_nfr=false/logs/grid_candidate_0153_attempt_1.log,
grid_candidate_0157,grid,grid_candidate_0157,completed,1,0,15.090754,/home/hzw/Rethinking_GNN_DP/paper_experiments/figure1/search_phase_1/family3/hoa/deepwalk/dataset=cora/feature=deepwalk/feature_dim=200/scale=64/deepwalk_walk_length=40/deepwalk_number_walks=20/deepwalk_window_size=5/deepwalk_workers=20/deepwalk_undirected=true/mechanism=mbm/x_eps=inf/m=best/norm=false/smoother=hoa/backbone=sage/use_nfr=false/logs/grid_candidate_0157_attempt_1.log,
grid_candidate_0152,grid,grid_candidate_0152,completed,1,0,15.996862,/home/hzw/Rethinking_GNN_DP/paper_experiments/figure1/search_phase_1/family3/hoa/deepwalk/dataset=cora/feature=deepwalk/feature_dim=200/scale=64/deepwalk_walk_length=40/deepwalk_number_walks=20/deepwalk_window_size=5/deepwalk_workers=20/deepwalk_undirected=true/mechanism=mbm/x_eps=inf/m=best/norm=false/smoother=hoa/backbone=sage/use_nfr=false/logs/grid_candidate_0152_attempt_1.log,
grid_candidate_0155,grid,grid_candidate_0155,completed,1,0,15.788433,/home/hzw/Rethinking_GNN_DP/paper_experiments/figure1/search_phase_1/family3/hoa/deepwalk/dataset=cora/feature=deepwalk/feature_dim=200/scale=64/deepwalk_walk_length=40/deepwalk_number_walks=20/deepwalk_window_size=5/deepwalk_workers=20/deepwalk_undirected=true/mechanism=mbm/x_eps=inf/m=best/norm=false/smoother=hoa/backbone=sage/use_nfr=false/logs/grid_candidate_0155_attempt_1.log,
grid_candidate_0154,grid,grid_candidate_0154,completed,1,0,16.927969,/home/hzw/Rethinking_GNN_DP/paper_experiments/figure1/search_phase_1/family3/hoa/deepwalk/dataset=cora/feature=deepwalk/feature_dim=200/scale=64/deepwalk_walk_length=40/deepwalk_number_walks=20/deepwalk_window_size=5/deepwalk_workers=20/deepwalk_undirected=true/mechanism=mbm/x_eps=inf/m=best/norm=false/smoother=hoa/backbone=sage/use_nfr=false/logs/grid_candidate_0154_attempt_1.log,
grid_candidate_0158,grid,grid_candidate_0158,completed,1,0,18.093931,/home/hzw/Rethinking_GNN_DP/paper_experiments/figure1/search_phase_1/family3/hoa/deepwalk/dataset=cora/feature=deepwalk/feature_dim=200/scale=64/deepwalk_walk_length=40/deepwalk_number_walks=20/deepwalk_window_size=5/deepwalk_workers=20/deepwalk_undirected=true/mechanism=mbm/x_eps=inf/m=best/norm=false/smoother=hoa/backbone=sage/use_nfr=false/logs/grid_candidate_0158_attempt_1.log,
grid_candidate_0166,grid,grid_candidate_0166,completed,1,0,18.112475,/home/hzw/Rethinking_GNN_DP/paper_experiments/figure1/search_phase_1/family3/hoa/deepwalk/dataset=cora/feature=deepwalk/feature_dim=200/scale=64/deepwalk_walk_length=40/deepwalk_number_walks=20/deepwalk_window_size=5/deepwalk_workers=20/deepwalk_undirected=true/mechanism=mbm/x_eps=inf/m=best/norm=false/smoother=hoa/backbone=sage/use_nfr=false/logs/grid_candidate_0166_attempt_1.log,
grid_candidate_0164,grid,grid_candidate_0164,completed,1,0,18.933260,/home/hzw/Rethinking_GNN_DP/paper_experiments/figure1/search_phase_1/family3/hoa/deepwalk/dataset=cora/feature=deepwalk/feature_dim=200/scale=64/deepwalk_walk_length=40/deepwalk_number_walks=20/deepwalk_window_size=5/deepwalk_workers=20/deepwalk_undirected=true/mechanism=mbm/x_eps=inf/m=best/norm=false/smoother=hoa/backbone=sage/use_nfr=false/logs/grid_candidate_0164_attempt_1.log,
grid_candidate_0159,grid,grid_candidate_0159,completed,1,0,20.208919,/home/hzw/Rethinking_GNN_DP/paper_experiments/figure1/search_phase_1/family3/hoa/deepwalk/dataset=cora/feature=deepwalk/feature_dim=200/scale=64/deepwalk_walk_length=40/deepwalk_number_walks=20/deepwalk_window_size=5/deepwalk_workers=20/deepwalk_undirected=true/mechanism=mbm/x_eps=inf/m=best/norm=false/smoother=hoa/backbone=sage/use_nfr=false/logs/grid_candidate_0159_attempt_1.log,
grid_candidate_0163,grid,grid_candidate_0163,completed,1,0,19.756473,/home/hzw/Rethinking_GNN_DP/paper_experiments/figure1/search_phase_1/family3/hoa/deepwalk/dataset=cora/feature=deepwalk/feature_dim=200/scale=64/deepwalk_walk_length=40/deepwalk_number_walks=20/deepwalk_window_size=5/deepwalk_workers=20/deepwalk_undirected=true/mechanism=mbm/x_eps=inf/m=best/norm=false/smoother=hoa/backbone=sage/use_nfr=false/logs/grid_candidate_0163_attempt_1.log,
grid_candidate_0162,grid,grid_candidate_0162,completed,1,0,20.352552,/home/hzw/Rethinking_GNN_DP/paper_experiments/figure1/search_phase_1/family3/hoa/deepwalk/dataset=cora/feature=deepwalk/feature_dim=200/scale=64/deepwalk_walk_length=40/deepwalk_number_walks=20/deepwalk_window_size=5/deepwalk_workers=20/deepwalk_undirected=true/mechanism=mbm/x_eps=inf/m=best/norm=false/smoother=hoa/backbone=sage/use_nfr=false/logs/grid_candidate_0162_attempt_1.log,
grid_candidate_0169,grid,grid_candidate_0169,completed,1,0,19.600949,/home/hzw/Rethinking_GNN_DP/paper_experiments/figure1/search_phase_1/family3/hoa/deepwalk/dataset=cora/feature=deepwalk/feature_dim=200/scale=64/deepwalk_walk_length=40/deepwalk_number_walks=20/deepwalk_window_size=5/deepwalk_workers=20/deepwalk_undirected=true/mechanism=mbm/x_eps=inf/m=best/norm=false/smoother=hoa/backbone=sage/use_nfr=false/logs/grid_candidate_0169_attempt_1.log,
grid_candidate_0165,grid,grid_candidate_0165,completed,1,0,20.229729,/home/hzw/Rethinking_GNN_DP/paper_experiments/figure1/search_phase_1/family3/hoa/deepwalk/dataset=cora/feature=deepwalk/feature_dim=200/scale=64/deepwalk_walk_length=40/deepwalk_number_walks=20/deepwalk_window_size=5/deepwalk_workers=20/deepwalk_undirected=true/mechanism=mbm/x_eps=inf/m=best/norm=false/smoother=hoa/backbone=sage/use_nfr=false/logs/grid_candidate_0165_attempt_1.log,
grid_candidate_0161,grid,grid_candidate_0161,completed,1,0,20.792897,/home/hzw/Rethinking_GNN_DP/paper_experiments/figure1/search_phase_1/family3/hoa/deepwalk/dataset=cora/feature=deepwalk/feature_dim=200/scale=64/deepwalk_walk_length=40/deepwalk_number_walks=20/deepwalk_window_size=5/deepwalk_workers=20/deepwalk_undirected=true/mechanism=mbm/x_eps=inf/m=best/norm=false/smoother=hoa/backbone=sage/use_nfr=false/logs/grid_candidate_0161_attempt_1.log,
grid_candidate_0160,grid,grid_candidate_0160,completed,1,0,21.013056,/home/hzw/Rethinking_GNN_DP/paper_experiments/figure1/search_phase_1/family3/hoa/deepwalk/dataset=cora/feature=deepwalk/feature_dim=200/scale=64/deepwalk_walk_length=40/deepwalk_number_walks=20/deepwalk_window_size=5/deepwalk_workers=20/deepwalk_undirected=true/mechanism=mbm/x_eps=inf/m=best/norm=false/smoother=hoa/backbone=sage/use_nfr=false/logs/grid_candidate_0160_attempt_1.log,
grid_candidate_0178,grid,grid_candidate_0178,completed,1,0,17.974763,/home/hzw/Rethinking_GNN_DP/paper_experiments/figure1/search_phase_1/family3/hoa/deepwalk/dataset=cora/feature=deepwalk/feature_dim=200/scale=64/deepwalk_walk_length=40/deepwalk_number_walks=20/deepwalk_window_size=5/deepwalk_workers=20/deepwalk_undirected=true/mechanism=mbm/x_eps=inf/m=best/norm=false/smoother=hoa/backbone=sage/use_nfr=false/logs/grid_candidate_0178_attempt_1.log,
grid_candidate_0167,grid,grid_candidate_0167,completed,1,0,20.467184,/home/hzw/Rethinking_GNN_DP/paper_experiments/figure1/search_phase_1/family3/hoa/deepwalk/dataset=cora/feature=deepwalk/feature_dim=200/scale=64/deepwalk_walk_length=40/deepwalk_number_walks=20/deepwalk_window_size=5/deepwalk_workers=20/deepwalk_undirected=true/mechanism=mbm/x_eps=inf/m=best/norm=false/smoother=hoa/backbone=sage/use_nfr=false/logs/grid_candidate_0167_attempt_1.log,
grid_candidate_0168,grid,grid_candidate_0168,completed,1,0,20.366672,/home/hzw/Rethinking_GNN_DP/paper_experiments/figure1/search_phase_1/family3/hoa/deepwalk/dataset=cora/feature=deepwalk/feature_dim=200/scale=64/deepwalk_walk_length=40/deepwalk_number_walks=20/deepwalk_window_size=5/deepwalk_workers=20/deepwalk_undirected=true/mechanism=mbm/x_eps=inf/m=best/norm=false/smoother=hoa/backbone=sage/use_nfr=false/logs/grid_candidate_0168_attempt_1.log,
grid_candidate_0171,grid,grid_candidate_0171,completed,1,0,20.264632,/home/hzw/Rethinking_GNN_DP/paper_experiments/figure1/search_phase_1/family3/hoa/deepwalk/dataset=cora/feature=deepwalk/feature_dim=200/scale=64/deepwalk_walk_length=40/deepwalk_number_walks=20/deepwalk_window_size=5/deepwalk_workers=20/deepwalk_undirected=true/mechanism=mbm/x_eps=inf/m=best/norm=false/smoother=hoa/backbone=sage/use_nfr=false/logs/grid_candidate_0171_attempt_1.log,
grid_candidate_0173,grid,grid_candidate_0173,completed,1,0,20.063000,/home/hzw/Rethinking_GNN_DP/paper_experiments/figure1/search_phase_1/family3/hoa/deepwalk/dataset=cora/feature=deepwalk/feature_dim=200/scale=64/deepwalk_walk_length=40/deepwalk_number_walks=20/deepwalk_window_size=5/deepwalk_workers=20/deepwalk_undirected=true/mechanism=mbm/x_eps=inf/m=best/norm=false/smoother=hoa/backbone=sage/use_nfr=false/logs/grid_candidate_0173_attempt_1.log,
grid_candidate_0179,grid,grid_candidate_0179,completed,1,0,18.067641,/home/hzw/Rethinking_GNN_DP/paper_experiments/figure1/search_phase_1/family3/hoa/deepwalk/dataset=cora/feature=deepwalk/feature_dim=200/scale=64/deepwalk_walk_length=40/deepwalk_number_walks=20/deepwalk_window_size=5/deepwalk_workers=20/deepwalk_undirected=true/mechanism=mbm/x_eps=inf/m=best/norm=false/smoother=hoa/backbone=sage/use_nfr=false/logs/grid_candidate_0179_attempt_1.log,
grid_candidate_0176,grid,grid_candidate_0176,completed,1,0,19.235859,/home/hzw/Rethinking_GNN_DP/paper_experiments/figure1/search_phase_1/family3/hoa/deepwalk/dataset=cora/feature=deepwalk/feature_dim=200/scale=64/deepwalk_walk_length=40/deepwalk_number_walks=20/deepwalk_window_size=5/deepwalk_workers=20/deepwalk_undirected=true/mechanism=mbm/x_eps=inf/m=best/norm=false/smoother=hoa/backbone=sage/use_nfr=false/logs/grid_candidate_0176_attempt_1.log,
grid_candidate_0177,grid,grid_candidate_0177,completed,1,0,18.757322,/home/hzw/Rethinking_GNN_DP/paper_experiments/figure1/search_phase_1/family3/hoa/deepwalk/dataset=cora/feature=deepwalk/feature_dim=200/scale=64/deepwalk_walk_length=40/deepwalk_number_walks=20/deepwalk_window_size=5/deepwalk_workers=20/deepwalk_undirected=true/mechanism=mbm/x_eps=inf/m=best/norm=false/smoother=hoa/backbone=sage/use_nfr=false/logs/grid_candidate_0177_attempt_1.log,
grid_candidate_0170,grid,grid_candidate_0170,completed,1,0,20.912972,/home/hzw/Rethinking_GNN_DP/paper_experiments/figure1/search_phase_1/family3/hoa/deepwalk/dataset=cora/feature=deepwalk/feature_dim=200/scale=64/deepwalk_walk_length=40/deepwalk_number_walks=20/deepwalk_window_size=5/deepwalk_workers=20/deepwalk_undirected=true/mechanism=mbm/x_eps=inf/m=best/norm=false/smoother=hoa/backbone=sage/use_nfr=false/logs/grid_candidate_0170_attempt_1.log,
grid_candidate_0172,grid,grid_candidate_0172,completed,1,0,20.702860,/home/hzw/Rethinking_GNN_DP/paper_experiments/figure1/search_phase_1/family3/hoa/deepwalk/dataset=cora/feature=deepwalk/feature_dim=200/scale=64/deepwalk_walk_length=40/deepwalk_number_walks=20/deepwalk_window_size=5/deepwalk_workers=20/deepwalk_undirected=true/mechanism=mbm/x_eps=inf/m=best/norm=false/smoother=hoa/backbone=sage/use_nfr=false/logs/grid_candidate_0172_attempt_1.log,
grid_candidate_0174,grid,grid_candidate_0174,completed,1,0,20.717342,/home/hzw/Rethinking_GNN_DP/paper_experiments/figure1/search_phase_1/family3/hoa/deepwalk/dataset=cora/feature=deepwalk/feature_dim=200/scale=64/deepwalk_walk_length=40/deepwalk_number_walks=20/deepwalk_window_size=5/deepwalk_workers=20/deepwalk_undirected=true/mechanism=mbm/x_eps=inf/m=best/norm=false/smoother=hoa/backbone=sage/use_nfr=false/logs/grid_candidate_0174_attempt_1.log,
grid_candidate_0175,grid,grid_candidate_0175,completed,1,0,20.601749,/home/hzw/Rethinking_GNN_DP/paper_experiments/figure1/search_phase_1/family3/hoa/deepwalk/dataset=cora/feature=deepwalk/feature_dim=200/scale=64/deepwalk_walk_length=40/deepwalk_number_walks=20/deepwalk_window_size=5/deepwalk_workers=20/deepwalk_undirected=true/mechanism=mbm/x_eps=inf/m=best/norm=false/smoother=hoa/backbone=sage/use_nfr=false/logs/grid_candidate_0175_attempt_1.log,
grid_candidate_0180,grid,grid_candidate_0180,completed,1,0,16.485358,/home/hzw/Rethinking_GNN_DP/paper_experiments/figure1/search_phase_1/family3/hoa/deepwalk/dataset=cora/feature=deepwalk/feature_dim=200/scale=64/deepwalk_walk_length=40/deepwalk_number_walks=20/deepwalk_window_size=5/deepwalk_workers=20/deepwalk_undirected=true/mechanism=mbm/x_eps=inf/m=best/norm=false/smoother=hoa/backbone=sage/use_nfr=false/logs/grid_candidate_0180_attempt_1.log,
grid_candidate_0181,grid,grid_candidate_0181,completed,1,0,18.133951,/home/hzw/Rethinking_GNN_DP/paper_experiments/figure1/search_phase_1/family3/hoa/deepwalk/dataset=cora/feature=deepwalk/feature_dim=200/scale=64/deepwalk_walk_length=40/deepwalk_number_walks=20/deepwalk_window_size=5/deepwalk_workers=20/deepwalk_undirected=true/mechanism=mbm/x_eps=inf/m=best/norm=false/smoother=hoa/backbone=sage/use_nfr=false/logs/grid_candidate_0181_attempt_1.log,
grid_candidate_0183,grid,grid_candidate_0183,completed,1,0,18.003961,/home/hzw/Rethinking_GNN_DP/paper_experiments/figure1/search_phase_1/family3/hoa/deepwalk/dataset=cora/feature=deepwalk/feature_dim=200/scale=64/deepwalk_walk_length=40/deepwalk_number_walks=20/deepwalk_window_size=5/deepwalk_workers=20/deepwalk_undirected=true/mechanism=mbm/x_eps=inf/m=best/norm=false/smoother=hoa/backbone=sage/use_nfr=false/logs/grid_candidate_0183_attempt_1.log,
grid_candidate_0184,grid,grid_candidate_0184,completed,1,0,17.881527,/home/hzw/Rethinking_GNN_DP/paper_experiments/figure1/search_phase_1/family3/hoa/deepwalk/dataset=cora/feature=deepwalk/feature_dim=200/scale=64/deepwalk_walk_length=40/deepwalk_number_walks=20/deepwalk_window_size=5/deepwalk_workers=20/deepwalk_undirected=true/mechanism=mbm/x_eps=inf/m=best/norm=false/smoother=hoa/backbone=sage/use_nfr=false/logs/grid_candidate_0184_attempt_1.log,
grid_candidate_0182,grid,grid_candidate_0182,completed,1,0,18.810701,/home/hzw/Rethinking_GNN_DP/paper_experiments/figure1/search_phase_1/family3/hoa/deepwalk/dataset=cora/feature=deepwalk/feature_dim=200/scale=64/deepwalk_walk_length=40/deepwalk_number_walks=20/deepwalk_window_size=5/deepwalk_workers=20/deepwalk_undirected=true/mechanism=mbm/x_eps=inf/m=best/norm=false/smoother=hoa/backbone=sage/use_nfr=false/logs/grid_candidate_0182_attempt_1.log,
grid_candidate_0185,grid,grid_candidate_0185,completed,1,0,18.580589,/home/hzw/Rethinking_GNN_DP/paper_experiments/figure1/search_phase_1/family3/hoa/deepwalk/dataset=cora/feature=deepwalk/feature_dim=200/scale=64/deepwalk_walk_length=40/deepwalk_number_walks=20/deepwalk_window_size=5/deepwalk_workers=20/deepwalk_undirected=true/mechanism=mbm/x_eps=inf/m=best/norm=false/smoother=hoa/backbone=sage/use_nfr=false/logs/grid_candidate_0185_attempt_1.log,
grid_candidate_0189,grid,grid_candidate_0189,completed,1,0,16.508540,/home/hzw/Rethinking_GNN_DP/paper_experiments/figure1/search_phase_1/family3/hoa/deepwalk/dataset=cora/feature=deepwalk/feature_dim=200/scale=64/deepwalk_walk_length=40/deepwalk_number_walks=20/deepwalk_window_size=5/deepwalk_workers=20/deepwalk_undirected=true/mechanism=mbm/x_eps=inf/m=best/norm=false/smoother=hoa/backbone=sage/use_nfr=false/logs/grid_candidate_0189_attempt_1.log,
grid_candidate_0186,grid,grid_candidate_0186,completed,1,0,18.914796,/home/hzw/Rethinking_GNN_DP/paper_experiments/figure1/search_phase_1/family3/hoa/deepwalk/dataset=cora/feature=deepwalk/feature_dim=200/scale=64/deepwalk_walk_length=40/deepwalk_number_walks=20/deepwalk_window_size=5/deepwalk_workers=20/deepwalk_undirected=true/mechanism=mbm/x_eps=inf/m=best/norm=false/smoother=hoa/backbone=sage/use_nfr=false/logs/grid_candidate_0186_attempt_1.log,
grid_candidate_0187,grid,grid_candidate_0187,completed,1,0,18.686475,/home/hzw/Rethinking_GNN_DP/paper_experiments/figure1/search_phase_1/family3/hoa/deepwalk/dataset=cora/feature=deepwalk/feature_dim=200/scale=64/deepwalk_walk_length=40/deepwalk_number_walks=20/deepwalk_window_size=5/deepwalk_workers=20/deepwalk_undirected=true/mechanism=mbm/x_eps=inf/m=best/norm=false/smoother=hoa/backbone=sage/use_nfr=false/logs/grid_candidate_0187_attempt_1.log,
grid_candidate_0188,grid,grid_candidate_0188,completed,1,0,18.108766,/home/hzw/Rethinking_GNN_DP/paper_experiments/figure1/search_phase_1/family3/hoa/deepwalk/dataset=cora/feature=deepwalk/feature_dim=200/scale=64/deepwalk_walk_length=40/deepwalk_number_walks=20/deepwalk_window_size=5/deepwalk_workers=20/deepwalk_undirected=true/mechanism=mbm/x_eps=inf/m=best/norm=false/smoother=hoa/backbone=sage/use_nfr=false/logs/grid_candidate_0188_attempt_1.log,
grid_candidate_0190,grid,grid_candidate_0190,completed,1,0,17.460152,/home/hzw/Rethinking_GNN_DP/paper_experiments/figure1/search_phase_1/family3/hoa/deepwalk/dataset=cora/feature=deepwalk/feature_dim=200/scale=64/deepwalk_walk_length=40/deepwalk_number_walks=20/deepwalk_window_size=5/deepwalk_workers=20/deepwalk_undirected=true/mechanism=mbm/x_eps=inf/m=best/norm=false/smoother=hoa/backbone=sage/use_nfr=false/logs/grid_candidate_0190_attempt_1.log,
grid_candidate_0195,grid,grid_candidate_0195,completed,1,0,17.398600,/home/hzw/Rethinking_GNN_DP/paper_experiments/figure1/search_phase_1/family3/hoa/deepwalk/dataset=cora/feature=deepwalk/feature_dim=200/scale=64/deepwalk_walk_length=40/deepwalk_number_walks=20/deepwalk_window_size=5/deepwalk_workers=20/deepwalk_undirected=true/mechanism=mbm/x_eps=inf/m=best/norm=false/smoother=hoa/backbone=sage/use_nfr=false/logs/grid_candidate_0195_attempt_1.log,
grid_candidate_0192,grid,grid_candidate_0192,completed,1,0,18.054791,/home/hzw/Rethinking_GNN_DP/paper_experiments/figure1/search_phase_1/family3/hoa/deepwalk/dataset=cora/feature=deepwalk/feature_dim=200/scale=64/deepwalk_walk_length=40/deepwalk_number_walks=20/deepwalk_window_size=5/deepwalk_workers=20/deepwalk_undirected=true/mechanism=mbm/x_eps=inf/m=best/norm=false/smoother=hoa/backbone=sage/use_nfr=false/logs/grid_candidate_0192_attempt_1.log,
grid_candidate_0191,grid,grid_candidate_0191,completed,1,0,20.854342,/home/hzw/Rethinking_GNN_DP/paper_experiments/figure1/search_phase_1/family3/hoa/deepwalk/dataset=cora/feature=deepwalk/feature_dim=200/scale=64/deepwalk_walk_length=40/deepwalk_number_walks=20/deepwalk_window_size=5/deepwalk_workers=20/deepwalk_undirected=true/mechanism=mbm/x_eps=inf/m=best/norm=false/smoother=hoa/backbone=sage/use_nfr=false/logs/grid_candidate_0191_attempt_1.log,
grid_candidate_0197,grid,grid_candidate_0197,completed,1,0,19.982717,/home/hzw/Rethinking_GNN_DP/paper_experiments/figure1/search_phase_1/family3/hoa/deepwalk/dataset=cora/feature=deepwalk/feature_dim=200/scale=64/deepwalk_walk_length=40/deepwalk_number_walks=20/deepwalk_window_size=5/deepwalk_workers=20/deepwalk_undirected=true/mechanism=mbm/x_eps=inf/m=best/norm=false/smoother=hoa/backbone=sage/use_nfr=false/logs/grid_candidate_0197_attempt_1.log,
grid_candidate_0193,grid,grid_candidate_0193,completed,1,0,20.629721,/home/hzw/Rethinking_GNN_DP/paper_experiments/figure1/search_phase_1/family3/hoa/deepwalk/dataset=cora/feature=deepwalk/feature_dim=200/scale=64/deepwalk_walk_length=40/deepwalk_number_walks=20/deepwalk_window_size=5/deepwalk_workers=20/deepwalk_undirected=true/mechanism=mbm/x_eps=inf/m=best/norm=false/smoother=hoa/backbone=sage/use_nfr=false/logs/grid_candidate_0193_attempt_1.log,
grid_candidate_0214,grid,grid_candidate_0214,completed,1,0,17.221664,/home/hzw/Rethinking_GNN_DP/paper_experiments/figure1/search_phase_1/family3/hoa/deepwalk/dataset=cora/feature=deepwalk/feature_dim=200/scale=64/deepwalk_walk_length=40/deepwalk_number_walks=20/deepwalk_window_size=5/deepwalk_workers=20/deepwalk_undirected=true/mechanism=mbm/x_eps=inf/m=best/norm=false/smoother=hoa/backbone=sage/use_nfr=false/logs/grid_candidate_0214_attempt_1.log,
grid_candidate_0196,grid,grid_candidate_0196,completed,1,0,20.996054,/home/hzw/Rethinking_GNN_DP/paper_experiments/figure1/search_phase_1/family3/hoa/deepwalk/dataset=cora/feature=deepwalk/feature_dim=200/scale=64/deepwalk_walk_length=40/deepwalk_number_walks=20/deepwalk_window_size=5/deepwalk_workers=20/deepwalk_undirected=true/mechanism=mbm/x_eps=inf/m=best/norm=false/smoother=hoa/backbone=sage/use_nfr=false/logs/grid_candidate_0196_attempt_1.log,
grid_candidate_0194,grid,grid_candidate_0194,completed,1,0,21.413847,/home/hzw/Rethinking_GNN_DP/paper_experiments/figure1/search_phase_1/family3/hoa/deepwalk/dataset=cora/feature=deepwalk/feature_dim=200/scale=64/deepwalk_walk_length=40/deepwalk_number_walks=20/deepwalk_window_size=5/deepwalk_workers=20/deepwalk_undirected=true/mechanism=mbm/x_eps=inf/m=best/norm=false/smoother=hoa/backbone=sage/use_nfr=false/logs/grid_candidate_0194_attempt_1.log,
grid_candidate_0209,grid,grid_candidate_0209,completed,1,0,19.871016,/home/hzw/Rethinking_GNN_DP/paper_experiments/figure1/search_phase_1/family3/hoa/deepwalk/dataset=cora/feature=deepwalk/feature_dim=200/scale=64/deepwalk_walk_length=40/deepwalk_number_walks=20/deepwalk_window_size=5/deepwalk_workers=20/deepwalk_undirected=true/mechanism=mbm/x_eps=inf/m=best/norm=false/smoother=hoa/backbone=sage/use_nfr=false/logs/grid_candidate_0209_attempt_1.log,
grid_candidate_0198,grid,grid_candidate_0198,completed,1,0,21.206515,/home/hzw/Rethinking_GNN_DP/paper_experiments/figure1/search_phase_1/family3/hoa/deepwalk/dataset=cora/feature=deepwalk/feature_dim=200/scale=64/deepwalk_walk_length=40/deepwalk_number_walks=20/deepwalk_window_size=5/deepwalk_workers=20/deepwalk_undirected=true/mechanism=mbm/x_eps=inf/m=best/norm=false/smoother=hoa/backbone=sage/use_nfr=false/logs/grid_candidate_0198_attempt_1.log,
grid_candidate_0200,grid,grid_candidate_0200,completed,1,0,21.005284,/home/hzw/Rethinking_GNN_DP/paper_experiments/figure1/search_phase_1/family3/hoa/deepwalk/dataset=cora/feature=deepwalk/feature_dim=200/scale=64/deepwalk_walk_length=40/deepwalk_number_walks=20/deepwalk_window_size=5/deepwalk_workers=20/deepwalk_undirected=true/mechanism=mbm/x_eps=inf/m=best/norm=false/smoother=hoa/backbone=sage/use_nfr=false/logs/grid_candidate_0200_attempt_1.log,
grid_candidate_0201,grid,grid_candidate_0201,completed,1,0,20.896299,/home/hzw/Rethinking_GNN_DP/paper_experiments/figure1/search_phase_1/family3/hoa/deepwalk/dataset=cora/feature=deepwalk/feature_dim=200/scale=64/deepwalk_walk_length=40/deepwalk_number_walks=20/deepwalk_window_size=5/deepwalk_workers=20/deepwalk_undirected=true/mechanism=mbm/x_eps=inf/m=best/norm=false/smoother=hoa/backbone=sage/use_nfr=false/logs/grid_candidate_0201_attempt_1.log,
grid_candidate_0210,grid,grid_candidate_0210,completed,1,0,20.278233,/home/hzw/Rethinking_GNN_DP/paper_experiments/figure1/search_phase_1/family3/hoa/deepwalk/dataset=cora/feature=deepwalk/feature_dim=200/scale=64/deepwalk_walk_length=40/deepwalk_number_walks=20/deepwalk_window_size=5/deepwalk_workers=20/deepwalk_undirected=true/mechanism=mbm/x_eps=inf/m=best/norm=false/smoother=hoa/backbone=sage/use_nfr=false/logs/grid_candidate_0210_attempt_1.log,
grid_candidate_0216,grid,grid_candidate_0216,completed,1,0,17.929812,/home/hzw/Rethinking_GNN_DP/paper_experiments/figure1/search_phase_1/family3/hoa/deepwalk/dataset=cora/feature=deepwalk/feature_dim=200/scale=64/deepwalk_walk_length=40/deepwalk_number_walks=20/deepwalk_window_size=5/deepwalk_workers=20/deepwalk_undirected=true/mechanism=mbm/x_eps=inf/m=best/norm=false/smoother=hoa/backbone=sage/use_nfr=false/logs/grid_candidate_0216_attempt_1.log,
grid_candidate_0205,grid,grid_candidate_0205,completed,1,0,21.019079,/home/hzw/Rethinking_GNN_DP/paper_experiments/figure1/search_phase_1/family3/hoa/deepwalk/dataset=cora/feature=deepwalk/feature_dim=200/scale=64/deepwalk_walk_length=40/deepwalk_number_walks=20/deepwalk_window_size=5/deepwalk_workers=20/deepwalk_undirected=true/mechanism=mbm/x_eps=inf/m=best/norm=false/smoother=hoa/backbone=sage/use_nfr=false/logs/grid_candidate_0205_attempt_1.log,
grid_candidate_0206,grid,grid_candidate_0206,completed,1,0,20.910142,/home/hzw/Rethinking_GNN_DP/paper_experiments/figure1/search_phase_1/family3/hoa/deepwalk/dataset=cora/feature=deepwalk/feature_dim=200/scale=64/deepwalk_walk_length=40/deepwalk_number_walks=20/deepwalk_window_size=5/deepwalk_workers=20/deepwalk_undirected=true/mechanism=mbm/x_eps=inf/m=best/norm=false/smoother=hoa/backbone=sage/use_nfr=false/logs/grid_candidate_0206_attempt_1.log,
grid_candidate_0211,grid,grid_candidate_0211,completed,1,0,20.394276,/home/hzw/Rethinking_GNN_DP/paper_experiments/figure1/search_phase_1/family3/hoa/deepwalk/dataset=cora/feature=deepwalk/feature_dim=200/scale=64/deepwalk_walk_length=40/deepwalk_number_walks=20/deepwalk_window_size=5/deepwalk_workers=20/deepwalk_undirected=true/mechanism=mbm/x_eps=inf/m=best/norm=false/smoother=hoa/backbone=sage/use_nfr=false/logs/grid_candidate_0211_attempt_1.log,
grid_candidate_0212,grid,grid_candidate_0212,completed,1,0,19.628105,/home/hzw/Rethinking_GNN_DP/paper_experiments/figure1/search_phase_1/family3/hoa/deepwalk/dataset=cora/feature=deepwalk/feature_dim=200/scale=64/deepwalk_walk_length=40/deepwalk_number_walks=20/deepwalk_window_size=5/deepwalk_workers=20/deepwalk_undirected=true/mechanism=mbm/x_eps=inf/m=best/norm=false/smoother=hoa/backbone=sage/use_nfr=false/logs/grid_candidate_0212_attempt_1.log,
grid_candidate_0213,grid,grid_candidate_0213,completed,1,0,19.050233,/home/hzw/Rethinking_GNN_DP/paper_experiments/figure1/search_phase_1/family3/hoa/deepwalk/dataset=cora/feature=deepwalk/feature_dim=200/scale=64/deepwalk_walk_length=40/deepwalk_number_walks=20/deepwalk_window_size=5/deepwalk_workers=20/deepwalk_undirected=true/mechanism=mbm/x_eps=inf/m=best/norm=false/smoother=hoa/backbone=sage/use_nfr=false/logs/grid_candidate_0213_attempt_1.log,
grid_candidate_0215,grid,grid_candidate_0215,completed,1,0,18.694514,/home/hzw/Rethinking_GNN_DP/paper_experiments/figure1/search_phase_1/family3/hoa/deepwalk/dataset=cora/feature=deepwalk/feature_dim=200/scale=64/deepwalk_walk_length=40/deepwalk_number_walks=20/deepwalk_window_size=5/deepwalk_workers=20/deepwalk_undirected=true/mechanism=mbm/x_eps=inf/m=best/norm=false/smoother=hoa/backbone=sage/use_nfr=false/logs/grid_candidate_0215_attempt_1.log,
grid_candidate_0199,grid,grid_candidate_0199,completed,1,0,22.262365,/home/hzw/Rethinking_GNN_DP/paper_experiments/figure1/search_phase_1/family3/hoa/deepwalk/dataset=cora/feature=deepwalk/feature_dim=200/scale=64/deepwalk_walk_length=40/deepwalk_number_walks=20/deepwalk_window_size=5/deepwalk_workers=20/deepwalk_undirected=true/mechanism=mbm/x_eps=inf/m=best/norm=false/smoother=hoa/backbone=sage/use_nfr=false/logs/grid_candidate_0199_attempt_1.log,
grid_candidate_0203,grid,grid_candidate_0203,completed,1,0,21.851159,/home/hzw/Rethinking_GNN_DP/paper_experiments/figure1/search_phase_1/family3/hoa/deepwalk/dataset=cora/feature=deepwalk/feature_dim=200/scale=64/deepwalk_walk_length=40/deepwalk_number_walks=20/deepwalk_window_size=5/deepwalk_workers=20/deepwalk_undirected=true/mechanism=mbm/x_eps=inf/m=best/norm=false/smoother=hoa/backbone=sage/use_nfr=false/logs/grid_candidate_0203_attempt_1.log,
grid_candidate_0204,grid,grid_candidate_0204,completed,1,0,21.750534,/home/hzw/Rethinking_GNN_DP/paper_experiments/figure1/search_phase_1/family3/hoa/deepwalk/dataset=cora/feature=deepwalk/feature_dim=200/scale=64/deepwalk_walk_length=40/deepwalk_number_walks=20/deepwalk_window_size=5/deepwalk_workers=20/deepwalk_undirected=true/mechanism=mbm/x_eps=inf/m=best/norm=false/smoother=hoa/backbone=sage/use_nfr=false/logs/grid_candidate_0204_attempt_1.log,
grid_candidate_0202,grid,grid_candidate_0202,completed,1,0,22.469468,/home/hzw/Rethinking_GNN_DP/paper_experiments/figure1/search_phase_1/family3/hoa/deepwalk/dataset=cora/feature=deepwalk/feature_dim=200/scale=64/deepwalk_walk_length=40/deepwalk_number_walks=20/deepwalk_window_size=5/deepwalk_workers=20/deepwalk_undirected=true/mechanism=mbm/x_eps=inf/m=best/norm=false/smoother=hoa/backbone=sage/use_nfr=false/logs/grid_candidate_0202_attempt_1.log,
grid_candidate_0207,grid,grid_candidate_0207,completed,1,0,21.956879,/home/hzw/Rethinking_GNN_DP/paper_experiments/figure1/search_phase_1/family3/hoa/deepwalk/dataset=cora/feature=deepwalk/feature_dim=200/scale=64/deepwalk_walk_length=40/deepwalk_number_walks=20/deepwalk_window_size=5/deepwalk_workers=20/deepwalk_undirected=true/mechanism=mbm/x_eps=inf/m=best/norm=false/smoother=hoa/backbone=sage/use_nfr=false/logs/grid_candidate_0207_attempt_1.log,
grid_candidate_0208,grid,grid_candidate_0208,completed,1,0,21.856093,/home/hzw/Rethinking_GNN_DP/paper_experiments/figure1/search_phase_1/family3/hoa/deepwalk/dataset=cora/feature=deepwalk/feature_dim=200/scale=64/deepwalk_walk_length=40/deepwalk_number_walks=20/deepwalk_window_size=5/deepwalk_workers=20/deepwalk_undirected=true/mechanism=mbm/x_eps=inf/m=best/norm=false/smoother=hoa/backbone=sage/use_nfr=false/logs/grid_candidate_0208_attempt_1.log,
grid_rank,verify,grid_rank,completed,1,0,0.619533,/home/hzw/Rethinking_GNN_DP/paper_experiments/figure1/search_phase_1/family3/hoa/deepwalk/dataset=cora/feature=deepwalk/feature_dim=200/scale=64/deepwalk_walk_length=40/deepwalk_number_walks=20/deepwalk_window_size=5/deepwalk_workers=20/deepwalk_undirected=true/mechanism=mbm/x_eps=inf/m=best/norm=false/smoother=hoa/backbone=sage/use_nfr=false/logs/grid_rank_attempt_1.log,
verify_rank01_repeat03,verify,verify_rank01_repeat03,completed,1,0,18.406784,/home/hzw/Rethinking_GNN_DP/paper_experiments/figure1/search_phase_1/family3/hoa/deepwalk/dataset=cora/feature=deepwalk/feature_dim=200/scale=64/deepwalk_walk_length=40/deepwalk_number_walks=20/deepwalk_window_size=5/deepwalk_workers=20/deepwalk_undirected=true/mechanism=mbm/x_eps=inf/m=best/norm=false/smoother=hoa/backbone=sage/use_nfr=false/logs/verify_rank01_repeat03_attempt_1.log,
verify_rank01_repeat01,verify,verify_rank01_repeat01,completed,1,0,20.732271,/home/hzw/Rethinking_GNN_DP/paper_experiments/figure1/search_phase_1/family3/hoa/deepwalk/dataset=cora/feature=deepwalk/feature_dim=200/scale=64/deepwalk_walk_length=40/deepwalk_number_walks=20/deepwalk_window_size=5/deepwalk_workers=20/deepwalk_undirected=true/mechanism=mbm/x_eps=inf/m=best/norm=false/smoother=hoa/backbone=sage/use_nfr=false/logs/verify_rank01_repeat01_attempt_1.log,
verify_rank01_repeat02,verify,verify_rank01_repeat02,completed,1,0,20.419392,/home/hzw/Rethinking_GNN_DP/paper_experiments/figure1/search_phase_1/family3/hoa/deepwalk/dataset=cora/feature=deepwalk/feature_dim=200/scale=64/deepwalk_walk_length=40/deepwalk_number_walks=20/deepwalk_window_size=5/deepwalk_workers=20/deepwalk_undirected=true/mechanism=mbm/x_eps=inf/m=best/norm=false/smoother=hoa/backbone=sage/use_nfr=false/logs/verify_rank01_repeat02_attempt_1.log,
verify_rank01_repeat04,verify,verify_rank01_repeat04,completed,1,0,17.288531,/home/hzw/Rethinking_GNN_DP/paper_experiments/figure1/search_phase_1/family3/hoa/deepwalk/dataset=cora/feature=deepwalk/feature_dim=200/scale=64/deepwalk_walk_length=40/deepwalk_number_walks=20/deepwalk_window_size=5/deepwalk_workers=20/deepwalk_undirected=true/mechanism=mbm/x_eps=inf/m=best/norm=false/smoother=hoa/backbone=sage/use_nfr=false/logs/verify_rank01_repeat04_attempt_1.log,
verify_rank01_repeat05,verify,verify_rank01_repeat05,completed,1,0,16.716631,/home/hzw/Rethinking_GNN_DP/paper_experiments/figure1/search_phase_1/family3/hoa/deepwalk/dataset=cora/feature=deepwalk/feature_dim=200/scale=64/deepwalk_walk_length=40/deepwalk_number_walks=20/deepwalk_window_size=5/deepwalk_workers=20/deepwalk_undirected=true/mechanism=mbm/x_eps=inf/m=best/norm=false/smoother=hoa/backbone=sage/use_nfr=false/logs/verify_rank01_repeat05_attempt_1.log,
verify_rank02_repeat01,verify,verify_rank02_repeat01,completed,1,0,16.072336,/home/hzw/Rethinking_GNN_DP/paper_experiments/figure1/search_phase_1/family3/hoa/deepwalk/dataset=cora/feature=deepwalk/feature_dim=200/scale=64/deepwalk_walk_length=40/deepwalk_number_walks=20/deepwalk_window_size=5/deepwalk_workers=20/deepwalk_undirected=true/mechanism=mbm/x_eps=inf/m=best/norm=false/smoother=hoa/backbone=sage/use_nfr=false/logs/verify_rank02_repeat01_attempt_1.log,
verify_rank02_repeat03,verify,verify_rank02_repeat03,completed,1,0,14.704614,/home/hzw/Rethinking_GNN_DP/paper_experiments/figure1/search_phase_1/family3/hoa/deepwalk/dataset=cora/feature=deepwalk/feature_dim=200/scale=64/deepwalk_walk_length=40/deepwalk_number_walks=20/deepwalk_window_size=5/deepwalk_workers=20/deepwalk_undirected=true/mechanism=mbm/x_eps=inf/m=best/norm=false/smoother=hoa/backbone=sage/use_nfr=false/logs/verify_rank02_repeat03_attempt_1.log,
verify_rank02_repeat02,verify,verify_rank02_repeat02,completed,1,0,15.371802,/home/hzw/Rethinking_GNN_DP/paper_experiments/figure1/search_phase_1/family3/hoa/deepwalk/dataset=cora/feature=deepwalk/feature_dim=200/scale=64/deepwalk_walk_length=40/deepwalk_number_walks=20/deepwalk_window_size=5/deepwalk_workers=20/deepwalk_undirected=true/mechanism=mbm/x_eps=inf/m=best/norm=false/smoother=hoa/backbone=sage/use_nfr=false/logs/verify_rank02_repeat02_attempt_1.log,
verify_rank02_repeat05,verify,verify_rank02_repeat05,completed,1,0,15.887141,/home/hzw/Rethinking_GNN_DP/paper_experiments/figure1/search_phase_1/family3/hoa/deepwalk/dataset=cora/feature=deepwalk/feature_dim=200/scale=64/deepwalk_walk_length=40/deepwalk_number_walks=20/deepwalk_window_size=5/deepwalk_workers=20/deepwalk_undirected=true/mechanism=mbm/x_eps=inf/m=best/norm=false/smoother=hoa/backbone=sage/use_nfr=false/logs/verify_rank02_repeat05_attempt_1.log,
verify_rank02_repeat04,verify,verify_rank02_repeat04,completed,1,0,18.299725,/home/hzw/Rethinking_GNN_DP/paper_experiments/figure1/search_phase_1/family3/hoa/deepwalk/dataset=cora/feature=deepwalk/feature_dim=200/scale=64/deepwalk_walk_length=40/deepwalk_number_walks=20/deepwalk_window_size=5/deepwalk_workers=20/deepwalk_undirected=true/mechanism=mbm/x_eps=inf/m=best/norm=false/smoother=hoa/backbone=sage/use_nfr=false/logs/verify_rank02_repeat04_attempt_1.log,
verify_rank03_repeat02,verify,verify_rank03_repeat02,completed,1,0,21.274161,/home/hzw/Rethinking_GNN_DP/paper_experiments/figure1/search_phase_1/family3/hoa/deepwalk/dataset=cora/feature=deepwalk/feature_dim=200/scale=64/deepwalk_walk_length=40/deepwalk_number_walks=20/deepwalk_window_size=5/deepwalk_workers=20/deepwalk_undirected=true/mechanism=mbm/x_eps=inf/m=best/norm=false/smoother=hoa/backbone=sage/use_nfr=false/logs/verify_rank03_repeat02_attempt_1.log,
verify_rank04_repeat04,verify,verify_rank04_repeat04,completed,1,0,19.076801,/home/hzw/Rethinking_GNN_DP/paper_experiments/figure1/search_phase_1/family3/hoa/deepwalk/dataset=cora/feature=deepwalk/feature_dim=200/scale=64/deepwalk_walk_length=40/deepwalk_number_walks=20/deepwalk_window_size=5/deepwalk_workers=20/deepwalk_undirected=true/mechanism=mbm/x_eps=inf/m=best/norm=false/smoother=hoa/backbone=sage/use_nfr=false/logs/verify_rank04_repeat04_attempt_1.log,
verify_rank04_repeat05,verify,verify_rank04_repeat05,completed,1,0,17.321816,/home/hzw/Rethinking_GNN_DP/paper_experiments/figure1/search_phase_1/family3/hoa/deepwalk/dataset=cora/feature=deepwalk/feature_dim=200/scale=64/deepwalk_walk_length=40/deepwalk_number_walks=20/deepwalk_window_size=5/deepwalk_workers=20/deepwalk_undirected=true/mechanism=mbm/x_eps=inf/m=best/norm=false/smoother=hoa/backbone=sage/use_nfr=false/logs/verify_rank04_repeat05_attempt_1.log,
verify_rank04_repeat03,verify,verify_rank04_repeat03,completed,1,0,19.726616,/home/hzw/Rethinking_GNN_DP/paper_experiments/figure1/search_phase_1/family3/hoa/deepwalk/dataset=cora/feature=deepwalk/feature_dim=200/scale=64/deepwalk_walk_length=40/deepwalk_number_walks=20/deepwalk_window_size=5/deepwalk_workers=20/deepwalk_undirected=true/mechanism=mbm/x_eps=inf/m=best/norm=false/smoother=hoa/backbone=sage/use_nfr=false/logs/verify_rank04_repeat03_attempt_1.log,
verify_rank03_repeat01,verify,verify_rank03_repeat01,completed,1,0,22.583907,/home/hzw/Rethinking_GNN_DP/paper_experiments/figure1/search_phase_1/family3/hoa/deepwalk/dataset=cora/feature=deepwalk/feature_dim=200/scale=64/deepwalk_walk_length=40/deepwalk_number_walks=20/deepwalk_window_size=5/deepwalk_workers=20/deepwalk_undirected=true/mechanism=mbm/x_eps=inf/m=best/norm=false/smoother=hoa/backbone=sage/use_nfr=false/logs/verify_rank03_repeat01_attempt_1.log,
verify_rank03_repeat03,verify,verify_rank03_repeat03,completed,1,0,22.168975,/home/hzw/Rethinking_GNN_DP/paper_experiments/figure1/search_phase_1/family3/hoa/deepwalk/dataset=cora/feature=deepwalk/feature_dim=200/scale=64/deepwalk_walk_length=40/deepwalk_number_walks=20/deepwalk_window_size=5/deepwalk_workers=20/deepwalk_undirected=true/mechanism=mbm/x_eps=inf/m=best/norm=false/smoother=hoa/backbone=sage/use_nfr=false/logs/verify_rank03_repeat03_attempt_1.log,
verify_rank03_repeat04,verify,verify_rank03_repeat04,completed,1,0,22.176049,/home/hzw/Rethinking_GNN_DP/paper_experiments/figure1/search_phase_1/family3/hoa/deepwalk/dataset=cora/feature=deepwalk/feature_dim=200/scale=64/deepwalk_walk_length=40/deepwalk_number_walks=20/deepwalk_window_size=5/deepwalk_workers=20/deepwalk_undirected=true/mechanism=mbm/x_eps=inf/m=best/norm=false/smoother=hoa/backbone=sage/use_nfr=false/logs/verify_rank03_repeat04_attempt_1.log,
verify_rank04_repeat01,verify,verify_rank04_repeat01,completed,1,0,21.986379,/home/hzw/Rethinking_GNN_DP/paper_experiments/figure1/search_phase_1/family3/hoa/deepwalk/dataset=cora/feature=deepwalk/feature_dim=200/scale=64/deepwalk_walk_length=40/deepwalk_number_walks=20/deepwalk_window_size=5/deepwalk_workers=20/deepwalk_undirected=true/mechanism=mbm/x_eps=inf/m=best/norm=false/smoother=hoa/backbone=sage/use_nfr=false/logs/verify_rank04_repeat01_attempt_1.log,
verify_rank03_repeat05,verify,verify_rank03_repeat05,completed,1,0,22.402044,/home/hzw/Rethinking_GNN_DP/paper_experiments/figure1/search_phase_1/family3/hoa/deepwalk/dataset=cora/feature=deepwalk/feature_dim=200/scale=64/deepwalk_walk_length=40/deepwalk_number_walks=20/deepwalk_window_size=5/deepwalk_workers=20/deepwalk_undirected=true/mechanism=mbm/x_eps=inf/m=best/norm=false/smoother=hoa/backbone=sage/use_nfr=false/logs/verify_rank03_repeat05_attempt_1.log,
verify_rank05_repeat02,verify,verify_rank05_repeat02,completed,1,0,17.330862,/home/hzw/Rethinking_GNN_DP/paper_experiments/figure1/search_phase_1/family3/hoa/deepwalk/dataset=cora/feature=deepwalk/feature_dim=200/scale=64/deepwalk_walk_length=40/deepwalk_number_walks=20/deepwalk_window_size=5/deepwalk_workers=20/deepwalk_undirected=true/mechanism=mbm/x_eps=inf/m=best/norm=false/smoother=hoa/backbone=sage/use_nfr=false/logs/verify_rank05_repeat02_attempt_1.log,
verify_rank04_repeat02,verify,verify_rank04_repeat02,completed,1,0,21.239609,/home/hzw/Rethinking_GNN_DP/paper_experiments/figure1/search_phase_1/family3/hoa/deepwalk/dataset=cora/feature=deepwalk/feature_dim=200/scale=64/deepwalk_walk_length=40/deepwalk_number_walks=20/deepwalk_window_size=5/deepwalk_workers=20/deepwalk_undirected=true/mechanism=mbm/x_eps=inf/m=best/norm=false/smoother=hoa/backbone=sage/use_nfr=false/logs/verify_rank04_repeat02_attempt_1.log,
verify_rank05_repeat01,verify,verify_rank05_repeat01,completed,1,0,18.189435,/home/hzw/Rethinking_GNN_DP/paper_experiments/figure1/search_phase_1/family3/hoa/deepwalk/dataset=cora/feature=deepwalk/feature_dim=200/scale=64/deepwalk_walk_length=40/deepwalk_number_walks=20/deepwalk_window_size=5/deepwalk_workers=20/deepwalk_undirected=true/mechanism=mbm/x_eps=inf/m=best/norm=false/smoother=hoa/backbone=sage/use_nfr=false/logs/verify_rank05_repeat01_attempt_1.log,
verify_rank05_repeat03,verify,verify_rank05_repeat03,completed,1,0,16.426370,/home/hzw/Rethinking_GNN_DP/paper_experiments/figure1/search_phase_1/family3/hoa/deepwalk/dataset=cora/feature=deepwalk/feature_dim=200/scale=64/deepwalk_walk_length=40/deepwalk_number_walks=20/deepwalk_window_size=5/deepwalk_workers=20/deepwalk_undirected=true/mechanism=mbm/x_eps=inf/m=best/norm=false/smoother=hoa/backbone=sage/use_nfr=false/logs/verify_rank05_repeat03_attempt_1.log,
verify_rank05_repeat05,verify,verify_rank05_repeat05,completed,1,0,16.572980,/home/hzw/Rethinking_GNN_DP/paper_experiments/figure1/search_phase_1/family3/hoa/deepwalk/dataset=cora/feature=deepwalk/feature_dim=200/scale=64/deepwalk_walk_length=40/deepwalk_number_walks=20/deepwalk_window_size=5/deepwalk_workers=20/deepwalk_undirected=true/mechanism=mbm/x_eps=inf/m=best/norm=false/smoother=hoa/backbone=sage/use_nfr=false/logs/verify_rank05_repeat05_attempt_1.log,
verify_rank05_repeat04,verify,verify_rank05_repeat04,completed,1,0,18.484566,/home/hzw/Rethinking_GNN_DP/paper_experiments/figure1/search_phase_1/family3/hoa/deepwalk/dataset=cora/feature=deepwalk/feature_dim=200/scale=64/deepwalk_walk_length=40/deepwalk_number_walks=20/deepwalk_window_size=5/deepwalk_workers=20/deepwalk_undirected=true/mechanism=mbm/x_eps=inf/m=best/norm=false/smoother=hoa/backbone=sage/use_nfr=false/logs/verify_rank05_repeat04_attempt_1.log,
verify_finalize,verify,verify_finalize,completed,1,0,0.338828,/home/hzw/Rethinking_GNN_DP/paper_experiments/figure1/search_phase_1/family3/hoa/deepwalk/dataset=cora/feature=deepwalk/feature_dim=200/scale=64/deepwalk_walk_length=40/deepwalk_number_walks=20/deepwalk_window_size=5/deepwalk_workers=20/deepwalk_undirected=true/mechanism=mbm/x_eps=inf/m=best/norm=false/smoother=hoa/backbone=sage/use_nfr=false/logs/verify_finalize_attempt_1.log,
