rank,candidate_id,x_steps,learning_rate,weight_decay,dropout,tao2,val_acc_mean,val_acc_std,val_acc_min,val_acc_max,test_acc_mean,test_acc_std,test_acc_min,test_acc_max,n
1,376,4,0.01,0.0001,0.25,0.1,86.3354034424,0,86.3354034424,86.3354034424,84.9237670898,0,84.9237670898,84.9237670898,1
2,377,4,0.01,0.0001,0.25,0.3,86.3354034424,0,86.3354034424,86.3354034424,84.9237670898,0,84.9237670898,84.9237670898,1
3,378,4,0.01,0.0001,0.25,0.5,86.3354034424,0,86.3354034424,86.3354034424,84.9237670898,0,84.9237670898,84.9237670898,1
4,379,4,0.01,0.0001,0.25,0.7,86.3354034424,0,86.3354034424,86.3354034424,84.9237670898,0,84.9237670898,84.9237670898,1
5,380,4,0.01,0.0001,0.25,0.9,86.3354034424,0,86.3354034424,86.3354034424,84.9237670898,0,84.9237670898,84.9237670898,1
6,391,4,0.01,0.001,0.25,0.1,86.3354034424,0,86.3354034424,86.3354034424,84.9237670898,0,84.9237670898,84.9237670898,1
7,392,4,0.01,0.001,0.25,0.3,86.3354034424,0,86.3354034424,86.3354034424,84.9237670898,0,84.9237670898,84.9237670898,1
8,393,4,0.01,0.001,0.25,0.5,86.3354034424,0,86.3354034424,86.3354034424,84.9237670898,0,84.9237670898,84.9237670898,1
9,394,4,0.01,0.001,0.25,0.7,86.3354034424,0,86.3354034424,86.3354034424,84.9237670898,0,84.9237670898,84.9237670898,1
10,395,4,0.01,0.001,0.25,0.9,86.3354034424,0,86.3354034424,86.3354034424,84.9237670898,0,84.9237670898,84.9237670898,1
11,406,4,0.01,0.01,0.25,0.1,86.3354034424,0,86.3354034424,86.3354034424,84.9237670898,0,84.9237670898,84.9237670898,1
12,407,4,0.01,0.01,0.25,0.3,86.3354034424,0,86.3354034424,86.3354034424,84.9237670898,0,84.9237670898,84.9237670898,1
13,408,4,0.01,0.01,0.25,0.5,86.3354034424,0,86.3354034424,86.3354034424,84.9237670898,0,84.9237670898,84.9237670898,1
14,409,4,0.01,0.01,0.25,0.7,86.3354034424,0,86.3354034424,86.3354034424,84.9237670898,0,84.9237670898,84.9237670898,1
15,410,4,0.01,0.01,0.25,0.9,86.3354034424,0,86.3354034424,86.3354034424,84.9237670898,0,84.9237670898,84.9237670898,1
16,361,4,0.01,0,0.25,0.1,86.2789382935,0,86.2789382935,86.2789382935,84.9237670898,0,84.9237670898,84.9237670898,1
17,362,4,0.01,0,0.25,0.3,86.2789382935,0,86.2789382935,86.2789382935,84.9237670898,0,84.9237670898,84.9237670898,1
18,363,4,0.01,0,0.25,0.5,86.2789382935,0,86.2789382935,86.2789382935,84.9237670898,0,84.9237670898,84.9237670898,1
19,364,4,0.01,0,0.25,0.7,86.2789382935,0,86.2789382935,86.2789382935,84.9237670898,0,84.9237670898,84.9237670898,1
20,365,4,0.01,0,0.25,0.9,86.2789382935,0,86.2789382935,86.2789382935,84.9237670898,0,84.9237670898,84.9237670898,1
21,366,4,0.01,0,0.5,0.1,85.2061004639,0,85.2061004639,85.2061004639,84.5285110474,0,84.5285110474,84.5285110474,1
22,367,4,0.01,0,0.5,0.3,85.2061004639,0,85.2061004639,85.2061004639,84.5285110474,0,84.5285110474,84.5285110474,1
23,368,4,0.01,0,0.5,0.5,85.2061004639,0,85.2061004639,85.2061004639,84.5285110474,0,84.5285110474,84.5285110474,1
24,369,4,0.01,0,0.5,0.7,85.2061004639,0,85.2061004639,85.2061004639,84.5285110474,0,84.5285110474,84.5285110474,1
25,381,4,0.01,0.0001,0.5,0.1,85.2061004639,0,85.2061004639,85.2061004639,84.5285110474,0,84.5285110474,84.5285110474,1
26,382,4,0.01,0.0001,0.5,0.3,85.2061004639,0,85.2061004639,85.2061004639,84.5285110474,0,84.5285110474,84.5285110474,1
27,383,4,0.01,0.0001,0.5,0.5,85.2061004639,0,85.2061004639,85.2061004639,84.5285110474,0,84.5285110474,84.5285110474,1
28,384,4,0.01,0.0001,0.5,0.7,85.2061004639,0,85.2061004639,85.2061004639,84.5285110474,0,84.5285110474,84.5285110474,1
29,396,4,0.01,0.001,0.5,0.1,85.2061004639,0,85.2061004639,85.2061004639,84.5285110474,0,84.5285110474,84.5285110474,1
30,397,4,0.01,0.001,0.5,0.3,85.2061004639,0,85.2061004639,85.2061004639,84.5285110474,0,84.5285110474,84.5285110474,1
31,398,4,0.01,0.001,0.5,0.5,85.2061004639,0,85.2061004639,85.2061004639,84.5285110474,0,84.5285110474,84.5285110474,1
32,399,4,0.01,0.001,0.5,0.7,85.2061004639,0,85.2061004639,85.2061004639,84.5285110474,0,84.5285110474,84.5285110474,1
33,411,4,0.01,0.01,0.5,0.1,85.2061004639,0,85.2061004639,85.2061004639,84.5285110474,0,84.5285110474,84.5285110474,1
34,412,4,0.01,0.01,0.5,0.3,85.2061004639,0,85.2061004639,85.2061004639,84.5285110474,0,84.5285110474,84.5285110474,1
35,413,4,0.01,0.01,0.5,0.5,85.2061004639,0,85.2061004639,85.2061004639,84.5285110474,0,84.5285110474,84.5285110474,1
36,414,4,0.01,0.01,0.5,0.7,85.2061004639,0,85.2061004639,85.2061004639,84.5285110474,0,84.5285110474,84.5285110474,1
37,385,4,0.01,0.0001,0.5,0.9,85.0931625366,0,85.0931625366,85.0931625366,84.6979064941,0,84.6979064941,84.6979064941,1
38,400,4,0.01,0.001,0.5,0.9,85.0931625366,0,85.0931625366,85.0931625366,84.6979064941,0,84.6979064941,84.6979064941,1
39,415,4,0.01,0.01,0.5,0.9,85.0931625366,0,85.0931625366,85.0931625366,84.6979064941,0,84.6979064941,84.6979064941,1
40,370,4,0.01,0,0.5,0.9,85.0366973877,0,85.0366973877,85.0366973877,84.6979064941,0,84.6979064941,84.6979064941,1
41,558,8,0.01,0.0001,0.25,0.5,84.9237670898,0,84.9237670898,84.9237670898,82.7216262817,0,82.7216262817,82.7216262817,1
42,573,8,0.01,0.001,0.25,0.5,84.9237670898,0,84.9237670898,84.9237670898,82.6651611328,0,82.6651611328,82.6651611328,1
43,588,8,0.01,0.01,0.25,0.5,84.9237670898,0,84.9237670898,84.9237670898,82.6651611328,0,82.6651611328,82.6651611328,1
44,543,8,0.01,0,0.25,0.5,84.8673019409,0,84.8673019409,84.8673019409,82.7780914307,0,82.7780914307,82.7780914307,1
45,572,8,0.01,0.001,0.25,0.3,84.8673019409,0,84.8673019409,84.8673019409,82.7216262817,0,82.7216262817,82.7216262817,1
46,574,8,0.01,0.001,0.25,0.7,84.8673019409,0,84.8673019409,84.8673019409,82.6651611328,0,82.6651611328,82.6651611328,1
47,587,8,0.01,0.01,0.25,0.3,84.8673019409,0,84.8673019409,84.8673019409,82.7216262817,0,82.7216262817,82.7216262817,1
48,589,8,0.01,0.01,0.25,0.7,84.8673019409,0,84.8673019409,84.8673019409,82.6651611328,0,82.6651611328,82.6651611328,1
49,542,8,0.01,0,0.25,0.3,84.8108444214,0,84.8108444214,84.8108444214,82.7780914307,0,82.7780914307,82.7780914307,1
50,557,8,0.01,0.0001,0.25,0.3,84.8108444214,0,84.8108444214,84.8108444214,82.7216262817,0,82.7216262817,82.7216262817,1
51,541,8,0.01,0,0.25,0.1,84.7543716431,0,84.7543716431,84.7543716431,82.7216262817,0,82.7216262817,82.7216262817,1
52,544,8,0.01,0,0.25,0.7,84.7543716431,0,84.7543716431,84.7543716431,82.9474868774,0,82.9474868774,82.9474868774,1
53,556,8,0.01,0.0001,0.25,0.1,84.7543716431,0,84.7543716431,84.7543716431,82.7216262817,0,82.7216262817,82.7216262817,1
54,559,8,0.01,0.0001,0.25,0.7,84.7543716431,0,84.7543716431,84.7543716431,82.6651611328,0,82.6651611328,82.6651611328,1
55,571,8,0.01,0.001,0.25,0.1,84.7543716431,0,84.7543716431,84.7543716431,82.7216262817,0,82.7216262817,82.7216262817,1
56,586,8,0.01,0.01,0.25,0.1,84.7543716431,0,84.7543716431,84.7543716431,82.7216262817,0,82.7216262817,82.7216262817,1
57,421,4,0.001,0,0.25,0.1,84.6979064941,0,84.6979064941,84.6979064941,83.9638595581,0,83.9638595581,83.9638595581,1
58,422,4,0.001,0,0.25,0.3,84.6979064941,0,84.6979064941,84.6979064941,84.020324707,0,84.020324707,84.020324707,1
59,423,4,0.001,0,0.25,0.5,84.6979064941,0,84.6979064941,84.6979064941,84.020324707,0,84.020324707,84.020324707,1
60,425,4,0.001,0,0.25,0.9,84.6979064941,0,84.6979064941,84.6979064941,84.076789856,0,84.076789856,84.076789856,1
61,436,4,0.001,0.0001,0.25,0.1,84.6979064941,0,84.6979064941,84.6979064941,83.9638595581,0,83.9638595581,83.9638595581,1
62,437,4,0.001,0.0001,0.25,0.3,84.6979064941,0,84.6979064941,84.6979064941,83.9638595581,0,83.9638595581,83.9638595581,1
63,438,4,0.001,0.0001,0.25,0.5,84.6979064941,0,84.6979064941,84.6979064941,83.9638595581,0,83.9638595581,83.9638595581,1
64,440,4,0.001,0.0001,0.25,0.9,84.6979064941,0,84.6979064941,84.6979064941,84.020324707,0,84.020324707,84.020324707,1
65,451,4,0.001,0.001,0.25,0.1,84.6979064941,0,84.6979064941,84.6979064941,83.9638595581,0,83.9638595581,83.9638595581,1
66,452,4,0.001,0.001,0.25,0.3,84.6979064941,0,84.6979064941,84.6979064941,83.9638595581,0,83.9638595581,83.9638595581,1
67,453,4,0.001,0.001,0.25,0.5,84.6979064941,0,84.6979064941,84.6979064941,83.9638595581,0,83.9638595581,83.9638595581,1
68,455,4,0.001,0.001,0.25,0.9,84.6979064941,0,84.6979064941,84.6979064941,84.020324707,0,84.020324707,84.020324707,1
69,466,4,0.001,0.01,0.25,0.1,84.6979064941,0,84.6979064941,84.6979064941,83.9638595581,0,83.9638595581,83.9638595581,1
70,467,4,0.001,0.01,0.25,0.3,84.6979064941,0,84.6979064941,84.6979064941,83.9638595581,0,83.9638595581,83.9638595581,1
71,468,4,0.001,0.01,0.25,0.5,84.6979064941,0,84.6979064941,84.6979064941,83.9638595581,0,83.9638595581,83.9638595581,1
72,470,4,0.001,0.01,0.25,0.9,84.6979064941,0,84.6979064941,84.6979064941,84.020324707,0,84.020324707,84.020324707,1
73,424,4,0.001,0,0.25,0.7,84.6414413452,0,84.6414413452,84.6414413452,84.1332550049,0,84.1332550049,84.1332550049,1
74,439,4,0.001,0.0001,0.25,0.7,84.6414413452,0,84.6414413452,84.6414413452,84.076789856,0,84.076789856,84.076789856,1
75,454,4,0.001,0.001,0.25,0.7,84.6414413452,0,84.6414413452,84.6414413452,84.076789856,0,84.076789856,84.076789856,1
76,469,4,0.001,0.01,0.25,0.7,84.6414413452,0,84.6414413452,84.6414413452,84.076789856,0,84.076789856,84.076789856,1
77,575,8,0.01,0.001,0.25,0.9,84.6414413452,0,84.6414413452,84.6414413452,82.8345565796,0,82.8345565796,82.8345565796,1
78,590,8,0.01,0.01,0.25,0.9,84.6414413452,0,84.6414413452,84.6414413452,82.8345565796,0,82.8345565796,82.8345565796,1
79,545,8,0.01,0,0.25,0.9,84.5849838257,0,84.5849838257,84.5849838257,82.8345565796,0,82.8345565796,82.8345565796,1
80,560,8,0.01,0.0001,0.25,0.9,84.5849838257,0,84.5849838257,84.5849838257,82.8345565796,0,82.8345565796,82.8345565796,1
81,740,16,0.01,0.0001,0.25,0.9,84.5849838257,0,84.5849838257,84.5849838257,82.6086959839,0,82.6086959839,82.6086959839,1
82,755,16,0.01,0.001,0.25,0.9,84.5849838257,0,84.5849838257,84.5849838257,82.6086959839,0,82.6086959839,82.6086959839,1
83,770,16,0.01,0.01,0.25,0.9,84.5849838257,0,84.5849838257,84.5849838257,82.6086959839,0,82.6086959839,82.6086959839,1
84,725,16,0.01,0,0.25,0.9,84.5285110474,0,84.5285110474,84.5285110474,82.6086959839,0,82.6086959839,82.6086959839,1
85,736,16,0.01,0.0001,0.25,0.1,84.3591156006,0,84.3591156006,84.3591156006,82.6651611328,0,82.6651611328,82.6651611328,1
86,751,16,0.01,0.001,0.25,0.1,84.3591156006,0,84.3591156006,84.3591156006,82.552230835,0,82.552230835,82.552230835,1
87,766,16,0.01,0.01,0.25,0.1,84.3591156006,0,84.3591156006,84.3591156006,82.552230835,0,82.552230835,82.552230835,1
88,241,2,0.001,0,0.25,0.1,84.2461853027,0,84.2461853027,84.2461853027,82.9474868774,0,82.9474868774,82.9474868774,1
89,242,2,0.001,0,0.25,0.3,84.2461853027,0,84.2461853027,84.2461853027,82.9474868774,0,82.9474868774,82.9474868774,1
90,243,2,0.001,0,0.25,0.5,84.2461853027,0,84.2461853027,84.2461853027,82.9474868774,0,82.9474868774,82.9474868774,1
91,721,16,0.01,0,0.25,0.1,84.2461853027,0,84.2461853027,84.2461853027,82.6086959839,0,82.6086959839,82.6086959839,1
92,738,16,0.01,0.0001,0.25,0.5,84.2461853027,0,84.2461853027,84.2461853027,82.7216262817,0,82.7216262817,82.7216262817,1
93,753,16,0.01,0.001,0.25,0.5,84.2461853027,0,84.2461853027,84.2461853027,82.7216262817,0,82.7216262817,82.7216262817,1
94,768,16,0.01,0.01,0.25,0.5,84.2461853027,0,84.2461853027,84.2461853027,82.7216262817,0,82.7216262817,82.7216262817,1
95,245,2,0.001,0,0.25,0.9,84.1897201538,0,84.1897201538,84.1897201538,82.8345565796,0,82.8345565796,82.8345565796,1
96,601,8,0.001,0,0.25,0.1,84.1897201538,0,84.1897201538,84.1897201538,84.3591156006,0,84.3591156006,84.3591156006,1
97,602,8,0.001,0,0.25,0.3,84.1897201538,0,84.1897201538,84.1897201538,84.3026504517,0,84.3026504517,84.3026504517,1
98,603,8,0.001,0,0.25,0.5,84.1897201538,0,84.1897201538,84.1897201538,84.3591156006,0,84.3591156006,84.3591156006,1
99,604,8,0.001,0,0.25,0.7,84.1897201538,0,84.1897201538,84.1897201538,84.3591156006,0,84.3591156006,84.3591156006,1
100,616,8,0.001,0.0001,0.25,0.1,84.1897201538,0,84.1897201538,84.1897201538,84.3591156006,0,84.3591156006,84.3591156006,1
101,617,8,0.001,0.0001,0.25,0.3,84.1897201538,0,84.1897201538,84.1897201538,84.3026504517,0,84.3026504517,84.3026504517,1
102,618,8,0.001,0.0001,0.25,0.5,84.1897201538,0,84.1897201538,84.1897201538,84.3591156006,0,84.3591156006,84.3591156006,1
103,619,8,0.001,0.0001,0.25,0.7,84.1897201538,0,84.1897201538,84.1897201538,84.3591156006,0,84.3591156006,84.3591156006,1
104,631,8,0.001,0.001,0.25,0.1,84.1897201538,0,84.1897201538,84.1897201538,84.3591156006,0,84.3591156006,84.3591156006,1
105,632,8,0.001,0.001,0.25,0.3,84.1897201538,0,84.1897201538,84.1897201538,84.3026504517,0,84.3026504517,84.3026504517,1
106,633,8,0.001,0.001,0.25,0.5,84.1897201538,0,84.1897201538,84.1897201538,84.3591156006,0,84.3591156006,84.3591156006,1
107,634,8,0.001,0.001,0.25,0.7,84.1897201538,0,84.1897201538,84.1897201538,84.3591156006,0,84.3591156006,84.3591156006,1
108,646,8,0.001,0.01,0.25,0.1,84.1897201538,0,84.1897201538,84.1897201538,84.3591156006,0,84.3591156006,84.3591156006,1
109,647,8,0.001,0.01,0.25,0.3,84.1897201538,0,84.1897201538,84.1897201538,84.3026504517,0,84.3026504517,84.3026504517,1
110,648,8,0.001,0.01,0.25,0.5,84.1897201538,0,84.1897201538,84.1897201538,84.3591156006,0,84.3591156006,84.3591156006,1
111,649,8,0.001,0.01,0.25,0.7,84.1897201538,0,84.1897201538,84.1897201538,84.3591156006,0,84.3591156006,84.3591156006,1
112,723,16,0.01,0,0.25,0.5,84.1897201538,0,84.1897201538,84.1897201538,82.7216262817,0,82.7216262817,82.7216262817,1
113,737,16,0.01,0.0001,0.25,0.3,84.1897201538,0,84.1897201538,84.1897201538,82.6651611328,0,82.6651611328,82.6651611328,1
114,739,16,0.01,0.0001,0.25,0.7,84.1897201538,0,84.1897201538,84.1897201538,82.6086959839,0,82.6086959839,82.6086959839,1
115,752,16,0.01,0.001,0.25,0.3,84.1897201538,0,84.1897201538,84.1897201538,82.6651611328,0,82.6651611328,82.6651611328,1
116,754,16,0.01,0.001,0.25,0.7,84.1897201538,0,84.1897201538,84.1897201538,82.6651611328,0,82.6651611328,82.6651611328,1
117,767,16,0.01,0.01,0.25,0.3,84.1897201538,0,84.1897201538,84.1897201538,82.6651611328,0,82.6651611328,82.6651611328,1
118,769,16,0.01,0.01,0.25,0.7,84.1897201538,0,84.1897201538,84.1897201538,82.6651611328,0,82.6651611328,82.6651611328,1
119,244,2,0.001,0,0.25,0.7,84.1332550049,0,84.1332550049,84.1332550049,82.8910217285,0,82.8910217285,82.8910217285,1
120,605,8,0.001,0,0.25,0.9,84.1332550049,0,84.1332550049,84.1332550049,84.3591156006,0,84.3591156006,84.3591156006,1
121,620,8,0.001,0.0001,0.25,0.9,84.1332550049,0,84.1332550049,84.1332550049,84.3591156006,0,84.3591156006,84.3591156006,1
122,635,8,0.001,0.001,0.25,0.9,84.1332550049,0,84.1332550049,84.1332550049,84.3591156006,0,84.3591156006,84.3591156006,1
123,650,8,0.001,0.01,0.25,0.9,84.1332550049,0,84.1332550049,84.1332550049,84.3591156006,0,84.3591156006,84.3591156006,1
124,256,2,0.001,0.0001,0.25,0.1,84.076789856,0,84.076789856,84.076789856,82.8910217285,0,82.8910217285,82.8910217285,1
125,257,2,0.001,0.0001,0.25,0.3,84.076789856,0,84.076789856,84.076789856,82.8910217285,0,82.8910217285,82.8910217285,1
126,271,2,0.001,0.001,0.25,0.1,84.076789856,0,84.076789856,84.076789856,82.9474868774,0,82.9474868774,82.9474868774,1
127,272,2,0.001,0.001,0.25,0.3,84.076789856,0,84.076789856,84.076789856,82.8910217285,0,82.8910217285,82.8910217285,1
128,286,2,0.001,0.01,0.25,0.1,84.076789856,0,84.076789856,84.076789856,82.9474868774,0,82.9474868774,82.9474868774,1
129,287,2,0.001,0.01,0.25,0.3,84.076789856,0,84.076789856,84.076789856,82.8910217285,0,82.8910217285,82.8910217285,1
130,722,16,0.01,0,0.25,0.3,84.076789856,0,84.076789856,84.076789856,82.6651611328,0,82.6651611328,82.6651611328,1
131,724,16,0.01,0,0.25,0.7,84.076789856,0,84.076789856,84.076789856,82.552230835,0,82.552230835,82.552230835,1
132,260,2,0.001,0.0001,0.25,0.9,84.020324707,0,84.020324707,84.020324707,82.8910217285,0,82.8910217285,82.8910217285,1
133,275,2,0.001,0.001,0.25,0.9,84.020324707,0,84.020324707,84.020324707,82.8910217285,0,82.8910217285,82.8910217285,1
134,290,2,0.001,0.01,0.25,0.9,84.020324707,0,84.020324707,84.020324707,82.8910217285,0,82.8910217285,82.8910217285,1
135,258,2,0.001,0.0001,0.25,0.5,83.9638595581,0,83.9638595581,83.9638595581,82.8910217285,0,82.8910217285,82.8910217285,1
136,273,2,0.001,0.001,0.25,0.5,83.9638595581,0,83.9638595581,83.9638595581,82.8910217285,0,82.8910217285,82.8910217285,1
137,288,2,0.001,0.01,0.25,0.5,83.9638595581,0,83.9638595581,83.9638595581,82.8910217285,0,82.8910217285,82.8910217285,1
138,259,2,0.001,0.0001,0.25,0.7,83.7944641113,0,83.7944641113,83.7944641113,83.1168823242,0,83.1168823242,83.1168823242,1
139,274,2,0.001,0.001,0.25,0.7,83.7944641113,0,83.7944641113,83.7944641113,83.1168823242,0,83.1168823242,83.1168823242,1
140,289,2,0.001,0.01,0.25,0.7,83.7944641113,0,83.7944641113,83.7944641113,83.1168823242,0,83.1168823242,83.1168823242,1
141,549,8,0.01,0,0.5,0.7,83.3427429199,0,83.3427429199,83.3427429199,81.8181838989,0,81.8181838989,81.8181838989,1
142,547,8,0.01,0,0.5,0.3,83.286277771,0,83.286277771,83.286277771,81.9311065674,0,81.9311065674,81.9311065674,1
143,564,8,0.01,0.0001,0.5,0.7,83.286277771,0,83.286277771,83.286277771,81.8746414185,0,81.8746414185,81.8746414185,1
144,579,8,0.01,0.001,0.5,0.7,83.286277771,0,83.286277771,83.286277771,81.8746414185,0,81.8746414185,81.8746414185,1
145,594,8,0.01,0.01,0.5,0.7,83.286277771,0,83.286277771,83.286277771,81.8746414185,0,81.8746414185,81.8746414185,1
146,548,8,0.01,0,0.5,0.5,83.2298126221,0,83.2298126221,83.2298126221,81.9311065674,0,81.9311065674,81.9311065674,1
147,562,8,0.01,0.0001,0.5,0.3,83.2298126221,0,83.2298126221,83.2298126221,81.9875793457,0,81.9875793457,81.9875793457,1
148,577,8,0.01,0.001,0.5,0.3,83.2298126221,0,83.2298126221,83.2298126221,81.9875793457,0,81.9875793457,81.9875793457,1
149,592,8,0.01,0.01,0.5,0.3,83.2298126221,0,83.2298126221,83.2298126221,81.9875793457,0,81.9875793457,81.9875793457,1
150,546,8,0.01,0,0.5,0.1,83.1733474731,0,83.1733474731,83.1733474731,81.76171875,0,81.76171875,81.76171875,1
151,563,8,0.01,0.0001,0.5,0.5,83.1733474731,0,83.1733474731,83.1733474731,81.9875793457,0,81.9875793457,81.9875793457,1
152,578,8,0.01,0.001,0.5,0.5,83.1733474731,0,83.1733474731,83.1733474731,81.9875793457,0,81.9875793457,81.9875793457,1
153,593,8,0.01,0.01,0.5,0.5,83.1733474731,0,83.1733474731,83.1733474731,81.9875793457,0,81.9875793457,81.9875793457,1
154,561,8,0.01,0.0001,0.5,0.1,83.1168823242,0,83.1168823242,83.1168823242,81.8181838989,0,81.8181838989,81.8181838989,1
155,576,8,0.01,0.001,0.5,0.1,83.1168823242,0,83.1168823242,83.1168823242,81.8181838989,0,81.8181838989,81.8181838989,1
156,591,8,0.01,0.01,0.5,0.1,83.1168823242,0,83.1168823242,83.1168823242,81.8181838989,0,81.8181838989,81.8181838989,1
157,197,2,0.01,0.0001,0.25,0.3,83.0604171753,0,83.0604171753,83.0604171753,80.8018035889,0,80.8018035889,80.8018035889,1
158,198,2,0.01,0.0001,0.25,0.5,83.0604171753,0,83.0604171753,83.0604171753,80.5759429932,0,80.5759429932,80.5759429932,1
159,188,2,0.01,0,0.5,0.5,83.0039520264,0,83.0039520264,83.0039520264,81.7052459717,0,81.7052459717,81.7052459717,1
160,186,2,0.01,0,0.5,0.1,82.9474868774,0,82.9474868774,82.9474868774,81.76171875,0,81.76171875,81.76171875,1
161,187,2,0.01,0,0.5,0.3,82.9474868774,0,82.9474868774,82.9474868774,81.76171875,0,81.76171875,81.76171875,1
162,189,2,0.01,0,0.5,0.7,82.9474868774,0,82.9474868774,82.9474868774,81.8746414185,0,81.8746414185,81.8746414185,1
163,211,2,0.01,0.001,0.25,0.1,82.9474868774,0,82.9474868774,82.9474868774,81.1405944824,0,81.1405944824,81.1405944824,1
164,226,2,0.01,0.01,0.25,0.1,82.9474868774,0,82.9474868774,82.9474868774,81.1970672607,0,81.1970672607,81.1970672607,1
165,190,2,0.01,0,0.5,0.9,82.8910217285,0,82.8910217285,82.8910217285,81.7052459717,0,81.7052459717,81.7052459717,1
166,213,2,0.01,0.001,0.25,0.5,82.8910217285,0,82.8910217285,82.8910217285,81.1405944824,0,81.1405944824,81.1405944824,1
167,228,2,0.01,0.01,0.25,0.5,82.8910217285,0,82.8910217285,82.8910217285,81.1405944824,0,81.1405944824,81.1405944824,1
168,196,2,0.01,0.0001,0.25,0.1,82.8345565796,0,82.8345565796,82.8345565796,81.0841293335,0,81.0841293335,81.0841293335,1
169,199,2,0.01,0.0001,0.25,0.7,82.8345565796,0,82.8345565796,82.8345565796,80.5759429932,0,80.5759429932,80.5759429932,1
170,214,2,0.01,0.001,0.25,0.7,82.8345565796,0,82.8345565796,82.8345565796,81.1970672607,0,81.1970672607,81.1970672607,1
171,229,2,0.01,0.01,0.25,0.7,82.8345565796,0,82.8345565796,82.8345565796,81.1970672607,0,81.1970672607,81.1970672607,1
172,565,8,0.01,0.0001,0.5,0.9,82.8345565796,0,82.8345565796,82.8345565796,81.8181838989,0,81.8181838989,81.8181838989,1
173,580,8,0.01,0.001,0.5,0.9,82.8345565796,0,82.8345565796,82.8345565796,81.8181838989,0,81.8181838989,81.8181838989,1
174,595,8,0.01,0.01,0.5,0.9,82.8345565796,0,82.8345565796,82.8345565796,81.8181838989,0,81.8181838989,81.8181838989,1
175,212,2,0.01,0.001,0.25,0.3,82.7780914307,0,82.7780914307,82.7780914307,80.8582687378,0,80.8582687378,80.8582687378,1
176,215,2,0.01,0.001,0.25,0.9,82.7780914307,0,82.7780914307,82.7780914307,81.1970672607,0,81.1970672607,81.1970672607,1
177,230,2,0.01,0.01,0.25,0.9,82.7780914307,0,82.7780914307,82.7780914307,81.0841293335,0,81.0841293335,81.0841293335,1
178,550,8,0.01,0,0.5,0.9,82.7780914307,0,82.7780914307,82.7780914307,81.8181838989,0,81.8181838989,81.8181838989,1
179,182,2,0.01,0,0.25,0.3,82.7216262817,0,82.7216262817,82.7216262817,80.0677566528,0,80.0677566528,80.0677566528,1
180,183,2,0.01,0,0.25,0.5,82.7216262817,0,82.7216262817,82.7216262817,80.0112915039,0,80.0112915039,80.0112915039,1
181,201,2,0.01,0.0001,0.5,0.1,82.7216262817,0,82.7216262817,82.7216262817,81.6487884521,0,81.6487884521,81.6487884521,1
182,202,2,0.01,0.0001,0.5,0.3,82.7216262817,0,82.7216262817,82.7216262817,81.6487884521,0,81.6487884521,81.6487884521,1
183,227,2,0.01,0.01,0.25,0.3,82.7216262817,0,82.7216262817,82.7216262817,80.9711990356,0,80.9711990356,80.9711990356,1
184,280,2,0.001,0.001,0.5,0.9,82.7216262817,0,82.7216262817,82.7216262817,82.4957580566,0,82.4957580566,82.4957580566,1
185,184,2,0.01,0,0.25,0.7,82.6651611328,0,82.6651611328,82.6651611328,79.8983612061,0,79.8983612061,79.8983612061,1
186,217,2,0.01,0.001,0.5,0.3,82.6651611328,0,82.6651611328,82.6651611328,81.479385376,0,81.479385376,81.479385376,1
187,218,2,0.01,0.001,0.5,0.5,82.6651611328,0,82.6651611328,82.6651611328,81.5358505249,0,81.5358505249,81.5358505249,1
188,219,2,0.01,0.001,0.5,0.7,82.6651611328,0,82.6651611328,82.6651611328,81.76171875,0,81.76171875,81.76171875,1
189,232,2,0.01,0.01,0.5,0.3,82.6651611328,0,82.6651611328,82.6651611328,81.479385376,0,81.479385376,81.479385376,1
190,233,2,0.01,0.01,0.5,0.5,82.6651611328,0,82.6651611328,82.6651611328,81.5358505249,0,81.5358505249,81.5358505249,1
191,234,2,0.01,0.01,0.5,0.7,82.6651611328,0,82.6651611328,82.6651611328,81.76171875,0,81.76171875,81.76171875,1
192,278,2,0.001,0.001,0.5,0.5,82.6651611328,0,82.6651611328,82.6651611328,82.4957580566,0,82.4957580566,82.4957580566,1
193,295,2,0.001,0.01,0.5,0.9,82.6651611328,0,82.6651611328,82.6651611328,82.4957580566,0,82.4957580566,82.4957580566,1
194,200,2,0.01,0.0001,0.25,0.9,82.6086959839,0,82.6086959839,82.6086959839,80.8582687378,0,80.8582687378,80.8582687378,1
195,220,2,0.01,0.001,0.5,0.9,82.6086959839,0,82.6086959839,82.6086959839,81.1970672607,0,81.1970672607,81.1970672607,1
196,235,2,0.01,0.01,0.5,0.9,82.6086959839,0,82.6086959839,82.6086959839,81.1970672607,0,81.1970672607,81.1970672607,1
197,263,2,0.001,0.0001,0.5,0.5,82.6086959839,0,82.6086959839,82.6086959839,82.4957580566,0,82.4957580566,82.4957580566,1
198,276,2,0.001,0.001,0.5,0.1,82.6086959839,0,82.6086959839,82.6086959839,82.6086959839,0,82.6086959839,82.6086959839,1
199,277,2,0.001,0.001,0.5,0.3,82.6086959839,0,82.6086959839,82.6086959839,82.6086959839,0,82.6086959839,82.6086959839,1
200,279,2,0.001,0.001,0.5,0.7,82.6086959839,0,82.6086959839,82.6086959839,82.4393005371,0,82.4393005371,82.4393005371,1
201,293,2,0.001,0.01,0.5,0.5,82.6086959839,0,82.6086959839,82.6086959839,82.4957580566,0,82.4957580566,82.4957580566,1
202,294,2,0.001,0.01,0.5,0.7,82.6086959839,0,82.6086959839,82.6086959839,82.4393005371,0,82.4393005371,82.4393005371,1
203,203,2,0.01,0.0001,0.5,0.5,82.552230835,0,82.552230835,82.552230835,81.6487884521,0,81.6487884521,81.6487884521,1
204,231,2,0.01,0.01,0.5,0.1,82.552230835,0,82.552230835,82.552230835,81.8181838989,0,81.8181838989,81.8181838989,1
205,261,2,0.001,0.0001,0.5,0.1,82.552230835,0,82.552230835,82.552230835,82.6086959839,0,82.6086959839,82.6086959839,1
206,262,2,0.001,0.0001,0.5,0.3,82.552230835,0,82.552230835,82.552230835,82.6086959839,0,82.6086959839,82.6086959839,1
207,264,2,0.001,0.0001,0.5,0.7,82.552230835,0,82.552230835,82.552230835,82.4393005371,0,82.4393005371,82.4393005371,1
208,265,2,0.001,0.0001,0.5,0.9,82.552230835,0,82.552230835,82.552230835,82.4393005371,0,82.4393005371,82.4393005371,1
209,291,2,0.001,0.01,0.5,0.1,82.552230835,0,82.552230835,82.552230835,82.6086959839,0,82.6086959839,82.6086959839,1
210,292,2,0.001,0.01,0.5,0.3,82.552230835,0,82.552230835,82.552230835,82.6086959839,0,82.6086959839,82.6086959839,1
211,430,4,0.001,0,0.5,0.9,82.4957580566,0,82.4957580566,82.4957580566,82.3263702393,0,82.3263702393,82.3263702393,1
212,445,4,0.001,0.0001,0.5,0.9,82.4957580566,0,82.4957580566,82.4957580566,82.3828353882,0,82.3828353882,82.3828353882,1
213,460,4,0.001,0.001,0.5,0.9,82.4957580566,0,82.4957580566,82.4957580566,82.3828353882,0,82.3828353882,82.3828353882,1
214,475,4,0.001,0.01,0.5,0.9,82.4957580566,0,82.4957580566,82.4957580566,82.3828353882,0,82.3828353882,82.3828353882,1
215,181,2,0.01,0,0.25,0.1,82.4393005371,0,82.4393005371,82.4393005371,80.0112915039,0,80.0112915039,80.0112915039,1
216,185,2,0.01,0,0.25,0.9,82.4393005371,0,82.4393005371,82.4393005371,80.0112915039,0,80.0112915039,80.0112915039,1
217,249,2,0.001,0,0.5,0.7,82.3828353882,0,82.3828353882,82.3828353882,82.3263702393,0,82.3263702393,82.3263702393,1
218,429,4,0.001,0,0.5,0.7,82.3828353882,0,82.3828353882,82.3828353882,82.2134399414,0,82.2134399414,82.2134399414,1
219,444,4,0.001,0.0001,0.5,0.7,82.3828353882,0,82.3828353882,82.3828353882,82.1005020142,0,82.1005020142,82.1005020142,1
220,459,4,0.001,0.001,0.5,0.7,82.3828353882,0,82.3828353882,82.3828353882,82.1005020142,0,82.1005020142,82.1005020142,1
221,474,4,0.001,0.01,0.5,0.7,82.3828353882,0,82.3828353882,82.3828353882,82.1005020142,0,82.1005020142,82.1005020142,1
222,246,2,0.001,0,0.5,0.1,82.3263702393,0,82.3263702393,82.3263702393,82.3828353882,0,82.3828353882,82.3828353882,1
223,247,2,0.001,0,0.5,0.3,82.3263702393,0,82.3263702393,82.3263702393,82.3828353882,0,82.3828353882,82.3828353882,1
224,248,2,0.001,0,0.5,0.5,82.3263702393,0,82.3263702393,82.3263702393,82.3828353882,0,82.3828353882,82.3828353882,1
225,426,4,0.001,0,0.5,0.1,82.3263702393,0,82.3263702393,82.3263702393,82.2134399414,0,82.2134399414,82.2134399414,1
226,427,4,0.001,0,0.5,0.3,82.3263702393,0,82.3263702393,82.3263702393,82.2134399414,0,82.2134399414,82.2134399414,1
227,441,4,0.001,0.0001,0.5,0.1,82.3263702393,0,82.3263702393,82.3263702393,82.1005020142,0,82.1005020142,82.1005020142,1
228,442,4,0.001,0.0001,0.5,0.3,82.3263702393,0,82.3263702393,82.3263702393,82.1005020142,0,82.1005020142,82.1005020142,1
229,443,4,0.001,0.0001,0.5,0.5,82.3263702393,0,82.3263702393,82.3263702393,82.1005020142,0,82.1005020142,82.1005020142,1
230,456,4,0.001,0.001,0.5,0.1,82.3263702393,0,82.3263702393,82.3263702393,82.1005020142,0,82.1005020142,82.1005020142,1
231,457,4,0.001,0.001,0.5,0.3,82.3263702393,0,82.3263702393,82.3263702393,82.1005020142,0,82.1005020142,82.1005020142,1
232,458,4,0.001,0.001,0.5,0.5,82.3263702393,0,82.3263702393,82.3263702393,82.1005020142,0,82.1005020142,82.1005020142,1
233,471,4,0.001,0.01,0.5,0.1,82.3263702393,0,82.3263702393,82.3263702393,82.1005020142,0,82.1005020142,82.1005020142,1
234,472,4,0.001,0.01,0.5,0.3,82.3263702393,0,82.3263702393,82.3263702393,82.1005020142,0,82.1005020142,82.1005020142,1
235,473,4,0.001,0.01,0.5,0.5,82.3263702393,0,82.3263702393,82.3263702393,82.1005020142,0,82.1005020142,82.1005020142,1
236,205,2,0.01,0.0001,0.5,0.9,82.2698974609,0,82.2698974609,82.2698974609,81.0841293335,0,81.0841293335,81.0841293335,1
237,250,2,0.001,0,0.5,0.9,82.2698974609,0,82.2698974609,82.2698974609,82.3828353882,0,82.3828353882,82.3828353882,1
238,428,4,0.001,0,0.5,0.5,82.2698974609,0,82.2698974609,82.2698974609,82.2134399414,0,82.2134399414,82.2134399414,1
239,608,8,0.001,0,0.5,0.5,82.2698974609,0,82.2698974609,82.2698974609,81.2535247803,0,81.2535247803,81.2535247803,1
240,609,8,0.001,0,0.5,0.7,82.2698974609,0,82.2698974609,82.2698974609,81.1405944824,0,81.1405944824,81.1405944824,1
241,623,8,0.001,0.0001,0.5,0.5,82.2698974609,0,82.2698974609,82.2698974609,81.2535247803,0,81.2535247803,81.2535247803,1
242,624,8,0.001,0.0001,0.5,0.7,82.2698974609,0,82.2698974609,82.2698974609,81.1405944824,0,81.1405944824,81.1405944824,1
243,638,8,0.001,0.001,0.5,0.5,82.2698974609,0,82.2698974609,82.2698974609,81.2535247803,0,81.2535247803,81.2535247803,1
244,639,8,0.001,0.001,0.5,0.7,82.2698974609,0,82.2698974609,82.2698974609,81.1405944824,0,81.1405944824,81.1405944824,1
245,654,8,0.001,0.01,0.5,0.7,82.2698974609,0,82.2698974609,82.2698974609,81.1405944824,0,81.1405944824,81.1405944824,1
246,204,2,0.01,0.0001,0.5,0.7,82.2134399414,0,82.2134399414,82.2134399414,80.9711990356,0,80.9711990356,80.9711990356,1
247,606,8,0.001,0,0.5,0.1,82.2134399414,0,82.2134399414,82.2134399414,81.1970672607,0,81.1970672607,81.1970672607,1
248,610,8,0.001,0,0.5,0.9,82.2134399414,0,82.2134399414,82.2134399414,81.0841293335,0,81.0841293335,81.0841293335,1
249,621,8,0.001,0.0001,0.5,0.1,82.2134399414,0,82.2134399414,82.2134399414,81.1970672607,0,81.1970672607,81.1970672607,1
250,625,8,0.001,0.0001,0.5,0.9,82.2134399414,0,82.2134399414,82.2134399414,81.0841293335,0,81.0841293335,81.0841293335,1
251,636,8,0.001,0.001,0.5,0.1,82.2134399414,0,82.2134399414,82.2134399414,81.1970672607,0,81.1970672607,81.1970672607,1
252,640,8,0.001,0.001,0.5,0.9,82.2134399414,0,82.2134399414,82.2134399414,81.0841293335,0,81.0841293335,81.0841293335,1
253,651,8,0.001,0.01,0.5,0.1,82.2134399414,0,82.2134399414,82.2134399414,81.1970672607,0,81.1970672607,81.1970672607,1
254,653,8,0.001,0.01,0.5,0.5,82.2134399414,0,82.2134399414,82.2134399414,81.2535247803,0,81.2535247803,81.2535247803,1
255,655,8,0.001,0.01,0.5,0.9,82.2134399414,0,82.2134399414,82.2134399414,81.0841293335,0,81.0841293335,81.0841293335,1
256,607,8,0.001,0,0.5,0.3,82.1569747925,0,82.1569747925,82.1569747925,81.1970672607,0,81.1970672607,81.1970672607,1
257,622,8,0.001,0.0001,0.5,0.3,82.1569747925,0,82.1569747925,82.1569747925,81.1970672607,0,81.1970672607,81.1970672607,1
258,637,8,0.001,0.001,0.5,0.3,82.1569747925,0,82.1569747925,82.1569747925,81.1970672607,0,81.1970672607,81.1970672607,1
259,652,8,0.001,0.01,0.5,0.3,82.1569747925,0,82.1569747925,82.1569747925,81.1970672607,0,81.1970672607,81.1970672607,1
260,216,2,0.01,0.001,0.5,0.1,82.1005020142,0,82.1005020142,82.1005020142,80.9711990356,0,80.9711990356,80.9711990356,1
261,781,16,0.001,0,0.25,0.1,81.6487884521,0,81.6487884521,81.6487884521,80.0677566528,0,80.0677566528,80.0677566528,1
262,782,16,0.001,0,0.25,0.3,81.6487884521,0,81.6487884521,81.6487884521,80.1242218018,0,80.1242218018,80.1242218018,1
263,784,16,0.001,0,0.25,0.7,81.6487884521,0,81.6487884521,81.6487884521,79.954826355,0,79.954826355,79.954826355,1
264,796,16,0.001,0.0001,0.25,0.1,81.6487884521,0,81.6487884521,81.6487884521,80.0677566528,0,80.0677566528,80.0677566528,1
265,797,16,0.001,0.0001,0.25,0.3,81.6487884521,0,81.6487884521,81.6487884521,80.1242218018,0,80.1242218018,80.1242218018,1
266,811,16,0.001,0.001,0.25,0.1,81.6487884521,0,81.6487884521,81.6487884521,80.0677566528,0,80.0677566528,80.0677566528,1
267,812,16,0.001,0.001,0.25,0.3,81.6487884521,0,81.6487884521,81.6487884521,80.1242218018,0,80.1242218018,80.1242218018,1
268,826,16,0.001,0.01,0.25,0.1,81.6487884521,0,81.6487884521,81.6487884521,80.0677566528,0,80.0677566528,80.0677566528,1
269,827,16,0.001,0.01,0.25,0.3,81.6487884521,0,81.6487884521,81.6487884521,80.1242218018,0,80.1242218018,80.1242218018,1
270,798,16,0.001,0.0001,0.25,0.5,81.5923233032,0,81.5923233032,81.5923233032,80.0677566528,0,80.0677566528,80.0677566528,1
271,799,16,0.001,0.0001,0.25,0.7,81.5923233032,0,81.5923233032,81.5923233032,79.954826355,0,79.954826355,79.954826355,1
272,813,16,0.001,0.001,0.25,0.5,81.5923233032,0,81.5923233032,81.5923233032,80.0677566528,0,80.0677566528,80.0677566528,1
273,814,16,0.001,0.001,0.25,0.7,81.5923233032,0,81.5923233032,81.5923233032,79.954826355,0,79.954826355,79.954826355,1
274,828,16,0.001,0.01,0.25,0.5,81.5923233032,0,81.5923233032,81.5923233032,80.0677566528,0,80.0677566528,80.0677566528,1
275,829,16,0.001,0.01,0.25,0.7,81.5923233032,0,81.5923233032,81.5923233032,79.954826355,0,79.954826355,79.954826355,1
276,783,16,0.001,0,0.25,0.5,81.5358505249,0,81.5358505249,81.5358505249,80.0677566528,0,80.0677566528,80.0677566528,1
277,800,16,0.001,0.0001,0.25,0.9,81.5358505249,0,81.5358505249,81.5358505249,80.0677566528,0,80.0677566528,80.0677566528,1
278,815,16,0.001,0.001,0.25,0.9,81.5358505249,0,81.5358505249,81.5358505249,80.0677566528,0,80.0677566528,80.0677566528,1
279,830,16,0.001,0.01,0.25,0.9,81.5358505249,0,81.5358505249,81.5358505249,80.0677566528,0,80.0677566528,80.0677566528,1
280,785,16,0.001,0,0.25,0.9,81.479385376,0,81.479385376,81.479385376,79.8983612061,0,79.8983612061,79.8983612061,1
281,485,4,0.0001,0,0.25,0.9,80.2371520996,0,80.2371520996,80.2371520996,78.8819885254,0,78.8819885254,78.8819885254,1
282,500,4,0.0001,0.0001,0.25,0.9,80.2371520996,0,80.2371520996,80.2371520996,78.8819885254,0,78.8819885254,78.8819885254,1
283,515,4,0.0001,0.001,0.25,0.9,80.2371520996,0,80.2371520996,80.2371520996,78.8819885254,0,78.8819885254,78.8819885254,1
284,530,4,0.0001,0.01,0.25,0.9,80.2371520996,0,80.2371520996,80.2371520996,78.8819885254,0,78.8819885254,78.8819885254,1
285,481,4,0.0001,0,0.25,0.1,80.1806869507,0,80.1806869507,80.1806869507,78.8819885254,0,78.8819885254,78.8819885254,1
286,482,4,0.0001,0,0.25,0.3,80.1806869507,0,80.1806869507,80.1806869507,78.8819885254,0,78.8819885254,78.8819885254,1
287,496,4,0.0001,0.0001,0.25,0.1,80.1806869507,0,80.1806869507,80.1806869507,78.8819885254,0,78.8819885254,78.8819885254,1
288,497,4,0.0001,0.0001,0.25,0.3,80.1806869507,0,80.1806869507,80.1806869507,78.8819885254,0,78.8819885254,78.8819885254,1
289,498,4,0.0001,0.0001,0.25,0.5,80.1806869507,0,80.1806869507,80.1806869507,78.8255233765,0,78.8255233765,78.8255233765,1
290,511,4,0.0001,0.001,0.25,0.1,80.1806869507,0,80.1806869507,80.1806869507,78.8819885254,0,78.8819885254,78.8819885254,1
291,512,4,0.0001,0.001,0.25,0.3,80.1806869507,0,80.1806869507,80.1806869507,78.8819885254,0,78.8819885254,78.8819885254,1
292,513,4,0.0001,0.001,0.25,0.5,80.1806869507,0,80.1806869507,80.1806869507,78.8255233765,0,78.8255233765,78.8255233765,1
293,526,4,0.0001,0.01,0.25,0.1,80.1806869507,0,80.1806869507,80.1806869507,78.8819885254,0,78.8819885254,78.8819885254,1
294,527,4,0.0001,0.01,0.25,0.3,80.1806869507,0,80.1806869507,80.1806869507,78.8819885254,0,78.8819885254,78.8819885254,1
295,528,4,0.0001,0.01,0.25,0.5,80.1806869507,0,80.1806869507,80.1806869507,78.8255233765,0,78.8255233765,78.8255233765,1
296,484,4,0.0001,0,0.25,0.7,80.1242218018,0,80.1242218018,80.1242218018,78.8255233765,0,78.8255233765,78.8255233765,1
297,499,4,0.0001,0.0001,0.25,0.7,80.1242218018,0,80.1242218018,80.1242218018,78.8255233765,0,78.8255233765,78.8255233765,1
298,514,4,0.0001,0.001,0.25,0.7,80.1242218018,0,80.1242218018,80.1242218018,78.8255233765,0,78.8255233765,78.8255233765,1
299,529,4,0.0001,0.01,0.25,0.7,80.1242218018,0,80.1242218018,80.1242218018,78.8255233765,0,78.8255233765,78.8255233765,1
300,483,4,0.0001,0,0.25,0.5,80.0677566528,0,80.0677566528,80.0677566528,79.3337097168,0,79.3337097168,79.3337097168,1
301,375,4,0.01,0,0.75,0.9,79.954826355,0,79.954826355,79.954826355,78.9384460449,0,78.9384460449,78.9384460449,1
302,390,4,0.01,0.0001,0.75,0.9,79.8983612061,0,79.8983612061,79.8983612061,78.9384460449,0,78.9384460449,78.9384460449,1
303,405,4,0.01,0.001,0.75,0.9,79.8983612061,0,79.8983612061,79.8983612061,78.9384460449,0,78.9384460449,78.9384460449,1
304,420,4,0.01,0.01,0.75,0.9,79.8983612061,0,79.8983612061,79.8983612061,78.9384460449,0,78.9384460449,78.9384460449,1
305,371,4,0.01,0,0.75,0.1,79.8418960571,0,79.8418960571,79.8418960571,78.8819885254,0,78.8819885254,78.8819885254,1
306,372,4,0.01,0,0.75,0.3,79.8418960571,0,79.8418960571,79.8418960571,78.8819885254,0,78.8819885254,78.8819885254,1
307,373,4,0.01,0,0.75,0.5,79.8418960571,0,79.8418960571,79.8418960571,78.8819885254,0,78.8819885254,78.8819885254,1
308,374,4,0.01,0,0.75,0.7,79.8418960571,0,79.8418960571,79.8418960571,78.8819885254,0,78.8819885254,78.8819885254,1
309,386,4,0.01,0.0001,0.75,0.1,79.7854309082,0,79.7854309082,79.7854309082,78.8819885254,0,78.8819885254,78.8819885254,1
310,387,4,0.01,0.0001,0.75,0.3,79.7854309082,0,79.7854309082,79.7854309082,78.8819885254,0,78.8819885254,78.8819885254,1
311,388,4,0.01,0.0001,0.75,0.5,79.7854309082,0,79.7854309082,79.7854309082,78.8819885254,0,78.8819885254,78.8819885254,1
312,389,4,0.01,0.0001,0.75,0.7,79.7854309082,0,79.7854309082,79.7854309082,78.8819885254,0,78.8819885254,78.8819885254,1
313,401,4,0.01,0.001,0.75,0.1,79.7854309082,0,79.7854309082,79.7854309082,78.8819885254,0,78.8819885254,78.8819885254,1
314,402,4,0.01,0.001,0.75,0.3,79.7854309082,0,79.7854309082,79.7854309082,78.8819885254,0,78.8819885254,78.8819885254,1
315,403,4,0.01,0.001,0.75,0.5,79.7854309082,0,79.7854309082,79.7854309082,78.8819885254,0,78.8819885254,78.8819885254,1
316,404,4,0.01,0.001,0.75,0.7,79.7854309082,0,79.7854309082,79.7854309082,78.8819885254,0,78.8819885254,78.8819885254,1
317,416,4,0.01,0.01,0.75,0.1,79.7854309082,0,79.7854309082,79.7854309082,78.8819885254,0,78.8819885254,78.8819885254,1
318,417,4,0.01,0.01,0.75,0.3,79.7854309082,0,79.7854309082,79.7854309082,78.8819885254,0,78.8819885254,78.8819885254,1
319,418,4,0.01,0.01,0.75,0.5,79.7854309082,0,79.7854309082,79.7854309082,78.8819885254,0,78.8819885254,78.8819885254,1
320,419,4,0.01,0.01,0.75,0.7,79.7854309082,0,79.7854309082,79.7854309082,78.8819885254,0,78.8819885254,78.8819885254,1
321,665,8,0.0001,0,0.25,0.9,79.7854309082,0,79.7854309082,79.7854309082,78.7125854492,0,78.7125854492,78.7125854492,1
322,680,8,0.0001,0.0001,0.25,0.9,79.7854309082,0,79.7854309082,79.7854309082,78.7125854492,0,78.7125854492,78.7125854492,1
323,695,8,0.0001,0.001,0.25,0.9,79.7854309082,0,79.7854309082,79.7854309082,78.7125854492,0,78.7125854492,78.7125854492,1
324,710,8,0.0001,0.01,0.25,0.9,79.7854309082,0,79.7854309082,79.7854309082,78.7125854492,0,78.7125854492,78.7125854492,1
325,661,8,0.0001,0,0.25,0.1,79.7289657593,0,79.7289657593,79.7289657593,78.4867248535,0,78.4867248535,78.4867248535,1
326,662,8,0.0001,0,0.25,0.3,79.7289657593,0,79.7289657593,79.7289657593,78.6561279297,0,78.6561279297,78.6561279297,1
327,663,8,0.0001,0,0.25,0.5,79.7289657593,0,79.7289657593,79.7289657593,78.6561279297,0,78.6561279297,78.6561279297,1
328,664,8,0.0001,0,0.25,0.7,79.7289657593,0,79.7289657593,79.7289657593,78.6561279297,0,78.6561279297,78.6561279297,1
329,676,8,0.0001,0.0001,0.25,0.1,79.7289657593,0,79.7289657593,79.7289657593,78.4867248535,0,78.4867248535,78.4867248535,1
330,677,8,0.0001,0.0001,0.25,0.3,79.7289657593,0,79.7289657593,79.7289657593,78.6561279297,0,78.6561279297,78.6561279297,1
331,679,8,0.0001,0.0001,0.25,0.7,79.7289657593,0,79.7289657593,79.7289657593,78.6561279297,0,78.6561279297,78.6561279297,1
332,691,8,0.0001,0.001,0.25,0.1,79.7289657593,0,79.7289657593,79.7289657593,78.4867248535,0,78.4867248535,78.4867248535,1
333,692,8,0.0001,0.001,0.25,0.3,79.7289657593,0,79.7289657593,79.7289657593,78.6561279297,0,78.6561279297,78.6561279297,1
334,694,8,0.0001,0.001,0.25,0.7,79.7289657593,0,79.7289657593,79.7289657593,78.6561279297,0,78.6561279297,78.6561279297,1
335,706,8,0.0001,0.01,0.25,0.1,79.7289657593,0,79.7289657593,79.7289657593,78.4867248535,0,78.4867248535,78.4867248535,1
336,707,8,0.0001,0.01,0.25,0.3,79.7289657593,0,79.7289657593,79.7289657593,78.6561279297,0,78.6561279297,78.6561279297,1
337,709,8,0.0001,0.01,0.25,0.7,79.7289657593,0,79.7289657593,79.7289657593,78.6561279297,0,78.6561279297,78.6561279297,1
338,678,8,0.0001,0.0001,0.25,0.5,79.6725006104,0,79.6725006104,79.6725006104,78.6561279297,0,78.6561279297,78.6561279297,1
339,693,8,0.0001,0.001,0.25,0.5,79.6725006104,0,79.6725006104,79.6725006104,78.6561279297,0,78.6561279297,78.6561279297,1
340,708,8,0.0001,0.01,0.25,0.5,79.6725006104,0,79.6725006104,79.6725006104,78.6561279297,0,78.6561279297,78.6561279297,1
341,191,2,0.01,0,0.75,0.1,78.8819885254,0,78.8819885254,78.8819885254,77.7526779175,0,77.7526779175,77.7526779175,1
342,192,2,0.01,0,0.75,0.3,78.8819885254,0,78.8819885254,78.8819885254,77.7526779175,0,77.7526779175,77.7526779175,1
343,193,2,0.01,0,0.75,0.5,78.8819885254,0,78.8819885254,78.8819885254,77.7526779175,0,77.7526779175,77.7526779175,1
344,194,2,0.01,0,0.75,0.7,78.8819885254,0,78.8819885254,78.8819885254,77.7526779175,0,77.7526779175,77.7526779175,1
345,195,2,0.01,0,0.75,0.9,78.8819885254,0,78.8819885254,78.8819885254,77.8091430664,0,77.8091430664,77.8091430664,1
346,305,2,0.0001,0,0.25,0.9,78.8819885254,0,78.8819885254,78.8819885254,76.6798400879,0,76.6798400879,76.6798400879,1
347,320,2,0.0001,0.0001,0.25,0.9,78.8819885254,0,78.8819885254,78.8819885254,77.0186309814,0,77.0186309814,77.0186309814,1
348,335,2,0.0001,0.001,0.25,0.9,78.8819885254,0,78.8819885254,78.8819885254,76.9057006836,0,76.9057006836,76.9057006836,1
349,350,2,0.0001,0.01,0.25,0.9,78.8819885254,0,78.8819885254,78.8819885254,76.9057006836,0,76.9057006836,76.9057006836,1
350,304,2,0.0001,0,0.25,0.7,78.8255233765,0,78.8255233765,78.8255233765,77.1315612793,0,77.1315612793,77.1315612793,1
351,301,2,0.0001,0,0.25,0.1,78.7690582275,0,78.7690582275,78.7690582275,76.9621658325,0,76.9621658325,76.9621658325,1
352,302,2,0.0001,0,0.25,0.3,78.7690582275,0,78.7690582275,78.7690582275,76.9621658325,0,76.9621658325,76.9621658325,1
353,303,2,0.0001,0,0.25,0.5,78.7690582275,0,78.7690582275,78.7690582275,76.9621658325,0,76.9621658325,76.9621658325,1
354,316,2,0.0001,0.0001,0.25,0.1,78.7690582275,0,78.7690582275,78.7690582275,76.8492355347,0,76.8492355347,76.8492355347,1
355,319,2,0.0001,0.0001,0.25,0.7,78.7690582275,0,78.7690582275,78.7690582275,76.9621658325,0,76.9621658325,76.9621658325,1
356,331,2,0.0001,0.001,0.25,0.1,78.7690582275,0,78.7690582275,78.7690582275,76.9057006836,0,76.9057006836,76.9057006836,1
357,332,2,0.0001,0.001,0.25,0.3,78.7690582275,0,78.7690582275,78.7690582275,76.8492355347,0,76.8492355347,76.8492355347,1
358,334,2,0.0001,0.001,0.25,0.7,78.7690582275,0,78.7690582275,78.7690582275,76.9621658325,0,76.9621658325,76.9621658325,1
359,346,2,0.0001,0.01,0.25,0.1,78.7690582275,0,78.7690582275,78.7690582275,76.9057006836,0,76.9057006836,76.9057006836,1
360,347,2,0.0001,0.01,0.25,0.3,78.7690582275,0,78.7690582275,78.7690582275,76.8492355347,0,76.8492355347,76.8492355347,1
361,349,2,0.0001,0.01,0.25,0.7,78.7690582275,0,78.7690582275,78.7690582275,76.9621658325,0,76.9621658325,76.9621658325,1
362,210,2,0.01,0.0001,0.75,0.9,78.7125854492,0,78.7125854492,78.7125854492,77.3009567261,0,77.3009567261,77.3009567261,1
363,221,2,0.01,0.001,0.75,0.1,78.7125854492,0,78.7125854492,78.7125854492,77.357421875,0,77.357421875,77.357421875,1
364,222,2,0.01,0.001,0.75,0.3,78.7125854492,0,78.7125854492,78.7125854492,77.357421875,0,77.357421875,77.357421875,1
365,223,2,0.01,0.001,0.75,0.5,78.7125854492,0,78.7125854492,78.7125854492,77.357421875,0,77.357421875,77.357421875,1
366,225,2,0.01,0.001,0.75,0.9,78.7125854492,0,78.7125854492,78.7125854492,77.3009567261,0,77.3009567261,77.3009567261,1
367,236,2,0.01,0.01,0.75,0.1,78.7125854492,0,78.7125854492,78.7125854492,77.4138870239,0,77.4138870239,77.4138870239,1
368,237,2,0.01,0.01,0.75,0.3,78.7125854492,0,78.7125854492,78.7125854492,77.4138870239,0,77.4138870239,77.4138870239,1
369,238,2,0.01,0.01,0.75,0.5,78.7125854492,0,78.7125854492,78.7125854492,77.4138870239,0,77.4138870239,77.4138870239,1
370,240,2,0.01,0.01,0.75,0.9,78.7125854492,0,78.7125854492,78.7125854492,77.357421875,0,77.357421875,77.357421875,1
371,317,2,0.0001,0.0001,0.25,0.3,78.7125854492,0,78.7125854492,78.7125854492,76.8492355347,0,76.8492355347,76.8492355347,1
372,318,2,0.0001,0.0001,0.25,0.5,78.7125854492,0,78.7125854492,78.7125854492,76.9057006836,0,76.9057006836,76.9057006836,1
373,333,2,0.0001,0.001,0.25,0.5,78.7125854492,0,78.7125854492,78.7125854492,76.7927703857,0,76.7927703857,76.7927703857,1
374,348,2,0.0001,0.01,0.25,0.5,78.7125854492,0,78.7125854492,78.7125854492,76.7927703857,0,76.7927703857,76.7927703857,1
375,206,2,0.01,0.0001,0.75,0.1,78.6561279297,0,78.6561279297,78.6561279297,77.357421875,0,77.357421875,77.357421875,1
376,207,2,0.01,0.0001,0.75,0.3,78.6561279297,0,78.6561279297,78.6561279297,77.357421875,0,77.357421875,77.357421875,1
377,208,2,0.01,0.0001,0.75,0.5,78.6561279297,0,78.6561279297,78.6561279297,77.357421875,0,77.357421875,77.357421875,1
378,209,2,0.01,0.0001,0.75,0.7,78.6561279297,0,78.6561279297,78.6561279297,77.357421875,0,77.357421875,77.357421875,1
379,224,2,0.01,0.001,0.75,0.7,78.6561279297,0,78.6561279297,78.6561279297,77.357421875,0,77.357421875,77.357421875,1
380,239,2,0.01,0.01,0.75,0.7,78.6561279297,0,78.6561279297,78.6561279297,77.4138870239,0,77.4138870239,77.4138870239,1
381,12,0,0.01,0,0.75,0.3,78.5996627808,0,78.5996627808,78.5996627808,74.9294128418,0,74.9294128418,74.9294128418,1
382,488,4,0.0001,0,0.5,0.5,78.5431900024,0,78.5431900024,78.5431900024,76.7927703857,0,76.7927703857,76.7927703857,1
383,503,4,0.0001,0.0001,0.5,0.5,78.5431900024,0,78.5431900024,78.5431900024,76.7927703857,0,76.7927703857,76.7927703857,1
384,504,4,0.0001,0.0001,0.5,0.7,78.5431900024,0,78.5431900024,78.5431900024,76.7927703857,0,76.7927703857,76.7927703857,1
385,518,4,0.0001,0.001,0.5,0.5,78.5431900024,0,78.5431900024,78.5431900024,76.7927703857,0,76.7927703857,76.7927703857,1
386,519,4,0.0001,0.001,0.5,0.7,78.5431900024,0,78.5431900024,78.5431900024,76.7927703857,0,76.7927703857,76.7927703857,1
387,533,4,0.0001,0.01,0.5,0.5,78.5431900024,0,78.5431900024,78.5431900024,76.7927703857,0,76.7927703857,76.7927703857,1
388,534,4,0.0001,0.01,0.5,0.7,78.5431900024,0,78.5431900024,78.5431900024,76.7927703857,0,76.7927703857,76.7927703857,1
389,486,4,0.0001,0,0.5,0.1,78.4867248535,0,78.4867248535,78.4867248535,77.2444915771,0,77.2444915771,77.2444915771,1
390,487,4,0.0001,0,0.5,0.3,78.4867248535,0,78.4867248535,78.4867248535,77.2444915771,0,77.2444915771,77.2444915771,1
391,489,4,0.0001,0,0.5,0.7,78.4867248535,0,78.4867248535,78.4867248535,76.7927703857,0,76.7927703857,76.7927703857,1
392,501,4,0.0001,0.0001,0.5,0.1,78.4867248535,0,78.4867248535,78.4867248535,77.3009567261,0,77.3009567261,77.3009567261,1
393,502,4,0.0001,0.0001,0.5,0.3,78.4867248535,0,78.4867248535,78.4867248535,77.3009567261,0,77.3009567261,77.3009567261,1
394,516,4,0.0001,0.001,0.5,0.1,78.4867248535,0,78.4867248535,78.4867248535,77.3009567261,0,77.3009567261,77.3009567261,1
395,517,4,0.0001,0.001,0.5,0.3,78.4867248535,0,78.4867248535,78.4867248535,77.3009567261,0,77.3009567261,77.3009567261,1
396,531,4,0.0001,0.01,0.5,0.1,78.4867248535,0,78.4867248535,78.4867248535,77.3009567261,0,77.3009567261,77.3009567261,1
397,532,4,0.0001,0.01,0.5,0.3,78.4867248535,0,78.4867248535,78.4867248535,77.3009567261,0,77.3009567261,77.3009567261,1
398,490,4,0.0001,0,0.5,0.9,78.430267334,0,78.430267334,78.430267334,77.5832824707,0,77.5832824707,77.5832824707,1
399,505,4,0.0001,0.0001,0.5,0.9,78.430267334,0,78.430267334,78.430267334,77.639755249,0,77.639755249,77.639755249,1
400,520,4,0.0001,0.001,0.5,0.9,78.430267334,0,78.430267334,78.430267334,77.639755249,0,77.639755249,77.639755249,1
401,535,4,0.0001,0.01,0.5,0.9,78.430267334,0,78.430267334,78.430267334,77.6962127686,0,77.6962127686,77.6962127686,1
402,43,0,0.01,0.001,0.75,0.5,78.14793396,0,78.14793396,78.14793396,74.8164901733,0,74.8164901733,74.8164901733,1
403,45,0,0.01,0.001,0.75,0.9,78.091468811,0,78.091468811,78.091468811,74.8729553223,0,74.8729553223,74.8729553223,1
404,905,32,0.01,0,0.25,0.9,77.9220733643,0,77.9220733643,77.9220733643,77.0186309814,0,77.0186309814,77.0186309814,1
405,920,32,0.01,0.0001,0.25,0.9,77.9220733643,0,77.9220733643,77.9220733643,77.0186309814,0,77.0186309814,77.0186309814,1
406,935,32,0.01,0.001,0.25,0.9,77.9220733643,0,77.9220733643,77.9220733643,77.0186309814,0,77.0186309814,77.0186309814,1
407,950,32,0.01,0.01,0.25,0.9,77.9220733643,0,77.9220733643,77.9220733643,77.0186309814,0,77.0186309814,77.0186309814,1
408,14,0,0.01,0,0.75,0.7,77.8656158447,0,77.8656158447,77.8656158447,75.098815918,0,75.098815918,75.098815918,1
409,41,0,0.01,0.001,0.75,0.1,77.8656158447,0,77.8656158447,77.8656158447,75.832862854,0,75.832862854,75.832862854,1
410,58,0,0.01,0.01,0.75,0.5,77.8656158447,0,77.8656158447,77.8656158447,75.6070022583,0,75.6070022583,75.6070022583,1
411,919,32,0.01,0.0001,0.25,0.7,77.8656158447,0,77.8656158447,77.8656158447,77.0751037598,0,77.0751037598,77.0751037598,1
412,901,32,0.01,0,0.25,0.1,77.8091430664,0,77.8091430664,77.8091430664,77.1880264282,0,77.1880264282,77.1880264282,1
413,902,32,0.01,0,0.25,0.3,77.8091430664,0,77.8091430664,77.8091430664,77.1315612793,0,77.1315612793,77.1315612793,1
414,903,32,0.01,0,0.25,0.5,77.8091430664,0,77.8091430664,77.8091430664,77.1315612793,0,77.1315612793,77.1315612793,1
415,904,32,0.01,0,0.25,0.7,77.8091430664,0,77.8091430664,77.8091430664,77.0751037598,0,77.0751037598,77.0751037598,1
416,916,32,0.01,0.0001,0.25,0.1,77.8091430664,0,77.8091430664,77.8091430664,77.1880264282,0,77.1880264282,77.1880264282,1
417,917,32,0.01,0.0001,0.25,0.3,77.8091430664,0,77.8091430664,77.8091430664,77.1315612793,0,77.1315612793,77.1315612793,1
418,918,32,0.01,0.0001,0.25,0.5,77.8091430664,0,77.8091430664,77.8091430664,77.1315612793,0,77.1315612793,77.1315612793,1
419,931,32,0.01,0.001,0.25,0.1,77.8091430664,0,77.8091430664,77.8091430664,77.1880264282,0,77.1880264282,77.1880264282,1
420,932,32,0.01,0.001,0.25,0.3,77.8091430664,0,77.8091430664,77.8091430664,77.1315612793,0,77.1315612793,77.1315612793,1
421,933,32,0.01,0.001,0.25,0.5,77.8091430664,0,77.8091430664,77.8091430664,77.1315612793,0,77.1315612793,77.1315612793,1
422,934,32,0.01,0.001,0.25,0.7,77.8091430664,0,77.8091430664,77.8091430664,77.0751037598,0,77.0751037598,77.0751037598,1
423,946,32,0.01,0.01,0.25,0.1,77.8091430664,0,77.8091430664,77.8091430664,77.1880264282,0,77.1880264282,77.1880264282,1
424,947,32,0.01,0.01,0.25,0.3,77.8091430664,0,77.8091430664,77.8091430664,77.1315612793,0,77.1315612793,77.1315612793,1
425,948,32,0.01,0.01,0.25,0.5,77.8091430664,0,77.8091430664,77.8091430664,77.1315612793,0,77.1315612793,77.1315612793,1
426,949,32,0.01,0.01,0.25,0.7,77.8091430664,0,77.8091430664,77.8091430664,77.0751037598,0,77.0751037598,77.0751037598,1
427,60,0,0.01,0.01,0.75,0.9,77.639755249,0,77.639755249,77.639755249,75.8893280029,0,75.8893280029,75.8893280029,1
428,13,0,0.01,0,0.75,0.5,77.5832824707,0,77.5832824707,77.5832824707,74.1389007568,0,74.1389007568,74.1389007568,1
429,26,0,0.01,0.0001,0.75,0.1,77.5832824707,0,77.5832824707,77.5832824707,73.4613189697,0,73.4613189697,73.4613189697,1
430,30,0,0.01,0.0001,0.75,0.9,77.5832824707,0,77.5832824707,77.5832824707,75.2117462158,0,75.2117462158,75.2117462158,1
431,670,8,0.0001,0,0.5,0.9,77.5832824707,0,77.5832824707,77.5832824707,75.55052948,0,75.55052948,75.55052948,1
432,685,8,0.0001,0.0001,0.5,0.9,77.5832824707,0,77.5832824707,77.5832824707,75.55052948,0,75.55052948,75.55052948,1
433,700,8,0.0001,0.001,0.5,0.9,77.5832824707,0,77.5832824707,77.5832824707,75.55052948,0,75.55052948,75.55052948,1
434,715,8,0.0001,0.01,0.5,0.9,77.5832824707,0,77.5832824707,77.5832824707,75.55052948,0,75.55052948,75.55052948,1
435,44,0,0.01,0.001,0.75,0.7,77.5268173218,0,77.5268173218,77.5268173218,76.9057006836,0,76.9057006836,76.9057006836,1
436,666,8,0.0001,0,0.5,0.1,77.5268173218,0,77.5268173218,77.5268173218,75.6634674072,0,75.6634674072,75.6634674072,1
437,667,8,0.0001,0,0.5,0.3,77.5268173218,0,77.5268173218,77.5268173218,75.6634674072,0,75.6634674072,75.6634674072,1
438,668,8,0.0001,0,0.5,0.5,77.5268173218,0,77.5268173218,77.5268173218,75.6634674072,0,75.6634674072,75.6634674072,1
439,681,8,0.0001,0.0001,0.5,0.1,77.5268173218,0,77.5268173218,77.5268173218,75.6634674072,0,75.6634674072,75.6634674072,1
440,682,8,0.0001,0.0001,0.5,0.3,77.5268173218,0,77.5268173218,77.5268173218,75.6634674072,0,75.6634674072,75.6634674072,1
441,683,8,0.0001,0.0001,0.5,0.5,77.5268173218,0,77.5268173218,77.5268173218,75.6634674072,0,75.6634674072,75.6634674072,1
442,696,8,0.0001,0.001,0.5,0.1,77.5268173218,0,77.5268173218,77.5268173218,75.6634674072,0,75.6634674072,75.6634674072,1
443,697,8,0.0001,0.001,0.5,0.3,77.5268173218,0,77.5268173218,77.5268173218,75.6634674072,0,75.6634674072,75.6634674072,1
444,698,8,0.0001,0.001,0.5,0.5,77.5268173218,0,77.5268173218,77.5268173218,75.6634674072,0,75.6634674072,75.6634674072,1
445,711,8,0.0001,0.01,0.5,0.1,77.5268173218,0,77.5268173218,77.5268173218,75.6634674072,0,75.6634674072,75.6634674072,1
446,712,8,0.0001,0.01,0.5,0.3,77.5268173218,0,77.5268173218,77.5268173218,75.6634674072,0,75.6634674072,75.6634674072,1
447,713,8,0.0001,0.01,0.5,0.5,77.5268173218,0,77.5268173218,77.5268173218,75.6634674072,0,75.6634674072,75.6634674072,1
448,57,0,0.01,0.01,0.75,0.3,77.4703598022,0,77.4703598022,77.4703598022,75.4940719604,0,75.4940719604,75.4940719604,1
449,669,8,0.0001,0,0.5,0.7,77.4703598022,0,77.4703598022,77.4703598022,75.7199249268,0,75.7199249268,75.7199249268,1
450,684,8,0.0001,0.0001,0.5,0.7,77.4703598022,0,77.4703598022,77.4703598022,75.7199249268,0,75.7199249268,75.7199249268,1
451,699,8,0.0001,0.001,0.5,0.7,77.4703598022,0,77.4703598022,77.4703598022,75.7199249268,0,75.7199249268,75.7199249268,1
452,714,8,0.0001,0.01,0.5,0.7,77.4703598022,0,77.4703598022,77.4703598022,75.7199249268,0,75.7199249268,75.7199249268,1
453,730,16,0.01,0,0.5,0.9,77.4703598022,0,77.4703598022,77.4703598022,76.56690979,0,76.56690979,76.56690979,1
454,745,16,0.01,0.0001,0.5,0.9,77.4703598022,0,77.4703598022,77.4703598022,76.623374939,0,76.623374939,76.623374939,1
455,760,16,0.01,0.001,0.5,0.9,77.4703598022,0,77.4703598022,77.4703598022,76.623374939,0,76.623374939,76.623374939,1
456,775,16,0.01,0.01,0.5,0.9,77.4703598022,0,77.4703598022,77.4703598022,76.623374939,0,76.623374939,76.623374939,1
457,11,0,0.01,0,0.75,0.1,77.4138870239,0,77.4138870239,77.4138870239,74.3647613525,0,74.3647613525,74.3647613525,1
458,59,0,0.01,0.01,0.75,0.7,77.357421875,0,77.357421875,77.357421875,74.760017395,0,74.760017395,74.760017395,1
459,727,16,0.01,0,0.5,0.3,77.357421875,0,77.357421875,77.357421875,76.2845840454,0,76.2845840454,76.2845840454,1
460,728,16,0.01,0,0.5,0.5,77.357421875,0,77.357421875,77.357421875,76.3975143433,0,76.3975143433,76.3975143433,1
461,742,16,0.01,0.0001,0.5,0.3,77.357421875,0,77.357421875,77.357421875,76.3410491943,0,76.3410491943,76.3410491943,1
462,743,16,0.01,0.0001,0.5,0.5,77.357421875,0,77.357421875,77.357421875,76.4539794922,0,76.4539794922,76.4539794922,1
463,757,16,0.01,0.001,0.5,0.3,77.357421875,0,77.357421875,77.357421875,76.3410491943,0,76.3410491943,76.3410491943,1
464,758,16,0.01,0.001,0.5,0.5,77.357421875,0,77.357421875,77.357421875,76.4539794922,0,76.4539794922,76.4539794922,1
465,772,16,0.01,0.01,0.5,0.3,77.357421875,0,77.357421875,77.357421875,76.3410491943,0,76.3410491943,76.3410491943,1
466,773,16,0.01,0.01,0.5,0.5,77.357421875,0,77.357421875,77.357421875,76.4539794922,0,76.4539794922,76.4539794922,1
467,56,0,0.01,0.01,0.75,0.1,77.3009567261,0,77.3009567261,77.3009567261,75.3246688843,0,75.3246688843,75.3246688843,1
468,310,2,0.0001,0,0.5,0.9,77.3009567261,0,77.3009567261,77.3009567261,76.5104446411,0,76.5104446411,76.5104446411,1
469,726,16,0.01,0,0.5,0.1,77.3009567261,0,77.3009567261,77.3009567261,76.2845840454,0,76.2845840454,76.2845840454,1
470,729,16,0.01,0,0.5,0.7,77.3009567261,0,77.3009567261,77.3009567261,76.2845840454,0,76.2845840454,76.2845840454,1
471,741,16,0.01,0.0001,0.5,0.1,77.3009567261,0,77.3009567261,77.3009567261,76.3410491943,0,76.3410491943,76.3410491943,1
472,744,16,0.01,0.0001,0.5,0.7,77.3009567261,0,77.3009567261,77.3009567261,76.3410491943,0,76.3410491943,76.3410491943,1
473,756,16,0.01,0.001,0.5,0.1,77.3009567261,0,77.3009567261,77.3009567261,76.3410491943,0,76.3410491943,76.3410491943,1
474,759,16,0.01,0.001,0.5,0.7,77.3009567261,0,77.3009567261,77.3009567261,76.3410491943,0,76.3410491943,76.3410491943,1
475,771,16,0.01,0.01,0.5,0.1,77.3009567261,0,77.3009567261,77.3009567261,76.3410491943,0,76.3410491943,76.3410491943,1
476,774,16,0.01,0.01,0.5,0.7,77.3009567261,0,77.3009567261,77.3009567261,76.3410491943,0,76.3410491943,76.3410491943,1
477,961,32,0.001,0,0.25,0.1,77.3009567261,0,77.3009567261,77.3009567261,76.6798400879,0,76.6798400879,76.6798400879,1
478,962,32,0.001,0,0.25,0.3,77.3009567261,0,77.3009567261,77.3009567261,76.6798400879,0,76.6798400879,76.6798400879,1
479,963,32,0.001,0,0.25,0.5,77.3009567261,0,77.3009567261,77.3009567261,76.6798400879,0,76.6798400879,76.6798400879,1
480,964,32,0.001,0,0.25,0.7,77.3009567261,0,77.3009567261,77.3009567261,76.623374939,0,76.623374939,76.623374939,1
481,965,32,0.001,0,0.25,0.9,77.3009567261,0,77.3009567261,77.3009567261,76.623374939,0,76.623374939,76.623374939,1
482,976,32,0.001,0.0001,0.25,0.1,77.3009567261,0,77.3009567261,77.3009567261,76.6798400879,0,76.6798400879,76.6798400879,1
483,977,32,0.001,0.0001,0.25,0.3,77.3009567261,0,77.3009567261,77.3009567261,76.6798400879,0,76.6798400879,76.6798400879,1
484,978,32,0.001,0.0001,0.25,0.5,77.3009567261,0,77.3009567261,77.3009567261,76.6798400879,0,76.6798400879,76.6798400879,1
485,979,32,0.001,0.0001,0.25,0.7,77.3009567261,0,77.3009567261,77.3009567261,76.623374939,0,76.623374939,76.623374939,1
486,980,32,0.001,0.0001,0.25,0.9,77.3009567261,0,77.3009567261,77.3009567261,76.623374939,0,76.623374939,76.623374939,1
487,991,32,0.001,0.001,0.25,0.1,77.3009567261,0,77.3009567261,77.3009567261,76.6798400879,0,76.6798400879,76.6798400879,1
488,992,32,0.001,0.001,0.25,0.3,77.3009567261,0,77.3009567261,77.3009567261,76.6798400879,0,76.6798400879,76.6798400879,1
489,993,32,0.001,0.001,0.25,0.5,77.3009567261,0,77.3009567261,77.3009567261,76.6798400879,0,76.6798400879,76.6798400879,1
490,994,32,0.001,0.001,0.25,0.7,77.3009567261,0,77.3009567261,77.3009567261,76.623374939,0,76.623374939,76.623374939,1
491,995,32,0.001,0.001,0.25,0.9,77.3009567261,0,77.3009567261,77.3009567261,76.623374939,0,76.623374939,76.623374939,1
492,1006,32,0.001,0.01,0.25,0.1,77.3009567261,0,77.3009567261,77.3009567261,76.6798400879,0,76.6798400879,76.6798400879,1
493,1007,32,0.001,0.01,0.25,0.3,77.3009567261,0,77.3009567261,77.3009567261,76.6798400879,0,76.6798400879,76.6798400879,1
494,1008,32,0.001,0.01,0.25,0.5,77.3009567261,0,77.3009567261,77.3009567261,76.6798400879,0,76.6798400879,76.6798400879,1
495,1009,32,0.001,0.01,0.25,0.7,77.3009567261,0,77.3009567261,77.3009567261,76.623374939,0,76.623374939,76.623374939,1
496,1010,32,0.001,0.01,0.25,0.9,77.3009567261,0,77.3009567261,77.3009567261,76.623374939,0,76.623374939,76.623374939,1
497,15,0,0.01,0,0.75,0.9,77.2444915771,0,77.2444915771,77.2444915771,75.042350769,0,75.042350769,75.042350769,1
498,27,0,0.01,0.0001,0.75,0.3,77.2444915771,0,77.2444915771,77.2444915771,74.9858779907,0,74.9858779907,74.9858779907,1
499,325,2,0.0001,0.0001,0.5,0.9,77.2444915771,0,77.2444915771,77.2444915771,76.2845840454,0,76.2845840454,76.2845840454,1
500,844,16,0.0001,0,0.25,0.7,77.2444915771,0,77.2444915771,77.2444915771,76.9057006836,0,76.9057006836,76.9057006836,1
501,859,16,0.0001,0.0001,0.25,0.7,77.2444915771,0,77.2444915771,77.2444915771,76.9057006836,0,76.9057006836,76.9057006836,1
502,874,16,0.0001,0.001,0.25,0.7,77.2444915771,0,77.2444915771,77.2444915771,76.9057006836,0,76.9057006836,76.9057006836,1
503,889,16,0.0001,0.01,0.25,0.7,77.2444915771,0,77.2444915771,77.2444915771,76.9057006836,0,76.9057006836,76.9057006836,1
504,306,2,0.0001,0,0.5,0.1,77.1880264282,0,77.1880264282,77.1880264282,76.3975143433,0,76.3975143433,76.3975143433,1
505,307,2,0.0001,0,0.5,0.3,77.1880264282,0,77.1880264282,77.1880264282,76.3975143433,0,76.3975143433,76.3975143433,1
506,308,2,0.0001,0,0.5,0.5,77.1880264282,0,77.1880264282,77.1880264282,76.3410491943,0,76.3410491943,76.3410491943,1
507,309,2,0.0001,0,0.5,0.7,77.1880264282,0,77.1880264282,77.1880264282,76.3410491943,0,76.3410491943,76.3410491943,1
508,340,2,0.0001,0.001,0.5,0.9,77.1880264282,0,77.1880264282,77.1880264282,76.2845840454,0,76.2845840454,76.2845840454,1
509,353,2,0.0001,0.01,0.5,0.5,77.1880264282,0,77.1880264282,77.1880264282,76.3975143433,0,76.3975143433,76.3975143433,1
510,355,2,0.0001,0.01,0.5,0.9,77.1880264282,0,77.1880264282,77.1880264282,76.2845840454,0,76.2845840454,76.2845840454,1
511,321,2,0.0001,0.0001,0.5,0.1,77.1315612793,0,77.1315612793,77.1315612793,76.0587234497,0,76.0587234497,76.0587234497,1
512,323,2,0.0001,0.0001,0.5,0.5,77.1315612793,0,77.1315612793,77.1315612793,76.2845840454,0,76.2845840454,76.2845840454,1
513,324,2,0.0001,0.0001,0.5,0.7,77.1315612793,0,77.1315612793,77.1315612793,76.2845840454,0,76.2845840454,76.2845840454,1
514,338,2,0.0001,0.001,0.5,0.5,77.1315612793,0,77.1315612793,77.1315612793,75.832862854,0,75.832862854,75.832862854,1
515,322,2,0.0001,0.0001,0.5,0.3,77.0751037598,0,77.0751037598,77.0751037598,76.1151885986,0,76.1151885986,76.1151885986,1
516,336,2,0.0001,0.001,0.5,0.1,77.0751037598,0,77.0751037598,77.0751037598,76.0587234497,0,76.0587234497,76.0587234497,1
517,337,2,0.0001,0.001,0.5,0.3,77.0751037598,0,77.0751037598,77.0751037598,76.1151885986,0,76.1151885986,76.1151885986,1
518,339,2,0.0001,0.001,0.5,0.7,77.0751037598,0,77.0751037598,77.0751037598,75.7199249268,0,75.7199249268,75.7199249268,1
519,351,2,0.0001,0.01,0.5,0.1,77.0751037598,0,77.0751037598,77.0751037598,76.0587234497,0,76.0587234497,76.0587234497,1
520,352,2,0.0001,0.01,0.5,0.3,77.0751037598,0,77.0751037598,77.0751037598,76.1151885986,0,76.1151885986,76.1151885986,1
521,354,2,0.0001,0.01,0.5,0.7,77.0751037598,0,77.0751037598,77.0751037598,75.7199249268,0,75.7199249268,75.7199249268,1
522,843,16,0.0001,0,0.25,0.5,76.9621658325,0,76.9621658325,76.9621658325,76.5104446411,0,76.5104446411,76.5104446411,1
523,858,16,0.0001,0.0001,0.25,0.5,76.9621658325,0,76.9621658325,76.9621658325,76.5104446411,0,76.5104446411,76.5104446411,1
524,873,16,0.0001,0.001,0.25,0.5,76.9621658325,0,76.9621658325,76.9621658325,76.5104446411,0,76.5104446411,76.5104446411,1
525,888,16,0.0001,0.01,0.25,0.5,76.9621658325,0,76.9621658325,76.9621658325,76.5104446411,0,76.5104446411,76.5104446411,1
526,841,16,0.0001,0,0.25,0.1,76.9057006836,0,76.9057006836,76.9057006836,77.1880264282,0,77.1880264282,77.1880264282,1
527,842,16,0.0001,0,0.25,0.3,76.9057006836,0,76.9057006836,76.9057006836,76.5104446411,0,76.5104446411,76.5104446411,1
528,845,16,0.0001,0,0.25,0.9,76.9057006836,0,76.9057006836,76.9057006836,76.3410491943,0,76.3410491943,76.3410491943,1
529,856,16,0.0001,0.0001,0.25,0.1,76.9057006836,0,76.9057006836,76.9057006836,77.1880264282,0,77.1880264282,77.1880264282,1
530,857,16,0.0001,0.0001,0.25,0.3,76.9057006836,0,76.9057006836,76.9057006836,76.5104446411,0,76.5104446411,76.5104446411,1
531,860,16,0.0001,0.0001,0.25,0.9,76.9057006836,0,76.9057006836,76.9057006836,76.3410491943,0,76.3410491943,76.3410491943,1
532,871,16,0.0001,0.001,0.25,0.1,76.9057006836,0,76.9057006836,76.9057006836,77.1880264282,0,77.1880264282,77.1880264282,1
533,872,16,0.0001,0.001,0.25,0.3,76.9057006836,0,76.9057006836,76.9057006836,76.5104446411,0,76.5104446411,76.5104446411,1
534,875,16,0.0001,0.001,0.25,0.9,76.9057006836,0,76.9057006836,76.9057006836,76.3410491943,0,76.3410491943,76.3410491943,1
535,886,16,0.0001,0.01,0.25,0.1,76.9057006836,0,76.9057006836,76.9057006836,77.1880264282,0,77.1880264282,77.1880264282,1
536,887,16,0.0001,0.01,0.25,0.3,76.9057006836,0,76.9057006836,76.9057006836,76.5104446411,0,76.5104446411,76.5104446411,1
537,890,16,0.0001,0.01,0.25,0.9,76.9057006836,0,76.9057006836,76.9057006836,76.3410491943,0,76.3410491943,76.3410491943,1
538,28,0,0.01,0.0001,0.75,0.5,76.6798400879,0,76.6798400879,76.6798400879,74.025970459,0,74.025970459,74.025970459,1
539,42,0,0.01,0.001,0.75,0.3,76.6798400879,0,76.6798400879,76.6798400879,74.6470947266,0,74.6470947266,74.6470947266,1
540,29,0,0.01,0.0001,0.75,0.7,76.5104446411,0,76.5104446411,76.5104446411,73.4048538208,0,73.4048538208,73.4048538208,1
541,790,16,0.001,0,0.5,0.9,76.4539794922,0,76.4539794922,76.4539794922,75.2682113647,0,75.2682113647,75.2682113647,1
542,805,16,0.001,0.0001,0.5,0.9,76.4539794922,0,76.4539794922,76.4539794922,75.2682113647,0,75.2682113647,75.2682113647,1
543,820,16,0.001,0.001,0.5,0.9,76.4539794922,0,76.4539794922,76.4539794922,75.2682113647,0,75.2682113647,75.2682113647,1
544,835,16,0.001,0.01,0.5,0.9,76.4539794922,0,76.4539794922,76.4539794922,75.2682113647,0,75.2682113647,75.2682113647,1
545,554,8,0.01,0,0.75,0.7,76.3975143433,0,76.3975143433,76.3975143433,76.3975143433,0,76.3975143433,76.3975143433,1
546,569,8,0.01,0.0001,0.75,0.7,76.3975143433,0,76.3975143433,76.3975143433,76.4539794922,0,76.4539794922,76.4539794922,1
547,584,8,0.01,0.001,0.75,0.7,76.3975143433,0,76.3975143433,76.3975143433,76.4539794922,0,76.4539794922,76.4539794922,1
548,599,8,0.01,0.01,0.75,0.7,76.3975143433,0,76.3975143433,76.3975143433,76.4539794922,0,76.4539794922,76.4539794922,1
549,551,8,0.01,0,0.75,0.1,76.2845840454,0,76.2845840454,76.2845840454,76.3975143433,0,76.3975143433,76.3975143433,1
550,553,8,0.01,0,0.75,0.5,76.2845840454,0,76.2845840454,76.2845840454,76.3975143433,0,76.3975143433,76.3975143433,1
551,555,8,0.01,0,0.75,0.9,76.2845840454,0,76.2845840454,76.2845840454,76.5104446411,0,76.5104446411,76.5104446411,1
552,566,8,0.01,0.0001,0.75,0.1,76.2845840454,0,76.2845840454,76.2845840454,76.4539794922,0,76.4539794922,76.4539794922,1
553,568,8,0.01,0.0001,0.75,0.5,76.2845840454,0,76.2845840454,76.2845840454,76.3975143433,0,76.3975143433,76.3975143433,1
554,570,8,0.01,0.0001,0.75,0.9,76.2845840454,0,76.2845840454,76.2845840454,76.56690979,0,76.56690979,76.56690979,1
555,581,8,0.01,0.001,0.75,0.1,76.2845840454,0,76.2845840454,76.2845840454,76.4539794922,0,76.4539794922,76.4539794922,1
556,583,8,0.01,0.001,0.75,0.5,76.2845840454,0,76.2845840454,76.2845840454,76.3975143433,0,76.3975143433,76.3975143433,1
557,585,8,0.01,0.001,0.75,0.9,76.2845840454,0,76.2845840454,76.2845840454,76.56690979,0,76.56690979,76.56690979,1
558,596,8,0.01,0.01,0.75,0.1,76.2845840454,0,76.2845840454,76.2845840454,76.4539794922,0,76.4539794922,76.4539794922,1
559,598,8,0.01,0.01,0.75,0.5,76.2845840454,0,76.2845840454,76.2845840454,76.3975143433,0,76.3975143433,76.3975143433,1
560,600,8,0.01,0.01,0.75,0.9,76.2845840454,0,76.2845840454,76.2845840454,76.56690979,0,76.56690979,76.56690979,1
561,789,16,0.001,0,0.5,0.7,76.2845840454,0,76.2845840454,76.2845840454,75.2682113647,0,75.2682113647,75.2682113647,1
562,804,16,0.001,0.0001,0.5,0.7,76.2845840454,0,76.2845840454,76.2845840454,75.2682113647,0,75.2682113647,75.2682113647,1
563,819,16,0.001,0.001,0.5,0.7,76.2845840454,0,76.2845840454,76.2845840454,75.2682113647,0,75.2682113647,75.2682113647,1
564,834,16,0.001,0.01,0.5,0.7,76.2845840454,0,76.2845840454,76.2845840454,75.2682113647,0,75.2682113647,75.2682113647,1
565,1081,64,0.01,0,0.25,0.1,76.2845840454,0,76.2845840454,76.2845840454,76.1716537476,0,76.1716537476,76.1716537476,1
566,1082,64,0.01,0,0.25,0.3,76.2845840454,0,76.2845840454,76.2845840454,76.1716537476,0,76.1716537476,76.1716537476,1
567,1096,64,0.01,0.0001,0.25,0.1,76.2845840454,0,76.2845840454,76.2845840454,76.2281188965,0,76.2281188965,76.2281188965,1
568,1097,64,0.01,0.0001,0.25,0.3,76.2845840454,0,76.2845840454,76.2845840454,76.1716537476,0,76.1716537476,76.1716537476,1
569,1111,64,0.01,0.001,0.25,0.1,76.2845840454,0,76.2845840454,76.2845840454,76.1716537476,0,76.1716537476,76.1716537476,1
570,1112,64,0.01,0.001,0.25,0.3,76.2845840454,0,76.2845840454,76.2845840454,76.2281188965,0,76.2281188965,76.2281188965,1
571,1126,64,0.01,0.01,0.25,0.1,76.2845840454,0,76.2845840454,76.2845840454,76.1716537476,0,76.1716537476,76.1716537476,1
572,1127,64,0.01,0.01,0.25,0.3,76.2845840454,0,76.2845840454,76.2845840454,76.2281188965,0,76.2281188965,76.2281188965,1
573,251,2,0.001,0,0.75,0.1,76.2281188965,0,76.2281188965,76.2281188965,75.1552734375,0,75.1552734375,75.1552734375,1
574,252,2,0.001,0,0.75,0.3,76.2281188965,0,76.2281188965,76.2281188965,75.1552734375,0,75.1552734375,75.1552734375,1
575,253,2,0.001,0,0.75,0.5,76.2281188965,0,76.2281188965,76.2281188965,75.1552734375,0,75.1552734375,75.1552734375,1
576,254,2,0.001,0,0.75,0.7,76.2281188965,0,76.2281188965,76.2281188965,75.1552734375,0,75.1552734375,75.1552734375,1
577,552,8,0.01,0,0.75,0.3,76.2281188965,0,76.2281188965,76.2281188965,76.4539794922,0,76.4539794922,76.4539794922,1
578,567,8,0.01,0.0001,0.75,0.3,76.2281188965,0,76.2281188965,76.2281188965,76.5104446411,0,76.5104446411,76.5104446411,1
579,582,8,0.01,0.001,0.75,0.3,76.2281188965,0,76.2281188965,76.2281188965,76.5104446411,0,76.5104446411,76.5104446411,1
580,597,8,0.01,0.01,0.75,0.3,76.2281188965,0,76.2281188965,76.2281188965,76.5104446411,0,76.5104446411,76.5104446411,1
581,1084,64,0.01,0,0.25,0.7,76.2281188965,0,76.2281188965,76.2281188965,75.8893280029,0,75.8893280029,75.8893280029,1
582,1099,64,0.01,0.0001,0.25,0.7,76.2281188965,0,76.2281188965,76.2281188965,75.8893280029,0,75.8893280029,75.8893280029,1
583,1114,64,0.01,0.001,0.25,0.7,76.2281188965,0,76.2281188965,76.2281188965,75.8893280029,0,75.8893280029,75.8893280029,1
584,1129,64,0.01,0.01,0.25,0.7,76.2281188965,0,76.2281188965,76.2281188965,75.8893280029,0,75.8893280029,75.8893280029,1
585,788,16,0.001,0,0.5,0.5,76.1716537476,0,76.1716537476,76.1716537476,75.2682113647,0,75.2682113647,75.2682113647,1
586,803,16,0.001,0.0001,0.5,0.5,76.1716537476,0,76.1716537476,76.1716537476,75.2682113647,0,75.2682113647,75.2682113647,1
587,818,16,0.001,0.001,0.5,0.5,76.1716537476,0,76.1716537476,76.1716537476,75.2682113647,0,75.2682113647,75.2682113647,1
588,833,16,0.001,0.01,0.5,0.5,76.1716537476,0,76.1716537476,76.1716537476,75.2682113647,0,75.2682113647,75.2682113647,1
589,1100,64,0.01,0.0001,0.25,0.9,76.1716537476,0,76.1716537476,76.1716537476,76.0587234497,0,76.0587234497,76.0587234497,1
590,1115,64,0.01,0.001,0.25,0.9,76.1716537476,0,76.1716537476,76.1716537476,76.0587234497,0,76.0587234497,76.0587234497,1
591,255,2,0.001,0,0.75,0.9,76.1151885986,0,76.1151885986,76.1151885986,75.2682113647,0,75.2682113647,75.2682113647,1
592,1083,64,0.01,0,0.25,0.5,76.1151885986,0,76.1151885986,76.1151885986,75.9457931519,0,75.9457931519,75.9457931519,1
593,1085,64,0.01,0,0.25,0.9,76.1151885986,0,76.1151885986,76.1151885986,76.0587234497,0,76.0587234497,76.0587234497,1
594,1098,64,0.01,0.0001,0.25,0.5,76.1151885986,0,76.1151885986,76.1151885986,75.9457931519,0,75.9457931519,75.9457931519,1
595,1113,64,0.01,0.001,0.25,0.5,76.1151885986,0,76.1151885986,76.1151885986,75.9457931519,0,75.9457931519,75.9457931519,1
596,1128,64,0.01,0.01,0.25,0.5,76.1151885986,0,76.1151885986,76.1151885986,75.9457931519,0,75.9457931519,75.9457931519,1
597,786,16,0.001,0,0.5,0.1,76.0587234497,0,76.0587234497,76.0587234497,75.2682113647,0,75.2682113647,75.2682113647,1
598,787,16,0.001,0,0.5,0.3,76.0587234497,0,76.0587234497,76.0587234497,75.2682113647,0,75.2682113647,75.2682113647,1
599,801,16,0.001,0.0001,0.5,0.1,76.0587234497,0,76.0587234497,76.0587234497,75.2682113647,0,75.2682113647,75.2682113647,1
600,802,16,0.001,0.0001,0.5,0.3,76.0587234497,0,76.0587234497,76.0587234497,75.2682113647,0,75.2682113647,75.2682113647,1
601,816,16,0.001,0.001,0.5,0.1,76.0587234497,0,76.0587234497,76.0587234497,75.2682113647,0,75.2682113647,75.2682113647,1
602,817,16,0.001,0.001,0.5,0.3,76.0587234497,0,76.0587234497,76.0587234497,75.2682113647,0,75.2682113647,75.2682113647,1
603,831,16,0.001,0.01,0.5,0.1,76.0587234497,0,76.0587234497,76.0587234497,75.2682113647,0,75.2682113647,75.2682113647,1
604,832,16,0.001,0.01,0.5,0.3,76.0587234497,0,76.0587234497,76.0587234497,75.2682113647,0,75.2682113647,75.2682113647,1
605,1130,64,0.01,0.01,0.25,0.9,76.0587234497,0,76.0587234497,76.0587234497,76.0587234497,0,76.0587234497,76.0587234497,1
606,266,2,0.001,0.0001,0.75,0.1,75.832862854,0,75.832862854,75.832862854,75.6070022583,0,75.6070022583,75.6070022583,1
607,267,2,0.001,0.0001,0.75,0.3,75.832862854,0,75.832862854,75.832862854,75.6070022583,0,75.6070022583,75.6070022583,1
608,269,2,0.001,0.0001,0.75,0.7,75.832862854,0,75.832862854,75.832862854,75.55052948,0,75.55052948,75.55052948,1
609,296,2,0.001,0.01,0.75,0.1,75.832862854,0,75.832862854,75.832862854,75.55052948,0,75.55052948,75.55052948,1
610,297,2,0.001,0.01,0.75,0.3,75.832862854,0,75.832862854,75.832862854,75.55052948,0,75.55052948,75.55052948,1
611,298,2,0.001,0.01,0.75,0.5,75.832862854,0,75.832862854,75.832862854,75.55052948,0,75.55052948,75.55052948,1
612,268,2,0.001,0.0001,0.75,0.5,75.7763977051,0,75.7763977051,75.7763977051,75.6070022583,0,75.6070022583,75.6070022583,1
613,270,2,0.001,0.0001,0.75,0.9,75.7763977051,0,75.7763977051,75.7763977051,75.3246688843,0,75.3246688843,75.3246688843,1
614,281,2,0.001,0.001,0.75,0.1,75.7763977051,0,75.7763977051,75.7763977051,75.55052948,0,75.55052948,75.55052948,1
615,282,2,0.001,0.001,0.75,0.3,75.7763977051,0,75.7763977051,75.7763977051,75.55052948,0,75.55052948,75.55052948,1
616,283,2,0.001,0.001,0.75,0.5,75.7763977051,0,75.7763977051,75.7763977051,75.55052948,0,75.55052948,75.55052948,1
617,285,2,0.001,0.001,0.75,0.9,75.7199249268,0,75.7199249268,75.7199249268,75.3246688843,0,75.3246688843,75.3246688843,1
618,299,2,0.001,0.01,0.75,0.7,75.7199249268,0,75.7199249268,75.7199249268,75.4376068115,0,75.4376068115,75.4376068115,1
619,300,2,0.001,0.01,0.75,0.9,75.7199249268,0,75.7199249268,75.7199249268,75.3811416626,0,75.3811416626,75.3811416626,1
620,284,2,0.001,0.001,0.75,0.7,75.6634674072,0,75.6634674072,75.6634674072,75.4376068115,0,75.4376068115,75.4376068115,1
621,435,4,0.001,0,0.75,0.9,75.6070022583,0,75.6070022583,75.6070022583,74.8164901733,0,74.8164901733,74.8164901733,1
622,446,4,0.001,0.0001,0.75,0.1,75.6070022583,0,75.6070022583,75.6070022583,74.8164901733,0,74.8164901733,74.8164901733,1
623,448,4,0.001,0.0001,0.75,0.5,75.6070022583,0,75.6070022583,75.6070022583,74.8164901733,0,74.8164901733,74.8164901733,1
624,450,4,0.001,0.0001,0.75,0.9,75.6070022583,0,75.6070022583,75.6070022583,74.8164901733,0,74.8164901733,74.8164901733,1
625,461,4,0.001,0.001,0.75,0.1,75.6070022583,0,75.6070022583,75.6070022583,74.8164901733,0,74.8164901733,74.8164901733,1
626,463,4,0.001,0.001,0.75,0.5,75.6070022583,0,75.6070022583,75.6070022583,74.8164901733,0,74.8164901733,74.8164901733,1
627,465,4,0.001,0.001,0.75,0.9,75.6070022583,0,75.6070022583,75.6070022583,74.8164901733,0,74.8164901733,74.8164901733,1
628,476,4,0.001,0.01,0.75,0.1,75.6070022583,0,75.6070022583,75.6070022583,74.8164901733,0,74.8164901733,74.8164901733,1
629,478,4,0.001,0.01,0.75,0.5,75.6070022583,0,75.6070022583,75.6070022583,74.8164901733,0,74.8164901733,74.8164901733,1
630,480,4,0.001,0.01,0.75,0.9,75.6070022583,0,75.6070022583,75.6070022583,74.8164901733,0,74.8164901733,74.8164901733,1
631,431,4,0.001,0,0.75,0.1,75.55052948,0,75.55052948,75.55052948,74.8729553223,0,74.8729553223,74.8729553223,1
632,433,4,0.001,0,0.75,0.5,75.55052948,0,75.55052948,75.55052948,74.8729553223,0,74.8729553223,74.8729553223,1
633,434,4,0.001,0,0.75,0.7,75.55052948,0,75.55052948,75.55052948,74.8729553223,0,74.8729553223,74.8729553223,1
634,449,4,0.001,0.0001,0.75,0.7,75.55052948,0,75.55052948,75.55052948,74.8164901733,0,74.8164901733,74.8164901733,1
635,464,4,0.001,0.001,0.75,0.7,75.55052948,0,75.55052948,75.55052948,74.8164901733,0,74.8164901733,74.8164901733,1
636,479,4,0.001,0.01,0.75,0.7,75.55052948,0,75.55052948,75.55052948,74.8164901733,0,74.8164901733,74.8164901733,1
637,432,4,0.001,0,0.75,0.3,75.4940719604,0,75.4940719604,75.4940719604,74.8729553223,0,74.8729553223,74.8729553223,1
638,447,4,0.001,0.0001,0.75,0.3,75.4940719604,0,75.4940719604,75.4940719604,74.8164901733,0,74.8164901733,74.8164901733,1
639,462,4,0.001,0.001,0.75,0.3,75.4940719604,0,75.4940719604,75.4940719604,74.8164901733,0,74.8164901733,74.8164901733,1
640,477,4,0.001,0.01,0.75,0.3,75.4940719604,0,75.4940719604,75.4940719604,74.8164901733,0,74.8164901733,74.8164901733,1
641,1141,64,0.001,0,0.25,0.1,75.4940719604,0,75.4940719604,75.4940719604,74.7035598755,0,74.7035598755,74.7035598755,1
642,1142,64,0.001,0,0.25,0.3,75.4940719604,0,75.4940719604,75.4940719604,74.5906219482,0,74.5906219482,74.5906219482,1
643,1143,64,0.001,0,0.25,0.5,75.4940719604,0,75.4940719604,75.4940719604,74.7035598755,0,74.7035598755,74.7035598755,1
644,1156,64,0.001,0.0001,0.25,0.1,75.4940719604,0,75.4940719604,75.4940719604,74.7035598755,0,74.7035598755,74.7035598755,1
645,1157,64,0.001,0.0001,0.25,0.3,75.4940719604,0,75.4940719604,75.4940719604,74.5906219482,0,74.5906219482,74.5906219482,1
646,1158,64,0.001,0.0001,0.25,0.5,75.4940719604,0,75.4940719604,75.4940719604,74.7035598755,0,74.7035598755,74.7035598755,1
647,1171,64,0.001,0.001,0.25,0.1,75.4940719604,0,75.4940719604,75.4940719604,74.7035598755,0,74.7035598755,74.7035598755,1
648,1172,64,0.001,0.001,0.25,0.3,75.4940719604,0,75.4940719604,75.4940719604,74.5906219482,0,74.5906219482,74.5906219482,1
649,1173,64,0.001,0.001,0.25,0.5,75.4940719604,0,75.4940719604,75.4940719604,74.7035598755,0,74.7035598755,74.7035598755,1
650,1186,64,0.001,0.01,0.25,0.1,75.4940719604,0,75.4940719604,75.4940719604,74.7035598755,0,74.7035598755,74.7035598755,1
651,1187,64,0.001,0.01,0.25,0.3,75.4940719604,0,75.4940719604,75.4940719604,74.5906219482,0,74.5906219482,74.5906219482,1
652,1188,64,0.001,0.01,0.25,0.5,75.4940719604,0,75.4940719604,75.4940719604,74.7035598755,0,74.7035598755,74.7035598755,1
653,966,32,0.001,0,0.5,0.1,75.3811416626,0,75.3811416626,75.3811416626,74.9858779907,0,74.9858779907,74.9858779907,1
654,967,32,0.001,0,0.5,0.3,75.3811416626,0,75.3811416626,75.3811416626,74.9858779907,0,74.9858779907,74.9858779907,1
655,968,32,0.001,0,0.5,0.5,75.3811416626,0,75.3811416626,75.3811416626,74.8729553223,0,74.8729553223,74.8729553223,1
656,981,32,0.001,0.0001,0.5,0.1,75.3811416626,0,75.3811416626,75.3811416626,74.9858779907,0,74.9858779907,74.9858779907,1
657,982,32,0.001,0.0001,0.5,0.3,75.3811416626,0,75.3811416626,75.3811416626,74.9858779907,0,74.9858779907,74.9858779907,1
658,983,32,0.001,0.0001,0.5,0.5,75.3811416626,0,75.3811416626,75.3811416626,74.8729553223,0,74.8729553223,74.8729553223,1
659,996,32,0.001,0.001,0.5,0.1,75.3811416626,0,75.3811416626,75.3811416626,74.9858779907,0,74.9858779907,74.9858779907,1
660,997,32,0.001,0.001,0.5,0.3,75.3811416626,0,75.3811416626,75.3811416626,74.9858779907,0,74.9858779907,74.9858779907,1
661,998,32,0.001,0.001,0.5,0.5,75.3811416626,0,75.3811416626,75.3811416626,74.8729553223,0,74.8729553223,74.8729553223,1
662,1011,32,0.001,0.01,0.5,0.1,75.3811416626,0,75.3811416626,75.3811416626,74.9858779907,0,74.9858779907,74.9858779907,1
663,1012,32,0.001,0.01,0.5,0.3,75.3811416626,0,75.3811416626,75.3811416626,74.9858779907,0,74.9858779907,74.9858779907,1
664,1013,32,0.001,0.01,0.5,0.5,75.3811416626,0,75.3811416626,75.3811416626,74.8729553223,0,74.8729553223,74.8729553223,1
665,1144,64,0.001,0,0.25,0.7,75.3811416626,0,75.3811416626,75.3811416626,74.8164901733,0,74.8164901733,74.8164901733,1
666,1159,64,0.001,0.0001,0.25,0.7,75.3811416626,0,75.3811416626,75.3811416626,74.8164901733,0,74.8164901733,74.8164901733,1
667,1174,64,0.001,0.001,0.25,0.7,75.3811416626,0,75.3811416626,75.3811416626,74.8164901733,0,74.8164901733,74.8164901733,1
668,1189,64,0.001,0.01,0.25,0.7,75.3811416626,0,75.3811416626,75.3811416626,74.8164901733,0,74.8164901733,74.8164901733,1
669,969,32,0.001,0,0.5,0.7,75.3246688843,0,75.3246688843,75.3246688843,74.9294128418,0,74.9294128418,74.9294128418,1
670,984,32,0.001,0.0001,0.5,0.7,75.3246688843,0,75.3246688843,75.3246688843,74.9294128418,0,74.9294128418,74.9294128418,1
671,999,32,0.001,0.001,0.5,0.7,75.3246688843,0,75.3246688843,75.3246688843,74.9294128418,0,74.9294128418,74.9294128418,1
672,1014,32,0.001,0.01,0.5,0.7,75.3246688843,0,75.3246688843,75.3246688843,74.9294128418,0,74.9294128418,74.9294128418,1
673,970,32,0.001,0,0.5,0.9,75.2682113647,0,75.2682113647,75.2682113647,74.7035598755,0,74.7035598755,74.7035598755,1
674,985,32,0.001,0.0001,0.5,0.9,75.2682113647,0,75.2682113647,75.2682113647,74.7035598755,0,74.7035598755,74.7035598755,1
675,1000,32,0.001,0.001,0.5,0.9,75.2682113647,0,75.2682113647,75.2682113647,74.7035598755,0,74.7035598755,74.7035598755,1
676,1015,32,0.001,0.01,0.5,0.9,75.2682113647,0,75.2682113647,75.2682113647,74.7035598755,0,74.7035598755,74.7035598755,1
677,1145,64,0.001,0,0.25,0.9,75.2682113647,0,75.2682113647,75.2682113647,74.7035598755,0,74.7035598755,74.7035598755,1
678,1160,64,0.001,0.0001,0.25,0.9,75.2682113647,0,75.2682113647,75.2682113647,74.7035598755,0,74.7035598755,74.7035598755,1
679,1175,64,0.001,0.001,0.25,0.9,75.2682113647,0,75.2682113647,75.2682113647,74.7035598755,0,74.7035598755,74.7035598755,1
680,1190,64,0.001,0.01,0.25,0.9,75.2682113647,0,75.2682113647,75.2682113647,74.6470947266,0,74.6470947266,74.6470947266,1
681,906,32,0.01,0,0.5,0.1,74.760017395,0,74.760017395,74.760017395,73.6307144165,0,73.6307144165,73.6307144165,1
682,921,32,0.01,0.0001,0.5,0.1,74.760017395,0,74.760017395,74.760017395,73.6307144165,0,73.6307144165,73.6307144165,1
683,936,32,0.01,0.001,0.5,0.1,74.760017395,0,74.760017395,74.760017395,73.6307144165,0,73.6307144165,73.6307144165,1
684,951,32,0.01,0.01,0.5,0.1,74.760017395,0,74.760017395,74.760017395,73.6307144165,0,73.6307144165,73.6307144165,1
685,907,32,0.01,0,0.5,0.3,74.7035598755,0,74.7035598755,74.7035598755,73.5742492676,0,73.5742492676,73.5742492676,1
686,922,32,0.01,0.0001,0.5,0.3,74.7035598755,0,74.7035598755,74.7035598755,73.5742492676,0,73.5742492676,73.5742492676,1
687,937,32,0.01,0.001,0.5,0.3,74.7035598755,0,74.7035598755,74.7035598755,73.5742492676,0,73.5742492676,73.5742492676,1
688,952,32,0.01,0.01,0.5,0.3,74.7035598755,0,74.7035598755,74.7035598755,73.5742492676,0,73.5742492676,73.5742492676,1
689,909,32,0.01,0,0.5,0.7,74.5341567993,0,74.5341567993,74.5341567993,73.6307144165,0,73.6307144165,73.6307144165,1
690,910,32,0.01,0,0.5,0.9,74.5341567993,0,74.5341567993,74.5341567993,73.8565750122,0,73.8565750122,73.8565750122,1
691,924,32,0.01,0.0001,0.5,0.7,74.5341567993,0,74.5341567993,74.5341567993,73.6871871948,0,73.6871871948,73.6871871948,1
692,925,32,0.01,0.0001,0.5,0.9,74.5341567993,0,74.5341567993,74.5341567993,73.9130401611,0,73.9130401611,73.9130401611,1
693,939,32,0.01,0.001,0.5,0.7,74.5341567993,0,74.5341567993,74.5341567993,73.6871871948,0,73.6871871948,73.6871871948,1
694,940,32,0.01,0.001,0.5,0.9,74.5341567993,0,74.5341567993,74.5341567993,73.9130401611,0,73.9130401611,73.9130401611,1
695,954,32,0.01,0.01,0.5,0.7,74.5341567993,0,74.5341567993,74.5341567993,73.6871871948,0,73.6871871948,73.6871871948,1
696,955,32,0.01,0.01,0.5,0.9,74.5341567993,0,74.5341567993,74.5341567993,73.9130401611,0,73.9130401611,73.9130401611,1
697,908,32,0.01,0,0.5,0.5,74.4212265015,0,74.4212265015,74.4212265015,73.4613189697,0,73.4613189697,73.4613189697,1
698,923,32,0.01,0.0001,0.5,0.5,74.4212265015,0,74.4212265015,74.4212265015,73.5177841187,0,73.5177841187,73.5177841187,1
699,938,32,0.01,0.001,0.5,0.5,74.4212265015,0,74.4212265015,74.4212265015,73.5177841187,0,73.5177841187,73.5177841187,1
700,953,32,0.01,0.01,0.5,0.5,74.4212265015,0,74.4212265015,74.4212265015,73.5177841187,0,73.5177841187,73.5177841187,1
701,615,8,0.001,0,0.75,0.9,73.3483886719,0,73.3483886719,73.3483886719,72.5578765869,0,72.5578765869,72.5578765869,1
702,630,8,0.001,0.0001,0.75,0.9,73.3483886719,0,73.3483886719,73.3483886719,72.5578765869,0,72.5578765869,72.5578765869,1
703,645,8,0.001,0.001,0.75,0.9,73.3483886719,0,73.3483886719,73.3483886719,72.5578765869,0,72.5578765869,72.5578765869,1
704,660,8,0.001,0.01,0.75,0.9,73.3483886719,0,73.3483886719,73.3483886719,72.5578765869,0,72.5578765869,72.5578765869,1
705,611,8,0.001,0,0.75,0.1,73.0660629272,0,73.0660629272,73.0660629272,72.8966674805,0,72.8966674805,72.8966674805,1
706,612,8,0.001,0,0.75,0.3,73.0660629272,0,73.0660629272,73.0660629272,72.8966674805,0,72.8966674805,72.8966674805,1
707,614,8,0.001,0,0.75,0.7,73.0660629272,0,73.0660629272,73.0660629272,72.8402023315,0,72.8402023315,72.8402023315,1
708,626,8,0.001,0.0001,0.75,0.1,73.0660629272,0,73.0660629272,73.0660629272,72.8966674805,0,72.8966674805,72.8966674805,1
709,627,8,0.001,0.0001,0.75,0.3,73.0660629272,0,73.0660629272,73.0660629272,72.8966674805,0,72.8966674805,72.8966674805,1
710,629,8,0.001,0.0001,0.75,0.7,73.0660629272,0,73.0660629272,73.0660629272,72.8402023315,0,72.8402023315,72.8402023315,1
711,641,8,0.001,0.001,0.75,0.1,73.0660629272,0,73.0660629272,73.0660629272,72.8966674805,0,72.8966674805,72.8966674805,1
712,642,8,0.001,0.001,0.75,0.3,73.0660629272,0,73.0660629272,73.0660629272,72.8966674805,0,72.8966674805,72.8966674805,1
713,644,8,0.001,0.001,0.75,0.7,73.0660629272,0,73.0660629272,73.0660629272,72.8402023315,0,72.8402023315,72.8402023315,1
714,656,8,0.001,0.01,0.75,0.1,73.0660629272,0,73.0660629272,73.0660629272,72.8966674805,0,72.8966674805,72.8966674805,1
715,657,8,0.001,0.01,0.75,0.3,73.0660629272,0,73.0660629272,73.0660629272,72.8966674805,0,72.8966674805,72.8966674805,1
716,659,8,0.001,0.01,0.75,0.7,73.0660629272,0,73.0660629272,73.0660629272,72.8402023315,0,72.8402023315,72.8402023315,1
717,613,8,0.001,0,0.75,0.5,73.0095977783,0,73.0095977783,73.0095977783,72.8402023315,0,72.8402023315,72.8402023315,1
718,628,8,0.001,0.0001,0.75,0.5,73.0095977783,0,73.0095977783,73.0095977783,72.8402023315,0,72.8402023315,72.8402023315,1
719,643,8,0.001,0.001,0.75,0.5,73.0095977783,0,73.0095977783,73.0095977783,72.8402023315,0,72.8402023315,72.8402023315,1
720,658,8,0.001,0.01,0.75,0.5,73.0095977783,0,73.0095977783,73.0095977783,72.8402023315,0,72.8402023315,72.8402023315,1
721,326,2,0.0001,0.0001,0.75,0.1,72.7272720337,0,72.7272720337,72.7272720337,69.7346115112,0,69.7346115112,69.7346115112,1
722,328,2,0.0001,0.0001,0.75,0.5,72.7272720337,0,72.7272720337,72.7272720337,69.8475418091,0,69.8475418091,69.8475418091,1
723,356,2,0.0001,0.01,0.75,0.1,72.7272720337,0,72.7272720337,72.7272720337,69.904006958,0,69.904006958,69.904006958,1
724,312,2,0.0001,0,0.75,0.3,72.6708068848,0,72.6708068848,72.6708068848,69.6216812134,0,69.6216812134,69.6216812134,1
725,314,2,0.0001,0,0.75,0.7,72.6708068848,0,72.6708068848,72.6708068848,69.5087509155,0,69.5087509155,69.5087509155,1
726,329,2,0.0001,0.0001,0.75,0.7,72.6708068848,0,72.6708068848,72.6708068848,69.7910766602,0,69.7910766602,69.7910766602,1
727,341,2,0.0001,0.001,0.75,0.1,72.6708068848,0,72.6708068848,72.6708068848,69.8475418091,0,69.8475418091,69.8475418091,1
728,344,2,0.0001,0.001,0.75,0.7,72.6708068848,0,72.6708068848,72.6708068848,69.7910766602,0,69.7910766602,69.7910766602,1
729,357,2,0.0001,0.01,0.75,0.3,72.6708068848,0,72.6708068848,72.6708068848,69.8475418091,0,69.8475418091,69.8475418091,1
730,359,2,0.0001,0.01,0.75,0.7,72.6708068848,0,72.6708068848,72.6708068848,69.7910766602,0,69.7910766602,69.7910766602,1
731,311,2,0.0001,0,0.75,0.1,72.6143417358,0,72.6143417358,72.6143417358,69.6216812134,0,69.6216812134,69.6216812134,1
732,315,2,0.0001,0,0.75,0.9,72.6143417358,0,72.6143417358,72.6143417358,69.6781463623,0,69.6781463623,69.6781463623,1
733,327,2,0.0001,0.0001,0.75,0.3,72.6143417358,0,72.6143417358,72.6143417358,69.7346115112,0,69.7346115112,69.7346115112,1
734,330,2,0.0001,0.0001,0.75,0.9,72.6143417358,0,72.6143417358,72.6143417358,69.8475418091,0,69.8475418091,69.8475418091,1
735,342,2,0.0001,0.001,0.75,0.3,72.6143417358,0,72.6143417358,72.6143417358,69.8475418091,0,69.8475418091,69.8475418091,1
736,345,2,0.0001,0.001,0.75,0.9,72.6143417358,0,72.6143417358,72.6143417358,69.7910766602,0,69.7910766602,69.7910766602,1
737,360,2,0.0001,0.01,0.75,0.9,72.6143417358,0,72.6143417358,72.6143417358,69.8475418091,0,69.8475418091,69.8475418091,1
738,313,2,0.0001,0,0.75,0.5,72.5578765869,0,72.5578765869,72.5578765869,69.6216812134,0,69.6216812134,69.6216812134,1
739,343,2,0.0001,0.001,0.75,0.5,72.5578765869,0,72.5578765869,72.5578765869,70.1298675537,0,70.1298675537,70.1298675537,1
740,358,2,0.0001,0.01,0.75,0.5,72.5578765869,0,72.5578765869,72.5578765869,70.1298675537,0,70.1298675537,70.1298675537,1
741,495,4,0.0001,0,0.75,0.9,72.162612915,0,72.162612915,72.162612915,70.2427978516,0,70.2427978516,70.2427978516,1
742,510,4,0.0001,0.0001,0.75,0.9,72.162612915,0,72.162612915,72.162612915,70.2427978516,0,70.2427978516,70.2427978516,1
743,525,4,0.0001,0.001,0.75,0.9,72.162612915,0,72.162612915,72.162612915,70.2427978516,0,70.2427978516,70.2427978516,1
744,540,4,0.0001,0.01,0.75,0.9,72.162612915,0,72.162612915,72.162612915,70.2427978516,0,70.2427978516,70.2427978516,1
745,491,4,0.0001,0,0.75,0.1,72.1061553955,0,72.1061553955,72.1061553955,70.3557281494,0,70.3557281494,70.3557281494,1
746,1090,64,0.01,0,0.5,0.9,72.0496902466,0,72.0496902466,72.0496902466,71.2027053833,0,71.2027053833,71.2027053833,1
747,493,4,0.0001,0,0.75,0.5,71.9932174683,0,71.9932174683,71.9932174683,70.1863327026,0,70.1863327026,70.1863327026,1
748,506,4,0.0001,0.0001,0.75,0.1,71.9932174683,0,71.9932174683,71.9932174683,70.4121932983,0,70.4121932983,70.4121932983,1
749,508,4,0.0001,0.0001,0.75,0.5,71.9932174683,0,71.9932174683,71.9932174683,70.1863327026,0,70.1863327026,70.1863327026,1
750,521,4,0.0001,0.001,0.75,0.1,71.9932174683,0,71.9932174683,71.9932174683,70.4121932983,0,70.4121932983,70.4121932983,1
751,523,4,0.0001,0.001,0.75,0.5,71.9932174683,0,71.9932174683,71.9932174683,70.1863327026,0,70.1863327026,70.1863327026,1
752,536,4,0.0001,0.01,0.75,0.1,71.9932174683,0,71.9932174683,71.9932174683,70.4121932983,0,70.4121932983,70.4121932983,1
753,538,4,0.0001,0.01,0.75,0.5,71.9932174683,0,71.9932174683,71.9932174683,70.1863327026,0,70.1863327026,70.1863327026,1
754,492,4,0.0001,0,0.75,0.3,71.9367599487,0,71.9367599487,71.9367599487,70.1863327026,0,70.1863327026,70.1863327026,1
755,494,4,0.0001,0,0.75,0.7,71.9367599487,0,71.9367599487,71.9367599487,70.1863327026,0,70.1863327026,70.1863327026,1
756,509,4,0.0001,0.0001,0.75,0.7,71.9367599487,0,71.9367599487,71.9367599487,70.1863327026,0,70.1863327026,70.1863327026,1
757,524,4,0.0001,0.001,0.75,0.7,71.9367599487,0,71.9367599487,71.9367599487,70.1863327026,0,70.1863327026,70.1863327026,1
758,539,4,0.0001,0.01,0.75,0.7,71.9367599487,0,71.9367599487,71.9367599487,70.1863327026,0,70.1863327026,70.1863327026,1
759,507,4,0.0001,0.0001,0.75,0.3,71.8802947998,0,71.8802947998,71.8802947998,70.1863327026,0,70.1863327026,70.1863327026,1
760,522,4,0.0001,0.001,0.75,0.3,71.8802947998,0,71.8802947998,71.8802947998,70.1863327026,0,70.1863327026,70.1863327026,1
761,537,4,0.0001,0.01,0.75,0.3,71.8802947998,0,71.8802947998,71.8802947998,70.1863327026,0,70.1863327026,70.1863327026,1
762,1105,64,0.01,0.0001,0.5,0.9,71.710899353,0,71.710899353,71.710899353,71.0333099365,0,71.0333099365,71.0333099365,1
763,1120,64,0.01,0.001,0.5,0.9,71.710899353,0,71.710899353,71.710899353,71.0333099365,0,71.0333099365,71.0333099365,1
764,1135,64,0.01,0.01,0.5,0.9,71.5415039062,0,71.5415039062,71.5415039062,71.0897827148,0,71.0897827148,71.0897827148,1
765,1089,64,0.01,0,0.5,0.7,71.428565979,0,71.428565979,71.428565979,70.8639144897,0,70.8639144897,70.8639144897,1
766,1104,64,0.01,0.0001,0.5,0.7,71.428565979,0,71.428565979,71.428565979,70.9203872681,0,70.9203872681,70.9203872681,1
767,1119,64,0.01,0.001,0.5,0.7,71.428565979,0,71.428565979,71.428565979,70.9203872681,0,70.9203872681,70.9203872681,1
768,1134,64,0.01,0.01,0.5,0.7,71.428565979,0,71.428565979,71.428565979,70.9203872681,0,70.9203872681,70.9203872681,1
769,1021,32,0.0001,0,0.25,0.1,70.9768447876,0,70.9768447876,70.9768447876,71.1462402344,0,71.1462402344,71.1462402344,1
770,1022,32,0.0001,0,0.25,0.3,70.9768447876,0,70.9768447876,70.9768447876,71.1462402344,0,71.1462402344,71.1462402344,1
771,1025,32,0.0001,0,0.25,0.9,70.9768447876,0,70.9768447876,70.9768447876,71.0897827148,0,71.0897827148,71.0897827148,1
772,1036,32,0.0001,0.0001,0.25,0.1,70.9768447876,0,70.9768447876,70.9768447876,71.1462402344,0,71.1462402344,71.1462402344,1
773,1037,32,0.0001,0.0001,0.25,0.3,70.9768447876,0,70.9768447876,70.9768447876,71.1462402344,0,71.1462402344,71.1462402344,1
774,1040,32,0.0001,0.0001,0.25,0.9,70.9768447876,0,70.9768447876,70.9768447876,71.0897827148,0,71.0897827148,71.0897827148,1
775,1051,32,0.0001,0.001,0.25,0.1,70.9768447876,0,70.9768447876,70.9768447876,71.1462402344,0,71.1462402344,71.1462402344,1
776,1052,32,0.0001,0.001,0.25,0.3,70.9768447876,0,70.9768447876,70.9768447876,71.1462402344,0,71.1462402344,71.1462402344,1
777,1055,32,0.0001,0.001,0.25,0.9,70.9768447876,0,70.9768447876,70.9768447876,71.0897827148,0,71.0897827148,71.0897827148,1
778,1066,32,0.0001,0.01,0.25,0.1,70.9768447876,0,70.9768447876,70.9768447876,71.1462402344,0,71.1462402344,71.1462402344,1
779,1067,32,0.0001,0.01,0.25,0.3,70.9768447876,0,70.9768447876,70.9768447876,71.1462402344,0,71.1462402344,71.1462402344,1
780,1070,32,0.0001,0.01,0.25,0.9,70.9768447876,0,70.9768447876,70.9768447876,71.0897827148,0,71.0897827148,71.0897827148,1
781,1023,32,0.0001,0,0.25,0.5,70.9203872681,0,70.9203872681,70.9203872681,71.1462402344,0,71.1462402344,71.1462402344,1
782,1024,32,0.0001,0,0.25,0.7,70.9203872681,0,70.9203872681,70.9203872681,71.0897827148,0,71.0897827148,71.0897827148,1
783,1038,32,0.0001,0.0001,0.25,0.5,70.9203872681,0,70.9203872681,70.9203872681,71.1462402344,0,71.1462402344,71.1462402344,1
784,1039,32,0.0001,0.0001,0.25,0.7,70.9203872681,0,70.9203872681,70.9203872681,71.0897827148,0,71.0897827148,71.0897827148,1
785,1053,32,0.0001,0.001,0.25,0.5,70.9203872681,0,70.9203872681,70.9203872681,71.1462402344,0,71.1462402344,71.1462402344,1
786,1054,32,0.0001,0.001,0.25,0.7,70.9203872681,0,70.9203872681,70.9203872681,71.0897827148,0,71.0897827148,71.0897827148,1
787,1068,32,0.0001,0.01,0.25,0.5,70.9203872681,0,70.9203872681,70.9203872681,71.1462402344,0,71.1462402344,71.1462402344,1
788,1069,32,0.0001,0.01,0.25,0.7,70.9203872681,0,70.9203872681,70.9203872681,71.0897827148,0,71.0897827148,71.0897827148,1
789,846,16,0.0001,0,0.5,0.1,70.8074493408,0,70.8074493408,70.8074493408,70.2427978516,0,70.2427978516,70.2427978516,1
790,849,16,0.0001,0,0.5,0.7,70.8074493408,0,70.8074493408,70.8074493408,70.1863327026,0,70.1863327026,70.1863327026,1
791,861,16,0.0001,0.0001,0.5,0.1,70.8074493408,0,70.8074493408,70.8074493408,70.2427978516,0,70.2427978516,70.2427978516,1
792,864,16,0.0001,0.0001,0.5,0.7,70.8074493408,0,70.8074493408,70.8074493408,70.1863327026,0,70.1863327026,70.1863327026,1
793,876,16,0.0001,0.001,0.5,0.1,70.8074493408,0,70.8074493408,70.8074493408,70.2427978516,0,70.2427978516,70.2427978516,1
794,879,16,0.0001,0.001,0.5,0.7,70.8074493408,0,70.8074493408,70.8074493408,70.1863327026,0,70.1863327026,70.1863327026,1
795,891,16,0.0001,0.01,0.5,0.1,70.8074493408,0,70.8074493408,70.8074493408,70.2427978516,0,70.2427978516,70.2427978516,1
796,894,16,0.0001,0.01,0.5,0.7,70.8074493408,0,70.8074493408,70.8074493408,70.1863327026,0,70.1863327026,70.1863327026,1
797,847,16,0.0001,0,0.5,0.3,70.7509841919,0,70.7509841919,70.7509841919,69.9604721069,0,69.9604721069,69.9604721069,1
798,848,16,0.0001,0,0.5,0.5,70.7509841919,0,70.7509841919,70.7509841919,70.0169372559,0,70.0169372559,70.0169372559,1
799,850,16,0.0001,0,0.5,0.9,70.7509841919,0,70.7509841919,70.7509841919,69.904006958,0,69.904006958,69.904006958,1
800,862,16,0.0001,0.0001,0.5,0.3,70.7509841919,0,70.7509841919,70.7509841919,69.9604721069,0,69.9604721069,69.9604721069,1
801,863,16,0.0001,0.0001,0.5,0.5,70.7509841919,0,70.7509841919,70.7509841919,70.0169372559,0,70.0169372559,70.0169372559,1
802,865,16,0.0001,0.0001,0.5,0.9,70.7509841919,0,70.7509841919,70.7509841919,69.904006958,0,69.904006958,69.904006958,1
803,877,16,0.0001,0.001,0.5,0.3,70.7509841919,0,70.7509841919,70.7509841919,69.9604721069,0,69.9604721069,69.9604721069,1
804,878,16,0.0001,0.001,0.5,0.5,70.7509841919,0,70.7509841919,70.7509841919,70.0169372559,0,70.0169372559,70.0169372559,1
805,880,16,0.0001,0.001,0.5,0.9,70.7509841919,0,70.7509841919,70.7509841919,69.904006958,0,69.904006958,69.904006958,1
806,892,16,0.0001,0.01,0.5,0.3,70.7509841919,0,70.7509841919,70.7509841919,69.9604721069,0,69.9604721069,69.9604721069,1
807,893,16,0.0001,0.01,0.5,0.5,70.7509841919,0,70.7509841919,70.7509841919,70.0169372559,0,70.0169372559,70.0169372559,1
808,895,16,0.0001,0.01,0.5,0.9,70.7509841919,0,70.7509841919,70.7509841919,69.904006958,0,69.904006958,69.904006958,1
809,732,16,0.01,0,0.75,0.3,70.5815887451,0,70.5815887451,70.5815887451,69.7910766602,0,69.7910766602,69.7910766602,1
810,733,16,0.01,0,0.75,0.5,70.5815887451,0,70.5815887451,70.5815887451,69.7910766602,0,69.7910766602,69.7910766602,1
811,747,16,0.01,0.0001,0.75,0.3,70.5815887451,0,70.5815887451,70.5815887451,69.7910766602,0,69.7910766602,69.7910766602,1
812,748,16,0.01,0.0001,0.75,0.5,70.5815887451,0,70.5815887451,70.5815887451,69.7910766602,0,69.7910766602,69.7910766602,1
813,762,16,0.01,0.001,0.75,0.3,70.5815887451,0,70.5815887451,70.5815887451,69.7910766602,0,69.7910766602,69.7910766602,1
814,763,16,0.01,0.001,0.75,0.5,70.5815887451,0,70.5815887451,70.5815887451,69.7910766602,0,69.7910766602,69.7910766602,1
815,777,16,0.01,0.01,0.75,0.3,70.5815887451,0,70.5815887451,70.5815887451,69.7910766602,0,69.7910766602,69.7910766602,1
816,778,16,0.01,0.01,0.75,0.5,70.5815887451,0,70.5815887451,70.5815887451,69.7910766602,0,69.7910766602,69.7910766602,1
817,731,16,0.01,0,0.75,0.1,70.5251312256,0,70.5251312256,70.5251312256,69.7346115112,0,69.7346115112,69.7346115112,1
818,734,16,0.01,0,0.75,0.7,70.5251312256,0,70.5251312256,70.5251312256,69.7910766602,0,69.7910766602,69.7910766602,1
819,735,16,0.01,0,0.75,0.9,70.5251312256,0,70.5251312256,70.5251312256,69.8475418091,0,69.8475418091,69.8475418091,1
820,746,16,0.01,0.0001,0.75,0.1,70.5251312256,0,70.5251312256,70.5251312256,69.7346115112,0,69.7346115112,69.7346115112,1
821,749,16,0.01,0.0001,0.75,0.7,70.5251312256,0,70.5251312256,70.5251312256,69.7910766602,0,69.7910766602,69.7910766602,1
822,750,16,0.01,0.0001,0.75,0.9,70.5251312256,0,70.5251312256,70.5251312256,69.8475418091,0,69.8475418091,69.8475418091,1
823,761,16,0.01,0.001,0.75,0.1,70.5251312256,0,70.5251312256,70.5251312256,69.7346115112,0,69.7346115112,69.7346115112,1
824,764,16,0.01,0.001,0.75,0.7,70.5251312256,0,70.5251312256,70.5251312256,69.7910766602,0,69.7910766602,69.7910766602,1
825,765,16,0.01,0.001,0.75,0.9,70.5251312256,0,70.5251312256,70.5251312256,69.8475418091,0,69.8475418091,69.8475418091,1
826,776,16,0.01,0.01,0.75,0.1,70.5251312256,0,70.5251312256,70.5251312256,69.7346115112,0,69.7346115112,69.7346115112,1
827,779,16,0.01,0.01,0.75,0.7,70.5251312256,0,70.5251312256,70.5251312256,69.7910766602,0,69.7910766602,69.7910766602,1
828,780,16,0.01,0.01,0.75,0.9,70.5251312256,0,70.5251312256,70.5251312256,69.8475418091,0,69.8475418091,69.8475418091,1
829,1146,64,0.001,0,0.5,0.1,70.0734024048,0,70.0734024048,70.0734024048,68.4923782349,0,68.4923782349,68.4923782349,1
830,1147,64,0.001,0,0.5,0.3,70.0734024048,0,70.0734024048,70.0734024048,68.2665176392,0,68.2665176392,68.2665176392,1
831,1161,64,0.001,0.0001,0.5,0.1,70.0734024048,0,70.0734024048,70.0734024048,68.4923782349,0,68.4923782349,68.4923782349,1
832,1162,64,0.001,0.0001,0.5,0.3,70.0734024048,0,70.0734024048,70.0734024048,68.2665176392,0,68.2665176392,68.2665176392,1
833,1176,64,0.001,0.001,0.5,0.1,70.0734024048,0,70.0734024048,70.0734024048,68.4923782349,0,68.4923782349,68.4923782349,1
834,1177,64,0.001,0.001,0.5,0.3,70.0734024048,0,70.0734024048,70.0734024048,68.2665176392,0,68.2665176392,68.2665176392,1
835,1191,64,0.001,0.01,0.5,0.1,70.0734024048,0,70.0734024048,70.0734024048,68.4923782349,0,68.4923782349,68.4923782349,1
836,1192,64,0.001,0.01,0.5,0.3,70.0734024048,0,70.0734024048,70.0734024048,68.2665176392,0,68.2665176392,68.2665176392,1
837,1150,64,0.001,0,0.5,0.9,69.8475418091,0,69.8475418091,69.8475418091,68.5488433838,0,68.5488433838,68.5488433838,1
838,1165,64,0.001,0.0001,0.5,0.9,69.8475418091,0,69.8475418091,69.8475418091,68.5488433838,0,68.5488433838,68.5488433838,1
839,1180,64,0.001,0.001,0.5,0.9,69.8475418091,0,69.8475418091,69.8475418091,68.5488433838,0,68.5488433838,68.5488433838,1
840,1195,64,0.001,0.01,0.5,0.9,69.8475418091,0,69.8475418091,69.8475418091,68.5488433838,0,68.5488433838,68.5488433838,1
841,1148,64,0.001,0,0.5,0.5,69.5652160645,0,69.5652160645,69.5652160645,68.2665176392,0,68.2665176392,68.2665176392,1
842,1163,64,0.001,0.0001,0.5,0.5,69.5652160645,0,69.5652160645,69.5652160645,68.2665176392,0,68.2665176392,68.2665176392,1
843,1178,64,0.001,0.001,0.5,0.5,69.5652160645,0,69.5652160645,69.5652160645,68.2665176392,0,68.2665176392,68.2665176392,1
844,1193,64,0.001,0.01,0.5,0.5,69.5652160645,0,69.5652160645,69.5652160645,68.2665176392,0,68.2665176392,68.2665176392,1
845,1149,64,0.001,0,0.5,0.7,69.3958206177,0,69.3958206177,69.3958206177,68.7182388306,0,68.7182388306,68.7182388306,1
846,1164,64,0.001,0.0001,0.5,0.7,69.3958206177,0,69.3958206177,69.3958206177,68.7182388306,0,68.7182388306,68.7182388306,1
847,1179,64,0.001,0.001,0.5,0.7,69.3958206177,0,69.3958206177,69.3958206177,68.7182388306,0,68.7182388306,68.7182388306,1
848,1194,64,0.001,0.01,0.5,0.7,69.3958206177,0,69.3958206177,69.3958206177,68.7182388306,0,68.7182388306,68.7182388306,1
849,1088,64,0.01,0,0.5,0.5,68.8876342773,0,68.8876342773,68.8876342773,67.4759979248,0,67.4759979248,67.4759979248,1
850,1103,64,0.01,0.0001,0.5,0.5,68.8311691284,0,68.8311691284,68.8311691284,67.5889282227,0,67.5889282227,67.5889282227,1
851,1118,64,0.01,0.001,0.5,0.5,68.8311691284,0,68.8311691284,68.8311691284,67.5889282227,0,67.5889282227,67.5889282227,1
852,1133,64,0.01,0.01,0.5,0.5,68.8311691284,0,68.8311691284,68.8311691284,67.5889282227,0,67.5889282227,67.5889282227,1
853,1086,64,0.01,0,0.5,0.1,68.7747039795,0,68.7747039795,68.7747039795,67.5324707031,0,67.5324707031,67.5324707031,1
854,671,8,0.0001,0,0.75,0.1,68.7182388306,0,68.7182388306,68.7182388306,66.9113464355,0,66.9113464355,66.9113464355,1
855,686,8,0.0001,0.0001,0.75,0.1,68.7182388306,0,68.7182388306,68.7182388306,66.9113464355,0,66.9113464355,66.9113464355,1
856,701,8,0.0001,0.001,0.75,0.1,68.7182388306,0,68.7182388306,68.7182388306,66.9113464355,0,66.9113464355,66.9113464355,1
857,716,8,0.0001,0.01,0.75,0.1,68.7182388306,0,68.7182388306,68.7182388306,66.9113464355,0,66.9113464355,66.9113464355,1
858,672,8,0.0001,0,0.75,0.3,68.6617736816,0,68.6617736816,68.6617736816,66.9113464355,0,66.9113464355,66.9113464355,1
859,673,8,0.0001,0,0.75,0.5,68.6617736816,0,68.6617736816,68.6617736816,66.9678115845,0,66.9678115845,66.9678115845,1
860,687,8,0.0001,0.0001,0.75,0.3,68.6617736816,0,68.6617736816,68.6617736816,66.9113464355,0,66.9113464355,66.9113464355,1
861,688,8,0.0001,0.0001,0.75,0.5,68.6617736816,0,68.6617736816,68.6617736816,66.9678115845,0,66.9678115845,66.9678115845,1
862,702,8,0.0001,0.001,0.75,0.3,68.6617736816,0,68.6617736816,68.6617736816,66.9113464355,0,66.9113464355,66.9113464355,1
863,703,8,0.0001,0.001,0.75,0.5,68.6617736816,0,68.6617736816,68.6617736816,66.9678115845,0,66.9678115845,66.9678115845,1
864,717,8,0.0001,0.01,0.75,0.3,68.6617736816,0,68.6617736816,68.6617736816,66.9113464355,0,66.9113464355,66.9113464355,1
865,718,8,0.0001,0.01,0.75,0.5,68.6617736816,0,68.6617736816,68.6617736816,66.9678115845,0,66.9678115845,66.9678115845,1
866,795,16,0.001,0,0.75,0.9,68.6617736816,0,68.6617736816,68.6617736816,67.1936721802,0,67.1936721802,67.1936721802,1
867,810,16,0.001,0.0001,0.75,0.9,68.6617736816,0,68.6617736816,68.6617736816,67.1936721802,0,67.1936721802,67.1936721802,1
868,825,16,0.001,0.001,0.75,0.9,68.6617736816,0,68.6617736816,68.6617736816,67.1936721802,0,67.1936721802,67.1936721802,1
869,840,16,0.001,0.01,0.75,0.9,68.6617736816,0,68.6617736816,68.6617736816,67.1936721802,0,67.1936721802,67.1936721802,1
870,1101,64,0.01,0.0001,0.5,0.1,68.6617736816,0,68.6617736816,68.6617736816,67.5889282227,0,67.5889282227,67.5889282227,1
871,1116,64,0.01,0.001,0.5,0.1,68.6617736816,0,68.6617736816,68.6617736816,67.5889282227,0,67.5889282227,67.5889282227,1
872,1131,64,0.01,0.01,0.5,0.1,68.6617736816,0,68.6617736816,68.6617736816,67.5889282227,0,67.5889282227,67.5889282227,1
873,674,8,0.0001,0,0.75,0.7,68.6053009033,0,68.6053009033,68.6053009033,67.0242767334,0,67.0242767334,67.0242767334,1
874,675,8,0.0001,0,0.75,0.9,68.6053009033,0,68.6053009033,68.6053009033,67.0242767334,0,67.0242767334,67.0242767334,1
875,689,8,0.0001,0.0001,0.75,0.7,68.6053009033,0,68.6053009033,68.6053009033,67.0242767334,0,67.0242767334,67.0242767334,1
876,690,8,0.0001,0.0001,0.75,0.9,68.6053009033,0,68.6053009033,68.6053009033,67.0242767334,0,67.0242767334,67.0242767334,1
877,704,8,0.0001,0.001,0.75,0.7,68.6053009033,0,68.6053009033,68.6053009033,67.0242767334,0,67.0242767334,67.0242767334,1
878,705,8,0.0001,0.001,0.75,0.9,68.6053009033,0,68.6053009033,68.6053009033,67.0242767334,0,67.0242767334,67.0242767334,1
879,719,8,0.0001,0.01,0.75,0.7,68.6053009033,0,68.6053009033,68.6053009033,67.0242767334,0,67.0242767334,67.0242767334,1
880,720,8,0.0001,0.01,0.75,0.9,68.6053009033,0,68.6053009033,68.6053009033,67.0242767334,0,67.0242767334,67.0242767334,1
881,1087,64,0.01,0,0.5,0.3,68.5488433838,0,68.5488433838,68.5488433838,67.363067627,0,67.363067627,67.363067627,1
882,1102,64,0.01,0.0001,0.5,0.3,68.5488433838,0,68.5488433838,68.5488433838,67.4195327759,0,67.4195327759,67.4195327759,1
883,1117,64,0.01,0.001,0.5,0.3,68.5488433838,0,68.5488433838,68.5488433838,67.4195327759,0,67.4195327759,67.4195327759,1
884,1132,64,0.01,0.01,0.5,0.3,68.5488433838,0,68.5488433838,68.5488433838,67.4195327759,0,67.4195327759,67.4195327759,1
885,794,16,0.001,0,0.75,0.7,68.4923782349,0,68.4923782349,68.4923782349,67.5889282227,0,67.5889282227,67.5889282227,1
886,809,16,0.001,0.0001,0.75,0.7,68.4923782349,0,68.4923782349,68.4923782349,67.5889282227,0,67.5889282227,67.5889282227,1
887,824,16,0.001,0.001,0.75,0.7,68.4923782349,0,68.4923782349,68.4923782349,67.5889282227,0,67.5889282227,67.5889282227,1
888,839,16,0.001,0.01,0.75,0.7,68.4923782349,0,68.4923782349,68.4923782349,67.5889282227,0,67.5889282227,67.5889282227,1
889,791,16,0.001,0,0.75,0.1,68.4359130859,0,68.4359130859,68.4359130859,67.6453933716,0,67.6453933716,67.6453933716,1
890,792,16,0.001,0,0.75,0.3,68.4359130859,0,68.4359130859,68.4359130859,67.7018661499,0,67.7018661499,67.7018661499,1
891,793,16,0.001,0,0.75,0.5,68.4359130859,0,68.4359130859,68.4359130859,67.8147888184,0,67.8147888184,67.8147888184,1
892,806,16,0.001,0.0001,0.75,0.1,68.4359130859,0,68.4359130859,68.4359130859,67.6453933716,0,67.6453933716,67.6453933716,1
893,807,16,0.001,0.0001,0.75,0.3,68.4359130859,0,68.4359130859,68.4359130859,67.7018661499,0,67.7018661499,67.7018661499,1
894,808,16,0.001,0.0001,0.75,0.5,68.4359130859,0,68.4359130859,68.4359130859,67.7583312988,0,67.7583312988,67.7583312988,1
895,821,16,0.001,0.001,0.75,0.1,68.4359130859,0,68.4359130859,68.4359130859,67.6453933716,0,67.6453933716,67.6453933716,1
896,822,16,0.001,0.001,0.75,0.3,68.4359130859,0,68.4359130859,68.4359130859,67.7018661499,0,67.7018661499,67.7018661499,1
897,823,16,0.001,0.001,0.75,0.5,68.4359130859,0,68.4359130859,68.4359130859,67.7583312988,0,67.7583312988,67.7583312988,1
898,836,16,0.001,0.01,0.75,0.1,68.4359130859,0,68.4359130859,68.4359130859,67.6453933716,0,67.6453933716,67.6453933716,1
899,837,16,0.001,0.01,0.75,0.3,68.4359130859,0,68.4359130859,68.4359130859,67.7018661499,0,67.7018661499,67.7018661499,1
900,838,16,0.001,0.01,0.75,0.5,68.4359130859,0,68.4359130859,68.4359130859,67.7583312988,0,67.7583312988,67.7583312988,1
901,1028,32,0.0001,0,0.5,0.5,67.9841842651,0,67.9841842651,67.9841842651,68.3794403076,0,68.3794403076,68.3794403076,1
902,1029,32,0.0001,0,0.5,0.7,67.9841842651,0,67.9841842651,67.9841842651,68.5488433838,0,68.5488433838,68.5488433838,1
903,1043,32,0.0001,0.0001,0.5,0.5,67.9841842651,0,67.9841842651,67.9841842651,68.3794403076,0,68.3794403076,68.3794403076,1
904,1044,32,0.0001,0.0001,0.5,0.7,67.9841842651,0,67.9841842651,67.9841842651,68.5488433838,0,68.5488433838,68.5488433838,1
905,1058,32,0.0001,0.001,0.5,0.5,67.9841842651,0,67.9841842651,67.9841842651,68.3794403076,0,68.3794403076,68.3794403076,1
906,1059,32,0.0001,0.001,0.5,0.7,67.9841842651,0,67.9841842651,67.9841842651,68.5488433838,0,68.5488433838,68.5488433838,1
907,1073,32,0.0001,0.01,0.5,0.5,67.9841842651,0,67.9841842651,67.9841842651,68.3794403076,0,68.3794403076,68.3794403076,1
908,1074,32,0.0001,0.01,0.5,0.7,67.9841842651,0,67.9841842651,67.9841842651,68.5488433838,0,68.5488433838,68.5488433838,1
909,1026,32,0.0001,0,0.5,0.1,67.9277267456,0,67.9277267456,67.9277267456,68.4359130859,0,68.4359130859,68.4359130859,1
910,1027,32,0.0001,0,0.5,0.3,67.9277267456,0,67.9277267456,67.9277267456,68.4359130859,0,68.4359130859,68.4359130859,1
911,1041,32,0.0001,0.0001,0.5,0.1,67.9277267456,0,67.9277267456,67.9277267456,68.4359130859,0,68.4359130859,68.4359130859,1
912,1042,32,0.0001,0.0001,0.5,0.3,67.9277267456,0,67.9277267456,67.9277267456,68.4359130859,0,68.4359130859,68.4359130859,1
913,1056,32,0.0001,0.001,0.5,0.1,67.9277267456,0,67.9277267456,67.9277267456,68.4359130859,0,68.4359130859,68.4359130859,1
914,1057,32,0.0001,0.001,0.5,0.3,67.9277267456,0,67.9277267456,67.9277267456,68.4359130859,0,68.4359130859,68.4359130859,1
915,1071,32,0.0001,0.01,0.5,0.1,67.9277267456,0,67.9277267456,67.9277267456,68.4359130859,0,68.4359130859,68.4359130859,1
916,1072,32,0.0001,0.01,0.5,0.3,67.9277267456,0,67.9277267456,67.9277267456,68.4359130859,0,68.4359130859,68.4359130859,1
917,100,0,0.001,0.001,0.5,0.9,67.8147888184,0,67.8147888184,67.8147888184,67.3066101074,0,67.3066101074,67.3066101074,1
918,111,0,0.001,0.01,0.5,0.1,67.8147888184,0,67.8147888184,67.8147888184,67.4195327759,0,67.4195327759,67.4195327759,1
919,112,0,0.001,0.01,0.5,0.3,67.8147888184,0,67.8147888184,67.8147888184,67.4195327759,0,67.4195327759,67.4195327759,1
920,113,0,0.001,0.01,0.5,0.5,67.8147888184,0,67.8147888184,67.8147888184,67.363067627,0,67.363067627,67.363067627,1
921,114,0,0.001,0.01,0.5,0.7,67.8147888184,0,67.8147888184,67.8147888184,67.3066101074,0,67.3066101074,67.3066101074,1
922,1030,32,0.0001,0,0.5,0.9,67.8147888184,0,67.8147888184,67.8147888184,68.2100448608,0,68.2100448608,68.2100448608,1
923,1045,32,0.0001,0.0001,0.5,0.9,67.8147888184,0,67.8147888184,67.8147888184,68.2100448608,0,68.2100448608,68.2100448608,1
924,1060,32,0.0001,0.001,0.5,0.9,67.8147888184,0,67.8147888184,67.8147888184,68.2100448608,0,68.2100448608,68.2100448608,1
925,1075,32,0.0001,0.01,0.5,0.9,67.8147888184,0,67.8147888184,67.8147888184,68.2100448608,0,68.2100448608,68.2100448608,1
926,99,0,0.001,0.001,0.5,0.7,67.7583312988,0,67.7583312988,67.7583312988,67.3066101074,0,67.3066101074,67.3066101074,1
927,115,0,0.001,0.01,0.5,0.9,67.7583312988,0,67.7583312988,67.7583312988,67.4759979248,0,67.4759979248,67.4759979248,1
928,96,0,0.001,0.001,0.5,0.1,67.6453933716,0,67.6453933716,67.6453933716,67.363067627,0,67.363067627,67.363067627,1
929,97,0,0.001,0.001,0.5,0.3,67.6453933716,0,67.6453933716,67.6453933716,67.363067627,0,67.363067627,67.363067627,1
930,98,0,0.001,0.001,0.5,0.5,67.6453933716,0,67.6453933716,67.6453933716,67.3066101074,0,67.3066101074,67.3066101074,1
931,84,0,0.001,0.0001,0.5,0.7,67.5889282227,0,67.5889282227,67.5889282227,66.9678115845,0,66.9678115845,66.9678115845,1
932,83,0,0.001,0.0001,0.5,0.5,67.5324707031,0,67.5324707031,67.5324707031,67.0242767334,0,67.0242767334,67.0242767334,1
933,85,0,0.001,0.0001,0.5,0.9,67.5324707031,0,67.5324707031,67.5324707031,67.0242767334,0,67.0242767334,67.0242767334,1
934,81,0,0.001,0.0001,0.5,0.1,67.4759979248,0,67.4759979248,67.4759979248,67.0807418823,0,67.0807418823,67.0807418823,1
935,82,0,0.001,0.0001,0.5,0.3,67.4759979248,0,67.4759979248,67.4759979248,67.0807418823,0,67.0807418823,67.0807418823,1
936,88,0,0.001,0.0001,0.75,0.5,67.4195327759,0,67.4195327759,67.4195327759,66.0643692017,0,66.0643692017,66.0643692017,1
937,90,0,0.001,0.0001,0.75,0.9,67.4195327759,0,67.4195327759,67.4195327759,66.0079040527,0,66.0079040527,66.0079040527,1
938,1201,64,0.0001,0,0.25,0.1,67.0242767334,0,67.0242767334,67.0242767334,65.8949737549,0,65.8949737549,65.8949737549,1
939,1202,64,0.0001,0,0.25,0.3,67.0242767334,0,67.0242767334,67.0242767334,65.9514389038,0,65.9514389038,65.9514389038,1
940,1204,64,0.0001,0,0.25,0.7,67.0242767334,0,67.0242767334,67.0242767334,66.6854858398,0,66.6854858398,66.6854858398,1
941,1216,64,0.0001,0.0001,0.25,0.1,67.0242767334,0,67.0242767334,67.0242767334,65.8949737549,0,65.8949737549,65.8949737549,1
942,1217,64,0.0001,0.0001,0.25,0.3,67.0242767334,0,67.0242767334,67.0242767334,65.9514389038,0,65.9514389038,65.9514389038,1
943,1219,64,0.0001,0.0001,0.25,0.7,67.0242767334,0,67.0242767334,67.0242767334,66.6854858398,0,66.6854858398,66.6854858398,1
944,1231,64,0.0001,0.001,0.25,0.1,67.0242767334,0,67.0242767334,67.0242767334,65.8949737549,0,65.8949737549,65.8949737549,1
945,1232,64,0.0001,0.001,0.25,0.3,67.0242767334,0,67.0242767334,67.0242767334,65.9514389038,0,65.9514389038,65.9514389038,1
946,1234,64,0.0001,0.001,0.25,0.7,67.0242767334,0,67.0242767334,67.0242767334,66.6854858398,0,66.6854858398,66.6854858398,1
947,1246,64,0.0001,0.01,0.25,0.1,67.0242767334,0,67.0242767334,67.0242767334,65.8949737549,0,65.8949737549,65.8949737549,1
948,1247,64,0.0001,0.01,0.25,0.3,67.0242767334,0,67.0242767334,67.0242767334,65.9514389038,0,65.9514389038,65.9514389038,1
949,1249,64,0.0001,0.01,0.25,0.7,67.0242767334,0,67.0242767334,67.0242767334,66.6854858398,0,66.6854858398,66.6854858398,1
950,102,0,0.001,0.001,0.75,0.3,66.9678115845,0,66.9678115845,66.9678115845,65.2738571167,0,65.2738571167,65.2738571167,1
951,103,0,0.001,0.001,0.75,0.5,66.9678115845,0,66.9678115845,66.9678115845,65.3303222656,0,65.3303222656,65.3303222656,1
952,104,0,0.001,0.001,0.75,0.7,66.9678115845,0,66.9678115845,66.9678115845,65.3303222656,0,65.3303222656,65.3303222656,1
953,1203,64,0.0001,0,0.25,0.5,66.9678115845,0,66.9678115845,66.9678115845,65.8949737549,0,65.8949737549,65.8949737549,1
954,1205,64,0.0001,0,0.25,0.9,66.9678115845,0,66.9678115845,66.9678115845,66.7419586182,0,66.7419586182,66.7419586182,1
955,1218,64,0.0001,0.0001,0.25,0.5,66.9678115845,0,66.9678115845,66.9678115845,65.8949737549,0,65.8949737549,65.8949737549,1
956,1220,64,0.0001,0.0001,0.25,0.9,66.9678115845,0,66.9678115845,66.9678115845,66.7419586182,0,66.7419586182,66.7419586182,1
957,1233,64,0.0001,0.001,0.25,0.5,66.9678115845,0,66.9678115845,66.9678115845,65.8949737549,0,65.8949737549,65.8949737549,1
958,1235,64,0.0001,0.001,0.25,0.9,66.9678115845,0,66.9678115845,66.9678115845,66.7419586182,0,66.7419586182,66.7419586182,1
959,1248,64,0.0001,0.01,0.25,0.5,66.9678115845,0,66.9678115845,66.9678115845,65.8949737549,0,65.8949737549,65.8949737549,1
960,1250,64,0.0001,0.01,0.25,0.9,66.9678115845,0,66.9678115845,66.9678115845,66.7419586182,0,66.7419586182,66.7419586182,1
961,101,0,0.001,0.001,0.75,0.1,66.9113464355,0,66.9113464355,66.9113464355,65.2738571167,0,65.2738571167,65.2738571167,1
962,105,0,0.001,0.001,0.75,0.9,66.8548812866,0,66.8548812866,66.8548812866,65.2173843384,0,65.2173843384,65.2173843384,1
963,86,0,0.001,0.0001,0.75,0.1,66.7984161377,0,66.7984161377,66.7984161377,65.9514389038,0,65.9514389038,65.9514389038,1
964,87,0,0.001,0.0001,0.75,0.3,66.7984161377,0,66.7984161377,66.7984161377,65.9514389038,0,65.9514389038,65.9514389038,1
965,89,0,0.001,0.0001,0.75,0.7,66.7984161377,0,66.7984161377,66.7984161377,65.9514389038,0,65.9514389038,65.9514389038,1
966,119,0,0.001,0.01,0.75,0.7,66.6854858398,0,66.6854858398,66.6854858398,65.3867874146,0,65.3867874146,65.3867874146,1
967,120,0,0.001,0.01,0.75,0.9,66.6290206909,0,66.6290206909,66.6290206909,65.3303222656,0,65.3303222656,65.3303222656,1
968,118,0,0.001,0.01,0.75,0.5,66.572555542,0,66.572555542,66.572555542,65.4432525635,0,65.4432525635,65.4432525635,1
969,94,0,0.001,0.001,0.25,0.7,66.5160903931,0,66.5160903931,66.5160903931,66.7984161377,0,66.7984161377,66.7984161377,1
970,116,0,0.001,0.01,0.75,0.1,66.5160903931,0,66.5160903931,66.5160903931,65.3867874146,0,65.3867874146,65.3867874146,1
971,117,0,0.001,0.01,0.75,0.3,66.5160903931,0,66.5160903931,66.5160903931,65.3867874146,0,65.3867874146,65.3867874146,1
972,110,0,0.001,0.01,0.25,0.9,65.6126480103,0,65.6126480103,65.6126480103,66.0643692017,0,66.0643692017,66.0643692017,1
973,109,0,0.001,0.01,0.25,0.7,65.5561828613,0,65.5561828613,65.5561828613,65.9514389038,0,65.9514389038,65.9514389038,1
974,80,0,0.001,0.0001,0.25,0.9,65.4997177124,0,65.4997177124,65.4997177124,66.1772994995,0,66.1772994995,66.1772994995,1
975,95,0,0.001,0.001,0.25,0.9,65.4997177124,0,65.4997177124,65.4997177124,66.0643692017,0,66.0643692017,66.0643692017,1
976,79,0,0.001,0.0001,0.25,0.7,65.4432525635,0,65.4432525635,65.4432525635,66.2337646484,0,66.2337646484,66.2337646484,1
977,106,0,0.001,0.01,0.25,0.1,65.4432525635,0,65.4432525635,65.4432525635,65.8949737549,0,65.8949737549,65.8949737549,1
978,108,0,0.001,0.01,0.25,0.5,65.4432525635,0,65.4432525635,65.4432525635,66.0079040527,0,66.0079040527,66.0079040527,1
979,76,0,0.001,0.0001,0.25,0.1,65.3867874146,0,65.3867874146,65.3867874146,66.1772994995,0,66.1772994995,66.1772994995,1
980,77,0,0.001,0.0001,0.25,0.3,65.3867874146,0,65.3867874146,65.3867874146,66.1772994995,0,66.1772994995,66.1772994995,1
981,78,0,0.001,0.0001,0.25,0.5,65.3867874146,0,65.3867874146,65.3867874146,66.2337646484,0,66.2337646484,66.2337646484,1
982,107,0,0.001,0.01,0.25,0.3,65.3867874146,0,65.3867874146,65.3867874146,65.9514389038,0,65.9514389038,65.9514389038,1
983,91,0,0.001,0.001,0.25,0.1,65.3303222656,0,65.3303222656,65.3303222656,65.9514389038,0,65.9514389038,65.9514389038,1
984,92,0,0.001,0.001,0.25,0.3,65.3303222656,0,65.3303222656,65.3303222656,65.9514389038,0,65.9514389038,65.9514389038,1
985,93,0,0.001,0.001,0.25,0.5,65.3303222656,0,65.3303222656,65.3303222656,66.0643692017,0,66.0643692017,66.0643692017,1
986,20,0,0.01,0.0001,0.25,0.9,64.8221282959,0,64.8221282959,64.8221282959,65.2173843384,0,65.2173843384,65.2173843384,1
987,16,0,0.01,0.0001,0.25,0.1,64.7656707764,0,64.7656707764,64.7656707764,65.2173843384,0,65.2173843384,65.2173843384,1
988,17,0,0.01,0.0001,0.25,0.3,64.7656707764,0,64.7656707764,64.7656707764,65.2738571167,0,65.2738571167,65.2738571167,1
989,18,0,0.01,0.0001,0.25,0.5,64.7656707764,0,64.7656707764,64.7656707764,65.2738571167,0,65.2738571167,65.2738571167,1
990,19,0,0.01,0.0001,0.25,0.7,64.7656707764,0,64.7656707764,64.7656707764,65.2738571167,0,65.2738571167,65.2738571167,1
991,31,0,0.01,0.001,0.25,0.1,64.4833374023,0,64.4833374023,64.4833374023,64.9915313721,0,64.9915313721,64.9915313721,1
992,32,0,0.01,0.001,0.25,0.3,64.4833374023,0,64.4833374023,64.4833374023,65.0479888916,0,65.0479888916,65.0479888916,1
993,33,0,0.01,0.001,0.25,0.5,64.4833374023,0,64.4833374023,64.4833374023,65.1044616699,0,65.1044616699,65.1044616699,1
994,34,0,0.01,0.001,0.25,0.7,64.4833374023,0,64.4833374023,64.4833374023,65.1044616699,0,65.1044616699,65.1044616699,1
995,35,0,0.01,0.001,0.25,0.9,64.4833374023,0,64.4833374023,64.4833374023,65.0479888916,0,65.0479888916,65.0479888916,1
996,46,0,0.01,0.01,0.25,0.1,64.4268722534,0,64.4268722534,64.4268722534,64.8221282959,0,64.8221282959,64.8221282959,1
997,47,0,0.01,0.01,0.25,0.3,64.4268722534,0,64.4268722534,64.4268722534,64.8786010742,0,64.8786010742,64.8786010742,1
998,48,0,0.01,0.01,0.25,0.5,64.4268722534,0,64.4268722534,64.4268722534,64.8786010742,0,64.8786010742,64.8786010742,1
999,49,0,0.01,0.01,0.25,0.7,64.4268722534,0,64.4268722534,64.4268722534,64.8786010742,0,64.8786010742,64.8786010742,1
1000,50,0,0.01,0.01,0.25,0.9,64.4268722534,0,64.4268722534,64.4268722534,64.8786010742,0,64.8786010742,64.8786010742,1
1001,66,0,0.001,0,0.5,0.1,63.9751548767,0,63.9751548767,63.9751548767,64.0880813599,0,64.0880813599,64.0880813599,1
1002,67,0,0.001,0,0.5,0.3,63.9751548767,0,63.9751548767,63.9751548767,64.0880813599,0,64.0880813599,64.0880813599,1
1003,74,0,0.001,0,0.75,0.7,63.9186859131,0,63.9186859131,63.9186859131,63.6928253174,0,63.6928253174,63.6928253174,1
1004,75,0,0.001,0,0.75,0.9,63.9186859131,0,63.9186859131,63.9186859131,63.749294281,0,63.749294281,63.749294281,1
1005,68,0,0.001,0,0.5,0.5,63.8622207642,0,63.8622207642,63.8622207642,64.0316162109,0,64.0316162109,64.0316162109,1
1006,71,0,0.001,0,0.75,0.1,63.8622207642,0,63.8622207642,63.8622207642,63.749294281,0,63.749294281,63.749294281,1
1007,72,0,0.001,0,0.75,0.3,63.8622207642,0,63.8622207642,63.8622207642,63.749294281,0,63.749294281,63.749294281,1
1008,73,0,0.001,0,0.75,0.5,63.8622207642,0,63.8622207642,63.8622207642,63.749294281,0,63.749294281,63.749294281,1
1009,70,0,0.001,0,0.5,0.9,63.4669647217,0,63.4669647217,63.4669647217,63.5234298706,0,63.5234298706,63.5234298706,1
1010,69,0,0.001,0,0.5,0.7,63.1846427917,0,63.1846427917,63.1846427917,63.5234298706,0,63.5234298706,63.5234298706,1
1011,870,16,0.0001,0.0001,0.75,0.9,62.8458480835,0,62.8458480835,62.8458480835,61.716545105,0,61.716545105,61.716545105,1
1012,885,16,0.0001,0.001,0.75,0.9,62.8458480835,0,62.8458480835,62.8458480835,61.716545105,0,61.716545105,61.716545105,1
1013,900,16,0.0001,0.01,0.75,0.9,62.8458480835,0,62.8458480835,62.8458480835,61.716545105,0,61.716545105,61.716545105,1
1014,853,16,0.0001,0,0.75,0.5,62.7893791199,0,62.7893791199,62.7893791199,61.9424057007,0,61.9424057007,61.9424057007,1
1015,855,16,0.0001,0,0.75,0.9,62.7893791199,0,62.7893791199,62.7893791199,61.716545105,0,61.716545105,61.716545105,1
1016,854,16,0.0001,0,0.75,0.7,62.7329177856,0,62.7329177856,62.7329177856,61.8294715881,0,61.8294715881,61.8294715881,1
1017,868,16,0.0001,0.0001,0.75,0.5,62.7329177856,0,62.7329177856,62.7329177856,61.8294715881,0,61.8294715881,61.8294715881,1
1018,869,16,0.0001,0.0001,0.75,0.7,62.7329177856,0,62.7329177856,62.7329177856,61.7730064392,0,61.7730064392,61.7730064392,1
1019,883,16,0.0001,0.001,0.75,0.5,62.7329177856,0,62.7329177856,62.7329177856,61.8294715881,0,61.8294715881,61.8294715881,1
1020,884,16,0.0001,0.001,0.75,0.7,62.7329177856,0,62.7329177856,62.7329177856,61.7730064392,0,61.7730064392,61.7730064392,1
1021,898,16,0.0001,0.01,0.75,0.5,62.7329177856,0,62.7329177856,62.7329177856,61.8294715881,0,61.8294715881,61.8294715881,1
1022,899,16,0.0001,0.01,0.75,0.7,62.7329177856,0,62.7329177856,62.7329177856,61.7730064392,0,61.7730064392,61.7730064392,1
1023,852,16,0.0001,0,0.75,0.3,62.6764526367,0,62.6764526367,62.6764526367,61.9988670349,0,61.9988670349,61.9988670349,1
1024,867,16,0.0001,0.0001,0.75,0.3,62.6764526367,0,62.6764526367,62.6764526367,61.9424057007,0,61.9424057007,61.9424057007,1
1025,882,16,0.0001,0.001,0.75,0.3,62.6764526367,0,62.6764526367,62.6764526367,61.9424057007,0,61.9424057007,61.9424057007,1
1026,897,16,0.0001,0.01,0.75,0.3,62.6764526367,0,62.6764526367,62.6764526367,61.9424057007,0,61.9424057007,61.9424057007,1
1027,851,16,0.0001,0,0.75,0.1,62.6199913025,0,62.6199913025,62.6199913025,62.0553359985,0,62.0553359985,62.0553359985,1
1028,866,16,0.0001,0.0001,0.75,0.1,62.6199913025,0,62.6199913025,62.6199913025,61.9988670349,0,61.9988670349,61.9988670349,1
1029,881,16,0.0001,0.001,0.75,0.1,62.6199913025,0,62.6199913025,62.6199913025,61.9988670349,0,61.9988670349,61.9988670349,1
1030,896,16,0.0001,0.01,0.75,0.1,62.6199913025,0,62.6199913025,62.6199913025,61.9988670349,0,61.9988670349,61.9988670349,1
1031,973,32,0.001,0,0.75,0.5,62.6199913025,0,62.6199913025,62.6199913025,61.8859405518,0,61.8859405518,61.8859405518,1
1032,988,32,0.001,0.0001,0.75,0.5,62.6199913025,0,62.6199913025,62.6199913025,61.8859405518,0,61.8859405518,61.8859405518,1
1033,1003,32,0.001,0.001,0.75,0.5,62.6199913025,0,62.6199913025,62.6199913025,61.8859405518,0,61.8859405518,61.8859405518,1
1034,1018,32,0.001,0.01,0.75,0.5,62.6199913025,0,62.6199913025,62.6199913025,61.8859405518,0,61.8859405518,61.8859405518,1
1035,971,32,0.001,0,0.75,0.1,62.450592041,0,62.450592041,62.450592041,61.716545105,0,61.716545105,61.716545105,1
1036,986,32,0.001,0.0001,0.75,0.1,62.450592041,0,62.450592041,62.450592041,61.716545105,0,61.716545105,61.716545105,1
1037,1001,32,0.001,0.001,0.75,0.1,62.450592041,0,62.450592041,62.450592041,61.716545105,0,61.716545105,61.716545105,1
1038,1016,32,0.001,0.01,0.75,0.1,62.450592041,0,62.450592041,62.450592041,61.716545105,0,61.716545105,61.716545105,1
1039,972,32,0.001,0,0.75,0.3,62.3941230774,0,62.3941230774,62.3941230774,61.6600761414,0,61.6600761414,61.6600761414,1
1040,987,32,0.001,0.0001,0.75,0.3,62.3941230774,0,62.3941230774,62.3941230774,61.6600761414,0,61.6600761414,61.6600761414,1
1041,1002,32,0.001,0.001,0.75,0.3,62.3941230774,0,62.3941230774,62.3941230774,61.6600761414,0,61.6600761414,61.6600761414,1
1042,1017,32,0.001,0.01,0.75,0.3,62.3941230774,0,62.3941230774,62.3941230774,61.6600761414,0,61.6600761414,61.6600761414,1
1043,974,32,0.001,0,0.75,0.7,62.1118011475,0,62.1118011475,62.1118011475,61.8859405518,0,61.8859405518,61.8859405518,1
1044,989,32,0.001,0.0001,0.75,0.7,62.1118011475,0,62.1118011475,62.1118011475,61.8859405518,0,61.8859405518,61.8859405518,1
1045,1004,32,0.001,0.001,0.75,0.7,62.1118011475,0,62.1118011475,62.1118011475,61.8859405518,0,61.8859405518,61.8859405518,1
1046,1019,32,0.001,0.01,0.75,0.7,62.1118011475,0,62.1118011475,62.1118011475,61.8859405518,0,61.8859405518,61.8859405518,1
1047,61,0,0.001,0,0.25,0.1,61.7730064392,0,61.7730064392,61.7730064392,60.5307693481,0,60.5307693481,60.5307693481,1
1048,62,0,0.001,0,0.25,0.3,61.7730064392,0,61.7730064392,61.7730064392,60.5307693481,0,60.5307693481,60.5307693481,1
1049,63,0,0.001,0,0.25,0.5,61.7730064392,0,61.7730064392,61.7730064392,60.5307693481,0,60.5307693481,60.5307693481,1
1050,64,0,0.001,0,0.25,0.7,61.7730064392,0,61.7730064392,61.7730064392,60.5307693481,0,60.5307693481,60.5307693481,1
1051,65,0,0.001,0,0.25,0.9,61.7730064392,0,61.7730064392,61.7730064392,60.417842865,0,60.417842865,60.417842865,1
1052,1206,64,0.0001,0,0.5,0.1,61.1518936157,0,61.1518936157,61.1518936157,60.1919822693,0,60.1919822693,60.1919822693,1
1053,1221,64,0.0001,0.0001,0.5,0.1,61.1518936157,0,61.1518936157,61.1518936157,60.1919822693,0,60.1919822693,60.1919822693,1
1054,1236,64,0.0001,0.001,0.5,0.1,61.1518936157,0,61.1518936157,61.1518936157,60.1919822693,0,60.1919822693,60.1919822693,1
1055,1251,64,0.0001,0.01,0.5,0.1,61.1518936157,0,61.1518936157,61.1518936157,60.1919822693,0,60.1919822693,60.1919822693,1
1056,1207,64,0.0001,0,0.5,0.3,61.0954208374,0,61.0954208374,61.0954208374,60.1355133057,0,60.1355133057,60.1355133057,1
1057,1222,64,0.0001,0.0001,0.5,0.3,61.0954208374,0,61.0954208374,61.0954208374,60.1355133057,0,60.1355133057,60.1355133057,1
1058,1237,64,0.0001,0.001,0.5,0.3,61.0954208374,0,61.0954208374,61.0954208374,60.1355133057,0,60.1355133057,60.1355133057,1
1059,1252,64,0.0001,0.01,0.5,0.3,61.0954208374,0,61.0954208374,61.0954208374,60.1355133057,0,60.1355133057,60.1355133057,1
1060,1208,64,0.0001,0,0.5,0.5,61.0389595032,0,61.0389595032,61.0389595032,59.9661178589,0,59.9661178589,59.9661178589,1
1061,1209,64,0.0001,0,0.5,0.7,61.0389595032,0,61.0389595032,61.0389595032,59.62733078,0,59.62733078,59.62733078,1
1062,1223,64,0.0001,0.0001,0.5,0.5,61.0389595032,0,61.0389595032,61.0389595032,59.9661178589,0,59.9661178589,59.9661178589,1
1063,1224,64,0.0001,0.0001,0.5,0.7,61.0389595032,0,61.0389595032,61.0389595032,59.62733078,0,59.62733078,59.62733078,1
1064,1238,64,0.0001,0.001,0.5,0.5,61.0389595032,0,61.0389595032,61.0389595032,59.9661178589,0,59.9661178589,59.9661178589,1
1065,1239,64,0.0001,0.001,0.5,0.7,61.0389595032,0,61.0389595032,61.0389595032,59.62733078,0,59.62733078,59.62733078,1
1066,1253,64,0.0001,0.01,0.5,0.5,61.0389595032,0,61.0389595032,61.0389595032,59.9661178589,0,59.9661178589,59.9661178589,1
1067,1254,64,0.0001,0.01,0.5,0.7,61.0389595032,0,61.0389595032,61.0389595032,59.62733078,0,59.62733078,59.62733078,1
1068,912,32,0.01,0,0.75,0.3,60.9824943542,0,60.9824943542,60.9824943542,59.3450012207,0,59.3450012207,59.3450012207,1
1069,162,0,0.0001,0.001,0.75,0.3,60.92603302,0,60.92603302,60.92603302,58.8368110657,0,58.8368110657,58.8368110657,1
1070,164,0,0.0001,0.001,0.75,0.7,60.92603302,0,60.92603302,60.92603302,59.0062065125,0,59.0062065125,59.0062065125,1
1071,914,32,0.01,0,0.75,0.7,60.92603302,0,60.92603302,60.92603302,59.4579353333,0,59.4579353333,59.4579353333,1
1072,915,32,0.01,0,0.75,0.9,60.92603302,0,60.92603302,60.92603302,59.4014663696,0,59.4014663696,59.4014663696,1
1073,927,32,0.01,0.0001,0.75,0.3,60.92603302,0,60.92603302,60.92603302,59.4014663696,0,59.4014663696,59.4014663696,1
1074,929,32,0.01,0.0001,0.75,0.7,60.92603302,0,60.92603302,60.92603302,59.4579353333,0,59.4579353333,59.4579353333,1
1075,930,32,0.01,0.0001,0.75,0.9,60.92603302,0,60.92603302,60.92603302,59.4014663696,0,59.4014663696,59.4014663696,1
1076,942,32,0.01,0.001,0.75,0.3,60.92603302,0,60.92603302,60.92603302,59.4014663696,0,59.4014663696,59.4014663696,1
1077,944,32,0.01,0.001,0.75,0.7,60.92603302,0,60.92603302,60.92603302,59.4579353333,0,59.4579353333,59.4579353333,1
1078,945,32,0.01,0.001,0.75,0.9,60.92603302,0,60.92603302,60.92603302,59.4014663696,0,59.4014663696,59.4014663696,1
1079,957,32,0.01,0.01,0.75,0.3,60.92603302,0,60.92603302,60.92603302,59.4014663696,0,59.4014663696,59.4014663696,1
1080,959,32,0.01,0.01,0.75,0.7,60.92603302,0,60.92603302,60.92603302,59.4579353333,0,59.4579353333,59.4579353333,1
1081,960,32,0.01,0.01,0.75,0.9,60.92603302,0,60.92603302,60.92603302,59.4014663696,0,59.4014663696,59.4014663696,1
1082,161,0,0.0001,0.001,0.75,0.1,60.8130989075,0,60.8130989075,60.8130989075,58.8932800293,0,58.8932800293,58.8932800293,1
1083,180,0,0.0001,0.01,0.75,0.9,60.8130989075,0,60.8130989075,60.8130989075,58.9497451782,0,58.9497451782,58.9497451782,1
1084,911,32,0.01,0,0.75,0.1,60.8130989075,0,60.8130989075,60.8130989075,59.1756057739,0,59.1756057739,59.1756057739,1
1085,913,32,0.01,0,0.75,0.5,60.8130989075,0,60.8130989075,60.8130989075,59.4579353333,0,59.4579353333,59.4579353333,1
1086,928,32,0.01,0.0001,0.75,0.5,60.8130989075,0,60.8130989075,60.8130989075,59.4579353333,0,59.4579353333,59.4579353333,1
1087,943,32,0.01,0.001,0.75,0.5,60.8130989075,0,60.8130989075,60.8130989075,59.4579353333,0,59.4579353333,59.4579353333,1
1088,958,32,0.01,0.01,0.75,0.5,60.8130989075,0,60.8130989075,60.8130989075,59.4579353333,0,59.4579353333,59.4579353333,1
1089,25,0,0.01,0.0001,0.5,0.9,60.7566375732,0,60.7566375732,60.7566375732,59.4014663696,0,59.4014663696,59.4014663696,1
1090,163,0,0.0001,0.001,0.75,0.5,60.7566375732,0,60.7566375732,60.7566375732,58.9497451782,0,58.9497451782,58.9497451782,1
1091,176,0,0.0001,0.01,0.75,0.1,60.7566375732,0,60.7566375732,60.7566375732,59.0062065125,0,59.0062065125,59.0062065125,1
1092,177,0,0.0001,0.01,0.75,0.3,60.7566375732,0,60.7566375732,60.7566375732,59.0062065125,0,59.0062065125,59.0062065125,1
1093,178,0,0.0001,0.01,0.75,0.5,60.7566375732,0,60.7566375732,60.7566375732,59.119140625,0,59.119140625,59.119140625,1
1094,926,32,0.01,0.0001,0.75,0.1,60.7566375732,0,60.7566375732,60.7566375732,59.2320747375,0,59.2320747375,59.2320747375,1
1095,941,32,0.01,0.001,0.75,0.1,60.7566375732,0,60.7566375732,60.7566375732,59.2320747375,0,59.2320747375,59.2320747375,1
1096,956,32,0.01,0.01,0.75,0.1,60.7566375732,0,60.7566375732,60.7566375732,59.2320747375,0,59.2320747375,59.2320747375,1
1097,21,0,0.01,0.0001,0.5,0.1,60.7001647949,0,60.7001647949,60.7001647949,59.4579353333,0,59.4579353333,59.4579353333,1
1098,22,0,0.01,0.0001,0.5,0.3,60.7001647949,0,60.7001647949,60.7001647949,59.4579353333,0,59.4579353333,59.4579353333,1
1099,23,0,0.01,0.0001,0.5,0.5,60.7001647949,0,60.7001647949,60.7001647949,59.5143966675,0,59.5143966675,59.5143966675,1
1100,24,0,0.01,0.0001,0.5,0.7,60.7001647949,0,60.7001647949,60.7001647949,59.5143966675,0,59.5143966675,59.5143966675,1
1101,156,0,0.0001,0.001,0.5,0.1,60.7001647949,0,60.7001647949,60.7001647949,59.4014663696,0,59.4014663696,59.4014663696,1
1102,165,0,0.0001,0.001,0.75,0.9,60.7001647949,0,60.7001647949,60.7001647949,59.119140625,0,59.119140625,59.119140625,1
1103,179,0,0.0001,0.01,0.75,0.7,60.7001647949,0,60.7001647949,60.7001647949,59.0062065125,0,59.0062065125,59.0062065125,1
1104,146,0,0.0001,0.0001,0.75,0.1,60.6437034607,0,60.6437034607,60.6437034607,58.61095047,0,58.61095047,58.61095047,1
1105,150,0,0.0001,0.0001,0.75,0.9,60.6437034607,0,60.6437034607,60.6437034607,58.7238845825,0,58.7238845825,58.7238845825,1
1106,158,0,0.0001,0.001,0.5,0.5,60.6437034607,0,60.6437034607,60.6437034607,59.4014663696,0,59.4014663696,59.4014663696,1
1107,172,0,0.0001,0.01,0.5,0.3,60.6437034607,0,60.6437034607,60.6437034607,59.4579353333,0,59.4579353333,59.4579353333,1
1108,173,0,0.0001,0.01,0.5,0.5,60.6437034607,0,60.6437034607,60.6437034607,59.4014663696,0,59.4014663696,59.4014663696,1
1109,1091,64,0.01,0,0.75,0.1,60.6437034607,0,60.6437034607,60.6437034607,59.1756057739,0,59.1756057739,59.1756057739,1
1110,1092,64,0.01,0,0.75,0.3,60.6437034607,0,60.6437034607,60.6437034607,59.0626792908,0,59.0626792908,59.0626792908,1
1111,147,0,0.0001,0.0001,0.75,0.3,60.5872383118,0,60.5872383118,60.5872383118,58.1592330933,0,58.1592330933,58.1592330933,1
1112,148,0,0.0001,0.0001,0.75,0.5,60.5872383118,0,60.5872383118,60.5872383118,58.9497451782,0,58.9497451782,58.9497451782,1
1113,149,0,0.0001,0.0001,0.75,0.7,60.5872383118,0,60.5872383118,60.5872383118,58.61095047,0,58.61095047,58.61095047,1
1114,157,0,0.0001,0.001,0.5,0.3,60.5872383118,0,60.5872383118,60.5872383118,59.4014663696,0,59.4014663696,59.4014663696,1
1115,159,0,0.0001,0.001,0.5,0.7,60.5872383118,0,60.5872383118,60.5872383118,59.2885360718,0,59.2885360718,59.2885360718,1
1116,160,0,0.0001,0.001,0.5,0.9,60.5872383118,0,60.5872383118,60.5872383118,59.4579353333,0,59.4579353333,59.4579353333,1
1117,171,0,0.0001,0.01,0.5,0.1,60.5307693481,0,60.5307693481,60.5307693481,59.4014663696,0,59.4014663696,59.4014663696,1
1118,141,0,0.0001,0.0001,0.5,0.1,60.417842865,0,60.417842865,60.417842865,59.5708618164,0,59.5708618164,59.5708618164,1
1119,143,0,0.0001,0.0001,0.5,0.5,60.3613777161,0,60.3613777161,60.3613777161,59.5708618164,0,59.5708618164,59.5708618164,1
1120,174,0,0.0001,0.01,0.5,0.7,60.3613777161,0,60.3613777161,60.3613777161,59.4579353333,0,59.4579353333,59.4579353333,1
1121,1107,64,0.01,0.0001,0.75,0.3,60.3613777161,0,60.3613777161,60.3613777161,59.4014663696,0,59.4014663696,59.4014663696,1
1122,1122,64,0.01,0.001,0.75,0.3,60.3613777161,0,60.3613777161,60.3613777161,59.4014663696,0,59.4014663696,59.4014663696,1
1123,1137,64,0.01,0.01,0.75,0.3,60.3613777161,0,60.3613777161,60.3613777161,59.4014663696,0,59.4014663696,59.4014663696,1
1124,142,0,0.0001,0.0001,0.5,0.3,60.3049087524,0,60.3049087524,60.3049087524,59.4014663696,0,59.4014663696,59.4014663696,1
1125,145,0,0.0001,0.0001,0.5,0.9,60.3049087524,0,60.3049087524,60.3049087524,59.7402572632,0,59.7402572632,59.7402572632,1
1126,1093,64,0.01,0,0.75,0.5,60.3049087524,0,60.3049087524,60.3049087524,59.4579353333,0,59.4579353333,59.4579353333,1
1127,1094,64,0.01,0,0.75,0.7,60.3049087524,0,60.3049087524,60.3049087524,59.3450012207,0,59.3450012207,59.3450012207,1
1128,1106,64,0.01,0.0001,0.75,0.1,60.3049087524,0,60.3049087524,60.3049087524,59.4014663696,0,59.4014663696,59.4014663696,1
1129,1108,64,0.01,0.0001,0.75,0.5,60.3049087524,0,60.3049087524,60.3049087524,59.3450012207,0,59.3450012207,59.3450012207,1
1130,1109,64,0.01,0.0001,0.75,0.7,60.3049087524,0,60.3049087524,60.3049087524,59.3450012207,0,59.3450012207,59.3450012207,1
1131,1121,64,0.01,0.001,0.75,0.1,60.3049087524,0,60.3049087524,60.3049087524,59.4014663696,0,59.4014663696,59.4014663696,1
1132,1123,64,0.01,0.001,0.75,0.5,60.3049087524,0,60.3049087524,60.3049087524,59.3450012207,0,59.3450012207,59.3450012207,1
1133,1124,64,0.01,0.001,0.75,0.7,60.3049087524,0,60.3049087524,60.3049087524,59.3450012207,0,59.3450012207,59.3450012207,1
1134,1136,64,0.01,0.01,0.75,0.1,60.3049087524,0,60.3049087524,60.3049087524,59.4014663696,0,59.4014663696,59.4014663696,1
1135,1138,64,0.01,0.01,0.75,0.5,60.3049087524,0,60.3049087524,60.3049087524,59.3450012207,0,59.3450012207,59.3450012207,1
1136,1139,64,0.01,0.01,0.75,0.7,60.3049087524,0,60.3049087524,60.3049087524,59.3450012207,0,59.3450012207,59.3450012207,1
1137,1210,64,0.0001,0,0.5,0.9,60.3049087524,0,60.3049087524,60.3049087524,59.4579353333,0,59.4579353333,59.4579353333,1
1138,1225,64,0.0001,0.0001,0.5,0.9,60.3049087524,0,60.3049087524,60.3049087524,59.4579353333,0,59.4579353333,59.4579353333,1
1139,1240,64,0.0001,0.001,0.5,0.9,60.3049087524,0,60.3049087524,60.3049087524,59.4579353333,0,59.4579353333,59.4579353333,1
1140,1255,64,0.0001,0.01,0.5,0.9,60.3049087524,0,60.3049087524,60.3049087524,59.4579353333,0,59.4579353333,59.4579353333,1
1141,36,0,0.01,0.001,0.5,0.1,60.2484474182,0,60.2484474182,60.2484474182,59.0626792908,0,59.0626792908,59.0626792908,1
1142,37,0,0.01,0.001,0.5,0.3,60.2484474182,0,60.2484474182,60.2484474182,59.0626792908,0,59.0626792908,59.0626792908,1
1143,38,0,0.01,0.001,0.5,0.5,60.2484474182,0,60.2484474182,60.2484474182,59.0626792908,0,59.0626792908,59.0626792908,1
1144,144,0,0.0001,0.0001,0.5,0.7,60.2484474182,0,60.2484474182,60.2484474182,59.5143966675,0,59.5143966675,59.5143966675,1
1145,1153,64,0.001,0,0.75,0.5,60.2484474182,0,60.2484474182,60.2484474182,58.2156944275,0,58.2156944275,58.2156944275,1
1146,1154,64,0.001,0,0.75,0.7,60.2484474182,0,60.2484474182,60.2484474182,58.1027679443,0,58.1027679443,58.1027679443,1
1147,1155,64,0.001,0,0.75,0.9,60.2484474182,0,60.2484474182,60.2484474182,57.9898376465,0,57.9898376465,57.9898376465,1
1148,1168,64,0.001,0.0001,0.75,0.5,60.2484474182,0,60.2484474182,60.2484474182,58.2156944275,0,58.2156944275,58.2156944275,1
1149,1169,64,0.001,0.0001,0.75,0.7,60.2484474182,0,60.2484474182,60.2484474182,58.1027679443,0,58.1027679443,58.1027679443,1
1150,1170,64,0.001,0.0001,0.75,0.9,60.2484474182,0,60.2484474182,60.2484474182,57.9898376465,0,57.9898376465,57.9898376465,1
1151,1183,64,0.001,0.001,0.75,0.5,60.2484474182,0,60.2484474182,60.2484474182,58.2156944275,0,58.2156944275,58.2156944275,1
1152,1184,64,0.001,0.001,0.75,0.7,60.2484474182,0,60.2484474182,60.2484474182,58.1027679443,0,58.1027679443,58.1027679443,1
1153,1185,64,0.001,0.001,0.75,0.9,60.2484474182,0,60.2484474182,60.2484474182,57.9898376465,0,57.9898376465,57.9898376465,1
1154,1198,64,0.001,0.01,0.75,0.5,60.2484474182,0,60.2484474182,60.2484474182,58.2156944275,0,58.2156944275,58.2156944275,1
1155,1199,64,0.001,0.01,0.75,0.7,60.2484474182,0,60.2484474182,60.2484474182,58.1027679443,0,58.1027679443,58.1027679443,1
1156,1200,64,0.001,0.01,0.75,0.9,60.2484474182,0,60.2484474182,60.2484474182,57.9898376465,0,57.9898376465,57.9898376465,1
1157,40,0,0.01,0.001,0.5,0.9,60.1919822693,0,60.1919822693,60.1919822693,59.0626792908,0,59.0626792908,59.0626792908,1
1158,51,0,0.01,0.01,0.5,0.1,60.1919822693,0,60.1919822693,60.1919822693,58.8932800293,0,58.8932800293,58.8932800293,1
1159,52,0,0.01,0.01,0.5,0.3,60.1919822693,0,60.1919822693,60.1919822693,58.8932800293,0,58.8932800293,58.8932800293,1
1160,53,0,0.01,0.01,0.5,0.5,60.1919822693,0,60.1919822693,60.1919822693,58.8932800293,0,58.8932800293,58.8932800293,1
1161,39,0,0.01,0.001,0.5,0.7,60.1355133057,0,60.1355133057,60.1355133057,59.1756057739,0,59.1756057739,59.1756057739,1
1162,175,0,0.0001,0.01,0.5,0.9,60.1355133057,0,60.1355133057,60.1355133057,59.4579353333,0,59.4579353333,59.4579353333,1
1163,1095,64,0.01,0,0.75,0.9,60.1355133057,0,60.1355133057,60.1355133057,59.2320747375,0,59.2320747375,59.2320747375,1
1164,1110,64,0.01,0.0001,0.75,0.9,60.0790481567,0,60.0790481567,60.0790481567,59.2320747375,0,59.2320747375,59.2320747375,1
1165,1125,64,0.01,0.001,0.75,0.9,60.0790481567,0,60.0790481567,60.0790481567,59.2320747375,0,59.2320747375,59.2320747375,1
1166,1140,64,0.01,0.01,0.75,0.9,60.0790481567,0,60.0790481567,60.0790481567,59.2320747375,0,59.2320747375,59.2320747375,1
1167,1151,64,0.001,0,0.75,0.1,60.0790481567,0,60.0790481567,60.0790481567,58.2156944275,0,58.2156944275,58.2156944275,1
1168,1152,64,0.001,0,0.75,0.3,60.0790481567,0,60.0790481567,60.0790481567,58.2156944275,0,58.2156944275,58.2156944275,1
1169,1166,64,0.001,0.0001,0.75,0.1,60.0790481567,0,60.0790481567,60.0790481567,58.2156944275,0,58.2156944275,58.2156944275,1
1170,1167,64,0.001,0.0001,0.75,0.3,60.0790481567,0,60.0790481567,60.0790481567,58.2156944275,0,58.2156944275,58.2156944275,1
1171,1181,64,0.001,0.001,0.75,0.1,60.0790481567,0,60.0790481567,60.0790481567,58.2156944275,0,58.2156944275,58.2156944275,1
1172,1182,64,0.001,0.001,0.75,0.3,60.0790481567,0,60.0790481567,60.0790481567,58.2156944275,0,58.2156944275,58.2156944275,1
1173,1196,64,0.001,0.01,0.75,0.1,60.0790481567,0,60.0790481567,60.0790481567,58.2156944275,0,58.2156944275,58.2156944275,1
1174,1197,64,0.001,0.01,0.75,0.3,60.0790481567,0,60.0790481567,60.0790481567,58.2156944275,0,58.2156944275,58.2156944275,1
1175,54,0,0.01,0.01,0.5,0.7,59.9661178589,0,59.9661178589,59.9661178589,58.9497451782,0,58.9497451782,58.9497451782,1
1176,55,0,0.01,0.01,0.5,0.9,59.9661178589,0,59.9661178589,59.9661178589,58.8932800293,0,58.8932800293,58.8932800293,1
1177,975,32,0.001,0,0.75,0.9,59.9661178589,0,59.9661178589,59.9661178589,59.7967262268,0,59.7967262268,59.7967262268,1
1178,990,32,0.001,0.0001,0.75,0.9,59.9661178589,0,59.9661178589,59.9661178589,59.7967262268,0,59.7967262268,59.7967262268,1
1179,1005,32,0.001,0.001,0.75,0.9,59.9661178589,0,59.9661178589,59.9661178589,59.7967262268,0,59.7967262268,59.7967262268,1
1180,1020,32,0.001,0.01,0.75,0.9,59.9661178589,0,59.9661178589,59.9661178589,59.7967262268,0,59.7967262268,59.7967262268,1
1181,1,0,0.01,0,0.25,0.1,59.4014663696,0,59.4014663696,59.4014663696,58.6674194336,0,58.6674194336,58.6674194336,1
1182,2,0,0.01,0,0.25,0.3,59.4014663696,0,59.4014663696,59.4014663696,58.6674194336,0,58.6674194336,58.6674194336,1
1183,3,0,0.01,0,0.25,0.5,59.4014663696,0,59.4014663696,59.4014663696,58.7238845825,0,58.7238845825,58.7238845825,1
1184,4,0,0.01,0,0.25,0.7,59.4014663696,0,59.4014663696,59.4014663696,58.7238845825,0,58.7238845825,58.7238845825,1
1185,5,0,0.01,0,0.25,0.9,59.2885360718,0,59.2885360718,59.2885360718,58.7238845825,0,58.7238845825,58.7238845825,1
1186,169,0,0.0001,0.01,0.25,0.7,58.2721595764,0,58.2721595764,58.2721595764,57.2557868958,0,57.2557868958,57.2557868958,1
1187,168,0,0.0001,0.01,0.25,0.5,58.2156944275,0,58.2156944275,58.2156944275,57.1428527832,0,57.1428527832,57.1428527832,1
1188,138,0,0.0001,0.0001,0.25,0.5,58.1592330933,0,58.1592330933,58.1592330933,57.2557868958,0,57.2557868958,57.2557868958,1
1189,139,0,0.0001,0.0001,0.25,0.7,58.1592330933,0,58.1592330933,58.1592330933,57.1993217468,0,57.1993217468,57.1993217468,1
1190,151,0,0.0001,0.001,0.25,0.1,58.1027679443,0,58.1027679443,58.1027679443,57.1993217468,0,57.1993217468,57.1993217468,1
1191,136,0,0.0001,0.0001,0.25,0.1,58.0462989807,0,58.0462989807,58.0462989807,57.086391449,0,57.086391449,57.086391449,1
1192,137,0,0.0001,0.0001,0.25,0.3,58.0462989807,0,58.0462989807,58.0462989807,57.086391449,0,57.086391449,57.086391449,1
1193,153,0,0.0001,0.001,0.25,0.5,58.0462989807,0,58.0462989807,58.0462989807,57.0299263,0,57.0299263,57.0299263,1
1194,166,0,0.0001,0.01,0.25,0.1,58.0462989807,0,58.0462989807,58.0462989807,57.1428527832,0,57.1428527832,57.1428527832,1
1195,154,0,0.0001,0.001,0.25,0.7,57.9898376465,0,57.9898376465,57.9898376465,57.2557868958,0,57.2557868958,57.2557868958,1
1196,155,0,0.0001,0.001,0.25,0.9,57.9898376465,0,57.9898376465,57.9898376465,56.9734573364,0,56.9734573364,56.9734573364,1
1197,167,0,0.0001,0.01,0.25,0.3,57.9898376465,0,57.9898376465,57.9898376465,57.1993217468,0,57.1993217468,57.1993217468,1
1198,152,0,0.0001,0.001,0.25,0.3,57.9333724976,0,57.9333724976,57.9333724976,57.0299263,0,57.0299263,57.0299263,1
1199,170,0,0.0001,0.01,0.25,0.9,57.9333724976,0,57.9333724976,57.9333724976,57.1993217468,0,57.1993217468,57.1993217468,1
1200,6,0,0.01,0,0.5,0.1,57.820438385,0,57.820438385,57.820438385,55.9006195068,0,55.9006195068,55.9006195068,1
1201,7,0,0.01,0,0.5,0.3,57.820438385,0,57.820438385,57.820438385,55.9006195068,0,55.9006195068,55.9006195068,1
1202,140,0,0.0001,0.0001,0.25,0.9,57.820438385,0,57.820438385,57.820438385,57.1993217468,0,57.1993217468,57.1993217468,1
1203,8,0,0.01,0,0.5,0.5,57.7639770508,0,57.7639770508,57.7639770508,55.9570846558,0,55.9570846558,55.9570846558,1
1204,9,0,0.01,0,0.5,0.7,57.6510429382,0,57.6510429382,57.6510429382,55.787689209,0,55.787689209,55.787689209,1
1205,10,0,0.01,0,0.5,0.9,57.5945777893,0,57.5945777893,57.5945777893,55.7312240601,0,55.7312240601,55.7312240601,1
1206,1046,32,0.0001,0.0001,0.75,0.1,57.4251823425,0,57.4251823425,57.4251823425,56.2394142151,0,56.2394142151,56.2394142151,1
1207,1061,32,0.0001,0.001,0.75,0.1,57.4251823425,0,57.4251823425,57.4251823425,56.2394142151,0,56.2394142151,56.2394142151,1
1208,1076,32,0.0001,0.01,0.75,0.1,57.4251823425,0,57.4251823425,57.4251823425,56.2394142151,0,56.2394142151,56.2394142151,1
1209,1031,32,0.0001,0,0.75,0.1,57.3687210083,0,57.3687210083,57.3687210083,56.2394142151,0,56.2394142151,56.2394142151,1
1210,1032,32,0.0001,0,0.75,0.3,57.1993217468,0,57.1993217468,57.1993217468,55.9570846558,0,55.9570846558,55.9570846558,1
1211,1033,32,0.0001,0,0.75,0.5,57.1993217468,0,57.1993217468,57.1993217468,55.9006195068,0,55.9006195068,55.9006195068,1
1212,1047,32,0.0001,0.0001,0.75,0.3,57.1993217468,0,57.1993217468,57.1993217468,55.9570846558,0,55.9570846558,55.9570846558,1
1213,1048,32,0.0001,0.0001,0.75,0.5,57.1993217468,0,57.1993217468,57.1993217468,55.9570846558,0,55.9570846558,55.9570846558,1
1214,1062,32,0.0001,0.001,0.75,0.3,57.1993217468,0,57.1993217468,57.1993217468,55.9570846558,0,55.9570846558,55.9570846558,1
1215,1063,32,0.0001,0.001,0.75,0.5,57.1993217468,0,57.1993217468,57.1993217468,55.9570846558,0,55.9570846558,55.9570846558,1
1216,1077,32,0.0001,0.01,0.75,0.3,57.1993217468,0,57.1993217468,57.1993217468,55.9570846558,0,55.9570846558,55.9570846558,1
1217,1078,32,0.0001,0.01,0.75,0.5,57.1993217468,0,57.1993217468,57.1993217468,55.9570846558,0,55.9570846558,55.9570846558,1
1218,1034,32,0.0001,0,0.75,0.7,57.1428527832,0,57.1428527832,57.1428527832,55.9006195068,0,55.9006195068,55.9006195068,1
1219,1049,32,0.0001,0.0001,0.75,0.7,57.1428527832,0,57.1428527832,57.1428527832,55.9006195068,0,55.9006195068,55.9006195068,1
1220,1064,32,0.0001,0.001,0.75,0.7,57.1428527832,0,57.1428527832,57.1428527832,55.9006195068,0,55.9006195068,55.9006195068,1
1221,1079,32,0.0001,0.01,0.75,0.7,57.1428527832,0,57.1428527832,57.1428527832,55.9006195068,0,55.9006195068,55.9006195068,1
1222,1035,32,0.0001,0,0.75,0.9,56.295879364,0,56.295879364,56.295879364,55.5618286133,0,55.5618286133,55.5618286133,1
1223,1050,32,0.0001,0.0001,0.75,0.9,56.295879364,0,56.295879364,56.295879364,55.5618286133,0,55.5618286133,55.5618286133,1
1224,1065,32,0.0001,0.001,0.75,0.9,56.295879364,0,56.295879364,56.295879364,55.5618286133,0,55.5618286133,55.5618286133,1
1225,1080,32,0.0001,0.01,0.75,0.9,56.295879364,0,56.295879364,56.295879364,55.5618286133,0,55.5618286133,55.5618286133,1
1226,134,0,0.0001,0,0.75,0.7,55.3359680176,0,55.3359680176,55.3359680176,53.9243354797,0,53.9243354797,53.9243354797,1
1227,133,0,0.0001,0,0.75,0.5,55.2230377197,0,55.2230377197,55.2230377197,53.8678703308,0,53.8678703308,53.8678703308,1
1228,135,0,0.0001,0,0.75,0.9,55.1665725708,0,55.1665725708,55.1665725708,54.1501922607,0,54.1501922607,54.1501922607,1
1229,131,0,0.0001,0,0.75,0.1,55.1101074219,0,55.1101074219,55.1101074219,54.4325218201,0,54.4325218201,54.4325218201,1
1230,132,0,0.0001,0,0.75,0.3,55.1101074219,0,55.1101074219,55.1101074219,54.3760604858,0,54.3760604858,54.3760604858,1
1231,128,0,0.0001,0,0.5,0.5,55.0536384583,0,55.0536384583,55.0536384583,54.7713165283,0,54.7713165283,54.7713165283,1
1232,130,0,0.0001,0,0.5,0.9,55.0536384583,0,55.0536384583,55.0536384583,54.7148475647,0,54.7148475647,54.7148475647,1
1233,129,0,0.0001,0,0.5,0.7,54.9407119751,0,54.9407119751,54.9407119751,54.8842430115,0,54.8842430115,54.8842430115,1
1234,126,0,0.0001,0,0.5,0.1,54.8842430115,0,54.8842430115,54.8842430115,54.8277778625,0,54.8277778625,54.8277778625,1
1235,127,0,0.0001,0,0.5,0.3,54.8277778625,0,54.8277778625,54.8277778625,54.8842430115,0,54.8842430115,54.8842430115,1
1236,124,0,0.0001,0,0.25,0.7,51.891582489,0,51.891582489,51.891582489,52.6256332397,0,52.6256332397,52.6256332397,1
1237,125,0,0.0001,0,0.25,0.9,51.8351211548,0,51.8351211548,51.8351211548,52.6821022034,0,52.6821022034,52.6821022034,1
1238,121,0,0.0001,0,0.25,0.1,51.7786560059,0,51.7786560059,51.7786560059,52.3433074951,0,52.3433074951,52.3433074951,1
1239,122,0,0.0001,0,0.25,0.3,51.7786560059,0,51.7786560059,51.7786560059,52.399772644,0,52.399772644,52.399772644,1
1240,123,0,0.0001,0,0.25,0.5,51.7786560059,0,51.7786560059,51.7786560059,52.456237793,0,52.456237793,52.456237793,1
1241,1213,64,0.0001,0,0.75,0.5,51.4963264465,0,51.4963264465,51.4963264465,49.8023719788,0,49.8023719788,49.8023719788,1
1242,1228,64,0.0001,0.0001,0.75,0.5,51.4963264465,0,51.4963264465,51.4963264465,49.8023719788,0,49.8023719788,49.8023719788,1
1243,1243,64,0.0001,0.001,0.75,0.5,51.4963264465,0,51.4963264465,51.4963264465,49.8023719788,0,49.8023719788,49.8023719788,1
1244,1258,64,0.0001,0.01,0.75,0.5,51.4963264465,0,51.4963264465,51.4963264465,49.8023719788,0,49.8023719788,49.8023719788,1
1245,1211,64,0.0001,0,0.75,0.1,51.4398651123,0,51.4398651123,51.4398651123,50.0846977234,0,50.0846977234,50.0846977234,1
1246,1212,64,0.0001,0,0.75,0.3,51.4398651123,0,51.4398651123,51.4398651123,49.8588371277,0,49.8588371277,49.8588371277,1
1247,1226,64,0.0001,0.0001,0.75,0.1,51.4398651123,0,51.4398651123,51.4398651123,50.0846977234,0,50.0846977234,50.0846977234,1
1248,1227,64,0.0001,0.0001,0.75,0.3,51.4398651123,0,51.4398651123,51.4398651123,49.8588371277,0,49.8588371277,49.8588371277,1
1249,1241,64,0.0001,0.001,0.75,0.1,51.4398651123,0,51.4398651123,51.4398651123,50.0846977234,0,50.0846977234,50.0846977234,1
1250,1242,64,0.0001,0.001,0.75,0.3,51.4398651123,0,51.4398651123,51.4398651123,49.8588371277,0,49.8588371277,49.8588371277,1
1251,1256,64,0.0001,0.01,0.75,0.1,51.4398651123,0,51.4398651123,51.4398651123,50.0846977234,0,50.0846977234,50.0846977234,1
1252,1257,64,0.0001,0.01,0.75,0.3,51.4398651123,0,51.4398651123,51.4398651123,49.8588371277,0,49.8588371277,49.8588371277,1
1253,1214,64,0.0001,0,0.75,0.7,51.2140045166,0,51.2140045166,51.2140045166,49.632976532,0,49.632976532,49.632976532,1
1254,1229,64,0.0001,0.0001,0.75,0.7,51.2140045166,0,51.2140045166,51.2140045166,49.632976532,0,49.632976532,49.632976532,1
1255,1244,64,0.0001,0.001,0.75,0.7,51.2140045166,0,51.2140045166,51.2140045166,49.632976532,0,49.632976532,49.632976532,1
1256,1259,64,0.0001,0.01,0.75,0.7,51.2140045166,0,51.2140045166,51.2140045166,49.632976532,0,49.632976532,49.632976532,1
1257,1215,64,0.0001,0,0.75,0.9,50.7058143616,0,50.7058143616,50.7058143616,49.0118560791,0,49.0118560791,49.0118560791,1
1258,1230,64,0.0001,0.0001,0.75,0.9,50.7058143616,0,50.7058143616,50.7058143616,49.0118560791,0,49.0118560791,49.0118560791,1
1259,1245,64,0.0001,0.001,0.75,0.9,50.7058143616,0,50.7058143616,50.7058143616,49.0118560791,0,49.0118560791,49.0118560791,1
1260,1260,64,0.0001,0.01,0.75,0.9,50.7058143616,0,50.7058143616,50.7058143616,49.0118560791,0,49.0118560791,49.0118560791,1
