task_id,pool,label,status,attempts,return_code,seconds,last_log_path,error_message
grid_candidate_0001,grid,grid_candidate_0001,completed,1,0,18.003185,/home/hzw/Rethinking_GNN_DP/paper_experiments/figure1/search_phase_1/family3/hoa/deepwalk/dataset=cora/feature=deepwalk/feature_dim=1600/scale=1024/deepwalk_walk_length=40/deepwalk_number_walks=20/deepwalk_window_size=5/deepwalk_workers=20/deepwalk_undirected=true/mechanism=mbm/x_eps=inf/m=best/norm=false/smoother=hoa/backbone=sage/use_nfr=false/logs/grid_candidate_0001_attempt_1.log,
grid_candidate_0004,grid,grid_candidate_0004,completed,1,0,16.364302,/home/hzw/Rethinking_GNN_DP/paper_experiments/figure1/search_phase_1/family3/hoa/deepwalk/dataset=cora/feature=deepwalk/feature_dim=1600/scale=1024/deepwalk_walk_length=40/deepwalk_number_walks=20/deepwalk_window_size=5/deepwalk_workers=20/deepwalk_undirected=true/mechanism=mbm/x_eps=inf/m=best/norm=false/smoother=hoa/backbone=sage/use_nfr=false/logs/grid_candidate_0004_attempt_1.log,
grid_candidate_0003,grid,grid_candidate_0003,completed,1,0,18.120892,/home/hzw/Rethinking_GNN_DP/paper_experiments/figure1/search_phase_1/family3/hoa/deepwalk/dataset=cora/feature=deepwalk/feature_dim=1600/scale=1024/deepwalk_walk_length=40/deepwalk_number_walks=20/deepwalk_window_size=5/deepwalk_workers=20/deepwalk_undirected=true/mechanism=mbm/x_eps=inf/m=best/norm=false/smoother=hoa/backbone=sage/use_nfr=false/logs/grid_candidate_0003_attempt_1.log,
grid_candidate_0006,grid,grid_candidate_0006,completed,1,0,16.165798,/home/hzw/Rethinking_GNN_DP/paper_experiments/figure1/search_phase_1/family3/hoa/deepwalk/dataset=cora/feature=deepwalk/feature_dim=1600/scale=1024/deepwalk_walk_length=40/deepwalk_number_walks=20/deepwalk_window_size=5/deepwalk_workers=20/deepwalk_undirected=true/mechanism=mbm/x_eps=inf/m=best/norm=false/smoother=hoa/backbone=sage/use_nfr=false/logs/grid_candidate_0006_attempt_1.log,
grid_candidate_0002,grid,grid_candidate_0002,completed,1,0,18.543635,/home/hzw/Rethinking_GNN_DP/paper_experiments/figure1/search_phase_1/family3/hoa/deepwalk/dataset=cora/feature=deepwalk/feature_dim=1600/scale=1024/deepwalk_walk_length=40/deepwalk_number_walks=20/deepwalk_window_size=5/deepwalk_workers=20/deepwalk_undirected=true/mechanism=mbm/x_eps=inf/m=best/norm=false/smoother=hoa/backbone=sage/use_nfr=false/logs/grid_candidate_0002_attempt_1.log,
grid_candidate_0005,grid,grid_candidate_0005,completed,1,0,17.203865,/home/hzw/Rethinking_GNN_DP/paper_experiments/figure1/search_phase_1/family3/hoa/deepwalk/dataset=cora/feature=deepwalk/feature_dim=1600/scale=1024/deepwalk_walk_length=40/deepwalk_number_walks=20/deepwalk_window_size=5/deepwalk_workers=20/deepwalk_undirected=true/mechanism=mbm/x_eps=inf/m=best/norm=false/smoother=hoa/backbone=sage/use_nfr=false/logs/grid_candidate_0005_attempt_1.log,
grid_candidate_0007,grid,grid_candidate_0007,completed,1,0,16.691500,/home/hzw/Rethinking_GNN_DP/paper_experiments/figure1/search_phase_1/family3/hoa/deepwalk/dataset=cora/feature=deepwalk/feature_dim=1600/scale=1024/deepwalk_walk_length=40/deepwalk_number_walks=20/deepwalk_window_size=5/deepwalk_workers=20/deepwalk_undirected=true/mechanism=mbm/x_eps=inf/m=best/norm=false/smoother=hoa/backbone=sage/use_nfr=false/logs/grid_candidate_0007_attempt_1.log,
grid_candidate_0008,grid,grid_candidate_0008,completed,1,0,18.325987,/home/hzw/Rethinking_GNN_DP/paper_experiments/figure1/search_phase_1/family3/hoa/deepwalk/dataset=cora/feature=deepwalk/feature_dim=1600/scale=1024/deepwalk_walk_length=40/deepwalk_number_walks=20/deepwalk_window_size=5/deepwalk_workers=20/deepwalk_undirected=true/mechanism=mbm/x_eps=inf/m=best/norm=false/smoother=hoa/backbone=sage/use_nfr=false/logs/grid_candidate_0008_attempt_1.log,
grid_candidate_0009,grid,grid_candidate_0009,completed,1,0,17.807458,/home/hzw/Rethinking_GNN_DP/paper_experiments/figure1/search_phase_1/family3/hoa/deepwalk/dataset=cora/feature=deepwalk/feature_dim=1600/scale=1024/deepwalk_walk_length=40/deepwalk_number_walks=20/deepwalk_window_size=5/deepwalk_workers=20/deepwalk_undirected=true/mechanism=mbm/x_eps=inf/m=best/norm=false/smoother=hoa/backbone=sage/use_nfr=false/logs/grid_candidate_0009_attempt_1.log,
grid_candidate_0015,grid,grid_candidate_0015,completed,1,0,15.334632,/home/hzw/Rethinking_GNN_DP/paper_experiments/figure1/search_phase_1/family3/hoa/deepwalk/dataset=cora/feature=deepwalk/feature_dim=1600/scale=1024/deepwalk_walk_length=40/deepwalk_number_walks=20/deepwalk_window_size=5/deepwalk_workers=20/deepwalk_undirected=true/mechanism=mbm/x_eps=inf/m=best/norm=false/smoother=hoa/backbone=sage/use_nfr=false/logs/grid_candidate_0015_attempt_1.log,
grid_candidate_0012,grid,grid_candidate_0012,completed,1,0,16.458652,/home/hzw/Rethinking_GNN_DP/paper_experiments/figure1/search_phase_1/family3/hoa/deepwalk/dataset=cora/feature=deepwalk/feature_dim=1600/scale=1024/deepwalk_walk_length=40/deepwalk_number_walks=20/deepwalk_window_size=5/deepwalk_workers=20/deepwalk_undirected=true/mechanism=mbm/x_eps=inf/m=best/norm=false/smoother=hoa/backbone=sage/use_nfr=false/logs/grid_candidate_0012_attempt_1.log,
grid_candidate_0014,grid,grid_candidate_0014,completed,1,0,16.763462,/home/hzw/Rethinking_GNN_DP/paper_experiments/figure1/search_phase_1/family3/hoa/deepwalk/dataset=cora/feature=deepwalk/feature_dim=1600/scale=1024/deepwalk_walk_length=40/deepwalk_number_walks=20/deepwalk_window_size=5/deepwalk_workers=20/deepwalk_undirected=true/mechanism=mbm/x_eps=inf/m=best/norm=false/smoother=hoa/backbone=sage/use_nfr=false/logs/grid_candidate_0014_attempt_1.log,
grid_candidate_0010,grid,grid_candidate_0010,completed,1,0,18.794586,/home/hzw/Rethinking_GNN_DP/paper_experiments/figure1/search_phase_1/family3/hoa/deepwalk/dataset=cora/feature=deepwalk/feature_dim=1600/scale=1024/deepwalk_walk_length=40/deepwalk_number_walks=20/deepwalk_window_size=5/deepwalk_workers=20/deepwalk_undirected=true/mechanism=mbm/x_eps=inf/m=best/norm=false/smoother=hoa/backbone=sage/use_nfr=false/logs/grid_candidate_0010_attempt_1.log,
grid_candidate_0016,grid,grid_candidate_0016,completed,1,0,17.971685,/home/hzw/Rethinking_GNN_DP/paper_experiments/figure1/search_phase_1/family3/hoa/deepwalk/dataset=cora/feature=deepwalk/feature_dim=1600/scale=1024/deepwalk_walk_length=40/deepwalk_number_walks=20/deepwalk_window_size=5/deepwalk_workers=20/deepwalk_undirected=true/mechanism=mbm/x_eps=inf/m=best/norm=false/smoother=hoa/backbone=sage/use_nfr=false/logs/grid_candidate_0016_attempt_1.log,
grid_candidate_0018,grid,grid_candidate_0018,completed,1,0,17.987916,/home/hzw/Rethinking_GNN_DP/paper_experiments/figure1/search_phase_1/family3/hoa/deepwalk/dataset=cora/feature=deepwalk/feature_dim=1600/scale=1024/deepwalk_walk_length=40/deepwalk_number_walks=20/deepwalk_window_size=5/deepwalk_workers=20/deepwalk_undirected=true/mechanism=mbm/x_eps=inf/m=best/norm=false/smoother=hoa/backbone=sage/use_nfr=false/logs/grid_candidate_0018_attempt_1.log,
grid_candidate_0022,grid,grid_candidate_0022,completed,1,0,18.898791,/home/hzw/Rethinking_GNN_DP/paper_experiments/figure1/search_phase_1/family3/hoa/deepwalk/dataset=cora/feature=deepwalk/feature_dim=1600/scale=1024/deepwalk_walk_length=40/deepwalk_number_walks=20/deepwalk_window_size=5/deepwalk_workers=20/deepwalk_undirected=true/mechanism=mbm/x_eps=inf/m=best/norm=false/smoother=hoa/backbone=sage/use_nfr=false/logs/grid_candidate_0022_attempt_1.log,
grid_candidate_0013,grid,grid_candidate_0013,completed,1,0,20.447677,/home/hzw/Rethinking_GNN_DP/paper_experiments/figure1/search_phase_1/family3/hoa/deepwalk/dataset=cora/feature=deepwalk/feature_dim=1600/scale=1024/deepwalk_walk_length=40/deepwalk_number_walks=20/deepwalk_window_size=5/deepwalk_workers=20/deepwalk_undirected=true/mechanism=mbm/x_eps=inf/m=best/norm=false/smoother=hoa/backbone=sage/use_nfr=false/logs/grid_candidate_0013_attempt_1.log,
grid_candidate_0011,grid,grid_candidate_0011,completed,1,0,21.283081,/home/hzw/Rethinking_GNN_DP/paper_experiments/figure1/search_phase_1/family3/hoa/deepwalk/dataset=cora/feature=deepwalk/feature_dim=1600/scale=1024/deepwalk_walk_length=40/deepwalk_number_walks=20/deepwalk_window_size=5/deepwalk_workers=20/deepwalk_undirected=true/mechanism=mbm/x_eps=inf/m=best/norm=false/smoother=hoa/backbone=sage/use_nfr=false/logs/grid_candidate_0011_attempt_1.log,
grid_candidate_0017,grid,grid_candidate_0017,completed,1,0,21.272320,/home/hzw/Rethinking_GNN_DP/paper_experiments/figure1/search_phase_1/family3/hoa/deepwalk/dataset=cora/feature=deepwalk/feature_dim=1600/scale=1024/deepwalk_walk_length=40/deepwalk_number_walks=20/deepwalk_window_size=5/deepwalk_workers=20/deepwalk_undirected=true/mechanism=mbm/x_eps=inf/m=best/norm=false/smoother=hoa/backbone=sage/use_nfr=false/logs/grid_candidate_0017_attempt_1.log,
grid_candidate_0035,grid,grid_candidate_0035,completed,1,0,18.196881,/home/hzw/Rethinking_GNN_DP/paper_experiments/figure1/search_phase_1/family3/hoa/deepwalk/dataset=cora/feature=deepwalk/feature_dim=1600/scale=1024/deepwalk_walk_length=40/deepwalk_number_walks=20/deepwalk_window_size=5/deepwalk_workers=20/deepwalk_undirected=true/mechanism=mbm/x_eps=inf/m=best/norm=false/smoother=hoa/backbone=sage/use_nfr=false/logs/grid_candidate_0035_attempt_1.log,
grid_candidate_0024,grid,grid_candidate_0024,completed,1,0,20.862109,/home/hzw/Rethinking_GNN_DP/paper_experiments/figure1/search_phase_1/family3/hoa/deepwalk/dataset=cora/feature=deepwalk/feature_dim=1600/scale=1024/deepwalk_walk_length=40/deepwalk_number_walks=20/deepwalk_window_size=5/deepwalk_workers=20/deepwalk_undirected=true/mechanism=mbm/x_eps=inf/m=best/norm=false/smoother=hoa/backbone=sage/use_nfr=false/logs/grid_candidate_0024_attempt_1.log,
grid_candidate_0038,grid,grid_candidate_0038,completed,1,0,17.064868,/home/hzw/Rethinking_GNN_DP/paper_experiments/figure1/search_phase_1/family3/hoa/deepwalk/dataset=cora/feature=deepwalk/feature_dim=1600/scale=1024/deepwalk_walk_length=40/deepwalk_number_walks=20/deepwalk_window_size=5/deepwalk_workers=20/deepwalk_undirected=true/mechanism=mbm/x_eps=inf/m=best/norm=false/smoother=hoa/backbone=sage/use_nfr=false/logs/grid_candidate_0038_attempt_1.log,
grid_candidate_0032,grid,grid_candidate_0032,completed,1,0,20.250880,/home/hzw/Rethinking_GNN_DP/paper_experiments/figure1/search_phase_1/family3/hoa/deepwalk/dataset=cora/feature=deepwalk/feature_dim=1600/scale=1024/deepwalk_walk_length=40/deepwalk_number_walks=20/deepwalk_window_size=5/deepwalk_workers=20/deepwalk_undirected=true/mechanism=mbm/x_eps=inf/m=best/norm=false/smoother=hoa/backbone=sage/use_nfr=false/logs/grid_candidate_0032_attempt_1.log,
grid_candidate_0037,grid,grid_candidate_0037,completed,1,0,17.477934,/home/hzw/Rethinking_GNN_DP/paper_experiments/figure1/search_phase_1/family3/hoa/deepwalk/dataset=cora/feature=deepwalk/feature_dim=1600/scale=1024/deepwalk_walk_length=40/deepwalk_number_walks=20/deepwalk_window_size=5/deepwalk_workers=20/deepwalk_undirected=true/mechanism=mbm/x_eps=inf/m=best/norm=false/smoother=hoa/backbone=sage/use_nfr=false/logs/grid_candidate_0037_attempt_1.log,
grid_candidate_0039,grid,grid_candidate_0039,completed,1,0,16.653220,/home/hzw/Rethinking_GNN_DP/paper_experiments/figure1/search_phase_1/family3/hoa/deepwalk/dataset=cora/feature=deepwalk/feature_dim=1600/scale=1024/deepwalk_walk_length=40/deepwalk_number_walks=20/deepwalk_window_size=5/deepwalk_workers=20/deepwalk_undirected=true/mechanism=mbm/x_eps=inf/m=best/norm=false/smoother=hoa/backbone=sage/use_nfr=false/logs/grid_candidate_0039_attempt_1.log,
grid_candidate_0029,grid,grid_candidate_0029,completed,1,0,20.861188,/home/hzw/Rethinking_GNN_DP/paper_experiments/figure1/search_phase_1/family3/hoa/deepwalk/dataset=cora/feature=deepwalk/feature_dim=1600/scale=1024/deepwalk_walk_length=40/deepwalk_number_walks=20/deepwalk_window_size=5/deepwalk_workers=20/deepwalk_undirected=true/mechanism=mbm/x_eps=inf/m=best/norm=false/smoother=hoa/backbone=sage/use_nfr=false/logs/grid_candidate_0029_attempt_1.log,
grid_candidate_0028,grid,grid_candidate_0028,completed,1,0,21.067263,/home/hzw/Rethinking_GNN_DP/paper_experiments/figure1/search_phase_1/family3/hoa/deepwalk/dataset=cora/feature=deepwalk/feature_dim=1600/scale=1024/deepwalk_walk_length=40/deepwalk_number_walks=20/deepwalk_window_size=5/deepwalk_workers=20/deepwalk_undirected=true/mechanism=mbm/x_eps=inf/m=best/norm=false/smoother=hoa/backbone=sage/use_nfr=false/logs/grid_candidate_0028_attempt_1.log,
grid_candidate_0020,grid,grid_candidate_0020,completed,1,0,22.091644,/home/hzw/Rethinking_GNN_DP/paper_experiments/figure1/search_phase_1/family3/hoa/deepwalk/dataset=cora/feature=deepwalk/feature_dim=1600/scale=1024/deepwalk_walk_length=40/deepwalk_number_walks=20/deepwalk_window_size=5/deepwalk_workers=20/deepwalk_undirected=true/mechanism=mbm/x_eps=inf/m=best/norm=false/smoother=hoa/backbone=sage/use_nfr=false/logs/grid_candidate_0020_attempt_1.log,
grid_candidate_0027,grid,grid_candidate_0027,completed,1,0,21.269981,/home/hzw/Rethinking_GNN_DP/paper_experiments/figure1/search_phase_1/family3/hoa/deepwalk/dataset=cora/feature=deepwalk/feature_dim=1600/scale=1024/deepwalk_walk_length=40/deepwalk_number_walks=20/deepwalk_window_size=5/deepwalk_workers=20/deepwalk_undirected=true/mechanism=mbm/x_eps=inf/m=best/norm=false/smoother=hoa/backbone=sage/use_nfr=false/logs/grid_candidate_0027_attempt_1.log,
grid_candidate_0041,grid,grid_candidate_0041,completed,1,0,15.108190,/home/hzw/Rethinking_GNN_DP/paper_experiments/figure1/search_phase_1/family3/hoa/deepwalk/dataset=cora/feature=deepwalk/feature_dim=1600/scale=1024/deepwalk_walk_length=40/deepwalk_number_walks=20/deepwalk_window_size=5/deepwalk_workers=20/deepwalk_undirected=true/mechanism=mbm/x_eps=inf/m=best/norm=false/smoother=hoa/backbone=sage/use_nfr=false/logs/grid_candidate_0041_attempt_1.log,
grid_candidate_0040,grid,grid_candidate_0040,completed,1,0,15.720991,/home/hzw/Rethinking_GNN_DP/paper_experiments/figure1/search_phase_1/family3/hoa/deepwalk/dataset=cora/feature=deepwalk/feature_dim=1600/scale=1024/deepwalk_walk_length=40/deepwalk_number_walks=20/deepwalk_window_size=5/deepwalk_workers=20/deepwalk_undirected=true/mechanism=mbm/x_eps=inf/m=best/norm=false/smoother=hoa/backbone=sage/use_nfr=false/logs/grid_candidate_0040_attempt_1.log,
grid_candidate_0033,grid,grid_candidate_0033,completed,1,0,21.067449,/home/hzw/Rethinking_GNN_DP/paper_experiments/figure1/search_phase_1/family3/hoa/deepwalk/dataset=cora/feature=deepwalk/feature_dim=1600/scale=1024/deepwalk_walk_length=40/deepwalk_number_walks=20/deepwalk_window_size=5/deepwalk_workers=20/deepwalk_undirected=true/mechanism=mbm/x_eps=inf/m=best/norm=false/smoother=hoa/backbone=sage/use_nfr=false/logs/grid_candidate_0033_attempt_1.log,
grid_candidate_0019,grid,grid_candidate_0019,completed,1,0,22.702930,/home/hzw/Rethinking_GNN_DP/paper_experiments/figure1/search_phase_1/family3/hoa/deepwalk/dataset=cora/feature=deepwalk/feature_dim=1600/scale=1024/deepwalk_walk_length=40/deepwalk_number_walks=20/deepwalk_window_size=5/deepwalk_workers=20/deepwalk_undirected=true/mechanism=mbm/x_eps=inf/m=best/norm=false/smoother=hoa/backbone=sage/use_nfr=false/logs/grid_candidate_0019_attempt_1.log,
grid_candidate_0026,grid,grid_candidate_0026,completed,1,0,21.882115,/home/hzw/Rethinking_GNN_DP/paper_experiments/figure1/search_phase_1/family3/hoa/deepwalk/dataset=cora/feature=deepwalk/feature_dim=1600/scale=1024/deepwalk_walk_length=40/deepwalk_number_walks=20/deepwalk_window_size=5/deepwalk_workers=20/deepwalk_undirected=true/mechanism=mbm/x_eps=inf/m=best/norm=false/smoother=hoa/backbone=sage/use_nfr=false/logs/grid_candidate_0026_attempt_1.log,
grid_candidate_0021,grid,grid_candidate_0021,completed,1,0,22.700099,/home/hzw/Rethinking_GNN_DP/paper_experiments/figure1/search_phase_1/family3/hoa/deepwalk/dataset=cora/feature=deepwalk/feature_dim=1600/scale=1024/deepwalk_walk_length=40/deepwalk_number_walks=20/deepwalk_window_size=5/deepwalk_workers=20/deepwalk_undirected=true/mechanism=mbm/x_eps=inf/m=best/norm=false/smoother=hoa/backbone=sage/use_nfr=false/logs/grid_candidate_0021_attempt_1.log,
grid_candidate_0030,grid,grid_candidate_0030,completed,1,0,21.676830,/home/hzw/Rethinking_GNN_DP/paper_experiments/figure1/search_phase_1/family3/hoa/deepwalk/dataset=cora/feature=deepwalk/feature_dim=1600/scale=1024/deepwalk_walk_length=40/deepwalk_number_walks=20/deepwalk_window_size=5/deepwalk_workers=20/deepwalk_undirected=true/mechanism=mbm/x_eps=inf/m=best/norm=false/smoother=hoa/backbone=sage/use_nfr=false/logs/grid_candidate_0030_attempt_1.log,
grid_candidate_0025,grid,grid_candidate_0025,completed,1,0,22.388654,/home/hzw/Rethinking_GNN_DP/paper_experiments/figure1/search_phase_1/family3/hoa/deepwalk/dataset=cora/feature=deepwalk/feature_dim=1600/scale=1024/deepwalk_walk_length=40/deepwalk_number_walks=20/deepwalk_window_size=5/deepwalk_workers=20/deepwalk_undirected=true/mechanism=mbm/x_eps=inf/m=best/norm=false/smoother=hoa/backbone=sage/use_nfr=false/logs/grid_candidate_0025_attempt_1.log,
grid_candidate_0031,grid,grid_candidate_0031,completed,1,0,21.779226,/home/hzw/Rethinking_GNN_DP/paper_experiments/figure1/search_phase_1/family3/hoa/deepwalk/dataset=cora/feature=deepwalk/feature_dim=1600/scale=1024/deepwalk_walk_length=40/deepwalk_number_walks=20/deepwalk_window_size=5/deepwalk_workers=20/deepwalk_undirected=true/mechanism=mbm/x_eps=inf/m=best/norm=false/smoother=hoa/backbone=sage/use_nfr=false/logs/grid_candidate_0031_attempt_1.log,
grid_candidate_0036,grid,grid_candidate_0036,completed,1,0,20.034380,/home/hzw/Rethinking_GNN_DP/paper_experiments/figure1/search_phase_1/family3/hoa/deepwalk/dataset=cora/feature=deepwalk/feature_dim=1600/scale=1024/deepwalk_walk_length=40/deepwalk_number_walks=20/deepwalk_window_size=5/deepwalk_workers=20/deepwalk_undirected=true/mechanism=mbm/x_eps=inf/m=best/norm=false/smoother=hoa/backbone=sage/use_nfr=false/logs/grid_candidate_0036_attempt_1.log,
grid_candidate_0023,grid,grid_candidate_0023,completed,1,0,22.901573,/home/hzw/Rethinking_GNN_DP/paper_experiments/figure1/search_phase_1/family3/hoa/deepwalk/dataset=cora/feature=deepwalk/feature_dim=1600/scale=1024/deepwalk_walk_length=40/deepwalk_number_walks=20/deepwalk_window_size=5/deepwalk_workers=20/deepwalk_undirected=true/mechanism=mbm/x_eps=inf/m=best/norm=false/smoother=hoa/backbone=sage/use_nfr=false/logs/grid_candidate_0023_attempt_1.log,
grid_candidate_0034,grid,grid_candidate_0034,completed,1,0,20.957776,/home/hzw/Rethinking_GNN_DP/paper_experiments/figure1/search_phase_1/family3/hoa/deepwalk/dataset=cora/feature=deepwalk/feature_dim=1600/scale=1024/deepwalk_walk_length=40/deepwalk_number_walks=20/deepwalk_window_size=5/deepwalk_workers=20/deepwalk_undirected=true/mechanism=mbm/x_eps=inf/m=best/norm=false/smoother=hoa/backbone=sage/use_nfr=false/logs/grid_candidate_0034_attempt_1.log,
grid_candidate_0042,grid,grid_candidate_0042,completed,1,0,15.906287,/home/hzw/Rethinking_GNN_DP/paper_experiments/figure1/search_phase_1/family3/hoa/deepwalk/dataset=cora/feature=deepwalk/feature_dim=1600/scale=1024/deepwalk_walk_length=40/deepwalk_number_walks=20/deepwalk_window_size=5/deepwalk_workers=20/deepwalk_undirected=true/mechanism=mbm/x_eps=inf/m=best/norm=false/smoother=hoa/backbone=sage/use_nfr=false/logs/grid_candidate_0042_attempt_1.log,
grid_candidate_0046,grid,grid_candidate_0046,completed,1,0,15.582897,/home/hzw/Rethinking_GNN_DP/paper_experiments/figure1/search_phase_1/family3/hoa/deepwalk/dataset=cora/feature=deepwalk/feature_dim=1600/scale=1024/deepwalk_walk_length=40/deepwalk_number_walks=20/deepwalk_window_size=5/deepwalk_workers=20/deepwalk_undirected=true/mechanism=mbm/x_eps=inf/m=best/norm=false/smoother=hoa/backbone=sage/use_nfr=false/logs/grid_candidate_0046_attempt_1.log,
grid_candidate_0045,grid,grid_candidate_0045,completed,1,0,15.898484,/home/hzw/Rethinking_GNN_DP/paper_experiments/figure1/search_phase_1/family3/hoa/deepwalk/dataset=cora/feature=deepwalk/feature_dim=1600/scale=1024/deepwalk_walk_length=40/deepwalk_number_walks=20/deepwalk_window_size=5/deepwalk_workers=20/deepwalk_undirected=true/mechanism=mbm/x_eps=inf/m=best/norm=false/smoother=hoa/backbone=sage/use_nfr=false/logs/grid_candidate_0045_attempt_1.log,
grid_candidate_0044,grid,grid_candidate_0044,completed,1,0,16.305992,/home/hzw/Rethinking_GNN_DP/paper_experiments/figure1/search_phase_1/family3/hoa/deepwalk/dataset=cora/feature=deepwalk/feature_dim=1600/scale=1024/deepwalk_walk_length=40/deepwalk_number_walks=20/deepwalk_window_size=5/deepwalk_workers=20/deepwalk_undirected=true/mechanism=mbm/x_eps=inf/m=best/norm=false/smoother=hoa/backbone=sage/use_nfr=false/logs/grid_candidate_0044_attempt_1.log,
grid_candidate_0049,grid,grid_candidate_0049,completed,1,0,17.288813,/home/hzw/Rethinking_GNN_DP/paper_experiments/figure1/search_phase_1/family3/hoa/deepwalk/dataset=cora/feature=deepwalk/feature_dim=1600/scale=1024/deepwalk_walk_length=40/deepwalk_number_walks=20/deepwalk_window_size=5/deepwalk_workers=20/deepwalk_undirected=true/mechanism=mbm/x_eps=inf/m=best/norm=false/smoother=hoa/backbone=sage/use_nfr=false/logs/grid_candidate_0049_attempt_1.log,
grid_candidate_0043,grid,grid_candidate_0043,completed,1,0,20.072842,/home/hzw/Rethinking_GNN_DP/paper_experiments/figure1/search_phase_1/family3/hoa/deepwalk/dataset=cora/feature=deepwalk/feature_dim=1600/scale=1024/deepwalk_walk_length=40/deepwalk_number_walks=20/deepwalk_window_size=5/deepwalk_workers=20/deepwalk_undirected=true/mechanism=mbm/x_eps=inf/m=best/norm=false/smoother=hoa/backbone=sage/use_nfr=false/logs/grid_candidate_0043_attempt_1.log,
grid_candidate_0050,grid,grid_candidate_0050,completed,1,0,17.991957,/home/hzw/Rethinking_GNN_DP/paper_experiments/figure1/search_phase_1/family3/hoa/deepwalk/dataset=cora/feature=deepwalk/feature_dim=1600/scale=1024/deepwalk_walk_length=40/deepwalk_number_walks=20/deepwalk_window_size=5/deepwalk_workers=20/deepwalk_undirected=true/mechanism=mbm/x_eps=inf/m=best/norm=false/smoother=hoa/backbone=sage/use_nfr=false/logs/grid_candidate_0050_attempt_1.log,
grid_candidate_0048,grid,grid_candidate_0048,completed,1,0,18.730490,/home/hzw/Rethinking_GNN_DP/paper_experiments/figure1/search_phase_1/family3/hoa/deepwalk/dataset=cora/feature=deepwalk/feature_dim=1600/scale=1024/deepwalk_walk_length=40/deepwalk_number_walks=20/deepwalk_window_size=5/deepwalk_workers=20/deepwalk_undirected=true/mechanism=mbm/x_eps=inf/m=best/norm=false/smoother=hoa/backbone=sage/use_nfr=false/logs/grid_candidate_0048_attempt_1.log,
grid_candidate_0051,grid,grid_candidate_0051,completed,1,0,18.097783,/home/hzw/Rethinking_GNN_DP/paper_experiments/figure1/search_phase_1/family3/hoa/deepwalk/dataset=cora/feature=deepwalk/feature_dim=1600/scale=1024/deepwalk_walk_length=40/deepwalk_number_walks=20/deepwalk_window_size=5/deepwalk_workers=20/deepwalk_undirected=true/mechanism=mbm/x_eps=inf/m=best/norm=false/smoother=hoa/backbone=sage/use_nfr=false/logs/grid_candidate_0051_attempt_1.log,
grid_candidate_0047,grid,grid_candidate_0047,completed,1,0,19.568204,/home/hzw/Rethinking_GNN_DP/paper_experiments/figure1/search_phase_1/family3/hoa/deepwalk/dataset=cora/feature=deepwalk/feature_dim=1600/scale=1024/deepwalk_walk_length=40/deepwalk_number_walks=20/deepwalk_window_size=5/deepwalk_workers=20/deepwalk_undirected=true/mechanism=mbm/x_eps=inf/m=best/norm=false/smoother=hoa/backbone=sage/use_nfr=false/logs/grid_candidate_0047_attempt_1.log,
grid_candidate_0055,grid,grid_candidate_0055,completed,1,0,18.103197,/home/hzw/Rethinking_GNN_DP/paper_experiments/figure1/search_phase_1/family3/hoa/deepwalk/dataset=cora/feature=deepwalk/feature_dim=1600/scale=1024/deepwalk_walk_length=40/deepwalk_number_walks=20/deepwalk_window_size=5/deepwalk_workers=20/deepwalk_undirected=true/mechanism=mbm/x_eps=inf/m=best/norm=false/smoother=hoa/backbone=sage/use_nfr=false/logs/grid_candidate_0055_attempt_1.log,
grid_candidate_0053,grid,grid_candidate_0053,completed,1,0,19.243821,/home/hzw/Rethinking_GNN_DP/paper_experiments/figure1/search_phase_1/family3/hoa/deepwalk/dataset=cora/feature=deepwalk/feature_dim=1600/scale=1024/deepwalk_walk_length=40/deepwalk_number_walks=20/deepwalk_window_size=5/deepwalk_workers=20/deepwalk_undirected=true/mechanism=mbm/x_eps=inf/m=best/norm=false/smoother=hoa/backbone=sage/use_nfr=false/logs/grid_candidate_0053_attempt_1.log,
grid_candidate_0059,grid,grid_candidate_0059,completed,1,0,18.832133,/home/hzw/Rethinking_GNN_DP/paper_experiments/figure1/search_phase_1/family3/hoa/deepwalk/dataset=cora/feature=deepwalk/feature_dim=1600/scale=1024/deepwalk_walk_length=40/deepwalk_number_walks=20/deepwalk_window_size=5/deepwalk_workers=20/deepwalk_undirected=true/mechanism=mbm/x_eps=inf/m=best/norm=false/smoother=hoa/backbone=sage/use_nfr=false/logs/grid_candidate_0059_attempt_1.log,
grid_candidate_0052,grid,grid_candidate_0052,completed,1,0,19.961950,/home/hzw/Rethinking_GNN_DP/paper_experiments/figure1/search_phase_1/family3/hoa/deepwalk/dataset=cora/feature=deepwalk/feature_dim=1600/scale=1024/deepwalk_walk_length=40/deepwalk_number_walks=20/deepwalk_window_size=5/deepwalk_workers=20/deepwalk_undirected=true/mechanism=mbm/x_eps=inf/m=best/norm=false/smoother=hoa/backbone=sage/use_nfr=false/logs/grid_candidate_0052_attempt_1.log,
grid_candidate_0054,grid,grid_candidate_0054,completed,1,0,20.577777,/home/hzw/Rethinking_GNN_DP/paper_experiments/figure1/search_phase_1/family3/hoa/deepwalk/dataset=cora/feature=deepwalk/feature_dim=1600/scale=1024/deepwalk_walk_length=40/deepwalk_number_walks=20/deepwalk_window_size=5/deepwalk_workers=20/deepwalk_undirected=true/mechanism=mbm/x_eps=inf/m=best/norm=false/smoother=hoa/backbone=sage/use_nfr=false/logs/grid_candidate_0054_attempt_1.log,
grid_candidate_0057,grid,grid_candidate_0057,completed,1,0,20.687204,/home/hzw/Rethinking_GNN_DP/paper_experiments/figure1/search_phase_1/family3/hoa/deepwalk/dataset=cora/feature=deepwalk/feature_dim=1600/scale=1024/deepwalk_walk_length=40/deepwalk_number_walks=20/deepwalk_window_size=5/deepwalk_workers=20/deepwalk_undirected=true/mechanism=mbm/x_eps=inf/m=best/norm=false/smoother=hoa/backbone=sage/use_nfr=false/logs/grid_candidate_0057_attempt_1.log,
grid_candidate_0060,grid,grid_candidate_0060,completed,1,0,20.485445,/home/hzw/Rethinking_GNN_DP/paper_experiments/figure1/search_phase_1/family3/hoa/deepwalk/dataset=cora/feature=deepwalk/feature_dim=1600/scale=1024/deepwalk_walk_length=40/deepwalk_number_walks=20/deepwalk_window_size=5/deepwalk_workers=20/deepwalk_undirected=true/mechanism=mbm/x_eps=inf/m=best/norm=false/smoother=hoa/backbone=sage/use_nfr=false/logs/grid_candidate_0060_attempt_1.log,
grid_candidate_0065,grid,grid_candidate_0065,completed,1,0,20.073641,/home/hzw/Rethinking_GNN_DP/paper_experiments/figure1/search_phase_1/family3/hoa/deepwalk/dataset=cora/feature=deepwalk/feature_dim=1600/scale=1024/deepwalk_walk_length=40/deepwalk_number_walks=20/deepwalk_window_size=5/deepwalk_workers=20/deepwalk_undirected=true/mechanism=mbm/x_eps=inf/m=best/norm=false/smoother=hoa/backbone=sage/use_nfr=false/logs/grid_candidate_0065_attempt_1.log,
grid_candidate_0058,grid,grid_candidate_0058,completed,1,0,20.894089,/home/hzw/Rethinking_GNN_DP/paper_experiments/figure1/search_phase_1/family3/hoa/deepwalk/dataset=cora/feature=deepwalk/feature_dim=1600/scale=1024/deepwalk_walk_length=40/deepwalk_number_walks=20/deepwalk_window_size=5/deepwalk_workers=20/deepwalk_undirected=true/mechanism=mbm/x_eps=inf/m=best/norm=false/smoother=hoa/backbone=sage/use_nfr=false/logs/grid_candidate_0058_attempt_1.log,
grid_candidate_0062,grid,grid_candidate_0062,completed,1,0,20.588507,/home/hzw/Rethinking_GNN_DP/paper_experiments/figure1/search_phase_1/family3/hoa/deepwalk/dataset=cora/feature=deepwalk/feature_dim=1600/scale=1024/deepwalk_walk_length=40/deepwalk_number_walks=20/deepwalk_window_size=5/deepwalk_workers=20/deepwalk_undirected=true/mechanism=mbm/x_eps=inf/m=best/norm=false/smoother=hoa/backbone=sage/use_nfr=false/logs/grid_candidate_0062_attempt_1.log,
grid_candidate_0068,grid,grid_candidate_0068,completed,1,0,17.427018,/home/hzw/Rethinking_GNN_DP/paper_experiments/figure1/search_phase_1/family3/hoa/deepwalk/dataset=cora/feature=deepwalk/feature_dim=1600/scale=1024/deepwalk_walk_length=40/deepwalk_number_walks=20/deepwalk_window_size=5/deepwalk_workers=20/deepwalk_undirected=true/mechanism=mbm/x_eps=inf/m=best/norm=false/smoother=hoa/backbone=sage/use_nfr=false/logs/grid_candidate_0068_attempt_1.log,
grid_candidate_0056,grid,grid_candidate_0056,completed,1,0,21.408356,/home/hzw/Rethinking_GNN_DP/paper_experiments/figure1/search_phase_1/family3/hoa/deepwalk/dataset=cora/feature=deepwalk/feature_dim=1600/scale=1024/deepwalk_walk_length=40/deepwalk_number_walks=20/deepwalk_window_size=5/deepwalk_workers=20/deepwalk_undirected=true/mechanism=mbm/x_eps=inf/m=best/norm=false/smoother=hoa/backbone=sage/use_nfr=false/logs/grid_candidate_0056_attempt_1.log,
grid_candidate_0064,grid,grid_candidate_0064,completed,1,0,20.689912,/home/hzw/Rethinking_GNN_DP/paper_experiments/figure1/search_phase_1/family3/hoa/deepwalk/dataset=cora/feature=deepwalk/feature_dim=1600/scale=1024/deepwalk_walk_length=40/deepwalk_number_walks=20/deepwalk_window_size=5/deepwalk_workers=20/deepwalk_undirected=true/mechanism=mbm/x_eps=inf/m=best/norm=false/smoother=hoa/backbone=sage/use_nfr=false/logs/grid_candidate_0064_attempt_1.log,
grid_candidate_0066,grid,grid_candidate_0066,completed,1,0,20.998936,/home/hzw/Rethinking_GNN_DP/paper_experiments/figure1/search_phase_1/family3/hoa/deepwalk/dataset=cora/feature=deepwalk/feature_dim=1600/scale=1024/deepwalk_walk_length=40/deepwalk_number_walks=20/deepwalk_window_size=5/deepwalk_workers=20/deepwalk_undirected=true/mechanism=mbm/x_eps=inf/m=best/norm=false/smoother=hoa/backbone=sage/use_nfr=false/logs/grid_candidate_0066_attempt_1.log,
grid_candidate_0067,grid,grid_candidate_0067,completed,1,0,18.859305,/home/hzw/Rethinking_GNN_DP/paper_experiments/figure1/search_phase_1/family3/hoa/deepwalk/dataset=cora/feature=deepwalk/feature_dim=1600/scale=1024/deepwalk_walk_length=40/deepwalk_number_walks=20/deepwalk_window_size=5/deepwalk_workers=20/deepwalk_undirected=true/mechanism=mbm/x_eps=inf/m=best/norm=false/smoother=hoa/backbone=sage/use_nfr=false/logs/grid_candidate_0067_attempt_1.log,
grid_candidate_0061,grid,grid_candidate_0061,completed,1,0,21.824300,/home/hzw/Rethinking_GNN_DP/paper_experiments/figure1/search_phase_1/family3/hoa/deepwalk/dataset=cora/feature=deepwalk/feature_dim=1600/scale=1024/deepwalk_walk_length=40/deepwalk_number_walks=20/deepwalk_window_size=5/deepwalk_workers=20/deepwalk_undirected=true/mechanism=mbm/x_eps=inf/m=best/norm=false/smoother=hoa/backbone=sage/use_nfr=false/logs/grid_candidate_0061_attempt_1.log,
grid_candidate_0063,grid,grid_candidate_0063,completed,1,0,21.821508,/home/hzw/Rethinking_GNN_DP/paper_experiments/figure1/search_phase_1/family3/hoa/deepwalk/dataset=cora/feature=deepwalk/feature_dim=1600/scale=1024/deepwalk_walk_length=40/deepwalk_number_walks=20/deepwalk_window_size=5/deepwalk_workers=20/deepwalk_undirected=true/mechanism=mbm/x_eps=inf/m=best/norm=false/smoother=hoa/backbone=sage/use_nfr=false/logs/grid_candidate_0063_attempt_1.log,
grid_candidate_0069,grid,grid_candidate_0069,completed,1,0,17.335161,/home/hzw/Rethinking_GNN_DP/paper_experiments/figure1/search_phase_1/family3/hoa/deepwalk/dataset=cora/feature=deepwalk/feature_dim=1600/scale=1024/deepwalk_walk_length=40/deepwalk_number_walks=20/deepwalk_window_size=5/deepwalk_workers=20/deepwalk_undirected=true/mechanism=mbm/x_eps=inf/m=best/norm=false/smoother=hoa/backbone=sage/use_nfr=false/logs/grid_candidate_0069_attempt_1.log,
grid_candidate_0070,grid,grid_candidate_0070,completed,1,0,16.093916,/home/hzw/Rethinking_GNN_DP/paper_experiments/figure1/search_phase_1/family3/hoa/deepwalk/dataset=cora/feature=deepwalk/feature_dim=1600/scale=1024/deepwalk_walk_length=40/deepwalk_number_walks=20/deepwalk_window_size=5/deepwalk_workers=20/deepwalk_undirected=true/mechanism=mbm/x_eps=inf/m=best/norm=false/smoother=hoa/backbone=sage/use_nfr=false/logs/grid_candidate_0070_attempt_1.log,
grid_candidate_0071,grid,grid_candidate_0071,completed,1,0,14.772471,/home/hzw/Rethinking_GNN_DP/paper_experiments/figure1/search_phase_1/family3/hoa/deepwalk/dataset=cora/feature=deepwalk/feature_dim=1600/scale=1024/deepwalk_walk_length=40/deepwalk_number_walks=20/deepwalk_window_size=5/deepwalk_workers=20/deepwalk_undirected=true/mechanism=mbm/x_eps=inf/m=best/norm=false/smoother=hoa/backbone=sage/use_nfr=false/logs/grid_candidate_0071_attempt_1.log,
grid_candidate_0072,grid,grid_candidate_0072,completed,1,0,16.084910,/home/hzw/Rethinking_GNN_DP/paper_experiments/figure1/search_phase_1/family3/hoa/deepwalk/dataset=cora/feature=deepwalk/feature_dim=1600/scale=1024/deepwalk_walk_length=40/deepwalk_number_walks=20/deepwalk_window_size=5/deepwalk_workers=20/deepwalk_undirected=true/mechanism=mbm/x_eps=inf/m=best/norm=false/smoother=hoa/backbone=sage/use_nfr=false/logs/grid_candidate_0072_attempt_1.log,
grid_candidate_0076,grid,grid_candidate_0076,completed,1,0,15.065284,/home/hzw/Rethinking_GNN_DP/paper_experiments/figure1/search_phase_1/family3/hoa/deepwalk/dataset=cora/feature=deepwalk/feature_dim=1600/scale=1024/deepwalk_walk_length=40/deepwalk_number_walks=20/deepwalk_window_size=5/deepwalk_workers=20/deepwalk_undirected=true/mechanism=mbm/x_eps=inf/m=best/norm=false/smoother=hoa/backbone=sage/use_nfr=false/logs/grid_candidate_0076_attempt_1.log,
grid_candidate_0073,grid,grid_candidate_0073,completed,1,0,17.518622,/home/hzw/Rethinking_GNN_DP/paper_experiments/figure1/search_phase_1/family3/hoa/deepwalk/dataset=cora/feature=deepwalk/feature_dim=1600/scale=1024/deepwalk_walk_length=40/deepwalk_number_walks=20/deepwalk_window_size=5/deepwalk_workers=20/deepwalk_undirected=true/mechanism=mbm/x_eps=inf/m=best/norm=false/smoother=hoa/backbone=sage/use_nfr=false/logs/grid_candidate_0073_attempt_1.log,
grid_candidate_0074,grid,grid_candidate_0074,completed,1,0,17.347257,/home/hzw/Rethinking_GNN_DP/paper_experiments/figure1/search_phase_1/family3/hoa/deepwalk/dataset=cora/feature=deepwalk/feature_dim=1600/scale=1024/deepwalk_walk_length=40/deepwalk_number_walks=20/deepwalk_window_size=5/deepwalk_workers=20/deepwalk_undirected=true/mechanism=mbm/x_eps=inf/m=best/norm=false/smoother=hoa/backbone=sage/use_nfr=false/logs/grid_candidate_0074_attempt_1.log,
grid_candidate_0077,grid,grid_candidate_0077,completed,1,0,16.939423,/home/hzw/Rethinking_GNN_DP/paper_experiments/figure1/search_phase_1/family3/hoa/deepwalk/dataset=cora/feature=deepwalk/feature_dim=1600/scale=1024/deepwalk_walk_length=40/deepwalk_number_walks=20/deepwalk_window_size=5/deepwalk_workers=20/deepwalk_undirected=true/mechanism=mbm/x_eps=inf/m=best/norm=false/smoother=hoa/backbone=sage/use_nfr=false/logs/grid_candidate_0077_attempt_1.log,
grid_candidate_0080,grid,grid_candidate_0080,completed,1,0,17.572747,/home/hzw/Rethinking_GNN_DP/paper_experiments/figure1/search_phase_1/family3/hoa/deepwalk/dataset=cora/feature=deepwalk/feature_dim=1600/scale=1024/deepwalk_walk_length=40/deepwalk_number_walks=20/deepwalk_window_size=5/deepwalk_workers=20/deepwalk_undirected=true/mechanism=mbm/x_eps=inf/m=best/norm=false/smoother=hoa/backbone=sage/use_nfr=false/logs/grid_candidate_0080_attempt_1.log,
grid_candidate_0079,grid,grid_candidate_0079,completed,1,0,18.497187,/home/hzw/Rethinking_GNN_DP/paper_experiments/figure1/search_phase_1/family3/hoa/deepwalk/dataset=cora/feature=deepwalk/feature_dim=1600/scale=1024/deepwalk_walk_length=40/deepwalk_number_walks=20/deepwalk_window_size=5/deepwalk_workers=20/deepwalk_undirected=true/mechanism=mbm/x_eps=inf/m=best/norm=false/smoother=hoa/backbone=sage/use_nfr=false/logs/grid_candidate_0079_attempt_1.log,
grid_candidate_0083,grid,grid_candidate_0083,completed,1,0,18.007737,/home/hzw/Rethinking_GNN_DP/paper_experiments/figure1/search_phase_1/family3/hoa/deepwalk/dataset=cora/feature=deepwalk/feature_dim=1600/scale=1024/deepwalk_walk_length=40/deepwalk_number_walks=20/deepwalk_window_size=5/deepwalk_workers=20/deepwalk_undirected=true/mechanism=mbm/x_eps=inf/m=best/norm=false/smoother=hoa/backbone=sage/use_nfr=false/logs/grid_candidate_0083_attempt_1.log,
grid_candidate_0078,grid,grid_candidate_0078,completed,1,0,19.648195,/home/hzw/Rethinking_GNN_DP/paper_experiments/figure1/search_phase_1/family3/hoa/deepwalk/dataset=cora/feature=deepwalk/feature_dim=1600/scale=1024/deepwalk_walk_length=40/deepwalk_number_walks=20/deepwalk_window_size=5/deepwalk_workers=20/deepwalk_undirected=true/mechanism=mbm/x_eps=inf/m=best/norm=false/smoother=hoa/backbone=sage/use_nfr=false/logs/grid_candidate_0078_attempt_1.log,
grid_candidate_0075,grid,grid_candidate_0075,completed,1,0,20.361508,/home/hzw/Rethinking_GNN_DP/paper_experiments/figure1/search_phase_1/family3/hoa/deepwalk/dataset=cora/feature=deepwalk/feature_dim=1600/scale=1024/deepwalk_walk_length=40/deepwalk_number_walks=20/deepwalk_window_size=5/deepwalk_workers=20/deepwalk_undirected=true/mechanism=mbm/x_eps=inf/m=best/norm=false/smoother=hoa/backbone=sage/use_nfr=false/logs/grid_candidate_0075_attempt_1.log,
grid_candidate_0081,grid,grid_candidate_0081,completed,1,0,19.247296,/home/hzw/Rethinking_GNN_DP/paper_experiments/figure1/search_phase_1/family3/hoa/deepwalk/dataset=cora/feature=deepwalk/feature_dim=1600/scale=1024/deepwalk_walk_length=40/deepwalk_number_walks=20/deepwalk_window_size=5/deepwalk_workers=20/deepwalk_undirected=true/mechanism=mbm/x_eps=inf/m=best/norm=false/smoother=hoa/backbone=sage/use_nfr=false/logs/grid_candidate_0081_attempt_1.log,
grid_candidate_0082,grid,grid_candidate_0082,completed,1,0,19.248317,/home/hzw/Rethinking_GNN_DP/paper_experiments/figure1/search_phase_1/family3/hoa/deepwalk/dataset=cora/feature=deepwalk/feature_dim=1600/scale=1024/deepwalk_walk_length=40/deepwalk_number_walks=20/deepwalk_window_size=5/deepwalk_workers=20/deepwalk_undirected=true/mechanism=mbm/x_eps=inf/m=best/norm=false/smoother=hoa/backbone=sage/use_nfr=false/logs/grid_candidate_0082_attempt_1.log,
grid_candidate_0085,grid,grid_candidate_0085,completed,1,0,18.437494,/home/hzw/Rethinking_GNN_DP/paper_experiments/figure1/search_phase_1/family3/hoa/deepwalk/dataset=cora/feature=deepwalk/feature_dim=1600/scale=1024/deepwalk_walk_length=40/deepwalk_number_walks=20/deepwalk_window_size=5/deepwalk_workers=20/deepwalk_undirected=true/mechanism=mbm/x_eps=inf/m=best/norm=false/smoother=hoa/backbone=sage/use_nfr=false/logs/grid_candidate_0085_attempt_1.log,
grid_candidate_0086,grid,grid_candidate_0086,completed,1,0,15.283210,/home/hzw/Rethinking_GNN_DP/paper_experiments/figure1/search_phase_1/family3/hoa/deepwalk/dataset=cora/feature=deepwalk/feature_dim=1600/scale=1024/deepwalk_walk_length=40/deepwalk_number_walks=20/deepwalk_window_size=5/deepwalk_workers=20/deepwalk_undirected=true/mechanism=mbm/x_eps=inf/m=best/norm=false/smoother=hoa/backbone=sage/use_nfr=false/logs/grid_candidate_0086_attempt_1.log,
grid_candidate_0084,grid,grid_candidate_0084,completed,1,0,19.149434,/home/hzw/Rethinking_GNN_DP/paper_experiments/figure1/search_phase_1/family3/hoa/deepwalk/dataset=cora/feature=deepwalk/feature_dim=1600/scale=1024/deepwalk_walk_length=40/deepwalk_number_walks=20/deepwalk_window_size=5/deepwalk_workers=20/deepwalk_undirected=true/mechanism=mbm/x_eps=inf/m=best/norm=false/smoother=hoa/backbone=sage/use_nfr=false/logs/grid_candidate_0084_attempt_1.log,
grid_candidate_0087,grid,grid_candidate_0087,completed,1,0,16.310319,/home/hzw/Rethinking_GNN_DP/paper_experiments/figure1/search_phase_1/family3/hoa/deepwalk/dataset=cora/feature=deepwalk/feature_dim=1600/scale=1024/deepwalk_walk_length=40/deepwalk_number_walks=20/deepwalk_window_size=5/deepwalk_workers=20/deepwalk_undirected=true/mechanism=mbm/x_eps=inf/m=best/norm=false/smoother=hoa/backbone=sage/use_nfr=false/logs/grid_candidate_0087_attempt_1.log,
grid_candidate_0088,grid,grid_candidate_0088,completed,1,0,16.493763,/home/hzw/Rethinking_GNN_DP/paper_experiments/figure1/search_phase_1/family3/hoa/deepwalk/dataset=cora/feature=deepwalk/feature_dim=1600/scale=1024/deepwalk_walk_length=40/deepwalk_number_walks=20/deepwalk_window_size=5/deepwalk_workers=20/deepwalk_undirected=true/mechanism=mbm/x_eps=inf/m=best/norm=false/smoother=hoa/backbone=sage/use_nfr=false/logs/grid_candidate_0088_attempt_1.log,
grid_candidate_0089,grid,grid_candidate_0089,completed,1,0,16.486906,/home/hzw/Rethinking_GNN_DP/paper_experiments/figure1/search_phase_1/family3/hoa/deepwalk/dataset=cora/feature=deepwalk/feature_dim=1600/scale=1024/deepwalk_walk_length=40/deepwalk_number_walks=20/deepwalk_window_size=5/deepwalk_workers=20/deepwalk_undirected=true/mechanism=mbm/x_eps=inf/m=best/norm=false/smoother=hoa/backbone=sage/use_nfr=false/logs/grid_candidate_0089_attempt_1.log,
grid_candidate_0091,grid,grid_candidate_0091,completed,1,0,15.748195,/home/hzw/Rethinking_GNN_DP/paper_experiments/figure1/search_phase_1/family3/hoa/deepwalk/dataset=cora/feature=deepwalk/feature_dim=1600/scale=1024/deepwalk_walk_length=40/deepwalk_number_walks=20/deepwalk_window_size=5/deepwalk_workers=20/deepwalk_undirected=true/mechanism=mbm/x_eps=inf/m=best/norm=false/smoother=hoa/backbone=sage/use_nfr=false/logs/grid_candidate_0091_attempt_1.log,
grid_candidate_0090,grid,grid_candidate_0090,completed,1,0,18.109969,/home/hzw/Rethinking_GNN_DP/paper_experiments/figure1/search_phase_1/family3/hoa/deepwalk/dataset=cora/feature=deepwalk/feature_dim=1600/scale=1024/deepwalk_walk_length=40/deepwalk_number_walks=20/deepwalk_window_size=5/deepwalk_workers=20/deepwalk_undirected=true/mechanism=mbm/x_eps=inf/m=best/norm=false/smoother=hoa/backbone=sage/use_nfr=false/logs/grid_candidate_0090_attempt_1.log,
grid_candidate_0092,grid,grid_candidate_0092,completed,1,0,17.689282,/home/hzw/Rethinking_GNN_DP/paper_experiments/figure1/search_phase_1/family3/hoa/deepwalk/dataset=cora/feature=deepwalk/feature_dim=1600/scale=1024/deepwalk_walk_length=40/deepwalk_number_walks=20/deepwalk_window_size=5/deepwalk_workers=20/deepwalk_undirected=true/mechanism=mbm/x_eps=inf/m=best/norm=false/smoother=hoa/backbone=sage/use_nfr=false/logs/grid_candidate_0092_attempt_1.log,
grid_candidate_0095,grid,grid_candidate_0095,completed,1,0,17.380521,/home/hzw/Rethinking_GNN_DP/paper_experiments/figure1/search_phase_1/family3/hoa/deepwalk/dataset=cora/feature=deepwalk/feature_dim=1600/scale=1024/deepwalk_walk_length=40/deepwalk_number_walks=20/deepwalk_window_size=5/deepwalk_workers=20/deepwalk_undirected=true/mechanism=mbm/x_eps=inf/m=best/norm=false/smoother=hoa/backbone=sage/use_nfr=false/logs/grid_candidate_0095_attempt_1.log,
grid_candidate_0098,grid,grid_candidate_0098,completed,1,0,17.282769,/home/hzw/Rethinking_GNN_DP/paper_experiments/figure1/search_phase_1/family3/hoa/deepwalk/dataset=cora/feature=deepwalk/feature_dim=1600/scale=1024/deepwalk_walk_length=40/deepwalk_number_walks=20/deepwalk_window_size=5/deepwalk_workers=20/deepwalk_undirected=true/mechanism=mbm/x_eps=inf/m=best/norm=false/smoother=hoa/backbone=sage/use_nfr=false/logs/grid_candidate_0098_attempt_1.log,
grid_candidate_0094,grid,grid_candidate_0094,completed,1,0,17.812792,/home/hzw/Rethinking_GNN_DP/paper_experiments/figure1/search_phase_1/family3/hoa/deepwalk/dataset=cora/feature=deepwalk/feature_dim=1600/scale=1024/deepwalk_walk_length=40/deepwalk_number_walks=20/deepwalk_window_size=5/deepwalk_workers=20/deepwalk_undirected=true/mechanism=mbm/x_eps=inf/m=best/norm=false/smoother=hoa/backbone=sage/use_nfr=false/logs/grid_candidate_0094_attempt_1.log,
grid_candidate_0093,grid,grid_candidate_0093,completed,1,0,18.137046,/home/hzw/Rethinking_GNN_DP/paper_experiments/figure1/search_phase_1/family3/hoa/deepwalk/dataset=cora/feature=deepwalk/feature_dim=1600/scale=1024/deepwalk_walk_length=40/deepwalk_number_walks=20/deepwalk_window_size=5/deepwalk_workers=20/deepwalk_undirected=true/mechanism=mbm/x_eps=inf/m=best/norm=false/smoother=hoa/backbone=sage/use_nfr=false/logs/grid_candidate_0093_attempt_1.log,
grid_candidate_0099,grid,grid_candidate_0099,completed,1,0,17.953692,/home/hzw/Rethinking_GNN_DP/paper_experiments/figure1/search_phase_1/family3/hoa/deepwalk/dataset=cora/feature=deepwalk/feature_dim=1600/scale=1024/deepwalk_walk_length=40/deepwalk_number_walks=20/deepwalk_window_size=5/deepwalk_workers=20/deepwalk_undirected=true/mechanism=mbm/x_eps=inf/m=best/norm=false/smoother=hoa/backbone=sage/use_nfr=false/logs/grid_candidate_0099_attempt_1.log,
grid_candidate_0102,grid,grid_candidate_0102,completed,1,0,17.859376,/home/hzw/Rethinking_GNN_DP/paper_experiments/figure1/search_phase_1/family3/hoa/deepwalk/dataset=cora/feature=deepwalk/feature_dim=1600/scale=1024/deepwalk_walk_length=40/deepwalk_number_walks=20/deepwalk_window_size=5/deepwalk_workers=20/deepwalk_undirected=true/mechanism=mbm/x_eps=inf/m=best/norm=false/smoother=hoa/backbone=sage/use_nfr=false/logs/grid_candidate_0102_attempt_1.log,
grid_candidate_0103,grid,grid_candidate_0103,completed,1,0,18.164304,/home/hzw/Rethinking_GNN_DP/paper_experiments/figure1/search_phase_1/family3/hoa/deepwalk/dataset=cora/feature=deepwalk/feature_dim=1600/scale=1024/deepwalk_walk_length=40/deepwalk_number_walks=20/deepwalk_window_size=5/deepwalk_workers=20/deepwalk_undirected=true/mechanism=mbm/x_eps=inf/m=best/norm=false/smoother=hoa/backbone=sage/use_nfr=false/logs/grid_candidate_0103_attempt_1.log,
grid_candidate_0096,grid,grid_candidate_0096,completed,1,0,19.319780,/home/hzw/Rethinking_GNN_DP/paper_experiments/figure1/search_phase_1/family3/hoa/deepwalk/dataset=cora/feature=deepwalk/feature_dim=1600/scale=1024/deepwalk_walk_length=40/deepwalk_number_walks=20/deepwalk_window_size=5/deepwalk_workers=20/deepwalk_undirected=true/mechanism=mbm/x_eps=inf/m=best/norm=false/smoother=hoa/backbone=sage/use_nfr=false/logs/grid_candidate_0096_attempt_1.log,
grid_candidate_0110,grid,grid_candidate_0110,completed,1,0,17.394376,/home/hzw/Rethinking_GNN_DP/paper_experiments/figure1/search_phase_1/family3/hoa/deepwalk/dataset=cora/feature=deepwalk/feature_dim=1600/scale=1024/deepwalk_walk_length=40/deepwalk_number_walks=20/deepwalk_window_size=5/deepwalk_workers=20/deepwalk_undirected=true/mechanism=mbm/x_eps=inf/m=best/norm=false/smoother=hoa/backbone=sage/use_nfr=false/logs/grid_candidate_0110_attempt_1.log,
grid_candidate_0105,grid,grid_candidate_0105,completed,1,0,18.618012,/home/hzw/Rethinking_GNN_DP/paper_experiments/figure1/search_phase_1/family3/hoa/deepwalk/dataset=cora/feature=deepwalk/feature_dim=1600/scale=1024/deepwalk_walk_length=40/deepwalk_number_walks=20/deepwalk_window_size=5/deepwalk_workers=20/deepwalk_undirected=true/mechanism=mbm/x_eps=inf/m=best/norm=false/smoother=hoa/backbone=sage/use_nfr=false/logs/grid_candidate_0105_attempt_1.log,
grid_candidate_0101,grid,grid_candidate_0101,completed,1,0,19.747622,/home/hzw/Rethinking_GNN_DP/paper_experiments/figure1/search_phase_1/family3/hoa/deepwalk/dataset=cora/feature=deepwalk/feature_dim=1600/scale=1024/deepwalk_walk_length=40/deepwalk_number_walks=20/deepwalk_window_size=5/deepwalk_workers=20/deepwalk_undirected=true/mechanism=mbm/x_eps=inf/m=best/norm=false/smoother=hoa/backbone=sage/use_nfr=false/logs/grid_candidate_0101_attempt_1.log,
grid_candidate_0107,grid,grid_candidate_0107,completed,1,0,18.623909,/home/hzw/Rethinking_GNN_DP/paper_experiments/figure1/search_phase_1/family3/hoa/deepwalk/dataset=cora/feature=deepwalk/feature_dim=1600/scale=1024/deepwalk_walk_length=40/deepwalk_number_walks=20/deepwalk_window_size=5/deepwalk_workers=20/deepwalk_undirected=true/mechanism=mbm/x_eps=inf/m=best/norm=false/smoother=hoa/backbone=sage/use_nfr=false/logs/grid_candidate_0107_attempt_1.log,
grid_candidate_0109,grid,grid_candidate_0109,completed,1,0,18.536512,/home/hzw/Rethinking_GNN_DP/paper_experiments/figure1/search_phase_1/family3/hoa/deepwalk/dataset=cora/feature=deepwalk/feature_dim=1600/scale=1024/deepwalk_walk_length=40/deepwalk_number_walks=20/deepwalk_window_size=5/deepwalk_workers=20/deepwalk_undirected=true/mechanism=mbm/x_eps=inf/m=best/norm=false/smoother=hoa/backbone=sage/use_nfr=false/logs/grid_candidate_0109_attempt_1.log,
grid_candidate_0111,grid,grid_candidate_0111,completed,1,0,18.130410,/home/hzw/Rethinking_GNN_DP/paper_experiments/figure1/search_phase_1/family3/hoa/deepwalk/dataset=cora/feature=deepwalk/feature_dim=1600/scale=1024/deepwalk_walk_length=40/deepwalk_number_walks=20/deepwalk_window_size=5/deepwalk_workers=20/deepwalk_undirected=true/mechanism=mbm/x_eps=inf/m=best/norm=false/smoother=hoa/backbone=sage/use_nfr=false/logs/grid_candidate_0111_attempt_1.log,
grid_candidate_0108,grid,grid_candidate_0108,completed,1,0,18.946691,/home/hzw/Rethinking_GNN_DP/paper_experiments/figure1/search_phase_1/family3/hoa/deepwalk/dataset=cora/feature=deepwalk/feature_dim=1600/scale=1024/deepwalk_walk_length=40/deepwalk_number_walks=20/deepwalk_window_size=5/deepwalk_workers=20/deepwalk_undirected=true/mechanism=mbm/x_eps=inf/m=best/norm=false/smoother=hoa/backbone=sage/use_nfr=false/logs/grid_candidate_0108_attempt_1.log,
grid_candidate_0114,grid,grid_candidate_0114,completed,1,0,15.870802,/home/hzw/Rethinking_GNN_DP/paper_experiments/figure1/search_phase_1/family3/hoa/deepwalk/dataset=cora/feature=deepwalk/feature_dim=1600/scale=1024/deepwalk_walk_length=40/deepwalk_number_walks=20/deepwalk_window_size=5/deepwalk_workers=20/deepwalk_undirected=true/mechanism=mbm/x_eps=inf/m=best/norm=false/smoother=hoa/backbone=sage/use_nfr=false/logs/grid_candidate_0114_attempt_1.log,
grid_candidate_0112,grid,grid_candidate_0112,completed,1,0,16.690938,/home/hzw/Rethinking_GNN_DP/paper_experiments/figure1/search_phase_1/family3/hoa/deepwalk/dataset=cora/feature=deepwalk/feature_dim=1600/scale=1024/deepwalk_walk_length=40/deepwalk_number_walks=20/deepwalk_window_size=5/deepwalk_workers=20/deepwalk_undirected=true/mechanism=mbm/x_eps=inf/m=best/norm=false/smoother=hoa/backbone=sage/use_nfr=false/logs/grid_candidate_0112_attempt_1.log,
grid_candidate_0113,grid,grid_candidate_0113,completed,1,0,16.177731,/home/hzw/Rethinking_GNN_DP/paper_experiments/figure1/search_phase_1/family3/hoa/deepwalk/dataset=cora/feature=deepwalk/feature_dim=1600/scale=1024/deepwalk_walk_length=40/deepwalk_number_walks=20/deepwalk_window_size=5/deepwalk_workers=20/deepwalk_undirected=true/mechanism=mbm/x_eps=inf/m=best/norm=false/smoother=hoa/backbone=sage/use_nfr=false/logs/grid_candidate_0113_attempt_1.log,
grid_candidate_0097,grid,grid_candidate_0097,completed,1,0,21.096284,/home/hzw/Rethinking_GNN_DP/paper_experiments/figure1/search_phase_1/family3/hoa/deepwalk/dataset=cora/feature=deepwalk/feature_dim=1600/scale=1024/deepwalk_walk_length=40/deepwalk_number_walks=20/deepwalk_window_size=5/deepwalk_workers=20/deepwalk_undirected=true/mechanism=mbm/x_eps=inf/m=best/norm=false/smoother=hoa/backbone=sage/use_nfr=false/logs/grid_candidate_0097_attempt_1.log,
grid_candidate_0104,grid,grid_candidate_0104,completed,1,0,20.067459,/home/hzw/Rethinking_GNN_DP/paper_experiments/figure1/search_phase_1/family3/hoa/deepwalk/dataset=cora/feature=deepwalk/feature_dim=1600/scale=1024/deepwalk_walk_length=40/deepwalk_number_walks=20/deepwalk_window_size=5/deepwalk_workers=20/deepwalk_undirected=true/mechanism=mbm/x_eps=inf/m=best/norm=false/smoother=hoa/backbone=sage/use_nfr=false/logs/grid_candidate_0104_attempt_1.log,
grid_candidate_0100,grid,grid_candidate_0100,completed,1,0,20.993414,/home/hzw/Rethinking_GNN_DP/paper_experiments/figure1/search_phase_1/family3/hoa/deepwalk/dataset=cora/feature=deepwalk/feature_dim=1600/scale=1024/deepwalk_walk_length=40/deepwalk_number_walks=20/deepwalk_window_size=5/deepwalk_workers=20/deepwalk_undirected=true/mechanism=mbm/x_eps=inf/m=best/norm=false/smoother=hoa/backbone=sage/use_nfr=false/logs/grid_candidate_0100_attempt_1.log,
grid_candidate_0106,grid,grid_candidate_0106,completed,1,0,20.272385,/home/hzw/Rethinking_GNN_DP/paper_experiments/figure1/search_phase_1/family3/hoa/deepwalk/dataset=cora/feature=deepwalk/feature_dim=1600/scale=1024/deepwalk_walk_length=40/deepwalk_number_walks=20/deepwalk_window_size=5/deepwalk_workers=20/deepwalk_undirected=true/mechanism=mbm/x_eps=inf/m=best/norm=false/smoother=hoa/backbone=sage/use_nfr=false/logs/grid_candidate_0106_attempt_1.log,
grid_candidate_0115,grid,grid_candidate_0115,completed,1,0,15.346754,/home/hzw/Rethinking_GNN_DP/paper_experiments/figure1/search_phase_1/family3/hoa/deepwalk/dataset=cora/feature=deepwalk/feature_dim=1600/scale=1024/deepwalk_walk_length=40/deepwalk_number_walks=20/deepwalk_window_size=5/deepwalk_workers=20/deepwalk_undirected=true/mechanism=mbm/x_eps=inf/m=best/norm=false/smoother=hoa/backbone=sage/use_nfr=false/logs/grid_candidate_0115_attempt_1.log,
grid_candidate_0117,grid,grid_candidate_0117,completed,1,0,16.643504,/home/hzw/Rethinking_GNN_DP/paper_experiments/figure1/search_phase_1/family3/hoa/deepwalk/dataset=cora/feature=deepwalk/feature_dim=1600/scale=1024/deepwalk_walk_length=40/deepwalk_number_walks=20/deepwalk_window_size=5/deepwalk_workers=20/deepwalk_undirected=true/mechanism=mbm/x_eps=inf/m=best/norm=false/smoother=hoa/backbone=sage/use_nfr=false/logs/grid_candidate_0117_attempt_1.log,
grid_candidate_0118,grid,grid_candidate_0118,completed,1,0,16.535084,/home/hzw/Rethinking_GNN_DP/paper_experiments/figure1/search_phase_1/family3/hoa/deepwalk/dataset=cora/feature=deepwalk/feature_dim=1600/scale=1024/deepwalk_walk_length=40/deepwalk_number_walks=20/deepwalk_window_size=5/deepwalk_workers=20/deepwalk_undirected=true/mechanism=mbm/x_eps=inf/m=best/norm=false/smoother=hoa/backbone=sage/use_nfr=false/logs/grid_candidate_0118_attempt_1.log,
grid_candidate_0120,grid,grid_candidate_0120,completed,1,0,15.502172,/home/hzw/Rethinking_GNN_DP/paper_experiments/figure1/search_phase_1/family3/hoa/deepwalk/dataset=cora/feature=deepwalk/feature_dim=1600/scale=1024/deepwalk_walk_length=40/deepwalk_number_walks=20/deepwalk_window_size=5/deepwalk_workers=20/deepwalk_undirected=true/mechanism=mbm/x_eps=inf/m=best/norm=false/smoother=hoa/backbone=sage/use_nfr=false/logs/grid_candidate_0120_attempt_1.log,
grid_candidate_0116,grid,grid_candidate_0116,completed,1,0,17.360239,/home/hzw/Rethinking_GNN_DP/paper_experiments/figure1/search_phase_1/family3/hoa/deepwalk/dataset=cora/feature=deepwalk/feature_dim=1600/scale=1024/deepwalk_walk_length=40/deepwalk_number_walks=20/deepwalk_window_size=5/deepwalk_workers=20/deepwalk_undirected=true/mechanism=mbm/x_eps=inf/m=best/norm=false/smoother=hoa/backbone=sage/use_nfr=false/logs/grid_candidate_0116_attempt_1.log,
grid_candidate_0119,grid,grid_candidate_0119,completed,1,0,18.263183,/home/hzw/Rethinking_GNN_DP/paper_experiments/figure1/search_phase_1/family3/hoa/deepwalk/dataset=cora/feature=deepwalk/feature_dim=1600/scale=1024/deepwalk_walk_length=40/deepwalk_number_walks=20/deepwalk_window_size=5/deepwalk_workers=20/deepwalk_undirected=true/mechanism=mbm/x_eps=inf/m=best/norm=false/smoother=hoa/backbone=sage/use_nfr=false/logs/grid_candidate_0119_attempt_1.log,
grid_candidate_0122,grid,grid_candidate_0122,completed,1,0,17.627397,/home/hzw/Rethinking_GNN_DP/paper_experiments/figure1/search_phase_1/family3/hoa/deepwalk/dataset=cora/feature=deepwalk/feature_dim=1600/scale=1024/deepwalk_walk_length=40/deepwalk_number_walks=20/deepwalk_window_size=5/deepwalk_workers=20/deepwalk_undirected=true/mechanism=mbm/x_eps=inf/m=best/norm=false/smoother=hoa/backbone=sage/use_nfr=false/logs/grid_candidate_0122_attempt_1.log,
grid_candidate_0123,grid,grid_candidate_0123,completed,1,0,17.412322,/home/hzw/Rethinking_GNN_DP/paper_experiments/figure1/search_phase_1/family3/hoa/deepwalk/dataset=cora/feature=deepwalk/feature_dim=1600/scale=1024/deepwalk_walk_length=40/deepwalk_number_walks=20/deepwalk_window_size=5/deepwalk_workers=20/deepwalk_undirected=true/mechanism=mbm/x_eps=inf/m=best/norm=false/smoother=hoa/backbone=sage/use_nfr=false/logs/grid_candidate_0123_attempt_1.log,
grid_candidate_0121,grid,grid_candidate_0121,completed,1,0,19.069281,/home/hzw/Rethinking_GNN_DP/paper_experiments/figure1/search_phase_1/family3/hoa/deepwalk/dataset=cora/feature=deepwalk/feature_dim=1600/scale=1024/deepwalk_walk_length=40/deepwalk_number_walks=20/deepwalk_window_size=5/deepwalk_workers=20/deepwalk_undirected=true/mechanism=mbm/x_eps=inf/m=best/norm=false/smoother=hoa/backbone=sage/use_nfr=false/logs/grid_candidate_0121_attempt_1.log,
grid_candidate_0128,grid,grid_candidate_0128,completed,1,0,17.196168,/home/hzw/Rethinking_GNN_DP/paper_experiments/figure1/search_phase_1/family3/hoa/deepwalk/dataset=cora/feature=deepwalk/feature_dim=1600/scale=1024/deepwalk_walk_length=40/deepwalk_number_walks=20/deepwalk_window_size=5/deepwalk_workers=20/deepwalk_undirected=true/mechanism=mbm/x_eps=inf/m=best/norm=false/smoother=hoa/backbone=sage/use_nfr=false/logs/grid_candidate_0128_attempt_1.log,
grid_candidate_0127,grid,grid_candidate_0127,completed,1,0,17.605686,/home/hzw/Rethinking_GNN_DP/paper_experiments/figure1/search_phase_1/family3/hoa/deepwalk/dataset=cora/feature=deepwalk/feature_dim=1600/scale=1024/deepwalk_walk_length=40/deepwalk_number_walks=20/deepwalk_window_size=5/deepwalk_workers=20/deepwalk_undirected=true/mechanism=mbm/x_eps=inf/m=best/norm=false/smoother=hoa/backbone=sage/use_nfr=false/logs/grid_candidate_0127_attempt_1.log,
grid_candidate_0125,grid,grid_candidate_0125,completed,1,0,18.128062,/home/hzw/Rethinking_GNN_DP/paper_experiments/figure1/search_phase_1/family3/hoa/deepwalk/dataset=cora/feature=deepwalk/feature_dim=1600/scale=1024/deepwalk_walk_length=40/deepwalk_number_walks=20/deepwalk_window_size=5/deepwalk_workers=20/deepwalk_undirected=true/mechanism=mbm/x_eps=inf/m=best/norm=false/smoother=hoa/backbone=sage/use_nfr=false/logs/grid_candidate_0125_attempt_1.log,
grid_candidate_0126,grid,grid_candidate_0126,completed,1,0,18.454542,/home/hzw/Rethinking_GNN_DP/paper_experiments/figure1/search_phase_1/family3/hoa/deepwalk/dataset=cora/feature=deepwalk/feature_dim=1600/scale=1024/deepwalk_walk_length=40/deepwalk_number_walks=20/deepwalk_window_size=5/deepwalk_workers=20/deepwalk_undirected=true/mechanism=mbm/x_eps=inf/m=best/norm=false/smoother=hoa/backbone=sage/use_nfr=false/logs/grid_candidate_0126_attempt_1.log,
grid_candidate_0124,grid,grid_candidate_0124,completed,1,0,18.978966,/home/hzw/Rethinking_GNN_DP/paper_experiments/figure1/search_phase_1/family3/hoa/deepwalk/dataset=cora/feature=deepwalk/feature_dim=1600/scale=1024/deepwalk_walk_length=40/deepwalk_number_walks=20/deepwalk_window_size=5/deepwalk_workers=20/deepwalk_undirected=true/mechanism=mbm/x_eps=inf/m=best/norm=false/smoother=hoa/backbone=sage/use_nfr=false/logs/grid_candidate_0124_attempt_1.log,
grid_candidate_0145,grid,grid_candidate_0145,completed,1,0,16.415700,/home/hzw/Rethinking_GNN_DP/paper_experiments/figure1/search_phase_1/family3/hoa/deepwalk/dataset=cora/feature=deepwalk/feature_dim=1600/scale=1024/deepwalk_walk_length=40/deepwalk_number_walks=20/deepwalk_window_size=5/deepwalk_workers=20/deepwalk_undirected=true/mechanism=mbm/x_eps=inf/m=best/norm=false/smoother=hoa/backbone=sage/use_nfr=false/logs/grid_candidate_0145_attempt_1.log,
grid_candidate_0130,grid,grid_candidate_0130,completed,1,0,19.794185,/home/hzw/Rethinking_GNN_DP/paper_experiments/figure1/search_phase_1/family3/hoa/deepwalk/dataset=cora/feature=deepwalk/feature_dim=1600/scale=1024/deepwalk_walk_length=40/deepwalk_number_walks=20/deepwalk_window_size=5/deepwalk_workers=20/deepwalk_undirected=true/mechanism=mbm/x_eps=inf/m=best/norm=false/smoother=hoa/backbone=sage/use_nfr=false/logs/grid_candidate_0130_attempt_1.log,
grid_candidate_0136,grid,grid_candidate_0136,completed,1,0,18.256066,/home/hzw/Rethinking_GNN_DP/paper_experiments/figure1/search_phase_1/family3/hoa/deepwalk/dataset=cora/feature=deepwalk/feature_dim=1600/scale=1024/deepwalk_walk_length=40/deepwalk_number_walks=20/deepwalk_window_size=5/deepwalk_workers=20/deepwalk_undirected=true/mechanism=mbm/x_eps=inf/m=best/norm=false/smoother=hoa/backbone=sage/use_nfr=false/logs/grid_candidate_0136_attempt_1.log,
grid_candidate_0134,grid,grid_candidate_0134,completed,1,0,18.567323,/home/hzw/Rethinking_GNN_DP/paper_experiments/figure1/search_phase_1/family3/hoa/deepwalk/dataset=cora/feature=deepwalk/feature_dim=1600/scale=1024/deepwalk_walk_length=40/deepwalk_number_walks=20/deepwalk_window_size=5/deepwalk_workers=20/deepwalk_undirected=true/mechanism=mbm/x_eps=inf/m=best/norm=false/smoother=hoa/backbone=sage/use_nfr=false/logs/grid_candidate_0134_attempt_1.log,
grid_candidate_0131,grid,grid_candidate_0131,completed,1,0,20.102942,/home/hzw/Rethinking_GNN_DP/paper_experiments/figure1/search_phase_1/family3/hoa/deepwalk/dataset=cora/feature=deepwalk/feature_dim=1600/scale=1024/deepwalk_walk_length=40/deepwalk_number_walks=20/deepwalk_window_size=5/deepwalk_workers=20/deepwalk_undirected=true/mechanism=mbm/x_eps=inf/m=best/norm=false/smoother=hoa/backbone=sage/use_nfr=false/logs/grid_candidate_0131_attempt_1.log,
grid_candidate_0140,grid,grid_candidate_0140,completed,1,0,17.952797,/home/hzw/Rethinking_GNN_DP/paper_experiments/figure1/search_phase_1/family3/hoa/deepwalk/dataset=cora/feature=deepwalk/feature_dim=1600/scale=1024/deepwalk_walk_length=40/deepwalk_number_walks=20/deepwalk_window_size=5/deepwalk_workers=20/deepwalk_undirected=true/mechanism=mbm/x_eps=inf/m=best/norm=false/smoother=hoa/backbone=sage/use_nfr=false/logs/grid_candidate_0140_attempt_1.log,
grid_candidate_0132,grid,grid_candidate_0132,completed,1,0,19.896006,/home/hzw/Rethinking_GNN_DP/paper_experiments/figure1/search_phase_1/family3/hoa/deepwalk/dataset=cora/feature=deepwalk/feature_dim=1600/scale=1024/deepwalk_walk_length=40/deepwalk_number_walks=20/deepwalk_window_size=5/deepwalk_workers=20/deepwalk_undirected=true/mechanism=mbm/x_eps=inf/m=best/norm=false/smoother=hoa/backbone=sage/use_nfr=false/logs/grid_candidate_0132_attempt_1.log,
grid_candidate_0150,grid,grid_candidate_0150,completed,1,0,15.087063,/home/hzw/Rethinking_GNN_DP/paper_experiments/figure1/search_phase_1/family3/hoa/deepwalk/dataset=cora/feature=deepwalk/feature_dim=1600/scale=1024/deepwalk_walk_length=40/deepwalk_number_walks=20/deepwalk_window_size=5/deepwalk_workers=20/deepwalk_undirected=true/mechanism=mbm/x_eps=inf/m=best/norm=false/smoother=hoa/backbone=sage/use_nfr=false/logs/grid_candidate_0150_attempt_1.log,
grid_candidate_0141,grid,grid_candidate_0141,completed,1,0,18.259452,/home/hzw/Rethinking_GNN_DP/paper_experiments/figure1/search_phase_1/family3/hoa/deepwalk/dataset=cora/feature=deepwalk/feature_dim=1600/scale=1024/deepwalk_walk_length=40/deepwalk_number_walks=20/deepwalk_window_size=5/deepwalk_workers=20/deepwalk_undirected=true/mechanism=mbm/x_eps=inf/m=best/norm=false/smoother=hoa/backbone=sage/use_nfr=false/logs/grid_candidate_0141_attempt_1.log,
grid_candidate_0143,grid,grid_candidate_0143,completed,1,0,18.053810,/home/hzw/Rethinking_GNN_DP/paper_experiments/figure1/search_phase_1/family3/hoa/deepwalk/dataset=cora/feature=deepwalk/feature_dim=1600/scale=1024/deepwalk_walk_length=40/deepwalk_number_walks=20/deepwalk_window_size=5/deepwalk_workers=20/deepwalk_undirected=true/mechanism=mbm/x_eps=inf/m=best/norm=false/smoother=hoa/backbone=sage/use_nfr=false/logs/grid_candidate_0143_attempt_1.log,
grid_candidate_0137,grid,grid_candidate_0137,completed,1,0,19.176221,/home/hzw/Rethinking_GNN_DP/paper_experiments/figure1/search_phase_1/family3/hoa/deepwalk/dataset=cora/feature=deepwalk/feature_dim=1600/scale=1024/deepwalk_walk_length=40/deepwalk_number_walks=20/deepwalk_window_size=5/deepwalk_workers=20/deepwalk_undirected=true/mechanism=mbm/x_eps=inf/m=best/norm=false/smoother=hoa/backbone=sage/use_nfr=false/logs/grid_candidate_0137_attempt_1.log,
grid_candidate_0147,grid,grid_candidate_0147,completed,1,0,16.729024,/home/hzw/Rethinking_GNN_DP/paper_experiments/figure1/search_phase_1/family3/hoa/deepwalk/dataset=cora/feature=deepwalk/feature_dim=1600/scale=1024/deepwalk_walk_length=40/deepwalk_number_walks=20/deepwalk_window_size=5/deepwalk_workers=20/deepwalk_undirected=true/mechanism=mbm/x_eps=inf/m=best/norm=false/smoother=hoa/backbone=sage/use_nfr=false/logs/grid_candidate_0147_attempt_1.log,
grid_candidate_0129,grid,grid_candidate_0129,completed,1,0,21.326345,/home/hzw/Rethinking_GNN_DP/paper_experiments/figure1/search_phase_1/family3/hoa/deepwalk/dataset=cora/feature=deepwalk/feature_dim=1600/scale=1024/deepwalk_walk_length=40/deepwalk_number_walks=20/deepwalk_window_size=5/deepwalk_workers=20/deepwalk_undirected=true/mechanism=mbm/x_eps=inf/m=best/norm=false/smoother=hoa/backbone=sage/use_nfr=false/logs/grid_candidate_0129_attempt_1.log,
grid_candidate_0133,grid,grid_candidate_0133,completed,1,0,19.894020,/home/hzw/Rethinking_GNN_DP/paper_experiments/figure1/search_phase_1/family3/hoa/deepwalk/dataset=cora/feature=deepwalk/feature_dim=1600/scale=1024/deepwalk_walk_length=40/deepwalk_number_walks=20/deepwalk_window_size=5/deepwalk_workers=20/deepwalk_undirected=true/mechanism=mbm/x_eps=inf/m=best/norm=false/smoother=hoa/backbone=sage/use_nfr=false/logs/grid_candidate_0133_attempt_1.log,
grid_candidate_0148,grid,grid_candidate_0148,completed,1,0,16.829854,/home/hzw/Rethinking_GNN_DP/paper_experiments/figure1/search_phase_1/family3/hoa/deepwalk/dataset=cora/feature=deepwalk/feature_dim=1600/scale=1024/deepwalk_walk_length=40/deepwalk_number_walks=20/deepwalk_window_size=5/deepwalk_workers=20/deepwalk_undirected=true/mechanism=mbm/x_eps=inf/m=best/norm=false/smoother=hoa/backbone=sage/use_nfr=false/logs/grid_candidate_0148_attempt_1.log,
grid_candidate_0138,grid,grid_candidate_0138,completed,1,0,19.581148,/home/hzw/Rethinking_GNN_DP/paper_experiments/figure1/search_phase_1/family3/hoa/deepwalk/dataset=cora/feature=deepwalk/feature_dim=1600/scale=1024/deepwalk_walk_length=40/deepwalk_number_walks=20/deepwalk_window_size=5/deepwalk_workers=20/deepwalk_undirected=true/mechanism=mbm/x_eps=inf/m=best/norm=false/smoother=hoa/backbone=sage/use_nfr=false/logs/grid_candidate_0138_attempt_1.log,
grid_candidate_0142,grid,grid_candidate_0142,completed,1,0,18.867467,/home/hzw/Rethinking_GNN_DP/paper_experiments/figure1/search_phase_1/family3/hoa/deepwalk/dataset=cora/feature=deepwalk/feature_dim=1600/scale=1024/deepwalk_walk_length=40/deepwalk_number_walks=20/deepwalk_window_size=5/deepwalk_workers=20/deepwalk_undirected=true/mechanism=mbm/x_eps=inf/m=best/norm=false/smoother=hoa/backbone=sage/use_nfr=false/logs/grid_candidate_0142_attempt_1.log,
grid_candidate_0146,grid,grid_candidate_0146,completed,1,0,17.949851,/home/hzw/Rethinking_GNN_DP/paper_experiments/figure1/search_phase_1/family3/hoa/deepwalk/dataset=cora/feature=deepwalk/feature_dim=1600/scale=1024/deepwalk_walk_length=40/deepwalk_number_walks=20/deepwalk_window_size=5/deepwalk_workers=20/deepwalk_undirected=true/mechanism=mbm/x_eps=inf/m=best/norm=false/smoother=hoa/backbone=sage/use_nfr=false/logs/grid_candidate_0146_attempt_1.log,
grid_candidate_0149,grid,grid_candidate_0149,completed,1,0,16.827229,/home/hzw/Rethinking_GNN_DP/paper_experiments/figure1/search_phase_1/family3/hoa/deepwalk/dataset=cora/feature=deepwalk/feature_dim=1600/scale=1024/deepwalk_walk_length=40/deepwalk_number_walks=20/deepwalk_window_size=5/deepwalk_workers=20/deepwalk_undirected=true/mechanism=mbm/x_eps=inf/m=best/norm=false/smoother=hoa/backbone=sage/use_nfr=false/logs/grid_candidate_0149_attempt_1.log,
grid_candidate_0135,grid,grid_candidate_0135,completed,1,0,20.397562,/home/hzw/Rethinking_GNN_DP/paper_experiments/figure1/search_phase_1/family3/hoa/deepwalk/dataset=cora/feature=deepwalk/feature_dim=1600/scale=1024/deepwalk_walk_length=40/deepwalk_number_walks=20/deepwalk_window_size=5/deepwalk_workers=20/deepwalk_undirected=true/mechanism=mbm/x_eps=inf/m=best/norm=false/smoother=hoa/backbone=sage/use_nfr=false/logs/grid_candidate_0135_attempt_1.log,
grid_candidate_0139,grid,grid_candidate_0139,completed,1,0,19.579980,/home/hzw/Rethinking_GNN_DP/paper_experiments/figure1/search_phase_1/family3/hoa/deepwalk/dataset=cora/feature=deepwalk/feature_dim=1600/scale=1024/deepwalk_walk_length=40/deepwalk_number_walks=20/deepwalk_window_size=5/deepwalk_workers=20/deepwalk_undirected=true/mechanism=mbm/x_eps=inf/m=best/norm=false/smoother=hoa/backbone=sage/use_nfr=false/logs/grid_candidate_0139_attempt_1.log,
grid_candidate_0144,grid,grid_candidate_0144,completed,1,0,18.865024,/home/hzw/Rethinking_GNN_DP/paper_experiments/figure1/search_phase_1/family3/hoa/deepwalk/dataset=cora/feature=deepwalk/feature_dim=1600/scale=1024/deepwalk_walk_length=40/deepwalk_number_walks=20/deepwalk_window_size=5/deepwalk_workers=20/deepwalk_undirected=true/mechanism=mbm/x_eps=inf/m=best/norm=false/smoother=hoa/backbone=sage/use_nfr=false/logs/grid_candidate_0144_attempt_1.log,
grid_candidate_0151,grid,grid_candidate_0151,completed,1,0,15.787224,/home/hzw/Rethinking_GNN_DP/paper_experiments/figure1/search_phase_1/family3/hoa/deepwalk/dataset=cora/feature=deepwalk/feature_dim=1600/scale=1024/deepwalk_walk_length=40/deepwalk_number_walks=20/deepwalk_window_size=5/deepwalk_workers=20/deepwalk_undirected=true/mechanism=mbm/x_eps=inf/m=best/norm=false/smoother=hoa/backbone=sage/use_nfr=false/logs/grid_candidate_0151_attempt_1.log,
grid_candidate_0153,grid,grid_candidate_0153,completed,1,0,16.803572,/home/hzw/Rethinking_GNN_DP/paper_experiments/figure1/search_phase_1/family3/hoa/deepwalk/dataset=cora/feature=deepwalk/feature_dim=1600/scale=1024/deepwalk_walk_length=40/deepwalk_number_walks=20/deepwalk_window_size=5/deepwalk_workers=20/deepwalk_undirected=true/mechanism=mbm/x_eps=inf/m=best/norm=false/smoother=hoa/backbone=sage/use_nfr=false/logs/grid_candidate_0153_attempt_1.log,
grid_candidate_0152,grid,grid_candidate_0152,completed,1,0,17.023364,/home/hzw/Rethinking_GNN_DP/paper_experiments/figure1/search_phase_1/family3/hoa/deepwalk/dataset=cora/feature=deepwalk/feature_dim=1600/scale=1024/deepwalk_walk_length=40/deepwalk_number_walks=20/deepwalk_window_size=5/deepwalk_workers=20/deepwalk_undirected=true/mechanism=mbm/x_eps=inf/m=best/norm=false/smoother=hoa/backbone=sage/use_nfr=false/logs/grid_candidate_0152_attempt_1.log,
grid_candidate_0154,grid,grid_candidate_0154,completed,1,0,18.122573,/home/hzw/Rethinking_GNN_DP/paper_experiments/figure1/search_phase_1/family3/hoa/deepwalk/dataset=cora/feature=deepwalk/feature_dim=1600/scale=1024/deepwalk_walk_length=40/deepwalk_number_walks=20/deepwalk_window_size=5/deepwalk_workers=20/deepwalk_undirected=true/mechanism=mbm/x_eps=inf/m=best/norm=false/smoother=hoa/backbone=sage/use_nfr=false/logs/grid_candidate_0154_attempt_1.log,
grid_candidate_0155,grid,grid_candidate_0155,completed,1,0,18.105171,/home/hzw/Rethinking_GNN_DP/paper_experiments/figure1/search_phase_1/family3/hoa/deepwalk/dataset=cora/feature=deepwalk/feature_dim=1600/scale=1024/deepwalk_walk_length=40/deepwalk_number_walks=20/deepwalk_window_size=5/deepwalk_workers=20/deepwalk_undirected=true/mechanism=mbm/x_eps=inf/m=best/norm=false/smoother=hoa/backbone=sage/use_nfr=false/logs/grid_candidate_0155_attempt_1.log,
grid_candidate_0158,grid,grid_candidate_0158,completed,1,0,17.771906,/home/hzw/Rethinking_GNN_DP/paper_experiments/figure1/search_phase_1/family3/hoa/deepwalk/dataset=cora/feature=deepwalk/feature_dim=1600/scale=1024/deepwalk_walk_length=40/deepwalk_number_walks=20/deepwalk_window_size=5/deepwalk_workers=20/deepwalk_undirected=true/mechanism=mbm/x_eps=inf/m=best/norm=false/smoother=hoa/backbone=sage/use_nfr=false/logs/grid_candidate_0158_attempt_1.log,
grid_candidate_0156,grid,grid_candidate_0156,completed,1,0,18.591313,/home/hzw/Rethinking_GNN_DP/paper_experiments/figure1/search_phase_1/family3/hoa/deepwalk/dataset=cora/feature=deepwalk/feature_dim=1600/scale=1024/deepwalk_walk_length=40/deepwalk_number_walks=20/deepwalk_window_size=5/deepwalk_workers=20/deepwalk_undirected=true/mechanism=mbm/x_eps=inf/m=best/norm=false/smoother=hoa/backbone=sage/use_nfr=false/logs/grid_candidate_0156_attempt_1.log,
grid_candidate_0157,grid,grid_candidate_0157,completed,1,0,18.487847,/home/hzw/Rethinking_GNN_DP/paper_experiments/figure1/search_phase_1/family3/hoa/deepwalk/dataset=cora/feature=deepwalk/feature_dim=1600/scale=1024/deepwalk_walk_length=40/deepwalk_number_walks=20/deepwalk_window_size=5/deepwalk_workers=20/deepwalk_undirected=true/mechanism=mbm/x_eps=inf/m=best/norm=false/smoother=hoa/backbone=sage/use_nfr=false/logs/grid_candidate_0157_attempt_1.log,
grid_candidate_0159,grid,grid_candidate_0159,completed,1,0,17.965352,/home/hzw/Rethinking_GNN_DP/paper_experiments/figure1/search_phase_1/family3/hoa/deepwalk/dataset=cora/feature=deepwalk/feature_dim=1600/scale=1024/deepwalk_walk_length=40/deepwalk_number_walks=20/deepwalk_window_size=5/deepwalk_workers=20/deepwalk_undirected=true/mechanism=mbm/x_eps=inf/m=best/norm=false/smoother=hoa/backbone=sage/use_nfr=false/logs/grid_candidate_0159_attempt_1.log,
grid_candidate_0165,grid,grid_candidate_0165,completed,1,0,16.990240,/home/hzw/Rethinking_GNN_DP/paper_experiments/figure1/search_phase_1/family3/hoa/deepwalk/dataset=cora/feature=deepwalk/feature_dim=1600/scale=1024/deepwalk_walk_length=40/deepwalk_number_walks=20/deepwalk_window_size=5/deepwalk_workers=20/deepwalk_undirected=true/mechanism=mbm/x_eps=inf/m=best/norm=false/smoother=hoa/backbone=sage/use_nfr=false/logs/grid_candidate_0165_attempt_1.log,
grid_candidate_0163,grid,grid_candidate_0163,completed,1,0,18.624948,/home/hzw/Rethinking_GNN_DP/paper_experiments/figure1/search_phase_1/family3/hoa/deepwalk/dataset=cora/feature=deepwalk/feature_dim=1600/scale=1024/deepwalk_walk_length=40/deepwalk_number_walks=20/deepwalk_window_size=5/deepwalk_workers=20/deepwalk_undirected=true/mechanism=mbm/x_eps=inf/m=best/norm=false/smoother=hoa/backbone=sage/use_nfr=false/logs/grid_candidate_0163_attempt_1.log,
grid_candidate_0160,grid,grid_candidate_0160,completed,1,0,19.668090,/home/hzw/Rethinking_GNN_DP/paper_experiments/figure1/search_phase_1/family3/hoa/deepwalk/dataset=cora/feature=deepwalk/feature_dim=1600/scale=1024/deepwalk_walk_length=40/deepwalk_number_walks=20/deepwalk_window_size=5/deepwalk_workers=20/deepwalk_undirected=true/mechanism=mbm/x_eps=inf/m=best/norm=false/smoother=hoa/backbone=sage/use_nfr=false/logs/grid_candidate_0160_attempt_1.log,
grid_candidate_0172,grid,grid_candidate_0172,completed,1,0,17.811543,/home/hzw/Rethinking_GNN_DP/paper_experiments/figure1/search_phase_1/family3/hoa/deepwalk/dataset=cora/feature=deepwalk/feature_dim=1600/scale=1024/deepwalk_walk_length=40/deepwalk_number_walks=20/deepwalk_window_size=5/deepwalk_workers=20/deepwalk_undirected=true/mechanism=mbm/x_eps=inf/m=best/norm=false/smoother=hoa/backbone=sage/use_nfr=false/logs/grid_candidate_0172_attempt_1.log,
grid_candidate_0161,grid,grid_candidate_0161,completed,1,0,19.777137,/home/hzw/Rethinking_GNN_DP/paper_experiments/figure1/search_phase_1/family3/hoa/deepwalk/dataset=cora/feature=deepwalk/feature_dim=1600/scale=1024/deepwalk_walk_length=40/deepwalk_number_walks=20/deepwalk_window_size=5/deepwalk_workers=20/deepwalk_undirected=true/mechanism=mbm/x_eps=inf/m=best/norm=false/smoother=hoa/backbone=sage/use_nfr=false/logs/grid_candidate_0161_attempt_1.log,
grid_candidate_0175,grid,grid_candidate_0175,completed,1,0,17.927116,/home/hzw/Rethinking_GNN_DP/paper_experiments/figure1/search_phase_1/family3/hoa/deepwalk/dataset=cora/feature=deepwalk/feature_dim=1600/scale=1024/deepwalk_walk_length=40/deepwalk_number_walks=20/deepwalk_window_size=5/deepwalk_workers=20/deepwalk_undirected=true/mechanism=mbm/x_eps=inf/m=best/norm=false/smoother=hoa/backbone=sage/use_nfr=false/logs/grid_candidate_0175_attempt_1.log,
grid_candidate_0162,grid,grid_candidate_0162,completed,1,0,20.018836,/home/hzw/Rethinking_GNN_DP/paper_experiments/figure1/search_phase_1/family3/hoa/deepwalk/dataset=cora/feature=deepwalk/feature_dim=1600/scale=1024/deepwalk_walk_length=40/deepwalk_number_walks=20/deepwalk_window_size=5/deepwalk_workers=20/deepwalk_undirected=true/mechanism=mbm/x_eps=inf/m=best/norm=false/smoother=hoa/backbone=sage/use_nfr=false/logs/grid_candidate_0162_attempt_1.log,
grid_candidate_0167,grid,grid_candidate_0167,completed,1,0,20.294311,/home/hzw/Rethinking_GNN_DP/paper_experiments/figure1/search_phase_1/family3/hoa/deepwalk/dataset=cora/feature=deepwalk/feature_dim=1600/scale=1024/deepwalk_walk_length=40/deepwalk_number_walks=20/deepwalk_window_size=5/deepwalk_workers=20/deepwalk_undirected=true/mechanism=mbm/x_eps=inf/m=best/norm=false/smoother=hoa/backbone=sage/use_nfr=false/logs/grid_candidate_0167_attempt_1.log,
grid_candidate_0179,grid,grid_candidate_0179,completed,1,0,17.556100,/home/hzw/Rethinking_GNN_DP/paper_experiments/figure1/search_phase_1/family3/hoa/deepwalk/dataset=cora/feature=deepwalk/feature_dim=1600/scale=1024/deepwalk_walk_length=40/deepwalk_number_walks=20/deepwalk_window_size=5/deepwalk_workers=20/deepwalk_undirected=true/mechanism=mbm/x_eps=inf/m=best/norm=false/smoother=hoa/backbone=sage/use_nfr=false/logs/grid_candidate_0179_attempt_1.log,
grid_candidate_0169,grid,grid_candidate_0169,completed,1,0,20.713886,/home/hzw/Rethinking_GNN_DP/paper_experiments/figure1/search_phase_1/family3/hoa/deepwalk/dataset=cora/feature=deepwalk/feature_dim=1600/scale=1024/deepwalk_walk_length=40/deepwalk_number_walks=20/deepwalk_window_size=5/deepwalk_workers=20/deepwalk_undirected=true/mechanism=mbm/x_eps=inf/m=best/norm=false/smoother=hoa/backbone=sage/use_nfr=false/logs/grid_candidate_0169_attempt_1.log,
grid_candidate_0176,grid,grid_candidate_0176,completed,1,0,18.272417,/home/hzw/Rethinking_GNN_DP/paper_experiments/figure1/search_phase_1/family3/hoa/deepwalk/dataset=cora/feature=deepwalk/feature_dim=1600/scale=1024/deepwalk_walk_length=40/deepwalk_number_walks=20/deepwalk_window_size=5/deepwalk_workers=20/deepwalk_undirected=true/mechanism=mbm/x_eps=inf/m=best/norm=false/smoother=hoa/backbone=sage/use_nfr=false/logs/grid_candidate_0176_attempt_1.log,
grid_candidate_0170,grid,grid_candidate_0170,completed,1,0,20.816969,/home/hzw/Rethinking_GNN_DP/paper_experiments/figure1/search_phase_1/family3/hoa/deepwalk/dataset=cora/feature=deepwalk/feature_dim=1600/scale=1024/deepwalk_walk_length=40/deepwalk_number_walks=20/deepwalk_window_size=5/deepwalk_workers=20/deepwalk_undirected=true/mechanism=mbm/x_eps=inf/m=best/norm=false/smoother=hoa/backbone=sage/use_nfr=false/logs/grid_candidate_0170_attempt_1.log,
grid_candidate_0181,grid,grid_candidate_0181,completed,1,0,15.413617,/home/hzw/Rethinking_GNN_DP/paper_experiments/figure1/search_phase_1/family3/hoa/deepwalk/dataset=cora/feature=deepwalk/feature_dim=1600/scale=1024/deepwalk_walk_length=40/deepwalk_number_walks=20/deepwalk_window_size=5/deepwalk_workers=20/deepwalk_undirected=true/mechanism=mbm/x_eps=inf/m=best/norm=false/smoother=hoa/backbone=sage/use_nfr=false/logs/grid_candidate_0181_attempt_1.log,
grid_candidate_0173,grid,grid_candidate_0173,completed,1,0,20.714310,/home/hzw/Rethinking_GNN_DP/paper_experiments/figure1/search_phase_1/family3/hoa/deepwalk/dataset=cora/feature=deepwalk/feature_dim=1600/scale=1024/deepwalk_walk_length=40/deepwalk_number_walks=20/deepwalk_window_size=5/deepwalk_workers=20/deepwalk_undirected=true/mechanism=mbm/x_eps=inf/m=best/norm=false/smoother=hoa/backbone=sage/use_nfr=false/logs/grid_candidate_0173_attempt_1.log,
grid_candidate_0166,grid,grid_candidate_0166,completed,1,0,21.530884,/home/hzw/Rethinking_GNN_DP/paper_experiments/figure1/search_phase_1/family3/hoa/deepwalk/dataset=cora/feature=deepwalk/feature_dim=1600/scale=1024/deepwalk_walk_length=40/deepwalk_number_walks=20/deepwalk_window_size=5/deepwalk_workers=20/deepwalk_undirected=true/mechanism=mbm/x_eps=inf/m=best/norm=false/smoother=hoa/backbone=sage/use_nfr=false/logs/grid_candidate_0166_attempt_1.log,
grid_candidate_0178,grid,grid_candidate_0178,completed,1,0,18.782621,/home/hzw/Rethinking_GNN_DP/paper_experiments/figure1/search_phase_1/family3/hoa/deepwalk/dataset=cora/feature=deepwalk/feature_dim=1600/scale=1024/deepwalk_walk_length=40/deepwalk_number_walks=20/deepwalk_window_size=5/deepwalk_workers=20/deepwalk_undirected=true/mechanism=mbm/x_eps=inf/m=best/norm=false/smoother=hoa/backbone=sage/use_nfr=false/logs/grid_candidate_0178_attempt_1.log,
grid_candidate_0164,grid,grid_candidate_0164,completed,1,0,22.144831,/home/hzw/Rethinking_GNN_DP/paper_experiments/figure1/search_phase_1/family3/hoa/deepwalk/dataset=cora/feature=deepwalk/feature_dim=1600/scale=1024/deepwalk_walk_length=40/deepwalk_number_walks=20/deepwalk_window_size=5/deepwalk_workers=20/deepwalk_undirected=true/mechanism=mbm/x_eps=inf/m=best/norm=false/smoother=hoa/backbone=sage/use_nfr=false/logs/grid_candidate_0164_attempt_1.log,
grid_candidate_0182,grid,grid_candidate_0182,completed,1,0,15.924041,/home/hzw/Rethinking_GNN_DP/paper_experiments/figure1/search_phase_1/family3/hoa/deepwalk/dataset=cora/feature=deepwalk/feature_dim=1600/scale=1024/deepwalk_walk_length=40/deepwalk_number_walks=20/deepwalk_window_size=5/deepwalk_workers=20/deepwalk_undirected=true/mechanism=mbm/x_eps=inf/m=best/norm=false/smoother=hoa/backbone=sage/use_nfr=false/logs/grid_candidate_0182_attempt_1.log,
grid_candidate_0168,grid,grid_candidate_0168,completed,1,0,21.941221,/home/hzw/Rethinking_GNN_DP/paper_experiments/figure1/search_phase_1/family3/hoa/deepwalk/dataset=cora/feature=deepwalk/feature_dim=1600/scale=1024/deepwalk_walk_length=40/deepwalk_number_walks=20/deepwalk_window_size=5/deepwalk_workers=20/deepwalk_undirected=true/mechanism=mbm/x_eps=inf/m=best/norm=false/smoother=hoa/backbone=sage/use_nfr=false/logs/grid_candidate_0168_attempt_1.log,
grid_candidate_0184,grid,grid_candidate_0184,completed,1,0,15.312691,/home/hzw/Rethinking_GNN_DP/paper_experiments/figure1/search_phase_1/family3/hoa/deepwalk/dataset=cora/feature=deepwalk/feature_dim=1600/scale=1024/deepwalk_walk_length=40/deepwalk_number_walks=20/deepwalk_window_size=5/deepwalk_workers=20/deepwalk_undirected=true/mechanism=mbm/x_eps=inf/m=best/norm=false/smoother=hoa/backbone=sage/use_nfr=false/logs/grid_candidate_0184_attempt_1.log,
grid_candidate_0171,grid,grid_candidate_0171,completed,1,0,21.836897,/home/hzw/Rethinking_GNN_DP/paper_experiments/figure1/search_phase_1/family3/hoa/deepwalk/dataset=cora/feature=deepwalk/feature_dim=1600/scale=1024/deepwalk_walk_length=40/deepwalk_number_walks=20/deepwalk_window_size=5/deepwalk_workers=20/deepwalk_undirected=true/mechanism=mbm/x_eps=inf/m=best/norm=false/smoother=hoa/backbone=sage/use_nfr=false/logs/grid_candidate_0171_attempt_1.log,
grid_candidate_0177,grid,grid_candidate_0177,completed,1,0,19.496878,/home/hzw/Rethinking_GNN_DP/paper_experiments/figure1/search_phase_1/family3/hoa/deepwalk/dataset=cora/feature=deepwalk/feature_dim=1600/scale=1024/deepwalk_walk_length=40/deepwalk_number_walks=20/deepwalk_window_size=5/deepwalk_workers=20/deepwalk_undirected=true/mechanism=mbm/x_eps=inf/m=best/norm=false/smoother=hoa/backbone=sage/use_nfr=false/logs/grid_candidate_0177_attempt_1.log,
grid_candidate_0180,grid,grid_candidate_0180,completed,1,0,17.562303,/home/hzw/Rethinking_GNN_DP/paper_experiments/figure1/search_phase_1/family3/hoa/deepwalk/dataset=cora/feature=deepwalk/feature_dim=1600/scale=1024/deepwalk_walk_length=40/deepwalk_number_walks=20/deepwalk_window_size=5/deepwalk_workers=20/deepwalk_undirected=true/mechanism=mbm/x_eps=inf/m=best/norm=false/smoother=hoa/backbone=sage/use_nfr=false/logs/grid_candidate_0180_attempt_1.log,
grid_candidate_0174,grid,grid_candidate_0174,completed,1,0,21.631880,/home/hzw/Rethinking_GNN_DP/paper_experiments/figure1/search_phase_1/family3/hoa/deepwalk/dataset=cora/feature=deepwalk/feature_dim=1600/scale=1024/deepwalk_walk_length=40/deepwalk_number_walks=20/deepwalk_window_size=5/deepwalk_workers=20/deepwalk_undirected=true/mechanism=mbm/x_eps=inf/m=best/norm=false/smoother=hoa/backbone=sage/use_nfr=false/logs/grid_candidate_0174_attempt_1.log,
grid_candidate_0183,grid,grid_candidate_0183,completed,1,0,16.025178,/home/hzw/Rethinking_GNN_DP/paper_experiments/figure1/search_phase_1/family3/hoa/deepwalk/dataset=cora/feature=deepwalk/feature_dim=1600/scale=1024/deepwalk_walk_length=40/deepwalk_number_walks=20/deepwalk_window_size=5/deepwalk_workers=20/deepwalk_undirected=true/mechanism=mbm/x_eps=inf/m=best/norm=false/smoother=hoa/backbone=sage/use_nfr=false/logs/grid_candidate_0183_attempt_1.log,
grid_candidate_0185,grid,grid_candidate_0185,completed,1,0,16.123972,/home/hzw/Rethinking_GNN_DP/paper_experiments/figure1/search_phase_1/family3/hoa/deepwalk/dataset=cora/feature=deepwalk/feature_dim=1600/scale=1024/deepwalk_walk_length=40/deepwalk_number_walks=20/deepwalk_window_size=5/deepwalk_workers=20/deepwalk_undirected=true/mechanism=mbm/x_eps=inf/m=best/norm=false/smoother=hoa/backbone=sage/use_nfr=false/logs/grid_candidate_0185_attempt_1.log,
grid_candidate_0186,grid,grid_candidate_0186,completed,1,0,16.299523,/home/hzw/Rethinking_GNN_DP/paper_experiments/figure1/search_phase_1/family3/hoa/deepwalk/dataset=cora/feature=deepwalk/feature_dim=1600/scale=1024/deepwalk_walk_length=40/deepwalk_number_walks=20/deepwalk_window_size=5/deepwalk_workers=20/deepwalk_undirected=true/mechanism=mbm/x_eps=inf/m=best/norm=false/smoother=hoa/backbone=sage/use_nfr=false/logs/grid_candidate_0186_attempt_1.log,
grid_candidate_0187,grid,grid_candidate_0187,completed,1,0,16.792076,/home/hzw/Rethinking_GNN_DP/paper_experiments/figure1/search_phase_1/family3/hoa/deepwalk/dataset=cora/feature=deepwalk/feature_dim=1600/scale=1024/deepwalk_walk_length=40/deepwalk_number_walks=20/deepwalk_window_size=5/deepwalk_workers=20/deepwalk_undirected=true/mechanism=mbm/x_eps=inf/m=best/norm=false/smoother=hoa/backbone=sage/use_nfr=false/logs/grid_candidate_0187_attempt_1.log,
grid_candidate_0188,grid,grid_candidate_0188,completed,1,0,18.128299,/home/hzw/Rethinking_GNN_DP/paper_experiments/figure1/search_phase_1/family3/hoa/deepwalk/dataset=cora/feature=deepwalk/feature_dim=1600/scale=1024/deepwalk_walk_length=40/deepwalk_number_walks=20/deepwalk_window_size=5/deepwalk_workers=20/deepwalk_undirected=true/mechanism=mbm/x_eps=inf/m=best/norm=false/smoother=hoa/backbone=sage/use_nfr=false/logs/grid_candidate_0188_attempt_1.log,
grid_candidate_0190,grid,grid_candidate_0190,completed,1,0,16.900733,/home/hzw/Rethinking_GNN_DP/paper_experiments/figure1/search_phase_1/family3/hoa/deepwalk/dataset=cora/feature=deepwalk/feature_dim=1600/scale=1024/deepwalk_walk_length=40/deepwalk_number_walks=20/deepwalk_window_size=5/deepwalk_workers=20/deepwalk_undirected=true/mechanism=mbm/x_eps=inf/m=best/norm=false/smoother=hoa/backbone=sage/use_nfr=false/logs/grid_candidate_0190_attempt_1.log,
grid_candidate_0193,grid,grid_candidate_0193,completed,1,0,17.201819,/home/hzw/Rethinking_GNN_DP/paper_experiments/figure1/search_phase_1/family3/hoa/deepwalk/dataset=cora/feature=deepwalk/feature_dim=1600/scale=1024/deepwalk_walk_length=40/deepwalk_number_walks=20/deepwalk_window_size=5/deepwalk_workers=20/deepwalk_undirected=true/mechanism=mbm/x_eps=inf/m=best/norm=false/smoother=hoa/backbone=sage/use_nfr=false/logs/grid_candidate_0193_attempt_1.log,
grid_candidate_0189,grid,grid_candidate_0189,completed,1,0,17.920150,/home/hzw/Rethinking_GNN_DP/paper_experiments/figure1/search_phase_1/family3/hoa/deepwalk/dataset=cora/feature=deepwalk/feature_dim=1600/scale=1024/deepwalk_walk_length=40/deepwalk_number_walks=20/deepwalk_window_size=5/deepwalk_workers=20/deepwalk_undirected=true/mechanism=mbm/x_eps=inf/m=best/norm=false/smoother=hoa/backbone=sage/use_nfr=false/logs/grid_candidate_0189_attempt_1.log,
grid_candidate_0198,grid,grid_candidate_0198,completed,1,0,16.590880,/home/hzw/Rethinking_GNN_DP/paper_experiments/figure1/search_phase_1/family3/hoa/deepwalk/dataset=cora/feature=deepwalk/feature_dim=1600/scale=1024/deepwalk_walk_length=40/deepwalk_number_walks=20/deepwalk_window_size=5/deepwalk_workers=20/deepwalk_undirected=true/mechanism=mbm/x_eps=inf/m=best/norm=false/smoother=hoa/backbone=sage/use_nfr=false/logs/grid_candidate_0198_attempt_1.log,
grid_candidate_0191,grid,grid_candidate_0191,completed,1,0,18.828761,/home/hzw/Rethinking_GNN_DP/paper_experiments/figure1/search_phase_1/family3/hoa/deepwalk/dataset=cora/feature=deepwalk/feature_dim=1600/scale=1024/deepwalk_walk_length=40/deepwalk_number_walks=20/deepwalk_window_size=5/deepwalk_workers=20/deepwalk_undirected=true/mechanism=mbm/x_eps=inf/m=best/norm=false/smoother=hoa/backbone=sage/use_nfr=false/logs/grid_candidate_0191_attempt_1.log,
grid_candidate_0192,grid,grid_candidate_0192,completed,1,0,19.340263,/home/hzw/Rethinking_GNN_DP/paper_experiments/figure1/search_phase_1/family3/hoa/deepwalk/dataset=cora/feature=deepwalk/feature_dim=1600/scale=1024/deepwalk_walk_length=40/deepwalk_number_walks=20/deepwalk_window_size=5/deepwalk_workers=20/deepwalk_undirected=true/mechanism=mbm/x_eps=inf/m=best/norm=false/smoother=hoa/backbone=sage/use_nfr=false/logs/grid_candidate_0192_attempt_1.log,
grid_candidate_0195,grid,grid_candidate_0195,completed,1,0,19.649354,/home/hzw/Rethinking_GNN_DP/paper_experiments/figure1/search_phase_1/family3/hoa/deepwalk/dataset=cora/feature=deepwalk/feature_dim=1600/scale=1024/deepwalk_walk_length=40/deepwalk_number_walks=20/deepwalk_window_size=5/deepwalk_workers=20/deepwalk_undirected=true/mechanism=mbm/x_eps=inf/m=best/norm=false/smoother=hoa/backbone=sage/use_nfr=false/logs/grid_candidate_0195_attempt_1.log,
grid_candidate_0197,grid,grid_candidate_0197,completed,1,0,20.053856,/home/hzw/Rethinking_GNN_DP/paper_experiments/figure1/search_phase_1/family3/hoa/deepwalk/dataset=cora/feature=deepwalk/feature_dim=1600/scale=1024/deepwalk_walk_length=40/deepwalk_number_walks=20/deepwalk_window_size=5/deepwalk_workers=20/deepwalk_undirected=true/mechanism=mbm/x_eps=inf/m=best/norm=false/smoother=hoa/backbone=sage/use_nfr=false/logs/grid_candidate_0197_attempt_1.log,
grid_candidate_0194,grid,grid_candidate_0194,completed,1,0,20.565640,/home/hzw/Rethinking_GNN_DP/paper_experiments/figure1/search_phase_1/family3/hoa/deepwalk/dataset=cora/feature=deepwalk/feature_dim=1600/scale=1024/deepwalk_walk_length=40/deepwalk_number_walks=20/deepwalk_window_size=5/deepwalk_workers=20/deepwalk_undirected=true/mechanism=mbm/x_eps=inf/m=best/norm=false/smoother=hoa/backbone=sage/use_nfr=false/logs/grid_candidate_0194_attempt_1.log,
grid_candidate_0199,grid,grid_candidate_0199,completed,1,0,19.953872,/home/hzw/Rethinking_GNN_DP/paper_experiments/figure1/search_phase_1/family3/hoa/deepwalk/dataset=cora/feature=deepwalk/feature_dim=1600/scale=1024/deepwalk_walk_length=40/deepwalk_number_walks=20/deepwalk_window_size=5/deepwalk_workers=20/deepwalk_undirected=true/mechanism=mbm/x_eps=inf/m=best/norm=false/smoother=hoa/backbone=sage/use_nfr=false/logs/grid_candidate_0199_attempt_1.log,
grid_candidate_0202,grid,grid_candidate_0202,completed,1,0,20.071976,/home/hzw/Rethinking_GNN_DP/paper_experiments/figure1/search_phase_1/family3/hoa/deepwalk/dataset=cora/feature=deepwalk/feature_dim=1600/scale=1024/deepwalk_walk_length=40/deepwalk_number_walks=20/deepwalk_window_size=5/deepwalk_workers=20/deepwalk_undirected=true/mechanism=mbm/x_eps=inf/m=best/norm=false/smoother=hoa/backbone=sage/use_nfr=false/logs/grid_candidate_0202_attempt_1.log,
grid_candidate_0203,grid,grid_candidate_0203,completed,1,0,20.082482,/home/hzw/Rethinking_GNN_DP/paper_experiments/figure1/search_phase_1/family3/hoa/deepwalk/dataset=cora/feature=deepwalk/feature_dim=1600/scale=1024/deepwalk_walk_length=40/deepwalk_number_walks=20/deepwalk_window_size=5/deepwalk_workers=20/deepwalk_undirected=true/mechanism=mbm/x_eps=inf/m=best/norm=false/smoother=hoa/backbone=sage/use_nfr=false/logs/grid_candidate_0203_attempt_1.log,
grid_candidate_0200,grid,grid_candidate_0200,completed,1,0,20.603097,/home/hzw/Rethinking_GNN_DP/paper_experiments/figure1/search_phase_1/family3/hoa/deepwalk/dataset=cora/feature=deepwalk/feature_dim=1600/scale=1024/deepwalk_walk_length=40/deepwalk_number_walks=20/deepwalk_window_size=5/deepwalk_workers=20/deepwalk_undirected=true/mechanism=mbm/x_eps=inf/m=best/norm=false/smoother=hoa/backbone=sage/use_nfr=false/logs/grid_candidate_0200_attempt_1.log,
grid_candidate_0201,grid,grid_candidate_0201,completed,1,0,20.605658,/home/hzw/Rethinking_GNN_DP/paper_experiments/figure1/search_phase_1/family3/hoa/deepwalk/dataset=cora/feature=deepwalk/feature_dim=1600/scale=1024/deepwalk_walk_length=40/deepwalk_number_walks=20/deepwalk_window_size=5/deepwalk_workers=20/deepwalk_undirected=true/mechanism=mbm/x_eps=inf/m=best/norm=false/smoother=hoa/backbone=sage/use_nfr=false/logs/grid_candidate_0201_attempt_1.log,
grid_candidate_0208,grid,grid_candidate_0208,completed,1,0,19.997493,/home/hzw/Rethinking_GNN_DP/paper_experiments/figure1/search_phase_1/family3/hoa/deepwalk/dataset=cora/feature=deepwalk/feature_dim=1600/scale=1024/deepwalk_walk_length=40/deepwalk_number_walks=20/deepwalk_window_size=5/deepwalk_workers=20/deepwalk_undirected=true/mechanism=mbm/x_eps=inf/m=best/norm=false/smoother=hoa/backbone=sage/use_nfr=false/logs/grid_candidate_0208_attempt_1.log,
grid_candidate_0209,grid,grid_candidate_0209,completed,1,0,19.999304,/home/hzw/Rethinking_GNN_DP/paper_experiments/figure1/search_phase_1/family3/hoa/deepwalk/dataset=cora/feature=deepwalk/feature_dim=1600/scale=1024/deepwalk_walk_length=40/deepwalk_number_walks=20/deepwalk_window_size=5/deepwalk_workers=20/deepwalk_undirected=true/mechanism=mbm/x_eps=inf/m=best/norm=false/smoother=hoa/backbone=sage/use_nfr=false/logs/grid_candidate_0209_attempt_1.log,
grid_candidate_0196,grid,grid_candidate_0196,completed,1,0,21.625690,/home/hzw/Rethinking_GNN_DP/paper_experiments/figure1/search_phase_1/family3/hoa/deepwalk/dataset=cora/feature=deepwalk/feature_dim=1600/scale=1024/deepwalk_walk_length=40/deepwalk_number_walks=20/deepwalk_window_size=5/deepwalk_workers=20/deepwalk_undirected=true/mechanism=mbm/x_eps=inf/m=best/norm=false/smoother=hoa/backbone=sage/use_nfr=false/logs/grid_candidate_0196_attempt_1.log,
grid_candidate_0207,grid,grid_candidate_0207,completed,1,0,20.407162,/home/hzw/Rethinking_GNN_DP/paper_experiments/figure1/search_phase_1/family3/hoa/deepwalk/dataset=cora/feature=deepwalk/feature_dim=1600/scale=1024/deepwalk_walk_length=40/deepwalk_number_walks=20/deepwalk_window_size=5/deepwalk_workers=20/deepwalk_undirected=true/mechanism=mbm/x_eps=inf/m=best/norm=false/smoother=hoa/backbone=sage/use_nfr=false/logs/grid_candidate_0207_attempt_1.log,
grid_candidate_0204,grid,grid_candidate_0204,completed,1,0,20.912604,/home/hzw/Rethinking_GNN_DP/paper_experiments/figure1/search_phase_1/family3/hoa/deepwalk/dataset=cora/feature=deepwalk/feature_dim=1600/scale=1024/deepwalk_walk_length=40/deepwalk_number_walks=20/deepwalk_window_size=5/deepwalk_workers=20/deepwalk_undirected=true/mechanism=mbm/x_eps=inf/m=best/norm=false/smoother=hoa/backbone=sage/use_nfr=false/logs/grid_candidate_0204_attempt_1.log,
grid_candidate_0213,grid,grid_candidate_0213,completed,1,0,18.662914,/home/hzw/Rethinking_GNN_DP/paper_experiments/figure1/search_phase_1/family3/hoa/deepwalk/dataset=cora/feature=deepwalk/feature_dim=1600/scale=1024/deepwalk_walk_length=40/deepwalk_number_walks=20/deepwalk_window_size=5/deepwalk_workers=20/deepwalk_undirected=true/mechanism=mbm/x_eps=inf/m=best/norm=false/smoother=hoa/backbone=sage/use_nfr=false/logs/grid_candidate_0213_attempt_1.log,
grid_candidate_0210,grid,grid_candidate_0210,completed,1,0,20.510175,/home/hzw/Rethinking_GNN_DP/paper_experiments/figure1/search_phase_1/family3/hoa/deepwalk/dataset=cora/feature=deepwalk/feature_dim=1600/scale=1024/deepwalk_walk_length=40/deepwalk_number_walks=20/deepwalk_window_size=5/deepwalk_workers=20/deepwalk_undirected=true/mechanism=mbm/x_eps=inf/m=best/norm=false/smoother=hoa/backbone=sage/use_nfr=false/logs/grid_candidate_0210_attempt_1.log,
grid_candidate_0205,grid,grid_candidate_0205,completed,1,0,21.322556,/home/hzw/Rethinking_GNN_DP/paper_experiments/figure1/search_phase_1/family3/hoa/deepwalk/dataset=cora/feature=deepwalk/feature_dim=1600/scale=1024/deepwalk_walk_length=40/deepwalk_number_walks=20/deepwalk_window_size=5/deepwalk_workers=20/deepwalk_undirected=true/mechanism=mbm/x_eps=inf/m=best/norm=false/smoother=hoa/backbone=sage/use_nfr=false/logs/grid_candidate_0205_attempt_1.log,
grid_candidate_0212,grid,grid_candidate_0212,completed,1,0,19.176378,/home/hzw/Rethinking_GNN_DP/paper_experiments/figure1/search_phase_1/family3/hoa/deepwalk/dataset=cora/feature=deepwalk/feature_dim=1600/scale=1024/deepwalk_walk_length=40/deepwalk_number_walks=20/deepwalk_window_size=5/deepwalk_workers=20/deepwalk_undirected=true/mechanism=mbm/x_eps=inf/m=best/norm=false/smoother=hoa/backbone=sage/use_nfr=false/logs/grid_candidate_0212_attempt_1.log,
grid_candidate_0206,grid,grid_candidate_0206,completed,1,0,21.630448,/home/hzw/Rethinking_GNN_DP/paper_experiments/figure1/search_phase_1/family3/hoa/deepwalk/dataset=cora/feature=deepwalk/feature_dim=1600/scale=1024/deepwalk_walk_length=40/deepwalk_number_walks=20/deepwalk_window_size=5/deepwalk_workers=20/deepwalk_undirected=true/mechanism=mbm/x_eps=inf/m=best/norm=false/smoother=hoa/backbone=sage/use_nfr=false/logs/grid_candidate_0206_attempt_1.log,
grid_candidate_0215,grid,grid_candidate_0215,completed,1,0,17.944373,/home/hzw/Rethinking_GNN_DP/paper_experiments/figure1/search_phase_1/family3/hoa/deepwalk/dataset=cora/feature=deepwalk/feature_dim=1600/scale=1024/deepwalk_walk_length=40/deepwalk_number_walks=20/deepwalk_window_size=5/deepwalk_workers=20/deepwalk_undirected=true/mechanism=mbm/x_eps=inf/m=best/norm=false/smoother=hoa/backbone=sage/use_nfr=false/logs/grid_candidate_0215_attempt_1.log,
grid_candidate_0214,grid,grid_candidate_0214,completed,1,0,18.352816,/home/hzw/Rethinking_GNN_DP/paper_experiments/figure1/search_phase_1/family3/hoa/deepwalk/dataset=cora/feature=deepwalk/feature_dim=1600/scale=1024/deepwalk_walk_length=40/deepwalk_number_walks=20/deepwalk_window_size=5/deepwalk_workers=20/deepwalk_undirected=true/mechanism=mbm/x_eps=inf/m=best/norm=false/smoother=hoa/backbone=sage/use_nfr=false/logs/grid_candidate_0214_attempt_1.log,
grid_candidate_0211,grid,grid_candidate_0211,completed,1,0,21.123502,/home/hzw/Rethinking_GNN_DP/paper_experiments/figure1/search_phase_1/family3/hoa/deepwalk/dataset=cora/feature=deepwalk/feature_dim=1600/scale=1024/deepwalk_walk_length=40/deepwalk_number_walks=20/deepwalk_window_size=5/deepwalk_workers=20/deepwalk_undirected=true/mechanism=mbm/x_eps=inf/m=best/norm=false/smoother=hoa/backbone=sage/use_nfr=false/logs/grid_candidate_0211_attempt_1.log,
grid_candidate_0216,grid,grid_candidate_0216,completed,1,0,18.145951,/home/hzw/Rethinking_GNN_DP/paper_experiments/figure1/search_phase_1/family3/hoa/deepwalk/dataset=cora/feature=deepwalk/feature_dim=1600/scale=1024/deepwalk_walk_length=40/deepwalk_number_walks=20/deepwalk_window_size=5/deepwalk_workers=20/deepwalk_undirected=true/mechanism=mbm/x_eps=inf/m=best/norm=false/smoother=hoa/backbone=sage/use_nfr=false/logs/grid_candidate_0216_attempt_1.log,
grid_rank,verify,grid_rank,completed,1,0,0.203458,/home/hzw/Rethinking_GNN_DP/paper_experiments/figure1/search_phase_1/family3/hoa/deepwalk/dataset=cora/feature=deepwalk/feature_dim=1600/scale=1024/deepwalk_walk_length=40/deepwalk_number_walks=20/deepwalk_window_size=5/deepwalk_workers=20/deepwalk_undirected=true/mechanism=mbm/x_eps=inf/m=best/norm=false/smoother=hoa/backbone=sage/use_nfr=false/logs/grid_rank_attempt_1.log,
verify_rank01_repeat01,verify,verify_rank01_repeat01,completed,1,0,19.822754,/home/hzw/Rethinking_GNN_DP/paper_experiments/figure1/search_phase_1/family3/hoa/deepwalk/dataset=cora/feature=deepwalk/feature_dim=1600/scale=1024/deepwalk_walk_length=40/deepwalk_number_walks=20/deepwalk_window_size=5/deepwalk_workers=20/deepwalk_undirected=true/mechanism=mbm/x_eps=inf/m=best/norm=false/smoother=hoa/backbone=sage/use_nfr=false/logs/verify_rank01_repeat01_attempt_1.log,
verify_rank01_repeat02,verify,verify_rank01_repeat02,completed,1,0,19.731765,/home/hzw/Rethinking_GNN_DP/paper_experiments/figure1/search_phase_1/family3/hoa/deepwalk/dataset=cora/feature=deepwalk/feature_dim=1600/scale=1024/deepwalk_walk_length=40/deepwalk_number_walks=20/deepwalk_window_size=5/deepwalk_workers=20/deepwalk_undirected=true/mechanism=mbm/x_eps=inf/m=best/norm=false/smoother=hoa/backbone=sage/use_nfr=false/logs/verify_rank01_repeat02_attempt_1.log,
verify_rank01_repeat03,verify,verify_rank01_repeat03,completed,1,0,19.036561,/home/hzw/Rethinking_GNN_DP/paper_experiments/figure1/search_phase_1/family3/hoa/deepwalk/dataset=cora/feature=deepwalk/feature_dim=1600/scale=1024/deepwalk_walk_length=40/deepwalk_number_walks=20/deepwalk_window_size=5/deepwalk_workers=20/deepwalk_undirected=true/mechanism=mbm/x_eps=inf/m=best/norm=false/smoother=hoa/backbone=sage/use_nfr=false/logs/verify_rank01_repeat03_attempt_1.log,
verify_rank01_repeat04,verify,verify_rank01_repeat04,completed,1,0,17.910455,/home/hzw/Rethinking_GNN_DP/paper_experiments/figure1/search_phase_1/family3/hoa/deepwalk/dataset=cora/feature=deepwalk/feature_dim=1600/scale=1024/deepwalk_walk_length=40/deepwalk_number_walks=20/deepwalk_window_size=5/deepwalk_workers=20/deepwalk_undirected=true/mechanism=mbm/x_eps=inf/m=best/norm=false/smoother=hoa/backbone=sage/use_nfr=false/logs/verify_rank01_repeat04_attempt_1.log,
verify_rank02_repeat04,verify,verify_rank02_repeat04,completed,1,0,18.773218,/home/hzw/Rethinking_GNN_DP/paper_experiments/figure1/search_phase_1/family3/hoa/deepwalk/dataset=cora/feature=deepwalk/feature_dim=1600/scale=1024/deepwalk_walk_length=40/deepwalk_number_walks=20/deepwalk_window_size=5/deepwalk_workers=20/deepwalk_undirected=true/mechanism=mbm/x_eps=inf/m=best/norm=false/smoother=hoa/backbone=sage/use_nfr=false/logs/verify_rank02_repeat04_attempt_1.log,
verify_rank02_repeat05,verify,verify_rank02_repeat05,completed,1,0,18.571521,/home/hzw/Rethinking_GNN_DP/paper_experiments/figure1/search_phase_1/family3/hoa/deepwalk/dataset=cora/feature=deepwalk/feature_dim=1600/scale=1024/deepwalk_walk_length=40/deepwalk_number_walks=20/deepwalk_window_size=5/deepwalk_workers=20/deepwalk_undirected=true/mechanism=mbm/x_eps=inf/m=best/norm=false/smoother=hoa/backbone=sage/use_nfr=false/logs/verify_rank02_repeat05_attempt_1.log,
verify_rank02_repeat01,verify,verify_rank02_repeat01,completed,1,0,21.172036,/home/hzw/Rethinking_GNN_DP/paper_experiments/figure1/search_phase_1/family3/hoa/deepwalk/dataset=cora/feature=deepwalk/feature_dim=1600/scale=1024/deepwalk_walk_length=40/deepwalk_number_walks=20/deepwalk_window_size=5/deepwalk_workers=20/deepwalk_undirected=true/mechanism=mbm/x_eps=inf/m=best/norm=false/smoother=hoa/backbone=sage/use_nfr=false/logs/verify_rank02_repeat01_attempt_1.log,
verify_rank01_repeat05,verify,verify_rank01_repeat05,completed,1,0,22.396137,/home/hzw/Rethinking_GNN_DP/paper_experiments/figure1/search_phase_1/family3/hoa/deepwalk/dataset=cora/feature=deepwalk/feature_dim=1600/scale=1024/deepwalk_walk_length=40/deepwalk_number_walks=20/deepwalk_window_size=5/deepwalk_workers=20/deepwalk_undirected=true/mechanism=mbm/x_eps=inf/m=best/norm=false/smoother=hoa/backbone=sage/use_nfr=false/logs/verify_rank01_repeat05_attempt_1.log,
verify_rank03_repeat05,verify,verify_rank03_repeat05,completed,1,0,20.139756,/home/hzw/Rethinking_GNN_DP/paper_experiments/figure1/search_phase_1/family3/hoa/deepwalk/dataset=cora/feature=deepwalk/feature_dim=1600/scale=1024/deepwalk_walk_length=40/deepwalk_number_walks=20/deepwalk_window_size=5/deepwalk_workers=20/deepwalk_undirected=true/mechanism=mbm/x_eps=inf/m=best/norm=false/smoother=hoa/backbone=sage/use_nfr=false/logs/verify_rank03_repeat05_attempt_1.log,
verify_rank02_repeat03,verify,verify_rank02_repeat03,completed,1,0,22.785225,/home/hzw/Rethinking_GNN_DP/paper_experiments/figure1/search_phase_1/family3/hoa/deepwalk/dataset=cora/feature=deepwalk/feature_dim=1600/scale=1024/deepwalk_walk_length=40/deepwalk_number_walks=20/deepwalk_window_size=5/deepwalk_workers=20/deepwalk_undirected=true/mechanism=mbm/x_eps=inf/m=best/norm=false/smoother=hoa/backbone=sage/use_nfr=false/logs/verify_rank02_repeat03_attempt_1.log,
verify_rank04_repeat01,verify,verify_rank04_repeat01,completed,1,0,20.344200,/home/hzw/Rethinking_GNN_DP/paper_experiments/figure1/search_phase_1/family3/hoa/deepwalk/dataset=cora/feature=deepwalk/feature_dim=1600/scale=1024/deepwalk_walk_length=40/deepwalk_number_walks=20/deepwalk_window_size=5/deepwalk_workers=20/deepwalk_undirected=true/mechanism=mbm/x_eps=inf/m=best/norm=false/smoother=hoa/backbone=sage/use_nfr=false/logs/verify_rank04_repeat01_attempt_1.log,
verify_rank04_repeat02,verify,verify_rank04_repeat02,completed,1,0,19.635137,/home/hzw/Rethinking_GNN_DP/paper_experiments/figure1/search_phase_1/family3/hoa/deepwalk/dataset=cora/feature=deepwalk/feature_dim=1600/scale=1024/deepwalk_walk_length=40/deepwalk_number_walks=20/deepwalk_window_size=5/deepwalk_workers=20/deepwalk_undirected=true/mechanism=mbm/x_eps=inf/m=best/norm=false/smoother=hoa/backbone=sage/use_nfr=false/logs/verify_rank04_repeat02_attempt_1.log,
verify_rank03_repeat02,verify,verify_rank03_repeat02,completed,1,0,21.464421,/home/hzw/Rethinking_GNN_DP/paper_experiments/figure1/search_phase_1/family3/hoa/deepwalk/dataset=cora/feature=deepwalk/feature_dim=1600/scale=1024/deepwalk_walk_length=40/deepwalk_number_walks=20/deepwalk_window_size=5/deepwalk_workers=20/deepwalk_undirected=true/mechanism=mbm/x_eps=inf/m=best/norm=false/smoother=hoa/backbone=sage/use_nfr=false/logs/verify_rank03_repeat02_attempt_1.log,
verify_rank03_repeat04,verify,verify_rank03_repeat04,completed,1,0,21.055224,/home/hzw/Rethinking_GNN_DP/paper_experiments/figure1/search_phase_1/family3/hoa/deepwalk/dataset=cora/feature=deepwalk/feature_dim=1600/scale=1024/deepwalk_walk_length=40/deepwalk_number_walks=20/deepwalk_window_size=5/deepwalk_workers=20/deepwalk_undirected=true/mechanism=mbm/x_eps=inf/m=best/norm=false/smoother=hoa/backbone=sage/use_nfr=false/logs/verify_rank03_repeat04_attempt_1.log,
verify_rank02_repeat02,verify,verify_rank02_repeat02,completed,1,0,24.265890,/home/hzw/Rethinking_GNN_DP/paper_experiments/figure1/search_phase_1/family3/hoa/deepwalk/dataset=cora/feature=deepwalk/feature_dim=1600/scale=1024/deepwalk_walk_length=40/deepwalk_number_walks=20/deepwalk_window_size=5/deepwalk_workers=20/deepwalk_undirected=true/mechanism=mbm/x_eps=inf/m=best/norm=false/smoother=hoa/backbone=sage/use_nfr=false/logs/verify_rank02_repeat02_attempt_1.log,
verify_rank04_repeat03,verify,verify_rank04_repeat03,completed,1,0,18.018301,/home/hzw/Rethinking_GNN_DP/paper_experiments/figure1/search_phase_1/family3/hoa/deepwalk/dataset=cora/feature=deepwalk/feature_dim=1600/scale=1024/deepwalk_walk_length=40/deepwalk_number_walks=20/deepwalk_window_size=5/deepwalk_workers=20/deepwalk_undirected=true/mechanism=mbm/x_eps=inf/m=best/norm=false/smoother=hoa/backbone=sage/use_nfr=false/logs/verify_rank04_repeat03_attempt_1.log,
verify_rank05_repeat02,verify,verify_rank05_repeat02,completed,1,0,15.059653,/home/hzw/Rethinking_GNN_DP/paper_experiments/figure1/search_phase_1/family3/hoa/deepwalk/dataset=cora/feature=deepwalk/feature_dim=1600/scale=1024/deepwalk_walk_length=40/deepwalk_number_walks=20/deepwalk_window_size=5/deepwalk_workers=20/deepwalk_undirected=true/mechanism=mbm/x_eps=inf/m=best/norm=false/smoother=hoa/backbone=sage/use_nfr=false/logs/verify_rank05_repeat02_attempt_1.log,
verify_rank03_repeat01,verify,verify_rank03_repeat01,completed,1,0,22.480519,/home/hzw/Rethinking_GNN_DP/paper_experiments/figure1/search_phase_1/family3/hoa/deepwalk/dataset=cora/feature=deepwalk/feature_dim=1600/scale=1024/deepwalk_walk_length=40/deepwalk_number_walks=20/deepwalk_window_size=5/deepwalk_workers=20/deepwalk_undirected=true/mechanism=mbm/x_eps=inf/m=best/norm=false/smoother=hoa/backbone=sage/use_nfr=false/logs/verify_rank03_repeat01_attempt_1.log,
verify_rank04_repeat05,verify,verify_rank04_repeat05,completed,1,0,16.399141,/home/hzw/Rethinking_GNN_DP/paper_experiments/figure1/search_phase_1/family3/hoa/deepwalk/dataset=cora/feature=deepwalk/feature_dim=1600/scale=1024/deepwalk_walk_length=40/deepwalk_number_walks=20/deepwalk_window_size=5/deepwalk_workers=20/deepwalk_undirected=true/mechanism=mbm/x_eps=inf/m=best/norm=false/smoother=hoa/backbone=sage/use_nfr=false/logs/verify_rank04_repeat05_attempt_1.log,
verify_rank03_repeat03,verify,verify_rank03_repeat03,completed,1,0,22.482037,/home/hzw/Rethinking_GNN_DP/paper_experiments/figure1/search_phase_1/family3/hoa/deepwalk/dataset=cora/feature=deepwalk/feature_dim=1600/scale=1024/deepwalk_walk_length=40/deepwalk_number_walks=20/deepwalk_window_size=5/deepwalk_workers=20/deepwalk_undirected=true/mechanism=mbm/x_eps=inf/m=best/norm=false/smoother=hoa/backbone=sage/use_nfr=false/logs/verify_rank03_repeat03_attempt_1.log,
verify_rank05_repeat01,verify,verify_rank05_repeat01,completed,1,0,16.990177,/home/hzw/Rethinking_GNN_DP/paper_experiments/figure1/search_phase_1/family3/hoa/deepwalk/dataset=cora/feature=deepwalk/feature_dim=1600/scale=1024/deepwalk_walk_length=40/deepwalk_number_walks=20/deepwalk_window_size=5/deepwalk_workers=20/deepwalk_undirected=true/mechanism=mbm/x_eps=inf/m=best/norm=false/smoother=hoa/backbone=sage/use_nfr=false/logs/verify_rank05_repeat01_attempt_1.log,
verify_rank04_repeat04,verify,verify_rank04_repeat04,completed,1,0,19.035963,/home/hzw/Rethinking_GNN_DP/paper_experiments/figure1/search_phase_1/family3/hoa/deepwalk/dataset=cora/feature=deepwalk/feature_dim=1600/scale=1024/deepwalk_walk_length=40/deepwalk_number_walks=20/deepwalk_window_size=5/deepwalk_workers=20/deepwalk_undirected=true/mechanism=mbm/x_eps=inf/m=best/norm=false/smoother=hoa/backbone=sage/use_nfr=false/logs/verify_rank04_repeat04_attempt_1.log,
verify_rank05_repeat04,verify,verify_rank05_repeat04,completed,1,0,18.656602,/home/hzw/Rethinking_GNN_DP/paper_experiments/figure1/search_phase_1/family3/hoa/deepwalk/dataset=cora/feature=deepwalk/feature_dim=1600/scale=1024/deepwalk_walk_length=40/deepwalk_number_walks=20/deepwalk_window_size=5/deepwalk_workers=20/deepwalk_undirected=true/mechanism=mbm/x_eps=inf/m=best/norm=false/smoother=hoa/backbone=sage/use_nfr=false/logs/verify_rank05_repeat04_attempt_1.log,
verify_rank05_repeat05,verify,verify_rank05_repeat05,completed,1,0,17.438635,/home/hzw/Rethinking_GNN_DP/paper_experiments/figure1/search_phase_1/family3/hoa/deepwalk/dataset=cora/feature=deepwalk/feature_dim=1600/scale=1024/deepwalk_walk_length=40/deepwalk_number_walks=20/deepwalk_window_size=5/deepwalk_workers=20/deepwalk_undirected=true/mechanism=mbm/x_eps=inf/m=best/norm=false/smoother=hoa/backbone=sage/use_nfr=false/logs/verify_rank05_repeat05_attempt_1.log,
verify_rank05_repeat03,verify,verify_rank05_repeat03,completed,1,0,21.948074,/home/hzw/Rethinking_GNN_DP/paper_experiments/figure1/search_phase_1/family3/hoa/deepwalk/dataset=cora/feature=deepwalk/feature_dim=1600/scale=1024/deepwalk_walk_length=40/deepwalk_number_walks=20/deepwalk_window_size=5/deepwalk_workers=20/deepwalk_undirected=true/mechanism=mbm/x_eps=inf/m=best/norm=false/smoother=hoa/backbone=sage/use_nfr=false/logs/verify_rank05_repeat03_attempt_1.log,
verify_finalize,verify,verify_finalize,completed,1,0,0.424032,/home/hzw/Rethinking_GNN_DP/paper_experiments/figure1/search_phase_1/family3/hoa/deepwalk/dataset=cora/feature=deepwalk/feature_dim=1600/scale=1024/deepwalk_walk_length=40/deepwalk_number_walks=20/deepwalk_window_size=5/deepwalk_workers=20/deepwalk_undirected=true/mechanism=mbm/x_eps=inf/m=best/norm=false/smoother=hoa/backbone=sage/use_nfr=false/logs/verify_finalize_attempt_1.log,
