rank,candidate_id,x_steps,learning_rate,weight_decay,dropout,tao2,val_acc_mean,val_acc_std,val_acc_min,val_acc_max,test_acc_mean,test_acc_std,test_acc_min,test_acc_max,n
1,680,8,0.0001,0.0001,0.25,0.9,60.8173065186,0,60.8173065186,60.8173065186,61.2980766296,0,61.2980766296,61.2980766296,1
2,440,4,0.001,0.0001,0.25,0.9,60.5769271851,0,60.5769271851,60.5769271851,61.7788505554,0,61.7788505554,61.7788505554,1
3,483,4,0.0001,0,0.25,0.5,60.5769271851,0,60.5769271851,60.5769271851,57.8125,0,57.8125,57.8125,1
4,692,8,0.0001,0.001,0.25,0.3,60.5769271851,0,60.5769271851,60.5769271851,59.8557701111,0,59.8557701111,59.8557701111,1
5,709,8,0.0001,0.01,0.25,0.7,60.5769271851,0,60.5769271851,60.5769271851,60.5769271851,0,60.5769271851,60.5769271851,1
6,439,4,0.001,0.0001,0.25,0.7,60.4567337036,0,60.4567337036,60.4567337036,62.5,0,62.5,62.5,1
7,455,4,0.001,0.001,0.25,0.9,60.4567337036,0,60.4567337036,60.4567337036,62.0192337036,0,62.0192337036,62.0192337036,1
8,470,4,0.001,0.01,0.25,0.9,60.4567337036,0,60.4567337036,60.4567337036,62.0192337036,0,62.0192337036,62.0192337036,1
9,498,4,0.0001,0.0001,0.25,0.5,60.4567337036,0,60.4567337036,60.4567337036,58.7740402222,0,58.7740402222,58.7740402222,1
10,530,4,0.0001,0.01,0.25,0.9,60.4567337036,0,60.4567337036,60.4567337036,58.6538505554,0,58.6538505554,58.6538505554,1
11,694,8,0.0001,0.001,0.25,0.7,60.4567337036,0,60.4567337036,60.4567337036,61.0576934814,0,61.0576934814,61.0576934814,1
12,695,8,0.0001,0.001,0.25,0.9,60.4567337036,0,60.4567337036,60.4567337036,61.0576934814,0,61.0576934814,61.0576934814,1
13,707,8,0.0001,0.01,0.25,0.3,60.4567337036,0,60.4567337036,60.4567337036,59.9759635925,0,59.9759635925,59.9759635925,1
14,710,8,0.0001,0.01,0.25,0.9,60.4567337036,0,60.4567337036,60.4567337036,61.4182701111,0,61.4182701111,61.4182701111,1
15,860,16,0.0001,0.0001,0.25,0.9,60.4567337036,0,60.4567337036,60.4567337036,61.0576934814,0,61.0576934814,61.0576934814,1
16,454,4,0.001,0.001,0.25,0.7,60.3365402222,0,60.3365402222,60.3365402222,62.3798065186,0,62.3798065186,62.3798065186,1
17,469,4,0.001,0.01,0.25,0.7,60.3365402222,0,60.3365402222,60.3365402222,62.3798065186,0,62.3798065186,62.3798065186,1
18,663,8,0.0001,0,0.25,0.5,60.3365402222,0,60.3365402222,60.3365402222,60.4567337036,0,60.4567337036,60.4567337036,1
19,665,8,0.0001,0,0.25,0.9,60.3365402222,0,60.3365402222,60.3365402222,60.4567337036,0,60.4567337036,60.4567337036,1
20,485,4,0.0001,0,0.25,0.9,60.2163505554,0,60.2163505554,60.2163505554,58.1730766296,0,58.1730766296,58.1730766296,1
21,497,4,0.0001,0.0001,0.25,0.3,60.2163505554,0,60.2163505554,60.2163505554,58.533657074,0,58.533657074,58.533657074,1
22,515,4,0.0001,0.001,0.25,0.9,60.2163505554,0,60.2163505554,60.2163505554,58.4134635925,0,58.4134635925,58.4134635925,1
23,500,4,0.0001,0.0001,0.25,0.9,60.096157074,0,60.096157074,60.096157074,58.4134635925,0,58.4134635925,58.4134635925,1
24,513,4,0.0001,0.001,0.25,0.5,60.096157074,0,60.096157074,60.096157074,59.0144271851,0,59.0144271851,59.0144271851,1
25,526,4,0.0001,0.01,0.25,0.1,60.096157074,0,60.096157074,60.096157074,58.2932701111,0,58.2932701111,58.2932701111,1
26,527,4,0.0001,0.01,0.25,0.3,60.096157074,0,60.096157074,60.096157074,58.4134635925,0,58.4134635925,58.4134635925,1
27,528,4,0.0001,0.01,0.25,0.5,60.096157074,0,60.096157074,60.096157074,59.4951934814,0,59.4951934814,59.4951934814,1
28,676,8,0.0001,0.0001,0.25,0.1,60.096157074,0,60.096157074,60.096157074,59.9759635925,0,59.9759635925,59.9759635925,1
29,677,8,0.0001,0.0001,0.25,0.3,60.096157074,0,60.096157074,60.096157074,60.2163505554,0,60.2163505554,60.2163505554,1
30,679,8,0.0001,0.0001,0.25,0.7,60.096157074,0,60.096157074,60.096157074,59.8557701111,0,59.8557701111,59.8557701111,1
31,693,8,0.0001,0.001,0.25,0.5,60.096157074,0,60.096157074,60.096157074,59.9759635925,0,59.9759635925,59.9759635925,1
32,875,16,0.0001,0.001,0.25,0.9,60.096157074,0,60.096157074,60.096157074,60.4567337036,0,60.4567337036,60.4567337036,1
33,496,4,0.0001,0.0001,0.25,0.1,59.9759635925,0,59.9759635925,59.9759635925,58.1730766296,0,58.1730766296,58.1730766296,1
34,499,4,0.0001,0.0001,0.25,0.7,59.9759635925,0,59.9759635925,59.9759635925,58.1730766296,0,58.1730766296,58.1730766296,1
35,511,4,0.0001,0.001,0.25,0.1,59.9759635925,0,59.9759635925,59.9759635925,59.0144271851,0,59.0144271851,59.0144271851,1
36,529,4,0.0001,0.01,0.25,0.7,59.9759635925,0,59.9759635925,59.9759635925,59.0144271851,0,59.0144271851,59.0144271851,1
37,678,8,0.0001,0.0001,0.25,0.5,59.9759635925,0,59.9759635925,59.9759635925,59.8557701111,0,59.8557701111,59.8557701111,1
38,691,8,0.0001,0.001,0.25,0.1,59.9759635925,0,59.9759635925,59.9759635925,60.3365402222,0,60.3365402222,60.3365402222,1
39,708,8,0.0001,0.01,0.25,0.5,59.9759635925,0,59.9759635925,59.9759635925,59.7355766296,0,59.7355766296,59.7355766296,1
40,249,2,0.001,0,0.5,0.7,59.8557701111,0,59.8557701111,59.8557701111,61.4182701111,0,61.4182701111,61.4182701111,1
41,482,4,0.0001,0,0.25,0.3,59.8557701111,0,59.8557701111,59.8557701111,58.4134635925,0,58.4134635925,58.4134635925,1
42,514,4,0.0001,0.001,0.25,0.7,59.8557701111,0,59.8557701111,59.8557701111,58.533657074,0,58.533657074,58.533657074,1
43,661,8,0.0001,0,0.25,0.1,59.8557701111,0,59.8557701111,59.8557701111,59.9759635925,0,59.9759635925,59.9759635925,1
44,845,16,0.0001,0,0.25,0.9,59.8557701111,0,59.8557701111,59.8557701111,60.6971206665,0,60.6971206665,60.6971206665,1
45,481,4,0.0001,0,0.25,0.1,59.7355766296,0,59.7355766296,59.7355766296,58.1730766296,0,58.1730766296,58.1730766296,1
46,512,4,0.0001,0.001,0.25,0.3,59.7355766296,0,59.7355766296,59.7355766296,58.6538505554,0,58.6538505554,58.6538505554,1
47,664,8,0.0001,0,0.25,0.7,59.7355766296,0,59.7355766296,59.7355766296,60.3365402222,0,60.3365402222,60.3365402222,1
48,706,8,0.0001,0.01,0.25,0.1,59.7355766296,0,59.7355766296,59.7355766296,59.8557701111,0,59.8557701111,59.8557701111,1
49,890,16,0.0001,0.01,0.25,0.9,59.7355766296,0,59.7355766296,59.7355766296,60.8173065186,0,60.8173065186,60.8173065186,1
50,280,2,0.001,0.001,0.5,0.9,59.6153869629,0,59.6153869629,59.6153869629,61.658657074,0,61.658657074,61.658657074,1
51,436,4,0.001,0.0001,0.25,0.1,59.6153869629,0,59.6153869629,59.6153869629,61.4182701111,0,61.4182701111,61.4182701111,1
52,265,2,0.001,0.0001,0.5,0.9,59.4951934814,0,59.4951934814,59.4951934814,61.7788505554,0,61.7788505554,61.7788505554,1
53,451,4,0.001,0.001,0.25,0.1,59.4951934814,0,59.4951934814,59.4951934814,61.4182701111,0,61.4182701111,61.4182701111,1
54,459,4,0.001,0.001,0.5,0.7,59.4951934814,0,59.4951934814,59.4951934814,60.096157074,0,60.096157074,60.096157074,1
55,484,4,0.0001,0,0.25,0.7,59.4951934814,0,59.4951934814,59.4951934814,58.7740402222,0,58.7740402222,58.7740402222,1
56,889,16,0.0001,0.01,0.25,0.7,59.4951934814,0,59.4951934814,59.4951934814,59.8557701111,0,59.8557701111,59.8557701111,1
57,295,2,0.001,0.01,0.5,0.9,59.375,0,59.375,59.375,62.0192337036,0,62.0192337036,62.0192337036,1
58,444,4,0.001,0.0001,0.5,0.7,59.375,0,59.375,59.375,59.7355766296,0,59.7355766296,59.7355766296,1
59,798,16,0.001,0.0001,0.25,0.5,59.375,0,59.375,59.375,59.9759635925,0,59.9759635925,59.9759635925,1
60,813,16,0.001,0.001,0.25,0.5,59.375,0,59.375,59.375,59.8557701111,0,59.8557701111,59.8557701111,1
61,828,16,0.001,0.01,0.25,0.5,59.375,0,59.375,59.375,59.8557701111,0,59.8557701111,59.8557701111,1
62,248,2,0.001,0,0.5,0.5,59.2548065186,0,59.2548065186,59.2548065186,61.0576934814,0,61.0576934814,61.0576934814,1
63,279,2,0.001,0.001,0.5,0.7,59.2548065186,0,59.2548065186,59.2548065186,62.2596206665,0,62.2596206665,62.2596206665,1
64,293,2,0.001,0.01,0.5,0.5,59.2548065186,0,59.2548065186,59.2548065186,62.3798065186,0,62.3798065186,62.3798065186,1
65,305,2,0.0001,0,0.25,0.9,59.2548065186,0,59.2548065186,59.2548065186,57.8125,0,57.8125,57.8125,1
66,320,2,0.0001,0.0001,0.25,0.9,59.2548065186,0,59.2548065186,59.2548065186,57.9326934814,0,57.9326934814,57.9326934814,1
67,445,4,0.001,0.0001,0.5,0.9,59.2548065186,0,59.2548065186,59.2548065186,60.2163505554,0,60.2163505554,60.2163505554,1
68,458,4,0.001,0.001,0.5,0.5,59.2548065186,0,59.2548065186,59.2548065186,59.9759635925,0,59.9759635925,59.9759635925,1
69,474,4,0.001,0.01,0.5,0.7,59.2548065186,0,59.2548065186,59.2548065186,59.6153869629,0,59.6153869629,59.6153869629,1
70,800,16,0.001,0.0001,0.25,0.9,59.2548065186,0,59.2548065186,59.2548065186,60.6971206665,0,60.6971206665,60.6971206665,1
71,815,16,0.001,0.001,0.25,0.9,59.2548065186,0,59.2548065186,59.2548065186,60.4567337036,0,60.4567337036,60.4567337036,1
72,830,16,0.001,0.01,0.25,0.9,59.2548065186,0,59.2548065186,59.2548065186,60.5769271851,0,60.5769271851,60.5769271851,1
73,247,2,0.001,0,0.5,0.3,59.1346206665,0,59.1346206665,59.1346206665,60.8173065186,0,60.8173065186,60.8173065186,1
74,331,2,0.0001,0.001,0.25,0.1,59.1346206665,0,59.1346206665,59.1346206665,57.0913505554,0,57.0913505554,57.0913505554,1
75,333,2,0.0001,0.001,0.25,0.5,59.1346206665,0,59.1346206665,59.1346206665,57.4519271851,0,57.4519271851,57.4519271851,1
76,605,8,0.001,0,0.25,0.9,59.1346206665,0,59.1346206665,59.1346206665,61.5384635925,0,61.5384635925,61.5384635925,1
77,617,8,0.001,0.0001,0.25,0.3,59.1346206665,0,59.1346206665,59.1346206665,59.9759635925,0,59.9759635925,59.9759635925,1
78,632,8,0.001,0.001,0.25,0.3,59.1346206665,0,59.1346206665,59.1346206665,59.7355766296,0,59.7355766296,59.7355766296,1
79,635,8,0.001,0.001,0.25,0.9,59.1346206665,0,59.1346206665,59.1346206665,61.2980766296,0,61.2980766296,61.2980766296,1
80,647,8,0.001,0.01,0.25,0.3,59.1346206665,0,59.1346206665,59.1346206665,59.6153869629,0,59.6153869629,59.6153869629,1
81,649,8,0.001,0.01,0.25,0.7,59.1346206665,0,59.1346206665,59.1346206665,60.096157074,0,60.096157074,60.096157074,1
82,662,8,0.0001,0,0.25,0.3,59.1346206665,0,59.1346206665,59.1346206665,59.7355766296,0,59.7355766296,59.7355766296,1
83,874,16,0.0001,0.001,0.25,0.7,59.1346206665,0,59.1346206665,59.1346206665,60.3365402222,0,60.3365402222,60.3365402222,1
84,278,2,0.001,0.001,0.5,0.5,59.0144271851,0,59.0144271851,59.0144271851,62.3798065186,0,62.3798065186,62.3798065186,1
85,294,2,0.001,0.01,0.5,0.7,59.0144271851,0,59.0144271851,59.0144271851,62.1394271851,0,62.1394271851,62.1394271851,1
86,348,2,0.0001,0.01,0.25,0.5,59.0144271851,0,59.0144271851,59.0144271851,57.4519271851,0,57.4519271851,57.4519271851,1
87,350,2,0.0001,0.01,0.25,0.9,59.0144271851,0,59.0144271851,59.0144271851,57.5721206665,0,57.5721206665,57.5721206665,1
88,424,4,0.001,0,0.25,0.7,59.0144271851,0,59.0144271851,59.0144271851,61.5384635925,0,61.5384635925,61.5384635925,1
89,472,4,0.001,0.01,0.5,0.3,59.0144271851,0,59.0144271851,59.0144271851,59.9759635925,0,59.9759635925,59.9759635925,1
90,620,8,0.001,0.0001,0.25,0.9,59.0144271851,0,59.0144271851,59.0144271851,60.9375,0,60.9375,60.9375,1
91,633,8,0.001,0.001,0.25,0.5,59.0144271851,0,59.0144271851,59.0144271851,59.9759635925,0,59.9759635925,59.9759635925,1
92,634,8,0.001,0.001,0.25,0.7,59.0144271851,0,59.0144271851,59.0144271851,60.096157074,0,60.096157074,60.096157074,1
93,650,8,0.001,0.01,0.25,0.9,59.0144271851,0,59.0144271851,59.0144271851,61.2980766296,0,61.2980766296,61.2980766296,1
94,796,16,0.001,0.0001,0.25,0.1,59.0144271851,0,59.0144271851,59.0144271851,61.658657074,0,61.658657074,61.658657074,1
95,826,16,0.001,0.01,0.25,0.1,59.0144271851,0,59.0144271851,59.0144271851,61.5384635925,0,61.5384635925,61.5384635925,1
96,859,16,0.0001,0.0001,0.25,0.7,59.0144271851,0,59.0144271851,59.0144271851,60.096157074,0,60.096157074,60.096157074,1
97,263,2,0.001,0.0001,0.5,0.5,58.8942337036,0,58.8942337036,58.8942337036,62.6201934814,0,62.6201934814,62.6201934814,1
98,264,2,0.001,0.0001,0.5,0.7,58.8942337036,0,58.8942337036,58.8942337036,62.0192337036,0,62.0192337036,62.0192337036,1
99,276,2,0.001,0.001,0.5,0.1,58.8942337036,0,58.8942337036,58.8942337036,62.1394271851,0,62.1394271851,62.1394271851,1
100,318,2,0.0001,0.0001,0.25,0.5,58.8942337036,0,58.8942337036,58.8942337036,57.3317337036,0,57.3317337036,57.3317337036,1
101,319,2,0.0001,0.0001,0.25,0.7,58.8942337036,0,58.8942337036,58.8942337036,57.0913505554,0,57.0913505554,57.0913505554,1
102,334,2,0.0001,0.001,0.25,0.7,58.8942337036,0,58.8942337036,58.8942337036,57.3317337036,0,57.3317337036,57.3317337036,1
103,335,2,0.0001,0.001,0.25,0.9,58.8942337036,0,58.8942337036,58.8942337036,57.6923065186,0,57.6923065186,57.6923065186,1
104,346,2,0.0001,0.01,0.25,0.1,58.8942337036,0,58.8942337036,58.8942337036,56.971157074,0,56.971157074,56.971157074,1
105,456,4,0.001,0.001,0.5,0.1,58.8942337036,0,58.8942337036,58.8942337036,58.7740402222,0,58.7740402222,58.7740402222,1
106,460,4,0.001,0.001,0.5,0.9,58.8942337036,0,58.8942337036,58.8942337036,60.096157074,0,60.096157074,60.096157074,1
107,471,4,0.001,0.01,0.5,0.1,58.8942337036,0,58.8942337036,58.8942337036,58.7740402222,0,58.7740402222,58.7740402222,1
108,601,8,0.001,0,0.25,0.1,58.8942337036,0,58.8942337036,58.8942337036,60.096157074,0,60.096157074,60.096157074,1
109,602,8,0.001,0,0.25,0.3,58.8942337036,0,58.8942337036,58.8942337036,60.096157074,0,60.096157074,60.096157074,1
110,616,8,0.001,0.0001,0.25,0.1,58.8942337036,0,58.8942337036,58.8942337036,59.6153869629,0,59.6153869629,59.6153869629,1
111,648,8,0.001,0.01,0.25,0.5,58.8942337036,0,58.8942337036,58.8942337036,59.9759635925,0,59.9759635925,59.9759635925,1
112,785,16,0.001,0,0.25,0.9,58.8942337036,0,58.8942337036,58.8942337036,61.0576934814,0,61.0576934814,61.0576934814,1
113,797,16,0.001,0.0001,0.25,0.3,58.8942337036,0,58.8942337036,58.8942337036,59.4951934814,0,59.4951934814,59.4951934814,1
114,799,16,0.001,0.0001,0.25,0.7,58.8942337036,0,58.8942337036,58.8942337036,60.5769271851,0,60.5769271851,60.5769271851,1
115,812,16,0.001,0.001,0.25,0.3,58.8942337036,0,58.8942337036,58.8942337036,59.4951934814,0,59.4951934814,59.4951934814,1
116,827,16,0.001,0.01,0.25,0.3,58.8942337036,0,58.8942337036,58.8942337036,59.4951934814,0,59.4951934814,59.4951934814,1
117,829,16,0.001,0.01,0.25,0.7,58.8942337036,0,58.8942337036,58.8942337036,60.5769271851,0,60.5769271851,60.5769271851,1
118,857,16,0.0001,0.0001,0.25,0.3,58.8942337036,0,58.8942337036,58.8942337036,59.4951934814,0,59.4951934814,59.4951934814,1
119,872,16,0.0001,0.001,0.25,0.3,58.8942337036,0,58.8942337036,58.8942337036,59.8557701111,0,59.8557701111,59.8557701111,1
120,873,16,0.0001,0.001,0.25,0.5,58.8942337036,0,58.8942337036,58.8942337036,60.096157074,0,60.096157074,60.096157074,1
121,246,2,0.001,0,0.5,0.1,58.7740402222,0,58.7740402222,58.7740402222,60.4567337036,0,60.4567337036,60.4567337036,1
122,250,2,0.001,0,0.5,0.9,58.7740402222,0,58.7740402222,58.7740402222,61.658657074,0,61.658657074,61.658657074,1
123,277,2,0.001,0.001,0.5,0.3,58.7740402222,0,58.7740402222,58.7740402222,62.2596206665,0,62.2596206665,62.2596206665,1
124,291,2,0.001,0.01,0.5,0.1,58.7740402222,0,58.7740402222,58.7740402222,62.1394271851,0,62.1394271851,62.1394271851,1
125,302,2,0.0001,0,0.25,0.3,58.7740402222,0,58.7740402222,58.7740402222,57.2115402222,0,57.2115402222,57.2115402222,1
126,316,2,0.0001,0.0001,0.25,0.1,58.7740402222,0,58.7740402222,58.7740402222,57.0913505554,0,57.0913505554,57.0913505554,1
127,332,2,0.0001,0.001,0.25,0.3,58.7740402222,0,58.7740402222,58.7740402222,57.2115402222,0,57.2115402222,57.2115402222,1
128,423,4,0.001,0,0.25,0.5,58.7740402222,0,58.7740402222,58.7740402222,61.5384635925,0,61.5384635925,61.5384635925,1
129,425,4,0.001,0,0.25,0.9,58.7740402222,0,58.7740402222,58.7740402222,61.658657074,0,61.658657074,61.658657074,1
130,453,4,0.001,0.001,0.25,0.5,58.7740402222,0,58.7740402222,58.7740402222,61.8990402222,0,61.8990402222,61.8990402222,1
131,468,4,0.001,0.01,0.25,0.5,58.7740402222,0,58.7740402222,58.7740402222,62.0192337036,0,62.0192337036,62.0192337036,1
132,619,8,0.001,0.0001,0.25,0.7,58.7740402222,0,58.7740402222,58.7740402222,59.9759635925,0,59.9759635925,59.9759635925,1
133,631,8,0.001,0.001,0.25,0.1,58.7740402222,0,58.7740402222,58.7740402222,59.4951934814,0,59.4951934814,59.4951934814,1
134,811,16,0.001,0.001,0.25,0.1,58.7740402222,0,58.7740402222,58.7740402222,61.2980766296,0,61.2980766296,61.2980766296,1
135,814,16,0.001,0.001,0.25,0.7,58.7740402222,0,58.7740402222,58.7740402222,60.4567337036,0,60.4567337036,60.4567337036,1
136,844,16,0.0001,0,0.25,0.7,58.7740402222,0,58.7740402222,58.7740402222,59.9759635925,0,59.9759635925,59.9759635925,1
137,292,2,0.001,0.01,0.5,0.3,58.6538505554,0,58.6538505554,58.6538505554,62.2596206665,0,62.2596206665,62.2596206665,1
138,317,2,0.0001,0.0001,0.25,0.3,58.6538505554,0,58.6538505554,58.6538505554,56.25,0,56.25,56.25,1
139,347,2,0.0001,0.01,0.25,0.3,58.6538505554,0,58.6538505554,58.6538505554,56.7307701111,0,56.7307701111,56.7307701111,1
140,438,4,0.001,0.0001,0.25,0.5,58.6538505554,0,58.6538505554,58.6538505554,62.0192337036,0,62.0192337036,62.0192337036,1
141,475,4,0.001,0.01,0.5,0.9,58.6538505554,0,58.6538505554,58.6538505554,59.9759635925,0,59.9759635925,59.9759635925,1
142,604,8,0.001,0,0.25,0.7,58.6538505554,0,58.6538505554,58.6538505554,60.6971206665,0,60.6971206665,60.6971206665,1
143,618,8,0.001,0.0001,0.25,0.5,58.6538505554,0,58.6538505554,58.6538505554,60.096157074,0,60.096157074,60.096157074,1
144,646,8,0.001,0.01,0.25,0.1,58.6538505554,0,58.6538505554,58.6538505554,59.4951934814,0,59.4951934814,59.4951934814,1
145,858,16,0.0001,0.0001,0.25,0.5,58.6538505554,0,58.6538505554,58.6538505554,60.3365402222,0,60.3365402222,60.3365402222,1
146,871,16,0.0001,0.001,0.25,0.1,58.6538505554,0,58.6538505554,58.6538505554,60.096157074,0,60.096157074,60.096157074,1
147,260,2,0.001,0.0001,0.25,0.9,58.533657074,0,58.533657074,58.533657074,60.6971206665,0,60.6971206665,60.6971206665,1
148,349,2,0.0001,0.01,0.25,0.7,58.533657074,0,58.533657074,58.533657074,57.2115402222,0,57.2115402222,57.2115402222,1
149,452,4,0.001,0.001,0.25,0.3,58.533657074,0,58.533657074,58.533657074,61.5384635925,0,61.5384635925,61.5384635925,1
150,467,4,0.001,0.01,0.25,0.3,58.533657074,0,58.533657074,58.533657074,61.5384635925,0,61.5384635925,61.5384635925,1
151,473,4,0.001,0.01,0.5,0.5,58.533657074,0,58.533657074,58.533657074,59.8557701111,0,59.8557701111,59.8557701111,1
152,603,8,0.001,0,0.25,0.5,58.533657074,0,58.533657074,58.533657074,60.3365402222,0,60.3365402222,60.3365402222,1
153,856,16,0.0001,0.0001,0.25,0.1,58.533657074,0,58.533657074,58.533657074,59.1346206665,0,59.1346206665,59.1346206665,1
154,886,16,0.0001,0.01,0.25,0.1,58.533657074,0,58.533657074,58.533657074,59.7355766296,0,59.7355766296,59.7355766296,1
155,888,16,0.0001,0.01,0.25,0.5,58.533657074,0,58.533657074,58.533657074,59.4951934814,0,59.4951934814,59.4951934814,1
156,261,2,0.001,0.0001,0.5,0.1,58.4134635925,0,58.4134635925,58.4134635925,61.7788505554,0,61.7788505554,61.7788505554,1
157,275,2,0.001,0.001,0.25,0.9,58.4134635925,0,58.4134635925,58.4134635925,60.4567337036,0,60.4567337036,60.4567337036,1
158,426,4,0.001,0,0.5,0.1,58.4134635925,0,58.4134635925,58.4134635925,58.6538505554,0,58.6538505554,58.6538505554,1
159,437,4,0.001,0.0001,0.25,0.3,58.4134635925,0,58.4134635925,58.4134635925,61.5384635925,0,61.5384635925,61.5384635925,1
160,443,4,0.001,0.0001,0.5,0.5,58.4134635925,0,58.4134635925,58.4134635925,58.7740402222,0,58.7740402222,58.7740402222,1
161,466,4,0.001,0.01,0.25,0.1,58.4134635925,0,58.4134635925,58.4134635925,61.7788505554,0,61.7788505554,61.7788505554,1
162,262,2,0.001,0.0001,0.5,0.3,58.2932701111,0,58.2932701111,58.2932701111,62.3798065186,0,62.3798065186,62.3798065186,1
163,303,2,0.0001,0,0.25,0.5,58.2932701111,0,58.2932701111,58.2932701111,57.3317337036,0,57.3317337036,57.3317337036,1
164,422,4,0.001,0,0.25,0.3,58.2932701111,0,58.2932701111,58.2932701111,61.1778869629,0,61.1778869629,61.1778869629,1
165,429,4,0.001,0,0.5,0.7,58.2932701111,0,58.2932701111,58.2932701111,58.533657074,0,58.533657074,58.533657074,1
166,457,4,0.001,0.001,0.5,0.3,58.2932701111,0,58.2932701111,58.2932701111,59.7355766296,0,59.7355766296,59.7355766296,1
167,842,16,0.0001,0,0.25,0.3,58.2932701111,0,58.2932701111,58.2932701111,59.4951934814,0,59.4951934814,59.4951934814,1
168,887,16,0.0001,0.01,0.25,0.3,58.2932701111,0,58.2932701111,58.2932701111,59.6153869629,0,59.6153869629,59.6153869629,1
169,290,2,0.001,0.01,0.25,0.9,58.1730766296,0,58.1730766296,58.1730766296,60.2163505554,0,60.2163505554,60.2163505554,1
170,441,4,0.001,0.0001,0.5,0.1,58.1730766296,0,58.1730766296,58.1730766296,58.6538505554,0,58.6538505554,58.6538505554,1
171,442,4,0.001,0.0001,0.5,0.3,58.1730766296,0,58.1730766296,58.1730766296,59.6153869629,0,59.6153869629,59.6153869629,1
172,304,2,0.0001,0,0.25,0.7,58.0528869629,0,58.0528869629,58.0528869629,57.0913505554,0,57.0913505554,57.0913505554,1
173,421,4,0.001,0,0.25,0.1,58.0528869629,0,58.0528869629,58.0528869629,61.1778869629,0,61.1778869629,61.1778869629,1
174,841,16,0.0001,0,0.25,0.1,58.0528869629,0,58.0528869629,58.0528869629,60.2163505554,0,60.2163505554,60.2163505554,1
175,843,16,0.0001,0,0.25,0.5,58.0528869629,0,58.0528869629,58.0528869629,59.7355766296,0,59.7355766296,59.7355766296,1
176,430,4,0.001,0,0.5,0.9,57.9326934814,0,57.9326934814,57.9326934814,59.7355766296,0,59.7355766296,59.7355766296,1
177,427,4,0.001,0,0.5,0.3,57.8125,0,57.8125,57.8125,58.7740402222,0,58.7740402222,58.7740402222,1
178,428,4,0.001,0,0.5,0.5,57.8125,0,57.8125,57.8125,58.7740402222,0,58.7740402222,58.7740402222,1
179,535,4,0.0001,0.01,0.5,0.9,57.8125,0,57.8125,57.8125,57.6923065186,0,57.6923065186,57.6923065186,1
180,700,8,0.0001,0.001,0.5,0.9,57.8125,0,57.8125,57.8125,59.7355766296,0,59.7355766296,59.7355766296,1
181,783,16,0.001,0,0.25,0.5,57.8125,0,57.8125,57.8125,60.096157074,0,60.096157074,60.096157074,1
182,301,2,0.0001,0,0.25,0.1,57.6923065186,0,57.6923065186,57.6923065186,57.5721206665,0,57.5721206665,57.5721206665,1
183,504,4,0.0001,0.0001,0.5,0.7,57.6923065186,0,57.6923065186,57.6923065186,56.6105766296,0,56.6105766296,56.6105766296,1
184,505,4,0.0001,0.0001,0.5,0.9,57.6923065186,0,57.6923065186,57.6923065186,57.4519271851,0,57.4519271851,57.4519271851,1
185,519,4,0.0001,0.001,0.5,0.7,57.6923065186,0,57.6923065186,57.6923065186,56.25,0,56.25,56.25,1
186,638,8,0.001,0.001,0.5,0.5,57.6923065186,0,57.6923065186,57.6923065186,57.6923065186,0,57.6923065186,57.6923065186,1
187,670,8,0.0001,0,0.5,0.9,57.6923065186,0,57.6923065186,57.6923065186,59.6153869629,0,59.6153869629,59.6153869629,1
188,685,8,0.0001,0.0001,0.5,0.9,57.6923065186,0,57.6923065186,57.6923065186,59.375,0,59.375,59.375,1
189,715,8,0.0001,0.01,0.5,0.9,57.6923065186,0,57.6923065186,57.6923065186,59.7355766296,0,59.7355766296,59.7355766296,1
190,784,16,0.001,0,0.25,0.7,57.6923065186,0,57.6923065186,57.6923065186,60.8173065186,0,60.8173065186,60.8173065186,1
191,272,2,0.001,0.001,0.25,0.3,57.5721206665,0,57.5721206665,57.5721206665,59.7355766296,0,59.7355766296,59.7355766296,1
192,273,2,0.001,0.001,0.25,0.5,57.5721206665,0,57.5721206665,57.5721206665,59.7355766296,0,59.7355766296,59.7355766296,1
193,286,2,0.001,0.01,0.25,0.1,57.5721206665,0,57.5721206665,57.5721206665,59.7355766296,0,59.7355766296,59.7355766296,1
194,502,4,0.0001,0.0001,0.5,0.3,57.5721206665,0,57.5721206665,57.5721206665,56.4903869629,0,56.4903869629,56.4903869629,1
195,517,4,0.0001,0.001,0.5,0.3,57.5721206665,0,57.5721206665,57.5721206665,56.1298065186,0,56.1298065186,56.1298065186,1
196,520,4,0.0001,0.001,0.5,0.9,57.5721206665,0,57.5721206665,57.5721206665,57.8125,0,57.8125,57.8125,1
197,245,2,0.001,0,0.25,0.9,57.4519271851,0,57.4519271851,57.4519271851,59.9759635925,0,59.9759635925,59.9759635925,1
198,287,2,0.001,0.01,0.25,0.3,57.4519271851,0,57.4519271851,57.4519271851,59.7355766296,0,59.7355766296,59.7355766296,1
199,288,2,0.001,0.01,0.25,0.5,57.4519271851,0,57.4519271851,57.4519271851,59.7355766296,0,59.7355766296,59.7355766296,1
200,623,8,0.001,0.0001,0.5,0.5,57.4519271851,0,57.4519271851,57.4519271851,57.3317337036,0,57.3317337036,57.3317337036,1
201,653,8,0.001,0.01,0.5,0.5,57.4519271851,0,57.4519271851,57.4519271851,57.2115402222,0,57.2115402222,57.2115402222,1
202,243,2,0.001,0,0.25,0.5,57.3317337036,0,57.3317337036,57.3317337036,59.8557701111,0,59.8557701111,59.8557701111,1
203,244,2,0.001,0,0.25,0.7,57.3317337036,0,57.3317337036,57.3317337036,60.096157074,0,60.096157074,60.096157074,1
204,271,2,0.001,0.001,0.25,0.1,57.3317337036,0,57.3317337036,57.3317337036,59.7355766296,0,59.7355766296,59.7355766296,1
205,624,8,0.001,0.0001,0.5,0.7,57.3317337036,0,57.3317337036,57.3317337036,58.1730766296,0,58.1730766296,58.1730766296,1
206,639,8,0.001,0.001,0.5,0.7,57.3317337036,0,57.3317337036,57.3317337036,59.1346206665,0,59.1346206665,59.1346206665,1
207,654,8,0.001,0.01,0.5,0.7,57.3317337036,0,57.3317337036,57.3317337036,59.2548065186,0,59.2548065186,59.2548065186,1
208,684,8,0.0001,0.0001,0.5,0.7,57.3317337036,0,57.3317337036,57.3317337036,57.8125,0,57.8125,57.8125,1
209,782,16,0.001,0,0.25,0.3,57.3317337036,0,57.3317337036,57.3317337036,59.9759635925,0,59.9759635925,59.9759635925,1
210,241,2,0.001,0,0.25,0.1,57.2115402222,0,57.2115402222,57.2115402222,59.7355766296,0,59.7355766296,59.7355766296,1
211,242,2,0.001,0,0.25,0.3,57.2115402222,0,57.2115402222,57.2115402222,59.8557701111,0,59.8557701111,59.8557701111,1
212,274,2,0.001,0.001,0.25,0.7,57.2115402222,0,57.2115402222,57.2115402222,60.096157074,0,60.096157074,60.096157074,1
213,289,2,0.001,0.01,0.25,0.7,57.2115402222,0,57.2115402222,57.2115402222,59.9759635925,0,59.9759635925,59.9759635925,1
214,490,4,0.0001,0,0.5,0.9,57.2115402222,0,57.2115402222,57.2115402222,57.4519271851,0,57.4519271851,57.4519271851,1
215,534,4,0.0001,0.01,0.5,0.7,57.2115402222,0,57.2115402222,57.2115402222,56.1298065186,0,56.1298065186,56.1298065186,1
216,607,8,0.001,0,0.5,0.3,57.2115402222,0,57.2115402222,57.2115402222,59.2548065186,0,59.2548065186,59.2548065186,1
217,714,8,0.0001,0.01,0.5,0.7,57.2115402222,0,57.2115402222,57.2115402222,57.8125,0,57.8125,57.8125,1
218,257,2,0.001,0.0001,0.25,0.3,57.0913505554,0,57.0913505554,57.0913505554,59.4951934814,0,59.4951934814,59.4951934814,1
219,258,2,0.001,0.0001,0.25,0.5,57.0913505554,0,57.0913505554,57.0913505554,59.6153869629,0,59.6153869629,59.6153869629,1
220,501,4,0.0001,0.0001,0.5,0.1,57.0913505554,0,57.0913505554,57.0913505554,57.2115402222,0,57.2115402222,57.2115402222,1
221,606,8,0.001,0,0.5,0.1,57.0913505554,0,57.0913505554,57.0913505554,59.1346206665,0,59.1346206665,59.1346206665,1
222,699,8,0.0001,0.001,0.5,0.7,57.0913505554,0,57.0913505554,57.0913505554,57.8125,0,57.8125,57.8125,1
223,256,2,0.001,0.0001,0.25,0.1,56.971157074,0,56.971157074,56.971157074,59.4951934814,0,59.4951934814,59.4951934814,1
224,259,2,0.001,0.0001,0.25,0.7,56.971157074,0,56.971157074,56.971157074,60.3365402222,0,60.3365402222,60.3365402222,1
225,503,4,0.0001,0.0001,0.5,0.5,56.971157074,0,56.971157074,56.971157074,56.8509635925,0,56.8509635925,56.8509635925,1
226,518,4,0.0001,0.001,0.5,0.5,56.971157074,0,56.971157074,56.971157074,56.971157074,0,56.971157074,56.971157074,1
227,533,4,0.0001,0.01,0.5,0.5,56.971157074,0,56.971157074,56.971157074,56.8509635925,0,56.8509635925,56.8509635925,1
228,652,8,0.001,0.01,0.5,0.3,56.971157074,0,56.971157074,56.971157074,59.0144271851,0,59.0144271851,59.0144271851,1
229,488,4,0.0001,0,0.5,0.5,56.8509635925,0,56.8509635925,56.8509635925,56.8509635925,0,56.8509635925,56.8509635925,1
230,489,4,0.0001,0,0.5,0.7,56.8509635925,0,56.8509635925,56.8509635925,56.25,0,56.25,56.25,1
231,516,4,0.0001,0.001,0.5,0.1,56.8509635925,0,56.8509635925,56.8509635925,57.4519271851,0,57.4519271851,57.4519271851,1
232,531,4,0.0001,0.01,0.5,0.1,56.8509635925,0,56.8509635925,56.8509635925,57.3317337036,0,57.3317337036,57.3317337036,1
233,532,4,0.0001,0.01,0.5,0.3,56.8509635925,0,56.8509635925,56.8509635925,57.2115402222,0,57.2115402222,57.2115402222,1
234,637,8,0.001,0.001,0.5,0.3,56.8509635925,0,56.8509635925,56.8509635925,59.1346206665,0,59.1346206665,59.1346206665,1
235,622,8,0.001,0.0001,0.5,0.3,56.7307701111,0,56.7307701111,56.7307701111,59.2548065186,0,59.2548065186,59.2548065186,1
236,625,8,0.001,0.0001,0.5,0.9,56.7307701111,0,56.7307701111,56.7307701111,59.375,0,59.375,59.375,1
237,651,8,0.001,0.01,0.5,0.1,56.7307701111,0,56.7307701111,56.7307701111,58.7740402222,0,58.7740402222,58.7740402222,1
238,1040,32,0.0001,0.0001,0.25,0.9,56.7307701111,0,56.7307701111,56.7307701111,58.1730766296,0,58.1730766296,58.1730766296,1
239,487,4,0.0001,0,0.5,0.3,56.6105766296,0,56.6105766296,56.6105766296,57.0913505554,0,57.0913505554,57.0913505554,1
240,609,8,0.001,0,0.5,0.7,56.6105766296,0,56.6105766296,56.6105766296,59.4951934814,0,59.4951934814,59.4951934814,1
241,621,8,0.001,0.0001,0.5,0.1,56.6105766296,0,56.6105766296,56.6105766296,58.8942337036,0,58.8942337036,58.8942337036,1
242,636,8,0.001,0.001,0.5,0.1,56.6105766296,0,56.6105766296,56.6105766296,58.6538505554,0,58.6538505554,58.6538505554,1
243,640,8,0.001,0.001,0.5,0.9,56.6105766296,0,56.6105766296,56.6105766296,59.2548065186,0,59.2548065186,59.2548065186,1
244,1055,32,0.0001,0.001,0.25,0.9,56.6105766296,0,56.6105766296,56.6105766296,58.2932701111,0,58.2932701111,58.2932701111,1
245,1070,32,0.0001,0.01,0.25,0.9,56.6105766296,0,56.6105766296,56.6105766296,58.0528869629,0,58.0528869629,58.0528869629,1
246,339,2,0.0001,0.001,0.5,0.7,56.4903869629,0,56.4903869629,56.4903869629,56.25,0,56.25,56.25,1
247,486,4,0.0001,0,0.5,0.1,56.4903869629,0,56.4903869629,56.4903869629,56.25,0,56.25,56.25,1
248,608,8,0.001,0,0.5,0.5,56.4903869629,0,56.4903869629,56.4903869629,59.7355766296,0,59.7355766296,59.7355766296,1
249,655,8,0.001,0.01,0.5,0.9,56.4903869629,0,56.4903869629,56.4903869629,58.8942337036,0,58.8942337036,58.8942337036,1
250,682,8,0.0001,0.0001,0.5,0.3,56.4903869629,0,56.4903869629,56.4903869629,56.4903869629,0,56.4903869629,56.4903869629,1
251,667,8,0.0001,0,0.5,0.3,56.3701934814,0,56.3701934814,56.3701934814,56.3701934814,0,56.3701934814,56.3701934814,1
252,781,16,0.001,0,0.25,0.1,56.3701934814,0,56.3701934814,56.3701934814,57.5721206665,0,57.5721206665,57.5721206665,1
253,353,2,0.0001,0.01,0.5,0.5,56.25,0,56.25,56.25,55.2884635925,0,55.2884635925,55.2884635925,1
254,354,2,0.0001,0.01,0.5,0.7,56.25,0,56.25,56.25,55.8894271851,0,55.8894271851,55.8894271851,1
255,669,8,0.0001,0,0.5,0.7,56.25,0,56.25,56.25,57.6923065186,0,57.6923065186,57.6923065186,1
256,697,8,0.0001,0.001,0.5,0.3,56.25,0,56.25,56.25,56.3701934814,0,56.3701934814,56.3701934814,1
257,712,8,0.0001,0.01,0.5,0.3,56.25,0,56.25,56.25,56.6105766296,0,56.6105766296,56.6105766296,1
258,1025,32,0.0001,0,0.25,0.9,56.25,0,56.25,56.25,57.9326934814,0,57.9326934814,57.9326934814,1
259,310,2,0.0001,0,0.5,0.9,56.1298065186,0,56.1298065186,56.1298065186,55.6490402222,0,55.6490402222,55.6490402222,1
260,324,2,0.0001,0.0001,0.5,0.7,56.1298065186,0,56.1298065186,56.1298065186,56.1298065186,0,56.1298065186,56.1298065186,1
261,325,2,0.0001,0.0001,0.5,0.9,56.1298065186,0,56.1298065186,56.1298065186,55.6490402222,0,55.6490402222,55.6490402222,1
262,340,2,0.0001,0.001,0.5,0.9,56.1298065186,0,56.1298065186,56.1298065186,56.1298065186,0,56.1298065186,56.1298065186,1
263,355,2,0.0001,0.01,0.5,0.9,56.1298065186,0,56.1298065186,56.1298065186,55.6490402222,0,55.6490402222,55.6490402222,1
264,394,4,0.01,0.001,0.25,0.7,56.1298065186,0,56.1298065186,56.1298065186,58.4134635925,0,58.4134635925,58.4134635925,1
265,409,4,0.01,0.01,0.25,0.7,56.1298065186,0,56.1298065186,56.1298065186,58.4134635925,0,58.4134635925,58.4134635925,1
266,610,8,0.001,0,0.5,0.9,56.1298065186,0,56.1298065186,56.1298065186,59.0144271851,0,59.0144271851,59.0144271851,1
267,698,8,0.0001,0.001,0.5,0.5,56.1298065186,0,56.1298065186,56.1298065186,57.9326934814,0,57.9326934814,57.9326934814,1
268,713,8,0.0001,0.01,0.5,0.5,56.1298065186,0,56.1298065186,56.1298065186,58.533657074,0,58.533657074,58.533657074,1
269,323,2,0.0001,0.0001,0.5,0.5,56.0096206665,0,56.0096206665,56.0096206665,55.5288505554,0,55.5288505554,55.5288505554,1
270,338,2,0.0001,0.001,0.5,0.5,56.0096206665,0,56.0096206665,56.0096206665,55.7692337036,0,55.7692337036,55.7692337036,1
271,696,8,0.0001,0.001,0.5,0.1,56.0096206665,0,56.0096206665,56.0096206665,56.7307701111,0,56.7307701111,56.7307701111,1
272,711,8,0.0001,0.01,0.5,0.1,56.0096206665,0,56.0096206665,56.0096206665,56.0096206665,0,56.0096206665,56.0096206665,1
273,865,16,0.0001,0.0001,0.5,0.9,56.0096206665,0,56.0096206665,56.0096206665,57.8125,0,57.8125,57.8125,1
274,321,2,0.0001,0.0001,0.5,0.1,55.8894271851,0,55.8894271851,55.8894271851,55.1682701111,0,55.1682701111,55.1682701111,1
275,322,2,0.0001,0.0001,0.5,0.3,55.8894271851,0,55.8894271851,55.8894271851,54.9278869629,0,54.9278869629,54.9278869629,1
276,351,2,0.0001,0.01,0.5,0.1,55.8894271851,0,55.8894271851,55.8894271851,55.408657074,0,55.408657074,55.408657074,1
277,352,2,0.0001,0.01,0.5,0.3,55.8894271851,0,55.8894271851,55.8894271851,55.2884635925,0,55.2884635925,55.2884635925,1
278,379,4,0.01,0.0001,0.25,0.7,55.8894271851,0,55.8894271851,55.8894271851,58.4134635925,0,58.4134635925,58.4134635925,1
279,557,8,0.01,0.0001,0.25,0.3,55.8894271851,0,55.8894271851,55.8894271851,55.6490402222,0,55.6490402222,55.6490402222,1
280,558,8,0.01,0.0001,0.25,0.5,55.8894271851,0,55.8894271851,55.8894271851,55.408657074,0,55.408657074,55.408657074,1
281,681,8,0.0001,0.0001,0.5,0.1,55.8894271851,0,55.8894271851,55.8894271851,57.8125,0,57.8125,57.8125,1
282,336,2,0.0001,0.001,0.5,0.1,55.7692337036,0,55.7692337036,55.7692337036,55.1682701111,0,55.1682701111,55.1682701111,1
283,337,2,0.0001,0.001,0.5,0.3,55.7692337036,0,55.7692337036,55.7692337036,55.2884635925,0,55.2884635925,55.2884635925,1
284,556,8,0.01,0.0001,0.25,0.1,55.7692337036,0,55.7692337036,55.7692337036,55.7692337036,0,55.7692337036,55.7692337036,1
285,572,8,0.01,0.001,0.25,0.3,55.7692337036,0,55.7692337036,55.7692337036,55.5288505554,0,55.5288505554,55.5288505554,1
286,573,8,0.01,0.001,0.25,0.5,55.7692337036,0,55.7692337036,55.7692337036,55.5288505554,0,55.5288505554,55.5288505554,1
287,587,8,0.01,0.01,0.25,0.3,55.7692337036,0,55.7692337036,55.7692337036,55.6490402222,0,55.6490402222,55.6490402222,1
288,588,8,0.01,0.01,0.25,0.5,55.7692337036,0,55.7692337036,55.7692337036,55.5288505554,0,55.5288505554,55.5288505554,1
289,666,8,0.0001,0,0.5,0.1,55.7692337036,0,55.7692337036,55.7692337036,55.6490402222,0,55.6490402222,55.6490402222,1
290,668,8,0.0001,0,0.5,0.5,55.7692337036,0,55.7692337036,55.7692337036,57.0913505554,0,57.0913505554,57.0913505554,1
291,895,16,0.0001,0.01,0.5,0.9,55.7692337036,0,55.7692337036,55.7692337036,56.971157074,0,56.971157074,56.971157074,1
292,559,8,0.01,0.0001,0.25,0.7,55.6490402222,0,55.6490402222,55.6490402222,55.408657074,0,55.408657074,55.408657074,1
293,571,8,0.01,0.001,0.25,0.1,55.6490402222,0,55.6490402222,55.6490402222,55.5288505554,0,55.5288505554,55.5288505554,1
294,574,8,0.01,0.001,0.25,0.7,55.6490402222,0,55.6490402222,55.6490402222,55.408657074,0,55.408657074,55.408657074,1
295,586,8,0.01,0.01,0.25,0.1,55.6490402222,0,55.6490402222,55.6490402222,55.6490402222,0,55.6490402222,55.6490402222,1
296,683,8,0.0001,0.0001,0.5,0.5,55.6490402222,0,55.6490402222,55.6490402222,57.6923065186,0,57.6923065186,57.6923065186,1
297,542,8,0.01,0,0.25,0.3,55.5288505554,0,55.5288505554,55.5288505554,56.8509635925,0,56.8509635925,56.8509635925,1
298,543,8,0.01,0,0.25,0.5,55.5288505554,0,55.5288505554,55.5288505554,56.7307701111,0,56.7307701111,56.7307701111,1
299,560,8,0.01,0.0001,0.25,0.9,55.5288505554,0,55.5288505554,55.5288505554,56.0096206665,0,56.0096206665,56.0096206665,1
300,589,8,0.01,0.01,0.25,0.7,55.5288505554,0,55.5288505554,55.5288505554,55.2884635925,0,55.2884635925,55.2884635925,1
301,575,8,0.01,0.001,0.25,0.9,55.408657074,0,55.408657074,55.408657074,56.1298065186,0,56.1298065186,56.1298065186,1
302,590,8,0.01,0.01,0.25,0.9,55.408657074,0,55.408657074,55.408657074,56.1298065186,0,56.1298065186,56.1298065186,1
303,850,16,0.0001,0,0.5,0.9,55.408657074,0,55.408657074,55.408657074,57.5721206665,0,57.5721206665,57.5721206665,1
304,309,2,0.0001,0,0.5,0.7,55.2884635925,0,55.2884635925,55.2884635925,56.4903869629,0,56.4903869629,56.4903869629,1
305,541,8,0.01,0,0.25,0.1,55.2884635925,0,55.2884635925,55.2884635925,56.7307701111,0,56.7307701111,56.7307701111,1
306,880,16,0.0001,0.001,0.5,0.9,55.2884635925,0,55.2884635925,55.2884635925,56.6105766296,0,56.6105766296,56.6105766296,1
307,307,2,0.0001,0,0.5,0.3,55.1682701111,0,55.1682701111,55.1682701111,55.6490402222,0,55.6490402222,55.6490402222,1
308,308,2,0.0001,0,0.5,0.5,55.1682701111,0,55.1682701111,55.1682701111,55.6490402222,0,55.6490402222,55.6490402222,1
309,544,8,0.01,0,0.25,0.7,55.1682701111,0,55.1682701111,55.1682701111,56.1298065186,0,56.1298065186,56.1298065186,1
310,306,2,0.0001,0,0.5,0.1,55.0480766296,0,55.0480766296,55.0480766296,55.408657074,0,55.408657074,55.408657074,1
311,393,4,0.01,0.001,0.25,0.5,54.9278869629,0,54.9278869629,54.9278869629,57.9326934814,0,57.9326934814,57.9326934814,1
312,408,4,0.01,0.01,0.25,0.5,54.9278869629,0,54.9278869629,54.9278869629,57.9326934814,0,57.9326934814,57.9326934814,1
313,545,8,0.01,0,0.25,0.9,54.9278869629,0,54.9278869629,54.9278869629,56.25,0,56.25,56.25,1
314,391,4,0.01,0.001,0.25,0.1,54.8076934814,0,54.8076934814,54.8076934814,57.8125,0,57.8125,57.8125,1
315,406,4,0.01,0.01,0.25,0.1,54.8076934814,0,54.8076934814,54.8076934814,57.8125,0,57.8125,57.8125,1
316,378,4,0.01,0.0001,0.25,0.5,54.6875,0,54.6875,54.6875,58.0528869629,0,58.0528869629,58.0528869629,1
317,392,4,0.01,0.001,0.25,0.3,54.6875,0,54.6875,54.6875,57.9326934814,0,57.9326934814,57.9326934814,1
318,395,4,0.01,0.001,0.25,0.9,54.6875,0,54.6875,54.6875,58.6538505554,0,58.6538505554,58.6538505554,1
319,407,4,0.01,0.01,0.25,0.3,54.6875,0,54.6875,54.6875,58.0528869629,0,58.0528869629,58.0528869629,1
320,410,4,0.01,0.01,0.25,0.9,54.6875,0,54.6875,54.6875,58.6538505554,0,58.6538505554,58.6538505554,1
321,1235,64,0.0001,0.001,0.25,0.9,54.6875,0,54.6875,54.6875,58.6538505554,0,58.6538505554,58.6538505554,1
322,1250,64,0.0001,0.01,0.25,0.9,54.6875,0,54.6875,54.6875,57.3317337036,0,57.3317337036,57.3317337036,1
323,270,2,0.001,0.0001,0.75,0.9,54.5673065186,0,54.5673065186,54.5673065186,56.25,0,56.25,56.25,1
324,376,4,0.01,0.0001,0.25,0.1,54.5673065186,0,54.5673065186,54.5673065186,58.0528869629,0,58.0528869629,58.0528869629,1
325,580,8,0.01,0.001,0.5,0.9,54.5673065186,0,54.5673065186,54.5673065186,55.1682701111,0,55.1682701111,55.1682701111,1
326,1010,32,0.001,0.01,0.25,0.9,54.5673065186,0,54.5673065186,54.5673065186,56.25,0,56.25,56.25,1
327,377,4,0.01,0.0001,0.25,0.3,54.4471130371,0,54.4471130371,54.4471130371,58.0528869629,0,58.0528869629,58.0528869629,1
328,380,4,0.01,0.0001,0.25,0.9,54.4471130371,0,54.4471130371,54.4471130371,58.4134635925,0,58.4134635925,58.4134635925,1
329,978,32,0.001,0.0001,0.25,0.5,54.4471130371,0,54.4471130371,54.4471130371,58.2932701111,0,58.2932701111,58.2932701111,1
330,995,32,0.001,0.001,0.25,0.9,54.4471130371,0,54.4471130371,54.4471130371,56.25,0,56.25,56.25,1
331,1205,64,0.0001,0,0.25,0.9,54.4471130371,0,54.4471130371,54.4471130371,58.1730766296,0,58.1730766296,58.1730766296,1
332,980,32,0.001,0.0001,0.25,0.9,54.3269271851,0,54.3269271851,54.3269271851,56.25,0,56.25,56.25,1
333,993,32,0.001,0.001,0.25,0.5,54.3269271851,0,54.3269271851,54.3269271851,58.533657074,0,58.533657074,58.533657074,1
334,1008,32,0.001,0.01,0.25,0.5,54.3269271851,0,54.3269271851,54.3269271851,58.2932701111,0,58.2932701111,58.2932701111,1
335,300,2,0.001,0.01,0.75,0.9,54.2067337036,0,54.2067337036,54.2067337036,55.6490402222,0,55.6490402222,55.6490402222,1
336,977,32,0.001,0.0001,0.25,0.3,54.2067337036,0,54.2067337036,54.2067337036,58.4134635925,0,58.4134635925,58.4134635925,1
337,979,32,0.001,0.0001,0.25,0.7,54.2067337036,0,54.2067337036,54.2067337036,59.4951934814,0,59.4951934814,59.4951934814,1
338,994,32,0.001,0.001,0.25,0.7,54.2067337036,0,54.2067337036,54.2067337036,59.4951934814,0,59.4951934814,59.4951934814,1
339,1039,32,0.0001,0.0001,0.25,0.7,54.2067337036,0,54.2067337036,54.2067337036,54.4471130371,0,54.4471130371,54.4471130371,1
340,1220,64,0.0001,0.0001,0.25,0.9,54.2067337036,0,54.2067337036,54.2067337036,56.3701934814,0,56.3701934814,56.3701934814,1
341,992,32,0.001,0.001,0.25,0.3,54.0865402222,0,54.0865402222,54.0865402222,58.1730766296,0,58.1730766296,58.1730766296,1
342,1007,32,0.001,0.01,0.25,0.3,54.0865402222,0,54.0865402222,54.0865402222,58.1730766296,0,58.1730766296,58.1730766296,1
343,1009,32,0.001,0.01,0.25,0.7,54.0865402222,0,54.0865402222,54.0865402222,59.4951934814,0,59.4951934814,59.4951934814,1
344,1054,32,0.0001,0.001,0.25,0.7,53.9663505554,0,53.9663505554,53.9663505554,54.3269271851,0,54.3269271851,54.3269271851,1
345,1069,32,0.0001,0.01,0.25,0.7,53.9663505554,0,53.9663505554,53.9663505554,54.8076934814,0,54.8076934814,54.8076934814,1
346,285,2,0.001,0.001,0.75,0.9,53.846157074,0,53.846157074,53.846157074,56.1298065186,0,56.1298065186,56.1298065186,1
347,577,8,0.01,0.001,0.5,0.3,53.846157074,0,53.846157074,53.846157074,53.125,0,53.125,53.125,1
348,578,8,0.01,0.001,0.5,0.5,53.846157074,0,53.846157074,53.846157074,53.0048065186,0,53.0048065186,53.0048065186,1
349,579,8,0.01,0.001,0.5,0.7,53.846157074,0,53.846157074,53.846157074,53.0048065186,0,53.0048065186,53.0048065186,1
350,592,8,0.01,0.01,0.5,0.3,53.846157074,0,53.846157074,53.846157074,53.0048065186,0,53.0048065186,53.0048065186,1
351,965,32,0.001,0,0.25,0.9,53.846157074,0,53.846157074,53.846157074,56.6105766296,0,56.6105766296,56.6105766296,1
352,297,2,0.001,0.01,0.75,0.3,53.7259635925,0,53.7259635925,53.7259635925,56.8509635925,0,56.8509635925,56.8509635925,1
353,576,8,0.01,0.001,0.5,0.1,53.7259635925,0,53.7259635925,53.7259635925,53.2451934814,0,53.2451934814,53.2451934814,1
354,591,8,0.01,0.01,0.5,0.1,53.7259635925,0,53.7259635925,53.7259635925,53.125,0,53.125,53.125,1
355,593,8,0.01,0.01,0.5,0.5,53.7259635925,0,53.7259635925,53.7259635925,53.0048065186,0,53.0048065186,53.0048065186,1
356,594,8,0.01,0.01,0.5,0.7,53.7259635925,0,53.7259635925,53.7259635925,53.0048065186,0,53.0048065186,53.0048065186,1
357,976,32,0.001,0.0001,0.25,0.1,53.7259635925,0,53.7259635925,53.7259635925,58.533657074,0,58.533657074,58.533657074,1
358,991,32,0.001,0.001,0.25,0.1,53.6057701111,0,53.6057701111,53.6057701111,58.2932701111,0,58.2932701111,58.2932701111,1
359,1006,32,0.001,0.01,0.25,0.1,53.6057701111,0,53.6057701111,53.6057701111,58.2932701111,0,58.2932701111,58.2932701111,1
360,281,2,0.001,0.001,0.75,0.1,53.4855766296,0,53.4855766296,53.4855766296,56.8509635925,0,56.8509635925,56.8509635925,1
361,790,16,0.001,0,0.5,0.9,53.4855766296,0,53.4855766296,53.4855766296,55.7692337036,0,55.7692337036,55.7692337036,1
362,194,2,0.01,0,0.75,0.7,53.3653869629,0,53.3653869629,53.3653869629,53.4855766296,0,53.4855766296,53.4855766296,1
363,330,2,0.0001,0.0001,0.75,0.9,53.3653869629,0,53.3653869629,53.3653869629,53.2451934814,0,53.2451934814,53.2451934814,1
364,1024,32,0.0001,0,0.25,0.7,53.3653869629,0,53.3653869629,53.3653869629,54.5673065186,0,54.5673065186,54.5673065186,1
365,282,2,0.001,0.001,0.75,0.3,53.2451934814,0,53.2451934814,53.2451934814,54.8076934814,0,54.8076934814,54.8076934814,1
366,540,4,0.0001,0.01,0.75,0.9,53.2451934814,0,53.2451934814,53.2451934814,54.3269271851,0,54.3269271851,54.3269271851,1
367,919,32,0.01,0.0001,0.25,0.7,53.2451934814,0,53.2451934814,53.2451934814,54.9278869629,0,54.9278869629,54.9278869629,1
368,1038,32,0.0001,0.0001,0.25,0.5,53.2451934814,0,53.2451934814,53.2451934814,54.5673065186,0,54.5673065186,54.5673065186,1
369,1068,32,0.0001,0.01,0.25,0.5,53.2451934814,0,53.2451934814,53.2451934814,54.5673065186,0,54.5673065186,54.5673065186,1
370,225,2,0.01,0.001,0.75,0.9,53.125,0,53.125,53.125,52.6442337036,0,52.6442337036,52.6442337036,1
371,255,2,0.001,0,0.75,0.9,53.125,0,53.125,53.125,55.0480766296,0,55.0480766296,55.0480766296,1
372,740,16,0.01,0.0001,0.25,0.9,53.125,0,53.125,53.125,56.7307701111,0,56.7307701111,56.7307701111,1
373,775,16,0.01,0.01,0.5,0.9,53.125,0,53.125,53.125,55.8894271851,0,55.8894271851,55.8894271851,1
374,804,16,0.001,0.0001,0.5,0.7,53.125,0,53.125,53.125,55.0480766296,0,55.0480766296,55.0480766296,1
375,834,16,0.001,0.01,0.5,0.7,53.125,0,53.125,53.125,54.6875,0,54.6875,54.6875,1
376,920,32,0.01,0.0001,0.25,0.9,53.125,0,53.125,53.125,55.7692337036,0,55.7692337036,55.7692337036,1
377,935,32,0.01,0.001,0.25,0.9,53.125,0,53.125,53.125,55.7692337036,0,55.7692337036,55.7692337036,1
378,962,32,0.001,0,0.25,0.3,53.125,0,53.125,53.125,55.5288505554,0,55.5288505554,55.5288505554,1
379,1053,32,0.0001,0.001,0.25,0.5,53.125,0,53.125,53.125,53.9663505554,0,53.9663505554,53.9663505554,1
380,240,2,0.01,0.01,0.75,0.9,53.0048065186,0,53.0048065186,53.0048065186,53.846157074,0,53.846157074,53.846157074,1
381,267,2,0.001,0.0001,0.75,0.3,53.0048065186,0,53.0048065186,53.0048065186,56.6105766296,0,56.6105766296,56.6105766296,1
382,296,2,0.001,0.01,0.75,0.1,53.0048065186,0,53.0048065186,53.0048065186,56.6105766296,0,56.6105766296,56.6105766296,1
383,450,4,0.001,0.0001,0.75,0.9,53.0048065186,0,53.0048065186,53.0048065186,55.2884635925,0,55.2884635925,55.2884635925,1
384,550,8,0.01,0,0.5,0.9,53.0048065186,0,53.0048065186,53.0048065186,55.2884635925,0,55.2884635925,55.2884635925,1
385,739,16,0.01,0.0001,0.25,0.7,53.0048065186,0,53.0048065186,53.0048065186,56.25,0,56.25,56.25,1
386,745,16,0.01,0.0001,0.5,0.9,53.0048065186,0,53.0048065186,53.0048065186,54.6875,0,54.6875,54.6875,1
387,751,16,0.01,0.001,0.25,0.1,53.0048065186,0,53.0048065186,53.0048065186,55.6490402222,0,55.6490402222,55.6490402222,1
388,754,16,0.01,0.001,0.25,0.7,53.0048065186,0,53.0048065186,53.0048065186,56.3701934814,0,56.3701934814,56.3701934814,1
389,755,16,0.01,0.001,0.25,0.9,53.0048065186,0,53.0048065186,53.0048065186,56.6105766296,0,56.6105766296,56.6105766296,1
390,766,16,0.01,0.01,0.25,0.1,53.0048065186,0,53.0048065186,53.0048065186,55.6490402222,0,55.6490402222,55.6490402222,1
391,769,16,0.01,0.01,0.25,0.7,53.0048065186,0,53.0048065186,53.0048065186,56.3701934814,0,56.3701934814,56.3701934814,1
392,819,16,0.001,0.001,0.5,0.7,53.0048065186,0,53.0048065186,53.0048065186,54.6875,0,54.6875,54.6875,1
393,949,32,0.01,0.01,0.25,0.7,53.0048065186,0,53.0048065186,53.0048065186,54.6875,0,54.6875,54.6875,1
394,963,32,0.001,0,0.25,0.5,53.0048065186,0,53.0048065186,53.0048065186,58.0528869629,0,58.0528869629,58.0528869629,1
395,224,2,0.01,0.001,0.75,0.7,52.8846130371,0,52.8846130371,52.8846130371,51.9230766296,0,51.9230766296,51.9230766296,1
396,268,2,0.001,0.0001,0.75,0.5,52.8846130371,0,52.8846130371,52.8846130371,57.0913505554,0,57.0913505554,57.0913505554,1
397,283,2,0.001,0.001,0.75,0.5,52.8846130371,0,52.8846130371,52.8846130371,53.4855766296,0,53.4855766296,53.4855766296,1
398,298,2,0.001,0.01,0.75,0.5,52.8846130371,0,52.8846130371,52.8846130371,53.9663505554,0,53.9663505554,53.9663505554,1
399,465,4,0.001,0.001,0.75,0.9,52.8846130371,0,52.8846130371,52.8846130371,56.0096206665,0,56.0096206665,56.0096206665,1
400,725,16,0.01,0,0.25,0.9,52.8846130371,0,52.8846130371,52.8846130371,56.4903869629,0,56.4903869629,56.4903869629,1
401,736,16,0.01,0.0001,0.25,0.1,52.8846130371,0,52.8846130371,52.8846130371,55.408657074,0,55.408657074,55.408657074,1
402,738,16,0.01,0.0001,0.25,0.5,52.8846130371,0,52.8846130371,52.8846130371,56.25,0,56.25,56.25,1
403,753,16,0.01,0.001,0.25,0.5,52.8846130371,0,52.8846130371,52.8846130371,56.3701934814,0,56.3701934814,56.3701934814,1
404,768,16,0.01,0.01,0.25,0.5,52.8846130371,0,52.8846130371,52.8846130371,56.4903869629,0,56.4903869629,56.4903869629,1
405,770,16,0.01,0.01,0.25,0.9,52.8846130371,0,52.8846130371,52.8846130371,56.4903869629,0,56.4903869629,56.4903869629,1
406,771,16,0.01,0.01,0.5,0.1,52.8846130371,0,52.8846130371,52.8846130371,55.6490402222,0,55.6490402222,55.6490402222,1
407,772,16,0.01,0.01,0.5,0.3,52.8846130371,0,52.8846130371,52.8846130371,55.2884635925,0,55.2884635925,55.2884635925,1
408,774,16,0.01,0.01,0.5,0.7,52.8846130371,0,52.8846130371,52.8846130371,55.5288505554,0,55.5288505554,55.5288505554,1
409,222,2,0.01,0.001,0.75,0.3,52.7644271851,0,52.7644271851,52.7644271851,52.1634635925,0,52.1634635925,52.1634635925,1
410,269,2,0.001,0.0001,0.75,0.7,52.7644271851,0,52.7644271851,52.7644271851,56.0096206665,0,56.0096206665,56.0096206665,1
411,756,16,0.01,0.001,0.5,0.1,52.7644271851,0,52.7644271851,52.7644271851,55.7692337036,0,55.7692337036,55.7692337036,1
412,757,16,0.01,0.001,0.5,0.3,52.7644271851,0,52.7644271851,52.7644271851,55.408657074,0,55.408657074,55.408657074,1
413,759,16,0.01,0.001,0.5,0.7,52.7644271851,0,52.7644271851,52.7644271851,55.6490402222,0,55.6490402222,55.6490402222,1
414,760,16,0.01,0.001,0.5,0.9,52.7644271851,0,52.7644271851,52.7644271851,56.1298065186,0,56.1298065186,56.1298065186,1
415,767,16,0.01,0.01,0.25,0.3,52.7644271851,0,52.7644271851,52.7644271851,56.0096206665,0,56.0096206665,56.0096206665,1
416,773,16,0.01,0.01,0.5,0.5,52.7644271851,0,52.7644271851,52.7644271851,55.5288505554,0,55.5288505554,55.5288505554,1
417,904,32,0.01,0,0.25,0.7,52.7644271851,0,52.7644271851,52.7644271851,53.0048065186,0,53.0048065186,53.0048065186,1
418,221,2,0.01,0.001,0.75,0.1,52.6442337036,0,52.6442337036,52.6442337036,52.1634635925,0,52.1634635925,52.1634635925,1
419,266,2,0.001,0.0001,0.75,0.1,52.6442337036,0,52.6442337036,52.6442337036,56.7307701111,0,56.7307701111,56.7307701111,1
420,284,2,0.001,0.001,0.75,0.7,52.6442337036,0,52.6442337036,52.6442337036,56.4903869629,0,56.4903869629,56.4903869629,1
421,299,2,0.001,0.01,0.75,0.7,52.6442337036,0,52.6442337036,52.6442337036,56.1298065186,0,56.1298065186,56.1298065186,1
422,723,16,0.01,0,0.25,0.5,52.6442337036,0,52.6442337036,52.6442337036,55.0480766296,0,55.0480766296,55.0480766296,1
423,737,16,0.01,0.0001,0.25,0.3,52.6442337036,0,52.6442337036,52.6442337036,55.8894271851,0,55.8894271851,55.8894271851,1
424,849,16,0.0001,0,0.5,0.7,52.6442337036,0,52.6442337036,52.6442337036,53.6057701111,0,53.6057701111,53.6057701111,1
425,894,16,0.0001,0.01,0.5,0.7,52.6442337036,0,52.6442337036,52.6442337036,53.9663505554,0,53.9663505554,53.9663505554,1
426,964,32,0.001,0,0.25,0.7,52.6442337036,0,52.6442337036,52.6442337036,59.0144271851,0,59.0144271851,59.0144271851,1
427,1051,32,0.0001,0.001,0.25,0.1,52.6442337036,0,52.6442337036,52.6442337036,54.4471130371,0,54.4471130371,54.4471130371,1
428,345,2,0.0001,0.001,0.75,0.9,52.5240402222,0,52.5240402222,52.5240402222,53.7259635925,0,53.7259635925,53.7259635925,1
429,510,4,0.0001,0.0001,0.75,0.9,52.5240402222,0,52.5240402222,52.5240402222,53.0048065186,0,53.0048065186,53.0048065186,1
430,525,4,0.0001,0.001,0.75,0.9,52.5240402222,0,52.5240402222,52.5240402222,53.0048065186,0,53.0048065186,53.0048065186,1
431,549,8,0.01,0,0.5,0.7,52.5240402222,0,52.5240402222,52.5240402222,53.9663505554,0,53.9663505554,53.9663505554,1
432,752,16,0.01,0.001,0.25,0.3,52.5240402222,0,52.5240402222,52.5240402222,56.0096206665,0,56.0096206665,56.0096206665,1
433,758,16,0.01,0.001,0.5,0.5,52.5240402222,0,52.5240402222,52.5240402222,55.6490402222,0,55.6490402222,55.6490402222,1
434,879,16,0.0001,0.001,0.5,0.7,52.5240402222,0,52.5240402222,52.5240402222,53.0048065186,0,53.0048065186,53.0048065186,1
435,934,32,0.01,0.001,0.25,0.7,52.5240402222,0,52.5240402222,52.5240402222,54.4471130371,0,54.4471130371,54.4471130371,1
436,961,32,0.001,0,0.25,0.1,52.5240402222,0,52.5240402222,52.5240402222,56.0096206665,0,56.0096206665,56.0096206665,1
437,1037,32,0.0001,0.0001,0.25,0.3,52.5240402222,0,52.5240402222,52.5240402222,55.2884635925,0,55.2884635925,55.2884635925,1
438,1045,32,0.0001,0.0001,0.5,0.9,52.5240402222,0,52.5240402222,52.5240402222,55.0480766296,0,55.0480766296,55.0480766296,1
439,1066,32,0.0001,0.01,0.25,0.1,52.5240402222,0,52.5240402222,52.5240402222,54.6875,0,54.6875,54.6875,1
440,1067,32,0.0001,0.01,0.25,0.3,52.5240402222,0,52.5240402222,52.5240402222,55.2884635925,0,55.2884635925,55.2884635925,1
441,1075,32,0.0001,0.01,0.5,0.9,52.5240402222,0,52.5240402222,52.5240402222,54.4471130371,0,54.4471130371,54.4471130371,1
442,254,2,0.001,0,0.75,0.7,52.4038505554,0,52.4038505554,52.4038505554,54.8076934814,0,54.8076934814,54.8076934814,1
443,547,8,0.01,0,0.5,0.3,52.4038505554,0,52.4038505554,52.4038505554,53.7259635925,0,53.7259635925,53.7259635925,1
444,548,8,0.01,0,0.5,0.5,52.4038505554,0,52.4038505554,52.4038505554,53.6057701111,0,53.6057701111,53.6057701111,1
445,730,16,0.01,0,0.5,0.9,52.4038505554,0,52.4038505554,52.4038505554,54.3269271851,0,54.3269271851,54.3269271851,1
446,864,16,0.0001,0.0001,0.5,0.7,52.4038505554,0,52.4038505554,52.4038505554,54.2067337036,0,54.2067337036,54.2067337036,1
447,878,16,0.0001,0.001,0.5,0.5,52.4038505554,0,52.4038505554,52.4038505554,53.4855766296,0,53.4855766296,53.4855766296,1
448,1036,32,0.0001,0.0001,0.25,0.1,52.4038505554,0,52.4038505554,52.4038505554,54.5673065186,0,54.5673065186,54.5673065186,1
449,360,2,0.0001,0.01,0.75,0.9,52.283657074,0,52.283657074,52.283657074,54.0865402222,0,54.0865402222,54.0865402222,1
450,903,32,0.01,0,0.25,0.5,52.283657074,0,52.283657074,52.283657074,52.6442337036,0,52.6442337036,52.6442337036,1
451,1021,32,0.0001,0,0.25,0.1,52.283657074,0,52.283657074,52.283657074,52.5240402222,0,52.5240402222,52.5240402222,1
452,1052,32,0.0001,0.001,0.25,0.3,52.283657074,0,52.283657074,52.283657074,55.2884635925,0,55.2884635925,55.2884635925,1
453,195,2,0.01,0,0.75,0.9,52.1634635925,0,52.1634635925,52.1634635925,52.5240402222,0,52.5240402222,52.5240402222,1
454,208,2,0.01,0.0001,0.75,0.5,52.1634635925,0,52.1634635925,52.1634635925,54.3269271851,0,54.3269271851,54.3269271851,1
455,223,2,0.01,0.001,0.75,0.5,52.1634635925,0,52.1634635925,52.1634635925,51.8028869629,0,51.8028869629,51.8028869629,1
456,239,2,0.01,0.01,0.75,0.7,52.1634635925,0,52.1634635925,52.1634635925,52.7644271851,0,52.7644271851,52.7644271851,1
457,252,2,0.001,0,0.75,0.3,52.1634635925,0,52.1634635925,52.1634635925,55.1682701111,0,55.1682701111,55.1682701111,1
458,495,4,0.0001,0,0.75,0.9,52.1634635925,0,52.1634635925,52.1634635925,53.846157074,0,53.846157074,53.846157074,1
459,787,16,0.001,0,0.5,0.3,52.1634635925,0,52.1634635925,52.1634635925,54.2067337036,0,54.2067337036,54.2067337036,1
460,893,16,0.0001,0.01,0.5,0.5,52.1634635925,0,52.1634635925,52.1634635925,53.4855766296,0,53.4855766296,53.4855766296,1
461,947,32,0.01,0.01,0.25,0.3,52.1634635925,0,52.1634635925,52.1634635925,54.4471130371,0,54.4471130371,54.4471130371,1
462,1060,32,0.0001,0.001,0.5,0.9,52.1634635925,0,52.1634635925,52.1634635925,54.8076934814,0,54.8076934814,54.8076934814,1
463,251,2,0.001,0,0.75,0.1,52.0432701111,0,52.0432701111,52.0432701111,55.2884635925,0,55.2884635925,55.2884635925,1
464,546,8,0.01,0,0.5,0.1,52.0432701111,0,52.0432701111,52.0432701111,53.7259635925,0,53.7259635925,53.7259635925,1
465,565,8,0.01,0.0001,0.5,0.9,52.0432701111,0,52.0432701111,52.0432701111,55.6490402222,0,55.6490402222,55.6490402222,1
466,724,16,0.01,0,0.25,0.7,52.0432701111,0,52.0432701111,52.0432701111,54.9278869629,0,54.9278869629,54.9278869629,1
467,744,16,0.01,0.0001,0.5,0.7,52.0432701111,0,52.0432701111,52.0432701111,55.6490402222,0,55.6490402222,55.6490402222,1
468,863,16,0.0001,0.0001,0.5,0.5,52.0432701111,0,52.0432701111,52.0432701111,53.9663505554,0,53.9663505554,53.9663505554,1
469,892,16,0.0001,0.01,0.5,0.3,52.0432701111,0,52.0432701111,52.0432701111,53.2451934814,0,53.2451934814,53.2451934814,1
470,1023,32,0.0001,0,0.25,0.5,52.0432701111,0,52.0432701111,52.0432701111,52.6442337036,0,52.6442337036,52.6442337036,1
471,210,2,0.01,0.0001,0.75,0.9,51.9230766296,0,51.9230766296,51.9230766296,54.5673065186,0,54.5673065186,54.5673065186,1
472,253,2,0.001,0,0.75,0.5,51.9230766296,0,51.9230766296,51.9230766296,54.6875,0,54.6875,54.6875,1
473,448,4,0.001,0.0001,0.75,0.5,51.9230766296,0,51.9230766296,51.9230766296,54.9278869629,0,54.9278869629,54.9278869629,1
474,721,16,0.01,0,0.25,0.1,51.9230766296,0,51.9230766296,51.9230766296,56.4903869629,0,56.4903869629,56.4903869629,1
475,722,16,0.01,0,0.25,0.3,51.9230766296,0,51.9230766296,51.9230766296,54.9278869629,0,54.9278869629,54.9278869629,1
476,741,16,0.01,0.0001,0.5,0.1,51.9230766296,0,51.9230766296,51.9230766296,55.7692337036,0,55.7692337036,55.7692337036,1
477,786,16,0.001,0,0.5,0.1,51.9230766296,0,51.9230766296,51.9230766296,53.7259635925,0,53.7259635925,53.7259635925,1
478,789,16,0.001,0,0.5,0.7,51.9230766296,0,51.9230766296,51.9230766296,54.6875,0,54.6875,54.6875,1
479,817,16,0.001,0.001,0.5,0.3,51.9230766296,0,51.9230766296,51.9230766296,53.6057701111,0,53.6057701111,53.6057701111,1
480,846,16,0.0001,0,0.5,0.1,51.9230766296,0,51.9230766296,51.9230766296,52.7644271851,0,52.7644271851,52.7644271851,1
481,847,16,0.0001,0,0.5,0.3,51.9230766296,0,51.9230766296,51.9230766296,53.3653869629,0,53.3653869629,53.3653869629,1
482,848,16,0.0001,0,0.5,0.5,51.9230766296,0,51.9230766296,51.9230766296,53.7259635925,0,53.7259635925,53.7259635925,1
483,862,16,0.0001,0.0001,0.5,0.3,51.9230766296,0,51.9230766296,51.9230766296,54.2067337036,0,54.2067337036,54.2067337036,1
484,933,32,0.01,0.001,0.25,0.5,51.9230766296,0,51.9230766296,51.9230766296,54.2067337036,0,54.2067337036,54.2067337036,1
485,948,32,0.01,0.01,0.25,0.5,51.9230766296,0,51.9230766296,51.9230766296,54.3269271851,0,54.3269271851,54.3269271851,1
486,237,2,0.01,0.01,0.75,0.3,51.8028869629,0,51.8028869629,51.8028869629,55.1682701111,0,55.1682701111,55.1682701111,1
487,238,2,0.01,0.01,0.75,0.5,51.8028869629,0,51.8028869629,51.8028869629,55.0480766296,0,55.0480766296,55.0480766296,1
488,562,8,0.01,0.0001,0.5,0.3,51.8028869629,0,51.8028869629,51.8028869629,54.8076934814,0,54.8076934814,54.8076934814,1
489,563,8,0.01,0.0001,0.5,0.5,51.8028869629,0,51.8028869629,51.8028869629,54.9278869629,0,54.9278869629,54.9278869629,1
490,564,8,0.01,0.0001,0.5,0.7,51.8028869629,0,51.8028869629,51.8028869629,55.0480766296,0,55.0480766296,55.0480766296,1
491,595,8,0.01,0.01,0.5,0.9,51.8028869629,0,51.8028869629,51.8028869629,55.7692337036,0,55.7692337036,55.7692337036,1
492,742,16,0.01,0.0001,0.5,0.3,51.8028869629,0,51.8028869629,51.8028869629,55.408657074,0,55.408657074,55.408657074,1
493,788,16,0.001,0,0.5,0.5,51.8028869629,0,51.8028869629,51.8028869629,54.4471130371,0,54.4471130371,54.4471130371,1
494,832,16,0.001,0.01,0.5,0.3,51.8028869629,0,51.8028869629,51.8028869629,53.846157074,0,53.846157074,53.846157074,1
495,861,16,0.0001,0.0001,0.5,0.1,51.8028869629,0,51.8028869629,51.8028869629,53.125,0,53.125,53.125,1
496,877,16,0.0001,0.001,0.5,0.3,51.8028869629,0,51.8028869629,51.8028869629,53.2451934814,0,53.2451934814,53.2451934814,1
497,902,32,0.01,0,0.25,0.3,51.8028869629,0,51.8028869629,51.8028869629,53.0048065186,0,53.0048065186,53.0048065186,1
498,905,32,0.01,0,0.25,0.9,51.8028869629,0,51.8028869629,51.8028869629,54.3269271851,0,54.3269271851,54.3269271851,1
499,1022,32,0.0001,0,0.25,0.3,51.8028869629,0,51.8028869629,51.8028869629,52.7644271851,0,52.7644271851,52.7644271851,1
500,1030,32,0.0001,0,0.5,0.9,51.8028869629,0,51.8028869629,51.8028869629,53.846157074,0,53.846157074,53.846157074,1
501,193,2,0.01,0,0.75,0.5,51.6826934814,0,51.6826934814,51.6826934814,53.7259635925,0,53.7259635925,53.7259635925,1
502,209,2,0.01,0.0001,0.75,0.7,51.6826934814,0,51.6826934814,51.6826934814,55.1682701111,0,55.1682701111,55.1682701111,1
503,236,2,0.01,0.01,0.75,0.1,51.6826934814,0,51.6826934814,51.6826934814,55.2884635925,0,55.2884635925,55.2884635925,1
504,343,2,0.0001,0.001,0.75,0.5,51.6826934814,0,51.6826934814,51.6826934814,51.9230766296,0,51.9230766296,51.9230766296,1
505,480,4,0.001,0.01,0.75,0.9,51.6826934814,0,51.6826934814,51.6826934814,55.8894271851,0,55.8894271851,55.8894271851,1
506,561,8,0.01,0.0001,0.5,0.1,51.6826934814,0,51.6826934814,51.6826934814,54.8076934814,0,54.8076934814,54.8076934814,1
507,726,16,0.01,0,0.5,0.1,51.6826934814,0,51.6826934814,51.6826934814,53.4855766296,0,53.4855766296,53.4855766296,1
508,743,16,0.01,0.0001,0.5,0.5,51.6826934814,0,51.6826934814,51.6826934814,55.7692337036,0,55.7692337036,55.7692337036,1
509,802,16,0.001,0.0001,0.5,0.3,51.6826934814,0,51.6826934814,51.6826934814,53.7259635925,0,53.7259635925,53.7259635925,1
510,805,16,0.001,0.0001,0.5,0.9,51.6826934814,0,51.6826934814,51.6826934814,53.7259635925,0,53.7259635925,53.7259635925,1
511,891,16,0.0001,0.01,0.5,0.1,51.6826934814,0,51.6826934814,51.6826934814,52.7644271851,0,52.7644271851,52.7644271851,1
512,1158,64,0.001,0.0001,0.25,0.5,51.6826934814,0,51.6826934814,51.6826934814,54.0865402222,0,54.0865402222,54.0865402222,1
513,1173,64,0.001,0.001,0.25,0.5,51.6826934814,0,51.6826934814,51.6826934814,54.2067337036,0,54.2067337036,54.2067337036,1
514,1188,64,0.001,0.01,0.25,0.5,51.6826934814,0,51.6826934814,51.6826934814,54.2067337036,0,54.2067337036,54.2067337036,1
515,10,0,0.01,0,0.5,0.9,51.5625,0,51.5625,51.5625,48.6778869629,0,48.6778869629,48.6778869629,1
516,727,16,0.01,0,0.5,0.3,51.5625,0,51.5625,51.5625,53.6057701111,0,53.6057701111,53.6057701111,1
517,818,16,0.001,0.001,0.5,0.5,51.5625,0,51.5625,51.5625,53.9663505554,0,53.9663505554,53.9663505554,1
518,876,16,0.0001,0.001,0.5,0.1,51.5625,0,51.5625,51.5625,52.6442337036,0,52.6442337036,52.6442337036,1
519,901,32,0.01,0,0.25,0.1,51.5625,0,51.5625,51.5625,53.6057701111,0,53.6057701111,53.6057701111,1
520,925,32,0.01,0.0001,0.5,0.9,51.5625,0,51.5625,51.5625,54.8076934814,0,54.8076934814,54.8076934814,1
521,326,2,0.0001,0.0001,0.75,0.1,51.4423065186,0,51.4423065186,51.4423065186,52.4038505554,0,52.4038505554,52.4038505554,1
522,359,2,0.0001,0.01,0.75,0.7,51.4423065186,0,51.4423065186,51.4423065186,53.4855766296,0,53.4855766296,53.4855766296,1
523,435,4,0.001,0,0.75,0.9,51.4423065186,0,51.4423065186,51.4423065186,54.9278869629,0,54.9278869629,54.9278869629,1
524,728,16,0.01,0,0.5,0.5,51.4423065186,0,51.4423065186,51.4423065186,53.3653869629,0,53.3653869629,53.3653869629,1
525,803,16,0.001,0.0001,0.5,0.5,51.4423065186,0,51.4423065186,51.4423065186,53.9663505554,0,53.9663505554,53.9663505554,1
526,816,16,0.001,0.001,0.5,0.1,51.4423065186,0,51.4423065186,51.4423065186,53.125,0,53.125,53.125,1
527,820,16,0.001,0.001,0.5,0.9,51.4423065186,0,51.4423065186,51.4423065186,53.6057701111,0,53.6057701111,53.6057701111,1
528,831,16,0.001,0.01,0.5,0.1,51.4423065186,0,51.4423065186,51.4423065186,53.2451934814,0,53.2451934814,53.2451934814,1
529,835,16,0.001,0.01,0.5,0.9,51.4423065186,0,51.4423065186,51.4423065186,53.6057701111,0,53.6057701111,53.6057701111,1
530,940,32,0.01,0.001,0.5,0.9,51.4423065186,0,51.4423065186,51.4423065186,54.2067337036,0,54.2067337036,54.2067337036,1
531,315,2,0.0001,0,0.75,0.9,51.3221130371,0,51.3221130371,51.3221130371,52.4038505554,0,52.4038505554,52.4038505554,1
532,327,2,0.0001,0.0001,0.75,0.3,51.3221130371,0,51.3221130371,51.3221130371,51.6826934814,0,51.6826934814,51.6826934814,1
533,328,2,0.0001,0.0001,0.75,0.5,51.3221130371,0,51.3221130371,51.3221130371,52.8846130371,0,52.8846130371,52.8846130371,1
534,357,2,0.0001,0.01,0.75,0.3,51.3221130371,0,51.3221130371,51.3221130371,52.0432701111,0,52.0432701111,52.0432701111,1
535,464,4,0.001,0.001,0.75,0.7,51.3221130371,0,51.3221130371,51.3221130371,54.2067337036,0,54.2067337036,54.2067337036,1
536,729,16,0.01,0,0.5,0.7,51.3221130371,0,51.3221130371,51.3221130371,50.3605766296,0,50.3605766296,50.3605766296,1
537,833,16,0.001,0.01,0.5,0.5,51.3221130371,0,51.3221130371,51.3221130371,53.9663505554,0,53.9663505554,53.9663505554,1
538,1240,64,0.0001,0.001,0.5,0.9,51.3221130371,0,51.3221130371,51.3221130371,54.6875,0,54.6875,54.6875,1
539,1255,64,0.0001,0.01,0.5,0.9,51.3221130371,0,51.3221130371,51.3221130371,54.9278869629,0,54.9278869629,54.9278869629,1
540,192,2,0.01,0,0.75,0.3,51.2019271851,0,51.2019271851,51.2019271851,51.5625,0,51.5625,51.5625,1
541,329,2,0.0001,0.0001,0.75,0.7,51.2019271851,0,51.2019271851,51.2019271851,52.8846130371,0,52.8846130371,52.8846130371,1
542,344,2,0.0001,0.001,0.75,0.7,51.2019271851,0,51.2019271851,51.2019271851,53.0048065186,0,53.0048065186,53.0048065186,1
543,358,2,0.0001,0.01,0.75,0.5,51.2019271851,0,51.2019271851,51.2019271851,53.7259635925,0,53.7259635925,53.7259635925,1
544,433,4,0.001,0,0.75,0.5,51.2019271851,0,51.2019271851,51.2019271851,52.0432701111,0,52.0432701111,52.0432701111,1
545,447,4,0.001,0.0001,0.75,0.3,51.2019271851,0,51.2019271851,51.2019271851,54.5673065186,0,54.5673065186,54.5673065186,1
546,462,4,0.001,0.001,0.75,0.3,51.2019271851,0,51.2019271851,51.2019271851,54.5673065186,0,54.5673065186,54.5673065186,1
547,463,4,0.001,0.001,0.75,0.5,51.2019271851,0,51.2019271851,51.2019271851,54.8076934814,0,54.8076934814,54.8076934814,1
548,476,4,0.001,0.01,0.75,0.1,51.2019271851,0,51.2019271851,51.2019271851,54.3269271851,0,54.3269271851,54.3269271851,1
549,801,16,0.001,0.0001,0.5,0.1,51.2019271851,0,51.2019271851,51.2019271851,53.125,0,53.125,53.125,1
550,449,4,0.001,0.0001,0.75,0.7,51.0817337036,0,51.0817337036,51.0817337036,54.0865402222,0,54.0865402222,54.0865402222,1
551,461,4,0.001,0.001,0.75,0.1,51.0817337036,0,51.0817337036,51.0817337036,54.3269271851,0,54.3269271851,54.3269271851,1
552,477,4,0.001,0.01,0.75,0.3,51.0817337036,0,51.0817337036,51.0817337036,54.4471130371,0,54.4471130371,54.4471130371,1
553,478,4,0.001,0.01,0.75,0.5,51.0817337036,0,51.0817337036,51.0817337036,54.6875,0,54.6875,54.6875,1
554,6,0,0.01,0,0.5,0.1,50.9615402222,0,50.9615402222,50.9615402222,49.0384635925,0,49.0384635925,49.0384635925,1
555,404,4,0.01,0.001,0.75,0.7,50.9615402222,0,50.9615402222,50.9615402222,52.4038505554,0,52.4038505554,52.4038505554,1
556,446,4,0.001,0.0001,0.75,0.1,50.9615402222,0,50.9615402222,50.9615402222,54.2067337036,0,54.2067337036,54.2067337036,1
557,479,4,0.001,0.01,0.75,0.7,50.9615402222,0,50.9615402222,50.9615402222,54.0865402222,0,54.0865402222,54.0865402222,1
558,1099,64,0.01,0.0001,0.25,0.7,50.9615402222,0,50.9615402222,50.9615402222,51.6826934814,0,51.6826934814,51.6826934814,1
559,419,4,0.01,0.01,0.75,0.7,50.8413505554,0,50.8413505554,50.8413505554,52.6442337036,0,52.6442337036,52.6442337036,1
560,705,8,0.0001,0.001,0.75,0.9,50.8413505554,0,50.8413505554,50.8413505554,51.3221130371,0,51.3221130371,51.3221130371,1
561,1115,64,0.01,0.001,0.25,0.9,50.8413505554,0,50.8413505554,50.8413505554,51.5625,0,51.5625,51.5625,1
562,1130,64,0.01,0.01,0.25,0.9,50.8413505554,0,50.8413505554,50.8413505554,51.3221130371,0,51.3221130371,51.3221130371,1
563,9,0,0.01,0,0.5,0.7,50.721157074,0,50.721157074,50.721157074,50.4807701111,0,50.4807701111,50.4807701111,1
564,314,2,0.0001,0,0.75,0.7,50.721157074,0,50.721157074,50.721157074,51.3221130371,0,51.3221130371,51.3221130371,1
565,341,2,0.0001,0.001,0.75,0.1,50.721157074,0,50.721157074,50.721157074,50.8413505554,0,50.8413505554,50.8413505554,1
566,356,2,0.0001,0.01,0.75,0.1,50.721157074,0,50.721157074,50.721157074,51.5625,0,51.5625,51.5625,1
567,675,8,0.0001,0,0.75,0.9,50.721157074,0,50.721157074,50.721157074,51.6826934814,0,51.6826934814,51.6826934814,1
568,690,8,0.0001,0.0001,0.75,0.9,50.721157074,0,50.721157074,50.721157074,51.5625,0,51.5625,51.5625,1
569,8,0,0.01,0,0.5,0.5,50.6009635925,0,50.6009635925,50.6009635925,50,0,50,50,1
570,206,2,0.01,0.0001,0.75,0.1,50.6009635925,0,50.6009635925,50.6009635925,54.9278869629,0,54.9278869629,54.9278869629,1
571,418,4,0.01,0.01,0.75,0.5,50.6009635925,0,50.6009635925,50.6009635925,53.0048065186,0,53.0048065186,53.0048065186,1
572,431,4,0.001,0,0.75,0.1,50.6009635925,0,50.6009635925,50.6009635925,53.125,0,53.125,53.125,1
573,539,4,0.0001,0.01,0.75,0.7,50.6009635925,0,50.6009635925,50.6009635925,52.5240402222,0,52.5240402222,52.5240402222,1
574,720,8,0.0001,0.01,0.75,0.9,50.6009635925,0,50.6009635925,50.6009635925,51.6826934814,0,51.6826934814,51.6826934814,1
575,1100,64,0.01,0.0001,0.25,0.9,50.6009635925,0,50.6009635925,50.6009635925,51.4423065186,0,51.4423065186,51.4423065186,1
576,1225,64,0.0001,0.0001,0.5,0.9,50.6009635925,0,50.6009635925,50.6009635925,54.8076934814,0,54.8076934814,54.8076934814,1
577,342,2,0.0001,0.001,0.75,0.3,50.4807701111,0,50.4807701111,50.4807701111,51.8028869629,0,51.8028869629,51.8028869629,1
578,403,4,0.01,0.001,0.75,0.5,50.4807701111,0,50.4807701111,50.4807701111,52.8846130371,0,52.8846130371,52.8846130371,1
579,405,4,0.01,0.001,0.75,0.9,50.4807701111,0,50.4807701111,50.4807701111,52.0432701111,0,52.0432701111,52.0432701111,1
580,1114,64,0.01,0.001,0.25,0.7,50.4807701111,0,50.4807701111,50.4807701111,51.9230766296,0,51.9230766296,51.9230766296,1
581,1143,64,0.001,0,0.25,0.5,50.4807701111,0,50.4807701111,50.4807701111,54.2067337036,0,54.2067337036,54.2067337036,1
582,1157,64,0.001,0.0001,0.25,0.3,50.4807701111,0,50.4807701111,50.4807701111,53.846157074,0,53.846157074,53.846157074,1
583,1172,64,0.001,0.001,0.25,0.3,50.4807701111,0,50.4807701111,50.4807701111,53.846157074,0,53.846157074,53.846157074,1
584,1187,64,0.001,0.01,0.25,0.3,50.4807701111,0,50.4807701111,50.4807701111,53.846157074,0,53.846157074,53.846157074,1
585,1210,64,0.0001,0,0.5,0.9,50.4807701111,0,50.4807701111,50.4807701111,54.5673065186,0,54.5673065186,54.5673065186,1
586,207,2,0.01,0.0001,0.75,0.3,50.3605766296,0,50.3605766296,50.3605766296,53.6057701111,0,53.6057701111,53.6057701111,1
587,524,4,0.0001,0.001,0.75,0.7,50.3605766296,0,50.3605766296,50.3605766296,52.5240402222,0,52.5240402222,52.5240402222,1
588,955,32,0.01,0.01,0.5,0.9,50.3605766296,0,50.3605766296,50.3605766296,50.3605766296,0,50.3605766296,50.3605766296,1
589,1129,64,0.01,0.01,0.25,0.7,50.3605766296,0,50.3605766296,50.3605766296,51.6826934814,0,51.6826934814,51.6826934814,1
590,1141,64,0.001,0,0.25,0.1,50.3605766296,0,50.3605766296,50.3605766296,54.2067337036,0,54.2067337036,54.2067337036,1
591,191,2,0.01,0,0.75,0.1,50.2403869629,0,50.2403869629,50.2403869629,51.2019271851,0,51.2019271851,51.2019271851,1
592,910,32,0.01,0,0.5,0.9,50.2403869629,0,50.2403869629,50.2403869629,46.7548103333,0,46.7548103333,46.7548103333,1
593,1175,64,0.001,0.001,0.25,0.9,50.2403869629,0,50.2403869629,50.2403869629,52.6442337036,0,52.6442337036,52.6442337036,1
594,1190,64,0.001,0.01,0.25,0.9,50.2403869629,0,50.2403869629,50.2403869629,52.6442337036,0,52.6442337036,52.6442337036,1
595,26,0,0.01,0.0001,0.75,0.1,50.1201934814,0,50.1201934814,50.1201934814,50.9615402222,0,50.9615402222,50.9615402222,1
596,312,2,0.0001,0,0.75,0.3,50.1201934814,0,50.1201934814,50.1201934814,50.4807701111,0,50.4807701111,50.4807701111,1
597,387,4,0.01,0.0001,0.75,0.3,50.1201934814,0,50.1201934814,50.1201934814,51.8028869629,0,51.8028869629,51.8028869629,1
598,416,4,0.01,0.01,0.75,0.1,50.1201934814,0,50.1201934814,50.1201934814,52.6442337036,0,52.6442337036,52.6442337036,1
599,434,4,0.001,0,0.75,0.7,50.1201934814,0,50.1201934814,50.1201934814,51.6826934814,0,51.6826934814,51.6826934814,1
600,509,4,0.0001,0.0001,0.75,0.7,50.1201934814,0,50.1201934814,50.1201934814,52.1634635925,0,52.1634635925,52.1634635925,1
601,311,2,0.0001,0,0.75,0.1,50,0,50,50,51.2019271851,0,51.2019271851,51.2019271851,1
602,313,2,0.0001,0,0.75,0.5,50,0,50,50,50.721157074,0,50.721157074,50.721157074,1
603,386,4,0.01,0.0001,0.75,0.1,50,0,50,50,51.5625,0,51.5625,51.5625,1
604,402,4,0.01,0.001,0.75,0.3,50,0,50,50,51.8028869629,0,51.8028869629,51.8028869629,1
605,417,4,0.01,0.01,0.75,0.3,50,0,50,50,51.8028869629,0,51.8028869629,51.8028869629,1
606,420,4,0.01,0.01,0.75,0.9,50,0,50,50,52.283657074,0,52.283657074,52.283657074,1
607,538,4,0.0001,0.01,0.75,0.5,50,0,50,50,52.1634635925,0,52.1634635925,52.1634635925,1
608,1142,64,0.001,0,0.25,0.3,50,0,50,50,53.9663505554,0,53.9663505554,53.9663505554,1
609,29,0,0.01,0.0001,0.75,0.7,49.8798103333,0,49.8798103333,49.8798103333,49.6394233704,0,49.6394233704,49.6394233704,1
610,57,0,0.01,0.01,0.75,0.3,49.8798103333,0,49.8798103333,49.8798103333,50.4807701111,0,50.4807701111,50.4807701111,1
611,58,0,0.01,0.01,0.75,0.5,49.8798103333,0,49.8798103333,49.8798103333,48.0769233704,0,48.0769233704,48.0769233704,1
612,388,4,0.01,0.0001,0.75,0.5,49.8798103333,0,49.8798103333,49.8798103333,52.0432701111,0,52.0432701111,52.0432701111,1
613,401,4,0.01,0.001,0.75,0.1,49.8798103333,0,49.8798103333,49.8798103333,51.8028869629,0,51.8028869629,51.8028869629,1
614,1097,64,0.01,0.0001,0.25,0.3,49.8798103333,0,49.8798103333,49.8798103333,51.3221130371,0,51.3221130371,51.3221130371,1
615,1144,64,0.001,0,0.25,0.7,49.8798103333,0,49.8798103333,49.8798103333,54.2067337036,0,54.2067337036,54.2067337036,1
616,365,4,0.01,0,0.25,0.9,49.7596168518,0,49.7596168518,49.7596168518,53.3653869629,0,53.3653869629,53.3653869629,1
617,1084,64,0.01,0,0.25,0.7,49.7596168518,0,49.7596168518,49.7596168518,50.4807701111,0,50.4807701111,50.4807701111,1
618,1098,64,0.01,0.0001,0.25,0.5,49.7596168518,0,49.7596168518,49.7596168518,49.7596168518,0,49.7596168518,49.7596168518,1
619,1112,64,0.01,0.001,0.25,0.3,49.7596168518,0,49.7596168518,49.7596168518,51.4423065186,0,51.4423065186,51.4423065186,1
620,1127,64,0.01,0.01,0.25,0.3,49.7596168518,0,49.7596168518,49.7596168518,51.4423065186,0,51.4423065186,51.4423065186,1
621,1160,64,0.001,0.0001,0.25,0.9,49.7596168518,0,49.7596168518,49.7596168518,52.283657074,0,52.283657074,52.283657074,1
622,28,0,0.01,0.0001,0.75,0.5,49.6394233704,0,49.6394233704,49.6394233704,48.6778869629,0,48.6778869629,48.6778869629,1
623,199,2,0.01,0.0001,0.25,0.7,49.6394233704,0,49.6394233704,49.6394233704,52.0432701111,0,52.0432701111,52.0432701111,1
624,214,2,0.01,0.001,0.25,0.7,49.6394233704,0,49.6394233704,49.6394233704,52.0432701111,0,52.0432701111,52.0432701111,1
625,389,4,0.01,0.0001,0.75,0.7,49.6394233704,0,49.6394233704,49.6394233704,51.6826934814,0,51.6826934814,51.6826934814,1
626,508,4,0.0001,0.0001,0.75,0.5,49.6394233704,0,49.6394233704,49.6394233704,52.283657074,0,52.283657074,52.283657074,1
627,523,4,0.0001,0.001,0.75,0.5,49.6394233704,0,49.6394233704,49.6394233704,51.8028869629,0,51.8028869629,51.8028869629,1
628,1082,64,0.01,0,0.25,0.3,49.6394233704,0,49.6394233704,49.6394233704,49.7596168518,0,49.7596168518,49.7596168518,1
629,1085,64,0.01,0,0.25,0.9,49.6394233704,0,49.6394233704,49.6394233704,49.8798103333,0,49.8798103333,49.8798103333,1
630,1096,64,0.01,0.0001,0.25,0.1,49.6394233704,0,49.6394233704,49.6394233704,50.2403869629,0,50.2403869629,50.2403869629,1
631,1145,64,0.001,0,0.25,0.9,49.6394233704,0,49.6394233704,49.6394233704,52.283657074,0,52.283657074,52.283657074,1
632,198,2,0.01,0.0001,0.25,0.5,49.5192337036,0,49.5192337036,49.5192337036,52.0432701111,0,52.0432701111,52.0432701111,1
633,229,2,0.01,0.01,0.25,0.7,49.5192337036,0,49.5192337036,49.5192337036,52.283657074,0,52.283657074,52.283657074,1
634,390,4,0.01,0.0001,0.75,0.9,49.5192337036,0,49.5192337036,49.5192337036,50.3605766296,0,50.3605766296,50.3605766296,1
635,1113,64,0.01,0.001,0.25,0.5,49.5192337036,0,49.5192337036,49.5192337036,50.1201934814,0,50.1201934814,50.1201934814,1
636,196,2,0.01,0.0001,0.25,0.1,49.3990402222,0,49.3990402222,49.3990402222,52.283657074,0,52.283657074,52.283657074,1
637,197,2,0.01,0.0001,0.25,0.3,49.3990402222,0,49.3990402222,49.3990402222,52.283657074,0,52.283657074,52.283657074,1
638,213,2,0.01,0.001,0.25,0.5,49.3990402222,0,49.3990402222,49.3990402222,52.0432701111,0,52.0432701111,52.0432701111,1
639,228,2,0.01,0.01,0.25,0.5,49.3990402222,0,49.3990402222,49.3990402222,52.283657074,0,52.283657074,52.283657074,1
640,364,4,0.01,0,0.25,0.7,49.3990402222,0,49.3990402222,49.3990402222,52.8846130371,0,52.8846130371,52.8846130371,1
641,494,4,0.0001,0,0.75,0.7,49.3990402222,0,49.3990402222,49.3990402222,51.9230766296,0,51.9230766296,51.9230766296,1
642,1111,64,0.01,0.001,0.25,0.1,49.3990402222,0,49.3990402222,49.3990402222,50.3605766296,0,50.3605766296,50.3605766296,1
643,1126,64,0.01,0.01,0.25,0.1,49.3990402222,0,49.3990402222,49.3990402222,50.3605766296,0,50.3605766296,50.3605766296,1
644,1128,64,0.01,0.01,0.25,0.5,49.3990402222,0,49.3990402222,49.3990402222,50.1201934814,0,50.1201934814,50.1201934814,1
645,181,2,0.01,0,0.25,0.1,49.2788505554,0,49.2788505554,49.2788505554,52.7644271851,0,52.7644271851,52.7644271851,1
646,183,2,0.01,0,0.25,0.5,49.2788505554,0,49.2788505554,49.2788505554,52.5240402222,0,52.5240402222,52.5240402222,1
647,184,2,0.01,0,0.25,0.7,49.2788505554,0,49.2788505554,49.2788505554,52.6442337036,0,52.6442337036,52.6442337036,1
648,211,2,0.01,0.001,0.25,0.1,49.2788505554,0,49.2788505554,49.2788505554,52.1634635925,0,52.1634635925,52.1634635925,1
649,212,2,0.01,0.001,0.25,0.3,49.2788505554,0,49.2788505554,49.2788505554,52.1634635925,0,52.1634635925,52.1634635925,1
650,226,2,0.01,0.01,0.25,0.1,49.2788505554,0,49.2788505554,49.2788505554,52.4038505554,0,52.4038505554,52.4038505554,1
651,227,2,0.01,0.01,0.25,0.3,49.2788505554,0,49.2788505554,49.2788505554,52.4038505554,0,52.4038505554,52.4038505554,1
652,361,4,0.01,0,0.25,0.1,49.2788505554,0,49.2788505554,49.2788505554,52.4038505554,0,52.4038505554,52.4038505554,1
653,362,4,0.01,0,0.25,0.3,49.2788505554,0,49.2788505554,49.2788505554,52.4038505554,0,52.4038505554,52.4038505554,1
654,363,4,0.01,0,0.25,0.5,49.2788505554,0,49.2788505554,49.2788505554,52.5240402222,0,52.5240402222,52.5240402222,1
655,522,4,0.0001,0.001,0.75,0.3,49.2788505554,0,49.2788505554,49.2788505554,51.4423065186,0,51.4423065186,51.4423065186,1
656,182,2,0.01,0,0.25,0.3,49.158657074,0,49.158657074,49.158657074,52.7644271851,0,52.7644271851,52.7644271851,1
657,200,2,0.01,0.0001,0.25,0.9,49.158657074,0,49.158657074,49.158657074,52.0432701111,0,52.0432701111,52.0432701111,1
658,215,2,0.01,0.001,0.25,0.9,49.158657074,0,49.158657074,49.158657074,51.8028869629,0,51.8028869629,51.8028869629,1
659,230,2,0.01,0.01,0.25,0.9,49.158657074,0,49.158657074,49.158657074,52.1634635925,0,52.1634635925,52.1634635925,1
660,7,0,0.01,0,0.5,0.3,49.0384635925,0,49.0384635925,49.0384635925,49.0384635925,0,49.0384635925,49.0384635925,1
661,1083,64,0.01,0,0.25,0.5,49.0384635925,0,49.0384635925,49.0384635925,48.9182701111,0,48.9182701111,48.9182701111,1
662,27,0,0.01,0.0001,0.75,0.3,48.9182701111,0,48.9182701111,48.9182701111,49.2788505554,0,49.2788505554,49.2788505554,1
663,44,0,0.01,0.001,0.75,0.7,48.9182701111,0,48.9182701111,48.9182701111,49.2788505554,0,49.2788505554,49.2788505554,1
664,507,4,0.0001,0.0001,0.75,0.3,48.9182701111,0,48.9182701111,48.9182701111,51.2019271851,0,51.2019271851,51.2019271851,1
665,537,4,0.0001,0.01,0.75,0.3,48.9182701111,0,48.9182701111,48.9182701111,51.6826934814,0,51.6826934814,51.6826934814,1
666,1081,64,0.01,0,0.25,0.1,48.9182701111,0,48.9182701111,48.9182701111,49.158657074,0,49.158657074,49.158657074,1
667,185,2,0.01,0,0.25,0.9,48.7980766296,0,48.7980766296,48.7980766296,52.6442337036,0,52.6442337036,52.6442337036,1
668,415,4,0.01,0.01,0.5,0.9,48.7980766296,0,48.7980766296,48.7980766296,51.3221130371,0,51.3221130371,51.3221130371,1
669,491,4,0.0001,0,0.75,0.1,48.7980766296,0,48.7980766296,48.7980766296,51.0817337036,0,51.0817337036,51.0817337036,1
670,493,4,0.0001,0,0.75,0.5,48.7980766296,0,48.7980766296,48.7980766296,50.9615402222,0,50.9615402222,50.9615402222,1
671,521,4,0.0001,0.001,0.75,0.1,48.7980766296,0,48.7980766296,48.7980766296,50.8413505554,0,50.8413505554,50.8413505554,1
672,536,4,0.0001,0.01,0.75,0.1,48.7980766296,0,48.7980766296,48.7980766296,51.2019271851,0,51.2019271851,51.2019271851,1
673,916,32,0.01,0.0001,0.25,0.1,48.7980766296,0,48.7980766296,48.7980766296,49.5192337036,0,49.5192337036,49.5192337036,1
674,931,32,0.01,0.001,0.25,0.1,48.7980766296,0,48.7980766296,48.7980766296,49.3990402222,0,49.3990402222,49.3990402222,1
675,42,0,0.01,0.001,0.75,0.3,48.6778869629,0,48.6778869629,48.6778869629,48.5576934814,0,48.5576934814,48.5576934814,1
676,492,4,0.0001,0,0.75,0.3,48.6778869629,0,48.6778869629,48.6778869629,50.8413505554,0,50.8413505554,50.8413505554,1
677,506,4,0.0001,0.0001,0.75,0.1,48.6778869629,0,48.6778869629,48.6778869629,51.0817337036,0,51.0817337036,51.0817337036,1
678,924,32,0.01,0.0001,0.5,0.7,48.6778869629,0,48.6778869629,48.6778869629,47.4759635925,0,47.4759635925,47.4759635925,1
679,946,32,0.01,0.01,0.25,0.1,48.6778869629,0,48.6778869629,48.6778869629,49.6394233704,0,49.6394233704,49.6394233704,1
680,41,0,0.01,0.001,0.75,0.1,48.5576934814,0,48.5576934814,48.5576934814,47.8365402222,0,47.8365402222,47.8365402222,1
681,400,4,0.01,0.001,0.5,0.9,48.5576934814,0,48.5576934814,48.5576934814,51.3221130371,0,51.3221130371,51.3221130371,1
682,432,4,0.001,0,0.75,0.3,48.5576934814,0,48.5576934814,48.5576934814,53.9663505554,0,53.9663505554,53.9663505554,1
683,870,16,0.0001,0.0001,0.75,0.9,48.5576934814,0,48.5576934814,48.5576934814,51.9230766296,0,51.9230766296,51.9230766296,1
684,932,32,0.01,0.001,0.25,0.3,48.5576934814,0,48.5576934814,48.5576934814,49.3990402222,0,49.3990402222,49.3990402222,1
685,966,32,0.001,0,0.5,0.1,48.5576934814,0,48.5576934814,48.5576934814,50.4807701111,0,50.4807701111,50.4807701111,1
686,385,4,0.01,0.0001,0.5,0.9,48.4375038147,0,48.4375038147,48.4375038147,50.9615402222,0,50.9615402222,50.9615402222,1
687,414,4,0.01,0.01,0.5,0.7,48.4375038147,0,48.4375038147,48.4375038147,50.8413505554,0,50.8413505554,50.8413505554,1
688,585,8,0.01,0.001,0.75,0.9,48.4375038147,0,48.4375038147,48.4375038147,51.3221130371,0,51.3221130371,51.3221130371,1
689,917,32,0.01,0.0001,0.25,0.3,48.4375038147,0,48.4375038147,48.4375038147,49.5192337036,0,49.5192337036,49.5192337036,1
690,918,32,0.01,0.0001,0.25,0.5,48.4375038147,0,48.4375038147,48.4375038147,49.3990402222,0,49.3990402222,49.3990402222,1
691,967,32,0.001,0,0.5,0.3,48.4375038147,0,48.4375038147,48.4375038147,50.1201934814,0,50.1201934814,50.1201934814,1
692,968,32,0.001,0,0.5,0.5,48.4375038147,0,48.4375038147,48.4375038147,49.7596168518,0,49.7596168518,49.7596168518,1
693,15,0,0.01,0,0.75,0.9,48.3173103333,0,48.3173103333,48.3173103333,50.3605766296,0,50.3605766296,50.3605766296,1
694,45,0,0.01,0.001,0.75,0.9,48.3173103333,0,48.3173103333,48.3173103333,46.2740402222,0,46.2740402222,46.2740402222,1
695,375,4,0.01,0,0.75,0.9,48.3173103333,0,48.3173103333,48.3173103333,50.3605766296,0,50.3605766296,50.3605766296,1
696,384,4,0.01,0.0001,0.5,0.7,48.3173103333,0,48.3173103333,48.3173103333,50.4807701111,0,50.4807701111,50.4807701111,1
697,411,4,0.01,0.01,0.5,0.1,48.3173103333,0,48.3173103333,48.3173103333,50.4807701111,0,50.4807701111,50.4807701111,1
698,412,4,0.01,0.01,0.5,0.3,48.3173103333,0,48.3173103333,48.3173103333,50.6009635925,0,50.6009635925,50.6009635925,1
699,413,4,0.01,0.01,0.5,0.5,48.3173103333,0,48.3173103333,48.3173103333,50.721157074,0,50.721157074,50.721157074,1
700,939,32,0.01,0.001,0.5,0.7,48.3173103333,0,48.3173103333,48.3173103333,47.7163505554,0,47.7163505554,47.7163505554,1
701,950,32,0.01,0.01,0.25,0.9,48.3173103333,0,48.3173103333,48.3173103333,49.158657074,0,49.158657074,49.158657074,1
702,56,0,0.01,0.01,0.75,0.1,48.1971168518,0,48.1971168518,48.1971168518,50.3605766296,0,50.3605766296,50.3605766296,1
703,366,4,0.01,0,0.5,0.1,48.1971168518,0,48.1971168518,48.1971168518,51.0817337036,0,51.0817337036,51.0817337036,1
704,368,4,0.01,0,0.5,0.5,48.1971168518,0,48.1971168518,48.1971168518,51.4423065186,0,51.4423065186,51.4423065186,1
705,369,4,0.01,0,0.5,0.7,48.1971168518,0,48.1971168518,48.1971168518,51.2019271851,0,51.2019271851,51.2019271851,1
706,381,4,0.01,0.0001,0.5,0.1,48.1971168518,0,48.1971168518,48.1971168518,50.4807701111,0,50.4807701111,50.4807701111,1
707,382,4,0.01,0.0001,0.5,0.3,48.1971168518,0,48.1971168518,48.1971168518,50.6009635925,0,50.6009635925,50.6009635925,1
708,383,4,0.01,0.0001,0.5,0.5,48.1971168518,0,48.1971168518,48.1971168518,50.6009635925,0,50.6009635925,50.6009635925,1
709,396,4,0.01,0.001,0.5,0.1,48.1971168518,0,48.1971168518,48.1971168518,50.4807701111,0,50.4807701111,50.4807701111,1
710,397,4,0.01,0.001,0.5,0.3,48.1971168518,0,48.1971168518,48.1971168518,50.6009635925,0,50.6009635925,50.6009635925,1
711,398,4,0.01,0.001,0.5,0.5,48.1971168518,0,48.1971168518,48.1971168518,50.721157074,0,50.721157074,50.721157074,1
712,399,4,0.01,0.001,0.5,0.7,48.1971168518,0,48.1971168518,48.1971168518,50.4807701111,0,50.4807701111,50.4807701111,1
713,600,8,0.01,0.01,0.75,0.9,48.1971168518,0,48.1971168518,48.1971168518,51.6826934814,0,51.6826934814,51.6826934814,1
714,885,16,0.0001,0.001,0.75,0.9,48.1971168518,0,48.1971168518,48.1971168518,50,0,50,50,1
715,900,16,0.0001,0.01,0.75,0.9,48.1971168518,0,48.1971168518,48.1971168518,52.0432701111,0,52.0432701111,52.0432701111,1
716,969,32,0.001,0,0.5,0.7,48.1971168518,0,48.1971168518,48.1971168518,50,0,50,50,1
717,970,32,0.001,0,0.5,0.9,48.1971168518,0,48.1971168518,48.1971168518,50.6009635925,0,50.6009635925,50.6009635925,1
718,205,2,0.01,0.0001,0.5,0.9,48.0769233704,0,48.0769233704,48.0769233704,50.9615402222,0,50.9615402222,50.9615402222,1
719,235,2,0.01,0.01,0.5,0.9,48.0769233704,0,48.0769233704,48.0769233704,50.4807701111,0,50.4807701111,50.4807701111,1
720,367,4,0.01,0,0.5,0.3,48.0769233704,0,48.0769233704,48.0769233704,51.2019271851,0,51.2019271851,51.2019271851,1
721,370,4,0.01,0,0.5,0.9,48.0769233704,0,48.0769233704,48.0769233704,51.8028869629,0,51.8028869629,51.8028869629,1
722,551,8,0.01,0,0.75,0.1,48.0769233704,0,48.0769233704,48.0769233704,51.6826934814,0,51.6826934814,51.6826934814,1
723,552,8,0.01,0,0.75,0.3,48.0769233704,0,48.0769233704,48.0769233704,51.6826934814,0,51.6826934814,51.6826934814,1
724,553,8,0.01,0,0.75,0.5,48.0769233704,0,48.0769233704,48.0769233704,52.283657074,0,52.283657074,52.283657074,1
725,954,32,0.01,0.01,0.5,0.7,48.0769233704,0,48.0769233704,48.0769233704,47.596157074,0,47.596157074,47.596157074,1
726,217,2,0.01,0.001,0.5,0.3,47.9567337036,0,47.9567337036,47.9567337036,50.1201934814,0,50.1201934814,50.1201934814,1
727,219,2,0.01,0.001,0.5,0.7,47.9567337036,0,47.9567337036,47.9567337036,49.8798103333,0,49.8798103333,49.8798103333,1
728,220,2,0.01,0.001,0.5,0.9,47.9567337036,0,47.9567337036,47.9567337036,50.4807701111,0,50.4807701111,50.4807701111,1
729,554,8,0.01,0,0.75,0.7,47.9567337036,0,47.9567337036,47.9567337036,52.1634635925,0,52.1634635925,52.1634635925,1
730,567,8,0.01,0.0001,0.75,0.3,47.9567337036,0,47.9567337036,47.9567337036,50.721157074,0,50.721157074,50.721157074,1
731,997,32,0.001,0.001,0.5,0.3,47.9567337036,0,47.9567337036,47.9567337036,50,0,50,50,1
732,998,32,0.001,0.001,0.5,0.5,47.9567337036,0,47.9567337036,47.9567337036,49.6394233704,0,49.6394233704,49.6394233704,1
733,1013,32,0.001,0.01,0.5,0.5,47.9567337036,0,47.9567337036,47.9567337036,49.6394233704,0,49.6394233704,49.6394233704,1
734,204,2,0.01,0.0001,0.5,0.7,47.8365402222,0,47.8365402222,47.8365402222,50.2403869629,0,50.2403869629,50.2403869629,1
735,218,2,0.01,0.001,0.5,0.5,47.8365402222,0,47.8365402222,47.8365402222,50.1201934814,0,50.1201934814,50.1201934814,1
736,233,2,0.01,0.01,0.5,0.5,47.8365402222,0,47.8365402222,47.8365402222,50.1201934814,0,50.1201934814,50.1201934814,1
737,234,2,0.01,0.01,0.5,0.7,47.8365402222,0,47.8365402222,47.8365402222,50,0,50,50,1
738,555,8,0.01,0,0.75,0.9,47.8365402222,0,47.8365402222,47.8365402222,52.6442337036,0,52.6442337036,52.6442337036,1
739,630,8,0.001,0.0001,0.75,0.9,47.8365402222,0,47.8365402222,47.8365402222,48.0769233704,0,48.0769233704,48.0769233704,1
740,981,32,0.001,0.0001,0.5,0.1,47.8365402222,0,47.8365402222,47.8365402222,50.4807701111,0,50.4807701111,50.4807701111,1
741,982,32,0.001,0.0001,0.5,0.3,47.8365402222,0,47.8365402222,47.8365402222,50,0,50,50,1
742,983,32,0.001,0.0001,0.5,0.5,47.8365402222,0,47.8365402222,47.8365402222,49.6394233704,0,49.6394233704,49.6394233704,1
743,1011,32,0.001,0.01,0.5,0.1,47.8365402222,0,47.8365402222,47.8365402222,50.4807701111,0,50.4807701111,50.4807701111,1
744,1012,32,0.001,0.01,0.5,0.3,47.8365402222,0,47.8365402222,47.8365402222,50,0,50,50,1
745,202,2,0.01,0.0001,0.5,0.3,47.7163505554,0,47.7163505554,47.7163505554,50.1201934814,0,50.1201934814,50.1201934814,1
746,203,2,0.01,0.0001,0.5,0.5,47.7163505554,0,47.7163505554,47.7163505554,50.1201934814,0,50.1201934814,50.1201934814,1
747,216,2,0.01,0.001,0.5,0.1,47.7163505554,0,47.7163505554,47.7163505554,50,0,50,50,1
748,231,2,0.01,0.01,0.5,0.1,47.7163505554,0,47.7163505554,47.7163505554,50,0,50,50,1
749,232,2,0.01,0.01,0.5,0.3,47.7163505554,0,47.7163505554,47.7163505554,50,0,50,50,1
750,373,4,0.01,0,0.75,0.5,47.7163505554,0,47.7163505554,47.7163505554,50.721157074,0,50.721157074,50.721157074,1
751,570,8,0.01,0.0001,0.75,0.9,47.7163505554,0,47.7163505554,47.7163505554,51.4423065186,0,51.4423065186,51.4423065186,1
752,615,8,0.001,0,0.75,0.9,47.7163505554,0,47.7163505554,47.7163505554,51.9230766296,0,51.9230766296,51.9230766296,1
753,921,32,0.01,0.0001,0.5,0.1,47.7163505554,0,47.7163505554,47.7163505554,47.1153869629,0,47.1153869629,47.1153869629,1
754,996,32,0.001,0.001,0.5,0.1,47.7163505554,0,47.7163505554,47.7163505554,50.4807701111,0,50.4807701111,50.4807701111,1
755,1028,32,0.0001,0,0.5,0.5,47.7163505554,0,47.7163505554,47.7163505554,47.3557701111,0,47.3557701111,47.3557701111,1
756,1074,32,0.0001,0.01,0.5,0.7,47.7163505554,0,47.7163505554,47.7163505554,47.9567337036,0,47.9567337036,47.9567337036,1
757,12,0,0.01,0,0.75,0.3,47.596157074,0,47.596157074,47.596157074,48.3173103333,0,48.3173103333,48.3173103333,1
758,30,0,0.01,0.0001,0.75,0.9,47.596157074,0,47.596157074,47.596157074,46.8750038147,0,46.8750038147,46.8750038147,1
759,59,0,0.01,0.01,0.75,0.7,47.596157074,0,47.596157074,47.596157074,47.7163505554,0,47.7163505554,47.7163505554,1
760,371,4,0.01,0,0.75,0.1,47.596157074,0,47.596157074,47.596157074,51.3221130371,0,51.3221130371,51.3221130371,1
761,372,4,0.01,0,0.75,0.3,47.596157074,0,47.596157074,47.596157074,51.3221130371,0,51.3221130371,51.3221130371,1
762,569,8,0.01,0.0001,0.75,0.7,47.596157074,0,47.596157074,47.596157074,51.0817337036,0,51.0817337036,51.0817337036,1
763,645,8,0.001,0.001,0.75,0.9,47.596157074,0,47.596157074,47.596157074,48.0769233704,0,48.0769233704,48.0769233704,1
764,936,32,0.01,0.001,0.5,0.1,47.596157074,0,47.596157074,47.596157074,47.1153869629,0,47.1153869629,47.1153869629,1
765,984,32,0.001,0.0001,0.5,0.7,47.596157074,0,47.596157074,47.596157074,49.8798103333,0,49.8798103333,49.8798103333,1
766,985,32,0.001,0.0001,0.5,0.9,47.596157074,0,47.596157074,47.596157074,50.1201934814,0,50.1201934814,50.1201934814,1
767,999,32,0.001,0.001,0.5,0.7,47.596157074,0,47.596157074,47.596157074,49.8798103333,0,49.8798103333,49.8798103333,1
768,1000,32,0.001,0.001,0.5,0.9,47.596157074,0,47.596157074,47.596157074,50.1201934814,0,50.1201934814,50.1201934814,1
769,1014,32,0.001,0.01,0.5,0.7,47.596157074,0,47.596157074,47.596157074,49.8798103333,0,49.8798103333,49.8798103333,1
770,1043,32,0.0001,0.0001,0.5,0.5,47.596157074,0,47.596157074,47.596157074,47.4759635925,0,47.4759635925,47.4759635925,1
771,1044,32,0.0001,0.0001,0.5,0.7,47.596157074,0,47.596157074,47.596157074,47.9567337036,0,47.9567337036,47.9567337036,1
772,1058,32,0.0001,0.001,0.5,0.5,47.596157074,0,47.596157074,47.596157074,47.4759635925,0,47.4759635925,47.4759635925,1
773,1059,32,0.0001,0.001,0.5,0.7,47.596157074,0,47.596157074,47.596157074,47.9567337036,0,47.9567337036,47.9567337036,1
774,1073,32,0.0001,0.01,0.5,0.5,47.596157074,0,47.596157074,47.596157074,47.4759635925,0,47.4759635925,47.4759635925,1
775,1135,64,0.01,0.01,0.5,0.9,47.596157074,0,47.596157074,47.596157074,49.7596168518,0,49.7596168518,49.7596168518,1
776,201,2,0.01,0.0001,0.5,0.1,47.4759635925,0,47.4759635925,47.4759635925,50,0,50,50,1
777,374,4,0.01,0,0.75,0.7,47.4759635925,0,47.4759635925,47.4759635925,50.3605766296,0,50.3605766296,50.3605766296,1
778,566,8,0.01,0.0001,0.75,0.1,47.4759635925,0,47.4759635925,47.4759635925,51.0817337036,0,51.0817337036,51.0817337036,1
779,568,8,0.01,0.0001,0.75,0.5,47.4759635925,0,47.4759635925,47.4759635925,51.0817337036,0,51.0817337036,51.0817337036,1
780,584,8,0.01,0.001,0.75,0.7,47.4759635925,0,47.4759635925,47.4759635925,50.721157074,0,50.721157074,50.721157074,1
781,597,8,0.01,0.01,0.75,0.3,47.4759635925,0,47.4759635925,47.4759635925,50.1201934814,0,50.1201934814,50.1201934814,1
782,599,8,0.01,0.01,0.75,0.7,47.4759635925,0,47.4759635925,47.4759635925,50.721157074,0,50.721157074,50.721157074,1
783,660,8,0.001,0.01,0.75,0.9,47.4759635925,0,47.4759635925,47.4759635925,47.9567337036,0,47.9567337036,47.9567337036,1
784,951,32,0.01,0.01,0.5,0.1,47.4759635925,0,47.4759635925,47.4759635925,47.3557701111,0,47.3557701111,47.3557701111,1
785,1015,32,0.001,0.01,0.5,0.9,47.4759635925,0,47.4759635925,47.4759635925,50.2403869629,0,50.2403869629,50.2403869629,1
786,43,0,0.01,0.001,0.75,0.5,47.3557701111,0,47.3557701111,47.3557701111,50.721157074,0,50.721157074,50.721157074,1
787,581,8,0.01,0.001,0.75,0.1,47.3557701111,0,47.3557701111,47.3557701111,50.8413505554,0,50.8413505554,50.8413505554,1
788,582,8,0.01,0.001,0.75,0.3,47.3557701111,0,47.3557701111,47.3557701111,50.8413505554,0,50.8413505554,50.8413505554,1
789,583,8,0.01,0.001,0.75,0.5,47.3557701111,0,47.3557701111,47.3557701111,50.721157074,0,50.721157074,50.721157074,1
790,596,8,0.01,0.01,0.75,0.1,47.3557701111,0,47.3557701111,47.3557701111,50.8413505554,0,50.8413505554,50.8413505554,1
791,598,8,0.01,0.01,0.75,0.5,47.3557701111,0,47.3557701111,47.3557701111,50.8413505554,0,50.8413505554,50.8413505554,1
792,704,8,0.0001,0.001,0.75,0.7,47.3557701111,0,47.3557701111,47.3557701111,48.6778869629,0,48.6778869629,48.6778869629,1
793,855,16,0.0001,0,0.75,0.9,47.3557701111,0,47.3557701111,47.3557701111,48.4375038147,0,48.4375038147,48.4375038147,1
794,922,32,0.01,0.0001,0.5,0.3,47.3557701111,0,47.3557701111,47.3557701111,46.9951934814,0,46.9951934814,46.9951934814,1
795,923,32,0.01,0.0001,0.5,0.5,47.3557701111,0,47.3557701111,47.3557701111,46.9951934814,0,46.9951934814,46.9951934814,1
796,938,32,0.01,0.001,0.5,0.5,47.3557701111,0,47.3557701111,47.3557701111,47.1153869629,0,47.1153869629,47.1153869629,1
797,953,32,0.01,0.01,0.5,0.5,47.3557701111,0,47.3557701111,47.3557701111,47.2355766296,0,47.2355766296,47.2355766296,1
798,1105,64,0.01,0.0001,0.5,0.9,47.3557701111,0,47.3557701111,47.3557701111,49.3990402222,0,49.3990402222,49.3990402222,1
799,1203,64,0.0001,0,0.25,0.5,47.3557701111,0,47.3557701111,47.3557701111,48.5576934814,0,48.5576934814,48.5576934814,1
800,1234,64,0.0001,0.001,0.25,0.7,47.3557701111,0,47.3557701111,47.3557701111,48.7980766296,0,48.7980766296,48.7980766296,1
801,1249,64,0.0001,0.01,0.25,0.7,47.3557701111,0,47.3557701111,47.3557701111,49.0384635925,0,49.0384635925,49.0384635925,1
802,719,8,0.0001,0.01,0.75,0.7,47.2355766296,0,47.2355766296,47.2355766296,48.6778869629,0,48.6778869629,48.6778869629,1
803,937,32,0.01,0.001,0.5,0.3,47.2355766296,0,47.2355766296,47.2355766296,46.8750038147,0,46.8750038147,46.8750038147,1
804,952,32,0.01,0.01,0.5,0.3,47.2355766296,0,47.2355766296,47.2355766296,47.2355766296,0,47.2355766296,47.2355766296,1
805,1201,64,0.0001,0,0.25,0.1,47.2355766296,0,47.2355766296,47.2355766296,48.0769233704,0,48.0769233704,48.0769233704,1
806,1202,64,0.0001,0,0.25,0.3,47.2355766296,0,47.2355766296,47.2355766296,47.9567337036,0,47.9567337036,47.9567337036,1
807,1219,64,0.0001,0.0001,0.25,0.7,47.2355766296,0,47.2355766296,47.2355766296,48.5576934814,0,48.5576934814,48.5576934814,1
808,674,8,0.0001,0,0.75,0.7,47.1153869629,0,47.1153869629,47.1153869629,49.3990402222,0,49.3990402222,49.3990402222,1
809,1204,64,0.0001,0,0.25,0.7,47.1153869629,0,47.1153869629,47.1153869629,48.3173103333,0,48.3173103333,48.3173103333,1
810,1232,64,0.0001,0.001,0.25,0.3,47.1153869629,0,47.1153869629,47.1153869629,48.3173103333,0,48.3173103333,48.3173103333,1
811,1248,64,0.0001,0.01,0.25,0.5,47.1153869629,0,47.1153869629,47.1153869629,48.5576934814,0,48.5576934814,48.5576934814,1
812,60,0,0.01,0.01,0.75,0.9,46.9951934814,0,46.9951934814,46.9951934814,46.6346168518,0,46.6346168518,46.6346168518,1
813,611,8,0.001,0,0.75,0.1,46.9951934814,0,46.9951934814,46.9951934814,51.5625,0,51.5625,51.5625,1
814,689,8,0.0001,0.0001,0.75,0.7,46.9951934814,0,46.9951934814,46.9951934814,48.5576934814,0,48.5576934814,48.5576934814,1
815,906,32,0.01,0,0.5,0.1,46.9951934814,0,46.9951934814,46.9951934814,45.7932701111,0,45.7932701111,45.7932701111,1
816,909,32,0.01,0,0.5,0.7,46.9951934814,0,46.9951934814,46.9951934814,45.9134635925,0,45.9134635925,45.9134635925,1
817,1218,64,0.0001,0.0001,0.25,0.5,46.9951934814,0,46.9951934814,46.9951934814,48.4375038147,0,48.4375038147,48.4375038147,1
818,1231,64,0.0001,0.001,0.25,0.1,46.9951934814,0,46.9951934814,46.9951934814,48.1971168518,0,48.1971168518,48.1971168518,1
819,1233,64,0.0001,0.001,0.25,0.5,46.9951934814,0,46.9951934814,46.9951934814,48.4375038147,0,48.4375038147,48.4375038147,1
820,1246,64,0.0001,0.01,0.25,0.1,46.9951934814,0,46.9951934814,46.9951934814,48.3173103333,0,48.3173103333,48.3173103333,1
821,628,8,0.001,0.0001,0.75,0.5,46.8750038147,0,46.8750038147,46.8750038147,50.2403869629,0,50.2403869629,50.2403869629,1
822,1041,32,0.0001,0.0001,0.5,0.1,46.8750038147,0,46.8750038147,46.8750038147,46.9951934814,0,46.9951934814,46.9951934814,1
823,1056,32,0.0001,0.001,0.5,0.1,46.8750038147,0,46.8750038147,46.8750038147,46.9951934814,0,46.9951934814,46.9951934814,1
824,1071,32,0.0001,0.01,0.5,0.1,46.8750038147,0,46.8750038147,46.8750038147,46.9951934814,0,46.9951934814,46.9951934814,1
825,1216,64,0.0001,0.0001,0.25,0.1,46.8750038147,0,46.8750038147,46.8750038147,48.1971168518,0,48.1971168518,48.1971168518,1
826,1217,64,0.0001,0.0001,0.25,0.3,46.8750038147,0,46.8750038147,46.8750038147,48.0769233704,0,48.0769233704,48.0769233704,1
827,1247,64,0.0001,0.01,0.25,0.3,46.8750038147,0,46.8750038147,46.8750038147,48.0769233704,0,48.0769233704,48.0769233704,1
828,190,2,0.01,0,0.5,0.9,46.7548103333,0,46.7548103333,46.7548103333,50.6009635925,0,50.6009635925,50.6009635925,1
829,612,8,0.001,0,0.75,0.3,46.7548103333,0,46.7548103333,46.7548103333,51.5625,0,51.5625,51.5625,1
830,613,8,0.001,0,0.75,0.5,46.7548103333,0,46.7548103333,46.7548103333,51.8028869629,0,51.8028869629,51.8028869629,1
831,614,8,0.001,0,0.75,0.7,46.7548103333,0,46.7548103333,46.7548103333,51.3221130371,0,51.3221130371,51.3221130371,1
832,642,8,0.001,0.001,0.75,0.3,46.7548103333,0,46.7548103333,46.7548103333,49.6394233704,0,49.6394233704,49.6394233704,1
833,657,8,0.001,0.01,0.75,0.3,46.7548103333,0,46.7548103333,46.7548103333,49.7596168518,0,49.7596168518,49.7596168518,1
834,718,8,0.0001,0.01,0.75,0.5,46.7548103333,0,46.7548103333,46.7548103333,48.7980766296,0,48.7980766296,48.7980766296,1
835,907,32,0.01,0,0.5,0.3,46.7548103333,0,46.7548103333,46.7548103333,45.5528869629,0,45.5528869629,45.5528869629,1
836,1026,32,0.0001,0,0.5,0.1,46.7548103333,0,46.7548103333,46.7548103333,47.1153869629,0,47.1153869629,47.1153869629,1
837,1029,32,0.0001,0,0.5,0.7,46.7548103333,0,46.7548103333,46.7548103333,46.8750038147,0,46.8750038147,46.8750038147,1
838,627,8,0.001,0.0001,0.75,0.3,46.6346168518,0,46.6346168518,46.6346168518,50,0,50,50,1
839,656,8,0.001,0.01,0.75,0.1,46.6346168518,0,46.6346168518,46.6346168518,49.8798103333,0,49.8798103333,49.8798103333,1
840,688,8,0.0001,0.0001,0.75,0.5,46.6346168518,0,46.6346168518,46.6346168518,48.6778869629,0,48.6778869629,48.6778869629,1
841,703,8,0.0001,0.001,0.75,0.5,46.6346168518,0,46.6346168518,46.6346168518,48.7980766296,0,48.7980766296,48.7980766296,1
842,1057,32,0.0001,0.001,0.5,0.3,46.6346168518,0,46.6346168518,46.6346168518,46.9951934814,0,46.9951934814,46.9951934814,1
843,1072,32,0.0001,0.01,0.5,0.3,46.6346168518,0,46.6346168518,46.6346168518,46.9951934814,0,46.9951934814,46.9951934814,1
844,629,8,0.001,0.0001,0.75,0.7,46.5144233704,0,46.5144233704,46.5144233704,50.721157074,0,50.721157074,50.721157074,1
845,641,8,0.001,0.001,0.75,0.1,46.5144233704,0,46.5144233704,46.5144233704,49.5192337036,0,49.5192337036,49.5192337036,1
846,643,8,0.001,0.001,0.75,0.5,46.5144233704,0,46.5144233704,46.5144233704,50.2403869629,0,50.2403869629,50.2403869629,1
847,658,8,0.001,0.01,0.75,0.5,46.5144233704,0,46.5144233704,46.5144233704,50.3605766296,0,50.3605766296,50.3605766296,1
848,1027,32,0.0001,0,0.5,0.3,46.5144233704,0,46.5144233704,46.5144233704,47.1153869629,0,47.1153869629,47.1153869629,1
849,1042,32,0.0001,0.0001,0.5,0.3,46.5144233704,0,46.5144233704,46.5144233704,46.9951934814,0,46.9951934814,46.9951934814,1
850,189,2,0.01,0,0.5,0.7,46.3942337036,0,46.3942337036,46.3942337036,50.2403869629,0,50.2403869629,50.2403869629,1
851,626,8,0.001,0.0001,0.75,0.1,46.3942337036,0,46.3942337036,46.3942337036,49.7596168518,0,49.7596168518,49.7596168518,1
852,644,8,0.001,0.001,0.75,0.7,46.3942337036,0,46.3942337036,46.3942337036,50.9615402222,0,50.9615402222,50.9615402222,1
853,671,8,0.0001,0,0.75,0.1,46.3942337036,0,46.3942337036,46.3942337036,48.7980766296,0,48.7980766296,48.7980766296,1
854,672,8,0.0001,0,0.75,0.3,46.3942337036,0,46.3942337036,46.3942337036,48.6778869629,0,48.6778869629,48.6778869629,1
855,701,8,0.0001,0.001,0.75,0.1,46.3942337036,0,46.3942337036,46.3942337036,48.7980766296,0,48.7980766296,48.7980766296,1
856,717,8,0.0001,0.01,0.75,0.3,46.3942337036,0,46.3942337036,46.3942337036,48.3173103333,0,48.3173103333,48.3173103333,1
857,750,16,0.01,0.0001,0.75,0.9,46.3942337036,0,46.3942337036,46.3942337036,49.7596168518,0,49.7596168518,49.7596168518,1
858,908,32,0.01,0,0.5,0.5,46.3942337036,0,46.3942337036,46.3942337036,45.4326934814,0,45.4326934814,45.4326934814,1
859,186,2,0.01,0,0.5,0.1,46.2740402222,0,46.2740402222,46.2740402222,50,0,50,50,1
860,187,2,0.01,0,0.5,0.3,46.2740402222,0,46.2740402222,46.2740402222,50.1201934814,0,50.1201934814,50.1201934814,1
861,188,2,0.01,0,0.5,0.5,46.2740402222,0,46.2740402222,46.2740402222,50.2403869629,0,50.2403869629,50.2403869629,1
862,673,8,0.0001,0,0.75,0.5,46.2740402222,0,46.2740402222,46.2740402222,48.9182701111,0,48.9182701111,48.9182701111,1
863,716,8,0.0001,0.01,0.75,0.1,46.2740402222,0,46.2740402222,46.2740402222,48.5576934814,0,48.5576934814,48.5576934814,1
864,14,0,0.01,0,0.75,0.7,46.1538505554,0,46.1538505554,46.1538505554,48.4375038147,0,48.4375038147,48.4375038147,1
865,686,8,0.0001,0.0001,0.75,0.1,46.1538505554,0,46.1538505554,46.1538505554,48.7980766296,0,48.7980766296,48.7980766296,1
866,1035,32,0.0001,0,0.75,0.9,46.1538505554,0,46.1538505554,46.1538505554,51.3221130371,0,51.3221130371,51.3221130371,1
867,1050,32,0.0001,0.0001,0.75,0.9,46.1538505554,0,46.1538505554,46.1538505554,51.0817337036,0,51.0817337036,51.0817337036,1
868,1065,32,0.0001,0.001,0.75,0.9,46.1538505554,0,46.1538505554,46.1538505554,51.0817337036,0,51.0817337036,51.0817337036,1
869,13,0,0.01,0,0.75,0.5,46.033657074,0,46.033657074,46.033657074,48.7980766296,0,48.7980766296,48.7980766296,1
870,687,8,0.0001,0.0001,0.75,0.3,46.033657074,0,46.033657074,46.033657074,48.4375038147,0,48.4375038147,48.4375038147,1
871,765,16,0.01,0.001,0.75,0.9,46.033657074,0,46.033657074,46.033657074,49.6394233704,0,49.6394233704,49.6394233704,1
872,1080,32,0.0001,0.01,0.75,0.9,46.033657074,0,46.033657074,46.033657074,49.7596168518,0,49.7596168518,49.7596168518,1
873,702,8,0.0001,0.001,0.75,0.3,45.9134635925,0,45.9134635925,45.9134635925,48.4375038147,0,48.4375038147,48.4375038147,1
874,1174,64,0.001,0.001,0.25,0.7,45.9134635925,0,45.9134635925,45.9134635925,48.5576934814,0,48.5576934814,48.5576934814,1
875,11,0,0.01,0,0.75,0.1,45.7932701111,0,45.7932701111,45.7932701111,49.6394233704,0,49.6394233704,49.6394233704,1
876,659,8,0.001,0.01,0.75,0.7,45.7932701111,0,45.7932701111,45.7932701111,48.6778869629,0,48.6778869629,48.6778869629,1
877,780,16,0.01,0.01,0.75,0.9,45.7932701111,0,45.7932701111,45.7932701111,49.6394233704,0,49.6394233704,49.6394233704,1
878,1171,64,0.001,0.001,0.25,0.1,45.7932701111,0,45.7932701111,45.7932701111,47.596157074,0,47.596157074,47.596157074,1
879,1186,64,0.001,0.01,0.25,0.1,45.7932701111,0,45.7932701111,45.7932701111,47.596157074,0,47.596157074,47.596157074,1
880,1189,64,0.001,0.01,0.25,0.7,45.7932701111,0,45.7932701111,45.7932701111,49.0384635925,0,49.0384635925,49.0384635925,1
881,749,16,0.01,0.0001,0.75,0.7,45.6730766296,0,45.6730766296,45.6730766296,49.2788505554,0,49.2788505554,49.2788505554,1
882,1156,64,0.001,0.0001,0.25,0.1,45.6730766296,0,45.6730766296,45.6730766296,47.596157074,0,47.596157074,47.596157074,1
883,746,16,0.01,0.0001,0.75,0.1,45.5528869629,0,45.5528869629,45.5528869629,49.158657074,0,49.158657074,49.158657074,1
884,747,16,0.01,0.0001,0.75,0.3,45.5528869629,0,45.5528869629,45.5528869629,49.158657074,0,49.158657074,49.158657074,1
885,748,16,0.01,0.0001,0.75,0.5,45.5528869629,0,45.5528869629,45.5528869629,49.158657074,0,49.158657074,49.158657074,1
886,764,16,0.01,0.001,0.75,0.7,45.4326934814,0,45.4326934814,45.4326934814,49.158657074,0,49.158657074,49.158657074,1
887,930,32,0.01,0.0001,0.75,0.9,45.4326934814,0,45.4326934814,45.4326934814,47.4759635925,0,47.4759635925,47.4759635925,1
888,761,16,0.01,0.001,0.75,0.1,45.3125038147,0,45.3125038147,45.3125038147,49.0384635925,0,49.0384635925,49.0384635925,1
889,762,16,0.01,0.001,0.75,0.3,45.3125038147,0,45.3125038147,45.3125038147,49.0384635925,0,49.0384635925,49.0384635925,1
890,763,16,0.01,0.001,0.75,0.5,45.3125038147,0,45.3125038147,45.3125038147,49.0384635925,0,49.0384635925,49.0384635925,1
891,1159,64,0.001,0.0001,0.25,0.7,45.3125038147,0,45.3125038147,45.3125038147,48.3173103333,0,48.3173103333,48.3173103333,1
892,776,16,0.01,0.01,0.75,0.1,45.1923103333,0,45.1923103333,45.1923103333,49.0384635925,0,49.0384635925,49.0384635925,1
893,777,16,0.01,0.01,0.75,0.3,45.1923103333,0,45.1923103333,45.1923103333,49.0384635925,0,49.0384635925,49.0384635925,1
894,778,16,0.01,0.01,0.75,0.5,45.1923103333,0,45.1923103333,45.1923103333,49.0384635925,0,49.0384635925,49.0384635925,1
895,779,16,0.01,0.01,0.75,0.7,45.1923103333,0,45.1923103333,45.1923103333,49.158657074,0,49.158657074,49.158657074,1
896,945,32,0.01,0.001,0.75,0.9,45.0721168518,0,45.0721168518,45.0721168518,47.1153869629,0,47.1153869629,47.1153869629,1
897,806,16,0.001,0.0001,0.75,0.1,44.9519233704,0,44.9519233704,44.9519233704,47.9567337036,0,47.9567337036,47.9567337036,1
898,821,16,0.001,0.001,0.75,0.1,44.9519233704,0,44.9519233704,44.9519233704,47.9567337036,0,47.9567337036,47.9567337036,1
899,836,16,0.001,0.01,0.75,0.1,44.9519233704,0,44.9519233704,44.9519233704,47.9567337036,0,47.9567337036,47.9567337036,1
900,926,32,0.01,0.0001,0.75,0.1,44.9519233704,0,44.9519233704,44.9519233704,47.1153869629,0,47.1153869629,47.1153869629,1
901,928,32,0.01,0.0001,0.75,0.5,44.9519233704,0,44.9519233704,44.9519233704,47.1153869629,0,47.1153869629,47.1153869629,1
902,960,32,0.01,0.01,0.75,0.9,44.9519233704,0,44.9519233704,44.9519233704,47.1153869629,0,47.1153869629,47.1153869629,1
903,809,16,0.001,0.0001,0.75,0.7,44.8317337036,0,44.8317337036,44.8317337036,48.0769233704,0,48.0769233704,48.0769233704,1
904,822,16,0.001,0.001,0.75,0.3,44.8317337036,0,44.8317337036,44.8317337036,46.1538505554,0,46.1538505554,46.1538505554,1
905,837,16,0.001,0.01,0.75,0.3,44.8317337036,0,44.8317337036,44.8317337036,46.1538505554,0,46.1538505554,46.1538505554,1
906,927,32,0.01,0.0001,0.75,0.3,44.8317337036,0,44.8317337036,44.8317337036,47.1153869629,0,47.1153869629,47.1153869629,1
907,929,32,0.01,0.0001,0.75,0.7,44.8317337036,0,44.8317337036,44.8317337036,47.4759635925,0,47.4759635925,47.4759635925,1
908,941,32,0.01,0.001,0.75,0.1,44.8317337036,0,44.8317337036,44.8317337036,46.8750038147,0,46.8750038147,46.8750038147,1
909,943,32,0.01,0.001,0.75,0.5,44.8317337036,0,44.8317337036,44.8317337036,46.8750038147,0,46.8750038147,46.8750038147,1
910,734,16,0.01,0,0.75,0.7,44.7115402222,0,44.7115402222,44.7115402222,49.0384635925,0,49.0384635925,49.0384635925,1
911,791,16,0.001,0,0.75,0.1,44.7115402222,0,44.7115402222,44.7115402222,46.6346168518,0,46.6346168518,46.6346168518,1
912,792,16,0.001,0,0.75,0.3,44.7115402222,0,44.7115402222,44.7115402222,46.5144233704,0,46.5144233704,46.5144233704,1
913,794,16,0.001,0,0.75,0.7,44.7115402222,0,44.7115402222,44.7115402222,46.6346168518,0,46.6346168518,46.6346168518,1
914,807,16,0.001,0.0001,0.75,0.3,44.7115402222,0,44.7115402222,44.7115402222,47.9567337036,0,47.9567337036,47.9567337036,1
915,808,16,0.001,0.0001,0.75,0.5,44.7115402222,0,44.7115402222,44.7115402222,47.9567337036,0,47.9567337036,47.9567337036,1
916,824,16,0.001,0.001,0.75,0.7,44.7115402222,0,44.7115402222,44.7115402222,48.0769233704,0,48.0769233704,48.0769233704,1
917,838,16,0.001,0.01,0.75,0.5,44.7115402222,0,44.7115402222,44.7115402222,47.9567337036,0,47.9567337036,47.9567337036,1
918,839,16,0.001,0.01,0.75,0.7,44.7115402222,0,44.7115402222,44.7115402222,48.0769233704,0,48.0769233704,48.0769233704,1
919,942,32,0.01,0.001,0.75,0.3,44.7115402222,0,44.7115402222,44.7115402222,46.8750038147,0,46.8750038147,46.8750038147,1
920,944,32,0.01,0.001,0.75,0.7,44.7115402222,0,44.7115402222,44.7115402222,47.2355766296,0,47.2355766296,47.2355766296,1
921,735,16,0.01,0,0.75,0.9,44.5913467407,0,44.5913467407,44.5913467407,49.3990402222,0,49.3990402222,49.3990402222,1
922,793,16,0.001,0,0.75,0.5,44.5913467407,0,44.5913467407,44.5913467407,46.7548103333,0,46.7548103333,46.7548103333,1
923,810,16,0.001,0.0001,0.75,0.9,44.5913467407,0,44.5913467407,44.5913467407,47.4759635925,0,47.4759635925,47.4759635925,1
924,823,16,0.001,0.001,0.75,0.5,44.5913467407,0,44.5913467407,44.5913467407,47.9567337036,0,47.9567337036,47.9567337036,1
925,825,16,0.001,0.001,0.75,0.9,44.5913467407,0,44.5913467407,44.5913467407,47.596157074,0,47.596157074,47.596157074,1
926,732,16,0.01,0,0.75,0.3,44.471157074,0,44.471157074,44.471157074,48.5576934814,0,48.5576934814,48.5576934814,1
927,733,16,0.01,0,0.75,0.5,44.471157074,0,44.471157074,44.471157074,48.7980766296,0,48.7980766296,48.7980766296,1
928,795,16,0.001,0,0.75,0.9,44.471157074,0,44.471157074,44.471157074,47.9567337036,0,47.9567337036,47.9567337036,1
929,840,16,0.001,0.01,0.75,0.9,44.471157074,0,44.471157074,44.471157074,47.596157074,0,47.596157074,47.596157074,1
930,912,32,0.01,0,0.75,0.3,44.471157074,0,44.471157074,44.471157074,47.2355766296,0,47.2355766296,47.2355766296,1
931,913,32,0.01,0,0.75,0.5,44.471157074,0,44.471157074,44.471157074,47.4759635925,0,47.4759635925,47.4759635925,1
932,956,32,0.01,0.01,0.75,0.1,44.471157074,0,44.471157074,44.471157074,46.8750038147,0,46.8750038147,46.8750038147,1
933,958,32,0.01,0.01,0.75,0.5,44.471157074,0,44.471157074,44.471157074,46.8750038147,0,46.8750038147,46.8750038147,1
934,731,16,0.01,0,0.75,0.1,44.3509635925,0,44.3509635925,44.3509635925,48.5576934814,0,48.5576934814,48.5576934814,1
935,911,32,0.01,0,0.75,0.1,44.3509635925,0,44.3509635925,44.3509635925,47.2355766296,0,47.2355766296,47.2355766296,1
936,914,32,0.01,0,0.75,0.7,44.3509635925,0,44.3509635925,44.3509635925,47.3557701111,0,47.3557701111,47.3557701111,1
937,957,32,0.01,0.01,0.75,0.3,44.3509635925,0,44.3509635925,44.3509635925,46.8750038147,0,46.8750038147,46.8750038147,1
938,959,32,0.01,0.01,0.75,0.7,44.3509635925,0,44.3509635925,44.3509635925,47.2355766296,0,47.2355766296,47.2355766296,1
939,915,32,0.01,0,0.75,0.9,43.7500038147,0,43.7500038147,43.7500038147,47.4759635925,0,47.4759635925,47.4759635925,1
940,1106,64,0.01,0.0001,0.75,0.1,43.7500038147,0,43.7500038147,43.7500038147,45.1923103333,0,45.1923103333,45.1923103333,1
941,1121,64,0.01,0.001,0.75,0.1,43.7500038147,0,43.7500038147,43.7500038147,45.1923103333,0,45.1923103333,45.1923103333,1
942,1136,64,0.01,0.01,0.75,0.1,43.7500038147,0,43.7500038147,43.7500038147,45.1923103333,0,45.1923103333,45.1923103333,1
943,1108,64,0.01,0.0001,0.75,0.5,43.6298103333,0,43.6298103333,43.6298103333,45.1923103333,0,45.1923103333,45.1923103333,1
944,1123,64,0.01,0.001,0.75,0.5,43.6298103333,0,43.6298103333,43.6298103333,45.3125038147,0,45.3125038147,45.3125038147,1
945,1138,64,0.01,0.01,0.75,0.5,43.6298103333,0,43.6298103333,43.6298103333,45.3125038147,0,45.3125038147,45.3125038147,1
946,1107,64,0.01,0.0001,0.75,0.3,43.5096168518,0,43.5096168518,43.5096168518,44.9519233704,0,44.9519233704,44.9519233704,1
947,1122,64,0.01,0.001,0.75,0.3,43.5096168518,0,43.5096168518,43.5096168518,44.9519233704,0,44.9519233704,44.9519233704,1
948,1137,64,0.01,0.01,0.75,0.3,43.5096168518,0,43.5096168518,43.5096168518,44.9519233704,0,44.9519233704,44.9519233704,1
949,1091,64,0.01,0,0.75,0.1,43.1490402222,0,43.1490402222,43.1490402222,44.2307701111,0,44.2307701111,44.2307701111,1
950,1092,64,0.01,0,0.75,0.3,43.1490402222,0,43.1490402222,43.1490402222,43.9903869629,0,43.9903869629,43.9903869629,1
951,1093,64,0.01,0,0.75,0.5,43.1490402222,0,43.1490402222,43.1490402222,44.2307701111,0,44.2307701111,44.2307701111,1
952,1109,64,0.01,0.0001,0.75,0.7,43.1490402222,0,43.1490402222,43.1490402222,44.9519233704,0,44.9519233704,44.9519233704,1
953,1124,64,0.01,0.001,0.75,0.7,43.1490402222,0,43.1490402222,43.1490402222,44.9519233704,0,44.9519233704,44.9519233704,1
954,1139,64,0.01,0.01,0.75,0.7,43.1490402222,0,43.1490402222,43.1490402222,44.9519233704,0,44.9519233704,44.9519233704,1
955,1147,64,0.001,0,0.5,0.3,43.1490402222,0,43.1490402222,43.1490402222,46.8750038147,0,46.8750038147,46.8750038147,1
956,1094,64,0.01,0,0.75,0.7,43.0288467407,0,43.0288467407,43.0288467407,44.2307701111,0,44.2307701111,44.2307701111,1
957,1095,64,0.01,0,0.75,0.9,42.908657074,0,42.908657074,42.908657074,44.3509635925,0,44.3509635925,44.3509635925,1
958,1140,64,0.01,0.01,0.75,0.9,42.908657074,0,42.908657074,42.908657074,45.1923103333,0,45.1923103333,45.1923103333,1
959,1146,64,0.001,0,0.5,0.1,42.908657074,0,42.908657074,42.908657074,46.7548103333,0,46.7548103333,46.7548103333,1
960,1148,64,0.001,0,0.5,0.5,42.908657074,0,42.908657074,42.908657074,46.8750038147,0,46.8750038147,46.8750038147,1
961,1162,64,0.001,0.0001,0.5,0.3,42.908657074,0,42.908657074,42.908657074,46.3942337036,0,46.3942337036,46.3942337036,1
962,1177,64,0.001,0.001,0.5,0.3,42.908657074,0,42.908657074,42.908657074,46.3942337036,0,46.3942337036,46.3942337036,1
963,1192,64,0.001,0.01,0.5,0.3,42.908657074,0,42.908657074,42.908657074,46.3942337036,0,46.3942337036,46.3942337036,1
964,898,16,0.0001,0.01,0.75,0.5,42.7884635925,0,42.7884635925,42.7884635925,45.3125038147,0,45.3125038147,45.3125038147,1
965,1110,64,0.01,0.0001,0.75,0.9,42.7884635925,0,42.7884635925,42.7884635925,45.0721168518,0,45.0721168518,45.0721168518,1
966,1125,64,0.01,0.001,0.75,0.9,42.7884635925,0,42.7884635925,42.7884635925,44.9519233704,0,44.9519233704,44.9519233704,1
967,1206,64,0.0001,0,0.5,0.1,42.7884635925,0,42.7884635925,42.7884635925,44.9519233704,0,44.9519233704,44.9519233704,1
968,1120,64,0.01,0.001,0.5,0.9,42.6682701111,0,42.6682701111,42.6682701111,48.3173103333,0,48.3173103333,48.3173103333,1
969,1208,64,0.0001,0,0.5,0.5,42.6682701111,0,42.6682701111,42.6682701111,44.7115402222,0,44.7115402222,44.7115402222,1
970,1223,64,0.0001,0.0001,0.5,0.5,42.6682701111,0,42.6682701111,42.6682701111,44.8317337036,0,44.8317337036,44.8317337036,1
971,1238,64,0.0001,0.001,0.5,0.5,42.6682701111,0,42.6682701111,42.6682701111,44.7115402222,0,44.7115402222,44.7115402222,1
972,1253,64,0.0001,0.01,0.5,0.5,42.6682701111,0,42.6682701111,42.6682701111,44.7115402222,0,44.7115402222,44.7115402222,1
973,1161,64,0.001,0.0001,0.5,0.1,42.5480766296,0,42.5480766296,42.5480766296,46.2740402222,0,46.2740402222,46.2740402222,1
974,1176,64,0.001,0.001,0.5,0.1,42.5480766296,0,42.5480766296,42.5480766296,46.2740402222,0,46.2740402222,46.2740402222,1
975,1191,64,0.001,0.01,0.5,0.1,42.5480766296,0,42.5480766296,42.5480766296,46.2740402222,0,46.2740402222,46.2740402222,1
976,1236,64,0.0001,0.001,0.5,0.1,42.5480766296,0,42.5480766296,42.5480766296,44.9519233704,0,44.9519233704,44.9519233704,1
977,1251,64,0.0001,0.01,0.5,0.1,42.5480766296,0,42.5480766296,42.5480766296,44.9519233704,0,44.9519233704,44.9519233704,1
978,85,0,0.001,0.0001,0.5,0.9,42.4278869629,0,42.4278869629,42.4278869629,39.783657074,0,39.783657074,39.783657074,1
979,973,32,0.001,0,0.75,0.5,42.4278869629,0,42.4278869629,42.4278869629,45.5528869629,0,45.5528869629,45.5528869629,1
980,974,32,0.001,0,0.75,0.7,42.4278869629,0,42.4278869629,42.4278869629,45.5528869629,0,45.5528869629,45.5528869629,1
981,1163,64,0.001,0.0001,0.5,0.5,42.4278869629,0,42.4278869629,42.4278869629,46.3942337036,0,46.3942337036,46.3942337036,1
982,1178,64,0.001,0.001,0.5,0.5,42.4278869629,0,42.4278869629,42.4278869629,46.2740402222,0,46.2740402222,46.2740402222,1
983,1193,64,0.001,0.01,0.5,0.5,42.4278869629,0,42.4278869629,42.4278869629,46.2740402222,0,46.2740402222,46.2740402222,1
984,1209,64,0.0001,0,0.5,0.7,42.4278869629,0,42.4278869629,42.4278869629,44.5913467407,0,44.5913467407,44.5913467407,1
985,1221,64,0.0001,0.0001,0.5,0.1,42.4278869629,0,42.4278869629,42.4278869629,44.8317337036,0,44.8317337036,44.8317337036,1
986,1224,64,0.0001,0.0001,0.5,0.7,42.4278869629,0,42.4278869629,42.4278869629,44.471157074,0,44.471157074,44.471157074,1
987,1239,64,0.0001,0.001,0.5,0.7,42.4278869629,0,42.4278869629,42.4278869629,44.471157074,0,44.471157074,44.471157074,1
988,1254,64,0.0001,0.01,0.5,0.7,42.4278869629,0,42.4278869629,42.4278869629,44.3509635925,0,44.3509635925,44.3509635925,1
989,975,32,0.001,0,0.75,0.9,42.3076934814,0,42.3076934814,42.3076934814,44.7115402222,0,44.7115402222,44.7115402222,1
990,989,32,0.001,0.0001,0.75,0.7,42.3076934814,0,42.3076934814,42.3076934814,45.3125038147,0,45.3125038147,45.3125038147,1
991,990,32,0.001,0.0001,0.75,0.9,42.3076934814,0,42.3076934814,42.3076934814,45.7932701111,0,45.7932701111,45.7932701111,1
992,1004,32,0.001,0.001,0.75,0.7,42.3076934814,0,42.3076934814,42.3076934814,45.3125038147,0,45.3125038147,45.3125038147,1
993,1005,32,0.001,0.001,0.75,0.9,42.3076934814,0,42.3076934814,42.3076934814,45.7932701111,0,45.7932701111,45.7932701111,1
994,1019,32,0.001,0.01,0.75,0.7,42.3076934814,0,42.3076934814,42.3076934814,45.3125038147,0,45.3125038147,45.3125038147,1
995,1020,32,0.001,0.01,0.75,0.9,42.3076934814,0,42.3076934814,42.3076934814,45.7932701111,0,45.7932701111,45.7932701111,1
996,1222,64,0.0001,0.0001,0.5,0.3,42.3076934814,0,42.3076934814,42.3076934814,44.7115402222,0,44.7115402222,44.7115402222,1
997,82,0,0.001,0.0001,0.5,0.3,42.1875038147,0,42.1875038147,42.1875038147,39.1826934814,0,39.1826934814,39.1826934814,1
998,83,0,0.001,0.0001,0.5,0.5,42.1875038147,0,42.1875038147,42.1875038147,39.0625,0,39.0625,39.0625,1
999,971,32,0.001,0,0.75,0.1,42.1875038147,0,42.1875038147,42.1875038147,45.1923103333,0,45.1923103333,45.1923103333,1
1000,986,32,0.001,0.0001,0.75,0.1,42.1875038147,0,42.1875038147,42.1875038147,44.9519233704,0,44.9519233704,44.9519233704,1
1001,988,32,0.001,0.0001,0.75,0.5,42.1875038147,0,42.1875038147,42.1875038147,45.3125038147,0,45.3125038147,45.3125038147,1
1002,1001,32,0.001,0.001,0.75,0.1,42.1875038147,0,42.1875038147,42.1875038147,44.9519233704,0,44.9519233704,44.9519233704,1
1003,1003,32,0.001,0.001,0.75,0.5,42.1875038147,0,42.1875038147,42.1875038147,45.3125038147,0,45.3125038147,45.3125038147,1
1004,1016,32,0.001,0.01,0.75,0.1,42.1875038147,0,42.1875038147,42.1875038147,44.9519233704,0,44.9519233704,44.9519233704,1
1005,1018,32,0.001,0.01,0.75,0.5,42.1875038147,0,42.1875038147,42.1875038147,45.3125038147,0,45.3125038147,45.3125038147,1
1006,1252,64,0.0001,0.01,0.5,0.3,42.1875038147,0,42.1875038147,42.1875038147,44.7115402222,0,44.7115402222,44.7115402222,1
1007,1260,64,0.0001,0.01,0.75,0.9,42.1875038147,0,42.1875038147,42.1875038147,47.8365402222,0,47.8365402222,47.8365402222,1
1008,81,0,0.001,0.0001,0.5,0.1,42.0673103333,0,42.0673103333,42.0673103333,39.4230766296,0,39.4230766296,39.4230766296,1
1009,84,0,0.001,0.0001,0.5,0.7,42.0673103333,0,42.0673103333,42.0673103333,39.4230766296,0,39.4230766296,39.4230766296,1
1010,972,32,0.001,0,0.75,0.3,42.0673103333,0,42.0673103333,42.0673103333,45.3125038147,0,45.3125038147,45.3125038147,1
1011,987,32,0.001,0.0001,0.75,0.3,42.0673103333,0,42.0673103333,42.0673103333,45.0721168518,0,45.0721168518,45.0721168518,1
1012,1002,32,0.001,0.001,0.75,0.3,42.0673103333,0,42.0673103333,42.0673103333,44.9519233704,0,44.9519233704,44.9519233704,1
1013,1017,32,0.001,0.01,0.75,0.3,42.0673103333,0,42.0673103333,42.0673103333,45.0721168518,0,45.0721168518,45.0721168518,1
1014,1230,64,0.0001,0.0001,0.75,0.9,42.0673103333,0,42.0673103333,42.0673103333,47.3557701111,0,47.3557701111,47.3557701111,1
1015,1237,64,0.0001,0.001,0.5,0.3,42.0673103333,0,42.0673103333,42.0673103333,44.7115402222,0,44.7115402222,44.7115402222,1
1016,86,0,0.001,0.0001,0.75,0.1,41.9471168518,0,41.9471168518,41.9471168518,38.5817337036,0,38.5817337036,38.5817337036,1
1017,87,0,0.001,0.0001,0.75,0.3,41.8269233704,0,41.8269233704,41.8269233704,38.5817337036,0,38.5817337036,38.5817337036,1
1018,89,0,0.001,0.0001,0.75,0.7,41.8269233704,0,41.8269233704,41.8269233704,38.221157074,0,38.221157074,38.221157074,1
1019,96,0,0.001,0.001,0.5,0.1,41.8269233704,0,41.8269233704,41.8269233704,39.0625,0,39.0625,39.0625,1
1020,1090,64,0.01,0,0.5,0.9,41.8269233704,0,41.8269233704,41.8269233704,45.4326934814,0,45.4326934814,45.4326934814,1
1021,97,0,0.001,0.001,0.5,0.3,41.7067337036,0,41.7067337036,41.7067337036,38.8221168518,0,38.8221168518,38.8221168518,1
1022,98,0,0.001,0.001,0.5,0.5,41.7067337036,0,41.7067337036,41.7067337036,38.9423103333,0,38.9423103333,38.9423103333,1
1023,99,0,0.001,0.001,0.5,0.7,41.7067337036,0,41.7067337036,41.7067337036,39.3028869629,0,39.3028869629,39.3028869629,1
1024,100,0,0.001,0.001,0.5,0.9,41.7067337036,0,41.7067337036,41.7067337036,39.4230766296,0,39.4230766296,39.4230766296,1
1025,111,0,0.001,0.01,0.5,0.1,41.7067337036,0,41.7067337036,41.7067337036,39.0625,0,39.0625,39.0625,1
1026,114,0,0.001,0.01,0.5,0.7,41.7067337036,0,41.7067337036,41.7067337036,39.3028869629,0,39.3028869629,39.3028869629,1
1027,116,0,0.001,0.01,0.75,0.1,41.7067337036,0,41.7067337036,41.7067337036,38.9423103333,0,38.9423103333,38.9423103333,1
1028,854,16,0.0001,0,0.75,0.7,41.7067337036,0,41.7067337036,41.7067337036,43.3894233704,0,43.3894233704,43.3894233704,1
1029,869,16,0.0001,0.0001,0.75,0.7,41.7067337036,0,41.7067337036,41.7067337036,43.7500038147,0,43.7500038147,43.7500038147,1
1030,884,16,0.0001,0.001,0.75,0.7,41.7067337036,0,41.7067337036,41.7067337036,43.7500038147,0,43.7500038147,43.7500038147,1
1031,899,16,0.0001,0.01,0.75,0.7,41.7067337036,0,41.7067337036,41.7067337036,43.7500038147,0,43.7500038147,43.7500038147,1
1032,1245,64,0.0001,0.001,0.75,0.9,41.7067337036,0,41.7067337036,41.7067337036,46.9951934814,0,46.9951934814,46.9951934814,1
1033,103,0,0.001,0.001,0.75,0.5,41.5865402222,0,41.5865402222,41.5865402222,38.3413467407,0,38.3413467407,38.3413467407,1
1034,104,0,0.001,0.001,0.75,0.7,41.5865402222,0,41.5865402222,41.5865402222,37.8605766296,0,37.8605766296,37.8605766296,1
1035,112,0,0.001,0.01,0.5,0.3,41.5865402222,0,41.5865402222,41.5865402222,39.0625,0,39.0625,39.0625,1
1036,115,0,0.001,0.01,0.5,0.9,41.5865402222,0,41.5865402222,41.5865402222,39.0625,0,39.0625,39.0625,1
1037,852,16,0.0001,0,0.75,0.3,41.5865402222,0,41.5865402222,41.5865402222,43.9903869629,0,43.9903869629,43.9903869629,1
1038,866,16,0.0001,0.0001,0.75,0.1,41.5865402222,0,41.5865402222,41.5865402222,43.1490402222,0,43.1490402222,43.1490402222,1
1039,1116,64,0.01,0.001,0.5,0.1,41.5865402222,0,41.5865402222,41.5865402222,47.2355766296,0,47.2355766296,47.2355766296,1
1040,1131,64,0.01,0.01,0.5,0.1,41.5865402222,0,41.5865402222,41.5865402222,47.3557701111,0,47.3557701111,47.3557701111,1
1041,101,0,0.001,0.001,0.75,0.1,41.4663467407,0,41.4663467407,41.4663467407,38.3413467407,0,38.3413467407,38.3413467407,1
1042,117,0,0.001,0.01,0.75,0.3,41.4663467407,0,41.4663467407,41.4663467407,38.9423103333,0,38.9423103333,38.9423103333,1
1043,119,0,0.001,0.01,0.75,0.7,41.4663467407,0,41.4663467407,41.4663467407,37.9807701111,0,37.9807701111,37.9807701111,1
1044,120,0,0.001,0.01,0.75,0.9,41.4663467407,0,41.4663467407,41.4663467407,39.0625,0,39.0625,39.0625,1
1045,851,16,0.0001,0,0.75,0.1,41.4663467407,0,41.4663467407,41.4663467407,43.9903869629,0,43.9903869629,43.9903869629,1
1046,853,16,0.0001,0,0.75,0.5,41.4663467407,0,41.4663467407,41.4663467407,43.7500038147,0,43.7500038147,43.7500038147,1
1047,881,16,0.0001,0.001,0.75,0.1,41.4663467407,0,41.4663467407,41.4663467407,43.0288467407,0,43.0288467407,43.0288467407,1
1048,896,16,0.0001,0.01,0.75,0.1,41.4663467407,0,41.4663467407,41.4663467407,43.0288467407,0,43.0288467407,43.0288467407,1
1049,1165,64,0.001,0.0001,0.5,0.9,41.4663467407,0,41.4663467407,41.4663467407,42.5480766296,0,42.5480766296,42.5480766296,1
1050,88,0,0.001,0.0001,0.75,0.5,41.346157074,0,41.346157074,41.346157074,37.6201934814,0,37.6201934814,37.6201934814,1
1051,102,0,0.001,0.001,0.75,0.3,41.346157074,0,41.346157074,41.346157074,38.221157074,0,38.221157074,38.221157074,1
1052,105,0,0.001,0.001,0.75,0.9,41.346157074,0,41.346157074,41.346157074,39.5432701111,0,39.5432701111,39.5432701111,1
1053,113,0,0.001,0.01,0.5,0.5,41.346157074,0,41.346157074,41.346157074,38.9423103333,0,38.9423103333,38.9423103333,1
1054,118,0,0.001,0.01,0.75,0.5,41.346157074,0,41.346157074,41.346157074,38.9423103333,0,38.9423103333,38.9423103333,1
1055,867,16,0.0001,0.0001,0.75,0.3,41.346157074,0,41.346157074,41.346157074,43.3894233704,0,43.3894233704,43.3894233704,1
1056,868,16,0.0001,0.0001,0.75,0.5,41.346157074,0,41.346157074,41.346157074,44.5913467407,0,44.5913467407,44.5913467407,1
1057,883,16,0.0001,0.001,0.75,0.5,41.346157074,0,41.346157074,41.346157074,44.5913467407,0,44.5913467407,44.5913467407,1
1058,1101,64,0.01,0.0001,0.5,0.1,41.346157074,0,41.346157074,41.346157074,47.1153869629,0,47.1153869629,47.1153869629,1
1059,882,16,0.0001,0.001,0.75,0.3,41.2259635925,0,41.2259635925,41.2259635925,43.2692337036,0,43.2692337036,43.2692337036,1
1060,897,16,0.0001,0.01,0.75,0.3,41.2259635925,0,41.2259635925,41.2259635925,43.2692337036,0,43.2692337036,43.2692337036,1
1061,1102,64,0.01,0.0001,0.5,0.3,41.2259635925,0,41.2259635925,41.2259635925,46.8750038147,0,46.8750038147,46.8750038147,1
1062,1104,64,0.01,0.0001,0.5,0.7,41.2259635925,0,41.2259635925,41.2259635925,47.1153869629,0,47.1153869629,47.1153869629,1
1063,1149,64,0.001,0,0.5,0.7,41.2259635925,0,41.2259635925,41.2259635925,45.3125038147,0,45.3125038147,45.3125038147,1
1064,1180,64,0.001,0.001,0.5,0.9,41.1057701111,0,41.1057701111,41.1057701111,43.0288467407,0,43.0288467407,43.0288467407,1
1065,90,0,0.001,0.0001,0.75,0.9,40.9855766296,0,40.9855766296,40.9855766296,38.9423103333,0,38.9423103333,38.9423103333,1
1066,1117,64,0.01,0.001,0.5,0.3,40.9855766296,0,40.9855766296,40.9855766296,47.1153869629,0,47.1153869629,47.1153869629,1
1067,1132,64,0.01,0.01,0.5,0.3,40.8653869629,0,40.8653869629,40.8653869629,47.2355766296,0,47.2355766296,47.2355766296,1
1068,1195,64,0.001,0.01,0.5,0.9,40.7451934814,0,40.7451934814,40.7451934814,42.7884635925,0,42.7884635925,42.7884635925,1
1069,1150,64,0.001,0,0.5,0.9,40.6250038147,0,40.6250038147,40.6250038147,43.7500038147,0,43.7500038147,43.7500038147,1
1070,1164,64,0.001,0.0001,0.5,0.7,40.6250038147,0,40.6250038147,40.6250038147,45.0721168518,0,45.0721168518,45.0721168518,1
1071,1179,64,0.001,0.001,0.5,0.7,40.6250038147,0,40.6250038147,40.6250038147,45.0721168518,0,45.0721168518,45.0721168518,1
1072,1194,64,0.001,0.01,0.5,0.7,40.6250038147,0,40.6250038147,40.6250038147,45.0721168518,0,45.0721168518,45.0721168518,1
1073,1215,64,0.0001,0,0.75,0.9,40.6250038147,0,40.6250038147,40.6250038147,46.5144233704,0,46.5144233704,46.5144233704,1
1074,1046,32,0.0001,0.0001,0.75,0.1,40.5048103333,0,40.5048103333,40.5048103333,42.1875038147,0,42.1875038147,42.1875038147,1
1075,1049,32,0.0001,0.0001,0.75,0.7,40.5048103333,0,40.5048103333,40.5048103333,42.1875038147,0,42.1875038147,42.1875038147,1
1076,1061,32,0.0001,0.001,0.75,0.1,40.5048103333,0,40.5048103333,40.5048103333,42.1875038147,0,42.1875038147,42.1875038147,1
1077,1064,32,0.0001,0.001,0.75,0.7,40.5048103333,0,40.5048103333,40.5048103333,42.1875038147,0,42.1875038147,42.1875038147,1
1078,1076,32,0.0001,0.01,0.75,0.1,40.5048103333,0,40.5048103333,40.5048103333,42.1875038147,0,42.1875038147,42.1875038147,1
1079,1079,32,0.0001,0.01,0.75,0.7,40.5048103333,0,40.5048103333,40.5048103333,42.1875038147,0,42.1875038147,42.1875038147,1
1080,1103,64,0.01,0.0001,0.5,0.5,40.5048103333,0,40.5048103333,40.5048103333,46.2740402222,0,46.2740402222,46.2740402222,1
1081,1119,64,0.01,0.001,0.5,0.7,40.5048103333,0,40.5048103333,40.5048103333,47.1153869629,0,47.1153869629,47.1153869629,1
1082,1031,32,0.0001,0,0.75,0.1,40.3846168518,0,40.3846168518,40.3846168518,41.8269233704,0,41.8269233704,41.8269233704,1
1083,1032,32,0.0001,0,0.75,0.3,40.3846168518,0,40.3846168518,40.3846168518,41.7067337036,0,41.7067337036,41.7067337036,1
1084,1034,32,0.0001,0,0.75,0.7,40.3846168518,0,40.3846168518,40.3846168518,41.8269233704,0,41.8269233704,41.8269233704,1
1085,1047,32,0.0001,0.0001,0.75,0.3,40.3846168518,0,40.3846168518,40.3846168518,42.0673103333,0,42.0673103333,42.0673103333,1
1086,1048,32,0.0001,0.0001,0.75,0.5,40.3846168518,0,40.3846168518,40.3846168518,42.0673103333,0,42.0673103333,42.0673103333,1
1087,1062,32,0.0001,0.001,0.75,0.3,40.3846168518,0,40.3846168518,40.3846168518,42.0673103333,0,42.0673103333,42.0673103333,1
1088,1063,32,0.0001,0.001,0.75,0.5,40.3846168518,0,40.3846168518,40.3846168518,42.0673103333,0,42.0673103333,42.0673103333,1
1089,1077,32,0.0001,0.01,0.75,0.3,40.3846168518,0,40.3846168518,40.3846168518,42.0673103333,0,42.0673103333,42.0673103333,1
1090,1078,32,0.0001,0.01,0.75,0.5,40.3846168518,0,40.3846168518,40.3846168518,42.0673103333,0,42.0673103333,42.0673103333,1
1091,1134,64,0.01,0.01,0.5,0.7,40.3846168518,0,40.3846168518,40.3846168518,47.2355766296,0,47.2355766296,47.2355766296,1
1092,1033,32,0.0001,0,0.75,0.5,40.2644233704,0,40.2644233704,40.2644233704,41.8269233704,0,41.8269233704,41.8269233704,1
1093,1118,64,0.01,0.001,0.5,0.5,40.2644233704,0,40.2644233704,40.2644233704,46.3942337036,0,46.3942337036,46.3942337036,1
1094,1133,64,0.01,0.01,0.5,0.5,40.2644233704,0,40.2644233704,40.2644233704,46.3942337036,0,46.3942337036,46.3942337036,1
1095,1207,64,0.0001,0,0.5,0.3,39.783657074,0,39.783657074,39.783657074,41.9471168518,0,41.9471168518,41.9471168518,1
1096,145,0,0.0001,0.0001,0.5,0.9,39.3028869629,0,39.3028869629,39.3028869629,37.6201934814,0,37.6201934814,37.6201934814,1
1097,160,0,0.0001,0.001,0.5,0.9,39.3028869629,0,39.3028869629,39.3028869629,37.1394233704,0,37.1394233704,37.1394233704,1
1098,175,0,0.0001,0.01,0.5,0.9,39.3028869629,0,39.3028869629,39.3028869629,37.3798103333,0,37.3798103333,37.3798103333,1
1099,157,0,0.0001,0.001,0.5,0.3,39.1826934814,0,39.1826934814,39.1826934814,36.7788467407,0,36.7788467407,36.7788467407,1
1100,159,0,0.0001,0.001,0.5,0.7,39.1826934814,0,39.1826934814,39.1826934814,37.1394233704,0,37.1394233704,37.1394233704,1
1101,143,0,0.0001,0.0001,0.5,0.5,39.0625,0,39.0625,39.0625,37.6201934814,0,37.6201934814,37.6201934814,1
1102,156,0,0.0001,0.001,0.5,0.1,39.0625,0,39.0625,39.0625,37.2596168518,0,37.2596168518,37.2596168518,1
1103,158,0,0.0001,0.001,0.5,0.5,39.0625,0,39.0625,39.0625,36.7788467407,0,36.7788467407,36.7788467407,1
1104,171,0,0.0001,0.01,0.5,0.1,39.0625,0,39.0625,39.0625,37.0192337036,0,37.0192337036,37.0192337036,1
1105,1086,64,0.01,0,0.5,0.1,39.0625,0,39.0625,39.0625,44.1105766296,0,44.1105766296,44.1105766296,1
1106,1087,64,0.01,0,0.5,0.3,39.0625,0,39.0625,39.0625,43.8701934814,0,43.8701934814,43.8701934814,1
1107,172,0,0.0001,0.01,0.5,0.3,38.9423103333,0,38.9423103333,38.9423103333,36.8990402222,0,36.8990402222,36.8990402222,1
1108,173,0,0.0001,0.01,0.5,0.5,38.9423103333,0,38.9423103333,38.9423103333,36.8990402222,0,36.8990402222,36.8990402222,1
1109,174,0,0.0001,0.01,0.5,0.7,38.9423103333,0,38.9423103333,38.9423103333,37.2596168518,0,37.2596168518,37.2596168518,1
1110,144,0,0.0001,0.0001,0.5,0.7,38.8221168518,0,38.8221168518,38.8221168518,37.8605766296,0,37.8605766296,37.8605766296,1
1111,142,0,0.0001,0.0001,0.5,0.3,38.7019233704,0,38.7019233704,38.7019233704,37.5,0,37.5,37.5,1
1112,1152,64,0.001,0,0.75,0.3,38.5817337036,0,38.5817337036,38.5817337036,40.2644233704,0,40.2644233704,40.2644233704,1
1113,1154,64,0.001,0,0.75,0.7,38.5817337036,0,38.5817337036,38.5817337036,40.1442337036,0,40.1442337036,40.1442337036,1
1114,1169,64,0.001,0.0001,0.75,0.7,38.5817337036,0,38.5817337036,38.5817337036,39.9038467407,0,39.9038467407,39.9038467407,1
1115,1184,64,0.001,0.001,0.75,0.7,38.5817337036,0,38.5817337036,38.5817337036,39.783657074,0,39.783657074,39.783657074,1
1116,1199,64,0.001,0.01,0.75,0.7,38.5817337036,0,38.5817337036,38.5817337036,39.783657074,0,39.783657074,39.783657074,1
1117,69,0,0.001,0,0.5,0.7,38.4615402222,0,38.4615402222,38.4615402222,37.9807701111,0,37.9807701111,37.9807701111,1
1118,1155,64,0.001,0,0.75,0.9,38.4615402222,0,38.4615402222,38.4615402222,40.5048103333,0,40.5048103333,40.5048103333,1
1119,67,0,0.001,0,0.5,0.3,38.3413467407,0,38.3413467407,38.3413467407,37.9807701111,0,37.9807701111,37.9807701111,1
1120,68,0,0.001,0,0.5,0.5,38.3413467407,0,38.3413467407,38.3413467407,38.221157074,0,38.221157074,38.221157074,1
1121,141,0,0.0001,0.0001,0.5,0.1,38.3413467407,0,38.3413467407,38.3413467407,37.2596168518,0,37.2596168518,37.2596168518,1
1122,1089,64,0.01,0,0.5,0.7,38.3413467407,0,38.3413467407,38.3413467407,44.5913467407,0,44.5913467407,44.5913467407,1
1123,1170,64,0.001,0.0001,0.75,0.9,38.3413467407,0,38.3413467407,38.3413467407,40.3846168518,0,40.3846168518,40.3846168518,1
1124,1185,64,0.001,0.001,0.75,0.9,38.3413467407,0,38.3413467407,38.3413467407,40.3846168518,0,40.3846168518,40.3846168518,1
1125,1200,64,0.001,0.01,0.75,0.9,38.3413467407,0,38.3413467407,38.3413467407,40.0240402222,0,40.0240402222,40.0240402222,1
1126,1153,64,0.001,0,0.75,0.5,38.221157074,0,38.221157074,38.221157074,40.2644233704,0,40.2644233704,40.2644233704,1
1127,1167,64,0.001,0.0001,0.75,0.3,38.221157074,0,38.221157074,38.221157074,40.2644233704,0,40.2644233704,40.2644233704,1
1128,1168,64,0.001,0.0001,0.75,0.5,38.221157074,0,38.221157074,38.221157074,40.0240402222,0,40.0240402222,40.0240402222,1
1129,1182,64,0.001,0.001,0.75,0.3,38.221157074,0,38.221157074,38.221157074,40.1442337036,0,40.1442337036,40.1442337036,1
1130,1183,64,0.001,0.001,0.75,0.5,38.221157074,0,38.221157074,38.221157074,39.9038467407,0,39.9038467407,39.9038467407,1
1131,1197,64,0.001,0.01,0.75,0.3,38.221157074,0,38.221157074,38.221157074,40.1442337036,0,40.1442337036,40.1442337036,1
1132,1198,64,0.001,0.01,0.75,0.5,38.221157074,0,38.221157074,38.221157074,39.9038467407,0,39.9038467407,39.9038467407,1
1133,1088,64,0.01,0,0.5,0.5,38.1009635925,0,38.1009635925,38.1009635925,44.1105766296,0,44.1105766296,44.1105766296,1
1134,95,0,0.001,0.001,0.25,0.9,37.9807701111,0,37.9807701111,37.9807701111,37.7403869629,0,37.7403869629,37.7403869629,1
1135,1151,64,0.001,0,0.75,0.1,37.9807701111,0,37.9807701111,37.9807701111,40.0240402222,0,40.0240402222,40.0240402222,1
1136,1166,64,0.001,0.0001,0.75,0.1,37.9807701111,0,37.9807701111,37.9807701111,39.9038467407,0,39.9038467407,39.9038467407,1
1137,1181,64,0.001,0.001,0.75,0.1,37.9807701111,0,37.9807701111,37.9807701111,39.783657074,0,39.783657074,39.783657074,1
1138,1196,64,0.001,0.01,0.75,0.1,37.9807701111,0,37.9807701111,37.9807701111,39.783657074,0,39.783657074,39.783657074,1
1139,70,0,0.001,0,0.5,0.9,37.7403869629,0,37.7403869629,37.7403869629,38.221157074,0,38.221157074,38.221157074,1
1140,74,0,0.001,0,0.75,0.7,37.7403869629,0,37.7403869629,37.7403869629,36.0576934814,0,36.0576934814,36.0576934814,1
1141,137,0,0.0001,0.0001,0.25,0.3,37.7403869629,0,37.7403869629,37.7403869629,36.8990402222,0,36.8990402222,36.8990402222,1
1142,164,0,0.0001,0.001,0.75,0.7,37.7403869629,0,37.7403869629,37.7403869629,37.1394233704,0,37.1394233704,37.1394233704,1
1143,167,0,0.0001,0.01,0.25,0.3,37.7403869629,0,37.7403869629,37.7403869629,36.7788467407,0,36.7788467407,36.7788467407,1
1144,80,0,0.001,0.0001,0.25,0.9,37.6201934814,0,37.6201934814,37.6201934814,37.5,0,37.5,37.5,1
1145,138,0,0.0001,0.0001,0.25,0.5,37.6201934814,0,37.6201934814,37.6201934814,37.0192337036,0,37.0192337036,37.0192337036,1
1146,139,0,0.0001,0.0001,0.25,0.7,37.6201934814,0,37.6201934814,37.6201934814,36.2980766296,0,36.2980766296,36.2980766296,1
1147,148,0,0.0001,0.0001,0.75,0.5,37.6201934814,0,37.6201934814,37.6201934814,37.1394233704,0,37.1394233704,37.1394233704,1
1148,149,0,0.0001,0.0001,0.75,0.7,37.6201934814,0,37.6201934814,37.6201934814,37.5,0,37.5,37.5,1
1149,150,0,0.0001,0.0001,0.75,0.9,37.6201934814,0,37.6201934814,37.6201934814,37.8605766296,0,37.8605766296,37.8605766296,1
1150,151,0,0.0001,0.001,0.25,0.1,37.6201934814,0,37.6201934814,37.6201934814,36.8990402222,0,36.8990402222,36.8990402222,1
1151,153,0,0.0001,0.001,0.25,0.5,37.6201934814,0,37.6201934814,37.6201934814,36.4182701111,0,36.4182701111,36.4182701111,1
1152,163,0,0.0001,0.001,0.75,0.5,37.6201934814,0,37.6201934814,37.6201934814,36.8990402222,0,36.8990402222,36.8990402222,1
1153,165,0,0.0001,0.001,0.75,0.9,37.6201934814,0,37.6201934814,37.6201934814,37.7403869629,0,37.7403869629,37.7403869629,1
1154,169,0,0.0001,0.01,0.25,0.7,37.6201934814,0,37.6201934814,37.6201934814,36.2980766296,0,36.2980766296,36.2980766296,1
1155,170,0,0.0001,0.01,0.25,0.9,37.6201934814,0,37.6201934814,37.6201934814,35.9375,0,35.9375,35.9375,1
1156,178,0,0.0001,0.01,0.75,0.5,37.6201934814,0,37.6201934814,37.6201934814,36.7788467407,0,36.7788467407,36.7788467407,1
1157,179,0,0.0001,0.01,0.75,0.7,37.6201934814,0,37.6201934814,37.6201934814,37.2596168518,0,37.2596168518,37.2596168518,1
1158,73,0,0.001,0,0.75,0.5,37.5,0,37.5,37.5,35.5769233704,0,35.5769233704,35.5769233704,1
1159,110,0,0.001,0.01,0.25,0.9,37.5,0,37.5,37.5,37.6201934814,0,37.6201934814,37.6201934814,1
1160,136,0,0.0001,0.0001,0.25,0.1,37.5,0,37.5,37.5,36.4182701111,0,36.4182701111,36.4182701111,1
1161,140,0,0.0001,0.0001,0.25,0.9,37.5,0,37.5,37.5,36.2980766296,0,36.2980766296,36.2980766296,1
1162,147,0,0.0001,0.0001,0.75,0.3,37.5,0,37.5,37.5,37.5,0,37.5,37.5,1
1163,152,0,0.0001,0.001,0.25,0.3,37.5,0,37.5,37.5,37.0192337036,0,37.0192337036,37.0192337036,1
1164,154,0,0.0001,0.001,0.25,0.7,37.5,0,37.5,37.5,36.2980766296,0,36.2980766296,36.2980766296,1
1165,155,0,0.0001,0.001,0.25,0.9,37.5,0,37.5,37.5,36.2980766296,0,36.2980766296,36.2980766296,1
1166,162,0,0.0001,0.001,0.75,0.3,37.5,0,37.5,37.5,37.1394233704,0,37.1394233704,37.1394233704,1
1167,166,0,0.0001,0.01,0.25,0.1,37.5,0,37.5,37.5,37.0192337036,0,37.0192337036,37.0192337036,1
1168,176,0,0.0001,0.01,0.75,0.1,37.5,0,37.5,37.5,36.7788467407,0,36.7788467407,36.7788467407,1
1169,177,0,0.0001,0.01,0.75,0.3,37.5,0,37.5,37.5,37.1394233704,0,37.1394233704,37.1394233704,1
1170,180,0,0.0001,0.01,0.75,0.9,37.5,0,37.5,37.5,37.8605766296,0,37.8605766296,37.8605766296,1
1171,71,0,0.001,0,0.75,0.1,37.3798103333,0,37.3798103333,37.3798103333,36.658657074,0,36.658657074,36.658657074,1
1172,72,0,0.001,0,0.75,0.3,37.3798103333,0,37.3798103333,37.3798103333,35.9375,0,35.9375,35.9375,1
1173,161,0,0.0001,0.001,0.75,0.1,37.3798103333,0,37.3798103333,37.3798103333,36.8990402222,0,36.8990402222,36.8990402222,1
1174,168,0,0.0001,0.01,0.25,0.5,37.3798103333,0,37.3798103333,37.3798103333,35.6971168518,0,35.6971168518,35.6971168518,1
1175,75,0,0.001,0,0.75,0.9,37.2596168518,0,37.2596168518,37.2596168518,36.8990402222,0,36.8990402222,36.8990402222,1
1176,78,0,0.001,0.0001,0.25,0.5,37.2596168518,0,37.2596168518,37.2596168518,36.7788467407,0,36.7788467407,36.7788467407,1
1177,79,0,0.001,0.0001,0.25,0.7,37.2596168518,0,37.2596168518,37.2596168518,36.8990402222,0,36.8990402222,36.8990402222,1
1178,146,0,0.0001,0.0001,0.75,0.1,37.2596168518,0,37.2596168518,37.2596168518,37.5,0,37.5,37.5,1
1179,77,0,0.001,0.0001,0.25,0.3,37.1394233704,0,37.1394233704,37.1394233704,36.7788467407,0,36.7788467407,36.7788467407,1
1180,94,0,0.001,0.001,0.25,0.7,37.1394233704,0,37.1394233704,37.1394233704,36.658657074,0,36.658657074,36.658657074,1
1181,109,0,0.001,0.01,0.25,0.7,37.1394233704,0,37.1394233704,37.1394233704,36.5384635925,0,36.5384635925,36.5384635925,1
1182,92,0,0.001,0.001,0.25,0.3,37.0192337036,0,37.0192337036,37.0192337036,36.8990402222,0,36.8990402222,36.8990402222,1
1183,93,0,0.001,0.001,0.25,0.5,37.0192337036,0,37.0192337036,37.0192337036,36.7788467407,0,36.7788467407,36.7788467407,1
1184,66,0,0.001,0,0.5,0.1,36.8990402222,0,36.8990402222,36.8990402222,37.1394233704,0,37.1394233704,37.1394233704,1
1185,76,0,0.001,0.0001,0.25,0.1,36.8990402222,0,36.8990402222,36.8990402222,37.0192337036,0,37.0192337036,37.0192337036,1
1186,91,0,0.001,0.001,0.25,0.1,36.8990402222,0,36.8990402222,36.8990402222,37.0192337036,0,37.0192337036,37.0192337036,1
1187,106,0,0.001,0.01,0.25,0.1,36.7788467407,0,36.7788467407,36.7788467407,36.7788467407,0,36.7788467407,36.7788467407,1
1188,107,0,0.001,0.01,0.25,0.3,36.7788467407,0,36.7788467407,36.7788467407,36.5384635925,0,36.5384635925,36.5384635925,1
1189,108,0,0.001,0.01,0.25,0.5,36.7788467407,0,36.7788467407,36.7788467407,36.5384635925,0,36.5384635925,36.5384635925,1
1190,1226,64,0.0001,0.0001,0.75,0.1,36.4182701111,0,36.4182701111,36.4182701111,38.4615402222,0,38.4615402222,38.4615402222,1
1191,1241,64,0.0001,0.001,0.75,0.1,36.4182701111,0,36.4182701111,36.4182701111,38.4615402222,0,38.4615402222,38.4615402222,1
1192,1256,64,0.0001,0.01,0.75,0.1,36.4182701111,0,36.4182701111,36.4182701111,38.4615402222,0,38.4615402222,38.4615402222,1
1193,1227,64,0.0001,0.0001,0.75,0.3,36.1778869629,0,36.1778869629,36.1778869629,38.221157074,0,38.221157074,38.221157074,1
1194,1228,64,0.0001,0.0001,0.75,0.5,36.1778869629,0,36.1778869629,36.1778869629,37.7403869629,0,37.7403869629,37.7403869629,1
1195,1242,64,0.0001,0.001,0.75,0.3,36.1778869629,0,36.1778869629,36.1778869629,38.221157074,0,38.221157074,38.221157074,1
1196,1243,64,0.0001,0.001,0.75,0.5,36.1778869629,0,36.1778869629,36.1778869629,37.7403869629,0,37.7403869629,37.7403869629,1
1197,1257,64,0.0001,0.01,0.75,0.3,36.1778869629,0,36.1778869629,36.1778869629,38.221157074,0,38.221157074,38.221157074,1
1198,1258,64,0.0001,0.01,0.75,0.5,36.1778869629,0,36.1778869629,36.1778869629,37.7403869629,0,37.7403869629,37.7403869629,1
1199,1211,64,0.0001,0,0.75,0.1,36.0576934814,0,36.0576934814,36.0576934814,37.9807701111,0,37.9807701111,37.9807701111,1
1200,1212,64,0.0001,0,0.75,0.3,36.0576934814,0,36.0576934814,36.0576934814,37.8605766296,0,37.8605766296,37.8605766296,1
1201,1213,64,0.0001,0,0.75,0.5,36.0576934814,0,36.0576934814,36.0576934814,37.3798103333,0,37.3798103333,37.3798103333,1
1202,63,0,0.001,0,0.25,0.5,35.6971168518,0,35.6971168518,35.6971168518,35.3365402222,0,35.3365402222,35.3365402222,1
1203,61,0,0.001,0,0.25,0.1,35.5769233704,0,35.5769233704,35.5769233704,35.3365402222,0,35.3365402222,35.3365402222,1
1204,62,0,0.001,0,0.25,0.3,35.5769233704,0,35.5769233704,35.5769233704,35.3365402222,0,35.3365402222,35.3365402222,1
1205,64,0,0.001,0,0.25,0.7,35.5769233704,0,35.5769233704,35.5769233704,35.3365402222,0,35.3365402222,35.3365402222,1
1206,65,0,0.001,0,0.25,0.9,35.5769233704,0,35.5769233704,35.5769233704,35.3365402222,0,35.3365402222,35.3365402222,1
1207,1229,64,0.0001,0.0001,0.75,0.7,35.4567337036,0,35.4567337036,35.4567337036,37.5,0,37.5,37.5,1
1208,1244,64,0.0001,0.001,0.75,0.7,35.4567337036,0,35.4567337036,35.4567337036,37.5,0,37.5,37.5,1
1209,1259,64,0.0001,0.01,0.75,0.7,35.4567337036,0,35.4567337036,35.4567337036,37.5,0,37.5,37.5,1
1210,1214,64,0.0001,0,0.75,0.7,35.2163467407,0,35.2163467407,35.2163467407,37.2596168518,0,37.2596168518,37.2596168518,1
1211,130,0,0.0001,0,0.5,0.9,35.096157074,0,35.096157074,35.096157074,32.6923103333,0,32.6923103333,32.6923103333,1
1212,129,0,0.0001,0,0.5,0.7,34.9759635925,0,34.9759635925,34.9759635925,33.5336532593,0,33.5336532593,33.5336532593,1
1213,127,0,0.0001,0,0.5,0.3,34.7355766296,0,34.7355766296,34.7355766296,32.6923103333,0,32.6923103333,32.6923103333,1
1214,128,0,0.0001,0,0.5,0.5,34.7355766296,0,34.7355766296,34.7355766296,33.1730766296,0,33.1730766296,33.1730766296,1
1215,126,0,0.0001,0,0.5,0.1,34.6153869629,0,34.6153869629,34.6153869629,32.3317337036,0,32.3317337036,32.3317337036,1
1216,134,0,0.0001,0,0.75,0.7,34.0144233704,0,34.0144233704,34.0144233704,33.0528869629,0,33.0528869629,33.0528869629,1
1217,135,0,0.0001,0,0.75,0.9,34.0144233704,0,34.0144233704,34.0144233704,32.5721168518,0,32.5721168518,32.5721168518,1
1218,122,0,0.0001,0,0.25,0.3,33.7740402222,0,33.7740402222,33.7740402222,32.2115402222,0,32.2115402222,32.2115402222,1
1219,123,0,0.0001,0,0.25,0.5,33.7740402222,0,33.7740402222,33.7740402222,32.3317337036,0,32.3317337036,32.3317337036,1
1220,121,0,0.0001,0,0.25,0.1,33.6538467407,0,33.6538467407,33.6538467407,32.5721168518,0,32.5721168518,32.5721168518,1
1221,133,0,0.0001,0,0.75,0.5,33.6538467407,0,33.6538467407,33.6538467407,33.1730766296,0,33.1730766296,33.1730766296,1
1222,124,0,0.0001,0,0.25,0.7,33.5336532593,0,33.5336532593,33.5336532593,32.2115402222,0,32.2115402222,32.2115402222,1
1223,125,0,0.0001,0,0.25,0.9,33.5336532593,0,33.5336532593,33.5336532593,32.6923103333,0,32.6923103333,32.6923103333,1
1224,132,0,0.0001,0,0.75,0.3,33.5336532593,0,33.5336532593,33.5336532593,33.1730766296,0,33.1730766296,33.1730766296,1
1225,131,0,0.0001,0,0.75,0.1,33.4134635925,0,33.4134635925,33.4134635925,33.1730766296,0,33.1730766296,33.1730766296,1
1226,20,0,0.01,0.0001,0.25,0.9,32.6923103333,0,32.6923103333,32.6923103333,32.9326934814,0,32.9326934814,32.9326934814,1
1227,19,0,0.01,0.0001,0.25,0.7,32.3317337036,0,32.3317337036,32.3317337036,32.6923103333,0,32.6923103333,32.6923103333,1
1228,16,0,0.01,0.0001,0.25,0.1,32.2115402222,0,32.2115402222,32.2115402222,32.6923103333,0,32.6923103333,32.6923103333,1
1229,17,0,0.01,0.0001,0.25,0.3,32.2115402222,0,32.2115402222,32.2115402222,32.6923103333,0,32.6923103333,32.6923103333,1
1230,18,0,0.01,0.0001,0.25,0.5,32.2115402222,0,32.2115402222,32.2115402222,32.6923103333,0,32.6923103333,32.6923103333,1
1231,50,0,0.01,0.01,0.25,0.9,32.0913467407,0,32.0913467407,32.0913467407,32.5721168518,0,32.5721168518,32.5721168518,1
1232,35,0,0.01,0.001,0.25,0.9,31.9711532593,0,31.9711532593,31.9711532593,32.6923103333,0,32.6923103333,32.6923103333,1
1233,49,0,0.01,0.01,0.25,0.7,31.9711532593,0,31.9711532593,31.9711532593,32.3317337036,0,32.3317337036,32.3317337036,1
1234,46,0,0.01,0.01,0.25,0.1,31.8509635925,0,31.8509635925,31.8509635925,32.3317337036,0,32.3317337036,32.3317337036,1
1235,47,0,0.01,0.01,0.25,0.3,31.8509635925,0,31.8509635925,31.8509635925,32.3317337036,0,32.3317337036,32.3317337036,1
1236,48,0,0.01,0.01,0.25,0.5,31.8509635925,0,31.8509635925,31.8509635925,32.3317337036,0,32.3317337036,32.3317337036,1
1237,4,0,0.01,0,0.25,0.7,31.7307701111,0,31.7307701111,31.7307701111,31.7307701111,0,31.7307701111,31.7307701111,1
1238,5,0,0.01,0,0.25,0.9,31.7307701111,0,31.7307701111,31.7307701111,31.7307701111,0,31.7307701111,31.7307701111,1
1239,34,0,0.01,0.001,0.25,0.7,31.7307701111,0,31.7307701111,31.7307701111,32.3317337036,0,32.3317337036,32.3317337036,1
1240,1,0,0.01,0,0.25,0.1,31.610578537,0,31.610578537,31.610578537,31.7307701111,0,31.7307701111,31.7307701111,1
1241,2,0,0.01,0,0.25,0.3,31.610578537,0,31.610578537,31.610578537,31.7307701111,0,31.7307701111,31.7307701111,1
1242,3,0,0.01,0,0.25,0.5,31.610578537,0,31.610578537,31.610578537,31.7307701111,0,31.7307701111,31.7307701111,1
1243,31,0,0.01,0.001,0.25,0.1,31.610578537,0,31.610578537,31.610578537,32.3317337036,0,32.3317337036,32.3317337036,1
1244,32,0,0.01,0.001,0.25,0.3,31.610578537,0,31.610578537,31.610578537,32.3317337036,0,32.3317337036,32.3317337036,1
1245,33,0,0.01,0.001,0.25,0.5,31.610578537,0,31.610578537,31.610578537,32.3317337036,0,32.3317337036,32.3317337036,1
1246,23,0,0.01,0.0001,0.5,0.5,30.8894252777,0,30.8894252777,30.8894252777,31.8509635925,0,31.8509635925,31.8509635925,1
1247,24,0,0.01,0.0001,0.5,0.7,30.8894252777,0,30.8894252777,30.8894252777,31.7307701111,0,31.7307701111,31.7307701111,1
1248,21,0,0.01,0.0001,0.5,0.1,30.7692317963,0,30.7692317963,30.7692317963,31.7307701111,0,31.7307701111,31.7307701111,1
1249,22,0,0.01,0.0001,0.5,0.3,30.7692317963,0,30.7692317963,30.7692317963,31.7307701111,0,31.7307701111,31.7307701111,1
1250,39,0,0.01,0.001,0.5,0.7,30.7692317963,0,30.7692317963,30.7692317963,31.25,0,31.25,31.25,1
1251,25,0,0.01,0.0001,0.5,0.9,30.6490383148,0,30.6490383148,30.6490383148,31.610578537,0,31.610578537,31.610578537,1
1252,38,0,0.01,0.001,0.5,0.5,30.6490383148,0,30.6490383148,30.6490383148,31.3701934814,0,31.3701934814,31.3701934814,1
1253,36,0,0.01,0.001,0.5,0.1,30.5288467407,0,30.5288467407,30.5288467407,31.25,0,31.25,31.25,1
1254,37,0,0.01,0.001,0.5,0.3,30.5288467407,0,30.5288467407,30.5288467407,31.25,0,31.25,31.25,1
1255,54,0,0.01,0.01,0.5,0.7,30.5288467407,0,30.5288467407,30.5288467407,31.25,0,31.25,31.25,1
1256,40,0,0.01,0.001,0.5,0.9,30.4086532593,0,30.4086532593,30.4086532593,31.3701934814,0,31.3701934814,31.3701934814,1
1257,51,0,0.01,0.01,0.5,0.1,30.4086532593,0,30.4086532593,30.4086532593,31.25,0,31.25,31.25,1
1258,52,0,0.01,0.01,0.5,0.3,30.4086532593,0,30.4086532593,30.4086532593,31.25,0,31.25,31.25,1
1259,53,0,0.01,0.01,0.5,0.5,30.4086532593,0,30.4086532593,30.4086532593,31.3701934814,0,31.3701934814,31.3701934814,1
1260,55,0,0.01,0.01,0.5,0.9,30.2884635925,0,30.2884635925,30.2884635925,31.3701934814,0,31.3701934814,31.3701934814,1
